frame,timestamp,tier,agent_index,pos_x,pos_y,pos_z,vel_x,vel_y,vel_z,speed,extra
1,0.249,GENERAL,0,0.000,0.000,5.000,0.000,0.000,0.000,0.000,N/A
1,0.249,NODE,0,-5.002,-4.992,3.000,-0.116,0.496,0.000,0.510,zone=0 dist=0.00m
1,0.249,NODE,1,5.002,-4.992,3.000,0.114,0.493,0.000,0.506,zone=1 dist=0.00m
1,0.249,NODE,2,-4.994,4.994,3.000,0.358,-0.363,0.000,0.510,zone=2 dist=0.00m
1,0.249,NODE,3,4.994,4.994,3.000,-0.362,-0.359,0.000,0.510,zone=3 dist=0.00m
1,0.249,SCOUT,0,-3.500,-4.998,3.000,-0.023,0.099,0.000,0.102,cmd_age=0.02s bat=1.00 dist=0.00m
1,0.249,SCOUT,1,-5.000,-3.498,3.000,-0.023,0.099,0.000,0.102,cmd_age=0.02s bat=1.00 dist=0.00m
1,0.249,SCOUT,2,-6.500,-4.998,3.000,-0.023,0.099,0.000,0.102,cmd_age=0.02s bat=1.00 dist=0.00m
1,0.249,SCOUT,3,-5.000,-6.498,3.000,-0.023,0.099,0.000,0.102,cmd_age=0.02s bat=1.00 dist=0.00m
1,0.249,SCOUT,4,6.500,-4.998,3.000,0.023,0.099,0.000,0.101,cmd_age=0.02s bat=1.00 dist=0.00m
1,0.249,SCOUT,5,5.000,-3.498,3.000,0.023,0.099,0.000,0.101,cmd_age=0.02s bat=1.00 dist=0.00m
1,0.249,SCOUT,6,3.500,-4.998,3.000,0.023,0.099,0.000,0.101,cmd_age=0.02s bat=1.00 dist=0.00m
1,0.249,SCOUT,7,5.000,-6.498,3.000,0.023,0.099,0.000,0.101,cmd_age=0.02s bat=1.00 dist=0.00m
1,0.249,SCOUT,8,-3.499,4.999,3.000,0.072,-0.073,0.000,0.102,cmd_age=0.02s bat=1.00 dist=0.00m
1,0.249,SCOUT,9,-4.999,6.499,3.000,0.072,-0.073,0.000,0.102,cmd_age=0.02s bat=1.00 dist=0.00m
1,0.249,SCOUT,10,-6.499,4.999,3.000,0.072,-0.073,0.000,0.102,cmd_age=0.02s bat=1.00 dist=0.00m
1,0.249,SCOUT,11,-4.999,3.499,3.000,0.072,-0.073,0.000,0.102,cmd_age=0.02s bat=1.00 dist=0.00m
1,0.249,SCOUT,12,6.499,4.999,3.000,-0.072,-0.072,0.000,0.102,cmd_age=0.02s bat=1.00 dist=0.00m
1,0.249,SCOUT,13,4.999,6.499,3.000,-0.072,-0.072,0.000,0.102,cmd_age=0.02s bat=1.00 dist=0.00m
1,0.249,SCOUT,14,3.499,4.999,3.000,-0.072,-0.072,0.000,0.102,cmd_age=0.02s bat=1.00 dist=0.00m
1,0.249,SCOUT,15,4.999,3.499,3.000,-0.072,-0.072,0.000,0.102,cmd_age=0.02s bat=1.00 dist=0.00m
1,0.249,WORKER,0,-3.002,-4.996,3.000,-0.096,0.249,0.000,0.267,state=MOVING bat=1.00 dist=0.00m
1,0.249,WORKER,1,7.000,-4.996,3.000,0.020,0.266,0.000,0.267,state=MOVING bat=1.00 dist=0.00m
1,0.249,WORKER,2,-2.997,4.997,3.000,0.172,-0.204,0.000,0.267,state=MOVING bat=1.00 dist=0.00m
1,0.249,WORKER,3,6.997,4.997,3.000,-0.202,-0.175,0.000,0.267,state=MOVING bat=1.00 dist=0.00m
2,0.715,GENERAL,0,0.000,0.000,5.000,0.000,0.000,0.000,0.000,N/A
2,0.715,NODE,0,-5.004,-4.983,3.000,-0.120,0.519,0.000,0.532,zone=0 dist=0.01m
2,0.715,NODE,1,5.004,-4.983,3.000,0.120,0.522,0.000,0.535,zone=1 dist=0.01m
2,0.715,NODE,2,-4.988,4.988,3.000,0.376,-0.377,0.000,0.533,zone=2 dist=0.01m
2,0.715,NODE,3,4.988,4.988,3.000,-0.380,-0.379,0.000,0.537,zone=3 dist=0.01m
2,0.715,SCOUT,0,-3.501,-4.995,3.000,-0.043,0.183,0.000,0.188,cmd_age=0.02s bat=1.00 dist=0.00m
2,0.715,SCOUT,1,-5.001,-3.495,3.000,-0.043,0.183,0.000,0.188,cmd_age=0.02s bat=1.00 dist=0.00m
2,0.715,SCOUT,2,-6.501,-4.995,3.000,-0.043,0.183,0.000,0.188,cmd_age=0.02s bat=1.00 dist=0.00m
2,0.715,SCOUT,3,-5.001,-6.495,3.000,-0.043,0.183,0.000,0.188,cmd_age=0.02s bat=1.00 dist=0.00m
2,0.715,SCOUT,4,6.501,-4.995,3.000,0.042,0.183,0.000,0.188,cmd_age=0.02s bat=1.00 dist=0.00m
2,0.715,SCOUT,5,5.001,-3.495,3.000,0.042,0.183,0.000,0.188,cmd_age=0.02s bat=1.00 dist=0.00m
2,0.715,SCOUT,6,3.501,-4.995,3.000,0.042,0.183,0.000,0.188,cmd_age=0.02s bat=1.00 dist=0.00m
2,0.715,SCOUT,7,5.001,-6.495,3.000,0.042,0.183,0.000,0.188,cmd_age=0.02s bat=1.00 dist=0.00m
2,0.715,SCOUT,8,-3.497,4.997,3.000,0.133,-0.133,0.000,0.188,cmd_age=0.02s bat=1.00 dist=0.00m
2,0.715,SCOUT,9,-4.997,6.497,3.000,0.133,-0.133,0.000,0.188,cmd_age=0.02s bat=1.00 dist=0.00m
2,0.715,SCOUT,10,-6.497,4.997,3.000,0.133,-0.133,0.000,0.188,cmd_age=0.02s bat=1.00 dist=0.00m
2,0.715,SCOUT,11,-4.997,3.497,3.000,0.133,-0.133,0.000,0.188,cmd_age=0.02s bat=1.00 dist=0.00m
2,0.715,SCOUT,12,6.497,4.997,3.000,-0.134,-0.133,0.000,0.189,cmd_age=0.02s bat=1.00 dist=0.00m
2,0.715,SCOUT,13,4.997,6.497,3.000,-0.134,-0.133,0.000,0.189,cmd_age=0.02s bat=1.00 dist=0.00m
2,0.715,SCOUT,14,3.497,4.997,3.000,-0.134,-0.133,0.000,0.189,cmd_age=0.02s bat=1.00 dist=0.00m
2,0.715,SCOUT,15,4.997,3.497,3.000,-0.134,-0.133,0.000,0.189,cmd_age=0.02s bat=1.00 dist=0.00m
2,0.715,WORKER,0,-3.005,-4.988,3.000,-0.179,0.465,0.000,0.498,state=MOVING bat=1.00 dist=0.01m
2,0.715,WORKER,1,7.001,-4.987,3.000,0.038,0.496,0.000,0.498,state=MOVING bat=1.00 dist=0.01m
2,0.715,WORKER,2,-2.992,4.990,3.000,0.322,-0.380,0.000,0.498,state=MOVING bat=1.00 dist=0.01m
2,0.715,WORKER,3,6.990,4.992,3.000,-0.376,-0.326,0.000,0.498,state=MOVING bat=1.00 dist=0.01m
3,1.137,GENERAL,0,0.000,0.000,5.000,0.000,0.000,0.000,0.000,N/A
3,1.137,NODE,0,-5.006,-4.974,3.000,-0.121,0.533,0.000,0.547,zone=0 dist=0.02m
3,1.137,NODE,1,5.006,-4.974,3.000,0.124,0.531,0.000,0.545,zone=1 dist=0.02m
3,1.137,NODE,2,-4.981,4.981,3.000,0.389,-0.389,0.000,0.550,zone=2 dist=0.02m
3,1.137,NODE,3,4.981,4.981,3.000,-0.387,-0.387,0.000,0.547,zone=3 dist=0.02m
3,1.137,SCOUT,0,-3.502,-4.991,3.000,-0.058,0.253,0.000,0.260,cmd_age=0.02s bat=1.00 dist=0.01m
3,1.137,SCOUT,1,-5.002,-3.491,3.000,-0.058,0.253,0.000,0.260,cmd_age=0.02s bat=1.00 dist=0.01m
3,1.137,SCOUT,2,-6.502,-4.991,3.000,-0.058,0.253,0.000,0.260,cmd_age=0.02s bat=1.00 dist=0.01m
3,1.137,SCOUT,3,-5.002,-6.491,3.000,-0.058,0.253,0.000,0.260,cmd_age=0.02s bat=1.00 dist=0.01m
3,1.137,SCOUT,4,6.502,-4.991,3.000,0.059,0.253,0.000,0.259,cmd_age=0.02s bat=1.00 dist=0.01m
3,1.137,SCOUT,5,5.002,-3.491,3.000,0.059,0.253,0.000,0.259,cmd_age=0.02s bat=1.00 dist=0.01m
3,1.137,SCOUT,6,3.502,-4.991,3.000,0.059,0.253,0.000,0.259,cmd_age=0.02s bat=1.00 dist=0.01m
3,1.137,SCOUT,7,5.002,-6.491,3.000,0.059,0.253,0.000,0.259,cmd_age=0.02s bat=1.00 dist=0.01m
3,1.137,SCOUT,8,-3.494,4.993,3.000,0.184,-0.185,0.000,0.260,cmd_age=0.02s bat=1.00 dist=0.01m
3,1.137,SCOUT,9,-4.994,6.493,3.000,0.184,-0.185,0.000,0.260,cmd_age=0.02s bat=1.00 dist=0.01m
3,1.137,SCOUT,10,-6.494,4.993,3.000,0.184,-0.185,0.000,0.260,cmd_age=0.02s bat=1.00 dist=0.01m
3,1.137,SCOUT,11,-4.994,3.493,3.000,0.184,-0.185,0.000,0.260,cmd_age=0.02s bat=1.00 dist=0.01m
3,1.137,SCOUT,12,6.493,4.994,3.000,-0.184,-0.184,0.000,0.261,cmd_age=0.02s bat=1.00 dist=0.01m
3,1.137,SCOUT,13,4.993,6.494,3.000,-0.184,-0.184,0.000,0.261,cmd_age=0.02s bat=1.00 dist=0.01m
3,1.137,SCOUT,14,3.493,4.994,3.000,-0.184,-0.184,0.000,0.261,cmd_age=0.02s bat=1.00 dist=0.01m
3,1.137,SCOUT,15,4.993,3.494,3.000,-0.184,-0.184,0.000,0.261,cmd_age=0.02s bat=1.00 dist=0.01m
3,1.137,WORKER,0,-3.009,-4.977,3.000,-0.251,0.652,0.000,0.698,state=MOVING bat=1.00 dist=0.02m
3,1.137,WORKER,1,7.002,-4.976,3.000,0.054,0.696,0.000,0.698,state=MOVING bat=1.00 dist=0.02m
3,1.137,WORKER,2,-2.984,4.981,3.000,0.451,-0.533,0.000,0.698,state=MOVING bat=1.00 dist=0.02m
3,1.137,WORKER,3,6.982,4.984,3.000,-0.528,-0.457,0.000,0.698,state=MOVING bat=1.00 dist=0.02m
4,1.351,GENERAL,0,0.000,0.000,5.000,0.000,0.000,0.000,0.000,N/A
4,1.351,NODE,0,-5.008,-4.965,3.000,-0.123,0.544,0.000,0.558,zone=0 dist=0.03m
4,1.351,NODE,1,5.008,-4.965,3.000,0.123,0.540,0.000,0.554,zone=1 dist=0.03m
4,1.351,NODE,2,-4.975,4.975,3.000,0.395,-0.396,0.000,0.559,zone=2 dist=0.03m
4,1.351,NODE,3,4.975,4.975,3.000,-0.393,-0.393,0.000,0.556,zone=3 dist=0.03m
4,1.351,SCOUT,0,-3.503,-4.986,3.000,-0.071,0.311,0.000,0.319,cmd_age=0.02s bat=1.00 dist=0.01m
4,1.351,SCOUT,1,-5.003,-3.486,3.000,-0.071,0.311,0.000,0.319,cmd_age=0.02s bat=1.00 dist=0.01m
4,1.351,SCOUT,2,-6.503,-4.986,3.000,-0.071,0.311,0.000,0.319,cmd_age=0.02s bat=1.00 dist=0.01m
4,1.351,SCOUT,3,-5.003,-6.486,3.000,-0.071,0.311,0.000,0.319,cmd_age=0.02s bat=1.00 dist=0.01m
4,1.351,SCOUT,4,6.503,-4.986,3.000,0.071,0.310,0.000,0.318,cmd_age=0.02s bat=1.00 dist=0.01m
4,1.351,SCOUT,5,5.003,-3.486,3.000,0.071,0.310,0.000,0.318,cmd_age=0.02s bat=1.00 dist=0.01m
4,1.351,SCOUT,6,3.503,-4.986,3.000,0.071,0.310,0.000,0.318,cmd_age=0.02s bat=1.00 dist=0.01m
4,1.351,SCOUT,7,5.003,-6.486,3.000,0.071,0.310,0.000,0.318,cmd_age=0.02s bat=1.00 dist=0.01m
4,1.351,SCOUT,8,-3.490,4.990,3.000,0.226,-0.227,0.000,0.320,cmd_age=0.02s bat=1.00 dist=0.01m
4,1.351,SCOUT,9,-4.990,6.490,3.000,0.226,-0.227,0.000,0.320,cmd_age=0.02s bat=1.00 dist=0.01m
4,1.351,SCOUT,10,-6.490,4.990,3.000,0.226,-0.227,0.000,0.320,cmd_age=0.02s bat=1.00 dist=0.01m
4,1.351,SCOUT,11,-4.990,3.490,3.000,0.226,-0.227,0.000,0.320,cmd_age=0.02s bat=1.00 dist=0.01m
4,1.351,SCOUT,12,6.490,4.990,3.000,-0.226,-0.226,0.000,0.320,cmd_age=0.02s bat=1.00 dist=0.01m
4,1.351,SCOUT,13,4.990,6.490,3.000,-0.226,-0.226,0.000,0.320,cmd_age=0.02s bat=1.00 dist=0.01m
4,1.351,SCOUT,14,3.490,4.990,3.000,-0.226,-0.226,0.000,0.320,cmd_age=0.02s bat=1.00 dist=0.01m
4,1.351,SCOUT,15,4.990,3.490,3.000,-0.226,-0.226,0.000,0.320,cmd_age=0.02s bat=1.00 dist=0.01m
4,1.351,WORKER,0,-3.014,-4.964,3.000,-0.313,0.814,0.000,0.872,state=MOVING bat=1.00 dist=0.03m
4,1.351,WORKER,1,7.003,-4.961,3.000,0.067,0.869,0.000,0.872,state=MOVING bat=1.00 dist=0.03m
4,1.351,WORKER,2,-2.975,4.970,3.000,0.563,-0.665,0.000,0.872,state=MOVING bat=1.00 dist=0.03m
4,1.351,WORKER,3,6.971,4.975,3.000,-0.659,-0.571,0.000,0.872,state=MOVING bat=1.00 dist=0.03m
5,1.549,GENERAL,0,0.000,0.000,5.000,0.000,0.000,0.000,0.000,N/A
5,1.549,NODE,0,-5.010,-4.956,3.000,-0.125,0.550,0.000,0.564,zone=0 dist=0.04m
5,1.549,NODE,1,5.010,-4.956,3.000,0.126,0.551,0.000,0.565,zone=1 dist=0.04m
5,1.549,NODE,2,-4.968,4.968,3.000,0.396,-0.398,0.000,0.562,zone=2 dist=0.04m
5,1.549,NODE,3,4.968,4.968,3.000,-0.398,-0.399,0.000,0.564,zone=3 dist=0.04m
5,1.549,SCOUT,0,-3.505,-4.980,3.000,-0.082,0.359,0.000,0.368,cmd_age=0.02s bat=1.00 dist=0.02m
5,1.549,SCOUT,1,-5.005,-3.480,3.000,-0.082,0.359,0.000,0.368,cmd_age=0.02s bat=1.00 dist=0.02m
5,1.549,SCOUT,2,-6.505,-4.980,3.000,-0.082,0.359,0.000,0.368,cmd_age=0.02s bat=1.00 dist=0.02m
5,1.549,SCOUT,3,-5.005,-6.480,3.000,-0.082,0.359,0.000,0.368,cmd_age=0.02s bat=1.00 dist=0.02m
5,1.549,SCOUT,4,6.505,-4.980,3.000,0.082,0.358,0.000,0.368,cmd_age=0.02s bat=1.00 dist=0.02m
5,1.549,SCOUT,5,5.005,-3.480,3.000,0.082,0.358,0.000,0.368,cmd_age=0.02s bat=1.00 dist=0.02m
5,1.549,SCOUT,6,3.505,-4.980,3.000,0.082,0.358,0.000,0.368,cmd_age=0.02s bat=1.00 dist=0.02m
5,1.549,SCOUT,7,5.005,-6.480,3.000,0.082,0.358,0.000,0.368,cmd_age=0.02s bat=1.00 dist=0.02m
5,1.549,SCOUT,8,-3.485,4.985,3.000,0.260,-0.261,0.000,0.368,cmd_age=0.02s bat=1.00 dist=0.02m
5,1.549,SCOUT,9,-4.985,6.485,3.000,0.260,-0.261,0.000,0.368,cmd_age=0.02s bat=1.00 dist=0.02m
5,1.549,SCOUT,10,-6.485,4.985,3.000,0.260,-0.261,0.000,0.368,cmd_age=0.02s bat=1.00 dist=0.02m
5,1.549,SCOUT,11,-4.985,3.485,3.000,0.260,-0.261,0.000,0.368,cmd_age=0.02s bat=1.00 dist=0.02m
5,1.549,SCOUT,12,6.485,4.985,3.000,-0.260,-0.261,0.000,0.368,cmd_age=0.02s bat=1.00 dist=0.02m
5,1.549,SCOUT,13,4.985,6.485,3.000,-0.260,-0.261,0.000,0.368,cmd_age=0.02s bat=1.00 dist=0.02m
5,1.549,SCOUT,14,3.485,4.985,3.000,-0.260,-0.261,0.000,0.368,cmd_age=0.02s bat=1.00 dist=0.02m
5,1.549,SCOUT,15,4.985,3.485,3.000,-0.260,-0.261,0.000,0.368,cmd_age=0.02s bat=1.00 dist=0.02m
5,1.549,WORKER,0,-3.020,-4.948,3.000,-0.367,0.954,0.000,1.022,state=MOVING bat=1.00 dist=0.05m
5,1.549,WORKER,1,7.004,-4.944,3.000,0.078,1.019,0.000,1.022,state=MOVING bat=1.00 dist=0.05m
5,1.549,WORKER,2,-2.964,4.957,3.000,0.660,-0.780,0.000,1.022,state=MOVING bat=1.00 dist=0.05m
5,1.549,WORKER,3,6.958,4.963,3.000,-0.772,-0.669,0.000,1.022,state=MOVING bat=1.00 dist=0.05m
6,1.774,GENERAL,0,0.000,0.000,5.000,0.000,0.000,0.000,0.000,N/A
6,1.774,NODE,0,-5.012,-4.947,3.000,-0.126,0.554,0.000,0.568,zone=0 dist=0.05m
6,1.774,NODE,1,5.012,-4.947,3.000,0.128,0.555,0.000,0.570,zone=1 dist=0.05m
6,1.774,NODE,2,-4.961,4.961,3.000,0.401,-0.401,0.000,0.567,zone=2 dist=0.05m
6,1.774,NODE,3,4.961,4.961,3.000,-0.402,-0.403,0.000,0.569,zone=3 dist=0.05m
6,1.774,SCOUT,0,-3.506,-4.973,3.000,-0.091,0.398,0.000,0.408,cmd_age=0.02s bat=1.00 dist=0.03m
6,1.774,SCOUT,1,-5.006,-3.473,3.000,-0.091,0.398,0.000,0.408,cmd_age=0.02s bat=1.00 dist=0.03m
6,1.774,SCOUT,2,-6.506,-4.973,3.000,-0.091,0.398,0.000,0.408,cmd_age=0.02s bat=1.00 dist=0.03m
6,1.774,SCOUT,3,-5.006,-6.473,3.000,-0.091,0.398,0.000,0.408,cmd_age=0.02s bat=1.00 dist=0.03m
6,1.774,SCOUT,4,6.506,-4.973,3.000,0.091,0.398,0.000,0.408,cmd_age=0.02s bat=1.00 dist=0.03m
6,1.774,SCOUT,5,5.006,-3.473,3.000,0.091,0.398,0.000,0.408,cmd_age=0.02s bat=1.00 dist=0.03m
6,1.774,SCOUT,6,3.506,-4.973,3.000,0.091,0.398,0.000,0.408,cmd_age=0.02s bat=1.00 dist=0.03m
6,1.774,SCOUT,7,5.006,-6.473,3.000,0.091,0.398,0.000,0.408,cmd_age=0.02s bat=1.00 dist=0.03m
6,1.774,SCOUT,8,-3.481,4.981,3.000,0.288,-0.289,0.000,0.408,cmd_age=0.02s bat=1.00 dist=0.03m
6,1.774,SCOUT,9,-4.981,6.481,3.000,0.288,-0.289,0.000,0.408,cmd_age=0.02s bat=1.00 dist=0.03m
6,1.774,SCOUT,10,-6.481,4.981,3.000,0.288,-0.289,0.000,0.408,cmd_age=0.02s bat=1.00 dist=0.03m
6,1.774,SCOUT,11,-4.981,3.481,3.000,0.288,-0.289,0.000,0.408,cmd_age=0.02s bat=1.00 dist=0.03m
6,1.774,SCOUT,12,6.481,4.981,3.000,-0.289,-0.289,0.000,0.409,cmd_age=0.02s bat=1.00 dist=0.03m
6,1.774,SCOUT,13,4.981,6.481,3.000,-0.289,-0.289,0.000,0.409,cmd_age=0.02s bat=1.00 dist=0.03m
6,1.774,SCOUT,14,3.481,4.981,3.000,-0.289,-0.289,0.000,0.409,cmd_age=0.02s bat=1.00 dist=0.03m
6,1.774,SCOUT,15,4.981,3.481,3.000,-0.289,-0.289,0.000,0.409,cmd_age=0.02s bat=1.00 dist=0.03m
6,1.774,WORKER,0,-3.027,-4.930,3.000,-0.414,1.076,0.000,1.152,state=MOVING bat=1.00 dist=0.07m
6,1.774,WORKER,1,7.006,-4.925,3.000,0.088,1.149,0.000,1.152,state=MOVING bat=1.00 dist=0.07m
6,1.774,WORKER,2,-2.951,4.943,3.000,0.744,-0.880,0.000,1.152,state=MOVING bat=1.00 dist=0.07m
6,1.774,WORKER,3,6.943,4.951,3.000,-0.871,-0.755,0.000,1.152,state=MOVING bat=1.00 dist=0.07m
7,2.009,GENERAL,0,0.000,0.000,5.000,0.000,0.000,0.000,0.000,N/A
7,2.009,NODE,0,-5.014,-4.937,3.000,-0.130,0.559,0.000,0.574,zone=0 dist=0.06m
7,2.009,NODE,1,5.014,-4.937,3.000,0.129,0.559,0.000,0.574,zone=1 dist=0.06m
7,2.009,NODE,2,-4.955,4.955,3.000,0.409,-0.404,0.000,0.575,zone=2 dist=0.06m
7,2.009,NODE,3,4.955,4.955,3.000,-0.406,-0.405,0.000,0.574,zone=3 dist=0.06m
7,2.009,SCOUT,0,-3.508,-4.966,3.000,-0.099,0.430,0.000,0.442,cmd_age=0.02s bat=1.00 dist=0.03m
7,2.009,SCOUT,1,-5.008,-3.466,3.000,-0.099,0.430,0.000,0.442,cmd_age=0.02s bat=1.00 dist=0.03m
7,2.009,SCOUT,2,-6.508,-4.966,3.000,-0.099,0.430,0.000,0.442,cmd_age=0.02s bat=1.00 dist=0.03m
7,2.009,SCOUT,3,-5.008,-6.466,3.000,-0.099,0.430,0.000,0.442,cmd_age=0.02s bat=1.00 dist=0.03m
7,2.009,SCOUT,4,6.508,-4.966,3.000,0.099,0.430,0.000,0.441,cmd_age=0.02s bat=1.00 dist=0.03m
7,2.009,SCOUT,5,5.008,-3.466,3.000,0.099,0.430,0.000,0.441,cmd_age=0.02s bat=1.00 dist=0.03m
7,2.009,SCOUT,6,3.508,-4.966,3.000,0.099,0.430,0.000,0.441,cmd_age=0.02s bat=1.00 dist=0.03m
7,2.009,SCOUT,7,5.008,-6.466,3.000,0.099,0.430,0.000,0.441,cmd_age=0.02s bat=1.00 dist=0.03m
7,2.009,SCOUT,8,-3.475,4.975,3.000,0.312,-0.312,0.000,0.442,cmd_age=0.02s bat=1.00 dist=0.03m
7,2.009,SCOUT,9,-4.975,6.475,3.000,0.312,-0.312,0.000,0.442,cmd_age=0.02s bat=1.00 dist=0.03m
7,2.009,SCOUT,10,-6.475,4.975,3.000,0.312,-0.312,0.000,0.442,cmd_age=0.02s bat=1.00 dist=0.03m
7,2.009,SCOUT,11,-4.975,3.475,3.000,0.312,-0.312,0.000,0.442,cmd_age=0.02s bat=1.00 dist=0.03m
7,2.009,SCOUT,12,6.475,4.975,3.000,-0.312,-0.312,0.000,0.442,cmd_age=0.02s bat=1.00 dist=0.03m
7,2.009,SCOUT,13,4.975,6.475,3.000,-0.312,-0.312,0.000,0.442,cmd_age=0.02s bat=1.00 dist=0.03m
7,2.009,SCOUT,14,3.475,4.975,3.000,-0.312,-0.312,0.000,0.442,cmd_age=0.02s bat=1.00 dist=0.03m
7,2.009,SCOUT,15,4.975,3.475,3.000,-0.312,-0.312,0.000,0.442,cmd_age=0.02s bat=1.00 dist=0.03m
7,2.009,WORKER,0,-3.035,-4.910,3.000,-0.454,1.181,0.000,1.265,state=MOVING bat=1.00 dist=0.09m
7,2.009,WORKER,1,7.007,-4.904,3.000,0.097,1.262,0.000,1.265,state=MOVING bat=1.00 dist=0.09m
7,2.009,WORKER,2,-2.938,4.927,3.000,0.817,-0.966,0.000,1.265,state=MOVING bat=1.00 dist=0.09m
7,2.009,WORKER,3,6.927,4.937,3.000,-0.956,-0.829,0.000,1.265,state=MOVING bat=1.00 dist=0.09m
8,2.696,GENERAL,0,0.000,0.000,5.000,0.000,0.000,0.000,0.000,N/A
8,2.696,NODE,0,-5.017,-4.928,3.000,-0.131,0.563,0.000,0.578,zone=0 dist=0.07m
8,2.696,NODE,1,5.017,-4.928,3.000,0.132,0.564,0.000,0.580,zone=1 dist=0.07m
8,2.696,NODE,2,-4.948,4.948,3.000,0.411,-0.409,0.000,0.580,zone=2 dist=0.07m
8,2.696,NODE,3,4.948,4.948,3.000,-0.409,-0.411,0.000,0.580,zone=3 dist=0.07m
8,2.696,SCOUT,0,-3.510,-4.958,3.000,-0.105,0.457,0.000,0.469,cmd_age=0.02s bat=1.00 dist=0.04m
8,2.696,SCOUT,1,-5.010,-3.458,3.000,-0.105,0.457,0.000,0.469,cmd_age=0.02s bat=1.00 dist=0.04m
8,2.696,SCOUT,2,-6.510,-4.958,3.000,-0.105,0.457,0.000,0.469,cmd_age=0.02s bat=1.00 dist=0.04m
8,2.696,SCOUT,3,-5.010,-6.458,3.000,-0.105,0.457,0.000,0.469,cmd_age=0.02s bat=1.00 dist=0.04m
8,2.696,SCOUT,4,6.510,-4.959,3.000,0.106,0.457,0.000,0.469,cmd_age=0.02s bat=1.00 dist=0.04m
8,2.696,SCOUT,5,5.010,-3.459,3.000,0.106,0.457,0.000,0.469,cmd_age=0.02s bat=1.00 dist=0.04m
8,2.696,SCOUT,6,3.510,-4.959,3.000,0.106,0.457,0.000,0.469,cmd_age=0.02s bat=1.00 dist=0.04m
8,2.696,SCOUT,7,5.010,-6.459,3.000,0.106,0.457,0.000,0.469,cmd_age=0.02s bat=1.00 dist=0.04m
8,2.696,SCOUT,8,-3.470,4.970,3.000,0.332,-0.331,0.000,0.469,cmd_age=0.02s bat=1.00 dist=0.04m
8,2.696,SCOUT,9,-4.970,6.470,3.000,0.332,-0.331,0.000,0.469,cmd_age=0.02s bat=1.00 dist=0.04m
8,2.696,SCOUT,10,-6.470,4.970,3.000,0.332,-0.331,0.000,0.469,cmd_age=0.02s bat=1.00 dist=0.04m
8,2.696,SCOUT,11,-4.970,3.470,3.000,0.332,-0.331,0.000,0.469,cmd_age=0.02s bat=1.00 dist=0.04m
8,2.696,SCOUT,12,6.470,4.970,3.000,-0.332,-0.332,0.000,0.469,cmd_age=0.02s bat=1.00 dist=0.04m
8,2.696,SCOUT,13,4.970,6.470,3.000,-0.332,-0.332,0.000,0.469,cmd_age=0.02s bat=1.00 dist=0.04m
8,2.696,SCOUT,14,3.470,4.970,3.000,-0.332,-0.332,0.000,0.469,cmd_age=0.02s bat=1.00 dist=0.04m
8,2.696,SCOUT,15,4.970,3.470,3.000,-0.332,-0.332,0.000,0.469,cmd_age=0.02s bat=1.00 dist=0.04m
8,2.696,WORKER,0,-3.043,-4.889,3.000,-0.489,1.273,0.000,1.363,state=MOVING bat=1.00 dist=0.11m
8,2.696,WORKER,1,7.009,-4.881,3.000,0.105,1.359,0.000,1.363,state=MOVING bat=1.00 dist=0.11m
8,2.696,WORKER,2,-2.923,4.909,3.000,0.881,-1.041,0.000,1.363,state=MOVING bat=1.00 dist=0.11m
8,2.696,WORKER,3,6.910,4.922,3.000,-1.030,-0.893,0.000,1.363,state=MOVING bat=1.00 dist=0.11m
9,3.133,GENERAL,0,0.000,0.000,5.000,0.000,0.000,0.000,0.000,N/A
9,3.133,NODE,0,-5.019,-4.919,3.000,-0.131,0.567,0.000,0.582,zone=0 dist=0.08m
9,3.133,NODE,1,5.019,-4.919,3.000,0.132,0.569,0.000,0.584,zone=1 dist=0.08m
9,3.133,NODE,2,-4.941,4.941,3.000,0.414,-0.410,0.000,0.583,zone=2 dist=0.08m
9,3.133,NODE,3,4.941,4.941,3.000,-0.416,-0.411,0.000,0.585,zone=3 dist=0.08m
9,3.133,SCOUT,0,-3.511,-4.950,3.000,-0.110,0.479,0.000,0.491,cmd_age=0.02s bat=1.00 dist=0.05m
9,3.133,SCOUT,1,-5.011,-3.450,3.000,-0.110,0.479,0.000,0.491,cmd_age=0.02s bat=1.00 dist=0.05m
9,3.133,SCOUT,2,-6.511,-4.950,3.000,-0.110,0.479,0.000,0.491,cmd_age=0.02s bat=1.00 dist=0.05m
9,3.133,SCOUT,3,-5.011,-6.450,3.000,-0.110,0.479,0.000,0.491,cmd_age=0.02s bat=1.00 dist=0.05m
9,3.133,SCOUT,4,6.511,-4.951,3.000,0.111,0.479,0.000,0.492,cmd_age=0.02s bat=1.00 dist=0.05m
9,3.133,SCOUT,5,5.011,-3.451,3.000,0.111,0.479,0.000,0.492,cmd_age=0.02s bat=1.00 dist=0.05m
9,3.133,SCOUT,6,3.511,-4.951,3.000,0.111,0.479,0.000,0.492,cmd_age=0.02s bat=1.00 dist=0.05m
9,3.133,SCOUT,7,5.011,-6.451,3.000,0.111,0.479,0.000,0.492,cmd_age=0.02s bat=1.00 dist=0.05m
9,3.133,SCOUT,8,-3.464,4.964,3.000,0.349,-0.347,0.000,0.492,cmd_age=0.02s bat=1.00 dist=0.05m
9,3.133,SCOUT,9,-4.964,6.464,3.000,0.349,-0.347,0.000,0.492,cmd_age=0.02s bat=1.00 dist=0.05m
9,3.133,SCOUT,10,-6.464,4.964,3.000,0.349,-0.347,0.000,0.492,cmd_age=0.02s bat=1.00 dist=0.05m
9,3.133,SCOUT,11,-4.964,3.464,3.000,0.349,-0.347,0.000,0.492,cmd_age=0.02s bat=1.00 dist=0.05m
9,3.133,SCOUT,12,6.464,4.964,3.000,-0.348,-0.348,0.000,0.492,cmd_age=0.02s bat=1.00 dist=0.05m
9,3.133,SCOUT,13,4.964,6.464,3.000,-0.348,-0.348,0.000,0.492,cmd_age=0.02s bat=1.00 dist=0.05m
9,3.133,SCOUT,14,3.464,4.964,3.000,-0.348,-0.348,0.000,0.492,cmd_age=0.02s bat=1.00 dist=0.05m
9,3.133,SCOUT,15,4.964,3.464,3.000,-0.348,-0.348,0.000,0.492,cmd_age=0.02s bat=1.00 dist=0.05m
9,3.133,WORKER,0,-3.051,-4.866,3.000,-0.520,1.352,0.000,1.448,state=MOVING bat=1.00 dist=0.14m
9,3.133,WORKER,1,7.011,-4.857,3.000,0.111,1.444,0.000,1.448,state=MOVING bat=1.00 dist=0.14m
9,3.133,WORKER,2,-2.908,4.891,3.000,0.936,-1.106,0.000,1.448,state=MOVING bat=1.00 dist=0.14m
9,3.133,WORKER,3,6.892,4.906,3.000,-1.094,-0.949,0.000,1.448,state=MOVING bat=1.00 dist=0.14m
10,3.701,GENERAL,0,0.000,0.000,5.000,0.000,0.000,0.000,0.000,N/A
10,3.701,NODE,0,-5.021,-4.909,3.000,-0.131,0.571,0.000,0.586,zone=0 dist=0.08m
10,3.701,NODE,1,5.021,-4.909,3.000,0.133,0.570,0.000,0.585,zone=1 dist=0.08m
10,3.701,NODE,2,-4.934,4.934,3.000,0.414,-0.415,0.000,0.586,zone=2 dist=0.08m
10,3.701,NODE,3,4.934,4.934,3.000,-0.416,-0.415,0.000,0.588,zone=3 dist=0.08m
10,3.701,SCOUT,0,-3.513,-4.942,3.000,-0.114,0.497,0.000,0.510,cmd_age=0.02s bat=1.00 dist=0.06m
10,3.701,SCOUT,1,-5.013,-3.442,3.000,-0.114,0.497,0.000,0.510,cmd_age=0.02s bat=1.00 dist=0.06m
10,3.701,SCOUT,2,-6.513,-4.942,3.000,-0.114,0.497,0.000,0.510,cmd_age=0.02s bat=1.00 dist=0.06m
10,3.701,SCOUT,3,-5.013,-6.442,3.000,-0.114,0.497,0.000,0.510,cmd_age=0.02s bat=1.00 dist=0.06m
10,3.701,SCOUT,4,6.513,-4.942,3.000,0.115,0.497,0.000,0.511,cmd_age=0.02s bat=1.00 dist=0.06m
10,3.701,SCOUT,5,5.013,-3.442,3.000,0.115,0.497,0.000,0.511,cmd_age=0.02s bat=1.00 dist=0.06m
10,3.701,SCOUT,6,3.513,-4.942,3.000,0.115,0.497,0.000,0.511,cmd_age=0.02s bat=1.00 dist=0.06m
10,3.701,SCOUT,7,5.013,-6.442,3.000,0.115,0.497,0.000,0.511,cmd_age=0.02s bat=1.00 dist=0.06m
10,3.701,SCOUT,8,-3.458,4.958,3.000,0.362,-0.361,0.000,0.511,cmd_age=0.02s bat=1.00 dist=0.06m
10,3.701,SCOUT,9,-4.958,6.458,3.000,0.362,-0.361,0.000,0.511,cmd_age=0.02s bat=1.00 dist=0.06m
10,3.701,SCOUT,10,-6.458,4.958,3.000,0.362,-0.361,0.000,0.511,cmd_age=0.02s bat=1.00 dist=0.06m
10,3.701,SCOUT,11,-4.958,3.458,3.000,0.362,-0.361,0.000,0.511,cmd_age=0.02s bat=1.00 dist=0.06m
10,3.701,SCOUT,12,6.458,4.958,3.000,-0.362,-0.361,0.000,0.511,cmd_age=0.02s bat=1.00 dist=0.06m
10,3.701,SCOUT,13,4.958,6.458,3.000,-0.362,-0.361,0.000,0.511,cmd_age=0.02s bat=1.00 dist=0.06m
10,3.701,SCOUT,14,3.458,4.958,3.000,-0.362,-0.361,0.000,0.511,cmd_age=0.02s bat=1.00 dist=0.06m
10,3.701,SCOUT,15,4.958,3.458,3.000,-0.362,-0.361,0.000,0.511,cmd_age=0.02s bat=1.00 dist=0.06m
10,3.701,WORKER,0,-3.060,-4.843,3.000,-0.546,1.420,0.000,1.522,state=MOVING bat=1.00 dist=0.16m
10,3.701,WORKER,1,7.013,-4.832,3.000,0.117,1.517,0.000,1.522,state=MOVING bat=1.00 dist=0.16m
10,3.701,WORKER,2,-2.891,4.871,3.000,0.983,-1.162,0.000,1.522,state=MOVING bat=1.00 dist=0.16m
10,3.701,WORKER,3,6.873,4.890,3.000,-1.150,-0.997,0.000,1.522,state=MOVING bat=1.00 dist=0.16m
11,3.892,GENERAL,0,0.000,0.000,5.000,0.000,0.000,0.000,0.000,N/A
11,3.892,NODE,0,-5.023,-4.900,3.000,-0.133,0.571,0.000,0.587,zone=0 dist=0.09m
11,3.892,NODE,1,5.023,-4.900,3.000,0.132,0.571,0.000,0.586,zone=1 dist=0.09m
11,3.892,NODE,2,-4.927,4.927,3.000,0.416,-0.411,0.000,0.585,zone=2 dist=0.09m
11,3.892,NODE,3,4.927,4.927,3.000,-0.419,-0.415,0.000,0.590,zone=3 dist=0.09m
11,3.892,SCOUT,0,-3.515,-4.934,3.000,-0.118,0.512,0.000,0.526,cmd_age=0.02s bat=1.00 dist=0.07m
11,3.892,SCOUT,1,-5.015,-3.434,3.000,-0.118,0.512,0.000,0.526,cmd_age=0.02s bat=1.00 dist=0.07m
11,3.892,SCOUT,2,-6.515,-4.934,3.000,-0.118,0.512,0.000,0.526,cmd_age=0.02s bat=1.00 dist=0.07m
11,3.892,SCOUT,3,-5.015,-6.434,3.000,-0.118,0.512,0.000,0.526,cmd_age=0.02s bat=1.00 dist=0.07m
11,3.892,SCOUT,4,6.515,-4.934,3.000,0.119,0.512,0.000,0.526,cmd_age=0.02s bat=1.00 dist=0.07m
11,3.892,SCOUT,5,5.015,-3.434,3.000,0.119,0.512,0.000,0.526,cmd_age=0.02s bat=1.00 dist=0.07m
11,3.892,SCOUT,6,3.515,-4.934,3.000,0.119,0.512,0.000,0.526,cmd_age=0.02s bat=1.00 dist=0.07m
11,3.892,SCOUT,7,5.015,-6.434,3.000,0.119,0.512,0.000,0.526,cmd_age=0.02s bat=1.00 dist=0.07m
11,3.892,SCOUT,8,-3.452,4.952,3.000,0.373,-0.371,0.000,0.526,cmd_age=0.02s bat=1.00 dist=0.07m
11,3.892,SCOUT,9,-4.952,6.452,3.000,0.373,-0.371,0.000,0.526,cmd_age=0.02s bat=1.00 dist=0.07m
11,3.892,SCOUT,10,-6.452,4.952,3.000,0.373,-0.371,0.000,0.526,cmd_age=0.02s bat=1.00 dist=0.07m
11,3.892,SCOUT,11,-4.952,3.452,3.000,0.373,-0.371,0.000,0.526,cmd_age=0.02s bat=1.00 dist=0.07m
11,3.892,SCOUT,12,6.452,4.952,3.000,-0.373,-0.372,0.000,0.527,cmd_age=0.02s bat=1.00 dist=0.07m
11,3.892,SCOUT,13,4.952,6.452,3.000,-0.373,-0.372,0.000,0.527,cmd_age=0.02s bat=1.00 dist=0.07m
11,3.892,SCOUT,14,3.452,4.952,3.000,-0.373,-0.372,0.000,0.527,cmd_age=0.02s bat=1.00 dist=0.07m
11,3.892,SCOUT,15,4.952,3.452,3.000,-0.373,-0.372,0.000,0.527,cmd_age=0.02s bat=1.00 dist=0.07m
11,3.892,WORKER,0,-3.070,-4.818,3.000,-0.569,1.480,0.000,1.586,state=MOVING bat=1.00 dist=0.19m
11,3.892,WORKER,1,7.015,-4.806,3.000,0.122,1.581,0.000,1.586,state=MOVING bat=1.00 dist=0.19m
11,3.892,WORKER,2,-2.874,4.851,3.000,1.024,-1.210,0.000,1.586,state=MOVING bat=1.00 dist=0.19m
11,3.892,WORKER,3,6.853,4.872,3.000,-1.198,-1.038,0.000,1.586,state=MOVING bat=1.00 dist=0.19m
12,4.115,GENERAL,0,0.000,0.000,5.000,0.000,0.000,0.000,0.000,N/A
12,4.115,NODE,0,-5.025,-4.890,3.000,-0.131,0.574,0.000,0.589,zone=0 dist=0.10m
12,4.115,NODE,1,5.025,-4.890,3.000,0.134,0.576,0.000,0.591,zone=1 dist=0.10m
12,4.115,NODE,2,-4.920,4.920,3.000,0.417,-0.414,0.000,0.588,zone=2 dist=0.10m
12,4.115,NODE,3,4.920,4.920,3.000,-0.416,-0.417,0.000,0.589,zone=3 dist=0.10m
12,4.115,SCOUT,0,-3.517,-4.925,3.000,-0.121,0.525,0.000,0.538,cmd_age=0.02s bat=1.00 dist=0.08m
12,4.115,SCOUT,1,-5.017,-3.425,3.000,-0.121,0.525,0.000,0.538,cmd_age=0.02s bat=1.00 dist=0.08m
12,4.115,SCOUT,2,-6.517,-4.925,3.000,-0.121,0.525,0.000,0.538,cmd_age=0.02s bat=1.00 dist=0.08m
12,4.115,SCOUT,3,-5.017,-6.425,3.000,-0.121,0.525,0.000,0.538,cmd_age=0.02s bat=1.00 dist=0.08m
12,4.115,SCOUT,4,6.517,-4.925,3.000,0.122,0.525,0.000,0.539,cmd_age=0.02s bat=1.00 dist=0.08m
12,4.115,SCOUT,5,5.017,-3.425,3.000,0.122,0.525,0.000,0.539,cmd_age=0.02s bat=1.00 dist=0.08m
12,4.115,SCOUT,6,3.517,-4.925,3.000,0.122,0.525,0.000,0.539,cmd_age=0.02s bat=1.00 dist=0.08m
12,4.115,SCOUT,7,5.017,-6.425,3.000,0.122,0.525,0.000,0.539,cmd_age=0.02s bat=1.00 dist=0.08m
12,4.115,SCOUT,8,-3.445,4.946,3.000,0.382,-0.380,0.000,0.538,cmd_age=0.02s bat=1.00 dist=0.08m
12,4.115,SCOUT,9,-4.945,6.446,3.000,0.382,-0.380,0.000,0.538,cmd_age=0.02s bat=1.00 dist=0.08m
12,4.115,SCOUT,10,-6.445,4.946,3.000,0.382,-0.380,0.000,0.538,cmd_age=0.02s bat=1.00 dist=0.08m
12,4.115,SCOUT,11,-4.945,3.446,3.000,0.382,-0.380,0.000,0.538,cmd_age=0.02s bat=1.00 dist=0.08m
12,4.115,SCOUT,12,6.445,4.945,3.000,-0.382,-0.381,0.000,0.539,cmd_age=0.02s bat=1.00 dist=0.08m
12,4.115,SCOUT,13,4.945,6.445,3.000,-0.382,-0.381,0.000,0.539,cmd_age=0.02s bat=1.00 dist=0.08m
12,4.115,SCOUT,14,3.445,4.945,3.000,-0.382,-0.381,0.000,0.539,cmd_age=0.02s bat=1.00 dist=0.08m
12,4.115,SCOUT,15,4.945,3.445,3.000,-0.382,-0.381,0.000,0.539,cmd_age=0.02s bat=1.00 dist=0.08m
12,4.115,WORKER,0,-3.080,-4.793,3.000,-0.589,1.531,0.000,1.641,state=MOVING bat=1.00 dist=0.22m
12,4.115,WORKER,1,7.017,-4.778,3.000,0.126,1.636,0.000,1.641,state=MOVING bat=1.00 dist=0.22m
12,4.115,WORKER,2,-2.856,4.830,3.000,1.060,-1.253,0.000,1.641,state=MOVING bat=1.00 dist=0.22m
12,4.115,WORKER,3,6.832,4.854,3.000,-1.240,-1.075,0.000,1.641,state=MOVING bat=1.00 dist=0.22m
13,4.574,GENERAL,0,0.000,0.000,5.000,0.000,0.000,0.000,0.000,N/A
13,4.574,NODE,0,-5.027,-4.880,3.000,-0.132,0.579,0.000,0.594,zone=0 dist=0.11m
13,4.574,NODE,1,5.028,-4.880,3.000,0.133,0.580,0.000,0.595,zone=1 dist=0.11m
13,4.574,NODE,2,-4.913,4.913,3.000,0.418,-0.419,0.000,0.591,zone=2 dist=0.11m
13,4.574,NODE,3,4.913,4.913,3.000,-0.419,-0.417,0.000,0.591,zone=3 dist=0.11m
13,4.574,SCOUT,0,-3.519,-4.916,3.000,-0.123,0.536,0.000,0.549,cmd_age=0.02s bat=1.00 dist=0.08m
13,4.574,SCOUT,1,-5.019,-3.416,3.000,-0.123,0.536,0.000,0.549,cmd_age=0.02s bat=1.00 dist=0.08m
13,4.574,SCOUT,2,-6.519,-4.916,3.000,-0.123,0.536,0.000,0.549,cmd_age=0.02s bat=1.00 dist=0.08m
13,4.574,SCOUT,3,-5.019,-6.416,3.000,-0.123,0.536,0.000,0.549,cmd_age=0.02s bat=1.00 dist=0.08m
13,4.574,SCOUT,4,6.519,-4.916,3.000,0.124,0.536,0.000,0.550,cmd_age=0.02s bat=1.00 dist=0.08m
13,4.574,SCOUT,5,5.019,-3.416,3.000,0.124,0.536,0.000,0.550,cmd_age=0.02s bat=1.00 dist=0.08m
13,4.574,SCOUT,6,3.519,-4.916,3.000,0.124,0.536,0.000,0.550,cmd_age=0.02s bat=1.00 dist=0.08m
13,4.574,SCOUT,7,5.019,-6.416,3.000,0.124,0.536,0.000,0.550,cmd_age=0.02s bat=1.00 dist=0.08m
13,4.574,SCOUT,8,-3.439,4.939,3.000,0.389,-0.387,0.000,0.549,cmd_age=0.02s bat=1.00 dist=0.08m
13,4.574,SCOUT,9,-4.939,6.439,3.000,0.389,-0.387,0.000,0.549,cmd_age=0.02s bat=1.00 dist=0.08m
13,4.574,SCOUT,10,-6.439,4.939,3.000,0.389,-0.387,0.000,0.549,cmd_age=0.02s bat=1.00 dist=0.08m
13,4.574,SCOUT,11,-4.939,3.439,3.000,0.389,-0.387,0.000,0.549,cmd_age=0.02s bat=1.00 dist=0.08m
13,4.574,SCOUT,12,6.439,4.939,3.000,-0.389,-0.388,0.000,0.550,cmd_age=0.02s bat=1.00 dist=0.08m
13,4.574,SCOUT,13,4.939,6.439,3.000,-0.389,-0.388,0.000,0.550,cmd_age=0.02s bat=1.00 dist=0.08m
13,4.574,SCOUT,14,3.439,4.939,3.000,-0.389,-0.388,0.000,0.550,cmd_age=0.02s bat=1.00 dist=0.08m
13,4.574,SCOUT,15,4.939,3.439,3.000,-0.389,-0.388,0.000,0.550,cmd_age=0.02s bat=1.00 dist=0.08m
13,4.574,WORKER,0,-3.090,-4.766,3.000,-0.606,1.576,0.000,1.689,state=MOVING bat=1.00 dist=0.25m
13,4.574,WORKER,1,7.019,-4.750,3.000,0.130,1.684,0.000,1.689,state=MOVING bat=1.00 dist=0.25m
13,4.574,WORKER,2,-2.838,4.809,3.000,1.091,-1.289,0.000,1.689,state=MOVING bat=1.00 dist=0.25m
13,4.574,WORKER,3,6.811,4.836,3.000,-1.276,-1.106,0.000,1.689,state=MOVING bat=1.00 dist=0.25m
14,5.148,GENERAL,0,0.000,0.000,5.000,0.000,0.000,0.000,0.000,N/A
14,5.148,NODE,0,-5.030,-4.871,3.000,-0.133,0.581,0.000,0.596,zone=0 dist=0.12m
14,5.148,NODE,1,5.030,-4.871,3.000,0.133,0.579,0.000,0.594,zone=1 dist=0.12m
14,5.148,NODE,2,-4.906,4.906,3.000,0.421,-0.420,0.000,0.595,zone=2 dist=0.12m
14,5.148,NODE,3,4.906,4.906,3.000,-0.419,-0.420,0.000,0.594,zone=3 dist=0.12m
14,5.148,SCOUT,0,-3.521,-4.907,3.000,-0.125,0.545,0.000,0.559,cmd_age=0.02s bat=1.00 dist=0.09m
14,5.148,SCOUT,1,-5.021,-3.407,3.000,-0.125,0.545,0.000,0.559,cmd_age=0.02s bat=1.00 dist=0.09m
14,5.148,SCOUT,2,-6.521,-4.907,3.000,-0.125,0.545,0.000,0.559,cmd_age=0.02s bat=1.00 dist=0.09m
14,5.148,SCOUT,3,-5.021,-6.407,3.000,-0.125,0.545,0.000,0.559,cmd_age=0.02s bat=1.00 dist=0.09m
14,5.148,SCOUT,4,6.521,-4.907,3.000,0.126,0.545,0.000,0.559,cmd_age=0.02s bat=1.00 dist=0.09m
14,5.148,SCOUT,5,5.021,-3.407,3.000,0.126,0.545,0.000,0.559,cmd_age=0.02s bat=1.00 dist=0.09m
14,5.148,SCOUT,6,3.521,-4.907,3.000,0.126,0.545,0.000,0.559,cmd_age=0.02s bat=1.00 dist=0.09m
14,5.148,SCOUT,7,5.021,-6.407,3.000,0.126,0.545,0.000,0.559,cmd_age=0.02s bat=1.00 dist=0.09m
14,5.148,SCOUT,8,-3.432,4.932,3.000,0.395,-0.394,0.000,0.558,cmd_age=0.02s bat=1.00 dist=0.09m
14,5.148,SCOUT,9,-4.932,6.432,3.000,0.395,-0.394,0.000,0.558,cmd_age=0.02s bat=1.00 dist=0.09m
14,5.148,SCOUT,10,-6.432,4.932,3.000,0.395,-0.394,0.000,0.558,cmd_age=0.02s bat=1.00 dist=0.09m
14,5.148,SCOUT,11,-4.932,3.432,3.000,0.395,-0.394,0.000,0.558,cmd_age=0.02s bat=1.00 dist=0.09m
14,5.148,SCOUT,12,6.432,4.932,3.000,-0.395,-0.395,0.000,0.559,cmd_age=0.02s bat=1.00 dist=0.09m
14,5.148,SCOUT,13,4.932,6.432,3.000,-0.395,-0.395,0.000,0.559,cmd_age=0.02s bat=1.00 dist=0.09m
14,5.148,SCOUT,14,3.432,4.932,3.000,-0.395,-0.395,0.000,0.559,cmd_age=0.02s bat=1.00 dist=0.09m
14,5.148,SCOUT,15,4.932,3.432,3.000,-0.395,-0.395,0.000,0.559,cmd_age=0.02s bat=1.00 dist=0.09m
14,5.148,WORKER,0,-3.100,-4.739,3.000,-0.621,1.615,0.000,1.730,state=MOVING bat=1.00 dist=0.27m
14,5.148,WORKER,1,7.021,-4.722,3.000,0.133,1.725,0.000,1.730,state=MOVING bat=1.00 dist=0.27m
14,5.148,WORKER,2,-2.820,4.787,3.000,1.118,-1.321,0.000,1.730,state=MOVING bat=1.00 dist=0.27m
14,5.148,WORKER,3,6.789,4.817,3.000,-1.308,-1.133,0.000,1.730,state=MOVING bat=1.00 dist=0.27m
15,5.336,GENERAL,0,0.000,0.000,5.000,0.000,0.000,0.000,0.000,N/A
15,5.336,NODE,0,-5.032,-4.861,3.000,-0.135,0.580,0.000,0.596,zone=0 dist=0.13m
15,5.336,NODE,1,5.032,-4.861,3.000,0.133,0.580,0.000,0.595,zone=1 dist=0.13m
15,5.336,NODE,2,-4.899,4.899,3.000,0.418,-0.421,0.000,0.593,zone=2 dist=0.13m
15,5.336,NODE,3,4.899,4.899,3.000,-0.420,-0.420,0.000,0.594,zone=3 dist=0.13m
15,5.336,SCOUT,0,-3.523,-4.898,3.000,-0.127,0.552,0.000,0.566,cmd_age=0.02s bat=1.00 dist=0.10m
15,5.336,SCOUT,1,-5.023,-3.398,3.000,-0.127,0.552,0.000,0.566,cmd_age=0.02s bat=1.00 dist=0.10m
15,5.336,SCOUT,2,-6.523,-4.898,3.000,-0.127,0.552,0.000,0.566,cmd_age=0.02s bat=1.00 dist=0.10m
15,5.336,SCOUT,3,-5.023,-6.398,3.000,-0.127,0.552,0.000,0.566,cmd_age=0.02s bat=1.00 dist=0.10m
15,5.336,SCOUT,4,6.524,-4.898,3.000,0.127,0.552,0.000,0.566,cmd_age=0.02s bat=1.00 dist=0.10m
15,5.336,SCOUT,5,5.024,-3.398,3.000,0.127,0.552,0.000,0.566,cmd_age=0.02s bat=1.00 dist=0.10m
15,5.336,SCOUT,6,3.524,-4.898,3.000,0.127,0.552,0.000,0.566,cmd_age=0.02s bat=1.00 dist=0.10m
15,5.336,SCOUT,7,5.024,-6.398,3.000,0.127,0.552,0.000,0.566,cmd_age=0.02s bat=1.00 dist=0.10m
15,5.336,SCOUT,8,-3.426,4.926,3.000,0.400,-0.399,0.000,0.565,cmd_age=0.02s bat=1.00 dist=0.10m
15,5.336,SCOUT,9,-4.926,6.426,3.000,0.400,-0.399,0.000,0.565,cmd_age=0.02s bat=1.00 dist=0.10m
15,5.336,SCOUT,10,-6.426,4.926,3.000,0.400,-0.399,0.000,0.565,cmd_age=0.02s bat=1.00 dist=0.10m
15,5.336,SCOUT,11,-4.926,3.426,3.000,0.400,-0.399,0.000,0.565,cmd_age=0.02s bat=1.00 dist=0.10m
15,5.336,SCOUT,12,6.426,4.926,3.000,-0.400,-0.400,0.000,0.566,cmd_age=0.02s bat=1.00 dist=0.10m
15,5.336,SCOUT,13,4.926,6.426,3.000,-0.400,-0.400,0.000,0.566,cmd_age=0.02s bat=1.00 dist=0.10m
15,5.336,SCOUT,14,3.426,4.926,3.000,-0.400,-0.400,0.000,0.566,cmd_age=0.02s bat=1.00 dist=0.10m
15,5.336,SCOUT,15,4.926,3.426,3.000,-0.400,-0.400,0.000,0.566,cmd_age=0.02s bat=1.00 dist=0.10m
15,5.336,WORKER,0,-3.111,-4.712,3.000,-0.634,1.648,0.000,1.766,state=MOVING bat=1.00 dist=0.30m
15,5.336,WORKER,1,7.024,-4.692,3.000,0.135,1.761,0.000,1.766,state=MOVING bat=1.00 dist=0.30m
15,5.336,WORKER,2,-2.801,4.764,3.000,1.141,-1.348,0.000,1.766,state=MOVING bat=1.00 dist=0.30m
15,5.336,WORKER,3,6.767,4.798,3.000,-1.335,-1.157,0.000,1.766,state=MOVING bat=1.00 dist=0.30m
16,6.381,GENERAL,0,0.000,0.000,5.000,0.000,0.000,0.000,0.000,N/A
16,6.381,NODE,0,-5.034,-4.851,3.000,-0.131,0.580,0.000,0.595,zone=0 dist=0.14m
16,6.381,NODE,1,5.034,-4.851,3.000,0.131,0.580,0.000,0.595,zone=1 dist=0.14m
16,6.381,NODE,2,-4.892,4.892,3.000,0.421,-0.419,0.000,0.594,zone=2 dist=0.14m
16,6.381,NODE,3,4.892,4.892,3.000,-0.421,-0.417,0.000,0.592,zone=3 dist=0.14m
16,6.381,SCOUT,0,-3.526,-4.888,3.000,-0.128,0.557,0.000,0.572,cmd_age=0.02s bat=1.00 dist=0.11m
16,6.381,SCOUT,1,-5.026,-3.388,3.000,-0.128,0.557,0.000,0.572,cmd_age=0.02s bat=1.00 dist=0.11m
16,6.381,SCOUT,2,-6.526,-4.888,3.000,-0.128,0.557,0.000,0.572,cmd_age=0.02s bat=1.00 dist=0.11m
16,6.381,SCOUT,3,-5.026,-6.388,3.000,-0.128,0.557,0.000,0.572,cmd_age=0.02s bat=1.00 dist=0.11m
16,6.381,SCOUT,4,6.526,-4.888,3.000,0.128,0.557,0.000,0.572,cmd_age=0.02s bat=1.00 dist=0.11m
16,6.381,SCOUT,5,5.026,-3.388,3.000,0.128,0.557,0.000,0.572,cmd_age=0.02s bat=1.00 dist=0.11m
16,6.381,SCOUT,6,3.526,-4.888,3.000,0.128,0.557,0.000,0.572,cmd_age=0.02s bat=1.00 dist=0.11m
16,6.381,SCOUT,7,5.026,-6.388,3.000,0.128,0.557,0.000,0.572,cmd_age=0.02s bat=1.00 dist=0.11m
16,6.381,SCOUT,8,-3.419,4.919,3.000,0.404,-0.403,0.000,0.571,cmd_age=0.02s bat=1.00 dist=0.11m
16,6.381,SCOUT,9,-4.919,6.419,3.000,0.404,-0.403,0.000,0.571,cmd_age=0.02s bat=1.00 dist=0.11m
16,6.381,SCOUT,10,-6.419,4.919,3.000,0.404,-0.403,0.000,0.571,cmd_age=0.02s bat=1.00 dist=0.11m
16,6.381,SCOUT,11,-4.919,3.419,3.000,0.404,-0.403,0.000,0.571,cmd_age=0.02s bat=1.00 dist=0.11m
16,6.381,SCOUT,12,6.419,4.919,3.000,-0.404,-0.403,0.000,0.571,cmd_age=0.02s bat=1.00 dist=0.11m
16,6.381,SCOUT,13,4.919,6.419,3.000,-0.404,-0.403,0.000,0.571,cmd_age=0.02s bat=1.00 dist=0.11m
16,6.381,SCOUT,14,3.419,4.919,3.000,-0.404,-0.403,0.000,0.571,cmd_age=0.02s bat=1.00 dist=0.11m
16,6.381,SCOUT,15,4.919,3.419,3.000,-0.404,-0.403,0.000,0.571,cmd_age=0.02s bat=1.00 dist=0.11m
16,6.381,WORKER,0,-3.122,-4.684,3.000,-0.645,1.678,0.000,1.797,state=MOVING bat=1.00 dist=0.33m
16,6.381,WORKER,1,7.026,-4.662,3.000,0.138,1.792,0.000,1.797,state=MOVING bat=1.00 dist=0.33m
16,6.381,WORKER,2,-2.781,4.742,3.000,1.161,-1.372,0.000,1.797,state=MOVING bat=1.00 dist=0.33m
16,6.381,WORKER,3,6.744,4.778,3.000,-1.358,-1.177,0.000,1.797,state=MOVING bat=1.00 dist=0.33m
17,7.356,GENERAL,0,0.000,0.000,5.000,0.000,0.000,0.000,0.000,N/A
17,7.356,NODE,0,-5.036,-4.842,3.000,-0.134,0.580,0.000,0.595,zone=0 dist=0.15m
17,7.356,NODE,1,5.036,-4.842,3.000,0.134,0.581,0.000,0.596,zone=1 dist=0.15m
17,7.356,NODE,2,-4.885,4.885,3.000,0.424,-0.423,0.000,0.599,zone=2 dist=0.15m
17,7.356,NODE,3,4.885,4.885,3.000,-0.424,-0.421,0.000,0.598,zone=3 dist=0.15m
17,7.356,SCOUT,0,-3.528,-4.879,3.000,-0.129,0.562,0.000,0.577,cmd_age=0.02s bat=1.00 dist=0.12m
17,7.356,SCOUT,1,-5.028,-3.379,3.000,-0.129,0.562,0.000,0.577,cmd_age=0.02s bat=1.00 dist=0.12m
17,7.356,SCOUT,2,-6.528,-4.879,3.000,-0.129,0.562,0.000,0.577,cmd_age=0.02s bat=1.00 dist=0.12m
17,7.356,SCOUT,3,-5.028,-6.379,3.000,-0.129,0.562,0.000,0.577,cmd_age=0.02s bat=1.00 dist=0.12m
17,7.356,SCOUT,4,6.528,-4.879,3.000,0.129,0.562,0.000,0.577,cmd_age=0.02s bat=1.00 dist=0.12m
17,7.356,SCOUT,5,5.028,-3.379,3.000,0.129,0.562,0.000,0.577,cmd_age=0.02s bat=1.00 dist=0.12m
17,7.356,SCOUT,6,3.528,-4.879,3.000,0.129,0.562,0.000,0.577,cmd_age=0.02s bat=1.00 dist=0.12m
17,7.356,SCOUT,7,5.028,-6.379,3.000,0.129,0.562,0.000,0.577,cmd_age=0.02s bat=1.00 dist=0.12m
17,7.356,SCOUT,8,-3.412,4.912,3.000,0.408,-0.407,0.000,0.577,cmd_age=0.02s bat=1.00 dist=0.12m
17,7.356,SCOUT,9,-4.912,6.412,3.000,0.408,-0.407,0.000,0.577,cmd_age=0.02s bat=1.00 dist=0.12m
17,7.356,SCOUT,10,-6.412,4.912,3.000,0.408,-0.407,0.000,0.577,cmd_age=0.02s bat=1.00 dist=0.12m
17,7.356,SCOUT,11,-4.912,3.412,3.000,0.408,-0.407,0.000,0.577,cmd_age=0.02s bat=1.00 dist=0.12m
17,7.356,SCOUT,12,6.412,4.912,3.000,-0.408,-0.407,0.000,0.576,cmd_age=0.02s bat=1.00 dist=0.12m
17,7.356,SCOUT,13,4.912,6.412,3.000,-0.408,-0.407,0.000,0.576,cmd_age=0.02s bat=1.00 dist=0.12m
17,7.356,SCOUT,14,3.412,4.912,3.000,-0.408,-0.407,0.000,0.576,cmd_age=0.02s bat=1.00 dist=0.12m
17,7.356,SCOUT,15,4.912,3.412,3.000,-0.408,-0.407,0.000,0.576,cmd_age=0.02s bat=1.00 dist=0.12m
17,7.356,WORKER,0,-3.132,-4.656,3.000,-0.655,1.703,0.000,1.824,state=MOVING bat=1.00 dist=0.36m
17,7.356,WORKER,1,7.028,-4.632,3.000,0.140,1.819,0.000,1.824,state=MOVING bat=1.00 dist=0.36m
17,7.356,WORKER,2,-2.762,4.718,3.000,1.178,-1.393,0.000,1.824,state=MOVING bat=1.00 dist=0.36m
17,7.356,WORKER,3,6.721,4.758,3.000,-1.379,-1.195,0.000,1.824,state=MOVING bat=1.00 dist=0.36m
18,7.841,GENERAL,0,0.000,0.000,5.000,0.000,0.000,0.000,0.000,N/A
18,7.841,NODE,0,-5.039,-4.832,3.000,-0.133,0.581,0.000,0.596,zone=0 dist=0.16m
18,7.841,NODE,1,5.039,-4.832,3.000,0.135,0.580,0.000,0.596,zone=1 dist=0.16m
18,7.841,NODE,2,-4.878,4.878,3.000,0.422,-0.422,0.000,0.596,zone=2 dist=0.16m
18,7.841,NODE,3,4.878,4.878,3.000,-0.419,-0.422,0.000,0.595,zone=3 dist=0.16m
18,7.841,SCOUT,0,-3.530,-4.870,3.000,-0.130,0.566,0.000,0.580,cmd_age=0.02s bat=1.00 dist=0.13m
18,7.841,SCOUT,1,-5.030,-3.370,3.000,-0.130,0.566,0.000,0.580,cmd_age=0.02s bat=1.00 dist=0.13m
18,7.841,SCOUT,2,-6.530,-4.870,3.000,-0.130,0.566,0.000,0.580,cmd_age=0.02s bat=1.00 dist=0.13m
18,7.841,SCOUT,3,-5.030,-6.370,3.000,-0.130,0.566,0.000,0.580,cmd_age=0.02s bat=1.00 dist=0.13m
18,7.841,SCOUT,4,6.530,-4.870,3.000,0.130,0.566,0.000,0.581,cmd_age=0.02s bat=1.00 dist=0.13m
18,7.841,SCOUT,5,5.030,-3.370,3.000,0.130,0.566,0.000,0.581,cmd_age=0.02s bat=1.00 dist=0.13m
18,7.841,SCOUT,6,3.530,-4.870,3.000,0.130,0.566,0.000,0.581,cmd_age=0.02s bat=1.00 dist=0.13m
18,7.841,SCOUT,7,5.030,-6.370,3.000,0.130,0.566,0.000,0.581,cmd_age=0.02s bat=1.00 dist=0.13m
18,7.841,SCOUT,8,-3.405,4.905,3.000,0.411,-0.410,0.000,0.581,cmd_age=0.02s bat=1.00 dist=0.13m
18,7.841,SCOUT,9,-4.905,6.405,3.000,0.411,-0.410,0.000,0.581,cmd_age=0.02s bat=1.00 dist=0.13m
18,7.841,SCOUT,10,-6.405,4.905,3.000,0.411,-0.410,0.000,0.581,cmd_age=0.02s bat=1.00 dist=0.13m
18,7.841,SCOUT,11,-4.905,3.405,3.000,0.411,-0.410,0.000,0.581,cmd_age=0.02s bat=1.00 dist=0.13m
18,7.841,SCOUT,12,6.405,4.905,3.000,-0.410,-0.410,0.000,0.580,cmd_age=0.02s bat=1.00 dist=0.13m
18,7.841,SCOUT,13,4.905,6.405,3.000,-0.410,-0.410,0.000,0.580,cmd_age=0.02s bat=1.00 dist=0.13m
18,7.841,SCOUT,14,3.405,4.905,3.000,-0.410,-0.410,0.000,0.580,cmd_age=0.02s bat=1.00 dist=0.13m
18,7.841,SCOUT,15,4.905,3.405,3.000,-0.410,-0.410,0.000,0.580,cmd_age=0.02s bat=1.00 dist=0.13m
18,7.841,WORKER,0,-3.144,-4.627,3.000,-0.663,1.725,0.000,1.848,state=MOVING bat=1.00 dist=0.40m
18,7.841,WORKER,1,7.031,-4.601,3.000,0.142,1.842,0.000,1.848,state=MOVING bat=1.00 dist=0.40m
18,7.841,WORKER,2,-2.742,4.695,3.000,1.194,-1.411,0.000,1.848,state=MOVING bat=1.00 dist=0.40m
18,7.841,WORKER,3,6.698,4.738,3.000,-1.396,-1.210,0.000,1.848,state=MOVING bat=1.00 dist=0.40m
19,9.734,GENERAL,0,0.000,0.000,5.000,0.000,0.000,0.000,0.000,N/A
19,9.734,NODE,0,-5.041,-4.822,3.000,-0.133,0.584,0.000,0.599,zone=0 dist=0.17m
19,9.734,NODE,1,5.041,-4.822,3.000,0.135,0.582,0.000,0.598,zone=1 dist=0.17m
19,9.734,NODE,2,-4.871,4.871,3.000,0.423,-0.422,0.000,0.598,zone=2 dist=0.17m
19,9.734,NODE,3,4.871,4.871,3.000,-0.422,-0.421,0.000,0.597,zone=3 dist=0.17m
19,9.734,SCOUT,0,-3.532,-4.860,3.000,-0.130,0.569,0.000,0.584,cmd_age=0.02s bat=1.00 dist=0.14m
19,9.734,SCOUT,1,-5.032,-3.360,3.000,-0.130,0.569,0.000,0.584,cmd_age=0.02s bat=1.00 dist=0.14m
19,9.734,SCOUT,2,-6.532,-4.860,3.000,-0.130,0.569,0.000,0.584,cmd_age=0.02s bat=1.00 dist=0.14m
19,9.734,SCOUT,3,-5.032,-6.360,3.000,-0.130,0.569,0.000,0.584,cmd_age=0.02s bat=1.00 dist=0.14m
19,9.734,SCOUT,4,6.532,-4.860,3.000,0.131,0.569,0.000,0.584,cmd_age=0.02s bat=1.00 dist=0.14m
19,9.734,SCOUT,5,5.032,-3.360,3.000,0.131,0.569,0.000,0.584,cmd_age=0.02s bat=1.00 dist=0.14m
19,9.734,SCOUT,6,3.532,-4.860,3.000,0.131,0.569,0.000,0.584,cmd_age=0.02s bat=1.00 dist=0.14m
19,9.734,SCOUT,7,5.032,-6.360,3.000,0.131,0.569,0.000,0.584,cmd_age=0.02s bat=1.00 dist=0.14m
19,9.734,SCOUT,8,-3.398,4.899,3.000,0.413,-0.413,0.000,0.584,cmd_age=0.02s bat=1.00 dist=0.14m
19,9.734,SCOUT,9,-4.898,6.399,3.000,0.413,-0.413,0.000,0.584,cmd_age=0.02s bat=1.00 dist=0.14m
19,9.734,SCOUT,10,-6.398,4.899,3.000,0.413,-0.413,0.000,0.584,cmd_age=0.02s bat=1.00 dist=0.14m
19,9.734,SCOUT,11,-4.898,3.399,3.000,0.413,-0.413,0.000,0.584,cmd_age=0.02s bat=1.00 dist=0.14m
19,9.734,SCOUT,12,6.398,4.899,3.000,-0.413,-0.412,0.000,0.583,cmd_age=0.02s bat=1.00 dist=0.14m
19,9.734,SCOUT,13,4.898,6.399,3.000,-0.413,-0.412,0.000,0.583,cmd_age=0.02s bat=1.00 dist=0.14m
19,9.734,SCOUT,14,3.398,4.899,3.000,-0.413,-0.412,0.000,0.583,cmd_age=0.02s bat=1.00 dist=0.14m
19,9.734,SCOUT,15,4.898,3.399,3.000,-0.413,-0.412,0.000,0.583,cmd_age=0.02s bat=1.00 dist=0.14m
19,9.734,WORKER,0,-3.155,-4.598,3.000,-0.671,1.744,0.000,1.868,state=MOVING bat=1.00 dist=0.43m
19,9.734,WORKER,1,7.033,-4.570,3.000,0.143,1.863,0.000,1.868,state=MOVING bat=1.00 dist=0.43m
19,9.734,WORKER,2,-2.722,4.671,3.000,1.207,-1.426,0.000,1.868,state=MOVING bat=1.00 dist=0.43m
19,9.734,WORKER,3,6.674,4.718,3.000,-1.412,-1.223,0.000,1.868,state=MOVING bat=1.00 dist=0.43m
20,9.946,GENERAL,0,0.000,0.000,5.000,0.000,0.000,0.000,0.000,N/A
20,9.946,NODE,0,-5.043,-4.813,3.000,-0.133,0.581,0.000,0.596,zone=0 dist=0.18m
20,9.946,NODE,1,5.043,-4.813,3.000,0.133,0.581,0.000,0.596,zone=1 dist=0.18m
20,9.946,NODE,2,-4.864,4.864,3.000,0.422,-0.421,0.000,0.596,zone=2 dist=0.18m
20,9.946,NODE,3,4.864,4.864,3.000,-0.421,-0.421,0.000,0.595,zone=3 dist=0.18m
20,9.946,SCOUT,0,-3.534,-4.851,3.000,-0.131,0.572,0.000,0.586,cmd_age=0.02s bat=1.00 dist=0.15m
20,9.946,SCOUT,1,-5.034,-3.351,3.000,-0.131,0.572,0.000,0.586,cmd_age=0.02s bat=1.00 dist=0.15m
20,9.946,SCOUT,2,-6.534,-4.851,3.000,-0.131,0.572,0.000,0.586,cmd_age=0.02s bat=1.00 dist=0.15m
20,9.946,SCOUT,3,-5.034,-6.351,3.000,-0.131,0.572,0.000,0.586,cmd_age=0.02s bat=1.00 dist=0.15m
20,9.946,SCOUT,4,6.534,-4.851,3.000,0.132,0.571,0.000,0.586,cmd_age=0.02s bat=1.00 dist=0.15m
20,9.946,SCOUT,5,5.034,-3.351,3.000,0.132,0.571,0.000,0.586,cmd_age=0.02s bat=1.00 dist=0.15m
20,9.946,SCOUT,6,3.534,-4.851,3.000,0.132,0.571,0.000,0.586,cmd_age=0.02s bat=1.00 dist=0.15m
20,9.946,SCOUT,7,5.034,-6.351,3.000,0.132,0.571,0.000,0.586,cmd_age=0.02s bat=1.00 dist=0.15m
20,9.946,SCOUT,8,-3.392,4.892,3.000,0.415,-0.414,0.000,0.586,cmd_age=0.02s bat=1.00 dist=0.15m
20,9.946,SCOUT,9,-4.892,6.392,3.000,0.415,-0.414,0.000,0.586,cmd_age=0.02s bat=1.00 dist=0.15m
20,9.946,SCOUT,10,-6.392,4.892,3.000,0.415,-0.414,0.000,0.586,cmd_age=0.02s bat=1.00 dist=0.15m
20,9.946,SCOUT,11,-4.892,3.392,3.000,0.415,-0.414,0.000,0.586,cmd_age=0.02s bat=1.00 dist=0.15m
20,9.946,SCOUT,12,6.391,4.892,3.000,-0.414,-0.414,0.000,0.586,cmd_age=0.02s bat=1.00 dist=0.15m
20,9.946,SCOUT,13,4.891,6.392,3.000,-0.414,-0.414,0.000,0.586,cmd_age=0.02s bat=1.00 dist=0.15m
20,9.946,SCOUT,14,3.391,4.892,3.000,-0.414,-0.414,0.000,0.586,cmd_age=0.02s bat=1.00 dist=0.15m
20,9.946,SCOUT,15,4.891,3.392,3.000,-0.414,-0.414,0.000,0.586,cmd_age=0.02s bat=1.00 dist=0.15m
20,9.946,WORKER,0,-3.166,-4.568,3.000,-0.677,1.760,0.000,1.886,state=MOVING bat=1.00 dist=0.46m
20,9.946,WORKER,1,7.035,-4.539,3.000,0.145,1.880,0.000,1.886,state=MOVING bat=1.00 dist=0.46m
20,9.946,WORKER,2,-2.701,4.647,3.000,1.218,-1.440,0.000,1.886,state=MOVING bat=1.00 dist=0.46m
20,9.946,WORKER,3,6.651,4.697,3.000,-1.425,-1.235,0.000,1.886,state=MOVING bat=1.00 dist=0.46m
21,10.180,GENERAL,0,0.000,0.000,5.000,0.000,0.000,0.000,0.000,N/A
21,10.180,NODE,0,-5.045,-4.803,3.000,-0.133,0.580,0.000,0.595,zone=0 dist=0.19m
21,10.180,NODE,1,5.045,-4.803,3.000,0.133,0.580,0.000,0.595,zone=1 dist=0.19m
21,10.180,NODE,2,-4.857,4.857,3.000,0.422,-0.420,0.000,0.595,zone=2 dist=0.19m
21,10.180,NODE,3,4.857,4.857,3.000,-0.420,-0.421,0.000,0.595,zone=3 dist=0.19m
21,10.180,SCOUT,0,-3.536,-4.841,3.000,-0.131,0.573,0.000,0.588,cmd_age=0.02s bat=1.00 dist=0.16m
21,10.180,SCOUT,1,-5.036,-3.341,3.000,-0.131,0.573,0.000,0.588,cmd_age=0.02s bat=1.00 dist=0.16m
21,10.180,SCOUT,2,-6.536,-4.841,3.000,-0.131,0.573,0.000,0.588,cmd_age=0.02s bat=1.00 dist=0.16m
21,10.180,SCOUT,3,-5.036,-6.341,3.000,-0.131,0.573,0.000,0.588,cmd_age=0.02s bat=1.00 dist=0.16m
21,10.180,SCOUT,4,6.537,-4.841,3.000,0.132,0.573,0.000,0.588,cmd_age=0.02s bat=1.00 dist=0.16m
21,10.180,SCOUT,5,5.037,-3.341,3.000,0.132,0.573,0.000,0.588,cmd_age=0.02s bat=1.00 dist=0.16m
21,10.180,SCOUT,6,3.537,-4.841,3.000,0.132,0.573,0.000,0.588,cmd_age=0.02s bat=1.00 dist=0.16m
21,10.180,SCOUT,7,5.037,-6.341,3.000,0.132,0.573,0.000,0.588,cmd_age=0.02s bat=1.00 dist=0.16m
21,10.180,SCOUT,8,-3.385,4.885,3.000,0.416,-0.416,0.000,0.588,cmd_age=0.02s bat=1.00 dist=0.16m
21,10.180,SCOUT,9,-4.885,6.385,3.000,0.416,-0.416,0.000,0.588,cmd_age=0.02s bat=1.00 dist=0.16m
21,10.180,SCOUT,10,-6.385,4.885,3.000,0.416,-0.416,0.000,0.588,cmd_age=0.02s bat=1.00 dist=0.16m
21,10.180,SCOUT,11,-4.885,3.385,3.000,0.416,-0.416,0.000,0.588,cmd_age=0.02s bat=1.00 dist=0.16m
21,10.180,SCOUT,12,6.385,4.885,3.000,-0.416,-0.415,0.000,0.588,cmd_age=0.02s bat=1.00 dist=0.16m
21,10.180,SCOUT,13,4.885,6.385,3.000,-0.416,-0.415,0.000,0.588,cmd_age=0.02s bat=1.00 dist=0.16m
21,10.180,SCOUT,14,3.385,4.885,3.000,-0.416,-0.415,0.000,0.588,cmd_age=0.02s bat=1.00 dist=0.16m
21,10.180,SCOUT,15,4.885,3.385,3.000,-0.416,-0.415,0.000,0.588,cmd_age=0.02s bat=1.00 dist=0.16m
21,10.180,WORKER,0,-3.177,-4.539,3.000,-0.682,1.774,0.000,1.901,state=MOVING bat=1.00 dist=0.49m
21,10.180,WORKER,1,7.038,-4.507,3.000,0.146,1.895,0.000,1.901,state=MOVING bat=1.00 dist=0.49m
21,10.180,WORKER,2,-2.681,4.623,3.000,1.228,-1.451,0.000,1.901,state=MOVING bat=1.00 dist=0.49m
21,10.180,WORKER,3,6.627,4.676,3.000,-1.437,-1.245,0.000,1.901,state=MOVING bat=1.00 dist=0.49m
22,10.881,GENERAL,0,0.000,0.000,5.000,0.000,0.000,0.000,0.000,N/A
22,10.881,NODE,0,-5.047,-4.793,3.000,-0.134,0.580,0.000,0.595,zone=0 dist=0.20m
22,10.881,NODE,1,5.048,-4.793,3.000,0.134,0.580,0.000,0.595,zone=1 dist=0.20m
22,10.881,NODE,2,-4.850,4.850,3.000,0.422,-0.422,0.000,0.597,zone=2 dist=0.20m
22,10.881,NODE,3,4.850,4.850,3.000,-0.421,-0.421,0.000,0.595,zone=3 dist=0.20m
22,10.881,SCOUT,0,-3.539,-4.831,3.000,-0.132,0.575,0.000,0.590,cmd_age=0.02s bat=1.00 dist=0.17m
22,10.881,SCOUT,1,-5.039,-3.331,3.000,-0.132,0.575,0.000,0.590,cmd_age=0.02s bat=1.00 dist=0.17m
22,10.881,SCOUT,2,-6.539,-4.831,3.000,-0.132,0.575,0.000,0.590,cmd_age=0.02s bat=1.00 dist=0.17m
22,10.881,SCOUT,3,-5.039,-6.331,3.000,-0.132,0.575,0.000,0.590,cmd_age=0.02s bat=1.00 dist=0.17m
22,10.881,SCOUT,4,6.539,-4.832,3.000,0.132,0.574,0.000,0.590,cmd_age=0.02s bat=1.00 dist=0.17m
22,10.881,SCOUT,5,5.039,-3.332,3.000,0.132,0.574,0.000,0.590,cmd_age=0.02s bat=1.00 dist=0.17m
22,10.881,SCOUT,6,3.539,-4.832,3.000,0.132,0.574,0.000,0.590,cmd_age=0.02s bat=1.00 dist=0.17m
22,10.881,SCOUT,7,5.039,-6.332,3.000,0.132,0.574,0.000,0.590,cmd_age=0.02s bat=1.00 dist=0.17m
22,10.881,SCOUT,8,-3.378,4.878,3.000,0.417,-0.417,0.000,0.590,cmd_age=0.02s bat=1.00 dist=0.17m
22,10.881,SCOUT,9,-4.878,6.378,3.000,0.417,-0.417,0.000,0.590,cmd_age=0.02s bat=1.00 dist=0.17m
22,10.881,SCOUT,10,-6.378,4.878,3.000,0.417,-0.417,0.000,0.590,cmd_age=0.02s bat=1.00 dist=0.17m
22,10.881,SCOUT,11,-4.878,3.378,3.000,0.417,-0.417,0.000,0.590,cmd_age=0.02s bat=1.00 dist=0.17m
22,10.881,SCOUT,12,6.378,4.878,3.000,-0.417,-0.416,0.000,0.589,cmd_age=0.02s bat=1.00 dist=0.17m
22,10.881,SCOUT,13,4.878,6.378,3.000,-0.417,-0.416,0.000,0.589,cmd_age=0.02s bat=1.00 dist=0.17m
22,10.881,SCOUT,14,3.378,4.878,3.000,-0.417,-0.416,0.000,0.589,cmd_age=0.02s bat=1.00 dist=0.17m
22,10.881,SCOUT,15,4.878,3.378,3.000,-0.417,-0.416,0.000,0.589,cmd_age=0.02s bat=1.00 dist=0.17m
22,10.881,WORKER,0,-3.189,-4.509,3.000,-0.687,1.787,0.000,1.914,state=MOVING bat=1.00 dist=0.52m
22,10.881,WORKER,1,7.040,-4.476,3.000,0.147,1.909,0.000,1.914,state=MOVING bat=1.00 dist=0.52m
22,10.881,WORKER,2,-2.660,4.598,3.000,1.236,-1.461,0.000,1.914,state=MOVING bat=1.00 dist=0.52m
22,10.881,WORKER,3,6.603,4.656,3.000,-1.446,-1.254,0.000,1.914,state=MOVING bat=1.00 dist=0.52m
23,11.071,GENERAL,0,0.000,0.000,5.000,0.000,0.000,0.000,0.000,N/A
23,11.071,NODE,0,-5.050,-4.784,3.000,-0.134,0.581,0.000,0.596,zone=0 dist=0.21m
23,11.071,NODE,1,5.050,-4.784,3.000,0.135,0.580,0.000,0.595,zone=1 dist=0.21m
23,11.071,NODE,2,-4.843,4.843,3.000,0.421,-0.422,0.000,0.596,zone=2 dist=0.21m
23,11.071,NODE,3,4.843,4.843,3.000,-0.421,-0.421,0.000,0.595,zone=3 dist=0.21m
23,11.071,SCOUT,0,-3.541,-4.822,3.000,-0.132,0.576,0.000,0.591,cmd_age=0.02s bat=1.00 dist=0.18m
23,11.071,SCOUT,1,-5.041,-3.322,3.000,-0.132,0.576,0.000,0.591,cmd_age=0.02s bat=1.00 dist=0.18m
23,11.071,SCOUT,2,-6.541,-4.822,3.000,-0.132,0.576,0.000,0.591,cmd_age=0.02s bat=1.00 dist=0.18m
23,11.071,SCOUT,3,-5.041,-6.322,3.000,-0.132,0.576,0.000,0.591,cmd_age=0.02s bat=1.00 dist=0.18m
23,11.071,SCOUT,4,6.541,-4.822,3.000,0.133,0.576,0.000,0.591,cmd_age=0.02s bat=1.00 dist=0.18m
23,11.071,SCOUT,5,5.041,-3.322,3.000,0.133,0.576,0.000,0.591,cmd_age=0.02s bat=1.00 dist=0.18m
23,11.071,SCOUT,6,3.541,-4.822,3.000,0.133,0.576,0.000,0.591,cmd_age=0.02s bat=1.00 dist=0.18m
23,11.071,SCOUT,7,5.041,-6.322,3.000,0.133,0.576,0.000,0.591,cmd_age=0.02s bat=1.00 dist=0.18m
23,11.071,SCOUT,8,-3.371,4.871,3.000,0.418,-0.418,0.000,0.591,cmd_age=0.02s bat=1.00 dist=0.18m
23,11.071,SCOUT,9,-4.871,6.371,3.000,0.418,-0.418,0.000,0.591,cmd_age=0.02s bat=1.00 dist=0.18m
23,11.071,SCOUT,10,-6.371,4.871,3.000,0.418,-0.418,0.000,0.591,cmd_age=0.02s bat=1.00 dist=0.18m
23,11.071,SCOUT,11,-4.871,3.371,3.000,0.418,-0.418,0.000,0.591,cmd_age=0.02s bat=1.00 dist=0.18m
23,11.071,SCOUT,12,6.371,4.871,3.000,-0.417,-0.417,0.000,0.590,cmd_age=0.02s bat=1.00 dist=0.18m
23,11.071,SCOUT,13,4.871,6.371,3.000,-0.417,-0.417,0.000,0.590,cmd_age=0.02s bat=1.00 dist=0.18m
23,11.071,SCOUT,14,3.371,4.871,3.000,-0.417,-0.417,0.000,0.590,cmd_age=0.02s bat=1.00 dist=0.18m
23,11.071,SCOUT,15,4.871,3.371,3.000,-0.417,-0.417,0.000,0.590,cmd_age=0.02s bat=1.00 dist=0.18m
23,11.071,WORKER,0,-3.200,-4.479,3.000,-0.691,1.797,0.000,1.926,state=MOVING bat=1.00 dist=0.55m
23,11.071,WORKER,1,7.043,-4.444,3.000,0.148,1.920,0.000,1.926,state=MOVING bat=1.00 dist=0.55m
23,11.071,WORKER,2,-2.640,4.574,3.000,1.244,-1.470,0.000,1.926,state=MOVING bat=1.00 dist=0.55m
23,11.071,WORKER,3,6.578,4.635,3.000,-1.455,-1.261,0.000,1.926,state=MOVING bat=1.00 dist=0.55m
24,11.581,GENERAL,0,0.000,0.000,5.000,0.000,0.000,0.000,0.000,N/A
24,11.581,NODE,0,-5.052,-4.774,3.000,-0.133,0.580,0.000,0.595,zone=0 dist=0.22m
24,11.581,NODE,1,5.052,-4.774,3.000,0.135,0.581,0.000,0.596,zone=1 dist=0.22m
24,11.581,NODE,2,-4.836,4.836,3.000,0.421,-0.422,0.000,0.596,zone=2 dist=0.22m
24,11.581,NODE,3,4.836,4.836,3.000,-0.421,-0.422,0.000,0.596,zone=3 dist=0.22m
24,11.581,SCOUT,0,-3.543,-4.812,3.000,-0.132,0.577,0.000,0.592,cmd_age=0.02s bat=1.00 dist=0.19m
24,11.581,SCOUT,1,-5.043,-3.312,3.000,-0.132,0.577,0.000,0.592,cmd_age=0.02s bat=1.00 dist=0.19m
24,11.581,SCOUT,2,-6.543,-4.812,3.000,-0.132,0.577,0.000,0.592,cmd_age=0.02s bat=1.00 dist=0.19m
24,11.581,SCOUT,3,-5.043,-6.312,3.000,-0.132,0.577,0.000,0.592,cmd_age=0.02s bat=1.00 dist=0.19m
24,11.581,SCOUT,4,6.543,-4.812,3.000,0.133,0.577,0.000,0.592,cmd_age=0.02s bat=1.00 dist=0.19m
24,11.581,SCOUT,5,5.043,-3.312,3.000,0.133,0.577,0.000,0.592,cmd_age=0.02s bat=1.00 dist=0.19m
24,11.581,SCOUT,6,3.543,-4.812,3.000,0.133,0.577,0.000,0.592,cmd_age=0.02s bat=1.00 dist=0.19m
24,11.581,SCOUT,7,5.043,-6.312,3.000,0.133,0.577,0.000,0.592,cmd_age=0.02s bat=1.00 dist=0.19m
24,11.581,SCOUT,8,-3.364,4.864,3.000,0.419,-0.419,0.000,0.592,cmd_age=0.02s bat=1.00 dist=0.19m
24,11.581,SCOUT,9,-4.864,6.364,3.000,0.419,-0.419,0.000,0.592,cmd_age=0.02s bat=1.00 dist=0.19m
24,11.581,SCOUT,10,-6.364,4.864,3.000,0.419,-0.419,0.000,0.592,cmd_age=0.02s bat=1.00 dist=0.19m
24,11.581,SCOUT,11,-4.864,3.364,3.000,0.419,-0.419,0.000,0.592,cmd_age=0.02s bat=1.00 dist=0.19m
24,11.581,SCOUT,12,6.364,4.864,3.000,-0.418,-0.418,0.000,0.591,cmd_age=0.02s bat=1.00 dist=0.19m
24,11.581,SCOUT,13,4.864,6.364,3.000,-0.418,-0.418,0.000,0.591,cmd_age=0.02s bat=1.00 dist=0.19m
24,11.581,SCOUT,14,3.364,4.864,3.000,-0.418,-0.418,0.000,0.591,cmd_age=0.02s bat=1.00 dist=0.19m
24,11.581,SCOUT,15,4.864,3.364,3.000,-0.418,-0.418,0.000,0.591,cmd_age=0.02s bat=1.00 dist=0.19m
24,11.581,WORKER,0,-3.212,-4.449,3.000,-0.695,1.807,0.000,1.936,state=MOVING bat=1.00 dist=0.59m
24,11.581,WORKER,1,7.045,-4.411,3.000,0.148,1.930,0.000,1.936,state=MOVING bat=1.00 dist=0.59m
24,11.581,WORKER,2,-2.619,4.549,3.000,1.250,-1.478,0.000,1.936,state=MOVING bat=1.00 dist=0.59m
24,11.581,WORKER,3,6.554,4.613,3.000,-1.463,-1.268,0.000,1.936,state=MOVING bat=1.00 dist=0.59m
25,11.791,GENERAL,0,0.000,0.000,5.000,0.000,0.000,0.000,0.000,N/A
25,11.791,NODE,0,-5.054,-4.764,3.000,-0.133,0.580,0.000,0.595,zone=0 dist=0.23m
25,11.791,NODE,1,5.054,-4.764,3.000,0.134,0.580,0.000,0.596,zone=1 dist=0.23m
25,11.791,NODE,2,-4.829,4.829,3.000,0.422,-0.421,0.000,0.596,zone=2 dist=0.23m
25,11.791,NODE,3,4.829,4.829,3.000,-0.421,-0.422,0.000,0.596,zone=3 dist=0.23m
25,11.791,SCOUT,0,-3.545,-4.803,3.000,-0.133,0.577,0.000,0.592,cmd_age=0.02s bat=1.00 dist=0.20m
25,11.791,SCOUT,1,-5.045,-3.303,3.000,-0.133,0.577,0.000,0.592,cmd_age=0.02s bat=1.00 dist=0.20m
25,11.791,SCOUT,2,-6.545,-4.803,3.000,-0.133,0.577,0.000,0.592,cmd_age=0.02s bat=1.00 dist=0.20m
25,11.791,SCOUT,3,-5.045,-6.303,3.000,-0.133,0.577,0.000,0.592,cmd_age=0.02s bat=1.00 dist=0.20m
25,11.791,SCOUT,4,6.546,-4.803,3.000,0.133,0.577,0.000,0.593,cmd_age=0.02s bat=1.00 dist=0.20m
25,11.791,SCOUT,5,5.046,-3.303,3.000,0.133,0.577,0.000,0.593,cmd_age=0.02s bat=1.00 dist=0.20m
25,11.791,SCOUT,6,3.546,-4.803,3.000,0.133,0.577,0.000,0.593,cmd_age=0.02s bat=1.00 dist=0.20m
25,11.791,SCOUT,7,5.046,-6.303,3.000,0.133,0.577,0.000,0.593,cmd_age=0.02s bat=1.00 dist=0.20m
25,11.791,SCOUT,8,-3.357,4.857,3.000,0.419,-0.419,0.000,0.593,cmd_age=0.02s bat=1.00 dist=0.20m
25,11.791,SCOUT,9,-4.857,6.357,3.000,0.419,-0.419,0.000,0.593,cmd_age=0.02s bat=1.00 dist=0.20m
25,11.791,SCOUT,10,-6.357,4.857,3.000,0.419,-0.419,0.000,0.593,cmd_age=0.02s bat=1.00 dist=0.20m
25,11.791,SCOUT,11,-4.857,3.357,3.000,0.419,-0.419,0.000,0.593,cmd_age=0.02s bat=1.00 dist=0.20m
25,11.791,SCOUT,12,6.357,4.857,3.000,-0.419,-0.419,0.000,0.592,cmd_age=0.02s bat=1.00 dist=0.20m
25,11.791,SCOUT,13,4.857,6.357,3.000,-0.419,-0.419,0.000,0.592,cmd_age=0.02s bat=1.00 dist=0.20m
25,11.791,SCOUT,14,3.357,4.857,3.000,-0.419,-0.419,0.000,0.592,cmd_age=0.02s bat=1.00 dist=0.20m
25,11.791,SCOUT,15,4.857,3.357,3.000,-0.419,-0.419,0.000,0.592,cmd_age=0.02s bat=1.00 dist=0.20m
25,11.791,WORKER,0,-3.224,-4.419,3.000,-0.698,1.815,0.000,1.944,state=MOVING bat=1.00 dist=0.62m
25,11.791,WORKER,1,7.048,-4.379,3.000,0.149,1.938,0.000,1.944,state=MOVING bat=1.00 dist=0.62m
25,11.791,WORKER,2,-2.598,4.525,3.000,1.256,-1.484,0.000,1.944,state=MOVING bat=1.00 dist=0.62m
25,11.791,WORKER,3,6.529,4.592,3.000,-1.469,-1.273,0.000,1.944,state=MOVING bat=1.00 dist=0.62m
26,12.004,GENERAL,0,0.000,0.000,5.000,0.000,0.000,0.000,0.000,N/A
26,12.004,NODE,0,-5.056,-4.754,3.000,-0.133,0.581,0.000,0.596,zone=0 dist=0.24m
26,12.004,NODE,1,5.057,-4.755,3.000,0.135,0.581,0.000,0.597,zone=1 dist=0.24m
26,12.004,NODE,2,-4.822,4.822,3.000,0.421,-0.422,0.000,0.596,zone=2 dist=0.24m
26,12.004,NODE,3,4.822,4.822,3.000,-0.421,-0.422,0.000,0.596,zone=3 dist=0.24m
26,12.004,SCOUT,0,-3.547,-4.793,3.000,-0.133,0.578,0.000,0.593,cmd_age=0.02s bat=1.00 dist=0.21m
26,12.004,SCOUT,1,-5.047,-3.293,3.000,-0.133,0.578,0.000,0.593,cmd_age=0.02s bat=1.00 dist=0.21m
26,12.004,SCOUT,2,-6.547,-4.793,3.000,-0.133,0.578,0.000,0.593,cmd_age=0.02s bat=1.00 dist=0.21m
26,12.004,SCOUT,3,-5.047,-6.293,3.000,-0.133,0.578,0.000,0.593,cmd_age=0.02s bat=1.00 dist=0.21m
26,12.004,SCOUT,4,6.548,-4.793,3.000,0.134,0.578,0.000,0.593,cmd_age=0.02s bat=1.00 dist=0.21m
26,12.004,SCOUT,5,5.048,-3.293,3.000,0.134,0.578,0.000,0.593,cmd_age=0.02s bat=1.00 dist=0.21m
26,12.004,SCOUT,6,3.548,-4.793,3.000,0.134,0.578,0.000,0.593,cmd_age=0.02s bat=1.00 dist=0.21m
26,12.004,SCOUT,7,5.048,-6.293,3.000,0.134,0.578,0.000,0.593,cmd_age=0.02s bat=1.00 dist=0.21m
26,12.004,SCOUT,8,-3.350,4.850,3.000,0.420,-0.420,0.000,0.593,cmd_age=0.02s bat=1.00 dist=0.21m
26,12.004,SCOUT,9,-4.850,6.350,3.000,0.420,-0.420,0.000,0.593,cmd_age=0.02s bat=1.00 dist=0.21m
26,12.004,SCOUT,10,-6.350,4.850,3.000,0.420,-0.420,0.000,0.593,cmd_age=0.02s bat=1.00 dist=0.21m
26,12.004,SCOUT,11,-4.850,3.350,3.000,0.420,-0.420,0.000,0.593,cmd_age=0.02s bat=1.00 dist=0.21m
26,12.004,SCOUT,12,6.350,4.850,3.000,-0.419,-0.420,0.000,0.593,cmd_age=0.02s bat=1.00 dist=0.21m
26,12.004,SCOUT,13,4.850,6.350,3.000,-0.419,-0.420,0.000,0.593,cmd_age=0.02s bat=1.00 dist=0.21m
26,12.004,SCOUT,14,3.350,4.850,3.000,-0.419,-0.420,0.000,0.593,cmd_age=0.02s bat=1.00 dist=0.21m
26,12.004,SCOUT,15,4.850,3.350,3.000,-0.419,-0.420,0.000,0.593,cmd_age=0.02s bat=1.00 dist=0.21m
26,12.004,WORKER,0,-3.235,-4.388,3.000,-0.701,1.821,0.000,1.952,state=MOVING bat=1.00 dist=0.65m
26,12.004,WORKER,1,7.050,-4.347,3.000,0.150,1.946,0.000,1.952,state=MOVING bat=1.00 dist=0.65m
26,12.004,WORKER,2,-2.577,4.500,3.000,1.261,-1.490,0.000,1.952,state=MOVING bat=1.00 dist=0.65m
26,12.004,WORKER,3,6.505,4.571,3.000,-1.475,-1.278,0.000,1.952,state=MOVING bat=1.00 dist=0.65m
27,12.233,GENERAL,0,0.000,0.000,5.000,0.000,0.000,0.000,0.000,N/A
27,12.233,NODE,0,-5.059,-4.745,3.000,-0.135,0.582,0.000,0.597,zone=0 dist=0.25m
27,12.233,NODE,1,5.059,-4.745,3.000,0.135,0.582,0.000,0.598,zone=1 dist=0.25m
27,12.233,NODE,2,-4.815,4.815,3.000,0.422,-0.423,0.000,0.597,zone=2 dist=0.25m
27,12.233,NODE,3,4.815,4.815,3.000,-0.421,-0.421,0.000,0.595,zone=3 dist=0.25m
27,12.233,SCOUT,0,-3.550,-4.783,3.000,-0.133,0.579,0.000,0.594,cmd_age=0.02s bat=1.00 dist=0.22m
27,12.233,SCOUT,1,-5.050,-3.283,3.000,-0.133,0.579,0.000,0.594,cmd_age=0.02s bat=1.00 dist=0.22m
27,12.233,SCOUT,2,-6.550,-4.783,3.000,-0.133,0.579,0.000,0.594,cmd_age=0.02s bat=1.00 dist=0.22m
27,12.233,SCOUT,3,-5.050,-6.283,3.000,-0.133,0.579,0.000,0.594,cmd_age=0.02s bat=1.00 dist=0.22m
27,12.233,SCOUT,4,6.550,-4.783,3.000,0.134,0.579,0.000,0.594,cmd_age=0.02s bat=1.00 dist=0.22m
27,12.233,SCOUT,5,5.050,-3.283,3.000,0.134,0.579,0.000,0.594,cmd_age=0.02s bat=1.00 dist=0.22m
27,12.233,SCOUT,6,3.550,-4.783,3.000,0.134,0.579,0.000,0.594,cmd_age=0.02s bat=1.00 dist=0.22m
27,12.233,SCOUT,7,5.050,-6.283,3.000,0.134,0.579,0.000,0.594,cmd_age=0.02s bat=1.00 dist=0.22m
27,12.233,SCOUT,8,-3.343,4.843,3.000,0.420,-0.420,0.000,0.594,cmd_age=0.02s bat=1.00 dist=0.22m
27,12.233,SCOUT,9,-4.843,6.343,3.000,0.420,-0.420,0.000,0.594,cmd_age=0.02s bat=1.00 dist=0.22m
27,12.233,SCOUT,10,-6.343,4.843,3.000,0.420,-0.420,0.000,0.594,cmd_age=0.02s bat=1.00 dist=0.22m
27,12.233,SCOUT,11,-4.843,3.343,3.000,0.420,-0.420,0.000,0.594,cmd_age=0.02s bat=1.00 dist=0.22m
27,12.233,SCOUT,12,6.343,4.843,3.000,-0.420,-0.420,0.000,0.593,cmd_age=0.02s bat=1.00 dist=0.22m
27,12.233,SCOUT,13,4.843,6.343,3.000,-0.420,-0.420,0.000,0.593,cmd_age=0.02s bat=1.00 dist=0.22m
27,12.233,SCOUT,14,3.343,4.843,3.000,-0.420,-0.420,0.000,0.593,cmd_age=0.02s bat=1.00 dist=0.22m
27,12.233,SCOUT,15,4.843,3.343,3.000,-0.420,-0.420,0.000,0.593,cmd_age=0.02s bat=1.00 dist=0.22m
27,12.233,WORKER,0,-3.247,-4.358,3.000,-0.703,1.828,0.000,1.958,state=MOVING bat=1.00 dist=0.68m
27,12.233,WORKER,1,7.053,-4.314,3.000,0.150,1.952,0.000,1.958,state=MOVING bat=1.00 dist=0.68m
27,12.233,WORKER,2,-2.556,4.475,3.000,1.265,-1.495,0.000,1.958,state=MOVING bat=1.00 dist=0.68m
27,12.233,WORKER,3,6.480,4.549,3.000,-1.480,-1.282,0.000,1.958,state=MOVING bat=1.00 dist=0.68m
28,12.722,GENERAL,0,0.000,0.000,5.000,0.000,0.000,0.000,0.000,N/A
28,12.722,NODE,0,-5.061,-4.735,3.000,-0.135,0.582,0.000,0.597,zone=0 dist=0.26m
28,12.722,NODE,1,5.061,-4.735,3.000,0.135,0.582,0.000,0.597,zone=1 dist=0.26m
28,12.722,NODE,2,-4.808,4.808,3.000,0.422,-0.423,0.000,0.598,zone=2 dist=0.26m
28,12.722,NODE,3,4.808,4.808,3.000,-0.422,-0.421,0.000,0.596,zone=3 dist=0.26m
28,12.722,SCOUT,0,-3.552,-4.774,3.000,-0.133,0.579,0.000,0.595,cmd_age=0.02s bat=1.00 dist=0.23m
28,12.722,SCOUT,1,-5.052,-3.274,3.000,-0.133,0.579,0.000,0.595,cmd_age=0.02s bat=1.00 dist=0.23m
28,12.722,SCOUT,2,-6.552,-4.774,3.000,-0.133,0.579,0.000,0.595,cmd_age=0.02s bat=1.00 dist=0.23m
28,12.722,SCOUT,3,-5.052,-6.274,3.000,-0.133,0.579,0.000,0.595,cmd_age=0.02s bat=1.00 dist=0.23m
28,12.722,SCOUT,4,6.552,-4.774,3.000,0.134,0.579,0.000,0.595,cmd_age=0.02s bat=1.00 dist=0.23m
28,12.722,SCOUT,5,5.052,-3.274,3.000,0.134,0.579,0.000,0.595,cmd_age=0.02s bat=1.00 dist=0.23m
28,12.722,SCOUT,6,3.552,-4.774,3.000,0.134,0.579,0.000,0.595,cmd_age=0.02s bat=1.00 dist=0.23m
28,12.722,SCOUT,7,5.052,-6.274,3.000,0.134,0.579,0.000,0.595,cmd_age=0.02s bat=1.00 dist=0.23m
28,12.722,SCOUT,8,-3.336,4.836,3.000,0.420,-0.421,0.000,0.595,cmd_age=0.02s bat=1.00 dist=0.23m
28,12.722,SCOUT,9,-4.836,6.336,3.000,0.420,-0.421,0.000,0.595,cmd_age=0.02s bat=1.00 dist=0.23m
28,12.722,SCOUT,10,-6.336,4.836,3.000,0.420,-0.421,0.000,0.595,cmd_age=0.02s bat=1.00 dist=0.23m
28,12.722,SCOUT,11,-4.836,3.336,3.000,0.420,-0.421,0.000,0.595,cmd_age=0.02s bat=1.00 dist=0.23m
28,12.722,SCOUT,12,6.336,4.836,3.000,-0.420,-0.420,0.000,0.594,cmd_age=0.02s bat=1.00 dist=0.23m
28,12.722,SCOUT,13,4.836,6.336,3.000,-0.420,-0.420,0.000,0.594,cmd_age=0.02s bat=1.00 dist=0.23m
28,12.722,SCOUT,14,3.336,4.836,3.000,-0.420,-0.420,0.000,0.594,cmd_age=0.02s bat=1.00 dist=0.23m
28,12.722,SCOUT,15,4.836,3.336,3.000,-0.420,-0.420,0.000,0.594,cmd_age=0.02s bat=1.00 dist=0.23m
28,12.722,WORKER,0,-3.259,-4.327,3.000,-0.705,1.833,0.000,1.964,state=MOVING bat=1.00 dist=0.72m
28,12.722,WORKER,1,7.055,-4.282,3.000,0.151,1.958,0.000,1.964,state=MOVING bat=1.00 dist=0.72m
28,12.722,WORKER,2,-2.535,4.450,3.000,1.268,-1.499,0.000,1.964,state=MOVING bat=1.00 dist=0.72m
28,12.722,WORKER,3,6.455,4.528,3.000,-1.484,-1.286,0.000,1.964,state=MOVING bat=1.00 dist=0.72m
29,12.913,GENERAL,0,0.000,0.000,5.000,0.000,0.000,0.000,0.000,N/A
29,12.913,NODE,0,-5.063,-4.725,3.000,-0.135,0.582,0.000,0.597,zone=0 dist=0.27m
29,12.913,NODE,1,5.063,-4.725,3.000,0.135,0.582,0.000,0.598,zone=1 dist=0.27m
29,12.913,NODE,2,-4.801,4.801,3.000,0.422,-0.422,0.000,0.597,zone=2 dist=0.27m
29,12.913,NODE,3,4.801,4.801,3.000,-0.422,-0.422,0.000,0.597,zone=3 dist=0.27m
29,12.913,SCOUT,0,-3.554,-4.764,3.000,-0.134,0.580,0.000,0.595,cmd_age=0.02s bat=1.00 dist=0.24m
29,12.913,SCOUT,1,-5.054,-3.264,3.000,-0.134,0.580,0.000,0.595,cmd_age=0.02s bat=1.00 dist=0.24m
29,12.913,SCOUT,2,-6.554,-4.764,3.000,-0.134,0.580,0.000,0.595,cmd_age=0.02s bat=1.00 dist=0.24m
29,12.913,SCOUT,3,-5.054,-6.264,3.000,-0.134,0.580,0.000,0.595,cmd_age=0.02s bat=1.00 dist=0.24m
29,12.913,SCOUT,4,6.554,-4.764,3.000,0.134,0.580,0.000,0.595,cmd_age=0.02s bat=1.00 dist=0.24m
29,12.913,SCOUT,5,5.054,-3.264,3.000,0.134,0.580,0.000,0.595,cmd_age=0.02s bat=1.00 dist=0.24m
29,12.913,SCOUT,6,3.554,-4.764,3.000,0.134,0.580,0.000,0.595,cmd_age=0.02s bat=1.00 dist=0.24m
29,12.913,SCOUT,7,5.054,-6.264,3.000,0.134,0.580,0.000,0.595,cmd_age=0.02s bat=1.00 dist=0.24m
29,12.913,SCOUT,8,-3.329,4.829,3.000,0.421,-0.421,0.000,0.595,cmd_age=0.02s bat=1.00 dist=0.24m
29,12.913,SCOUT,9,-4.829,6.329,3.000,0.421,-0.421,0.000,0.595,cmd_age=0.02s bat=1.00 dist=0.24m
29,12.913,SCOUT,10,-6.329,4.829,3.000,0.421,-0.421,0.000,0.595,cmd_age=0.02s bat=1.00 dist=0.24m
29,12.913,SCOUT,11,-4.829,3.329,3.000,0.421,-0.421,0.000,0.595,cmd_age=0.02s bat=1.00 dist=0.24m
29,12.913,SCOUT,12,6.329,4.829,3.000,-0.420,-0.421,0.000,0.595,cmd_age=0.02s bat=1.00 dist=0.24m
29,12.913,SCOUT,13,4.829,6.329,3.000,-0.420,-0.421,0.000,0.595,cmd_age=0.02s bat=1.00 dist=0.24m
29,12.913,SCOUT,14,3.329,4.829,3.000,-0.420,-0.421,0.000,0.595,cmd_age=0.02s bat=1.00 dist=0.24m
29,12.913,SCOUT,15,4.829,3.329,3.000,-0.420,-0.421,0.000,0.595,cmd_age=0.02s bat=1.00 dist=0.24m
29,12.913,WORKER,0,-3.270,-4.297,3.000,-0.707,1.837,0.000,1.968,state=MOVING bat=1.00 dist=0.75m
29,12.913,WORKER,1,7.058,-4.249,3.000,0.151,1.963,0.000,1.968,state=MOVING bat=1.00 dist=0.75m
29,12.913,WORKER,2,-2.513,4.425,3.000,1.272,-1.503,0.000,1.968,state=MOVING bat=1.00 dist=0.75m
29,12.913,WORKER,3,6.431,4.507,3.000,-1.488,-1.289,0.000,1.968,state=MOVING bat=1.00 dist=0.75m
30,13.115,GENERAL,0,0.000,0.000,5.000,0.000,0.000,0.000,0.000,N/A
30,13.115,NODE,0,-5.065,-4.716,3.000,-0.135,0.583,0.000,0.598,zone=0 dist=0.28m
30,13.115,NODE,1,5.066,-4.716,3.000,0.135,0.582,0.000,0.597,zone=1 dist=0.28m
30,13.115,NODE,2,-4.794,4.794,3.000,0.422,-0.422,0.000,0.597,zone=2 dist=0.28m
30,13.115,NODE,3,4.794,4.794,3.000,-0.422,-0.422,0.000,0.597,zone=3 dist=0.28m
30,13.115,SCOUT,0,-3.556,-4.754,3.000,-0.134,0.580,0.000,0.596,cmd_age=0.02s bat=1.00 dist=0.25m
30,13.115,SCOUT,1,-5.056,-3.254,3.000,-0.134,0.580,0.000,0.596,cmd_age=0.02s bat=1.00 dist=0.25m
30,13.115,SCOUT,2,-6.556,-4.754,3.000,-0.134,0.580,0.000,0.596,cmd_age=0.02s bat=1.00 dist=0.25m
30,13.115,SCOUT,3,-5.056,-6.254,3.000,-0.134,0.580,0.000,0.596,cmd_age=0.02s bat=1.00 dist=0.25m
30,13.115,SCOUT,4,6.557,-4.754,3.000,0.134,0.580,0.000,0.596,cmd_age=0.02s bat=1.00 dist=0.25m
30,13.115,SCOUT,5,5.057,-3.254,3.000,0.134,0.580,0.000,0.596,cmd_age=0.02s bat=1.00 dist=0.25m
30,13.115,SCOUT,6,3.557,-4.754,3.000,0.134,0.580,0.000,0.596,cmd_age=0.02s bat=1.00 dist=0.25m
30,13.115,SCOUT,7,5.057,-6.254,3.000,0.134,0.580,0.000,0.596,cmd_age=0.02s bat=1.00 dist=0.25m
30,13.115,SCOUT,8,-3.322,4.822,3.000,0.421,-0.421,0.000,0.596,cmd_age=0.02s bat=1.00 dist=0.25m
30,13.115,SCOUT,9,-4.822,6.322,3.000,0.421,-0.421,0.000,0.596,cmd_age=0.02s bat=1.00 dist=0.25m
30,13.115,SCOUT,10,-6.322,4.822,3.000,0.421,-0.421,0.000,0.596,cmd_age=0.02s bat=1.00 dist=0.25m
30,13.115,SCOUT,11,-4.822,3.322,3.000,0.421,-0.421,0.000,0.596,cmd_age=0.02s bat=1.00 dist=0.25m
30,13.115,SCOUT,12,6.322,4.822,3.000,-0.421,-0.421,0.000,0.595,cmd_age=0.02s bat=1.00 dist=0.25m
30,13.115,SCOUT,13,4.822,6.322,3.000,-0.421,-0.421,0.000,0.595,cmd_age=0.02s bat=1.00 dist=0.25m
30,13.115,SCOUT,14,3.322,4.822,3.000,-0.421,-0.421,0.000,0.595,cmd_age=0.02s bat=1.00 dist=0.25m
30,13.115,SCOUT,15,4.822,3.322,3.000,-0.421,-0.421,0.000,0.595,cmd_age=0.02s bat=1.00 dist=0.25m
30,13.115,WORKER,0,-3.282,-4.266,3.000,-0.708,1.841,0.000,1.973,state=MOVING bat=1.00 dist=0.78m
30,13.115,WORKER,1,7.060,-4.216,3.000,0.151,1.967,0.000,1.973,state=MOVING bat=1.00 dist=0.78m
30,13.115,WORKER,2,-2.492,4.400,3.000,1.274,-1.506,0.000,1.973,state=MOVING bat=1.00 dist=0.78m
30,13.115,WORKER,3,6.406,4.485,3.000,-1.491,-1.292,0.000,1.973,state=MOVING bat=1.00 dist=0.78m
31,13.366,GENERAL,0,0.000,0.000,5.000,0.000,0.000,0.000,0.000,N/A
31,13.366,NODE,0,-5.068,-4.706,3.000,-0.135,0.583,0.000,0.599,zone=0 dist=0.29m
31,13.366,NODE,1,5.068,-4.706,3.000,0.135,0.584,0.000,0.599,zone=1 dist=0.29m
31,13.366,NODE,2,-4.787,4.787,3.000,0.424,-0.423,0.000,0.599,zone=2 dist=0.29m
31,13.366,NODE,3,4.787,4.787,3.000,-0.423,-0.421,0.000,0.597,zone=3 dist=0.29m
31,13.366,SCOUT,0,-3.559,-4.745,3.000,-0.134,0.581,0.000,0.596,cmd_age=0.02s bat=1.00 dist=0.26m
31,13.366,SCOUT,1,-5.059,-3.245,3.000,-0.134,0.581,0.000,0.596,cmd_age=0.02s bat=1.00 dist=0.26m
31,13.366,SCOUT,2,-6.559,-4.745,3.000,-0.134,0.581,0.000,0.596,cmd_age=0.02s bat=1.00 dist=0.26m
31,13.366,SCOUT,3,-5.059,-6.245,3.000,-0.134,0.581,0.000,0.596,cmd_age=0.02s bat=1.00 dist=0.26m
31,13.366,SCOUT,4,6.559,-4.745,3.000,0.135,0.581,0.000,0.597,cmd_age=0.02s bat=1.00 dist=0.26m
31,13.366,SCOUT,5,5.059,-3.245,3.000,0.135,0.581,0.000,0.597,cmd_age=0.02s bat=1.00 dist=0.26m
31,13.366,SCOUT,6,3.559,-4.745,3.000,0.135,0.581,0.000,0.597,cmd_age=0.02s bat=1.00 dist=0.26m
31,13.366,SCOUT,7,5.059,-6.245,3.000,0.135,0.581,0.000,0.597,cmd_age=0.02s bat=1.00 dist=0.26m
31,13.366,SCOUT,8,-3.315,4.815,3.000,0.422,-0.422,0.000,0.596,cmd_age=0.02s bat=1.00 dist=0.26m
31,13.366,SCOUT,9,-4.815,6.315,3.000,0.422,-0.422,0.000,0.596,cmd_age=0.02s bat=1.00 dist=0.26m
31,13.366,SCOUT,10,-6.315,4.815,3.000,0.422,-0.422,0.000,0.596,cmd_age=0.02s bat=1.00 dist=0.26m
31,13.366,SCOUT,11,-4.815,3.315,3.000,0.422,-0.422,0.000,0.596,cmd_age=0.02s bat=1.00 dist=0.26m
31,13.366,SCOUT,12,6.315,4.815,3.000,-0.421,-0.421,0.000,0.595,cmd_age=0.02s bat=1.00 dist=0.26m
31,13.366,SCOUT,13,4.815,6.315,3.000,-0.421,-0.421,0.000,0.595,cmd_age=0.02s bat=1.00 dist=0.26m
31,13.366,SCOUT,14,3.315,4.815,3.000,-0.421,-0.421,0.000,0.595,cmd_age=0.02s bat=1.00 dist=0.26m
31,13.366,SCOUT,15,4.815,3.315,3.000,-0.421,-0.421,0.000,0.595,cmd_age=0.02s bat=1.00 dist=0.26m
31,13.366,WORKER,0,-3.294,-4.235,3.000,-0.709,1.845,0.000,1.976,state=MOVING bat=1.00 dist=0.81m
31,13.366,WORKER,1,7.063,-4.183,3.000,0.152,1.970,0.000,1.976,state=MOVING bat=1.00 dist=0.81m
31,13.366,WORKER,2,-2.471,4.375,3.000,1.277,-1.509,0.000,1.976,state=MOVING bat=1.00 dist=0.81m
31,13.366,WORKER,3,6.381,4.463,3.000,-1.493,-1.294,0.000,1.976,state=MOVING bat=1.00 dist=0.81m
32,13.605,GENERAL,0,0.000,0.000,5.000,0.000,0.000,0.000,0.000,N/A
32,13.605,NODE,0,-5.070,-4.696,3.000,-0.134,0.584,0.000,0.599,zone=0 dist=0.30m
32,13.605,NODE,1,5.070,-4.696,3.000,0.135,0.583,0.000,0.599,zone=1 dist=0.30m
32,13.605,NODE,2,-4.780,4.780,3.000,0.424,-0.424,0.000,0.599,zone=2 dist=0.30m
32,13.605,NODE,3,4.780,4.780,3.000,-0.423,-0.423,0.000,0.599,zone=3 dist=0.30m
32,13.605,SCOUT,0,-3.561,-4.735,3.000,-0.134,0.582,0.000,0.597,cmd_age=0.02s bat=1.00 dist=0.27m
32,13.605,SCOUT,1,-5.061,-3.235,3.000,-0.134,0.582,0.000,0.597,cmd_age=0.02s bat=1.00 dist=0.27m
32,13.605,SCOUT,2,-6.561,-4.735,3.000,-0.134,0.582,0.000,0.597,cmd_age=0.02s bat=1.00 dist=0.27m
32,13.605,SCOUT,3,-5.061,-6.235,3.000,-0.134,0.582,0.000,0.597,cmd_age=0.02s bat=1.00 dist=0.27m
32,13.605,SCOUT,4,6.561,-4.735,3.000,0.135,0.582,0.000,0.597,cmd_age=0.02s bat=1.00 dist=0.27m
32,13.605,SCOUT,5,5.061,-3.235,3.000,0.135,0.582,0.000,0.597,cmd_age=0.02s bat=1.00 dist=0.27m
32,13.605,SCOUT,6,3.561,-4.735,3.000,0.135,0.582,0.000,0.597,cmd_age=0.02s bat=1.00 dist=0.27m
32,13.605,SCOUT,7,5.061,-6.235,3.000,0.135,0.582,0.000,0.597,cmd_age=0.02s bat=1.00 dist=0.27m
32,13.605,SCOUT,8,-3.308,4.808,3.000,0.422,-0.422,0.000,0.597,cmd_age=0.02s bat=1.00 dist=0.27m
32,13.605,SCOUT,9,-4.808,6.308,3.000,0.422,-0.422,0.000,0.597,cmd_age=0.02s bat=1.00 dist=0.27m
32,13.605,SCOUT,10,-6.308,4.808,3.000,0.422,-0.422,0.000,0.597,cmd_age=0.02s bat=1.00 dist=0.27m
32,13.605,SCOUT,11,-4.808,3.308,3.000,0.422,-0.422,0.000,0.597,cmd_age=0.02s bat=1.00 dist=0.27m
32,13.605,SCOUT,12,6.308,4.808,3.000,-0.422,-0.421,0.000,0.596,cmd_age=0.02s bat=1.00 dist=0.27m
32,13.605,SCOUT,13,4.808,6.308,3.000,-0.422,-0.421,0.000,0.596,cmd_age=0.02s bat=1.00 dist=0.27m
32,13.605,SCOUT,14,3.308,4.808,3.000,-0.422,-0.421,0.000,0.596,cmd_age=0.02s bat=1.00 dist=0.27m
32,13.605,SCOUT,15,4.808,3.308,3.000,-0.422,-0.421,0.000,0.596,cmd_age=0.02s bat=1.00 dist=0.27m
32,13.605,WORKER,0,-3.306,-4.205,3.000,-0.711,1.848,0.000,1.979,state=MOVING bat=1.00 dist=0.85m
32,13.605,WORKER,1,7.065,-4.150,3.000,0.152,1.974,0.000,1.979,state=MOVING bat=1.00 dist=0.85m
32,13.605,WORKER,2,-2.450,4.349,3.000,1.279,-1.511,0.000,1.979,state=MOVING bat=1.00 dist=0.85m
32,13.605,WORKER,3,6.356,4.442,3.000,-1.496,-1.296,0.000,1.979,state=MOVING bat=1.00 dist=0.85m
33,13.823,GENERAL,0,0.000,0.000,5.000,0.000,0.000,0.000,0.000,N/A
33,13.823,NODE,0,-5.072,-4.687,3.000,-0.136,0.583,0.000,0.599,zone=0 dist=0.31m
33,13.823,NODE,1,5.072,-4.687,3.000,0.134,0.584,0.000,0.599,zone=1 dist=0.31m
33,13.823,NODE,2,-4.772,4.773,3.000,0.423,-0.424,0.000,0.599,zone=2 dist=0.31m
33,13.823,NODE,3,4.772,4.773,3.000,-0.424,-0.423,0.000,0.599,zone=3 dist=0.31m
33,13.823,SCOUT,0,-3.563,-4.725,3.000,-0.135,0.582,0.000,0.597,cmd_age=0.02s bat=1.00 dist=0.28m
33,13.823,SCOUT,1,-5.063,-3.225,3.000,-0.135,0.582,0.000,0.597,cmd_age=0.02s bat=1.00 dist=0.28m
33,13.823,SCOUT,2,-6.563,-4.725,3.000,-0.135,0.582,0.000,0.597,cmd_age=0.02s bat=1.00 dist=0.28m
33,13.823,SCOUT,3,-5.063,-6.225,3.000,-0.135,0.582,0.000,0.597,cmd_age=0.02s bat=1.00 dist=0.28m
33,13.823,SCOUT,4,6.563,-4.725,3.000,0.135,0.582,0.000,0.597,cmd_age=0.02s bat=1.00 dist=0.28m
33,13.823,SCOUT,5,5.063,-3.225,3.000,0.135,0.582,0.000,0.597,cmd_age=0.02s bat=1.00 dist=0.28m
33,13.823,SCOUT,6,3.563,-4.725,3.000,0.135,0.582,0.000,0.597,cmd_age=0.02s bat=1.00 dist=0.28m
33,13.823,SCOUT,7,5.063,-6.225,3.000,0.135,0.582,0.000,0.597,cmd_age=0.02s bat=1.00 dist=0.28m
33,13.823,SCOUT,8,-3.301,4.801,3.000,0.422,-0.423,0.000,0.597,cmd_age=0.02s bat=1.00 dist=0.28m
33,13.823,SCOUT,9,-4.801,6.301,3.000,0.422,-0.423,0.000,0.597,cmd_age=0.02s bat=1.00 dist=0.28m
33,13.823,SCOUT,10,-6.301,4.801,3.000,0.422,-0.423,0.000,0.597,cmd_age=0.02s bat=1.00 dist=0.28m
33,13.823,SCOUT,11,-4.801,3.301,3.000,0.422,-0.423,0.000,0.597,cmd_age=0.02s bat=1.00 dist=0.28m
33,13.823,SCOUT,12,6.301,4.801,3.000,-0.422,-0.422,0.000,0.597,cmd_age=0.02s bat=1.00 dist=0.28m
33,13.823,SCOUT,13,4.801,6.301,3.000,-0.422,-0.422,0.000,0.597,cmd_age=0.02s bat=1.00 dist=0.28m
33,13.823,SCOUT,14,3.301,4.801,3.000,-0.422,-0.422,0.000,0.597,cmd_age=0.02s bat=1.00 dist=0.28m
33,13.823,SCOUT,15,4.801,3.301,3.000,-0.422,-0.422,0.000,0.597,cmd_age=0.02s bat=1.00 dist=0.28m
33,13.823,WORKER,0,-3.318,-4.174,3.000,-0.712,1.850,0.000,1.982,state=MOVING bat=1.00 dist=0.88m
33,13.823,WORKER,1,7.068,-4.117,3.000,0.152,1.976,0.000,1.982,state=MOVING bat=1.00 dist=0.88m
33,13.823,WORKER,2,-2.428,4.324,3.000,1.280,-1.513,0.000,1.982,state=MOVING bat=1.00 dist=0.88m
33,13.823,WORKER,3,6.331,4.420,3.000,-1.498,-1.298,0.000,1.982,state=MOVING bat=1.00 dist=0.88m
34,14.058,GENERAL,0,0.000,0.000,5.000,0.000,0.000,0.000,0.000,N/A
34,14.058,NODE,0,-5.074,-4.677,3.000,-0.135,0.584,0.000,0.599,zone=0 dist=0.32m
34,14.058,NODE,1,5.075,-4.677,3.000,0.134,0.584,0.000,0.599,zone=1 dist=0.32m
34,14.058,NODE,2,-4.765,4.765,3.000,0.423,-0.423,0.000,0.599,zone=2 dist=0.32m
34,14.058,NODE,3,4.765,4.766,3.000,-0.424,-0.424,0.000,0.600,zone=3 dist=0.32m
34,14.058,SCOUT,0,-3.565,-4.716,3.000,-0.135,0.582,0.000,0.598,cmd_age=0.02s bat=1.00 dist=0.29m
34,14.058,SCOUT,1,-5.065,-3.216,3.000,-0.135,0.582,0.000,0.598,cmd_age=0.02s bat=1.00 dist=0.29m
34,14.058,SCOUT,2,-6.565,-4.716,3.000,-0.135,0.582,0.000,0.598,cmd_age=0.02s bat=1.00 dist=0.29m
34,14.058,SCOUT,3,-5.065,-6.216,3.000,-0.135,0.582,0.000,0.598,cmd_age=0.02s bat=1.00 dist=0.29m
34,14.058,SCOUT,4,6.566,-4.716,3.000,0.134,0.582,0.000,0.598,cmd_age=0.02s bat=1.00 dist=0.29m
34,14.058,SCOUT,5,5.066,-3.216,3.000,0.134,0.582,0.000,0.598,cmd_age=0.02s bat=1.00 dist=0.29m
34,14.058,SCOUT,6,3.566,-4.716,3.000,0.134,0.582,0.000,0.598,cmd_age=0.02s bat=1.00 dist=0.29m
34,14.058,SCOUT,7,5.066,-6.216,3.000,0.134,0.582,0.000,0.598,cmd_age=0.02s bat=1.00 dist=0.29m
34,14.058,SCOUT,8,-3.294,4.794,3.000,0.422,-0.423,0.000,0.598,cmd_age=0.02s bat=1.00 dist=0.29m
34,14.058,SCOUT,9,-4.794,6.294,3.000,0.422,-0.423,0.000,0.598,cmd_age=0.02s bat=1.00 dist=0.29m
34,14.058,SCOUT,10,-6.294,4.794,3.000,0.422,-0.423,0.000,0.598,cmd_age=0.02s bat=1.00 dist=0.29m
34,14.058,SCOUT,11,-4.794,3.294,3.000,0.422,-0.423,0.000,0.598,cmd_age=0.02s bat=1.00 dist=0.29m
34,14.058,SCOUT,12,6.294,4.794,3.000,-0.422,-0.422,0.000,0.597,cmd_age=0.02s bat=1.00 dist=0.29m
34,14.058,SCOUT,13,4.794,6.294,3.000,-0.422,-0.422,0.000,0.597,cmd_age=0.02s bat=1.00 dist=0.29m
34,14.058,SCOUT,14,3.294,4.794,3.000,-0.422,-0.422,0.000,0.597,cmd_age=0.02s bat=1.00 dist=0.29m
34,14.058,SCOUT,15,4.794,3.294,3.000,-0.422,-0.422,0.000,0.597,cmd_age=0.02s bat=1.00 dist=0.29m
34,14.058,WORKER,0,-3.330,-4.143,3.000,-0.712,1.852,0.000,1.985,state=MOVING bat=1.00 dist=0.91m
34,14.058,WORKER,1,7.070,-4.084,3.000,0.152,1.979,0.000,1.985,state=MOVING bat=1.00 dist=0.91m
34,14.058,WORKER,2,-2.407,4.299,3.000,1.282,-1.515,0.000,1.985,state=MOVING bat=1.00 dist=0.91m
34,14.058,WORKER,3,6.306,4.399,3.000,-1.500,-1.300,0.000,1.985,state=MOVING bat=1.00 dist=0.91m
35,14.288,GENERAL,0,0.000,0.000,5.000,0.000,0.000,0.000,0.000,N/A
35,14.288,NODE,0,-5.077,-4.667,3.000,-0.135,0.584,0.000,0.600,zone=0 dist=0.33m
35,14.288,NODE,1,5.077,-4.667,3.000,0.134,0.583,0.000,0.599,zone=1 dist=0.33m
35,14.288,NODE,2,-4.758,4.758,3.000,0.424,-0.423,0.000,0.599,zone=2 dist=0.33m
35,14.288,NODE,3,4.758,4.759,3.000,-0.422,-0.423,0.000,0.598,zone=3 dist=0.33m
35,14.288,SCOUT,0,-3.568,-4.706,3.000,-0.135,0.583,0.000,0.598,cmd_age=0.02s bat=1.00 dist=0.30m
35,14.288,SCOUT,1,-5.068,-3.206,3.000,-0.135,0.583,0.000,0.598,cmd_age=0.02s bat=1.00 dist=0.30m
35,14.288,SCOUT,2,-6.568,-4.706,3.000,-0.135,0.583,0.000,0.598,cmd_age=0.02s bat=1.00 dist=0.30m
35,14.288,SCOUT,3,-5.068,-6.206,3.000,-0.135,0.583,0.000,0.598,cmd_age=0.02s bat=1.00 dist=0.30m
35,14.288,SCOUT,4,6.568,-4.706,3.000,0.134,0.583,0.000,0.598,cmd_age=0.02s bat=1.00 dist=0.30m
35,14.288,SCOUT,5,5.068,-3.206,3.000,0.134,0.583,0.000,0.598,cmd_age=0.02s bat=1.00 dist=0.30m
35,14.288,SCOUT,6,3.568,-4.706,3.000,0.134,0.583,0.000,0.598,cmd_age=0.02s bat=1.00 dist=0.30m
35,14.288,SCOUT,7,5.068,-6.206,3.000,0.134,0.583,0.000,0.598,cmd_age=0.02s bat=1.00 dist=0.30m
35,14.288,SCOUT,8,-3.287,4.787,3.000,0.423,-0.423,0.000,0.598,cmd_age=0.02s bat=1.00 dist=0.30m
35,14.288,SCOUT,9,-4.787,6.287,3.000,0.423,-0.423,0.000,0.598,cmd_age=0.02s bat=1.00 dist=0.30m
35,14.288,SCOUT,10,-6.287,4.787,3.000,0.423,-0.423,0.000,0.598,cmd_age=0.02s bat=1.00 dist=0.30m
35,14.288,SCOUT,11,-4.787,3.287,3.000,0.423,-0.423,0.000,0.598,cmd_age=0.02s bat=1.00 dist=0.30m
35,14.288,SCOUT,12,6.287,4.787,3.000,-0.422,-0.422,0.000,0.597,cmd_age=0.02s bat=1.00 dist=0.30m
35,14.288,SCOUT,13,4.787,6.287,3.000,-0.422,-0.422,0.000,0.597,cmd_age=0.02s bat=1.00 dist=0.30m
35,14.288,SCOUT,14,3.287,4.787,3.000,-0.422,-0.422,0.000,0.597,cmd_age=0.02s bat=1.00 dist=0.30m
35,14.288,SCOUT,15,4.787,3.287,3.000,-0.422,-0.422,0.000,0.597,cmd_age=0.02s bat=1.00 dist=0.30m
35,14.288,WORKER,0,-3.342,-4.112,3.000,-0.713,1.854,0.000,1.987,state=MOVING bat=1.00 dist=0.95m
35,14.288,WORKER,1,7.073,-4.051,3.000,0.152,1.981,0.000,1.987,state=MOVING bat=1.00 dist=0.95m
35,14.288,WORKER,2,-2.385,4.274,3.000,1.283,-1.517,0.000,1.987,state=MOVING bat=1.00 dist=0.95m
35,14.288,WORKER,3,6.281,4.377,3.000,-1.501,-1.301,0.000,1.987,state=MOVING bat=1.00 dist=0.95m
36,14.513,GENERAL,0,0.000,0.000,5.000,0.000,0.000,0.000,0.000,N/A
36,14.513,NODE,0,-5.079,-4.657,3.000,-0.135,0.584,0.000,0.599,zone=0 dist=0.34m
36,14.513,NODE,1,5.079,-4.657,3.000,0.134,0.583,0.000,0.598,zone=1 dist=0.34m
36,14.513,NODE,2,-4.751,4.751,3.000,0.424,-0.423,0.000,0.599,zone=2 dist=0.34m
36,14.513,NODE,3,4.751,4.752,3.000,-0.424,-0.425,0.000,0.600,zone=3 dist=0.34m
36,14.513,SCOUT,0,-3.570,-4.696,3.000,-0.135,0.583,0.000,0.598,cmd_age=0.02s bat=1.00 dist=0.31m
36,14.513,SCOUT,1,-5.070,-3.196,3.000,-0.135,0.583,0.000,0.598,cmd_age=0.02s bat=1.00 dist=0.31m
36,14.513,SCOUT,2,-6.570,-4.696,3.000,-0.135,0.583,0.000,0.598,cmd_age=0.02s bat=1.00 dist=0.31m
36,14.513,SCOUT,3,-5.070,-6.196,3.000,-0.135,0.583,0.000,0.598,cmd_age=0.02s bat=1.00 dist=0.31m
36,14.513,SCOUT,4,6.570,-4.696,3.000,0.134,0.583,0.000,0.598,cmd_age=0.02s bat=1.00 dist=0.31m
36,14.513,SCOUT,5,5.070,-3.196,3.000,0.134,0.583,0.000,0.598,cmd_age=0.02s bat=1.00 dist=0.31m
36,14.513,SCOUT,6,3.570,-4.696,3.000,0.134,0.583,0.000,0.598,cmd_age=0.02s bat=1.00 dist=0.31m
36,14.513,SCOUT,7,5.070,-6.196,3.000,0.134,0.583,0.000,0.598,cmd_age=0.02s bat=1.00 dist=0.31m
36,14.513,SCOUT,8,-3.279,4.780,3.000,0.423,-0.423,0.000,0.598,cmd_age=0.02s bat=1.00 dist=0.31m
36,14.513,SCOUT,9,-4.779,6.280,3.000,0.423,-0.423,0.000,0.598,cmd_age=0.02s bat=1.00 dist=0.31m
36,14.513,SCOUT,10,-6.279,4.780,3.000,0.423,-0.423,0.000,0.598,cmd_age=0.02s bat=1.00 dist=0.31m
36,14.513,SCOUT,11,-4.779,3.280,3.000,0.423,-0.423,0.000,0.598,cmd_age=0.02s bat=1.00 dist=0.31m
36,14.513,SCOUT,12,6.280,4.780,3.000,-0.423,-0.423,0.000,0.598,cmd_age=0.02s bat=1.00 dist=0.31m
36,14.513,SCOUT,13,4.780,6.280,3.000,-0.423,-0.423,0.000,0.598,cmd_age=0.02s bat=1.00 dist=0.31m
36,14.513,SCOUT,14,3.280,4.780,3.000,-0.423,-0.423,0.000,0.598,cmd_age=0.02s bat=1.00 dist=0.31m
36,14.513,SCOUT,15,4.780,3.280,3.000,-0.423,-0.423,0.000,0.598,cmd_age=0.02s bat=1.00 dist=0.31m
36,14.513,WORKER,0,-3.353,-4.081,3.000,-0.714,1.856,0.000,1.988,state=MOVING bat=1.00 dist=0.98m
36,14.513,WORKER,1,7.076,-4.018,3.000,0.153,1.983,0.000,1.988,state=MOVING bat=1.00 dist=0.98m
36,14.513,WORKER,2,-2.364,4.248,3.000,1.284,-1.518,0.000,1.988,state=MOVING bat=1.00 dist=0.98m
36,14.513,WORKER,3,6.256,4.355,3.000,-1.503,-1.302,0.000,1.988,state=MOVING bat=1.00 dist=0.98m
37,14.746,GENERAL,0,0.000,0.000,5.000,0.000,0.000,0.000,0.000,N/A
37,14.746,NODE,0,-5.081,-4.648,3.000,-0.135,0.584,0.000,0.599,zone=0 dist=0.35m
37,14.746,NODE,1,5.081,-4.648,3.000,0.133,0.583,0.000,0.598,zone=1 dist=0.35m
37,14.746,NODE,2,-4.744,4.744,3.000,0.423,-0.425,0.000,0.599,zone=2 dist=0.35m
37,14.746,NODE,3,4.744,4.744,3.000,-0.423,-0.425,0.000,0.599,zone=3 dist=0.35m
37,14.746,SCOUT,0,-3.572,-4.686,3.000,-0.135,0.583,0.000,0.598,cmd_age=0.02s bat=1.00 dist=0.32m
37,14.746,SCOUT,1,-5.072,-3.186,3.000,-0.135,0.583,0.000,0.598,cmd_age=0.02s bat=1.00 dist=0.32m
37,14.746,SCOUT,2,-6.572,-4.686,3.000,-0.135,0.583,0.000,0.598,cmd_age=0.02s bat=1.00 dist=0.32m
37,14.746,SCOUT,3,-5.072,-6.186,3.000,-0.135,0.583,0.000,0.598,cmd_age=0.02s bat=1.00 dist=0.32m
37,14.746,SCOUT,4,6.572,-4.687,3.000,0.134,0.583,0.000,0.598,cmd_age=0.02s bat=1.00 dist=0.32m
37,14.746,SCOUT,5,5.072,-3.187,3.000,0.134,0.583,0.000,0.598,cmd_age=0.02s bat=1.00 dist=0.32m
37,14.746,SCOUT,6,3.572,-4.687,3.000,0.134,0.583,0.000,0.598,cmd_age=0.02s bat=1.00 dist=0.32m
37,14.746,SCOUT,7,5.072,-6.187,3.000,0.134,0.583,0.000,0.598,cmd_age=0.02s bat=1.00 dist=0.32m
37,14.746,SCOUT,8,-3.272,4.773,3.000,0.423,-0.423,0.000,0.598,cmd_age=0.02s bat=1.00 dist=0.32m
37,14.746,SCOUT,9,-4.772,6.273,3.000,0.423,-0.423,0.000,0.598,cmd_age=0.02s bat=1.00 dist=0.32m
37,14.746,SCOUT,10,-6.272,4.773,3.000,0.423,-0.423,0.000,0.598,cmd_age=0.02s bat=1.00 dist=0.32m
37,14.746,SCOUT,11,-4.772,3.273,3.000,0.423,-0.423,0.000,0.598,cmd_age=0.02s bat=1.00 dist=0.32m
37,14.746,SCOUT,12,6.272,4.773,3.000,-0.423,-0.423,0.000,0.598,cmd_age=0.02s bat=1.00 dist=0.32m
37,14.746,SCOUT,13,4.772,6.273,3.000,-0.423,-0.423,0.000,0.598,cmd_age=0.02s bat=1.00 dist=0.32m
37,14.746,SCOUT,14,3.272,4.773,3.000,-0.423,-0.423,0.000,0.598,cmd_age=0.02s bat=1.00 dist=0.32m
37,14.746,SCOUT,15,4.772,3.273,3.000,-0.423,-0.423,0.000,0.598,cmd_age=0.02s bat=1.00 dist=0.32m
37,14.746,WORKER,0,-3.365,-4.050,3.000,-0.714,1.857,0.000,1.990,state=MOVING bat=1.00 dist=1.01m
37,14.746,WORKER,1,7.078,-3.985,3.000,0.153,1.984,0.000,1.990,state=MOVING bat=1.00 dist=1.01m
37,14.746,WORKER,2,-2.343,4.223,3.000,1.285,-1.519,0.000,1.990,state=MOVING bat=1.00 dist=1.01m
37,14.746,WORKER,3,6.231,4.333,3.000,-1.504,-1.303,0.000,1.990,state=MOVING bat=1.00 dist=1.01m
38,14.982,GENERAL,0,0.000,0.000,5.000,0.000,0.000,0.000,0.000,N/A
38,14.982,NODE,0,-5.083,-4.638,3.000,-0.135,0.584,0.000,0.600,zone=0 dist=0.36m
38,14.982,NODE,1,5.084,-4.638,3.000,0.134,0.584,0.000,0.599,zone=1 dist=0.36m
38,14.982,NODE,2,-4.737,4.737,3.000,0.424,-0.424,0.000,0.600,zone=2 dist=0.36m
38,14.982,NODE,3,4.737,4.737,3.000,-0.423,-0.424,0.000,0.599,zone=3 dist=0.36m
38,14.982,SCOUT,0,-3.574,-4.677,3.000,-0.135,0.583,0.000,0.599,cmd_age=0.02s bat=1.00 dist=0.33m
38,14.982,SCOUT,1,-5.074,-3.177,3.000,-0.135,0.583,0.000,0.599,cmd_age=0.02s bat=1.00 dist=0.33m
38,14.982,SCOUT,2,-6.574,-4.677,3.000,-0.135,0.583,0.000,0.599,cmd_age=0.02s bat=1.00 dist=0.33m
38,14.982,SCOUT,3,-5.074,-6.177,3.000,-0.135,0.583,0.000,0.599,cmd_age=0.02s bat=1.00 dist=0.33m
38,14.982,SCOUT,4,6.575,-4.677,3.000,0.134,0.583,0.000,0.598,cmd_age=0.02s bat=1.00 dist=0.33m
38,14.982,SCOUT,5,5.075,-3.177,3.000,0.134,0.583,0.000,0.598,cmd_age=0.02s bat=1.00 dist=0.33m
38,14.982,SCOUT,6,3.575,-4.677,3.000,0.134,0.583,0.000,0.598,cmd_age=0.02s bat=1.00 dist=0.33m
38,14.982,SCOUT,7,5.075,-6.177,3.000,0.134,0.583,0.000,0.598,cmd_age=0.02s bat=1.00 dist=0.33m
38,14.982,SCOUT,8,-3.265,4.765,3.000,0.423,-0.423,0.000,0.599,cmd_age=0.02s bat=1.00 dist=0.33m
38,14.982,SCOUT,9,-4.765,6.265,3.000,0.423,-0.423,0.000,0.599,cmd_age=0.02s bat=1.00 dist=0.33m
38,14.982,SCOUT,10,-6.265,4.765,3.000,0.423,-0.423,0.000,0.599,cmd_age=0.02s bat=1.00 dist=0.33m
38,14.982,SCOUT,11,-4.765,3.265,3.000,0.423,-0.423,0.000,0.599,cmd_age=0.02s bat=1.00 dist=0.33m
38,14.982,SCOUT,12,6.265,4.766,3.000,-0.423,-0.423,0.000,0.598,cmd_age=0.02s bat=1.00 dist=0.33m
38,14.982,SCOUT,13,4.765,6.266,3.000,-0.423,-0.423,0.000,0.598,cmd_age=0.02s bat=1.00 dist=0.33m
38,14.982,SCOUT,14,3.265,4.766,3.000,-0.423,-0.423,0.000,0.598,cmd_age=0.02s bat=1.00 dist=0.33m
38,14.982,SCOUT,15,4.765,3.266,3.000,-0.423,-0.423,0.000,0.598,cmd_age=0.02s bat=1.00 dist=0.33m
38,14.982,WORKER,0,-3.377,-4.019,3.000,-0.715,1.859,0.000,1.991,state=MOVING bat=1.00 dist=1.05m
38,14.982,WORKER,1,7.081,-3.952,3.000,0.153,1.985,0.000,1.991,state=MOVING bat=1.00 dist=1.05m
38,14.982,WORKER,2,-2.321,4.198,3.000,1.286,-1.520,0.000,1.991,state=MOVING bat=1.00 dist=1.05m
38,14.982,WORKER,3,6.206,4.312,3.000,-1.505,-1.304,0.000,1.991,state=MOVING bat=1.00 dist=1.05m
39,15.208,GENERAL,0,0.000,0.000,5.000,0.000,0.000,0.000,0.000,N/A
39,15.208,NODE,0,-5.086,-4.628,3.000,-0.136,0.584,0.000,0.599,zone=0 dist=0.37m
39,15.208,NODE,1,5.086,-4.628,3.000,0.134,0.585,0.000,0.600,zone=1 dist=0.37m
39,15.208,NODE,2,-4.730,4.730,3.000,0.424,-0.423,0.000,0.599,zone=2 dist=0.37m
39,15.208,NODE,3,4.730,4.730,3.000,-0.423,-0.424,0.000,0.599,zone=3 dist=0.37m
39,15.208,SCOUT,0,-3.577,-4.667,3.000,-0.135,0.583,0.000,0.599,cmd_age=0.02s bat=1.00 dist=0.34m
39,15.208,SCOUT,1,-5.077,-3.167,3.000,-0.135,0.583,0.000,0.599,cmd_age=0.02s bat=1.00 dist=0.34m
39,15.208,SCOUT,2,-6.577,-4.667,3.000,-0.135,0.583,0.000,0.599,cmd_age=0.02s bat=1.00 dist=0.34m
39,15.208,SCOUT,3,-5.077,-6.167,3.000,-0.135,0.583,0.000,0.599,cmd_age=0.02s bat=1.00 dist=0.34m
39,15.208,SCOUT,4,6.577,-4.667,3.000,0.134,0.583,0.000,0.599,cmd_age=0.02s bat=1.00 dist=0.34m
39,15.208,SCOUT,5,5.077,-3.167,3.000,0.134,0.583,0.000,0.599,cmd_age=0.02s bat=1.00 dist=0.34m
39,15.208,SCOUT,6,3.577,-4.667,3.000,0.134,0.583,0.000,0.599,cmd_age=0.02s bat=1.00 dist=0.34m
39,15.208,SCOUT,7,5.077,-6.167,3.000,0.134,0.583,0.000,0.599,cmd_age=0.02s bat=1.00 dist=0.34m
39,15.208,SCOUT,8,-3.258,4.758,3.000,0.423,-0.423,0.000,0.599,cmd_age=0.02s bat=1.00 dist=0.34m
39,15.208,SCOUT,9,-4.758,6.258,3.000,0.423,-0.423,0.000,0.599,cmd_age=0.02s bat=1.00 dist=0.34m
39,15.208,SCOUT,10,-6.258,4.758,3.000,0.423,-0.423,0.000,0.599,cmd_age=0.02s bat=1.00 dist=0.34m
39,15.208,SCOUT,11,-4.758,3.258,3.000,0.423,-0.423,0.000,0.599,cmd_age=0.02s bat=1.00 dist=0.34m
39,15.208,SCOUT,12,6.258,4.759,3.000,-0.423,-0.424,0.000,0.599,cmd_age=0.02s bat=1.00 dist=0.34m
39,15.208,SCOUT,13,4.758,6.259,3.000,-0.423,-0.424,0.000,0.599,cmd_age=0.02s bat=1.00 dist=0.34m
39,15.208,SCOUT,14,3.258,4.759,3.000,-0.423,-0.424,0.000,0.599,cmd_age=0.02s bat=1.00 dist=0.34m
39,15.208,SCOUT,15,4.758,3.259,3.000,-0.423,-0.424,0.000,0.599,cmd_age=0.02s bat=1.00 dist=0.34m
39,15.208,WORKER,0,-3.389,-3.988,3.000,-0.715,1.860,0.000,1.992,state=MOVING bat=1.00 dist=1.08m
39,15.208,WORKER,1,7.083,-3.919,3.000,0.153,1.987,0.000,1.992,state=MOVING bat=1.00 dist=1.08m
39,15.208,WORKER,2,-2.300,4.172,3.000,1.287,-1.521,0.000,1.992,state=MOVING bat=1.00 dist=1.08m
39,15.208,WORKER,3,6.181,4.290,3.000,-1.506,-1.305,0.000,1.992,state=MOVING bat=1.00 dist=1.08m
40,15.434,GENERAL,0,0.000,0.000,5.000,0.000,0.000,0.000,0.000,N/A
40,15.434,NODE,0,-5.088,-4.618,3.000,-0.134,0.585,0.000,0.600,zone=0 dist=0.38m
40,15.434,NODE,1,5.088,-4.618,3.000,0.134,0.584,0.000,0.599,zone=1 dist=0.38m
40,15.434,NODE,2,-4.723,4.723,3.000,0.424,-0.423,0.000,0.599,zone=2 dist=0.38m
40,15.434,NODE,3,4.723,4.723,3.000,-0.424,-0.425,0.000,0.600,zone=3 dist=0.38m
40,15.434,SCOUT,0,-3.579,-4.657,3.000,-0.135,0.584,0.000,0.599,cmd_age=0.02s bat=1.00 dist=0.35m
40,15.434,SCOUT,1,-5.079,-3.157,3.000,-0.135,0.584,0.000,0.599,cmd_age=0.02s bat=1.00 dist=0.35m
40,15.434,SCOUT,2,-6.579,-4.657,3.000,-0.135,0.584,0.000,0.599,cmd_age=0.02s bat=1.00 dist=0.35m
40,15.434,SCOUT,3,-5.079,-6.157,3.000,-0.135,0.584,0.000,0.599,cmd_age=0.02s bat=1.00 dist=0.35m
40,15.434,SCOUT,4,6.579,-4.657,3.000,0.134,0.583,0.000,0.599,cmd_age=0.02s bat=1.00 dist=0.35m
40,15.434,SCOUT,5,5.079,-3.157,3.000,0.134,0.583,0.000,0.599,cmd_age=0.02s bat=1.00 dist=0.35m
40,15.434,SCOUT,6,3.579,-4.657,3.000,0.134,0.583,0.000,0.599,cmd_age=0.02s bat=1.00 dist=0.35m
40,15.434,SCOUT,7,5.079,-6.157,3.000,0.134,0.583,0.000,0.599,cmd_age=0.02s bat=1.00 dist=0.35m
40,15.434,SCOUT,8,-3.251,4.751,3.000,0.423,-0.423,0.000,0.599,cmd_age=0.02s bat=1.00 dist=0.35m
40,15.434,SCOUT,9,-4.751,6.251,3.000,0.423,-0.423,0.000,0.599,cmd_age=0.02s bat=1.00 dist=0.35m
40,15.434,SCOUT,10,-6.251,4.751,3.000,0.423,-0.423,0.000,0.599,cmd_age=0.02s bat=1.00 dist=0.35m
40,15.434,SCOUT,11,-4.751,3.251,3.000,0.423,-0.423,0.000,0.599,cmd_age=0.02s bat=1.00 dist=0.35m
40,15.434,SCOUT,12,6.251,4.751,3.000,-0.423,-0.424,0.000,0.599,cmd_age=0.02s bat=1.00 dist=0.35m
40,15.434,SCOUT,13,4.751,6.251,3.000,-0.423,-0.424,0.000,0.599,cmd_age=0.02s bat=1.00 dist=0.35m
40,15.434,SCOUT,14,3.251,4.751,3.000,-0.423,-0.424,0.000,0.599,cmd_age=0.02s bat=1.00 dist=0.35m
40,15.434,SCOUT,15,4.751,3.251,3.000,-0.423,-0.424,0.000,0.599,cmd_age=0.02s bat=1.00 dist=0.35m
40,15.434,WORKER,0,-3.401,-3.957,3.000,-0.716,1.861,0.000,1.993,state=MOVING bat=1.00 dist=1.11m
40,15.434,WORKER,1,7.086,-3.886,3.000,0.153,1.988,0.000,1.993,state=MOVING bat=1.00 dist=1.11m
40,15.434,WORKER,2,-2.278,4.147,3.000,1.288,-1.522,0.000,1.993,state=MOVING bat=1.00 dist=1.11m
40,15.434,WORKER,3,6.156,4.268,3.000,-1.506,-1.306,0.000,1.993,state=MOVING bat=1.00 dist=1.11m
41,15.655,GENERAL,0,0.000,0.000,5.000,0.000,0.000,0.000,0.000,N/A
41,15.655,NODE,0,-5.090,-4.609,3.000,-0.135,0.585,0.000,0.600,zone=0 dist=0.39m
41,15.655,NODE,1,5.090,-4.609,3.000,0.135,0.585,0.000,0.600,zone=1 dist=0.39m
41,15.655,NODE,2,-4.716,4.716,3.000,0.423,-0.424,0.000,0.599,zone=2 dist=0.39m
41,15.655,NODE,3,4.716,4.716,3.000,-0.423,-0.425,0.000,0.599,zone=3 dist=0.39m
41,15.655,SCOUT,0,-3.581,-4.648,3.000,-0.135,0.584,0.000,0.599,cmd_age=0.02s bat=1.00 dist=0.36m
41,15.655,SCOUT,1,-5.081,-3.148,3.000,-0.135,0.584,0.000,0.599,cmd_age=0.02s bat=1.00 dist=0.36m
41,15.655,SCOUT,2,-6.581,-4.648,3.000,-0.135,0.584,0.000,0.599,cmd_age=0.02s bat=1.00 dist=0.36m
41,15.655,SCOUT,3,-5.081,-6.148,3.000,-0.135,0.584,0.000,0.599,cmd_age=0.02s bat=1.00 dist=0.36m
41,15.655,SCOUT,4,6.581,-4.648,3.000,0.134,0.584,0.000,0.599,cmd_age=0.02s bat=1.00 dist=0.36m
41,15.655,SCOUT,5,5.081,-3.148,3.000,0.134,0.584,0.000,0.599,cmd_age=0.02s bat=1.00 dist=0.36m
41,15.655,SCOUT,6,3.581,-4.648,3.000,0.134,0.584,0.000,0.599,cmd_age=0.02s bat=1.00 dist=0.36m
41,15.655,SCOUT,7,5.081,-6.148,3.000,0.134,0.584,0.000,0.599,cmd_age=0.02s bat=1.00 dist=0.36m
41,15.655,SCOUT,8,-3.244,4.744,3.000,0.423,-0.423,0.000,0.599,cmd_age=0.02s bat=1.00 dist=0.36m
41,15.655,SCOUT,9,-4.744,6.244,3.000,0.423,-0.423,0.000,0.599,cmd_age=0.02s bat=1.00 dist=0.36m
41,15.655,SCOUT,10,-6.244,4.744,3.000,0.423,-0.423,0.000,0.599,cmd_age=0.02s bat=1.00 dist=0.36m
41,15.655,SCOUT,11,-4.744,3.244,3.000,0.423,-0.423,0.000,0.599,cmd_age=0.02s bat=1.00 dist=0.36m
41,15.655,SCOUT,12,6.244,4.744,3.000,-0.423,-0.424,0.000,0.599,cmd_age=0.02s bat=1.00 dist=0.36m
41,15.655,SCOUT,13,4.744,6.244,3.000,-0.423,-0.424,0.000,0.599,cmd_age=0.02s bat=1.00 dist=0.36m
41,15.655,SCOUT,14,3.244,4.744,3.000,-0.423,-0.424,0.000,0.599,cmd_age=0.02s bat=1.00 dist=0.36m
41,15.655,SCOUT,15,4.744,3.244,3.000,-0.423,-0.424,0.000,0.599,cmd_age=0.02s bat=1.00 dist=0.36m
41,15.655,WORKER,0,-3.413,-3.926,3.000,-0.716,1.861,0.000,1.994,state=MOVING bat=1.00 dist=1.15m
41,15.655,WORKER,1,7.088,-3.853,3.000,0.153,1.988,0.000,1.994,state=MOVING bat=1.00 dist=1.15m
41,15.655,WORKER,2,-2.257,4.122,3.000,1.288,-1.522,0.000,1.994,state=MOVING bat=1.00 dist=1.15m
41,15.655,WORKER,3,6.130,4.246,3.000,-1.507,-1.306,0.000,1.994,state=MOVING bat=1.00 dist=1.15m
42,15.878,GENERAL,0,0.000,0.000,5.000,0.000,0.000,0.000,0.000,N/A
42,15.878,NODE,0,-5.092,-4.599,3.000,-0.134,0.585,0.000,0.600,zone=0 dist=0.40m
42,15.878,NODE,1,5.092,-4.599,3.000,0.133,0.585,0.000,0.600,zone=1 dist=0.40m
42,15.878,NODE,2,-4.709,4.709,3.000,0.424,-0.424,0.000,0.600,zone=2 dist=0.40m
42,15.878,NODE,3,4.709,4.709,3.000,-0.424,-0.425,0.000,0.600,zone=3 dist=0.40m
42,15.878,SCOUT,0,-3.583,-4.638,3.000,-0.135,0.584,0.000,0.599,cmd_age=0.02s bat=1.00 dist=0.37m
42,15.878,SCOUT,1,-5.083,-3.138,3.000,-0.135,0.584,0.000,0.599,cmd_age=0.02s bat=1.00 dist=0.37m
42,15.878,SCOUT,2,-6.583,-4.638,3.000,-0.135,0.584,0.000,0.599,cmd_age=0.02s bat=1.00 dist=0.37m
42,15.878,SCOUT,3,-5.083,-6.138,3.000,-0.135,0.584,0.000,0.599,cmd_age=0.02s bat=1.00 dist=0.37m
42,15.878,SCOUT,4,6.584,-4.638,3.000,0.134,0.584,0.000,0.599,cmd_age=0.02s bat=1.00 dist=0.37m
42,15.878,SCOUT,5,5.084,-3.138,3.000,0.134,0.584,0.000,0.599,cmd_age=0.02s bat=1.00 dist=0.37m
42,15.878,SCOUT,6,3.584,-4.638,3.000,0.134,0.584,0.000,0.599,cmd_age=0.02s bat=1.00 dist=0.37m
42,15.878,SCOUT,7,5.084,-6.138,3.000,0.134,0.584,0.000,0.599,cmd_age=0.02s bat=1.00 dist=0.37m
42,15.878,SCOUT,8,-3.237,4.737,3.000,0.424,-0.424,0.000,0.599,cmd_age=0.02s bat=1.00 dist=0.37m
42,15.878,SCOUT,9,-4.737,6.237,3.000,0.424,-0.424,0.000,0.599,cmd_age=0.02s bat=1.00 dist=0.37m
42,15.878,SCOUT,10,-6.237,4.737,3.000,0.424,-0.424,0.000,0.599,cmd_age=0.02s bat=1.00 dist=0.37m
42,15.878,SCOUT,11,-4.737,3.237,3.000,0.424,-0.424,0.000,0.599,cmd_age=0.02s bat=1.00 dist=0.37m
42,15.878,SCOUT,12,6.237,4.737,3.000,-0.423,-0.424,0.000,0.599,cmd_age=0.02s bat=1.00 dist=0.37m
42,15.878,SCOUT,13,4.737,6.237,3.000,-0.423,-0.424,0.000,0.599,cmd_age=0.02s bat=1.00 dist=0.37m
42,15.878,SCOUT,14,3.237,4.737,3.000,-0.423,-0.424,0.000,0.599,cmd_age=0.02s bat=1.00 dist=0.37m
42,15.878,SCOUT,15,4.737,3.237,3.000,-0.423,-0.424,0.000,0.599,cmd_age=0.02s bat=1.00 dist=0.37m
42,15.878,WORKER,0,-3.425,-3.895,3.000,-0.716,1.862,0.000,1.995,state=MOVING bat=1.00 dist=1.18m
42,15.878,WORKER,1,7.091,-3.820,3.000,0.153,1.989,0.000,1.995,state=MOVING bat=1.00 dist=1.18m
42,15.878,WORKER,2,-2.235,4.096,3.000,1.289,-1.523,0.000,1.995,state=MOVING bat=1.00 dist=1.18m
42,15.878,WORKER,3,6.105,4.225,3.000,-1.508,-1.307,0.000,1.995,state=MOVING bat=1.00 dist=1.18m
43,16.498,GENERAL,0,0.000,0.000,5.000,0.000,0.000,0.000,0.000,N/A
43,16.498,NODE,0,-5.095,-4.589,3.000,-0.134,0.585,0.000,0.600,zone=0 dist=0.41m
43,16.498,NODE,1,5.095,-4.589,3.000,0.133,0.585,0.000,0.600,zone=1 dist=0.41m
43,16.498,NODE,2,-4.702,4.702,3.000,0.424,-0.424,0.000,0.600,zone=2 dist=0.41m
43,16.498,NODE,3,4.702,4.702,3.000,-0.425,-0.424,0.000,0.600,zone=3 dist=0.41m
43,16.498,SCOUT,0,-3.586,-4.628,3.000,-0.134,0.584,0.000,0.600,cmd_age=0.02s bat=1.00 dist=0.38m
43,16.498,SCOUT,1,-5.086,-3.128,3.000,-0.134,0.584,0.000,0.600,cmd_age=0.02s bat=1.00 dist=0.38m
43,16.498,SCOUT,2,-6.586,-4.628,3.000,-0.134,0.584,0.000,0.600,cmd_age=0.02s bat=1.00 dist=0.38m
43,16.498,SCOUT,3,-5.086,-6.128,3.000,-0.134,0.584,0.000,0.600,cmd_age=0.02s bat=1.00 dist=0.38m
43,16.498,SCOUT,4,6.586,-4.628,3.000,0.134,0.584,0.000,0.599,cmd_age=0.02s bat=1.00 dist=0.38m
43,16.498,SCOUT,5,5.086,-3.128,3.000,0.134,0.584,0.000,0.599,cmd_age=0.02s bat=1.00 dist=0.38m
43,16.498,SCOUT,6,3.586,-4.628,3.000,0.134,0.584,0.000,0.599,cmd_age=0.02s bat=1.00 dist=0.38m
43,16.498,SCOUT,7,5.086,-6.128,3.000,0.134,0.584,0.000,0.599,cmd_age=0.02s bat=1.00 dist=0.38m
43,16.498,SCOUT,8,-3.230,4.730,3.000,0.424,-0.424,0.000,0.599,cmd_age=0.02s bat=1.00 dist=0.38m
43,16.498,SCOUT,9,-4.730,6.230,3.000,0.424,-0.424,0.000,0.599,cmd_age=0.02s bat=1.00 dist=0.38m
43,16.498,SCOUT,10,-6.230,4.730,3.000,0.424,-0.424,0.000,0.599,cmd_age=0.02s bat=1.00 dist=0.38m
43,16.498,SCOUT,11,-4.730,3.230,3.000,0.424,-0.424,0.000,0.599,cmd_age=0.02s bat=1.00 dist=0.38m
43,16.498,SCOUT,12,6.230,4.730,3.000,-0.423,-0.424,0.000,0.599,cmd_age=0.02s bat=1.00 dist=0.38m
43,16.498,SCOUT,13,4.730,6.230,3.000,-0.423,-0.424,0.000,0.599,cmd_age=0.02s bat=1.00 dist=0.38m
43,16.498,SCOUT,14,3.230,4.730,3.000,-0.423,-0.424,0.000,0.599,cmd_age=0.02s bat=1.00 dist=0.38m
43,16.498,SCOUT,15,4.730,3.230,3.000,-0.423,-0.424,0.000,0.599,cmd_age=0.02s bat=1.00 dist=0.38m
43,16.498,WORKER,0,-3.437,-3.864,3.000,-0.716,1.863,0.000,1.996,state=MOVING bat=1.00 dist=1.21m
43,16.498,WORKER,1,7.093,-3.786,3.000,0.153,1.990,0.000,1.996,state=MOVING bat=1.00 dist=1.21m
43,16.498,WORKER,2,-2.214,4.071,3.000,1.289,-1.524,0.000,1.996,state=MOVING bat=1.00 dist=1.21m
43,16.498,WORKER,3,6.080,4.203,3.000,-1.508,-1.307,0.000,1.996,state=MOVING bat=1.00 dist=1.21m
44,16.687,GENERAL,0,0.000,0.000,5.000,0.000,0.000,0.000,0.000,N/A
44,16.687,NODE,0,-5.097,-4.579,3.000,-0.134,0.584,0.000,0.599,zone=0 dist=0.42m
44,16.687,NODE,1,5.097,-4.579,3.000,0.135,0.585,0.000,0.600,zone=1 dist=0.42m
44,16.687,NODE,2,-4.695,4.695,3.000,0.423,-0.424,0.000,0.599,zone=2 dist=0.42m
44,16.687,NODE,3,4.695,4.695,3.000,-0.425,-0.423,0.000,0.600,zone=3 dist=0.42m
44,16.687,SCOUT,0,-3.588,-4.618,3.000,-0.134,0.584,0.000,0.599,cmd_age=0.02s bat=1.00 dist=0.39m
44,16.687,SCOUT,1,-5.088,-3.118,3.000,-0.134,0.584,0.000,0.599,cmd_age=0.02s bat=1.00 dist=0.39m
44,16.687,SCOUT,2,-6.588,-4.618,3.000,-0.134,0.584,0.000,0.599,cmd_age=0.02s bat=1.00 dist=0.39m
44,16.687,SCOUT,3,-5.088,-6.118,3.000,-0.134,0.584,0.000,0.599,cmd_age=0.02s bat=1.00 dist=0.39m
44,16.687,SCOUT,4,6.588,-4.618,3.000,0.134,0.584,0.000,0.599,cmd_age=0.02s bat=1.00 dist=0.39m
44,16.687,SCOUT,5,5.088,-3.118,3.000,0.134,0.584,0.000,0.599,cmd_age=0.02s bat=1.00 dist=0.39m
44,16.687,SCOUT,6,3.588,-4.618,3.000,0.134,0.584,0.000,0.599,cmd_age=0.02s bat=1.00 dist=0.39m
44,16.687,SCOUT,7,5.088,-6.118,3.000,0.134,0.584,0.000,0.599,cmd_age=0.02s bat=1.00 dist=0.39m
44,16.687,SCOUT,8,-3.223,4.723,3.000,0.424,-0.424,0.000,0.599,cmd_age=0.02s bat=1.00 dist=0.39m
44,16.687,SCOUT,9,-4.723,6.223,3.000,0.424,-0.424,0.000,0.599,cmd_age=0.02s bat=1.00 dist=0.39m
44,16.687,SCOUT,10,-6.223,4.723,3.000,0.424,-0.424,0.000,0.599,cmd_age=0.02s bat=1.00 dist=0.39m
44,16.687,SCOUT,11,-4.723,3.223,3.000,0.424,-0.424,0.000,0.599,cmd_age=0.02s bat=1.00 dist=0.39m
44,16.687,SCOUT,12,6.223,4.723,3.000,-0.424,-0.424,0.000,0.599,cmd_age=0.02s bat=1.00 dist=0.39m
44,16.687,SCOUT,13,4.723,6.223,3.000,-0.424,-0.424,0.000,0.599,cmd_age=0.02s bat=1.00 dist=0.39m
44,16.687,SCOUT,14,3.223,4.723,3.000,-0.424,-0.424,0.000,0.599,cmd_age=0.02s bat=1.00 dist=0.39m
44,16.687,SCOUT,15,4.723,3.223,3.000,-0.424,-0.424,0.000,0.599,cmd_age=0.02s bat=1.00 dist=0.39m
44,16.687,WORKER,0,-3.449,-3.833,3.000,-0.717,1.863,0.000,1.996,state=MOVING bat=1.00 dist=1.25m
44,16.687,WORKER,1,7.096,-3.753,3.000,0.153,1.990,0.000,1.996,state=MOVING bat=1.00 dist=1.25m
44,16.687,WORKER,2,-2.192,4.045,3.000,1.290,-1.524,0.000,1.996,state=MOVING bat=1.00 dist=1.25m
44,16.687,WORKER,3,6.055,4.181,3.000,-1.509,-1.307,0.000,1.996,state=MOVING bat=1.00 dist=1.25m
45,16.896,GENERAL,0,0.000,0.000,5.000,0.000,0.000,0.000,0.000,N/A
45,16.896,NODE,0,-5.099,-4.570,3.000,-0.134,0.584,0.000,0.599,zone=0 dist=0.43m
45,16.896,NODE,1,5.099,-4.570,3.000,0.135,0.584,0.000,0.599,zone=1 dist=0.43m
45,16.896,NODE,2,-4.688,4.688,3.000,0.425,-0.425,0.000,0.601,zone=2 dist=0.43m
45,16.896,NODE,3,4.688,4.688,3.000,-0.424,-0.423,0.000,0.599,zone=3 dist=0.43m
45,16.896,SCOUT,0,-3.590,-4.609,3.000,-0.134,0.584,0.000,0.599,cmd_age=0.02s bat=1.00 dist=0.40m
45,16.896,SCOUT,1,-5.090,-3.109,3.000,-0.134,0.584,0.000,0.599,cmd_age=0.02s bat=1.00 dist=0.40m
45,16.896,SCOUT,2,-6.590,-4.609,3.000,-0.134,0.584,0.000,0.599,cmd_age=0.02s bat=1.00 dist=0.40m
45,16.896,SCOUT,3,-5.090,-6.109,3.000,-0.134,0.584,0.000,0.599,cmd_age=0.02s bat=1.00 dist=0.40m
45,16.896,SCOUT,4,6.590,-4.609,3.000,0.134,0.584,0.000,0.599,cmd_age=0.02s bat=1.00 dist=0.40m
45,16.896,SCOUT,5,5.090,-3.109,3.000,0.134,0.584,0.000,0.599,cmd_age=0.02s bat=1.00 dist=0.40m
45,16.896,SCOUT,6,3.590,-4.609,3.000,0.134,0.584,0.000,0.599,cmd_age=0.02s bat=1.00 dist=0.40m
45,16.896,SCOUT,7,5.090,-6.109,3.000,0.134,0.584,0.000,0.599,cmd_age=0.02s bat=1.00 dist=0.40m
45,16.896,SCOUT,8,-3.216,4.716,3.000,0.424,-0.424,0.000,0.599,cmd_age=0.02s bat=1.00 dist=0.40m
45,16.896,SCOUT,9,-4.716,6.216,3.000,0.424,-0.424,0.000,0.599,cmd_age=0.02s bat=1.00 dist=0.40m
45,16.896,SCOUT,10,-6.216,4.716,3.000,0.424,-0.424,0.000,0.599,cmd_age=0.02s bat=1.00 dist=0.40m
45,16.896,SCOUT,11,-4.716,3.216,3.000,0.424,-0.424,0.000,0.599,cmd_age=0.02s bat=1.00 dist=0.40m
45,16.896,SCOUT,12,6.216,4.716,3.000,-0.424,-0.424,0.000,0.599,cmd_age=0.02s bat=1.00 dist=0.40m
45,16.896,SCOUT,13,4.716,6.216,3.000,-0.424,-0.424,0.000,0.599,cmd_age=0.02s bat=1.00 dist=0.40m
45,16.896,SCOUT,14,3.216,4.716,3.000,-0.424,-0.424,0.000,0.599,cmd_age=0.02s bat=1.00 dist=0.40m
45,16.896,SCOUT,15,4.716,3.216,3.000,-0.424,-0.424,0.000,0.599,cmd_age=0.02s bat=1.00 dist=0.40m
45,16.896,WORKER,0,-3.461,-3.802,3.000,-0.717,1.864,0.000,1.997,state=MOVING bat=1.00 dist=1.28m
45,16.896,WORKER,1,7.098,-3.720,3.000,0.153,1.991,0.000,1.997,state=MOVING bat=1.00 dist=1.28m
45,16.896,WORKER,2,-2.171,4.020,3.000,1.290,-1.524,0.000,1.997,state=MOVING bat=1.00 dist=1.28m
45,16.896,WORKER,3,6.030,4.159,3.000,-1.509,-1.308,0.000,1.997,state=MOVING bat=1.00 dist=1.28m
46,17.701,GENERAL,0,0.000,0.000,5.000,0.000,0.000,0.000,0.000,N/A
46,17.701,NODE,0,-5.101,-4.560,3.000,-0.135,0.585,0.000,0.600,zone=0 dist=0.44m
46,17.701,NODE,1,5.101,-4.560,3.000,0.134,0.585,0.000,0.600,zone=1 dist=0.44m
46,17.701,NODE,2,-4.681,4.681,3.000,0.424,-0.426,0.000,0.601,zone=2 dist=0.44m
46,17.701,NODE,3,4.681,4.681,3.000,-0.424,-0.424,0.000,0.600,zone=3 dist=0.44m
46,17.701,SCOUT,0,-3.592,-4.599,3.000,-0.134,0.584,0.000,0.600,cmd_age=0.02s bat=1.00 dist=0.41m
46,17.701,SCOUT,1,-5.092,-3.099,3.000,-0.134,0.584,0.000,0.600,cmd_age=0.02s bat=1.00 dist=0.41m
46,17.701,SCOUT,2,-6.592,-4.599,3.000,-0.134,0.584,0.000,0.600,cmd_age=0.02s bat=1.00 dist=0.41m
46,17.701,SCOUT,3,-5.092,-6.099,3.000,-0.134,0.584,0.000,0.600,cmd_age=0.02s bat=1.00 dist=0.41m
46,17.701,SCOUT,4,6.592,-4.599,3.000,0.134,0.584,0.000,0.600,cmd_age=0.02s bat=1.00 dist=0.41m
46,17.701,SCOUT,5,5.092,-3.099,3.000,0.134,0.584,0.000,0.600,cmd_age=0.02s bat=1.00 dist=0.41m
46,17.701,SCOUT,6,3.592,-4.599,3.000,0.134,0.584,0.000,0.600,cmd_age=0.02s bat=1.00 dist=0.41m
46,17.701,SCOUT,7,5.092,-6.099,3.000,0.134,0.584,0.000,0.600,cmd_age=0.02s bat=1.00 dist=0.41m
46,17.701,SCOUT,8,-3.209,4.709,3.000,0.424,-0.424,0.000,0.600,cmd_age=0.02s bat=1.00 dist=0.41m
46,17.701,SCOUT,9,-4.709,6.209,3.000,0.424,-0.424,0.000,0.600,cmd_age=0.02s bat=1.00 dist=0.41m
46,17.701,SCOUT,10,-6.209,4.709,3.000,0.424,-0.424,0.000,0.600,cmd_age=0.02s bat=1.00 dist=0.41m
46,17.701,SCOUT,11,-4.709,3.209,3.000,0.424,-0.424,0.000,0.600,cmd_age=0.02s bat=1.00 dist=0.41m
46,17.701,SCOUT,12,6.209,4.709,3.000,-0.424,-0.424,0.000,0.599,cmd_age=0.02s bat=1.00 dist=0.41m
46,17.701,SCOUT,13,4.709,6.209,3.000,-0.424,-0.424,0.000,0.599,cmd_age=0.02s bat=1.00 dist=0.41m
46,17.701,SCOUT,14,3.209,4.709,3.000,-0.424,-0.424,0.000,0.599,cmd_age=0.02s bat=1.00 dist=0.41m
46,17.701,SCOUT,15,4.709,3.209,3.000,-0.424,-0.424,0.000,0.599,cmd_age=0.02s bat=1.00 dist=0.41m
46,17.701,WORKER,0,-3.473,-3.771,3.000,-0.717,1.864,0.000,1.997,state=MOVING bat=1.00 dist=1.31m
46,17.701,WORKER,1,7.101,-3.687,3.000,0.153,1.991,0.000,1.997,state=MOVING bat=1.00 dist=1.31m
46,17.701,WORKER,2,-2.149,3.995,3.000,1.290,-1.525,0.000,1.997,state=MOVING bat=1.00 dist=1.31m
46,17.701,WORKER,3,6.005,4.137,3.000,-1.509,-1.308,0.000,1.997,state=MOVING bat=1.00 dist=1.31m
47,17.900,GENERAL,0,0.000,0.000,5.000,0.000,0.000,0.000,0.000,N/A
47,17.900,NODE,0,-5.103,-4.550,3.000,-0.135,0.586,0.000,0.602,zone=0 dist=0.45m
47,17.900,NODE,1,5.104,-4.550,3.000,0.135,0.584,0.000,0.599,zone=1 dist=0.45m
47,17.900,NODE,2,-4.674,4.674,3.000,0.424,-0.425,0.000,0.601,zone=2 dist=0.45m
47,17.900,NODE,3,4.674,4.674,3.000,-0.424,-0.424,0.000,0.600,zone=3 dist=0.45m
47,17.900,SCOUT,0,-3.595,-4.589,3.000,-0.134,0.585,0.000,0.600,cmd_age=0.02s bat=1.00 dist=0.42m
47,17.900,SCOUT,1,-5.095,-3.089,3.000,-0.134,0.585,0.000,0.600,cmd_age=0.02s bat=1.00 dist=0.42m
47,17.900,SCOUT,2,-6.595,-4.589,3.000,-0.134,0.585,0.000,0.600,cmd_age=0.02s bat=1.00 dist=0.42m
47,17.900,SCOUT,3,-5.095,-6.089,3.000,-0.134,0.585,0.000,0.600,cmd_age=0.02s bat=1.00 dist=0.42m
47,17.900,SCOUT,4,6.595,-4.589,3.000,0.134,0.584,0.000,0.599,cmd_age=0.02s bat=1.00 dist=0.42m
47,17.900,SCOUT,5,5.095,-3.089,3.000,0.134,0.584,0.000,0.599,cmd_age=0.02s bat=1.00 dist=0.42m
47,17.900,SCOUT,6,3.595,-4.589,3.000,0.134,0.584,0.000,0.599,cmd_age=0.02s bat=1.00 dist=0.42m
47,17.900,SCOUT,7,5.095,-6.089,3.000,0.134,0.584,0.000,0.599,cmd_age=0.02s bat=1.00 dist=0.42m
47,17.900,SCOUT,8,-3.202,4.702,3.000,0.424,-0.424,0.000,0.600,cmd_age=0.02s bat=1.00 dist=0.42m
47,17.900,SCOUT,9,-4.702,6.202,3.000,0.424,-0.424,0.000,0.600,cmd_age=0.02s bat=1.00 dist=0.42m
47,17.900,SCOUT,10,-6.202,4.702,3.000,0.424,-0.424,0.000,0.600,cmd_age=0.02s bat=1.00 dist=0.42m
47,17.900,SCOUT,11,-4.702,3.202,3.000,0.424,-0.424,0.000,0.600,cmd_age=0.02s bat=1.00 dist=0.42m
47,17.900,SCOUT,12,6.202,4.702,3.000,-0.424,-0.424,0.000,0.599,cmd_age=0.02s bat=1.00 dist=0.42m
47,17.900,SCOUT,13,4.702,6.202,3.000,-0.424,-0.424,0.000,0.599,cmd_age=0.02s bat=1.00 dist=0.42m
47,17.900,SCOUT,14,3.202,4.702,3.000,-0.424,-0.424,0.000,0.599,cmd_age=0.02s bat=1.00 dist=0.42m
47,17.900,SCOUT,15,4.702,3.202,3.000,-0.424,-0.424,0.000,0.599,cmd_age=0.02s bat=1.00 dist=0.42m
47,17.900,WORKER,0,-3.485,-3.740,3.000,-0.717,1.864,0.000,1.998,state=MOVING bat=1.00 dist=1.35m
47,17.900,WORKER,1,7.104,-3.654,3.000,0.153,1.992,0.000,1.998,state=MOVING bat=1.00 dist=1.35m
47,17.900,WORKER,2,-2.128,3.969,3.000,1.290,-1.525,0.000,1.998,state=MOVING bat=1.00 dist=1.35m
47,17.900,WORKER,3,5.980,4.116,3.000,-1.510,-1.308,0.000,1.998,state=MOVING bat=1.00 dist=1.35m
48,18.108,GENERAL,0,0.000,0.000,5.000,0.000,0.000,0.000,0.000,N/A
48,18.108,NODE,0,-5.106,-4.540,3.000,-0.135,0.585,0.000,0.600,zone=0 dist=0.46m
48,18.108,NODE,1,5.106,-4.541,3.000,0.135,0.584,0.000,0.599,zone=1 dist=0.46m
48,18.108,NODE,2,-4.666,4.667,3.000,0.424,-0.425,0.000,0.601,zone=2 dist=0.46m
48,18.108,NODE,3,4.667,4.667,3.000,-0.425,-0.425,0.000,0.601,zone=3 dist=0.46m
48,18.108,SCOUT,0,-3.597,-4.579,3.000,-0.135,0.585,0.000,0.600,cmd_age=0.02s bat=1.00 dist=0.43m
48,18.108,SCOUT,1,-5.097,-3.079,3.000,-0.135,0.585,0.000,0.600,cmd_age=0.02s bat=1.00 dist=0.43m
48,18.108,SCOUT,2,-6.597,-4.579,3.000,-0.135,0.585,0.000,0.600,cmd_age=0.02s bat=1.00 dist=0.43m
48,18.108,SCOUT,3,-5.097,-6.079,3.000,-0.135,0.585,0.000,0.600,cmd_age=0.02s bat=1.00 dist=0.43m
48,18.108,SCOUT,4,6.597,-4.579,3.000,0.134,0.584,0.000,0.599,cmd_age=0.02s bat=1.00 dist=0.43m
48,18.108,SCOUT,5,5.097,-3.079,3.000,0.134,0.584,0.000,0.599,cmd_age=0.02s bat=1.00 dist=0.43m
48,18.108,SCOUT,6,3.597,-4.579,3.000,0.134,0.584,0.000,0.599,cmd_age=0.02s bat=1.00 dist=0.43m
48,18.108,SCOUT,7,5.097,-6.079,3.000,0.134,0.584,0.000,0.599,cmd_age=0.02s bat=1.00 dist=0.43m
48,18.108,SCOUT,8,-3.195,4.695,3.000,0.424,-0.425,0.000,0.600,cmd_age=0.02s bat=1.00 dist=0.43m
48,18.108,SCOUT,9,-4.695,6.195,3.000,0.424,-0.425,0.000,0.600,cmd_age=0.02s bat=1.00 dist=0.43m
48,18.108,SCOUT,10,-6.195,4.695,3.000,0.424,-0.425,0.000,0.600,cmd_age=0.02s bat=1.00 dist=0.43m
48,18.108,SCOUT,11,-4.695,3.195,3.000,0.424,-0.425,0.000,0.600,cmd_age=0.02s bat=1.00 dist=0.43m
48,18.108,SCOUT,12,6.195,4.695,3.000,-0.424,-0.424,0.000,0.600,cmd_age=0.02s bat=1.00 dist=0.43m
48,18.108,SCOUT,13,4.695,6.195,3.000,-0.424,-0.424,0.000,0.600,cmd_age=0.02s bat=1.00 dist=0.43m
48,18.108,SCOUT,14,3.195,4.695,3.000,-0.424,-0.424,0.000,0.600,cmd_age=0.02s bat=1.00 dist=0.43m
48,18.108,SCOUT,15,4.695,3.195,3.000,-0.424,-0.424,0.000,0.600,cmd_age=0.02s bat=1.00 dist=0.43m
48,18.108,WORKER,0,-3.497,-3.709,3.000,-0.717,1.865,0.000,1.998,state=MOVING bat=1.00 dist=1.38m
48,18.108,WORKER,1,7.106,-3.621,3.000,0.153,1.992,0.000,1.998,state=MOVING bat=1.00 dist=1.38m
48,18.108,WORKER,2,-2.106,3.944,3.000,1.291,-1.525,0.000,1.998,state=MOVING bat=1.00 dist=1.38m
48,18.108,WORKER,3,5.954,4.094,3.000,-1.510,-1.308,0.000,1.998,state=MOVING bat=1.00 dist=1.38m
49,18.341,GENERAL,0,0.000,0.000,5.000,0.000,0.000,0.000,0.000,N/A
49,18.341,NODE,0,-5.108,-4.531,3.000,-0.136,0.585,0.000,0.601,zone=0 dist=0.47m
49,18.341,NODE,1,5.108,-4.531,3.000,0.135,0.584,0.000,0.600,zone=1 dist=0.47m
49,18.341,NODE,2,-4.659,4.659,3.000,0.423,-0.425,0.000,0.600,zone=2 dist=0.47m
49,18.341,NODE,3,4.659,4.660,3.000,-0.425,-0.425,0.000,0.601,zone=3 dist=0.47m
49,18.341,SCOUT,0,-3.599,-4.570,3.000,-0.135,0.585,0.000,0.600,cmd_age=0.02s bat=1.00 dist=0.44m
49,18.341,SCOUT,1,-5.099,-3.070,3.000,-0.135,0.585,0.000,0.600,cmd_age=0.02s bat=1.00 dist=0.44m
49,18.341,SCOUT,2,-6.599,-4.570,3.000,-0.135,0.585,0.000,0.600,cmd_age=0.02s bat=1.00 dist=0.44m
49,18.341,SCOUT,3,-5.099,-6.070,3.000,-0.135,0.585,0.000,0.600,cmd_age=0.02s bat=1.00 dist=0.44m
49,18.341,SCOUT,4,6.599,-4.570,3.000,0.134,0.584,0.000,0.599,cmd_age=0.02s bat=1.00 dist=0.44m
49,18.341,SCOUT,5,5.099,-3.070,3.000,0.134,0.584,0.000,0.599,cmd_age=0.02s bat=1.00 dist=0.44m
49,18.341,SCOUT,6,3.599,-4.570,3.000,0.134,0.584,0.000,0.599,cmd_age=0.02s bat=1.00 dist=0.44m
49,18.341,SCOUT,7,5.099,-6.070,3.000,0.134,0.584,0.000,0.599,cmd_age=0.02s bat=1.00 dist=0.44m
49,18.341,SCOUT,8,-3.188,4.688,3.000,0.424,-0.425,0.000,0.600,cmd_age=0.02s bat=1.00 dist=0.44m
49,18.341,SCOUT,9,-4.688,6.188,3.000,0.424,-0.425,0.000,0.600,cmd_age=0.02s bat=1.00 dist=0.44m
49,18.341,SCOUT,10,-6.188,4.688,3.000,0.424,-0.425,0.000,0.600,cmd_age=0.02s bat=1.00 dist=0.44m
49,18.341,SCOUT,11,-4.688,3.188,3.000,0.424,-0.425,0.000,0.600,cmd_age=0.02s bat=1.00 dist=0.44m
49,18.341,SCOUT,12,6.188,4.688,3.000,-0.424,-0.424,0.000,0.600,cmd_age=0.02s bat=1.00 dist=0.44m
49,18.341,SCOUT,13,4.688,6.188,3.000,-0.424,-0.424,0.000,0.600,cmd_age=0.02s bat=1.00 dist=0.44m
49,18.341,SCOUT,14,3.188,4.688,3.000,-0.424,-0.424,0.000,0.600,cmd_age=0.02s bat=1.00 dist=0.44m
49,18.341,SCOUT,15,4.688,3.188,3.000,-0.424,-0.424,0.000,0.600,cmd_age=0.02s bat=1.00 dist=0.44m
49,18.341,WORKER,0,-3.509,-3.678,3.000,-0.717,1.865,0.000,1.998,state=MOVING bat=1.00 dist=1.41m
49,18.341,WORKER,1,7.109,-3.587,3.000,0.153,1.992,0.000,1.998,state=MOVING bat=1.00 dist=1.41m
49,18.341,WORKER,2,-2.085,3.918,3.000,1.291,-1.525,0.000,1.998,state=MOVING bat=1.00 dist=1.41m
49,18.341,WORKER,3,5.929,4.072,3.000,-1.510,-1.309,0.000,1.998,state=MOVING bat=1.00 dist=1.41m
50,18.687,GENERAL,0,0.000,0.000,5.000,0.000,0.000,0.000,0.000,N/A
50,18.687,NODE,0,-5.110,-4.521,3.000,-0.135,0.584,0.000,0.600,zone=0 dist=0.48m
50,18.687,NODE,1,5.110,-4.521,3.000,0.134,0.584,0.000,0.599,zone=1 dist=0.48m
50,18.687,NODE,2,-4.652,4.652,3.000,0.424,-0.424,0.000,0.599,zone=2 dist=0.48m
50,18.687,NODE,3,4.652,4.653,3.000,-0.424,-0.424,0.000,0.600,zone=3 dist=0.48m
50,18.687,SCOUT,0,-3.601,-4.560,3.000,-0.135,0.585,0.000,0.600,cmd_age=0.02s bat=1.00 dist=0.45m
50,18.687,SCOUT,1,-5.101,-3.060,3.000,-0.135,0.585,0.000,0.600,cmd_age=0.02s bat=1.00 dist=0.45m
50,18.687,SCOUT,2,-6.601,-4.560,3.000,-0.135,0.585,0.000,0.600,cmd_age=0.02s bat=1.00 dist=0.45m
50,18.687,SCOUT,3,-5.101,-6.060,3.000,-0.135,0.585,0.000,0.600,cmd_age=0.02s bat=1.00 dist=0.45m
50,18.687,SCOUT,4,6.601,-4.560,3.000,0.134,0.584,0.000,0.599,cmd_age=0.02s bat=1.00 dist=0.45m
50,18.687,SCOUT,5,5.101,-3.060,3.000,0.134,0.584,0.000,0.599,cmd_age=0.02s bat=1.00 dist=0.45m
50,18.687,SCOUT,6,3.601,-4.560,3.000,0.134,0.584,0.000,0.599,cmd_age=0.02s bat=1.00 dist=0.45m
50,18.687,SCOUT,7,5.101,-6.060,3.000,0.134,0.584,0.000,0.599,cmd_age=0.02s bat=1.00 dist=0.45m
50,18.687,SCOUT,8,-3.181,4.681,3.000,0.424,-0.425,0.000,0.600,cmd_age=0.02s bat=1.00 dist=0.45m
50,18.687,SCOUT,9,-4.681,6.181,3.000,0.424,-0.425,0.000,0.600,cmd_age=0.02s bat=1.00 dist=0.45m
50,18.687,SCOUT,10,-6.181,4.681,3.000,0.424,-0.425,0.000,0.600,cmd_age=0.02s bat=1.00 dist=0.45m
50,18.687,SCOUT,11,-4.681,3.181,3.000,0.424,-0.425,0.000,0.600,cmd_age=0.02s bat=1.00 dist=0.45m
50,18.687,SCOUT,12,6.181,4.681,3.000,-0.424,-0.424,0.000,0.600,cmd_age=0.02s bat=1.00 dist=0.45m
50,18.687,SCOUT,13,4.681,6.181,3.000,-0.424,-0.424,0.000,0.600,cmd_age=0.02s bat=1.00 dist=0.45m
50,18.687,SCOUT,14,3.181,4.681,3.000,-0.424,-0.424,0.000,0.600,cmd_age=0.02s bat=1.00 dist=0.45m
50,18.687,SCOUT,15,4.681,3.181,3.000,-0.424,-0.424,0.000,0.600,cmd_age=0.02s bat=1.00 dist=0.45m
50,18.687,WORKER,0,-3.521,-3.646,3.000,-0.717,1.865,0.000,1.998,state=MOVING bat=1.00 dist=1.45m
50,18.687,WORKER,1,7.111,-3.554,3.000,0.153,1.993,0.000,1.998,state=MOVING bat=1.00 dist=1.45m
50,18.687,WORKER,2,-2.063,3.893,3.000,1.291,-1.526,0.000,1.998,state=MOVING bat=1.00 dist=1.45m
50,18.687,WORKER,3,5.904,4.050,3.000,-1.510,-1.309,0.000,1.998,state=MOVING bat=1.00 dist=1.45m
51,19.136,GENERAL,0,0.000,0.000,5.000,0.000,0.000,0.000,0.000,N/A
51,19.136,NODE,0,-5.113,-4.511,3.000,-0.135,0.584,0.000,0.599,zone=0 dist=0.49m
51,19.136,NODE,1,5.113,-4.511,3.000,0.135,0.585,0.000,0.601,zone=1 dist=0.49m
51,19.136,NODE,2,-4.645,4.645,3.000,0.423,-0.425,0.000,0.600,zone=2 dist=0.49m
51,19.136,NODE,3,4.645,4.645,3.000,-0.424,-0.425,0.000,0.600,zone=3 dist=0.49m
51,19.136,SCOUT,0,-3.604,-4.550,3.000,-0.135,0.585,0.000,0.600,cmd_age=0.02s bat=1.00 dist=0.46m
51,19.136,SCOUT,1,-5.104,-3.050,3.000,-0.135,0.585,0.000,0.600,cmd_age=0.02s bat=1.00 dist=0.46m
51,19.136,SCOUT,2,-6.604,-4.550,3.000,-0.135,0.585,0.000,0.600,cmd_age=0.02s bat=1.00 dist=0.46m
51,19.136,SCOUT,3,-5.104,-6.050,3.000,-0.135,0.585,0.000,0.600,cmd_age=0.02s bat=1.00 dist=0.46m
51,19.136,SCOUT,4,6.604,-4.550,3.000,0.134,0.584,0.000,0.600,cmd_age=0.02s bat=1.00 dist=0.46m
51,19.136,SCOUT,5,5.104,-3.050,3.000,0.134,0.584,0.000,0.600,cmd_age=0.02s bat=1.00 dist=0.46m
51,19.136,SCOUT,6,3.604,-4.550,3.000,0.134,0.584,0.000,0.600,cmd_age=0.02s bat=1.00 dist=0.46m
51,19.136,SCOUT,7,5.104,-6.050,3.000,0.134,0.584,0.000,0.600,cmd_age=0.02s bat=1.00 dist=0.46m
51,19.136,SCOUT,8,-3.174,4.674,3.000,0.424,-0.425,0.000,0.600,cmd_age=0.02s bat=1.00 dist=0.46m
51,19.136,SCOUT,9,-4.674,6.174,3.000,0.424,-0.425,0.000,0.600,cmd_age=0.02s bat=1.00 dist=0.46m
51,19.136,SCOUT,10,-6.174,4.674,3.000,0.424,-0.425,0.000,0.600,cmd_age=0.02s bat=1.00 dist=0.46m
51,19.136,SCOUT,11,-4.674,3.174,3.000,0.424,-0.425,0.000,0.600,cmd_age=0.02s bat=1.00 dist=0.46m
51,19.136,SCOUT,12,6.174,4.674,3.000,-0.424,-0.424,0.000,0.600,cmd_age=0.02s bat=1.00 dist=0.46m
51,19.136,SCOUT,13,4.674,6.174,3.000,-0.424,-0.424,0.000,0.600,cmd_age=0.02s bat=1.00 dist=0.46m
51,19.136,SCOUT,14,3.174,4.674,3.000,-0.424,-0.424,0.000,0.600,cmd_age=0.02s bat=1.00 dist=0.46m
51,19.136,SCOUT,15,4.674,3.174,3.000,-0.424,-0.424,0.000,0.600,cmd_age=0.02s bat=1.00 dist=0.46m
51,19.136,WORKER,0,-3.533,-3.615,3.000,-0.717,1.865,0.000,1.999,state=MOVING bat=1.00 dist=1.48m
51,19.136,WORKER,1,7.114,-3.521,3.000,0.153,1.993,0.000,1.999,state=MOVING bat=1.00 dist=1.48m
51,19.136,WORKER,2,-2.042,3.868,3.000,1.291,-1.526,0.000,1.999,state=MOVING bat=1.00 dist=1.48m
51,19.136,WORKER,3,5.879,4.028,3.000,-1.510,-1.309,0.000,1.999,state=MOVING bat=1.00 dist=1.48m
52,19.361,GENERAL,0,0.000,0.000,5.000,0.000,0.000,0.000,0.000,N/A
52,19.361,NODE,0,-5.115,-4.501,3.000,-0.135,0.584,0.000,0.599,zone=0 dist=0.50m
52,19.361,NODE,1,5.115,-4.502,3.000,0.136,0.585,0.000,0.601,zone=1 dist=0.50m
52,19.361,NODE,2,-4.638,4.638,3.000,0.424,-0.424,0.000,0.600,zone=2 dist=0.50m
52,19.361,NODE,3,4.638,4.638,3.000,-0.425,-0.425,0.000,0.601,zone=3 dist=0.50m
52,19.361,SCOUT,0,-3.606,-4.540,3.000,-0.135,0.584,0.000,0.600,cmd_age=0.02s bat=1.00 dist=0.47m
52,19.361,SCOUT,1,-5.106,-3.040,3.000,-0.135,0.584,0.000,0.600,cmd_age=0.02s bat=1.00 dist=0.47m
52,19.361,SCOUT,2,-6.606,-4.540,3.000,-0.135,0.584,0.000,0.600,cmd_age=0.02s bat=1.00 dist=0.47m
52,19.361,SCOUT,3,-5.106,-6.040,3.000,-0.135,0.584,0.000,0.600,cmd_age=0.02s bat=1.00 dist=0.47m
52,19.361,SCOUT,4,6.606,-4.541,3.000,0.135,0.585,0.000,0.600,cmd_age=0.02s bat=1.00 dist=0.47m
52,19.361,SCOUT,5,5.106,-3.041,3.000,0.135,0.585,0.000,0.600,cmd_age=0.02s bat=1.00 dist=0.47m
52,19.361,SCOUT,6,3.606,-4.541,3.000,0.135,0.585,0.000,0.600,cmd_age=0.02s bat=1.00 dist=0.47m
52,19.361,SCOUT,7,5.106,-6.041,3.000,0.135,0.585,0.000,0.600,cmd_age=0.02s bat=1.00 dist=0.47m
52,19.361,SCOUT,8,-3.167,4.667,3.000,0.424,-0.425,0.000,0.600,cmd_age=0.02s bat=1.00 dist=0.47m
52,19.361,SCOUT,9,-4.667,6.167,3.000,0.424,-0.425,0.000,0.600,cmd_age=0.02s bat=1.00 dist=0.47m
52,19.361,SCOUT,10,-6.167,4.667,3.000,0.424,-0.425,0.000,0.600,cmd_age=0.02s bat=1.00 dist=0.47m
52,19.361,SCOUT,11,-4.667,3.167,3.000,0.424,-0.425,0.000,0.600,cmd_age=0.02s bat=1.00 dist=0.47m
52,19.361,SCOUT,12,6.167,4.667,3.000,-0.424,-0.424,0.000,0.600,cmd_age=0.02s bat=1.00 dist=0.47m
52,19.361,SCOUT,13,4.667,6.167,3.000,-0.424,-0.424,0.000,0.600,cmd_age=0.02s bat=1.00 dist=0.47m
52,19.361,SCOUT,14,3.167,4.667,3.000,-0.424,-0.424,0.000,0.600,cmd_age=0.02s bat=1.00 dist=0.47m
52,19.361,SCOUT,15,4.667,3.167,3.000,-0.424,-0.424,0.000,0.600,cmd_age=0.02s bat=1.00 dist=0.47m
52,19.361,WORKER,0,-3.544,-3.584,3.000,-0.718,1.866,0.000,1.999,state=MOVING bat=1.00 dist=1.51m
52,19.361,WORKER,1,7.116,-3.488,3.000,0.153,1.993,0.000,1.999,state=MOVING bat=1.00 dist=1.51m
52,19.361,WORKER,2,-2.020,3.842,3.000,1.291,-1.526,0.000,1.999,state=MOVING bat=1.00 dist=1.51m
52,19.361,WORKER,3,5.854,4.007,3.000,-1.510,-1.309,0.000,1.999,state=MOVING bat=1.00 dist=1.51m
53,19.576,GENERAL,0,0.000,0.000,5.000,0.000,0.000,0.000,0.000,N/A
53,19.576,NODE,0,-5.117,-4.492,3.000,-0.136,0.585,0.000,0.601,zone=0 dist=0.51m
53,19.576,NODE,1,5.117,-4.492,3.000,0.135,0.586,0.000,0.601,zone=1 dist=0.51m
53,19.576,NODE,2,-4.631,4.631,3.000,0.424,-0.425,0.000,0.600,zone=2 dist=0.51m
53,19.576,NODE,3,4.631,4.631,3.000,-0.425,-0.425,0.000,0.601,zone=3 dist=0.51m
53,19.576,SCOUT,0,-3.608,-4.531,3.000,-0.135,0.585,0.000,0.600,cmd_age=0.02s bat=1.00 dist=0.48m
53,19.576,SCOUT,1,-5.108,-3.031,3.000,-0.135,0.585,0.000,0.600,cmd_age=0.02s bat=1.00 dist=0.48m
53,19.576,SCOUT,2,-6.608,-4.531,3.000,-0.135,0.585,0.000,0.600,cmd_age=0.02s bat=1.00 dist=0.48m
53,19.576,SCOUT,3,-5.108,-6.031,3.000,-0.135,0.585,0.000,0.600,cmd_age=0.02s bat=1.00 dist=0.48m
53,19.576,SCOUT,4,6.608,-4.531,3.000,0.135,0.585,0.000,0.600,cmd_age=0.02s bat=1.00 dist=0.48m
53,19.576,SCOUT,5,5.108,-3.031,3.000,0.135,0.585,0.000,0.600,cmd_age=0.02s bat=1.00 dist=0.48m
53,19.576,SCOUT,6,3.608,-4.531,3.000,0.135,0.585,0.000,0.600,cmd_age=0.02s bat=1.00 dist=0.48m
53,19.576,SCOUT,7,5.108,-6.031,3.000,0.135,0.585,0.000,0.600,cmd_age=0.02s bat=1.00 dist=0.48m
53,19.576,SCOUT,8,-3.159,4.659,3.000,0.424,-0.425,0.000,0.600,cmd_age=0.02s bat=1.00 dist=0.48m
53,19.576,SCOUT,9,-4.659,6.159,3.000,0.424,-0.425,0.000,0.600,cmd_age=0.02s bat=1.00 dist=0.48m
53,19.576,SCOUT,10,-6.159,4.659,3.000,0.424,-0.425,0.000,0.600,cmd_age=0.02s bat=1.00 dist=0.48m
53,19.576,SCOUT,11,-4.659,3.159,3.000,0.424,-0.425,0.000,0.600,cmd_age=0.02s bat=1.00 dist=0.48m
53,19.576,SCOUT,12,6.159,4.660,3.000,-0.425,-0.425,0.000,0.600,cmd_age=0.02s bat=1.00 dist=0.48m
53,19.576,SCOUT,13,4.659,6.160,3.000,-0.425,-0.425,0.000,0.600,cmd_age=0.02s bat=1.00 dist=0.48m
53,19.576,SCOUT,14,3.159,4.660,3.000,-0.425,-0.425,0.000,0.600,cmd_age=0.02s bat=1.00 dist=0.48m
53,19.576,SCOUT,15,4.659,3.160,3.000,-0.425,-0.425,0.000,0.600,cmd_age=0.02s bat=1.00 dist=0.48m
53,19.576,WORKER,0,-3.556,-3.553,3.000,-0.718,1.866,0.000,1.999,state=MOVING bat=1.00 dist=1.55m
53,19.576,WORKER,1,7.119,-3.454,3.000,0.153,1.993,0.000,1.999,state=MOVING bat=1.00 dist=1.55m
53,19.576,WORKER,2,-1.999,3.817,3.000,1.291,-1.526,0.000,1.999,state=MOVING bat=1.00 dist=1.55m
53,19.576,WORKER,3,5.829,3.985,3.000,-1.511,-1.309,0.000,1.999,state=MOVING bat=1.00 dist=1.55m
54,19.792,GENERAL,0,0.000,0.000,5.000,0.000,0.000,0.000,0.000,N/A
54,19.792,NODE,0,-5.119,-4.482,3.000,-0.135,0.584,0.000,0.600,zone=0 dist=0.52m
54,19.792,NODE,1,5.119,-4.482,3.000,0.135,0.585,0.000,0.601,zone=1 dist=0.52m
54,19.792,NODE,2,-4.624,4.624,3.000,0.424,-0.426,0.000,0.601,zone=2 dist=0.52m
54,19.792,NODE,3,4.624,4.624,3.000,-0.424,-0.425,0.000,0.600,zone=3 dist=0.52m
54,19.792,SCOUT,0,-3.610,-4.521,3.000,-0.135,0.584,0.000,0.600,cmd_age=0.02s bat=1.00 dist=0.49m
54,19.792,SCOUT,1,-5.110,-3.021,3.000,-0.135,0.584,0.000,0.600,cmd_age=0.02s bat=1.00 dist=0.49m
54,19.792,SCOUT,2,-6.610,-4.521,3.000,-0.135,0.584,0.000,0.600,cmd_age=0.02s bat=1.00 dist=0.49m
54,19.792,SCOUT,3,-5.110,-6.021,3.000,-0.135,0.584,0.000,0.600,cmd_age=0.02s bat=1.00 dist=0.49m
54,19.792,SCOUT,4,6.610,-4.521,3.000,0.135,0.585,0.000,0.600,cmd_age=0.02s bat=1.00 dist=0.49m
54,19.792,SCOUT,5,5.110,-3.021,3.000,0.135,0.585,0.000,0.600,cmd_age=0.02s bat=1.00 dist=0.49m
54,19.792,SCOUT,6,3.610,-4.521,3.000,0.135,0.585,0.000,0.600,cmd_age=0.02s bat=1.00 dist=0.49m
54,19.792,SCOUT,7,5.110,-6.021,3.000,0.135,0.585,0.000,0.600,cmd_age=0.02s bat=1.00 dist=0.49m
54,19.792,SCOUT,8,-3.152,4.652,3.000,0.424,-0.425,0.000,0.600,cmd_age=0.02s bat=1.00 dist=0.49m
54,19.792,SCOUT,9,-4.652,6.152,3.000,0.424,-0.425,0.000,0.600,cmd_age=0.02s bat=1.00 dist=0.49m
54,19.792,SCOUT,10,-6.152,4.652,3.000,0.424,-0.425,0.000,0.600,cmd_age=0.02s bat=1.00 dist=0.49m
54,19.792,SCOUT,11,-4.652,3.152,3.000,0.424,-0.425,0.000,0.600,cmd_age=0.02s bat=1.00 dist=0.49m
54,19.792,SCOUT,12,6.152,4.652,3.000,-0.424,-0.425,0.000,0.600,cmd_age=0.02s bat=1.00 dist=0.49m
54,19.792,SCOUT,13,4.652,6.152,3.000,-0.424,-0.425,0.000,0.600,cmd_age=0.02s bat=1.00 dist=0.49m
54,19.792,SCOUT,14,3.152,4.652,3.000,-0.424,-0.425,0.000,0.600,cmd_age=0.02s bat=1.00 dist=0.49m
54,19.792,SCOUT,15,4.652,3.152,3.000,-0.424,-0.425,0.000,0.600,cmd_age=0.02s bat=1.00 dist=0.49m
54,19.792,WORKER,0,-3.568,-3.522,3.000,-0.718,1.866,0.000,1.999,state=MOVING bat=1.00 dist=1.58m
54,19.792,WORKER,1,7.121,-3.421,3.000,0.153,1.993,0.000,1.999,state=MOVING bat=1.00 dist=1.58m
54,19.792,WORKER,2,-1.977,3.791,3.000,1.291,-1.526,0.000,1.999,state=MOVING bat=1.00 dist=1.58m
54,19.792,WORKER,3,5.803,3.963,3.000,-1.511,-1.309,0.000,1.999,state=MOVING bat=1.00 dist=1.58m
55,20.013,GENERAL,0,0.000,0.000,5.000,0.000,0.000,0.000,0.000,N/A
55,20.013,NODE,0,-5.122,-4.472,3.000,-0.136,0.585,0.000,0.601,zone=0 dist=0.53m
55,20.013,NODE,1,5.122,-4.472,3.000,0.136,0.584,0.000,0.600,zone=1 dist=0.53m
55,20.013,NODE,2,-4.617,4.617,3.000,0.423,-0.425,0.000,0.600,zone=2 dist=0.53m
55,20.013,NODE,3,4.617,4.617,3.000,-0.424,-0.425,0.000,0.600,zone=3 dist=0.53m
55,20.013,SCOUT,0,-3.613,-4.511,3.000,-0.135,0.585,0.000,0.600,cmd_age=0.02s bat=1.00 dist=0.50m
55,20.013,SCOUT,1,-5.113,-3.011,3.000,-0.135,0.585,0.000,0.600,cmd_age=0.02s bat=1.00 dist=0.50m
55,20.013,SCOUT,2,-6.613,-4.511,3.000,-0.135,0.585,0.000,0.600,cmd_age=0.02s bat=1.00 dist=0.50m
55,20.013,SCOUT,3,-5.113,-6.011,3.000,-0.135,0.585,0.000,0.600,cmd_age=0.02s bat=1.00 dist=0.50m
55,20.013,SCOUT,4,6.613,-4.511,3.000,0.135,0.585,0.000,0.600,cmd_age=0.02s bat=1.00 dist=0.50m
55,20.013,SCOUT,5,5.113,-3.011,3.000,0.135,0.585,0.000,0.600,cmd_age=0.02s bat=1.00 dist=0.50m
55,20.013,SCOUT,6,3.613,-4.511,3.000,0.135,0.585,0.000,0.600,cmd_age=0.02s bat=1.00 dist=0.50m
55,20.013,SCOUT,7,5.113,-6.011,3.000,0.135,0.585,0.000,0.600,cmd_age=0.02s bat=1.00 dist=0.50m
55,20.013,SCOUT,8,-3.145,4.645,3.000,0.424,-0.425,0.000,0.600,cmd_age=0.02s bat=1.00 dist=0.50m
55,20.013,SCOUT,9,-4.645,6.145,3.000,0.424,-0.425,0.000,0.600,cmd_age=0.02s bat=1.00 dist=0.50m
55,20.013,SCOUT,10,-6.145,4.645,3.000,0.424,-0.425,0.000,0.600,cmd_age=0.02s bat=1.00 dist=0.50m
55,20.013,SCOUT,11,-4.645,3.145,3.000,0.424,-0.425,0.000,0.600,cmd_age=0.02s bat=1.00 dist=0.50m
55,20.013,SCOUT,12,6.145,4.645,3.000,-0.424,-0.425,0.000,0.600,cmd_age=0.02s bat=1.00 dist=0.50m
55,20.013,SCOUT,13,4.645,6.145,3.000,-0.424,-0.425,0.000,0.600,cmd_age=0.02s bat=1.00 dist=0.50m
55,20.013,SCOUT,14,3.145,4.645,3.000,-0.424,-0.425,0.000,0.600,cmd_age=0.02s bat=1.00 dist=0.50m
55,20.013,SCOUT,15,4.645,3.145,3.000,-0.424,-0.425,0.000,0.600,cmd_age=0.02s bat=1.00 dist=0.50m
55,20.013,WORKER,0,-3.580,-3.491,3.000,-0.718,1.866,0.000,1.999,state=MOVING bat=1.00 dist=1.61m
55,20.013,WORKER,1,7.124,-3.388,3.000,0.153,1.993,0.000,1.999,state=MOVING bat=1.00 dist=1.61m
55,20.013,WORKER,2,-1.956,3.766,3.000,1.291,-1.526,0.000,1.999,state=MOVING bat=1.00 dist=1.61m
55,20.013,WORKER,3,5.778,3.941,3.000,-1.511,-1.309,0.000,1.999,state=MOVING bat=1.00 dist=1.61m
56,20.227,GENERAL,0,0.000,0.000,5.000,0.000,0.000,0.000,0.000,N/A
56,20.227,NODE,0,-5.124,-4.462,3.000,-0.135,0.585,0.000,0.600,zone=0 dist=0.54m
56,20.227,NODE,1,5.124,-4.463,3.000,0.136,0.585,0.000,0.601,zone=1 dist=0.54m
56,20.227,NODE,2,-4.610,4.610,3.000,0.423,-0.425,0.000,0.599,zone=2 dist=0.54m
56,20.227,NODE,3,4.610,4.610,3.000,-0.424,-0.425,0.000,0.600,zone=3 dist=0.54m
56,20.227,SCOUT,0,-3.615,-4.501,3.000,-0.135,0.585,0.000,0.600,cmd_age=0.02s bat=1.00 dist=0.51m
56,20.227,SCOUT,1,-5.115,-3.001,3.000,-0.135,0.585,0.000,0.600,cmd_age=0.02s bat=1.00 dist=0.51m
56,20.227,SCOUT,2,-6.615,-4.501,3.000,-0.135,0.585,0.000,0.600,cmd_age=0.02s bat=1.00 dist=0.51m
56,20.227,SCOUT,3,-5.115,-6.001,3.000,-0.135,0.585,0.000,0.600,cmd_age=0.02s bat=1.00 dist=0.51m
56,20.227,SCOUT,4,6.615,-4.502,3.000,0.135,0.585,0.000,0.600,cmd_age=0.02s bat=1.00 dist=0.51m
56,20.227,SCOUT,5,5.115,-3.002,3.000,0.135,0.585,0.000,0.600,cmd_age=0.02s bat=1.00 dist=0.51m
56,20.227,SCOUT,6,3.615,-4.502,3.000,0.135,0.585,0.000,0.600,cmd_age=0.02s bat=1.00 dist=0.51m
56,20.227,SCOUT,7,5.115,-6.002,3.000,0.135,0.585,0.000,0.600,cmd_age=0.02s bat=1.00 dist=0.51m
56,20.227,SCOUT,8,-3.138,4.638,3.000,0.424,-0.425,0.000,0.600,cmd_age=0.02s bat=1.00 dist=0.51m
56,20.227,SCOUT,9,-4.638,6.138,3.000,0.424,-0.425,0.000,0.600,cmd_age=0.02s bat=1.00 dist=0.51m
56,20.227,SCOUT,10,-6.138,4.638,3.000,0.424,-0.425,0.000,0.600,cmd_age=0.02s bat=1.00 dist=0.51m
56,20.227,SCOUT,11,-4.638,3.138,3.000,0.424,-0.425,0.000,0.600,cmd_age=0.02s bat=1.00 dist=0.51m
56,20.227,SCOUT,12,6.138,4.638,3.000,-0.424,-0.425,0.000,0.600,cmd_age=0.02s bat=1.00 dist=0.51m
56,20.227,SCOUT,13,4.638,6.138,3.000,-0.424,-0.425,0.000,0.600,cmd_age=0.02s bat=1.00 dist=0.51m
56,20.227,SCOUT,14,3.138,4.638,3.000,-0.424,-0.425,0.000,0.600,cmd_age=0.02s bat=1.00 dist=0.51m
56,20.227,SCOUT,15,4.638,3.138,3.000,-0.424,-0.425,0.000,0.600,cmd_age=0.02s bat=1.00 dist=0.51m
56,20.227,WORKER,0,-3.592,-3.460,3.000,-0.718,1.866,0.000,1.999,state=MOVING bat=1.00 dist=1.65m
56,20.227,WORKER,1,7.127,-3.355,3.000,0.153,1.993,0.000,1.999,state=MOVING bat=1.00 dist=1.65m
56,20.227,WORKER,2,-1.934,3.740,3.000,1.291,-1.526,0.000,1.999,state=MOVING bat=1.00 dist=1.65m
56,20.227,WORKER,3,5.753,3.919,3.000,-1.511,-1.309,0.000,1.999,state=MOVING bat=1.00 dist=1.65m
57,20.442,GENERAL,0,0.000,0.000,5.000,0.000,0.000,0.000,0.000,N/A
57,20.442,NODE,0,-5.126,-4.453,3.000,-0.136,0.585,0.000,0.600,zone=0 dist=0.55m
57,20.442,NODE,1,5.126,-4.453,3.000,0.135,0.584,0.000,0.600,zone=1 dist=0.55m
57,20.442,NODE,2,-4.603,4.603,3.000,0.425,-0.424,0.000,0.600,zone=2 dist=0.55m
57,20.442,NODE,3,4.603,4.603,3.000,-0.424,-0.425,0.000,0.600,zone=3 dist=0.55m
57,20.442,SCOUT,0,-3.617,-4.492,3.000,-0.135,0.585,0.000,0.600,cmd_age=0.02s bat=1.00 dist=0.52m
57,20.442,SCOUT,1,-5.117,-2.992,3.000,-0.135,0.585,0.000,0.600,cmd_age=0.02s bat=1.00 dist=0.52m
57,20.442,SCOUT,2,-6.617,-4.492,3.000,-0.135,0.585,0.000,0.600,cmd_age=0.02s bat=1.00 dist=0.52m
57,20.442,SCOUT,3,-5.117,-5.992,3.000,-0.135,0.585,0.000,0.600,cmd_age=0.02s bat=1.00 dist=0.52m
57,20.442,SCOUT,4,6.617,-4.492,3.000,0.135,0.585,0.000,0.600,cmd_age=0.02s bat=1.00 dist=0.52m
57,20.442,SCOUT,5,5.117,-2.992,3.000,0.135,0.585,0.000,0.600,cmd_age=0.02s bat=1.00 dist=0.52m
57,20.442,SCOUT,6,3.617,-4.492,3.000,0.135,0.585,0.000,0.600,cmd_age=0.02s bat=1.00 dist=0.52m
57,20.442,SCOUT,7,5.117,-5.992,3.000,0.135,0.585,0.000,0.600,cmd_age=0.02s bat=1.00 dist=0.52m
57,20.442,SCOUT,8,-3.131,4.631,3.000,0.424,-0.425,0.000,0.600,cmd_age=0.02s bat=1.00 dist=0.52m
57,20.442,SCOUT,9,-4.631,6.131,3.000,0.424,-0.425,0.000,0.600,cmd_age=0.02s bat=1.00 dist=0.52m
57,20.442,SCOUT,10,-6.131,4.631,3.000,0.424,-0.425,0.000,0.600,cmd_age=0.02s bat=1.00 dist=0.52m
57,20.442,SCOUT,11,-4.631,3.131,3.000,0.424,-0.425,0.000,0.600,cmd_age=0.02s bat=1.00 dist=0.52m
57,20.442,SCOUT,12,6.131,4.631,3.000,-0.424,-0.425,0.000,0.600,cmd_age=0.02s bat=1.00 dist=0.52m
57,20.442,SCOUT,13,4.631,6.131,3.000,-0.424,-0.425,0.000,0.600,cmd_age=0.02s bat=1.00 dist=0.52m
57,20.442,SCOUT,14,3.131,4.631,3.000,-0.424,-0.425,0.000,0.600,cmd_age=0.02s bat=1.00 dist=0.52m
57,20.442,SCOUT,15,4.631,3.131,3.000,-0.424,-0.425,0.000,0.600,cmd_age=0.02s bat=1.00 dist=0.52m
57,20.442,WORKER,0,-3.604,-3.429,3.000,-0.718,1.866,0.000,1.999,state=MOVING bat=1.00 dist=1.68m
57,20.442,WORKER,1,7.129,-3.322,3.000,0.153,1.994,0.000,1.999,state=MOVING bat=1.00 dist=1.68m
57,20.442,WORKER,2,-1.913,3.715,3.000,1.292,-1.526,0.000,1.999,state=MOVING bat=1.00 dist=1.68m
57,20.442,WORKER,3,5.728,3.897,3.000,-1.511,-1.309,0.000,1.999,state=MOVING bat=1.00 dist=1.68m
58,20.657,GENERAL,0,0.000,0.000,5.000,0.000,0.000,0.000,0.000,N/A
58,20.657,NODE,0,-5.128,-4.443,3.000,-0.135,0.584,0.000,0.600,zone=0 dist=0.56m
58,20.657,NODE,1,5.128,-4.443,3.000,0.136,0.585,0.000,0.601,zone=1 dist=0.56m
58,20.657,NODE,2,-4.596,4.596,3.000,0.424,-0.424,0.000,0.600,zone=2 dist=0.56m
58,20.657,NODE,3,4.596,4.596,3.000,-0.424,-0.425,0.000,0.600,zone=3 dist=0.56m
58,20.657,SCOUT,0,-3.619,-4.482,3.000,-0.135,0.585,0.000,0.600,cmd_age=0.02s bat=1.00 dist=0.53m
58,20.657,SCOUT,1,-5.119,-2.982,3.000,-0.135,0.585,0.000,0.600,cmd_age=0.02s bat=1.00 dist=0.53m
58,20.657,SCOUT,2,-6.619,-4.482,3.000,-0.135,0.585,0.000,0.600,cmd_age=0.02s bat=1.00 dist=0.53m
58,20.657,SCOUT,3,-5.119,-5.982,3.000,-0.135,0.585,0.000,0.600,cmd_age=0.02s bat=1.00 dist=0.53m
58,20.657,SCOUT,4,6.619,-4.482,3.000,0.135,0.585,0.000,0.600,cmd_age=0.02s bat=1.00 dist=0.53m
58,20.657,SCOUT,5,5.119,-2.982,3.000,0.135,0.585,0.000,0.600,cmd_age=0.02s bat=1.00 dist=0.53m
58,20.657,SCOUT,6,3.619,-4.482,3.000,0.135,0.585,0.000,0.600,cmd_age=0.02s bat=1.00 dist=0.53m
58,20.657,SCOUT,7,5.119,-5.982,3.000,0.135,0.585,0.000,0.600,cmd_age=0.02s bat=1.00 dist=0.53m
58,20.657,SCOUT,8,-3.124,4.624,3.000,0.424,-0.425,0.000,0.600,cmd_age=0.02s bat=1.00 dist=0.53m
58,20.657,SCOUT,9,-4.624,6.124,3.000,0.424,-0.425,0.000,0.600,cmd_age=0.02s bat=1.00 dist=0.53m
58,20.657,SCOUT,10,-6.124,4.624,3.000,0.424,-0.425,0.000,0.600,cmd_age=0.02s bat=1.00 dist=0.53m
58,20.657,SCOUT,11,-4.624,3.124,3.000,0.424,-0.425,0.000,0.600,cmd_age=0.02s bat=1.00 dist=0.53m
58,20.657,SCOUT,12,6.124,4.624,3.000,-0.424,-0.425,0.000,0.600,cmd_age=0.02s bat=1.00 dist=0.53m
58,20.657,SCOUT,13,4.624,6.124,3.000,-0.424,-0.425,0.000,0.600,cmd_age=0.02s bat=1.00 dist=0.53m
58,20.657,SCOUT,14,3.124,4.624,3.000,-0.424,-0.425,0.000,0.600,cmd_age=0.02s bat=1.00 dist=0.53m
58,20.657,SCOUT,15,4.624,3.124,3.000,-0.424,-0.425,0.000,0.600,cmd_age=0.02s bat=1.00 dist=0.53m
58,20.657,WORKER,0,-3.616,-3.398,3.000,-0.718,1.866,0.000,2.000,state=MOVING bat=1.00 dist=1.71m
58,20.657,WORKER,1,7.132,-3.288,3.000,0.153,1.994,0.000,2.000,state=MOVING bat=1.00 dist=1.71m
58,20.657,WORKER,2,-1.891,3.689,3.000,1.292,-1.526,0.000,2.000,state=MOVING bat=1.00 dist=1.71m
58,20.657,WORKER,3,5.703,3.876,3.000,-1.511,-1.310,0.000,2.000,state=MOVING bat=1.00 dist=1.71m
59,20.893,GENERAL,0,0.000,0.000,5.000,0.000,0.000,0.000,0.000,N/A
59,20.893,NODE,0,-5.131,-4.433,3.000,-0.136,0.584,0.000,0.600,zone=0 dist=0.57m
59,20.893,NODE,1,5.131,-4.433,3.000,0.135,0.585,0.000,0.601,zone=1 dist=0.57m
59,20.893,NODE,2,-4.589,4.589,3.000,0.423,-0.425,0.000,0.599,zone=2 dist=0.57m
59,20.893,NODE,3,4.589,4.589,3.000,-0.423,-0.424,0.000,0.599,zone=3 dist=0.57m
59,20.893,SCOUT,0,-3.622,-4.472,3.000,-0.135,0.585,0.000,0.600,cmd_age=0.02s bat=1.00 dist=0.54m
59,20.893,SCOUT,1,-5.122,-2.972,3.000,-0.135,0.585,0.000,0.600,cmd_age=0.02s bat=1.00 dist=0.54m
59,20.893,SCOUT,2,-6.622,-4.472,3.000,-0.135,0.585,0.000,0.600,cmd_age=0.02s bat=1.00 dist=0.54m
59,20.893,SCOUT,3,-5.122,-5.972,3.000,-0.135,0.585,0.000,0.600,cmd_age=0.02s bat=1.00 dist=0.54m
59,20.893,SCOUT,4,6.622,-4.472,3.000,0.135,0.585,0.000,0.600,cmd_age=0.02s bat=1.00 dist=0.54m
59,20.893,SCOUT,5,5.122,-2.972,3.000,0.135,0.585,0.000,0.600,cmd_age=0.02s bat=1.00 dist=0.54m
59,20.893,SCOUT,6,3.622,-4.472,3.000,0.135,0.585,0.000,0.600,cmd_age=0.02s bat=1.00 dist=0.54m
59,20.893,SCOUT,7,5.122,-5.972,3.000,0.135,0.585,0.000,0.600,cmd_age=0.02s bat=1.00 dist=0.54m
59,20.893,SCOUT,8,-3.117,4.617,3.000,0.424,-0.425,0.000,0.600,cmd_age=0.02s bat=1.00 dist=0.54m
59,20.893,SCOUT,9,-4.617,6.117,3.000,0.424,-0.425,0.000,0.600,cmd_age=0.02s bat=1.00 dist=0.54m
59,20.893,SCOUT,10,-6.117,4.617,3.000,0.424,-0.425,0.000,0.600,cmd_age=0.02s bat=1.00 dist=0.54m
59,20.893,SCOUT,11,-4.617,3.117,3.000,0.424,-0.425,0.000,0.600,cmd_age=0.02s bat=1.00 dist=0.54m
59,20.893,SCOUT,12,6.117,4.617,3.000,-0.424,-0.424,0.000,0.600,cmd_age=0.02s bat=1.00 dist=0.54m
59,20.893,SCOUT,13,4.617,6.117,3.000,-0.424,-0.424,0.000,0.600,cmd_age=0.02s bat=1.00 dist=0.54m
59,20.893,SCOUT,14,3.117,4.617,3.000,-0.424,-0.424,0.000,0.600,cmd_age=0.02s bat=1.00 dist=0.54m
59,20.893,SCOUT,15,4.617,3.117,3.000,-0.424,-0.424,0.000,0.600,cmd_age=0.02s bat=1.00 dist=0.54m
59,20.893,WORKER,0,-3.628,-3.367,3.000,-0.718,1.866,0.000,2.000,state=MOVING bat=1.00 dist=1.75m
59,20.893,WORKER,1,7.134,-3.255,3.000,0.153,1.994,0.000,2.000,state=MOVING bat=1.00 dist=1.75m
59,20.893,WORKER,2,-1.870,3.664,3.000,1.292,-1.526,0.000,2.000,state=MOVING bat=1.00 dist=1.75m
59,20.893,WORKER,3,5.678,3.854,3.000,-1.511,-1.310,0.000,2.000,state=MOVING bat=1.00 dist=1.75m
60,21.127,GENERAL,0,0.000,0.000,5.000,0.000,0.000,0.000,0.000,N/A
60,21.127,NODE,0,-5.133,-4.423,3.000,-0.136,0.585,0.000,0.601,zone=0 dist=0.58m
60,21.127,NODE,1,5.133,-4.424,3.000,0.135,0.585,0.000,0.601,zone=1 dist=0.58m
60,21.127,NODE,2,-4.582,4.582,3.000,0.424,-0.425,0.000,0.600,zone=2 dist=0.58m
60,21.127,NODE,3,4.582,4.582,3.000,-0.423,-0.424,0.000,0.599,zone=3 dist=0.58m
60,21.127,SCOUT,0,-3.624,-4.462,3.000,-0.135,0.585,0.000,0.600,cmd_age=0.02s bat=1.00 dist=0.55m
60,21.127,SCOUT,1,-5.124,-2.962,3.000,-0.135,0.585,0.000,0.600,cmd_age=0.02s bat=1.00 dist=0.55m
60,21.127,SCOUT,2,-6.624,-4.462,3.000,-0.135,0.585,0.000,0.600,cmd_age=0.02s bat=1.00 dist=0.55m
60,21.127,SCOUT,3,-5.124,-5.962,3.000,-0.135,0.585,0.000,0.600,cmd_age=0.02s bat=1.00 dist=0.55m
60,21.127,SCOUT,4,6.624,-4.463,3.000,0.135,0.585,0.000,0.600,cmd_age=0.02s bat=1.00 dist=0.55m
60,21.127,SCOUT,5,5.124,-2.963,3.000,0.135,0.585,0.000,0.600,cmd_age=0.02s bat=1.00 dist=0.55m
60,21.127,SCOUT,6,3.624,-4.463,3.000,0.135,0.585,0.000,0.600,cmd_age=0.02s bat=1.00 dist=0.55m
60,21.127,SCOUT,7,5.124,-5.963,3.000,0.135,0.585,0.000,0.600,cmd_age=0.02s bat=1.00 dist=0.55m
60,21.127,SCOUT,8,-3.110,4.610,3.000,0.424,-0.425,0.000,0.600,cmd_age=0.02s bat=1.00 dist=0.55m
60,21.127,SCOUT,9,-4.610,6.110,3.000,0.424,-0.425,0.000,0.600,cmd_age=0.02s bat=1.00 dist=0.55m
60,21.127,SCOUT,10,-6.110,4.610,3.000,0.424,-0.425,0.000,0.600,cmd_age=0.02s bat=1.00 dist=0.55m
60,21.127,SCOUT,11,-4.610,3.110,3.000,0.424,-0.425,0.000,0.600,cmd_age=0.02s bat=1.00 dist=0.55m
60,21.127,SCOUT,12,6.110,4.610,3.000,-0.424,-0.424,0.000,0.600,cmd_age=0.02s bat=1.00 dist=0.55m
60,21.127,SCOUT,13,4.610,6.110,3.000,-0.424,-0.424,0.000,0.600,cmd_age=0.02s bat=1.00 dist=0.55m
60,21.127,SCOUT,14,3.110,4.610,3.000,-0.424,-0.424,0.000,0.600,cmd_age=0.02s bat=1.00 dist=0.55m
60,21.127,SCOUT,15,4.610,3.110,3.000,-0.424,-0.424,0.000,0.600,cmd_age=0.02s bat=1.00 dist=0.55m
60,21.127,WORKER,0,-3.640,-3.335,3.000,-0.718,1.866,0.000,2.000,state=MOVING bat=1.00 dist=1.78m
60,21.127,WORKER,1,7.137,-3.222,3.000,0.153,1.994,0.000,2.000,state=MOVING bat=1.00 dist=1.78m
60,21.127,WORKER,2,-1.848,3.639,3.000,1.292,-1.526,0.000,2.000,state=MOVING bat=1.00 dist=1.78m
60,21.127,WORKER,3,5.652,3.832,3.000,-1.511,-1.310,0.000,2.000,state=MOVING bat=1.00 dist=1.78m
61,21.346,GENERAL,0,0.000,0.000,5.000,0.000,0.000,0.000,0.000,N/A
61,21.346,NODE,0,-5.135,-4.414,3.000,-0.136,0.585,0.000,0.600,zone=0 dist=0.59m
61,21.346,NODE,1,5.135,-4.414,3.000,0.136,0.585,0.000,0.601,zone=1 dist=0.59m
61,21.346,NODE,2,-4.575,4.574,3.000,0.424,-0.425,0.000,0.600,zone=2 dist=0.59m
61,21.346,NODE,3,4.575,4.575,3.000,-0.424,-0.424,0.000,0.600,zone=3 dist=0.59m
61,21.346,SCOUT,0,-3.626,-4.453,3.000,-0.136,0.585,0.000,0.600,cmd_age=0.02s bat=1.00 dist=0.56m
61,21.346,SCOUT,1,-5.126,-2.953,3.000,-0.136,0.585,0.000,0.600,cmd_age=0.02s bat=1.00 dist=0.56m
61,21.346,SCOUT,2,-6.626,-4.453,3.000,-0.136,0.585,0.000,0.600,cmd_age=0.02s bat=1.00 dist=0.56m
61,21.346,SCOUT,3,-5.126,-5.953,3.000,-0.136,0.585,0.000,0.600,cmd_age=0.02s bat=1.00 dist=0.56m
61,21.346,SCOUT,4,6.626,-4.453,3.000,0.135,0.585,0.000,0.600,cmd_age=0.02s bat=1.00 dist=0.56m
61,21.346,SCOUT,5,5.126,-2.953,3.000,0.135,0.585,0.000,0.600,cmd_age=0.02s bat=1.00 dist=0.56m
61,21.346,SCOUT,6,3.626,-4.453,3.000,0.135,0.585,0.000,0.600,cmd_age=0.02s bat=1.00 dist=0.56m
61,21.346,SCOUT,7,5.126,-5.953,3.000,0.135,0.585,0.000,0.600,cmd_age=0.02s bat=1.00 dist=0.56m
61,21.346,SCOUT,8,-3.103,4.603,3.000,0.424,-0.425,0.000,0.600,cmd_age=0.02s bat=1.00 dist=0.56m
61,21.346,SCOUT,9,-4.603,6.103,3.000,0.424,-0.425,0.000,0.600,cmd_age=0.02s bat=1.00 dist=0.56m
61,21.346,SCOUT,10,-6.103,4.603,3.000,0.424,-0.425,0.000,0.600,cmd_age=0.02s bat=1.00 dist=0.56m
61,21.346,SCOUT,11,-4.603,3.103,3.000,0.424,-0.425,0.000,0.600,cmd_age=0.02s bat=1.00 dist=0.56m
61,21.346,SCOUT,12,6.103,4.603,3.000,-0.424,-0.424,0.000,0.600,cmd_age=0.02s bat=1.00 dist=0.56m
61,21.346,SCOUT,13,4.603,6.103,3.000,-0.424,-0.424,0.000,0.600,cmd_age=0.02s bat=1.00 dist=0.56m
61,21.346,SCOUT,14,3.103,4.603,3.000,-0.424,-0.424,0.000,0.600,cmd_age=0.02s bat=1.00 dist=0.56m
61,21.346,SCOUT,15,4.603,3.103,3.000,-0.424,-0.424,0.000,0.600,cmd_age=0.02s bat=1.00 dist=0.56m
61,21.346,WORKER,0,-3.652,-3.304,3.000,-0.718,1.866,0.000,2.000,state=MOVING bat=1.00 dist=1.81m
61,21.346,WORKER,1,7.139,-3.189,3.000,0.153,1.994,0.000,2.000,state=MOVING bat=1.00 dist=1.81m
61,21.346,WORKER,2,-1.827,3.613,3.000,1.292,-1.527,0.000,2.000,state=MOVING bat=1.00 dist=1.81m
61,21.346,WORKER,3,5.627,3.810,3.000,-1.511,-1.310,0.000,2.000,state=MOVING bat=1.00 dist=1.81m
62,21.569,GENERAL,0,0.000,0.000,5.000,0.000,0.000,0.000,0.000,N/A
62,21.569,NODE,0,-5.137,-4.404,3.000,-0.135,0.585,0.000,0.600,zone=0 dist=0.60m
62,21.569,NODE,1,5.137,-4.404,3.000,0.135,0.585,0.000,0.600,zone=1 dist=0.60m
62,21.569,NODE,2,-4.568,4.567,3.000,0.423,-0.425,0.000,0.600,zone=2 dist=0.60m
62,21.569,NODE,3,4.568,4.568,3.000,-0.424,-0.424,0.000,0.599,zone=3 dist=0.60m
62,21.569,SCOUT,0,-3.628,-4.443,3.000,-0.135,0.585,0.000,0.600,cmd_age=0.02s bat=1.00 dist=0.57m
62,21.569,SCOUT,1,-5.128,-2.943,3.000,-0.135,0.585,0.000,0.600,cmd_age=0.02s bat=1.00 dist=0.57m
62,21.569,SCOUT,2,-6.628,-4.443,3.000,-0.135,0.585,0.000,0.600,cmd_age=0.02s bat=1.00 dist=0.57m
62,21.569,SCOUT,3,-5.128,-5.943,3.000,-0.135,0.585,0.000,0.600,cmd_age=0.02s bat=1.00 dist=0.57m
62,21.569,SCOUT,4,6.628,-4.443,3.000,0.135,0.585,0.000,0.600,cmd_age=0.02s bat=1.00 dist=0.57m
62,21.569,SCOUT,5,5.128,-2.943,3.000,0.135,0.585,0.000,0.600,cmd_age=0.02s bat=1.00 dist=0.57m
62,21.569,SCOUT,6,3.628,-4.443,3.000,0.135,0.585,0.000,0.600,cmd_age=0.02s bat=1.00 dist=0.57m
62,21.569,SCOUT,7,5.128,-5.943,3.000,0.135,0.585,0.000,0.600,cmd_age=0.02s bat=1.00 dist=0.57m
62,21.569,SCOUT,8,-3.096,4.596,3.000,0.424,-0.425,0.000,0.600,cmd_age=0.02s bat=1.00 dist=0.57m
62,21.569,SCOUT,9,-4.596,6.096,3.000,0.424,-0.425,0.000,0.600,cmd_age=0.02s bat=1.00 dist=0.57m
62,21.569,SCOUT,10,-6.096,4.596,3.000,0.424,-0.425,0.000,0.600,cmd_age=0.02s bat=1.00 dist=0.57m
62,21.569,SCOUT,11,-4.596,3.096,3.000,0.424,-0.425,0.000,0.600,cmd_age=0.02s bat=1.00 dist=0.57m
62,21.569,SCOUT,12,6.096,4.596,3.000,-0.424,-0.424,0.000,0.600,cmd_age=0.02s bat=1.00 dist=0.57m
62,21.569,SCOUT,13,4.596,6.096,3.000,-0.424,-0.424,0.000,0.600,cmd_age=0.02s bat=1.00 dist=0.57m
62,21.569,SCOUT,14,3.096,4.596,3.000,-0.424,-0.424,0.000,0.600,cmd_age=0.02s bat=1.00 dist=0.57m
62,21.569,SCOUT,15,4.596,3.096,3.000,-0.424,-0.424,0.000,0.600,cmd_age=0.02s bat=1.00 dist=0.57m
62,21.569,WORKER,0,-3.664,-3.273,3.000,-0.718,1.866,0.000,2.000,state=MOVING bat=1.00 dist=1.85m
62,21.569,WORKER,1,7.142,-3.155,3.000,0.153,1.994,0.000,2.000,state=MOVING bat=1.00 dist=1.85m
62,21.569,WORKER,2,-1.805,3.588,3.000,1.292,-1.527,0.000,2.000,state=MOVING bat=1.00 dist=1.85m
62,21.569,WORKER,3,5.602,3.788,3.000,-1.511,-1.310,0.000,2.000,state=MOVING bat=1.00 dist=1.85m
63,21.783,GENERAL,0,0.000,0.000,5.000,0.000,0.000,0.000,0.000,N/A
63,21.783,NODE,0,-5.140,-4.394,3.000,-0.134,0.584,0.000,0.599,zone=0 dist=0.61m
63,21.783,NODE,1,5.140,-4.394,3.000,0.134,0.585,0.000,0.600,zone=1 dist=0.61m
63,21.783,NODE,2,-4.561,4.560,3.000,0.423,-0.426,0.000,0.600,zone=2 dist=0.61m
63,21.783,NODE,3,4.561,4.561,3.000,-0.424,-0.424,0.000,0.599,zone=3 dist=0.61m
63,21.783,SCOUT,0,-3.631,-4.433,3.000,-0.135,0.585,0.000,0.600,cmd_age=0.02s bat=1.00 dist=0.58m
63,21.783,SCOUT,1,-5.131,-2.933,3.000,-0.135,0.585,0.000,0.600,cmd_age=0.02s bat=1.00 dist=0.58m
63,21.783,SCOUT,2,-6.631,-4.433,3.000,-0.135,0.585,0.000,0.600,cmd_age=0.02s bat=1.00 dist=0.58m
63,21.783,SCOUT,3,-5.131,-5.933,3.000,-0.135,0.585,0.000,0.600,cmd_age=0.02s bat=1.00 dist=0.58m
63,21.783,SCOUT,4,6.631,-4.433,3.000,0.135,0.585,0.000,0.600,cmd_age=0.02s bat=1.00 dist=0.58m
63,21.783,SCOUT,5,5.131,-2.933,3.000,0.135,0.585,0.000,0.600,cmd_age=0.02s bat=1.00 dist=0.58m
63,21.783,SCOUT,6,3.631,-4.433,3.000,0.135,0.585,0.000,0.600,cmd_age=0.02s bat=1.00 dist=0.58m
63,21.783,SCOUT,7,5.131,-5.933,3.000,0.135,0.585,0.000,0.600,cmd_age=0.02s bat=1.00 dist=0.58m
63,21.783,SCOUT,8,-3.089,4.589,3.000,0.424,-0.425,0.000,0.600,cmd_age=0.02s bat=1.00 dist=0.58m
63,21.783,SCOUT,9,-4.589,6.089,3.000,0.424,-0.425,0.000,0.600,cmd_age=0.02s bat=1.00 dist=0.58m
63,21.783,SCOUT,10,-6.089,4.589,3.000,0.424,-0.425,0.000,0.600,cmd_age=0.02s bat=1.00 dist=0.58m
63,21.783,SCOUT,11,-4.589,3.089,3.000,0.424,-0.425,0.000,0.600,cmd_age=0.02s bat=1.00 dist=0.58m
63,21.783,SCOUT,12,6.089,4.589,3.000,-0.424,-0.424,0.000,0.600,cmd_age=0.02s bat=1.00 dist=0.58m
63,21.783,SCOUT,13,4.589,6.089,3.000,-0.424,-0.424,0.000,0.600,cmd_age=0.02s bat=1.00 dist=0.58m
63,21.783,SCOUT,14,3.089,4.589,3.000,-0.424,-0.424,0.000,0.600,cmd_age=0.02s bat=1.00 dist=0.58m
63,21.783,SCOUT,15,4.589,3.089,3.000,-0.424,-0.424,0.000,0.600,cmd_age=0.02s bat=1.00 dist=0.58m
63,21.783,WORKER,0,-3.676,-3.242,3.000,-0.718,1.866,0.000,2.000,state=MOVING bat=1.00 dist=1.88m
63,21.783,WORKER,1,7.144,-3.122,3.000,0.153,1.994,0.000,2.000,state=MOVING bat=1.00 dist=1.88m
63,21.783,WORKER,2,-1.783,3.562,3.000,1.292,-1.527,0.000,2.000,state=MOVING bat=1.00 dist=1.88m
63,21.783,WORKER,3,5.577,3.767,3.000,-1.511,-1.310,0.000,2.000,state=MOVING bat=1.00 dist=1.88m
64,21.999,GENERAL,0,0.000,0.000,5.000,0.000,0.000,0.000,0.000,N/A
64,21.999,NODE,0,-5.142,-4.384,3.000,-0.134,0.585,0.000,0.600,zone=0 dist=0.62m
64,21.999,NODE,1,5.142,-4.385,3.000,0.134,0.585,0.000,0.600,zone=1 dist=0.62m
64,21.999,NODE,2,-4.554,4.553,3.000,0.424,-0.426,0.000,0.600,zone=2 dist=0.62m
64,21.999,NODE,3,4.553,4.553,3.000,-0.424,-0.424,0.000,0.600,zone=3 dist=0.62m
64,21.999,SCOUT,0,-3.633,-4.423,3.000,-0.135,0.585,0.000,0.600,cmd_age=0.02s bat=1.00 dist=0.59m
64,21.999,SCOUT,1,-5.133,-2.923,3.000,-0.135,0.585,0.000,0.600,cmd_age=0.02s bat=1.00 dist=0.59m
64,21.999,SCOUT,2,-6.633,-4.423,3.000,-0.135,0.585,0.000,0.600,cmd_age=0.02s bat=1.00 dist=0.59m
64,21.999,SCOUT,3,-5.133,-5.923,3.000,-0.135,0.585,0.000,0.600,cmd_age=0.02s bat=1.00 dist=0.59m
64,21.999,SCOUT,4,6.633,-4.424,3.000,0.135,0.585,0.000,0.600,cmd_age=0.02s bat=1.00 dist=0.59m
64,21.999,SCOUT,5,5.133,-2.924,3.000,0.135,0.585,0.000,0.600,cmd_age=0.02s bat=1.00 dist=0.59m
64,21.999,SCOUT,6,3.633,-4.424,3.000,0.135,0.585,0.000,0.600,cmd_age=0.02s bat=1.00 dist=0.59m
64,21.999,SCOUT,7,5.133,-5.924,3.000,0.135,0.585,0.000,0.600,cmd_age=0.02s bat=1.00 dist=0.59m
64,21.999,SCOUT,8,-3.082,4.582,3.000,0.424,-0.425,0.000,0.600,cmd_age=0.02s bat=1.00 dist=0.59m
64,21.999,SCOUT,9,-4.582,6.082,3.000,0.424,-0.425,0.000,0.600,cmd_age=0.02s bat=1.00 dist=0.59m
64,21.999,SCOUT,10,-6.082,4.582,3.000,0.424,-0.425,0.000,0.600,cmd_age=0.02s bat=1.00 dist=0.59m
64,21.999,SCOUT,11,-4.582,3.082,3.000,0.424,-0.425,0.000,0.600,cmd_age=0.02s bat=1.00 dist=0.59m
64,21.999,SCOUT,12,6.082,4.582,3.000,-0.424,-0.424,0.000,0.600,cmd_age=0.02s bat=1.00 dist=0.59m
64,21.999,SCOUT,13,4.582,6.082,3.000,-0.424,-0.424,0.000,0.600,cmd_age=0.02s bat=1.00 dist=0.59m
64,21.999,SCOUT,14,3.082,4.582,3.000,-0.424,-0.424,0.000,0.600,cmd_age=0.02s bat=1.00 dist=0.59m
64,21.999,SCOUT,15,4.582,3.082,3.000,-0.424,-0.424,0.000,0.600,cmd_age=0.02s bat=1.00 dist=0.59m
64,21.999,WORKER,0,-3.688,-3.211,3.000,-0.718,1.866,0.000,2.000,state=MOVING bat=1.00 dist=1.91m
64,21.999,WORKER,1,7.147,-3.089,3.000,0.153,1.994,0.000,2.000,state=MOVING bat=1.00 dist=1.91m
64,21.999,WORKER,2,-1.762,3.537,3.000,1.292,-1.527,0.000,2.000,state=MOVING bat=1.00 dist=1.91m
64,21.999,WORKER,3,5.552,3.745,3.000,-1.511,-1.310,0.000,2.000,state=MOVING bat=1.00 dist=1.91m
65,22.213,GENERAL,0,0.000,0.000,5.000,0.000,0.000,0.000,0.000,N/A
65,22.213,NODE,0,-5.144,-4.375,3.000,-0.134,0.584,0.000,0.599,zone=0 dist=0.63m
65,22.213,NODE,1,5.144,-4.375,3.000,0.136,0.586,0.000,0.601,zone=1 dist=0.63m
65,22.213,NODE,2,-4.546,4.546,3.000,0.424,-0.424,0.000,0.599,zone=2 dist=0.63m
65,22.213,NODE,3,4.546,4.546,3.000,-0.424,-0.424,0.000,0.599,zone=3 dist=0.63m
65,22.213,SCOUT,0,-3.635,-4.414,3.000,-0.135,0.585,0.000,0.600,cmd_age=0.02s bat=1.00 dist=0.60m
65,22.213,SCOUT,1,-5.135,-2.914,3.000,-0.135,0.585,0.000,0.600,cmd_age=0.02s bat=1.00 dist=0.60m
65,22.213,SCOUT,2,-6.635,-4.414,3.000,-0.135,0.585,0.000,0.600,cmd_age=0.02s bat=1.00 dist=0.60m
65,22.213,SCOUT,3,-5.135,-5.914,3.000,-0.135,0.585,0.000,0.600,cmd_age=0.02s bat=1.00 dist=0.60m
65,22.213,SCOUT,4,6.635,-4.414,3.000,0.135,0.585,0.000,0.601,cmd_age=0.02s bat=1.00 dist=0.60m
65,22.213,SCOUT,5,5.135,-2.914,3.000,0.135,0.585,0.000,0.601,cmd_age=0.02s bat=1.00 dist=0.60m
65,22.213,SCOUT,6,3.635,-4.414,3.000,0.135,0.585,0.000,0.601,cmd_age=0.02s bat=1.00 dist=0.60m
65,22.213,SCOUT,7,5.135,-5.914,3.000,0.135,0.585,0.000,0.601,cmd_age=0.02s bat=1.00 dist=0.60m
65,22.213,SCOUT,8,-3.075,4.574,3.000,0.424,-0.425,0.000,0.600,cmd_age=0.02s bat=1.00 dist=0.60m
65,22.213,SCOUT,9,-4.575,6.074,3.000,0.424,-0.425,0.000,0.600,cmd_age=0.02s bat=1.00 dist=0.60m
65,22.213,SCOUT,10,-6.075,4.574,3.000,0.424,-0.425,0.000,0.600,cmd_age=0.02s bat=1.00 dist=0.60m
65,22.213,SCOUT,11,-4.575,3.074,3.000,0.424,-0.425,0.000,0.600,cmd_age=0.02s bat=1.00 dist=0.60m
65,22.213,SCOUT,12,6.075,4.575,3.000,-0.424,-0.424,0.000,0.600,cmd_age=0.02s bat=1.00 dist=0.60m
65,22.213,SCOUT,13,4.575,6.075,3.000,-0.424,-0.424,0.000,0.600,cmd_age=0.02s bat=1.00 dist=0.60m
65,22.213,SCOUT,14,3.075,4.575,3.000,-0.424,-0.424,0.000,0.600,cmd_age=0.02s bat=1.00 dist=0.60m
65,22.213,SCOUT,15,4.575,3.075,3.000,-0.424,-0.424,0.000,0.600,cmd_age=0.02s bat=1.00 dist=0.60m
65,22.213,WORKER,0,-3.700,-3.180,3.000,-0.718,1.867,0.000,2.000,state=MOVING bat=1.00 dist=1.95m
65,22.213,WORKER,1,7.150,-3.056,3.000,0.153,1.994,0.000,2.000,state=MOVING bat=1.00 dist=1.95m
65,22.213,WORKER,2,-1.740,3.511,3.000,1.292,-1.527,0.000,2.000,state=MOVING bat=1.00 dist=1.95m
65,22.213,WORKER,3,5.526,3.723,3.000,-1.511,-1.310,0.000,2.000,state=MOVING bat=1.00 dist=1.95m
66,22.427,GENERAL,0,0.000,0.000,5.000,0.000,0.000,0.000,0.000,N/A
66,22.427,NODE,0,-5.146,-4.365,3.000,-0.134,0.583,0.000,0.598,zone=0 dist=0.64m
66,22.427,NODE,1,5.146,-4.365,3.000,0.135,0.584,0.000,0.599,zone=1 dist=0.64m
66,22.427,NODE,2,-4.539,4.539,3.000,0.424,-0.425,0.000,0.601,zone=2 dist=0.64m
66,22.427,NODE,3,4.539,4.539,3.000,-0.425,-0.424,0.000,0.601,zone=3 dist=0.64m
66,22.427,SCOUT,0,-3.637,-4.404,3.000,-0.135,0.584,0.000,0.600,cmd_age=0.02s bat=1.00 dist=0.61m
66,22.427,SCOUT,1,-5.137,-2.904,3.000,-0.135,0.584,0.000,0.600,cmd_age=0.02s bat=1.00 dist=0.61m
66,22.427,SCOUT,2,-6.637,-4.404,3.000,-0.135,0.584,0.000,0.600,cmd_age=0.02s bat=1.00 dist=0.61m
66,22.427,SCOUT,3,-5.137,-5.904,3.000,-0.135,0.584,0.000,0.600,cmd_age=0.02s bat=1.00 dist=0.61m
66,22.427,SCOUT,4,6.637,-4.404,3.000,0.135,0.585,0.000,0.600,cmd_age=0.02s bat=1.00 dist=0.61m
66,22.427,SCOUT,5,5.137,-2.904,3.000,0.135,0.585,0.000,0.600,cmd_age=0.02s bat=1.00 dist=0.61m
66,22.427,SCOUT,6,3.637,-4.404,3.000,0.135,0.585,0.000,0.600,cmd_age=0.02s bat=1.00 dist=0.61m
66,22.427,SCOUT,7,5.137,-5.904,3.000,0.135,0.585,0.000,0.600,cmd_age=0.02s bat=1.00 dist=0.61m
66,22.427,SCOUT,8,-3.068,4.567,3.000,0.424,-0.425,0.000,0.600,cmd_age=0.02s bat=1.00 dist=0.61m
66,22.427,SCOUT,9,-4.568,6.067,3.000,0.424,-0.425,0.000,0.600,cmd_age=0.02s bat=1.00 dist=0.61m
66,22.427,SCOUT,10,-6.068,4.567,3.000,0.424,-0.425,0.000,0.600,cmd_age=0.02s bat=1.00 dist=0.61m
66,22.427,SCOUT,11,-4.568,3.067,3.000,0.424,-0.425,0.000,0.600,cmd_age=0.02s bat=1.00 dist=0.61m
66,22.427,SCOUT,12,6.068,4.568,3.000,-0.424,-0.424,0.000,0.600,cmd_age=0.02s bat=1.00 dist=0.61m
66,22.427,SCOUT,13,4.568,6.068,3.000,-0.424,-0.424,0.000,0.600,cmd_age=0.02s bat=1.00 dist=0.61m
66,22.427,SCOUT,14,3.068,4.568,3.000,-0.424,-0.424,0.000,0.600,cmd_age=0.02s bat=1.00 dist=0.61m
66,22.427,SCOUT,15,4.568,3.068,3.000,-0.424,-0.424,0.000,0.600,cmd_age=0.02s bat=1.00 dist=0.61m
66,22.427,WORKER,0,-3.712,-3.149,3.000,-0.718,1.867,0.000,2.000,state=MOVING bat=1.00 dist=1.98m
66,22.427,WORKER,1,7.152,-3.022,3.000,0.153,1.994,0.000,2.000,state=MOVING bat=1.00 dist=1.98m
66,22.427,WORKER,2,-1.719,3.486,3.000,1.292,-1.527,0.000,2.000,state=MOVING bat=1.00 dist=1.98m
66,22.427,WORKER,3,5.501,3.701,3.000,-1.511,-1.310,0.000,2.000,state=MOVING bat=1.00 dist=1.98m
67,22.638,GENERAL,0,0.000,0.000,5.000,0.000,0.000,0.000,0.000,N/A
67,22.638,NODE,0,-5.149,-4.355,3.000,-0.134,0.584,0.000,0.600,zone=0 dist=0.65m
67,22.638,NODE,1,5.149,-4.355,3.000,0.136,0.584,0.000,0.600,zone=1 dist=0.65m
67,22.638,NODE,2,-4.532,4.532,3.000,0.423,-0.424,0.000,0.599,zone=2 dist=0.65m
67,22.638,NODE,3,4.532,4.532,3.000,-0.424,-0.424,0.000,0.600,zone=3 dist=0.65m
67,22.638,SCOUT,0,-3.640,-4.394,3.000,-0.134,0.584,0.000,0.600,cmd_age=0.02s bat=1.00 dist=0.62m
67,22.638,SCOUT,1,-5.140,-2.894,3.000,-0.134,0.584,0.000,0.600,cmd_age=0.02s bat=1.00 dist=0.62m
67,22.638,SCOUT,2,-6.640,-4.394,3.000,-0.134,0.584,0.000,0.600,cmd_age=0.02s bat=1.00 dist=0.62m
67,22.638,SCOUT,3,-5.140,-5.894,3.000,-0.134,0.584,0.000,0.600,cmd_age=0.02s bat=1.00 dist=0.62m
67,22.638,SCOUT,4,6.640,-4.394,3.000,0.135,0.585,0.000,0.600,cmd_age=0.02s bat=1.00 dist=0.62m
67,22.638,SCOUT,5,5.140,-2.894,3.000,0.135,0.585,0.000,0.600,cmd_age=0.02s bat=1.00 dist=0.62m
67,22.638,SCOUT,6,3.640,-4.394,3.000,0.135,0.585,0.000,0.600,cmd_age=0.02s bat=1.00 dist=0.62m
67,22.638,SCOUT,7,5.140,-5.894,3.000,0.135,0.585,0.000,0.600,cmd_age=0.02s bat=1.00 dist=0.62m
67,22.638,SCOUT,8,-3.061,4.560,3.000,0.424,-0.425,0.000,0.600,cmd_age=0.02s bat=1.00 dist=0.62m
67,22.638,SCOUT,9,-4.561,6.060,3.000,0.424,-0.425,0.000,0.600,cmd_age=0.02s bat=1.00 dist=0.62m
67,22.638,SCOUT,10,-6.061,4.560,3.000,0.424,-0.425,0.000,0.600,cmd_age=0.02s bat=1.00 dist=0.62m
67,22.638,SCOUT,11,-4.561,3.060,3.000,0.424,-0.425,0.000,0.600,cmd_age=0.02s bat=1.00 dist=0.62m
67,22.638,SCOUT,12,6.061,4.561,3.000,-0.424,-0.424,0.000,0.600,cmd_age=0.02s bat=1.00 dist=0.62m
67,22.638,SCOUT,13,4.561,6.061,3.000,-0.424,-0.424,0.000,0.600,cmd_age=0.02s bat=1.00 dist=0.62m
67,22.638,SCOUT,14,3.061,4.561,3.000,-0.424,-0.424,0.000,0.600,cmd_age=0.02s bat=1.00 dist=0.62m
67,22.638,SCOUT,15,4.561,3.061,3.000,-0.424,-0.424,0.000,0.600,cmd_age=0.02s bat=1.00 dist=0.62m
67,22.638,WORKER,0,-3.724,-3.118,3.000,-0.718,1.867,0.000,2.000,state=MOVING bat=1.00 dist=2.01m
67,22.638,WORKER,1,7.155,-2.989,3.000,0.153,1.994,0.000,2.000,state=MOVING bat=1.00 dist=2.01m
67,22.638,WORKER,2,-1.697,3.460,3.000,1.292,-1.527,0.000,2.000,state=MOVING bat=1.00 dist=2.01m
67,22.638,WORKER,3,5.476,3.679,3.000,-1.511,-1.310,0.000,2.000,state=MOVING bat=1.00 dist=2.01m
68,22.854,GENERAL,0,0.000,0.000,5.000,0.000,0.000,0.000,0.000,N/A
68,22.854,NODE,0,-5.151,-4.346,3.000,-0.134,0.584,0.000,0.599,zone=0 dist=0.66m
68,22.854,NODE,1,5.151,-4.346,3.000,0.137,0.584,0.000,0.600,zone=1 dist=0.66m
68,22.854,NODE,2,-4.525,4.525,3.000,0.424,-0.425,0.000,0.601,zone=2 dist=0.66m
68,22.854,NODE,3,4.525,4.525,3.000,-0.425,-0.424,0.000,0.600,zone=3 dist=0.66m
68,22.854,SCOUT,0,-3.642,-4.385,3.000,-0.134,0.584,0.000,0.599,cmd_age=0.02s bat=1.00 dist=0.63m
68,22.854,SCOUT,1,-5.142,-2.885,3.000,-0.134,0.584,0.000,0.599,cmd_age=0.02s bat=1.00 dist=0.63m
68,22.854,SCOUT,2,-6.642,-4.385,3.000,-0.134,0.584,0.000,0.599,cmd_age=0.02s bat=1.00 dist=0.63m
68,22.854,SCOUT,3,-5.142,-5.885,3.000,-0.134,0.584,0.000,0.599,cmd_age=0.02s bat=1.00 dist=0.63m
68,22.854,SCOUT,4,6.642,-4.385,3.000,0.136,0.585,0.000,0.600,cmd_age=0.02s bat=1.00 dist=0.63m
68,22.854,SCOUT,5,5.142,-2.885,3.000,0.136,0.585,0.000,0.600,cmd_age=0.02s bat=1.00 dist=0.63m
68,22.854,SCOUT,6,3.642,-4.385,3.000,0.136,0.585,0.000,0.600,cmd_age=0.02s bat=1.00 dist=0.63m
68,22.854,SCOUT,7,5.142,-5.885,3.000,0.136,0.585,0.000,0.600,cmd_age=0.02s bat=1.00 dist=0.63m
68,22.854,SCOUT,8,-3.054,4.553,3.000,0.424,-0.425,0.000,0.600,cmd_age=0.02s bat=1.00 dist=0.63m
68,22.854,SCOUT,9,-4.554,6.053,3.000,0.424,-0.425,0.000,0.600,cmd_age=0.02s bat=1.00 dist=0.63m
68,22.854,SCOUT,10,-6.054,4.553,3.000,0.424,-0.425,0.000,0.600,cmd_age=0.02s bat=1.00 dist=0.63m
68,22.854,SCOUT,11,-4.554,3.053,3.000,0.424,-0.425,0.000,0.600,cmd_age=0.02s bat=1.00 dist=0.63m
68,22.854,SCOUT,12,6.053,4.553,3.000,-0.424,-0.424,0.000,0.600,cmd_age=0.02s bat=1.00 dist=0.63m
68,22.854,SCOUT,13,4.553,6.053,3.000,-0.424,-0.424,0.000,0.600,cmd_age=0.02s bat=1.00 dist=0.63m
68,22.854,SCOUT,14,3.053,4.553,3.000,-0.424,-0.424,0.000,0.600,cmd_age=0.02s bat=1.00 dist=0.63m
68,22.854,SCOUT,15,4.553,3.053,3.000,-0.424,-0.424,0.000,0.600,cmd_age=0.02s bat=1.00 dist=0.63m
68,22.854,WORKER,0,-3.736,-3.087,3.000,-0.718,1.867,0.000,2.000,state=MOVING bat=1.00 dist=2.05m
68,22.854,WORKER,1,7.157,-2.956,3.000,0.153,1.994,0.000,2.000,state=MOVING bat=1.00 dist=2.05m
68,22.854,WORKER,2,-1.676,3.435,3.000,1.292,-1.527,0.000,2.000,state=MOVING bat=1.00 dist=2.05m
68,22.854,WORKER,3,5.451,3.657,3.000,-1.511,-1.310,0.000,2.000,state=MOVING bat=1.00 dist=2.05m
69,23.108,GENERAL,0,0.000,0.000,5.000,0.000,0.000,0.000,0.000,N/A
69,23.108,NODE,0,-5.153,-4.336,3.000,-0.135,0.584,0.000,0.599,zone=0 dist=0.67m
69,23.108,NODE,1,5.153,-4.336,3.000,0.135,0.585,0.000,0.600,zone=1 dist=0.67m
69,23.108,NODE,2,-4.518,4.518,3.000,0.424,-0.424,0.000,0.600,zone=2 dist=0.67m
69,23.108,NODE,3,4.518,4.518,3.000,-0.424,-0.425,0.000,0.601,zone=3 dist=0.67m
69,23.108,SCOUT,0,-3.644,-4.375,3.000,-0.134,0.584,0.000,0.599,cmd_age=0.02s bat=1.00 dist=0.64m
69,23.108,SCOUT,1,-5.144,-2.875,3.000,-0.134,0.584,0.000,0.599,cmd_age=0.02s bat=1.00 dist=0.64m
69,23.108,SCOUT,2,-6.644,-4.375,3.000,-0.134,0.584,0.000,0.599,cmd_age=0.02s bat=1.00 dist=0.64m
69,23.108,SCOUT,3,-5.144,-5.875,3.000,-0.134,0.584,0.000,0.599,cmd_age=0.02s bat=1.00 dist=0.64m
69,23.108,SCOUT,4,6.644,-4.375,3.000,0.135,0.585,0.000,0.600,cmd_age=0.02s bat=1.00 dist=0.64m
69,23.108,SCOUT,5,5.144,-2.875,3.000,0.135,0.585,0.000,0.600,cmd_age=0.02s bat=1.00 dist=0.64m
69,23.108,SCOUT,6,3.644,-4.375,3.000,0.135,0.585,0.000,0.600,cmd_age=0.02s bat=1.00 dist=0.64m
69,23.108,SCOUT,7,5.144,-5.875,3.000,0.135,0.585,0.000,0.600,cmd_age=0.02s bat=1.00 dist=0.64m
69,23.108,SCOUT,8,-3.046,4.546,3.000,0.424,-0.425,0.000,0.600,cmd_age=0.02s bat=1.00 dist=0.64m
69,23.108,SCOUT,9,-4.546,6.046,3.000,0.424,-0.425,0.000,0.600,cmd_age=0.02s bat=1.00 dist=0.64m
69,23.108,SCOUT,10,-6.046,4.546,3.000,0.424,-0.425,0.000,0.600,cmd_age=0.02s bat=1.00 dist=0.64m
69,23.108,SCOUT,11,-4.546,3.046,3.000,0.424,-0.425,0.000,0.600,cmd_age=0.02s bat=1.00 dist=0.64m
69,23.108,SCOUT,12,6.046,4.546,3.000,-0.424,-0.424,0.000,0.600,cmd_age=0.02s bat=1.00 dist=0.64m
69,23.108,SCOUT,13,4.546,6.046,3.000,-0.424,-0.424,0.000,0.600,cmd_age=0.02s bat=1.00 dist=0.64m
69,23.108,SCOUT,14,3.046,4.546,3.000,-0.424,-0.424,0.000,0.600,cmd_age=0.02s bat=1.00 dist=0.64m
69,23.108,SCOUT,15,4.546,3.046,3.000,-0.424,-0.424,0.000,0.600,cmd_age=0.02s bat=1.00 dist=0.64m
69,23.108,WORKER,0,-3.748,-3.056,3.000,-0.718,1.867,0.000,2.000,state=MOVING bat=1.00 dist=2.08m
69,23.108,WORKER,1,7.160,-2.923,3.000,0.153,1.994,0.000,2.000,state=MOVING bat=1.00 dist=2.08m
69,23.108,WORKER,2,-1.654,3.410,3.000,1.292,-1.527,0.000,2.000,state=MOVING bat=1.00 dist=2.08m
69,23.108,WORKER,3,5.426,3.636,3.000,-1.511,-1.310,0.000,2.000,state=MOVING bat=1.00 dist=2.08m
70,23.648,GENERAL,0,0.000,0.000,5.000,0.000,0.000,0.000,0.000,N/A
70,23.648,NODE,0,-5.155,-4.326,3.000,-0.134,0.585,0.000,0.600,zone=0 dist=0.68m
70,23.648,NODE,1,5.155,-4.326,3.000,0.135,0.584,0.000,0.600,zone=1 dist=0.68m
70,23.648,NODE,2,-4.511,4.511,3.000,0.424,-0.424,0.000,0.600,zone=2 dist=0.68m
70,23.648,NODE,3,4.511,4.511,3.000,-0.424,-0.424,0.000,0.600,zone=3 dist=0.68m
70,23.648,SCOUT,0,-3.646,-4.365,3.000,-0.134,0.584,0.000,0.599,cmd_age=0.02s bat=1.00 dist=0.65m
70,23.648,SCOUT,1,-5.146,-2.865,3.000,-0.134,0.584,0.000,0.599,cmd_age=0.02s bat=1.00 dist=0.65m
70,23.648,SCOUT,2,-6.646,-4.365,3.000,-0.134,0.584,0.000,0.599,cmd_age=0.02s bat=1.00 dist=0.65m
70,23.648,SCOUT,3,-5.146,-5.865,3.000,-0.134,0.584,0.000,0.599,cmd_age=0.02s bat=1.00 dist=0.65m
70,23.648,SCOUT,4,6.646,-4.365,3.000,0.135,0.585,0.000,0.600,cmd_age=0.02s bat=1.00 dist=0.65m
70,23.648,SCOUT,5,5.146,-2.865,3.000,0.135,0.585,0.000,0.600,cmd_age=0.02s bat=1.00 dist=0.65m
70,23.648,SCOUT,6,3.646,-4.365,3.000,0.135,0.585,0.000,0.600,cmd_age=0.02s bat=1.00 dist=0.65m
70,23.648,SCOUT,7,5.146,-5.865,3.000,0.135,0.585,0.000,0.600,cmd_age=0.02s bat=1.00 dist=0.65m
70,23.648,SCOUT,8,-3.039,4.539,3.000,0.424,-0.425,0.000,0.600,cmd_age=0.02s bat=1.00 dist=0.65m
70,23.648,SCOUT,9,-4.539,6.039,3.000,0.424,-0.425,0.000,0.600,cmd_age=0.02s bat=1.00 dist=0.65m
70,23.648,SCOUT,10,-6.039,4.539,3.000,0.424,-0.425,0.000,0.600,cmd_age=0.02s bat=1.00 dist=0.65m
70,23.648,SCOUT,11,-4.539,3.039,3.000,0.424,-0.425,0.000,0.600,cmd_age=0.02s bat=1.00 dist=0.65m
70,23.648,SCOUT,12,6.039,4.539,3.000,-0.424,-0.424,0.000,0.600,cmd_age=0.02s bat=1.00 dist=0.65m
70,23.648,SCOUT,13,4.539,6.039,3.000,-0.424,-0.424,0.000,0.600,cmd_age=0.02s bat=1.00 dist=0.65m
70,23.648,SCOUT,14,3.039,4.539,3.000,-0.424,-0.424,0.000,0.600,cmd_age=0.02s bat=1.00 dist=0.65m
70,23.648,SCOUT,15,4.539,3.039,3.000,-0.424,-0.424,0.000,0.600,cmd_age=0.02s bat=1.00 dist=0.65m
70,23.648,WORKER,0,-3.760,-3.024,3.000,-0.718,1.867,0.000,2.000,state=MOVING bat=1.00 dist=2.11m
70,23.648,WORKER,1,7.162,-2.890,3.000,0.153,1.994,0.000,2.000,state=MOVING bat=1.00 dist=2.11m
70,23.648,WORKER,2,-1.633,3.384,3.000,1.292,-1.527,0.000,2.000,state=MOVING bat=1.00 dist=2.11m
70,23.648,WORKER,3,5.400,3.614,3.000,-1.511,-1.310,0.000,2.000,state=MOVING bat=1.00 dist=2.11m
71,23.838,GENERAL,0,0.000,0.000,5.000,0.000,0.000,0.000,0.000,N/A
71,23.838,NODE,0,-5.157,-4.316,3.000,-0.134,0.585,0.000,0.600,zone=0 dist=0.69m
71,23.838,NODE,1,5.158,-4.316,3.000,0.135,0.585,0.000,0.600,zone=1 dist=0.69m
71,23.838,NODE,2,-4.504,4.504,3.000,0.424,-0.425,0.000,0.601,zone=2 dist=0.69m
71,23.838,NODE,3,4.504,4.504,3.000,-0.424,-0.424,0.000,0.599,zone=3 dist=0.69m
71,23.838,SCOUT,0,-3.648,-4.355,3.000,-0.134,0.584,0.000,0.600,cmd_age=0.02s bat=1.00 dist=0.66m
71,23.838,SCOUT,1,-5.148,-2.855,3.000,-0.134,0.584,0.000,0.600,cmd_age=0.02s bat=1.00 dist=0.66m
71,23.838,SCOUT,2,-6.648,-4.355,3.000,-0.134,0.584,0.000,0.600,cmd_age=0.02s bat=1.00 dist=0.66m
71,23.838,SCOUT,3,-5.148,-5.855,3.000,-0.134,0.584,0.000,0.600,cmd_age=0.02s bat=1.00 dist=0.66m
71,23.838,SCOUT,4,6.649,-4.355,3.000,0.135,0.585,0.000,0.600,cmd_age=0.02s bat=1.00 dist=0.66m
71,23.838,SCOUT,5,5.149,-2.855,3.000,0.135,0.585,0.000,0.600,cmd_age=0.02s bat=1.00 dist=0.66m
71,23.838,SCOUT,6,3.649,-4.355,3.000,0.135,0.585,0.000,0.600,cmd_age=0.02s bat=1.00 dist=0.66m
71,23.838,SCOUT,7,5.149,-5.855,3.000,0.135,0.585,0.000,0.600,cmd_age=0.02s bat=1.00 dist=0.66m
71,23.838,SCOUT,8,-3.032,4.532,3.000,0.424,-0.425,0.000,0.600,cmd_age=0.02s bat=1.00 dist=0.66m
71,23.838,SCOUT,9,-4.532,6.032,3.000,0.424,-0.425,0.000,0.600,cmd_age=0.02s bat=1.00 dist=0.66m
71,23.838,SCOUT,10,-6.032,4.532,3.000,0.424,-0.425,0.000,0.600,cmd_age=0.02s bat=1.00 dist=0.66m
71,23.838,SCOUT,11,-4.532,3.032,3.000,0.424,-0.425,0.000,0.600,cmd_age=0.02s bat=1.00 dist=0.66m
71,23.838,SCOUT,12,6.032,4.532,3.000,-0.424,-0.424,0.000,0.600,cmd_age=0.02s bat=1.00 dist=0.66m
71,23.838,SCOUT,13,4.532,6.032,3.000,-0.424,-0.424,0.000,0.600,cmd_age=0.02s bat=1.00 dist=0.66m
71,23.838,SCOUT,14,3.032,4.532,3.000,-0.424,-0.424,0.000,0.600,cmd_age=0.02s bat=1.00 dist=0.66m
71,23.838,SCOUT,15,4.532,3.032,3.000,-0.424,-0.424,0.000,0.600,cmd_age=0.02s bat=1.00 dist=0.66m
71,23.838,WORKER,0,-3.772,-2.993,3.000,-0.718,1.867,0.000,2.000,state=MOVING bat=1.00 dist=2.15m
71,23.838,WORKER,1,7.165,-2.856,3.000,0.153,1.994,0.000,2.000,state=MOVING bat=1.00 dist=2.15m
71,23.838,WORKER,2,-1.611,3.359,3.000,1.292,-1.527,0.000,2.000,state=MOVING bat=1.00 dist=2.15m
71,23.838,WORKER,3,5.375,3.592,3.000,-1.511,-1.310,0.000,2.000,state=MOVING bat=1.00 dist=2.15m
72,24.030,GENERAL,0,0.000,0.000,5.000,0.000,0.000,0.000,0.000,N/A
72,24.030,NODE,0,-5.160,-4.307,3.000,-0.133,0.584,0.000,0.599,zone=0 dist=0.70m
72,24.030,NODE,1,5.160,-4.307,3.000,0.136,0.586,0.000,0.601,zone=1 dist=0.70m
72,24.030,NODE,2,-4.497,4.497,3.000,0.424,-0.425,0.000,0.601,zone=2 dist=0.70m
72,24.030,NODE,3,4.497,4.497,3.000,-0.424,-0.425,0.000,0.600,zone=3 dist=0.70m
72,24.030,SCOUT,0,-3.651,-4.346,3.000,-0.134,0.584,0.000,0.600,cmd_age=0.02s bat=1.00 dist=0.67m
72,24.030,SCOUT,1,-5.151,-2.846,3.000,-0.134,0.584,0.000,0.600,cmd_age=0.02s bat=1.00 dist=0.67m
72,24.030,SCOUT,2,-6.651,-4.346,3.000,-0.134,0.584,0.000,0.600,cmd_age=0.02s bat=1.00 dist=0.67m
72,24.030,SCOUT,3,-5.151,-5.846,3.000,-0.134,0.584,0.000,0.600,cmd_age=0.02s bat=1.00 dist=0.67m
72,24.030,SCOUT,4,6.651,-4.346,3.000,0.135,0.585,0.000,0.600,cmd_age=0.02s bat=1.00 dist=0.67m
72,24.030,SCOUT,5,5.151,-2.846,3.000,0.135,0.585,0.000,0.600,cmd_age=0.02s bat=1.00 dist=0.67m
72,24.030,SCOUT,6,3.651,-4.346,3.000,0.135,0.585,0.000,0.600,cmd_age=0.02s bat=1.00 dist=0.67m
72,24.030,SCOUT,7,5.151,-5.846,3.000,0.135,0.585,0.000,0.600,cmd_age=0.02s bat=1.00 dist=0.67m
72,24.030,SCOUT,8,-3.025,4.525,3.000,0.424,-0.425,0.000,0.600,cmd_age=0.02s bat=1.00 dist=0.67m
72,24.030,SCOUT,9,-4.525,6.025,3.000,0.424,-0.425,0.000,0.600,cmd_age=0.02s bat=1.00 dist=0.67m
72,24.030,SCOUT,10,-6.025,4.525,3.000,0.424,-0.425,0.000,0.600,cmd_age=0.02s bat=1.00 dist=0.67m
72,24.030,SCOUT,11,-4.525,3.025,3.000,0.424,-0.425,0.000,0.600,cmd_age=0.02s bat=1.00 dist=0.67m
72,24.030,SCOUT,12,6.025,4.525,3.000,-0.424,-0.424,0.000,0.600,cmd_age=0.02s bat=1.00 dist=0.67m
72,24.030,SCOUT,13,4.525,6.025,3.000,-0.424,-0.424,0.000,0.600,cmd_age=0.02s bat=1.00 dist=0.67m
72,24.030,SCOUT,14,3.025,4.525,3.000,-0.424,-0.424,0.000,0.600,cmd_age=0.02s bat=1.00 dist=0.67m
72,24.030,SCOUT,15,4.525,3.025,3.000,-0.424,-0.424,0.000,0.600,cmd_age=0.02s bat=1.00 dist=0.67m
72,24.030,WORKER,0,-3.784,-2.962,3.000,-0.718,1.867,0.000,2.000,state=MOVING bat=1.00 dist=2.18m
72,24.030,WORKER,1,7.167,-2.823,3.000,0.153,1.994,0.000,2.000,state=MOVING bat=1.00 dist=2.18m
72,24.030,WORKER,2,-1.590,3.333,3.000,1.292,-1.527,0.000,2.000,state=MOVING bat=1.00 dist=2.18m
72,24.030,WORKER,3,5.350,3.570,3.000,-1.511,-1.310,0.000,2.000,state=MOVING bat=1.00 dist=2.18m
73,25.283,GENERAL,0,0.000,0.000,5.000,0.000,0.000,0.000,0.000,N/A
73,25.283,NODE,0,-5.162,-4.297,3.000,-0.134,0.585,0.000,0.600,zone=0 dist=0.71m
73,25.283,NODE,1,5.162,-4.297,3.000,0.135,0.584,0.000,0.599,zone=1 dist=0.71m
73,25.283,NODE,2,-4.490,4.489,3.000,0.423,-0.426,0.000,0.601,zone=2 dist=0.71m
73,25.283,NODE,3,4.490,4.490,3.000,-0.425,-0.424,0.000,0.601,zone=3 dist=0.71m
73,25.283,SCOUT,0,-3.653,-4.336,3.000,-0.134,0.585,0.000,0.600,cmd_age=0.02s bat=1.00 dist=0.68m
73,25.283,SCOUT,1,-5.153,-2.836,3.000,-0.134,0.585,0.000,0.600,cmd_age=0.02s bat=1.00 dist=0.68m
73,25.283,SCOUT,2,-6.653,-4.336,3.000,-0.134,0.585,0.000,0.600,cmd_age=0.02s bat=1.00 dist=0.68m
73,25.283,SCOUT,3,-5.153,-5.836,3.000,-0.134,0.585,0.000,0.600,cmd_age=0.02s bat=1.00 dist=0.68m
73,25.283,SCOUT,4,6.653,-4.336,3.000,0.135,0.585,0.000,0.600,cmd_age=0.02s bat=1.00 dist=0.68m
73,25.283,SCOUT,5,5.153,-2.836,3.000,0.135,0.585,0.000,0.600,cmd_age=0.02s bat=1.00 dist=0.68m
73,25.283,SCOUT,6,3.653,-4.336,3.000,0.135,0.585,0.000,0.600,cmd_age=0.02s bat=1.00 dist=0.68m
73,25.283,SCOUT,7,5.153,-5.836,3.000,0.135,0.585,0.000,0.600,cmd_age=0.02s bat=1.00 dist=0.68m
73,25.283,SCOUT,8,-3.018,4.518,3.000,0.424,-0.425,0.000,0.600,cmd_age=0.02s bat=1.00 dist=0.68m
73,25.283,SCOUT,9,-4.518,6.018,3.000,0.424,-0.425,0.000,0.600,cmd_age=0.02s bat=1.00 dist=0.68m
73,25.283,SCOUT,10,-6.018,4.518,3.000,0.424,-0.425,0.000,0.600,cmd_age=0.02s bat=1.00 dist=0.68m
73,25.283,SCOUT,11,-4.518,3.018,3.000,0.424,-0.425,0.000,0.600,cmd_age=0.02s bat=1.00 dist=0.68m
73,25.283,SCOUT,12,6.018,4.518,3.000,-0.424,-0.424,0.000,0.600,cmd_age=0.02s bat=1.00 dist=0.68m
73,25.283,SCOUT,13,4.518,6.018,3.000,-0.424,-0.424,0.000,0.600,cmd_age=0.02s bat=1.00 dist=0.68m
73,25.283,SCOUT,14,3.018,4.518,3.000,-0.424,-0.424,0.000,0.600,cmd_age=0.02s bat=1.00 dist=0.68m
73,25.283,SCOUT,15,4.518,3.018,3.000,-0.424,-0.424,0.000,0.600,cmd_age=0.02s bat=1.00 dist=0.68m
73,25.283,WORKER,0,-3.796,-2.931,3.000,-0.718,1.867,0.000,2.000,state=MOVING bat=1.00 dist=2.21m
73,25.283,WORKER,1,7.170,-2.790,3.000,0.153,1.994,0.000,2.000,state=MOVING bat=1.00 dist=2.21m
73,25.283,WORKER,2,-1.568,3.308,3.000,1.292,-1.527,0.000,2.000,state=MOVING bat=1.00 dist=2.21m
73,25.283,WORKER,3,5.325,3.548,3.000,-1.511,-1.310,0.000,2.000,state=MOVING bat=1.00 dist=2.21m
74,26.316,GENERAL,0,0.000,0.000,5.000,0.000,0.000,0.000,0.000,N/A
74,26.316,NODE,0,-5.164,-4.287,3.000,-0.134,0.585,0.000,0.600,zone=0 dist=0.72m
74,26.316,NODE,1,5.165,-4.287,3.000,0.135,0.584,0.000,0.599,zone=1 dist=0.72m
74,26.316,NODE,2,-4.483,4.482,3.000,0.424,-0.425,0.000,0.600,zone=2 dist=0.72m
74,26.316,NODE,3,4.483,4.483,3.000,-0.426,-0.424,0.000,0.601,zone=3 dist=0.72m
74,26.316,SCOUT,0,-3.655,-4.326,3.000,-0.134,0.585,0.000,0.600,cmd_age=0.02s bat=1.00 dist=0.69m
74,26.316,SCOUT,1,-5.155,-2.826,3.000,-0.134,0.585,0.000,0.600,cmd_age=0.02s bat=1.00 dist=0.69m
74,26.316,SCOUT,2,-6.655,-4.326,3.000,-0.134,0.585,0.000,0.600,cmd_age=0.02s bat=1.00 dist=0.69m
74,26.316,SCOUT,3,-5.155,-5.826,3.000,-0.134,0.585,0.000,0.600,cmd_age=0.02s bat=1.00 dist=0.69m
74,26.316,SCOUT,4,6.655,-4.326,3.000,0.135,0.584,0.000,0.600,cmd_age=0.02s bat=1.00 dist=0.69m
74,26.316,SCOUT,5,5.155,-2.826,3.000,0.135,0.584,0.000,0.600,cmd_age=0.02s bat=1.00 dist=0.69m
74,26.316,SCOUT,6,3.655,-4.326,3.000,0.135,0.584,0.000,0.600,cmd_age=0.02s bat=1.00 dist=0.69m
74,26.316,SCOUT,7,5.155,-5.826,3.000,0.135,0.584,0.000,0.600,cmd_age=0.02s bat=1.00 dist=0.69m
74,26.316,SCOUT,8,-3.011,4.511,3.000,0.424,-0.425,0.000,0.600,cmd_age=0.02s bat=1.00 dist=0.69m
74,26.316,SCOUT,9,-4.511,6.011,3.000,0.424,-0.425,0.000,0.600,cmd_age=0.02s bat=1.00 dist=0.69m
74,26.316,SCOUT,10,-6.011,4.511,3.000,0.424,-0.425,0.000,0.600,cmd_age=0.02s bat=1.00 dist=0.69m
74,26.316,SCOUT,11,-4.511,3.011,3.000,0.424,-0.425,0.000,0.600,cmd_age=0.02s bat=1.00 dist=0.69m
74,26.316,SCOUT,12,6.011,4.511,3.000,-0.425,-0.424,0.000,0.600,cmd_age=0.02s bat=1.00 dist=0.69m
74,26.316,SCOUT,13,4.511,6.011,3.000,-0.425,-0.424,0.000,0.600,cmd_age=0.02s bat=1.00 dist=0.69m
74,26.316,SCOUT,14,3.011,4.511,3.000,-0.425,-0.424,0.000,0.600,cmd_age=0.02s bat=1.00 dist=0.69m
74,26.316,SCOUT,15,4.511,3.011,3.000,-0.425,-0.424,0.000,0.600,cmd_age=0.02s bat=1.00 dist=0.69m
74,26.316,WORKER,0,-3.808,-2.900,3.000,-0.718,1.867,0.000,2.000,state=MOVING bat=1.00 dist=2.25m
74,26.316,WORKER,1,7.173,-2.757,3.000,0.153,1.994,0.000,2.000,state=MOVING bat=1.00 dist=2.25m
74,26.316,WORKER,2,-1.547,3.282,3.000,1.292,-1.527,0.000,2.000,state=MOVING bat=1.00 dist=2.25m
74,26.316,WORKER,3,5.300,3.526,3.000,-1.511,-1.310,0.000,2.000,state=MOVING bat=1.00 dist=2.25m
75,27.132,GENERAL,0,0.000,0.000,5.000,0.000,0.000,0.000,0.000,N/A
75,27.132,NODE,0,-5.166,-4.277,3.000,-0.134,0.586,0.000,0.601,zone=0 dist=0.73m
75,27.132,NODE,1,5.167,-4.277,3.000,0.135,0.584,0.000,0.599,zone=1 dist=0.73m
75,27.132,NODE,2,-4.476,4.475,3.000,0.424,-0.425,0.000,0.600,zone=2 dist=0.73m
75,27.132,NODE,3,4.476,4.476,3.000,-0.426,-0.424,0.000,0.601,zone=3 dist=0.73m
75,27.132,SCOUT,0,-3.657,-4.316,3.000,-0.134,0.585,0.000,0.600,cmd_age=0.02s bat=1.00 dist=0.70m
75,27.132,SCOUT,1,-5.157,-2.816,3.000,-0.134,0.585,0.000,0.600,cmd_age=0.02s bat=1.00 dist=0.70m
75,27.132,SCOUT,2,-6.657,-4.316,3.000,-0.134,0.585,0.000,0.600,cmd_age=0.02s bat=1.00 dist=0.70m
75,27.132,SCOUT,3,-5.157,-5.816,3.000,-0.134,0.585,0.000,0.600,cmd_age=0.02s bat=1.00 dist=0.70m
75,27.132,SCOUT,4,6.658,-4.316,3.000,0.135,0.584,0.000,0.600,cmd_age=0.02s bat=1.00 dist=0.70m
75,27.132,SCOUT,5,5.158,-2.816,3.000,0.135,0.584,0.000,0.600,cmd_age=0.02s bat=1.00 dist=0.70m
75,27.132,SCOUT,6,3.658,-4.316,3.000,0.135,0.584,0.000,0.600,cmd_age=0.02s bat=1.00 dist=0.70m
75,27.132,SCOUT,7,5.158,-5.816,3.000,0.135,0.584,0.000,0.600,cmd_age=0.02s bat=1.00 dist=0.70m
75,27.132,SCOUT,8,-3.004,4.504,3.000,0.424,-0.425,0.000,0.600,cmd_age=0.02s bat=1.00 dist=0.70m
75,27.132,SCOUT,9,-4.504,6.004,3.000,0.424,-0.425,0.000,0.600,cmd_age=0.02s bat=1.00 dist=0.70m
75,27.132,SCOUT,10,-6.004,4.504,3.000,0.424,-0.425,0.000,0.600,cmd_age=0.02s bat=1.00 dist=0.70m
75,27.132,SCOUT,11,-4.504,3.004,3.000,0.424,-0.425,0.000,0.600,cmd_age=0.02s bat=1.00 dist=0.70m
75,27.132,SCOUT,12,6.004,4.504,3.000,-0.425,-0.424,0.000,0.601,cmd_age=0.02s bat=1.00 dist=0.70m
75,27.132,SCOUT,13,4.504,6.004,3.000,-0.425,-0.424,0.000,0.601,cmd_age=0.02s bat=1.00 dist=0.70m
75,27.132,SCOUT,14,3.004,4.504,3.000,-0.425,-0.424,0.000,0.601,cmd_age=0.02s bat=1.00 dist=0.70m
75,27.132,SCOUT,15,4.504,3.004,3.000,-0.425,-0.424,0.000,0.601,cmd_age=0.02s bat=1.00 dist=0.70m
75,27.132,WORKER,0,-3.820,-2.869,3.000,-0.718,1.867,0.000,2.000,state=MOVING bat=1.00 dist=2.28m
75,27.132,WORKER,1,7.175,-2.723,3.000,0.153,1.994,0.000,2.000,state=MOVING bat=1.00 dist=2.28m
75,27.132,WORKER,2,-1.525,3.257,3.000,1.292,-1.527,0.000,2.000,state=MOVING bat=1.00 dist=2.28m
75,27.132,WORKER,3,5.275,3.505,3.000,-1.511,-1.310,0.000,2.000,state=MOVING bat=1.00 dist=2.28m
76,28.250,GENERAL,0,0.000,0.000,5.000,0.000,0.000,0.000,0.000,N/A
76,28.250,NODE,0,-5.169,-4.268,3.000,-0.136,0.586,0.000,0.602,zone=0 dist=0.74m
76,28.250,NODE,1,5.169,-4.268,3.000,0.135,0.585,0.000,0.600,zone=1 dist=0.74m
76,28.250,NODE,2,-4.469,4.468,3.000,0.424,-0.425,0.000,0.600,zone=2 dist=0.74m
76,28.250,NODE,3,4.469,4.469,3.000,-0.426,-0.424,0.000,0.601,zone=3 dist=0.74m
76,28.250,SCOUT,0,-3.660,-4.307,3.000,-0.135,0.585,0.000,0.600,cmd_age=0.02s bat=1.00 dist=0.71m
76,28.250,SCOUT,1,-5.160,-2.807,3.000,-0.135,0.585,0.000,0.600,cmd_age=0.02s bat=1.00 dist=0.71m
76,28.250,SCOUT,2,-6.660,-4.307,3.000,-0.135,0.585,0.000,0.600,cmd_age=0.02s bat=1.00 dist=0.71m
76,28.250,SCOUT,3,-5.160,-5.807,3.000,-0.135,0.585,0.000,0.600,cmd_age=0.02s bat=1.00 dist=0.71m
76,28.250,SCOUT,4,6.660,-4.307,3.000,0.135,0.584,0.000,0.600,cmd_age=0.02s bat=1.00 dist=0.71m
76,28.250,SCOUT,5,5.160,-2.807,3.000,0.135,0.584,0.000,0.600,cmd_age=0.02s bat=1.00 dist=0.71m
76,28.250,SCOUT,6,3.660,-4.307,3.000,0.135,0.584,0.000,0.600,cmd_age=0.02s bat=1.00 dist=0.71m
76,28.250,SCOUT,7,5.160,-5.807,3.000,0.135,0.584,0.000,0.600,cmd_age=0.02s bat=1.00 dist=0.71m
76,28.250,SCOUT,8,-2.997,4.497,3.000,0.424,-0.425,0.000,0.600,cmd_age=0.02s bat=1.00 dist=0.71m
76,28.250,SCOUT,9,-4.497,5.997,3.000,0.424,-0.425,0.000,0.600,cmd_age=0.02s bat=1.00 dist=0.71m
76,28.250,SCOUT,10,-5.997,4.497,3.000,0.424,-0.425,0.000,0.600,cmd_age=0.02s bat=1.00 dist=0.71m
76,28.250,SCOUT,11,-4.497,2.997,3.000,0.424,-0.425,0.000,0.600,cmd_age=0.02s bat=1.00 dist=0.71m
76,28.250,SCOUT,12,5.997,4.497,3.000,-0.425,-0.424,0.000,0.601,cmd_age=0.02s bat=1.00 dist=0.71m
76,28.250,SCOUT,13,4.497,5.997,3.000,-0.425,-0.424,0.000,0.601,cmd_age=0.02s bat=1.00 dist=0.71m
76,28.250,SCOUT,14,2.997,4.497,3.000,-0.425,-0.424,0.000,0.601,cmd_age=0.02s bat=1.00 dist=0.71m
76,28.250,SCOUT,15,4.497,2.997,3.000,-0.425,-0.424,0.000,0.601,cmd_age=0.02s bat=1.00 dist=0.71m
76,28.250,WORKER,0,-3.832,-2.838,3.000,-0.718,1.867,0.000,2.000,state=MOVING bat=1.00 dist=2.31m
76,28.250,WORKER,1,7.178,-2.690,3.000,0.153,1.994,0.000,2.000,state=MOVING bat=1.00 dist=2.31m
76,28.250,WORKER,2,-1.504,3.231,3.000,1.292,-1.527,0.000,2.000,state=MOVING bat=1.00 dist=2.31m
76,28.250,WORKER,3,5.249,3.483,3.000,-1.511,-1.310,0.000,2.000,state=MOVING bat=1.00 dist=2.31m
77,28.816,GENERAL,0,0.000,0.000,5.000,0.000,0.000,0.000,0.000,N/A
77,28.816,NODE,0,-5.171,-4.258,3.000,-0.136,0.585,0.000,0.600,zone=0 dist=0.75m
77,28.816,NODE,1,5.171,-4.258,3.000,0.134,0.585,0.000,0.600,zone=1 dist=0.75m
77,28.816,NODE,2,-4.462,4.461,3.000,0.424,-0.425,0.000,0.600,zone=2 dist=0.75m
77,28.816,NODE,3,4.461,4.462,3.000,-0.425,-0.424,0.000,0.601,zone=3 dist=0.75m
77,28.816,SCOUT,0,-3.662,-4.297,3.000,-0.135,0.585,0.000,0.600,cmd_age=0.02s bat=1.00 dist=0.72m
77,28.816,SCOUT,1,-5.162,-2.797,3.000,-0.135,0.585,0.000,0.600,cmd_age=0.02s bat=1.00 dist=0.72m
77,28.816,SCOUT,2,-6.662,-4.297,3.000,-0.135,0.585,0.000,0.600,cmd_age=0.02s bat=1.00 dist=0.72m
77,28.816,SCOUT,3,-5.162,-5.797,3.000,-0.135,0.585,0.000,0.600,cmd_age=0.02s bat=1.00 dist=0.72m
77,28.816,SCOUT,4,6.662,-4.297,3.000,0.135,0.584,0.000,0.600,cmd_age=0.02s bat=1.00 dist=0.72m
77,28.816,SCOUT,5,5.162,-2.797,3.000,0.135,0.584,0.000,0.600,cmd_age=0.02s bat=1.00 dist=0.72m
77,28.816,SCOUT,6,3.662,-4.297,3.000,0.135,0.584,0.000,0.600,cmd_age=0.02s bat=1.00 dist=0.72m
77,28.816,SCOUT,7,5.162,-5.797,3.000,0.135,0.584,0.000,0.600,cmd_age=0.02s bat=1.00 dist=0.72m
77,28.816,SCOUT,8,-2.990,4.489,3.000,0.424,-0.425,0.000,0.600,cmd_age=0.02s bat=1.00 dist=0.72m
77,28.816,SCOUT,9,-4.490,5.989,3.000,0.424,-0.425,0.000,0.600,cmd_age=0.02s bat=1.00 dist=0.72m
77,28.816,SCOUT,10,-5.990,4.489,3.000,0.424,-0.425,0.000,0.600,cmd_age=0.02s bat=1.00 dist=0.72m
77,28.816,SCOUT,11,-4.490,2.989,3.000,0.424,-0.425,0.000,0.600,cmd_age=0.02s bat=1.00 dist=0.72m
77,28.816,SCOUT,12,5.990,4.490,3.000,-0.425,-0.424,0.000,0.601,cmd_age=0.02s bat=1.00 dist=0.72m
77,28.816,SCOUT,13,4.490,5.990,3.000,-0.425,-0.424,0.000,0.601,cmd_age=0.02s bat=1.00 dist=0.72m
77,28.816,SCOUT,14,2.990,4.490,3.000,-0.425,-0.424,0.000,0.601,cmd_age=0.02s bat=1.00 dist=0.72m
77,28.816,SCOUT,15,4.490,2.990,3.000,-0.425,-0.424,0.000,0.601,cmd_age=0.02s bat=1.00 dist=0.72m
77,28.816,WORKER,0,-3.844,-2.807,3.000,-0.718,1.867,0.000,2.000,state=MOVING bat=1.00 dist=2.35m
77,28.816,WORKER,1,7.180,-2.657,3.000,0.153,1.994,0.000,2.000,state=MOVING bat=1.00 dist=2.35m
77,28.816,WORKER,2,-1.482,3.206,3.000,1.292,-1.527,0.000,2.000,state=MOVING bat=1.00 dist=2.35m
77,28.816,WORKER,3,5.224,3.461,3.000,-1.511,-1.310,0.000,2.000,state=MOVING bat=1.00 dist=2.35m
78,29.019,GENERAL,0,0.000,0.000,5.000,0.000,0.000,0.000,0.000,N/A
78,29.019,NODE,0,-5.173,-4.248,3.000,-0.136,0.586,0.000,0.601,zone=0 dist=0.76m
78,29.019,NODE,1,5.173,-4.248,3.000,0.134,0.586,0.000,0.601,zone=1 dist=0.76m
78,29.019,NODE,2,-4.455,4.454,3.000,0.424,-0.424,0.000,0.600,zone=2 dist=0.76m
78,29.019,NODE,3,4.454,4.454,3.000,-0.425,-0.425,0.000,0.601,zone=3 dist=0.76m
78,29.019,SCOUT,0,-3.664,-4.287,3.000,-0.135,0.585,0.000,0.601,cmd_age=0.02s bat=1.00 dist=0.73m
78,29.019,SCOUT,1,-5.164,-2.787,3.000,-0.135,0.585,0.000,0.601,cmd_age=0.02s bat=1.00 dist=0.73m
78,29.019,SCOUT,2,-6.664,-4.287,3.000,-0.135,0.585,0.000,0.601,cmd_age=0.02s bat=1.00 dist=0.73m
78,29.019,SCOUT,3,-5.164,-5.787,3.000,-0.135,0.585,0.000,0.601,cmd_age=0.02s bat=1.00 dist=0.73m
78,29.019,SCOUT,4,6.664,-4.287,3.000,0.135,0.585,0.000,0.600,cmd_age=0.02s bat=1.00 dist=0.73m
78,29.019,SCOUT,5,5.164,-2.787,3.000,0.135,0.585,0.000,0.600,cmd_age=0.02s bat=1.00 dist=0.73m
78,29.019,SCOUT,6,3.664,-4.287,3.000,0.135,0.585,0.000,0.600,cmd_age=0.02s bat=1.00 dist=0.73m
78,29.019,SCOUT,7,5.164,-5.787,3.000,0.135,0.585,0.000,0.600,cmd_age=0.02s bat=1.00 dist=0.73m
78,29.019,SCOUT,8,-2.983,4.482,3.000,0.424,-0.425,0.000,0.600,cmd_age=0.02s bat=1.00 dist=0.73m
78,29.019,SCOUT,9,-4.483,5.982,3.000,0.424,-0.425,0.000,0.600,cmd_age=0.02s bat=1.00 dist=0.73m
78,29.019,SCOUT,10,-5.983,4.482,3.000,0.424,-0.425,0.000,0.600,cmd_age=0.02s bat=1.00 dist=0.73m
78,29.019,SCOUT,11,-4.483,2.982,3.000,0.424,-0.425,0.000,0.600,cmd_age=0.02s bat=1.00 dist=0.73m
78,29.019,SCOUT,12,5.983,4.483,3.000,-0.425,-0.424,0.000,0.601,cmd_age=0.02s bat=1.00 dist=0.73m
78,29.019,SCOUT,13,4.483,5.983,3.000,-0.425,-0.424,0.000,0.601,cmd_age=0.02s bat=1.00 dist=0.73m
78,29.019,SCOUT,14,2.983,4.483,3.000,-0.425,-0.424,0.000,0.601,cmd_age=0.02s bat=1.00 dist=0.73m
78,29.019,SCOUT,15,4.483,2.983,3.000,-0.425,-0.424,0.000,0.601,cmd_age=0.02s bat=1.00 dist=0.73m
78,29.019,WORKER,0,-3.856,-2.776,3.000,-0.718,1.867,0.000,2.000,state=MOVING bat=1.00 dist=2.38m
78,29.019,WORKER,1,7.183,-2.624,3.000,0.153,1.994,0.000,2.000,state=MOVING bat=1.00 dist=2.38m
78,29.019,WORKER,2,-1.461,3.181,3.000,1.292,-1.527,0.000,2.000,state=MOVING bat=1.00 dist=2.38m
78,29.019,WORKER,3,5.199,3.439,3.000,-1.511,-1.310,0.000,2.000,state=MOVING bat=1.00 dist=2.38m
79,30.616,GENERAL,0,0.000,0.000,5.000,0.000,0.000,0.000,0.000,N/A
79,30.616,NODE,0,-5.175,-4.238,3.000,-0.136,0.585,0.000,0.600,zone=0 dist=0.77m
79,30.616,NODE,1,5.176,-4.238,3.000,0.135,0.585,0.000,0.600,zone=1 dist=0.77m
79,30.616,NODE,2,-4.448,4.447,3.000,0.424,-0.425,0.000,0.600,zone=2 dist=0.77m
79,30.616,NODE,3,4.447,4.447,3.000,-0.424,-0.426,0.000,0.601,zone=3 dist=0.77m
79,30.616,SCOUT,0,-3.666,-4.277,3.000,-0.135,0.585,0.000,0.601,cmd_age=0.02s bat=1.00 dist=0.74m
79,30.616,SCOUT,1,-5.166,-2.777,3.000,-0.135,0.585,0.000,0.601,cmd_age=0.02s bat=1.00 dist=0.74m
79,30.616,SCOUT,2,-6.666,-4.277,3.000,-0.135,0.585,0.000,0.601,cmd_age=0.02s bat=1.00 dist=0.74m
79,30.616,SCOUT,3,-5.166,-5.777,3.000,-0.135,0.585,0.000,0.601,cmd_age=0.02s bat=1.00 dist=0.74m
79,30.616,SCOUT,4,6.667,-4.277,3.000,0.135,0.585,0.000,0.600,cmd_age=0.02s bat=1.00 dist=0.74m
79,30.616,SCOUT,5,5.167,-2.777,3.000,0.135,0.585,0.000,0.600,cmd_age=0.02s bat=1.00 dist=0.74m
79,30.616,SCOUT,6,3.667,-4.277,3.000,0.135,0.585,0.000,0.600,cmd_age=0.02s bat=1.00 dist=0.74m
79,30.616,SCOUT,7,5.167,-5.777,3.000,0.135,0.585,0.000,0.600,cmd_age=0.02s bat=1.00 dist=0.74m
79,30.616,SCOUT,8,-2.976,4.475,3.000,0.424,-0.425,0.000,0.600,cmd_age=0.02s bat=1.00 dist=0.74m
79,30.616,SCOUT,9,-4.476,5.975,3.000,0.424,-0.425,0.000,0.600,cmd_age=0.02s bat=1.00 dist=0.74m
79,30.616,SCOUT,10,-5.976,4.475,3.000,0.424,-0.425,0.000,0.600,cmd_age=0.02s bat=1.00 dist=0.74m
79,30.616,SCOUT,11,-4.476,2.975,3.000,0.424,-0.425,0.000,0.600,cmd_age=0.02s bat=1.00 dist=0.74m
79,30.616,SCOUT,12,5.976,4.476,3.000,-0.425,-0.425,0.000,0.601,cmd_age=0.02s bat=1.00 dist=0.74m
79,30.616,SCOUT,13,4.476,5.976,3.000,-0.425,-0.425,0.000,0.601,cmd_age=0.02s bat=1.00 dist=0.74m
79,30.616,SCOUT,14,2.976,4.476,3.000,-0.425,-0.425,0.000,0.601,cmd_age=0.02s bat=1.00 dist=0.74m
79,30.616,SCOUT,15,4.476,2.976,3.000,-0.425,-0.425,0.000,0.601,cmd_age=0.02s bat=1.00 dist=0.74m
79,30.616,WORKER,0,-3.868,-2.744,3.000,-0.718,1.867,0.000,2.000,state=MOVING bat=1.00 dist=2.41m
79,30.616,WORKER,1,7.185,-2.590,3.000,0.153,1.994,0.000,2.000,state=MOVING bat=1.00 dist=2.41m
79,30.616,WORKER,2,-1.439,3.155,3.000,1.292,-1.527,0.000,2.000,state=MOVING bat=1.00 dist=2.41m
79,30.616,WORKER,3,5.174,3.417,3.000,-1.511,-1.310,0.000,2.000,state=MOVING bat=1.00 dist=2.41m
80,30.813,GENERAL,0,0.000,0.000,5.000,0.000,0.000,0.000,0.000,N/A
80,30.813,NODE,0,-5.178,-4.229,3.000,-0.135,0.585,0.000,0.600,zone=0 dist=0.78m
80,30.813,NODE,1,5.178,-4.229,3.000,0.135,0.586,0.000,0.601,zone=1 dist=0.78m
80,30.813,NODE,2,-4.440,4.440,3.000,0.424,-0.425,0.000,0.600,zone=2 dist=0.78m
80,30.813,NODE,3,4.440,4.440,3.000,-0.424,-0.426,0.000,0.601,zone=3 dist=0.78m
80,30.813,SCOUT,0,-3.669,-4.268,3.000,-0.135,0.585,0.000,0.600,cmd_age=0.02s bat=1.00 dist=0.75m
80,30.813,SCOUT,1,-5.169,-2.768,3.000,-0.135,0.585,0.000,0.600,cmd_age=0.02s bat=1.00 dist=0.75m
80,30.813,SCOUT,2,-6.669,-4.268,3.000,-0.135,0.585,0.000,0.600,cmd_age=0.02s bat=1.00 dist=0.75m
80,30.813,SCOUT,3,-5.169,-5.768,3.000,-0.135,0.585,0.000,0.600,cmd_age=0.02s bat=1.00 dist=0.75m
80,30.813,SCOUT,4,6.669,-4.268,3.000,0.135,0.585,0.000,0.600,cmd_age=0.02s bat=1.00 dist=0.75m
80,30.813,SCOUT,5,5.169,-2.768,3.000,0.135,0.585,0.000,0.600,cmd_age=0.02s bat=1.00 dist=0.75m
80,30.813,SCOUT,6,3.669,-4.268,3.000,0.135,0.585,0.000,0.600,cmd_age=0.02s bat=1.00 dist=0.75m
80,30.813,SCOUT,7,5.169,-5.768,3.000,0.135,0.585,0.000,0.600,cmd_age=0.02s bat=1.00 dist=0.75m
80,30.813,SCOUT,8,-2.969,4.468,3.000,0.424,-0.425,0.000,0.600,cmd_age=0.02s bat=1.00 dist=0.75m
80,30.813,SCOUT,9,-4.469,5.968,3.000,0.424,-0.425,0.000,0.600,cmd_age=0.02s bat=1.00 dist=0.75m
80,30.813,SCOUT,10,-5.969,4.468,3.000,0.424,-0.425,0.000,0.600,cmd_age=0.02s bat=1.00 dist=0.75m
80,30.813,SCOUT,11,-4.469,2.968,3.000,0.424,-0.425,0.000,0.600,cmd_age=0.02s bat=1.00 dist=0.75m
80,30.813,SCOUT,12,5.969,4.469,3.000,-0.425,-0.425,0.000,0.601,cmd_age=0.02s bat=1.00 dist=0.75m
80,30.813,SCOUT,13,4.469,5.969,3.000,-0.425,-0.425,0.000,0.601,cmd_age=0.02s bat=1.00 dist=0.75m
80,30.813,SCOUT,14,2.969,4.469,3.000,-0.425,-0.425,0.000,0.601,cmd_age=0.02s bat=1.00 dist=0.75m
80,30.813,SCOUT,15,4.469,2.969,3.000,-0.425,-0.425,0.000,0.601,cmd_age=0.02s bat=1.00 dist=0.75m
80,30.813,WORKER,0,-3.879,-2.713,3.000,-0.718,1.867,0.000,2.000,state=MOVING bat=1.00 dist=2.45m
80,30.813,WORKER,1,7.188,-2.557,3.000,0.153,1.994,0.000,2.000,state=MOVING bat=1.00 dist=2.45m
80,30.813,WORKER,2,-1.417,3.130,3.000,1.292,-1.527,0.000,2.000,state=MOVING bat=1.00 dist=2.45m
80,30.813,WORKER,3,5.149,3.395,3.000,-1.511,-1.310,0.000,2.000,state=MOVING bat=1.00 dist=2.45m
81,31.022,GENERAL,0,0.000,0.000,5.000,0.000,0.000,0.000,0.000,N/A
81,31.022,NODE,0,-5.180,-4.219,3.000,-0.135,0.585,0.000,0.601,zone=0 dist=0.79m
81,31.022,NODE,1,5.180,-4.219,3.000,0.135,0.586,0.000,0.601,zone=1 dist=0.79m
81,31.022,NODE,2,-4.433,4.433,3.000,0.425,-0.424,0.000,0.600,zone=2 dist=0.79m
81,31.022,NODE,3,4.433,4.433,3.000,-0.423,-0.425,0.000,0.600,zone=3 dist=0.79m
81,31.022,SCOUT,0,-3.671,-4.258,3.000,-0.135,0.585,0.000,0.601,cmd_age=0.02s bat=1.00 dist=0.76m
81,31.022,SCOUT,1,-5.171,-2.758,3.000,-0.135,0.585,0.000,0.601,cmd_age=0.02s bat=1.00 dist=0.76m
81,31.022,SCOUT,2,-6.671,-4.258,3.000,-0.135,0.585,0.000,0.601,cmd_age=0.02s bat=1.00 dist=0.76m
81,31.022,SCOUT,3,-5.171,-5.758,3.000,-0.135,0.585,0.000,0.601,cmd_age=0.02s bat=1.00 dist=0.76m
81,31.022,SCOUT,4,6.671,-4.258,3.000,0.135,0.585,0.000,0.600,cmd_age=0.02s bat=1.00 dist=0.76m
81,31.022,SCOUT,5,5.171,-2.758,3.000,0.135,0.585,0.000,0.600,cmd_age=0.02s bat=1.00 dist=0.76m
81,31.022,SCOUT,6,3.671,-4.258,3.000,0.135,0.585,0.000,0.600,cmd_age=0.02s bat=1.00 dist=0.76m
81,31.022,SCOUT,7,5.171,-5.758,3.000,0.135,0.585,0.000,0.600,cmd_age=0.02s bat=1.00 dist=0.76m
81,31.022,SCOUT,8,-2.962,4.461,3.000,0.424,-0.425,0.000,0.600,cmd_age=0.02s bat=1.00 dist=0.76m
81,31.022,SCOUT,9,-4.462,5.961,3.000,0.424,-0.425,0.000,0.600,cmd_age=0.02s bat=1.00 dist=0.76m
81,31.022,SCOUT,10,-5.962,4.461,3.000,0.424,-0.425,0.000,0.600,cmd_age=0.02s bat=1.00 dist=0.76m
81,31.022,SCOUT,11,-4.462,2.961,3.000,0.424,-0.425,0.000,0.600,cmd_age=0.02s bat=1.00 dist=0.76m
81,31.022,SCOUT,12,5.961,4.462,3.000,-0.424,-0.425,0.000,0.601,cmd_age=0.02s bat=1.00 dist=0.76m
81,31.022,SCOUT,13,4.461,5.962,3.000,-0.424,-0.425,0.000,0.601,cmd_age=0.02s bat=1.00 dist=0.76m
81,31.022,SCOUT,14,2.961,4.462,3.000,-0.424,-0.425,0.000,0.601,cmd_age=0.02s bat=1.00 dist=0.76m
81,31.022,SCOUT,15,4.461,2.962,3.000,-0.424,-0.425,0.000,0.601,cmd_age=0.02s bat=1.00 dist=0.76m
81,31.022,WORKER,0,-3.891,-2.682,3.000,-0.718,1.867,0.000,2.000,state=MOVING bat=1.00 dist=2.48m
81,31.022,WORKER,1,7.190,-2.524,3.000,0.153,1.994,0.000,2.000,state=MOVING bat=1.00 dist=2.48m
81,31.022,WORKER,2,-1.396,3.104,3.000,1.292,-1.527,0.000,2.000,state=MOVING bat=1.00 dist=2.48m
81,31.022,WORKER,3,5.123,3.374,3.000,-1.511,-1.310,0.000,2.000,state=MOVING bat=1.00 dist=2.48m
82,31.233,GENERAL,0,0.000,0.000,5.000,0.000,0.000,0.000,0.000,N/A
82,31.233,NODE,0,-5.182,-4.209,3.000,-0.136,0.584,0.000,0.600,zone=0 dist=0.80m
82,31.233,NODE,1,5.182,-4.209,3.000,0.135,0.585,0.000,0.600,zone=1 dist=0.80m
82,31.233,NODE,2,-4.426,4.426,3.000,0.424,-0.424,0.000,0.600,zone=2 dist=0.80m
82,31.233,NODE,3,4.426,4.426,3.000,-0.425,-0.426,0.000,0.602,zone=3 dist=0.80m
82,31.233,SCOUT,0,-3.673,-4.248,3.000,-0.135,0.585,0.000,0.600,cmd_age=0.02s bat=1.00 dist=0.77m
82,31.233,SCOUT,1,-5.173,-2.748,3.000,-0.135,0.585,0.000,0.600,cmd_age=0.02s bat=1.00 dist=0.77m
82,31.233,SCOUT,2,-6.673,-4.248,3.000,-0.135,0.585,0.000,0.600,cmd_age=0.02s bat=1.00 dist=0.77m
82,31.233,SCOUT,3,-5.173,-5.748,3.000,-0.135,0.585,0.000,0.600,cmd_age=0.02s bat=1.00 dist=0.77m
82,31.233,SCOUT,4,6.673,-4.248,3.000,0.135,0.585,0.000,0.600,cmd_age=0.02s bat=1.00 dist=0.77m
82,31.233,SCOUT,5,5.173,-2.748,3.000,0.135,0.585,0.000,0.600,cmd_age=0.02s bat=1.00 dist=0.77m
82,31.233,SCOUT,6,3.673,-4.248,3.000,0.135,0.585,0.000,0.600,cmd_age=0.02s bat=1.00 dist=0.77m
82,31.233,SCOUT,7,5.173,-5.748,3.000,0.135,0.585,0.000,0.600,cmd_age=0.02s bat=1.00 dist=0.77m
82,31.233,SCOUT,8,-2.955,4.454,3.000,0.424,-0.425,0.000,0.600,cmd_age=0.02s bat=1.00 dist=0.77m
82,31.233,SCOUT,9,-4.455,5.954,3.000,0.424,-0.425,0.000,0.600,cmd_age=0.02s bat=1.00 dist=0.77m
82,31.233,SCOUT,10,-5.955,4.454,3.000,0.424,-0.425,0.000,0.600,cmd_age=0.02s bat=1.00 dist=0.77m
82,31.233,SCOUT,11,-4.455,2.954,3.000,0.424,-0.425,0.000,0.600,cmd_age=0.02s bat=1.00 dist=0.77m
82,31.233,SCOUT,12,5.954,4.454,3.000,-0.424,-0.425,0.000,0.601,cmd_age=0.02s bat=1.00 dist=0.77m
82,31.233,SCOUT,13,4.454,5.954,3.000,-0.424,-0.425,0.000,0.601,cmd_age=0.02s bat=1.00 dist=0.77m
82,31.233,SCOUT,14,2.954,4.454,3.000,-0.424,-0.425,0.000,0.601,cmd_age=0.02s bat=1.00 dist=0.77m
82,31.233,SCOUT,15,4.454,2.954,3.000,-0.424,-0.425,0.000,0.601,cmd_age=0.02s bat=1.00 dist=0.77m
82,31.233,WORKER,0,-3.903,-2.651,3.000,-0.718,1.867,0.000,2.000,state=MOVING bat=1.00 dist=2.51m
82,31.233,WORKER,1,7.193,-2.491,3.000,0.153,1.994,0.000,2.000,state=MOVING bat=1.00 dist=2.51m
82,31.233,WORKER,2,-1.374,3.079,3.000,1.292,-1.527,0.000,2.000,state=MOVING bat=1.00 dist=2.51m
82,31.233,WORKER,3,5.098,3.352,3.000,-1.511,-1.310,0.000,2.000,state=MOVING bat=1.00 dist=2.51m
83,31.446,GENERAL,0,0.000,0.000,5.000,0.000,0.000,0.000,0.000,N/A
83,31.446,NODE,0,-5.184,-4.199,3.000,-0.135,0.585,0.000,0.600,zone=0 dist=0.81m
83,31.446,NODE,1,5.185,-4.199,3.000,0.136,0.585,0.000,0.600,zone=1 dist=0.81m
83,31.446,NODE,2,-4.419,4.419,3.000,0.424,-0.424,0.000,0.600,zone=2 dist=0.81m
83,31.446,NODE,3,4.419,4.419,3.000,-0.425,-0.425,0.000,0.601,zone=3 dist=0.81m
83,31.446,SCOUT,0,-3.675,-4.238,3.000,-0.135,0.585,0.000,0.600,cmd_age=0.02s bat=1.00 dist=0.78m
83,31.446,SCOUT,1,-5.175,-2.738,3.000,-0.135,0.585,0.000,0.600,cmd_age=0.02s bat=1.00 dist=0.78m
83,31.446,SCOUT,2,-6.675,-4.238,3.000,-0.135,0.585,0.000,0.600,cmd_age=0.02s bat=1.00 dist=0.78m
83,31.446,SCOUT,3,-5.175,-5.738,3.000,-0.135,0.585,0.000,0.600,cmd_age=0.02s bat=1.00 dist=0.78m
83,31.446,SCOUT,4,6.676,-4.238,3.000,0.135,0.585,0.000,0.600,cmd_age=0.02s bat=1.00 dist=0.78m
83,31.446,SCOUT,5,5.176,-2.738,3.000,0.135,0.585,0.000,0.600,cmd_age=0.02s bat=1.00 dist=0.78m
83,31.446,SCOUT,6,3.676,-4.238,3.000,0.135,0.585,0.000,0.600,cmd_age=0.02s bat=1.00 dist=0.78m
83,31.446,SCOUT,7,5.176,-5.738,3.000,0.135,0.585,0.000,0.600,cmd_age=0.02s bat=1.00 dist=0.78m
83,31.446,SCOUT,8,-2.948,4.447,3.000,0.424,-0.424,0.000,0.600,cmd_age=0.02s bat=1.00 dist=0.78m
83,31.446,SCOUT,9,-4.448,5.947,3.000,0.424,-0.424,0.000,0.600,cmd_age=0.02s bat=1.00 dist=0.78m
83,31.446,SCOUT,10,-5.948,4.447,3.000,0.424,-0.424,0.000,0.600,cmd_age=0.02s bat=1.00 dist=0.78m
83,31.446,SCOUT,11,-4.448,2.947,3.000,0.424,-0.424,0.000,0.600,cmd_age=0.02s bat=1.00 dist=0.78m
83,31.446,SCOUT,12,5.947,4.447,3.000,-0.425,-0.425,0.000,0.601,cmd_age=0.02s bat=1.00 dist=0.78m
83,31.446,SCOUT,13,4.447,5.947,3.000,-0.425,-0.425,0.000,0.601,cmd_age=0.02s bat=1.00 dist=0.78m
83,31.446,SCOUT,14,2.947,4.447,3.000,-0.425,-0.425,0.000,0.601,cmd_age=0.02s bat=1.00 dist=0.78m
83,31.446,SCOUT,15,4.447,2.947,3.000,-0.425,-0.425,0.000,0.601,cmd_age=0.02s bat=1.00 dist=0.78m
83,31.446,WORKER,0,-3.915,-2.620,3.000,-0.718,1.867,0.000,2.000,state=MOVING bat=1.00 dist=2.55m
83,31.446,WORKER,1,7.196,-2.458,3.000,0.153,1.994,0.000,2.000,state=MOVING bat=1.00 dist=2.55m
83,31.446,WORKER,2,-1.353,3.053,3.000,1.292,-1.527,0.000,2.000,state=MOVING bat=1.00 dist=2.55m
83,31.446,WORKER,3,5.073,3.330,3.000,-1.511,-1.310,0.000,2.000,state=MOVING bat=1.00 dist=2.55m
84,31.659,GENERAL,0,0.000,0.000,5.000,0.000,0.000,0.000,0.000,N/A
84,31.659,NODE,0,-5.187,-4.190,3.000,-0.135,0.585,0.000,0.600,zone=0 dist=0.82m
84,31.659,NODE,1,5.187,-4.190,3.000,0.135,0.586,0.000,0.601,zone=1 dist=0.82m
84,31.659,NODE,2,-4.412,4.412,3.000,0.424,-0.424,0.000,0.600,zone=2 dist=0.82m
84,31.659,NODE,3,4.412,4.412,3.000,-0.425,-0.424,0.000,0.600,zone=3 dist=0.82m
84,31.659,SCOUT,0,-3.678,-4.229,3.000,-0.135,0.585,0.000,0.600,cmd_age=0.02s bat=1.00 dist=0.79m
84,31.659,SCOUT,1,-5.178,-2.729,3.000,-0.135,0.585,0.000,0.600,cmd_age=0.02s bat=1.00 dist=0.79m
84,31.659,SCOUT,2,-6.678,-4.229,3.000,-0.135,0.585,0.000,0.600,cmd_age=0.02s bat=1.00 dist=0.79m
84,31.659,SCOUT,3,-5.178,-5.729,3.000,-0.135,0.585,0.000,0.600,cmd_age=0.02s bat=1.00 dist=0.79m
84,31.659,SCOUT,4,6.678,-4.229,3.000,0.135,0.585,0.000,0.600,cmd_age=0.02s bat=1.00 dist=0.79m
84,31.659,SCOUT,5,5.178,-2.729,3.000,0.135,0.585,0.000,0.600,cmd_age=0.02s bat=1.00 dist=0.79m
84,31.659,SCOUT,6,3.678,-4.229,3.000,0.135,0.585,0.000,0.600,cmd_age=0.02s bat=1.00 dist=0.79m
84,31.659,SCOUT,7,5.178,-5.729,3.000,0.135,0.585,0.000,0.600,cmd_age=0.02s bat=1.00 dist=0.79m
84,31.659,SCOUT,8,-2.940,4.440,3.000,0.424,-0.424,0.000,0.600,cmd_age=0.02s bat=1.00 dist=0.79m
84,31.659,SCOUT,9,-4.440,5.940,3.000,0.424,-0.424,0.000,0.600,cmd_age=0.02s bat=1.00 dist=0.79m
84,31.659,SCOUT,10,-5.940,4.440,3.000,0.424,-0.424,0.000,0.600,cmd_age=0.02s bat=1.00 dist=0.79m
84,31.659,SCOUT,11,-4.440,2.940,3.000,0.424,-0.424,0.000,0.600,cmd_age=0.02s bat=1.00 dist=0.79m
84,31.659,SCOUT,12,5.940,4.440,3.000,-0.425,-0.425,0.000,0.601,cmd_age=0.02s bat=1.00 dist=0.79m
84,31.659,SCOUT,13,4.440,5.940,3.000,-0.425,-0.425,0.000,0.601,cmd_age=0.02s bat=1.00 dist=0.79m
84,31.659,SCOUT,14,2.940,4.440,3.000,-0.425,-0.425,0.000,0.601,cmd_age=0.02s bat=1.00 dist=0.79m
84,31.659,SCOUT,15,4.440,2.940,3.000,-0.425,-0.425,0.000,0.601,cmd_age=0.02s bat=1.00 dist=0.79m
84,31.659,WORKER,0,-3.927,-2.589,3.000,-0.718,1.867,0.000,2.000,state=MOVING bat=1.00 dist=2.58m
84,31.659,WORKER,1,7.198,-2.424,3.000,0.153,1.994,0.000,2.000,state=MOVING bat=1.00 dist=2.58m
84,31.659,WORKER,2,-1.331,3.028,3.000,1.292,-1.527,0.000,2.000,state=MOVING bat=1.00 dist=2.58m
84,31.659,WORKER,3,5.048,3.308,3.000,-1.511,-1.310,0.000,2.000,state=MOVING bat=1.00 dist=2.58m
85,31.895,GENERAL,0,0.000,0.000,5.000,0.000,0.000,0.000,0.000,N/A
85,31.895,NODE,0,-5.189,-4.180,3.000,-0.134,0.584,0.000,0.599,zone=0 dist=0.83m
85,31.895,NODE,1,5.189,-4.180,3.000,0.136,0.586,0.000,0.601,zone=1 dist=0.83m
85,31.895,NODE,2,-4.405,4.405,3.000,0.424,-0.425,0.000,0.600,zone=2 dist=0.83m
85,31.895,NODE,3,4.405,4.405,3.000,-0.425,-0.424,0.000,0.600,zone=3 dist=0.83m
85,31.895,SCOUT,0,-3.680,-4.219,3.000,-0.135,0.585,0.000,0.600,cmd_age=0.02s bat=1.00 dist=0.80m
85,31.895,SCOUT,1,-5.180,-2.719,3.000,-0.135,0.585,0.000,0.600,cmd_age=0.02s bat=1.00 dist=0.80m
85,31.895,SCOUT,2,-6.680,-4.219,3.000,-0.135,0.585,0.000,0.600,cmd_age=0.02s bat=1.00 dist=0.80m
85,31.895,SCOUT,3,-5.180,-5.719,3.000,-0.135,0.585,0.000,0.600,cmd_age=0.02s bat=1.00 dist=0.80m
85,31.895,SCOUT,4,6.680,-4.219,3.000,0.135,0.585,0.000,0.601,cmd_age=0.02s bat=1.00 dist=0.80m
85,31.895,SCOUT,5,5.180,-2.719,3.000,0.135,0.585,0.000,0.601,cmd_age=0.02s bat=1.00 dist=0.80m
85,31.895,SCOUT,6,3.680,-4.219,3.000,0.135,0.585,0.000,0.601,cmd_age=0.02s bat=1.00 dist=0.80m
85,31.895,SCOUT,7,5.180,-5.719,3.000,0.135,0.585,0.000,0.601,cmd_age=0.02s bat=1.00 dist=0.80m
85,31.895,SCOUT,8,-2.933,4.433,3.000,0.424,-0.424,0.000,0.600,cmd_age=0.02s bat=1.00 dist=0.80m
85,31.895,SCOUT,9,-4.433,5.933,3.000,0.424,-0.424,0.000,0.600,cmd_age=0.02s bat=1.00 dist=0.80m
85,31.895,SCOUT,10,-5.933,4.433,3.000,0.424,-0.424,0.000,0.600,cmd_age=0.02s bat=1.00 dist=0.80m
85,31.895,SCOUT,11,-4.433,2.933,3.000,0.424,-0.424,0.000,0.600,cmd_age=0.02s bat=1.00 dist=0.80m
85,31.895,SCOUT,12,5.933,4.433,3.000,-0.425,-0.425,0.000,0.601,cmd_age=0.02s bat=1.00 dist=0.80m
85,31.895,SCOUT,13,4.433,5.933,3.000,-0.425,-0.425,0.000,0.601,cmd_age=0.02s bat=1.00 dist=0.80m
85,31.895,SCOUT,14,2.933,4.433,3.000,-0.425,-0.425,0.000,0.601,cmd_age=0.02s bat=1.00 dist=0.80m
85,31.895,SCOUT,15,4.433,2.933,3.000,-0.425,-0.425,0.000,0.601,cmd_age=0.02s bat=1.00 dist=0.80m
85,31.895,WORKER,0,-3.939,-2.558,3.000,-0.718,1.867,0.000,2.000,state=MOVING bat=1.00 dist=2.61m
85,31.895,WORKER,1,7.201,-2.391,3.000,0.153,1.994,0.000,2.000,state=MOVING bat=1.00 dist=2.61m
85,31.895,WORKER,2,-1.310,3.002,3.000,1.292,-1.527,0.000,2.000,state=MOVING bat=1.00 dist=2.61m
85,31.895,WORKER,3,5.023,3.286,3.000,-1.511,-1.310,0.000,2.000,state=MOVING bat=1.00 dist=2.61m
86,32.111,GENERAL,0,0.000,0.000,5.000,0.000,0.000,0.000,0.000,N/A
86,32.111,NODE,0,-5.191,-4.170,3.000,-0.135,0.583,0.000,0.599,zone=0 dist=0.84m
86,32.111,NODE,1,5.192,-4.170,3.000,0.136,0.586,0.000,0.601,zone=1 dist=0.84m
86,32.111,NODE,2,-4.398,4.397,3.000,0.424,-0.425,0.000,0.600,zone=2 dist=0.84m
86,32.111,NODE,3,4.398,4.398,3.000,-0.425,-0.424,0.000,0.601,zone=3 dist=0.84m
86,32.111,SCOUT,0,-3.682,-4.209,3.000,-0.135,0.585,0.000,0.600,cmd_age=0.02s bat=1.00 dist=0.81m
86,32.111,SCOUT,1,-5.182,-2.709,3.000,-0.135,0.585,0.000,0.600,cmd_age=0.02s bat=1.00 dist=0.81m
86,32.111,SCOUT,2,-6.682,-4.209,3.000,-0.135,0.585,0.000,0.600,cmd_age=0.02s bat=1.00 dist=0.81m
86,32.111,SCOUT,3,-5.182,-5.709,3.000,-0.135,0.585,0.000,0.600,cmd_age=0.02s bat=1.00 dist=0.81m
86,32.111,SCOUT,4,6.682,-4.209,3.000,0.135,0.585,0.000,0.601,cmd_age=0.02s bat=1.00 dist=0.81m
86,32.111,SCOUT,5,5.182,-2.709,3.000,0.135,0.585,0.000,0.601,cmd_age=0.02s bat=1.00 dist=0.81m
86,32.111,SCOUT,6,3.682,-4.209,3.000,0.135,0.585,0.000,0.601,cmd_age=0.02s bat=1.00 dist=0.81m
86,32.111,SCOUT,7,5.182,-5.709,3.000,0.135,0.585,0.000,0.601,cmd_age=0.02s bat=1.00 dist=0.81m
86,32.111,SCOUT,8,-2.926,4.426,3.000,0.424,-0.425,0.000,0.600,cmd_age=0.02s bat=1.00 dist=0.81m
86,32.111,SCOUT,9,-4.426,5.926,3.000,0.424,-0.425,0.000,0.600,cmd_age=0.02s bat=1.00 dist=0.81m
86,32.111,SCOUT,10,-5.926,4.426,3.000,0.424,-0.425,0.000,0.600,cmd_age=0.02s bat=1.00 dist=0.81m
86,32.111,SCOUT,11,-4.426,2.926,3.000,0.424,-0.425,0.000,0.600,cmd_age=0.02s bat=1.00 dist=0.81m
86,32.111,SCOUT,12,5.926,4.426,3.000,-0.425,-0.425,0.000,0.601,cmd_age=0.02s bat=1.00 dist=0.81m
86,32.111,SCOUT,13,4.426,5.926,3.000,-0.425,-0.425,0.000,0.601,cmd_age=0.02s bat=1.00 dist=0.81m
86,32.111,SCOUT,14,2.926,4.426,3.000,-0.425,-0.425,0.000,0.601,cmd_age=0.02s bat=1.00 dist=0.81m
86,32.111,SCOUT,15,4.426,2.926,3.000,-0.425,-0.425,0.000,0.601,cmd_age=0.02s bat=1.00 dist=0.81m
86,32.111,WORKER,0,-3.951,-2.527,3.000,-0.718,1.867,0.000,2.000,state=MOVING bat=1.00 dist=2.65m
86,32.111,WORKER,1,7.203,-2.358,3.000,0.153,1.994,0.000,2.000,state=MOVING bat=1.00 dist=2.65m
86,32.111,WORKER,2,-1.288,2.977,3.000,1.292,-1.527,0.000,2.000,state=MOVING bat=1.00 dist=2.65m
86,32.111,WORKER,3,4.997,3.264,3.000,-1.511,-1.310,0.000,2.000,state=MOVING bat=1.00 dist=2.65m
87,32.325,GENERAL,0,0.000,0.000,5.000,0.000,0.000,0.000,0.000,N/A
87,32.325,NODE,0,-5.193,-4.160,3.000,-0.134,0.584,0.000,0.599,zone=0 dist=0.85m
87,32.325,NODE,1,5.194,-4.160,3.000,0.135,0.586,0.000,0.602,zone=1 dist=0.85m
87,32.325,NODE,2,-4.391,4.390,3.000,0.423,-0.424,0.000,0.600,zone=2 dist=0.85m
87,32.325,NODE,3,4.391,4.391,3.000,-0.425,-0.426,0.000,0.602,zone=3 dist=0.85m
87,32.325,SCOUT,0,-3.684,-4.199,3.000,-0.135,0.584,0.000,0.600,cmd_age=0.02s bat=1.00 dist=0.82m
87,32.325,SCOUT,1,-5.184,-2.699,3.000,-0.135,0.584,0.000,0.600,cmd_age=0.02s bat=1.00 dist=0.82m
87,32.325,SCOUT,2,-6.684,-4.199,3.000,-0.135,0.584,0.000,0.600,cmd_age=0.02s bat=1.00 dist=0.82m
87,32.325,SCOUT,3,-5.184,-5.699,3.000,-0.135,0.584,0.000,0.600,cmd_age=0.02s bat=1.00 dist=0.82m
87,32.325,SCOUT,4,6.685,-4.199,3.000,0.135,0.586,0.000,0.601,cmd_age=0.02s bat=1.00 dist=0.82m
87,32.325,SCOUT,5,5.185,-2.699,3.000,0.135,0.586,0.000,0.601,cmd_age=0.02s bat=1.00 dist=0.82m
87,32.325,SCOUT,6,3.685,-4.199,3.000,0.135,0.586,0.000,0.601,cmd_age=0.02s bat=1.00 dist=0.82m
87,32.325,SCOUT,7,5.185,-5.699,3.000,0.135,0.586,0.000,0.601,cmd_age=0.02s bat=1.00 dist=0.82m
87,32.325,SCOUT,8,-2.919,4.419,3.000,0.424,-0.425,0.000,0.600,cmd_age=0.02s bat=1.00 dist=0.82m
87,32.325,SCOUT,9,-4.419,5.919,3.000,0.424,-0.425,0.000,0.600,cmd_age=0.02s bat=1.00 dist=0.82m
87,32.325,SCOUT,10,-5.919,4.419,3.000,0.424,-0.425,0.000,0.600,cmd_age=0.02s bat=1.00 dist=0.82m
87,32.325,SCOUT,11,-4.419,2.919,3.000,0.424,-0.425,0.000,0.600,cmd_age=0.02s bat=1.00 dist=0.82m
87,32.325,SCOUT,12,5.919,4.419,3.000,-0.425,-0.425,0.000,0.601,cmd_age=0.02s bat=1.00 dist=0.82m
87,32.325,SCOUT,13,4.419,5.919,3.000,-0.425,-0.425,0.000,0.601,cmd_age=0.02s bat=1.00 dist=0.82m
87,32.325,SCOUT,14,2.919,4.419,3.000,-0.425,-0.425,0.000,0.601,cmd_age=0.02s bat=1.00 dist=0.82m
87,32.325,SCOUT,15,4.419,2.919,3.000,-0.425,-0.425,0.000,0.601,cmd_age=0.02s bat=1.00 dist=0.82m
87,32.325,WORKER,0,-3.963,-2.496,3.000,-0.718,1.867,0.000,2.000,state=MOVING bat=1.00 dist=2.68m
87,32.325,WORKER,1,7.206,-2.325,3.000,0.153,1.994,0.000,2.000,state=MOVING bat=1.00 dist=2.68m
87,32.325,WORKER,2,-1.267,2.952,3.000,1.292,-1.527,0.000,2.000,state=MOVING bat=1.00 dist=2.68m
87,32.325,WORKER,3,4.972,3.243,3.000,-1.511,-1.310,0.000,2.000,state=MOVING bat=1.00 dist=2.68m
88,32.538,GENERAL,0,0.000,0.000,5.000,0.000,0.000,0.000,0.000,N/A
88,32.538,NODE,0,-5.196,-4.151,3.000,-0.135,0.585,0.000,0.600,zone=0 dist=0.86m
88,32.538,NODE,1,5.196,-4.151,3.000,0.135,0.586,0.000,0.601,zone=1 dist=0.86m
88,32.538,NODE,2,-4.384,4.383,3.000,0.424,-0.425,0.000,0.600,zone=2 dist=0.86m
88,32.538,NODE,3,4.384,4.384,3.000,-0.426,-0.425,0.000,0.602,zone=3 dist=0.86m
88,32.538,SCOUT,0,-3.687,-4.190,3.000,-0.135,0.585,0.000,0.600,cmd_age=0.02s bat=1.00 dist=0.83m
88,32.538,SCOUT,1,-5.187,-2.690,3.000,-0.135,0.585,0.000,0.600,cmd_age=0.02s bat=1.00 dist=0.83m
88,32.538,SCOUT,2,-6.687,-4.190,3.000,-0.135,0.585,0.000,0.600,cmd_age=0.02s bat=1.00 dist=0.83m
88,32.538,SCOUT,3,-5.187,-5.690,3.000,-0.135,0.585,0.000,0.600,cmd_age=0.02s bat=1.00 dist=0.83m
88,32.538,SCOUT,4,6.687,-4.190,3.000,0.135,0.586,0.000,0.601,cmd_age=0.02s bat=1.00 dist=0.83m
88,32.538,SCOUT,5,5.187,-2.690,3.000,0.135,0.586,0.000,0.601,cmd_age=0.02s bat=1.00 dist=0.83m
88,32.538,SCOUT,6,3.687,-4.190,3.000,0.135,0.586,0.000,0.601,cmd_age=0.02s bat=1.00 dist=0.83m
88,32.538,SCOUT,7,5.187,-5.690,3.000,0.135,0.586,0.000,0.601,cmd_age=0.02s bat=1.00 dist=0.83m
88,32.538,SCOUT,8,-2.912,4.412,3.000,0.424,-0.425,0.000,0.600,cmd_age=0.02s bat=1.00 dist=0.83m
88,32.538,SCOUT,9,-4.412,5.912,3.000,0.424,-0.425,0.000,0.600,cmd_age=0.02s bat=1.00 dist=0.83m
88,32.538,SCOUT,10,-5.912,4.412,3.000,0.424,-0.425,0.000,0.600,cmd_age=0.02s bat=1.00 dist=0.83m
88,32.538,SCOUT,11,-4.412,2.912,3.000,0.424,-0.425,0.000,0.600,cmd_age=0.02s bat=1.00 dist=0.83m
88,32.538,SCOUT,12,5.912,4.412,3.000,-0.425,-0.425,0.000,0.601,cmd_age=0.02s bat=1.00 dist=0.83m
88,32.538,SCOUT,13,4.412,5.912,3.000,-0.425,-0.425,0.000,0.601,cmd_age=0.02s bat=1.00 dist=0.83m
88,32.538,SCOUT,14,2.912,4.412,3.000,-0.425,-0.425,0.000,0.601,cmd_age=0.02s bat=1.00 dist=0.83m
88,32.538,SCOUT,15,4.412,2.912,3.000,-0.425,-0.425,0.000,0.601,cmd_age=0.02s bat=1.00 dist=0.83m
88,32.538,WORKER,0,-3.975,-2.464,3.000,-0.718,1.867,0.000,2.000,state=MOVING bat=1.00 dist=2.71m
88,32.538,WORKER,1,7.208,-2.291,3.000,0.153,1.994,0.000,2.000,state=MOVING bat=1.00 dist=2.71m
88,32.538,WORKER,2,-1.245,2.926,3.000,1.292,-1.527,0.000,2.000,state=MOVING bat=1.00 dist=2.71m
88,32.538,WORKER,3,4.947,3.221,3.000,-1.511,-1.310,0.000,2.000,state=MOVING bat=1.00 dist=2.71m
89,32.752,GENERAL,0,0.000,0.000,5.000,0.000,0.000,0.000,0.000,N/A
89,32.752,NODE,0,-5.198,-4.141,3.000,-0.134,0.584,0.000,0.599,zone=0 dist=0.87m
89,32.752,NODE,1,5.198,-4.141,3.000,0.135,0.585,0.000,0.600,zone=1 dist=0.87m
89,32.752,NODE,2,-4.377,4.376,3.000,0.424,-0.425,0.000,0.600,zone=2 dist=0.87m
89,32.752,NODE,3,4.376,4.377,3.000,-0.425,-0.425,0.000,0.601,zone=3 dist=0.87m
89,32.752,SCOUT,0,-3.689,-4.180,3.000,-0.135,0.584,0.000,0.600,cmd_age=0.02s bat=1.00 dist=0.84m
89,32.752,SCOUT,1,-5.189,-2.680,3.000,-0.135,0.584,0.000,0.600,cmd_age=0.02s bat=1.00 dist=0.84m
89,32.752,SCOUT,2,-6.689,-4.180,3.000,-0.135,0.584,0.000,0.600,cmd_age=0.02s bat=1.00 dist=0.84m
89,32.752,SCOUT,3,-5.189,-5.680,3.000,-0.135,0.584,0.000,0.600,cmd_age=0.02s bat=1.00 dist=0.84m
89,32.752,SCOUT,4,6.689,-4.180,3.000,0.135,0.585,0.000,0.601,cmd_age=0.02s bat=1.00 dist=0.84m
89,32.752,SCOUT,5,5.189,-2.680,3.000,0.135,0.585,0.000,0.601,cmd_age=0.02s bat=1.00 dist=0.84m
89,32.752,SCOUT,6,3.689,-4.180,3.000,0.135,0.585,0.000,0.601,cmd_age=0.02s bat=1.00 dist=0.84m
89,32.752,SCOUT,7,5.189,-5.680,3.000,0.135,0.585,0.000,0.601,cmd_age=0.02s bat=1.00 dist=0.84m
89,32.752,SCOUT,8,-2.905,4.405,3.000,0.424,-0.425,0.000,0.600,cmd_age=0.02s bat=1.00 dist=0.84m
89,32.752,SCOUT,9,-4.405,5.905,3.000,0.424,-0.425,0.000,0.600,cmd_age=0.02s bat=1.00 dist=0.84m
89,32.752,SCOUT,10,-5.905,4.405,3.000,0.424,-0.425,0.000,0.600,cmd_age=0.02s bat=1.00 dist=0.84m
89,32.752,SCOUT,11,-4.405,2.905,3.000,0.424,-0.425,0.000,0.600,cmd_age=0.02s bat=1.00 dist=0.84m
89,32.752,SCOUT,12,5.905,4.405,3.000,-0.425,-0.425,0.000,0.601,cmd_age=0.02s bat=1.00 dist=0.84m
89,32.752,SCOUT,13,4.405,5.905,3.000,-0.425,-0.425,0.000,0.601,cmd_age=0.02s bat=1.00 dist=0.84m
89,32.752,SCOUT,14,2.905,4.405,3.000,-0.425,-0.425,0.000,0.601,cmd_age=0.02s bat=1.00 dist=0.84m
89,32.752,SCOUT,15,4.405,2.905,3.000,-0.425,-0.425,0.000,0.601,cmd_age=0.02s bat=1.00 dist=0.84m
89,32.752,WORKER,0,-3.987,-2.433,3.000,-0.718,1.867,0.000,2.000,state=MOVING bat=1.00 dist=2.75m
89,32.752,WORKER,1,7.211,-2.258,3.000,0.153,1.994,0.000,2.000,state=MOVING bat=1.00 dist=2.75m
89,32.752,WORKER,2,-1.224,2.901,3.000,1.292,-1.527,0.000,2.000,state=MOVING bat=1.00 dist=2.75m
89,32.752,WORKER,3,4.922,3.199,3.000,-1.511,-1.310,0.000,2.000,state=MOVING bat=1.00 dist=2.75m
90,32.962,GENERAL,0,0.000,0.000,5.000,0.000,0.000,0.000,0.000,N/A
90,32.962,NODE,0,-5.200,-4.131,3.000,-0.134,0.585,0.000,0.600,zone=0 dist=0.88m
90,32.962,NODE,1,5.201,-4.131,3.000,0.134,0.585,0.000,0.600,zone=1 dist=0.88m
90,32.962,NODE,2,-4.370,4.369,3.000,0.425,-0.425,0.000,0.601,zone=2 dist=0.88m
90,32.962,NODE,3,4.369,4.369,3.000,-0.425,-0.426,0.000,0.602,zone=3 dist=0.88m
90,32.962,SCOUT,0,-3.691,-4.170,3.000,-0.135,0.585,0.000,0.600,cmd_age=0.02s bat=1.00 dist=0.85m
90,32.962,SCOUT,1,-5.191,-2.670,3.000,-0.135,0.585,0.000,0.600,cmd_age=0.02s bat=1.00 dist=0.85m
90,32.962,SCOUT,2,-6.691,-4.170,3.000,-0.135,0.585,0.000,0.600,cmd_age=0.02s bat=1.00 dist=0.85m
90,32.962,SCOUT,3,-5.191,-5.670,3.000,-0.135,0.585,0.000,0.600,cmd_age=0.02s bat=1.00 dist=0.85m
90,32.962,SCOUT,4,6.692,-4.170,3.000,0.135,0.585,0.000,0.601,cmd_age=0.02s bat=1.00 dist=0.85m
90,32.962,SCOUT,5,5.192,-2.670,3.000,0.135,0.585,0.000,0.601,cmd_age=0.02s bat=1.00 dist=0.85m
90,32.962,SCOUT,6,3.692,-4.170,3.000,0.135,0.585,0.000,0.601,cmd_age=0.02s bat=1.00 dist=0.85m
90,32.962,SCOUT,7,5.192,-5.670,3.000,0.135,0.585,0.000,0.601,cmd_age=0.02s bat=1.00 dist=0.85m
90,32.962,SCOUT,8,-2.898,4.397,3.000,0.424,-0.425,0.000,0.600,cmd_age=0.02s bat=1.00 dist=0.85m
90,32.962,SCOUT,9,-4.398,5.897,3.000,0.424,-0.425,0.000,0.600,cmd_age=0.02s bat=1.00 dist=0.85m
90,32.962,SCOUT,10,-5.898,4.397,3.000,0.424,-0.425,0.000,0.600,cmd_age=0.02s bat=1.00 dist=0.85m
90,32.962,SCOUT,11,-4.398,2.897,3.000,0.424,-0.425,0.000,0.600,cmd_age=0.02s bat=1.00 dist=0.85m
90,32.962,SCOUT,12,5.898,4.398,3.000,-0.425,-0.425,0.000,0.601,cmd_age=0.02s bat=1.00 dist=0.85m
90,32.962,SCOUT,13,4.398,5.898,3.000,-0.425,-0.425,0.000,0.601,cmd_age=0.02s bat=1.00 dist=0.85m
90,32.962,SCOUT,14,2.898,4.398,3.000,-0.425,-0.425,0.000,0.601,cmd_age=0.02s bat=1.00 dist=0.85m
90,32.962,SCOUT,15,4.398,2.898,3.000,-0.425,-0.425,0.000,0.601,cmd_age=0.02s bat=1.00 dist=0.85m
90,32.962,WORKER,0,-3.999,-2.402,3.000,-0.718,1.867,0.000,2.000,state=MOVING bat=1.00 dist=2.78m
90,32.962,WORKER,1,7.213,-2.225,3.000,0.153,1.994,0.000,2.000,state=MOVING bat=1.00 dist=2.78m
90,32.962,WORKER,2,-1.202,2.875,3.000,1.292,-1.527,0.000,2.000,state=MOVING bat=1.00 dist=2.78m
90,32.962,WORKER,3,4.897,3.177,3.000,-1.511,-1.310,0.000,2.000,state=MOVING bat=1.00 dist=2.78m
91,33.177,GENERAL,0,0.000,0.000,5.000,0.000,0.000,0.000,0.000,N/A
91,33.177,NODE,0,-5.202,-4.121,3.000,-0.135,0.585,0.000,0.600,zone=0 dist=0.89m
91,33.177,NODE,1,5.203,-4.121,3.000,0.135,0.586,0.000,0.602,zone=1 dist=0.89m
91,33.177,NODE,2,-4.363,4.362,3.000,0.424,-0.426,0.000,0.601,zone=2 dist=0.89m
91,33.177,NODE,3,4.362,4.362,3.000,-0.426,-0.424,0.000,0.601,zone=3 dist=0.89m
91,33.177,SCOUT,0,-3.693,-4.160,3.000,-0.135,0.585,0.000,0.600,cmd_age=0.02s bat=1.00 dist=0.86m
91,33.177,SCOUT,1,-5.193,-2.660,3.000,-0.135,0.585,0.000,0.600,cmd_age=0.02s bat=1.00 dist=0.86m
91,33.177,SCOUT,2,-6.693,-4.160,3.000,-0.135,0.585,0.000,0.600,cmd_age=0.02s bat=1.00 dist=0.86m
91,33.177,SCOUT,3,-5.193,-5.660,3.000,-0.135,0.585,0.000,0.600,cmd_age=0.02s bat=1.00 dist=0.86m
91,33.177,SCOUT,4,6.694,-4.160,3.000,0.135,0.586,0.000,0.601,cmd_age=0.02s bat=1.00 dist=0.86m
91,33.177,SCOUT,5,5.194,-2.660,3.000,0.135,0.586,0.000,0.601,cmd_age=0.02s bat=1.00 dist=0.86m
91,33.177,SCOUT,6,3.694,-4.160,3.000,0.135,0.586,0.000,0.601,cmd_age=0.02s bat=1.00 dist=0.86m
91,33.177,SCOUT,7,5.194,-5.660,3.000,0.135,0.586,0.000,0.601,cmd_age=0.02s bat=1.00 dist=0.86m
91,33.177,SCOUT,8,-2.891,4.390,3.000,0.424,-0.425,0.000,0.601,cmd_age=0.02s bat=1.00 dist=0.86m
91,33.177,SCOUT,9,-4.391,5.890,3.000,0.424,-0.425,0.000,0.601,cmd_age=0.02s bat=1.00 dist=0.86m
91,33.177,SCOUT,10,-5.891,4.390,3.000,0.424,-0.425,0.000,0.601,cmd_age=0.02s bat=1.00 dist=0.86m
91,33.177,SCOUT,11,-4.391,2.890,3.000,0.424,-0.425,0.000,0.601,cmd_age=0.02s bat=1.00 dist=0.86m
91,33.177,SCOUT,12,5.891,4.391,3.000,-0.425,-0.425,0.000,0.601,cmd_age=0.02s bat=1.00 dist=0.86m
91,33.177,SCOUT,13,4.391,5.891,3.000,-0.425,-0.425,0.000,0.601,cmd_age=0.02s bat=1.00 dist=0.86m
91,33.177,SCOUT,14,2.891,4.391,3.000,-0.425,-0.425,0.000,0.601,cmd_age=0.02s bat=1.00 dist=0.86m
91,33.177,SCOUT,15,4.391,2.891,3.000,-0.425,-0.425,0.000,0.601,cmd_age=0.02s bat=1.00 dist=0.86m
91,33.177,WORKER,0,-4.011,-2.371,3.000,-0.718,1.867,0.000,2.000,state=MOVING bat=1.00 dist=2.81m
91,33.177,WORKER,1,7.216,-2.192,3.000,0.153,1.994,0.000,2.000,state=MOVING bat=1.00 dist=2.81m
91,33.177,WORKER,2,-1.181,2.850,3.000,1.292,-1.527,0.000,2.000,state=MOVING bat=1.00 dist=2.81m
91,33.177,WORKER,3,4.871,3.155,3.000,-1.511,-1.310,0.000,2.000,state=MOVING bat=1.00 dist=2.81m
92,33.387,GENERAL,0,0.000,0.000,5.000,0.000,0.000,0.000,0.000,N/A
92,33.387,NODE,0,-5.205,-4.112,3.000,-0.135,0.585,0.000,0.600,zone=0 dist=0.90m
92,33.387,NODE,1,5.205,-4.112,3.000,0.135,0.585,0.000,0.601,zone=1 dist=0.90m
92,33.387,NODE,2,-4.356,4.355,3.000,0.424,-0.425,0.000,0.601,zone=2 dist=0.90m
92,33.387,NODE,3,4.355,4.355,3.000,-0.424,-0.424,0.000,0.600,zone=3 dist=0.90m
92,33.387,SCOUT,0,-3.696,-4.151,3.000,-0.135,0.585,0.000,0.600,cmd_age=0.02s bat=1.00 dist=0.87m
92,33.387,SCOUT,1,-5.196,-2.651,3.000,-0.135,0.585,0.000,0.600,cmd_age=0.02s bat=1.00 dist=0.87m
92,33.387,SCOUT,2,-6.696,-4.151,3.000,-0.135,0.585,0.000,0.600,cmd_age=0.02s bat=1.00 dist=0.87m
92,33.387,SCOUT,3,-5.196,-5.651,3.000,-0.135,0.585,0.000,0.600,cmd_age=0.02s bat=1.00 dist=0.87m
92,33.387,SCOUT,4,6.696,-4.151,3.000,0.135,0.585,0.000,0.601,cmd_age=0.02s bat=1.00 dist=0.87m
92,33.387,SCOUT,5,5.196,-2.651,3.000,0.135,0.585,0.000,0.601,cmd_age=0.02s bat=1.00 dist=0.87m
92,33.387,SCOUT,6,3.696,-4.151,3.000,0.135,0.585,0.000,0.601,cmd_age=0.02s bat=1.00 dist=0.87m
92,33.387,SCOUT,7,5.196,-5.651,3.000,0.135,0.585,0.000,0.601,cmd_age=0.02s bat=1.00 dist=0.87m
92,33.387,SCOUT,8,-2.884,4.383,3.000,0.424,-0.425,0.000,0.601,cmd_age=0.02s bat=1.00 dist=0.87m
92,33.387,SCOUT,9,-4.384,5.883,3.000,0.424,-0.425,0.000,0.601,cmd_age=0.02s bat=1.00 dist=0.87m
92,33.387,SCOUT,10,-5.884,4.383,3.000,0.424,-0.425,0.000,0.601,cmd_age=0.02s bat=1.00 dist=0.87m
92,33.387,SCOUT,11,-4.384,2.883,3.000,0.424,-0.425,0.000,0.601,cmd_age=0.02s bat=1.00 dist=0.87m
92,33.387,SCOUT,12,5.884,4.384,3.000,-0.425,-0.425,0.000,0.601,cmd_age=0.02s bat=1.00 dist=0.87m
92,33.387,SCOUT,13,4.384,5.884,3.000,-0.425,-0.425,0.000,0.601,cmd_age=0.02s bat=1.00 dist=0.87m
92,33.387,SCOUT,14,2.884,4.384,3.000,-0.425,-0.425,0.000,0.601,cmd_age=0.02s bat=1.00 dist=0.87m
92,33.387,SCOUT,15,4.384,2.884,3.000,-0.425,-0.425,0.000,0.601,cmd_age=0.02s bat=1.00 dist=0.87m
92,33.387,WORKER,0,-4.023,-2.340,3.000,-0.718,1.867,0.000,2.000,state=MOVING bat=1.00 dist=2.85m
92,33.387,WORKER,1,7.219,-2.158,3.000,0.153,1.994,0.000,2.000,state=MOVING bat=1.00 dist=2.85m
92,33.387,WORKER,2,-1.159,2.824,3.000,1.292,-1.527,0.000,2.000,state=MOVING bat=1.00 dist=2.85m
92,33.387,WORKER,3,4.846,3.133,3.000,-1.511,-1.310,0.000,2.000,state=MOVING bat=1.00 dist=2.85m
93,33.599,GENERAL,0,0.000,0.000,5.000,0.000,0.000,0.000,0.000,N/A
93,33.599,NODE,0,-5.207,-4.102,3.000,-0.135,0.584,0.000,0.600,zone=0 dist=0.91m
93,33.599,NODE,1,5.207,-4.102,3.000,0.136,0.585,0.000,0.601,zone=1 dist=0.91m
93,33.599,NODE,2,-4.349,4.348,3.000,0.425,-0.425,0.000,0.601,zone=2 dist=0.91m
93,33.599,NODE,3,4.348,4.348,3.000,-0.425,-0.423,0.000,0.599,zone=3 dist=0.91m
93,33.599,SCOUT,0,-3.698,-4.141,3.000,-0.135,0.585,0.000,0.600,cmd_age=0.02s bat=1.00 dist=0.88m
93,33.599,SCOUT,1,-5.198,-2.641,3.000,-0.135,0.585,0.000,0.600,cmd_age=0.02s bat=1.00 dist=0.88m
93,33.599,SCOUT,2,-6.698,-4.141,3.000,-0.135,0.585,0.000,0.600,cmd_age=0.02s bat=1.00 dist=0.88m
93,33.599,SCOUT,3,-5.198,-5.641,3.000,-0.135,0.585,0.000,0.600,cmd_age=0.02s bat=1.00 dist=0.88m
93,33.599,SCOUT,4,6.698,-4.141,3.000,0.135,0.585,0.000,0.601,cmd_age=0.02s bat=1.00 dist=0.88m
93,33.599,SCOUT,5,5.198,-2.641,3.000,0.135,0.585,0.000,0.601,cmd_age=0.02s bat=1.00 dist=0.88m
93,33.599,SCOUT,6,3.698,-4.141,3.000,0.135,0.585,0.000,0.601,cmd_age=0.02s bat=1.00 dist=0.88m
93,33.599,SCOUT,7,5.198,-5.641,3.000,0.135,0.585,0.000,0.601,cmd_age=0.02s bat=1.00 dist=0.88m
93,33.599,SCOUT,8,-2.877,4.376,3.000,0.424,-0.425,0.000,0.601,cmd_age=0.02s bat=1.00 dist=0.88m
93,33.599,SCOUT,9,-4.377,5.876,3.000,0.424,-0.425,0.000,0.601,cmd_age=0.02s bat=1.00 dist=0.88m
93,33.599,SCOUT,10,-5.877,4.376,3.000,0.424,-0.425,0.000,0.601,cmd_age=0.02s bat=1.00 dist=0.88m
93,33.599,SCOUT,11,-4.377,2.876,3.000,0.424,-0.425,0.000,0.601,cmd_age=0.02s bat=1.00 dist=0.88m
93,33.599,SCOUT,12,5.876,4.377,3.000,-0.425,-0.424,0.000,0.601,cmd_age=0.02s bat=1.00 dist=0.88m
93,33.599,SCOUT,13,4.376,5.877,3.000,-0.425,-0.424,0.000,0.601,cmd_age=0.02s bat=1.00 dist=0.88m
93,33.599,SCOUT,14,2.876,4.377,3.000,-0.425,-0.424,0.000,0.601,cmd_age=0.02s bat=1.00 dist=0.88m
93,33.599,SCOUT,15,4.376,2.877,3.000,-0.425,-0.424,0.000,0.601,cmd_age=0.02s bat=1.00 dist=0.88m
93,33.599,WORKER,0,-4.035,-2.309,3.000,-0.718,1.867,0.000,2.000,state=MOVING bat=1.00 dist=2.88m
93,33.599,WORKER,1,7.221,-2.125,3.000,0.153,1.994,0.000,2.000,state=MOVING bat=1.00 dist=2.88m
93,33.599,WORKER,2,-1.138,2.799,3.000,1.292,-1.527,0.000,2.000,state=MOVING bat=1.00 dist=2.88m
93,33.599,WORKER,3,4.821,3.112,3.000,-1.511,-1.310,0.000,2.000,state=MOVING bat=1.00 dist=2.88m
94,33.813,GENERAL,0,0.000,0.000,5.000,0.000,0.000,0.000,0.000,N/A
94,33.813,NODE,0,-5.209,-4.092,3.000,-0.135,0.585,0.000,0.601,zone=0 dist=0.92m
94,33.813,NODE,1,5.210,-4.092,3.000,0.135,0.584,0.000,0.599,zone=1 dist=0.92m
94,33.813,NODE,2,-4.341,4.341,3.000,0.424,-0.426,0.000,0.601,zone=2 dist=0.92m
94,33.813,NODE,3,4.341,4.341,3.000,-0.425,-0.424,0.000,0.601,zone=3 dist=0.92m
94,33.813,SCOUT,0,-3.700,-4.131,3.000,-0.135,0.585,0.000,0.600,cmd_age=0.02s bat=1.00 dist=0.89m
94,33.813,SCOUT,1,-5.200,-2.631,3.000,-0.135,0.585,0.000,0.600,cmd_age=0.02s bat=1.00 dist=0.89m
94,33.813,SCOUT,2,-6.700,-4.131,3.000,-0.135,0.585,0.000,0.600,cmd_age=0.02s bat=1.00 dist=0.89m
94,33.813,SCOUT,3,-5.200,-5.631,3.000,-0.135,0.585,0.000,0.600,cmd_age=0.02s bat=1.00 dist=0.89m
94,33.813,SCOUT,4,6.701,-4.131,3.000,0.135,0.585,0.000,0.600,cmd_age=0.02s bat=1.00 dist=0.89m
94,33.813,SCOUT,5,5.201,-2.631,3.000,0.135,0.585,0.000,0.600,cmd_age=0.02s bat=1.00 dist=0.89m
94,33.813,SCOUT,6,3.701,-4.131,3.000,0.135,0.585,0.000,0.600,cmd_age=0.02s bat=1.00 dist=0.89m
94,33.813,SCOUT,7,5.201,-5.631,3.000,0.135,0.585,0.000,0.600,cmd_age=0.02s bat=1.00 dist=0.89m
94,33.813,SCOUT,8,-2.870,4.369,3.000,0.424,-0.425,0.000,0.601,cmd_age=0.02s bat=1.00 dist=0.89m
94,33.813,SCOUT,9,-4.370,5.869,3.000,0.424,-0.425,0.000,0.601,cmd_age=0.02s bat=1.00 dist=0.89m
94,33.813,SCOUT,10,-5.870,4.369,3.000,0.424,-0.425,0.000,0.601,cmd_age=0.02s bat=1.00 dist=0.89m
94,33.813,SCOUT,11,-4.370,2.869,3.000,0.424,-0.425,0.000,0.601,cmd_age=0.02s bat=1.00 dist=0.89m
94,33.813,SCOUT,12,5.869,4.369,3.000,-0.425,-0.424,0.000,0.601,cmd_age=0.02s bat=1.00 dist=0.89m
94,33.813,SCOUT,13,4.369,5.869,3.000,-0.425,-0.424,0.000,0.601,cmd_age=0.02s bat=1.00 dist=0.89m
94,33.813,SCOUT,14,2.869,4.369,3.000,-0.425,-0.424,0.000,0.601,cmd_age=0.02s bat=1.00 dist=0.89m
94,33.813,SCOUT,15,4.369,2.869,3.000,-0.425,-0.424,0.000,0.601,cmd_age=0.02s bat=1.00 dist=0.89m
94,33.813,WORKER,0,-4.047,-2.278,3.000,-0.718,1.867,0.000,2.000,state=MOVING bat=1.00 dist=2.91m
94,33.813,WORKER,1,7.224,-2.092,3.000,0.153,1.994,0.000,2.000,state=MOVING bat=1.00 dist=2.91m
94,33.813,WORKER,2,-1.116,2.773,3.000,1.292,-1.527,0.000,2.000,state=MOVING bat=1.00 dist=2.91m
94,33.813,WORKER,3,4.796,3.090,3.000,-1.511,-1.310,0.000,2.000,state=MOVING bat=1.00 dist=2.91m
95,34.025,GENERAL,0,0.000,0.000,5.000,0.000,0.000,0.000,0.000,N/A
95,34.025,NODE,0,-5.211,-4.082,3.000,-0.135,0.585,0.000,0.601,zone=0 dist=0.93m
95,34.025,NODE,1,5.212,-4.082,3.000,0.135,0.585,0.000,0.601,zone=1 dist=0.93m
95,34.025,NODE,2,-4.334,4.334,3.000,0.425,-0.424,0.000,0.600,zone=2 dist=0.93m
95,34.025,NODE,3,4.334,4.334,3.000,-0.426,-0.424,0.000,0.601,zone=3 dist=0.93m
95,34.025,SCOUT,0,-3.702,-4.121,3.000,-0.135,0.585,0.000,0.600,cmd_age=0.02s bat=1.00 dist=0.90m
95,34.025,SCOUT,1,-5.202,-2.621,3.000,-0.135,0.585,0.000,0.600,cmd_age=0.02s bat=1.00 dist=0.90m
95,34.025,SCOUT,2,-6.702,-4.121,3.000,-0.135,0.585,0.000,0.600,cmd_age=0.02s bat=1.00 dist=0.90m
95,34.025,SCOUT,3,-5.202,-5.621,3.000,-0.135,0.585,0.000,0.600,cmd_age=0.02s bat=1.00 dist=0.90m
95,34.025,SCOUT,4,6.703,-4.121,3.000,0.135,0.585,0.000,0.601,cmd_age=0.02s bat=1.00 dist=0.90m
95,34.025,SCOUT,5,5.203,-2.621,3.000,0.135,0.585,0.000,0.601,cmd_age=0.02s bat=1.00 dist=0.90m
95,34.025,SCOUT,6,3.703,-4.121,3.000,0.135,0.585,0.000,0.601,cmd_age=0.02s bat=1.00 dist=0.90m
95,34.025,SCOUT,7,5.203,-5.621,3.000,0.135,0.585,0.000,0.601,cmd_age=0.02s bat=1.00 dist=0.90m
95,34.025,SCOUT,8,-2.863,4.362,3.000,0.424,-0.425,0.000,0.601,cmd_age=0.02s bat=1.00 dist=0.90m
95,34.025,SCOUT,9,-4.363,5.862,3.000,0.424,-0.425,0.000,0.601,cmd_age=0.02s bat=1.00 dist=0.90m
95,34.025,SCOUT,10,-5.863,4.362,3.000,0.424,-0.425,0.000,0.601,cmd_age=0.02s bat=1.00 dist=0.90m
95,34.025,SCOUT,11,-4.363,2.862,3.000,0.424,-0.425,0.000,0.601,cmd_age=0.02s bat=1.00 dist=0.90m
95,34.025,SCOUT,12,5.862,4.362,3.000,-0.425,-0.424,0.000,0.601,cmd_age=0.02s bat=1.00 dist=0.90m
95,34.025,SCOUT,13,4.362,5.862,3.000,-0.425,-0.424,0.000,0.601,cmd_age=0.02s bat=1.00 dist=0.90m
95,34.025,SCOUT,14,2.862,4.362,3.000,-0.425,-0.424,0.000,0.601,cmd_age=0.02s bat=1.00 dist=0.90m
95,34.025,SCOUT,15,4.362,2.862,3.000,-0.425,-0.424,0.000,0.601,cmd_age=0.02s bat=1.00 dist=0.90m
95,34.025,WORKER,0,-4.059,-2.247,3.000,-0.718,1.867,0.000,2.000,state=MOVING bat=1.00 dist=2.95m
95,34.025,WORKER,1,7.226,-2.059,3.000,0.153,1.994,0.000,2.000,state=MOVING bat=1.00 dist=2.95m
95,34.025,WORKER,2,-1.094,2.748,3.000,1.292,-1.527,0.000,2.000,state=MOVING bat=1.00 dist=2.95m
95,34.025,WORKER,3,4.771,3.068,3.000,-1.511,-1.310,0.000,2.000,state=MOVING bat=1.00 dist=2.95m
96,34.239,GENERAL,0,0.000,0.000,5.000,0.000,0.000,0.000,0.000,N/A
96,34.239,NODE,0,-5.214,-4.073,3.000,-0.137,0.585,0.000,0.601,zone=0 dist=0.94m
96,34.239,NODE,1,5.214,-4.073,3.000,0.134,0.584,0.000,0.599,zone=1 dist=0.94m
96,34.239,NODE,2,-4.327,4.327,3.000,0.425,-0.424,0.000,0.601,zone=2 dist=0.94m
96,34.239,NODE,3,4.327,4.327,3.000,-0.425,-0.424,0.000,0.601,zone=3 dist=0.94m
96,34.239,SCOUT,0,-3.705,-4.112,3.000,-0.135,0.585,0.000,0.600,cmd_age=0.02s bat=1.00 dist=0.91m
96,34.239,SCOUT,1,-5.205,-2.612,3.000,-0.135,0.585,0.000,0.600,cmd_age=0.02s bat=1.00 dist=0.91m
96,34.239,SCOUT,2,-6.705,-4.112,3.000,-0.135,0.585,0.000,0.600,cmd_age=0.02s bat=1.00 dist=0.91m
96,34.239,SCOUT,3,-5.205,-5.612,3.000,-0.135,0.585,0.000,0.600,cmd_age=0.02s bat=1.00 dist=0.91m
96,34.239,SCOUT,4,6.705,-4.112,3.000,0.135,0.585,0.000,0.600,cmd_age=0.02s bat=1.00 dist=0.91m
96,34.239,SCOUT,5,5.205,-2.612,3.000,0.135,0.585,0.000,0.600,cmd_age=0.02s bat=1.00 dist=0.91m
96,34.239,SCOUT,6,3.705,-4.112,3.000,0.135,0.585,0.000,0.600,cmd_age=0.02s bat=1.00 dist=0.91m
96,34.239,SCOUT,7,5.205,-5.612,3.000,0.135,0.585,0.000,0.600,cmd_age=0.02s bat=1.00 dist=0.91m
96,34.239,SCOUT,8,-2.856,4.355,3.000,0.425,-0.425,0.000,0.601,cmd_age=0.02s bat=1.00 dist=0.91m
96,34.239,SCOUT,9,-4.356,5.855,3.000,0.425,-0.425,0.000,0.601,cmd_age=0.02s bat=1.00 dist=0.91m
96,34.239,SCOUT,10,-5.856,4.355,3.000,0.425,-0.425,0.000,0.601,cmd_age=0.02s bat=1.00 dist=0.91m
96,34.239,SCOUT,11,-4.356,2.855,3.000,0.425,-0.425,0.000,0.601,cmd_age=0.02s bat=1.00 dist=0.91m
96,34.239,SCOUT,12,5.855,4.355,3.000,-0.425,-0.424,0.000,0.601,cmd_age=0.02s bat=1.00 dist=0.91m
96,34.239,SCOUT,13,4.355,5.855,3.000,-0.425,-0.424,0.000,0.601,cmd_age=0.02s bat=1.00 dist=0.91m
96,34.239,SCOUT,14,2.855,4.355,3.000,-0.425,-0.424,0.000,0.601,cmd_age=0.02s bat=1.00 dist=0.91m
96,34.239,SCOUT,15,4.355,2.855,3.000,-0.425,-0.424,0.000,0.601,cmd_age=0.02s bat=1.00 dist=0.91m
96,34.239,WORKER,0,-4.071,-2.216,3.000,-0.718,1.867,0.000,2.000,state=MOVING bat=1.00 dist=2.98m
96,34.239,WORKER,1,7.229,-2.025,3.000,0.153,1.994,0.000,2.000,state=MOVING bat=1.00 dist=2.98m
96,34.239,WORKER,2,-1.073,2.723,3.000,1.292,-1.527,0.000,2.000,state=MOVING bat=1.00 dist=2.98m
96,34.239,WORKER,3,4.746,3.046,3.000,-1.511,-1.310,0.000,2.000,state=MOVING bat=1.00 dist=2.98m
97,34.457,GENERAL,0,0.000,0.000,5.000,0.000,0.000,0.000,0.000,N/A
97,34.457,NODE,0,-5.216,-4.063,3.000,-0.136,0.584,0.000,0.600,zone=0 dist=0.95m
97,34.457,NODE,1,5.216,-4.063,3.000,0.134,0.586,0.000,0.601,zone=1 dist=0.95m
97,34.457,NODE,2,-4.320,4.320,3.000,0.423,-0.424,0.000,0.599,zone=2 dist=0.95m
97,34.457,NODE,3,4.320,4.320,3.000,-0.425,-0.424,0.000,0.600,zone=3 dist=0.95m
97,34.457,SCOUT,0,-3.707,-4.102,3.000,-0.135,0.585,0.000,0.600,cmd_age=0.02s bat=1.00 dist=0.92m
97,34.457,SCOUT,1,-5.207,-2.602,3.000,-0.135,0.585,0.000,0.600,cmd_age=0.02s bat=1.00 dist=0.92m
97,34.457,SCOUT,2,-6.707,-4.102,3.000,-0.135,0.585,0.000,0.600,cmd_age=0.02s bat=1.00 dist=0.92m
97,34.457,SCOUT,3,-5.207,-5.602,3.000,-0.135,0.585,0.000,0.600,cmd_age=0.02s bat=1.00 dist=0.92m
97,34.457,SCOUT,4,6.707,-4.102,3.000,0.135,0.585,0.000,0.600,cmd_age=0.02s bat=1.00 dist=0.92m
97,34.457,SCOUT,5,5.207,-2.602,3.000,0.135,0.585,0.000,0.600,cmd_age=0.02s bat=1.00 dist=0.92m
97,34.457,SCOUT,6,3.707,-4.102,3.000,0.135,0.585,0.000,0.600,cmd_age=0.02s bat=1.00 dist=0.92m
97,34.457,SCOUT,7,5.207,-5.602,3.000,0.135,0.585,0.000,0.600,cmd_age=0.02s bat=1.00 dist=0.92m
97,34.457,SCOUT,8,-2.849,4.348,3.000,0.424,-0.425,0.000,0.600,cmd_age=0.02s bat=1.00 dist=0.92m
97,34.457,SCOUT,9,-4.349,5.848,3.000,0.424,-0.425,0.000,0.600,cmd_age=0.02s bat=1.00 dist=0.92m
97,34.457,SCOUT,10,-5.849,4.348,3.000,0.424,-0.425,0.000,0.600,cmd_age=0.02s bat=1.00 dist=0.92m
97,34.457,SCOUT,11,-4.349,2.848,3.000,0.424,-0.425,0.000,0.600,cmd_age=0.02s bat=1.00 dist=0.92m
97,34.457,SCOUT,12,5.848,4.348,3.000,-0.425,-0.424,0.000,0.601,cmd_age=0.02s bat=1.00 dist=0.92m
97,34.457,SCOUT,13,4.348,5.848,3.000,-0.425,-0.424,0.000,0.601,cmd_age=0.02s bat=1.00 dist=0.92m
97,34.457,SCOUT,14,2.848,4.348,3.000,-0.425,-0.424,0.000,0.601,cmd_age=0.02s bat=1.00 dist=0.92m
97,34.457,SCOUT,15,4.348,2.848,3.000,-0.425,-0.424,0.000,0.601,cmd_age=0.02s bat=1.00 dist=0.92m
97,34.457,WORKER,0,-4.083,-2.184,3.000,-0.718,1.867,0.000,2.000,state=MOVING bat=1.00 dist=3.01m
97,34.457,WORKER,1,7.231,-1.992,3.000,0.153,1.994,0.000,2.000,state=MOVING bat=1.00 dist=3.01m
97,34.457,WORKER,2,-1.051,2.697,3.000,1.292,-1.527,0.000,2.000,state=MOVING bat=1.00 dist=3.01m
97,34.457,WORKER,3,4.720,3.024,3.000,-1.511,-1.310,0.000,2.000,state=MOVING bat=1.00 dist=3.01m
98,34.664,GENERAL,0,0.000,0.000,5.000,0.000,0.000,0.000,0.000,N/A
98,34.664,NODE,0,-5.218,-4.053,3.000,-0.135,0.585,0.000,0.600,zone=0 dist=0.96m
98,34.664,NODE,1,5.218,-4.053,3.000,0.135,0.586,0.000,0.601,zone=1 dist=0.96m
98,34.664,NODE,2,-4.313,4.313,3.000,0.424,-0.423,0.000,0.599,zone=2 dist=0.96m
98,34.664,NODE,3,4.313,4.313,3.000,-0.426,-0.424,0.000,0.601,zone=3 dist=0.96m
98,34.664,SCOUT,0,-3.709,-4.092,3.000,-0.135,0.585,0.000,0.600,cmd_age=0.02s bat=1.00 dist=0.93m
98,34.664,SCOUT,1,-5.209,-2.592,3.000,-0.135,0.585,0.000,0.600,cmd_age=0.02s bat=1.00 dist=0.93m
98,34.664,SCOUT,2,-6.709,-4.092,3.000,-0.135,0.585,0.000,0.600,cmd_age=0.02s bat=1.00 dist=0.93m
98,34.664,SCOUT,3,-5.209,-5.592,3.000,-0.135,0.585,0.000,0.600,cmd_age=0.02s bat=1.00 dist=0.93m
98,34.664,SCOUT,4,6.709,-4.092,3.000,0.135,0.585,0.000,0.600,cmd_age=0.02s bat=1.00 dist=0.93m
98,34.664,SCOUT,5,5.209,-2.592,3.000,0.135,0.585,0.000,0.600,cmd_age=0.02s bat=1.00 dist=0.93m
98,34.664,SCOUT,6,3.709,-4.092,3.000,0.135,0.585,0.000,0.600,cmd_age=0.02s bat=1.00 dist=0.93m
98,34.664,SCOUT,7,5.209,-5.592,3.000,0.135,0.585,0.000,0.600,cmd_age=0.02s bat=1.00 dist=0.93m
98,34.664,SCOUT,8,-2.841,4.341,3.000,0.424,-0.424,0.000,0.600,cmd_age=0.02s bat=1.00 dist=0.93m
98,34.664,SCOUT,9,-4.341,5.841,3.000,0.424,-0.424,0.000,0.600,cmd_age=0.02s bat=1.00 dist=0.93m
98,34.664,SCOUT,10,-5.841,4.341,3.000,0.424,-0.424,0.000,0.600,cmd_age=0.02s bat=1.00 dist=0.93m
98,34.664,SCOUT,11,-4.341,2.841,3.000,0.424,-0.424,0.000,0.600,cmd_age=0.02s bat=1.00 dist=0.93m
98,34.664,SCOUT,12,5.841,4.341,3.000,-0.425,-0.424,0.000,0.601,cmd_age=0.02s bat=1.00 dist=0.93m
98,34.664,SCOUT,13,4.341,5.841,3.000,-0.425,-0.424,0.000,0.601,cmd_age=0.02s bat=1.00 dist=0.93m
98,34.664,SCOUT,14,2.841,4.341,3.000,-0.425,-0.424,0.000,0.601,cmd_age=0.02s bat=1.00 dist=0.93m
98,34.664,SCOUT,15,4.341,2.841,3.000,-0.425,-0.424,0.000,0.601,cmd_age=0.02s bat=1.00 dist=0.93m
98,34.664,WORKER,0,-4.095,-2.153,3.000,-0.718,1.867,0.000,2.000,state=MOVING bat=1.00 dist=3.05m
98,34.664,WORKER,1,7.234,-1.959,3.000,0.153,1.994,0.000,2.000,state=MOVING bat=1.00 dist=3.05m
98,34.664,WORKER,2,-1.030,2.672,3.000,1.292,-1.527,0.000,2.000,state=MOVING bat=1.00 dist=3.05m
98,34.664,WORKER,3,4.695,3.002,3.000,-1.511,-1.310,0.000,2.000,state=MOVING bat=1.00 dist=3.05m
99,34.874,GENERAL,0,0.000,0.000,5.000,0.000,0.000,0.000,0.000,N/A
99,34.874,NODE,0,-5.220,-4.043,3.000,-0.135,0.585,0.000,0.600,zone=0 dist=0.97m
99,34.874,NODE,1,5.221,-4.043,3.000,0.133,0.584,0.000,0.599,zone=1 dist=0.97m
99,34.874,NODE,2,-4.306,4.306,3.000,0.424,-0.424,0.000,0.599,zone=2 dist=0.97m
99,34.874,NODE,3,4.306,4.306,3.000,-0.425,-0.424,0.000,0.600,zone=3 dist=0.97m
99,34.874,SCOUT,0,-3.711,-4.082,3.000,-0.135,0.585,0.000,0.600,cmd_age=0.02s bat=1.00 dist=0.94m
99,34.874,SCOUT,1,-5.211,-2.582,3.000,-0.135,0.585,0.000,0.600,cmd_age=0.02s bat=1.00 dist=0.94m
99,34.874,SCOUT,2,-6.711,-4.082,3.000,-0.135,0.585,0.000,0.600,cmd_age=0.02s bat=1.00 dist=0.94m
99,34.874,SCOUT,3,-5.211,-5.582,3.000,-0.135,0.585,0.000,0.600,cmd_age=0.02s bat=1.00 dist=0.94m
99,34.874,SCOUT,4,6.712,-4.082,3.000,0.134,0.585,0.000,0.600,cmd_age=0.02s bat=1.00 dist=0.94m
99,34.874,SCOUT,5,5.212,-2.582,3.000,0.134,0.585,0.000,0.600,cmd_age=0.02s bat=1.00 dist=0.94m
99,34.874,SCOUT,6,3.712,-4.082,3.000,0.134,0.585,0.000,0.600,cmd_age=0.02s bat=1.00 dist=0.94m
99,34.874,SCOUT,7,5.212,-5.582,3.000,0.134,0.585,0.000,0.600,cmd_age=0.02s bat=1.00 dist=0.94m
99,34.874,SCOUT,8,-2.834,4.334,3.000,0.424,-0.424,0.000,0.600,cmd_age=0.02s bat=1.00 dist=0.94m
99,34.874,SCOUT,9,-4.334,5.834,3.000,0.424,-0.424,0.000,0.600,cmd_age=0.02s bat=1.00 dist=0.94m
99,34.874,SCOUT,10,-5.834,4.334,3.000,0.424,-0.424,0.000,0.600,cmd_age=0.02s bat=1.00 dist=0.94m
99,34.874,SCOUT,11,-4.334,2.834,3.000,0.424,-0.424,0.000,0.600,cmd_age=0.02s bat=1.00 dist=0.94m
99,34.874,SCOUT,12,5.834,4.334,3.000,-0.425,-0.424,0.000,0.601,cmd_age=0.02s bat=1.00 dist=0.94m
99,34.874,SCOUT,13,4.334,5.834,3.000,-0.425,-0.424,0.000,0.601,cmd_age=0.02s bat=1.00 dist=0.94m
99,34.874,SCOUT,14,2.834,4.334,3.000,-0.425,-0.424,0.000,0.601,cmd_age=0.02s bat=1.00 dist=0.94m
99,34.874,SCOUT,15,4.334,2.834,3.000,-0.425,-0.424,0.000,0.601,cmd_age=0.02s bat=1.00 dist=0.94m
99,34.874,WORKER,0,-4.107,-2.122,3.000,-0.718,1.867,0.000,2.000,state=MOVING bat=1.00 dist=3.08m
99,34.874,WORKER,1,7.236,-1.926,3.000,0.153,1.994,0.000,2.000,state=MOVING bat=1.00 dist=3.08m
99,34.874,WORKER,2,-1.008,2.646,3.000,1.292,-1.527,0.000,2.000,state=MOVING bat=1.00 dist=3.08m
99,34.874,WORKER,3,4.670,2.981,3.000,-1.511,-1.310,0.000,2.000,state=MOVING bat=1.00 dist=3.08m
100,35.087,GENERAL,0,0.000,0.000,5.000,0.000,0.000,0.000,0.000,N/A
100,35.087,NODE,0,-5.223,-4.034,3.000,-0.137,0.583,0.000,0.599,zone=0 dist=0.98m
100,35.087,NODE,1,5.223,-4.034,3.000,0.135,0.585,0.000,0.601,zone=1 dist=0.98m
100,35.087,NODE,2,-4.299,4.298,3.000,0.423,-0.424,0.000,0.599,zone=2 dist=0.98m
100,35.087,NODE,3,4.299,4.299,3.000,-0.425,-0.424,0.000,0.600,zone=3 dist=0.98m
100,35.087,SCOUT,0,-3.714,-4.073,3.000,-0.136,0.584,0.000,0.600,cmd_age=0.02s bat=1.00 dist=0.95m
100,35.087,SCOUT,1,-5.214,-2.573,3.000,-0.136,0.584,0.000,0.600,cmd_age=0.02s bat=1.00 dist=0.95m
100,35.087,SCOUT,2,-6.714,-4.073,3.000,-0.136,0.584,0.000,0.600,cmd_age=0.02s bat=1.00 dist=0.95m
100,35.087,SCOUT,3,-5.214,-5.573,3.000,-0.136,0.584,0.000,0.600,cmd_age=0.02s bat=1.00 dist=0.95m
100,35.087,SCOUT,4,6.714,-4.073,3.000,0.135,0.585,0.000,0.600,cmd_age=0.02s bat=1.00 dist=0.95m
100,35.087,SCOUT,5,5.214,-2.573,3.000,0.135,0.585,0.000,0.600,cmd_age=0.02s bat=1.00 dist=0.95m
100,35.087,SCOUT,6,3.714,-4.073,3.000,0.135,0.585,0.000,0.600,cmd_age=0.02s bat=1.00 dist=0.95m
100,35.087,SCOUT,7,5.214,-5.573,3.000,0.135,0.585,0.000,0.600,cmd_age=0.02s bat=1.00 dist=0.95m
100,35.087,SCOUT,8,-2.827,4.327,3.000,0.424,-0.424,0.000,0.600,cmd_age=0.02s bat=1.00 dist=0.95m
100,35.087,SCOUT,9,-4.327,5.827,3.000,0.424,-0.424,0.000,0.600,cmd_age=0.02s bat=1.00 dist=0.95m
100,35.087,SCOUT,10,-5.827,4.327,3.000,0.424,-0.424,0.000,0.600,cmd_age=0.02s bat=1.00 dist=0.95m
100,35.087,SCOUT,11,-4.327,2.827,3.000,0.424,-0.424,0.000,0.600,cmd_age=0.02s bat=1.00 dist=0.95m
100,35.087,SCOUT,12,5.827,4.327,3.000,-0.425,-0.424,0.000,0.601,cmd_age=0.02s bat=1.00 dist=0.95m
100,35.087,SCOUT,13,4.327,5.827,3.000,-0.425,-0.424,0.000,0.601,cmd_age=0.02s bat=1.00 dist=0.95m
100,35.087,SCOUT,14,2.827,4.327,3.000,-0.425,-0.424,0.000,0.601,cmd_age=0.02s bat=1.00 dist=0.95m
100,35.087,SCOUT,15,4.327,2.827,3.000,-0.425,-0.424,0.000,0.601,cmd_age=0.02s bat=1.00 dist=0.95m
100,35.087,WORKER,0,-4.119,-2.091,3.000,-0.718,1.867,0.000,2.000,state=MOVING bat=1.00 dist=3.11m
100,35.087,WORKER,1,7.239,-1.893,3.000,0.153,1.994,0.000,2.000,state=MOVING bat=1.00 dist=3.11m
100,35.087,WORKER,2,-0.987,2.621,3.000,1.292,-1.527,0.000,2.000,state=MOVING bat=1.00 dist=3.11m
100,35.087,WORKER,3,4.645,2.959,3.000,-1.511,-1.310,0.000,2.000,state=MOVING bat=1.00 dist=3.11m
101,35.296,GENERAL,0,0.000,0.000,5.000,0.000,0.000,0.000,0.000,N/A
101,35.296,NODE,0,-5.225,-4.024,3.000,-0.136,0.585,0.000,0.600,zone=0 dist=0.99m
101,35.296,NODE,1,5.225,-4.024,3.000,0.136,0.584,0.000,0.600,zone=1 dist=0.99m
101,35.296,NODE,2,-4.292,4.291,3.000,0.423,-0.424,0.000,0.599,zone=2 dist=0.99m
101,35.296,NODE,3,4.291,4.292,3.000,-0.425,-0.425,0.000,0.601,zone=3 dist=0.99m
101,35.296,SCOUT,0,-3.716,-4.063,3.000,-0.136,0.584,0.000,0.600,cmd_age=0.02s bat=1.00 dist=0.96m
101,35.296,SCOUT,1,-5.216,-2.563,3.000,-0.136,0.584,0.000,0.600,cmd_age=0.02s bat=1.00 dist=0.96m
101,35.296,SCOUT,2,-6.716,-4.063,3.000,-0.136,0.584,0.000,0.600,cmd_age=0.02s bat=1.00 dist=0.96m
101,35.296,SCOUT,3,-5.216,-5.563,3.000,-0.136,0.584,0.000,0.600,cmd_age=0.02s bat=1.00 dist=0.96m
101,35.296,SCOUT,4,6.716,-4.063,3.000,0.135,0.585,0.000,0.600,cmd_age=0.02s bat=1.00 dist=0.96m
101,35.296,SCOUT,5,5.216,-2.563,3.000,0.135,0.585,0.000,0.600,cmd_age=0.02s bat=1.00 dist=0.96m
101,35.296,SCOUT,6,3.716,-4.063,3.000,0.135,0.585,0.000,0.600,cmd_age=0.02s bat=1.00 dist=0.96m
101,35.296,SCOUT,7,5.216,-5.563,3.000,0.135,0.585,0.000,0.600,cmd_age=0.02s bat=1.00 dist=0.96m
101,35.296,SCOUT,8,-2.820,4.320,3.000,0.424,-0.424,0.000,0.600,cmd_age=0.02s bat=1.00 dist=0.96m
101,35.296,SCOUT,9,-4.320,5.820,3.000,0.424,-0.424,0.000,0.600,cmd_age=0.02s bat=1.00 dist=0.96m
101,35.296,SCOUT,10,-5.820,4.320,3.000,0.424,-0.424,0.000,0.600,cmd_age=0.02s bat=1.00 dist=0.96m
101,35.296,SCOUT,11,-4.320,2.820,3.000,0.424,-0.424,0.000,0.600,cmd_age=0.02s bat=1.00 dist=0.96m
101,35.296,SCOUT,12,5.820,4.320,3.000,-0.425,-0.424,0.000,0.601,cmd_age=0.02s bat=1.00 dist=0.96m
101,35.296,SCOUT,13,4.320,5.820,3.000,-0.425,-0.424,0.000,0.601,cmd_age=0.02s bat=1.00 dist=0.96m
101,35.296,SCOUT,14,2.820,4.320,3.000,-0.425,-0.424,0.000,0.601,cmd_age=0.02s bat=1.00 dist=0.96m
101,35.296,SCOUT,15,4.320,2.820,3.000,-0.425,-0.424,0.000,0.601,cmd_age=0.02s bat=1.00 dist=0.96m
101,35.296,WORKER,0,-4.131,-2.060,3.000,-0.718,1.867,0.000,2.000,state=MOVING bat=1.00 dist=3.15m
101,35.296,WORKER,1,7.242,-1.859,3.000,0.153,1.994,0.000,2.000,state=MOVING bat=1.00 dist=3.15m
101,35.296,WORKER,2,-0.965,2.595,3.000,1.292,-1.527,0.000,2.000,state=MOVING bat=1.00 dist=3.15m
101,35.296,WORKER,3,4.620,2.937,3.000,-1.511,-1.310,0.000,2.000,state=MOVING bat=1.00 dist=3.15m
102,35.506,GENERAL,0,0.000,0.000,5.000,0.000,0.000,0.000,0.000,N/A
102,35.506,NODE,0,-5.227,-4.014,3.000,-0.135,0.584,0.000,0.600,zone=0 dist=1.00m
102,35.506,NODE,1,5.227,-4.014,3.000,0.135,0.585,0.000,0.601,zone=1 dist=1.00m
102,35.506,NODE,2,-4.285,4.284,3.000,0.423,-0.424,0.000,0.599,zone=2 dist=1.00m
102,35.506,NODE,3,4.284,4.285,3.000,-0.424,-0.423,0.000,0.599,zone=3 dist=1.00m
102,35.506,SCOUT,0,-3.718,-4.053,3.000,-0.136,0.584,0.000,0.600,cmd_age=0.02s bat=1.00 dist=0.97m
102,35.506,SCOUT,1,-5.218,-2.553,3.000,-0.136,0.584,0.000,0.600,cmd_age=0.02s bat=1.00 dist=0.97m
102,35.506,SCOUT,2,-6.718,-4.053,3.000,-0.136,0.584,0.000,0.600,cmd_age=0.02s bat=1.00 dist=0.97m
102,35.506,SCOUT,3,-5.218,-5.553,3.000,-0.136,0.584,0.000,0.600,cmd_age=0.02s bat=1.00 dist=0.97m
102,35.506,SCOUT,4,6.718,-4.053,3.000,0.135,0.585,0.000,0.600,cmd_age=0.02s bat=1.00 dist=0.97m
102,35.506,SCOUT,5,5.218,-2.553,3.000,0.135,0.585,0.000,0.600,cmd_age=0.02s bat=1.00 dist=0.97m
102,35.506,SCOUT,6,3.718,-4.053,3.000,0.135,0.585,0.000,0.600,cmd_age=0.02s bat=1.00 dist=0.97m
102,35.506,SCOUT,7,5.218,-5.553,3.000,0.135,0.585,0.000,0.600,cmd_age=0.02s bat=1.00 dist=0.97m
102,35.506,SCOUT,8,-2.813,4.313,3.000,0.424,-0.424,0.000,0.599,cmd_age=0.02s bat=1.00 dist=0.97m
102,35.506,SCOUT,9,-4.313,5.813,3.000,0.424,-0.424,0.000,0.599,cmd_age=0.02s bat=1.00 dist=0.97m
102,35.506,SCOUT,10,-5.813,4.313,3.000,0.424,-0.424,0.000,0.599,cmd_age=0.02s bat=1.00 dist=0.97m
102,35.506,SCOUT,11,-4.313,2.813,3.000,0.424,-0.424,0.000,0.599,cmd_age=0.02s bat=1.00 dist=0.97m
102,35.506,SCOUT,12,5.813,4.313,3.000,-0.425,-0.424,0.000,0.600,cmd_age=0.02s bat=1.00 dist=0.97m
102,35.506,SCOUT,13,4.313,5.813,3.000,-0.425,-0.424,0.000,0.600,cmd_age=0.02s bat=1.00 dist=0.97m
102,35.506,SCOUT,14,2.813,4.313,3.000,-0.425,-0.424,0.000,0.600,cmd_age=0.02s bat=1.00 dist=0.97m
102,35.506,SCOUT,15,4.313,2.813,3.000,-0.425,-0.424,0.000,0.600,cmd_age=0.02s bat=1.00 dist=0.97m
102,35.506,WORKER,0,-4.143,-2.029,3.000,-0.718,1.867,0.000,2.000,state=MOVING bat=1.00 dist=3.18m
102,35.506,WORKER,1,7.244,-1.826,3.000,0.153,1.994,0.000,2.000,state=MOVING bat=1.00 dist=3.18m
102,35.506,WORKER,2,-0.944,2.570,3.000,1.292,-1.527,0.000,2.000,state=MOVING bat=1.00 dist=3.18m
102,35.506,WORKER,3,4.594,2.915,3.000,-1.511,-1.310,0.000,2.000,state=MOVING bat=1.00 dist=3.18m
103,35.721,GENERAL,0,0.000,0.000,5.000,0.000,0.000,0.000,0.000,N/A
103,35.721,NODE,0,-5.230,-4.004,3.000,-0.135,0.584,0.000,0.600,zone=0 dist=1.01m
103,35.721,NODE,1,5.230,-4.004,3.000,0.135,0.585,0.000,0.600,zone=1 dist=1.01m
103,35.721,NODE,2,-4.278,4.277,3.000,0.424,-0.425,0.000,0.601,zone=2 dist=1.01m
103,35.721,NODE,3,4.277,4.278,3.000,-0.424,-0.424,0.000,0.600,zone=3 dist=1.01m
103,35.721,SCOUT,0,-3.720,-4.043,3.000,-0.136,0.584,0.000,0.600,cmd_age=0.02s bat=1.00 dist=0.98m
103,35.721,SCOUT,1,-5.220,-2.543,3.000,-0.136,0.584,0.000,0.600,cmd_age=0.02s bat=1.00 dist=0.98m
103,35.721,SCOUT,2,-6.720,-4.043,3.000,-0.136,0.584,0.000,0.600,cmd_age=0.02s bat=1.00 dist=0.98m
103,35.721,SCOUT,3,-5.220,-5.543,3.000,-0.136,0.584,0.000,0.600,cmd_age=0.02s bat=1.00 dist=0.98m
103,35.721,SCOUT,4,6.721,-4.043,3.000,0.135,0.585,0.000,0.600,cmd_age=0.02s bat=1.00 dist=0.98m
103,35.721,SCOUT,5,5.221,-2.543,3.000,0.135,0.585,0.000,0.600,cmd_age=0.02s bat=1.00 dist=0.98m
103,35.721,SCOUT,6,3.721,-4.043,3.000,0.135,0.585,0.000,0.600,cmd_age=0.02s bat=1.00 dist=0.98m
103,35.721,SCOUT,7,5.221,-5.543,3.000,0.135,0.585,0.000,0.600,cmd_age=0.02s bat=1.00 dist=0.98m
103,35.721,SCOUT,8,-2.806,4.306,3.000,0.424,-0.424,0.000,0.600,cmd_age=0.02s bat=1.00 dist=0.98m
103,35.721,SCOUT,9,-4.306,5.806,3.000,0.424,-0.424,0.000,0.600,cmd_age=0.02s bat=1.00 dist=0.98m
103,35.721,SCOUT,10,-5.806,4.306,3.000,0.424,-0.424,0.000,0.600,cmd_age=0.02s bat=1.00 dist=0.98m
103,35.721,SCOUT,11,-4.306,2.806,3.000,0.424,-0.424,0.000,0.600,cmd_age=0.02s bat=1.00 dist=0.98m
103,35.721,SCOUT,12,5.806,4.306,3.000,-0.425,-0.424,0.000,0.600,cmd_age=0.02s bat=1.00 dist=0.98m
103,35.721,SCOUT,13,4.306,5.806,3.000,-0.425,-0.424,0.000,0.600,cmd_age=0.02s bat=1.00 dist=0.98m
103,35.721,SCOUT,14,2.806,4.306,3.000,-0.425,-0.424,0.000,0.600,cmd_age=0.02s bat=1.00 dist=0.98m
103,35.721,SCOUT,15,4.306,2.806,3.000,-0.425,-0.424,0.000,0.600,cmd_age=0.02s bat=1.00 dist=0.98m
103,35.721,WORKER,0,-4.155,-1.998,3.000,-0.718,1.867,0.000,2.000,state=MOVING bat=1.00 dist=3.21m
103,35.721,WORKER,1,7.247,-1.793,3.000,0.153,1.994,0.000,2.000,state=MOVING bat=1.00 dist=3.21m
103,35.721,WORKER,2,-0.922,2.544,3.000,1.292,-1.527,0.000,2.000,state=MOVING bat=1.00 dist=3.21m
103,35.721,WORKER,3,4.569,2.893,3.000,-1.511,-1.310,0.000,2.000,state=MOVING bat=1.00 dist=3.21m
104,35.976,GENERAL,0,0.000,0.000,5.000,0.000,0.000,0.000,0.000,N/A
104,35.976,NODE,0,-5.232,-3.995,3.000,-0.134,0.583,0.000,0.599,zone=0 dist=1.02m
104,35.976,NODE,1,5.232,-3.995,3.000,0.135,0.585,0.000,0.600,zone=1 dist=1.02m
104,35.976,NODE,2,-4.271,4.270,3.000,0.425,-0.424,0.000,0.600,zone=2 dist=1.02m
104,35.976,NODE,3,4.270,4.270,3.000,-0.424,-0.425,0.000,0.600,zone=3 dist=1.02m
104,35.976,SCOUT,0,-3.723,-4.034,3.000,-0.135,0.584,0.000,0.600,cmd_age=0.02s bat=1.00 dist=0.99m
104,35.976,SCOUT,1,-5.223,-2.534,3.000,-0.135,0.584,0.000,0.600,cmd_age=0.02s bat=1.00 dist=0.99m
104,35.976,SCOUT,2,-6.723,-4.034,3.000,-0.135,0.584,0.000,0.600,cmd_age=0.02s bat=1.00 dist=0.99m
104,35.976,SCOUT,3,-5.223,-5.534,3.000,-0.135,0.584,0.000,0.600,cmd_age=0.02s bat=1.00 dist=0.99m
104,35.976,SCOUT,4,6.723,-4.034,3.000,0.135,0.585,0.000,0.600,cmd_age=0.02s bat=1.00 dist=0.99m
104,35.976,SCOUT,5,5.223,-2.534,3.000,0.135,0.585,0.000,0.600,cmd_age=0.02s bat=1.00 dist=0.99m
104,35.976,SCOUT,6,3.723,-4.034,3.000,0.135,0.585,0.000,0.600,cmd_age=0.02s bat=1.00 dist=0.99m
104,35.976,SCOUT,7,5.223,-5.534,3.000,0.135,0.585,0.000,0.600,cmd_age=0.02s bat=1.00 dist=0.99m
104,35.976,SCOUT,8,-2.799,4.298,3.000,0.424,-0.424,0.000,0.600,cmd_age=0.02s bat=1.00 dist=0.99m
104,35.976,SCOUT,9,-4.299,5.798,3.000,0.424,-0.424,0.000,0.600,cmd_age=0.02s bat=1.00 dist=0.99m
104,35.976,SCOUT,10,-5.799,4.298,3.000,0.424,-0.424,0.000,0.600,cmd_age=0.02s bat=1.00 dist=0.99m
104,35.976,SCOUT,11,-4.299,2.798,3.000,0.424,-0.424,0.000,0.600,cmd_age=0.02s bat=1.00 dist=0.99m
104,35.976,SCOUT,12,5.799,4.299,3.000,-0.424,-0.424,0.000,0.600,cmd_age=0.02s bat=1.00 dist=0.99m
104,35.976,SCOUT,13,4.299,5.799,3.000,-0.424,-0.424,0.000,0.600,cmd_age=0.02s bat=1.00 dist=0.99m
104,35.976,SCOUT,14,2.799,4.299,3.000,-0.424,-0.424,0.000,0.600,cmd_age=0.02s bat=1.00 dist=0.99m
104,35.976,SCOUT,15,4.299,2.799,3.000,-0.424,-0.424,0.000,0.600,cmd_age=0.02s bat=1.00 dist=0.99m
104,35.976,WORKER,0,-4.167,-1.967,3.000,-0.718,1.867,0.000,2.000,state=MOVING bat=1.00 dist=3.25m
104,35.976,WORKER,1,7.249,-1.760,3.000,0.153,1.994,0.000,2.000,state=MOVING bat=1.00 dist=3.25m
104,35.976,WORKER,2,-0.901,2.519,3.000,1.292,-1.527,0.000,2.000,state=MOVING bat=1.00 dist=3.25m
104,35.976,WORKER,3,4.544,2.871,3.000,-1.511,-1.310,0.000,2.000,state=MOVING bat=1.00 dist=3.25m
105,36.409,GENERAL,0,0.000,0.000,5.000,0.000,0.000,0.000,0.000,N/A
105,36.409,NODE,0,-5.234,-3.985,3.000,-0.134,0.583,0.000,0.599,zone=0 dist=1.03m
105,36.409,NODE,1,5.234,-3.985,3.000,0.134,0.586,0.000,0.601,zone=1 dist=1.03m
105,36.409,NODE,2,-4.264,4.263,3.000,0.425,-0.425,0.000,0.601,zone=2 dist=1.03m
105,36.409,NODE,3,4.263,4.263,3.000,-0.424,-0.426,0.000,0.601,zone=3 dist=1.03m
105,36.409,SCOUT,0,-3.725,-4.024,3.000,-0.135,0.584,0.000,0.599,cmd_age=0.02s bat=1.00 dist=1.00m
105,36.409,SCOUT,1,-5.225,-2.524,3.000,-0.135,0.584,0.000,0.599,cmd_age=0.02s bat=1.00 dist=1.00m
105,36.409,SCOUT,2,-6.725,-4.024,3.000,-0.135,0.584,0.000,0.599,cmd_age=0.02s bat=1.00 dist=1.00m
105,36.409,SCOUT,3,-5.225,-5.524,3.000,-0.135,0.584,0.000,0.599,cmd_age=0.02s bat=1.00 dist=1.00m
105,36.409,SCOUT,4,6.725,-4.024,3.000,0.135,0.585,0.000,0.600,cmd_age=0.02s bat=1.00 dist=1.00m
105,36.409,SCOUT,5,5.225,-2.524,3.000,0.135,0.585,0.000,0.600,cmd_age=0.02s bat=1.00 dist=1.00m
105,36.409,SCOUT,6,3.725,-4.024,3.000,0.135,0.585,0.000,0.600,cmd_age=0.02s bat=1.00 dist=1.00m
105,36.409,SCOUT,7,5.225,-5.524,3.000,0.135,0.585,0.000,0.600,cmd_age=0.02s bat=1.00 dist=1.00m
105,36.409,SCOUT,8,-2.792,4.291,3.000,0.424,-0.424,0.000,0.600,cmd_age=0.02s bat=1.00 dist=1.00m
105,36.409,SCOUT,9,-4.292,5.791,3.000,0.424,-0.424,0.000,0.600,cmd_age=0.02s bat=1.00 dist=1.00m
105,36.409,SCOUT,10,-5.792,4.291,3.000,0.424,-0.424,0.000,0.600,cmd_age=0.02s bat=1.00 dist=1.00m
105,36.409,SCOUT,11,-4.292,2.791,3.000,0.424,-0.424,0.000,0.600,cmd_age=0.02s bat=1.00 dist=1.00m
105,36.409,SCOUT,12,5.791,4.292,3.000,-0.424,-0.425,0.000,0.600,cmd_age=0.02s bat=1.00 dist=1.00m
105,36.409,SCOUT,13,4.291,5.792,3.000,-0.424,-0.425,0.000,0.600,cmd_age=0.02s bat=1.00 dist=1.00m
105,36.409,SCOUT,14,2.791,4.292,3.000,-0.424,-0.425,0.000,0.600,cmd_age=0.02s bat=1.00 dist=1.00m
105,36.409,SCOUT,15,4.291,2.792,3.000,-0.424,-0.425,0.000,0.600,cmd_age=0.02s bat=1.00 dist=1.00m
105,36.409,WORKER,0,-4.179,-1.936,3.000,-0.718,1.867,0.000,2.000,state=MOVING bat=1.00 dist=3.28m
105,36.409,WORKER,1,7.252,-1.726,3.000,0.153,1.994,0.000,2.000,state=MOVING bat=1.00 dist=3.28m
105,36.409,WORKER,2,-0.879,2.494,3.000,1.292,-1.527,0.000,2.000,state=MOVING bat=1.00 dist=3.28m
105,36.409,WORKER,3,4.519,2.850,3.000,-1.511,-1.310,0.000,2.000,state=MOVING bat=1.00 dist=3.28m
106,36.783,GENERAL,0,0.000,0.000,5.000,0.000,0.000,0.000,0.000,N/A
106,36.783,NODE,0,-5.236,-3.975,3.000,-0.134,0.584,0.000,0.599,zone=0 dist=1.04m
106,36.783,NODE,1,5.236,-3.975,3.000,0.134,0.584,0.000,0.600,zone=1 dist=1.04m
106,36.783,NODE,2,-4.257,4.256,3.000,0.424,-0.424,0.000,0.600,zone=2 dist=1.04m
106,36.783,NODE,3,4.256,4.256,3.000,-0.425,-0.425,0.000,0.601,zone=3 dist=1.04m
106,36.783,SCOUT,0,-3.727,-4.014,3.000,-0.135,0.584,0.000,0.599,cmd_age=0.02s bat=1.00 dist=1.01m
106,36.783,SCOUT,1,-5.227,-2.514,3.000,-0.135,0.584,0.000,0.599,cmd_age=0.02s bat=1.00 dist=1.01m
106,36.783,SCOUT,2,-6.727,-4.014,3.000,-0.135,0.584,0.000,0.599,cmd_age=0.02s bat=1.00 dist=1.01m
106,36.783,SCOUT,3,-5.227,-5.514,3.000,-0.135,0.584,0.000,0.599,cmd_age=0.02s bat=1.00 dist=1.01m
106,36.783,SCOUT,4,6.727,-4.014,3.000,0.135,0.585,0.000,0.600,cmd_age=0.02s bat=1.00 dist=1.01m
106,36.783,SCOUT,5,5.227,-2.514,3.000,0.135,0.585,0.000,0.600,cmd_age=0.02s bat=1.00 dist=1.01m
106,36.783,SCOUT,6,3.727,-4.014,3.000,0.135,0.585,0.000,0.600,cmd_age=0.02s bat=1.00 dist=1.01m
106,36.783,SCOUT,7,5.227,-5.514,3.000,0.135,0.585,0.000,0.600,cmd_age=0.02s bat=1.00 dist=1.01m
106,36.783,SCOUT,8,-2.785,4.284,3.000,0.424,-0.424,0.000,0.600,cmd_age=0.02s bat=1.00 dist=1.01m
106,36.783,SCOUT,9,-4.285,5.784,3.000,0.424,-0.424,0.000,0.600,cmd_age=0.02s bat=1.00 dist=1.01m
106,36.783,SCOUT,10,-5.785,4.284,3.000,0.424,-0.424,0.000,0.600,cmd_age=0.02s bat=1.00 dist=1.01m
106,36.783,SCOUT,11,-4.285,2.784,3.000,0.424,-0.424,0.000,0.600,cmd_age=0.02s bat=1.00 dist=1.01m
106,36.783,SCOUT,12,5.784,4.285,3.000,-0.424,-0.425,0.000,0.600,cmd_age=0.02s bat=1.00 dist=1.01m
106,36.783,SCOUT,13,4.284,5.785,3.000,-0.424,-0.425,0.000,0.600,cmd_age=0.02s bat=1.00 dist=1.01m
106,36.783,SCOUT,14,2.784,4.285,3.000,-0.424,-0.425,0.000,0.600,cmd_age=0.02s bat=1.00 dist=1.01m
106,36.783,SCOUT,15,4.284,2.785,3.000,-0.424,-0.425,0.000,0.600,cmd_age=0.02s bat=1.00 dist=1.01m
106,36.783,WORKER,0,-4.191,-1.904,3.000,-0.718,1.867,0.000,2.000,state=MOVING bat=1.00 dist=3.31m
106,36.783,WORKER,1,7.254,-1.693,3.000,0.153,1.994,0.000,2.000,state=MOVING bat=1.00 dist=3.31m
106,36.783,WORKER,2,-0.858,2.468,3.000,1.292,-1.527,0.000,2.000,state=MOVING bat=1.00 dist=3.31m
106,36.783,WORKER,3,4.494,2.828,3.000,-1.511,-1.310,0.000,2.000,state=MOVING bat=1.00 dist=3.31m
107,37.155,GENERAL,0,0.000,0.000,5.000,0.000,0.000,0.000,0.000,N/A
107,37.155,NODE,0,-5.238,-3.966,3.000,-0.135,0.585,0.000,0.600,zone=0 dist=1.05m
107,37.155,NODE,1,5.239,-3.965,3.000,0.135,0.585,0.000,0.601,zone=1 dist=1.05m
107,37.155,NODE,2,-4.250,4.249,3.000,0.424,-0.425,0.000,0.600,zone=2 dist=1.05m
107,37.155,NODE,3,4.249,4.249,3.000,-0.425,-0.424,0.000,0.601,zone=3 dist=1.05m
107,37.155,SCOUT,0,-3.729,-4.005,3.000,-0.135,0.584,0.000,0.599,cmd_age=0.02s bat=1.00 dist=1.02m
107,37.155,SCOUT,1,-5.229,-2.505,3.000,-0.135,0.584,0.000,0.599,cmd_age=0.02s bat=1.00 dist=1.02m
107,37.155,SCOUT,2,-6.729,-4.005,3.000,-0.135,0.584,0.000,0.599,cmd_age=0.02s bat=1.00 dist=1.02m
107,37.155,SCOUT,3,-5.229,-5.505,3.000,-0.135,0.584,0.000,0.599,cmd_age=0.02s bat=1.00 dist=1.02m
107,37.155,SCOUT,4,6.730,-4.004,3.000,0.135,0.585,0.000,0.600,cmd_age=0.02s bat=1.00 dist=1.02m
107,37.155,SCOUT,5,5.230,-2.504,3.000,0.135,0.585,0.000,0.600,cmd_age=0.02s bat=1.00 dist=1.02m
107,37.155,SCOUT,6,3.730,-4.004,3.000,0.135,0.585,0.000,0.600,cmd_age=0.02s bat=1.00 dist=1.02m
107,37.155,SCOUT,7,5.230,-5.504,3.000,0.135,0.585,0.000,0.600,cmd_age=0.02s bat=1.00 dist=1.02m
107,37.155,SCOUT,8,-2.778,4.277,3.000,0.424,-0.425,0.000,0.600,cmd_age=0.02s bat=1.00 dist=1.02m
107,37.155,SCOUT,9,-4.278,5.777,3.000,0.424,-0.425,0.000,0.600,cmd_age=0.02s bat=1.00 dist=1.02m
107,37.155,SCOUT,10,-5.778,4.277,3.000,0.424,-0.425,0.000,0.600,cmd_age=0.02s bat=1.00 dist=1.02m
107,37.155,SCOUT,11,-4.278,2.777,3.000,0.424,-0.425,0.000,0.600,cmd_age=0.02s bat=1.00 dist=1.02m
107,37.155,SCOUT,12,5.777,4.278,3.000,-0.425,-0.425,0.000,0.601,cmd_age=0.02s bat=1.00 dist=1.02m
107,37.155,SCOUT,13,4.277,5.778,3.000,-0.425,-0.425,0.000,0.601,cmd_age=0.02s bat=1.00 dist=1.02m
107,37.155,SCOUT,14,2.777,4.278,3.000,-0.425,-0.425,0.000,0.601,cmd_age=0.02s bat=1.00 dist=1.02m
107,37.155,SCOUT,15,4.277,2.778,3.000,-0.425,-0.425,0.000,0.601,cmd_age=0.02s bat=1.00 dist=1.02m
107,37.155,WORKER,0,-4.203,-1.873,3.000,-0.718,1.867,0.000,2.000,state=MOVING bat=1.00 dist=3.35m
107,37.155,WORKER,1,7.257,-1.660,3.000,0.153,1.994,0.000,2.000,state=MOVING bat=1.00 dist=3.35m
107,37.155,WORKER,2,-0.836,2.443,3.000,1.292,-1.527,0.000,2.000,state=MOVING bat=1.00 dist=3.35m
107,37.155,WORKER,3,4.468,2.806,3.000,-1.511,-1.310,0.000,2.000,state=MOVING bat=1.00 dist=3.35m
108,37.495,GENERAL,0,0.000,0.000,5.000,0.000,0.000,0.000,0.000,N/A
108,37.495,NODE,0,-5.241,-3.956,3.000,-0.134,0.585,0.000,0.600,zone=0 dist=1.06m
108,37.495,NODE,1,5.241,-3.956,3.000,0.134,0.585,0.000,0.600,zone=1 dist=1.06m
108,37.495,NODE,2,-4.243,4.242,3.000,0.424,-0.424,0.000,0.600,zone=2 dist=1.06m
108,37.495,NODE,3,4.242,4.242,3.000,-0.425,-0.424,0.000,0.600,zone=3 dist=1.06m
108,37.495,SCOUT,0,-3.732,-3.995,3.000,-0.135,0.584,0.000,0.600,cmd_age=0.02s bat=1.00 dist=1.03m
108,37.495,SCOUT,1,-5.232,-2.495,3.000,-0.135,0.584,0.000,0.600,cmd_age=0.02s bat=1.00 dist=1.03m
108,37.495,SCOUT,2,-6.732,-3.995,3.000,-0.135,0.584,0.000,0.600,cmd_age=0.02s bat=1.00 dist=1.03m
108,37.495,SCOUT,3,-5.232,-5.495,3.000,-0.135,0.584,0.000,0.600,cmd_age=0.02s bat=1.00 dist=1.03m
108,37.495,SCOUT,4,6.732,-3.995,3.000,0.135,0.585,0.000,0.600,cmd_age=0.02s bat=1.00 dist=1.03m
108,37.495,SCOUT,5,5.232,-2.495,3.000,0.135,0.585,0.000,0.600,cmd_age=0.02s bat=1.00 dist=1.03m
108,37.495,SCOUT,6,3.732,-3.995,3.000,0.135,0.585,0.000,0.600,cmd_age=0.02s bat=1.00 dist=1.03m
108,37.495,SCOUT,7,5.232,-5.495,3.000,0.135,0.585,0.000,0.600,cmd_age=0.02s bat=1.00 dist=1.03m
108,37.495,SCOUT,8,-2.771,4.270,3.000,0.424,-0.424,0.000,0.600,cmd_age=0.02s bat=1.00 dist=1.03m
108,37.495,SCOUT,9,-4.271,5.770,3.000,0.424,-0.424,0.000,0.600,cmd_age=0.02s bat=1.00 dist=1.03m
108,37.495,SCOUT,10,-5.771,4.270,3.000,0.424,-0.424,0.000,0.600,cmd_age=0.02s bat=1.00 dist=1.03m
108,37.495,SCOUT,11,-4.271,2.770,3.000,0.424,-0.424,0.000,0.600,cmd_age=0.02s bat=1.00 dist=1.03m
108,37.495,SCOUT,12,5.770,4.270,3.000,-0.425,-0.425,0.000,0.600,cmd_age=0.02s bat=1.00 dist=1.03m
108,37.495,SCOUT,13,4.270,5.770,3.000,-0.425,-0.425,0.000,0.600,cmd_age=0.02s bat=1.00 dist=1.03m
108,37.495,SCOUT,14,2.770,4.270,3.000,-0.425,-0.425,0.000,0.600,cmd_age=0.02s bat=1.00 dist=1.03m
108,37.495,SCOUT,15,4.270,2.770,3.000,-0.425,-0.425,0.000,0.600,cmd_age=0.02s bat=1.00 dist=1.03m
108,37.495,WORKER,0,-4.215,-1.842,3.000,-0.718,1.867,0.000,2.000,state=MOVING bat=1.00 dist=3.38m
108,37.495,WORKER,1,7.259,-1.627,3.000,0.153,1.994,0.000,2.000,state=MOVING bat=1.00 dist=3.38m
108,37.495,WORKER,2,-0.815,2.417,3.000,1.292,-1.527,0.000,2.000,state=MOVING bat=1.00 dist=3.38m
108,37.495,WORKER,3,4.443,2.784,3.000,-1.511,-1.310,0.000,2.000,state=MOVING bat=1.00 dist=3.38m
109,37.799,GENERAL,0,0.000,0.000,5.000,0.000,0.000,0.000,0.000,N/A
109,37.799,NODE,0,-5.243,-3.946,3.000,-0.134,0.585,0.000,0.600,zone=0 dist=1.07m
109,37.799,NODE,1,5.243,-3.946,3.000,0.135,0.584,0.000,0.600,zone=1 dist=1.07m
109,37.799,NODE,2,-4.235,4.235,3.000,0.424,-0.425,0.000,0.600,zone=2 dist=1.07m
109,37.799,NODE,3,4.235,4.235,3.000,-0.425,-0.424,0.000,0.600,zone=3 dist=1.07m
109,37.799,SCOUT,0,-3.734,-3.985,3.000,-0.135,0.584,0.000,0.600,cmd_age=0.02s bat=1.00 dist=1.04m
109,37.799,SCOUT,1,-5.234,-2.485,3.000,-0.135,0.584,0.000,0.600,cmd_age=0.02s bat=1.00 dist=1.04m
109,37.799,SCOUT,2,-6.734,-3.985,3.000,-0.135,0.584,0.000,0.600,cmd_age=0.02s bat=1.00 dist=1.04m
109,37.799,SCOUT,3,-5.234,-5.485,3.000,-0.135,0.584,0.000,0.600,cmd_age=0.02s bat=1.00 dist=1.04m
109,37.799,SCOUT,4,6.734,-3.985,3.000,0.135,0.585,0.000,0.600,cmd_age=0.02s bat=1.00 dist=1.04m
109,37.799,SCOUT,5,5.234,-2.485,3.000,0.135,0.585,0.000,0.600,cmd_age=0.02s bat=1.00 dist=1.04m
109,37.799,SCOUT,6,3.734,-3.985,3.000,0.135,0.585,0.000,0.600,cmd_age=0.02s bat=1.00 dist=1.04m
109,37.799,SCOUT,7,5.234,-5.485,3.000,0.135,0.585,0.000,0.600,cmd_age=0.02s bat=1.00 dist=1.04m
109,37.799,SCOUT,8,-2.764,4.263,3.000,0.424,-0.425,0.000,0.600,cmd_age=0.02s bat=1.00 dist=1.04m
109,37.799,SCOUT,9,-4.264,5.763,3.000,0.424,-0.425,0.000,0.600,cmd_age=0.02s bat=1.00 dist=1.04m
109,37.799,SCOUT,10,-5.764,4.263,3.000,0.424,-0.425,0.000,0.600,cmd_age=0.02s bat=1.00 dist=1.04m
109,37.799,SCOUT,11,-4.264,2.763,3.000,0.424,-0.425,0.000,0.600,cmd_age=0.02s bat=1.00 dist=1.04m
109,37.799,SCOUT,12,5.763,4.263,3.000,-0.425,-0.424,0.000,0.600,cmd_age=0.02s bat=1.00 dist=1.04m
109,37.799,SCOUT,13,4.263,5.763,3.000,-0.425,-0.424,0.000,0.600,cmd_age=0.02s bat=1.00 dist=1.04m
109,37.799,SCOUT,14,2.763,4.263,3.000,-0.425,-0.424,0.000,0.600,cmd_age=0.02s bat=1.00 dist=1.04m
109,37.799,SCOUT,15,4.263,2.763,3.000,-0.425,-0.424,0.000,0.600,cmd_age=0.02s bat=1.00 dist=1.04m
109,37.799,WORKER,0,-4.227,-1.811,3.000,-0.718,1.867,0.000,2.000,state=MOVING bat=1.00 dist=3.41m
109,37.799,WORKER,1,7.262,-1.593,3.000,0.153,1.994,0.000,2.000,state=MOVING bat=1.00 dist=3.41m
109,37.799,WORKER,2,-0.793,2.392,3.000,1.292,-1.527,0.000,2.000,state=MOVING bat=1.00 dist=3.41m
109,37.799,WORKER,3,4.418,2.762,3.000,-1.511,-1.310,0.000,2.000,state=MOVING bat=1.00 dist=3.41m
110,38.159,GENERAL,0,0.000,0.000,5.000,0.000,0.000,0.000,0.000,N/A
110,38.159,NODE,0,-5.245,-3.936,3.000,-0.135,0.585,0.000,0.600,zone=0 dist=1.08m
110,38.159,NODE,1,5.245,-3.936,3.000,0.135,0.584,0.000,0.600,zone=1 dist=1.08m
110,38.159,NODE,2,-4.228,4.228,3.000,0.424,-0.424,0.000,0.600,zone=2 dist=1.08m
110,38.159,NODE,3,4.228,4.228,3.000,-0.425,-0.425,0.000,0.601,zone=3 dist=1.08m
110,38.159,SCOUT,0,-3.736,-3.975,3.000,-0.135,0.585,0.000,0.600,cmd_age=0.02s bat=1.00 dist=1.05m
110,38.159,SCOUT,1,-5.236,-2.475,3.000,-0.135,0.585,0.000,0.600,cmd_age=0.02s bat=1.00 dist=1.05m
110,38.159,SCOUT,2,-6.736,-3.975,3.000,-0.135,0.585,0.000,0.600,cmd_age=0.02s bat=1.00 dist=1.05m
110,38.159,SCOUT,3,-5.236,-5.475,3.000,-0.135,0.585,0.000,0.600,cmd_age=0.02s bat=1.00 dist=1.05m
110,38.159,SCOUT,4,6.736,-3.975,3.000,0.135,0.585,0.000,0.600,cmd_age=0.02s bat=1.00 dist=1.05m
110,38.159,SCOUT,5,5.236,-2.475,3.000,0.135,0.585,0.000,0.600,cmd_age=0.02s bat=1.00 dist=1.05m
110,38.159,SCOUT,6,3.736,-3.975,3.000,0.135,0.585,0.000,0.600,cmd_age=0.02s bat=1.00 dist=1.05m
110,38.159,SCOUT,7,5.236,-5.475,3.000,0.135,0.585,0.000,0.600,cmd_age=0.02s bat=1.00 dist=1.05m
110,38.159,SCOUT,8,-2.757,4.256,3.000,0.424,-0.424,0.000,0.600,cmd_age=0.02s bat=1.00 dist=1.05m
110,38.159,SCOUT,9,-4.257,5.756,3.000,0.424,-0.424,0.000,0.600,cmd_age=0.02s bat=1.00 dist=1.05m
110,38.159,SCOUT,10,-5.757,4.256,3.000,0.424,-0.424,0.000,0.600,cmd_age=0.02s bat=1.00 dist=1.05m
110,38.159,SCOUT,11,-4.257,2.756,3.000,0.424,-0.424,0.000,0.600,cmd_age=0.02s bat=1.00 dist=1.05m
110,38.159,SCOUT,12,5.756,4.256,3.000,-0.425,-0.425,0.000,0.600,cmd_age=0.02s bat=1.00 dist=1.05m
110,38.159,SCOUT,13,4.256,5.756,3.000,-0.425,-0.425,0.000,0.600,cmd_age=0.02s bat=1.00 dist=1.05m
110,38.159,SCOUT,14,2.756,4.256,3.000,-0.425,-0.425,0.000,0.600,cmd_age=0.02s bat=1.00 dist=1.05m
110,38.159,SCOUT,15,4.256,2.756,3.000,-0.425,-0.425,0.000,0.600,cmd_age=0.02s bat=1.00 dist=1.05m
110,38.159,WORKER,0,-4.238,-1.780,3.000,-0.718,1.867,0.000,2.000,state=MOVING bat=1.00 dist=3.45m
110,38.159,WORKER,1,7.265,-1.560,3.000,0.153,1.994,0.000,2.000,state=MOVING bat=1.00 dist=3.45m
110,38.159,WORKER,2,-0.771,2.366,3.000,1.292,-1.527,0.000,2.000,state=MOVING bat=1.00 dist=3.45m
110,38.159,WORKER,3,4.393,2.740,3.000,-1.511,-1.310,0.000,2.000,state=MOVING bat=1.00 dist=3.45m
111,38.494,GENERAL,0,0.000,0.000,5.000,0.000,0.000,0.000,0.000,N/A
111,38.494,NODE,0,-5.247,-3.927,3.000,-0.135,0.586,0.000,0.602,zone=0 dist=1.09m
111,38.494,NODE,1,5.248,-3.926,3.000,0.135,0.585,0.000,0.601,zone=1 dist=1.09m
111,38.494,NODE,2,-4.221,4.221,3.000,0.424,-0.424,0.000,0.600,zone=2 dist=1.09m
111,38.494,NODE,3,4.221,4.221,3.000,-0.424,-0.425,0.000,0.600,zone=3 dist=1.09m
111,38.494,SCOUT,0,-3.738,-3.966,3.000,-0.135,0.585,0.000,0.600,cmd_age=0.02s bat=1.00 dist=1.06m
111,38.494,SCOUT,1,-5.238,-2.466,3.000,-0.135,0.585,0.000,0.600,cmd_age=0.02s bat=1.00 dist=1.06m
111,38.494,SCOUT,2,-6.738,-3.966,3.000,-0.135,0.585,0.000,0.600,cmd_age=0.02s bat=1.00 dist=1.06m
111,38.494,SCOUT,3,-5.238,-5.466,3.000,-0.135,0.585,0.000,0.600,cmd_age=0.02s bat=1.00 dist=1.06m
111,38.494,SCOUT,4,6.739,-3.965,3.000,0.135,0.585,0.000,0.600,cmd_age=0.02s bat=1.00 dist=1.06m
111,38.494,SCOUT,5,5.239,-2.465,3.000,0.135,0.585,0.000,0.600,cmd_age=0.02s bat=1.00 dist=1.06m
111,38.494,SCOUT,6,3.739,-3.965,3.000,0.135,0.585,0.000,0.600,cmd_age=0.02s bat=1.00 dist=1.06m
111,38.494,SCOUT,7,5.239,-5.465,3.000,0.135,0.585,0.000,0.600,cmd_age=0.02s bat=1.00 dist=1.06m
111,38.494,SCOUT,8,-2.750,4.249,3.000,0.424,-0.424,0.000,0.600,cmd_age=0.02s bat=1.00 dist=1.06m
111,38.494,SCOUT,9,-4.250,5.749,3.000,0.424,-0.424,0.000,0.600,cmd_age=0.02s bat=1.00 dist=1.06m
111,38.494,SCOUT,10,-5.750,4.249,3.000,0.424,-0.424,0.000,0.600,cmd_age=0.02s bat=1.00 dist=1.06m
111,38.494,SCOUT,11,-4.250,2.749,3.000,0.424,-0.424,0.000,0.600,cmd_age=0.02s bat=1.00 dist=1.06m
111,38.494,SCOUT,12,5.749,4.249,3.000,-0.425,-0.425,0.000,0.600,cmd_age=0.02s bat=1.00 dist=1.06m
111,38.494,SCOUT,13,4.249,5.749,3.000,-0.425,-0.425,0.000,0.600,cmd_age=0.02s bat=1.00 dist=1.06m
111,38.494,SCOUT,14,2.749,4.249,3.000,-0.425,-0.425,0.000,0.600,cmd_age=0.02s bat=1.00 dist=1.06m
111,38.494,SCOUT,15,4.249,2.749,3.000,-0.425,-0.425,0.000,0.600,cmd_age=0.02s bat=1.00 dist=1.06m
111,38.494,WORKER,0,-4.250,-1.749,3.000,-0.718,1.867,0.000,2.000,state=MOVING bat=1.00 dist=3.48m
111,38.494,WORKER,1,7.267,-1.527,3.000,0.153,1.994,0.000,2.000,state=MOVING bat=1.00 dist=3.48m
111,38.494,WORKER,2,-0.750,2.341,3.000,1.292,-1.527,0.000,2.000,state=MOVING bat=1.00 dist=3.48m
111,38.494,WORKER,3,4.368,2.719,3.000,-1.511,-1.310,0.000,2.000,state=MOVING bat=1.00 dist=3.48m
112,38.709,GENERAL,0,0.000,0.000,5.000,0.000,0.000,0.000,0.000,N/A
112,38.709,NODE,0,-5.250,-3.917,3.000,-0.136,0.586,0.000,0.601,zone=0 dist=1.10m
112,38.709,NODE,1,5.250,-3.917,3.000,0.135,0.585,0.000,0.600,zone=1 dist=1.10m
112,38.709,NODE,2,-4.214,4.214,3.000,0.424,-0.425,0.000,0.600,zone=2 dist=1.10m
112,38.709,NODE,3,4.214,4.214,3.000,-0.424,-0.423,0.000,0.599,zone=3 dist=1.10m
112,38.709,SCOUT,0,-3.741,-3.956,3.000,-0.135,0.585,0.000,0.600,cmd_age=0.02s bat=1.00 dist=1.07m
112,38.709,SCOUT,1,-5.241,-2.456,3.000,-0.135,0.585,0.000,0.600,cmd_age=0.02s bat=1.00 dist=1.07m
112,38.709,SCOUT,2,-6.741,-3.956,3.000,-0.135,0.585,0.000,0.600,cmd_age=0.02s bat=1.00 dist=1.07m
112,38.709,SCOUT,3,-5.241,-5.456,3.000,-0.135,0.585,0.000,0.600,cmd_age=0.02s bat=1.00 dist=1.07m
112,38.709,SCOUT,4,6.741,-3.956,3.000,0.135,0.585,0.000,0.600,cmd_age=0.02s bat=1.00 dist=1.07m
112,38.709,SCOUT,5,5.241,-2.456,3.000,0.135,0.585,0.000,0.600,cmd_age=0.02s bat=1.00 dist=1.07m
112,38.709,SCOUT,6,3.741,-3.956,3.000,0.135,0.585,0.000,0.600,cmd_age=0.02s bat=1.00 dist=1.07m
112,38.709,SCOUT,7,5.241,-5.456,3.000,0.135,0.585,0.000,0.600,cmd_age=0.02s bat=1.00 dist=1.07m
112,38.709,SCOUT,8,-2.743,4.242,3.000,0.424,-0.424,0.000,0.600,cmd_age=0.02s bat=1.00 dist=1.07m
112,38.709,SCOUT,9,-4.243,5.742,3.000,0.424,-0.424,0.000,0.600,cmd_age=0.02s bat=1.00 dist=1.07m
112,38.709,SCOUT,10,-5.743,4.242,3.000,0.424,-0.424,0.000,0.600,cmd_age=0.02s bat=1.00 dist=1.07m
112,38.709,SCOUT,11,-4.243,2.742,3.000,0.424,-0.424,0.000,0.600,cmd_age=0.02s bat=1.00 dist=1.07m
112,38.709,SCOUT,12,5.742,4.242,3.000,-0.425,-0.424,0.000,0.600,cmd_age=0.02s bat=1.00 dist=1.07m
112,38.709,SCOUT,13,4.242,5.742,3.000,-0.425,-0.424,0.000,0.600,cmd_age=0.02s bat=1.00 dist=1.07m
112,38.709,SCOUT,14,2.742,4.242,3.000,-0.425,-0.424,0.000,0.600,cmd_age=0.02s bat=1.00 dist=1.07m
112,38.709,SCOUT,15,4.242,2.742,3.000,-0.425,-0.424,0.000,0.600,cmd_age=0.02s bat=1.00 dist=1.07m
112,38.709,WORKER,0,-4.262,-1.718,3.000,-0.718,1.867,0.000,2.000,state=MOVING bat=1.00 dist=3.51m
112,38.709,WORKER,1,7.270,-1.494,3.000,0.153,1.994,0.000,2.000,state=MOVING bat=1.00 dist=3.51m
112,38.709,WORKER,2,-0.728,2.315,3.000,1.292,-1.527,0.000,2.000,state=MOVING bat=1.00 dist=3.51m
112,38.709,WORKER,3,4.342,2.697,3.000,-1.511,-1.310,0.000,2.000,state=MOVING bat=1.00 dist=3.51m
113,38.928,GENERAL,0,0.000,0.000,5.000,0.000,0.000,0.000,0.000,N/A
113,38.928,NODE,0,-5.252,-3.907,3.000,-0.136,0.585,0.000,0.601,zone=0 dist=1.11m
113,38.928,NODE,1,5.252,-3.907,3.000,0.134,0.586,0.000,0.601,zone=1 dist=1.11m
113,38.928,NODE,2,-4.207,4.206,3.000,0.424,-0.426,0.000,0.601,zone=2 dist=1.11m
113,38.928,NODE,3,4.207,4.207,3.000,-0.424,-0.424,0.000,0.600,zone=3 dist=1.11m
113,38.928,SCOUT,0,-3.743,-3.946,3.000,-0.135,0.585,0.000,0.600,cmd_age=0.02s bat=1.00 dist=1.08m
113,38.928,SCOUT,1,-5.243,-2.446,3.000,-0.135,0.585,0.000,0.600,cmd_age=0.02s bat=1.00 dist=1.08m
113,38.928,SCOUT,2,-6.743,-3.946,3.000,-0.135,0.585,0.000,0.600,cmd_age=0.02s bat=1.00 dist=1.08m
113,38.928,SCOUT,3,-5.243,-5.446,3.000,-0.135,0.585,0.000,0.600,cmd_age=0.02s bat=1.00 dist=1.08m
113,38.928,SCOUT,4,6.743,-3.946,3.000,0.135,0.585,0.000,0.600,cmd_age=0.02s bat=1.00 dist=1.08m
113,38.928,SCOUT,5,5.243,-2.446,3.000,0.135,0.585,0.000,0.600,cmd_age=0.02s bat=1.00 dist=1.08m
113,38.928,SCOUT,6,3.743,-3.946,3.000,0.135,0.585,0.000,0.600,cmd_age=0.02s bat=1.00 dist=1.08m
113,38.928,SCOUT,7,5.243,-5.446,3.000,0.135,0.585,0.000,0.600,cmd_age=0.02s bat=1.00 dist=1.08m
113,38.928,SCOUT,8,-2.735,4.235,3.000,0.424,-0.425,0.000,0.600,cmd_age=0.02s bat=1.00 dist=1.08m
113,38.928,SCOUT,9,-4.235,5.735,3.000,0.424,-0.425,0.000,0.600,cmd_age=0.02s bat=1.00 dist=1.08m
113,38.928,SCOUT,10,-5.735,4.235,3.000,0.424,-0.425,0.000,0.600,cmd_age=0.02s bat=1.00 dist=1.08m
113,38.928,SCOUT,11,-4.235,2.735,3.000,0.424,-0.425,0.000,0.600,cmd_age=0.02s bat=1.00 dist=1.08m
113,38.928,SCOUT,12,5.735,4.235,3.000,-0.424,-0.424,0.000,0.600,cmd_age=0.02s bat=1.00 dist=1.08m
113,38.928,SCOUT,13,4.235,5.735,3.000,-0.424,-0.424,0.000,0.600,cmd_age=0.02s bat=1.00 dist=1.08m
113,38.928,SCOUT,14,2.735,4.235,3.000,-0.424,-0.424,0.000,0.600,cmd_age=0.02s bat=1.00 dist=1.08m
113,38.928,SCOUT,15,4.235,2.735,3.000,-0.424,-0.424,0.000,0.600,cmd_age=0.02s bat=1.00 dist=1.08m
113,38.928,WORKER,0,-4.274,-1.687,3.000,-0.718,1.867,0.000,2.000,state=MOVING bat=1.00 dist=3.55m
113,38.928,WORKER,1,7.272,-1.460,3.000,0.153,1.994,0.000,2.000,state=MOVING bat=1.00 dist=3.55m
113,38.928,WORKER,2,-0.707,2.290,3.000,1.292,-1.527,0.000,2.000,state=MOVING bat=1.00 dist=3.55m
113,38.928,WORKER,3,4.317,2.675,3.000,-1.511,-1.310,0.000,2.000,state=MOVING bat=1.00 dist=3.55m
114,39.142,GENERAL,0,0.000,0.000,5.000,0.000,0.000,0.000,0.000,N/A
114,39.142,NODE,0,-5.254,-3.897,3.000,-0.136,0.585,0.000,0.601,zone=0 dist=1.12m
114,39.142,NODE,1,5.254,-3.897,3.000,0.134,0.586,0.000,0.601,zone=1 dist=1.12m
114,39.142,NODE,2,-4.200,4.199,3.000,0.424,-0.425,0.000,0.600,zone=2 dist=1.12m
114,39.142,NODE,3,4.199,4.200,3.000,-0.424,-0.423,0.000,0.599,zone=3 dist=1.12m
114,39.142,SCOUT,0,-3.745,-3.936,3.000,-0.135,0.585,0.000,0.600,cmd_age=0.02s bat=1.00 dist=1.09m
114,39.142,SCOUT,1,-5.245,-2.436,3.000,-0.135,0.585,0.000,0.600,cmd_age=0.02s bat=1.00 dist=1.09m
114,39.142,SCOUT,2,-6.745,-3.936,3.000,-0.135,0.585,0.000,0.600,cmd_age=0.02s bat=1.00 dist=1.09m
114,39.142,SCOUT,3,-5.245,-5.436,3.000,-0.135,0.585,0.000,0.600,cmd_age=0.02s bat=1.00 dist=1.09m
114,39.142,SCOUT,4,6.745,-3.936,3.000,0.135,0.585,0.000,0.600,cmd_age=0.02s bat=1.00 dist=1.09m
114,39.142,SCOUT,5,5.245,-2.436,3.000,0.135,0.585,0.000,0.600,cmd_age=0.02s bat=1.00 dist=1.09m
114,39.142,SCOUT,6,3.745,-3.936,3.000,0.135,0.585,0.000,0.600,cmd_age=0.02s bat=1.00 dist=1.09m
114,39.142,SCOUT,7,5.245,-5.436,3.000,0.135,0.585,0.000,0.600,cmd_age=0.02s bat=1.00 dist=1.09m
114,39.142,SCOUT,8,-2.728,4.228,3.000,0.424,-0.425,0.000,0.600,cmd_age=0.02s bat=1.00 dist=1.09m
114,39.142,SCOUT,9,-4.228,5.728,3.000,0.424,-0.425,0.000,0.600,cmd_age=0.02s bat=1.00 dist=1.09m
114,39.142,SCOUT,10,-5.728,4.228,3.000,0.424,-0.425,0.000,0.600,cmd_age=0.02s bat=1.00 dist=1.09m
114,39.142,SCOUT,11,-4.228,2.728,3.000,0.424,-0.425,0.000,0.600,cmd_age=0.02s bat=1.00 dist=1.09m
114,39.142,SCOUT,12,5.728,4.228,3.000,-0.424,-0.424,0.000,0.600,cmd_age=0.02s bat=1.00 dist=1.09m
114,39.142,SCOUT,13,4.228,5.728,3.000,-0.424,-0.424,0.000,0.600,cmd_age=0.02s bat=1.00 dist=1.09m
114,39.142,SCOUT,14,2.728,4.228,3.000,-0.424,-0.424,0.000,0.600,cmd_age=0.02s bat=1.00 dist=1.09m
114,39.142,SCOUT,15,4.228,2.728,3.000,-0.424,-0.424,0.000,0.600,cmd_age=0.02s bat=1.00 dist=1.09m
114,39.142,WORKER,0,-4.286,-1.656,3.000,-0.718,1.867,0.000,2.000,state=MOVING bat=1.00 dist=3.58m
114,39.142,WORKER,1,7.275,-1.427,3.000,0.153,1.994,0.000,2.000,state=MOVING bat=1.00 dist=3.58m
114,39.142,WORKER,2,-0.685,2.265,3.000,1.292,-1.527,0.000,2.000,state=MOVING bat=1.00 dist=3.58m
114,39.142,WORKER,3,4.292,2.653,3.000,-1.511,-1.310,0.000,2.000,state=MOVING bat=1.00 dist=3.58m
115,39.362,GENERAL,0,0.000,0.000,5.000,0.000,0.000,0.000,0.000,N/A
115,39.362,NODE,0,-5.256,-3.888,3.000,-0.135,0.586,0.000,0.601,zone=0 dist=1.13m
115,39.362,NODE,1,5.257,-3.887,3.000,0.134,0.587,0.000,0.602,zone=1 dist=1.13m
115,39.362,NODE,2,-4.193,4.192,3.000,0.424,-0.422,0.000,0.599,zone=2 dist=1.13m
115,39.362,NODE,3,4.192,4.193,3.000,-0.423,-0.424,0.000,0.598,zone=3 dist=1.13m
115,39.362,SCOUT,0,-3.747,-3.927,3.000,-0.135,0.585,0.000,0.601,cmd_age=0.02s bat=1.00 dist=1.10m
115,39.362,SCOUT,1,-5.247,-2.427,3.000,-0.135,0.585,0.000,0.601,cmd_age=0.02s bat=1.00 dist=1.10m
115,39.362,SCOUT,2,-6.747,-3.927,3.000,-0.135,0.585,0.000,0.601,cmd_age=0.02s bat=1.00 dist=1.10m
115,39.362,SCOUT,3,-5.247,-5.427,3.000,-0.135,0.585,0.000,0.601,cmd_age=0.02s bat=1.00 dist=1.10m
115,39.362,SCOUT,4,6.748,-3.926,3.000,0.135,0.585,0.000,0.601,cmd_age=0.02s bat=1.00 dist=1.10m
115,39.362,SCOUT,5,5.248,-2.426,3.000,0.135,0.585,0.000,0.601,cmd_age=0.02s bat=1.00 dist=1.10m
115,39.362,SCOUT,6,3.748,-3.926,3.000,0.135,0.585,0.000,0.601,cmd_age=0.02s bat=1.00 dist=1.10m
115,39.362,SCOUT,7,5.248,-5.426,3.000,0.135,0.585,0.000,0.601,cmd_age=0.02s bat=1.00 dist=1.10m
115,39.362,SCOUT,8,-2.721,4.221,3.000,0.424,-0.424,0.000,0.600,cmd_age=0.02s bat=1.00 dist=1.10m
115,39.362,SCOUT,9,-4.221,5.721,3.000,0.424,-0.424,0.000,0.600,cmd_age=0.02s bat=1.00 dist=1.10m
115,39.362,SCOUT,10,-5.721,4.221,3.000,0.424,-0.424,0.000,0.600,cmd_age=0.02s bat=1.00 dist=1.10m
115,39.362,SCOUT,11,-4.221,2.721,3.000,0.424,-0.424,0.000,0.600,cmd_age=0.02s bat=1.00 dist=1.10m
115,39.362,SCOUT,12,5.721,4.221,3.000,-0.424,-0.424,0.000,0.600,cmd_age=0.02s bat=1.00 dist=1.10m
115,39.362,SCOUT,13,4.221,5.721,3.000,-0.424,-0.424,0.000,0.600,cmd_age=0.02s bat=1.00 dist=1.10m
115,39.362,SCOUT,14,2.721,4.221,3.000,-0.424,-0.424,0.000,0.600,cmd_age=0.02s bat=1.00 dist=1.10m
115,39.362,SCOUT,15,4.221,2.721,3.000,-0.424,-0.424,0.000,0.600,cmd_age=0.02s bat=1.00 dist=1.10m
115,39.362,WORKER,0,-4.298,-1.624,3.000,-0.718,1.867,0.000,2.000,state=MOVING bat=1.00 dist=3.61m
115,39.362,WORKER,1,7.277,-1.394,3.000,0.153,1.994,0.000,2.000,state=MOVING bat=1.00 dist=3.61m
115,39.362,WORKER,2,-0.664,2.239,3.000,1.292,-1.527,0.000,2.000,state=MOVING bat=1.00 dist=3.61m
115,39.362,WORKER,3,4.267,2.631,3.000,-1.511,-1.310,0.000,2.000,state=MOVING bat=1.00 dist=3.61m
116,39.578,GENERAL,0,0.000,0.000,5.000,0.000,0.000,0.000,0.000,N/A
116,39.578,NODE,0,-5.259,-3.878,3.000,-0.135,0.584,0.000,0.600,zone=0 dist=1.14m
116,39.578,NODE,1,5.259,-3.878,3.000,0.134,0.586,0.000,0.601,zone=1 dist=1.14m
116,39.578,NODE,2,-4.186,4.185,3.000,0.424,-0.423,0.000,0.599,zone=2 dist=1.14m
116,39.578,NODE,3,4.185,4.186,3.000,-0.422,-0.423,0.000,0.598,zone=3 dist=1.14m
116,39.578,SCOUT,0,-3.750,-3.917,3.000,-0.135,0.585,0.000,0.600,cmd_age=0.02s bat=1.00 dist=1.11m
116,39.578,SCOUT,1,-5.250,-2.417,3.000,-0.135,0.585,0.000,0.600,cmd_age=0.02s bat=1.00 dist=1.11m
116,39.578,SCOUT,2,-6.750,-3.917,3.000,-0.135,0.585,0.000,0.600,cmd_age=0.02s bat=1.00 dist=1.11m
116,39.578,SCOUT,3,-5.250,-5.417,3.000,-0.135,0.585,0.000,0.600,cmd_age=0.02s bat=1.00 dist=1.11m
116,39.578,SCOUT,4,6.750,-3.917,3.000,0.135,0.586,0.000,0.601,cmd_age=0.02s bat=1.00 dist=1.11m
116,39.578,SCOUT,5,5.250,-2.417,3.000,0.135,0.586,0.000,0.601,cmd_age=0.02s bat=1.00 dist=1.11m
116,39.578,SCOUT,6,3.750,-3.917,3.000,0.135,0.586,0.000,0.601,cmd_age=0.02s bat=1.00 dist=1.11m
116,39.578,SCOUT,7,5.250,-5.417,3.000,0.135,0.586,0.000,0.601,cmd_age=0.02s bat=1.00 dist=1.11m
116,39.578,SCOUT,8,-2.714,4.214,3.000,0.424,-0.424,0.000,0.600,cmd_age=0.02s bat=1.00 dist=1.11m
116,39.578,SCOUT,9,-4.214,5.714,3.000,0.424,-0.424,0.000,0.600,cmd_age=0.02s bat=1.00 dist=1.11m
116,39.578,SCOUT,10,-5.714,4.214,3.000,0.424,-0.424,0.000,0.600,cmd_age=0.02s bat=1.00 dist=1.11m
116,39.578,SCOUT,11,-4.214,2.714,3.000,0.424,-0.424,0.000,0.600,cmd_age=0.02s bat=1.00 dist=1.11m
116,39.578,SCOUT,12,5.714,4.214,3.000,-0.424,-0.424,0.000,0.599,cmd_age=0.02s bat=1.00 dist=1.11m
116,39.578,SCOUT,13,4.214,5.714,3.000,-0.424,-0.424,0.000,0.599,cmd_age=0.02s bat=1.00 dist=1.11m
116,39.578,SCOUT,14,2.714,4.214,3.000,-0.424,-0.424,0.000,0.599,cmd_age=0.02s bat=1.00 dist=1.11m
116,39.578,SCOUT,15,4.214,2.714,3.000,-0.424,-0.424,0.000,0.599,cmd_age=0.02s bat=1.00 dist=1.11m
116,39.578,WORKER,0,-4.310,-1.593,3.000,-0.718,1.867,0.000,2.000,state=MOVING bat=1.00 dist=3.65m
116,39.578,WORKER,1,7.280,-1.361,3.000,0.153,1.994,0.000,2.000,state=MOVING bat=1.00 dist=3.65m
116,39.578,WORKER,2,-0.642,2.214,3.000,1.292,-1.527,0.000,2.000,state=MOVING bat=1.00 dist=3.65m
116,39.578,WORKER,3,4.242,2.610,3.000,-1.511,-1.310,0.000,2.000,state=MOVING bat=1.00 dist=3.65m
117,39.792,GENERAL,0,0.000,0.000,5.000,0.000,0.000,0.000,0.000,N/A
117,39.792,NODE,0,-5.261,-3.868,3.000,-0.136,0.584,0.000,0.600,zone=0 dist=1.15m
117,39.792,NODE,1,5.261,-3.868,3.000,0.134,0.586,0.000,0.602,zone=1 dist=1.15m
117,39.792,NODE,2,-4.179,4.178,3.000,0.424,-0.424,0.000,0.600,zone=2 dist=1.15m
117,39.792,NODE,3,4.178,4.179,3.000,-0.422,-0.424,0.000,0.599,zone=3 dist=1.15m
117,39.792,SCOUT,0,-3.752,-3.907,3.000,-0.135,0.585,0.000,0.600,cmd_age=0.02s bat=1.00 dist=1.12m
117,39.792,SCOUT,1,-5.252,-2.407,3.000,-0.135,0.585,0.000,0.600,cmd_age=0.02s bat=1.00 dist=1.12m
117,39.792,SCOUT,2,-6.752,-3.907,3.000,-0.135,0.585,0.000,0.600,cmd_age=0.02s bat=1.00 dist=1.12m
117,39.792,SCOUT,3,-5.252,-5.407,3.000,-0.135,0.585,0.000,0.600,cmd_age=0.02s bat=1.00 dist=1.12m
117,39.792,SCOUT,4,6.752,-3.907,3.000,0.134,0.586,0.000,0.601,cmd_age=0.02s bat=1.00 dist=1.12m
117,39.792,SCOUT,5,5.252,-2.407,3.000,0.134,0.586,0.000,0.601,cmd_age=0.02s bat=1.00 dist=1.12m
117,39.792,SCOUT,6,3.752,-3.907,3.000,0.134,0.586,0.000,0.601,cmd_age=0.02s bat=1.00 dist=1.12m
117,39.792,SCOUT,7,5.252,-5.407,3.000,0.134,0.586,0.000,0.601,cmd_age=0.02s bat=1.00 dist=1.12m
117,39.792,SCOUT,8,-2.707,4.206,3.000,0.424,-0.424,0.000,0.600,cmd_age=0.02s bat=1.00 dist=1.12m
117,39.792,SCOUT,9,-4.207,5.706,3.000,0.424,-0.424,0.000,0.600,cmd_age=0.02s bat=1.00 dist=1.12m
117,39.792,SCOUT,10,-5.707,4.206,3.000,0.424,-0.424,0.000,0.600,cmd_age=0.02s bat=1.00 dist=1.12m
117,39.792,SCOUT,11,-4.207,2.706,3.000,0.424,-0.424,0.000,0.600,cmd_age=0.02s bat=1.00 dist=1.12m
117,39.792,SCOUT,12,5.707,4.207,3.000,-0.423,-0.424,0.000,0.599,cmd_age=0.02s bat=1.00 dist=1.12m
117,39.792,SCOUT,13,4.207,5.707,3.000,-0.423,-0.424,0.000,0.599,cmd_age=0.02s bat=1.00 dist=1.12m
117,39.792,SCOUT,14,2.707,4.207,3.000,-0.423,-0.424,0.000,0.599,cmd_age=0.02s bat=1.00 dist=1.12m
117,39.792,SCOUT,15,4.207,2.707,3.000,-0.423,-0.424,0.000,0.599,cmd_age=0.02s bat=1.00 dist=1.12m
117,39.792,WORKER,0,-4.322,-1.562,3.000,-0.718,1.867,0.000,2.000,state=MOVING bat=1.00 dist=3.68m
117,39.792,WORKER,1,7.282,-1.328,3.000,0.153,1.994,0.000,2.000,state=MOVING bat=1.00 dist=3.68m
117,39.792,WORKER,2,-0.621,2.188,3.000,1.292,-1.527,0.000,2.000,state=MOVING bat=1.00 dist=3.68m
117,39.792,WORKER,3,4.217,2.588,3.000,-1.511,-1.310,0.000,2.000,state=MOVING bat=1.00 dist=3.68m
118,40.007,GENERAL,0,0.000,0.000,5.000,0.000,0.000,0.000,0.000,N/A
118,40.007,NODE,0,-5.263,-3.858,3.000,-0.136,0.585,0.000,0.601,zone=0 dist=1.16m
118,40.007,NODE,1,5.263,-3.858,3.000,0.134,0.587,0.000,0.602,zone=1 dist=1.16m
118,40.007,NODE,2,-4.172,4.171,3.000,0.424,-0.424,0.000,0.600,zone=2 dist=1.16m
118,40.007,NODE,3,4.171,4.172,3.000,-0.423,-0.425,0.000,0.599,zone=3 dist=1.16m
118,40.007,SCOUT,0,-3.754,-3.897,3.000,-0.135,0.585,0.000,0.600,cmd_age=0.02s bat=1.00 dist=1.13m
118,40.007,SCOUT,1,-5.254,-2.397,3.000,-0.135,0.585,0.000,0.600,cmd_age=0.02s bat=1.00 dist=1.13m
118,40.007,SCOUT,2,-6.754,-3.897,3.000,-0.135,0.585,0.000,0.600,cmd_age=0.02s bat=1.00 dist=1.13m
118,40.007,SCOUT,3,-5.254,-5.397,3.000,-0.135,0.585,0.000,0.600,cmd_age=0.02s bat=1.00 dist=1.13m
118,40.007,SCOUT,4,6.754,-3.897,3.000,0.134,0.586,0.000,0.601,cmd_age=0.02s bat=1.00 dist=1.13m
118,40.007,SCOUT,5,5.254,-2.397,3.000,0.134,0.586,0.000,0.601,cmd_age=0.02s bat=1.00 dist=1.13m
118,40.007,SCOUT,6,3.754,-3.897,3.000,0.134,0.586,0.000,0.601,cmd_age=0.02s bat=1.00 dist=1.13m
118,40.007,SCOUT,7,5.254,-5.397,3.000,0.134,0.586,0.000,0.601,cmd_age=0.02s bat=1.00 dist=1.13m
118,40.007,SCOUT,8,-2.700,4.199,3.000,0.424,-0.424,0.000,0.600,cmd_age=0.02s bat=1.00 dist=1.13m
118,40.007,SCOUT,9,-4.200,5.699,3.000,0.424,-0.424,0.000,0.600,cmd_age=0.02s bat=1.00 dist=1.13m
118,40.007,SCOUT,10,-5.700,4.199,3.000,0.424,-0.424,0.000,0.600,cmd_age=0.02s bat=1.00 dist=1.13m
118,40.007,SCOUT,11,-4.200,2.699,3.000,0.424,-0.424,0.000,0.600,cmd_age=0.02s bat=1.00 dist=1.13m
118,40.007,SCOUT,12,5.700,4.200,3.000,-0.423,-0.424,0.000,0.599,cmd_age=0.02s bat=1.00 dist=1.13m
118,40.007,SCOUT,13,4.200,5.700,3.000,-0.423,-0.424,0.000,0.599,cmd_age=0.02s bat=1.00 dist=1.13m
118,40.007,SCOUT,14,2.700,4.200,3.000,-0.423,-0.424,0.000,0.599,cmd_age=0.02s bat=1.00 dist=1.13m
118,40.007,SCOUT,15,4.200,2.700,3.000,-0.423,-0.424,0.000,0.599,cmd_age=0.02s bat=1.00 dist=1.13m
118,40.007,WORKER,0,-4.334,-1.531,3.000,-0.718,1.867,0.000,2.000,state=MOVING bat=1.00 dist=3.71m
118,40.007,WORKER,1,7.285,-1.294,3.000,0.153,1.994,0.000,2.000,state=MOVING bat=1.00 dist=3.71m
118,40.007,WORKER,2,-0.599,2.163,3.000,1.292,-1.527,0.000,2.000,state=MOVING bat=1.00 dist=3.71m
118,40.007,WORKER,3,4.191,2.566,3.000,-1.511,-1.310,0.000,2.000,state=MOVING bat=1.00 dist=3.71m
119,40.220,GENERAL,0,0.000,0.000,5.000,0.000,0.000,0.000,0.000,N/A
119,40.220,NODE,0,-5.266,-3.849,3.000,-0.136,0.585,0.000,0.600,zone=0 dist=1.17m
119,40.220,NODE,1,5.266,-3.848,3.000,0.134,0.586,0.000,0.601,zone=1 dist=1.17m
119,40.220,NODE,2,-4.165,4.164,3.000,0.424,-0.425,0.000,0.600,zone=2 dist=1.17m
119,40.220,NODE,3,4.164,4.164,3.000,-0.423,-0.424,0.000,0.599,zone=3 dist=1.17m
119,40.220,SCOUT,0,-3.756,-3.888,3.000,-0.135,0.585,0.000,0.600,cmd_age=0.02s bat=1.00 dist=1.14m
119,40.220,SCOUT,1,-5.256,-2.388,3.000,-0.135,0.585,0.000,0.600,cmd_age=0.02s bat=1.00 dist=1.14m
119,40.220,SCOUT,2,-6.756,-3.888,3.000,-0.135,0.585,0.000,0.600,cmd_age=0.02s bat=1.00 dist=1.14m
119,40.220,SCOUT,3,-5.256,-5.388,3.000,-0.135,0.585,0.000,0.600,cmd_age=0.02s bat=1.00 dist=1.14m
119,40.220,SCOUT,4,6.757,-3.887,3.000,0.134,0.586,0.000,0.601,cmd_age=0.02s bat=1.00 dist=1.14m
119,40.220,SCOUT,5,5.257,-2.387,3.000,0.134,0.586,0.000,0.601,cmd_age=0.02s bat=1.00 dist=1.14m
119,40.220,SCOUT,6,3.757,-3.887,3.000,0.134,0.586,0.000,0.601,cmd_age=0.02s bat=1.00 dist=1.14m
119,40.220,SCOUT,7,5.257,-5.387,3.000,0.134,0.586,0.000,0.601,cmd_age=0.02s bat=1.00 dist=1.14m
119,40.220,SCOUT,8,-2.693,4.192,3.000,0.424,-0.424,0.000,0.600,cmd_age=0.02s bat=1.00 dist=1.14m
119,40.220,SCOUT,9,-4.193,5.692,3.000,0.424,-0.424,0.000,0.600,cmd_age=0.02s bat=1.00 dist=1.14m
119,40.220,SCOUT,10,-5.693,4.192,3.000,0.424,-0.424,0.000,0.600,cmd_age=0.02s bat=1.00 dist=1.14m
119,40.220,SCOUT,11,-4.193,2.692,3.000,0.424,-0.424,0.000,0.600,cmd_age=0.02s bat=1.00 dist=1.14m
119,40.220,SCOUT,12,5.692,4.193,3.000,-0.423,-0.424,0.000,0.599,cmd_age=0.02s bat=1.00 dist=1.14m
119,40.220,SCOUT,13,4.192,5.693,3.000,-0.423,-0.424,0.000,0.599,cmd_age=0.02s bat=1.00 dist=1.14m
119,40.220,SCOUT,14,2.692,4.193,3.000,-0.423,-0.424,0.000,0.599,cmd_age=0.02s bat=1.00 dist=1.14m
119,40.220,SCOUT,15,4.192,2.693,3.000,-0.423,-0.424,0.000,0.599,cmd_age=0.02s bat=1.00 dist=1.14m
119,40.220,WORKER,0,-4.346,-1.500,3.000,-0.718,1.867,0.000,2.000,state=MOVING bat=1.00 dist=3.75m
119,40.220,WORKER,1,7.288,-1.261,3.000,0.153,1.994,0.000,2.000,state=MOVING bat=1.00 dist=3.75m
119,40.220,WORKER,2,-0.578,2.137,3.000,1.292,-1.527,0.000,2.000,state=MOVING bat=1.00 dist=3.75m
119,40.220,WORKER,3,4.166,2.544,3.000,-1.511,-1.310,0.000,2.000,state=MOVING bat=1.00 dist=3.75m
120,40.438,GENERAL,0,0.000,0.000,5.000,0.000,0.000,0.000,0.000,N/A
120,40.438,NODE,0,-5.268,-3.839,3.000,-0.135,0.584,0.000,0.600,zone=0 dist=1.18m
120,40.438,NODE,1,5.268,-3.838,3.000,0.135,0.586,0.000,0.601,zone=1 dist=1.18m
120,40.438,NODE,2,-4.158,4.157,3.000,0.423,-0.424,0.000,0.599,zone=2 dist=1.18m
120,40.438,NODE,3,4.157,4.157,3.000,-0.424,-0.425,0.000,0.600,zone=3 dist=1.18m
120,40.438,SCOUT,0,-3.759,-3.878,3.000,-0.135,0.585,0.000,0.600,cmd_age=0.02s bat=1.00 dist=1.15m
120,40.438,SCOUT,1,-5.259,-2.378,3.000,-0.135,0.585,0.000,0.600,cmd_age=0.02s bat=1.00 dist=1.15m
120,40.438,SCOUT,2,-6.759,-3.878,3.000,-0.135,0.585,0.000,0.600,cmd_age=0.02s bat=1.00 dist=1.15m
120,40.438,SCOUT,3,-5.259,-5.378,3.000,-0.135,0.585,0.000,0.600,cmd_age=0.02s bat=1.00 dist=1.15m
120,40.438,SCOUT,4,6.759,-3.877,3.000,0.134,0.586,0.000,0.601,cmd_age=0.02s bat=1.00 dist=1.15m
120,40.438,SCOUT,5,5.259,-2.377,3.000,0.134,0.586,0.000,0.601,cmd_age=0.02s bat=1.00 dist=1.15m
120,40.438,SCOUT,6,3.759,-3.877,3.000,0.134,0.586,0.000,0.601,cmd_age=0.02s bat=1.00 dist=1.15m
120,40.438,SCOUT,7,5.259,-5.377,3.000,0.134,0.586,0.000,0.601,cmd_age=0.02s bat=1.00 dist=1.15m
120,40.438,SCOUT,8,-2.686,4.185,3.000,0.424,-0.424,0.000,0.600,cmd_age=0.02s bat=1.00 dist=1.15m
120,40.438,SCOUT,9,-4.186,5.685,3.000,0.424,-0.424,0.000,0.600,cmd_age=0.02s bat=1.00 dist=1.15m
120,40.438,SCOUT,10,-5.686,4.185,3.000,0.424,-0.424,0.000,0.600,cmd_age=0.02s bat=1.00 dist=1.15m
120,40.438,SCOUT,11,-4.186,2.685,3.000,0.424,-0.424,0.000,0.600,cmd_age=0.02s bat=1.00 dist=1.15m
120,40.438,SCOUT,12,5.685,4.186,3.000,-0.423,-0.424,0.000,0.599,cmd_age=0.02s bat=1.00 dist=1.15m
120,40.438,SCOUT,13,4.185,5.686,3.000,-0.423,-0.424,0.000,0.599,cmd_age=0.02s bat=1.00 dist=1.15m
120,40.438,SCOUT,14,2.685,4.186,3.000,-0.423,-0.424,0.000,0.599,cmd_age=0.02s bat=1.00 dist=1.15m
120,40.438,SCOUT,15,4.185,2.686,3.000,-0.423,-0.424,0.000,0.599,cmd_age=0.02s bat=1.00 dist=1.15m
120,40.438,WORKER,0,-4.358,-1.469,3.000,-0.718,1.867,0.000,2.000,state=MOVING bat=1.00 dist=3.78m
120,40.438,WORKER,1,7.290,-1.228,3.000,0.153,1.994,0.000,2.000,state=MOVING bat=1.00 dist=3.78m
120,40.438,WORKER,2,-0.556,2.112,3.000,1.292,-1.527,0.000,2.000,state=MOVING bat=1.00 dist=3.78m
120,40.438,WORKER,3,4.141,2.522,3.000,-1.511,-1.310,0.000,2.000,state=MOVING bat=1.00 dist=3.78m
121,40.666,GENERAL,0,0.000,0.000,5.000,0.000,0.000,0.000,0.000,N/A
121,40.666,NODE,0,-5.270,-3.829,3.000,-0.135,0.584,0.000,0.600,zone=0 dist=1.19m
121,40.666,NODE,1,5.270,-3.829,3.000,0.134,0.586,0.000,0.601,zone=1 dist=1.19m
121,40.666,NODE,2,-4.151,4.150,3.000,0.424,-0.424,0.000,0.600,zone=2 dist=1.19m
121,40.666,NODE,3,4.150,4.150,3.000,-0.424,-0.424,0.000,0.600,zone=3 dist=1.19m
121,40.666,SCOUT,0,-3.761,-3.868,3.000,-0.135,0.585,0.000,0.600,cmd_age=0.02s bat=1.00 dist=1.16m
121,40.666,SCOUT,1,-5.261,-2.368,3.000,-0.135,0.585,0.000,0.600,cmd_age=0.02s bat=1.00 dist=1.16m
121,40.666,SCOUT,2,-6.761,-3.868,3.000,-0.135,0.585,0.000,0.600,cmd_age=0.02s bat=1.00 dist=1.16m
121,40.666,SCOUT,3,-5.261,-5.368,3.000,-0.135,0.585,0.000,0.600,cmd_age=0.02s bat=1.00 dist=1.16m
121,40.666,SCOUT,4,6.761,-3.868,3.000,0.134,0.586,0.000,0.601,cmd_age=0.02s bat=1.00 dist=1.16m
121,40.666,SCOUT,5,5.261,-2.368,3.000,0.134,0.586,0.000,0.601,cmd_age=0.02s bat=1.00 dist=1.16m
121,40.666,SCOUT,6,3.761,-3.868,3.000,0.134,0.586,0.000,0.601,cmd_age=0.02s bat=1.00 dist=1.16m
121,40.666,SCOUT,7,5.261,-5.368,3.000,0.134,0.586,0.000,0.601,cmd_age=0.02s bat=1.00 dist=1.16m
121,40.666,SCOUT,8,-2.679,4.178,3.000,0.424,-0.424,0.000,0.600,cmd_age=0.02s bat=1.00 dist=1.16m
121,40.666,SCOUT,9,-4.179,5.678,3.000,0.424,-0.424,0.000,0.600,cmd_age=0.02s bat=1.00 dist=1.16m
121,40.666,SCOUT,10,-5.679,4.178,3.000,0.424,-0.424,0.000,0.600,cmd_age=0.02s bat=1.00 dist=1.16m
121,40.666,SCOUT,11,-4.179,2.678,3.000,0.424,-0.424,0.000,0.600,cmd_age=0.02s bat=1.00 dist=1.16m
121,40.666,SCOUT,12,5.678,4.179,3.000,-0.424,-0.424,0.000,0.599,cmd_age=0.02s bat=1.00 dist=1.16m
121,40.666,SCOUT,13,4.178,5.679,3.000,-0.424,-0.424,0.000,0.599,cmd_age=0.02s bat=1.00 dist=1.16m
121,40.666,SCOUT,14,2.678,4.179,3.000,-0.424,-0.424,0.000,0.599,cmd_age=0.02s bat=1.00 dist=1.16m
121,40.666,SCOUT,15,4.178,2.679,3.000,-0.424,-0.424,0.000,0.599,cmd_age=0.02s bat=1.00 dist=1.16m
121,40.666,WORKER,0,-4.370,-1.438,3.000,-0.718,1.867,0.000,2.000,state=MOVING bat=1.00 dist=3.81m
121,40.666,WORKER,1,7.293,-1.195,3.000,0.153,1.994,0.000,2.000,state=MOVING bat=1.00 dist=3.81m
121,40.666,WORKER,2,-0.535,2.086,3.000,1.292,-1.527,0.000,2.000,state=MOVING bat=1.00 dist=3.81m
121,40.666,WORKER,3,4.116,2.500,3.000,-1.511,-1.310,0.000,2.000,state=MOVING bat=1.00 dist=3.81m
122,40.890,GENERAL,0,0.000,0.000,5.000,0.000,0.000,0.000,0.000,N/A
122,40.890,NODE,0,-5.272,-3.819,3.000,-0.136,0.585,0.000,0.601,zone=0 dist=1.20m
122,40.890,NODE,1,5.272,-3.819,3.000,0.134,0.586,0.000,0.601,zone=1 dist=1.20m
122,40.890,NODE,2,-4.144,4.143,3.000,0.423,-0.424,0.000,0.599,zone=2 dist=1.20m
122,40.890,NODE,3,4.143,4.143,3.000,-0.423,-0.425,0.000,0.600,zone=3 dist=1.20m
122,40.890,SCOUT,0,-3.763,-3.858,3.000,-0.135,0.585,0.000,0.600,cmd_age=0.02s bat=1.00 dist=1.17m
122,40.890,SCOUT,1,-5.263,-2.358,3.000,-0.135,0.585,0.000,0.600,cmd_age=0.02s bat=1.00 dist=1.17m
122,40.890,SCOUT,2,-6.763,-3.858,3.000,-0.135,0.585,0.000,0.600,cmd_age=0.02s bat=1.00 dist=1.17m
122,40.890,SCOUT,3,-5.263,-5.358,3.000,-0.135,0.585,0.000,0.600,cmd_age=0.02s bat=1.00 dist=1.17m
122,40.890,SCOUT,4,6.763,-3.858,3.000,0.134,0.586,0.000,0.601,cmd_age=0.02s bat=1.00 dist=1.17m
122,40.890,SCOUT,5,5.263,-2.358,3.000,0.134,0.586,0.000,0.601,cmd_age=0.02s bat=1.00 dist=1.17m
122,40.890,SCOUT,6,3.763,-3.858,3.000,0.134,0.586,0.000,0.601,cmd_age=0.02s bat=1.00 dist=1.17m
122,40.890,SCOUT,7,5.263,-5.358,3.000,0.134,0.586,0.000,0.601,cmd_age=0.02s bat=1.00 dist=1.17m
122,40.890,SCOUT,8,-2.672,4.171,3.000,0.424,-0.424,0.000,0.600,cmd_age=0.02s bat=1.00 dist=1.17m
122,40.890,SCOUT,9,-4.172,5.671,3.000,0.424,-0.424,0.000,0.600,cmd_age=0.02s bat=1.00 dist=1.17m
122,40.890,SCOUT,10,-5.672,4.171,3.000,0.424,-0.424,0.000,0.600,cmd_age=0.02s bat=1.00 dist=1.17m
122,40.890,SCOUT,11,-4.172,2.671,3.000,0.424,-0.424,0.000,0.600,cmd_age=0.02s bat=1.00 dist=1.17m
122,40.890,SCOUT,12,5.671,4.172,3.000,-0.424,-0.424,0.000,0.599,cmd_age=0.02s bat=1.00 dist=1.17m
122,40.890,SCOUT,13,4.171,5.672,3.000,-0.424,-0.424,0.000,0.599,cmd_age=0.02s bat=1.00 dist=1.17m
122,40.890,SCOUT,14,2.671,4.172,3.000,-0.424,-0.424,0.000,0.599,cmd_age=0.02s bat=1.00 dist=1.17m
122,40.890,SCOUT,15,4.171,2.672,3.000,-0.424,-0.424,0.000,0.599,cmd_age=0.02s bat=1.00 dist=1.17m
122,40.890,WORKER,0,-4.382,-1.407,3.000,-0.718,1.867,0.000,2.000,state=MOVING bat=1.00 dist=3.85m
122,40.890,WORKER,1,7.295,-1.161,3.000,0.153,1.994,0.000,2.000,state=MOVING bat=1.00 dist=3.85m
122,40.890,WORKER,2,-0.513,2.061,3.000,1.292,-1.527,0.000,2.000,state=MOVING bat=1.00 dist=3.85m
122,40.890,WORKER,3,4.091,2.479,3.000,-1.511,-1.310,0.000,2.000,state=MOVING bat=1.00 dist=3.85m
123,41.115,GENERAL,0,0.000,0.000,5.000,0.000,0.000,0.000,0.000,N/A
123,41.115,NODE,0,-5.275,-3.810,3.000,-0.135,0.584,0.000,0.600,zone=0 dist=1.21m
123,41.115,NODE,1,5.275,-3.809,3.000,0.134,0.585,0.000,0.600,zone=1 dist=1.21m
123,41.115,NODE,2,-4.137,4.136,3.000,0.424,-0.424,0.000,0.600,zone=2 dist=1.21m
123,41.115,NODE,3,4.136,4.136,3.000,-0.423,-0.426,0.000,0.600,zone=3 dist=1.21m
123,41.115,SCOUT,0,-3.766,-3.849,3.000,-0.135,0.585,0.000,0.600,cmd_age=0.02s bat=1.00 dist=1.18m
123,41.115,SCOUT,1,-5.266,-2.349,3.000,-0.135,0.585,0.000,0.600,cmd_age=0.02s bat=1.00 dist=1.18m
123,41.115,SCOUT,2,-6.766,-3.849,3.000,-0.135,0.585,0.000,0.600,cmd_age=0.02s bat=1.00 dist=1.18m
123,41.115,SCOUT,3,-5.266,-5.349,3.000,-0.135,0.585,0.000,0.600,cmd_age=0.02s bat=1.00 dist=1.18m
123,41.115,SCOUT,4,6.766,-3.848,3.000,0.134,0.586,0.000,0.601,cmd_age=0.02s bat=1.00 dist=1.18m
123,41.115,SCOUT,5,5.266,-2.348,3.000,0.134,0.586,0.000,0.601,cmd_age=0.02s bat=1.00 dist=1.18m
123,41.115,SCOUT,6,3.766,-3.848,3.000,0.134,0.586,0.000,0.601,cmd_age=0.02s bat=1.00 dist=1.18m
123,41.115,SCOUT,7,5.266,-5.348,3.000,0.134,0.586,0.000,0.601,cmd_age=0.02s bat=1.00 dist=1.18m
123,41.115,SCOUT,8,-2.665,4.164,3.000,0.424,-0.424,0.000,0.600,cmd_age=0.02s bat=1.00 dist=1.18m
123,41.115,SCOUT,9,-4.165,5.664,3.000,0.424,-0.424,0.000,0.600,cmd_age=0.02s bat=1.00 dist=1.18m
123,41.115,SCOUT,10,-5.665,4.164,3.000,0.424,-0.424,0.000,0.600,cmd_age=0.02s bat=1.00 dist=1.18m
123,41.115,SCOUT,11,-4.165,2.664,3.000,0.424,-0.424,0.000,0.600,cmd_age=0.02s bat=1.00 dist=1.18m
123,41.115,SCOUT,12,5.664,4.164,3.000,-0.423,-0.425,0.000,0.600,cmd_age=0.02s bat=1.00 dist=1.18m
123,41.115,SCOUT,13,4.164,5.664,3.000,-0.423,-0.425,0.000,0.600,cmd_age=0.02s bat=1.00 dist=1.18m
123,41.115,SCOUT,14,2.664,4.164,3.000,-0.423,-0.425,0.000,0.600,cmd_age=0.02s bat=1.00 dist=1.18m
123,41.115,SCOUT,15,4.164,2.664,3.000,-0.423,-0.425,0.000,0.600,cmd_age=0.02s bat=1.00 dist=1.18m
123,41.115,WORKER,0,-4.394,-1.376,3.000,-0.718,1.867,0.000,2.000,state=MOVING bat=1.00 dist=3.88m
123,41.115,WORKER,1,7.298,-1.128,3.000,0.153,1.994,0.000,2.000,state=MOVING bat=1.00 dist=3.88m
123,41.115,WORKER,2,-0.492,2.036,3.000,1.292,-1.527,0.000,2.000,state=MOVING bat=1.00 dist=3.88m
123,41.115,WORKER,3,4.065,2.457,3.000,-1.511,-1.310,0.000,2.000,state=MOVING bat=1.00 dist=3.88m
124,41.329,GENERAL,0,0.000,0.000,5.000,0.000,0.000,0.000,0.000,N/A
124,41.329,NODE,0,-5.277,-3.800,3.000,-0.135,0.584,0.000,0.599,zone=0 dist=1.22m
124,41.329,NODE,1,5.277,-3.799,3.000,0.134,0.585,0.000,0.601,zone=1 dist=1.22m
124,41.329,NODE,2,-4.130,4.129,3.000,0.424,-0.424,0.000,0.600,zone=2 dist=1.22m
124,41.329,NODE,3,4.129,4.129,3.000,-0.424,-0.424,0.000,0.600,zone=3 dist=1.22m
124,41.329,SCOUT,0,-3.768,-3.839,3.000,-0.135,0.584,0.000,0.600,cmd_age=0.02s bat=1.00 dist=1.19m
124,41.329,SCOUT,1,-5.268,-2.339,3.000,-0.135,0.584,0.000,0.600,cmd_age=0.02s bat=1.00 dist=1.19m
124,41.329,SCOUT,2,-6.768,-3.839,3.000,-0.135,0.584,0.000,0.600,cmd_age=0.02s bat=1.00 dist=1.19m
124,41.329,SCOUT,3,-5.268,-5.339,3.000,-0.135,0.584,0.000,0.600,cmd_age=0.02s bat=1.00 dist=1.19m
124,41.329,SCOUT,4,6.768,-3.838,3.000,0.134,0.586,0.000,0.601,cmd_age=0.02s bat=1.00 dist=1.19m
124,41.329,SCOUT,5,5.268,-2.338,3.000,0.134,0.586,0.000,0.601,cmd_age=0.02s bat=1.00 dist=1.19m
124,41.329,SCOUT,6,3.768,-3.838,3.000,0.134,0.586,0.000,0.601,cmd_age=0.02s bat=1.00 dist=1.19m
124,41.329,SCOUT,7,5.268,-5.338,3.000,0.134,0.586,0.000,0.601,cmd_age=0.02s bat=1.00 dist=1.19m
124,41.329,SCOUT,8,-2.658,4.157,3.000,0.424,-0.424,0.000,0.600,cmd_age=0.02s bat=1.00 dist=1.19m
124,41.329,SCOUT,9,-4.158,5.657,3.000,0.424,-0.424,0.000,0.600,cmd_age=0.02s bat=1.00 dist=1.19m
124,41.329,SCOUT,10,-5.658,4.157,3.000,0.424,-0.424,0.000,0.600,cmd_age=0.02s bat=1.00 dist=1.19m
124,41.329,SCOUT,11,-4.158,2.657,3.000,0.424,-0.424,0.000,0.600,cmd_age=0.02s bat=1.00 dist=1.19m
124,41.329,SCOUT,12,5.657,4.157,3.000,-0.424,-0.425,0.000,0.600,cmd_age=0.02s bat=1.00 dist=1.19m
124,41.329,SCOUT,13,4.157,5.657,3.000,-0.424,-0.425,0.000,0.600,cmd_age=0.02s bat=1.00 dist=1.19m
124,41.329,SCOUT,14,2.657,4.157,3.000,-0.424,-0.425,0.000,0.600,cmd_age=0.02s bat=1.00 dist=1.19m
124,41.329,SCOUT,15,4.157,2.657,3.000,-0.424,-0.425,0.000,0.600,cmd_age=0.02s bat=1.00 dist=1.19m
124,41.329,WORKER,0,-4.406,-1.344,3.000,-0.718,1.867,0.000,2.000,state=MOVING bat=1.00 dist=3.91m
124,41.329,WORKER,1,7.300,-1.095,3.000,0.153,1.994,0.000,2.000,state=MOVING bat=1.00 dist=3.91m
124,41.329,WORKER,2,-0.470,2.010,3.000,1.292,-1.527,0.000,2.000,state=MOVING bat=1.00 dist=3.91m
124,41.329,WORKER,3,4.040,2.435,3.000,-1.511,-1.310,0.000,2.000,state=MOVING bat=1.00 dist=3.91m
125,41.543,GENERAL,0,0.000,0.000,5.000,0.000,0.000,0.000,0.000,N/A
125,41.543,NODE,0,-5.279,-3.790,3.000,-0.135,0.584,0.000,0.599,zone=0 dist=1.23m
125,41.543,NODE,1,5.279,-3.790,3.000,0.135,0.586,0.000,0.601,zone=1 dist=1.23m
125,41.543,NODE,2,-4.122,4.122,3.000,0.425,-0.425,0.000,0.601,zone=2 dist=1.23m
125,41.543,NODE,3,4.122,4.122,3.000,-0.424,-0.423,0.000,0.599,zone=3 dist=1.23m
125,41.543,SCOUT,0,-3.770,-3.829,3.000,-0.135,0.584,0.000,0.600,cmd_age=0.02s bat=1.00 dist=1.20m
125,41.543,SCOUT,1,-5.270,-2.329,3.000,-0.135,0.584,0.000,0.600,cmd_age=0.02s bat=1.00 dist=1.20m
125,41.543,SCOUT,2,-6.770,-3.829,3.000,-0.135,0.584,0.000,0.600,cmd_age=0.02s bat=1.00 dist=1.20m
125,41.543,SCOUT,3,-5.270,-5.329,3.000,-0.135,0.584,0.000,0.600,cmd_age=0.02s bat=1.00 dist=1.20m
125,41.543,SCOUT,4,6.770,-3.829,3.000,0.134,0.586,0.000,0.601,cmd_age=0.02s bat=1.00 dist=1.20m
125,41.543,SCOUT,5,5.270,-2.329,3.000,0.134,0.586,0.000,0.601,cmd_age=0.02s bat=1.00 dist=1.20m
125,41.543,SCOUT,6,3.770,-3.829,3.000,0.134,0.586,0.000,0.601,cmd_age=0.02s bat=1.00 dist=1.20m
125,41.543,SCOUT,7,5.270,-5.329,3.000,0.134,0.586,0.000,0.601,cmd_age=0.02s bat=1.00 dist=1.20m
125,41.543,SCOUT,8,-2.651,4.150,3.000,0.424,-0.424,0.000,0.600,cmd_age=0.02s bat=1.00 dist=1.20m
125,41.543,SCOUT,9,-4.151,5.650,3.000,0.424,-0.424,0.000,0.600,cmd_age=0.02s bat=1.00 dist=1.20m
125,41.543,SCOUT,10,-5.651,4.150,3.000,0.424,-0.424,0.000,0.600,cmd_age=0.02s bat=1.00 dist=1.20m
125,41.543,SCOUT,11,-4.151,2.650,3.000,0.424,-0.424,0.000,0.600,cmd_age=0.02s bat=1.00 dist=1.20m
125,41.543,SCOUT,12,5.650,4.150,3.000,-0.424,-0.424,0.000,0.600,cmd_age=0.02s bat=1.00 dist=1.20m
125,41.543,SCOUT,13,4.150,5.650,3.000,-0.424,-0.424,0.000,0.600,cmd_age=0.02s bat=1.00 dist=1.20m
125,41.543,SCOUT,14,2.650,4.150,3.000,-0.424,-0.424,0.000,0.600,cmd_age=0.02s bat=1.00 dist=1.20m
125,41.543,SCOUT,15,4.150,2.650,3.000,-0.424,-0.424,0.000,0.600,cmd_age=0.02s bat=1.00 dist=1.20m
125,41.543,WORKER,0,-4.418,-1.313,3.000,-0.718,1.867,0.000,2.000,state=MOVING bat=1.00 dist=3.95m
125,41.543,WORKER,1,7.303,-1.062,3.000,0.153,1.994,0.000,2.000,state=MOVING bat=1.00 dist=3.95m
125,41.543,WORKER,2,-0.449,1.985,3.000,1.292,-1.527,0.000,2.000,state=MOVING bat=1.00 dist=3.95m
125,41.543,WORKER,3,4.015,2.413,3.000,-1.511,-1.310,0.000,2.000,state=MOVING bat=1.00 dist=3.95m
126,41.756,GENERAL,0,0.000,0.000,5.000,0.000,0.000,0.000,0.000,N/A
126,41.756,NODE,0,-5.281,-3.780,3.000,-0.135,0.583,0.000,0.598,zone=0 dist=1.24m
126,41.756,NODE,1,5.281,-3.780,3.000,0.136,0.585,0.000,0.600,zone=1 dist=1.24m
126,41.756,NODE,2,-4.115,4.115,3.000,0.425,-0.424,0.000,0.600,zone=2 dist=1.24m
126,41.756,NODE,3,4.115,4.115,3.000,-0.424,-0.423,0.000,0.599,zone=3 dist=1.24m
126,41.756,SCOUT,0,-3.772,-3.819,3.000,-0.135,0.584,0.000,0.599,cmd_age=0.02s bat=1.00 dist=1.21m
126,41.756,SCOUT,1,-5.272,-2.319,3.000,-0.135,0.584,0.000,0.599,cmd_age=0.02s bat=1.00 dist=1.21m
126,41.756,SCOUT,2,-6.772,-3.819,3.000,-0.135,0.584,0.000,0.599,cmd_age=0.02s bat=1.00 dist=1.21m
126,41.756,SCOUT,3,-5.272,-5.319,3.000,-0.135,0.584,0.000,0.599,cmd_age=0.02s bat=1.00 dist=1.21m
126,41.756,SCOUT,4,6.772,-3.819,3.000,0.135,0.585,0.000,0.601,cmd_age=0.02s bat=1.00 dist=1.21m
126,41.756,SCOUT,5,5.272,-2.319,3.000,0.135,0.585,0.000,0.601,cmd_age=0.02s bat=1.00 dist=1.21m
126,41.756,SCOUT,6,3.772,-3.819,3.000,0.135,0.585,0.000,0.601,cmd_age=0.02s bat=1.00 dist=1.21m
126,41.756,SCOUT,7,5.272,-5.319,3.000,0.135,0.585,0.000,0.601,cmd_age=0.02s bat=1.00 dist=1.21m
126,41.756,SCOUT,8,-2.644,4.143,3.000,0.424,-0.424,0.000,0.600,cmd_age=0.02s bat=1.00 dist=1.21m
126,41.756,SCOUT,9,-4.144,5.643,3.000,0.424,-0.424,0.000,0.600,cmd_age=0.02s bat=1.00 dist=1.21m
126,41.756,SCOUT,10,-5.644,4.143,3.000,0.424,-0.424,0.000,0.600,cmd_age=0.02s bat=1.00 dist=1.21m
126,41.756,SCOUT,11,-4.144,2.643,3.000,0.424,-0.424,0.000,0.600,cmd_age=0.02s bat=1.00 dist=1.21m
126,41.756,SCOUT,12,5.643,4.143,3.000,-0.424,-0.424,0.000,0.599,cmd_age=0.02s bat=1.00 dist=1.21m
126,41.756,SCOUT,13,4.143,5.643,3.000,-0.424,-0.424,0.000,0.599,cmd_age=0.02s bat=1.00 dist=1.21m
126,41.756,SCOUT,14,2.643,4.143,3.000,-0.424,-0.424,0.000,0.599,cmd_age=0.02s bat=1.00 dist=1.21m
126,41.756,SCOUT,15,4.143,2.643,3.000,-0.424,-0.424,0.000,0.599,cmd_age=0.02s bat=1.00 dist=1.21m
126,41.756,WORKER,0,-4.430,-1.282,3.000,-0.718,1.867,0.000,2.000,state=MOVING bat=1.00 dist=3.98m
126,41.756,WORKER,1,7.306,-1.028,3.000,0.153,1.994,0.000,2.000,state=MOVING bat=1.00 dist=3.98m
126,41.756,WORKER,2,-0.427,1.959,3.000,1.292,-1.527,0.000,2.000,state=MOVING bat=1.00 dist=3.98m
126,41.756,WORKER,3,3.990,2.391,3.000,-1.511,-1.310,0.000,2.000,state=MOVING bat=1.00 dist=3.98m
127,41.987,GENERAL,0,0.000,0.000,5.000,0.000,0.000,0.000,0.000,N/A
127,41.987,NODE,0,-5.284,-3.771,3.000,-0.135,0.584,0.000,0.599,zone=0 dist=1.25m
127,41.987,NODE,1,5.284,-3.770,3.000,0.136,0.585,0.000,0.601,zone=1 dist=1.25m
127,41.987,NODE,2,-4.108,4.107,3.000,0.424,-0.425,0.000,0.600,zone=2 dist=1.25m
127,41.987,NODE,3,4.108,4.108,3.000,-0.424,-0.424,0.000,0.600,zone=3 dist=1.25m
127,41.987,SCOUT,0,-3.775,-3.810,3.000,-0.135,0.584,0.000,0.599,cmd_age=0.02s bat=1.00 dist=1.22m
127,41.987,SCOUT,1,-5.275,-2.310,3.000,-0.135,0.584,0.000,0.599,cmd_age=0.02s bat=1.00 dist=1.22m
127,41.987,SCOUT,2,-6.775,-3.810,3.000,-0.135,0.584,0.000,0.599,cmd_age=0.02s bat=1.00 dist=1.22m
127,41.987,SCOUT,3,-5.275,-5.310,3.000,-0.135,0.584,0.000,0.599,cmd_age=0.02s bat=1.00 dist=1.22m
127,41.987,SCOUT,4,6.775,-3.809,3.000,0.135,0.585,0.000,0.601,cmd_age=0.02s bat=1.00 dist=1.22m
127,41.987,SCOUT,5,5.275,-2.309,3.000,0.135,0.585,0.000,0.601,cmd_age=0.02s bat=1.00 dist=1.22m
127,41.987,SCOUT,6,3.775,-3.809,3.000,0.135,0.585,0.000,0.601,cmd_age=0.02s bat=1.00 dist=1.22m
127,41.987,SCOUT,7,5.275,-5.309,3.000,0.135,0.585,0.000,0.601,cmd_age=0.02s bat=1.00 dist=1.22m
127,41.987,SCOUT,8,-2.637,4.136,3.000,0.424,-0.424,0.000,0.600,cmd_age=0.02s bat=1.00 dist=1.22m
127,41.987,SCOUT,9,-4.137,5.636,3.000,0.424,-0.424,0.000,0.600,cmd_age=0.02s bat=1.00 dist=1.22m
127,41.987,SCOUT,10,-5.637,4.136,3.000,0.424,-0.424,0.000,0.600,cmd_age=0.02s bat=1.00 dist=1.22m
127,41.987,SCOUT,11,-4.137,2.636,3.000,0.424,-0.424,0.000,0.600,cmd_age=0.02s bat=1.00 dist=1.22m
127,41.987,SCOUT,12,5.636,4.136,3.000,-0.424,-0.424,0.000,0.599,cmd_age=0.02s bat=1.00 dist=1.22m
127,41.987,SCOUT,13,4.136,5.636,3.000,-0.424,-0.424,0.000,0.599,cmd_age=0.02s bat=1.00 dist=1.22m
127,41.987,SCOUT,14,2.636,4.136,3.000,-0.424,-0.424,0.000,0.599,cmd_age=0.02s bat=1.00 dist=1.22m
127,41.987,SCOUT,15,4.136,2.636,3.000,-0.424,-0.424,0.000,0.599,cmd_age=0.02s bat=1.00 dist=1.22m
127,41.987,WORKER,0,-4.442,-1.251,3.000,-0.718,1.867,0.000,2.000,state=MOVING bat=1.00 dist=4.01m
127,41.987,WORKER,1,7.308,-0.995,3.000,0.153,1.994,0.000,2.000,state=MOVING bat=1.00 dist=4.01m
127,41.987,WORKER,2,-0.405,1.934,3.000,1.292,-1.527,0.000,2.000,state=MOVING bat=1.00 dist=4.01m
127,41.987,WORKER,3,3.965,2.369,3.000,-1.511,-1.310,0.000,2.000,state=MOVING bat=1.00 dist=4.01m
128,42.224,GENERAL,0,0.000,0.000,5.000,0.000,0.000,0.000,0.000,N/A
128,42.224,NODE,0,-5.286,-3.761,3.000,-0.134,0.584,0.000,0.599,zone=0 dist=1.26m
128,42.224,NODE,1,5.286,-3.760,3.000,0.136,0.586,0.000,0.602,zone=1 dist=1.26m
128,42.224,NODE,2,-4.101,4.100,3.000,0.424,-0.425,0.000,0.601,zone=2 dist=1.26m
128,42.224,NODE,3,4.101,4.101,3.000,-0.423,-0.424,0.000,0.599,zone=3 dist=1.26m
128,42.224,SCOUT,0,-3.777,-3.800,3.000,-0.135,0.584,0.000,0.599,cmd_age=0.02s bat=1.00 dist=1.23m
128,42.224,SCOUT,1,-5.277,-2.300,3.000,-0.135,0.584,0.000,0.599,cmd_age=0.02s bat=1.00 dist=1.23m
128,42.224,SCOUT,2,-6.777,-3.800,3.000,-0.135,0.584,0.000,0.599,cmd_age=0.02s bat=1.00 dist=1.23m
128,42.224,SCOUT,3,-5.277,-5.300,3.000,-0.135,0.584,0.000,0.599,cmd_age=0.02s bat=1.00 dist=1.23m
128,42.224,SCOUT,4,6.777,-3.799,3.000,0.135,0.586,0.000,0.601,cmd_age=0.02s bat=1.00 dist=1.23m
128,42.224,SCOUT,5,5.277,-2.299,3.000,0.135,0.586,0.000,0.601,cmd_age=0.02s bat=1.00 dist=1.23m
128,42.224,SCOUT,6,3.777,-3.799,3.000,0.135,0.586,0.000,0.601,cmd_age=0.02s bat=1.00 dist=1.23m
128,42.224,SCOUT,7,5.277,-5.299,3.000,0.135,0.586,0.000,0.601,cmd_age=0.02s bat=1.00 dist=1.23m
128,42.224,SCOUT,8,-2.630,4.129,3.000,0.424,-0.425,0.000,0.600,cmd_age=0.02s bat=1.00 dist=1.23m
128,42.224,SCOUT,9,-4.130,5.629,3.000,0.424,-0.425,0.000,0.600,cmd_age=0.02s bat=1.00 dist=1.23m
128,42.224,SCOUT,10,-5.630,4.129,3.000,0.424,-0.425,0.000,0.600,cmd_age=0.02s bat=1.00 dist=1.23m
128,42.224,SCOUT,11,-4.130,2.629,3.000,0.424,-0.425,0.000,0.600,cmd_age=0.02s bat=1.00 dist=1.23m
128,42.224,SCOUT,12,5.629,4.129,3.000,-0.424,-0.424,0.000,0.599,cmd_age=0.02s bat=1.00 dist=1.23m
128,42.224,SCOUT,13,4.129,5.629,3.000,-0.424,-0.424,0.000,0.599,cmd_age=0.02s bat=1.00 dist=1.23m
128,42.224,SCOUT,14,2.629,4.129,3.000,-0.424,-0.424,0.000,0.599,cmd_age=0.02s bat=1.00 dist=1.23m
128,42.224,SCOUT,15,4.129,2.629,3.000,-0.424,-0.424,0.000,0.599,cmd_age=0.02s bat=1.00 dist=1.23m
128,42.224,WORKER,0,-4.454,-1.220,3.000,-0.718,1.867,0.000,2.000,state=MOVING bat=1.00 dist=4.05m
128,42.224,WORKER,1,7.311,-0.962,3.000,0.153,1.994,0.000,2.000,state=MOVING bat=1.00 dist=4.05m
128,42.224,WORKER,2,-0.384,1.908,3.000,1.292,-1.527,0.000,2.000,state=MOVING bat=1.00 dist=4.05m
128,42.224,WORKER,3,3.939,2.348,3.000,-1.511,-1.310,0.000,2.000,state=MOVING bat=1.00 dist=4.05m
129,42.440,GENERAL,0,0.000,0.000,5.000,0.000,0.000,0.000,0.000,N/A
129,42.440,NODE,0,-5.288,-3.751,3.000,-0.135,0.583,0.000,0.599,zone=0 dist=1.27m
129,42.440,NODE,1,5.288,-3.751,3.000,0.136,0.586,0.000,0.601,zone=1 dist=1.27m
129,42.440,NODE,2,-4.094,4.093,3.000,0.425,-0.426,0.000,0.601,zone=2 dist=1.27m
129,42.440,NODE,3,4.094,4.094,3.000,-0.424,-0.423,0.000,0.599,zone=3 dist=1.27m
129,42.440,SCOUT,0,-3.779,-3.790,3.000,-0.135,0.584,0.000,0.599,cmd_age=0.02s bat=1.00 dist=1.24m
129,42.440,SCOUT,1,-5.279,-2.290,3.000,-0.135,0.584,0.000,0.599,cmd_age=0.02s bat=1.00 dist=1.24m
129,42.440,SCOUT,2,-6.779,-3.790,3.000,-0.135,0.584,0.000,0.599,cmd_age=0.02s bat=1.00 dist=1.24m
129,42.440,SCOUT,3,-5.279,-5.290,3.000,-0.135,0.584,0.000,0.599,cmd_age=0.02s bat=1.00 dist=1.24m
129,42.440,SCOUT,4,6.779,-3.790,3.000,0.135,0.586,0.000,0.601,cmd_age=0.02s bat=1.00 dist=1.24m
129,42.440,SCOUT,5,5.279,-2.290,3.000,0.135,0.586,0.000,0.601,cmd_age=0.02s bat=1.00 dist=1.24m
129,42.440,SCOUT,6,3.779,-3.790,3.000,0.135,0.586,0.000,0.601,cmd_age=0.02s bat=1.00 dist=1.24m
129,42.440,SCOUT,7,5.279,-5.290,3.000,0.135,0.586,0.000,0.601,cmd_age=0.02s bat=1.00 dist=1.24m
129,42.440,SCOUT,8,-2.622,4.122,3.000,0.424,-0.425,0.000,0.600,cmd_age=0.02s bat=1.00 dist=1.24m
129,42.440,SCOUT,9,-4.122,5.622,3.000,0.424,-0.425,0.000,0.600,cmd_age=0.02s bat=1.00 dist=1.24m
129,42.440,SCOUT,10,-5.622,4.122,3.000,0.424,-0.425,0.000,0.600,cmd_age=0.02s bat=1.00 dist=1.24m
129,42.440,SCOUT,11,-4.122,2.622,3.000,0.424,-0.425,0.000,0.600,cmd_age=0.02s bat=1.00 dist=1.24m
129,42.440,SCOUT,12,5.622,4.122,3.000,-0.424,-0.424,0.000,0.599,cmd_age=0.02s bat=1.00 dist=1.24m
129,42.440,SCOUT,13,4.122,5.622,3.000,-0.424,-0.424,0.000,0.599,cmd_age=0.02s bat=1.00 dist=1.24m
129,42.440,SCOUT,14,2.622,4.122,3.000,-0.424,-0.424,0.000,0.599,cmd_age=0.02s bat=1.00 dist=1.24m
129,42.440,SCOUT,15,4.122,2.622,3.000,-0.424,-0.424,0.000,0.599,cmd_age=0.02s bat=1.00 dist=1.24m
129,42.440,WORKER,0,-4.466,-1.189,3.000,-0.718,1.867,0.000,2.000,state=MOVING bat=1.00 dist=4.08m
129,42.440,WORKER,1,7.313,-0.929,3.000,0.153,1.994,0.000,2.000,state=MOVING bat=1.00 dist=4.08m
129,42.440,WORKER,2,-0.362,1.883,3.000,1.292,-1.527,0.000,2.000,state=MOVING bat=1.00 dist=4.08m
129,42.440,WORKER,3,3.914,2.326,3.000,-1.511,-1.310,0.000,2.000,state=MOVING bat=1.00 dist=4.08m
130,42.653,GENERAL,0,0.000,0.000,5.000,0.000,0.000,0.000,0.000,N/A
130,42.653,NODE,0,-5.290,-3.741,3.000,-0.134,0.584,0.000,0.600,zone=0 dist=1.28m
130,42.653,NODE,1,5.290,-3.741,3.000,0.135,0.585,0.000,0.601,zone=1 dist=1.28m
130,42.653,NODE,2,-4.087,4.086,3.000,0.424,-0.425,0.000,0.601,zone=2 dist=1.28m
130,42.653,NODE,3,4.087,4.087,3.000,-0.425,-0.424,0.000,0.600,zone=3 dist=1.28m
130,42.653,SCOUT,0,-3.781,-3.780,3.000,-0.135,0.584,0.000,0.599,cmd_age=0.02s bat=1.00 dist=1.25m
130,42.653,SCOUT,1,-5.281,-2.280,3.000,-0.135,0.584,0.000,0.599,cmd_age=0.02s bat=1.00 dist=1.25m
130,42.653,SCOUT,2,-6.781,-3.780,3.000,-0.135,0.584,0.000,0.599,cmd_age=0.02s bat=1.00 dist=1.25m
130,42.653,SCOUT,3,-5.281,-5.280,3.000,-0.135,0.584,0.000,0.599,cmd_age=0.02s bat=1.00 dist=1.25m
130,42.653,SCOUT,4,6.781,-3.780,3.000,0.135,0.585,0.000,0.601,cmd_age=0.02s bat=1.00 dist=1.25m
130,42.653,SCOUT,5,5.281,-2.280,3.000,0.135,0.585,0.000,0.601,cmd_age=0.02s bat=1.00 dist=1.25m
130,42.653,SCOUT,6,3.781,-3.780,3.000,0.135,0.585,0.000,0.601,cmd_age=0.02s bat=1.00 dist=1.25m
130,42.653,SCOUT,7,5.281,-5.280,3.000,0.135,0.585,0.000,0.601,cmd_age=0.02s bat=1.00 dist=1.25m
130,42.653,SCOUT,8,-2.615,4.115,3.000,0.424,-0.425,0.000,0.600,cmd_age=0.02s bat=1.00 dist=1.25m
130,42.653,SCOUT,9,-4.115,5.615,3.000,0.424,-0.425,0.000,0.600,cmd_age=0.02s bat=1.00 dist=1.25m
130,42.653,SCOUT,10,-5.615,4.115,3.000,0.424,-0.425,0.000,0.600,cmd_age=0.02s bat=1.00 dist=1.25m
130,42.653,SCOUT,11,-4.115,2.615,3.000,0.424,-0.425,0.000,0.600,cmd_age=0.02s bat=1.00 dist=1.25m
130,42.653,SCOUT,12,5.615,4.115,3.000,-0.424,-0.424,0.000,0.599,cmd_age=0.02s bat=1.00 dist=1.25m
130,42.653,SCOUT,13,4.115,5.615,3.000,-0.424,-0.424,0.000,0.599,cmd_age=0.02s bat=1.00 dist=1.25m
130,42.653,SCOUT,14,2.615,4.115,3.000,-0.424,-0.424,0.000,0.599,cmd_age=0.02s bat=1.00 dist=1.25m
130,42.653,SCOUT,15,4.115,2.615,3.000,-0.424,-0.424,0.000,0.599,cmd_age=0.02s bat=1.00 dist=1.25m
130,42.653,WORKER,0,-4.478,-1.158,3.000,-0.718,1.867,0.000,2.000,state=MOVING bat=1.00 dist=4.11m
130,42.653,WORKER,1,7.316,-0.895,3.000,0.153,1.994,0.000,2.000,state=MOVING bat=1.00 dist=4.11m
130,42.653,WORKER,2,-0.341,1.857,3.000,1.292,-1.527,0.000,2.000,state=MOVING bat=1.00 dist=4.11m
130,42.653,WORKER,3,3.889,2.304,3.000,-1.511,-1.310,0.000,2.000,state=MOVING bat=1.00 dist=4.11m
131,42.868,GENERAL,0,0.000,0.000,5.000,0.000,0.000,0.000,0.000,N/A
131,42.868,NODE,0,-5.293,-3.732,3.000,-0.134,0.584,0.000,0.599,zone=0 dist=1.29m
131,42.868,NODE,1,5.293,-3.731,3.000,0.135,0.585,0.000,0.600,zone=1 dist=1.29m
131,42.868,NODE,2,-4.080,4.079,3.000,0.424,-0.425,0.000,0.600,zone=2 dist=1.29m
131,42.868,NODE,3,4.080,4.080,3.000,-0.424,-0.425,0.000,0.600,zone=3 dist=1.29m
131,42.868,SCOUT,0,-3.784,-3.771,3.000,-0.135,0.584,0.000,0.599,cmd_age=0.02s bat=1.00 dist=1.26m
131,42.868,SCOUT,1,-5.284,-2.271,3.000,-0.135,0.584,0.000,0.599,cmd_age=0.02s bat=1.00 dist=1.26m
131,42.868,SCOUT,2,-6.784,-3.771,3.000,-0.135,0.584,0.000,0.599,cmd_age=0.02s bat=1.00 dist=1.26m
131,42.868,SCOUT,3,-5.284,-5.271,3.000,-0.135,0.584,0.000,0.599,cmd_age=0.02s bat=1.00 dist=1.26m
131,42.868,SCOUT,4,6.784,-3.770,3.000,0.135,0.585,0.000,0.601,cmd_age=0.02s bat=1.00 dist=1.26m
131,42.868,SCOUT,5,5.284,-2.270,3.000,0.135,0.585,0.000,0.601,cmd_age=0.02s bat=1.00 dist=1.26m
131,42.868,SCOUT,6,3.784,-3.770,3.000,0.135,0.585,0.000,0.601,cmd_age=0.02s bat=1.00 dist=1.26m
131,42.868,SCOUT,7,5.284,-5.270,3.000,0.135,0.585,0.000,0.601,cmd_age=0.02s bat=1.00 dist=1.26m
131,42.868,SCOUT,8,-2.608,4.107,3.000,0.424,-0.425,0.000,0.600,cmd_age=0.02s bat=1.00 dist=1.26m
131,42.868,SCOUT,9,-4.108,5.607,3.000,0.424,-0.425,0.000,0.600,cmd_age=0.02s bat=1.00 dist=1.26m
131,42.868,SCOUT,10,-5.608,4.107,3.000,0.424,-0.425,0.000,0.600,cmd_age=0.02s bat=1.00 dist=1.26m
131,42.868,SCOUT,11,-4.108,2.607,3.000,0.424,-0.425,0.000,0.600,cmd_age=0.02s bat=1.00 dist=1.26m
131,42.868,SCOUT,12,5.608,4.108,3.000,-0.424,-0.424,0.000,0.600,cmd_age=0.02s bat=1.00 dist=1.26m
131,42.868,SCOUT,13,4.108,5.608,3.000,-0.424,-0.424,0.000,0.600,cmd_age=0.02s bat=1.00 dist=1.26m
131,42.868,SCOUT,14,2.608,4.108,3.000,-0.424,-0.424,0.000,0.600,cmd_age=0.02s bat=1.00 dist=1.26m
131,42.868,SCOUT,15,4.108,2.608,3.000,-0.424,-0.424,0.000,0.600,cmd_age=0.02s bat=1.00 dist=1.26m
131,42.868,WORKER,0,-4.490,-1.127,3.000,-0.718,1.867,0.000,2.000,state=MOVING bat=1.00 dist=4.15m
131,42.868,WORKER,1,7.318,-0.862,3.000,0.153,1.994,0.000,2.000,state=MOVING bat=1.00 dist=4.15m
131,42.868,WORKER,2,-0.319,1.832,3.000,1.292,-1.527,0.000,2.000,state=MOVING bat=1.00 dist=4.15m
131,42.868,WORKER,3,3.864,2.282,3.000,-1.511,-1.310,0.000,2.000,state=MOVING bat=1.00 dist=4.15m
132,43.082,GENERAL,0,0.000,0.000,5.000,0.000,0.000,0.000,0.000,N/A
132,43.082,NODE,0,-5.295,-3.722,3.000,-0.135,0.584,0.000,0.600,zone=0 dist=1.30m
132,43.082,NODE,1,5.295,-3.721,3.000,0.135,0.586,0.000,0.601,zone=1 dist=1.30m
132,43.082,NODE,2,-4.073,4.072,3.000,0.425,-0.424,0.000,0.601,zone=2 dist=1.30m
132,43.082,NODE,3,4.072,4.073,3.000,-0.424,-0.425,0.000,0.600,zone=3 dist=1.30m
132,43.082,SCOUT,0,-3.786,-3.761,3.000,-0.135,0.584,0.000,0.599,cmd_age=0.02s bat=1.00 dist=1.27m
132,43.082,SCOUT,1,-5.286,-2.261,3.000,-0.135,0.584,0.000,0.599,cmd_age=0.02s bat=1.00 dist=1.27m
132,43.082,SCOUT,2,-6.786,-3.761,3.000,-0.135,0.584,0.000,0.599,cmd_age=0.02s bat=1.00 dist=1.27m
132,43.082,SCOUT,3,-5.286,-5.261,3.000,-0.135,0.584,0.000,0.599,cmd_age=0.02s bat=1.00 dist=1.27m
132,43.082,SCOUT,4,6.786,-3.760,3.000,0.135,0.585,0.000,0.601,cmd_age=0.02s bat=1.00 dist=1.27m
132,43.082,SCOUT,5,5.286,-2.260,3.000,0.135,0.585,0.000,0.601,cmd_age=0.02s bat=1.00 dist=1.27m
132,43.082,SCOUT,6,3.786,-3.760,3.000,0.135,0.585,0.000,0.601,cmd_age=0.02s bat=1.00 dist=1.27m
132,43.082,SCOUT,7,5.286,-5.260,3.000,0.135,0.585,0.000,0.601,cmd_age=0.02s bat=1.00 dist=1.27m
132,43.082,SCOUT,8,-2.601,4.100,3.000,0.424,-0.425,0.000,0.600,cmd_age=0.02s bat=1.00 dist=1.27m
132,43.082,SCOUT,9,-4.101,5.600,3.000,0.424,-0.425,0.000,0.600,cmd_age=0.02s bat=1.00 dist=1.27m
132,43.082,SCOUT,10,-5.601,4.100,3.000,0.424,-0.425,0.000,0.600,cmd_age=0.02s bat=1.00 dist=1.27m
132,43.082,SCOUT,11,-4.101,2.600,3.000,0.424,-0.425,0.000,0.600,cmd_age=0.02s bat=1.00 dist=1.27m
132,43.082,SCOUT,12,5.601,4.101,3.000,-0.424,-0.424,0.000,0.600,cmd_age=0.02s bat=1.00 dist=1.27m
132,43.082,SCOUT,13,4.101,5.601,3.000,-0.424,-0.424,0.000,0.600,cmd_age=0.02s bat=1.00 dist=1.27m
132,43.082,SCOUT,14,2.601,4.101,3.000,-0.424,-0.424,0.000,0.600,cmd_age=0.02s bat=1.00 dist=1.27m
132,43.082,SCOUT,15,4.101,2.601,3.000,-0.424,-0.424,0.000,0.600,cmd_age=0.02s bat=1.00 dist=1.27m
132,43.082,WORKER,0,-4.502,-1.096,3.000,-0.718,1.867,0.000,2.000,state=MOVING bat=1.00 dist=4.18m
132,43.082,WORKER,1,7.321,-0.829,3.000,0.153,1.994,0.000,2.000,state=MOVING bat=1.00 dist=4.18m
132,43.082,WORKER,2,-0.298,1.807,3.000,1.292,-1.527,0.000,2.000,state=MOVING bat=1.00 dist=4.18m
132,43.082,WORKER,3,3.839,2.260,3.000,-1.511,-1.310,0.000,2.000,state=MOVING bat=1.00 dist=4.18m
133,43.294,GENERAL,0,0.000,0.000,5.000,0.000,0.000,0.000,0.000,N/A
133,43.294,NODE,0,-5.297,-3.712,3.000,-0.135,0.584,0.000,0.600,zone=0 dist=1.31m
133,43.294,NODE,1,5.297,-3.712,3.000,0.135,0.586,0.000,0.601,zone=1 dist=1.31m
133,43.294,NODE,2,-4.066,4.065,3.000,0.424,-0.424,0.000,0.600,zone=2 dist=1.31m
133,43.294,NODE,3,4.065,4.065,3.000,-0.423,-0.424,0.000,0.599,zone=3 dist=1.31m
133,43.294,SCOUT,0,-3.788,-3.751,3.000,-0.135,0.584,0.000,0.599,cmd_age=0.02s bat=1.00 dist=1.28m
133,43.294,SCOUT,1,-5.288,-2.251,3.000,-0.135,0.584,0.000,0.599,cmd_age=0.02s bat=1.00 dist=1.28m
133,43.294,SCOUT,2,-6.788,-3.751,3.000,-0.135,0.584,0.000,0.599,cmd_age=0.02s bat=1.00 dist=1.28m
133,43.294,SCOUT,3,-5.288,-5.251,3.000,-0.135,0.584,0.000,0.599,cmd_age=0.02s bat=1.00 dist=1.28m
133,43.294,SCOUT,4,6.788,-3.751,3.000,0.135,0.585,0.000,0.601,cmd_age=0.02s bat=1.00 dist=1.28m
133,43.294,SCOUT,5,5.288,-2.251,3.000,0.135,0.585,0.000,0.601,cmd_age=0.02s bat=1.00 dist=1.28m
133,43.294,SCOUT,6,3.788,-3.751,3.000,0.135,0.585,0.000,0.601,cmd_age=0.02s bat=1.00 dist=1.28m
133,43.294,SCOUT,7,5.288,-5.251,3.000,0.135,0.585,0.000,0.601,cmd_age=0.02s bat=1.00 dist=1.28m
133,43.294,SCOUT,8,-2.594,4.093,3.000,0.424,-0.425,0.000,0.600,cmd_age=0.02s bat=1.00 dist=1.28m
133,43.294,SCOUT,9,-4.094,5.593,3.000,0.424,-0.425,0.000,0.600,cmd_age=0.02s bat=1.00 dist=1.28m
133,43.294,SCOUT,10,-5.594,4.093,3.000,0.424,-0.425,0.000,0.600,cmd_age=0.02s bat=1.00 dist=1.28m
133,43.294,SCOUT,11,-4.094,2.593,3.000,0.424,-0.425,0.000,0.600,cmd_age=0.02s bat=1.00 dist=1.28m
133,43.294,SCOUT,12,5.594,4.094,3.000,-0.424,-0.424,0.000,0.600,cmd_age=0.02s bat=1.00 dist=1.28m
133,43.294,SCOUT,13,4.094,5.594,3.000,-0.424,-0.424,0.000,0.600,cmd_age=0.02s bat=1.00 dist=1.28m
133,43.294,SCOUT,14,2.594,4.094,3.000,-0.424,-0.424,0.000,0.600,cmd_age=0.02s bat=1.00 dist=1.28m
133,43.294,SCOUT,15,4.094,2.594,3.000,-0.424,-0.424,0.000,0.600,cmd_age=0.02s bat=1.00 dist=1.28m
133,43.294,WORKER,0,-4.514,-1.064,3.000,-0.718,1.867,0.000,2.000,state=MOVING bat=1.00 dist=4.21m
133,43.294,WORKER,1,7.323,-0.796,3.000,0.153,1.994,0.000,2.000,state=MOVING bat=1.00 dist=4.21m
133,43.294,WORKER,2,-0.276,1.781,3.000,1.292,-1.527,0.000,2.000,state=MOVING bat=1.00 dist=4.21m
133,43.294,WORKER,3,3.814,2.238,3.000,-1.511,-1.310,0.000,2.000,state=MOVING bat=1.00 dist=4.21m
134,43.505,GENERAL,0,0.000,0.000,5.000,0.000,0.000,0.000,0.000,N/A
134,43.505,NODE,0,-5.299,-3.703,3.000,-0.135,0.584,0.000,0.600,zone=0 dist=1.32m
134,43.505,NODE,1,5.299,-3.702,3.000,0.136,0.587,0.000,0.602,zone=1 dist=1.32m
134,43.505,NODE,2,-4.059,4.058,3.000,0.423,-0.425,0.000,0.600,zone=2 dist=1.32m
134,43.505,NODE,3,4.058,4.058,3.000,-0.424,-0.425,0.000,0.600,zone=3 dist=1.32m
134,43.505,SCOUT,0,-3.790,-3.741,3.000,-0.135,0.584,0.000,0.599,cmd_age=0.02s bat=1.00 dist=1.29m
134,43.505,SCOUT,1,-5.290,-2.241,3.000,-0.135,0.584,0.000,0.599,cmd_age=0.02s bat=1.00 dist=1.29m
134,43.505,SCOUT,2,-6.790,-3.741,3.000,-0.135,0.584,0.000,0.599,cmd_age=0.02s bat=1.00 dist=1.29m
134,43.505,SCOUT,3,-5.290,-5.241,3.000,-0.135,0.584,0.000,0.599,cmd_age=0.02s bat=1.00 dist=1.29m
134,43.505,SCOUT,4,6.790,-3.741,3.000,0.135,0.586,0.000,0.601,cmd_age=0.02s bat=1.00 dist=1.29m
134,43.505,SCOUT,5,5.290,-2.241,3.000,0.135,0.586,0.000,0.601,cmd_age=0.02s bat=1.00 dist=1.29m
134,43.505,SCOUT,6,3.790,-3.741,3.000,0.135,0.586,0.000,0.601,cmd_age=0.02s bat=1.00 dist=1.29m
134,43.505,SCOUT,7,5.290,-5.241,3.000,0.135,0.586,0.000,0.601,cmd_age=0.02s bat=1.00 dist=1.29m
134,43.505,SCOUT,8,-2.587,4.086,3.000,0.424,-0.425,0.000,0.600,cmd_age=0.02s bat=1.00 dist=1.29m
134,43.505,SCOUT,9,-4.087,5.586,3.000,0.424,-0.425,0.000,0.600,cmd_age=0.02s bat=1.00 dist=1.29m
134,43.505,SCOUT,10,-5.587,4.086,3.000,0.424,-0.425,0.000,0.600,cmd_age=0.02s bat=1.00 dist=1.29m
134,43.505,SCOUT,11,-4.087,2.586,3.000,0.424,-0.425,0.000,0.600,cmd_age=0.02s bat=1.00 dist=1.29m
134,43.505,SCOUT,12,5.587,4.087,3.000,-0.424,-0.424,0.000,0.600,cmd_age=0.02s bat=1.00 dist=1.29m
134,43.505,SCOUT,13,4.087,5.587,3.000,-0.424,-0.424,0.000,0.600,cmd_age=0.02s bat=1.00 dist=1.29m
134,43.505,SCOUT,14,2.587,4.087,3.000,-0.424,-0.424,0.000,0.600,cmd_age=0.02s bat=1.00 dist=1.29m
134,43.505,SCOUT,15,4.087,2.587,3.000,-0.424,-0.424,0.000,0.600,cmd_age=0.02s bat=1.00 dist=1.29m
134,43.505,WORKER,0,-4.526,-1.033,3.000,-0.718,1.867,0.000,2.000,state=MOVING bat=1.00 dist=4.25m
134,43.505,WORKER,1,7.326,-0.763,3.000,0.153,1.994,0.000,2.000,state=MOVING bat=1.00 dist=4.25m
134,43.505,WORKER,2,-0.255,1.756,3.000,1.292,-1.527,0.000,2.000,state=MOVING bat=1.00 dist=4.25m
134,43.505,WORKER,3,3.788,2.217,3.000,-1.511,-1.310,0.000,2.000,state=MOVING bat=1.00 dist=4.25m
135,43.717,GENERAL,0,0.000,0.000,5.000,0.000,0.000,0.000,0.000,N/A
135,43.717,NODE,0,-5.302,-3.693,3.000,-0.135,0.584,0.000,0.599,zone=0 dist=1.33m
135,43.717,NODE,1,5.302,-3.692,3.000,0.136,0.586,0.000,0.602,zone=1 dist=1.33m
135,43.717,NODE,2,-4.052,4.051,3.000,0.422,-0.426,0.000,0.600,zone=2 dist=1.33m
135,43.717,NODE,3,4.051,4.051,3.000,-0.423,-0.424,0.000,0.599,zone=3 dist=1.33m
135,43.717,SCOUT,0,-3.793,-3.732,3.000,-0.135,0.584,0.000,0.599,cmd_age=0.02s bat=1.00 dist=1.30m
135,43.717,SCOUT,1,-5.293,-2.232,3.000,-0.135,0.584,0.000,0.599,cmd_age=0.02s bat=1.00 dist=1.30m
135,43.717,SCOUT,2,-6.793,-3.732,3.000,-0.135,0.584,0.000,0.599,cmd_age=0.02s bat=1.00 dist=1.30m
135,43.717,SCOUT,3,-5.293,-5.232,3.000,-0.135,0.584,0.000,0.599,cmd_age=0.02s bat=1.00 dist=1.30m
135,43.717,SCOUT,4,6.793,-3.731,3.000,0.135,0.586,0.000,0.601,cmd_age=0.02s bat=1.00 dist=1.30m
135,43.717,SCOUT,5,5.293,-2.231,3.000,0.135,0.586,0.000,0.601,cmd_age=0.02s bat=1.00 dist=1.30m
135,43.717,SCOUT,6,3.793,-3.731,3.000,0.135,0.586,0.000,0.601,cmd_age=0.02s bat=1.00 dist=1.30m
135,43.717,SCOUT,7,5.293,-5.231,3.000,0.135,0.586,0.000,0.601,cmd_age=0.02s bat=1.00 dist=1.30m
135,43.717,SCOUT,8,-2.580,4.079,3.000,0.424,-0.425,0.000,0.600,cmd_age=0.02s bat=1.00 dist=1.30m
135,43.717,SCOUT,9,-4.080,5.579,3.000,0.424,-0.425,0.000,0.600,cmd_age=0.02s bat=1.00 dist=1.30m
135,43.717,SCOUT,10,-5.580,4.079,3.000,0.424,-0.425,0.000,0.600,cmd_age=0.02s bat=1.00 dist=1.30m
135,43.717,SCOUT,11,-4.080,2.579,3.000,0.424,-0.425,0.000,0.600,cmd_age=0.02s bat=1.00 dist=1.30m
135,43.717,SCOUT,12,5.580,4.080,3.000,-0.424,-0.424,0.000,0.600,cmd_age=0.02s bat=1.00 dist=1.30m
135,43.717,SCOUT,13,4.080,5.580,3.000,-0.424,-0.424,0.000,0.600,cmd_age=0.02s bat=1.00 dist=1.30m
135,43.717,SCOUT,14,2.580,4.080,3.000,-0.424,-0.424,0.000,0.600,cmd_age=0.02s bat=1.00 dist=1.30m
135,43.717,SCOUT,15,4.080,2.580,3.000,-0.424,-0.424,0.000,0.600,cmd_age=0.02s bat=1.00 dist=1.30m
135,43.717,WORKER,0,-4.538,-1.002,3.000,-0.718,1.867,0.000,2.000,state=MOVING bat=1.00 dist=4.28m
135,43.717,WORKER,1,7.329,-0.729,3.000,0.153,1.994,0.000,2.000,state=MOVING bat=1.00 dist=4.28m
135,43.717,WORKER,2,-0.233,1.730,3.000,1.292,-1.527,0.000,2.000,state=MOVING bat=1.00 dist=4.28m
135,43.717,WORKER,3,3.763,2.195,3.000,-1.511,-1.310,0.000,2.000,state=MOVING bat=1.00 dist=4.28m
136,43.970,GENERAL,0,0.000,0.000,5.000,0.000,0.000,0.000,0.000,N/A
136,43.970,NODE,0,-5.304,-3.683,3.000,-0.136,0.583,0.000,0.599,zone=0 dist=1.34m
136,43.970,NODE,1,5.304,-3.682,3.000,0.136,0.586,0.000,0.601,zone=1 dist=1.34m
136,43.970,NODE,2,-4.045,4.044,3.000,0.423,-0.425,0.000,0.600,zone=2 dist=1.34m
136,43.970,NODE,3,4.044,4.044,3.000,-0.423,-0.424,0.000,0.599,zone=3 dist=1.34m
136,43.970,SCOUT,0,-3.795,-3.722,3.000,-0.135,0.584,0.000,0.599,cmd_age=0.02s bat=1.00 dist=1.31m
136,43.970,SCOUT,1,-5.295,-2.222,3.000,-0.135,0.584,0.000,0.599,cmd_age=0.02s bat=1.00 dist=1.31m
136,43.970,SCOUT,2,-6.795,-3.722,3.000,-0.135,0.584,0.000,0.599,cmd_age=0.02s bat=1.00 dist=1.31m
136,43.970,SCOUT,3,-5.295,-5.222,3.000,-0.135,0.584,0.000,0.599,cmd_age=0.02s bat=1.00 dist=1.31m
136,43.970,SCOUT,4,6.795,-3.721,3.000,0.136,0.586,0.000,0.601,cmd_age=0.02s bat=1.00 dist=1.31m
136,43.970,SCOUT,5,5.295,-2.221,3.000,0.136,0.586,0.000,0.601,cmd_age=0.02s bat=1.00 dist=1.31m
136,43.970,SCOUT,6,3.795,-3.721,3.000,0.136,0.586,0.000,0.601,cmd_age=0.02s bat=1.00 dist=1.31m
136,43.970,SCOUT,7,5.295,-5.221,3.000,0.136,0.586,0.000,0.601,cmd_age=0.02s bat=1.00 dist=1.31m
136,43.970,SCOUT,8,-2.573,4.072,3.000,0.424,-0.425,0.000,0.600,cmd_age=0.02s bat=1.00 dist=1.31m
136,43.970,SCOUT,9,-4.073,5.572,3.000,0.424,-0.425,0.000,0.600,cmd_age=0.02s bat=1.00 dist=1.31m
136,43.970,SCOUT,10,-5.573,4.072,3.000,0.424,-0.425,0.000,0.600,cmd_age=0.02s bat=1.00 dist=1.31m
136,43.970,SCOUT,11,-4.073,2.572,3.000,0.424,-0.425,0.000,0.600,cmd_age=0.02s bat=1.00 dist=1.31m
136,43.970,SCOUT,12,5.572,4.073,3.000,-0.424,-0.424,0.000,0.599,cmd_age=0.02s bat=1.00 dist=1.31m
136,43.970,SCOUT,13,4.072,5.573,3.000,-0.424,-0.424,0.000,0.599,cmd_age=0.02s bat=1.00 dist=1.31m
136,43.970,SCOUT,14,2.572,4.073,3.000,-0.424,-0.424,0.000,0.599,cmd_age=0.02s bat=1.00 dist=1.31m
136,43.970,SCOUT,15,4.072,2.573,3.000,-0.424,-0.424,0.000,0.599,cmd_age=0.02s bat=1.00 dist=1.31m
136,43.970,WORKER,0,-4.550,-0.971,3.000,-0.718,1.867,0.000,2.000,state=MOVING bat=1.00 dist=4.31m
136,43.970,WORKER,1,7.331,-0.696,3.000,0.153,1.994,0.000,2.000,state=MOVING bat=1.00 dist=4.31m
136,43.970,WORKER,2,-0.212,1.705,3.000,1.292,-1.527,0.000,2.000,state=MOVING bat=1.00 dist=4.31m
136,43.970,WORKER,3,3.738,2.173,3.000,-1.511,-1.310,0.000,2.000,state=MOVING bat=1.00 dist=4.31m
137,44.221,GENERAL,0,0.000,0.000,5.000,0.000,0.000,0.000,0.000,N/A
137,44.221,NODE,0,-5.306,-3.673,3.000,-0.135,0.585,0.000,0.600,zone=0 dist=1.35m
137,44.221,NODE,1,5.306,-3.673,3.000,0.136,0.586,0.000,0.601,zone=1 dist=1.35m
137,44.221,NODE,2,-4.038,4.037,3.000,0.424,-0.424,0.000,0.600,zone=2 dist=1.35m
137,44.221,NODE,3,4.037,4.037,3.000,-0.424,-0.424,0.000,0.600,zone=3 dist=1.35m
137,44.221,SCOUT,0,-3.797,-3.712,3.000,-0.135,0.584,0.000,0.599,cmd_age=0.02s bat=1.00 dist=1.32m
137,44.221,SCOUT,1,-5.297,-2.212,3.000,-0.135,0.584,0.000,0.599,cmd_age=0.02s bat=1.00 dist=1.32m
137,44.221,SCOUT,2,-6.797,-3.712,3.000,-0.135,0.584,0.000,0.599,cmd_age=0.02s bat=1.00 dist=1.32m
137,44.221,SCOUT,3,-5.297,-5.212,3.000,-0.135,0.584,0.000,0.599,cmd_age=0.02s bat=1.00 dist=1.32m
137,44.221,SCOUT,4,6.797,-3.712,3.000,0.136,0.586,0.000,0.601,cmd_age=0.02s bat=1.00 dist=1.32m
137,44.221,SCOUT,5,5.297,-2.212,3.000,0.136,0.586,0.000,0.601,cmd_age=0.02s bat=1.00 dist=1.32m
137,44.221,SCOUT,6,3.797,-3.712,3.000,0.136,0.586,0.000,0.601,cmd_age=0.02s bat=1.00 dist=1.32m
137,44.221,SCOUT,7,5.297,-5.212,3.000,0.136,0.586,0.000,0.601,cmd_age=0.02s bat=1.00 dist=1.32m
137,44.221,SCOUT,8,-2.566,4.065,3.000,0.424,-0.425,0.000,0.600,cmd_age=0.02s bat=1.00 dist=1.32m
137,44.221,SCOUT,9,-4.066,5.565,3.000,0.424,-0.425,0.000,0.600,cmd_age=0.02s bat=1.00 dist=1.32m
137,44.221,SCOUT,10,-5.566,4.065,3.000,0.424,-0.425,0.000,0.600,cmd_age=0.02s bat=1.00 dist=1.32m
137,44.221,SCOUT,11,-4.066,2.565,3.000,0.424,-0.425,0.000,0.600,cmd_age=0.02s bat=1.00 dist=1.32m
137,44.221,SCOUT,12,5.565,4.065,3.000,-0.424,-0.424,0.000,0.599,cmd_age=0.02s bat=1.00 dist=1.32m
137,44.221,SCOUT,13,4.065,5.565,3.000,-0.424,-0.424,0.000,0.599,cmd_age=0.02s bat=1.00 dist=1.32m
137,44.221,SCOUT,14,2.565,4.065,3.000,-0.424,-0.424,0.000,0.599,cmd_age=0.02s bat=1.00 dist=1.32m
137,44.221,SCOUT,15,4.065,2.565,3.000,-0.424,-0.424,0.000,0.599,cmd_age=0.02s bat=1.00 dist=1.32m
137,44.221,WORKER,0,-4.562,-0.940,3.000,-0.718,1.867,0.000,2.000,state=MOVING bat=1.00 dist=4.35m
137,44.221,WORKER,1,7.334,-0.663,3.000,0.153,1.994,0.000,2.000,state=MOVING bat=1.00 dist=4.35m
137,44.221,WORKER,2,-0.190,1.679,3.000,1.292,-1.527,0.000,2.000,state=MOVING bat=1.00 dist=4.35m
137,44.221,WORKER,3,3.713,2.151,3.000,-1.511,-1.310,0.000,2.000,state=MOVING bat=1.00 dist=4.35m
138,44.443,GENERAL,0,0.000,0.000,5.000,0.000,0.000,0.000,0.000,N/A
138,44.443,NODE,0,-5.308,-3.664,3.000,-0.135,0.585,0.000,0.600,zone=0 dist=1.36m
138,44.443,NODE,1,5.308,-3.663,3.000,0.135,0.585,0.000,0.600,zone=1 dist=1.36m
138,44.443,NODE,2,-4.031,4.030,3.000,0.424,-0.425,0.000,0.600,zone=2 dist=1.36m
138,44.443,NODE,3,4.030,4.030,3.000,-0.424,-0.423,0.000,0.599,zone=3 dist=1.36m
138,44.443,SCOUT,0,-3.799,-3.703,3.000,-0.135,0.584,0.000,0.600,cmd_age=0.02s bat=1.00 dist=1.33m
138,44.443,SCOUT,1,-5.299,-2.203,3.000,-0.135,0.584,0.000,0.600,cmd_age=0.02s bat=1.00 dist=1.33m
138,44.443,SCOUT,2,-6.799,-3.703,3.000,-0.135,0.584,0.000,0.600,cmd_age=0.02s bat=1.00 dist=1.33m
138,44.443,SCOUT,3,-5.299,-5.203,3.000,-0.135,0.584,0.000,0.600,cmd_age=0.02s bat=1.00 dist=1.33m
138,44.443,SCOUT,4,6.799,-3.702,3.000,0.136,0.586,0.000,0.601,cmd_age=0.02s bat=1.00 dist=1.33m
138,44.443,SCOUT,5,5.299,-2.202,3.000,0.136,0.586,0.000,0.601,cmd_age=0.02s bat=1.00 dist=1.33m
138,44.443,SCOUT,6,3.799,-3.702,3.000,0.136,0.586,0.000,0.601,cmd_age=0.02s bat=1.00 dist=1.33m
138,44.443,SCOUT,7,5.299,-5.202,3.000,0.136,0.586,0.000,0.601,cmd_age=0.02s bat=1.00 dist=1.33m
138,44.443,SCOUT,8,-2.559,4.058,3.000,0.424,-0.425,0.000,0.600,cmd_age=0.02s bat=1.00 dist=1.33m
138,44.443,SCOUT,9,-4.059,5.558,3.000,0.424,-0.425,0.000,0.600,cmd_age=0.02s bat=1.00 dist=1.33m
138,44.443,SCOUT,10,-5.559,4.058,3.000,0.424,-0.425,0.000,0.600,cmd_age=0.02s bat=1.00 dist=1.33m
138,44.443,SCOUT,11,-4.059,2.558,3.000,0.424,-0.425,0.000,0.600,cmd_age=0.02s bat=1.00 dist=1.33m
138,44.443,SCOUT,12,5.558,4.058,3.000,-0.424,-0.424,0.000,0.599,cmd_age=0.02s bat=1.00 dist=1.33m
138,44.443,SCOUT,13,4.058,5.558,3.000,-0.424,-0.424,0.000,0.599,cmd_age=0.02s bat=1.00 dist=1.33m
138,44.443,SCOUT,14,2.558,4.058,3.000,-0.424,-0.424,0.000,0.599,cmd_age=0.02s bat=1.00 dist=1.33m
138,44.443,SCOUT,15,4.058,2.558,3.000,-0.424,-0.424,0.000,0.599,cmd_age=0.02s bat=1.00 dist=1.33m
138,44.443,WORKER,0,-4.574,-0.909,3.000,-0.718,1.867,0.000,2.000,state=MOVING bat=1.00 dist=4.38m
138,44.443,WORKER,1,7.336,-0.630,3.000,0.153,1.994,0.000,2.000,state=MOVING bat=1.00 dist=4.38m
138,44.443,WORKER,2,-0.169,1.654,3.000,1.292,-1.527,0.000,2.000,state=MOVING bat=1.00 dist=4.38m
138,44.443,WORKER,3,3.688,2.129,3.000,-1.511,-1.310,0.000,2.000,state=MOVING bat=1.00 dist=4.38m
139,44.750,GENERAL,0,0.000,0.000,5.000,0.000,0.000,0.000,0.000,N/A
139,44.750,NODE,0,-5.311,-3.654,3.000,-0.135,0.585,0.000,0.600,zone=0 dist=1.37m
139,44.750,NODE,1,5.311,-3.653,3.000,0.135,0.584,0.000,0.599,zone=1 dist=1.37m
139,44.750,NODE,2,-4.024,4.022,3.000,0.424,-0.426,0.000,0.601,zone=2 dist=1.37m
139,44.750,NODE,3,4.023,4.023,3.000,-0.424,-0.423,0.000,0.599,zone=3 dist=1.37m
139,44.750,SCOUT,0,-3.802,-3.693,3.000,-0.135,0.584,0.000,0.600,cmd_age=0.02s bat=1.00 dist=1.34m
139,44.750,SCOUT,1,-5.302,-2.193,3.000,-0.135,0.584,0.000,0.600,cmd_age=0.02s bat=1.00 dist=1.34m
139,44.750,SCOUT,2,-6.802,-3.693,3.000,-0.135,0.584,0.000,0.600,cmd_age=0.02s bat=1.00 dist=1.34m
139,44.750,SCOUT,3,-5.302,-5.193,3.000,-0.135,0.584,0.000,0.600,cmd_age=0.02s bat=1.00 dist=1.34m
139,44.750,SCOUT,4,6.802,-3.692,3.000,0.136,0.585,0.000,0.601,cmd_age=0.02s bat=1.00 dist=1.34m
139,44.750,SCOUT,5,5.302,-2.192,3.000,0.136,0.585,0.000,0.601,cmd_age=0.02s bat=1.00 dist=1.34m
139,44.750,SCOUT,6,3.802,-3.692,3.000,0.136,0.585,0.000,0.601,cmd_age=0.02s bat=1.00 dist=1.34m
139,44.750,SCOUT,7,5.302,-5.192,3.000,0.136,0.585,0.000,0.601,cmd_age=0.02s bat=1.00 dist=1.34m
139,44.750,SCOUT,8,-2.552,4.051,3.000,0.424,-0.425,0.000,0.600,cmd_age=0.02s bat=1.00 dist=1.34m
139,44.750,SCOUT,9,-4.052,5.551,3.000,0.424,-0.425,0.000,0.600,cmd_age=0.02s bat=1.00 dist=1.34m
139,44.750,SCOUT,10,-5.552,4.051,3.000,0.424,-0.425,0.000,0.600,cmd_age=0.02s bat=1.00 dist=1.34m
139,44.750,SCOUT,11,-4.052,2.551,3.000,0.424,-0.425,0.000,0.600,cmd_age=0.02s bat=1.00 dist=1.34m
139,44.750,SCOUT,12,5.551,4.051,3.000,-0.424,-0.424,0.000,0.599,cmd_age=0.02s bat=1.00 dist=1.34m
139,44.750,SCOUT,13,4.051,5.551,3.000,-0.424,-0.424,0.000,0.599,cmd_age=0.02s bat=1.00 dist=1.34m
139,44.750,SCOUT,14,2.551,4.051,3.000,-0.424,-0.424,0.000,0.599,cmd_age=0.02s bat=1.00 dist=1.34m
139,44.750,SCOUT,15,4.051,2.551,3.000,-0.424,-0.424,0.000,0.599,cmd_age=0.02s bat=1.00 dist=1.34m
139,44.750,WORKER,0,-4.585,-0.878,3.000,-0.718,1.867,0.000,2.000,state=MOVING bat=1.00 dist=4.41m
139,44.750,WORKER,1,7.339,-0.596,3.000,0.153,1.994,0.000,2.000,state=MOVING bat=1.00 dist=4.41m
139,44.750,WORKER,2,-0.147,1.628,3.000,1.292,-1.527,0.000,2.000,state=MOVING bat=1.00 dist=4.41m
139,44.750,WORKER,3,3.662,2.107,3.000,-1.511,-1.310,0.000,2.000,state=MOVING bat=1.00 dist=4.41m
140,45.179,GENERAL,0,0.000,0.000,5.000,0.000,0.000,0.000,0.000,N/A
140,45.179,NODE,0,-5.313,-3.644,3.000,-0.134,0.583,0.000,0.599,zone=0 dist=1.38m
140,45.179,NODE,1,5.313,-3.643,3.000,0.135,0.585,0.000,0.600,zone=1 dist=1.38m
140,45.179,NODE,2,-4.016,4.015,3.000,0.424,-0.424,0.000,0.600,zone=2 dist=1.38m
140,45.179,NODE,3,4.016,4.016,3.000,-0.424,-0.423,0.000,0.598,zone=3 dist=1.38m
140,45.179,SCOUT,0,-3.804,-3.683,3.000,-0.135,0.584,0.000,0.599,cmd_age=0.02s bat=1.00 dist=1.35m
140,45.179,SCOUT,1,-5.304,-2.183,3.000,-0.135,0.584,0.000,0.599,cmd_age=0.02s bat=1.00 dist=1.35m
140,45.179,SCOUT,2,-6.804,-3.683,3.000,-0.135,0.584,0.000,0.599,cmd_age=0.02s bat=1.00 dist=1.35m
140,45.179,SCOUT,3,-5.304,-5.183,3.000,-0.135,0.584,0.000,0.599,cmd_age=0.02s bat=1.00 dist=1.35m
140,45.179,SCOUT,4,6.804,-3.682,3.000,0.135,0.585,0.000,0.601,cmd_age=0.02s bat=1.00 dist=1.35m
140,45.179,SCOUT,5,5.304,-2.182,3.000,0.135,0.585,0.000,0.601,cmd_age=0.02s bat=1.00 dist=1.35m
140,45.179,SCOUT,6,3.804,-3.682,3.000,0.135,0.585,0.000,0.601,cmd_age=0.02s bat=1.00 dist=1.35m
140,45.179,SCOUT,7,5.304,-5.182,3.000,0.135,0.585,0.000,0.601,cmd_age=0.02s bat=1.00 dist=1.35m
140,45.179,SCOUT,8,-2.545,4.044,3.000,0.424,-0.425,0.000,0.600,cmd_age=0.02s bat=1.00 dist=1.35m
140,45.179,SCOUT,9,-4.045,5.544,3.000,0.424,-0.425,0.000,0.600,cmd_age=0.02s bat=1.00 dist=1.35m
140,45.179,SCOUT,10,-5.545,4.044,3.000,0.424,-0.425,0.000,0.600,cmd_age=0.02s bat=1.00 dist=1.35m
140,45.179,SCOUT,11,-4.045,2.544,3.000,0.424,-0.425,0.000,0.600,cmd_age=0.02s bat=1.00 dist=1.35m
140,45.179,SCOUT,12,5.544,4.044,3.000,-0.424,-0.423,0.000,0.599,cmd_age=0.02s bat=1.00 dist=1.35m
140,45.179,SCOUT,13,4.044,5.544,3.000,-0.424,-0.423,0.000,0.599,cmd_age=0.02s bat=1.00 dist=1.35m
140,45.179,SCOUT,14,2.544,4.044,3.000,-0.424,-0.423,0.000,0.599,cmd_age=0.02s bat=1.00 dist=1.35m
140,45.179,SCOUT,15,4.044,2.544,3.000,-0.424,-0.423,0.000,0.599,cmd_age=0.02s bat=1.00 dist=1.35m
140,45.179,WORKER,0,-4.597,-0.847,3.000,-0.718,1.867,0.000,2.000,state=MOVING bat=1.00 dist=4.45m
140,45.179,WORKER,1,7.341,-0.563,3.000,0.153,1.994,0.000,2.000,state=MOVING bat=1.00 dist=4.45m
140,45.179,WORKER,2,-0.126,1.603,3.000,1.292,-1.527,0.000,2.000,state=MOVING bat=1.00 dist=4.45m
140,45.179,WORKER,3,3.637,2.086,3.000,-1.511,-1.310,0.000,2.000,state=MOVING bat=1.00 dist=4.45m
141,45.494,GENERAL,0,0.000,0.000,5.000,0.000,0.000,0.000,0.000,N/A
141,45.494,NODE,0,-5.315,-3.634,3.000,-0.135,0.584,0.000,0.600,zone=0 dist=1.39m
141,45.494,NODE,1,5.315,-3.634,3.000,0.135,0.585,0.000,0.600,zone=1 dist=1.39m
141,45.494,NODE,2,-4.009,4.008,3.000,0.425,-0.424,0.000,0.600,zone=2 dist=1.39m
141,45.494,NODE,3,4.009,4.009,3.000,-0.424,-0.423,0.000,0.599,zone=3 dist=1.39m
141,45.494,SCOUT,0,-3.806,-3.673,3.000,-0.135,0.584,0.000,0.600,cmd_age=0.02s bat=1.00 dist=1.36m
141,45.494,SCOUT,1,-5.306,-2.173,3.000,-0.135,0.584,0.000,0.600,cmd_age=0.02s bat=1.00 dist=1.36m
141,45.494,SCOUT,2,-6.806,-3.673,3.000,-0.135,0.584,0.000,0.600,cmd_age=0.02s bat=1.00 dist=1.36m
141,45.494,SCOUT,3,-5.306,-5.173,3.000,-0.135,0.584,0.000,0.600,cmd_age=0.02s bat=1.00 dist=1.36m
141,45.494,SCOUT,4,6.806,-3.673,3.000,0.135,0.585,0.000,0.601,cmd_age=0.02s bat=1.00 dist=1.36m
141,45.494,SCOUT,5,5.306,-2.173,3.000,0.135,0.585,0.000,0.601,cmd_age=0.02s bat=1.00 dist=1.36m
141,45.494,SCOUT,6,3.806,-3.673,3.000,0.135,0.585,0.000,0.601,cmd_age=0.02s bat=1.00 dist=1.36m
141,45.494,SCOUT,7,5.306,-5.173,3.000,0.135,0.585,0.000,0.601,cmd_age=0.02s bat=1.00 dist=1.36m
141,45.494,SCOUT,8,-2.538,4.037,3.000,0.424,-0.425,0.000,0.600,cmd_age=0.02s bat=1.00 dist=1.36m
141,45.494,SCOUT,9,-4.038,5.537,3.000,0.424,-0.425,0.000,0.600,cmd_age=0.02s bat=1.00 dist=1.36m
141,45.494,SCOUT,10,-5.538,4.037,3.000,0.424,-0.425,0.000,0.600,cmd_age=0.02s bat=1.00 dist=1.36m
141,45.494,SCOUT,11,-4.038,2.537,3.000,0.424,-0.425,0.000,0.600,cmd_age=0.02s bat=1.00 dist=1.36m
141,45.494,SCOUT,12,5.537,4.037,3.000,-0.424,-0.423,0.000,0.599,cmd_age=0.02s bat=1.00 dist=1.36m
141,45.494,SCOUT,13,4.037,5.537,3.000,-0.424,-0.423,0.000,0.599,cmd_age=0.02s bat=1.00 dist=1.36m
141,45.494,SCOUT,14,2.537,4.037,3.000,-0.424,-0.423,0.000,0.599,cmd_age=0.02s bat=1.00 dist=1.36m
141,45.494,SCOUT,15,4.037,2.537,3.000,-0.424,-0.423,0.000,0.599,cmd_age=0.02s bat=1.00 dist=1.36m
141,45.494,WORKER,0,-4.609,-0.816,3.000,-0.718,1.867,0.000,2.000,state=MOVING bat=1.00 dist=4.48m
141,45.494,WORKER,1,7.344,-0.530,3.000,0.153,1.994,0.000,2.000,state=MOVING bat=1.00 dist=4.48m
141,45.494,WORKER,2,-0.104,1.577,3.000,1.292,-1.527,0.000,2.000,state=MOVING bat=1.00 dist=4.48m
141,45.494,WORKER,3,3.612,2.064,3.000,-1.511,-1.310,0.000,2.000,state=MOVING bat=1.00 dist=4.48m
142,45.871,GENERAL,0,0.000,0.000,5.000,0.000,0.000,0.000,0.000,N/A
142,45.871,NODE,0,-5.317,-3.625,3.000,-0.135,0.585,0.000,0.600,zone=0 dist=1.40m
142,45.871,NODE,1,5.317,-3.624,3.000,0.135,0.586,0.000,0.601,zone=1 dist=1.40m
142,45.871,NODE,2,-4.002,4.001,3.000,0.423,-0.425,0.000,0.600,zone=2 dist=1.40m
142,45.871,NODE,3,4.002,4.002,3.000,-0.426,-0.423,0.000,0.600,zone=3 dist=1.40m
142,45.871,SCOUT,0,-3.808,-3.664,3.000,-0.135,0.584,0.000,0.600,cmd_age=0.02s bat=1.00 dist=1.37m
142,45.871,SCOUT,1,-5.308,-2.164,3.000,-0.135,0.584,0.000,0.600,cmd_age=0.02s bat=1.00 dist=1.37m
142,45.871,SCOUT,2,-6.808,-3.664,3.000,-0.135,0.584,0.000,0.600,cmd_age=0.02s bat=1.00 dist=1.37m
142,45.871,SCOUT,3,-5.308,-5.164,3.000,-0.135,0.584,0.000,0.600,cmd_age=0.02s bat=1.00 dist=1.37m
142,45.871,SCOUT,4,6.808,-3.663,3.000,0.135,0.585,0.000,0.601,cmd_age=0.02s bat=1.00 dist=1.37m
142,45.871,SCOUT,5,5.308,-2.163,3.000,0.135,0.585,0.000,0.601,cmd_age=0.02s bat=1.00 dist=1.37m
142,45.871,SCOUT,6,3.808,-3.663,3.000,0.135,0.585,0.000,0.601,cmd_age=0.02s bat=1.00 dist=1.37m
142,45.871,SCOUT,7,5.308,-5.163,3.000,0.135,0.585,0.000,0.601,cmd_age=0.02s bat=1.00 dist=1.37m
142,45.871,SCOUT,8,-2.531,4.030,3.000,0.424,-0.425,0.000,0.600,cmd_age=0.02s bat=1.00 dist=1.37m
142,45.871,SCOUT,9,-4.031,5.530,3.000,0.424,-0.425,0.000,0.600,cmd_age=0.02s bat=1.00 dist=1.37m
142,45.871,SCOUT,10,-5.531,4.030,3.000,0.424,-0.425,0.000,0.600,cmd_age=0.02s bat=1.00 dist=1.37m
142,45.871,SCOUT,11,-4.031,2.530,3.000,0.424,-0.425,0.000,0.600,cmd_age=0.02s bat=1.00 dist=1.37m
142,45.871,SCOUT,12,5.530,4.030,3.000,-0.424,-0.423,0.000,0.599,cmd_age=0.02s bat=1.00 dist=1.37m
142,45.871,SCOUT,13,4.030,5.530,3.000,-0.424,-0.423,0.000,0.599,cmd_age=0.02s bat=1.00 dist=1.37m
142,45.871,SCOUT,14,2.530,4.030,3.000,-0.424,-0.423,0.000,0.599,cmd_age=0.02s bat=1.00 dist=1.37m
142,45.871,SCOUT,15,4.030,2.530,3.000,-0.424,-0.423,0.000,0.599,cmd_age=0.02s bat=1.00 dist=1.37m
142,45.871,WORKER,0,-4.621,-0.784,3.000,-0.718,1.867,0.000,2.000,state=MOVING bat=1.00 dist=4.51m
142,45.871,WORKER,1,7.346,-0.497,3.000,0.153,1.994,0.000,2.000,state=MOVING bat=1.00 dist=4.51m
142,45.871,WORKER,2,-0.082,1.552,3.000,1.292,-1.527,0.000,2.000,state=MOVING bat=1.00 dist=4.51m
142,45.871,WORKER,3,3.587,2.042,3.000,-1.511,-1.310,0.000,2.000,state=MOVING bat=1.00 dist=4.51m
143,46.066,GENERAL,0,0.000,0.000,5.000,0.000,0.000,0.000,0.000,N/A
143,46.066,NODE,0,-5.320,-3.615,3.000,-0.136,0.584,0.000,0.600,zone=0 dist=1.41m
143,46.066,NODE,1,5.320,-3.614,3.000,0.135,0.585,0.000,0.600,zone=1 dist=1.41m
143,46.066,NODE,2,-3.995,3.994,3.000,0.423,-0.424,0.000,0.599,zone=2 dist=1.41m
143,46.066,NODE,3,3.995,3.995,3.000,-0.423,-0.423,0.000,0.598,zone=3 dist=1.41m
143,46.066,SCOUT,0,-3.811,-3.654,3.000,-0.135,0.584,0.000,0.600,cmd_age=0.02s bat=1.00 dist=1.38m
143,46.066,SCOUT,1,-5.311,-2.154,3.000,-0.135,0.584,0.000,0.600,cmd_age=0.02s bat=1.00 dist=1.38m
143,46.066,SCOUT,2,-6.811,-3.654,3.000,-0.135,0.584,0.000,0.600,cmd_age=0.02s bat=1.00 dist=1.38m
143,46.066,SCOUT,3,-5.311,-5.154,3.000,-0.135,0.584,0.000,0.600,cmd_age=0.02s bat=1.00 dist=1.38m
143,46.066,SCOUT,4,6.811,-3.653,3.000,0.135,0.585,0.000,0.601,cmd_age=0.02s bat=1.00 dist=1.38m
143,46.066,SCOUT,5,5.311,-2.153,3.000,0.135,0.585,0.000,0.601,cmd_age=0.02s bat=1.00 dist=1.38m
143,46.066,SCOUT,6,3.811,-3.653,3.000,0.135,0.585,0.000,0.601,cmd_age=0.02s bat=1.00 dist=1.38m
143,46.066,SCOUT,7,5.311,-5.153,3.000,0.135,0.585,0.000,0.601,cmd_age=0.02s bat=1.00 dist=1.38m
143,46.066,SCOUT,8,-2.524,4.022,3.000,0.424,-0.425,0.000,0.600,cmd_age=0.02s bat=1.00 dist=1.38m
143,46.066,SCOUT,9,-4.024,5.522,3.000,0.424,-0.425,0.000,0.600,cmd_age=0.02s bat=1.00 dist=1.38m
143,46.066,SCOUT,10,-5.524,4.022,3.000,0.424,-0.425,0.000,0.600,cmd_age=0.02s bat=1.00 dist=1.38m
143,46.066,SCOUT,11,-4.024,2.522,3.000,0.424,-0.425,0.000,0.600,cmd_age=0.02s bat=1.00 dist=1.38m
143,46.066,SCOUT,12,5.523,4.023,3.000,-0.424,-0.423,0.000,0.599,cmd_age=0.02s bat=1.00 dist=1.38m
143,46.066,SCOUT,13,4.023,5.523,3.000,-0.424,-0.423,0.000,0.599,cmd_age=0.02s bat=1.00 dist=1.38m
143,46.066,SCOUT,14,2.523,4.023,3.000,-0.424,-0.423,0.000,0.599,cmd_age=0.02s bat=1.00 dist=1.38m
143,46.066,SCOUT,15,4.023,2.523,3.000,-0.424,-0.423,0.000,0.599,cmd_age=0.02s bat=1.00 dist=1.38m
143,46.066,WORKER,0,-4.633,-0.753,3.000,-0.718,1.867,0.000,2.000,state=MOVING bat=1.00 dist=4.55m
143,46.066,WORKER,1,7.349,-0.463,3.000,0.153,1.994,0.000,2.000,state=MOVING bat=1.00 dist=4.55m
143,46.066,WORKER,2,-0.061,1.527,3.000,1.292,-1.527,0.000,2.000,state=MOVING bat=1.00 dist=4.55m
143,46.066,WORKER,3,3.562,2.020,3.000,-1.511,-1.310,0.000,2.000,state=MOVING bat=1.00 dist=4.55m
144,46.277,GENERAL,0,0.000,0.000,5.000,0.000,0.000,0.000,0.000,N/A
144,46.277,NODE,0,-5.322,-3.605,3.000,-0.135,0.585,0.000,0.600,zone=0 dist=1.42m
144,46.277,NODE,1,5.322,-3.604,3.000,0.135,0.585,0.000,0.601,zone=1 dist=1.42m
144,46.277,NODE,2,-3.988,3.987,3.000,0.423,-0.424,0.000,0.599,zone=2 dist=1.42m
144,46.277,NODE,3,3.988,3.988,3.000,-0.423,-0.423,0.000,0.599,zone=3 dist=1.42m
144,46.277,SCOUT,0,-3.813,-3.644,3.000,-0.135,0.584,0.000,0.600,cmd_age=0.02s bat=1.00 dist=1.39m
144,46.277,SCOUT,1,-5.313,-2.144,3.000,-0.135,0.584,0.000,0.600,cmd_age=0.02s bat=1.00 dist=1.39m
144,46.277,SCOUT,2,-6.813,-3.644,3.000,-0.135,0.584,0.000,0.600,cmd_age=0.02s bat=1.00 dist=1.39m
144,46.277,SCOUT,3,-5.313,-5.144,3.000,-0.135,0.584,0.000,0.600,cmd_age=0.02s bat=1.00 dist=1.39m
144,46.277,SCOUT,4,6.813,-3.643,3.000,0.135,0.585,0.000,0.601,cmd_age=0.02s bat=1.00 dist=1.39m
144,46.277,SCOUT,5,5.313,-2.143,3.000,0.135,0.585,0.000,0.601,cmd_age=0.02s bat=1.00 dist=1.39m
144,46.277,SCOUT,6,3.813,-3.643,3.000,0.135,0.585,0.000,0.601,cmd_age=0.02s bat=1.00 dist=1.39m
144,46.277,SCOUT,7,5.313,-5.143,3.000,0.135,0.585,0.000,0.601,cmd_age=0.02s bat=1.00 dist=1.39m
144,46.277,SCOUT,8,-2.516,4.015,3.000,0.424,-0.425,0.000,0.600,cmd_age=0.02s bat=1.00 dist=1.39m
144,46.277,SCOUT,9,-4.016,5.515,3.000,0.424,-0.425,0.000,0.600,cmd_age=0.02s bat=1.00 dist=1.39m
144,46.277,SCOUT,10,-5.516,4.015,3.000,0.424,-0.425,0.000,0.600,cmd_age=0.02s bat=1.00 dist=1.39m
144,46.277,SCOUT,11,-4.016,2.515,3.000,0.424,-0.425,0.000,0.600,cmd_age=0.02s bat=1.00 dist=1.39m
144,46.277,SCOUT,12,5.516,4.016,3.000,-0.424,-0.423,0.000,0.599,cmd_age=0.02s bat=1.00 dist=1.39m
144,46.277,SCOUT,13,4.016,5.516,3.000,-0.424,-0.423,0.000,0.599,cmd_age=0.02s bat=1.00 dist=1.39m
144,46.277,SCOUT,14,2.516,4.016,3.000,-0.424,-0.423,0.000,0.599,cmd_age=0.02s bat=1.00 dist=1.39m
144,46.277,SCOUT,15,4.016,2.516,3.000,-0.424,-0.423,0.000,0.599,cmd_age=0.02s bat=1.00 dist=1.39m
144,46.277,WORKER,0,-4.645,-0.722,3.000,-0.718,1.867,0.000,2.000,state=MOVING bat=1.00 dist=4.58m
144,46.277,WORKER,1,7.352,-0.430,3.000,0.153,1.994,0.000,2.000,state=MOVING bat=1.00 dist=4.58m
144,46.277,WORKER,2,-0.039,1.501,3.000,1.292,-1.527,0.000,2.000,state=MOVING bat=1.00 dist=4.58m
144,46.277,WORKER,3,3.536,1.998,3.000,-1.511,-1.310,0.000,2.000,state=MOVING bat=1.00 dist=4.58m
145,46.492,GENERAL,0,0.000,0.000,5.000,0.000,0.000,0.000,0.000,N/A
145,46.492,NODE,0,-5.324,-3.595,3.000,-0.135,0.585,0.000,0.601,zone=0 dist=1.43m
145,46.492,NODE,1,5.324,-3.595,3.000,0.134,0.585,0.000,0.600,zone=1 dist=1.43m
145,46.492,NODE,2,-3.981,3.980,3.000,0.424,-0.426,0.000,0.601,zone=2 dist=1.43m
145,46.492,NODE,3,3.981,3.981,3.000,-0.423,-0.424,0.000,0.599,zone=3 dist=1.43m
145,46.492,SCOUT,0,-3.815,-3.634,3.000,-0.135,0.585,0.000,0.600,cmd_age=0.02s bat=1.00 dist=1.40m
145,46.492,SCOUT,1,-5.315,-2.134,3.000,-0.135,0.585,0.000,0.600,cmd_age=0.02s bat=1.00 dist=1.40m
145,46.492,SCOUT,2,-6.815,-3.634,3.000,-0.135,0.585,0.000,0.600,cmd_age=0.02s bat=1.00 dist=1.40m
145,46.492,SCOUT,3,-5.315,-5.134,3.000,-0.135,0.585,0.000,0.600,cmd_age=0.02s bat=1.00 dist=1.40m
145,46.492,SCOUT,4,6.815,-3.634,3.000,0.135,0.585,0.000,0.600,cmd_age=0.02s bat=1.00 dist=1.40m
145,46.492,SCOUT,5,5.315,-2.134,3.000,0.135,0.585,0.000,0.600,cmd_age=0.02s bat=1.00 dist=1.40m
145,46.492,SCOUT,6,3.815,-3.634,3.000,0.135,0.585,0.000,0.600,cmd_age=0.02s bat=1.00 dist=1.40m
145,46.492,SCOUT,7,5.315,-5.134,3.000,0.135,0.585,0.000,0.600,cmd_age=0.02s bat=1.00 dist=1.40m
145,46.492,SCOUT,8,-2.509,4.008,3.000,0.424,-0.425,0.000,0.600,cmd_age=0.02s bat=1.00 dist=1.40m
145,46.492,SCOUT,9,-4.009,5.508,3.000,0.424,-0.425,0.000,0.600,cmd_age=0.02s bat=1.00 dist=1.40m
145,46.492,SCOUT,10,-5.509,4.008,3.000,0.424,-0.425,0.000,0.600,cmd_age=0.02s bat=1.00 dist=1.40m
145,46.492,SCOUT,11,-4.009,2.508,3.000,0.424,-0.425,0.000,0.600,cmd_age=0.02s bat=1.00 dist=1.40m
145,46.492,SCOUT,12,5.509,4.009,3.000,-0.424,-0.423,0.000,0.599,cmd_age=0.02s bat=1.00 dist=1.40m
145,46.492,SCOUT,13,4.009,5.509,3.000,-0.424,-0.423,0.000,0.599,cmd_age=0.02s bat=1.00 dist=1.40m
145,46.492,SCOUT,14,2.509,4.009,3.000,-0.424,-0.423,0.000,0.599,cmd_age=0.02s bat=1.00 dist=1.40m
145,46.492,SCOUT,15,4.009,2.509,3.000,-0.424,-0.423,0.000,0.599,cmd_age=0.02s bat=1.00 dist=1.40m
145,46.492,WORKER,0,-4.657,-0.691,3.000,-0.718,1.867,0.000,2.000,state=MOVING bat=1.00 dist=4.61m
145,46.492,WORKER,1,7.354,-0.397,3.000,0.153,1.994,0.000,2.000,state=MOVING bat=1.00 dist=4.61m
145,46.492,WORKER,2,-0.018,1.476,3.000,1.292,-1.527,0.000,2.000,state=MOVING bat=1.00 dist=4.61m
145,46.492,WORKER,3,3.511,1.976,3.000,-1.511,-1.310,0.000,2.000,state=MOVING bat=1.00 dist=4.61m
146,46.707,GENERAL,0,0.000,0.000,5.000,0.000,0.000,0.000,0.000,N/A
146,46.707,NODE,0,-5.326,-3.586,3.000,-0.135,0.585,0.000,0.600,zone=0 dist=1.44m
146,46.707,NODE,1,5.326,-3.585,3.000,0.134,0.585,0.000,0.600,zone=1 dist=1.44m
146,46.707,NODE,2,-3.974,3.973,3.000,0.424,-0.425,0.000,0.601,zone=2 dist=1.44m
146,46.707,NODE,3,3.974,3.974,3.000,-0.423,-0.423,0.000,0.598,zone=3 dist=1.44m
146,46.707,SCOUT,0,-3.817,-3.625,3.000,-0.135,0.585,0.000,0.600,cmd_age=0.02s bat=1.00 dist=1.41m
146,46.707,SCOUT,1,-5.317,-2.125,3.000,-0.135,0.585,0.000,0.600,cmd_age=0.02s bat=1.00 dist=1.41m
146,46.707,SCOUT,2,-6.817,-3.625,3.000,-0.135,0.585,0.000,0.600,cmd_age=0.02s bat=1.00 dist=1.41m
146,46.707,SCOUT,3,-5.317,-5.125,3.000,-0.135,0.585,0.000,0.600,cmd_age=0.02s bat=1.00 dist=1.41m
146,46.707,SCOUT,4,6.817,-3.624,3.000,0.135,0.585,0.000,0.600,cmd_age=0.02s bat=1.00 dist=1.41m
146,46.707,SCOUT,5,5.317,-2.124,3.000,0.135,0.585,0.000,0.600,cmd_age=0.02s bat=1.00 dist=1.41m
146,46.707,SCOUT,6,3.817,-3.624,3.000,0.135,0.585,0.000,0.600,cmd_age=0.02s bat=1.00 dist=1.41m
146,46.707,SCOUT,7,5.317,-5.124,3.000,0.135,0.585,0.000,0.600,cmd_age=0.02s bat=1.00 dist=1.41m
146,46.707,SCOUT,8,-2.502,4.001,3.000,0.424,-0.425,0.000,0.600,cmd_age=0.02s bat=1.00 dist=1.41m
146,46.707,SCOUT,9,-4.002,5.501,3.000,0.424,-0.425,0.000,0.600,cmd_age=0.02s bat=1.00 dist=1.41m
146,46.707,SCOUT,10,-5.502,4.001,3.000,0.424,-0.425,0.000,0.600,cmd_age=0.02s bat=1.00 dist=1.41m
146,46.707,SCOUT,11,-4.002,2.501,3.000,0.424,-0.425,0.000,0.600,cmd_age=0.02s bat=1.00 dist=1.41m
146,46.707,SCOUT,12,5.502,4.002,3.000,-0.423,-0.423,0.000,0.599,cmd_age=0.02s bat=1.00 dist=1.41m
146,46.707,SCOUT,13,4.002,5.502,3.000,-0.423,-0.423,0.000,0.599,cmd_age=0.02s bat=1.00 dist=1.41m
146,46.707,SCOUT,14,2.502,4.002,3.000,-0.423,-0.423,0.000,0.599,cmd_age=0.02s bat=1.00 dist=1.41m
146,46.707,SCOUT,15,4.002,2.502,3.000,-0.423,-0.423,0.000,0.599,cmd_age=0.02s bat=1.00 dist=1.41m
146,46.707,WORKER,0,-4.669,-0.660,3.000,-0.718,1.867,0.000,2.000,state=MOVING bat=1.00 dist=4.65m
146,46.707,WORKER,1,7.357,-0.364,3.000,0.153,1.994,0.000,2.000,state=MOVING bat=1.00 dist=4.65m
146,46.707,WORKER,2,0.004,1.450,3.000,1.292,-1.527,0.000,2.000,state=MOVING bat=1.00 dist=4.65m
146,46.707,WORKER,3,3.486,1.955,3.000,-1.511,-1.310,0.000,2.000,state=MOVING bat=1.00 dist=4.65m
147,46.920,GENERAL,0,0.000,0.000,5.000,0.000,0.000,0.000,0.000,N/A
147,46.920,NODE,0,-5.329,-3.576,3.000,-0.134,0.584,0.000,0.599,zone=0 dist=1.45m
147,46.920,NODE,1,5.329,-3.575,3.000,0.134,0.586,0.000,0.601,zone=1 dist=1.45m
147,46.920,NODE,2,-3.967,3.966,3.000,0.424,-0.427,0.000,0.602,zone=2 dist=1.45m
147,46.920,NODE,3,3.967,3.967,3.000,-0.423,-0.424,0.000,0.599,zone=3 dist=1.45m
147,46.920,SCOUT,0,-3.820,-3.615,3.000,-0.135,0.585,0.000,0.600,cmd_age=0.02s bat=1.00 dist=1.42m
147,46.920,SCOUT,1,-5.320,-2.115,3.000,-0.135,0.585,0.000,0.600,cmd_age=0.02s bat=1.00 dist=1.42m
147,46.920,SCOUT,2,-6.820,-3.615,3.000,-0.135,0.585,0.000,0.600,cmd_age=0.02s bat=1.00 dist=1.42m
147,46.920,SCOUT,3,-5.320,-5.115,3.000,-0.135,0.585,0.000,0.600,cmd_age=0.02s bat=1.00 dist=1.42m
147,46.920,SCOUT,4,6.820,-3.614,3.000,0.135,0.585,0.000,0.601,cmd_age=0.02s bat=1.00 dist=1.42m
147,46.920,SCOUT,5,5.320,-2.114,3.000,0.135,0.585,0.000,0.601,cmd_age=0.02s bat=1.00 dist=1.42m
147,46.920,SCOUT,6,3.820,-3.614,3.000,0.135,0.585,0.000,0.601,cmd_age=0.02s bat=1.00 dist=1.42m
147,46.920,SCOUT,7,5.320,-5.114,3.000,0.135,0.585,0.000,0.601,cmd_age=0.02s bat=1.00 dist=1.42m
147,46.920,SCOUT,8,-2.495,3.994,3.000,0.424,-0.425,0.000,0.600,cmd_age=0.02s bat=1.00 dist=1.42m
147,46.920,SCOUT,9,-3.995,5.494,3.000,0.424,-0.425,0.000,0.600,cmd_age=0.02s bat=1.00 dist=1.42m
147,46.920,SCOUT,10,-5.495,3.994,3.000,0.424,-0.425,0.000,0.600,cmd_age=0.02s bat=1.00 dist=1.42m
147,46.920,SCOUT,11,-3.995,2.494,3.000,0.424,-0.425,0.000,0.600,cmd_age=0.02s bat=1.00 dist=1.42m
147,46.920,SCOUT,12,5.495,3.995,3.000,-0.423,-0.423,0.000,0.599,cmd_age=0.02s bat=1.00 dist=1.42m
147,46.920,SCOUT,13,3.995,5.495,3.000,-0.423,-0.423,0.000,0.599,cmd_age=0.02s bat=1.00 dist=1.42m
147,46.920,SCOUT,14,2.495,3.995,3.000,-0.423,-0.423,0.000,0.599,cmd_age=0.02s bat=1.00 dist=1.42m
147,46.920,SCOUT,15,3.995,2.495,3.000,-0.423,-0.423,0.000,0.599,cmd_age=0.02s bat=1.00 dist=1.42m
147,46.920,WORKER,0,-4.681,-0.629,3.000,-0.718,1.867,0.000,2.000,state=MOVING bat=1.00 dist=4.68m
147,46.920,WORKER,1,7.359,-0.330,3.000,0.153,1.994,0.000,2.000,state=MOVING bat=1.00 dist=4.68m
147,46.920,WORKER,2,0.025,1.425,3.000,1.292,-1.527,0.000,2.000,state=MOVING bat=1.00 dist=4.68m
147,46.920,WORKER,3,3.461,1.933,3.000,-1.511,-1.310,0.000,2.000,state=MOVING bat=1.00 dist=4.68m
148,47.162,GENERAL,0,0.000,0.000,5.000,0.000,0.000,0.000,0.000,N/A
148,47.162,NODE,0,-5.331,-3.566,3.000,-0.135,0.586,0.000,0.601,zone=0 dist=1.46m
148,47.162,NODE,1,5.331,-3.565,3.000,0.135,0.586,0.000,0.601,zone=1 dist=1.46m
148,47.162,NODE,2,-3.960,3.959,3.000,0.425,-0.426,0.000,0.602,zone=2 dist=1.46m
148,47.162,NODE,3,3.959,3.960,3.000,-0.424,-0.424,0.000,0.599,zone=3 dist=1.46m
148,47.162,SCOUT,0,-3.822,-3.605,3.000,-0.135,0.585,0.000,0.600,cmd_age=0.02s bat=1.00 dist=1.43m
148,47.162,SCOUT,1,-5.322,-2.105,3.000,-0.135,0.585,0.000,0.600,cmd_age=0.02s bat=1.00 dist=1.43m
148,47.162,SCOUT,2,-6.822,-3.605,3.000,-0.135,0.585,0.000,0.600,cmd_age=0.02s bat=1.00 dist=1.43m
148,47.162,SCOUT,3,-5.322,-5.105,3.000,-0.135,0.585,0.000,0.600,cmd_age=0.02s bat=1.00 dist=1.43m
148,47.162,SCOUT,4,6.822,-3.604,3.000,0.135,0.585,0.000,0.601,cmd_age=0.02s bat=1.00 dist=1.43m
148,47.162,SCOUT,5,5.322,-2.104,3.000,0.135,0.585,0.000,0.601,cmd_age=0.02s bat=1.00 dist=1.43m
148,47.162,SCOUT,6,3.822,-3.604,3.000,0.135,0.585,0.000,0.601,cmd_age=0.02s bat=1.00 dist=1.43m
148,47.162,SCOUT,7,5.322,-5.104,3.000,0.135,0.585,0.000,0.601,cmd_age=0.02s bat=1.00 dist=1.43m
148,47.162,SCOUT,8,-2.488,3.987,3.000,0.424,-0.425,0.000,0.601,cmd_age=0.02s bat=1.00 dist=1.43m
148,47.162,SCOUT,9,-3.988,5.487,3.000,0.424,-0.425,0.000,0.601,cmd_age=0.02s bat=1.00 dist=1.43m
148,47.162,SCOUT,10,-5.488,3.987,3.000,0.424,-0.425,0.000,0.601,cmd_age=0.02s bat=1.00 dist=1.43m
148,47.162,SCOUT,11,-3.988,2.487,3.000,0.424,-0.425,0.000,0.601,cmd_age=0.02s bat=1.00 dist=1.43m
148,47.162,SCOUT,12,5.488,3.988,3.000,-0.424,-0.423,0.000,0.599,cmd_age=0.02s bat=1.00 dist=1.43m
148,47.162,SCOUT,13,3.988,5.488,3.000,-0.424,-0.423,0.000,0.599,cmd_age=0.02s bat=1.00 dist=1.43m
148,47.162,SCOUT,14,2.488,3.988,3.000,-0.424,-0.423,0.000,0.599,cmd_age=0.02s bat=1.00 dist=1.43m
148,47.162,SCOUT,15,3.988,2.488,3.000,-0.424,-0.423,0.000,0.599,cmd_age=0.02s bat=1.00 dist=1.43m
148,47.162,WORKER,0,-4.693,-0.598,3.000,-0.718,1.867,0.000,2.000,state=MOVING bat=1.00 dist=4.71m
148,47.162,WORKER,1,7.362,-0.297,3.000,0.153,1.994,0.000,2.000,state=MOVING bat=1.00 dist=4.71m
148,47.162,WORKER,2,0.047,1.399,3.000,1.292,-1.527,0.000,2.000,state=MOVING bat=1.00 dist=4.71m
148,47.162,WORKER,3,3.436,1.911,3.000,-1.511,-1.310,0.000,2.000,state=MOVING bat=1.00 dist=4.71m
149,47.399,GENERAL,0,0.000,0.000,5.000,0.000,0.000,0.000,0.000,N/A
149,47.399,NODE,0,-5.333,-3.556,3.000,-0.135,0.585,0.000,0.600,zone=0 dist=1.47m
149,47.399,NODE,1,5.333,-3.555,3.000,0.135,0.586,0.000,0.601,zone=1 dist=1.47m
149,47.399,NODE,2,-3.953,3.952,3.000,0.425,-0.425,0.000,0.601,zone=2 dist=1.47m
149,47.399,NODE,3,3.952,3.953,3.000,-0.424,-0.424,0.000,0.600,zone=3 dist=1.47m
149,47.399,SCOUT,0,-3.824,-3.595,3.000,-0.135,0.585,0.000,0.600,cmd_age=0.02s bat=1.00 dist=1.44m
149,47.399,SCOUT,1,-5.324,-2.095,3.000,-0.135,0.585,0.000,0.600,cmd_age=0.02s bat=1.00 dist=1.44m
149,47.399,SCOUT,2,-6.824,-3.595,3.000,-0.135,0.585,0.000,0.600,cmd_age=0.02s bat=1.00 dist=1.44m
149,47.399,SCOUT,3,-5.324,-5.095,3.000,-0.135,0.585,0.000,0.600,cmd_age=0.02s bat=1.00 dist=1.44m
149,47.399,SCOUT,4,6.824,-3.595,3.000,0.135,0.586,0.000,0.601,cmd_age=0.02s bat=1.00 dist=1.44m
149,47.399,SCOUT,5,5.324,-2.095,3.000,0.135,0.586,0.000,0.601,cmd_age=0.02s bat=1.00 dist=1.44m
149,47.399,SCOUT,6,3.824,-3.595,3.000,0.135,0.586,0.000,0.601,cmd_age=0.02s bat=1.00 dist=1.44m
149,47.399,SCOUT,7,5.324,-5.095,3.000,0.135,0.586,0.000,0.601,cmd_age=0.02s bat=1.00 dist=1.44m
149,47.399,SCOUT,8,-2.481,3.980,3.000,0.424,-0.425,0.000,0.601,cmd_age=0.02s bat=1.00 dist=1.44m
149,47.399,SCOUT,9,-3.981,5.480,3.000,0.424,-0.425,0.000,0.601,cmd_age=0.02s bat=1.00 dist=1.44m
149,47.399,SCOUT,10,-5.481,3.980,3.000,0.424,-0.425,0.000,0.601,cmd_age=0.02s bat=1.00 dist=1.44m
149,47.399,SCOUT,11,-3.981,2.480,3.000,0.424,-0.425,0.000,0.601,cmd_age=0.02s bat=1.00 dist=1.44m
149,47.399,SCOUT,12,5.481,3.981,3.000,-0.424,-0.424,0.000,0.599,cmd_age=0.02s bat=1.00 dist=1.44m
149,47.399,SCOUT,13,3.981,5.481,3.000,-0.424,-0.424,0.000,0.599,cmd_age=0.02s bat=1.00 dist=1.44m
149,47.399,SCOUT,14,2.481,3.981,3.000,-0.424,-0.424,0.000,0.599,cmd_age=0.02s bat=1.00 dist=1.44m
149,47.399,SCOUT,15,3.981,2.481,3.000,-0.424,-0.424,0.000,0.599,cmd_age=0.02s bat=1.00 dist=1.44m
149,47.399,WORKER,0,-4.705,-0.567,3.000,-0.718,1.867,0.000,2.000,state=MOVING bat=1.00 dist=4.75m
149,47.399,WORKER,1,7.364,-0.264,3.000,0.153,1.994,0.000,2.000,state=MOVING bat=1.00 dist=4.75m
149,47.399,WORKER,2,0.068,1.374,3.000,1.292,-1.527,0.000,2.000,state=MOVING bat=1.00 dist=4.75m
149,47.399,WORKER,3,3.410,1.889,3.000,-1.511,-1.310,0.000,2.000,state=MOVING bat=1.00 dist=4.75m
150,47.630,GENERAL,0,0.000,0.000,5.000,0.000,0.000,0.000,0.000,N/A
150,47.630,NODE,0,-5.335,-3.547,3.000,-0.134,0.583,0.000,0.599,zone=0 dist=1.48m
150,47.630,NODE,1,5.335,-3.546,3.000,0.137,0.585,0.000,0.601,zone=1 dist=1.48m
150,47.630,NODE,2,-3.946,3.945,3.000,0.426,-0.424,0.000,0.601,zone=2 dist=1.48m
150,47.630,NODE,3,3.945,3.946,3.000,-0.424,-0.423,0.000,0.599,zone=3 dist=1.48m
150,47.630,SCOUT,0,-3.826,-3.586,3.000,-0.135,0.585,0.000,0.600,cmd_age=0.02s bat=1.00 dist=1.45m
150,47.630,SCOUT,1,-5.326,-2.086,3.000,-0.135,0.585,0.000,0.600,cmd_age=0.02s bat=1.00 dist=1.45m
150,47.630,SCOUT,2,-6.826,-3.586,3.000,-0.135,0.585,0.000,0.600,cmd_age=0.02s bat=1.00 dist=1.45m
150,47.630,SCOUT,3,-5.326,-5.086,3.000,-0.135,0.585,0.000,0.600,cmd_age=0.02s bat=1.00 dist=1.45m
150,47.630,SCOUT,4,6.826,-3.585,3.000,0.135,0.585,0.000,0.601,cmd_age=0.02s bat=1.00 dist=1.45m
150,47.630,SCOUT,5,5.326,-2.085,3.000,0.135,0.585,0.000,0.601,cmd_age=0.02s bat=1.00 dist=1.45m
150,47.630,SCOUT,6,3.826,-3.585,3.000,0.135,0.585,0.000,0.601,cmd_age=0.02s bat=1.00 dist=1.45m
150,47.630,SCOUT,7,5.326,-5.085,3.000,0.135,0.585,0.000,0.601,cmd_age=0.02s bat=1.00 dist=1.45m
150,47.630,SCOUT,8,-2.474,3.973,3.000,0.424,-0.425,0.000,0.601,cmd_age=0.02s bat=1.00 dist=1.45m
150,47.630,SCOUT,9,-3.974,5.473,3.000,0.424,-0.425,0.000,0.601,cmd_age=0.02s bat=1.00 dist=1.45m
150,47.630,SCOUT,10,-5.474,3.973,3.000,0.424,-0.425,0.000,0.601,cmd_age=0.02s bat=1.00 dist=1.45m
150,47.630,SCOUT,11,-3.974,2.473,3.000,0.424,-0.425,0.000,0.601,cmd_age=0.02s bat=1.00 dist=1.45m
150,47.630,SCOUT,12,5.474,3.974,3.000,-0.424,-0.424,0.000,0.599,cmd_age=0.02s bat=1.00 dist=1.45m
150,47.630,SCOUT,13,3.974,5.474,3.000,-0.424,-0.424,0.000,0.599,cmd_age=0.02s bat=1.00 dist=1.45m
150,47.630,SCOUT,14,2.474,3.974,3.000,-0.424,-0.424,0.000,0.599,cmd_age=0.02s bat=1.00 dist=1.45m
150,47.630,SCOUT,15,3.974,2.474,3.000,-0.424,-0.424,0.000,0.599,cmd_age=0.02s bat=1.00 dist=1.45m
150,47.630,WORKER,0,-4.717,-0.535,3.000,-0.718,1.867,0.000,2.000,state=MOVING bat=1.00 dist=4.78m
150,47.630,WORKER,1,7.367,-0.231,3.000,0.153,1.994,0.000,2.000,state=MOVING bat=1.00 dist=4.78m
150,47.630,WORKER,2,0.090,1.348,3.000,1.292,-1.527,0.000,2.000,state=MOVING bat=1.00 dist=4.78m
150,47.630,WORKER,3,3.385,1.867,3.000,-1.511,-1.310,0.000,2.000,state=MOVING bat=1.00 dist=4.78m
151,47.863,GENERAL,0,0.000,0.000,5.000,0.000,0.000,0.000,0.000,N/A
151,47.863,NODE,0,-5.337,-3.537,3.000,-0.134,0.584,0.000,0.599,zone=0 dist=1.49m
151,47.863,NODE,1,5.338,-3.536,3.000,0.136,0.585,0.000,0.601,zone=1 dist=1.49m
151,47.863,NODE,2,-3.939,3.937,3.000,0.425,-0.424,0.000,0.601,zone=2 dist=1.49m
151,47.863,NODE,3,3.938,3.938,3.000,-0.424,-0.424,0.000,0.600,zone=3 dist=1.49m
151,47.863,SCOUT,0,-3.828,-3.576,3.000,-0.134,0.584,0.000,0.600,cmd_age=0.02s bat=1.00 dist=1.46m
151,47.863,SCOUT,1,-5.328,-2.076,3.000,-0.134,0.584,0.000,0.600,cmd_age=0.02s bat=1.00 dist=1.46m
151,47.863,SCOUT,2,-6.828,-3.576,3.000,-0.134,0.584,0.000,0.600,cmd_age=0.02s bat=1.00 dist=1.46m
151,47.863,SCOUT,3,-5.328,-5.076,3.000,-0.134,0.584,0.000,0.600,cmd_age=0.02s bat=1.00 dist=1.46m
151,47.863,SCOUT,4,6.829,-3.575,3.000,0.135,0.585,0.000,0.601,cmd_age=0.02s bat=1.00 dist=1.46m
151,47.863,SCOUT,5,5.329,-2.075,3.000,0.135,0.585,0.000,0.601,cmd_age=0.02s bat=1.00 dist=1.46m
151,47.863,SCOUT,6,3.829,-3.575,3.000,0.135,0.585,0.000,0.601,cmd_age=0.02s bat=1.00 dist=1.46m
151,47.863,SCOUT,7,5.329,-5.075,3.000,0.135,0.585,0.000,0.601,cmd_age=0.02s bat=1.00 dist=1.46m
151,47.863,SCOUT,8,-2.467,3.966,3.000,0.425,-0.425,0.000,0.601,cmd_age=0.02s bat=1.00 dist=1.46m
151,47.863,SCOUT,9,-3.967,5.466,3.000,0.425,-0.425,0.000,0.601,cmd_age=0.02s bat=1.00 dist=1.46m
151,47.863,SCOUT,10,-5.467,3.966,3.000,0.425,-0.425,0.000,0.601,cmd_age=0.02s bat=1.00 dist=1.46m
151,47.863,SCOUT,11,-3.967,2.466,3.000,0.425,-0.425,0.000,0.601,cmd_age=0.02s bat=1.00 dist=1.46m
151,47.863,SCOUT,12,5.467,3.967,3.000,-0.424,-0.424,0.000,0.599,cmd_age=0.02s bat=1.00 dist=1.46m
151,47.863,SCOUT,13,3.967,5.467,3.000,-0.424,-0.424,0.000,0.599,cmd_age=0.02s bat=1.00 dist=1.46m
151,47.863,SCOUT,14,2.467,3.967,3.000,-0.424,-0.424,0.000,0.599,cmd_age=0.02s bat=1.00 dist=1.46m
151,47.863,SCOUT,15,3.967,2.467,3.000,-0.424,-0.424,0.000,0.599,cmd_age=0.02s bat=1.00 dist=1.46m
151,47.863,WORKER,0,-4.729,-0.504,3.000,-0.718,1.867,0.000,2.000,state=MOVING bat=1.00 dist=4.81m
151,47.863,WORKER,1,7.369,-0.198,3.000,0.153,1.994,0.000,2.000,state=MOVING bat=1.00 dist=4.81m
151,47.863,WORKER,2,0.111,1.323,3.000,1.292,-1.527,0.000,2.000,state=MOVING bat=1.00 dist=4.81m
151,47.863,WORKER,3,3.360,1.845,3.000,-1.511,-1.310,0.000,2.000,state=MOVING bat=1.00 dist=4.81m
152,48.077,GENERAL,0,0.000,0.000,5.000,0.000,0.000,0.000,0.000,N/A
152,48.077,NODE,0,-5.340,-3.527,3.000,-0.135,0.583,0.000,0.599,zone=0 dist=1.50m
152,48.077,NODE,1,5.340,-3.526,3.000,0.136,0.585,0.000,0.600,zone=1 dist=1.50m
152,48.077,NODE,2,-3.932,3.930,3.000,0.425,-0.425,0.000,0.601,zone=2 dist=1.50m
152,48.077,NODE,3,3.931,3.931,3.000,-0.424,-0.423,0.000,0.599,zone=3 dist=1.50m
152,48.077,SCOUT,0,-3.831,-3.566,3.000,-0.134,0.584,0.000,0.599,cmd_age=0.02s bat=1.00 dist=1.47m
152,48.077,SCOUT,1,-5.331,-2.066,3.000,-0.134,0.584,0.000,0.599,cmd_age=0.02s bat=1.00 dist=1.47m
152,48.077,SCOUT,2,-6.831,-3.566,3.000,-0.134,0.584,0.000,0.599,cmd_age=0.02s bat=1.00 dist=1.47m
152,48.077,SCOUT,3,-5.331,-5.066,3.000,-0.134,0.584,0.000,0.599,cmd_age=0.02s bat=1.00 dist=1.47m
152,48.077,SCOUT,4,6.831,-3.565,3.000,0.136,0.585,0.000,0.601,cmd_age=0.02s bat=1.00 dist=1.47m
152,48.077,SCOUT,5,5.331,-2.065,3.000,0.136,0.585,0.000,0.601,cmd_age=0.02s bat=1.00 dist=1.47m
152,48.077,SCOUT,6,3.831,-3.565,3.000,0.136,0.585,0.000,0.601,cmd_age=0.02s bat=1.00 dist=1.47m
152,48.077,SCOUT,7,5.331,-5.065,3.000,0.136,0.585,0.000,0.601,cmd_age=0.02s bat=1.00 dist=1.47m
152,48.077,SCOUT,8,-2.460,3.959,3.000,0.425,-0.425,0.000,0.601,cmd_age=0.02s bat=1.00 dist=1.47m
152,48.077,SCOUT,9,-3.960,5.459,3.000,0.425,-0.425,0.000,0.601,cmd_age=0.02s bat=1.00 dist=1.47m
152,48.077,SCOUT,10,-5.460,3.959,3.000,0.425,-0.425,0.000,0.601,cmd_age=0.02s bat=1.00 dist=1.47m
152,48.077,SCOUT,11,-3.960,2.459,3.000,0.425,-0.425,0.000,0.601,cmd_age=0.02s bat=1.00 dist=1.47m
152,48.077,SCOUT,12,5.459,3.960,3.000,-0.424,-0.424,0.000,0.599,cmd_age=0.02s bat=1.00 dist=1.47m
152,48.077,SCOUT,13,3.959,5.460,3.000,-0.424,-0.424,0.000,0.599,cmd_age=0.02s bat=1.00 dist=1.47m
152,48.077,SCOUT,14,2.459,3.960,3.000,-0.424,-0.424,0.000,0.599,cmd_age=0.02s bat=1.00 dist=1.47m
152,48.077,SCOUT,15,3.959,2.460,3.000,-0.424,-0.424,0.000,0.599,cmd_age=0.02s bat=1.00 dist=1.47m
152,48.077,WORKER,0,-4.741,-0.473,3.000,-0.718,1.867,0.000,2.000,state=MOVING bat=1.00 dist=4.85m
152,48.077,WORKER,1,7.372,-0.164,3.000,0.153,1.994,0.000,2.000,state=MOVING bat=1.00 dist=4.85m
152,48.077,WORKER,2,0.133,1.298,3.000,1.292,-1.527,0.000,2.000,state=MOVING bat=1.00 dist=4.85m
152,48.077,WORKER,3,3.335,1.824,3.000,-1.511,-1.310,0.000,2.000,state=MOVING bat=1.00 dist=4.85m
153,48.291,GENERAL,0,0.000,0.000,5.000,0.000,0.000,0.000,0.000,N/A
153,48.291,NODE,0,-5.342,-3.517,3.000,-0.135,0.585,0.000,0.600,zone=0 dist=1.51m
153,48.291,NODE,1,5.342,-3.516,3.000,0.135,0.584,0.000,0.600,zone=1 dist=1.51m
153,48.291,NODE,2,-3.925,3.923,3.000,0.425,-0.425,0.000,0.601,zone=2 dist=1.51m
153,48.291,NODE,3,3.924,3.924,3.000,-0.423,-0.425,0.000,0.600,zone=3 dist=1.51m
153,48.291,SCOUT,0,-3.833,-3.556,3.000,-0.135,0.584,0.000,0.600,cmd_age=0.02s bat=1.00 dist=1.48m
153,48.291,SCOUT,1,-5.333,-2.056,3.000,-0.135,0.584,0.000,0.600,cmd_age=0.02s bat=1.00 dist=1.48m
153,48.291,SCOUT,2,-6.833,-3.556,3.000,-0.135,0.584,0.000,0.600,cmd_age=0.02s bat=1.00 dist=1.48m
153,48.291,SCOUT,3,-5.333,-5.056,3.000,-0.135,0.584,0.000,0.600,cmd_age=0.02s bat=1.00 dist=1.48m
153,48.291,SCOUT,4,6.833,-3.556,3.000,0.135,0.585,0.000,0.601,cmd_age=0.02s bat=1.00 dist=1.48m
153,48.291,SCOUT,5,5.333,-2.056,3.000,0.135,0.585,0.000,0.601,cmd_age=0.02s bat=1.00 dist=1.48m
153,48.291,SCOUT,6,3.833,-3.556,3.000,0.135,0.585,0.000,0.601,cmd_age=0.02s bat=1.00 dist=1.48m
153,48.291,SCOUT,7,5.333,-5.056,3.000,0.135,0.585,0.000,0.601,cmd_age=0.02s bat=1.00 dist=1.48m
153,48.291,SCOUT,8,-2.453,3.952,3.000,0.425,-0.425,0.000,0.601,cmd_age=0.02s bat=1.00 dist=1.48m
153,48.291,SCOUT,9,-3.953,5.452,3.000,0.425,-0.425,0.000,0.601,cmd_age=0.02s bat=1.00 dist=1.48m
153,48.291,SCOUT,10,-5.453,3.952,3.000,0.425,-0.425,0.000,0.601,cmd_age=0.02s bat=1.00 dist=1.48m
153,48.291,SCOUT,11,-3.953,2.452,3.000,0.425,-0.425,0.000,0.601,cmd_age=0.02s bat=1.00 dist=1.48m
153,48.291,SCOUT,12,5.452,3.953,3.000,-0.424,-0.424,0.000,0.599,cmd_age=0.02s bat=1.00 dist=1.48m
153,48.291,SCOUT,13,3.952,5.453,3.000,-0.424,-0.424,0.000,0.599,cmd_age=0.02s bat=1.00 dist=1.48m
153,48.291,SCOUT,14,2.452,3.953,3.000,-0.424,-0.424,0.000,0.599,cmd_age=0.02s bat=1.00 dist=1.48m
153,48.291,SCOUT,15,3.952,2.453,3.000,-0.424,-0.424,0.000,0.599,cmd_age=0.02s bat=1.00 dist=1.48m
153,48.291,WORKER,0,-4.753,-0.442,3.000,-0.718,1.867,0.000,2.000,state=MOVING bat=1.00 dist=4.88m
153,48.291,WORKER,1,7.375,-0.131,3.000,0.153,1.994,0.000,2.000,state=MOVING bat=1.00 dist=4.88m
153,48.291,WORKER,2,0.154,1.272,3.000,1.292,-1.527,0.000,2.000,state=MOVING bat=1.00 dist=4.88m
153,48.291,WORKER,3,3.310,1.802,3.000,-1.511,-1.310,0.000,2.000,state=MOVING bat=1.00 dist=4.88m
154,48.507,GENERAL,0,0.000,0.000,5.000,0.000,0.000,0.000,0.000,N/A
154,48.507,NODE,0,-5.344,-3.508,3.000,-0.134,0.584,0.000,0.600,zone=0 dist=1.52m
154,48.507,NODE,1,5.344,-3.507,3.000,0.135,0.585,0.000,0.600,zone=1 dist=1.52m
154,48.507,NODE,2,-3.917,3.916,3.000,0.425,-0.424,0.000,0.601,zone=2 dist=1.52m
154,48.507,NODE,3,3.917,3.917,3.000,-0.423,-0.425,0.000,0.600,zone=3 dist=1.52m
154,48.507,SCOUT,0,-3.835,-3.547,3.000,-0.134,0.584,0.000,0.600,cmd_age=0.02s bat=1.00 dist=1.49m
154,48.507,SCOUT,1,-5.335,-2.047,3.000,-0.134,0.584,0.000,0.600,cmd_age=0.02s bat=1.00 dist=1.49m
154,48.507,SCOUT,2,-6.835,-3.547,3.000,-0.134,0.584,0.000,0.600,cmd_age=0.02s bat=1.00 dist=1.49m
154,48.507,SCOUT,3,-5.335,-5.047,3.000,-0.134,0.584,0.000,0.600,cmd_age=0.02s bat=1.00 dist=1.49m
154,48.507,SCOUT,4,6.835,-3.546,3.000,0.135,0.585,0.000,0.600,cmd_age=0.02s bat=1.00 dist=1.49m
154,48.507,SCOUT,5,5.335,-2.046,3.000,0.135,0.585,0.000,0.600,cmd_age=0.02s bat=1.00 dist=1.49m
154,48.507,SCOUT,6,3.835,-3.546,3.000,0.135,0.585,0.000,0.600,cmd_age=0.02s bat=1.00 dist=1.49m
154,48.507,SCOUT,7,5.335,-5.046,3.000,0.135,0.585,0.000,0.600,cmd_age=0.02s bat=1.00 dist=1.49m
154,48.507,SCOUT,8,-2.446,3.945,3.000,0.425,-0.425,0.000,0.601,cmd_age=0.02s bat=1.00 dist=1.49m
154,48.507,SCOUT,9,-3.946,5.445,3.000,0.425,-0.425,0.000,0.601,cmd_age=0.02s bat=1.00 dist=1.49m
154,48.507,SCOUT,10,-5.446,3.945,3.000,0.425,-0.425,0.000,0.601,cmd_age=0.02s bat=1.00 dist=1.49m
154,48.507,SCOUT,11,-3.946,2.445,3.000,0.425,-0.425,0.000,0.601,cmd_age=0.02s bat=1.00 dist=1.49m
154,48.507,SCOUT,12,5.445,3.945,3.000,-0.424,-0.424,0.000,0.599,cmd_age=0.02s bat=1.00 dist=1.49m
154,48.507,SCOUT,13,3.945,5.445,3.000,-0.424,-0.424,0.000,0.599,cmd_age=0.02s bat=1.00 dist=1.49m
154,48.507,SCOUT,14,2.445,3.945,3.000,-0.424,-0.424,0.000,0.599,cmd_age=0.02s bat=1.00 dist=1.49m
154,48.507,SCOUT,15,3.945,2.445,3.000,-0.424,-0.424,0.000,0.599,cmd_age=0.02s bat=1.00 dist=1.49m
154,48.507,WORKER,0,-4.765,-0.411,3.000,-0.718,1.867,0.000,2.000,state=MOVING bat=1.00 dist=4.91m
154,48.507,WORKER,1,7.377,-0.098,3.000,0.153,1.994,0.000,2.000,state=MOVING bat=1.00 dist=4.91m
154,48.507,WORKER,2,0.176,1.247,3.000,1.292,-1.527,0.000,2.000,state=MOVING bat=1.00 dist=4.91m
154,48.507,WORKER,3,3.285,1.780,3.000,-1.511,-1.310,0.000,2.000,state=MOVING bat=1.00 dist=4.91m
155,48.726,GENERAL,0,0.000,0.000,5.000,0.000,0.000,0.000,0.000,N/A
155,48.726,NODE,0,-5.346,-3.498,3.000,-0.135,0.586,0.000,0.601,zone=0 dist=1.53m
155,48.726,NODE,1,5.347,-3.497,3.000,0.135,0.585,0.000,0.600,zone=1 dist=1.53m
155,48.726,NODE,2,-3.910,3.909,3.000,0.427,-0.424,0.000,0.601,zone=2 dist=1.53m
155,48.726,NODE,3,3.910,3.910,3.000,-0.424,-0.426,0.000,0.601,zone=3 dist=1.53m
155,48.726,SCOUT,0,-3.837,-3.537,3.000,-0.134,0.585,0.000,0.600,cmd_age=0.02s bat=1.00 dist=1.50m
155,48.726,SCOUT,1,-5.337,-2.037,3.000,-0.134,0.585,0.000,0.600,cmd_age=0.02s bat=1.00 dist=1.50m
155,48.726,SCOUT,2,-6.837,-3.537,3.000,-0.134,0.585,0.000,0.600,cmd_age=0.02s bat=1.00 dist=1.50m
155,48.726,SCOUT,3,-5.337,-5.037,3.000,-0.134,0.585,0.000,0.600,cmd_age=0.02s bat=1.00 dist=1.50m
155,48.726,SCOUT,4,6.838,-3.536,3.000,0.135,0.585,0.000,0.600,cmd_age=0.02s bat=1.00 dist=1.50m
155,48.726,SCOUT,5,5.338,-2.036,3.000,0.135,0.585,0.000,0.600,cmd_age=0.02s bat=1.00 dist=1.50m
155,48.726,SCOUT,6,3.838,-3.536,3.000,0.135,0.585,0.000,0.600,cmd_age=0.02s bat=1.00 dist=1.50m
155,48.726,SCOUT,7,5.338,-5.036,3.000,0.135,0.585,0.000,0.600,cmd_age=0.02s bat=1.00 dist=1.50m
155,48.726,SCOUT,8,-2.439,3.937,3.000,0.425,-0.425,0.000,0.601,cmd_age=0.02s bat=1.00 dist=1.50m
155,48.726,SCOUT,9,-3.939,5.437,3.000,0.425,-0.425,0.000,0.601,cmd_age=0.02s bat=1.00 dist=1.50m
155,48.726,SCOUT,10,-5.439,3.937,3.000,0.425,-0.425,0.000,0.601,cmd_age=0.02s bat=1.00 dist=1.50m
155,48.726,SCOUT,11,-3.939,2.437,3.000,0.425,-0.425,0.000,0.601,cmd_age=0.02s bat=1.00 dist=1.50m
155,48.726,SCOUT,12,5.438,3.938,3.000,-0.424,-0.425,0.000,0.600,cmd_age=0.02s bat=1.00 dist=1.50m
155,48.726,SCOUT,13,3.938,5.438,3.000,-0.424,-0.425,0.000,0.600,cmd_age=0.02s bat=1.00 dist=1.50m
155,48.726,SCOUT,14,2.438,3.938,3.000,-0.424,-0.425,0.000,0.600,cmd_age=0.02s bat=1.00 dist=1.50m
155,48.726,SCOUT,15,3.938,2.438,3.000,-0.424,-0.425,0.000,0.600,cmd_age=0.02s bat=1.00 dist=1.50m
155,48.726,WORKER,0,-4.777,-0.380,3.000,-0.718,1.867,0.000,2.000,state=MOVING bat=1.00 dist=4.95m
155,48.726,WORKER,1,7.380,-0.065,3.000,0.153,1.994,0.000,2.000,state=MOVING bat=1.00 dist=4.95m
155,48.726,WORKER,2,0.197,1.221,3.000,1.292,-1.527,0.000,2.000,state=MOVING bat=1.00 dist=4.95m
155,48.726,WORKER,3,3.259,1.758,3.000,-1.511,-1.310,0.000,2.000,state=MOVING bat=1.00 dist=4.95m
156,48.941,GENERAL,0,0.000,0.000,5.000,0.000,0.000,0.000,0.000,N/A
156,48.941,NODE,0,-5.349,-3.488,3.000,-0.134,0.586,0.000,0.601,zone=0 dist=1.54m
156,48.941,NODE,1,5.349,-3.487,3.000,0.135,0.584,0.000,0.599,zone=1 dist=1.54m
156,48.941,NODE,2,-3.903,3.902,3.000,0.425,-0.424,0.000,0.600,zone=2 dist=1.54m
156,48.941,NODE,3,3.903,3.903,3.000,-0.424,-0.425,0.000,0.601,zone=3 dist=1.54m
156,48.941,SCOUT,0,-3.840,-3.527,3.000,-0.134,0.585,0.000,0.600,cmd_age=0.02s bat=1.00 dist=1.51m
156,48.941,SCOUT,1,-5.340,-2.027,3.000,-0.134,0.585,0.000,0.600,cmd_age=0.02s bat=1.00 dist=1.51m
156,48.941,SCOUT,2,-6.840,-3.527,3.000,-0.134,0.585,0.000,0.600,cmd_age=0.02s bat=1.00 dist=1.51m
156,48.941,SCOUT,3,-5.340,-5.027,3.000,-0.134,0.585,0.000,0.600,cmd_age=0.02s bat=1.00 dist=1.51m
156,48.941,SCOUT,4,6.840,-3.526,3.000,0.135,0.585,0.000,0.600,cmd_age=0.02s bat=1.00 dist=1.51m
156,48.941,SCOUT,5,5.340,-2.026,3.000,0.135,0.585,0.000,0.600,cmd_age=0.02s bat=1.00 dist=1.51m
156,48.941,SCOUT,6,3.840,-3.526,3.000,0.135,0.585,0.000,0.600,cmd_age=0.02s bat=1.00 dist=1.51m
156,48.941,SCOUT,7,5.340,-5.026,3.000,0.135,0.585,0.000,0.600,cmd_age=0.02s bat=1.00 dist=1.51m
156,48.941,SCOUT,8,-2.432,3.930,3.000,0.425,-0.424,0.000,0.601,cmd_age=0.02s bat=1.00 dist=1.51m
156,48.941,SCOUT,9,-3.932,5.430,3.000,0.425,-0.424,0.000,0.601,cmd_age=0.02s bat=1.00 dist=1.51m
156,48.941,SCOUT,10,-5.432,3.930,3.000,0.425,-0.424,0.000,0.601,cmd_age=0.02s bat=1.00 dist=1.51m
156,48.941,SCOUT,11,-3.932,2.430,3.000,0.425,-0.424,0.000,0.601,cmd_age=0.02s bat=1.00 dist=1.51m
156,48.941,SCOUT,12,5.431,3.931,3.000,-0.424,-0.425,0.000,0.600,cmd_age=0.02s bat=1.00 dist=1.51m
156,48.941,SCOUT,13,3.931,5.431,3.000,-0.424,-0.425,0.000,0.600,cmd_age=0.02s bat=1.00 dist=1.51m
156,48.941,SCOUT,14,2.431,3.931,3.000,-0.424,-0.425,0.000,0.600,cmd_age=0.02s bat=1.00 dist=1.51m
156,48.941,SCOUT,15,3.931,2.431,3.000,-0.424,-0.425,0.000,0.600,cmd_age=0.02s bat=1.00 dist=1.51m
156,48.941,WORKER,0,-4.789,-0.349,3.000,-0.718,1.867,0.000,2.000,state=MOVING bat=1.00 dist=4.98m
156,48.941,WORKER,1,7.382,-0.031,3.000,0.153,1.994,0.000,2.000,state=MOVING bat=1.00 dist=4.98m
156,48.941,WORKER,2,0.219,1.196,3.000,1.292,-1.527,0.000,2.000,state=MOVING bat=1.00 dist=4.98m
156,48.941,WORKER,3,3.234,1.736,3.000,-1.511,-1.310,0.000,2.000,state=MOVING bat=1.00 dist=4.98m
157,49.162,GENERAL,0,0.000,0.000,5.000,0.000,0.000,0.000,0.000,N/A
157,49.162,NODE,0,-5.351,-3.478,3.000,-0.135,0.585,0.000,0.600,zone=0 dist=1.55m
157,49.162,NODE,1,5.351,-3.478,3.000,0.135,0.585,0.000,0.601,zone=1 dist=1.55m
157,49.162,NODE,2,-3.896,3.895,3.000,0.426,-0.423,0.000,0.600,zone=2 dist=1.55m
157,49.162,NODE,3,3.896,3.896,3.000,-0.424,-0.425,0.000,0.600,zone=3 dist=1.55m
157,49.162,SCOUT,0,-3.842,-3.517,3.000,-0.134,0.585,0.000,0.600,cmd_age=0.02s bat=1.00 dist=1.52m
157,49.162,SCOUT,1,-5.342,-2.017,3.000,-0.134,0.585,0.000,0.600,cmd_age=0.02s bat=1.00 dist=1.52m
157,49.162,SCOUT,2,-6.842,-3.517,3.000,-0.134,0.585,0.000,0.600,cmd_age=0.02s bat=1.00 dist=1.52m
157,49.162,SCOUT,3,-5.342,-5.017,3.000,-0.134,0.585,0.000,0.600,cmd_age=0.02s bat=1.00 dist=1.52m
157,49.162,SCOUT,4,6.842,-3.517,3.000,0.135,0.585,0.000,0.600,cmd_age=0.02s bat=1.00 dist=1.52m
157,49.162,SCOUT,5,5.342,-2.017,3.000,0.135,0.585,0.000,0.600,cmd_age=0.02s bat=1.00 dist=1.52m
157,49.162,SCOUT,6,3.842,-3.517,3.000,0.135,0.585,0.000,0.600,cmd_age=0.02s bat=1.00 dist=1.52m
157,49.162,SCOUT,7,5.342,-5.017,3.000,0.135,0.585,0.000,0.600,cmd_age=0.02s bat=1.00 dist=1.52m
157,49.162,SCOUT,8,-2.424,3.923,3.000,0.425,-0.424,0.000,0.601,cmd_age=0.02s bat=1.00 dist=1.52m
157,49.162,SCOUT,9,-3.924,5.423,3.000,0.425,-0.424,0.000,0.601,cmd_age=0.02s bat=1.00 dist=1.52m
157,49.162,SCOUT,10,-5.424,3.923,3.000,0.425,-0.424,0.000,0.601,cmd_age=0.02s bat=1.00 dist=1.52m
157,49.162,SCOUT,11,-3.924,2.423,3.000,0.425,-0.424,0.000,0.601,cmd_age=0.02s bat=1.00 dist=1.52m
157,49.162,SCOUT,12,5.424,3.924,3.000,-0.424,-0.425,0.000,0.600,cmd_age=0.02s bat=1.00 dist=1.52m
157,49.162,SCOUT,13,3.924,5.424,3.000,-0.424,-0.425,0.000,0.600,cmd_age=0.02s bat=1.00 dist=1.52m
157,49.162,SCOUT,14,2.424,3.924,3.000,-0.424,-0.425,0.000,0.600,cmd_age=0.02s bat=1.00 dist=1.52m
157,49.162,SCOUT,15,3.924,2.424,3.000,-0.424,-0.425,0.000,0.600,cmd_age=0.02s bat=1.00 dist=1.52m
157,49.162,WORKER,0,-4.801,-0.318,3.000,-0.718,1.867,0.000,2.000,state=MOVING bat=1.00 dist=5.01m
157,49.162,WORKER,1,7.385,0.002,3.000,0.153,1.994,0.000,2.000,state=MOVING bat=1.00 dist=5.01m
157,49.162,WORKER,2,0.240,1.170,3.000,1.292,-1.527,0.000,2.000,state=MOVING bat=1.00 dist=5.01m
157,49.162,WORKER,3,3.209,1.714,3.000,-1.511,-1.310,0.000,2.000,state=MOVING bat=1.00 dist=5.01m
158,49.376,GENERAL,0,0.000,0.000,5.000,0.000,0.000,0.000,0.000,N/A
158,49.376,NODE,0,-5.353,-3.469,3.000,-0.135,0.585,0.000,0.600,zone=0 dist=1.56m
158,49.376,NODE,1,5.353,-3.468,3.000,0.136,0.584,0.000,0.600,zone=1 dist=1.56m
158,49.376,NODE,2,-3.889,3.888,3.000,0.426,-0.424,0.000,0.601,zone=2 dist=1.56m
158,49.376,NODE,3,3.889,3.889,3.000,-0.425,-0.424,0.000,0.600,zone=3 dist=1.56m
158,49.376,SCOUT,0,-3.844,-3.508,3.000,-0.135,0.585,0.000,0.600,cmd_age=0.02s bat=1.00 dist=1.53m
158,49.376,SCOUT,1,-5.344,-2.008,3.000,-0.135,0.585,0.000,0.600,cmd_age=0.02s bat=1.00 dist=1.53m
158,49.376,SCOUT,2,-6.844,-3.508,3.000,-0.135,0.585,0.000,0.600,cmd_age=0.02s bat=1.00 dist=1.53m
158,49.376,SCOUT,3,-5.344,-5.008,3.000,-0.135,0.585,0.000,0.600,cmd_age=0.02s bat=1.00 dist=1.53m
158,49.376,SCOUT,4,6.844,-3.507,3.000,0.135,0.585,0.000,0.600,cmd_age=0.02s bat=1.00 dist=1.53m
158,49.376,SCOUT,5,5.344,-2.007,3.000,0.135,0.585,0.000,0.600,cmd_age=0.02s bat=1.00 dist=1.53m
158,49.376,SCOUT,6,3.844,-3.507,3.000,0.135,0.585,0.000,0.600,cmd_age=0.02s bat=1.00 dist=1.53m
158,49.376,SCOUT,7,5.344,-5.007,3.000,0.135,0.585,0.000,0.600,cmd_age=0.02s bat=1.00 dist=1.53m
158,49.376,SCOUT,8,-2.417,3.916,3.000,0.425,-0.424,0.000,0.601,cmd_age=0.02s bat=1.00 dist=1.53m
158,49.376,SCOUT,9,-3.917,5.416,3.000,0.425,-0.424,0.000,0.601,cmd_age=0.02s bat=1.00 dist=1.53m
158,49.376,SCOUT,10,-5.417,3.916,3.000,0.425,-0.424,0.000,0.601,cmd_age=0.02s bat=1.00 dist=1.53m
158,49.376,SCOUT,11,-3.917,2.416,3.000,0.425,-0.424,0.000,0.601,cmd_age=0.02s bat=1.00 dist=1.53m
158,49.376,SCOUT,12,5.417,3.917,3.000,-0.424,-0.425,0.000,0.600,cmd_age=0.02s bat=1.00 dist=1.53m
158,49.376,SCOUT,13,3.917,5.417,3.000,-0.424,-0.425,0.000,0.600,cmd_age=0.02s bat=1.00 dist=1.53m
158,49.376,SCOUT,14,2.417,3.917,3.000,-0.424,-0.425,0.000,0.600,cmd_age=0.02s bat=1.00 dist=1.53m
158,49.376,SCOUT,15,3.917,2.417,3.000,-0.424,-0.425,0.000,0.600,cmd_age=0.02s bat=1.00 dist=1.53m
158,49.376,WORKER,0,-4.813,-0.287,3.000,-0.718,1.867,0.000,2.000,state=MOVING bat=1.00 dist=5.05m
158,49.376,WORKER,1,7.387,0.035,3.000,0.153,1.994,0.000,2.000,state=MOVING bat=1.00 dist=5.05m
158,49.376,WORKER,2,0.262,1.145,3.000,1.292,-1.527,0.000,2.000,state=MOVING bat=1.00 dist=5.05m
158,49.376,WORKER,3,3.184,1.693,3.000,-1.511,-1.310,0.000,2.000,state=MOVING bat=1.00 dist=5.05m
159,49.590,GENERAL,0,0.000,0.000,5.000,0.000,0.000,0.000,0.000,N/A
159,49.590,NODE,0,-5.355,-3.459,3.000,-0.134,0.584,0.000,0.600,zone=0 dist=1.57m
159,49.590,NODE,1,5.356,-3.458,3.000,0.135,0.584,0.000,0.599,zone=1 dist=1.57m
159,49.590,NODE,2,-3.882,3.881,3.000,0.426,-0.426,0.000,0.602,zone=2 dist=1.57m
159,49.590,NODE,3,3.882,3.882,3.000,-0.424,-0.425,0.000,0.600,zone=3 dist=1.57m
159,49.590,SCOUT,0,-3.846,-3.498,3.000,-0.135,0.585,0.000,0.600,cmd_age=0.02s bat=1.00 dist=1.54m
159,49.590,SCOUT,1,-5.346,-1.998,3.000,-0.135,0.585,0.000,0.600,cmd_age=0.02s bat=1.00 dist=1.54m
159,49.590,SCOUT,2,-6.846,-3.498,3.000,-0.135,0.585,0.000,0.600,cmd_age=0.02s bat=1.00 dist=1.54m
159,49.590,SCOUT,3,-5.346,-4.998,3.000,-0.135,0.585,0.000,0.600,cmd_age=0.02s bat=1.00 dist=1.54m
159,49.590,SCOUT,4,6.847,-3.497,3.000,0.135,0.585,0.000,0.600,cmd_age=0.02s bat=1.00 dist=1.54m
159,49.590,SCOUT,5,5.347,-1.997,3.000,0.135,0.585,0.000,0.600,cmd_age=0.02s bat=1.00 dist=1.54m
159,49.590,SCOUT,6,3.847,-3.497,3.000,0.135,0.585,0.000,0.600,cmd_age=0.02s bat=1.00 dist=1.54m
159,49.590,SCOUT,7,5.347,-4.997,3.000,0.135,0.585,0.000,0.600,cmd_age=0.02s bat=1.00 dist=1.54m
159,49.590,SCOUT,8,-2.410,3.909,3.000,0.426,-0.425,0.000,0.601,cmd_age=0.02s bat=1.00 dist=1.54m
159,49.590,SCOUT,9,-3.910,5.409,3.000,0.426,-0.425,0.000,0.601,cmd_age=0.02s bat=1.00 dist=1.54m
159,49.590,SCOUT,10,-5.410,3.909,3.000,0.426,-0.425,0.000,0.601,cmd_age=0.02s bat=1.00 dist=1.54m
159,49.590,SCOUT,11,-3.910,2.409,3.000,0.426,-0.425,0.000,0.601,cmd_age=0.02s bat=1.00 dist=1.54m
159,49.590,SCOUT,12,5.410,3.910,3.000,-0.424,-0.425,0.000,0.600,cmd_age=0.02s bat=1.00 dist=1.54m
159,49.590,SCOUT,13,3.910,5.410,3.000,-0.424,-0.425,0.000,0.600,cmd_age=0.02s bat=1.00 dist=1.54m
159,49.590,SCOUT,14,2.410,3.910,3.000,-0.424,-0.425,0.000,0.600,cmd_age=0.02s bat=1.00 dist=1.54m
159,49.590,SCOUT,15,3.910,2.410,3.000,-0.424,-0.425,0.000,0.600,cmd_age=0.02s bat=1.00 dist=1.54m
159,49.590,WORKER,0,-4.825,-0.255,3.000,-0.718,1.867,0.000,2.000,state=MOVING bat=1.00 dist=5.08m
159,49.590,WORKER,1,7.390,0.068,3.000,0.153,1.994,0.000,2.000,state=MOVING bat=1.00 dist=5.08m
159,49.590,WORKER,2,0.284,1.119,3.000,1.292,-1.527,0.000,2.000,state=MOVING bat=1.00 dist=5.08m
159,49.590,WORKER,3,3.159,1.671,3.000,-1.511,-1.310,0.000,2.000,state=MOVING bat=1.00 dist=5.08m
160,49.803,GENERAL,0,0.000,0.000,5.000,0.000,0.000,0.000,0.000,N/A
160,49.803,NODE,0,-5.358,-3.449,3.000,-0.135,0.584,0.000,0.600,zone=0 dist=1.58m
160,49.803,NODE,1,5.358,-3.448,3.000,0.135,0.584,0.000,0.599,zone=1 dist=1.58m
160,49.803,NODE,2,-3.875,3.874,3.000,0.426,-0.425,0.000,0.601,zone=2 dist=1.58m
160,49.803,NODE,3,3.875,3.875,3.000,-0.425,-0.424,0.000,0.600,zone=3 dist=1.58m
160,49.803,SCOUT,0,-3.849,-3.488,3.000,-0.135,0.585,0.000,0.600,cmd_age=0.02s bat=1.00 dist=1.55m
160,49.803,SCOUT,1,-5.349,-1.988,3.000,-0.135,0.585,0.000,0.600,cmd_age=0.02s bat=1.00 dist=1.55m
160,49.803,SCOUT,2,-6.849,-3.488,3.000,-0.135,0.585,0.000,0.600,cmd_age=0.02s bat=1.00 dist=1.55m
160,49.803,SCOUT,3,-5.349,-4.988,3.000,-0.135,0.585,0.000,0.600,cmd_age=0.02s bat=1.00 dist=1.55m
160,49.803,SCOUT,4,6.849,-3.487,3.000,0.135,0.584,0.000,0.600,cmd_age=0.02s bat=1.00 dist=1.55m
160,49.803,SCOUT,5,5.349,-1.987,3.000,0.135,0.584,0.000,0.600,cmd_age=0.02s bat=1.00 dist=1.55m
160,49.803,SCOUT,6,3.849,-3.487,3.000,0.135,0.584,0.000,0.600,cmd_age=0.02s bat=1.00 dist=1.55m
160,49.803,SCOUT,7,5.349,-4.987,3.000,0.135,0.584,0.000,0.600,cmd_age=0.02s bat=1.00 dist=1.55m
160,49.803,SCOUT,8,-2.403,3.902,3.000,0.426,-0.425,0.000,0.601,cmd_age=0.02s bat=1.00 dist=1.55m
160,49.803,SCOUT,9,-3.903,5.402,3.000,0.426,-0.425,0.000,0.601,cmd_age=0.02s bat=1.00 dist=1.55m
160,49.803,SCOUT,10,-5.403,3.902,3.000,0.426,-0.425,0.000,0.601,cmd_age=0.02s bat=1.00 dist=1.55m
160,49.803,SCOUT,11,-3.903,2.402,3.000,0.426,-0.425,0.000,0.601,cmd_age=0.02s bat=1.00 dist=1.55m
160,49.803,SCOUT,12,5.403,3.903,3.000,-0.424,-0.425,0.000,0.600,cmd_age=0.02s bat=1.00 dist=1.55m
160,49.803,SCOUT,13,3.903,5.403,3.000,-0.424,-0.425,0.000,0.600,cmd_age=0.02s bat=1.00 dist=1.55m
160,49.803,SCOUT,14,2.403,3.903,3.000,-0.424,-0.425,0.000,0.600,cmd_age=0.02s bat=1.00 dist=1.55m
160,49.803,SCOUT,15,3.903,2.403,3.000,-0.424,-0.425,0.000,0.600,cmd_age=0.02s bat=1.00 dist=1.55m
160,49.803,WORKER,0,-4.837,-0.224,3.000,-0.718,1.867,0.000,2.000,state=MOVING bat=1.00 dist=5.11m
160,49.803,WORKER,1,7.392,0.102,3.000,0.153,1.994,0.000,2.000,state=MOVING bat=1.00 dist=5.11m
160,49.803,WORKER,2,0.305,1.094,3.000,1.292,-1.527,0.000,2.000,state=MOVING bat=1.00 dist=5.11m
160,49.803,WORKER,3,3.133,1.649,3.000,-1.511,-1.310,0.000,2.000,state=MOVING bat=1.00 dist=5.11m
161,50.003,GENERAL,0,0.000,0.000,5.000,0.000,0.000,0.000,0.000,N/A
161,50.003,NODE,0,-5.360,-3.439,3.000,-0.135,0.585,0.000,0.600,zone=0 dist=1.59m
161,50.003,NODE,1,5.360,-3.439,3.000,0.137,0.585,0.000,0.601,zone=1 dist=1.59m
161,50.003,NODE,2,-3.868,3.867,3.000,0.425,-0.424,0.000,0.601,zone=2 dist=1.59m
161,50.003,NODE,3,3.868,3.868,3.000,-0.424,-0.425,0.000,0.600,zone=3 dist=1.59m
161,50.003,SCOUT,0,-3.851,-3.478,3.000,-0.135,0.585,0.000,0.600,cmd_age=0.02s bat=1.00 dist=1.56m
161,50.003,SCOUT,1,-5.351,-1.978,3.000,-0.135,0.585,0.000,0.600,cmd_age=0.02s bat=1.00 dist=1.56m
161,50.003,SCOUT,2,-6.851,-3.478,3.000,-0.135,0.585,0.000,0.600,cmd_age=0.02s bat=1.00 dist=1.56m
161,50.003,SCOUT,3,-5.351,-4.978,3.000,-0.135,0.585,0.000,0.600,cmd_age=0.02s bat=1.00 dist=1.56m
161,50.003,SCOUT,4,6.851,-3.478,3.000,0.136,0.584,0.000,0.600,cmd_age=0.02s bat=1.00 dist=1.56m
161,50.003,SCOUT,5,5.351,-1.978,3.000,0.136,0.584,0.000,0.600,cmd_age=0.02s bat=1.00 dist=1.56m
161,50.003,SCOUT,6,3.851,-3.478,3.000,0.136,0.584,0.000,0.600,cmd_age=0.02s bat=1.00 dist=1.56m
161,50.003,SCOUT,7,5.351,-4.978,3.000,0.136,0.584,0.000,0.600,cmd_age=0.02s bat=1.00 dist=1.56m
161,50.003,SCOUT,8,-2.396,3.895,3.000,0.425,-0.424,0.000,0.601,cmd_age=0.02s bat=1.00 dist=1.56m
161,50.003,SCOUT,9,-3.896,5.395,3.000,0.425,-0.424,0.000,0.601,cmd_age=0.02s bat=1.00 dist=1.56m
161,50.003,SCOUT,10,-5.396,3.895,3.000,0.425,-0.424,0.000,0.601,cmd_age=0.02s bat=1.00 dist=1.56m
161,50.003,SCOUT,11,-3.896,2.395,3.000,0.425,-0.424,0.000,0.601,cmd_age=0.02s bat=1.00 dist=1.56m
161,50.003,SCOUT,12,5.396,3.896,3.000,-0.424,-0.425,0.000,0.600,cmd_age=0.02s bat=1.00 dist=1.56m
161,50.003,SCOUT,13,3.896,5.396,3.000,-0.424,-0.425,0.000,0.600,cmd_age=0.02s bat=1.00 dist=1.56m
161,50.003,SCOUT,14,2.396,3.896,3.000,-0.424,-0.425,0.000,0.600,cmd_age=0.02s bat=1.00 dist=1.56m
161,50.003,SCOUT,15,3.896,2.396,3.000,-0.424,-0.425,0.000,0.600,cmd_age=0.02s bat=1.00 dist=1.56m
161,50.003,WORKER,0,-4.849,-0.193,3.000,-0.718,1.867,0.000,2.000,state=MOVING bat=1.00 dist=5.15m
161,50.003,WORKER,1,7.395,0.135,3.000,0.153,1.994,0.000,2.000,state=MOVING bat=1.00 dist=5.15m
161,50.003,WORKER,2,0.327,1.069,3.000,1.292,-1.527,0.000,2.000,state=MOVING bat=1.00 dist=5.15m
161,50.003,WORKER,3,3.108,1.627,3.000,-1.511,-1.310,0.000,2.000,state=MOVING bat=1.00 dist=5.15m
162,50.216,GENERAL,0,0.000,0.000,5.000,0.000,0.000,0.000,0.000,N/A
162,50.216,NODE,0,-5.362,-3.430,3.000,-0.134,0.585,0.000,0.600,zone=0 dist=1.60m
162,50.216,NODE,1,5.363,-3.429,3.000,0.136,0.583,0.000,0.599,zone=1 dist=1.60m
162,50.216,NODE,2,-3.861,3.860,3.000,0.424,-0.423,0.000,0.599,zone=2 dist=1.60m
162,50.216,NODE,3,3.861,3.861,3.000,-0.424,-0.425,0.000,0.600,zone=3 dist=1.60m
162,50.216,SCOUT,0,-3.853,-3.469,3.000,-0.135,0.585,0.000,0.600,cmd_age=0.02s bat=1.00 dist=1.57m
162,50.216,SCOUT,1,-5.353,-1.969,3.000,-0.135,0.585,0.000,0.600,cmd_age=0.02s bat=1.00 dist=1.57m
162,50.216,SCOUT,2,-6.853,-3.469,3.000,-0.135,0.585,0.000,0.600,cmd_age=0.02s bat=1.00 dist=1.57m
162,50.216,SCOUT,3,-5.353,-4.969,3.000,-0.135,0.585,0.000,0.600,cmd_age=0.02s bat=1.00 dist=1.57m
162,50.216,SCOUT,4,6.853,-3.468,3.000,0.136,0.584,0.000,0.600,cmd_age=0.02s bat=1.00 dist=1.57m
162,50.216,SCOUT,5,5.353,-1.968,3.000,0.136,0.584,0.000,0.600,cmd_age=0.02s bat=1.00 dist=1.57m
162,50.216,SCOUT,6,3.853,-3.468,3.000,0.136,0.584,0.000,0.600,cmd_age=0.02s bat=1.00 dist=1.57m
162,50.216,SCOUT,7,5.353,-4.968,3.000,0.136,0.584,0.000,0.600,cmd_age=0.02s bat=1.00 dist=1.57m
162,50.216,SCOUT,8,-2.389,3.888,3.000,0.425,-0.424,0.000,0.601,cmd_age=0.02s bat=1.00 dist=1.57m
162,50.216,SCOUT,9,-3.889,5.388,3.000,0.425,-0.424,0.000,0.601,cmd_age=0.02s bat=1.00 dist=1.57m
162,50.216,SCOUT,10,-5.389,3.888,3.000,0.425,-0.424,0.000,0.601,cmd_age=0.02s bat=1.00 dist=1.57m
162,50.216,SCOUT,11,-3.889,2.388,3.000,0.425,-0.424,0.000,0.601,cmd_age=0.02s bat=1.00 dist=1.57m
162,50.216,SCOUT,12,5.389,3.889,3.000,-0.424,-0.425,0.000,0.600,cmd_age=0.02s bat=1.00 dist=1.57m
162,50.216,SCOUT,13,3.889,5.389,3.000,-0.424,-0.425,0.000,0.600,cmd_age=0.02s bat=1.00 dist=1.57m
162,50.216,SCOUT,14,2.389,3.889,3.000,-0.424,-0.425,0.000,0.600,cmd_age=0.02s bat=1.00 dist=1.57m
162,50.216,SCOUT,15,3.889,2.389,3.000,-0.424,-0.425,0.000,0.600,cmd_age=0.02s bat=1.00 dist=1.57m
162,50.216,WORKER,0,-4.861,-0.162,3.000,-0.718,1.867,0.000,2.000,state=MOVING bat=1.00 dist=5.18m
162,50.216,WORKER,1,7.398,0.168,3.000,0.153,1.994,0.000,2.000,state=MOVING bat=1.00 dist=5.18m
162,50.216,WORKER,2,0.348,1.043,3.000,1.292,-1.527,0.000,2.000,state=MOVING bat=1.00 dist=5.18m
162,50.216,WORKER,3,3.083,1.605,3.000,-1.511,-1.310,0.000,2.000,state=MOVING bat=1.00 dist=5.18m
163,50.467,GENERAL,0,0.000,0.000,5.000,0.000,0.000,0.000,0.000,N/A
163,50.467,NODE,0,-5.364,-3.420,3.000,-0.136,0.585,0.000,0.600,zone=0 dist=1.61m
163,50.467,NODE,1,5.365,-3.419,3.000,0.135,0.585,0.000,0.600,zone=1 dist=1.61m
163,50.467,NODE,2,-3.854,3.853,3.000,0.423,-0.424,0.000,0.599,zone=2 dist=1.61m
163,50.467,NODE,3,3.853,3.853,3.000,-0.424,-0.424,0.000,0.600,zone=3 dist=1.61m
163,50.467,SCOUT,0,-3.855,-3.459,3.000,-0.135,0.585,0.000,0.600,cmd_age=0.02s bat=1.00 dist=1.58m
163,50.467,SCOUT,1,-5.355,-1.959,3.000,-0.135,0.585,0.000,0.600,cmd_age=0.02s bat=1.00 dist=1.58m
163,50.467,SCOUT,2,-6.855,-3.459,3.000,-0.135,0.585,0.000,0.600,cmd_age=0.02s bat=1.00 dist=1.58m
163,50.467,SCOUT,3,-5.355,-4.959,3.000,-0.135,0.585,0.000,0.600,cmd_age=0.02s bat=1.00 dist=1.58m
163,50.467,SCOUT,4,6.856,-3.458,3.000,0.136,0.584,0.000,0.600,cmd_age=0.02s bat=1.00 dist=1.58m
163,50.467,SCOUT,5,5.356,-1.958,3.000,0.136,0.584,0.000,0.600,cmd_age=0.02s bat=1.00 dist=1.58m
163,50.467,SCOUT,6,3.856,-3.458,3.000,0.136,0.584,0.000,0.600,cmd_age=0.02s bat=1.00 dist=1.58m
163,50.467,SCOUT,7,5.356,-4.958,3.000,0.136,0.584,0.000,0.600,cmd_age=0.02s bat=1.00 dist=1.58m
163,50.467,SCOUT,8,-2.382,3.881,3.000,0.425,-0.424,0.000,0.600,cmd_age=0.02s bat=1.00 dist=1.58m
163,50.467,SCOUT,9,-3.882,5.381,3.000,0.425,-0.424,0.000,0.600,cmd_age=0.02s bat=1.00 dist=1.58m
163,50.467,SCOUT,10,-5.382,3.881,3.000,0.425,-0.424,0.000,0.600,cmd_age=0.02s bat=1.00 dist=1.58m
163,50.467,SCOUT,11,-3.882,2.381,3.000,0.425,-0.424,0.000,0.600,cmd_age=0.02s bat=1.00 dist=1.58m
163,50.467,SCOUT,12,5.382,3.882,3.000,-0.424,-0.425,0.000,0.600,cmd_age=0.02s bat=1.00 dist=1.58m
163,50.467,SCOUT,13,3.882,5.382,3.000,-0.424,-0.425,0.000,0.600,cmd_age=0.02s bat=1.00 dist=1.58m
163,50.467,SCOUT,14,2.382,3.882,3.000,-0.424,-0.425,0.000,0.600,cmd_age=0.02s bat=1.00 dist=1.58m
163,50.467,SCOUT,15,3.882,2.382,3.000,-0.424,-0.425,0.000,0.600,cmd_age=0.02s bat=1.00 dist=1.58m
163,50.467,WORKER,0,-4.873,-0.131,3.000,-0.718,1.867,0.000,2.000,state=MOVING bat=1.00 dist=5.21m
163,50.467,WORKER,1,7.400,0.201,3.000,0.153,1.994,0.000,2.000,state=MOVING bat=1.00 dist=5.21m
163,50.467,WORKER,2,0.370,1.018,3.000,1.292,-1.527,0.000,2.000,state=MOVING bat=1.00 dist=5.21m
163,50.467,WORKER,3,3.058,1.583,3.000,-1.511,-1.310,0.000,2.000,state=MOVING bat=1.00 dist=5.21m
164,50.694,GENERAL,0,0.000,0.000,5.000,0.000,0.000,0.000,0.000,N/A
164,50.694,NODE,0,-5.367,-3.410,3.000,-0.136,0.584,0.000,0.600,zone=0 dist=1.62m
164,50.694,NODE,1,5.367,-3.409,3.000,0.136,0.585,0.000,0.600,zone=1 dist=1.62m
164,50.694,NODE,2,-3.847,3.846,3.000,0.424,-0.423,0.000,0.599,zone=2 dist=1.62m
164,50.694,NODE,3,3.846,3.846,3.000,-0.424,-0.425,0.000,0.600,zone=3 dist=1.62m
164,50.694,SCOUT,0,-3.858,-3.449,3.000,-0.135,0.585,0.000,0.600,cmd_age=0.02s bat=1.00 dist=1.59m
164,50.694,SCOUT,1,-5.358,-1.949,3.000,-0.135,0.585,0.000,0.600,cmd_age=0.02s bat=1.00 dist=1.59m
164,50.694,SCOUT,2,-6.858,-3.449,3.000,-0.135,0.585,0.000,0.600,cmd_age=0.02s bat=1.00 dist=1.59m
164,50.694,SCOUT,3,-5.358,-4.949,3.000,-0.135,0.585,0.000,0.600,cmd_age=0.02s bat=1.00 dist=1.59m
164,50.694,SCOUT,4,6.858,-3.448,3.000,0.136,0.584,0.000,0.600,cmd_age=0.02s bat=1.00 dist=1.59m
164,50.694,SCOUT,5,5.358,-1.948,3.000,0.136,0.584,0.000,0.600,cmd_age=0.02s bat=1.00 dist=1.59m
164,50.694,SCOUT,6,3.858,-3.448,3.000,0.136,0.584,0.000,0.600,cmd_age=0.02s bat=1.00 dist=1.59m
164,50.694,SCOUT,7,5.358,-4.948,3.000,0.136,0.584,0.000,0.600,cmd_age=0.02s bat=1.00 dist=1.59m
164,50.694,SCOUT,8,-2.375,3.874,3.000,0.425,-0.424,0.000,0.600,cmd_age=0.02s bat=1.00 dist=1.59m
164,50.694,SCOUT,9,-3.875,5.374,3.000,0.425,-0.424,0.000,0.600,cmd_age=0.02s bat=1.00 dist=1.59m
164,50.694,SCOUT,10,-5.375,3.874,3.000,0.425,-0.424,0.000,0.600,cmd_age=0.02s bat=1.00 dist=1.59m
164,50.694,SCOUT,11,-3.875,2.374,3.000,0.425,-0.424,0.000,0.600,cmd_age=0.02s bat=1.00 dist=1.59m
164,50.694,SCOUT,12,5.375,3.875,3.000,-0.424,-0.425,0.000,0.600,cmd_age=0.02s bat=1.00 dist=1.59m
164,50.694,SCOUT,13,3.875,5.375,3.000,-0.424,-0.425,0.000,0.600,cmd_age=0.02s bat=1.00 dist=1.59m
164,50.694,SCOUT,14,2.375,3.875,3.000,-0.424,-0.425,0.000,0.600,cmd_age=0.02s bat=1.00 dist=1.59m
164,50.694,SCOUT,15,3.875,2.375,3.000,-0.424,-0.425,0.000,0.600,cmd_age=0.02s bat=1.00 dist=1.59m
164,50.694,WORKER,0,-4.885,-0.100,3.000,-0.718,1.867,0.000,2.000,state=MOVING bat=1.00 dist=5.25m
164,50.694,WORKER,1,7.403,0.235,3.000,0.153,1.994,0.000,2.000,state=MOVING bat=1.00 dist=5.25m
164,50.694,WORKER,2,0.391,0.992,3.000,1.292,-1.527,0.000,2.000,state=MOVING bat=1.00 dist=5.25m
164,50.694,WORKER,3,3.033,1.562,3.000,-1.511,-1.310,0.000,2.000,state=MOVING bat=1.00 dist=5.25m
165,50.936,GENERAL,0,0.000,0.000,5.000,0.000,0.000,0.000,0.000,N/A
165,50.936,NODE,0,-5.369,-3.401,3.000,-0.135,0.585,0.000,0.600,zone=0 dist=1.63m
165,50.936,NODE,1,5.369,-3.400,3.000,0.136,0.584,0.000,0.600,zone=1 dist=1.63m
165,50.936,NODE,2,-3.840,3.838,3.000,0.424,-0.424,0.000,0.599,zone=2 dist=1.63m
165,50.936,NODE,3,3.839,3.839,3.000,-0.423,-0.425,0.000,0.599,zone=3 dist=1.63m
165,50.936,SCOUT,0,-3.860,-3.439,3.000,-0.135,0.585,0.000,0.600,cmd_age=0.02s bat=1.00 dist=1.60m
165,50.936,SCOUT,1,-5.360,-1.939,3.000,-0.135,0.585,0.000,0.600,cmd_age=0.02s bat=1.00 dist=1.60m
165,50.936,SCOUT,2,-6.860,-3.439,3.000,-0.135,0.585,0.000,0.600,cmd_age=0.02s bat=1.00 dist=1.60m
165,50.936,SCOUT,3,-5.360,-4.939,3.000,-0.135,0.585,0.000,0.600,cmd_age=0.02s bat=1.00 dist=1.60m
165,50.936,SCOUT,4,6.860,-3.439,3.000,0.136,0.584,0.000,0.600,cmd_age=0.02s bat=1.00 dist=1.60m
165,50.936,SCOUT,5,5.360,-1.939,3.000,0.136,0.584,0.000,0.600,cmd_age=0.02s bat=1.00 dist=1.60m
165,50.936,SCOUT,6,3.860,-3.439,3.000,0.136,0.584,0.000,0.600,cmd_age=0.02s bat=1.00 dist=1.60m
165,50.936,SCOUT,7,5.360,-4.939,3.000,0.136,0.584,0.000,0.600,cmd_age=0.02s bat=1.00 dist=1.60m
165,50.936,SCOUT,8,-2.368,3.867,3.000,0.424,-0.424,0.000,0.600,cmd_age=0.02s bat=1.00 dist=1.60m
165,50.936,SCOUT,9,-3.868,5.367,3.000,0.424,-0.424,0.000,0.600,cmd_age=0.02s bat=1.00 dist=1.60m
165,50.936,SCOUT,10,-5.368,3.867,3.000,0.424,-0.424,0.000,0.600,cmd_age=0.02s bat=1.00 dist=1.60m
165,50.936,SCOUT,11,-3.868,2.367,3.000,0.424,-0.424,0.000,0.600,cmd_age=0.02s bat=1.00 dist=1.60m
165,50.936,SCOUT,12,5.368,3.868,3.000,-0.424,-0.425,0.000,0.600,cmd_age=0.02s bat=1.00 dist=1.60m
165,50.936,SCOUT,13,3.868,5.368,3.000,-0.424,-0.425,0.000,0.600,cmd_age=0.02s bat=1.00 dist=1.60m
165,50.936,SCOUT,14,2.368,3.868,3.000,-0.424,-0.425,0.000,0.600,cmd_age=0.02s bat=1.00 dist=1.60m
165,50.936,SCOUT,15,3.868,2.368,3.000,-0.424,-0.425,0.000,0.600,cmd_age=0.02s bat=1.00 dist=1.60m
165,50.936,WORKER,0,-4.897,-0.069,3.000,-0.718,1.867,0.000,2.000,state=MOVING bat=1.00 dist=5.28m
165,50.936,WORKER,1,7.405,0.268,3.000,0.153,1.994,0.000,2.000,state=MOVING bat=1.00 dist=5.28m
165,50.936,WORKER,2,0.413,0.967,3.000,1.292,-1.527,0.000,2.000,state=MOVING bat=1.00 dist=5.28m
165,50.936,WORKER,3,3.007,1.540,3.000,-1.511,-1.310,0.000,2.000,state=MOVING bat=1.00 dist=5.28m
166,51.155,GENERAL,0,0.000,0.000,5.000,0.000,0.000,0.000,0.000,N/A
166,51.155,NODE,0,-5.371,-3.391,3.000,-0.136,0.585,0.000,0.601,zone=0 dist=1.64m
166,51.155,NODE,1,5.372,-3.390,3.000,0.134,0.583,0.000,0.598,zone=1 dist=1.64m
166,51.155,NODE,2,-3.832,3.831,3.000,0.425,-0.424,0.000,0.600,zone=2 dist=1.64m
166,51.155,NODE,3,3.832,3.832,3.000,-0.425,-0.425,0.000,0.601,zone=3 dist=1.64m
166,51.155,SCOUT,0,-3.862,-3.430,3.000,-0.135,0.585,0.000,0.600,cmd_age=0.02s bat=1.00 dist=1.61m
166,51.155,SCOUT,1,-5.362,-1.930,3.000,-0.135,0.585,0.000,0.600,cmd_age=0.02s bat=1.00 dist=1.61m
166,51.155,SCOUT,2,-6.862,-3.430,3.000,-0.135,0.585,0.000,0.600,cmd_age=0.02s bat=1.00 dist=1.61m
166,51.155,SCOUT,3,-5.362,-4.930,3.000,-0.135,0.585,0.000,0.600,cmd_age=0.02s bat=1.00 dist=1.61m
166,51.155,SCOUT,4,6.863,-3.429,3.000,0.135,0.584,0.000,0.600,cmd_age=0.02s bat=1.00 dist=1.61m
166,51.155,SCOUT,5,5.363,-1.929,3.000,0.135,0.584,0.000,0.600,cmd_age=0.02s bat=1.00 dist=1.61m
166,51.155,SCOUT,6,3.863,-3.429,3.000,0.135,0.584,0.000,0.600,cmd_age=0.02s bat=1.00 dist=1.61m
166,51.155,SCOUT,7,5.363,-4.929,3.000,0.135,0.584,0.000,0.600,cmd_age=0.02s bat=1.00 dist=1.61m
166,51.155,SCOUT,8,-2.361,3.860,3.000,0.424,-0.424,0.000,0.600,cmd_age=0.02s bat=1.00 dist=1.61m
166,51.155,SCOUT,9,-3.861,5.360,3.000,0.424,-0.424,0.000,0.600,cmd_age=0.02s bat=1.00 dist=1.61m
166,51.155,SCOUT,10,-5.361,3.860,3.000,0.424,-0.424,0.000,0.600,cmd_age=0.02s bat=1.00 dist=1.61m
166,51.155,SCOUT,11,-3.861,2.360,3.000,0.424,-0.424,0.000,0.600,cmd_age=0.02s bat=1.00 dist=1.61m
166,51.155,SCOUT,12,5.361,3.861,3.000,-0.424,-0.425,0.000,0.600,cmd_age=0.02s bat=1.00 dist=1.61m
166,51.155,SCOUT,13,3.861,5.361,3.000,-0.424,-0.425,0.000,0.600,cmd_age=0.02s bat=1.00 dist=1.61m
166,51.155,SCOUT,14,2.361,3.861,3.000,-0.424,-0.425,0.000,0.600,cmd_age=0.02s bat=1.00 dist=1.61m
166,51.155,SCOUT,15,3.861,2.361,3.000,-0.424,-0.425,0.000,0.600,cmd_age=0.02s bat=1.00 dist=1.61m
166,51.155,WORKER,0,-4.909,-0.038,3.000,-0.718,1.867,0.000,2.000,state=MOVING bat=1.00 dist=5.31m
166,51.155,WORKER,1,7.408,0.301,3.000,0.153,1.994,0.000,2.000,state=MOVING bat=1.00 dist=5.31m
166,51.155,WORKER,2,0.434,0.941,3.000,1.292,-1.527,0.000,2.000,state=MOVING bat=1.00 dist=5.31m
166,51.155,WORKER,3,2.982,1.518,3.000,-1.511,-1.310,0.000,2.000,state=MOVING bat=1.00 dist=5.31m
167,51.389,GENERAL,0,0.000,0.000,5.000,0.000,0.000,0.000,0.000,N/A
167,51.389,NODE,0,-5.373,-3.381,3.000,-0.135,0.585,0.000,0.601,zone=0 dist=1.65m
167,51.389,NODE,1,5.374,-3.380,3.000,0.135,0.584,0.000,0.599,zone=1 dist=1.65m
167,51.389,NODE,2,-3.825,3.824,3.000,0.424,-0.424,0.000,0.600,zone=2 dist=1.65m
167,51.389,NODE,3,3.825,3.825,3.000,-0.425,-0.425,0.000,0.601,zone=3 dist=1.65m
167,51.389,SCOUT,0,-3.864,-3.420,3.000,-0.135,0.585,0.000,0.600,cmd_age=0.02s bat=1.00 dist=1.62m
167,51.389,SCOUT,1,-5.364,-1.920,3.000,-0.135,0.585,0.000,0.600,cmd_age=0.02s bat=1.00 dist=1.62m
167,51.389,SCOUT,2,-6.864,-3.420,3.000,-0.135,0.585,0.000,0.600,cmd_age=0.02s bat=1.00 dist=1.62m
167,51.389,SCOUT,3,-5.364,-4.920,3.000,-0.135,0.585,0.000,0.600,cmd_age=0.02s bat=1.00 dist=1.62m
167,51.389,SCOUT,4,6.865,-3.419,3.000,0.135,0.584,0.000,0.599,cmd_age=0.02s bat=1.00 dist=1.62m
167,51.389,SCOUT,5,5.365,-1.919,3.000,0.135,0.584,0.000,0.599,cmd_age=0.02s bat=1.00 dist=1.62m
167,51.389,SCOUT,6,3.865,-3.419,3.000,0.135,0.584,0.000,0.599,cmd_age=0.02s bat=1.00 dist=1.62m
167,51.389,SCOUT,7,5.365,-4.919,3.000,0.135,0.584,0.000,0.599,cmd_age=0.02s bat=1.00 dist=1.62m
167,51.389,SCOUT,8,-2.354,3.853,3.000,0.424,-0.424,0.000,0.600,cmd_age=0.02s bat=1.00 dist=1.62m
167,51.389,SCOUT,9,-3.854,5.353,3.000,0.424,-0.424,0.000,0.600,cmd_age=0.02s bat=1.00 dist=1.62m
167,51.389,SCOUT,10,-5.354,3.853,3.000,0.424,-0.424,0.000,0.600,cmd_age=0.02s bat=1.00 dist=1.62m
167,51.389,SCOUT,11,-3.854,2.353,3.000,0.424,-0.424,0.000,0.600,cmd_age=0.02s bat=1.00 dist=1.62m
167,51.389,SCOUT,12,5.353,3.853,3.000,-0.424,-0.425,0.000,0.600,cmd_age=0.02s bat=1.00 dist=1.62m
167,51.389,SCOUT,13,3.853,5.353,3.000,-0.424,-0.425,0.000,0.600,cmd_age=0.02s bat=1.00 dist=1.62m
167,51.389,SCOUT,14,2.353,3.853,3.000,-0.424,-0.425,0.000,0.600,cmd_age=0.02s bat=1.00 dist=1.62m
167,51.389,SCOUT,15,3.853,2.353,3.000,-0.424,-0.425,0.000,0.600,cmd_age=0.02s bat=1.00 dist=1.62m
167,51.389,WORKER,0,-4.921,-0.007,3.000,-0.718,1.867,0.000,2.000,state=MOVING bat=1.00 dist=5.35m
167,51.389,WORKER,1,7.410,0.334,3.000,0.153,1.994,0.000,2.000,state=MOVING bat=1.00 dist=5.35m
167,51.389,WORKER,2,0.456,0.916,3.000,1.292,-1.527,0.000,2.000,state=MOVING bat=1.00 dist=5.35m
167,51.389,WORKER,3,2.957,1.496,3.000,-1.511,-1.310,0.000,2.000,state=MOVING bat=1.00 dist=5.35m
168,51.608,GENERAL,0,0.000,0.000,5.000,0.000,0.000,0.000,0.000,N/A
168,51.608,NODE,0,-5.376,-3.371,3.000,-0.135,0.584,0.000,0.599,zone=0 dist=1.66m
168,51.608,NODE,1,5.376,-3.370,3.000,0.135,0.583,0.000,0.598,zone=1 dist=1.66m
168,51.608,NODE,2,-3.818,3.817,3.000,0.425,-0.425,0.000,0.601,zone=2 dist=1.66m
168,51.608,NODE,3,3.818,3.818,3.000,-0.425,-0.425,0.000,0.601,zone=3 dist=1.66m
168,51.608,SCOUT,0,-3.867,-3.410,3.000,-0.135,0.585,0.000,0.600,cmd_age=0.02s bat=1.00 dist=1.63m
168,51.608,SCOUT,1,-5.367,-1.910,3.000,-0.135,0.585,0.000,0.600,cmd_age=0.02s bat=1.00 dist=1.63m
168,51.608,SCOUT,2,-6.867,-3.410,3.000,-0.135,0.585,0.000,0.600,cmd_age=0.02s bat=1.00 dist=1.63m
168,51.608,SCOUT,3,-5.367,-4.910,3.000,-0.135,0.585,0.000,0.600,cmd_age=0.02s bat=1.00 dist=1.63m
168,51.608,SCOUT,4,6.867,-3.409,3.000,0.135,0.584,0.000,0.599,cmd_age=0.02s bat=1.00 dist=1.63m
168,51.608,SCOUT,5,5.367,-1.909,3.000,0.135,0.584,0.000,0.599,cmd_age=0.02s bat=1.00 dist=1.63m
168,51.608,SCOUT,6,3.867,-3.409,3.000,0.135,0.584,0.000,0.599,cmd_age=0.02s bat=1.00 dist=1.63m
168,51.608,SCOUT,7,5.367,-4.909,3.000,0.135,0.584,0.000,0.599,cmd_age=0.02s bat=1.00 dist=1.63m
168,51.608,SCOUT,8,-2.347,3.846,3.000,0.424,-0.424,0.000,0.600,cmd_age=0.02s bat=1.00 dist=1.63m
168,51.608,SCOUT,9,-3.847,5.346,3.000,0.424,-0.424,0.000,0.600,cmd_age=0.02s bat=1.00 dist=1.63m
168,51.608,SCOUT,10,-5.347,3.846,3.000,0.424,-0.424,0.000,0.600,cmd_age=0.02s bat=1.00 dist=1.63m
168,51.608,SCOUT,11,-3.847,2.346,3.000,0.424,-0.424,0.000,0.600,cmd_age=0.02s bat=1.00 dist=1.63m
168,51.608,SCOUT,12,5.346,3.846,3.000,-0.424,-0.425,0.000,0.600,cmd_age=0.02s bat=1.00 dist=1.63m
168,51.608,SCOUT,13,3.846,5.346,3.000,-0.424,-0.425,0.000,0.600,cmd_age=0.02s bat=1.00 dist=1.63m
168,51.608,SCOUT,14,2.346,3.846,3.000,-0.424,-0.425,0.000,0.600,cmd_age=0.02s bat=1.00 dist=1.63m
168,51.608,SCOUT,15,3.846,2.346,3.000,-0.424,-0.425,0.000,0.600,cmd_age=0.02s bat=1.00 dist=1.63m
168,51.608,WORKER,0,-4.933,0.025,3.000,-0.718,1.867,0.000,2.000,state=MOVING bat=1.00 dist=5.38m
168,51.608,WORKER,1,7.413,0.367,3.000,0.153,1.994,0.000,2.000,state=MOVING bat=1.00 dist=5.38m
168,51.608,WORKER,2,0.477,0.890,3.000,1.292,-1.527,0.000,2.000,state=MOVING bat=1.00 dist=5.38m
168,51.608,WORKER,3,2.932,1.474,3.000,-1.511,-1.310,0.000,2.000,state=MOVING bat=1.00 dist=5.38m
169,52.107,GENERAL,0,0.000,0.000,5.000,0.000,0.000,0.000,0.000,N/A
169,52.107,NODE,0,-5.378,-3.362,3.000,-0.135,0.584,0.000,0.599,zone=0 dist=1.67m
169,52.107,NODE,1,5.378,-3.361,3.000,0.135,0.584,0.000,0.599,zone=1 dist=1.67m
169,52.107,NODE,2,-3.811,3.810,3.000,0.424,-0.423,0.000,0.599,zone=2 dist=1.67m
169,52.107,NODE,3,3.811,3.811,3.000,-0.424,-0.424,0.000,0.600,zone=3 dist=1.67m
169,52.107,SCOUT,0,-3.869,-3.401,3.000,-0.135,0.584,0.000,0.600,cmd_age=0.02s bat=1.00 dist=1.64m
169,52.107,SCOUT,1,-5.369,-1.901,3.000,-0.135,0.584,0.000,0.600,cmd_age=0.02s bat=1.00 dist=1.64m
169,52.107,SCOUT,2,-6.869,-3.401,3.000,-0.135,0.584,0.000,0.600,cmd_age=0.02s bat=1.00 dist=1.64m
169,52.107,SCOUT,3,-5.369,-4.901,3.000,-0.135,0.584,0.000,0.600,cmd_age=0.02s bat=1.00 dist=1.64m
169,52.107,SCOUT,4,6.869,-3.400,3.000,0.135,0.584,0.000,0.599,cmd_age=0.02s bat=1.00 dist=1.64m
169,52.107,SCOUT,5,5.369,-1.900,3.000,0.135,0.584,0.000,0.599,cmd_age=0.02s bat=1.00 dist=1.64m
169,52.107,SCOUT,6,3.869,-3.400,3.000,0.135,0.584,0.000,0.599,cmd_age=0.02s bat=1.00 dist=1.64m
169,52.107,SCOUT,7,5.369,-4.900,3.000,0.135,0.584,0.000,0.599,cmd_age=0.02s bat=1.00 dist=1.64m
169,52.107,SCOUT,8,-2.340,3.838,3.000,0.424,-0.424,0.000,0.600,cmd_age=0.02s bat=1.00 dist=1.64m
169,52.107,SCOUT,9,-3.840,5.338,3.000,0.424,-0.424,0.000,0.600,cmd_age=0.02s bat=1.00 dist=1.64m
169,52.107,SCOUT,10,-5.340,3.838,3.000,0.424,-0.424,0.000,0.600,cmd_age=0.02s bat=1.00 dist=1.64m
169,52.107,SCOUT,11,-3.840,2.338,3.000,0.424,-0.424,0.000,0.600,cmd_age=0.02s bat=1.00 dist=1.64m
169,52.107,SCOUT,12,5.339,3.839,3.000,-0.424,-0.425,0.000,0.600,cmd_age=0.02s bat=1.00 dist=1.64m
169,52.107,SCOUT,13,3.839,5.339,3.000,-0.424,-0.425,0.000,0.600,cmd_age=0.02s bat=1.00 dist=1.64m
169,52.107,SCOUT,14,2.339,3.839,3.000,-0.424,-0.425,0.000,0.600,cmd_age=0.02s bat=1.00 dist=1.64m
169,52.107,SCOUT,15,3.839,2.339,3.000,-0.424,-0.425,0.000,0.600,cmd_age=0.02s bat=1.00 dist=1.64m
169,52.107,WORKER,0,-4.944,0.056,3.000,-0.718,1.867,0.000,2.000,state=MOVING bat=1.00 dist=5.41m
169,52.107,WORKER,1,7.415,0.401,3.000,0.153,1.994,0.000,2.000,state=MOVING bat=1.00 dist=5.41m
169,52.107,WORKER,2,0.499,0.865,3.000,1.292,-1.527,0.000,2.000,state=MOVING bat=1.00 dist=5.41m
169,52.107,WORKER,3,2.907,1.452,3.000,-1.511,-1.310,0.000,2.000,state=MOVING bat=1.00 dist=5.41m
170,52.303,GENERAL,0,0.000,0.000,5.000,0.000,0.000,0.000,0.000,N/A
170,52.303,NODE,0,-5.380,-3.352,3.000,-0.135,0.583,0.000,0.599,zone=0 dist=1.68m
170,52.303,NODE,1,5.381,-3.351,3.000,0.136,0.584,0.000,0.600,zone=1 dist=1.68m
170,52.303,NODE,2,-3.804,3.803,3.000,0.424,-0.425,0.000,0.600,zone=2 dist=1.68m
170,52.303,NODE,3,3.804,3.804,3.000,-0.424,-0.423,0.000,0.599,zone=3 dist=1.68m
170,52.303,SCOUT,0,-3.871,-3.391,3.000,-0.135,0.584,0.000,0.600,cmd_age=0.02s bat=1.00 dist=1.65m
170,52.303,SCOUT,1,-5.371,-1.891,3.000,-0.135,0.584,0.000,0.600,cmd_age=0.02s bat=1.00 dist=1.65m
170,52.303,SCOUT,2,-6.871,-3.391,3.000,-0.135,0.584,0.000,0.600,cmd_age=0.02s bat=1.00 dist=1.65m
170,52.303,SCOUT,3,-5.371,-4.891,3.000,-0.135,0.584,0.000,0.600,cmd_age=0.02s bat=1.00 dist=1.65m
170,52.303,SCOUT,4,6.872,-3.390,3.000,0.135,0.584,0.000,0.599,cmd_age=0.02s bat=1.00 dist=1.65m
170,52.303,SCOUT,5,5.372,-1.890,3.000,0.135,0.584,0.000,0.599,cmd_age=0.02s bat=1.00 dist=1.65m
170,52.303,SCOUT,6,3.872,-3.390,3.000,0.135,0.584,0.000,0.599,cmd_age=0.02s bat=1.00 dist=1.65m
170,52.303,SCOUT,7,5.372,-4.890,3.000,0.135,0.584,0.000,0.599,cmd_age=0.02s bat=1.00 dist=1.65m
170,52.303,SCOUT,8,-2.332,3.831,3.000,0.424,-0.424,0.000,0.600,cmd_age=0.02s bat=1.00 dist=1.65m
170,52.303,SCOUT,9,-3.832,5.331,3.000,0.424,-0.424,0.000,0.600,cmd_age=0.02s bat=1.00 dist=1.65m
170,52.303,SCOUT,10,-5.332,3.831,3.000,0.424,-0.424,0.000,0.600,cmd_age=0.02s bat=1.00 dist=1.65m
170,52.303,SCOUT,11,-3.832,2.331,3.000,0.424,-0.424,0.000,0.600,cmd_age=0.02s bat=1.00 dist=1.65m
170,52.303,SCOUT,12,5.332,3.832,3.000,-0.424,-0.424,0.000,0.600,cmd_age=0.02s bat=1.00 dist=1.65m
170,52.303,SCOUT,13,3.832,5.332,3.000,-0.424,-0.424,0.000,0.600,cmd_age=0.02s bat=1.00 dist=1.65m
170,52.303,SCOUT,14,2.332,3.832,3.000,-0.424,-0.424,0.000,0.600,cmd_age=0.02s bat=1.00 dist=1.65m
170,52.303,SCOUT,15,3.832,2.332,3.000,-0.424,-0.424,0.000,0.600,cmd_age=0.02s bat=1.00 dist=1.65m
170,52.303,WORKER,0,-4.956,0.087,3.000,-0.718,1.867,0.000,2.000,state=MOVING bat=1.00 dist=5.45m
170,52.303,WORKER,1,7.418,0.434,3.000,0.153,1.994,0.000,2.000,state=MOVING bat=1.00 dist=5.45m
170,52.303,WORKER,2,0.520,0.840,3.000,1.292,-1.527,0.000,2.000,state=MOVING bat=1.00 dist=5.45m
170,52.303,WORKER,3,2.881,1.431,3.000,-1.511,-1.310,0.000,2.000,state=MOVING bat=1.00 dist=5.45m
171,52.510,GENERAL,0,0.000,0.000,5.000,0.000,0.000,0.000,0.000,N/A
171,52.510,NODE,0,-5.382,-3.342,3.000,-0.135,0.583,0.000,0.599,zone=0 dist=1.69m
171,52.510,NODE,1,5.383,-3.341,3.000,0.135,0.584,0.000,0.600,zone=1 dist=1.69m
171,52.510,NODE,2,-3.797,3.796,3.000,0.425,-0.426,0.000,0.601,zone=2 dist=1.69m
171,52.510,NODE,3,3.797,3.797,3.000,-0.424,-0.423,0.000,0.599,zone=3 dist=1.69m
171,52.510,SCOUT,0,-3.873,-3.381,3.000,-0.135,0.584,0.000,0.599,cmd_age=0.02s bat=1.00 dist=1.66m
171,52.510,SCOUT,1,-5.373,-1.881,3.000,-0.135,0.584,0.000,0.599,cmd_age=0.02s bat=1.00 dist=1.66m
171,52.510,SCOUT,2,-6.873,-3.381,3.000,-0.135,0.584,0.000,0.599,cmd_age=0.02s bat=1.00 dist=1.66m
171,52.510,SCOUT,3,-5.373,-4.881,3.000,-0.135,0.584,0.000,0.599,cmd_age=0.02s bat=1.00 dist=1.66m
171,52.510,SCOUT,4,6.874,-3.380,3.000,0.135,0.584,0.000,0.599,cmd_age=0.02s bat=1.00 dist=1.66m
171,52.510,SCOUT,5,5.374,-1.880,3.000,0.135,0.584,0.000,0.599,cmd_age=0.02s bat=1.00 dist=1.66m
171,52.510,SCOUT,6,3.874,-3.380,3.000,0.135,0.584,0.000,0.599,cmd_age=0.02s bat=1.00 dist=1.66m
171,52.510,SCOUT,7,5.374,-4.880,3.000,0.135,0.584,0.000,0.599,cmd_age=0.02s bat=1.00 dist=1.66m
171,52.510,SCOUT,8,-2.325,3.824,3.000,0.425,-0.424,0.000,0.600,cmd_age=0.02s bat=1.00 dist=1.66m
171,52.510,SCOUT,9,-3.825,5.324,3.000,0.425,-0.424,0.000,0.600,cmd_age=0.02s bat=1.00 dist=1.66m
171,52.510,SCOUT,10,-5.325,3.824,3.000,0.425,-0.424,0.000,0.600,cmd_age=0.02s bat=1.00 dist=1.66m
171,52.510,SCOUT,11,-3.825,2.324,3.000,0.425,-0.424,0.000,0.600,cmd_age=0.02s bat=1.00 dist=1.66m
171,52.510,SCOUT,12,5.325,3.825,3.000,-0.424,-0.424,0.000,0.600,cmd_age=0.02s bat=1.00 dist=1.66m
171,52.510,SCOUT,13,3.825,5.325,3.000,-0.424,-0.424,0.000,0.600,cmd_age=0.02s bat=1.00 dist=1.66m
171,52.510,SCOUT,14,2.325,3.825,3.000,-0.424,-0.424,0.000,0.600,cmd_age=0.02s bat=1.00 dist=1.66m
171,52.510,SCOUT,15,3.825,2.325,3.000,-0.424,-0.424,0.000,0.600,cmd_age=0.02s bat=1.00 dist=1.66m
171,52.510,WORKER,0,-4.968,0.118,3.000,-0.718,1.867,0.000,2.000,state=MOVING bat=1.00 dist=5.48m
171,52.510,WORKER,1,7.421,0.467,3.000,0.153,1.994,0.000,2.000,state=MOVING bat=1.00 dist=5.48m
171,52.510,WORKER,2,0.542,0.814,3.000,1.292,-1.527,0.000,2.000,state=MOVING bat=1.00 dist=5.48m
171,52.510,WORKER,3,2.856,1.409,3.000,-1.511,-1.310,0.000,2.000,state=MOVING bat=1.00 dist=5.48m
172,52.722,GENERAL,0,0.000,0.000,5.000,0.000,0.000,0.000,0.000,N/A
172,52.722,NODE,0,-5.385,-3.332,3.000,-0.134,0.583,0.000,0.598,zone=0 dist=1.70m
172,52.722,NODE,1,5.385,-3.332,3.000,0.135,0.584,0.000,0.599,zone=1 dist=1.70m
172,52.722,NODE,2,-3.790,3.789,3.000,0.424,-0.424,0.000,0.599,zone=2 dist=1.70m
172,52.722,NODE,3,3.790,3.790,3.000,-0.424,-0.423,0.000,0.599,zone=3 dist=1.70m
172,52.722,SCOUT,0,-3.876,-3.371,3.000,-0.135,0.584,0.000,0.599,cmd_age=0.02s bat=1.00 dist=1.67m
172,52.722,SCOUT,1,-5.376,-1.871,3.000,-0.135,0.584,0.000,0.599,cmd_age=0.02s bat=1.00 dist=1.67m
172,52.722,SCOUT,2,-6.876,-3.371,3.000,-0.135,0.584,0.000,0.599,cmd_age=0.02s bat=1.00 dist=1.67m
172,52.722,SCOUT,3,-5.376,-4.871,3.000,-0.135,0.584,0.000,0.599,cmd_age=0.02s bat=1.00 dist=1.67m
172,52.722,SCOUT,4,6.876,-3.370,3.000,0.135,0.584,0.000,0.599,cmd_age=0.02s bat=1.00 dist=1.67m
172,52.722,SCOUT,5,5.376,-1.870,3.000,0.135,0.584,0.000,0.599,cmd_age=0.02s bat=1.00 dist=1.67m
172,52.722,SCOUT,6,3.876,-3.370,3.000,0.135,0.584,0.000,0.599,cmd_age=0.02s bat=1.00 dist=1.67m
172,52.722,SCOUT,7,5.376,-4.870,3.000,0.135,0.584,0.000,0.599,cmd_age=0.02s bat=1.00 dist=1.67m
172,52.722,SCOUT,8,-2.318,3.817,3.000,0.424,-0.424,0.000,0.600,cmd_age=0.02s bat=1.00 dist=1.67m
172,52.722,SCOUT,9,-3.818,5.317,3.000,0.424,-0.424,0.000,0.600,cmd_age=0.02s bat=1.00 dist=1.67m
172,52.722,SCOUT,10,-5.318,3.817,3.000,0.424,-0.424,0.000,0.600,cmd_age=0.02s bat=1.00 dist=1.67m
172,52.722,SCOUT,11,-3.818,2.317,3.000,0.424,-0.424,0.000,0.600,cmd_age=0.02s bat=1.00 dist=1.67m
172,52.722,SCOUT,12,5.318,3.818,3.000,-0.424,-0.424,0.000,0.600,cmd_age=0.02s bat=1.00 dist=1.67m
172,52.722,SCOUT,13,3.818,5.318,3.000,-0.424,-0.424,0.000,0.600,cmd_age=0.02s bat=1.00 dist=1.67m
172,52.722,SCOUT,14,2.318,3.818,3.000,-0.424,-0.424,0.000,0.600,cmd_age=0.02s bat=1.00 dist=1.67m
172,52.722,SCOUT,15,3.818,2.318,3.000,-0.424,-0.424,0.000,0.600,cmd_age=0.02s bat=1.00 dist=1.67m
172,52.722,WORKER,0,-4.980,0.149,3.000,-0.718,1.867,0.000,2.000,state=MOVING bat=1.00 dist=5.51m
172,52.722,WORKER,1,7.423,0.500,3.000,0.153,1.994,0.000,2.000,state=MOVING bat=1.00 dist=5.51m
172,52.722,WORKER,2,0.563,0.789,3.000,1.292,-1.527,0.000,2.000,state=MOVING bat=1.00 dist=5.51m
172,52.722,WORKER,3,2.831,1.387,3.000,-1.511,-1.310,0.000,2.000,state=MOVING bat=1.00 dist=5.51m
173,52.934,GENERAL,0,0.000,0.000,5.000,0.000,0.000,0.000,0.000,N/A
173,52.934,NODE,0,-5.387,-3.323,3.000,-0.135,0.583,0.000,0.599,zone=0 dist=1.71m
173,52.934,NODE,1,5.387,-3.322,3.000,0.135,0.584,0.000,0.600,zone=1 dist=1.71m
173,52.934,NODE,2,-3.783,3.782,3.000,0.424,-0.424,0.000,0.599,zone=2 dist=1.71m
173,52.934,NODE,3,3.783,3.783,3.000,-0.424,-0.424,0.000,0.600,zone=3 dist=1.71m
173,52.934,SCOUT,0,-3.878,-3.362,3.000,-0.135,0.584,0.000,0.599,cmd_age=0.02s bat=1.00 dist=1.68m
173,52.934,SCOUT,1,-5.378,-1.862,3.000,-0.135,0.584,0.000,0.599,cmd_age=0.02s bat=1.00 dist=1.68m
173,52.934,SCOUT,2,-6.878,-3.362,3.000,-0.135,0.584,0.000,0.599,cmd_age=0.02s bat=1.00 dist=1.68m
173,52.934,SCOUT,3,-5.378,-4.862,3.000,-0.135,0.584,0.000,0.599,cmd_age=0.02s bat=1.00 dist=1.68m
173,52.934,SCOUT,4,6.878,-3.361,3.000,0.135,0.584,0.000,0.599,cmd_age=0.02s bat=1.00 dist=1.68m
173,52.934,SCOUT,5,5.378,-1.861,3.000,0.135,0.584,0.000,0.599,cmd_age=0.02s bat=1.00 dist=1.68m
173,52.934,SCOUT,6,3.878,-3.361,3.000,0.135,0.584,0.000,0.599,cmd_age=0.02s bat=1.00 dist=1.68m
173,52.934,SCOUT,7,5.378,-4.861,3.000,0.135,0.584,0.000,0.599,cmd_age=0.02s bat=1.00 dist=1.68m
173,52.934,SCOUT,8,-2.311,3.810,3.000,0.424,-0.424,0.000,0.600,cmd_age=0.02s bat=1.00 dist=1.68m
173,52.934,SCOUT,9,-3.811,5.310,3.000,0.424,-0.424,0.000,0.600,cmd_age=0.02s bat=1.00 dist=1.68m
173,52.934,SCOUT,10,-5.311,3.810,3.000,0.424,-0.424,0.000,0.600,cmd_age=0.02s bat=1.00 dist=1.68m
173,52.934,SCOUT,11,-3.811,2.310,3.000,0.424,-0.424,0.000,0.600,cmd_age=0.02s bat=1.00 dist=1.68m
173,52.934,SCOUT,12,5.311,3.811,3.000,-0.424,-0.424,0.000,0.600,cmd_age=0.02s bat=1.00 dist=1.68m
173,52.934,SCOUT,13,3.811,5.311,3.000,-0.424,-0.424,0.000,0.600,cmd_age=0.02s bat=1.00 dist=1.68m
173,52.934,SCOUT,14,2.311,3.811,3.000,-0.424,-0.424,0.000,0.600,cmd_age=0.02s bat=1.00 dist=1.68m
173,52.934,SCOUT,15,3.811,2.311,3.000,-0.424,-0.424,0.000,0.600,cmd_age=0.02s bat=1.00 dist=1.68m
173,52.934,WORKER,0,-4.992,0.180,3.000,-0.718,1.867,0.000,2.000,state=MOVING bat=1.00 dist=5.55m
173,52.934,WORKER,1,7.426,0.534,3.000,0.153,1.994,0.000,2.000,state=MOVING bat=1.00 dist=5.55m
173,52.934,WORKER,2,0.585,0.763,3.000,1.292,-1.527,0.000,2.000,state=MOVING bat=1.00 dist=5.55m
173,52.934,WORKER,3,2.806,1.365,3.000,-1.511,-1.310,0.000,2.000,state=MOVING bat=1.00 dist=5.55m
174,53.432,GENERAL,0,0.000,0.000,5.000,0.000,0.000,0.000,0.000,N/A
174,53.432,NODE,0,-5.389,-3.313,3.000,-0.135,0.583,0.000,0.598,zone=0 dist=1.72m
174,53.432,NODE,1,5.390,-3.312,3.000,0.135,0.584,0.000,0.600,zone=1 dist=1.72m
174,53.432,NODE,2,-3.776,3.775,3.000,0.424,-0.423,0.000,0.599,zone=2 dist=1.72m
174,53.432,NODE,3,3.776,3.776,3.000,-0.424,-0.424,0.000,0.600,zone=3 dist=1.72m
174,53.432,SCOUT,0,-3.880,-3.352,3.000,-0.135,0.584,0.000,0.599,cmd_age=0.02s bat=1.00 dist=1.69m
174,53.432,SCOUT,1,-5.380,-1.852,3.000,-0.135,0.584,0.000,0.599,cmd_age=0.02s bat=1.00 dist=1.69m
174,53.432,SCOUT,2,-6.880,-3.352,3.000,-0.135,0.584,0.000,0.599,cmd_age=0.02s bat=1.00 dist=1.69m
174,53.432,SCOUT,3,-5.380,-4.852,3.000,-0.135,0.584,0.000,0.599,cmd_age=0.02s bat=1.00 dist=1.69m
174,53.432,SCOUT,4,6.881,-3.351,3.000,0.135,0.584,0.000,0.599,cmd_age=0.02s bat=1.00 dist=1.69m
174,53.432,SCOUT,5,5.381,-1.851,3.000,0.135,0.584,0.000,0.599,cmd_age=0.02s bat=1.00 dist=1.69m
174,53.432,SCOUT,6,3.881,-3.351,3.000,0.135,0.584,0.000,0.599,cmd_age=0.02s bat=1.00 dist=1.69m
174,53.432,SCOUT,7,5.381,-4.851,3.000,0.135,0.584,0.000,0.599,cmd_age=0.02s bat=1.00 dist=1.69m
174,53.432,SCOUT,8,-2.304,3.803,3.000,0.424,-0.424,0.000,0.600,cmd_age=0.02s bat=1.00 dist=1.69m
174,53.432,SCOUT,9,-3.804,5.303,3.000,0.424,-0.424,0.000,0.600,cmd_age=0.02s bat=1.00 dist=1.69m
174,53.432,SCOUT,10,-5.304,3.803,3.000,0.424,-0.424,0.000,0.600,cmd_age=0.02s bat=1.00 dist=1.69m
174,53.432,SCOUT,11,-3.804,2.303,3.000,0.424,-0.424,0.000,0.600,cmd_age=0.02s bat=1.00 dist=1.69m
174,53.432,SCOUT,12,5.304,3.804,3.000,-0.424,-0.424,0.000,0.600,cmd_age=0.02s bat=1.00 dist=1.69m
174,53.432,SCOUT,13,3.804,5.304,3.000,-0.424,-0.424,0.000,0.600,cmd_age=0.02s bat=1.00 dist=1.69m
174,53.432,SCOUT,14,2.304,3.804,3.000,-0.424,-0.424,0.000,0.600,cmd_age=0.02s bat=1.00 dist=1.69m
174,53.432,SCOUT,15,3.804,2.304,3.000,-0.424,-0.424,0.000,0.600,cmd_age=0.02s bat=1.00 dist=1.69m
174,53.432,WORKER,0,-5.004,0.211,3.000,-0.718,1.867,0.000,2.000,state=MOVING bat=1.00 dist=5.58m
174,53.432,WORKER,1,7.428,0.567,3.000,0.153,1.994,0.000,2.000,state=MOVING bat=1.00 dist=5.58m
174,53.432,WORKER,2,0.607,0.738,3.000,1.292,-1.527,0.000,2.000,state=MOVING bat=1.00 dist=5.58m
174,53.432,WORKER,3,2.781,1.343,3.000,-1.511,-1.310,0.000,2.000,state=MOVING bat=1.00 dist=5.58m
175,53.750,GENERAL,0,0.000,0.000,5.000,0.000,0.000,0.000,0.000,N/A
175,53.750,NODE,0,-5.391,-3.303,3.000,-0.136,0.583,0.000,0.599,zone=0 dist=1.73m
175,53.750,NODE,1,5.392,-3.302,3.000,0.136,0.584,0.000,0.599,zone=1 dist=1.73m
175,53.750,NODE,2,-3.769,3.768,3.000,0.425,-0.424,0.000,0.600,zone=2 dist=1.73m
175,53.750,NODE,3,3.769,3.769,3.000,-0.425,-0.423,0.000,0.600,zone=3 dist=1.73m
175,53.750,SCOUT,0,-3.882,-3.342,3.000,-0.135,0.583,0.000,0.599,cmd_age=0.02s bat=1.00 dist=1.70m
175,53.750,SCOUT,1,-5.382,-1.842,3.000,-0.135,0.583,0.000,0.599,cmd_age=0.02s bat=1.00 dist=1.70m
175,53.750,SCOUT,2,-6.882,-3.342,3.000,-0.135,0.583,0.000,0.599,cmd_age=0.02s bat=1.00 dist=1.70m
175,53.750,SCOUT,3,-5.382,-4.842,3.000,-0.135,0.583,0.000,0.599,cmd_age=0.02s bat=1.00 dist=1.70m
175,53.750,SCOUT,4,6.883,-3.341,3.000,0.135,0.584,0.000,0.599,cmd_age=0.02s bat=1.00 dist=1.70m
175,53.750,SCOUT,5,5.383,-1.841,3.000,0.135,0.584,0.000,0.599,cmd_age=0.02s bat=1.00 dist=1.70m
175,53.750,SCOUT,6,3.883,-3.341,3.000,0.135,0.584,0.000,0.599,cmd_age=0.02s bat=1.00 dist=1.70m
175,53.750,SCOUT,7,5.383,-4.841,3.000,0.135,0.584,0.000,0.599,cmd_age=0.02s bat=1.00 dist=1.70m
175,53.750,SCOUT,8,-2.297,3.796,3.000,0.424,-0.424,0.000,0.600,cmd_age=0.02s bat=1.00 dist=1.70m
175,53.750,SCOUT,9,-3.797,5.296,3.000,0.424,-0.424,0.000,0.600,cmd_age=0.02s bat=1.00 dist=1.70m
175,53.750,SCOUT,10,-5.297,3.796,3.000,0.424,-0.424,0.000,0.600,cmd_age=0.02s bat=1.00 dist=1.70m
175,53.750,SCOUT,11,-3.797,2.296,3.000,0.424,-0.424,0.000,0.600,cmd_age=0.02s bat=1.00 dist=1.70m
175,53.750,SCOUT,12,5.297,3.797,3.000,-0.424,-0.424,0.000,0.600,cmd_age=0.02s bat=1.00 dist=1.70m
175,53.750,SCOUT,13,3.797,5.297,3.000,-0.424,-0.424,0.000,0.600,cmd_age=0.02s bat=1.00 dist=1.70m
175,53.750,SCOUT,14,2.297,3.797,3.000,-0.424,-0.424,0.000,0.600,cmd_age=0.02s bat=1.00 dist=1.70m
175,53.750,SCOUT,15,3.797,2.297,3.000,-0.424,-0.424,0.000,0.600,cmd_age=0.02s bat=1.00 dist=1.70m
175,53.750,WORKER,0,-5.016,0.242,3.000,-0.718,1.867,0.000,2.000,state=MOVING bat=1.00 dist=5.61m
175,53.750,WORKER,1,7.431,0.600,3.000,0.153,1.994,0.000,2.000,state=MOVING bat=1.00 dist=5.61m
175,53.750,WORKER,2,0.628,0.712,3.000,1.292,-1.527,0.000,2.000,state=MOVING bat=1.00 dist=5.61m
175,53.750,WORKER,3,2.756,1.321,3.000,-1.511,-1.310,0.000,2.000,state=MOVING bat=1.00 dist=5.61m
176,53.940,GENERAL,0,0.000,0.000,5.000,0.000,0.000,0.000,0.000,N/A
176,53.940,NODE,0,-5.394,-3.294,3.000,-0.136,0.584,0.000,0.600,zone=0 dist=1.74m
176,53.940,NODE,1,5.394,-3.293,3.000,0.135,0.583,0.000,0.599,zone=1 dist=1.74m
176,53.940,NODE,2,-3.762,3.761,3.000,0.425,-0.423,0.000,0.600,zone=2 dist=1.74m
176,53.940,NODE,3,3.762,3.762,3.000,-0.424,-0.423,0.000,0.599,zone=3 dist=1.74m
176,53.940,SCOUT,0,-3.885,-3.332,3.000,-0.135,0.584,0.000,0.599,cmd_age=0.02s bat=1.00 dist=1.71m
176,53.940,SCOUT,1,-5.385,-1.832,3.000,-0.135,0.584,0.000,0.599,cmd_age=0.02s bat=1.00 dist=1.71m
176,53.940,SCOUT,2,-6.885,-3.332,3.000,-0.135,0.584,0.000,0.599,cmd_age=0.02s bat=1.00 dist=1.71m
176,53.940,SCOUT,3,-5.385,-4.832,3.000,-0.135,0.584,0.000,0.599,cmd_age=0.02s bat=1.00 dist=1.71m
176,53.940,SCOUT,4,6.885,-3.332,3.000,0.135,0.584,0.000,0.599,cmd_age=0.02s bat=1.00 dist=1.71m
176,53.940,SCOUT,5,5.385,-1.832,3.000,0.135,0.584,0.000,0.599,cmd_age=0.02s bat=1.00 dist=1.71m
176,53.940,SCOUT,6,3.885,-3.332,3.000,0.135,0.584,0.000,0.599,cmd_age=0.02s bat=1.00 dist=1.71m
176,53.940,SCOUT,7,5.385,-4.832,3.000,0.135,0.584,0.000,0.599,cmd_age=0.02s bat=1.00 dist=1.71m
176,53.940,SCOUT,8,-2.290,3.789,3.000,0.424,-0.424,0.000,0.600,cmd_age=0.02s bat=1.00 dist=1.71m
176,53.940,SCOUT,9,-3.790,5.289,3.000,0.424,-0.424,0.000,0.600,cmd_age=0.02s bat=1.00 dist=1.71m
176,53.940,SCOUT,10,-5.290,3.789,3.000,0.424,-0.424,0.000,0.600,cmd_age=0.02s bat=1.00 dist=1.71m
176,53.940,SCOUT,11,-3.790,2.289,3.000,0.424,-0.424,0.000,0.600,cmd_age=0.02s bat=1.00 dist=1.71m
176,53.940,SCOUT,12,5.290,3.790,3.000,-0.424,-0.424,0.000,0.600,cmd_age=0.02s bat=1.00 dist=1.71m
176,53.940,SCOUT,13,3.790,5.290,3.000,-0.424,-0.424,0.000,0.600,cmd_age=0.02s bat=1.00 dist=1.71m
176,53.940,SCOUT,14,2.290,3.790,3.000,-0.424,-0.424,0.000,0.600,cmd_age=0.02s bat=1.00 dist=1.71m
176,53.940,SCOUT,15,3.790,2.290,3.000,-0.424,-0.424,0.000,0.600,cmd_age=0.02s bat=1.00 dist=1.71m
176,53.940,WORKER,0,-5.028,0.273,3.000,-0.718,1.867,0.000,2.000,state=MOVING bat=1.00 dist=5.65m
176,53.940,WORKER,1,7.433,0.633,3.000,0.153,1.994,0.000,2.000,state=MOVING bat=1.00 dist=5.65m
176,53.940,WORKER,2,0.650,0.687,3.000,1.292,-1.527,0.000,2.000,state=MOVING bat=1.00 dist=5.65m
176,53.940,WORKER,3,2.730,1.300,3.000,-1.511,-1.310,0.000,2.000,state=MOVING bat=1.00 dist=5.65m
177,54.130,GENERAL,0,0.000,0.000,5.000,0.000,0.000,0.000,0.000,N/A
177,54.130,NODE,0,-5.396,-3.284,3.000,-0.136,0.584,0.000,0.599,zone=0 dist=1.75m
177,54.130,NODE,1,5.396,-3.283,3.000,0.136,0.583,0.000,0.599,zone=1 dist=1.75m
177,54.130,NODE,2,-3.755,3.754,3.000,0.425,-0.424,0.000,0.600,zone=2 dist=1.75m
177,54.130,NODE,3,3.754,3.755,3.000,-0.425,-0.424,0.000,0.600,zone=3 dist=1.75m
177,54.130,SCOUT,0,-3.887,-3.323,3.000,-0.135,0.584,0.000,0.599,cmd_age=0.02s bat=1.00 dist=1.72m
177,54.130,SCOUT,1,-5.387,-1.823,3.000,-0.135,0.584,0.000,0.599,cmd_age=0.02s bat=1.00 dist=1.72m
177,54.130,SCOUT,2,-6.887,-3.323,3.000,-0.135,0.584,0.000,0.599,cmd_age=0.02s bat=1.00 dist=1.72m
177,54.130,SCOUT,3,-5.387,-4.823,3.000,-0.135,0.584,0.000,0.599,cmd_age=0.02s bat=1.00 dist=1.72m
177,54.130,SCOUT,4,6.887,-3.322,3.000,0.135,0.584,0.000,0.599,cmd_age=0.02s bat=1.00 dist=1.72m
177,54.130,SCOUT,5,5.387,-1.822,3.000,0.135,0.584,0.000,0.599,cmd_age=0.02s bat=1.00 dist=1.72m
177,54.130,SCOUT,6,3.887,-3.322,3.000,0.135,0.584,0.000,0.599,cmd_age=0.02s bat=1.00 dist=1.72m
177,54.130,SCOUT,7,5.387,-4.822,3.000,0.135,0.584,0.000,0.599,cmd_age=0.02s bat=1.00 dist=1.72m
177,54.130,SCOUT,8,-2.283,3.782,3.000,0.424,-0.424,0.000,0.600,cmd_age=0.02s bat=1.00 dist=1.72m
177,54.130,SCOUT,9,-3.783,5.282,3.000,0.424,-0.424,0.000,0.600,cmd_age=0.02s bat=1.00 dist=1.72m
177,54.130,SCOUT,10,-5.283,3.782,3.000,0.424,-0.424,0.000,0.600,cmd_age=0.02s bat=1.00 dist=1.72m
177,54.130,SCOUT,11,-3.783,2.282,3.000,0.424,-0.424,0.000,0.600,cmd_age=0.02s bat=1.00 dist=1.72m
177,54.130,SCOUT,12,5.283,3.783,3.000,-0.424,-0.424,0.000,0.600,cmd_age=0.02s bat=1.00 dist=1.72m
177,54.130,SCOUT,13,3.783,5.283,3.000,-0.424,-0.424,0.000,0.600,cmd_age=0.02s bat=1.00 dist=1.72m
177,54.130,SCOUT,14,2.283,3.783,3.000,-0.424,-0.424,0.000,0.600,cmd_age=0.02s bat=1.00 dist=1.72m
177,54.130,SCOUT,15,3.783,2.283,3.000,-0.424,-0.424,0.000,0.600,cmd_age=0.02s bat=1.00 dist=1.72m
177,54.130,WORKER,0,-5.040,0.305,3.000,-0.718,1.867,0.000,2.000,state=MOVING bat=1.00 dist=5.68m
177,54.130,WORKER,1,7.436,0.667,3.000,0.153,1.994,0.000,2.000,state=MOVING bat=1.00 dist=5.68m
177,54.130,WORKER,2,0.671,0.661,3.000,1.292,-1.527,0.000,2.000,state=MOVING bat=1.00 dist=5.68m
177,54.130,WORKER,3,2.705,1.278,3.000,-1.511,-1.310,0.000,2.000,state=MOVING bat=1.00 dist=5.68m
178,54.340,GENERAL,0,0.000,0.000,5.000,0.000,0.000,0.000,0.000,N/A
178,54.340,NODE,0,-5.398,-3.274,3.000,-0.136,0.584,0.000,0.600,zone=0 dist=1.76m
178,54.340,NODE,1,5.399,-3.273,3.000,0.136,0.584,0.000,0.600,zone=1 dist=1.76m
178,54.340,NODE,2,-3.748,3.747,3.000,0.425,-0.424,0.000,0.600,zone=2 dist=1.76m
178,54.340,NODE,3,3.747,3.747,3.000,-0.425,-0.424,0.000,0.600,zone=3 dist=1.76m
178,54.340,SCOUT,0,-3.889,-3.313,3.000,-0.136,0.584,0.000,0.599,cmd_age=0.02s bat=1.00 dist=1.73m
178,54.340,SCOUT,1,-5.389,-1.813,3.000,-0.136,0.584,0.000,0.599,cmd_age=0.02s bat=1.00 dist=1.73m
178,54.340,SCOUT,2,-6.889,-3.313,3.000,-0.136,0.584,0.000,0.599,cmd_age=0.02s bat=1.00 dist=1.73m
178,54.340,SCOUT,3,-5.389,-4.813,3.000,-0.136,0.584,0.000,0.599,cmd_age=0.02s bat=1.00 dist=1.73m
178,54.340,SCOUT,4,6.890,-3.312,3.000,0.136,0.584,0.000,0.599,cmd_age=0.02s bat=1.00 dist=1.73m
178,54.340,SCOUT,5,5.390,-1.812,3.000,0.136,0.584,0.000,0.599,cmd_age=0.02s bat=1.00 dist=1.73m
178,54.340,SCOUT,6,3.890,-3.312,3.000,0.136,0.584,0.000,0.599,cmd_age=0.02s bat=1.00 dist=1.73m
178,54.340,SCOUT,7,5.390,-4.812,3.000,0.136,0.584,0.000,0.599,cmd_age=0.02s bat=1.00 dist=1.73m
178,54.340,SCOUT,8,-2.276,3.775,3.000,0.425,-0.424,0.000,0.600,cmd_age=0.02s bat=1.00 dist=1.73m
178,54.340,SCOUT,9,-3.776,5.275,3.000,0.425,-0.424,0.000,0.600,cmd_age=0.02s bat=1.00 dist=1.73m
178,54.340,SCOUT,10,-5.276,3.775,3.000,0.425,-0.424,0.000,0.600,cmd_age=0.02s bat=1.00 dist=1.73m
178,54.340,SCOUT,11,-3.776,2.275,3.000,0.425,-0.424,0.000,0.600,cmd_age=0.02s bat=1.00 dist=1.73m
178,54.340,SCOUT,12,5.276,3.776,3.000,-0.424,-0.424,0.000,0.600,cmd_age=0.02s bat=1.00 dist=1.73m
178,54.340,SCOUT,13,3.776,5.276,3.000,-0.424,-0.424,0.000,0.600,cmd_age=0.02s bat=1.00 dist=1.73m
178,54.340,SCOUT,14,2.276,3.776,3.000,-0.424,-0.424,0.000,0.600,cmd_age=0.02s bat=1.00 dist=1.73m
178,54.340,SCOUT,15,3.776,2.276,3.000,-0.424,-0.424,0.000,0.600,cmd_age=0.02s bat=1.00 dist=1.73m
178,54.340,WORKER,0,-5.052,0.336,3.000,-0.718,1.867,0.000,2.000,state=MOVING bat=1.00 dist=5.71m
178,54.340,WORKER,1,7.438,0.700,3.000,0.153,1.994,0.000,2.000,state=MOVING bat=1.00 dist=5.71m
178,54.340,WORKER,2,0.693,0.636,3.000,1.292,-1.527,0.000,2.000,state=MOVING bat=1.00 dist=5.71m
178,54.340,WORKER,3,2.680,1.256,3.000,-1.511,-1.310,0.000,2.000,state=MOVING bat=1.00 dist=5.71m
179,54.553,GENERAL,0,0.000,0.000,5.000,0.000,0.000,0.000,0.000,N/A
179,54.553,NODE,0,-5.400,-3.264,3.000,-0.135,0.583,0.000,0.598,zone=0 dist=1.77m
179,54.553,NODE,1,5.401,-3.263,3.000,0.136,0.585,0.000,0.601,zone=1 dist=1.77m
179,54.553,NODE,2,-3.740,3.740,3.000,0.425,-0.424,0.000,0.600,zone=2 dist=1.77m
179,54.553,NODE,3,3.740,3.740,3.000,-0.424,-0.424,0.000,0.599,zone=3 dist=1.77m
179,54.553,SCOUT,0,-3.891,-3.303,3.000,-0.135,0.583,0.000,0.599,cmd_age=0.02s bat=1.00 dist=1.74m
179,54.553,SCOUT,1,-5.391,-1.803,3.000,-0.135,0.583,0.000,0.599,cmd_age=0.02s bat=1.00 dist=1.74m
179,54.553,SCOUT,2,-6.891,-3.303,3.000,-0.135,0.583,0.000,0.599,cmd_age=0.02s bat=1.00 dist=1.74m
179,54.553,SCOUT,3,-5.391,-4.803,3.000,-0.135,0.583,0.000,0.599,cmd_age=0.02s bat=1.00 dist=1.74m
179,54.553,SCOUT,4,6.892,-3.302,3.000,0.136,0.584,0.000,0.600,cmd_age=0.02s bat=1.00 dist=1.74m
179,54.553,SCOUT,5,5.392,-1.802,3.000,0.136,0.584,0.000,0.600,cmd_age=0.02s bat=1.00 dist=1.74m
179,54.553,SCOUT,6,3.892,-3.302,3.000,0.136,0.584,0.000,0.600,cmd_age=0.02s bat=1.00 dist=1.74m
179,54.553,SCOUT,7,5.392,-4.802,3.000,0.136,0.584,0.000,0.600,cmd_age=0.02s bat=1.00 dist=1.74m
179,54.553,SCOUT,8,-2.269,3.768,3.000,0.425,-0.424,0.000,0.600,cmd_age=0.02s bat=1.00 dist=1.74m
179,54.553,SCOUT,9,-3.769,5.268,3.000,0.425,-0.424,0.000,0.600,cmd_age=0.02s bat=1.00 dist=1.74m
179,54.553,SCOUT,10,-5.269,3.768,3.000,0.425,-0.424,0.000,0.600,cmd_age=0.02s bat=1.00 dist=1.74m
179,54.553,SCOUT,11,-3.769,2.268,3.000,0.425,-0.424,0.000,0.600,cmd_age=0.02s bat=1.00 dist=1.74m
179,54.553,SCOUT,12,5.269,3.769,3.000,-0.424,-0.424,0.000,0.600,cmd_age=0.02s bat=1.00 dist=1.74m
179,54.553,SCOUT,13,3.769,5.269,3.000,-0.424,-0.424,0.000,0.600,cmd_age=0.02s bat=1.00 dist=1.74m
179,54.553,SCOUT,14,2.269,3.769,3.000,-0.424,-0.424,0.000,0.600,cmd_age=0.02s bat=1.00 dist=1.74m
179,54.553,SCOUT,15,3.769,2.269,3.000,-0.424,-0.424,0.000,0.600,cmd_age=0.02s bat=1.00 dist=1.74m
179,54.553,WORKER,0,-5.064,0.367,3.000,-0.718,1.867,0.000,2.000,state=MOVING bat=1.00 dist=5.75m
179,54.553,WORKER,1,7.441,0.733,3.000,0.153,1.994,0.000,2.000,state=MOVING bat=1.00 dist=5.75m
179,54.553,WORKER,2,0.714,0.611,3.000,1.292,-1.527,0.000,2.000,state=MOVING bat=1.00 dist=5.75m
179,54.553,WORKER,3,2.655,1.234,3.000,-1.511,-1.310,0.000,2.000,state=MOVING bat=1.00 dist=5.75m
180,54.767,GENERAL,0,0.000,0.000,5.000,0.000,0.000,0.000,0.000,N/A
180,54.767,NODE,0,-5.403,-3.255,3.000,-0.136,0.585,0.000,0.600,zone=0 dist=1.78m
180,54.767,NODE,1,5.403,-3.254,3.000,0.136,0.583,0.000,0.598,zone=1 dist=1.78m
180,54.767,NODE,2,-3.733,3.732,3.000,0.424,-0.424,0.000,0.599,zone=2 dist=1.78m
180,54.767,NODE,3,3.733,3.733,3.000,-0.425,-0.423,0.000,0.600,zone=3 dist=1.78m
180,54.767,SCOUT,0,-3.894,-3.294,3.000,-0.135,0.584,0.000,0.599,cmd_age=0.02s bat=1.00 dist=1.75m
180,54.767,SCOUT,1,-5.394,-1.794,3.000,-0.135,0.584,0.000,0.599,cmd_age=0.02s bat=1.00 dist=1.75m
180,54.767,SCOUT,2,-6.894,-3.294,3.000,-0.135,0.584,0.000,0.599,cmd_age=0.02s bat=1.00 dist=1.75m
180,54.767,SCOUT,3,-5.394,-4.794,3.000,-0.135,0.584,0.000,0.599,cmd_age=0.02s bat=1.00 dist=1.75m
180,54.767,SCOUT,4,6.894,-3.293,3.000,0.136,0.584,0.000,0.599,cmd_age=0.02s bat=1.00 dist=1.75m
180,54.767,SCOUT,5,5.394,-1.793,3.000,0.136,0.584,0.000,0.599,cmd_age=0.02s bat=1.00 dist=1.75m
180,54.767,SCOUT,6,3.894,-3.293,3.000,0.136,0.584,0.000,0.599,cmd_age=0.02s bat=1.00 dist=1.75m
180,54.767,SCOUT,7,5.394,-4.793,3.000,0.136,0.584,0.000,0.599,cmd_age=0.02s bat=1.00 dist=1.75m
180,54.767,SCOUT,8,-2.262,3.761,3.000,0.424,-0.424,0.000,0.600,cmd_age=0.02s bat=1.00 dist=1.75m
180,54.767,SCOUT,9,-3.762,5.261,3.000,0.424,-0.424,0.000,0.600,cmd_age=0.02s bat=1.00 dist=1.75m
180,54.767,SCOUT,10,-5.262,3.761,3.000,0.424,-0.424,0.000,0.600,cmd_age=0.02s bat=1.00 dist=1.75m
180,54.767,SCOUT,11,-3.762,2.261,3.000,0.424,-0.424,0.000,0.600,cmd_age=0.02s bat=1.00 dist=1.75m
180,54.767,SCOUT,12,5.262,3.762,3.000,-0.424,-0.424,0.000,0.600,cmd_age=0.02s bat=1.00 dist=1.75m
180,54.767,SCOUT,13,3.762,5.262,3.000,-0.424,-0.424,0.000,0.600,cmd_age=0.02s bat=1.00 dist=1.75m
180,54.767,SCOUT,14,2.262,3.762,3.000,-0.424,-0.424,0.000,0.600,cmd_age=0.02s bat=1.00 dist=1.75m
180,54.767,SCOUT,15,3.762,2.262,3.000,-0.424,-0.424,0.000,0.600,cmd_age=0.02s bat=1.00 dist=1.75m
180,54.767,WORKER,0,-5.076,0.398,3.000,-0.718,1.867,0.000,2.000,state=MOVING bat=1.00 dist=5.78m
180,54.767,WORKER,1,7.444,0.766,3.000,0.153,1.994,0.000,2.000,state=MOVING bat=1.00 dist=5.78m
180,54.767,WORKER,2,0.736,0.585,3.000,1.292,-1.527,0.000,2.000,state=MOVING bat=1.00 dist=5.78m
180,54.767,WORKER,3,2.630,1.212,3.000,-1.511,-1.310,0.000,2.000,state=MOVING bat=1.00 dist=5.78m
181,54.985,GENERAL,0,0.000,0.000,5.000,0.000,0.000,0.000,0.000,N/A
181,54.985,NODE,0,-5.405,-3.245,3.000,-0.136,0.583,0.000,0.599,zone=0 dist=1.79m
181,54.985,NODE,1,5.405,-3.244,3.000,0.135,0.584,0.000,0.599,zone=1 dist=1.79m
181,54.985,NODE,2,-3.726,3.725,3.000,0.424,-0.424,0.000,0.599,zone=2 dist=1.79m
181,54.985,NODE,3,3.726,3.726,3.000,-0.426,-0.424,0.000,0.601,zone=3 dist=1.79m
181,54.985,SCOUT,0,-3.896,-3.284,3.000,-0.136,0.584,0.000,0.599,cmd_age=0.02s bat=1.00 dist=1.76m
181,54.985,SCOUT,1,-5.396,-1.784,3.000,-0.136,0.584,0.000,0.599,cmd_age=0.02s bat=1.00 dist=1.76m
181,54.985,SCOUT,2,-6.896,-3.284,3.000,-0.136,0.584,0.000,0.599,cmd_age=0.02s bat=1.00 dist=1.76m
181,54.985,SCOUT,3,-5.396,-4.784,3.000,-0.136,0.584,0.000,0.599,cmd_age=0.02s bat=1.00 dist=1.76m
181,54.985,SCOUT,4,6.896,-3.283,3.000,0.136,0.584,0.000,0.599,cmd_age=0.02s bat=1.00 dist=1.76m
181,54.985,SCOUT,5,5.396,-1.783,3.000,0.136,0.584,0.000,0.599,cmd_age=0.02s bat=1.00 dist=1.76m
181,54.985,SCOUT,6,3.896,-3.283,3.000,0.136,0.584,0.000,0.599,cmd_age=0.02s bat=1.00 dist=1.76m
181,54.985,SCOUT,7,5.396,-4.783,3.000,0.136,0.584,0.000,0.599,cmd_age=0.02s bat=1.00 dist=1.76m
181,54.985,SCOUT,8,-2.255,3.754,3.000,0.424,-0.424,0.000,0.600,cmd_age=0.02s bat=1.00 dist=1.76m
181,54.985,SCOUT,9,-3.755,5.254,3.000,0.424,-0.424,0.000,0.600,cmd_age=0.02s bat=1.00 dist=1.76m
181,54.985,SCOUT,10,-5.255,3.754,3.000,0.424,-0.424,0.000,0.600,cmd_age=0.02s bat=1.00 dist=1.76m
181,54.985,SCOUT,11,-3.755,2.254,3.000,0.424,-0.424,0.000,0.600,cmd_age=0.02s bat=1.00 dist=1.76m
181,54.985,SCOUT,12,5.254,3.755,3.000,-0.425,-0.424,0.000,0.600,cmd_age=0.02s bat=1.00 dist=1.76m
181,54.985,SCOUT,13,3.754,5.255,3.000,-0.425,-0.424,0.000,0.600,cmd_age=0.02s bat=1.00 dist=1.76m
181,54.985,SCOUT,14,2.254,3.755,3.000,-0.425,-0.424,0.000,0.600,cmd_age=0.02s bat=1.00 dist=1.76m
181,54.985,SCOUT,15,3.754,2.255,3.000,-0.425,-0.424,0.000,0.600,cmd_age=0.02s bat=1.00 dist=1.76m
181,54.985,WORKER,0,-5.088,0.429,3.000,-0.718,1.867,0.000,2.000,state=MOVING bat=1.00 dist=5.81m
181,54.985,WORKER,1,7.446,0.800,3.000,0.153,1.994,0.000,2.000,state=MOVING bat=1.00 dist=5.81m
181,54.985,WORKER,2,0.757,0.560,3.000,1.292,-1.527,0.000,2.000,state=MOVING bat=1.00 dist=5.81m
181,54.985,WORKER,3,2.604,1.190,3.000,-1.511,-1.310,0.000,2.000,state=MOVING bat=1.00 dist=5.81m
182,55.199,GENERAL,0,0.000,0.000,5.000,0.000,0.000,0.000,0.000,N/A
182,55.199,NODE,0,-5.407,-3.235,3.000,-0.136,0.583,0.000,0.599,zone=0 dist=1.80m
182,55.199,NODE,1,5.408,-3.234,3.000,0.135,0.585,0.000,0.600,zone=1 dist=1.80m
182,55.199,NODE,2,-3.719,3.718,3.000,0.424,-0.424,0.000,0.599,zone=2 dist=1.80m
182,55.199,NODE,3,3.719,3.719,3.000,-0.426,-0.424,0.000,0.601,zone=3 dist=1.80m
182,55.199,SCOUT,0,-3.898,-3.274,3.000,-0.136,0.583,0.000,0.599,cmd_age=0.02s bat=1.00 dist=1.77m
182,55.199,SCOUT,1,-5.398,-1.774,3.000,-0.136,0.583,0.000,0.599,cmd_age=0.02s bat=1.00 dist=1.77m
182,55.199,SCOUT,2,-6.898,-3.274,3.000,-0.136,0.583,0.000,0.599,cmd_age=0.02s bat=1.00 dist=1.77m
182,55.199,SCOUT,3,-5.398,-4.774,3.000,-0.136,0.583,0.000,0.599,cmd_age=0.02s bat=1.00 dist=1.77m
182,55.199,SCOUT,4,6.899,-3.273,3.000,0.136,0.584,0.000,0.600,cmd_age=0.02s bat=1.00 dist=1.77m
182,55.199,SCOUT,5,5.399,-1.773,3.000,0.136,0.584,0.000,0.600,cmd_age=0.02s bat=1.00 dist=1.77m
182,55.199,SCOUT,6,3.899,-3.273,3.000,0.136,0.584,0.000,0.600,cmd_age=0.02s bat=1.00 dist=1.77m
182,55.199,SCOUT,7,5.399,-4.773,3.000,0.136,0.584,0.000,0.600,cmd_age=0.02s bat=1.00 dist=1.77m
182,55.199,SCOUT,8,-2.248,3.747,3.000,0.424,-0.424,0.000,0.600,cmd_age=0.02s bat=1.00 dist=1.77m
182,55.199,SCOUT,9,-3.748,5.247,3.000,0.424,-0.424,0.000,0.600,cmd_age=0.02s bat=1.00 dist=1.77m
182,55.199,SCOUT,10,-5.248,3.747,3.000,0.424,-0.424,0.000,0.600,cmd_age=0.02s bat=1.00 dist=1.77m
182,55.199,SCOUT,11,-3.748,2.247,3.000,0.424,-0.424,0.000,0.600,cmd_age=0.02s bat=1.00 dist=1.77m
182,55.199,SCOUT,12,5.247,3.747,3.000,-0.425,-0.424,0.000,0.600,cmd_age=0.02s bat=1.00 dist=1.77m
182,55.199,SCOUT,13,3.747,5.247,3.000,-0.425,-0.424,0.000,0.600,cmd_age=0.02s bat=1.00 dist=1.77m
182,55.199,SCOUT,14,2.247,3.747,3.000,-0.425,-0.424,0.000,0.600,cmd_age=0.02s bat=1.00 dist=1.77m
182,55.199,SCOUT,15,3.747,2.247,3.000,-0.425,-0.424,0.000,0.600,cmd_age=0.02s bat=1.00 dist=1.77m
182,55.199,WORKER,0,-5.100,0.460,3.000,-0.718,1.867,0.000,2.000,state=MOVING bat=1.00 dist=5.85m
182,55.199,WORKER,1,7.449,0.833,3.000,0.153,1.994,0.000,2.000,state=MOVING bat=1.00 dist=5.85m
182,55.199,WORKER,2,0.779,0.534,3.000,1.292,-1.527,0.000,2.000,state=MOVING bat=1.00 dist=5.85m
182,55.199,WORKER,3,2.579,1.169,3.000,-1.511,-1.310,0.000,2.000,state=MOVING bat=1.00 dist=5.85m
183,55.419,GENERAL,0,0.000,0.000,5.000,0.000,0.000,0.000,0.000,N/A
183,55.419,NODE,0,-5.410,-3.225,3.000,-0.135,0.583,0.000,0.599,zone=0 dist=1.81m
183,55.419,NODE,1,5.410,-3.224,3.000,0.136,0.584,0.000,0.600,zone=1 dist=1.81m
183,55.419,NODE,2,-3.712,3.711,3.000,0.426,-0.423,0.000,0.601,zone=2 dist=1.81m
183,55.419,NODE,3,3.712,3.712,3.000,-0.426,-0.423,0.000,0.600,zone=3 dist=1.81m
183,55.419,SCOUT,0,-3.900,-3.264,3.000,-0.136,0.583,0.000,0.599,cmd_age=0.02s bat=1.00 dist=1.78m
183,55.419,SCOUT,1,-5.400,-1.764,3.000,-0.136,0.583,0.000,0.599,cmd_age=0.02s bat=1.00 dist=1.78m
183,55.419,SCOUT,2,-6.900,-3.264,3.000,-0.136,0.583,0.000,0.599,cmd_age=0.02s bat=1.00 dist=1.78m
183,55.419,SCOUT,3,-5.400,-4.764,3.000,-0.136,0.583,0.000,0.599,cmd_age=0.02s bat=1.00 dist=1.78m
183,55.419,SCOUT,4,6.901,-3.263,3.000,0.136,0.584,0.000,0.600,cmd_age=0.02s bat=1.00 dist=1.78m
183,55.419,SCOUT,5,5.401,-1.763,3.000,0.136,0.584,0.000,0.600,cmd_age=0.02s bat=1.00 dist=1.78m
183,55.419,SCOUT,6,3.901,-3.263,3.000,0.136,0.584,0.000,0.600,cmd_age=0.02s bat=1.00 dist=1.78m
183,55.419,SCOUT,7,5.401,-4.763,3.000,0.136,0.584,0.000,0.600,cmd_age=0.02s bat=1.00 dist=1.78m
183,55.419,SCOUT,8,-2.240,3.740,3.000,0.425,-0.424,0.000,0.600,cmd_age=0.02s bat=1.00 dist=1.78m
183,55.419,SCOUT,9,-3.740,5.240,3.000,0.425,-0.424,0.000,0.600,cmd_age=0.02s bat=1.00 dist=1.78m
183,55.419,SCOUT,10,-5.240,3.740,3.000,0.425,-0.424,0.000,0.600,cmd_age=0.02s bat=1.00 dist=1.78m
183,55.419,SCOUT,11,-3.740,2.240,3.000,0.425,-0.424,0.000,0.600,cmd_age=0.02s bat=1.00 dist=1.78m
183,55.419,SCOUT,12,5.240,3.740,3.000,-0.425,-0.424,0.000,0.600,cmd_age=0.02s bat=1.00 dist=1.78m
183,55.419,SCOUT,13,3.740,5.240,3.000,-0.425,-0.424,0.000,0.600,cmd_age=0.02s bat=1.00 dist=1.78m
183,55.419,SCOUT,14,2.240,3.740,3.000,-0.425,-0.424,0.000,0.600,cmd_age=0.02s bat=1.00 dist=1.78m
183,55.419,SCOUT,15,3.740,2.240,3.000,-0.425,-0.424,0.000,0.600,cmd_age=0.02s bat=1.00 dist=1.78m
183,55.419,WORKER,0,-5.112,0.491,3.000,-0.718,1.867,0.000,2.000,state=MOVING bat=1.00 dist=5.88m
183,55.419,WORKER,1,7.451,0.866,3.000,0.153,1.994,0.000,2.000,state=MOVING bat=1.00 dist=5.88m
183,55.419,WORKER,2,0.800,0.509,3.000,1.292,-1.527,0.000,2.000,state=MOVING bat=1.00 dist=5.88m
183,55.419,WORKER,3,2.554,1.147,3.000,-1.511,-1.310,0.000,2.000,state=MOVING bat=1.00 dist=5.88m
184,55.634,GENERAL,0,0.000,0.000,5.000,0.000,0.000,0.000,0.000,N/A
184,55.634,NODE,0,-5.412,-3.216,3.000,-0.136,0.584,0.000,0.600,zone=0 dist=1.82m
184,55.634,NODE,1,5.412,-3.215,3.000,0.135,0.584,0.000,0.600,zone=1 dist=1.82m
184,55.634,NODE,2,-3.705,3.704,3.000,0.426,-0.425,0.000,0.601,zone=2 dist=1.82m
184,55.634,NODE,3,3.705,3.705,3.000,-0.424,-0.425,0.000,0.600,zone=3 dist=1.82m
184,55.634,SCOUT,0,-3.903,-3.255,3.000,-0.136,0.584,0.000,0.599,cmd_age=0.02s bat=1.00 dist=1.79m
184,55.634,SCOUT,1,-5.403,-1.755,3.000,-0.136,0.584,0.000,0.599,cmd_age=0.02s bat=1.00 dist=1.79m
184,55.634,SCOUT,2,-6.903,-3.255,3.000,-0.136,0.584,0.000,0.599,cmd_age=0.02s bat=1.00 dist=1.79m
184,55.634,SCOUT,3,-5.403,-4.755,3.000,-0.136,0.584,0.000,0.599,cmd_age=0.02s bat=1.00 dist=1.79m
184,55.634,SCOUT,4,6.903,-3.254,3.000,0.135,0.584,0.000,0.600,cmd_age=0.02s bat=1.00 dist=1.79m
184,55.634,SCOUT,5,5.403,-1.754,3.000,0.135,0.584,0.000,0.600,cmd_age=0.02s bat=1.00 dist=1.79m
184,55.634,SCOUT,6,3.903,-3.254,3.000,0.135,0.584,0.000,0.600,cmd_age=0.02s bat=1.00 dist=1.79m
184,55.634,SCOUT,7,5.403,-4.754,3.000,0.135,0.584,0.000,0.600,cmd_age=0.02s bat=1.00 dist=1.79m
184,55.634,SCOUT,8,-2.233,3.732,3.000,0.425,-0.424,0.000,0.600,cmd_age=0.02s bat=1.00 dist=1.79m
184,55.634,SCOUT,9,-3.733,5.232,3.000,0.425,-0.424,0.000,0.600,cmd_age=0.02s bat=1.00 dist=1.79m
184,55.634,SCOUT,10,-5.233,3.732,3.000,0.425,-0.424,0.000,0.600,cmd_age=0.02s bat=1.00 dist=1.79m
184,55.634,SCOUT,11,-3.733,2.232,3.000,0.425,-0.424,0.000,0.600,cmd_age=0.02s bat=1.00 dist=1.79m
184,55.634,SCOUT,12,5.233,3.733,3.000,-0.425,-0.424,0.000,0.600,cmd_age=0.02s bat=1.00 dist=1.79m
184,55.634,SCOUT,13,3.733,5.233,3.000,-0.425,-0.424,0.000,0.600,cmd_age=0.02s bat=1.00 dist=1.79m
184,55.634,SCOUT,14,2.233,3.733,3.000,-0.425,-0.424,0.000,0.600,cmd_age=0.02s bat=1.00 dist=1.79m
184,55.634,SCOUT,15,3.733,2.233,3.000,-0.425,-0.424,0.000,0.600,cmd_age=0.02s bat=1.00 dist=1.79m
184,55.634,WORKER,0,-5.124,0.522,3.000,-0.718,1.867,0.000,2.000,state=MOVING bat=1.00 dist=5.91m
184,55.634,WORKER,1,7.454,0.899,3.000,0.153,1.994,0.000,2.000,state=MOVING bat=1.00 dist=5.91m
184,55.634,WORKER,2,0.822,0.483,3.000,1.292,-1.527,0.000,2.000,state=MOVING bat=1.00 dist=5.91m
184,55.634,WORKER,3,2.529,1.125,3.000,-1.511,-1.310,0.000,2.000,state=MOVING bat=1.00 dist=5.91m
185,55.853,GENERAL,0,0.000,0.000,5.000,0.000,0.000,0.000,0.000,N/A
185,55.853,NODE,0,-5.414,-3.206,3.000,-0.135,0.584,0.000,0.599,zone=0 dist=1.83m
185,55.853,NODE,1,5.414,-3.205,3.000,0.136,0.586,0.000,0.601,zone=1 dist=1.83m
185,55.853,NODE,2,-3.698,3.697,3.000,0.425,-0.423,0.000,0.600,zone=2 dist=1.83m
185,55.853,NODE,3,3.698,3.698,3.000,-0.425,-0.424,0.000,0.600,zone=3 dist=1.83m
185,55.853,SCOUT,0,-3.905,-3.245,3.000,-0.136,0.584,0.000,0.599,cmd_age=0.02s bat=1.00 dist=1.80m
185,55.853,SCOUT,1,-5.405,-1.745,3.000,-0.136,0.584,0.000,0.599,cmd_age=0.02s bat=1.00 dist=1.80m
185,55.853,SCOUT,2,-6.905,-3.245,3.000,-0.136,0.584,0.000,0.599,cmd_age=0.02s bat=1.00 dist=1.80m
185,55.853,SCOUT,3,-5.405,-4.745,3.000,-0.136,0.584,0.000,0.599,cmd_age=0.02s bat=1.00 dist=1.80m
185,55.853,SCOUT,4,6.905,-3.244,3.000,0.135,0.584,0.000,0.600,cmd_age=0.02s bat=1.00 dist=1.80m
185,55.853,SCOUT,5,5.405,-1.744,3.000,0.135,0.584,0.000,0.600,cmd_age=0.02s bat=1.00 dist=1.80m
185,55.853,SCOUT,6,3.905,-3.244,3.000,0.135,0.584,0.000,0.600,cmd_age=0.02s bat=1.00 dist=1.80m
185,55.853,SCOUT,7,5.405,-4.744,3.000,0.135,0.584,0.000,0.600,cmd_age=0.02s bat=1.00 dist=1.80m
185,55.853,SCOUT,8,-2.226,3.725,3.000,0.425,-0.424,0.000,0.600,cmd_age=0.02s bat=1.00 dist=1.80m
185,55.853,SCOUT,9,-3.726,5.225,3.000,0.425,-0.424,0.000,0.600,cmd_age=0.02s bat=1.00 dist=1.80m
185,55.853,SCOUT,10,-5.226,3.725,3.000,0.425,-0.424,0.000,0.600,cmd_age=0.02s bat=1.00 dist=1.80m
185,55.853,SCOUT,11,-3.726,2.225,3.000,0.425,-0.424,0.000,0.600,cmd_age=0.02s bat=1.00 dist=1.80m
185,55.853,SCOUT,12,5.226,3.726,3.000,-0.425,-0.424,0.000,0.600,cmd_age=0.02s bat=1.00 dist=1.80m
185,55.853,SCOUT,13,3.726,5.226,3.000,-0.425,-0.424,0.000,0.600,cmd_age=0.02s bat=1.00 dist=1.80m
185,55.853,SCOUT,14,2.226,3.726,3.000,-0.425,-0.424,0.000,0.600,cmd_age=0.02s bat=1.00 dist=1.80m
185,55.853,SCOUT,15,3.726,2.226,3.000,-0.425,-0.424,0.000,0.600,cmd_age=0.02s bat=1.00 dist=1.80m
185,55.853,WORKER,0,-5.136,0.553,3.000,-0.718,1.867,0.000,2.000,state=MOVING bat=1.00 dist=5.95m
185,55.853,WORKER,1,7.456,0.932,3.000,0.153,1.994,0.000,2.000,state=MOVING bat=1.00 dist=5.95m
185,55.853,WORKER,2,0.843,0.458,3.000,1.292,-1.527,0.000,2.000,state=MOVING bat=1.00 dist=5.95m
185,55.853,WORKER,3,2.504,1.103,3.000,-1.511,-1.310,0.000,2.000,state=MOVING bat=1.00 dist=5.95m
186,56.067,GENERAL,0,0.000,0.000,5.000,0.000,0.000,0.000,0.000,N/A
186,56.067,NODE,0,-5.416,-3.196,3.000,-0.136,0.584,0.000,0.600,zone=0 dist=1.84m
186,56.067,NODE,1,5.417,-3.195,3.000,0.135,0.585,0.000,0.601,zone=1 dist=1.84m
186,56.067,NODE,2,-3.691,3.690,3.000,0.424,-0.423,0.000,0.599,zone=2 dist=1.84m
186,56.067,NODE,3,3.691,3.691,3.000,-0.425,-0.424,0.000,0.601,zone=3 dist=1.84m
186,56.067,SCOUT,0,-3.907,-3.235,3.000,-0.136,0.584,0.000,0.599,cmd_age=0.02s bat=1.00 dist=1.81m
186,56.067,SCOUT,1,-5.407,-1.735,3.000,-0.136,0.584,0.000,0.599,cmd_age=0.02s bat=1.00 dist=1.81m
186,56.067,SCOUT,2,-6.907,-3.235,3.000,-0.136,0.584,0.000,0.599,cmd_age=0.02s bat=1.00 dist=1.81m
186,56.067,SCOUT,3,-5.407,-4.735,3.000,-0.136,0.584,0.000,0.599,cmd_age=0.02s bat=1.00 dist=1.81m
186,56.067,SCOUT,4,6.908,-3.234,3.000,0.135,0.585,0.000,0.600,cmd_age=0.02s bat=1.00 dist=1.81m
186,56.067,SCOUT,5,5.408,-1.734,3.000,0.135,0.585,0.000,0.600,cmd_age=0.02s bat=1.00 dist=1.81m
186,56.067,SCOUT,6,3.908,-3.234,3.000,0.135,0.585,0.000,0.600,cmd_age=0.02s bat=1.00 dist=1.81m
186,56.067,SCOUT,7,5.408,-4.734,3.000,0.135,0.585,0.000,0.600,cmd_age=0.02s bat=1.00 dist=1.81m
186,56.067,SCOUT,8,-2.219,3.718,3.000,0.425,-0.424,0.000,0.600,cmd_age=0.02s bat=1.00 dist=1.81m
186,56.067,SCOUT,9,-3.719,5.218,3.000,0.425,-0.424,0.000,0.600,cmd_age=0.02s bat=1.00 dist=1.81m
186,56.067,SCOUT,10,-5.219,3.718,3.000,0.425,-0.424,0.000,0.600,cmd_age=0.02s bat=1.00 dist=1.81m
186,56.067,SCOUT,11,-3.719,2.218,3.000,0.425,-0.424,0.000,0.600,cmd_age=0.02s bat=1.00 dist=1.81m
186,56.067,SCOUT,12,5.219,3.719,3.000,-0.425,-0.424,0.000,0.600,cmd_age=0.02s bat=1.00 dist=1.81m
186,56.067,SCOUT,13,3.719,5.219,3.000,-0.425,-0.424,0.000,0.600,cmd_age=0.02s bat=1.00 dist=1.81m
186,56.067,SCOUT,14,2.219,3.719,3.000,-0.425,-0.424,0.000,0.600,cmd_age=0.02s bat=1.00 dist=1.81m
186,56.067,SCOUT,15,3.719,2.219,3.000,-0.425,-0.424,0.000,0.600,cmd_age=0.02s bat=1.00 dist=1.81m
186,56.067,WORKER,0,-5.148,0.585,3.000,-0.718,1.867,0.000,2.000,state=MOVING bat=1.00 dist=5.98m
186,56.067,WORKER,1,7.459,0.966,3.000,0.153,1.994,0.000,2.000,state=MOVING bat=1.00 dist=5.98m
186,56.067,WORKER,2,0.865,0.432,3.000,1.292,-1.527,0.000,2.000,state=MOVING bat=1.00 dist=5.98m
186,56.067,WORKER,3,2.478,1.081,3.000,-1.511,-1.310,0.000,2.000,state=MOVING bat=1.00 dist=5.98m
187,56.286,GENERAL,0,0.000,0.000,5.000,0.000,0.000,0.000,0.000,N/A
187,56.286,NODE,0,-5.419,-3.186,3.000,-0.135,0.585,0.000,0.600,zone=0 dist=1.85m
187,56.286,NODE,1,5.419,-3.185,3.000,0.135,0.585,0.000,0.600,zone=1 dist=1.85m
187,56.286,NODE,2,-3.684,3.683,3.000,0.423,-0.424,0.000,0.599,zone=2 dist=1.85m
187,56.286,NODE,3,3.684,3.684,3.000,-0.426,-0.424,0.000,0.601,zone=3 dist=1.85m
187,56.286,SCOUT,0,-3.910,-3.225,3.000,-0.136,0.584,0.000,0.599,cmd_age=0.02s bat=1.00 dist=1.82m
187,56.286,SCOUT,1,-5.410,-1.725,3.000,-0.136,0.584,0.000,0.599,cmd_age=0.02s bat=1.00 dist=1.82m
187,56.286,SCOUT,2,-6.910,-3.225,3.000,-0.136,0.584,0.000,0.599,cmd_age=0.02s bat=1.00 dist=1.82m
187,56.286,SCOUT,3,-5.410,-4.725,3.000,-0.136,0.584,0.000,0.599,cmd_age=0.02s bat=1.00 dist=1.82m
187,56.286,SCOUT,4,6.910,-3.224,3.000,0.135,0.585,0.000,0.600,cmd_age=0.02s bat=1.00 dist=1.82m
187,56.286,SCOUT,5,5.410,-1.724,3.000,0.135,0.585,0.000,0.600,cmd_age=0.02s bat=1.00 dist=1.82m
187,56.286,SCOUT,6,3.910,-3.224,3.000,0.135,0.585,0.000,0.600,cmd_age=0.02s bat=1.00 dist=1.82m
187,56.286,SCOUT,7,5.410,-4.724,3.000,0.135,0.585,0.000,0.600,cmd_age=0.02s bat=1.00 dist=1.82m
187,56.286,SCOUT,8,-2.212,3.711,3.000,0.424,-0.424,0.000,0.600,cmd_age=0.02s bat=1.00 dist=1.82m
187,56.286,SCOUT,9,-3.712,5.211,3.000,0.424,-0.424,0.000,0.600,cmd_age=0.02s bat=1.00 dist=1.82m
187,56.286,SCOUT,10,-5.212,3.711,3.000,0.424,-0.424,0.000,0.600,cmd_age=0.02s bat=1.00 dist=1.82m
187,56.286,SCOUT,11,-3.712,2.211,3.000,0.424,-0.424,0.000,0.600,cmd_age=0.02s bat=1.00 dist=1.82m
187,56.286,SCOUT,12,5.212,3.712,3.000,-0.425,-0.424,0.000,0.600,cmd_age=0.02s bat=1.00 dist=1.82m
187,56.286,SCOUT,13,3.712,5.212,3.000,-0.425,-0.424,0.000,0.600,cmd_age=0.02s bat=1.00 dist=1.82m
187,56.286,SCOUT,14,2.212,3.712,3.000,-0.425,-0.424,0.000,0.600,cmd_age=0.02s bat=1.00 dist=1.82m
187,56.286,SCOUT,15,3.712,2.212,3.000,-0.425,-0.424,0.000,0.600,cmd_age=0.02s bat=1.00 dist=1.82m
187,56.286,WORKER,0,-5.160,0.616,3.000,-0.718,1.867,0.000,2.000,state=MOVING bat=1.00 dist=6.01m
187,56.286,WORKER,1,7.461,0.999,3.000,0.153,1.994,0.000,2.000,state=MOVING bat=1.00 dist=6.01m
187,56.286,WORKER,2,0.886,0.407,3.000,1.292,-1.527,0.000,2.000,state=MOVING bat=1.00 dist=6.01m
187,56.286,WORKER,3,2.453,1.060,3.000,-1.511,-1.310,0.000,2.000,state=MOVING bat=1.00 dist=6.01m
188,56.499,GENERAL,0,0.000,0.000,5.000,0.000,0.000,0.000,0.000,N/A
188,56.499,NODE,0,-5.421,-3.177,3.000,-0.135,0.586,0.000,0.601,zone=0 dist=1.86m
188,56.499,NODE,1,5.421,-3.176,3.000,0.135,0.585,0.000,0.600,zone=1 dist=1.86m
188,56.499,NODE,2,-3.677,3.676,3.000,0.423,-0.424,0.000,0.599,zone=2 dist=1.86m
188,56.499,NODE,3,3.677,3.677,3.000,-0.426,-0.424,0.000,0.601,zone=3 dist=1.86m
188,56.499,SCOUT,0,-3.912,-3.216,3.000,-0.135,0.584,0.000,0.600,cmd_age=0.02s bat=1.00 dist=1.83m
188,56.499,SCOUT,1,-5.412,-1.716,3.000,-0.135,0.584,0.000,0.600,cmd_age=0.02s bat=1.00 dist=1.83m
188,56.499,SCOUT,2,-6.912,-3.216,3.000,-0.135,0.584,0.000,0.600,cmd_age=0.02s bat=1.00 dist=1.83m
188,56.499,SCOUT,3,-5.412,-4.716,3.000,-0.135,0.584,0.000,0.600,cmd_age=0.02s bat=1.00 dist=1.83m
188,56.499,SCOUT,4,6.912,-3.215,3.000,0.135,0.585,0.000,0.600,cmd_age=0.02s bat=1.00 dist=1.83m
188,56.499,SCOUT,5,5.412,-1.715,3.000,0.135,0.585,0.000,0.600,cmd_age=0.02s bat=1.00 dist=1.83m
188,56.499,SCOUT,6,3.912,-3.215,3.000,0.135,0.585,0.000,0.600,cmd_age=0.02s bat=1.00 dist=1.83m
188,56.499,SCOUT,7,5.412,-4.715,3.000,0.135,0.585,0.000,0.600,cmd_age=0.02s bat=1.00 dist=1.83m
188,56.499,SCOUT,8,-2.205,3.704,3.000,0.424,-0.424,0.000,0.600,cmd_age=0.02s bat=1.00 dist=1.83m
188,56.499,SCOUT,9,-3.705,5.204,3.000,0.424,-0.424,0.000,0.600,cmd_age=0.02s bat=1.00 dist=1.83m
188,56.499,SCOUT,10,-5.205,3.704,3.000,0.424,-0.424,0.000,0.600,cmd_age=0.02s bat=1.00 dist=1.83m
188,56.499,SCOUT,11,-3.705,2.204,3.000,0.424,-0.424,0.000,0.600,cmd_age=0.02s bat=1.00 dist=1.83m
188,56.499,SCOUT,12,5.205,3.705,3.000,-0.425,-0.424,0.000,0.600,cmd_age=0.02s bat=1.00 dist=1.83m
188,56.499,SCOUT,13,3.705,5.205,3.000,-0.425,-0.424,0.000,0.600,cmd_age=0.02s bat=1.00 dist=1.83m
188,56.499,SCOUT,14,2.205,3.705,3.000,-0.425,-0.424,0.000,0.600,cmd_age=0.02s bat=1.00 dist=1.83m
188,56.499,SCOUT,15,3.705,2.205,3.000,-0.425,-0.424,0.000,0.600,cmd_age=0.02s bat=1.00 dist=1.83m
188,56.499,WORKER,0,-5.172,0.647,3.000,-0.718,1.867,0.000,2.000,state=MOVING bat=1.00 dist=6.05m
188,56.499,WORKER,1,7.464,1.032,3.000,0.153,1.994,0.000,2.000,state=MOVING bat=1.00 dist=6.05m
188,56.499,WORKER,2,0.908,0.382,3.000,1.292,-1.527,0.000,2.000,state=MOVING bat=1.00 dist=6.05m
188,56.499,WORKER,3,2.428,1.038,3.000,-1.511,-1.310,0.000,2.000,state=MOVING bat=1.00 dist=6.05m
189,56.864,GENERAL,0,0.000,0.000,5.000,0.000,0.000,0.000,0.000,N/A
189,56.864,NODE,0,-5.423,-3.167,3.000,-0.135,0.585,0.000,0.600,zone=0 dist=1.87m
189,56.864,NODE,1,5.423,-3.166,3.000,0.134,0.584,0.000,0.599,zone=1 dist=1.87m
189,56.864,NODE,2,-3.670,3.669,3.000,0.424,-0.425,0.000,0.600,zone=2 dist=1.87m
189,56.864,NODE,3,3.669,3.670,3.000,-0.425,-0.424,0.000,0.601,zone=3 dist=1.87m
189,56.864,SCOUT,0,-3.914,-3.206,3.000,-0.135,0.584,0.000,0.600,cmd_age=0.02s bat=1.00 dist=1.84m
189,56.864,SCOUT,1,-5.414,-1.706,3.000,-0.135,0.584,0.000,0.600,cmd_age=0.02s bat=1.00 dist=1.84m
189,56.864,SCOUT,2,-6.914,-3.206,3.000,-0.135,0.584,0.000,0.600,cmd_age=0.02s bat=1.00 dist=1.84m
189,56.864,SCOUT,3,-5.414,-4.706,3.000,-0.135,0.584,0.000,0.600,cmd_age=0.02s bat=1.00 dist=1.84m
189,56.864,SCOUT,4,6.914,-3.205,3.000,0.135,0.584,0.000,0.600,cmd_age=0.02s bat=1.00 dist=1.84m
189,56.864,SCOUT,5,5.414,-1.705,3.000,0.135,0.584,0.000,0.600,cmd_age=0.02s bat=1.00 dist=1.84m
189,56.864,SCOUT,6,3.914,-3.205,3.000,0.135,0.584,0.000,0.600,cmd_age=0.02s bat=1.00 dist=1.84m
189,56.864,SCOUT,7,5.414,-4.705,3.000,0.135,0.584,0.000,0.600,cmd_age=0.02s bat=1.00 dist=1.84m
189,56.864,SCOUT,8,-2.198,3.697,3.000,0.424,-0.424,0.000,0.600,cmd_age=0.02s bat=1.00 dist=1.84m
189,56.864,SCOUT,9,-3.698,5.197,3.000,0.424,-0.424,0.000,0.600,cmd_age=0.02s bat=1.00 dist=1.84m
189,56.864,SCOUT,10,-5.198,3.697,3.000,0.424,-0.424,0.000,0.600,cmd_age=0.02s bat=1.00 dist=1.84m
189,56.864,SCOUT,11,-3.698,2.197,3.000,0.424,-0.424,0.000,0.600,cmd_age=0.02s bat=1.00 dist=1.84m
189,56.864,SCOUT,12,5.198,3.698,3.000,-0.425,-0.424,0.000,0.600,cmd_age=0.02s bat=1.00 dist=1.84m
189,56.864,SCOUT,13,3.698,5.198,3.000,-0.425,-0.424,0.000,0.600,cmd_age=0.02s bat=1.00 dist=1.84m
189,56.864,SCOUT,14,2.198,3.698,3.000,-0.425,-0.424,0.000,0.600,cmd_age=0.02s bat=1.00 dist=1.84m
189,56.864,SCOUT,15,3.698,2.198,3.000,-0.425,-0.424,0.000,0.600,cmd_age=0.02s bat=1.00 dist=1.84m
189,56.864,WORKER,0,-5.184,0.678,3.000,-0.718,1.867,0.000,2.000,state=MOVING bat=1.00 dist=6.08m
189,56.864,WORKER,1,7.467,1.065,3.000,0.153,1.994,0.000,2.000,state=MOVING bat=1.00 dist=6.08m
189,56.864,WORKER,2,0.929,0.356,3.000,1.292,-1.527,0.000,2.000,state=MOVING bat=1.00 dist=6.08m
189,56.864,WORKER,3,2.403,1.016,3.000,-1.511,-1.310,0.000,2.000,state=MOVING bat=1.00 dist=6.08m
190,57.360,GENERAL,0,0.000,0.000,5.000,0.000,0.000,0.000,0.000,N/A
190,57.360,NODE,0,-5.425,-3.157,3.000,-0.135,0.586,0.000,0.601,zone=0 dist=1.88m
190,57.360,NODE,1,5.426,-3.156,3.000,0.135,0.583,0.000,0.598,zone=1 dist=1.88m
190,57.360,NODE,2,-3.663,3.662,3.000,0.423,-0.424,0.000,0.599,zone=2 dist=1.88m
190,57.360,NODE,3,3.662,3.663,3.000,-0.425,-0.424,0.000,0.600,zone=3 dist=1.88m
190,57.360,SCOUT,0,-3.916,-3.196,3.000,-0.135,0.585,0.000,0.600,cmd_age=0.02s bat=1.00 dist=1.85m
190,57.360,SCOUT,1,-5.416,-1.696,3.000,-0.135,0.585,0.000,0.600,cmd_age=0.02s bat=1.00 dist=1.85m
190,57.360,SCOUT,2,-6.916,-3.196,3.000,-0.135,0.585,0.000,0.600,cmd_age=0.02s bat=1.00 dist=1.85m
190,57.360,SCOUT,3,-5.416,-4.696,3.000,-0.135,0.585,0.000,0.600,cmd_age=0.02s bat=1.00 dist=1.85m
190,57.360,SCOUT,4,6.917,-3.195,3.000,0.135,0.584,0.000,0.600,cmd_age=0.02s bat=1.00 dist=1.85m
190,57.360,SCOUT,5,5.417,-1.695,3.000,0.135,0.584,0.000,0.600,cmd_age=0.02s bat=1.00 dist=1.85m
190,57.360,SCOUT,6,3.917,-3.195,3.000,0.135,0.584,0.000,0.600,cmd_age=0.02s bat=1.00 dist=1.85m
190,57.360,SCOUT,7,5.417,-4.695,3.000,0.135,0.584,0.000,0.600,cmd_age=0.02s bat=1.00 dist=1.85m
190,57.360,SCOUT,8,-2.191,3.690,3.000,0.424,-0.424,0.000,0.600,cmd_age=0.02s bat=1.00 dist=1.85m
190,57.360,SCOUT,9,-3.691,5.190,3.000,0.424,-0.424,0.000,0.600,cmd_age=0.02s bat=1.00 dist=1.85m
190,57.360,SCOUT,10,-5.191,3.690,3.000,0.424,-0.424,0.000,0.600,cmd_age=0.02s bat=1.00 dist=1.85m
190,57.360,SCOUT,11,-3.691,2.190,3.000,0.424,-0.424,0.000,0.600,cmd_age=0.02s bat=1.00 dist=1.85m
190,57.360,SCOUT,12,5.191,3.691,3.000,-0.425,-0.424,0.000,0.600,cmd_age=0.02s bat=1.00 dist=1.85m
190,57.360,SCOUT,13,3.691,5.191,3.000,-0.425,-0.424,0.000,0.600,cmd_age=0.02s bat=1.00 dist=1.85m
190,57.360,SCOUT,14,2.191,3.691,3.000,-0.425,-0.424,0.000,0.600,cmd_age=0.02s bat=1.00 dist=1.85m
190,57.360,SCOUT,15,3.691,2.191,3.000,-0.425,-0.424,0.000,0.600,cmd_age=0.02s bat=1.00 dist=1.85m
190,57.360,WORKER,0,-5.196,0.709,3.000,-0.718,1.867,0.000,2.000,state=MOVING bat=1.00 dist=6.11m
190,57.360,WORKER,1,7.469,1.099,3.000,0.153,1.994,0.000,2.000,state=MOVING bat=1.00 dist=6.11m
190,57.360,WORKER,2,0.951,0.331,3.000,1.292,-1.527,0.000,2.000,state=MOVING bat=1.00 dist=6.11m
190,57.360,WORKER,3,2.378,0.994,3.000,-1.511,-1.310,0.000,2.000,state=MOVING bat=1.00 dist=6.11m
191,57.588,GENERAL,0,0.000,0.000,5.000,0.000,0.000,0.000,0.000,N/A
191,57.588,NODE,0,-5.428,-3.147,3.000,-0.136,0.586,0.000,0.602,zone=0 dist=1.89m
191,57.588,NODE,1,5.428,-3.147,3.000,0.136,0.584,0.000,0.600,zone=1 dist=1.89m
191,57.588,NODE,2,-3.656,3.655,3.000,0.423,-0.425,0.000,0.600,zone=2 dist=1.89m
191,57.588,NODE,3,3.655,3.656,3.000,-0.425,-0.424,0.000,0.600,zone=3 dist=1.89m
191,57.588,SCOUT,0,-3.919,-3.186,3.000,-0.135,0.585,0.000,0.601,cmd_age=0.02s bat=1.00 dist=1.86m
191,57.588,SCOUT,1,-5.419,-1.686,3.000,-0.135,0.585,0.000,0.601,cmd_age=0.02s bat=1.00 dist=1.86m
191,57.588,SCOUT,2,-6.919,-3.186,3.000,-0.135,0.585,0.000,0.601,cmd_age=0.02s bat=1.00 dist=1.86m
191,57.588,SCOUT,3,-5.419,-4.686,3.000,-0.135,0.585,0.000,0.601,cmd_age=0.02s bat=1.00 dist=1.86m
191,57.588,SCOUT,4,6.919,-3.185,3.000,0.135,0.584,0.000,0.600,cmd_age=0.02s bat=1.00 dist=1.86m
191,57.588,SCOUT,5,5.419,-1.685,3.000,0.135,0.584,0.000,0.600,cmd_age=0.02s bat=1.00 dist=1.86m
191,57.588,SCOUT,6,3.919,-3.185,3.000,0.135,0.584,0.000,0.600,cmd_age=0.02s bat=1.00 dist=1.86m
191,57.588,SCOUT,7,5.419,-4.685,3.000,0.135,0.584,0.000,0.600,cmd_age=0.02s bat=1.00 dist=1.86m
191,57.588,SCOUT,8,-2.184,3.683,3.000,0.424,-0.424,0.000,0.600,cmd_age=0.02s bat=1.00 dist=1.86m
191,57.588,SCOUT,9,-3.684,5.183,3.000,0.424,-0.424,0.000,0.600,cmd_age=0.02s bat=1.00 dist=1.86m
191,57.588,SCOUT,10,-5.184,3.683,3.000,0.424,-0.424,0.000,0.600,cmd_age=0.02s bat=1.00 dist=1.86m
191,57.588,SCOUT,11,-3.684,2.183,3.000,0.424,-0.424,0.000,0.600,cmd_age=0.02s bat=1.00 dist=1.86m
191,57.588,SCOUT,12,5.184,3.684,3.000,-0.425,-0.424,0.000,0.600,cmd_age=0.02s bat=1.00 dist=1.86m
191,57.588,SCOUT,13,3.684,5.184,3.000,-0.425,-0.424,0.000,0.600,cmd_age=0.02s bat=1.00 dist=1.86m
191,57.588,SCOUT,14,2.184,3.684,3.000,-0.425,-0.424,0.000,0.600,cmd_age=0.02s bat=1.00 dist=1.86m
191,57.588,SCOUT,15,3.684,2.184,3.000,-0.425,-0.424,0.000,0.600,cmd_age=0.02s bat=1.00 dist=1.86m
191,57.588,WORKER,0,-5.208,0.740,3.000,-0.718,1.867,0.000,2.000,state=MOVING bat=1.00 dist=6.15m
191,57.588,WORKER,1,7.472,1.132,3.000,0.153,1.994,0.000,2.000,state=MOVING bat=1.00 dist=6.15m
191,57.588,WORKER,2,0.973,0.305,3.000,1.292,-1.527,0.000,2.000,state=MOVING bat=1.00 dist=6.15m
191,57.588,WORKER,3,2.353,0.972,3.000,-1.511,-1.310,0.000,2.000,state=MOVING bat=1.00 dist=6.15m
192,57.820,GENERAL,0,0.000,0.000,5.000,0.000,0.000,0.000,0.000,N/A
192,57.820,NODE,0,-5.430,-3.138,3.000,-0.136,0.585,0.000,0.601,zone=0 dist=1.90m
192,57.820,NODE,1,5.430,-3.137,3.000,0.134,0.585,0.000,0.600,zone=1 dist=1.90m
192,57.820,NODE,2,-3.649,3.648,3.000,0.423,-0.424,0.000,0.599,zone=2 dist=1.90m
192,57.820,NODE,3,3.648,3.649,3.000,-0.424,-0.423,0.000,0.599,zone=3 dist=1.90m
192,57.820,SCOUT,0,-3.921,-3.177,3.000,-0.136,0.585,0.000,0.601,cmd_age=0.02s bat=1.00 dist=1.87m
192,57.820,SCOUT,1,-5.421,-1.677,3.000,-0.136,0.585,0.000,0.601,cmd_age=0.02s bat=1.00 dist=1.87m
192,57.820,SCOUT,2,-6.921,-3.177,3.000,-0.136,0.585,0.000,0.601,cmd_age=0.02s bat=1.00 dist=1.87m
192,57.820,SCOUT,3,-5.421,-4.677,3.000,-0.136,0.585,0.000,0.601,cmd_age=0.02s bat=1.00 dist=1.87m
192,57.820,SCOUT,4,6.921,-3.176,3.000,0.135,0.584,0.000,0.600,cmd_age=0.02s bat=1.00 dist=1.87m
192,57.820,SCOUT,5,5.421,-1.676,3.000,0.135,0.584,0.000,0.600,cmd_age=0.02s bat=1.00 dist=1.87m
192,57.820,SCOUT,6,3.921,-3.176,3.000,0.135,0.584,0.000,0.600,cmd_age=0.02s bat=1.00 dist=1.87m
192,57.820,SCOUT,7,5.421,-4.676,3.000,0.135,0.584,0.000,0.600,cmd_age=0.02s bat=1.00 dist=1.87m
192,57.820,SCOUT,8,-2.177,3.676,3.000,0.424,-0.424,0.000,0.600,cmd_age=0.02s bat=1.00 dist=1.87m
192,57.820,SCOUT,9,-3.677,5.176,3.000,0.424,-0.424,0.000,0.600,cmd_age=0.02s bat=1.00 dist=1.87m
192,57.820,SCOUT,10,-5.177,3.676,3.000,0.424,-0.424,0.000,0.600,cmd_age=0.02s bat=1.00 dist=1.87m
192,57.820,SCOUT,11,-3.677,2.176,3.000,0.424,-0.424,0.000,0.600,cmd_age=0.02s bat=1.00 dist=1.87m
192,57.820,SCOUT,12,5.177,3.677,3.000,-0.425,-0.424,0.000,0.600,cmd_age=0.02s bat=1.00 dist=1.87m
192,57.820,SCOUT,13,3.677,5.177,3.000,-0.425,-0.424,0.000,0.600,cmd_age=0.02s bat=1.00 dist=1.87m
192,57.820,SCOUT,14,2.177,3.677,3.000,-0.425,-0.424,0.000,0.600,cmd_age=0.02s bat=1.00 dist=1.87m
192,57.820,SCOUT,15,3.677,2.177,3.000,-0.425,-0.424,0.000,0.600,cmd_age=0.02s bat=1.00 dist=1.87m
192,57.820,WORKER,0,-5.220,0.771,3.000,-0.718,1.867,0.000,2.000,state=MOVING bat=1.00 dist=6.18m
192,57.820,WORKER,1,7.474,1.165,3.000,0.153,1.994,0.000,2.000,state=MOVING bat=1.00 dist=6.18m
192,57.820,WORKER,2,0.994,0.280,3.000,1.292,-1.527,0.000,2.000,state=MOVING bat=1.00 dist=6.18m
192,57.820,WORKER,3,2.327,0.950,3.000,-1.511,-1.310,0.000,2.000,state=MOVING bat=1.00 dist=6.18m
193,58.039,GENERAL,0,0.000,0.000,5.000,0.000,0.000,0.000,0.000,N/A
193,58.039,NODE,0,-5.432,-3.128,3.000,-0.136,0.585,0.000,0.600,zone=0 dist=1.91m
193,58.039,NODE,1,5.432,-3.127,3.000,0.133,0.584,0.000,0.599,zone=1 dist=1.91m
193,58.039,NODE,2,-3.642,3.641,3.000,0.424,-0.425,0.000,0.600,zone=2 dist=1.91m
193,58.039,NODE,3,3.641,3.641,3.000,-0.425,-0.424,0.000,0.600,zone=3 dist=1.91m
193,58.039,SCOUT,0,-3.923,-3.167,3.000,-0.136,0.585,0.000,0.601,cmd_age=0.02s bat=1.00 dist=1.88m
193,58.039,SCOUT,1,-5.423,-1.667,3.000,-0.136,0.585,0.000,0.601,cmd_age=0.02s bat=1.00 dist=1.88m
193,58.039,SCOUT,2,-6.923,-3.167,3.000,-0.136,0.585,0.000,0.601,cmd_age=0.02s bat=1.00 dist=1.88m
193,58.039,SCOUT,3,-5.423,-4.667,3.000,-0.136,0.585,0.000,0.601,cmd_age=0.02s bat=1.00 dist=1.88m
193,58.039,SCOUT,4,6.923,-3.166,3.000,0.134,0.584,0.000,0.600,cmd_age=0.02s bat=1.00 dist=1.88m
193,58.039,SCOUT,5,5.423,-1.666,3.000,0.134,0.584,0.000,0.600,cmd_age=0.02s bat=1.00 dist=1.88m
193,58.039,SCOUT,6,3.923,-3.166,3.000,0.134,0.584,0.000,0.600,cmd_age=0.02s bat=1.00 dist=1.88m
193,58.039,SCOUT,7,5.423,-4.666,3.000,0.134,0.584,0.000,0.600,cmd_age=0.02s bat=1.00 dist=1.88m
193,58.039,SCOUT,8,-2.170,3.669,3.000,0.424,-0.424,0.000,0.600,cmd_age=0.02s bat=1.00 dist=1.88m
193,58.039,SCOUT,9,-3.670,5.169,3.000,0.424,-0.424,0.000,0.600,cmd_age=0.02s bat=1.00 dist=1.88m
193,58.039,SCOUT,10,-5.170,3.669,3.000,0.424,-0.424,0.000,0.600,cmd_age=0.02s bat=1.00 dist=1.88m
193,58.039,SCOUT,11,-3.670,2.169,3.000,0.424,-0.424,0.000,0.600,cmd_age=0.02s bat=1.00 dist=1.88m
193,58.039,SCOUT,12,5.169,3.670,3.000,-0.425,-0.424,0.000,0.600,cmd_age=0.02s bat=1.00 dist=1.88m
193,58.039,SCOUT,13,3.669,5.170,3.000,-0.425,-0.424,0.000,0.600,cmd_age=0.02s bat=1.00 dist=1.88m
193,58.039,SCOUT,14,2.169,3.670,3.000,-0.425,-0.424,0.000,0.600,cmd_age=0.02s bat=1.00 dist=1.88m
193,58.039,SCOUT,15,3.669,2.170,3.000,-0.425,-0.424,0.000,0.600,cmd_age=0.02s bat=1.00 dist=1.88m
193,58.039,WORKER,0,-5.232,0.802,3.000,-0.718,1.867,0.000,2.000,state=MOVING bat=1.00 dist=6.21m
193,58.039,WORKER,1,7.477,1.198,3.000,0.153,1.994,0.000,2.000,state=MOVING bat=1.00 dist=6.21m
193,58.039,WORKER,2,1.016,0.254,3.000,1.292,-1.527,0.000,2.000,state=MOVING bat=1.00 dist=6.21m
193,58.039,WORKER,3,2.302,0.929,3.000,-1.511,-1.310,0.000,2.000,state=MOVING bat=1.00 dist=6.21m
194,58.251,GENERAL,0,0.000,0.000,5.000,0.000,0.000,0.000,0.000,N/A
194,58.251,NODE,0,-5.434,-3.118,3.000,-0.135,0.584,0.000,0.599,zone=0 dist=1.92m
194,58.251,NODE,1,5.435,-3.117,3.000,0.133,0.585,0.000,0.600,zone=1 dist=1.92m
194,58.251,NODE,2,-3.634,3.634,3.000,0.425,-0.423,0.000,0.600,zone=2 dist=1.92m
194,58.251,NODE,3,3.634,3.634,3.000,-0.425,-0.425,0.000,0.601,zone=3 dist=1.92m
194,58.251,SCOUT,0,-3.925,-3.157,3.000,-0.136,0.585,0.000,0.600,cmd_age=0.02s bat=1.00 dist=1.89m
194,58.251,SCOUT,1,-5.425,-1.657,3.000,-0.136,0.585,0.000,0.600,cmd_age=0.02s bat=1.00 dist=1.89m
194,58.251,SCOUT,2,-6.925,-3.157,3.000,-0.136,0.585,0.000,0.600,cmd_age=0.02s bat=1.00 dist=1.89m
194,58.251,SCOUT,3,-5.425,-4.657,3.000,-0.136,0.585,0.000,0.600,cmd_age=0.02s bat=1.00 dist=1.89m
194,58.251,SCOUT,4,6.926,-3.156,3.000,0.134,0.584,0.000,0.600,cmd_age=0.02s bat=1.00 dist=1.89m
194,58.251,SCOUT,5,5.426,-1.656,3.000,0.134,0.584,0.000,0.600,cmd_age=0.02s bat=1.00 dist=1.89m
194,58.251,SCOUT,6,3.926,-3.156,3.000,0.134,0.584,0.000,0.600,cmd_age=0.02s bat=1.00 dist=1.89m
194,58.251,SCOUT,7,5.426,-4.656,3.000,0.134,0.584,0.000,0.600,cmd_age=0.02s bat=1.00 dist=1.89m
194,58.251,SCOUT,8,-2.163,3.662,3.000,0.424,-0.424,0.000,0.600,cmd_age=0.02s bat=1.00 dist=1.89m
194,58.251,SCOUT,9,-3.663,5.162,3.000,0.424,-0.424,0.000,0.600,cmd_age=0.02s bat=1.00 dist=1.89m
194,58.251,SCOUT,10,-5.163,3.662,3.000,0.424,-0.424,0.000,0.600,cmd_age=0.02s bat=1.00 dist=1.89m
194,58.251,SCOUT,11,-3.663,2.162,3.000,0.424,-0.424,0.000,0.600,cmd_age=0.02s bat=1.00 dist=1.89m
194,58.251,SCOUT,12,5.162,3.663,3.000,-0.425,-0.424,0.000,0.600,cmd_age=0.02s bat=1.00 dist=1.89m
194,58.251,SCOUT,13,3.662,5.163,3.000,-0.425,-0.424,0.000,0.600,cmd_age=0.02s bat=1.00 dist=1.89m
194,58.251,SCOUT,14,2.162,3.663,3.000,-0.425,-0.424,0.000,0.600,cmd_age=0.02s bat=1.00 dist=1.89m
194,58.251,SCOUT,15,3.662,2.163,3.000,-0.425,-0.424,0.000,0.600,cmd_age=0.02s bat=1.00 dist=1.89m
194,58.251,WORKER,0,-5.244,0.833,3.000,-0.718,1.867,0.000,2.000,state=MOVING bat=1.00 dist=6.25m
194,58.251,WORKER,1,7.479,1.232,3.000,0.153,1.994,0.000,2.000,state=MOVING bat=1.00 dist=6.25m
194,58.251,WORKER,2,1.037,0.229,3.000,1.292,-1.527,0.000,2.000,state=MOVING bat=1.00 dist=6.25m
194,58.251,WORKER,3,2.277,0.907,3.000,-1.511,-1.310,0.000,2.000,state=MOVING bat=1.00 dist=6.25m
195,58.464,GENERAL,0,0.000,0.000,5.000,0.000,0.000,0.000,0.000,N/A
195,58.464,NODE,0,-5.437,-3.108,3.000,-0.135,0.585,0.000,0.600,zone=0 dist=1.93m
195,58.464,NODE,1,5.437,-3.108,3.000,0.134,0.585,0.000,0.600,zone=1 dist=1.93m
195,58.464,NODE,2,-3.627,3.626,3.000,0.425,-0.424,0.000,0.600,zone=2 dist=1.93m
195,58.464,NODE,3,3.627,3.627,3.000,-0.424,-0.425,0.000,0.600,zone=3 dist=1.93m
195,58.464,SCOUT,0,-3.928,-3.147,3.000,-0.135,0.585,0.000,0.600,cmd_age=0.02s bat=1.00 dist=1.90m
195,58.464,SCOUT,1,-5.428,-1.647,3.000,-0.135,0.585,0.000,0.600,cmd_age=0.02s bat=1.00 dist=1.90m
195,58.464,SCOUT,2,-6.928,-3.147,3.000,-0.135,0.585,0.000,0.600,cmd_age=0.02s bat=1.00 dist=1.90m
195,58.464,SCOUT,3,-5.428,-4.647,3.000,-0.135,0.585,0.000,0.600,cmd_age=0.02s bat=1.00 dist=1.90m
195,58.464,SCOUT,4,6.928,-3.147,3.000,0.134,0.585,0.000,0.600,cmd_age=0.02s bat=1.00 dist=1.90m
195,58.464,SCOUT,5,5.428,-1.647,3.000,0.134,0.585,0.000,0.600,cmd_age=0.02s bat=1.00 dist=1.90m
195,58.464,SCOUT,6,3.928,-3.147,3.000,0.134,0.585,0.000,0.600,cmd_age=0.02s bat=1.00 dist=1.90m
195,58.464,SCOUT,7,5.428,-4.647,3.000,0.134,0.585,0.000,0.600,cmd_age=0.02s bat=1.00 dist=1.90m
195,58.464,SCOUT,8,-2.156,3.655,3.000,0.424,-0.424,0.000,0.600,cmd_age=0.02s bat=1.00 dist=1.90m
195,58.464,SCOUT,9,-3.656,5.155,3.000,0.424,-0.424,0.000,0.600,cmd_age=0.02s bat=1.00 dist=1.90m
195,58.464,SCOUT,10,-5.156,3.655,3.000,0.424,-0.424,0.000,0.600,cmd_age=0.02s bat=1.00 dist=1.90m
195,58.464,SCOUT,11,-3.656,2.155,3.000,0.424,-0.424,0.000,0.600,cmd_age=0.02s bat=1.00 dist=1.90m
195,58.464,SCOUT,12,5.155,3.656,3.000,-0.425,-0.424,0.000,0.600,cmd_age=0.02s bat=1.00 dist=1.90m
195,58.464,SCOUT,13,3.655,5.156,3.000,-0.425,-0.424,0.000,0.600,cmd_age=0.02s bat=1.00 dist=1.90m
195,58.464,SCOUT,14,2.155,3.656,3.000,-0.425,-0.424,0.000,0.600,cmd_age=0.02s bat=1.00 dist=1.90m
195,58.464,SCOUT,15,3.655,2.156,3.000,-0.425,-0.424,0.000,0.600,cmd_age=0.02s bat=1.00 dist=1.90m
195,58.464,WORKER,0,-5.256,0.865,3.000,-0.718,1.867,0.000,2.000,state=MOVING bat=1.00 dist=6.28m
195,58.464,WORKER,1,7.482,1.265,3.000,0.153,1.994,0.000,2.000,state=MOVING bat=1.00 dist=6.28m
195,58.464,WORKER,2,1.059,0.203,3.000,1.292,-1.527,0.000,2.000,state=MOVING bat=1.00 dist=6.28m
195,58.464,WORKER,3,2.252,0.885,3.000,-1.511,-1.310,0.000,2.000,state=MOVING bat=1.00 dist=6.28m
196,58.674,GENERAL,0,0.000,0.000,5.000,0.000,0.000,0.000,0.000,N/A
196,58.674,NODE,0,-5.439,-3.099,3.000,-0.135,0.585,0.000,0.600,zone=0 dist=1.94m
196,58.674,NODE,1,5.439,-3.098,3.000,0.134,0.584,0.000,0.599,zone=1 dist=1.94m
196,58.674,NODE,2,-3.620,3.619,3.000,0.424,-0.425,0.000,0.600,zone=2 dist=1.94m
196,58.674,NODE,3,3.620,3.620,3.000,-0.426,-0.425,0.000,0.602,zone=3 dist=1.94m
196,58.674,SCOUT,0,-3.930,-3.138,3.000,-0.135,0.585,0.000,0.600,cmd_age=0.02s bat=1.00 dist=1.91m
196,58.674,SCOUT,1,-5.430,-1.638,3.000,-0.135,0.585,0.000,0.600,cmd_age=0.02s bat=1.00 dist=1.91m
196,58.674,SCOUT,2,-6.930,-3.138,3.000,-0.135,0.585,0.000,0.600,cmd_age=0.02s bat=1.00 dist=1.91m
196,58.674,SCOUT,3,-5.430,-4.638,3.000,-0.135,0.585,0.000,0.600,cmd_age=0.02s bat=1.00 dist=1.91m
196,58.674,SCOUT,4,6.930,-3.137,3.000,0.134,0.585,0.000,0.600,cmd_age=0.02s bat=1.00 dist=1.91m
196,58.674,SCOUT,5,5.430,-1.637,3.000,0.134,0.585,0.000,0.600,cmd_age=0.02s bat=1.00 dist=1.91m
196,58.674,SCOUT,6,3.930,-3.137,3.000,0.134,0.585,0.000,0.600,cmd_age=0.02s bat=1.00 dist=1.91m
196,58.674,SCOUT,7,5.430,-4.637,3.000,0.134,0.585,0.000,0.600,cmd_age=0.02s bat=1.00 dist=1.91m
196,58.674,SCOUT,8,-2.149,3.648,3.000,0.424,-0.424,0.000,0.600,cmd_age=0.02s bat=1.00 dist=1.91m
196,58.674,SCOUT,9,-3.649,5.148,3.000,0.424,-0.424,0.000,0.600,cmd_age=0.02s bat=1.00 dist=1.91m
196,58.674,SCOUT,10,-5.149,3.648,3.000,0.424,-0.424,0.000,0.600,cmd_age=0.02s bat=1.00 dist=1.91m
196,58.674,SCOUT,11,-3.649,2.148,3.000,0.424,-0.424,0.000,0.600,cmd_age=0.02s bat=1.00 dist=1.91m
196,58.674,SCOUT,12,5.148,3.649,3.000,-0.425,-0.424,0.000,0.601,cmd_age=0.02s bat=1.00 dist=1.91m
196,58.674,SCOUT,13,3.648,5.149,3.000,-0.425,-0.424,0.000,0.601,cmd_age=0.02s bat=1.00 dist=1.91m
196,58.674,SCOUT,14,2.148,3.649,3.000,-0.425,-0.424,0.000,0.601,cmd_age=0.02s bat=1.00 dist=1.91m
196,58.674,SCOUT,15,3.648,2.149,3.000,-0.425,-0.424,0.000,0.601,cmd_age=0.02s bat=1.00 dist=1.91m
196,58.674,WORKER,0,-5.268,0.896,3.000,-0.718,1.867,0.000,2.000,state=MOVING bat=1.00 dist=6.31m
196,58.674,WORKER,1,7.484,1.298,3.000,0.153,1.994,0.000,2.000,state=MOVING bat=1.00 dist=6.31m
196,58.674,WORKER,2,1.080,0.178,3.000,1.292,-1.527,0.000,2.000,state=MOVING bat=1.00 dist=6.31m
196,58.674,WORKER,3,2.227,0.863,3.000,-1.511,-1.310,0.000,2.000,state=MOVING bat=1.00 dist=6.31m
197,58.886,GENERAL,0,0.000,0.000,5.000,0.000,0.000,0.000,0.000,N/A
197,58.886,NODE,0,-5.441,-3.089,3.000,-0.135,0.585,0.000,0.600,zone=0 dist=1.95m
197,58.886,NODE,1,5.441,-3.088,3.000,0.134,0.584,0.000,0.599,zone=1 dist=1.95m
197,58.886,NODE,2,-3.613,3.612,3.000,0.424,-0.425,0.000,0.600,zone=2 dist=1.95m
197,58.886,NODE,3,3.613,3.613,3.000,-0.424,-0.424,0.000,0.600,zone=3 dist=1.95m
197,58.886,SCOUT,0,-3.932,-3.128,3.000,-0.135,0.585,0.000,0.600,cmd_age=0.02s bat=1.00 dist=1.92m
197,58.886,SCOUT,1,-5.432,-1.628,3.000,-0.135,0.585,0.000,0.600,cmd_age=0.02s bat=1.00 dist=1.92m
197,58.886,SCOUT,2,-6.932,-3.128,3.000,-0.135,0.585,0.000,0.600,cmd_age=0.02s bat=1.00 dist=1.92m
197,58.886,SCOUT,3,-5.432,-4.628,3.000,-0.135,0.585,0.000,0.600,cmd_age=0.02s bat=1.00 dist=1.92m
197,58.886,SCOUT,4,6.932,-3.127,3.000,0.134,0.584,0.000,0.600,cmd_age=0.02s bat=1.00 dist=1.92m
197,58.886,SCOUT,5,5.432,-1.627,3.000,0.134,0.584,0.000,0.600,cmd_age=0.02s bat=1.00 dist=1.92m
197,58.886,SCOUT,6,3.932,-3.127,3.000,0.134,0.584,0.000,0.600,cmd_age=0.02s bat=1.00 dist=1.92m
197,58.886,SCOUT,7,5.432,-4.627,3.000,0.134,0.584,0.000,0.600,cmd_age=0.02s bat=1.00 dist=1.92m
197,58.886,SCOUT,8,-2.142,3.641,3.000,0.424,-0.424,0.000,0.600,cmd_age=0.02s bat=1.00 dist=1.92m
197,58.886,SCOUT,9,-3.642,5.141,3.000,0.424,-0.424,0.000,0.600,cmd_age=0.02s bat=1.00 dist=1.92m
197,58.886,SCOUT,10,-5.142,3.641,3.000,0.424,-0.424,0.000,0.600,cmd_age=0.02s bat=1.00 dist=1.92m
197,58.886,SCOUT,11,-3.642,2.141,3.000,0.424,-0.424,0.000,0.600,cmd_age=0.02s bat=1.00 dist=1.92m
197,58.886,SCOUT,12,5.141,3.641,3.000,-0.425,-0.424,0.000,0.600,cmd_age=0.02s bat=1.00 dist=1.92m
197,58.886,SCOUT,13,3.641,5.141,3.000,-0.425,-0.424,0.000,0.600,cmd_age=0.02s bat=1.00 dist=1.92m
197,58.886,SCOUT,14,2.141,3.641,3.000,-0.425,-0.424,0.000,0.600,cmd_age=0.02s bat=1.00 dist=1.92m
197,58.886,SCOUT,15,3.641,2.141,3.000,-0.425,-0.424,0.000,0.600,cmd_age=0.02s bat=1.00 dist=1.92m
197,58.886,WORKER,0,-5.280,0.927,3.000,-0.718,1.867,0.000,2.000,state=MOVING bat=1.00 dist=6.35m
197,58.886,WORKER,1,7.487,1.331,3.000,0.153,1.994,0.000,2.000,state=MOVING bat=1.00 dist=6.35m
197,58.886,WORKER,2,1.102,0.152,3.000,1.292,-1.527,0.000,2.000,state=MOVING bat=1.00 dist=6.35m
197,58.886,WORKER,3,2.201,0.841,3.000,-1.511,-1.310,0.000,2.000,state=MOVING bat=1.00 dist=6.35m
198,59.112,GENERAL,0,0.000,0.000,5.000,0.000,0.000,0.000,0.000,N/A
198,59.112,NODE,0,-5.443,-3.079,3.000,-0.137,0.585,0.000,0.600,zone=0 dist=1.96m
198,59.112,NODE,1,5.444,-3.078,3.000,0.135,0.585,0.000,0.600,zone=1 dist=1.96m
198,59.112,NODE,2,-3.606,3.605,3.000,0.424,-0.424,0.000,0.600,zone=2 dist=1.96m
198,59.112,NODE,3,3.606,3.606,3.000,-0.425,-0.424,0.000,0.600,zone=3 dist=1.96m
198,59.112,SCOUT,0,-3.934,-3.118,3.000,-0.136,0.585,0.000,0.600,cmd_age=0.02s bat=1.00 dist=1.93m
198,59.112,SCOUT,1,-5.434,-1.618,3.000,-0.136,0.585,0.000,0.600,cmd_age=0.02s bat=1.00 dist=1.93m
198,59.112,SCOUT,2,-6.934,-3.118,3.000,-0.136,0.585,0.000,0.600,cmd_age=0.02s bat=1.00 dist=1.93m
198,59.112,SCOUT,3,-5.434,-4.618,3.000,-0.136,0.585,0.000,0.600,cmd_age=0.02s bat=1.00 dist=1.93m
198,59.112,SCOUT,4,6.935,-3.117,3.000,0.134,0.584,0.000,0.600,cmd_age=0.02s bat=1.00 dist=1.93m
198,59.112,SCOUT,5,5.435,-1.617,3.000,0.134,0.584,0.000,0.600,cmd_age=0.02s bat=1.00 dist=1.93m
198,59.112,SCOUT,6,3.935,-3.117,3.000,0.134,0.584,0.000,0.600,cmd_age=0.02s bat=1.00 dist=1.93m
198,59.112,SCOUT,7,5.435,-4.617,3.000,0.134,0.584,0.000,0.600,cmd_age=0.02s bat=1.00 dist=1.93m
198,59.112,SCOUT,8,-2.134,3.634,3.000,0.424,-0.424,0.000,0.600,cmd_age=0.02s bat=1.00 dist=1.93m
198,59.112,SCOUT,9,-3.634,5.134,3.000,0.424,-0.424,0.000,0.600,cmd_age=0.02s bat=1.00 dist=1.93m
198,59.112,SCOUT,10,-5.134,3.634,3.000,0.424,-0.424,0.000,0.600,cmd_age=0.02s bat=1.00 dist=1.93m
198,59.112,SCOUT,11,-3.634,2.134,3.000,0.424,-0.424,0.000,0.600,cmd_age=0.02s bat=1.00 dist=1.93m
198,59.112,SCOUT,12,5.134,3.634,3.000,-0.425,-0.424,0.000,0.600,cmd_age=0.02s bat=1.00 dist=1.93m
198,59.112,SCOUT,13,3.634,5.134,3.000,-0.425,-0.424,0.000,0.600,cmd_age=0.02s bat=1.00 dist=1.93m
198,59.112,SCOUT,14,2.134,3.634,3.000,-0.425,-0.424,0.000,0.600,cmd_age=0.02s bat=1.00 dist=1.93m
198,59.112,SCOUT,15,3.634,2.134,3.000,-0.425,-0.424,0.000,0.600,cmd_age=0.02s bat=1.00 dist=1.93m
198,59.112,WORKER,0,-5.291,0.958,3.000,-0.718,1.867,0.000,2.000,state=MOVING bat=1.00 dist=6.38m
198,59.112,WORKER,1,7.490,1.365,3.000,0.153,1.994,0.000,2.000,state=MOVING bat=1.00 dist=6.38m
198,59.112,WORKER,2,1.123,0.127,3.000,1.292,-1.527,0.000,2.000,state=MOVING bat=1.00 dist=6.38m
198,59.112,WORKER,3,2.176,0.819,3.000,-1.511,-1.310,0.000,2.000,state=MOVING bat=1.00 dist=6.38m
199,60.032,GENERAL,0,0.000,0.000,5.000,0.000,0.000,0.000,0.000,N/A
199,60.032,NODE,0,-5.446,-3.069,3.000,-0.137,0.586,0.000,0.601,zone=0 dist=1.97m
199,60.032,NODE,1,5.446,-3.069,3.000,0.135,0.586,0.000,0.601,zone=1 dist=1.97m
199,60.032,NODE,2,-3.599,3.598,3.000,0.424,-0.425,0.000,0.601,zone=2 dist=1.97m
199,60.032,NODE,3,3.599,3.599,3.000,-0.425,-0.425,0.000,0.600,zone=3 dist=1.97m
199,60.032,SCOUT,0,-3.937,-3.108,3.000,-0.136,0.585,0.000,0.600,cmd_age=0.02s bat=1.00 dist=1.94m
199,60.032,SCOUT,1,-5.437,-1.608,3.000,-0.136,0.585,0.000,0.600,cmd_age=0.02s bat=1.00 dist=1.94m
199,60.032,SCOUT,2,-6.937,-3.108,3.000,-0.136,0.585,0.000,0.600,cmd_age=0.02s bat=1.00 dist=1.94m
199,60.032,SCOUT,3,-5.437,-4.608,3.000,-0.136,0.585,0.000,0.600,cmd_age=0.02s bat=1.00 dist=1.94m
199,60.032,SCOUT,4,6.937,-3.108,3.000,0.134,0.585,0.000,0.600,cmd_age=0.02s bat=1.00 dist=1.94m
199,60.032,SCOUT,5,5.437,-1.608,3.000,0.134,0.585,0.000,0.600,cmd_age=0.02s bat=1.00 dist=1.94m
199,60.032,SCOUT,6,3.937,-3.108,3.000,0.134,0.585,0.000,0.600,cmd_age=0.02s bat=1.00 dist=1.94m
199,60.032,SCOUT,7,5.437,-4.608,3.000,0.134,0.585,0.000,0.600,cmd_age=0.02s bat=1.00 dist=1.94m
199,60.032,SCOUT,8,-2.127,3.626,3.000,0.424,-0.425,0.000,0.600,cmd_age=0.02s bat=1.00 dist=1.94m
199,60.032,SCOUT,9,-3.627,5.126,3.000,0.424,-0.425,0.000,0.600,cmd_age=0.02s bat=1.00 dist=1.94m
199,60.032,SCOUT,10,-5.127,3.626,3.000,0.424,-0.425,0.000,0.600,cmd_age=0.02s bat=1.00 dist=1.94m
199,60.032,SCOUT,11,-3.627,2.126,3.000,0.424,-0.425,0.000,0.600,cmd_age=0.02s bat=1.00 dist=1.94m
199,60.032,SCOUT,12,5.127,3.627,3.000,-0.425,-0.424,0.000,0.600,cmd_age=0.02s bat=1.00 dist=1.94m
199,60.032,SCOUT,13,3.627,5.127,3.000,-0.425,-0.424,0.000,0.600,cmd_age=0.02s bat=1.00 dist=1.94m
199,60.032,SCOUT,14,2.127,3.627,3.000,-0.425,-0.424,0.000,0.600,cmd_age=0.02s bat=1.00 dist=1.94m
199,60.032,SCOUT,15,3.627,2.127,3.000,-0.425,-0.424,0.000,0.600,cmd_age=0.02s bat=1.00 dist=1.94m
199,60.032,WORKER,0,-5.303,0.989,3.000,-0.718,1.867,0.000,2.000,state=MOVING bat=1.00 dist=6.41m
199,60.032,WORKER,1,7.492,1.398,3.000,0.153,1.994,0.000,2.000,state=MOVING bat=1.00 dist=6.41m
199,60.032,WORKER,2,1.145,0.102,3.000,1.292,-1.527,0.000,2.000,state=MOVING bat=1.00 dist=6.41m
199,60.032,WORKER,3,2.151,0.798,3.000,-1.511,-1.310,0.000,2.000,state=MOVING bat=1.00 dist=6.41m
200,60.448,GENERAL,0,0.000,0.000,5.000,0.000,0.000,0.000,0.000,N/A
200,60.448,NODE,0,-5.448,-3.060,3.000,-0.138,0.585,0.000,0.601,zone=0 dist=1.98m
200,60.448,NODE,1,5.448,-3.059,3.000,0.134,0.585,0.000,0.600,zone=1 dist=1.98m
200,60.448,NODE,2,-3.592,3.591,3.000,0.424,-0.424,0.000,0.600,zone=2 dist=1.98m
200,60.448,NODE,3,3.592,3.592,3.000,-0.425,-0.425,0.000,0.601,zone=3 dist=1.98m
200,60.448,SCOUT,0,-3.939,-3.099,3.000,-0.136,0.585,0.000,0.601,cmd_age=0.02s bat=1.00 dist=1.95m
200,60.448,SCOUT,1,-5.439,-1.599,3.000,-0.136,0.585,0.000,0.601,cmd_age=0.02s bat=1.00 dist=1.95m
200,60.448,SCOUT,2,-6.939,-3.099,3.000,-0.136,0.585,0.000,0.601,cmd_age=0.02s bat=1.00 dist=1.95m
200,60.448,SCOUT,3,-5.439,-4.599,3.000,-0.136,0.585,0.000,0.601,cmd_age=0.02s bat=1.00 dist=1.95m
200,60.448,SCOUT,4,6.939,-3.098,3.000,0.134,0.585,0.000,0.600,cmd_age=0.02s bat=1.00 dist=1.95m
200,60.448,SCOUT,5,5.439,-1.598,3.000,0.134,0.585,0.000,0.600,cmd_age=0.02s bat=1.00 dist=1.95m
200,60.448,SCOUT,6,3.939,-3.098,3.000,0.134,0.585,0.000,0.600,cmd_age=0.02s bat=1.00 dist=1.95m
200,60.448,SCOUT,7,5.439,-4.598,3.000,0.134,0.585,0.000,0.600,cmd_age=0.02s bat=1.00 dist=1.95m
200,60.448,SCOUT,8,-2.120,3.619,3.000,0.424,-0.425,0.000,0.600,cmd_age=0.02s bat=1.00 dist=1.95m
200,60.448,SCOUT,9,-3.620,5.119,3.000,0.424,-0.425,0.000,0.600,cmd_age=0.02s bat=1.00 dist=1.95m
200,60.448,SCOUT,10,-5.120,3.619,3.000,0.424,-0.425,0.000,0.600,cmd_age=0.02s bat=1.00 dist=1.95m
200,60.448,SCOUT,11,-3.620,2.119,3.000,0.424,-0.425,0.000,0.600,cmd_age=0.02s bat=1.00 dist=1.95m
200,60.448,SCOUT,12,5.120,3.620,3.000,-0.425,-0.424,0.000,0.600,cmd_age=0.02s bat=1.00 dist=1.95m
200,60.448,SCOUT,13,3.620,5.120,3.000,-0.425,-0.424,0.000,0.600,cmd_age=0.02s bat=1.00 dist=1.95m
200,60.448,SCOUT,14,2.120,3.620,3.000,-0.425,-0.424,0.000,0.600,cmd_age=0.02s bat=1.00 dist=1.95m
200,60.448,SCOUT,15,3.620,2.120,3.000,-0.425,-0.424,0.000,0.600,cmd_age=0.02s bat=1.00 dist=1.95m
200,60.448,WORKER,0,-5.315,1.020,3.000,-0.718,1.867,0.000,2.000,state=MOVING bat=1.00 dist=6.45m
200,60.448,WORKER,1,7.495,1.431,3.000,0.153,1.994,0.000,2.000,state=MOVING bat=1.00 dist=6.45m
200,60.448,WORKER,2,1.166,0.076,3.000,1.292,-1.527,0.000,2.000,state=MOVING bat=1.00 dist=6.45m
200,60.448,WORKER,3,2.126,0.776,3.000,-1.511,-1.310,0.000,2.000,state=MOVING bat=1.00 dist=6.45m
201,60.637,GENERAL,0,0.000,0.000,5.000,0.000,0.000,0.000,0.000,N/A
201,60.637,NODE,0,-5.450,-3.050,3.000,-0.137,0.585,0.000,0.600,zone=0 dist=1.99m
201,60.637,NODE,1,5.450,-3.049,3.000,0.133,0.586,0.000,0.601,zone=1 dist=1.99m
201,60.637,NODE,2,-3.585,3.584,3.000,0.425,-0.424,0.000,0.600,zone=2 dist=1.99m
201,60.637,NODE,3,3.585,3.585,3.000,-0.423,-0.426,0.000,0.600,zone=3 dist=1.99m
201,60.637,SCOUT,0,-3.941,-3.089,3.000,-0.136,0.585,0.000,0.601,cmd_age=0.02s bat=1.00 dist=1.96m
201,60.637,SCOUT,1,-5.441,-1.589,3.000,-0.136,0.585,0.000,0.601,cmd_age=0.02s bat=1.00 dist=1.96m
201,60.637,SCOUT,2,-6.941,-3.089,3.000,-0.136,0.585,0.000,0.601,cmd_age=0.02s bat=1.00 dist=1.96m
201,60.637,SCOUT,3,-5.441,-4.589,3.000,-0.136,0.585,0.000,0.601,cmd_age=0.02s bat=1.00 dist=1.96m
201,60.637,SCOUT,4,6.941,-3.088,3.000,0.134,0.585,0.000,0.600,cmd_age=0.02s bat=1.00 dist=1.96m
201,60.637,SCOUT,5,5.441,-1.588,3.000,0.134,0.585,0.000,0.600,cmd_age=0.02s bat=1.00 dist=1.96m
201,60.637,SCOUT,6,3.941,-3.088,3.000,0.134,0.585,0.000,0.600,cmd_age=0.02s bat=1.00 dist=1.96m
201,60.637,SCOUT,7,5.441,-4.588,3.000,0.134,0.585,0.000,0.600,cmd_age=0.02s bat=1.00 dist=1.96m
201,60.637,SCOUT,8,-2.113,3.612,3.000,0.424,-0.424,0.000,0.600,cmd_age=0.02s bat=1.00 dist=1.96m
201,60.637,SCOUT,9,-3.613,5.112,3.000,0.424,-0.424,0.000,0.600,cmd_age=0.02s bat=1.00 dist=1.96m
201,60.637,SCOUT,10,-5.113,3.612,3.000,0.424,-0.424,0.000,0.600,cmd_age=0.02s bat=1.00 dist=1.96m
201,60.637,SCOUT,11,-3.613,2.112,3.000,0.424,-0.424,0.000,0.600,cmd_age=0.02s bat=1.00 dist=1.96m
201,60.637,SCOUT,12,5.113,3.613,3.000,-0.425,-0.425,0.000,0.600,cmd_age=0.02s bat=1.00 dist=1.96m
201,60.637,SCOUT,13,3.613,5.113,3.000,-0.425,-0.425,0.000,0.600,cmd_age=0.02s bat=1.00 dist=1.96m
201,60.637,SCOUT,14,2.113,3.613,3.000,-0.425,-0.425,0.000,0.600,cmd_age=0.02s bat=1.00 dist=1.96m
201,60.637,SCOUT,15,3.613,2.113,3.000,-0.425,-0.425,0.000,0.600,cmd_age=0.02s bat=1.00 dist=1.96m
201,60.637,WORKER,0,-5.327,1.051,3.000,-0.718,1.867,0.000,2.000,state=MOVING bat=1.00 dist=6.48m
201,60.637,WORKER,1,7.497,1.464,3.000,0.153,1.994,0.000,2.000,state=MOVING bat=1.00 dist=6.48m
201,60.637,WORKER,2,1.188,0.051,3.000,1.292,-1.527,0.000,2.000,state=MOVING bat=1.00 dist=6.48m
201,60.637,WORKER,3,2.101,0.754,3.000,-1.511,-1.310,0.000,2.000,state=MOVING bat=1.00 dist=6.48m
202,60.826,GENERAL,0,0.000,0.000,5.000,0.000,0.000,0.000,0.000,N/A
202,60.826,NODE,0,-5.453,-3.040,3.000,-0.137,0.584,0.000,0.600,zone=0 dist=2.00m
202,60.826,NODE,1,5.452,-3.039,3.000,0.134,0.585,0.000,0.600,zone=1 dist=2.00m
202,60.826,NODE,2,-3.578,3.577,3.000,0.426,-0.423,0.000,0.600,zone=2 dist=2.00m
202,60.826,NODE,3,3.577,3.578,3.000,-0.424,-0.425,0.000,0.600,zone=3 dist=2.00m
202,60.826,SCOUT,0,-3.943,-3.079,3.000,-0.136,0.585,0.000,0.600,cmd_age=0.02s bat=1.00 dist=1.97m
202,60.826,SCOUT,1,-5.443,-1.579,3.000,-0.136,0.585,0.000,0.600,cmd_age=0.02s bat=1.00 dist=1.97m
202,60.826,SCOUT,2,-6.943,-3.079,3.000,-0.136,0.585,0.000,0.600,cmd_age=0.02s bat=1.00 dist=1.97m
202,60.826,SCOUT,3,-5.443,-4.579,3.000,-0.136,0.585,0.000,0.600,cmd_age=0.02s bat=1.00 dist=1.97m
202,60.826,SCOUT,4,6.944,-3.078,3.000,0.134,0.585,0.000,0.600,cmd_age=0.02s bat=1.00 dist=1.97m
202,60.826,SCOUT,5,5.444,-1.578,3.000,0.134,0.585,0.000,0.600,cmd_age=0.02s bat=1.00 dist=1.97m
202,60.826,SCOUT,6,3.944,-3.078,3.000,0.134,0.585,0.000,0.600,cmd_age=0.02s bat=1.00 dist=1.97m
202,60.826,SCOUT,7,5.444,-4.578,3.000,0.134,0.585,0.000,0.600,cmd_age=0.02s bat=1.00 dist=1.97m
202,60.826,SCOUT,8,-2.106,3.605,3.000,0.425,-0.424,0.000,0.600,cmd_age=0.02s bat=1.00 dist=1.97m
202,60.826,SCOUT,9,-3.606,5.105,3.000,0.425,-0.424,0.000,0.600,cmd_age=0.02s bat=1.00 dist=1.97m
202,60.826,SCOUT,10,-5.106,3.605,3.000,0.425,-0.424,0.000,0.600,cmd_age=0.02s bat=1.00 dist=1.97m
202,60.826,SCOUT,11,-3.606,2.105,3.000,0.425,-0.424,0.000,0.600,cmd_age=0.02s bat=1.00 dist=1.97m
202,60.826,SCOUT,12,5.106,3.606,3.000,-0.424,-0.425,0.000,0.600,cmd_age=0.02s bat=1.00 dist=1.97m
202,60.826,SCOUT,13,3.606,5.106,3.000,-0.424,-0.425,0.000,0.600,cmd_age=0.02s bat=1.00 dist=1.97m
202,60.826,SCOUT,14,2.106,3.606,3.000,-0.424,-0.425,0.000,0.600,cmd_age=0.02s bat=1.00 dist=1.97m
202,60.826,SCOUT,15,3.606,2.106,3.000,-0.424,-0.425,0.000,0.600,cmd_age=0.02s bat=1.00 dist=1.97m
202,60.826,WORKER,0,-5.339,1.082,3.000,-0.718,1.867,0.000,2.000,state=MOVING bat=1.00 dist=6.51m
202,60.826,WORKER,1,7.500,1.497,3.000,0.153,1.994,0.000,2.000,state=MOVING bat=1.00 dist=6.51m
202,60.826,WORKER,2,1.209,0.025,3.000,1.292,-1.527,0.000,2.000,state=MOVING bat=1.00 dist=6.51m
202,60.826,WORKER,3,2.075,0.732,3.000,-1.511,-1.310,0.000,2.000,state=MOVING bat=1.00 dist=6.51m
203,61.017,GENERAL,0,0.000,0.000,5.000,0.000,0.000,0.000,0.000,N/A
203,61.017,NODE,0,-5.455,-3.031,3.000,-0.136,0.584,0.000,0.600,zone=0 dist=2.01m
203,61.017,NODE,1,5.455,-3.030,3.000,0.133,0.585,0.000,0.600,zone=1 dist=2.01m
203,61.017,NODE,2,-3.571,3.570,3.000,0.424,-0.423,0.000,0.599,zone=2 dist=2.01m
203,61.017,NODE,3,3.570,3.571,3.000,-0.424,-0.424,0.000,0.600,zone=3 dist=2.01m
203,61.017,SCOUT,0,-3.946,-3.069,3.000,-0.136,0.585,0.000,0.600,cmd_age=0.02s bat=1.00 dist=1.98m
203,61.017,SCOUT,1,-5.446,-1.569,3.000,-0.136,0.585,0.000,0.600,cmd_age=0.02s bat=1.00 dist=1.98m
203,61.017,SCOUT,2,-6.946,-3.069,3.000,-0.136,0.585,0.000,0.600,cmd_age=0.02s bat=1.00 dist=1.98m
203,61.017,SCOUT,3,-5.446,-4.569,3.000,-0.136,0.585,0.000,0.600,cmd_age=0.02s bat=1.00 dist=1.98m
203,61.017,SCOUT,4,6.946,-3.069,3.000,0.134,0.585,0.000,0.600,cmd_age=0.02s bat=1.00 dist=1.98m
203,61.017,SCOUT,5,5.446,-1.569,3.000,0.134,0.585,0.000,0.600,cmd_age=0.02s bat=1.00 dist=1.98m
203,61.017,SCOUT,6,3.946,-3.069,3.000,0.134,0.585,0.000,0.600,cmd_age=0.02s bat=1.00 dist=1.98m
203,61.017,SCOUT,7,5.446,-4.569,3.000,0.134,0.585,0.000,0.600,cmd_age=0.02s bat=1.00 dist=1.98m
203,61.017,SCOUT,8,-2.099,3.598,3.000,0.424,-0.424,0.000,0.600,cmd_age=0.02s bat=1.00 dist=1.98m
203,61.017,SCOUT,9,-3.599,5.098,3.000,0.424,-0.424,0.000,0.600,cmd_age=0.02s bat=1.00 dist=1.98m
203,61.017,SCOUT,10,-5.099,3.598,3.000,0.424,-0.424,0.000,0.600,cmd_age=0.02s bat=1.00 dist=1.98m
203,61.017,SCOUT,11,-3.599,2.098,3.000,0.424,-0.424,0.000,0.600,cmd_age=0.02s bat=1.00 dist=1.98m
203,61.017,SCOUT,12,5.099,3.599,3.000,-0.424,-0.425,0.000,0.600,cmd_age=0.02s bat=1.00 dist=1.98m
203,61.017,SCOUT,13,3.599,5.099,3.000,-0.424,-0.425,0.000,0.600,cmd_age=0.02s bat=1.00 dist=1.98m
203,61.017,SCOUT,14,2.099,3.599,3.000,-0.424,-0.425,0.000,0.600,cmd_age=0.02s bat=1.00 dist=1.98m
203,61.017,SCOUT,15,3.599,2.099,3.000,-0.424,-0.425,0.000,0.600,cmd_age=0.02s bat=1.00 dist=1.98m
203,61.017,WORKER,0,-5.351,1.113,3.000,-0.718,1.867,0.000,2.000,state=MOVING bat=1.00 dist=6.55m
203,61.017,WORKER,1,7.502,1.531,3.000,0.153,1.994,0.000,2.000,state=MOVING bat=1.00 dist=6.55m
203,61.017,WORKER,2,1.231,-0.000,3.000,1.292,-1.527,0.000,2.000,state=MOVING bat=1.00 dist=6.55m
203,61.017,WORKER,3,2.050,0.710,3.000,-1.511,-1.310,0.000,2.000,state=MOVING bat=1.00 dist=6.55m
204,61.205,GENERAL,0,0.000,0.000,5.000,0.000,0.000,0.000,0.000,N/A
204,61.205,NODE,0,-5.457,-3.021,3.000,-0.136,0.583,0.000,0.599,zone=0 dist=2.02m
204,61.205,NODE,1,5.457,-3.020,3.000,0.134,0.586,0.000,0.601,zone=1 dist=2.02m
204,61.205,NODE,2,-3.564,3.563,3.000,0.425,-0.423,0.000,0.600,zone=2 dist=2.02m
204,61.205,NODE,3,3.563,3.564,3.000,-0.424,-0.424,0.000,0.599,zone=3 dist=2.02m
204,61.205,SCOUT,0,-3.948,-3.060,3.000,-0.136,0.584,0.000,0.600,cmd_age=0.02s bat=1.00 dist=1.99m
204,61.205,SCOUT,1,-5.448,-1.560,3.000,-0.136,0.584,0.000,0.600,cmd_age=0.02s bat=1.00 dist=1.99m
204,61.205,SCOUT,2,-6.948,-3.060,3.000,-0.136,0.584,0.000,0.600,cmd_age=0.02s bat=1.00 dist=1.99m
204,61.205,SCOUT,3,-5.448,-4.560,3.000,-0.136,0.584,0.000,0.600,cmd_age=0.02s bat=1.00 dist=1.99m
204,61.205,SCOUT,4,6.948,-3.059,3.000,0.134,0.585,0.000,0.600,cmd_age=0.02s bat=1.00 dist=1.99m
204,61.205,SCOUT,5,5.448,-1.559,3.000,0.134,0.585,0.000,0.600,cmd_age=0.02s bat=1.00 dist=1.99m
204,61.205,SCOUT,6,3.948,-3.059,3.000,0.134,0.585,0.000,0.600,cmd_age=0.02s bat=1.00 dist=1.99m
204,61.205,SCOUT,7,5.448,-4.559,3.000,0.134,0.585,0.000,0.600,cmd_age=0.02s bat=1.00 dist=1.99m
204,61.205,SCOUT,8,-2.092,3.591,3.000,0.425,-0.424,0.000,0.600,cmd_age=0.02s bat=1.00 dist=1.99m
204,61.205,SCOUT,9,-3.592,5.091,3.000,0.425,-0.424,0.000,0.600,cmd_age=0.02s bat=1.00 dist=1.99m
204,61.205,SCOUT,10,-5.092,3.591,3.000,0.425,-0.424,0.000,0.600,cmd_age=0.02s bat=1.00 dist=1.99m
204,61.205,SCOUT,11,-3.592,2.091,3.000,0.425,-0.424,0.000,0.600,cmd_age=0.02s bat=1.00 dist=1.99m
204,61.205,SCOUT,12,5.092,3.592,3.000,-0.424,-0.424,0.000,0.600,cmd_age=0.02s bat=1.00 dist=1.99m
204,61.205,SCOUT,13,3.592,5.092,3.000,-0.424,-0.424,0.000,0.600,cmd_age=0.02s bat=1.00 dist=1.99m
204,61.205,SCOUT,14,2.092,3.592,3.000,-0.424,-0.424,0.000,0.600,cmd_age=0.02s bat=1.00 dist=1.99m
204,61.205,SCOUT,15,3.592,2.092,3.000,-0.424,-0.424,0.000,0.600,cmd_age=0.02s bat=1.00 dist=1.99m
204,61.205,WORKER,0,-5.363,1.145,3.000,-0.718,1.867,0.000,2.000,state=MOVING bat=1.00 dist=6.58m
204,61.205,WORKER,1,7.505,1.564,3.000,0.153,1.994,0.000,2.000,state=MOVING bat=1.00 dist=6.58m
204,61.205,WORKER,2,1.252,-0.026,3.000,1.292,-1.527,0.000,2.000,state=MOVING bat=1.00 dist=6.58m
204,61.205,WORKER,3,2.025,0.688,3.000,-1.511,-1.310,0.000,2.000,state=MOVING bat=1.00 dist=6.58m
205,61.399,GENERAL,0,0.000,0.000,5.000,0.000,0.000,0.000,0.000,N/A
205,61.399,NODE,0,-5.459,-3.011,3.000,-0.136,0.584,0.000,0.600,zone=0 dist=2.03m
205,61.399,NODE,1,5.459,-3.010,3.000,0.133,0.584,0.000,0.599,zone=1 dist=2.03m
205,61.399,NODE,2,-3.557,3.556,3.000,0.425,-0.424,0.000,0.600,zone=2 dist=2.03m
205,61.399,NODE,3,3.556,3.557,3.000,-0.424,-0.424,0.000,0.600,zone=3 dist=2.03m
205,61.399,SCOUT,0,-3.950,-3.050,3.000,-0.136,0.584,0.000,0.600,cmd_age=0.02s bat=1.00 dist=2.00m
205,61.399,SCOUT,1,-5.450,-1.550,3.000,-0.136,0.584,0.000,0.600,cmd_age=0.02s bat=1.00 dist=2.00m
205,61.399,SCOUT,2,-6.950,-3.050,3.000,-0.136,0.584,0.000,0.600,cmd_age=0.02s bat=1.00 dist=2.00m
205,61.399,SCOUT,3,-5.450,-4.550,3.000,-0.136,0.584,0.000,0.600,cmd_age=0.02s bat=1.00 dist=2.00m
205,61.399,SCOUT,4,6.950,-3.049,3.000,0.134,0.585,0.000,0.600,cmd_age=0.02s bat=1.00 dist=2.00m
205,61.399,SCOUT,5,5.450,-1.549,3.000,0.134,0.585,0.000,0.600,cmd_age=0.02s bat=1.00 dist=2.00m
205,61.399,SCOUT,6,3.950,-3.049,3.000,0.134,0.585,0.000,0.600,cmd_age=0.02s bat=1.00 dist=2.00m
205,61.399,SCOUT,7,5.450,-4.549,3.000,0.134,0.585,0.000,0.600,cmd_age=0.02s bat=1.00 dist=2.00m
205,61.399,SCOUT,8,-2.085,3.584,3.000,0.425,-0.424,0.000,0.600,cmd_age=0.02s bat=1.00 dist=2.00m
205,61.399,SCOUT,9,-3.585,5.084,3.000,0.425,-0.424,0.000,0.600,cmd_age=0.02s bat=1.00 dist=2.00m
205,61.399,SCOUT,10,-5.085,3.584,3.000,0.425,-0.424,0.000,0.600,cmd_age=0.02s bat=1.00 dist=2.00m
205,61.399,SCOUT,11,-3.585,2.084,3.000,0.425,-0.424,0.000,0.600,cmd_age=0.02s bat=1.00 dist=2.00m
205,61.399,SCOUT,12,5.085,3.585,3.000,-0.424,-0.424,0.000,0.600,cmd_age=0.02s bat=1.00 dist=2.00m
205,61.399,SCOUT,13,3.585,5.085,3.000,-0.424,-0.424,0.000,0.600,cmd_age=0.02s bat=1.00 dist=2.00m
205,61.399,SCOUT,14,2.085,3.585,3.000,-0.424,-0.424,0.000,0.600,cmd_age=0.02s bat=1.00 dist=2.00m
205,61.399,SCOUT,15,3.585,2.085,3.000,-0.424,-0.424,0.000,0.600,cmd_age=0.02s bat=1.00 dist=2.00m
205,61.399,WORKER,0,-5.375,1.176,3.000,-0.718,1.867,0.000,2.000,state=MOVING bat=1.00 dist=6.61m
205,61.399,WORKER,1,7.507,1.597,3.000,0.153,1.994,0.000,2.000,state=MOVING bat=1.00 dist=6.61m
205,61.399,WORKER,2,1.274,-0.051,3.000,1.292,-1.527,0.000,2.000,state=MOVING bat=1.00 dist=6.61m
205,61.399,WORKER,3,2.000,0.667,3.000,-1.511,-1.310,0.000,2.000,state=MOVING bat=1.00 dist=6.61m
206,61.587,GENERAL,0,0.000,0.000,5.000,0.000,0.000,0.000,0.000,N/A
206,61.587,NODE,0,-5.462,-3.001,3.000,-0.135,0.584,0.000,0.599,zone=0 dist=2.04m
206,61.587,NODE,1,5.461,-3.000,3.000,0.135,0.583,0.000,0.599,zone=1 dist=2.04m
206,61.587,NODE,2,-3.550,3.549,3.000,0.424,-0.424,0.000,0.600,zone=2 dist=2.04m
206,61.587,NODE,3,3.549,3.550,3.000,-0.424,-0.424,0.000,0.600,zone=3 dist=2.04m
206,61.587,SCOUT,0,-3.953,-3.040,3.000,-0.136,0.584,0.000,0.600,cmd_age=0.02s bat=1.00 dist=2.01m
206,61.587,SCOUT,1,-5.453,-1.540,3.000,-0.136,0.584,0.000,0.600,cmd_age=0.02s bat=1.00 dist=2.01m
206,61.587,SCOUT,2,-6.953,-3.040,3.000,-0.136,0.584,0.000,0.600,cmd_age=0.02s bat=1.00 dist=2.01m
206,61.587,SCOUT,3,-5.453,-4.540,3.000,-0.136,0.584,0.000,0.600,cmd_age=0.02s bat=1.00 dist=2.01m
206,61.587,SCOUT,4,6.952,-3.039,3.000,0.134,0.585,0.000,0.600,cmd_age=0.02s bat=1.00 dist=2.01m
206,61.587,SCOUT,5,5.452,-1.539,3.000,0.134,0.585,0.000,0.600,cmd_age=0.02s bat=1.00 dist=2.01m
206,61.587,SCOUT,6,3.952,-3.039,3.000,0.134,0.585,0.000,0.600,cmd_age=0.02s bat=1.00 dist=2.01m
206,61.587,SCOUT,7,5.452,-4.539,3.000,0.134,0.585,0.000,0.600,cmd_age=0.02s bat=1.00 dist=2.01m
206,61.587,SCOUT,8,-2.078,3.577,3.000,0.424,-0.424,0.000,0.600,cmd_age=0.02s bat=1.00 dist=2.01m
206,61.587,SCOUT,9,-3.578,5.077,3.000,0.424,-0.424,0.000,0.600,cmd_age=0.02s bat=1.00 dist=2.01m
206,61.587,SCOUT,10,-5.078,3.577,3.000,0.424,-0.424,0.000,0.600,cmd_age=0.02s bat=1.00 dist=2.01m
206,61.587,SCOUT,11,-3.578,2.077,3.000,0.424,-0.424,0.000,0.600,cmd_age=0.02s bat=1.00 dist=2.01m
206,61.587,SCOUT,12,5.077,3.578,3.000,-0.424,-0.424,0.000,0.600,cmd_age=0.02s bat=1.00 dist=2.01m
206,61.587,SCOUT,13,3.577,5.078,3.000,-0.424,-0.424,0.000,0.600,cmd_age=0.02s bat=1.00 dist=2.01m
206,61.587,SCOUT,14,2.077,3.578,3.000,-0.424,-0.424,0.000,0.600,cmd_age=0.02s bat=1.00 dist=2.01m
206,61.587,SCOUT,15,3.577,2.078,3.000,-0.424,-0.424,0.000,0.600,cmd_age=0.02s bat=1.00 dist=2.01m
206,61.587,WORKER,0,-5.387,1.207,3.000,-0.718,1.867,0.000,2.000,state=MOVING bat=1.00 dist=6.65m
206,61.587,WORKER,1,7.510,1.630,3.000,0.153,1.994,0.000,2.000,state=MOVING bat=1.00 dist=6.65m
206,61.587,WORKER,2,1.296,-0.077,3.000,1.292,-1.527,0.000,2.000,state=MOVING bat=1.00 dist=6.65m
206,61.587,WORKER,3,1.975,0.645,3.000,-1.511,-1.310,0.000,2.000,state=MOVING bat=1.00 dist=6.65m
207,61.791,GENERAL,0,0.000,0.000,5.000,0.000,0.000,0.000,0.000,N/A
207,61.791,NODE,0,-5.464,-2.992,3.000,-0.136,0.585,0.000,0.601,zone=0 dist=2.05m
207,61.791,NODE,1,5.464,-2.991,3.000,0.135,0.584,0.000,0.600,zone=1 dist=2.05m
207,61.791,NODE,2,-3.543,3.542,3.000,0.424,-0.424,0.000,0.600,zone=2 dist=2.05m
207,61.791,NODE,3,3.542,3.542,3.000,-0.425,-0.424,0.000,0.601,zone=3 dist=2.05m
207,61.791,SCOUT,0,-3.955,-3.031,3.000,-0.136,0.584,0.000,0.600,cmd_age=0.02s bat=1.00 dist=2.02m
207,61.791,SCOUT,1,-5.455,-1.531,3.000,-0.136,0.584,0.000,0.600,cmd_age=0.02s bat=1.00 dist=2.02m
207,61.791,SCOUT,2,-6.955,-3.031,3.000,-0.136,0.584,0.000,0.600,cmd_age=0.02s bat=1.00 dist=2.02m
207,61.791,SCOUT,3,-5.455,-4.531,3.000,-0.136,0.584,0.000,0.600,cmd_age=0.02s bat=1.00 dist=2.02m
207,61.791,SCOUT,4,6.955,-3.030,3.000,0.134,0.585,0.000,0.600,cmd_age=0.02s bat=1.00 dist=2.02m
207,61.791,SCOUT,5,5.455,-1.530,3.000,0.134,0.585,0.000,0.600,cmd_age=0.02s bat=1.00 dist=2.02m
207,61.791,SCOUT,6,3.955,-3.030,3.000,0.134,0.585,0.000,0.600,cmd_age=0.02s bat=1.00 dist=2.02m
207,61.791,SCOUT,7,5.455,-4.530,3.000,0.134,0.585,0.000,0.600,cmd_age=0.02s bat=1.00 dist=2.02m
207,61.791,SCOUT,8,-2.071,3.570,3.000,0.424,-0.424,0.000,0.600,cmd_age=0.02s bat=1.00 dist=2.02m
207,61.791,SCOUT,9,-3.571,5.070,3.000,0.424,-0.424,0.000,0.600,cmd_age=0.02s bat=1.00 dist=2.02m
207,61.791,SCOUT,10,-5.071,3.570,3.000,0.424,-0.424,0.000,0.600,cmd_age=0.02s bat=1.00 dist=2.02m
207,61.791,SCOUT,11,-3.571,2.070,3.000,0.424,-0.424,0.000,0.600,cmd_age=0.02s bat=1.00 dist=2.02m
207,61.791,SCOUT,12,5.070,3.571,3.000,-0.424,-0.424,0.000,0.600,cmd_age=0.02s bat=1.00 dist=2.02m
207,61.791,SCOUT,13,3.570,5.071,3.000,-0.424,-0.424,0.000,0.600,cmd_age=0.02s bat=1.00 dist=2.02m
207,61.791,SCOUT,14,2.070,3.571,3.000,-0.424,-0.424,0.000,0.600,cmd_age=0.02s bat=1.00 dist=2.02m
207,61.791,SCOUT,15,3.570,2.071,3.000,-0.424,-0.424,0.000,0.600,cmd_age=0.02s bat=1.00 dist=2.02m
207,61.791,WORKER,0,-5.399,1.238,3.000,-0.718,1.867,0.000,2.000,state=MOVING bat=1.00 dist=6.68m
207,61.791,WORKER,1,7.513,1.664,3.000,0.153,1.994,0.000,2.000,state=MOVING bat=1.00 dist=6.68m
207,61.791,WORKER,2,1.317,-0.102,3.000,1.292,-1.527,0.000,2.000,state=MOVING bat=1.00 dist=6.68m
207,61.791,WORKER,3,1.949,0.623,3.000,-1.511,-1.310,0.000,2.000,state=MOVING bat=1.00 dist=6.68m
208,62.005,GENERAL,0,0.000,0.000,5.000,0.000,0.000,0.000,0.000,N/A
208,62.005,NODE,0,-5.466,-2.982,3.000,-0.136,0.586,0.000,0.602,zone=0 dist=2.06m
208,62.005,NODE,1,5.466,-2.981,3.000,0.134,0.584,0.000,0.599,zone=1 dist=2.06m
208,62.005,NODE,2,-3.535,3.535,3.000,0.425,-0.424,0.000,0.600,zone=2 dist=2.06m
208,62.005,NODE,3,3.535,3.535,3.000,-0.425,-0.423,0.000,0.599,zone=3 dist=2.06m
208,62.005,SCOUT,0,-3.957,-3.021,3.000,-0.136,0.585,0.000,0.600,cmd_age=0.02s bat=1.00 dist=2.03m
208,62.005,SCOUT,1,-5.457,-1.521,3.000,-0.136,0.585,0.000,0.600,cmd_age=0.02s bat=1.00 dist=2.03m
208,62.005,SCOUT,2,-6.957,-3.021,3.000,-0.136,0.585,0.000,0.600,cmd_age=0.02s bat=1.00 dist=2.03m
208,62.005,SCOUT,3,-5.457,-4.521,3.000,-0.136,0.585,0.000,0.600,cmd_age=0.02s bat=1.00 dist=2.03m
208,62.005,SCOUT,4,6.957,-3.020,3.000,0.134,0.584,0.000,0.600,cmd_age=0.02s bat=1.00 dist=2.03m
208,62.005,SCOUT,5,5.457,-1.520,3.000,0.134,0.584,0.000,0.600,cmd_age=0.02s bat=1.00 dist=2.03m
208,62.005,SCOUT,6,3.957,-3.020,3.000,0.134,0.584,0.000,0.600,cmd_age=0.02s bat=1.00 dist=2.03m
208,62.005,SCOUT,7,5.457,-4.520,3.000,0.134,0.584,0.000,0.600,cmd_age=0.02s bat=1.00 dist=2.03m
208,62.005,SCOUT,8,-2.064,3.563,3.000,0.424,-0.424,0.000,0.600,cmd_age=0.02s bat=1.00 dist=2.03m
208,62.005,SCOUT,9,-3.564,5.063,3.000,0.424,-0.424,0.000,0.600,cmd_age=0.02s bat=1.00 dist=2.03m
208,62.005,SCOUT,10,-5.064,3.563,3.000,0.424,-0.424,0.000,0.600,cmd_age=0.02s bat=1.00 dist=2.03m
208,62.005,SCOUT,11,-3.564,2.063,3.000,0.424,-0.424,0.000,0.600,cmd_age=0.02s bat=1.00 dist=2.03m
208,62.005,SCOUT,12,5.063,3.564,3.000,-0.424,-0.424,0.000,0.600,cmd_age=0.02s bat=1.00 dist=2.03m
208,62.005,SCOUT,13,3.563,5.064,3.000,-0.424,-0.424,0.000,0.600,cmd_age=0.02s bat=1.00 dist=2.03m
208,62.005,SCOUT,14,2.063,3.564,3.000,-0.424,-0.424,0.000,0.600,cmd_age=0.02s bat=1.00 dist=2.03m
208,62.005,SCOUT,15,3.563,2.064,3.000,-0.424,-0.424,0.000,0.600,cmd_age=0.02s bat=1.00 dist=2.03m
208,62.005,WORKER,0,-5.411,1.269,3.000,-0.718,1.867,0.000,2.000,state=MOVING bat=1.00 dist=6.71m
208,62.005,WORKER,1,7.515,1.697,3.000,0.153,1.994,0.000,2.000,state=MOVING bat=1.00 dist=6.71m
208,62.005,WORKER,2,1.339,-0.127,3.000,1.292,-1.527,0.000,2.000,state=MOVING bat=1.00 dist=6.71m
208,62.005,WORKER,3,1.924,0.601,3.000,-1.511,-1.310,0.000,2.000,state=MOVING bat=1.00 dist=6.71m
209,62.238,GENERAL,0,0.000,0.000,5.000,0.000,0.000,0.000,0.000,N/A
209,62.238,NODE,0,-5.468,-2.972,3.000,-0.135,0.586,0.000,0.601,zone=0 dist=2.07m
209,62.238,NODE,1,5.468,-2.971,3.000,0.135,0.583,0.000,0.599,zone=1 dist=2.07m
209,62.238,NODE,2,-3.528,3.528,3.000,0.425,-0.425,0.000,0.601,zone=2 dist=2.07m
209,62.238,NODE,3,3.528,3.528,3.000,-0.425,-0.424,0.000,0.600,zone=3 dist=2.07m
209,62.238,SCOUT,0,-3.959,-3.011,3.000,-0.136,0.585,0.000,0.600,cmd_age=0.02s bat=1.00 dist=2.04m
209,62.238,SCOUT,1,-5.459,-1.511,3.000,-0.136,0.585,0.000,0.600,cmd_age=0.02s bat=1.00 dist=2.04m
209,62.238,SCOUT,2,-6.959,-3.011,3.000,-0.136,0.585,0.000,0.600,cmd_age=0.02s bat=1.00 dist=2.04m
209,62.238,SCOUT,3,-5.459,-4.511,3.000,-0.136,0.585,0.000,0.600,cmd_age=0.02s bat=1.00 dist=2.04m
209,62.238,SCOUT,4,6.959,-3.010,3.000,0.134,0.584,0.000,0.599,cmd_age=0.02s bat=1.00 dist=2.04m
209,62.238,SCOUT,5,5.459,-1.510,3.000,0.134,0.584,0.000,0.599,cmd_age=0.02s bat=1.00 dist=2.04m
209,62.238,SCOUT,6,3.959,-3.010,3.000,0.134,0.584,0.000,0.599,cmd_age=0.02s bat=1.00 dist=2.04m
209,62.238,SCOUT,7,5.459,-4.510,3.000,0.134,0.584,0.000,0.599,cmd_age=0.02s bat=1.00 dist=2.04m
209,62.238,SCOUT,8,-2.057,3.556,3.000,0.424,-0.424,0.000,0.600,cmd_age=0.02s bat=1.00 dist=2.04m
209,62.238,SCOUT,9,-3.557,5.056,3.000,0.424,-0.424,0.000,0.600,cmd_age=0.02s bat=1.00 dist=2.04m
209,62.238,SCOUT,10,-5.057,3.556,3.000,0.424,-0.424,0.000,0.600,cmd_age=0.02s bat=1.00 dist=2.04m
209,62.238,SCOUT,11,-3.557,2.056,3.000,0.424,-0.424,0.000,0.600,cmd_age=0.02s bat=1.00 dist=2.04m
209,62.238,SCOUT,12,5.056,3.557,3.000,-0.424,-0.424,0.000,0.600,cmd_age=0.02s bat=1.00 dist=2.04m
209,62.238,SCOUT,13,3.556,5.057,3.000,-0.424,-0.424,0.000,0.600,cmd_age=0.02s bat=1.00 dist=2.04m
209,62.238,SCOUT,14,2.056,3.557,3.000,-0.424,-0.424,0.000,0.600,cmd_age=0.02s bat=1.00 dist=2.04m
209,62.238,SCOUT,15,3.556,2.057,3.000,-0.424,-0.424,0.000,0.600,cmd_age=0.02s bat=1.00 dist=2.04m
209,62.238,WORKER,0,-5.423,1.300,3.000,-0.718,1.867,0.000,2.000,state=MOVING bat=1.00 dist=6.75m
209,62.238,WORKER,1,7.518,1.730,3.000,0.153,1.994,0.000,2.000,state=MOVING bat=1.00 dist=6.75m
209,62.238,WORKER,2,1.360,-0.153,3.000,1.292,-1.527,0.000,2.000,state=MOVING bat=1.00 dist=6.75m
209,62.238,WORKER,3,1.899,0.579,3.000,-1.511,-1.310,0.000,2.000,state=MOVING bat=1.00 dist=6.75m
210,62.452,GENERAL,0,0.000,0.000,5.000,0.000,0.000,0.000,0.000,N/A
210,62.452,NODE,0,-5.471,-2.962,3.000,-0.135,0.584,0.000,0.600,zone=0 dist=2.08m
210,62.452,NODE,1,5.470,-2.961,3.000,0.135,0.583,0.000,0.598,zone=1 dist=2.08m
210,62.452,NODE,2,-3.521,3.520,3.000,0.424,-0.424,0.000,0.600,zone=2 dist=2.08m
210,62.452,NODE,3,3.521,3.521,3.000,-0.424,-0.424,0.000,0.599,zone=3 dist=2.08m
210,62.452,SCOUT,0,-3.962,-3.001,3.000,-0.136,0.585,0.000,0.600,cmd_age=0.02s bat=1.00 dist=2.05m
210,62.452,SCOUT,1,-5.462,-1.501,3.000,-0.136,0.585,0.000,0.600,cmd_age=0.02s bat=1.00 dist=2.05m
210,62.452,SCOUT,2,-6.962,-3.001,3.000,-0.136,0.585,0.000,0.600,cmd_age=0.02s bat=1.00 dist=2.05m
210,62.452,SCOUT,3,-5.462,-4.501,3.000,-0.136,0.585,0.000,0.600,cmd_age=0.02s bat=1.00 dist=2.05m
210,62.452,SCOUT,4,6.961,-3.000,3.000,0.135,0.584,0.000,0.599,cmd_age=0.02s bat=1.00 dist=2.05m
210,62.452,SCOUT,5,5.461,-1.500,3.000,0.135,0.584,0.000,0.599,cmd_age=0.02s bat=1.00 dist=2.05m
210,62.452,SCOUT,6,3.961,-3.000,3.000,0.135,0.584,0.000,0.599,cmd_age=0.02s bat=1.00 dist=2.05m
210,62.452,SCOUT,7,5.461,-4.500,3.000,0.135,0.584,0.000,0.599,cmd_age=0.02s bat=1.00 dist=2.05m
210,62.452,SCOUT,8,-2.050,3.549,3.000,0.424,-0.424,0.000,0.600,cmd_age=0.02s bat=1.00 dist=2.05m
210,62.452,SCOUT,9,-3.550,5.049,3.000,0.424,-0.424,0.000,0.600,cmd_age=0.02s bat=1.00 dist=2.05m
210,62.452,SCOUT,10,-5.050,3.549,3.000,0.424,-0.424,0.000,0.600,cmd_age=0.02s bat=1.00 dist=2.05m
210,62.452,SCOUT,11,-3.550,2.049,3.000,0.424,-0.424,0.000,0.600,cmd_age=0.02s bat=1.00 dist=2.05m
210,62.452,SCOUT,12,5.049,3.550,3.000,-0.424,-0.424,0.000,0.600,cmd_age=0.02s bat=1.00 dist=2.05m
210,62.452,SCOUT,13,3.549,5.050,3.000,-0.424,-0.424,0.000,0.600,cmd_age=0.02s bat=1.00 dist=2.05m
210,62.452,SCOUT,14,2.049,3.550,3.000,-0.424,-0.424,0.000,0.600,cmd_age=0.02s bat=1.00 dist=2.05m
210,62.452,SCOUT,15,3.549,2.050,3.000,-0.424,-0.424,0.000,0.600,cmd_age=0.02s bat=1.00 dist=2.05m
210,62.452,WORKER,0,-5.435,1.331,3.000,-0.718,1.867,0.000,2.000,state=MOVING bat=1.00 dist=6.78m
210,62.452,WORKER,1,7.520,1.763,3.000,0.153,1.994,0.000,2.000,state=MOVING bat=1.00 dist=6.78m
210,62.452,WORKER,2,1.382,-0.178,3.000,1.292,-1.527,0.000,2.000,state=MOVING bat=1.00 dist=6.78m
210,62.452,WORKER,3,1.874,0.557,3.000,-1.511,-1.310,0.000,2.000,state=MOVING bat=1.00 dist=6.78m
211,62.671,GENERAL,0,0.000,0.000,5.000,0.000,0.000,0.000,0.000,N/A
211,62.671,NODE,0,-5.473,-2.953,3.000,-0.135,0.585,0.000,0.600,zone=0 dist=2.09m
211,62.671,NODE,1,5.473,-2.952,3.000,0.135,0.584,0.000,0.599,zone=1 dist=2.09m
211,62.671,NODE,2,-3.514,3.513,3.000,0.425,-0.424,0.000,0.601,zone=2 dist=2.09m
211,62.671,NODE,3,3.514,3.514,3.000,-0.425,-0.424,0.000,0.601,zone=3 dist=2.09m
211,62.671,SCOUT,0,-3.964,-2.992,3.000,-0.136,0.585,0.000,0.600,cmd_age=0.02s bat=1.00 dist=2.06m
211,62.671,SCOUT,1,-5.464,-1.492,3.000,-0.136,0.585,0.000,0.600,cmd_age=0.02s bat=1.00 dist=2.06m
211,62.671,SCOUT,2,-6.964,-2.992,3.000,-0.136,0.585,0.000,0.600,cmd_age=0.02s bat=1.00 dist=2.06m
211,62.671,SCOUT,3,-5.464,-4.492,3.000,-0.136,0.585,0.000,0.600,cmd_age=0.02s bat=1.00 dist=2.06m
211,62.671,SCOUT,4,6.964,-2.991,3.000,0.135,0.584,0.000,0.599,cmd_age=0.02s bat=1.00 dist=2.06m
211,62.671,SCOUT,5,5.464,-1.491,3.000,0.135,0.584,0.000,0.599,cmd_age=0.02s bat=1.00 dist=2.06m
211,62.671,SCOUT,6,3.964,-2.991,3.000,0.135,0.584,0.000,0.599,cmd_age=0.02s bat=1.00 dist=2.06m
211,62.671,SCOUT,7,5.464,-4.491,3.000,0.135,0.584,0.000,0.599,cmd_age=0.02s bat=1.00 dist=2.06m
211,62.671,SCOUT,8,-2.043,3.542,3.000,0.425,-0.424,0.000,0.600,cmd_age=0.02s bat=1.00 dist=2.06m
211,62.671,SCOUT,9,-3.543,5.042,3.000,0.425,-0.424,0.000,0.600,cmd_age=0.02s bat=1.00 dist=2.06m
211,62.671,SCOUT,10,-5.043,3.542,3.000,0.425,-0.424,0.000,0.600,cmd_age=0.02s bat=1.00 dist=2.06m
211,62.671,SCOUT,11,-3.543,2.042,3.000,0.425,-0.424,0.000,0.600,cmd_age=0.02s bat=1.00 dist=2.06m
211,62.671,SCOUT,12,5.042,3.542,3.000,-0.424,-0.424,0.000,0.600,cmd_age=0.02s bat=1.00 dist=2.06m
211,62.671,SCOUT,13,3.542,5.042,3.000,-0.424,-0.424,0.000,0.600,cmd_age=0.02s bat=1.00 dist=2.06m
211,62.671,SCOUT,14,2.042,3.542,3.000,-0.424,-0.424,0.000,0.600,cmd_age=0.02s bat=1.00 dist=2.06m
211,62.671,SCOUT,15,3.542,2.042,3.000,-0.424,-0.424,0.000,0.600,cmd_age=0.02s bat=1.00 dist=2.06m
211,62.671,WORKER,0,-5.447,1.362,3.000,-0.718,1.867,0.000,2.000,state=MOVING bat=1.00 dist=6.81m
211,62.671,WORKER,1,7.523,1.797,3.000,0.153,1.994,0.000,2.000,state=MOVING bat=1.00 dist=6.81m
211,62.671,WORKER,2,1.403,-0.204,3.000,1.292,-1.527,0.000,2.000,state=MOVING bat=1.00 dist=6.81m
211,62.671,WORKER,3,1.849,0.536,3.000,-1.511,-1.310,0.000,2.000,state=MOVING bat=1.00 dist=6.81m
212,63.132,GENERAL,0,0.000,0.000,5.000,0.000,0.000,0.000,0.000,N/A
212,63.132,NODE,0,-5.475,-2.943,3.000,-0.136,0.584,0.000,0.600,zone=0 dist=2.10m
212,63.132,NODE,1,5.475,-2.942,3.000,0.135,0.584,0.000,0.600,zone=1 dist=2.10m
212,63.132,NODE,2,-3.507,3.506,3.000,0.425,-0.425,0.000,0.601,zone=2 dist=2.10m
212,63.132,NODE,3,3.507,3.507,3.000,-0.424,-0.425,0.000,0.600,zone=3 dist=2.10m
212,63.132,SCOUT,0,-3.966,-2.982,3.000,-0.136,0.585,0.000,0.600,cmd_age=0.02s bat=1.00 dist=2.07m
212,63.132,SCOUT,1,-5.466,-1.482,3.000,-0.136,0.585,0.000,0.600,cmd_age=0.02s bat=1.00 dist=2.07m
212,63.132,SCOUT,2,-6.966,-2.982,3.000,-0.136,0.585,0.000,0.600,cmd_age=0.02s bat=1.00 dist=2.07m
212,63.132,SCOUT,3,-5.466,-4.482,3.000,-0.136,0.585,0.000,0.600,cmd_age=0.02s bat=1.00 dist=2.07m
212,63.132,SCOUT,4,6.966,-2.981,3.000,0.135,0.584,0.000,0.599,cmd_age=0.02s bat=1.00 dist=2.07m
212,63.132,SCOUT,5,5.466,-1.481,3.000,0.135,0.584,0.000,0.599,cmd_age=0.02s bat=1.00 dist=2.07m
212,63.132,SCOUT,6,3.966,-2.981,3.000,0.135,0.584,0.000,0.599,cmd_age=0.02s bat=1.00 dist=2.07m
212,63.132,SCOUT,7,5.466,-4.481,3.000,0.135,0.584,0.000,0.599,cmd_age=0.02s bat=1.00 dist=2.07m
212,63.132,SCOUT,8,-2.035,3.535,3.000,0.425,-0.424,0.000,0.600,cmd_age=0.02s bat=1.00 dist=2.07m
212,63.132,SCOUT,9,-3.535,5.035,3.000,0.425,-0.424,0.000,0.600,cmd_age=0.02s bat=1.00 dist=2.07m
212,63.132,SCOUT,10,-5.035,3.535,3.000,0.425,-0.424,0.000,0.600,cmd_age=0.02s bat=1.00 dist=2.07m
212,63.132,SCOUT,11,-3.535,2.035,3.000,0.425,-0.424,0.000,0.600,cmd_age=0.02s bat=1.00 dist=2.07m
212,63.132,SCOUT,12,5.035,3.535,3.000,-0.424,-0.424,0.000,0.600,cmd_age=0.02s bat=1.00 dist=2.07m
212,63.132,SCOUT,13,3.535,5.035,3.000,-0.424,-0.424,0.000,0.600,cmd_age=0.02s bat=1.00 dist=2.07m
212,63.132,SCOUT,14,2.035,3.535,3.000,-0.424,-0.424,0.000,0.600,cmd_age=0.02s bat=1.00 dist=2.07m
212,63.132,SCOUT,15,3.535,2.035,3.000,-0.424,-0.424,0.000,0.600,cmd_age=0.02s bat=1.00 dist=2.07m
212,63.132,WORKER,0,-5.459,1.393,3.000,-0.718,1.867,0.000,2.000,state=MOVING bat=1.00 dist=6.85m
212,63.132,WORKER,1,7.525,1.830,3.000,0.153,1.994,0.000,2.000,state=MOVING bat=1.00 dist=6.85m
212,63.132,WORKER,2,1.425,-0.229,3.000,1.292,-1.527,0.000,2.000,state=MOVING bat=1.00 dist=6.85m
212,63.132,WORKER,3,1.824,0.514,3.000,-1.511,-1.310,0.000,2.000,state=MOVING bat=1.00 dist=6.85m
213,63.549,GENERAL,0,0.000,0.000,5.000,0.000,0.000,0.000,0.000,N/A
213,63.549,NODE,0,-5.477,-2.933,3.000,-0.136,0.584,0.000,0.599,zone=0 dist=2.11m
213,63.549,NODE,1,5.477,-2.932,3.000,0.136,0.584,0.000,0.600,zone=1 dist=2.11m
213,63.549,NODE,2,-3.500,3.499,3.000,0.424,-0.424,0.000,0.600,zone=2 dist=2.11m
213,63.549,NODE,3,3.500,3.500,3.000,-0.424,-0.425,0.000,0.601,zone=3 dist=2.11m
213,63.549,SCOUT,0,-3.968,-2.972,3.000,-0.136,0.584,0.000,0.600,cmd_age=0.02s bat=1.00 dist=2.08m
213,63.549,SCOUT,1,-5.468,-1.472,3.000,-0.136,0.584,0.000,0.600,cmd_age=0.02s bat=1.00 dist=2.08m
213,63.549,SCOUT,2,-6.968,-2.972,3.000,-0.136,0.584,0.000,0.600,cmd_age=0.02s bat=1.00 dist=2.08m
213,63.549,SCOUT,3,-5.468,-4.472,3.000,-0.136,0.584,0.000,0.600,cmd_age=0.02s bat=1.00 dist=2.08m
213,63.549,SCOUT,4,6.968,-2.971,3.000,0.135,0.584,0.000,0.599,cmd_age=0.02s bat=1.00 dist=2.08m
213,63.549,SCOUT,5,5.468,-1.471,3.000,0.135,0.584,0.000,0.599,cmd_age=0.02s bat=1.00 dist=2.08m
213,63.549,SCOUT,6,3.968,-2.971,3.000,0.135,0.584,0.000,0.599,cmd_age=0.02s bat=1.00 dist=2.08m
213,63.549,SCOUT,7,5.468,-4.471,3.000,0.135,0.584,0.000,0.599,cmd_age=0.02s bat=1.00 dist=2.08m
213,63.549,SCOUT,8,-2.028,3.527,3.000,0.424,-0.424,0.000,0.600,cmd_age=0.02s bat=1.00 dist=2.08m
213,63.549,SCOUT,9,-3.528,5.027,3.000,0.424,-0.424,0.000,0.600,cmd_age=0.02s bat=1.00 dist=2.08m
213,63.549,SCOUT,10,-5.028,3.527,3.000,0.424,-0.424,0.000,0.600,cmd_age=0.02s bat=1.00 dist=2.08m
213,63.549,SCOUT,11,-3.528,2.027,3.000,0.424,-0.424,0.000,0.600,cmd_age=0.02s bat=1.00 dist=2.08m
213,63.549,SCOUT,12,5.028,3.528,3.000,-0.424,-0.424,0.000,0.600,cmd_age=0.02s bat=1.00 dist=2.08m
213,63.549,SCOUT,13,3.528,5.028,3.000,-0.424,-0.424,0.000,0.600,cmd_age=0.02s bat=1.00 dist=2.08m
213,63.549,SCOUT,14,2.028,3.528,3.000,-0.424,-0.424,0.000,0.600,cmd_age=0.02s bat=1.00 dist=2.08m
213,63.549,SCOUT,15,3.528,2.028,3.000,-0.424,-0.424,0.000,0.600,cmd_age=0.02s bat=1.00 dist=2.08m
213,63.549,WORKER,0,-5.471,1.425,3.000,-0.718,1.867,0.000,2.000,state=MOVING bat=1.00 dist=6.88m
213,63.549,WORKER,1,7.528,1.863,3.000,0.153,1.994,0.000,2.000,state=MOVING bat=1.00 dist=6.88m
213,63.549,WORKER,2,1.446,-0.255,3.000,1.292,-1.527,0.000,2.000,state=MOVING bat=1.00 dist=6.88m
213,63.549,WORKER,3,1.798,0.492,3.000,-1.511,-1.310,0.000,2.000,state=MOVING bat=1.00 dist=6.88m
214,63.741,GENERAL,0,0.000,0.000,5.000,0.000,0.000,0.000,0.000,N/A
214,63.741,NODE,0,-5.480,-2.923,3.000,-0.135,0.584,0.000,0.599,zone=0 dist=2.12m
214,63.741,NODE,1,5.479,-2.922,3.000,0.135,0.584,0.000,0.600,zone=1 dist=2.12m
214,63.741,NODE,2,-3.493,3.492,3.000,0.424,-0.425,0.000,0.600,zone=2 dist=2.12m
214,63.741,NODE,3,3.493,3.493,3.000,-0.424,-0.424,0.000,0.600,zone=3 dist=2.12m
214,63.741,SCOUT,0,-3.971,-2.962,3.000,-0.136,0.584,0.000,0.600,cmd_age=0.02s bat=1.00 dist=2.09m
214,63.741,SCOUT,1,-5.471,-1.462,3.000,-0.136,0.584,0.000,0.600,cmd_age=0.02s bat=1.00 dist=2.09m
214,63.741,SCOUT,2,-6.971,-2.962,3.000,-0.136,0.584,0.000,0.600,cmd_age=0.02s bat=1.00 dist=2.09m
214,63.741,SCOUT,3,-5.471,-4.462,3.000,-0.136,0.584,0.000,0.600,cmd_age=0.02s bat=1.00 dist=2.09m
214,63.741,SCOUT,4,6.970,-2.961,3.000,0.135,0.584,0.000,0.600,cmd_age=0.02s bat=1.00 dist=2.09m
214,63.741,SCOUT,5,5.470,-1.461,3.000,0.135,0.584,0.000,0.600,cmd_age=0.02s bat=1.00 dist=2.09m
214,63.741,SCOUT,6,3.970,-2.961,3.000,0.135,0.584,0.000,0.600,cmd_age=0.02s bat=1.00 dist=2.09m
214,63.741,SCOUT,7,5.470,-4.461,3.000,0.135,0.584,0.000,0.600,cmd_age=0.02s bat=1.00 dist=2.09m
214,63.741,SCOUT,8,-2.021,3.520,3.000,0.424,-0.424,0.000,0.600,cmd_age=0.02s bat=1.00 dist=2.09m
214,63.741,SCOUT,9,-3.521,5.020,3.000,0.424,-0.424,0.000,0.600,cmd_age=0.02s bat=1.00 dist=2.09m
214,63.741,SCOUT,10,-5.021,3.520,3.000,0.424,-0.424,0.000,0.600,cmd_age=0.02s bat=1.00 dist=2.09m
214,63.741,SCOUT,11,-3.521,2.020,3.000,0.424,-0.424,0.000,0.600,cmd_age=0.02s bat=1.00 dist=2.09m
214,63.741,SCOUT,12,5.021,3.521,3.000,-0.424,-0.424,0.000,0.600,cmd_age=0.02s bat=1.00 dist=2.09m
214,63.741,SCOUT,13,3.521,5.021,3.000,-0.424,-0.424,0.000,0.600,cmd_age=0.02s bat=1.00 dist=2.09m
214,63.741,SCOUT,14,2.021,3.521,3.000,-0.424,-0.424,0.000,0.600,cmd_age=0.02s bat=1.00 dist=2.09m
214,63.741,SCOUT,15,3.521,2.021,3.000,-0.424,-0.424,0.000,0.600,cmd_age=0.02s bat=1.00 dist=2.09m
214,63.741,WORKER,0,-5.483,1.456,3.000,-0.718,1.867,0.000,2.000,state=MOVING bat=1.00 dist=6.91m
214,63.741,WORKER,1,7.530,1.896,3.000,0.153,1.994,0.000,2.000,state=MOVING bat=1.00 dist=6.91m
214,63.741,WORKER,2,1.468,-0.280,3.000,1.292,-1.527,0.000,2.000,state=MOVING bat=1.00 dist=6.91m
214,63.741,WORKER,3,1.773,0.470,3.000,-1.511,-1.310,0.000,2.000,state=MOVING bat=1.00 dist=6.91m
215,64.283,GENERAL,0,0.000,0.000,5.000,0.000,0.000,0.000,0.000,N/A
215,64.283,NODE,0,-5.482,-2.914,3.000,-0.135,0.584,0.000,0.600,zone=0 dist=2.13m
215,64.283,NODE,1,5.482,-2.913,3.000,0.134,0.584,0.000,0.599,zone=1 dist=2.13m
215,64.283,NODE,2,-3.486,3.485,3.000,0.423,-0.424,0.000,0.599,zone=2 dist=2.13m
215,64.283,NODE,3,3.486,3.486,3.000,-0.424,-0.425,0.000,0.600,zone=3 dist=2.13m
215,64.283,SCOUT,0,-3.973,-2.953,3.000,-0.136,0.584,0.000,0.600,cmd_age=0.02s bat=1.00 dist=2.10m
215,64.283,SCOUT,1,-5.473,-1.453,3.000,-0.136,0.584,0.000,0.600,cmd_age=0.02s bat=1.00 dist=2.10m
215,64.283,SCOUT,2,-6.973,-2.953,3.000,-0.136,0.584,0.000,0.600,cmd_age=0.02s bat=1.00 dist=2.10m
215,64.283,SCOUT,3,-5.473,-4.453,3.000,-0.136,0.584,0.000,0.600,cmd_age=0.02s bat=1.00 dist=2.10m
215,64.283,SCOUT,4,6.973,-2.952,3.000,0.135,0.584,0.000,0.599,cmd_age=0.02s bat=1.00 dist=2.10m
215,64.283,SCOUT,5,5.473,-1.452,3.000,0.135,0.584,0.000,0.599,cmd_age=0.02s bat=1.00 dist=2.10m
215,64.283,SCOUT,6,3.973,-2.952,3.000,0.135,0.584,0.000,0.599,cmd_age=0.02s bat=1.00 dist=2.10m
215,64.283,SCOUT,7,5.473,-4.452,3.000,0.135,0.584,0.000,0.599,cmd_age=0.02s bat=1.00 dist=2.10m
215,64.283,SCOUT,8,-2.014,3.513,3.000,0.424,-0.424,0.000,0.600,cmd_age=0.02s bat=1.00 dist=2.10m
215,64.283,SCOUT,9,-3.514,5.013,3.000,0.424,-0.424,0.000,0.600,cmd_age=0.02s bat=1.00 dist=2.10m
215,64.283,SCOUT,10,-5.014,3.513,3.000,0.424,-0.424,0.000,0.600,cmd_age=0.02s bat=1.00 dist=2.10m
215,64.283,SCOUT,11,-3.514,2.013,3.000,0.424,-0.424,0.000,0.600,cmd_age=0.02s bat=1.00 dist=2.10m
215,64.283,SCOUT,12,5.014,3.514,3.000,-0.424,-0.424,0.000,0.600,cmd_age=0.02s bat=1.00 dist=2.10m
215,64.283,SCOUT,13,3.514,5.014,3.000,-0.424,-0.424,0.000,0.600,cmd_age=0.02s bat=1.00 dist=2.10m
215,64.283,SCOUT,14,2.014,3.514,3.000,-0.424,-0.424,0.000,0.600,cmd_age=0.02s bat=1.00 dist=2.10m
215,64.283,SCOUT,15,3.514,2.014,3.000,-0.424,-0.424,0.000,0.600,cmd_age=0.02s bat=1.00 dist=2.10m
215,64.283,WORKER,0,-5.495,1.487,3.000,-0.718,1.867,0.000,2.000,state=MOVING bat=1.00 dist=6.95m
215,64.283,WORKER,1,7.533,1.930,3.000,0.153,1.994,0.000,2.000,state=MOVING bat=1.00 dist=6.95m
215,64.283,WORKER,2,1.489,-0.306,3.000,1.292,-1.527,0.000,2.000,state=MOVING bat=1.00 dist=6.95m
215,64.283,WORKER,3,1.748,0.448,3.000,-1.511,-1.310,0.000,2.000,state=MOVING bat=1.00 dist=6.95m
216,64.472,GENERAL,0,0.000,0.000,5.000,0.000,0.000,0.000,0.000,N/A
216,64.472,NODE,0,-5.484,-2.904,3.000,-0.137,0.585,0.000,0.601,zone=0 dist=2.14m
216,64.472,NODE,1,5.484,-2.903,3.000,0.134,0.584,0.000,0.599,zone=1 dist=2.14m
216,64.472,NODE,2,-3.479,3.478,3.000,0.424,-0.424,0.000,0.599,zone=2 dist=2.14m
216,64.472,NODE,3,3.478,3.479,3.000,-0.424,-0.424,0.000,0.600,zone=3 dist=2.14m
216,64.472,SCOUT,0,-3.975,-2.943,3.000,-0.136,0.584,0.000,0.600,cmd_age=0.02s bat=1.00 dist=2.11m
216,64.472,SCOUT,1,-5.475,-1.443,3.000,-0.136,0.584,0.000,0.600,cmd_age=0.02s bat=1.00 dist=2.11m
216,64.472,SCOUT,2,-6.975,-2.943,3.000,-0.136,0.584,0.000,0.600,cmd_age=0.02s bat=1.00 dist=2.11m
216,64.472,SCOUT,3,-5.475,-4.443,3.000,-0.136,0.584,0.000,0.600,cmd_age=0.02s bat=1.00 dist=2.11m
216,64.472,SCOUT,4,6.975,-2.942,3.000,0.135,0.584,0.000,0.599,cmd_age=0.02s bat=1.00 dist=2.11m
216,64.472,SCOUT,5,5.475,-1.442,3.000,0.135,0.584,0.000,0.599,cmd_age=0.02s bat=1.00 dist=2.11m
216,64.472,SCOUT,6,3.975,-2.942,3.000,0.135,0.584,0.000,0.599,cmd_age=0.02s bat=1.00 dist=2.11m
216,64.472,SCOUT,7,5.475,-4.442,3.000,0.135,0.584,0.000,0.599,cmd_age=0.02s bat=1.00 dist=2.11m
216,64.472,SCOUT,8,-2.007,3.506,3.000,0.424,-0.424,0.000,0.600,cmd_age=0.02s bat=1.00 dist=2.11m
216,64.472,SCOUT,9,-3.507,5.006,3.000,0.424,-0.424,0.000,0.600,cmd_age=0.02s bat=1.00 dist=2.11m
216,64.472,SCOUT,10,-5.007,3.506,3.000,0.424,-0.424,0.000,0.600,cmd_age=0.02s bat=1.00 dist=2.11m
216,64.472,SCOUT,11,-3.507,2.006,3.000,0.424,-0.424,0.000,0.600,cmd_age=0.02s bat=1.00 dist=2.11m
216,64.472,SCOUT,12,5.007,3.507,3.000,-0.424,-0.424,0.000,0.600,cmd_age=0.02s bat=1.00 dist=2.11m
216,64.472,SCOUT,13,3.507,5.007,3.000,-0.424,-0.424,0.000,0.600,cmd_age=0.02s bat=1.00 dist=2.11m
216,64.472,SCOUT,14,2.007,3.507,3.000,-0.424,-0.424,0.000,0.600,cmd_age=0.02s bat=1.00 dist=2.11m
216,64.472,SCOUT,15,3.507,2.007,3.000,-0.424,-0.424,0.000,0.600,cmd_age=0.02s bat=1.00 dist=2.11m
216,64.472,WORKER,0,-5.507,1.518,3.000,-0.718,1.867,0.000,2.000,state=MOVING bat=1.00 dist=6.98m
216,64.472,WORKER,1,7.536,1.963,3.000,0.153,1.994,0.000,2.000,state=MOVING bat=1.00 dist=6.98m
216,64.472,WORKER,2,1.511,-0.331,3.000,1.292,-1.527,0.000,2.000,state=MOVING bat=1.00 dist=6.98m
216,64.472,WORKER,3,1.723,0.426,3.000,-1.511,-1.310,0.000,2.000,state=MOVING bat=1.00 dist=6.98m
217,64.697,GENERAL,0,0.000,0.000,5.000,0.000,0.000,0.000,0.000,N/A
217,64.697,NODE,0,-5.486,-2.894,3.000,-0.136,0.585,0.000,0.601,zone=0 dist=2.15m
217,64.697,NODE,1,5.486,-2.893,3.000,0.134,0.585,0.000,0.600,zone=1 dist=2.15m
217,64.697,NODE,2,-3.472,3.471,3.000,0.425,-0.424,0.000,0.600,zone=2 dist=2.15m
217,64.697,NODE,3,3.471,3.472,3.000,-0.424,-0.424,0.000,0.600,zone=3 dist=2.15m
217,64.697,SCOUT,0,-3.977,-2.933,3.000,-0.136,0.585,0.000,0.600,cmd_age=0.02s bat=1.00 dist=2.12m
217,64.697,SCOUT,1,-5.477,-1.433,3.000,-0.136,0.585,0.000,0.600,cmd_age=0.02s bat=1.00 dist=2.12m
217,64.697,SCOUT,2,-6.977,-2.933,3.000,-0.136,0.585,0.000,0.600,cmd_age=0.02s bat=1.00 dist=2.12m
217,64.697,SCOUT,3,-5.477,-4.433,3.000,-0.136,0.585,0.000,0.600,cmd_age=0.02s bat=1.00 dist=2.12m
217,64.697,SCOUT,4,6.977,-2.932,3.000,0.135,0.584,0.000,0.600,cmd_age=0.02s bat=1.00 dist=2.12m
217,64.697,SCOUT,5,5.477,-1.432,3.000,0.135,0.584,0.000,0.600,cmd_age=0.02s bat=1.00 dist=2.12m
217,64.697,SCOUT,6,3.977,-2.932,3.000,0.135,0.584,0.000,0.600,cmd_age=0.02s bat=1.00 dist=2.12m
217,64.697,SCOUT,7,5.477,-4.432,3.000,0.135,0.584,0.000,0.600,cmd_age=0.02s bat=1.00 dist=2.12m
217,64.697,SCOUT,8,-2.000,3.499,3.000,0.424,-0.424,0.000,0.600,cmd_age=0.02s bat=1.00 dist=2.12m
217,64.697,SCOUT,9,-3.500,4.999,3.000,0.424,-0.424,0.000,0.600,cmd_age=0.02s bat=1.00 dist=2.12m
217,64.697,SCOUT,10,-5.000,3.499,3.000,0.424,-0.424,0.000,0.600,cmd_age=0.02s bat=1.00 dist=2.12m
217,64.697,SCOUT,11,-3.500,1.999,3.000,0.424,-0.424,0.000,0.600,cmd_age=0.02s bat=1.00 dist=2.12m
217,64.697,SCOUT,12,5.000,3.500,3.000,-0.424,-0.424,0.000,0.600,cmd_age=0.02s bat=1.00 dist=2.12m
217,64.697,SCOUT,13,3.500,5.000,3.000,-0.424,-0.424,0.000,0.600,cmd_age=0.02s bat=1.00 dist=2.12m
217,64.697,SCOUT,14,2.000,3.500,3.000,-0.424,-0.424,0.000,0.600,cmd_age=0.02s bat=1.00 dist=2.12m
217,64.697,SCOUT,15,3.500,2.000,3.000,-0.424,-0.424,0.000,0.600,cmd_age=0.02s bat=1.00 dist=2.12m
217,64.697,WORKER,0,-5.519,1.549,3.000,-0.718,1.867,0.000,2.000,state=MOVING bat=1.00 dist=7.01m
217,64.697,WORKER,1,7.538,1.996,3.000,0.153,1.994,0.000,2.000,state=MOVING bat=1.00 dist=7.01m
217,64.697,WORKER,2,1.532,-0.356,3.000,1.292,-1.527,0.000,2.000,state=MOVING bat=1.00 dist=7.01m
217,64.697,WORKER,3,1.698,0.405,3.000,-1.511,-1.310,0.000,2.000,state=MOVING bat=1.00 dist=7.01m
