frame,timestamp,tier,agent_index,pos_x,pos_y,pos_z,vel_x,vel_y,vel_z,speed,extra
1,0.267,GENERAL,0,0.000,0.000,5.000,0.000,0.000,0.000,0.000,N/A
1,0.267,NODE,0,-5.002,-4.992,3.000,-0.113,0.496,0.000,0.509,zone=0 dist=0.00m
1,0.267,NODE,1,5.002,-4.992,3.000,0.115,0.496,0.000,0.509,zone=1 dist=0.00m
1,0.267,NODE,2,-4.994,4.994,3.000,0.363,-0.361,0.000,0.512,zone=2 dist=0.00m
1,0.267,NODE,3,4.994,4.994,3.000,-0.361,-0.359,0.000,0.509,zone=3 dist=0.00m
1,0.267,SCOUT,0,-3.500,-4.998,3.000,-0.023,0.099,0.000,0.102,cmd_age=0.02s bat=1.00 dist=0.00m
1,0.267,SCOUT,1,-5.000,-3.498,3.000,-0.023,0.099,0.000,0.102,cmd_age=0.02s bat=1.00 dist=0.00m
1,0.267,SCOUT,2,-6.500,-4.998,3.000,-0.023,0.099,0.000,0.102,cmd_age=0.02s bat=1.00 dist=0.00m
1,0.267,SCOUT,3,-5.000,-6.498,3.000,-0.023,0.099,0.000,0.102,cmd_age=0.02s bat=1.00 dist=0.00m
1,0.267,SCOUT,4,6.500,-4.998,3.000,0.023,0.099,0.000,0.102,cmd_age=0.02s bat=1.00 dist=0.00m
1,0.267,SCOUT,5,5.000,-3.498,3.000,0.023,0.099,0.000,0.102,cmd_age=0.02s bat=1.00 dist=0.00m
1,0.267,SCOUT,6,3.500,-4.998,3.000,0.023,0.099,0.000,0.102,cmd_age=0.02s bat=1.00 dist=0.00m
1,0.267,SCOUT,7,5.000,-6.498,3.000,0.023,0.099,0.000,0.102,cmd_age=0.02s bat=1.00 dist=0.00m
1,0.267,SCOUT,8,-3.499,4.999,3.000,0.073,-0.072,0.000,0.102,cmd_age=0.02s bat=1.00 dist=0.00m
1,0.267,SCOUT,9,-4.999,6.499,3.000,0.073,-0.072,0.000,0.102,cmd_age=0.02s bat=1.00 dist=0.00m
1,0.267,SCOUT,10,-6.499,4.999,3.000,0.073,-0.072,0.000,0.102,cmd_age=0.02s bat=1.00 dist=0.00m
1,0.267,SCOUT,11,-4.999,3.499,3.000,0.073,-0.072,0.000,0.102,cmd_age=0.02s bat=1.00 dist=0.00m
1,0.267,SCOUT,12,6.499,4.999,3.000,-0.072,-0.072,0.000,0.102,cmd_age=0.02s bat=1.00 dist=0.00m
1,0.267,SCOUT,13,4.999,6.499,3.000,-0.072,-0.072,0.000,0.102,cmd_age=0.02s bat=1.00 dist=0.00m
1,0.267,SCOUT,14,3.499,4.999,3.000,-0.072,-0.072,0.000,0.102,cmd_age=0.02s bat=1.00 dist=0.00m
1,0.267,SCOUT,15,4.999,3.499,3.000,-0.072,-0.072,0.000,0.102,cmd_age=0.02s bat=1.00 dist=0.00m
1,0.267,WORKER,0,-3.002,-4.996,3.000,-0.096,0.249,0.000,0.267,state=MOVING bat=1.00 dist=0.00m
1,0.267,WORKER,1,7.000,-4.996,3.000,0.020,0.266,0.000,0.267,state=MOVING bat=1.00 dist=0.00m
1,0.267,WORKER,2,-2.997,4.997,3.000,0.172,-0.204,0.000,0.267,state=MOVING bat=1.00 dist=0.00m
1,0.267,WORKER,3,6.997,4.997,3.000,-0.202,-0.175,0.000,0.267,state=MOVING bat=1.00 dist=0.00m
2,0.896,GENERAL,0,0.000,0.000,5.000,0.000,0.000,0.000,0.000,N/A
2,0.896,NODE,0,-5.004,-4.983,3.000,-0.118,0.521,0.000,0.534,zone=0 dist=0.01m
2,0.896,NODE,1,5.004,-4.983,3.000,0.122,0.519,0.000,0.534,zone=1 dist=0.01m
2,0.896,NODE,2,-4.988,4.988,3.000,0.376,-0.379,0.000,0.534,zone=2 dist=0.01m
2,0.896,NODE,3,4.988,4.988,3.000,-0.377,-0.376,0.000,0.532,zone=3 dist=0.01m
2,0.896,SCOUT,0,-3.501,-4.995,3.000,-0.042,0.184,0.000,0.188,cmd_age=0.02s bat=1.00 dist=0.00m
2,0.896,SCOUT,1,-5.001,-3.495,3.000,-0.042,0.184,0.000,0.188,cmd_age=0.02s bat=1.00 dist=0.00m
2,0.896,SCOUT,2,-6.501,-4.995,3.000,-0.042,0.184,0.000,0.188,cmd_age=0.02s bat=1.00 dist=0.00m
2,0.896,SCOUT,3,-5.001,-6.495,3.000,-0.042,0.184,0.000,0.188,cmd_age=0.02s bat=1.00 dist=0.00m
2,0.896,SCOUT,4,6.501,-4.995,3.000,0.043,0.183,0.000,0.188,cmd_age=0.02s bat=1.00 dist=0.00m
2,0.896,SCOUT,5,5.001,-3.495,3.000,0.043,0.183,0.000,0.188,cmd_age=0.02s bat=1.00 dist=0.00m
2,0.896,SCOUT,6,3.501,-4.995,3.000,0.043,0.183,0.000,0.188,cmd_age=0.02s bat=1.00 dist=0.00m
2,0.896,SCOUT,7,5.001,-6.495,3.000,0.043,0.183,0.000,0.188,cmd_age=0.02s bat=1.00 dist=0.00m
2,0.896,SCOUT,8,-3.497,4.997,3.000,0.133,-0.134,0.000,0.189,cmd_age=0.02s bat=1.00 dist=0.00m
2,0.896,SCOUT,9,-4.997,6.497,3.000,0.133,-0.134,0.000,0.189,cmd_age=0.02s bat=1.00 dist=0.00m
2,0.896,SCOUT,10,-6.497,4.997,3.000,0.133,-0.134,0.000,0.189,cmd_age=0.02s bat=1.00 dist=0.00m
2,0.896,SCOUT,11,-4.997,3.497,3.000,0.133,-0.134,0.000,0.189,cmd_age=0.02s bat=1.00 dist=0.00m
2,0.896,SCOUT,12,6.497,4.997,3.000,-0.133,-0.133,0.000,0.188,cmd_age=0.02s bat=1.00 dist=0.00m
2,0.896,SCOUT,13,4.997,6.497,3.000,-0.133,-0.133,0.000,0.188,cmd_age=0.02s bat=1.00 dist=0.00m
2,0.896,SCOUT,14,3.497,4.997,3.000,-0.133,-0.133,0.000,0.188,cmd_age=0.02s bat=1.00 dist=0.00m
2,0.896,SCOUT,15,4.997,3.497,3.000,-0.133,-0.133,0.000,0.188,cmd_age=0.02s bat=1.00 dist=0.00m
2,0.896,WORKER,0,-3.005,-4.988,3.000,-0.179,0.465,0.000,0.498,state=MOVING bat=1.00 dist=0.01m
2,0.896,WORKER,1,7.001,-4.987,3.000,0.038,0.496,0.000,0.498,state=MOVING bat=1.00 dist=0.01m
2,0.896,WORKER,2,-2.992,4.990,3.000,0.322,-0.380,0.000,0.498,state=MOVING bat=1.00 dist=0.01m
2,0.896,WORKER,3,6.990,4.992,3.000,-0.376,-0.326,0.000,0.498,state=MOVING bat=1.00 dist=0.01m
3,1.069,GENERAL,0,0.000,0.000,5.000,0.000,0.000,0.000,0.000,N/A
3,1.069,NODE,0,-5.006,-4.974,3.000,-0.123,0.532,0.000,0.546,zone=0 dist=0.02m
3,1.069,NODE,1,5.006,-4.974,3.000,0.124,0.532,0.000,0.546,zone=1 dist=0.02m
3,1.069,NODE,2,-4.981,4.981,3.000,0.387,-0.386,0.000,0.546,zone=2 dist=0.02m
3,1.069,NODE,3,4.981,4.981,3.000,-0.387,-0.386,0.000,0.547,zone=3 dist=0.02m
3,1.069,SCOUT,0,-3.502,-4.991,3.000,-0.058,0.253,0.000,0.260,cmd_age=0.02s bat=1.00 dist=0.01m
3,1.069,SCOUT,1,-5.002,-3.491,3.000,-0.058,0.253,0.000,0.260,cmd_age=0.02s bat=1.00 dist=0.01m
3,1.069,SCOUT,2,-6.502,-4.991,3.000,-0.058,0.253,0.000,0.260,cmd_age=0.02s bat=1.00 dist=0.01m
3,1.069,SCOUT,3,-5.002,-6.491,3.000,-0.058,0.253,0.000,0.260,cmd_age=0.02s bat=1.00 dist=0.01m
3,1.069,SCOUT,4,6.502,-4.991,3.000,0.059,0.253,0.000,0.260,cmd_age=0.02s bat=1.00 dist=0.01m
3,1.069,SCOUT,5,5.002,-3.491,3.000,0.059,0.253,0.000,0.260,cmd_age=0.02s bat=1.00 dist=0.01m
3,1.069,SCOUT,6,3.502,-4.991,3.000,0.059,0.253,0.000,0.260,cmd_age=0.02s bat=1.00 dist=0.01m
3,1.069,SCOUT,7,5.002,-6.491,3.000,0.059,0.253,0.000,0.260,cmd_age=0.02s bat=1.00 dist=0.01m
3,1.069,SCOUT,8,-3.494,4.994,3.000,0.184,-0.184,0.000,0.260,cmd_age=0.02s bat=1.00 dist=0.01m
3,1.069,SCOUT,9,-4.994,6.494,3.000,0.184,-0.184,0.000,0.260,cmd_age=0.02s bat=1.00 dist=0.01m
3,1.069,SCOUT,10,-6.494,4.994,3.000,0.184,-0.184,0.000,0.260,cmd_age=0.02s bat=1.00 dist=0.01m
3,1.069,SCOUT,11,-4.994,3.494,3.000,0.184,-0.184,0.000,0.260,cmd_age=0.02s bat=1.00 dist=0.01m
3,1.069,SCOUT,12,6.494,4.994,3.000,-0.184,-0.183,0.000,0.260,cmd_age=0.02s bat=1.00 dist=0.01m
3,1.069,SCOUT,13,4.994,6.494,3.000,-0.184,-0.183,0.000,0.260,cmd_age=0.02s bat=1.00 dist=0.01m
3,1.069,SCOUT,14,3.494,4.994,3.000,-0.184,-0.183,0.000,0.260,cmd_age=0.02s bat=1.00 dist=0.01m
3,1.069,SCOUT,15,4.994,3.494,3.000,-0.184,-0.183,0.000,0.260,cmd_age=0.02s bat=1.00 dist=0.01m
3,1.069,WORKER,0,-3.009,-4.977,3.000,-0.251,0.652,0.000,0.698,state=MOVING bat=1.00 dist=0.02m
3,1.069,WORKER,1,7.002,-4.976,3.000,0.054,0.696,0.000,0.698,state=MOVING bat=1.00 dist=0.02m
3,1.069,WORKER,2,-2.984,4.981,3.000,0.451,-0.533,0.000,0.698,state=MOVING bat=1.00 dist=0.02m
3,1.069,WORKER,3,6.982,4.984,3.000,-0.528,-0.457,0.000,0.698,state=MOVING bat=1.00 dist=0.02m
4,1.490,GENERAL,0,0.000,0.000,5.000,0.000,0.000,0.000,0.000,N/A
4,1.490,NODE,0,-5.008,-4.965,3.000,-0.123,0.540,0.000,0.554,zone=0 dist=0.03m
4,1.490,NODE,1,5.008,-4.965,3.000,0.129,0.539,0.000,0.554,zone=1 dist=0.03m
4,1.490,NODE,2,-4.975,4.975,3.000,0.393,-0.394,0.000,0.556,zone=2 dist=0.03m
4,1.490,NODE,3,4.975,4.975,3.000,-0.394,-0.392,0.000,0.555,zone=3 dist=0.03m
4,1.490,SCOUT,0,-3.503,-4.986,3.000,-0.071,0.311,0.000,0.319,cmd_age=0.02s bat=1.00 dist=0.01m
4,1.490,SCOUT,1,-5.003,-3.486,3.000,-0.071,0.311,0.000,0.319,cmd_age=0.02s bat=1.00 dist=0.01m
4,1.490,SCOUT,2,-6.503,-4.986,3.000,-0.071,0.311,0.000,0.319,cmd_age=0.02s bat=1.00 dist=0.01m
4,1.490,SCOUT,3,-5.003,-6.486,3.000,-0.071,0.311,0.000,0.319,cmd_age=0.02s bat=1.00 dist=0.01m
4,1.490,SCOUT,4,6.503,-4.986,3.000,0.073,0.310,0.000,0.319,cmd_age=0.02s bat=1.00 dist=0.01m
4,1.490,SCOUT,5,5.003,-3.486,3.000,0.073,0.310,0.000,0.319,cmd_age=0.02s bat=1.00 dist=0.01m
4,1.490,SCOUT,6,3.503,-4.986,3.000,0.073,0.310,0.000,0.319,cmd_age=0.02s bat=1.00 dist=0.01m
4,1.490,SCOUT,7,5.003,-6.486,3.000,0.073,0.310,0.000,0.319,cmd_age=0.02s bat=1.00 dist=0.01m
4,1.490,SCOUT,8,-3.490,4.990,3.000,0.226,-0.226,0.000,0.319,cmd_age=0.02s bat=1.00 dist=0.01m
4,1.490,SCOUT,9,-4.990,6.490,3.000,0.226,-0.226,0.000,0.319,cmd_age=0.02s bat=1.00 dist=0.01m
4,1.490,SCOUT,10,-6.490,4.990,3.000,0.226,-0.226,0.000,0.319,cmd_age=0.02s bat=1.00 dist=0.01m
4,1.490,SCOUT,11,-4.990,3.490,3.000,0.226,-0.226,0.000,0.319,cmd_age=0.02s bat=1.00 dist=0.01m
4,1.490,SCOUT,12,6.490,4.990,3.000,-0.226,-0.225,0.000,0.319,cmd_age=0.02s bat=1.00 dist=0.01m
4,1.490,SCOUT,13,4.990,6.490,3.000,-0.226,-0.225,0.000,0.319,cmd_age=0.02s bat=1.00 dist=0.01m
4,1.490,SCOUT,14,3.490,4.990,3.000,-0.226,-0.225,0.000,0.319,cmd_age=0.02s bat=1.00 dist=0.01m
4,1.490,SCOUT,15,4.990,3.490,3.000,-0.226,-0.225,0.000,0.319,cmd_age=0.02s bat=1.00 dist=0.01m
4,1.490,WORKER,0,-3.014,-4.964,3.000,-0.313,0.814,0.000,0.872,state=MOVING bat=1.00 dist=0.03m
4,1.490,WORKER,1,7.003,-4.961,3.000,0.067,0.869,0.000,0.872,state=MOVING bat=1.00 dist=0.03m
4,1.490,WORKER,2,-2.975,4.970,3.000,0.563,-0.665,0.000,0.872,state=MOVING bat=1.00 dist=0.03m
4,1.490,WORKER,3,6.971,4.975,3.000,-0.659,-0.571,0.000,0.872,state=MOVING bat=1.00 dist=0.03m
5,1.662,GENERAL,0,0.000,0.000,5.000,0.000,0.000,0.000,0.000,N/A
5,1.662,NODE,0,-5.010,-4.956,3.000,-0.126,0.547,0.000,0.561,zone=0 dist=0.04m
5,1.662,NODE,1,5.010,-4.956,3.000,0.128,0.550,0.000,0.565,zone=1 dist=0.04m
5,1.662,NODE,2,-4.968,4.968,3.000,0.399,-0.399,0.000,0.564,zone=2 dist=0.04m
5,1.662,NODE,3,4.968,4.968,3.000,-0.395,-0.399,0.000,0.562,zone=3 dist=0.04m
5,1.662,SCOUT,0,-3.505,-4.980,3.000,-0.082,0.358,0.000,0.367,cmd_age=0.02s bat=1.00 dist=0.02m
5,1.662,SCOUT,1,-5.005,-3.480,3.000,-0.082,0.358,0.000,0.367,cmd_age=0.02s bat=1.00 dist=0.02m
5,1.662,SCOUT,2,-6.505,-4.980,3.000,-0.082,0.358,0.000,0.367,cmd_age=0.02s bat=1.00 dist=0.02m
5,1.662,SCOUT,3,-5.005,-6.480,3.000,-0.082,0.358,0.000,0.367,cmd_age=0.02s bat=1.00 dist=0.02m
5,1.662,SCOUT,4,6.505,-4.980,3.000,0.084,0.358,0.000,0.368,cmd_age=0.02s bat=1.00 dist=0.02m
5,1.662,SCOUT,5,5.005,-3.480,3.000,0.084,0.358,0.000,0.368,cmd_age=0.02s bat=1.00 dist=0.02m
5,1.662,SCOUT,6,3.505,-4.980,3.000,0.084,0.358,0.000,0.368,cmd_age=0.02s bat=1.00 dist=0.02m
5,1.662,SCOUT,7,5.005,-6.480,3.000,0.084,0.358,0.000,0.368,cmd_age=0.02s bat=1.00 dist=0.02m
5,1.662,SCOUT,8,-3.485,4.985,3.000,0.260,-0.261,0.000,0.368,cmd_age=0.02s bat=1.00 dist=0.02m
5,1.662,SCOUT,9,-4.985,6.485,3.000,0.260,-0.261,0.000,0.368,cmd_age=0.02s bat=1.00 dist=0.02m
5,1.662,SCOUT,10,-6.485,4.985,3.000,0.260,-0.261,0.000,0.368,cmd_age=0.02s bat=1.00 dist=0.02m
5,1.662,SCOUT,11,-4.985,3.485,3.000,0.260,-0.261,0.000,0.368,cmd_age=0.02s bat=1.00 dist=0.02m
5,1.662,SCOUT,12,6.485,4.985,3.000,-0.260,-0.260,0.000,0.367,cmd_age=0.02s bat=1.00 dist=0.02m
5,1.662,SCOUT,13,4.985,6.485,3.000,-0.260,-0.260,0.000,0.367,cmd_age=0.02s bat=1.00 dist=0.02m
5,1.662,SCOUT,14,3.485,4.985,3.000,-0.260,-0.260,0.000,0.367,cmd_age=0.02s bat=1.00 dist=0.02m
5,1.662,SCOUT,15,4.985,3.485,3.000,-0.260,-0.260,0.000,0.367,cmd_age=0.02s bat=1.00 dist=0.02m
5,1.662,WORKER,0,-3.020,-4.948,3.000,-0.367,0.954,0.000,1.022,state=MOVING bat=1.00 dist=0.05m
5,1.662,WORKER,1,7.004,-4.944,3.000,0.078,1.019,0.000,1.022,state=MOVING bat=1.00 dist=0.05m
5,1.662,WORKER,2,-2.964,4.957,3.000,0.660,-0.780,0.000,1.022,state=MOVING bat=1.00 dist=0.05m
5,1.662,WORKER,3,6.958,4.963,3.000,-0.772,-0.669,0.000,1.022,state=MOVING bat=1.00 dist=0.05m
6,1.839,GENERAL,0,0.000,0.000,5.000,0.000,0.000,0.000,0.000,N/A
6,1.839,NODE,0,-5.012,-4.947,3.000,-0.126,0.555,0.000,0.569,zone=0 dist=0.05m
6,1.839,NODE,1,5.012,-4.947,3.000,0.129,0.556,0.000,0.571,zone=1 dist=0.05m
6,1.839,NODE,2,-4.961,4.961,3.000,0.404,-0.400,0.000,0.569,zone=2 dist=0.05m
6,1.839,NODE,3,4.961,4.961,3.000,-0.403,-0.403,0.000,0.570,zone=3 dist=0.05m
6,1.839,SCOUT,0,-3.506,-4.973,3.000,-0.091,0.397,0.000,0.408,cmd_age=0.02s bat=1.00 dist=0.03m
6,1.839,SCOUT,1,-5.006,-3.473,3.000,-0.091,0.397,0.000,0.408,cmd_age=0.02s bat=1.00 dist=0.03m
6,1.839,SCOUT,2,-6.506,-4.973,3.000,-0.091,0.397,0.000,0.408,cmd_age=0.02s bat=1.00 dist=0.03m
6,1.839,SCOUT,3,-5.006,-6.473,3.000,-0.091,0.397,0.000,0.408,cmd_age=0.02s bat=1.00 dist=0.03m
6,1.839,SCOUT,4,6.506,-4.973,3.000,0.093,0.398,0.000,0.409,cmd_age=0.02s bat=1.00 dist=0.03m
6,1.839,SCOUT,5,5.006,-3.473,3.000,0.093,0.398,0.000,0.409,cmd_age=0.02s bat=1.00 dist=0.03m
6,1.839,SCOUT,6,3.506,-4.973,3.000,0.093,0.398,0.000,0.409,cmd_age=0.02s bat=1.00 dist=0.03m
6,1.839,SCOUT,7,5.006,-6.473,3.000,0.093,0.398,0.000,0.409,cmd_age=0.02s bat=1.00 dist=0.03m
6,1.839,SCOUT,8,-3.481,4.981,3.000,0.289,-0.289,0.000,0.408,cmd_age=0.02s bat=1.00 dist=0.03m
6,1.839,SCOUT,9,-4.981,6.481,3.000,0.289,-0.289,0.000,0.408,cmd_age=0.02s bat=1.00 dist=0.03m
6,1.839,SCOUT,10,-6.481,4.981,3.000,0.289,-0.289,0.000,0.408,cmd_age=0.02s bat=1.00 dist=0.03m
6,1.839,SCOUT,11,-4.981,3.481,3.000,0.289,-0.289,0.000,0.408,cmd_age=0.02s bat=1.00 dist=0.03m
6,1.839,SCOUT,12,6.481,4.981,3.000,-0.288,-0.289,0.000,0.408,cmd_age=0.02s bat=1.00 dist=0.03m
6,1.839,SCOUT,13,4.981,6.481,3.000,-0.288,-0.289,0.000,0.408,cmd_age=0.02s bat=1.00 dist=0.03m
6,1.839,SCOUT,14,3.481,4.981,3.000,-0.288,-0.289,0.000,0.408,cmd_age=0.02s bat=1.00 dist=0.03m
6,1.839,SCOUT,15,4.981,3.481,3.000,-0.288,-0.289,0.000,0.408,cmd_age=0.02s bat=1.00 dist=0.03m
6,1.839,WORKER,0,-3.027,-4.930,3.000,-0.414,1.076,0.000,1.152,state=MOVING bat=1.00 dist=0.07m
6,1.839,WORKER,1,7.006,-4.925,3.000,0.088,1.149,0.000,1.152,state=MOVING bat=1.00 dist=0.07m
6,1.839,WORKER,2,-2.951,4.943,3.000,0.744,-0.880,0.000,1.152,state=MOVING bat=1.00 dist=0.07m
6,1.839,WORKER,3,6.943,4.951,3.000,-0.871,-0.755,0.000,1.152,state=MOVING bat=1.00 dist=0.07m
7,2.048,GENERAL,0,0.000,0.000,5.000,0.000,0.000,0.000,0.000,N/A
7,2.048,NODE,0,-5.014,-4.937,3.000,-0.130,0.560,0.000,0.575,zone=0 dist=0.06m
7,2.048,NODE,1,5.015,-4.937,3.000,0.130,0.560,0.000,0.575,zone=1 dist=0.06m
7,2.048,NODE,2,-4.955,4.955,3.000,0.408,-0.405,0.000,0.575,zone=2 dist=0.06m
7,2.048,NODE,3,4.955,4.955,3.000,-0.408,-0.405,0.000,0.575,zone=3 dist=0.06m
7,2.048,SCOUT,0,-3.508,-4.966,3.000,-0.099,0.430,0.000,0.441,cmd_age=0.02s bat=1.00 dist=0.03m
7,2.048,SCOUT,1,-5.008,-3.466,3.000,-0.099,0.430,0.000,0.441,cmd_age=0.02s bat=1.00 dist=0.03m
7,2.048,SCOUT,2,-6.508,-4.966,3.000,-0.099,0.430,0.000,0.441,cmd_age=0.02s bat=1.00 dist=0.03m
7,2.048,SCOUT,3,-5.008,-6.466,3.000,-0.099,0.430,0.000,0.441,cmd_age=0.02s bat=1.00 dist=0.03m
7,2.048,SCOUT,4,6.508,-4.966,3.000,0.100,0.430,0.000,0.442,cmd_age=0.02s bat=1.00 dist=0.03m
7,2.048,SCOUT,5,5.008,-3.466,3.000,0.100,0.430,0.000,0.442,cmd_age=0.02s bat=1.00 dist=0.03m
7,2.048,SCOUT,6,3.508,-4.966,3.000,0.100,0.430,0.000,0.442,cmd_age=0.02s bat=1.00 dist=0.03m
7,2.048,SCOUT,7,5.008,-6.466,3.000,0.100,0.430,0.000,0.442,cmd_age=0.02s bat=1.00 dist=0.03m
7,2.048,SCOUT,8,-3.475,4.975,3.000,0.313,-0.312,0.000,0.442,cmd_age=0.02s bat=1.00 dist=0.03m
7,2.048,SCOUT,9,-4.975,6.475,3.000,0.313,-0.312,0.000,0.442,cmd_age=0.02s bat=1.00 dist=0.03m
7,2.048,SCOUT,10,-6.475,4.975,3.000,0.313,-0.312,0.000,0.442,cmd_age=0.02s bat=1.00 dist=0.03m
7,2.048,SCOUT,11,-4.975,3.475,3.000,0.313,-0.312,0.000,0.442,cmd_age=0.02s bat=1.00 dist=0.03m
7,2.048,SCOUT,12,6.475,4.975,3.000,-0.312,-0.312,0.000,0.441,cmd_age=0.02s bat=1.00 dist=0.03m
7,2.048,SCOUT,13,4.975,6.475,3.000,-0.312,-0.312,0.000,0.441,cmd_age=0.02s bat=1.00 dist=0.03m
7,2.048,SCOUT,14,3.475,4.975,3.000,-0.312,-0.312,0.000,0.441,cmd_age=0.02s bat=1.00 dist=0.03m
7,2.048,SCOUT,15,4.975,3.475,3.000,-0.312,-0.312,0.000,0.441,cmd_age=0.02s bat=1.00 dist=0.03m
7,2.048,WORKER,0,-3.035,-4.910,3.000,-0.454,1.181,0.000,1.265,state=MOVING bat=1.00 dist=0.09m
7,2.048,WORKER,1,7.007,-4.904,3.000,0.097,1.262,0.000,1.265,state=MOVING bat=1.00 dist=0.09m
7,2.048,WORKER,2,-2.938,4.927,3.000,0.817,-0.966,0.000,1.265,state=MOVING bat=1.00 dist=0.09m
7,2.048,WORKER,3,6.927,4.937,3.000,-0.956,-0.829,0.000,1.265,state=MOVING bat=1.00 dist=0.09m
8,2.398,GENERAL,0,0.000,0.000,5.000,0.000,0.000,0.000,0.000,N/A
8,2.398,NODE,0,-5.017,-4.928,3.000,-0.135,0.565,0.000,0.581,zone=0 dist=0.07m
8,2.398,NODE,1,5.017,-4.928,3.000,0.131,0.563,0.000,0.578,zone=1 dist=0.07m
8,2.398,NODE,2,-4.948,4.948,3.000,0.410,-0.410,0.000,0.580,zone=2 dist=0.07m
8,2.398,NODE,3,4.948,4.948,3.000,-0.409,-0.410,0.000,0.579,zone=3 dist=0.07m
8,2.398,SCOUT,0,-3.509,-4.959,3.000,-0.106,0.457,0.000,0.469,cmd_age=0.02s bat=1.00 dist=0.04m
8,2.398,SCOUT,1,-5.009,-3.459,3.000,-0.106,0.457,0.000,0.469,cmd_age=0.02s bat=1.00 dist=0.04m
8,2.398,SCOUT,2,-6.509,-4.959,3.000,-0.106,0.457,0.000,0.469,cmd_age=0.02s bat=1.00 dist=0.04m
8,2.398,SCOUT,3,-5.009,-6.459,3.000,-0.106,0.457,0.000,0.469,cmd_age=0.02s bat=1.00 dist=0.04m
8,2.398,SCOUT,4,6.510,-4.959,3.000,0.106,0.457,0.000,0.469,cmd_age=0.02s bat=1.00 dist=0.04m
8,2.398,SCOUT,5,5.010,-3.459,3.000,0.106,0.457,0.000,0.469,cmd_age=0.02s bat=1.00 dist=0.04m
8,2.398,SCOUT,6,3.510,-4.959,3.000,0.106,0.457,0.000,0.469,cmd_age=0.02s bat=1.00 dist=0.04m
8,2.398,SCOUT,7,5.010,-6.459,3.000,0.106,0.457,0.000,0.469,cmd_age=0.02s bat=1.00 dist=0.04m
8,2.398,SCOUT,8,-3.470,4.970,3.000,0.332,-0.331,0.000,0.469,cmd_age=0.02s bat=1.00 dist=0.04m
8,2.398,SCOUT,9,-4.970,6.470,3.000,0.332,-0.331,0.000,0.469,cmd_age=0.02s bat=1.00 dist=0.04m
8,2.398,SCOUT,10,-6.470,4.970,3.000,0.332,-0.331,0.000,0.469,cmd_age=0.02s bat=1.00 dist=0.04m
8,2.398,SCOUT,11,-4.970,3.470,3.000,0.332,-0.331,0.000,0.469,cmd_age=0.02s bat=1.00 dist=0.04m
8,2.398,SCOUT,12,6.470,4.970,3.000,-0.332,-0.331,0.000,0.469,cmd_age=0.02s bat=1.00 dist=0.04m
8,2.398,SCOUT,13,4.970,6.470,3.000,-0.332,-0.331,0.000,0.469,cmd_age=0.02s bat=1.00 dist=0.04m
8,2.398,SCOUT,14,3.470,4.970,3.000,-0.332,-0.331,0.000,0.469,cmd_age=0.02s bat=1.00 dist=0.04m
8,2.398,SCOUT,15,4.970,3.470,3.000,-0.332,-0.331,0.000,0.469,cmd_age=0.02s bat=1.00 dist=0.04m
8,2.398,WORKER,0,-3.043,-4.889,3.000,-0.489,1.273,0.000,1.363,state=MOVING bat=1.00 dist=0.11m
8,2.398,WORKER,1,7.009,-4.881,3.000,0.105,1.359,0.000,1.363,state=MOVING bat=1.00 dist=0.11m
8,2.398,WORKER,2,-2.923,4.909,3.000,0.881,-1.041,0.000,1.363,state=MOVING bat=1.00 dist=0.11m
8,2.398,WORKER,3,6.910,4.922,3.000,-1.030,-0.893,0.000,1.363,state=MOVING bat=1.00 dist=0.11m
9,2.575,GENERAL,0,0.000,0.000,5.000,0.000,0.000,0.000,0.000,N/A
9,2.575,NODE,0,-5.019,-4.919,3.000,-0.132,0.568,0.000,0.583,zone=0 dist=0.08m
9,2.575,NODE,1,5.019,-4.919,3.000,0.132,0.566,0.000,0.581,zone=1 dist=0.08m
9,2.575,NODE,2,-4.941,4.941,3.000,0.414,-0.411,0.000,0.584,zone=2 dist=0.08m
9,2.575,NODE,3,4.941,4.941,3.000,-0.414,-0.413,0.000,0.585,zone=3 dist=0.08m
9,2.575,SCOUT,0,-3.511,-4.951,3.000,-0.111,0.479,0.000,0.492,cmd_age=0.02s bat=1.00 dist=0.05m
9,2.575,SCOUT,1,-5.011,-3.451,3.000,-0.111,0.479,0.000,0.492,cmd_age=0.02s bat=1.00 dist=0.05m
9,2.575,SCOUT,2,-6.511,-4.951,3.000,-0.111,0.479,0.000,0.492,cmd_age=0.02s bat=1.00 dist=0.05m
9,2.575,SCOUT,3,-5.011,-6.451,3.000,-0.111,0.479,0.000,0.492,cmd_age=0.02s bat=1.00 dist=0.05m
9,2.575,SCOUT,4,6.512,-4.951,3.000,0.112,0.479,0.000,0.492,cmd_age=0.02s bat=1.00 dist=0.05m
9,2.575,SCOUT,5,5.012,-3.451,3.000,0.112,0.479,0.000,0.492,cmd_age=0.02s bat=1.00 dist=0.05m
9,2.575,SCOUT,6,3.512,-4.951,3.000,0.112,0.479,0.000,0.492,cmd_age=0.02s bat=1.00 dist=0.05m
9,2.575,SCOUT,7,5.012,-6.451,3.000,0.112,0.479,0.000,0.492,cmd_age=0.02s bat=1.00 dist=0.05m
9,2.575,SCOUT,8,-3.464,4.964,3.000,0.349,-0.347,0.000,0.492,cmd_age=0.02s bat=1.00 dist=0.05m
9,2.575,SCOUT,9,-4.964,6.464,3.000,0.349,-0.347,0.000,0.492,cmd_age=0.02s bat=1.00 dist=0.05m
9,2.575,SCOUT,10,-6.464,4.964,3.000,0.349,-0.347,0.000,0.492,cmd_age=0.02s bat=1.00 dist=0.05m
9,2.575,SCOUT,11,-4.964,3.464,3.000,0.349,-0.347,0.000,0.492,cmd_age=0.02s bat=1.00 dist=0.05m
9,2.575,SCOUT,12,6.464,4.964,3.000,-0.348,-0.348,0.000,0.492,cmd_age=0.02s bat=1.00 dist=0.05m
9,2.575,SCOUT,13,4.964,6.464,3.000,-0.348,-0.348,0.000,0.492,cmd_age=0.02s bat=1.00 dist=0.05m
9,2.575,SCOUT,14,3.464,4.964,3.000,-0.348,-0.348,0.000,0.492,cmd_age=0.02s bat=1.00 dist=0.05m
9,2.575,SCOUT,15,4.964,3.464,3.000,-0.348,-0.348,0.000,0.492,cmd_age=0.02s bat=1.00 dist=0.05m
9,2.575,WORKER,0,-3.051,-4.866,3.000,-0.520,1.352,0.000,1.448,state=MOVING bat=1.00 dist=0.14m
9,2.575,WORKER,1,7.011,-4.857,3.000,0.111,1.444,0.000,1.448,state=MOVING bat=1.00 dist=0.14m
9,2.575,WORKER,2,-2.908,4.891,3.000,0.936,-1.106,0.000,1.448,state=MOVING bat=1.00 dist=0.14m
9,2.575,WORKER,3,6.892,4.906,3.000,-1.094,-0.949,0.000,1.448,state=MOVING bat=1.00 dist=0.14m
10,3.078,GENERAL,0,0.000,0.000,5.000,0.000,0.000,0.000,0.000,N/A
10,3.078,NODE,0,-5.021,-4.909,3.000,-0.129,0.571,0.000,0.586,zone=0 dist=0.08m
10,3.078,NODE,1,5.021,-4.909,3.000,0.132,0.570,0.000,0.585,zone=1 dist=0.08m
10,3.078,NODE,2,-4.934,4.934,3.000,0.417,-0.413,0.000,0.587,zone=2 dist=0.08m
10,3.078,NODE,3,4.934,4.934,3.000,-0.410,-0.414,0.000,0.583,zone=3 dist=0.08m
10,3.078,SCOUT,0,-3.513,-4.942,3.000,-0.115,0.497,0.000,0.511,cmd_age=0.02s bat=1.00 dist=0.06m
10,3.078,SCOUT,1,-5.013,-3.442,3.000,-0.115,0.497,0.000,0.511,cmd_age=0.02s bat=1.00 dist=0.06m
10,3.078,SCOUT,2,-6.513,-4.942,3.000,-0.115,0.497,0.000,0.511,cmd_age=0.02s bat=1.00 dist=0.06m
10,3.078,SCOUT,3,-5.013,-6.442,3.000,-0.115,0.497,0.000,0.511,cmd_age=0.02s bat=1.00 dist=0.06m
10,3.078,SCOUT,4,6.513,-4.942,3.000,0.116,0.497,0.000,0.510,cmd_age=0.02s bat=1.00 dist=0.06m
10,3.078,SCOUT,5,5.013,-3.442,3.000,0.116,0.497,0.000,0.510,cmd_age=0.02s bat=1.00 dist=0.06m
10,3.078,SCOUT,6,3.513,-4.942,3.000,0.116,0.497,0.000,0.510,cmd_age=0.02s bat=1.00 dist=0.06m
10,3.078,SCOUT,7,5.013,-6.442,3.000,0.116,0.497,0.000,0.510,cmd_age=0.02s bat=1.00 dist=0.06m
10,3.078,SCOUT,8,-3.458,4.958,3.000,0.362,-0.360,0.000,0.511,cmd_age=0.02s bat=1.00 dist=0.06m
10,3.078,SCOUT,9,-4.958,6.458,3.000,0.362,-0.360,0.000,0.511,cmd_age=0.02s bat=1.00 dist=0.06m
10,3.078,SCOUT,10,-6.458,4.958,3.000,0.362,-0.360,0.000,0.511,cmd_age=0.02s bat=1.00 dist=0.06m
10,3.078,SCOUT,11,-4.958,3.458,3.000,0.362,-0.360,0.000,0.511,cmd_age=0.02s bat=1.00 dist=0.06m
10,3.078,SCOUT,12,6.458,4.958,3.000,-0.361,-0.361,0.000,0.510,cmd_age=0.02s bat=1.00 dist=0.06m
10,3.078,SCOUT,13,4.958,6.458,3.000,-0.361,-0.361,0.000,0.510,cmd_age=0.02s bat=1.00 dist=0.06m
10,3.078,SCOUT,14,3.458,4.958,3.000,-0.361,-0.361,0.000,0.510,cmd_age=0.02s bat=1.00 dist=0.06m
10,3.078,SCOUT,15,4.958,3.458,3.000,-0.361,-0.361,0.000,0.510,cmd_age=0.02s bat=1.00 dist=0.06m
10,3.078,WORKER,0,-3.060,-4.843,3.000,-0.546,1.420,0.000,1.522,state=MOVING bat=1.00 dist=0.16m
10,3.078,WORKER,1,7.013,-4.832,3.000,0.117,1.517,0.000,1.522,state=MOVING bat=1.00 dist=0.16m
10,3.078,WORKER,2,-2.891,4.871,3.000,0.983,-1.162,0.000,1.522,state=MOVING bat=1.00 dist=0.16m
10,3.078,WORKER,3,6.873,4.890,3.000,-1.150,-0.997,0.000,1.522,state=MOVING bat=1.00 dist=0.16m
11,3.250,GENERAL,0,0.000,0.000,5.000,0.000,0.000,0.000,0.000,N/A
11,3.250,NODE,0,-5.023,-4.900,3.000,-0.133,0.573,0.000,0.588,zone=0 dist=0.09m
11,3.250,NODE,1,5.023,-4.900,3.000,0.135,0.574,0.000,0.589,zone=1 dist=0.09m
11,3.250,NODE,2,-4.927,4.927,3.000,0.415,-0.416,0.000,0.588,zone=2 dist=0.09m
11,3.250,NODE,3,4.927,4.927,3.000,-0.414,-0.417,0.000,0.587,zone=3 dist=0.09m
11,3.250,SCOUT,0,-3.515,-4.934,3.000,-0.118,0.513,0.000,0.526,cmd_age=0.02s bat=1.00 dist=0.07m
11,3.250,SCOUT,1,-5.015,-3.434,3.000,-0.118,0.513,0.000,0.526,cmd_age=0.02s bat=1.00 dist=0.07m
11,3.250,SCOUT,2,-6.515,-4.934,3.000,-0.118,0.513,0.000,0.526,cmd_age=0.02s bat=1.00 dist=0.07m
11,3.250,SCOUT,3,-5.015,-6.434,3.000,-0.118,0.513,0.000,0.526,cmd_age=0.02s bat=1.00 dist=0.07m
11,3.250,SCOUT,4,6.515,-4.934,3.000,0.119,0.512,0.000,0.526,cmd_age=0.02s bat=1.00 dist=0.07m
11,3.250,SCOUT,5,5.015,-3.434,3.000,0.119,0.512,0.000,0.526,cmd_age=0.02s bat=1.00 dist=0.07m
11,3.250,SCOUT,6,3.515,-4.934,3.000,0.119,0.512,0.000,0.526,cmd_age=0.02s bat=1.00 dist=0.07m
11,3.250,SCOUT,7,5.015,-6.434,3.000,0.119,0.512,0.000,0.526,cmd_age=0.02s bat=1.00 dist=0.07m
11,3.250,SCOUT,8,-3.452,4.952,3.000,0.373,-0.372,0.000,0.526,cmd_age=0.02s bat=1.00 dist=0.07m
11,3.250,SCOUT,9,-4.952,6.452,3.000,0.373,-0.372,0.000,0.526,cmd_age=0.02s bat=1.00 dist=0.07m
11,3.250,SCOUT,10,-6.452,4.952,3.000,0.373,-0.372,0.000,0.526,cmd_age=0.02s bat=1.00 dist=0.07m
11,3.250,SCOUT,11,-4.952,3.452,3.000,0.373,-0.372,0.000,0.526,cmd_age=0.02s bat=1.00 dist=0.07m
11,3.250,SCOUT,12,6.452,4.952,3.000,-0.371,-0.372,0.000,0.526,cmd_age=0.02s bat=1.00 dist=0.07m
11,3.250,SCOUT,13,4.952,6.452,3.000,-0.371,-0.372,0.000,0.526,cmd_age=0.02s bat=1.00 dist=0.07m
11,3.250,SCOUT,14,3.452,4.952,3.000,-0.371,-0.372,0.000,0.526,cmd_age=0.02s bat=1.00 dist=0.07m
11,3.250,SCOUT,15,4.952,3.452,3.000,-0.371,-0.372,0.000,0.526,cmd_age=0.02s bat=1.00 dist=0.07m
11,3.250,WORKER,0,-3.070,-4.818,3.000,-0.569,1.480,0.000,1.586,state=MOVING bat=1.00 dist=0.19m
11,3.250,WORKER,1,7.015,-4.806,3.000,0.122,1.581,0.000,1.586,state=MOVING bat=1.00 dist=0.19m
11,3.250,WORKER,2,-2.874,4.851,3.000,1.024,-1.210,0.000,1.586,state=MOVING bat=1.00 dist=0.19m
11,3.250,WORKER,3,6.853,4.872,3.000,-1.198,-1.038,0.000,1.586,state=MOVING bat=1.00 dist=0.19m
12,3.629,GENERAL,0,0.000,0.000,5.000,0.000,0.000,0.000,0.000,N/A
12,3.629,NODE,0,-5.025,-4.890,3.000,-0.133,0.575,0.000,0.590,zone=0 dist=0.10m
12,3.629,NODE,1,5.026,-4.890,3.000,0.134,0.575,0.000,0.590,zone=1 dist=0.10m
12,3.629,NODE,2,-4.920,4.920,3.000,0.417,-0.419,0.000,0.592,zone=2 dist=0.10m
12,3.629,NODE,3,4.920,4.920,3.000,-0.419,-0.417,0.000,0.591,zone=3 dist=0.10m
12,3.629,SCOUT,0,-3.517,-4.925,3.000,-0.121,0.525,0.000,0.539,cmd_age=0.02s bat=1.00 dist=0.08m
12,3.629,SCOUT,1,-5.017,-3.425,3.000,-0.121,0.525,0.000,0.539,cmd_age=0.02s bat=1.00 dist=0.08m
12,3.629,SCOUT,2,-6.517,-4.925,3.000,-0.121,0.525,0.000,0.539,cmd_age=0.02s bat=1.00 dist=0.08m
12,3.629,SCOUT,3,-5.017,-6.425,3.000,-0.121,0.525,0.000,0.539,cmd_age=0.02s bat=1.00 dist=0.08m
12,3.629,SCOUT,4,6.518,-4.925,3.000,0.122,0.525,0.000,0.539,cmd_age=0.02s bat=1.00 dist=0.08m
12,3.629,SCOUT,5,5.018,-3.425,3.000,0.122,0.525,0.000,0.539,cmd_age=0.02s bat=1.00 dist=0.08m
12,3.629,SCOUT,6,3.518,-4.925,3.000,0.122,0.525,0.000,0.539,cmd_age=0.02s bat=1.00 dist=0.08m
12,3.629,SCOUT,7,5.018,-6.425,3.000,0.122,0.525,0.000,0.539,cmd_age=0.02s bat=1.00 dist=0.08m
12,3.629,SCOUT,8,-3.445,4.946,3.000,0.382,-0.381,0.000,0.539,cmd_age=0.02s bat=1.00 dist=0.08m
12,3.629,SCOUT,9,-4.945,6.446,3.000,0.382,-0.381,0.000,0.539,cmd_age=0.02s bat=1.00 dist=0.08m
12,3.629,SCOUT,10,-6.445,4.946,3.000,0.382,-0.381,0.000,0.539,cmd_age=0.02s bat=1.00 dist=0.08m
12,3.629,SCOUT,11,-4.945,3.446,3.000,0.382,-0.381,0.000,0.539,cmd_age=0.02s bat=1.00 dist=0.08m
12,3.629,SCOUT,12,6.446,4.946,3.000,-0.381,-0.381,0.000,0.539,cmd_age=0.02s bat=1.00 dist=0.08m
12,3.629,SCOUT,13,4.946,6.446,3.000,-0.381,-0.381,0.000,0.539,cmd_age=0.02s bat=1.00 dist=0.08m
12,3.629,SCOUT,14,3.446,4.946,3.000,-0.381,-0.381,0.000,0.539,cmd_age=0.02s bat=1.00 dist=0.08m
12,3.629,SCOUT,15,4.946,3.446,3.000,-0.381,-0.381,0.000,0.539,cmd_age=0.02s bat=1.00 dist=0.08m
12,3.629,WORKER,0,-3.080,-4.793,3.000,-0.589,1.531,0.000,1.641,state=MOVING bat=1.00 dist=0.22m
12,3.629,WORKER,1,7.017,-4.778,3.000,0.126,1.636,0.000,1.641,state=MOVING bat=1.00 dist=0.22m
12,3.629,WORKER,2,-2.856,4.830,3.000,1.060,-1.253,0.000,1.641,state=MOVING bat=1.00 dist=0.22m
12,3.629,WORKER,3,6.832,4.854,3.000,-1.240,-1.075,0.000,1.641,state=MOVING bat=1.00 dist=0.22m
13,3.926,GENERAL,0,0.000,0.000,5.000,0.000,0.000,0.000,0.000,N/A
13,3.926,NODE,0,-5.028,-4.880,3.000,-0.133,0.578,0.000,0.593,zone=0 dist=0.11m
13,3.926,NODE,1,5.028,-4.880,3.000,0.136,0.573,0.000,0.589,zone=1 dist=0.11m
13,3.926,NODE,2,-4.913,4.913,3.000,0.422,-0.423,0.000,0.598,zone=2 dist=0.11m
13,3.926,NODE,3,4.913,4.913,3.000,-0.418,-0.419,0.000,0.592,zone=3 dist=0.11m
13,3.926,SCOUT,0,-3.519,-4.916,3.000,-0.124,0.536,0.000,0.550,cmd_age=0.02s bat=1.00 dist=0.08m
13,3.926,SCOUT,1,-5.019,-3.416,3.000,-0.124,0.536,0.000,0.550,cmd_age=0.02s bat=1.00 dist=0.08m
13,3.926,SCOUT,2,-6.519,-4.916,3.000,-0.124,0.536,0.000,0.550,cmd_age=0.02s bat=1.00 dist=0.08m
13,3.926,SCOUT,3,-5.019,-6.416,3.000,-0.124,0.536,0.000,0.550,cmd_age=0.02s bat=1.00 dist=0.08m
13,3.926,SCOUT,4,6.520,-4.916,3.000,0.125,0.534,0.000,0.549,cmd_age=0.02s bat=1.00 dist=0.08m
13,3.926,SCOUT,5,5.020,-3.416,3.000,0.125,0.534,0.000,0.549,cmd_age=0.02s bat=1.00 dist=0.08m
13,3.926,SCOUT,6,3.520,-4.916,3.000,0.125,0.534,0.000,0.549,cmd_age=0.02s bat=1.00 dist=0.08m
13,3.926,SCOUT,7,5.020,-6.416,3.000,0.125,0.534,0.000,0.549,cmd_age=0.02s bat=1.00 dist=0.08m
13,3.926,SCOUT,8,-3.439,4.939,3.000,0.390,-0.390,0.000,0.551,cmd_age=0.02s bat=1.00 dist=0.08m
13,3.926,SCOUT,9,-4.939,6.439,3.000,0.390,-0.390,0.000,0.551,cmd_age=0.02s bat=1.00 dist=0.08m
13,3.926,SCOUT,10,-6.439,4.939,3.000,0.390,-0.390,0.000,0.551,cmd_age=0.02s bat=1.00 dist=0.08m
13,3.926,SCOUT,11,-4.939,3.439,3.000,0.390,-0.390,0.000,0.551,cmd_age=0.02s bat=1.00 dist=0.08m
13,3.926,SCOUT,12,6.439,4.939,3.000,-0.388,-0.389,0.000,0.549,cmd_age=0.02s bat=1.00 dist=0.08m
13,3.926,SCOUT,13,4.939,6.439,3.000,-0.388,-0.389,0.000,0.549,cmd_age=0.02s bat=1.00 dist=0.08m
13,3.926,SCOUT,14,3.439,4.939,3.000,-0.388,-0.389,0.000,0.549,cmd_age=0.02s bat=1.00 dist=0.08m
13,3.926,SCOUT,15,4.939,3.439,3.000,-0.388,-0.389,0.000,0.549,cmd_age=0.02s bat=1.00 dist=0.08m
13,3.926,WORKER,0,-3.090,-4.766,3.000,-0.606,1.576,0.000,1.689,state=MOVING bat=1.00 dist=0.25m
13,3.926,WORKER,1,7.019,-4.750,3.000,0.130,1.684,0.000,1.689,state=MOVING bat=1.00 dist=0.25m
13,3.926,WORKER,2,-2.838,4.809,3.000,1.091,-1.289,0.000,1.689,state=MOVING bat=1.00 dist=0.25m
13,3.926,WORKER,3,6.811,4.836,3.000,-1.276,-1.106,0.000,1.689,state=MOVING bat=1.00 dist=0.25m
14,4.121,GENERAL,0,0.000,0.000,5.000,0.000,0.000,0.000,0.000,N/A
14,4.121,NODE,0,-5.030,-4.871,3.000,-0.129,0.577,0.000,0.592,zone=0 dist=0.12m
14,4.121,NODE,1,5.030,-4.871,3.000,0.133,0.576,0.000,0.591,zone=1 dist=0.12m
14,4.121,NODE,2,-4.906,4.906,3.000,0.418,-0.418,0.000,0.592,zone=2 dist=0.12m
14,4.121,NODE,3,4.906,4.906,3.000,-0.423,-0.420,0.000,0.596,zone=3 dist=0.12m
14,4.121,SCOUT,0,-3.521,-4.907,3.000,-0.125,0.544,0.000,0.558,cmd_age=0.02s bat=1.00 dist=0.09m
14,4.121,SCOUT,1,-5.021,-3.407,3.000,-0.125,0.544,0.000,0.558,cmd_age=0.02s bat=1.00 dist=0.09m
14,4.121,SCOUT,2,-6.521,-4.907,3.000,-0.125,0.544,0.000,0.558,cmd_age=0.02s bat=1.00 dist=0.09m
14,4.121,SCOUT,3,-5.021,-6.407,3.000,-0.125,0.544,0.000,0.558,cmd_age=0.02s bat=1.00 dist=0.09m
14,4.121,SCOUT,4,6.522,-4.907,3.000,0.127,0.543,0.000,0.557,cmd_age=0.02s bat=1.00 dist=0.09m
14,4.121,SCOUT,5,5.022,-3.407,3.000,0.127,0.543,0.000,0.557,cmd_age=0.02s bat=1.00 dist=0.09m
14,4.121,SCOUT,6,3.522,-4.907,3.000,0.127,0.543,0.000,0.557,cmd_age=0.02s bat=1.00 dist=0.09m
14,4.121,SCOUT,7,5.022,-6.407,3.000,0.127,0.543,0.000,0.557,cmd_age=0.02s bat=1.00 dist=0.09m
14,4.121,SCOUT,8,-3.432,4.932,3.000,0.396,-0.395,0.000,0.559,cmd_age=0.02s bat=1.00 dist=0.09m
14,4.121,SCOUT,9,-4.932,6.432,3.000,0.396,-0.395,0.000,0.559,cmd_age=0.02s bat=1.00 dist=0.09m
14,4.121,SCOUT,10,-6.432,4.932,3.000,0.396,-0.395,0.000,0.559,cmd_age=0.02s bat=1.00 dist=0.09m
14,4.121,SCOUT,11,-4.932,3.432,3.000,0.396,-0.395,0.000,0.559,cmd_age=0.02s bat=1.00 dist=0.09m
14,4.121,SCOUT,12,6.432,4.933,3.000,-0.395,-0.395,0.000,0.559,cmd_age=0.02s bat=1.00 dist=0.09m
14,4.121,SCOUT,13,4.932,6.433,3.000,-0.395,-0.395,0.000,0.559,cmd_age=0.02s bat=1.00 dist=0.09m
14,4.121,SCOUT,14,3.432,4.933,3.000,-0.395,-0.395,0.000,0.559,cmd_age=0.02s bat=1.00 dist=0.09m
14,4.121,SCOUT,15,4.932,3.433,3.000,-0.395,-0.395,0.000,0.559,cmd_age=0.02s bat=1.00 dist=0.09m
14,4.121,WORKER,0,-3.100,-4.739,3.000,-0.621,1.615,0.000,1.730,state=MOVING bat=1.00 dist=0.27m
14,4.121,WORKER,1,7.021,-4.722,3.000,0.133,1.725,0.000,1.730,state=MOVING bat=1.00 dist=0.27m
14,4.121,WORKER,2,-2.820,4.787,3.000,1.118,-1.321,0.000,1.730,state=MOVING bat=1.00 dist=0.27m
14,4.121,WORKER,3,6.789,4.817,3.000,-1.308,-1.133,0.000,1.730,state=MOVING bat=1.00 dist=0.27m
15,4.372,GENERAL,0,0.000,0.000,5.000,0.000,0.000,0.000,0.000,N/A
15,4.372,NODE,0,-5.032,-4.861,3.000,-0.135,0.582,0.000,0.597,zone=0 dist=0.13m
15,4.372,NODE,1,5.032,-4.861,3.000,0.131,0.579,0.000,0.594,zone=1 dist=0.13m
15,4.372,NODE,2,-4.899,4.899,3.000,0.422,-0.419,0.000,0.595,zone=2 dist=0.13m
15,4.372,NODE,3,4.899,4.899,3.000,-0.420,-0.420,0.000,0.594,zone=3 dist=0.13m
15,4.372,SCOUT,0,-3.524,-4.898,3.000,-0.127,0.552,0.000,0.566,cmd_age=0.02s bat=1.00 dist=0.10m
15,4.372,SCOUT,1,-5.024,-3.398,3.000,-0.127,0.552,0.000,0.566,cmd_age=0.02s bat=1.00 dist=0.10m
15,4.372,SCOUT,2,-6.524,-4.898,3.000,-0.127,0.552,0.000,0.566,cmd_age=0.02s bat=1.00 dist=0.10m
15,4.372,SCOUT,3,-5.024,-6.398,3.000,-0.127,0.552,0.000,0.566,cmd_age=0.02s bat=1.00 dist=0.10m
15,4.372,SCOUT,4,6.524,-4.898,3.000,0.128,0.550,0.000,0.565,cmd_age=0.02s bat=1.00 dist=0.10m
15,4.372,SCOUT,5,5.024,-3.398,3.000,0.128,0.550,0.000,0.565,cmd_age=0.02s bat=1.00 dist=0.10m
15,4.372,SCOUT,6,3.524,-4.898,3.000,0.128,0.550,0.000,0.565,cmd_age=0.02s bat=1.00 dist=0.10m
15,4.372,SCOUT,7,5.024,-6.398,3.000,0.128,0.550,0.000,0.565,cmd_age=0.02s bat=1.00 dist=0.10m
15,4.372,SCOUT,8,-3.426,4.926,3.000,0.401,-0.400,0.000,0.566,cmd_age=0.02s bat=1.00 dist=0.10m
15,4.372,SCOUT,9,-4.926,6.426,3.000,0.401,-0.400,0.000,0.566,cmd_age=0.02s bat=1.00 dist=0.10m
15,4.372,SCOUT,10,-6.426,4.926,3.000,0.401,-0.400,0.000,0.566,cmd_age=0.02s bat=1.00 dist=0.10m
15,4.372,SCOUT,11,-4.926,3.426,3.000,0.401,-0.400,0.000,0.566,cmd_age=0.02s bat=1.00 dist=0.10m
15,4.372,SCOUT,12,6.426,4.926,3.000,-0.400,-0.400,0.000,0.566,cmd_age=0.02s bat=1.00 dist=0.10m
15,4.372,SCOUT,13,4.926,6.426,3.000,-0.400,-0.400,0.000,0.566,cmd_age=0.02s bat=1.00 dist=0.10m
15,4.372,SCOUT,14,3.426,4.926,3.000,-0.400,-0.400,0.000,0.566,cmd_age=0.02s bat=1.00 dist=0.10m
15,4.372,SCOUT,15,4.926,3.426,3.000,-0.400,-0.400,0.000,0.566,cmd_age=0.02s bat=1.00 dist=0.10m
15,4.372,WORKER,0,-3.111,-4.712,3.000,-0.634,1.648,0.000,1.766,state=MOVING bat=1.00 dist=0.30m
15,4.372,WORKER,1,7.024,-4.692,3.000,0.135,1.761,0.000,1.766,state=MOVING bat=1.00 dist=0.30m
15,4.372,WORKER,2,-2.801,4.764,3.000,1.141,-1.348,0.000,1.766,state=MOVING bat=1.00 dist=0.30m
15,4.372,WORKER,3,6.767,4.798,3.000,-1.335,-1.157,0.000,1.766,state=MOVING bat=1.00 dist=0.30m
16,5.084,GENERAL,0,0.000,0.000,5.000,0.000,0.000,0.000,0.000,N/A
16,5.084,NODE,0,-5.034,-4.851,3.000,-0.135,0.580,0.000,0.595,zone=0 dist=0.14m
16,5.084,NODE,1,5.035,-4.852,3.000,0.132,0.579,0.000,0.594,zone=1 dist=0.14m
16,5.084,NODE,2,-4.892,4.892,3.000,0.422,-0.422,0.000,0.597,zone=2 dist=0.14m
16,5.084,NODE,3,4.892,4.892,3.000,-0.426,-0.423,0.000,0.600,zone=3 dist=0.14m
16,5.084,SCOUT,0,-3.526,-4.888,3.000,-0.128,0.557,0.000,0.572,cmd_age=0.02s bat=1.00 dist=0.11m
16,5.084,SCOUT,1,-5.026,-3.388,3.000,-0.128,0.557,0.000,0.572,cmd_age=0.02s bat=1.00 dist=0.11m
16,5.084,SCOUT,2,-6.526,-4.888,3.000,-0.128,0.557,0.000,0.572,cmd_age=0.02s bat=1.00 dist=0.11m
16,5.084,SCOUT,3,-5.026,-6.388,3.000,-0.128,0.557,0.000,0.572,cmd_age=0.02s bat=1.00 dist=0.11m
16,5.084,SCOUT,4,6.526,-4.889,3.000,0.128,0.556,0.000,0.570,cmd_age=0.02s bat=1.00 dist=0.11m
16,5.084,SCOUT,5,5.026,-3.389,3.000,0.128,0.556,0.000,0.570,cmd_age=0.02s bat=1.00 dist=0.11m
16,5.084,SCOUT,6,3.526,-4.889,3.000,0.128,0.556,0.000,0.570,cmd_age=0.02s bat=1.00 dist=0.11m
16,5.084,SCOUT,7,5.026,-6.389,3.000,0.128,0.556,0.000,0.570,cmd_age=0.02s bat=1.00 dist=0.11m
16,5.084,SCOUT,8,-3.419,4.919,3.000,0.405,-0.404,0.000,0.572,cmd_age=0.02s bat=1.00 dist=0.11m
16,5.084,SCOUT,9,-4.919,6.419,3.000,0.405,-0.404,0.000,0.572,cmd_age=0.02s bat=1.00 dist=0.11m
16,5.084,SCOUT,10,-6.419,4.919,3.000,0.405,-0.404,0.000,0.572,cmd_age=0.02s bat=1.00 dist=0.11m
16,5.084,SCOUT,11,-4.919,3.419,3.000,0.405,-0.404,0.000,0.572,cmd_age=0.02s bat=1.00 dist=0.11m
16,5.084,SCOUT,12,6.419,4.919,3.000,-0.405,-0.404,0.000,0.573,cmd_age=0.02s bat=1.00 dist=0.11m
16,5.084,SCOUT,13,4.919,6.419,3.000,-0.405,-0.404,0.000,0.573,cmd_age=0.02s bat=1.00 dist=0.11m
16,5.084,SCOUT,14,3.419,4.919,3.000,-0.405,-0.404,0.000,0.573,cmd_age=0.02s bat=1.00 dist=0.11m
16,5.084,SCOUT,15,4.919,3.419,3.000,-0.405,-0.404,0.000,0.573,cmd_age=0.02s bat=1.00 dist=0.11m
16,5.084,WORKER,0,-3.122,-4.684,3.000,-0.645,1.678,0.000,1.797,state=MOVING bat=1.00 dist=0.33m
16,5.084,WORKER,1,7.026,-4.662,3.000,0.138,1.792,0.000,1.797,state=MOVING bat=1.00 dist=0.33m
16,5.084,WORKER,2,-2.781,4.742,3.000,1.161,-1.372,0.000,1.797,state=MOVING bat=1.00 dist=0.33m
16,5.084,WORKER,3,6.744,4.778,3.000,-1.358,-1.177,0.000,1.797,state=MOVING bat=1.00 dist=0.33m
17,5.532,GENERAL,0,0.000,0.000,5.000,0.000,0.000,0.000,0.000,N/A
17,5.532,NODE,0,-5.036,-4.842,3.000,-0.137,0.580,0.000,0.596,zone=0 dist=0.15m
17,5.532,NODE,1,5.037,-4.842,3.000,0.133,0.580,0.000,0.595,zone=1 dist=0.15m
17,5.532,NODE,2,-4.885,4.885,3.000,0.421,-0.422,0.000,0.596,zone=2 dist=0.15m
17,5.532,NODE,3,4.885,4.885,3.000,-0.419,-0.422,0.000,0.595,zone=3 dist=0.15m
17,5.532,SCOUT,0,-3.528,-4.879,3.000,-0.130,0.562,0.000,0.577,cmd_age=0.02s bat=1.00 dist=0.12m
17,5.532,SCOUT,1,-5.028,-3.379,3.000,-0.130,0.562,0.000,0.577,cmd_age=0.02s bat=1.00 dist=0.12m
17,5.532,SCOUT,2,-6.528,-4.879,3.000,-0.130,0.562,0.000,0.577,cmd_age=0.02s bat=1.00 dist=0.12m
17,5.532,SCOUT,3,-5.028,-6.379,3.000,-0.130,0.562,0.000,0.577,cmd_age=0.02s bat=1.00 dist=0.12m
17,5.532,SCOUT,4,6.528,-4.879,3.000,0.129,0.561,0.000,0.575,cmd_age=0.02s bat=1.00 dist=0.12m
17,5.532,SCOUT,5,5.028,-3.379,3.000,0.129,0.561,0.000,0.575,cmd_age=0.02s bat=1.00 dist=0.12m
17,5.532,SCOUT,6,3.528,-4.879,3.000,0.129,0.561,0.000,0.575,cmd_age=0.02s bat=1.00 dist=0.12m
17,5.532,SCOUT,7,5.028,-6.379,3.000,0.129,0.561,0.000,0.575,cmd_age=0.02s bat=1.00 dist=0.12m
17,5.532,SCOUT,8,-3.412,4.912,3.000,0.408,-0.408,0.000,0.577,cmd_age=0.02s bat=1.00 dist=0.12m
17,5.532,SCOUT,9,-4.912,6.412,3.000,0.408,-0.408,0.000,0.577,cmd_age=0.02s bat=1.00 dist=0.12m
17,5.532,SCOUT,10,-6.412,4.912,3.000,0.408,-0.408,0.000,0.577,cmd_age=0.02s bat=1.00 dist=0.12m
17,5.532,SCOUT,11,-4.912,3.412,3.000,0.408,-0.408,0.000,0.577,cmd_age=0.02s bat=1.00 dist=0.12m
17,5.532,SCOUT,12,6.412,4.912,3.000,-0.408,-0.408,0.000,0.577,cmd_age=0.02s bat=1.00 dist=0.12m
17,5.532,SCOUT,13,4.912,6.412,3.000,-0.408,-0.408,0.000,0.577,cmd_age=0.02s bat=1.00 dist=0.12m
17,5.532,SCOUT,14,3.412,4.912,3.000,-0.408,-0.408,0.000,0.577,cmd_age=0.02s bat=1.00 dist=0.12m
17,5.532,SCOUT,15,4.912,3.412,3.000,-0.408,-0.408,0.000,0.577,cmd_age=0.02s bat=1.00 dist=0.12m
17,5.532,WORKER,0,-3.132,-4.656,3.000,-0.655,1.703,0.000,1.824,state=MOVING bat=1.00 dist=0.36m
17,5.532,WORKER,1,7.028,-4.632,3.000,0.140,1.819,0.000,1.824,state=MOVING bat=1.00 dist=0.36m
17,5.532,WORKER,2,-2.762,4.718,3.000,1.178,-1.393,0.000,1.824,state=MOVING bat=1.00 dist=0.36m
17,5.532,WORKER,3,6.721,4.758,3.000,-1.379,-1.195,0.000,1.824,state=MOVING bat=1.00 dist=0.36m
18,5.971,GENERAL,0,0.000,0.000,5.000,0.000,0.000,0.000,0.000,N/A
18,5.971,NODE,0,-5.039,-4.832,3.000,-0.135,0.582,0.000,0.598,zone=0 dist=0.16m
18,5.971,NODE,1,5.039,-4.832,3.000,0.135,0.582,0.000,0.598,zone=1 dist=0.16m
18,5.971,NODE,2,-4.878,4.878,3.000,0.425,-0.420,0.000,0.598,zone=2 dist=0.16m
18,5.971,NODE,3,4.878,4.878,3.000,-0.424,-0.423,0.000,0.598,zone=3 dist=0.16m
18,5.971,SCOUT,0,-3.530,-4.870,3.000,-0.131,0.566,0.000,0.581,cmd_age=0.02s bat=1.00 dist=0.13m
18,5.971,SCOUT,1,-5.030,-3.370,3.000,-0.131,0.566,0.000,0.581,cmd_age=0.02s bat=1.00 dist=0.13m
18,5.971,SCOUT,2,-6.530,-4.870,3.000,-0.131,0.566,0.000,0.581,cmd_age=0.02s bat=1.00 dist=0.13m
18,5.971,SCOUT,3,-5.030,-6.370,3.000,-0.131,0.566,0.000,0.581,cmd_age=0.02s bat=1.00 dist=0.13m
18,5.971,SCOUT,4,6.530,-4.870,3.000,0.130,0.565,0.000,0.580,cmd_age=0.02s bat=1.00 dist=0.13m
18,5.971,SCOUT,5,5.030,-3.370,3.000,0.130,0.565,0.000,0.580,cmd_age=0.02s bat=1.00 dist=0.13m
18,5.971,SCOUT,6,3.530,-4.870,3.000,0.130,0.565,0.000,0.580,cmd_age=0.02s bat=1.00 dist=0.13m
18,5.971,SCOUT,7,5.030,-6.370,3.000,0.130,0.565,0.000,0.580,cmd_age=0.02s bat=1.00 dist=0.13m
18,5.971,SCOUT,8,-3.405,4.905,3.000,0.412,-0.410,0.000,0.581,cmd_age=0.02s bat=1.00 dist=0.13m
18,5.971,SCOUT,9,-4.905,6.405,3.000,0.412,-0.410,0.000,0.581,cmd_age=0.02s bat=1.00 dist=0.13m
18,5.971,SCOUT,10,-6.405,4.905,3.000,0.412,-0.410,0.000,0.581,cmd_age=0.02s bat=1.00 dist=0.13m
18,5.971,SCOUT,11,-4.905,3.405,3.000,0.412,-0.410,0.000,0.581,cmd_age=0.02s bat=1.00 dist=0.13m
18,5.971,SCOUT,12,6.405,4.905,3.000,-0.411,-0.411,0.000,0.581,cmd_age=0.02s bat=1.00 dist=0.13m
18,5.971,SCOUT,13,4.905,6.405,3.000,-0.411,-0.411,0.000,0.581,cmd_age=0.02s bat=1.00 dist=0.13m
18,5.971,SCOUT,14,3.405,4.905,3.000,-0.411,-0.411,0.000,0.581,cmd_age=0.02s bat=1.00 dist=0.13m
18,5.971,SCOUT,15,4.905,3.405,3.000,-0.411,-0.411,0.000,0.581,cmd_age=0.02s bat=1.00 dist=0.13m
18,5.971,WORKER,0,-3.144,-4.627,3.000,-0.663,1.725,0.000,1.848,state=MOVING bat=1.00 dist=0.40m
18,5.971,WORKER,1,7.031,-4.601,3.000,0.142,1.842,0.000,1.848,state=MOVING bat=1.00 dist=0.40m
18,5.971,WORKER,2,-2.742,4.695,3.000,1.194,-1.411,0.000,1.848,state=MOVING bat=1.00 dist=0.40m
18,5.971,WORKER,3,6.698,4.738,3.000,-1.396,-1.210,0.000,1.848,state=MOVING bat=1.00 dist=0.40m
19,6.396,GENERAL,0,0.000,0.000,5.000,0.000,0.000,0.000,0.000,N/A
19,6.396,NODE,0,-5.041,-4.822,3.000,-0.135,0.583,0.000,0.599,zone=0 dist=0.17m
19,6.396,NODE,1,5.041,-4.822,3.000,0.133,0.584,0.000,0.599,zone=1 dist=0.17m
19,6.396,NODE,2,-4.871,4.871,3.000,0.422,-0.419,0.000,0.595,zone=2 dist=0.17m
19,6.396,NODE,3,4.871,4.871,3.000,-0.422,-0.423,0.000,0.598,zone=3 dist=0.17m
19,6.396,SCOUT,0,-3.532,-4.860,3.000,-0.132,0.569,0.000,0.584,cmd_age=0.02s bat=1.00 dist=0.14m
19,6.396,SCOUT,1,-5.032,-3.360,3.000,-0.132,0.569,0.000,0.584,cmd_age=0.02s bat=1.00 dist=0.14m
19,6.396,SCOUT,2,-6.532,-4.860,3.000,-0.132,0.569,0.000,0.584,cmd_age=0.02s bat=1.00 dist=0.14m
19,6.396,SCOUT,3,-5.032,-6.360,3.000,-0.132,0.569,0.000,0.584,cmd_age=0.02s bat=1.00 dist=0.14m
19,6.396,SCOUT,4,6.532,-4.860,3.000,0.131,0.569,0.000,0.584,cmd_age=0.02s bat=1.00 dist=0.14m
19,6.396,SCOUT,5,5.032,-3.360,3.000,0.131,0.569,0.000,0.584,cmd_age=0.02s bat=1.00 dist=0.14m
19,6.396,SCOUT,6,3.532,-4.860,3.000,0.131,0.569,0.000,0.584,cmd_age=0.02s bat=1.00 dist=0.14m
19,6.396,SCOUT,7,5.032,-6.360,3.000,0.131,0.569,0.000,0.584,cmd_age=0.02s bat=1.00 dist=0.14m
19,6.396,SCOUT,8,-3.398,4.899,3.000,0.414,-0.412,0.000,0.584,cmd_age=0.02s bat=1.00 dist=0.14m
19,6.396,SCOUT,9,-4.898,6.399,3.000,0.414,-0.412,0.000,0.584,cmd_age=0.02s bat=1.00 dist=0.14m
19,6.396,SCOUT,10,-6.398,4.899,3.000,0.414,-0.412,0.000,0.584,cmd_age=0.02s bat=1.00 dist=0.14m
19,6.396,SCOUT,11,-4.898,3.399,3.000,0.414,-0.412,0.000,0.584,cmd_age=0.02s bat=1.00 dist=0.14m
19,6.396,SCOUT,12,6.399,4.899,3.000,-0.413,-0.413,0.000,0.585,cmd_age=0.02s bat=1.00 dist=0.14m
19,6.396,SCOUT,13,4.899,6.399,3.000,-0.413,-0.413,0.000,0.585,cmd_age=0.02s bat=1.00 dist=0.14m
19,6.396,SCOUT,14,3.399,4.899,3.000,-0.413,-0.413,0.000,0.585,cmd_age=0.02s bat=1.00 dist=0.14m
19,6.396,SCOUT,15,4.899,3.399,3.000,-0.413,-0.413,0.000,0.585,cmd_age=0.02s bat=1.00 dist=0.14m
19,6.396,WORKER,0,-3.155,-4.598,3.000,-0.671,1.744,0.000,1.868,state=MOVING bat=1.00 dist=0.43m
19,6.396,WORKER,1,7.033,-4.570,3.000,0.143,1.863,0.000,1.868,state=MOVING bat=1.00 dist=0.43m
19,6.396,WORKER,2,-2.722,4.671,3.000,1.207,-1.426,0.000,1.868,state=MOVING bat=1.00 dist=0.43m
19,6.396,WORKER,3,6.674,4.718,3.000,-1.412,-1.223,0.000,1.868,state=MOVING bat=1.00 dist=0.43m
20,9.145,GENERAL,0,0.000,0.000,5.000,0.000,0.000,0.000,0.000,N/A
20,9.145,NODE,0,-5.043,-4.813,3.000,-0.135,0.582,0.000,0.598,zone=0 dist=0.18m
20,9.145,NODE,1,5.043,-4.813,3.000,0.132,0.582,0.000,0.597,zone=1 dist=0.18m
20,9.145,NODE,2,-4.864,4.864,3.000,0.422,-0.423,0.000,0.597,zone=2 dist=0.18m
20,9.145,NODE,3,4.864,4.864,3.000,-0.423,-0.420,0.000,0.596,zone=3 dist=0.18m
20,9.145,SCOUT,0,-3.534,-4.851,3.000,-0.133,0.572,0.000,0.587,cmd_age=0.02s bat=1.00 dist=0.15m
20,9.145,SCOUT,1,-5.034,-3.351,3.000,-0.133,0.572,0.000,0.587,cmd_age=0.02s bat=1.00 dist=0.15m
20,9.145,SCOUT,2,-6.534,-4.851,3.000,-0.133,0.572,0.000,0.587,cmd_age=0.02s bat=1.00 dist=0.15m
20,9.145,SCOUT,3,-5.034,-6.351,3.000,-0.133,0.572,0.000,0.587,cmd_age=0.02s bat=1.00 dist=0.15m
20,9.145,SCOUT,4,6.535,-4.851,3.000,0.131,0.571,0.000,0.586,cmd_age=0.02s bat=1.00 dist=0.15m
20,9.145,SCOUT,5,5.035,-3.351,3.000,0.131,0.571,0.000,0.586,cmd_age=0.02s bat=1.00 dist=0.15m
20,9.145,SCOUT,6,3.535,-4.851,3.000,0.131,0.571,0.000,0.586,cmd_age=0.02s bat=1.00 dist=0.15m
20,9.145,SCOUT,7,5.035,-6.351,3.000,0.131,0.571,0.000,0.586,cmd_age=0.02s bat=1.00 dist=0.15m
20,9.145,SCOUT,8,-3.391,4.892,3.000,0.415,-0.414,0.000,0.587,cmd_age=0.02s bat=1.00 dist=0.15m
20,9.145,SCOUT,9,-4.891,6.392,3.000,0.415,-0.414,0.000,0.587,cmd_age=0.02s bat=1.00 dist=0.15m
20,9.145,SCOUT,10,-6.391,4.892,3.000,0.415,-0.414,0.000,0.587,cmd_age=0.02s bat=1.00 dist=0.15m
20,9.145,SCOUT,11,-4.891,3.392,3.000,0.415,-0.414,0.000,0.587,cmd_age=0.02s bat=1.00 dist=0.15m
20,9.145,SCOUT,12,6.392,4.892,3.000,-0.415,-0.415,0.000,0.587,cmd_age=0.02s bat=1.00 dist=0.15m
20,9.145,SCOUT,13,4.892,6.392,3.000,-0.415,-0.415,0.000,0.587,cmd_age=0.02s bat=1.00 dist=0.15m
20,9.145,SCOUT,14,3.392,4.892,3.000,-0.415,-0.415,0.000,0.587,cmd_age=0.02s bat=1.00 dist=0.15m
20,9.145,SCOUT,15,4.892,3.392,3.000,-0.415,-0.415,0.000,0.587,cmd_age=0.02s bat=1.00 dist=0.15m
20,9.145,WORKER,0,-3.166,-4.568,3.000,-0.677,1.760,0.000,1.886,state=MOVING bat=1.00 dist=0.46m
20,9.145,WORKER,1,7.035,-4.539,3.000,0.145,1.880,0.000,1.886,state=MOVING bat=1.00 dist=0.46m
20,9.145,WORKER,2,-2.701,4.647,3.000,1.218,-1.440,0.000,1.886,state=MOVING bat=1.00 dist=0.46m
20,9.145,WORKER,3,6.651,4.697,3.000,-1.425,-1.235,0.000,1.886,state=MOVING bat=1.00 dist=0.46m
21,9.334,GENERAL,0,0.000,0.000,5.000,0.000,0.000,0.000,0.000,N/A
21,9.334,NODE,0,-5.046,-4.803,3.000,-0.137,0.582,0.000,0.598,zone=0 dist=0.19m
21,9.334,NODE,1,5.046,-4.803,3.000,0.131,0.584,0.000,0.599,zone=1 dist=0.19m
21,9.334,NODE,2,-4.857,4.857,3.000,0.421,-0.422,0.000,0.596,zone=2 dist=0.19m
21,9.334,NODE,3,4.857,4.857,3.000,-0.424,-0.425,0.000,0.601,zone=3 dist=0.19m
21,9.334,SCOUT,0,-3.537,-4.841,3.000,-0.133,0.574,0.000,0.589,cmd_age=0.02s bat=1.00 dist=0.16m
21,9.334,SCOUT,1,-5.037,-3.341,3.000,-0.133,0.574,0.000,0.589,cmd_age=0.02s bat=1.00 dist=0.16m
21,9.334,SCOUT,2,-6.537,-4.841,3.000,-0.133,0.574,0.000,0.589,cmd_age=0.02s bat=1.00 dist=0.16m
21,9.334,SCOUT,3,-5.037,-6.341,3.000,-0.133,0.574,0.000,0.589,cmd_age=0.02s bat=1.00 dist=0.16m
21,9.334,SCOUT,4,6.537,-4.841,3.000,0.131,0.574,0.000,0.589,cmd_age=0.02s bat=1.00 dist=0.16m
21,9.334,SCOUT,5,5.037,-3.341,3.000,0.131,0.574,0.000,0.589,cmd_age=0.02s bat=1.00 dist=0.16m
21,9.334,SCOUT,6,3.537,-4.841,3.000,0.131,0.574,0.000,0.589,cmd_age=0.02s bat=1.00 dist=0.16m
21,9.334,SCOUT,7,5.037,-6.341,3.000,0.131,0.574,0.000,0.589,cmd_age=0.02s bat=1.00 dist=0.16m
21,9.334,SCOUT,8,-3.384,4.885,3.000,0.416,-0.416,0.000,0.588,cmd_age=0.02s bat=1.00 dist=0.16m
21,9.334,SCOUT,9,-4.884,6.385,3.000,0.416,-0.416,0.000,0.588,cmd_age=0.02s bat=1.00 dist=0.16m
21,9.334,SCOUT,10,-6.384,4.885,3.000,0.416,-0.416,0.000,0.588,cmd_age=0.02s bat=1.00 dist=0.16m
21,9.334,SCOUT,11,-4.884,3.385,3.000,0.416,-0.416,0.000,0.588,cmd_age=0.02s bat=1.00 dist=0.16m
21,9.334,SCOUT,12,6.385,4.885,3.000,-0.417,-0.417,0.000,0.590,cmd_age=0.02s bat=1.00 dist=0.16m
21,9.334,SCOUT,13,4.885,6.385,3.000,-0.417,-0.417,0.000,0.590,cmd_age=0.02s bat=1.00 dist=0.16m
21,9.334,SCOUT,14,3.385,4.885,3.000,-0.417,-0.417,0.000,0.590,cmd_age=0.02s bat=1.00 dist=0.16m
21,9.334,SCOUT,15,4.885,3.385,3.000,-0.417,-0.417,0.000,0.590,cmd_age=0.02s bat=1.00 dist=0.16m
21,9.334,WORKER,0,-3.177,-4.539,3.000,-0.682,1.774,0.000,1.901,state=MOVING bat=1.00 dist=0.49m
21,9.334,WORKER,1,7.038,-4.507,3.000,0.146,1.895,0.000,1.901,state=MOVING bat=1.00 dist=0.49m
21,9.334,WORKER,2,-2.681,4.623,3.000,1.228,-1.451,0.000,1.901,state=MOVING bat=1.00 dist=0.49m
21,9.334,WORKER,3,6.627,4.676,3.000,-1.437,-1.245,0.000,1.901,state=MOVING bat=1.00 dist=0.49m
22,9.879,GENERAL,0,0.000,0.000,5.000,0.000,0.000,0.000,0.000,N/A
22,9.879,NODE,0,-5.048,-4.793,3.000,-0.132,0.583,0.000,0.598,zone=0 dist=0.20m
22,9.879,NODE,1,5.048,-4.793,3.000,0.134,0.583,0.000,0.598,zone=1 dist=0.20m
22,9.879,NODE,2,-4.850,4.850,3.000,0.422,-0.427,0.000,0.600,zone=2 dist=0.20m
22,9.879,NODE,3,4.850,4.850,3.000,-0.424,-0.423,0.000,0.599,zone=3 dist=0.20m
22,9.879,SCOUT,0,-3.539,-4.832,3.000,-0.133,0.576,0.000,0.591,cmd_age=0.02s bat=1.00 dist=0.17m
22,9.879,SCOUT,1,-5.039,-3.332,3.000,-0.133,0.576,0.000,0.591,cmd_age=0.02s bat=1.00 dist=0.17m
22,9.879,SCOUT,2,-6.539,-4.832,3.000,-0.133,0.576,0.000,0.591,cmd_age=0.02s bat=1.00 dist=0.17m
22,9.879,SCOUT,3,-5.039,-6.332,3.000,-0.133,0.576,0.000,0.591,cmd_age=0.02s bat=1.00 dist=0.17m
22,9.879,SCOUT,4,6.539,-4.832,3.000,0.132,0.576,0.000,0.591,cmd_age=0.02s bat=1.00 dist=0.17m
22,9.879,SCOUT,5,5.039,-3.332,3.000,0.132,0.576,0.000,0.591,cmd_age=0.02s bat=1.00 dist=0.17m
22,9.879,SCOUT,6,3.539,-4.832,3.000,0.132,0.576,0.000,0.591,cmd_age=0.02s bat=1.00 dist=0.17m
22,9.879,SCOUT,7,5.039,-6.332,3.000,0.132,0.576,0.000,0.591,cmd_age=0.02s bat=1.00 dist=0.17m
22,9.879,SCOUT,8,-3.378,4.878,3.000,0.418,-0.418,0.000,0.591,cmd_age=0.02s bat=1.00 dist=0.17m
22,9.879,SCOUT,9,-4.878,6.378,3.000,0.418,-0.418,0.000,0.591,cmd_age=0.02s bat=1.00 dist=0.17m
22,9.879,SCOUT,10,-6.378,4.878,3.000,0.418,-0.418,0.000,0.591,cmd_age=0.02s bat=1.00 dist=0.17m
22,9.879,SCOUT,11,-4.878,3.378,3.000,0.418,-0.418,0.000,0.591,cmd_age=0.02s bat=1.00 dist=0.17m
22,9.879,SCOUT,12,6.378,4.878,3.000,-0.418,-0.418,0.000,0.592,cmd_age=0.02s bat=1.00 dist=0.17m
22,9.879,SCOUT,13,4.878,6.378,3.000,-0.418,-0.418,0.000,0.592,cmd_age=0.02s bat=1.00 dist=0.17m
22,9.879,SCOUT,14,3.378,4.878,3.000,-0.418,-0.418,0.000,0.592,cmd_age=0.02s bat=1.00 dist=0.17m
22,9.879,SCOUT,15,4.878,3.378,3.000,-0.418,-0.418,0.000,0.592,cmd_age=0.02s bat=1.00 dist=0.17m
22,9.879,WORKER,0,-3.189,-4.509,3.000,-0.687,1.787,0.000,1.914,state=MOVING bat=1.00 dist=0.52m
22,9.879,WORKER,1,7.040,-4.476,3.000,0.147,1.909,0.000,1.914,state=MOVING bat=1.00 dist=0.52m
22,9.879,WORKER,2,-2.660,4.598,3.000,1.236,-1.461,0.000,1.914,state=MOVING bat=1.00 dist=0.52m
22,9.879,WORKER,3,6.603,4.656,3.000,-1.446,-1.254,0.000,1.914,state=MOVING bat=1.00 dist=0.52m
23,10.071,GENERAL,0,0.000,0.000,5.000,0.000,0.000,0.000,0.000,N/A
23,10.071,NODE,0,-5.050,-4.783,3.000,-0.133,0.585,0.000,0.600,zone=0 dist=0.21m
23,10.071,NODE,1,5.050,-4.784,3.000,0.135,0.582,0.000,0.598,zone=1 dist=0.21m
23,10.071,NODE,2,-4.843,4.843,3.000,0.426,-0.424,0.000,0.601,zone=2 dist=0.21m
23,10.071,NODE,3,4.843,4.843,3.000,-0.424,-0.422,0.000,0.598,zone=3 dist=0.21m
23,10.071,SCOUT,0,-3.541,-4.822,3.000,-0.133,0.578,0.000,0.593,cmd_age=0.02s bat=1.00 dist=0.18m
23,10.071,SCOUT,1,-5.041,-3.322,3.000,-0.133,0.578,0.000,0.593,cmd_age=0.02s bat=1.00 dist=0.18m
23,10.071,SCOUT,2,-6.541,-4.822,3.000,-0.133,0.578,0.000,0.593,cmd_age=0.02s bat=1.00 dist=0.18m
23,10.071,SCOUT,3,-5.041,-6.322,3.000,-0.133,0.578,0.000,0.593,cmd_age=0.02s bat=1.00 dist=0.18m
23,10.071,SCOUT,4,6.541,-4.822,3.000,0.133,0.577,0.000,0.592,cmd_age=0.02s bat=1.00 dist=0.18m
23,10.071,SCOUT,5,5.041,-3.322,3.000,0.133,0.577,0.000,0.592,cmd_age=0.02s bat=1.00 dist=0.18m
23,10.071,SCOUT,6,3.541,-4.822,3.000,0.133,0.577,0.000,0.592,cmd_age=0.02s bat=1.00 dist=0.18m
23,10.071,SCOUT,7,5.041,-6.322,3.000,0.133,0.577,0.000,0.592,cmd_age=0.02s bat=1.00 dist=0.18m
23,10.071,SCOUT,8,-3.371,4.871,3.000,0.419,-0.419,0.000,0.593,cmd_age=0.02s bat=1.00 dist=0.18m
23,10.071,SCOUT,9,-4.871,6.371,3.000,0.419,-0.419,0.000,0.593,cmd_age=0.02s bat=1.00 dist=0.18m
23,10.071,SCOUT,10,-6.371,4.871,3.000,0.419,-0.419,0.000,0.593,cmd_age=0.02s bat=1.00 dist=0.18m
23,10.071,SCOUT,11,-4.871,3.371,3.000,0.419,-0.419,0.000,0.593,cmd_age=0.02s bat=1.00 dist=0.18m
23,10.071,SCOUT,12,6.371,4.871,3.000,-0.420,-0.419,0.000,0.593,cmd_age=0.02s bat=1.00 dist=0.18m
23,10.071,SCOUT,13,4.871,6.371,3.000,-0.420,-0.419,0.000,0.593,cmd_age=0.02s bat=1.00 dist=0.18m
23,10.071,SCOUT,14,3.371,4.871,3.000,-0.420,-0.419,0.000,0.593,cmd_age=0.02s bat=1.00 dist=0.18m
23,10.071,SCOUT,15,4.871,3.371,3.000,-0.420,-0.419,0.000,0.593,cmd_age=0.02s bat=1.00 dist=0.18m
23,10.071,WORKER,0,-3.200,-4.479,3.000,-0.691,1.797,0.000,1.926,state=MOVING bat=1.00 dist=0.55m
23,10.071,WORKER,1,7.043,-4.444,3.000,0.148,1.920,0.000,1.926,state=MOVING bat=1.00 dist=0.55m
23,10.071,WORKER,2,-2.640,4.574,3.000,1.244,-1.470,0.000,1.926,state=MOVING bat=1.00 dist=0.55m
23,10.071,WORKER,3,6.578,4.635,3.000,-1.455,-1.261,0.000,1.926,state=MOVING bat=1.00 dist=0.55m
24,10.978,GENERAL,0,0.000,0.000,5.000,0.000,0.000,0.000,0.000,N/A
24,10.978,NODE,0,-5.052,-4.774,3.000,-0.132,0.584,0.000,0.599,zone=0 dist=0.22m
24,10.978,NODE,1,5.052,-4.774,3.000,0.136,0.581,0.000,0.597,zone=1 dist=0.22m
24,10.978,NODE,2,-4.835,4.836,3.000,0.425,-0.425,0.000,0.601,zone=2 dist=0.22m
24,10.978,NODE,3,4.836,4.836,3.000,-0.424,-0.423,0.000,0.599,zone=3 dist=0.22m
24,10.978,SCOUT,0,-3.543,-4.812,3.000,-0.133,0.579,0.000,0.594,cmd_age=0.02s bat=1.00 dist=0.19m
24,10.978,SCOUT,1,-5.043,-3.312,3.000,-0.133,0.579,0.000,0.594,cmd_age=0.02s bat=1.00 dist=0.19m
24,10.978,SCOUT,2,-6.543,-4.812,3.000,-0.133,0.579,0.000,0.594,cmd_age=0.02s bat=1.00 dist=0.19m
24,10.978,SCOUT,3,-5.043,-6.312,3.000,-0.133,0.579,0.000,0.594,cmd_age=0.02s bat=1.00 dist=0.19m
24,10.978,SCOUT,4,6.543,-4.812,3.000,0.133,0.578,0.000,0.593,cmd_age=0.02s bat=1.00 dist=0.19m
24,10.978,SCOUT,5,5.043,-3.312,3.000,0.133,0.578,0.000,0.593,cmd_age=0.02s bat=1.00 dist=0.19m
24,10.978,SCOUT,6,3.543,-4.812,3.000,0.133,0.578,0.000,0.593,cmd_age=0.02s bat=1.00 dist=0.19m
24,10.978,SCOUT,7,5.043,-6.312,3.000,0.133,0.578,0.000,0.593,cmd_age=0.02s bat=1.00 dist=0.19m
24,10.978,SCOUT,8,-3.364,4.864,3.000,0.420,-0.420,0.000,0.594,cmd_age=0.02s bat=1.00 dist=0.19m
24,10.978,SCOUT,9,-4.864,6.364,3.000,0.420,-0.420,0.000,0.594,cmd_age=0.02s bat=1.00 dist=0.19m
24,10.978,SCOUT,10,-6.364,4.864,3.000,0.420,-0.420,0.000,0.594,cmd_age=0.02s bat=1.00 dist=0.19m
24,10.978,SCOUT,11,-4.864,3.364,3.000,0.420,-0.420,0.000,0.594,cmd_age=0.02s bat=1.00 dist=0.19m
24,10.978,SCOUT,12,6.364,4.864,3.000,-0.420,-0.420,0.000,0.594,cmd_age=0.02s bat=1.00 dist=0.19m
24,10.978,SCOUT,13,4.864,6.364,3.000,-0.420,-0.420,0.000,0.594,cmd_age=0.02s bat=1.00 dist=0.19m
24,10.978,SCOUT,14,3.364,4.864,3.000,-0.420,-0.420,0.000,0.594,cmd_age=0.02s bat=1.00 dist=0.19m
24,10.978,SCOUT,15,4.864,3.364,3.000,-0.420,-0.420,0.000,0.594,cmd_age=0.02s bat=1.00 dist=0.19m
24,10.978,WORKER,0,-3.212,-4.449,3.000,-0.695,1.807,0.000,1.936,state=MOVING bat=1.00 dist=0.59m
24,10.978,WORKER,1,7.045,-4.411,3.000,0.148,1.930,0.000,1.936,state=MOVING bat=1.00 dist=0.59m
24,10.978,WORKER,2,-2.619,4.549,3.000,1.250,-1.478,0.000,1.936,state=MOVING bat=1.00 dist=0.59m
24,10.978,WORKER,3,6.554,4.613,3.000,-1.463,-1.268,0.000,1.936,state=MOVING bat=1.00 dist=0.59m
25,11.495,GENERAL,0,0.000,0.000,5.000,0.000,0.000,0.000,0.000,N/A
25,11.495,NODE,0,-5.054,-4.764,3.000,-0.133,0.584,0.000,0.599,zone=0 dist=0.23m
25,11.495,NODE,1,5.055,-4.764,3.000,0.134,0.584,0.000,0.599,zone=1 dist=0.23m
25,11.495,NODE,2,-4.828,4.829,3.000,0.423,-0.425,0.000,0.600,zone=2 dist=0.23m
25,11.495,NODE,3,4.829,4.829,3.000,-0.424,-0.425,0.000,0.600,zone=3 dist=0.23m
25,11.495,SCOUT,0,-3.546,-4.803,3.000,-0.133,0.580,0.000,0.595,cmd_age=0.02s bat=1.00 dist=0.20m
25,11.495,SCOUT,1,-5.046,-3.303,3.000,-0.133,0.580,0.000,0.595,cmd_age=0.02s bat=1.00 dist=0.20m
25,11.495,SCOUT,2,-6.546,-4.803,3.000,-0.133,0.580,0.000,0.595,cmd_age=0.02s bat=1.00 dist=0.20m
25,11.495,SCOUT,3,-5.046,-6.303,3.000,-0.133,0.580,0.000,0.595,cmd_age=0.02s bat=1.00 dist=0.20m
25,11.495,SCOUT,4,6.546,-4.803,3.000,0.133,0.579,0.000,0.594,cmd_age=0.02s bat=1.00 dist=0.20m
25,11.495,SCOUT,5,5.046,-3.303,3.000,0.133,0.579,0.000,0.594,cmd_age=0.02s bat=1.00 dist=0.20m
25,11.495,SCOUT,6,3.546,-4.803,3.000,0.133,0.579,0.000,0.594,cmd_age=0.02s bat=1.00 dist=0.20m
25,11.495,SCOUT,7,5.046,-6.303,3.000,0.133,0.579,0.000,0.594,cmd_age=0.02s bat=1.00 dist=0.20m
25,11.495,SCOUT,8,-3.356,4.857,3.000,0.421,-0.421,0.000,0.595,cmd_age=0.02s bat=1.00 dist=0.20m
25,11.495,SCOUT,9,-4.856,6.357,3.000,0.421,-0.421,0.000,0.595,cmd_age=0.02s bat=1.00 dist=0.20m
25,11.495,SCOUT,10,-6.356,4.857,3.000,0.421,-0.421,0.000,0.595,cmd_age=0.02s bat=1.00 dist=0.20m
25,11.495,SCOUT,11,-4.856,3.357,3.000,0.421,-0.421,0.000,0.595,cmd_age=0.02s bat=1.00 dist=0.20m
25,11.495,SCOUT,12,6.357,4.857,3.000,-0.421,-0.421,0.000,0.595,cmd_age=0.02s bat=1.00 dist=0.20m
25,11.495,SCOUT,13,4.857,6.357,3.000,-0.421,-0.421,0.000,0.595,cmd_age=0.02s bat=1.00 dist=0.20m
25,11.495,SCOUT,14,3.357,4.857,3.000,-0.421,-0.421,0.000,0.595,cmd_age=0.02s bat=1.00 dist=0.20m
25,11.495,SCOUT,15,4.857,3.357,3.000,-0.421,-0.421,0.000,0.595,cmd_age=0.02s bat=1.00 dist=0.20m
25,11.495,WORKER,0,-3.224,-4.419,3.000,-0.698,1.815,0.000,1.944,state=MOVING bat=1.00 dist=0.62m
25,11.495,WORKER,1,7.048,-4.379,3.000,0.149,1.938,0.000,1.944,state=MOVING bat=1.00 dist=0.62m
25,11.495,WORKER,2,-2.598,4.525,3.000,1.256,-1.484,0.000,1.944,state=MOVING bat=1.00 dist=0.62m
25,11.495,WORKER,3,6.529,4.592,3.000,-1.469,-1.273,0.000,1.944,state=MOVING bat=1.00 dist=0.62m
26,11.719,GENERAL,0,0.000,0.000,5.000,0.000,0.000,0.000,0.000,N/A
26,11.719,NODE,0,-5.057,-4.754,3.000,-0.132,0.585,0.000,0.600,zone=0 dist=0.24m
26,11.719,NODE,1,5.057,-4.754,3.000,0.138,0.587,0.000,0.603,zone=1 dist=0.24m
26,11.719,NODE,2,-4.821,4.822,3.000,0.424,-0.421,0.000,0.597,zone=2 dist=0.24m
26,11.719,NODE,3,4.822,4.822,3.000,-0.422,-0.427,0.000,0.600,zone=3 dist=0.24m
26,11.719,SCOUT,0,-3.548,-4.793,3.000,-0.133,0.581,0.000,0.596,cmd_age=0.02s bat=1.00 dist=0.21m
26,11.719,SCOUT,1,-5.048,-3.293,3.000,-0.133,0.581,0.000,0.596,cmd_age=0.02s bat=1.00 dist=0.21m
26,11.719,SCOUT,2,-6.548,-4.793,3.000,-0.133,0.581,0.000,0.596,cmd_age=0.02s bat=1.00 dist=0.21m
26,11.719,SCOUT,3,-5.048,-6.293,3.000,-0.133,0.581,0.000,0.596,cmd_age=0.02s bat=1.00 dist=0.21m
26,11.719,SCOUT,4,6.548,-4.793,3.000,0.134,0.581,0.000,0.596,cmd_age=0.02s bat=1.00 dist=0.21m
26,11.719,SCOUT,5,5.048,-3.293,3.000,0.134,0.581,0.000,0.596,cmd_age=0.02s bat=1.00 dist=0.21m
26,11.719,SCOUT,6,3.548,-4.793,3.000,0.134,0.581,0.000,0.596,cmd_age=0.02s bat=1.00 dist=0.21m
26,11.719,SCOUT,7,5.048,-6.293,3.000,0.134,0.581,0.000,0.596,cmd_age=0.02s bat=1.00 dist=0.21m
26,11.719,SCOUT,8,-3.349,4.850,3.000,0.421,-0.421,0.000,0.596,cmd_age=0.02s bat=1.00 dist=0.21m
26,11.719,SCOUT,9,-4.849,6.350,3.000,0.421,-0.421,0.000,0.596,cmd_age=0.02s bat=1.00 dist=0.21m
26,11.719,SCOUT,10,-6.349,4.850,3.000,0.421,-0.421,0.000,0.596,cmd_age=0.02s bat=1.00 dist=0.21m
26,11.719,SCOUT,11,-4.849,3.350,3.000,0.421,-0.421,0.000,0.596,cmd_age=0.02s bat=1.00 dist=0.21m
26,11.719,SCOUT,12,6.350,4.850,3.000,-0.421,-0.422,0.000,0.596,cmd_age=0.02s bat=1.00 dist=0.21m
26,11.719,SCOUT,13,4.850,6.350,3.000,-0.421,-0.422,0.000,0.596,cmd_age=0.02s bat=1.00 dist=0.21m
26,11.719,SCOUT,14,3.350,4.850,3.000,-0.421,-0.422,0.000,0.596,cmd_age=0.02s bat=1.00 dist=0.21m
26,11.719,SCOUT,15,4.850,3.350,3.000,-0.421,-0.422,0.000,0.596,cmd_age=0.02s bat=1.00 dist=0.21m
26,11.719,WORKER,0,-3.235,-4.388,3.000,-0.701,1.821,0.000,1.952,state=MOVING bat=1.00 dist=0.65m
26,11.719,WORKER,1,7.050,-4.347,3.000,0.150,1.946,0.000,1.952,state=MOVING bat=1.00 dist=0.65m
26,11.719,WORKER,2,-2.577,4.500,3.000,1.261,-1.490,0.000,1.952,state=MOVING bat=1.00 dist=0.65m
26,11.719,WORKER,3,6.505,4.571,3.000,-1.475,-1.278,0.000,1.952,state=MOVING bat=1.00 dist=0.65m
27,11.933,GENERAL,0,0.000,0.000,5.000,0.000,0.000,0.000,0.000,N/A
27,11.933,NODE,0,-5.059,-4.744,3.000,-0.136,0.585,0.000,0.601,zone=0 dist=0.25m
27,11.933,NODE,1,5.059,-4.745,3.000,0.136,0.580,0.000,0.596,zone=1 dist=0.25m
27,11.933,NODE,2,-4.814,4.815,3.000,0.425,-0.425,0.000,0.601,zone=2 dist=0.25m
27,11.933,NODE,3,4.814,4.815,3.000,-0.422,-0.424,0.000,0.598,zone=3 dist=0.25m
27,11.933,SCOUT,0,-3.550,-4.783,3.000,-0.133,0.582,0.000,0.597,cmd_age=0.02s bat=1.00 dist=0.22m
27,11.933,SCOUT,1,-5.050,-3.283,3.000,-0.133,0.582,0.000,0.597,cmd_age=0.02s bat=1.00 dist=0.22m
27,11.933,SCOUT,2,-6.550,-4.783,3.000,-0.133,0.582,0.000,0.597,cmd_age=0.02s bat=1.00 dist=0.22m
27,11.933,SCOUT,3,-5.050,-6.283,3.000,-0.133,0.582,0.000,0.597,cmd_age=0.02s bat=1.00 dist=0.22m
27,11.933,SCOUT,4,6.550,-4.783,3.000,0.135,0.581,0.000,0.596,cmd_age=0.02s bat=1.00 dist=0.22m
27,11.933,SCOUT,5,5.050,-3.283,3.000,0.135,0.581,0.000,0.596,cmd_age=0.02s bat=1.00 dist=0.22m
27,11.933,SCOUT,6,3.550,-4.783,3.000,0.135,0.581,0.000,0.596,cmd_age=0.02s bat=1.00 dist=0.22m
27,11.933,SCOUT,7,5.050,-6.283,3.000,0.135,0.581,0.000,0.596,cmd_age=0.02s bat=1.00 dist=0.22m
27,11.933,SCOUT,8,-3.342,4.843,3.000,0.422,-0.422,0.000,0.597,cmd_age=0.02s bat=1.00 dist=0.22m
27,11.933,SCOUT,9,-4.842,6.343,3.000,0.422,-0.422,0.000,0.597,cmd_age=0.02s bat=1.00 dist=0.22m
27,11.933,SCOUT,10,-6.342,4.843,3.000,0.422,-0.422,0.000,0.597,cmd_age=0.02s bat=1.00 dist=0.22m
27,11.933,SCOUT,11,-4.842,3.343,3.000,0.422,-0.422,0.000,0.597,cmd_age=0.02s bat=1.00 dist=0.22m
27,11.933,SCOUT,12,6.343,4.843,3.000,-0.422,-0.422,0.000,0.597,cmd_age=0.02s bat=1.00 dist=0.22m
27,11.933,SCOUT,13,4.843,6.343,3.000,-0.422,-0.422,0.000,0.597,cmd_age=0.02s bat=1.00 dist=0.22m
27,11.933,SCOUT,14,3.343,4.843,3.000,-0.422,-0.422,0.000,0.597,cmd_age=0.02s bat=1.00 dist=0.22m
27,11.933,SCOUT,15,4.843,3.343,3.000,-0.422,-0.422,0.000,0.597,cmd_age=0.02s bat=1.00 dist=0.22m
27,11.933,WORKER,0,-3.247,-4.358,3.000,-0.703,1.828,0.000,1.958,state=MOVING bat=1.00 dist=0.68m
27,11.933,WORKER,1,7.053,-4.314,3.000,0.150,1.952,0.000,1.958,state=MOVING bat=1.00 dist=0.68m
27,11.933,WORKER,2,-2.556,4.475,3.000,1.265,-1.495,0.000,1.958,state=MOVING bat=1.00 dist=0.68m
27,11.933,WORKER,3,6.480,4.549,3.000,-1.480,-1.282,0.000,1.958,state=MOVING bat=1.00 dist=0.68m
28,12.334,GENERAL,0,0.000,0.000,5.000,0.000,0.000,0.000,0.000,N/A
28,12.334,NODE,0,-5.061,-4.735,3.000,-0.133,0.584,0.000,0.599,zone=0 dist=0.26m
28,12.334,NODE,1,5.061,-4.735,3.000,0.134,0.584,0.000,0.599,zone=1 dist=0.26m
28,12.334,NODE,2,-4.807,4.807,3.000,0.424,-0.423,0.000,0.600,zone=2 dist=0.26m
28,12.334,NODE,3,4.807,4.807,3.000,-0.423,-0.426,0.000,0.600,zone=3 dist=0.26m
28,12.334,SCOUT,0,-3.552,-4.773,3.000,-0.133,0.582,0.000,0.597,cmd_age=0.02s bat=1.00 dist=0.23m
28,12.334,SCOUT,1,-5.052,-3.273,3.000,-0.133,0.582,0.000,0.597,cmd_age=0.02s bat=1.00 dist=0.23m
28,12.334,SCOUT,2,-6.552,-4.773,3.000,-0.133,0.582,0.000,0.597,cmd_age=0.02s bat=1.00 dist=0.23m
28,12.334,SCOUT,3,-5.052,-6.273,3.000,-0.133,0.582,0.000,0.597,cmd_age=0.02s bat=1.00 dist=0.23m
28,12.334,SCOUT,4,6.552,-4.774,3.000,0.135,0.581,0.000,0.597,cmd_age=0.02s bat=1.00 dist=0.23m
28,12.334,SCOUT,5,5.052,-3.274,3.000,0.135,0.581,0.000,0.597,cmd_age=0.02s bat=1.00 dist=0.23m
28,12.334,SCOUT,6,3.552,-4.774,3.000,0.135,0.581,0.000,0.597,cmd_age=0.02s bat=1.00 dist=0.23m
28,12.334,SCOUT,7,5.052,-6.274,3.000,0.135,0.581,0.000,0.597,cmd_age=0.02s bat=1.00 dist=0.23m
28,12.334,SCOUT,8,-3.335,4.836,3.000,0.423,-0.422,0.000,0.597,cmd_age=0.02s bat=1.00 dist=0.23m
28,12.334,SCOUT,9,-4.835,6.336,3.000,0.423,-0.422,0.000,0.597,cmd_age=0.02s bat=1.00 dist=0.23m
28,12.334,SCOUT,10,-6.335,4.836,3.000,0.423,-0.422,0.000,0.597,cmd_age=0.02s bat=1.00 dist=0.23m
28,12.334,SCOUT,11,-4.835,3.336,3.000,0.423,-0.422,0.000,0.597,cmd_age=0.02s bat=1.00 dist=0.23m
28,12.334,SCOUT,12,6.336,4.836,3.000,-0.422,-0.423,0.000,0.597,cmd_age=0.02s bat=1.00 dist=0.23m
28,12.334,SCOUT,13,4.836,6.336,3.000,-0.422,-0.423,0.000,0.597,cmd_age=0.02s bat=1.00 dist=0.23m
28,12.334,SCOUT,14,3.336,4.836,3.000,-0.422,-0.423,0.000,0.597,cmd_age=0.02s bat=1.00 dist=0.23m
28,12.334,SCOUT,15,4.836,3.336,3.000,-0.422,-0.423,0.000,0.597,cmd_age=0.02s bat=1.00 dist=0.23m
28,12.334,WORKER,0,-3.259,-4.327,3.000,-0.705,1.833,0.000,1.964,state=MOVING bat=1.00 dist=0.72m
28,12.334,WORKER,1,7.055,-4.282,3.000,0.151,1.958,0.000,1.964,state=MOVING bat=1.00 dist=0.72m
28,12.334,WORKER,2,-2.535,4.450,3.000,1.268,-1.499,0.000,1.964,state=MOVING bat=1.00 dist=0.72m
28,12.334,WORKER,3,6.455,4.528,3.000,-1.484,-1.286,0.000,1.964,state=MOVING bat=1.00 dist=0.72m
29,12.540,GENERAL,0,0.000,0.000,5.000,0.000,0.000,0.000,0.000,N/A
29,12.540,NODE,0,-5.063,-4.725,3.000,-0.135,0.584,0.000,0.600,zone=0 dist=0.27m
29,12.540,NODE,1,5.064,-4.725,3.000,0.133,0.588,0.000,0.603,zone=1 dist=0.27m
29,12.540,NODE,2,-4.800,4.800,3.000,0.423,-0.425,0.000,0.600,zone=2 dist=0.27m
29,12.540,NODE,3,4.800,4.800,3.000,-0.424,-0.422,0.000,0.598,zone=3 dist=0.27m
29,12.540,SCOUT,0,-3.554,-4.764,3.000,-0.134,0.583,0.000,0.598,cmd_age=0.02s bat=1.00 dist=0.24m
29,12.540,SCOUT,1,-5.054,-3.264,3.000,-0.134,0.583,0.000,0.598,cmd_age=0.02s bat=1.00 dist=0.24m
29,12.540,SCOUT,2,-6.554,-4.764,3.000,-0.134,0.583,0.000,0.598,cmd_age=0.02s bat=1.00 dist=0.24m
29,12.540,SCOUT,3,-5.054,-6.264,3.000,-0.134,0.583,0.000,0.598,cmd_age=0.02s bat=1.00 dist=0.24m
29,12.540,SCOUT,4,6.555,-4.764,3.000,0.134,0.583,0.000,0.598,cmd_age=0.02s bat=1.00 dist=0.24m
29,12.540,SCOUT,5,5.055,-3.264,3.000,0.134,0.583,0.000,0.598,cmd_age=0.02s bat=1.00 dist=0.24m
29,12.540,SCOUT,6,3.555,-4.764,3.000,0.134,0.583,0.000,0.598,cmd_age=0.02s bat=1.00 dist=0.24m
29,12.540,SCOUT,7,5.055,-6.264,3.000,0.134,0.583,0.000,0.598,cmd_age=0.02s bat=1.00 dist=0.24m
29,12.540,SCOUT,8,-3.328,4.829,3.000,0.423,-0.423,0.000,0.598,cmd_age=0.02s bat=1.00 dist=0.24m
29,12.540,SCOUT,9,-4.828,6.329,3.000,0.423,-0.423,0.000,0.598,cmd_age=0.02s bat=1.00 dist=0.24m
29,12.540,SCOUT,10,-6.328,4.829,3.000,0.423,-0.423,0.000,0.598,cmd_age=0.02s bat=1.00 dist=0.24m
29,12.540,SCOUT,11,-4.828,3.329,3.000,0.423,-0.423,0.000,0.598,cmd_age=0.02s bat=1.00 dist=0.24m
29,12.540,SCOUT,12,6.329,4.829,3.000,-0.422,-0.423,0.000,0.597,cmd_age=0.02s bat=1.00 dist=0.24m
29,12.540,SCOUT,13,4.829,6.329,3.000,-0.422,-0.423,0.000,0.597,cmd_age=0.02s bat=1.00 dist=0.24m
29,12.540,SCOUT,14,3.329,4.829,3.000,-0.422,-0.423,0.000,0.597,cmd_age=0.02s bat=1.00 dist=0.24m
29,12.540,SCOUT,15,4.829,3.329,3.000,-0.422,-0.423,0.000,0.597,cmd_age=0.02s bat=1.00 dist=0.24m
29,12.540,WORKER,0,-3.270,-4.297,3.000,-0.707,1.837,0.000,1.968,state=MOVING bat=1.00 dist=0.75m
29,12.540,WORKER,1,7.058,-4.249,3.000,0.151,1.963,0.000,1.968,state=MOVING bat=1.00 dist=0.75m
29,12.540,WORKER,2,-2.513,4.425,3.000,1.272,-1.503,0.000,1.968,state=MOVING bat=1.00 dist=0.75m
29,12.540,WORKER,3,6.431,4.507,3.000,-1.488,-1.289,0.000,1.968,state=MOVING bat=1.00 dist=0.75m
30,12.747,GENERAL,0,0.000,0.000,5.000,0.000,0.000,0.000,0.000,N/A
30,12.747,NODE,0,-5.066,-4.715,3.000,-0.133,0.585,0.000,0.600,zone=0 dist=0.28m
30,12.747,NODE,1,5.066,-4.715,3.000,0.134,0.584,0.000,0.599,zone=1 dist=0.28m
30,12.747,NODE,2,-4.793,4.793,3.000,0.424,-0.425,0.000,0.600,zone=2 dist=0.28m
30,12.747,NODE,3,4.793,4.793,3.000,-0.423,-0.425,0.000,0.599,zone=3 dist=0.28m
30,12.747,SCOUT,0,-3.557,-4.754,3.000,-0.133,0.583,0.000,0.598,cmd_age=0.02s bat=1.00 dist=0.25m
30,12.747,SCOUT,1,-5.057,-3.254,3.000,-0.133,0.583,0.000,0.598,cmd_age=0.02s bat=1.00 dist=0.25m
30,12.747,SCOUT,2,-6.557,-4.754,3.000,-0.133,0.583,0.000,0.598,cmd_age=0.02s bat=1.00 dist=0.25m
30,12.747,SCOUT,3,-5.057,-6.254,3.000,-0.133,0.583,0.000,0.598,cmd_age=0.02s bat=1.00 dist=0.25m
30,12.747,SCOUT,4,6.557,-4.754,3.000,0.134,0.583,0.000,0.598,cmd_age=0.02s bat=1.00 dist=0.25m
30,12.747,SCOUT,5,5.057,-3.254,3.000,0.134,0.583,0.000,0.598,cmd_age=0.02s bat=1.00 dist=0.25m
30,12.747,SCOUT,6,3.557,-4.754,3.000,0.134,0.583,0.000,0.598,cmd_age=0.02s bat=1.00 dist=0.25m
30,12.747,SCOUT,7,5.057,-6.254,3.000,0.134,0.583,0.000,0.598,cmd_age=0.02s bat=1.00 dist=0.25m
30,12.747,SCOUT,8,-3.321,4.822,3.000,0.423,-0.423,0.000,0.598,cmd_age=0.02s bat=1.00 dist=0.25m
30,12.747,SCOUT,9,-4.821,6.322,3.000,0.423,-0.423,0.000,0.598,cmd_age=0.02s bat=1.00 dist=0.25m
30,12.747,SCOUT,10,-6.321,4.822,3.000,0.423,-0.423,0.000,0.598,cmd_age=0.02s bat=1.00 dist=0.25m
30,12.747,SCOUT,11,-4.821,3.322,3.000,0.423,-0.423,0.000,0.598,cmd_age=0.02s bat=1.00 dist=0.25m
30,12.747,SCOUT,12,6.321,4.822,3.000,-0.422,-0.423,0.000,0.598,cmd_age=0.02s bat=1.00 dist=0.25m
30,12.747,SCOUT,13,4.821,6.322,3.000,-0.422,-0.423,0.000,0.598,cmd_age=0.02s bat=1.00 dist=0.25m
30,12.747,SCOUT,14,3.321,4.822,3.000,-0.422,-0.423,0.000,0.598,cmd_age=0.02s bat=1.00 dist=0.25m
30,12.747,SCOUT,15,4.821,3.322,3.000,-0.422,-0.423,0.000,0.598,cmd_age=0.02s bat=1.00 dist=0.25m
30,12.747,WORKER,0,-3.282,-4.266,3.000,-0.708,1.841,0.000,1.973,state=MOVING bat=1.00 dist=0.78m
30,12.747,WORKER,1,7.060,-4.216,3.000,0.151,1.967,0.000,1.973,state=MOVING bat=1.00 dist=0.78m
30,12.747,WORKER,2,-2.492,4.400,3.000,1.274,-1.506,0.000,1.973,state=MOVING bat=1.00 dist=0.78m
30,12.747,WORKER,3,6.406,4.485,3.000,-1.491,-1.292,0.000,1.973,state=MOVING bat=1.00 dist=0.78m
31,12.970,GENERAL,0,0.000,0.000,5.000,0.000,0.000,0.000,0.000,N/A
31,12.970,NODE,0,-5.068,-4.705,3.000,-0.134,0.585,0.000,0.600,zone=0 dist=0.29m
31,12.970,NODE,1,5.068,-4.706,3.000,0.135,0.583,0.000,0.599,zone=1 dist=0.29m
31,12.970,NODE,2,-4.786,4.786,3.000,0.424,-0.425,0.000,0.600,zone=2 dist=0.29m
31,12.970,NODE,3,4.786,4.786,3.000,-0.421,-0.425,0.000,0.599,zone=3 dist=0.29m
31,12.970,SCOUT,0,-3.559,-4.744,3.000,-0.134,0.583,0.000,0.599,cmd_age=0.02s bat=1.00 dist=0.26m
31,12.970,SCOUT,1,-5.059,-3.244,3.000,-0.134,0.583,0.000,0.599,cmd_age=0.02s bat=1.00 dist=0.26m
31,12.970,SCOUT,2,-6.559,-4.744,3.000,-0.134,0.583,0.000,0.599,cmd_age=0.02s bat=1.00 dist=0.26m
31,12.970,SCOUT,3,-5.059,-6.244,3.000,-0.134,0.583,0.000,0.599,cmd_age=0.02s bat=1.00 dist=0.26m
31,12.970,SCOUT,4,6.559,-4.745,3.000,0.134,0.583,0.000,0.598,cmd_age=0.02s bat=1.00 dist=0.26m
31,12.970,SCOUT,5,5.059,-3.245,3.000,0.134,0.583,0.000,0.598,cmd_age=0.02s bat=1.00 dist=0.26m
31,12.970,SCOUT,6,3.559,-4.745,3.000,0.134,0.583,0.000,0.598,cmd_age=0.02s bat=1.00 dist=0.26m
31,12.970,SCOUT,7,5.059,-6.245,3.000,0.134,0.583,0.000,0.598,cmd_age=0.02s bat=1.00 dist=0.26m
31,12.970,SCOUT,8,-3.314,4.814,3.000,0.423,-0.424,0.000,0.599,cmd_age=0.02s bat=1.00 dist=0.26m
31,12.970,SCOUT,9,-4.814,6.314,3.000,0.423,-0.424,0.000,0.599,cmd_age=0.02s bat=1.00 dist=0.26m
31,12.970,SCOUT,10,-6.314,4.814,3.000,0.423,-0.424,0.000,0.599,cmd_age=0.02s bat=1.00 dist=0.26m
31,12.970,SCOUT,11,-4.814,3.314,3.000,0.423,-0.424,0.000,0.599,cmd_age=0.02s bat=1.00 dist=0.26m
31,12.970,SCOUT,12,6.314,4.814,3.000,-0.422,-0.424,0.000,0.598,cmd_age=0.02s bat=1.00 dist=0.26m
31,12.970,SCOUT,13,4.814,6.314,3.000,-0.422,-0.424,0.000,0.598,cmd_age=0.02s bat=1.00 dist=0.26m
31,12.970,SCOUT,14,3.314,4.814,3.000,-0.422,-0.424,0.000,0.598,cmd_age=0.02s bat=1.00 dist=0.26m
31,12.970,SCOUT,15,4.814,3.314,3.000,-0.422,-0.424,0.000,0.598,cmd_age=0.02s bat=1.00 dist=0.26m
31,12.970,WORKER,0,-3.294,-4.235,3.000,-0.709,1.845,0.000,1.976,state=MOVING bat=1.00 dist=0.81m
31,12.970,WORKER,1,7.063,-4.183,3.000,0.152,1.970,0.000,1.976,state=MOVING bat=1.00 dist=0.81m
31,12.970,WORKER,2,-2.471,4.375,3.000,1.277,-1.509,0.000,1.976,state=MOVING bat=1.00 dist=0.81m
31,12.970,WORKER,3,6.381,4.463,3.000,-1.493,-1.294,0.000,1.976,state=MOVING bat=1.00 dist=0.81m
32,13.184,GENERAL,0,0.000,0.000,5.000,0.000,0.000,0.000,0.000,N/A
32,13.184,NODE,0,-5.070,-4.696,3.000,-0.134,0.585,0.000,0.601,zone=0 dist=0.30m
32,13.184,NODE,1,5.070,-4.696,3.000,0.137,0.587,0.000,0.603,zone=1 dist=0.30m
32,13.184,NODE,2,-4.779,4.779,3.000,0.427,-0.423,0.000,0.601,zone=2 dist=0.30m
32,13.184,NODE,3,4.779,4.779,3.000,-0.422,-0.424,0.000,0.599,zone=3 dist=0.30m
32,13.184,SCOUT,0,-3.561,-4.735,3.000,-0.134,0.584,0.000,0.599,cmd_age=0.02s bat=1.00 dist=0.27m
32,13.184,SCOUT,1,-5.061,-3.235,3.000,-0.134,0.584,0.000,0.599,cmd_age=0.02s bat=1.00 dist=0.27m
32,13.184,SCOUT,2,-6.561,-4.735,3.000,-0.134,0.584,0.000,0.599,cmd_age=0.02s bat=1.00 dist=0.27m
32,13.184,SCOUT,3,-5.061,-6.235,3.000,-0.134,0.584,0.000,0.599,cmd_age=0.02s bat=1.00 dist=0.27m
32,13.184,SCOUT,4,6.561,-4.735,3.000,0.135,0.584,0.000,0.599,cmd_age=0.02s bat=1.00 dist=0.27m
32,13.184,SCOUT,5,5.061,-3.235,3.000,0.135,0.584,0.000,0.599,cmd_age=0.02s bat=1.00 dist=0.27m
32,13.184,SCOUT,6,3.561,-4.735,3.000,0.135,0.584,0.000,0.599,cmd_age=0.02s bat=1.00 dist=0.27m
32,13.184,SCOUT,7,5.061,-6.235,3.000,0.135,0.584,0.000,0.599,cmd_age=0.02s bat=1.00 dist=0.27m
32,13.184,SCOUT,8,-3.307,4.807,3.000,0.424,-0.424,0.000,0.599,cmd_age=0.02s bat=1.00 dist=0.27m
32,13.184,SCOUT,9,-4.807,6.307,3.000,0.424,-0.424,0.000,0.599,cmd_age=0.02s bat=1.00 dist=0.27m
32,13.184,SCOUT,10,-6.307,4.807,3.000,0.424,-0.424,0.000,0.599,cmd_age=0.02s bat=1.00 dist=0.27m
32,13.184,SCOUT,11,-4.807,3.307,3.000,0.424,-0.424,0.000,0.599,cmd_age=0.02s bat=1.00 dist=0.27m
32,13.184,SCOUT,12,6.307,4.807,3.000,-0.422,-0.424,0.000,0.598,cmd_age=0.02s bat=1.00 dist=0.27m
32,13.184,SCOUT,13,4.807,6.307,3.000,-0.422,-0.424,0.000,0.598,cmd_age=0.02s bat=1.00 dist=0.27m
32,13.184,SCOUT,14,3.307,4.807,3.000,-0.422,-0.424,0.000,0.598,cmd_age=0.02s bat=1.00 dist=0.27m
32,13.184,SCOUT,15,4.807,3.307,3.000,-0.422,-0.424,0.000,0.598,cmd_age=0.02s bat=1.00 dist=0.27m
32,13.184,WORKER,0,-3.306,-4.205,3.000,-0.711,1.848,0.000,1.979,state=MOVING bat=1.00 dist=0.85m
32,13.184,WORKER,1,7.065,-4.150,3.000,0.152,1.974,0.000,1.979,state=MOVING bat=1.00 dist=0.85m
32,13.184,WORKER,2,-2.450,4.349,3.000,1.279,-1.511,0.000,1.979,state=MOVING bat=1.00 dist=0.85m
32,13.184,WORKER,3,6.356,4.442,3.000,-1.496,-1.296,0.000,1.979,state=MOVING bat=1.00 dist=0.85m
33,13.766,GENERAL,0,0.000,0.000,5.000,0.000,0.000,0.000,0.000,N/A
33,13.766,NODE,0,-5.072,-4.686,3.000,-0.135,0.584,0.000,0.599,zone=0 dist=0.31m
33,13.766,NODE,1,5.073,-4.686,3.000,0.135,0.586,0.000,0.601,zone=1 dist=0.31m
33,13.766,NODE,2,-4.772,4.772,3.000,0.425,-0.422,0.000,0.599,zone=2 dist=0.31m
33,13.766,NODE,3,4.772,4.772,3.000,-0.424,-0.422,0.000,0.598,zone=3 dist=0.31m
33,13.766,SCOUT,0,-3.563,-4.725,3.000,-0.134,0.584,0.000,0.599,cmd_age=0.02s bat=1.00 dist=0.28m
33,13.766,SCOUT,1,-5.063,-3.225,3.000,-0.134,0.584,0.000,0.599,cmd_age=0.02s bat=1.00 dist=0.28m
33,13.766,SCOUT,2,-6.563,-4.725,3.000,-0.134,0.584,0.000,0.599,cmd_age=0.02s bat=1.00 dist=0.28m
33,13.766,SCOUT,3,-5.063,-6.225,3.000,-0.134,0.584,0.000,0.599,cmd_age=0.02s bat=1.00 dist=0.28m
33,13.766,SCOUT,4,6.564,-4.725,3.000,0.135,0.584,0.000,0.600,cmd_age=0.02s bat=1.00 dist=0.28m
33,13.766,SCOUT,5,5.064,-3.225,3.000,0.135,0.584,0.000,0.600,cmd_age=0.02s bat=1.00 dist=0.28m
33,13.766,SCOUT,6,3.564,-4.725,3.000,0.135,0.584,0.000,0.600,cmd_age=0.02s bat=1.00 dist=0.28m
33,13.766,SCOUT,7,5.064,-6.225,3.000,0.135,0.584,0.000,0.600,cmd_age=0.02s bat=1.00 dist=0.28m
33,13.766,SCOUT,8,-3.300,4.800,3.000,0.424,-0.423,0.000,0.599,cmd_age=0.02s bat=1.00 dist=0.28m
33,13.766,SCOUT,9,-4.800,6.300,3.000,0.424,-0.423,0.000,0.599,cmd_age=0.02s bat=1.00 dist=0.28m
33,13.766,SCOUT,10,-6.300,4.800,3.000,0.424,-0.423,0.000,0.599,cmd_age=0.02s bat=1.00 dist=0.28m
33,13.766,SCOUT,11,-4.800,3.300,3.000,0.424,-0.423,0.000,0.599,cmd_age=0.02s bat=1.00 dist=0.28m
33,13.766,SCOUT,12,6.300,4.800,3.000,-0.422,-0.423,0.000,0.598,cmd_age=0.02s bat=1.00 dist=0.28m
33,13.766,SCOUT,13,4.800,6.300,3.000,-0.422,-0.423,0.000,0.598,cmd_age=0.02s bat=1.00 dist=0.28m
33,13.766,SCOUT,14,3.300,4.800,3.000,-0.422,-0.423,0.000,0.598,cmd_age=0.02s bat=1.00 dist=0.28m
33,13.766,SCOUT,15,4.800,3.300,3.000,-0.422,-0.423,0.000,0.598,cmd_age=0.02s bat=1.00 dist=0.28m
33,13.766,WORKER,0,-3.318,-4.174,3.000,-0.712,1.850,0.000,1.982,state=MOVING bat=1.00 dist=0.88m
33,13.766,WORKER,1,7.068,-4.117,3.000,0.152,1.976,0.000,1.982,state=MOVING bat=1.00 dist=0.88m
33,13.766,WORKER,2,-2.428,4.324,3.000,1.280,-1.513,0.000,1.982,state=MOVING bat=1.00 dist=0.88m
33,13.766,WORKER,3,6.331,4.420,3.000,-1.498,-1.298,0.000,1.982,state=MOVING bat=1.00 dist=0.88m
34,13.956,GENERAL,0,0.000,0.000,5.000,0.000,0.000,0.000,0.000,N/A
34,13.956,NODE,0,-5.074,-4.676,3.000,-0.132,0.585,0.000,0.600,zone=0 dist=0.32m
34,13.956,NODE,1,5.075,-4.676,3.000,0.135,0.588,0.000,0.603,zone=1 dist=0.32m
34,13.956,NODE,2,-4.765,4.765,3.000,0.424,-0.423,0.000,0.599,zone=2 dist=0.32m
34,13.956,NODE,3,4.765,4.765,3.000,-0.426,-0.422,0.000,0.600,zone=3 dist=0.32m
34,13.956,SCOUT,0,-3.566,-4.715,3.000,-0.133,0.584,0.000,0.599,cmd_age=0.02s bat=1.00 dist=0.29m
34,13.956,SCOUT,1,-5.066,-3.215,3.000,-0.133,0.584,0.000,0.599,cmd_age=0.02s bat=1.00 dist=0.29m
34,13.956,SCOUT,2,-6.566,-4.715,3.000,-0.133,0.584,0.000,0.599,cmd_age=0.02s bat=1.00 dist=0.29m
34,13.956,SCOUT,3,-5.066,-6.215,3.000,-0.133,0.584,0.000,0.599,cmd_age=0.02s bat=1.00 dist=0.29m
34,13.956,SCOUT,4,6.566,-4.715,3.000,0.135,0.585,0.000,0.600,cmd_age=0.02s bat=1.00 dist=0.29m
34,13.956,SCOUT,5,5.066,-3.215,3.000,0.135,0.585,0.000,0.600,cmd_age=0.02s bat=1.00 dist=0.29m
34,13.956,SCOUT,6,3.566,-4.715,3.000,0.135,0.585,0.000,0.600,cmd_age=0.02s bat=1.00 dist=0.29m
34,13.956,SCOUT,7,5.066,-6.215,3.000,0.135,0.585,0.000,0.600,cmd_age=0.02s bat=1.00 dist=0.29m
34,13.956,SCOUT,8,-3.293,4.793,3.000,0.424,-0.423,0.000,0.599,cmd_age=0.02s bat=1.00 dist=0.29m
34,13.956,SCOUT,9,-4.793,6.293,3.000,0.424,-0.423,0.000,0.599,cmd_age=0.02s bat=1.00 dist=0.29m
34,13.956,SCOUT,10,-6.293,4.793,3.000,0.424,-0.423,0.000,0.599,cmd_age=0.02s bat=1.00 dist=0.29m
34,13.956,SCOUT,11,-4.793,3.293,3.000,0.424,-0.423,0.000,0.599,cmd_age=0.02s bat=1.00 dist=0.29m
34,13.956,SCOUT,12,6.293,4.793,3.000,-0.423,-0.423,0.000,0.598,cmd_age=0.02s bat=1.00 dist=0.29m
34,13.956,SCOUT,13,4.793,6.293,3.000,-0.423,-0.423,0.000,0.598,cmd_age=0.02s bat=1.00 dist=0.29m
34,13.956,SCOUT,14,3.293,4.793,3.000,-0.423,-0.423,0.000,0.598,cmd_age=0.02s bat=1.00 dist=0.29m
34,13.956,SCOUT,15,4.793,3.293,3.000,-0.423,-0.423,0.000,0.598,cmd_age=0.02s bat=1.00 dist=0.29m
34,13.956,WORKER,0,-3.330,-4.143,3.000,-0.712,1.852,0.000,1.985,state=MOVING bat=1.00 dist=0.91m
34,13.956,WORKER,1,7.070,-4.084,3.000,0.152,1.979,0.000,1.985,state=MOVING bat=1.00 dist=0.91m
34,13.956,WORKER,2,-2.407,4.299,3.000,1.282,-1.515,0.000,1.985,state=MOVING bat=1.00 dist=0.91m
34,13.956,WORKER,3,6.306,4.399,3.000,-1.500,-1.300,0.000,1.985,state=MOVING bat=1.00 dist=0.91m
35,14.145,GENERAL,0,0.000,0.000,5.000,0.000,0.000,0.000,0.000,N/A
35,14.145,NODE,0,-5.077,-4.666,3.000,-0.137,0.584,0.000,0.600,zone=0 dist=0.33m
35,14.145,NODE,1,5.077,-4.667,3.000,0.141,0.587,0.000,0.604,zone=1 dist=0.33m
35,14.145,NODE,2,-4.758,4.758,3.000,0.425,-0.427,0.000,0.603,zone=2 dist=0.33m
35,14.145,NODE,3,4.758,4.758,3.000,-0.424,-0.423,0.000,0.599,zone=3 dist=0.33m
35,14.145,SCOUT,0,-3.568,-4.705,3.000,-0.134,0.584,0.000,0.599,cmd_age=0.02s bat=1.00 dist=0.30m
35,14.145,SCOUT,1,-5.068,-3.205,3.000,-0.134,0.584,0.000,0.599,cmd_age=0.02s bat=1.00 dist=0.30m
35,14.145,SCOUT,2,-6.568,-4.705,3.000,-0.134,0.584,0.000,0.599,cmd_age=0.02s bat=1.00 dist=0.30m
35,14.145,SCOUT,3,-5.068,-6.205,3.000,-0.134,0.584,0.000,0.599,cmd_age=0.02s bat=1.00 dist=0.30m
35,14.145,SCOUT,4,6.568,-4.706,3.000,0.136,0.585,0.000,0.601,cmd_age=0.02s bat=1.00 dist=0.30m
35,14.145,SCOUT,5,5.068,-3.206,3.000,0.136,0.585,0.000,0.601,cmd_age=0.02s bat=1.00 dist=0.30m
35,14.145,SCOUT,6,3.568,-4.706,3.000,0.136,0.585,0.000,0.601,cmd_age=0.02s bat=1.00 dist=0.30m
35,14.145,SCOUT,7,5.068,-6.206,3.000,0.136,0.585,0.000,0.601,cmd_age=0.02s bat=1.00 dist=0.30m
35,14.145,SCOUT,8,-3.286,4.786,3.000,0.424,-0.424,0.000,0.600,cmd_age=0.02s bat=1.00 dist=0.30m
35,14.145,SCOUT,9,-4.786,6.286,3.000,0.424,-0.424,0.000,0.600,cmd_age=0.02s bat=1.00 dist=0.30m
35,14.145,SCOUT,10,-6.286,4.786,3.000,0.424,-0.424,0.000,0.600,cmd_age=0.02s bat=1.00 dist=0.30m
35,14.145,SCOUT,11,-4.786,3.286,3.000,0.424,-0.424,0.000,0.600,cmd_age=0.02s bat=1.00 dist=0.30m
35,14.145,SCOUT,12,6.286,4.786,3.000,-0.423,-0.423,0.000,0.599,cmd_age=0.02s bat=1.00 dist=0.30m
35,14.145,SCOUT,13,4.786,6.286,3.000,-0.423,-0.423,0.000,0.599,cmd_age=0.02s bat=1.00 dist=0.30m
35,14.145,SCOUT,14,3.286,4.786,3.000,-0.423,-0.423,0.000,0.599,cmd_age=0.02s bat=1.00 dist=0.30m
35,14.145,SCOUT,15,4.786,3.286,3.000,-0.423,-0.423,0.000,0.599,cmd_age=0.02s bat=1.00 dist=0.30m
35,14.145,WORKER,0,-3.342,-4.112,3.000,-0.713,1.854,0.000,1.987,state=MOVING bat=1.00 dist=0.95m
35,14.145,WORKER,1,7.073,-4.051,3.000,0.152,1.981,0.000,1.987,state=MOVING bat=1.00 dist=0.95m
35,14.145,WORKER,2,-2.385,4.274,3.000,1.283,-1.517,0.000,1.987,state=MOVING bat=1.00 dist=0.95m
35,14.145,WORKER,3,6.281,4.377,3.000,-1.501,-1.301,0.000,1.987,state=MOVING bat=1.00 dist=0.95m
36,14.368,GENERAL,0,0.000,0.000,5.000,0.000,0.000,0.000,0.000,N/A
36,14.368,NODE,0,-5.079,-4.657,3.000,-0.140,0.582,0.000,0.599,zone=0 dist=0.34m
36,14.368,NODE,1,5.079,-4.657,3.000,0.135,0.588,0.000,0.603,zone=1 dist=0.34m
36,14.368,NODE,2,-4.751,4.751,3.000,0.426,-0.424,0.000,0.601,zone=2 dist=0.34m
36,14.368,NODE,3,4.751,4.751,3.000,-0.422,-0.423,0.000,0.597,zone=3 dist=0.34m
36,14.368,SCOUT,0,-3.570,-4.696,3.000,-0.135,0.584,0.000,0.599,cmd_age=0.02s bat=1.00 dist=0.31m
36,14.368,SCOUT,1,-5.070,-3.196,3.000,-0.135,0.584,0.000,0.599,cmd_age=0.02s bat=1.00 dist=0.31m
36,14.368,SCOUT,2,-6.570,-4.696,3.000,-0.135,0.584,0.000,0.599,cmd_age=0.02s bat=1.00 dist=0.31m
36,14.368,SCOUT,3,-5.070,-6.196,3.000,-0.135,0.584,0.000,0.599,cmd_age=0.02s bat=1.00 dist=0.31m
36,14.368,SCOUT,4,6.570,-4.696,3.000,0.136,0.586,0.000,0.601,cmd_age=0.02s bat=1.00 dist=0.31m
36,14.368,SCOUT,5,5.070,-3.196,3.000,0.136,0.586,0.000,0.601,cmd_age=0.02s bat=1.00 dist=0.31m
36,14.368,SCOUT,6,3.570,-4.696,3.000,0.136,0.586,0.000,0.601,cmd_age=0.02s bat=1.00 dist=0.31m
36,14.368,SCOUT,7,5.070,-6.196,3.000,0.136,0.586,0.000,0.601,cmd_age=0.02s bat=1.00 dist=0.31m
36,14.368,SCOUT,8,-3.279,4.779,3.000,0.425,-0.424,0.000,0.600,cmd_age=0.02s bat=1.00 dist=0.31m
36,14.368,SCOUT,9,-4.779,6.279,3.000,0.425,-0.424,0.000,0.600,cmd_age=0.02s bat=1.00 dist=0.31m
36,14.368,SCOUT,10,-6.279,4.779,3.000,0.425,-0.424,0.000,0.600,cmd_age=0.02s bat=1.00 dist=0.31m
36,14.368,SCOUT,11,-4.779,3.279,3.000,0.425,-0.424,0.000,0.600,cmd_age=0.02s bat=1.00 dist=0.31m
36,14.368,SCOUT,12,6.279,4.779,3.000,-0.423,-0.423,0.000,0.598,cmd_age=0.02s bat=1.00 dist=0.31m
36,14.368,SCOUT,13,4.779,6.279,3.000,-0.423,-0.423,0.000,0.598,cmd_age=0.02s bat=1.00 dist=0.31m
36,14.368,SCOUT,14,3.279,4.779,3.000,-0.423,-0.423,0.000,0.598,cmd_age=0.02s bat=1.00 dist=0.31m
36,14.368,SCOUT,15,4.779,3.279,3.000,-0.423,-0.423,0.000,0.598,cmd_age=0.02s bat=1.00 dist=0.31m
36,14.368,WORKER,0,-3.353,-4.081,3.000,-0.714,1.856,0.000,1.988,state=MOVING bat=1.00 dist=0.98m
36,14.368,WORKER,1,7.076,-4.018,3.000,0.153,1.983,0.000,1.988,state=MOVING bat=1.00 dist=0.98m
36,14.368,WORKER,2,-2.364,4.248,3.000,1.284,-1.518,0.000,1.988,state=MOVING bat=1.00 dist=0.98m
36,14.368,WORKER,3,6.256,4.355,3.000,-1.503,-1.302,0.000,1.988,state=MOVING bat=1.00 dist=0.98m
37,14.689,GENERAL,0,0.000,0.000,5.000,0.000,0.000,0.000,0.000,N/A
37,14.689,NODE,0,-5.081,-4.647,3.000,-0.135,0.581,0.000,0.597,zone=0 dist=0.35m
37,14.689,NODE,1,5.082,-4.647,3.000,0.137,0.590,0.000,0.606,zone=1 dist=0.35m
37,14.689,NODE,2,-4.744,4.744,3.000,0.424,-0.424,0.000,0.600,zone=2 dist=0.35m
37,14.689,NODE,3,4.744,4.744,3.000,-0.426,-0.425,0.000,0.602,zone=3 dist=0.35m
37,14.689,SCOUT,0,-3.572,-4.686,3.000,-0.135,0.583,0.000,0.599,cmd_age=0.02s bat=1.00 dist=0.32m
37,14.689,SCOUT,1,-5.072,-3.186,3.000,-0.135,0.583,0.000,0.599,cmd_age=0.02s bat=1.00 dist=0.32m
37,14.689,SCOUT,2,-6.572,-4.686,3.000,-0.135,0.583,0.000,0.599,cmd_age=0.02s bat=1.00 dist=0.32m
37,14.689,SCOUT,3,-5.072,-6.186,3.000,-0.135,0.583,0.000,0.599,cmd_age=0.02s bat=1.00 dist=0.32m
37,14.689,SCOUT,4,6.573,-4.686,3.000,0.136,0.587,0.000,0.602,cmd_age=0.02s bat=1.00 dist=0.32m
37,14.689,SCOUT,5,5.073,-3.186,3.000,0.136,0.587,0.000,0.602,cmd_age=0.02s bat=1.00 dist=0.32m
37,14.689,SCOUT,6,3.573,-4.686,3.000,0.136,0.587,0.000,0.602,cmd_age=0.02s bat=1.00 dist=0.32m
37,14.689,SCOUT,7,5.073,-6.186,3.000,0.136,0.587,0.000,0.602,cmd_age=0.02s bat=1.00 dist=0.32m
37,14.689,SCOUT,8,-3.272,4.772,3.000,0.425,-0.424,0.000,0.600,cmd_age=0.02s bat=1.00 dist=0.32m
37,14.689,SCOUT,9,-4.772,6.272,3.000,0.425,-0.424,0.000,0.600,cmd_age=0.02s bat=1.00 dist=0.32m
37,14.689,SCOUT,10,-6.272,4.772,3.000,0.425,-0.424,0.000,0.600,cmd_age=0.02s bat=1.00 dist=0.32m
37,14.689,SCOUT,11,-4.772,3.272,3.000,0.425,-0.424,0.000,0.600,cmd_age=0.02s bat=1.00 dist=0.32m
37,14.689,SCOUT,12,6.272,4.772,3.000,-0.424,-0.424,0.000,0.599,cmd_age=0.02s bat=1.00 dist=0.32m
37,14.689,SCOUT,13,4.772,6.272,3.000,-0.424,-0.424,0.000,0.599,cmd_age=0.02s bat=1.00 dist=0.32m
37,14.689,SCOUT,14,3.272,4.772,3.000,-0.424,-0.424,0.000,0.599,cmd_age=0.02s bat=1.00 dist=0.32m
37,14.689,SCOUT,15,4.772,3.272,3.000,-0.424,-0.424,0.000,0.599,cmd_age=0.02s bat=1.00 dist=0.32m
37,14.689,WORKER,0,-3.365,-4.050,3.000,-0.714,1.857,0.000,1.990,state=MOVING bat=1.00 dist=1.01m
37,14.689,WORKER,1,7.078,-3.985,3.000,0.153,1.984,0.000,1.990,state=MOVING bat=1.00 dist=1.01m
37,14.689,WORKER,2,-2.343,4.223,3.000,1.285,-1.519,0.000,1.990,state=MOVING bat=1.00 dist=1.01m
37,14.689,WORKER,3,6.231,4.333,3.000,-1.504,-1.303,0.000,1.990,state=MOVING bat=1.00 dist=1.01m
38,14.903,GENERAL,0,0.000,0.000,5.000,0.000,0.000,0.000,0.000,N/A
38,14.903,NODE,0,-5.084,-4.637,3.000,-0.134,0.585,0.000,0.601,zone=0 dist=0.36m
38,14.903,NODE,1,5.084,-4.637,3.000,0.134,0.589,0.000,0.604,zone=1 dist=0.36m
38,14.903,NODE,2,-4.736,4.737,3.000,0.423,-0.424,0.000,0.599,zone=2 dist=0.36m
38,14.903,NODE,3,4.737,4.737,3.000,-0.423,-0.424,0.000,0.599,zone=3 dist=0.36m
38,14.903,SCOUT,0,-3.575,-4.676,3.000,-0.135,0.584,0.000,0.599,cmd_age=0.02s bat=1.00 dist=0.33m
38,14.903,SCOUT,1,-5.075,-3.176,3.000,-0.135,0.584,0.000,0.599,cmd_age=0.02s bat=1.00 dist=0.33m
38,14.903,SCOUT,2,-6.575,-4.676,3.000,-0.135,0.584,0.000,0.599,cmd_age=0.02s bat=1.00 dist=0.33m
38,14.903,SCOUT,3,-5.075,-6.176,3.000,-0.135,0.584,0.000,0.599,cmd_age=0.02s bat=1.00 dist=0.33m
38,14.903,SCOUT,4,6.575,-4.676,3.000,0.136,0.587,0.000,0.603,cmd_age=0.02s bat=1.00 dist=0.33m
38,14.903,SCOUT,5,5.075,-3.176,3.000,0.136,0.587,0.000,0.603,cmd_age=0.02s bat=1.00 dist=0.33m
38,14.903,SCOUT,6,3.575,-4.676,3.000,0.136,0.587,0.000,0.603,cmd_age=0.02s bat=1.00 dist=0.33m
38,14.903,SCOUT,7,5.075,-6.176,3.000,0.136,0.587,0.000,0.603,cmd_age=0.02s bat=1.00 dist=0.33m
38,14.903,SCOUT,8,-3.265,4.765,3.000,0.424,-0.424,0.000,0.600,cmd_age=0.02s bat=1.00 dist=0.33m
38,14.903,SCOUT,9,-4.765,6.265,3.000,0.424,-0.424,0.000,0.600,cmd_age=0.02s bat=1.00 dist=0.33m
38,14.903,SCOUT,10,-6.265,4.765,3.000,0.424,-0.424,0.000,0.600,cmd_age=0.02s bat=1.00 dist=0.33m
38,14.903,SCOUT,11,-4.765,3.265,3.000,0.424,-0.424,0.000,0.600,cmd_age=0.02s bat=1.00 dist=0.33m
38,14.903,SCOUT,12,6.265,4.765,3.000,-0.424,-0.424,0.000,0.599,cmd_age=0.02s bat=1.00 dist=0.33m
38,14.903,SCOUT,13,4.765,6.265,3.000,-0.424,-0.424,0.000,0.599,cmd_age=0.02s bat=1.00 dist=0.33m
38,14.903,SCOUT,14,3.265,4.765,3.000,-0.424,-0.424,0.000,0.599,cmd_age=0.02s bat=1.00 dist=0.33m
38,14.903,SCOUT,15,4.765,3.265,3.000,-0.424,-0.424,0.000,0.599,cmd_age=0.02s bat=1.00 dist=0.33m
38,14.903,WORKER,0,-3.377,-4.019,3.000,-0.715,1.859,0.000,1.991,state=MOVING bat=1.00 dist=1.05m
38,14.903,WORKER,1,7.081,-3.952,3.000,0.153,1.985,0.000,1.991,state=MOVING bat=1.00 dist=1.05m
38,14.903,WORKER,2,-2.321,4.198,3.000,1.286,-1.520,0.000,1.991,state=MOVING bat=1.00 dist=1.05m
38,14.903,WORKER,3,6.206,4.312,3.000,-1.505,-1.304,0.000,1.991,state=MOVING bat=1.00 dist=1.05m
39,15.102,GENERAL,0,0.000,0.000,5.000,0.000,0.000,0.000,0.000,N/A
39,15.102,NODE,0,-5.086,-4.628,3.000,-0.136,0.583,0.000,0.598,zone=0 dist=0.37m
39,15.102,NODE,1,5.086,-4.627,3.000,0.135,0.585,0.000,0.600,zone=1 dist=0.37m
39,15.102,NODE,2,-4.729,4.730,3.000,0.425,-0.424,0.000,0.600,zone=2 dist=0.37m
39,15.102,NODE,3,4.730,4.730,3.000,-0.421,-0.426,0.000,0.599,zone=3 dist=0.37m
39,15.102,SCOUT,0,-3.577,-4.667,3.000,-0.135,0.583,0.000,0.599,cmd_age=0.02s bat=1.00 dist=0.34m
39,15.102,SCOUT,1,-5.077,-3.167,3.000,-0.135,0.583,0.000,0.599,cmd_age=0.02s bat=1.00 dist=0.34m
39,15.102,SCOUT,2,-6.577,-4.667,3.000,-0.135,0.583,0.000,0.599,cmd_age=0.02s bat=1.00 dist=0.34m
39,15.102,SCOUT,3,-5.077,-6.167,3.000,-0.135,0.583,0.000,0.599,cmd_age=0.02s bat=1.00 dist=0.34m
39,15.102,SCOUT,4,6.577,-4.667,3.000,0.135,0.587,0.000,0.602,cmd_age=0.02s bat=1.00 dist=0.34m
39,15.102,SCOUT,5,5.077,-3.167,3.000,0.135,0.587,0.000,0.602,cmd_age=0.02s bat=1.00 dist=0.34m
39,15.102,SCOUT,6,3.577,-4.667,3.000,0.135,0.587,0.000,0.602,cmd_age=0.02s bat=1.00 dist=0.34m
39,15.102,SCOUT,7,5.077,-6.167,3.000,0.135,0.587,0.000,0.602,cmd_age=0.02s bat=1.00 dist=0.34m
39,15.102,SCOUT,8,-3.258,4.758,3.000,0.424,-0.424,0.000,0.600,cmd_age=0.02s bat=1.00 dist=0.34m
39,15.102,SCOUT,9,-4.758,6.258,3.000,0.424,-0.424,0.000,0.600,cmd_age=0.02s bat=1.00 dist=0.34m
39,15.102,SCOUT,10,-6.258,4.758,3.000,0.424,-0.424,0.000,0.600,cmd_age=0.02s bat=1.00 dist=0.34m
39,15.102,SCOUT,11,-4.758,3.258,3.000,0.424,-0.424,0.000,0.600,cmd_age=0.02s bat=1.00 dist=0.34m
39,15.102,SCOUT,12,6.258,4.758,3.000,-0.423,-0.424,0.000,0.599,cmd_age=0.02s bat=1.00 dist=0.34m
39,15.102,SCOUT,13,4.758,6.258,3.000,-0.423,-0.424,0.000,0.599,cmd_age=0.02s bat=1.00 dist=0.34m
39,15.102,SCOUT,14,3.258,4.758,3.000,-0.423,-0.424,0.000,0.599,cmd_age=0.02s bat=1.00 dist=0.34m
39,15.102,SCOUT,15,4.758,3.258,3.000,-0.423,-0.424,0.000,0.599,cmd_age=0.02s bat=1.00 dist=0.34m
39,15.102,WORKER,0,-3.389,-3.988,3.000,-0.715,1.860,0.000,1.992,state=MOVING bat=1.00 dist=1.08m
39,15.102,WORKER,1,7.083,-3.919,3.000,0.153,1.987,0.000,1.992,state=MOVING bat=1.00 dist=1.08m
39,15.102,WORKER,2,-2.300,4.172,3.000,1.287,-1.521,0.000,1.992,state=MOVING bat=1.00 dist=1.08m
39,15.102,WORKER,3,6.181,4.290,3.000,-1.506,-1.305,0.000,1.992,state=MOVING bat=1.00 dist=1.08m
40,15.313,GENERAL,0,0.000,0.000,5.000,0.000,0.000,0.000,0.000,N/A
40,15.313,NODE,0,-5.088,-4.618,3.000,-0.137,0.586,0.000,0.602,zone=0 dist=0.38m
40,15.313,NODE,1,5.089,-4.618,3.000,0.138,0.583,0.000,0.599,zone=1 dist=0.38m
40,15.313,NODE,2,-4.722,4.723,3.000,0.424,-0.426,0.000,0.601,zone=2 dist=0.38m
40,15.313,NODE,3,4.723,4.723,3.000,-0.428,-0.423,0.000,0.601,zone=3 dist=0.38m
40,15.313,SCOUT,0,-3.579,-4.657,3.000,-0.136,0.584,0.000,0.599,cmd_age=0.02s bat=1.00 dist=0.35m
40,15.313,SCOUT,1,-5.079,-3.157,3.000,-0.136,0.584,0.000,0.599,cmd_age=0.02s bat=1.00 dist=0.35m
40,15.313,SCOUT,2,-6.579,-4.657,3.000,-0.136,0.584,0.000,0.599,cmd_age=0.02s bat=1.00 dist=0.35m
40,15.313,SCOUT,3,-5.079,-6.157,3.000,-0.136,0.584,0.000,0.599,cmd_age=0.02s bat=1.00 dist=0.35m
40,15.313,SCOUT,4,6.579,-4.657,3.000,0.136,0.586,0.000,0.601,cmd_age=0.02s bat=1.00 dist=0.35m
40,15.313,SCOUT,5,5.079,-3.157,3.000,0.136,0.586,0.000,0.601,cmd_age=0.02s bat=1.00 dist=0.35m
40,15.313,SCOUT,6,3.579,-4.657,3.000,0.136,0.586,0.000,0.601,cmd_age=0.02s bat=1.00 dist=0.35m
40,15.313,SCOUT,7,5.079,-6.157,3.000,0.136,0.586,0.000,0.601,cmd_age=0.02s bat=1.00 dist=0.35m
40,15.313,SCOUT,8,-3.251,4.751,3.000,0.424,-0.424,0.000,0.600,cmd_age=0.02s bat=1.00 dist=0.35m
40,15.313,SCOUT,9,-4.751,6.251,3.000,0.424,-0.424,0.000,0.600,cmd_age=0.02s bat=1.00 dist=0.35m
40,15.313,SCOUT,10,-6.251,4.751,3.000,0.424,-0.424,0.000,0.600,cmd_age=0.02s bat=1.00 dist=0.35m
40,15.313,SCOUT,11,-4.751,3.251,3.000,0.424,-0.424,0.000,0.600,cmd_age=0.02s bat=1.00 dist=0.35m
40,15.313,SCOUT,12,6.251,4.751,3.000,-0.424,-0.424,0.000,0.599,cmd_age=0.02s bat=1.00 dist=0.35m
40,15.313,SCOUT,13,4.751,6.251,3.000,-0.424,-0.424,0.000,0.599,cmd_age=0.02s bat=1.00 dist=0.35m
40,15.313,SCOUT,14,3.251,4.751,3.000,-0.424,-0.424,0.000,0.599,cmd_age=0.02s bat=1.00 dist=0.35m
40,15.313,SCOUT,15,4.751,3.251,3.000,-0.424,-0.424,0.000,0.599,cmd_age=0.02s bat=1.00 dist=0.35m
40,15.313,WORKER,0,-3.401,-3.957,3.000,-0.716,1.861,0.000,1.993,state=MOVING bat=1.00 dist=1.11m
40,15.313,WORKER,1,7.086,-3.886,3.000,0.153,1.988,0.000,1.993,state=MOVING bat=1.00 dist=1.11m
40,15.313,WORKER,2,-2.278,4.147,3.000,1.288,-1.522,0.000,1.993,state=MOVING bat=1.00 dist=1.11m
40,15.313,WORKER,3,6.156,4.268,3.000,-1.506,-1.306,0.000,1.993,state=MOVING bat=1.00 dist=1.11m
41,15.527,GENERAL,0,0.000,0.000,5.000,0.000,0.000,0.000,0.000,N/A
41,15.527,NODE,0,-5.090,-4.608,3.000,-0.136,0.582,0.000,0.598,zone=0 dist=0.39m
41,15.527,NODE,1,5.091,-4.608,3.000,0.136,0.585,0.000,0.600,zone=1 dist=0.39m
41,15.527,NODE,2,-4.715,4.715,3.000,0.424,-0.426,0.000,0.601,zone=2 dist=0.39m
41,15.527,NODE,3,4.716,4.716,3.000,-0.425,-0.424,0.000,0.600,zone=3 dist=0.39m
41,15.527,SCOUT,0,-3.581,-4.647,3.000,-0.136,0.584,0.000,0.599,cmd_age=0.02s bat=1.00 dist=0.36m
41,15.527,SCOUT,1,-5.081,-3.147,3.000,-0.136,0.584,0.000,0.599,cmd_age=0.02s bat=1.00 dist=0.36m
41,15.527,SCOUT,2,-6.581,-4.647,3.000,-0.136,0.584,0.000,0.599,cmd_age=0.02s bat=1.00 dist=0.36m
41,15.527,SCOUT,3,-5.081,-6.147,3.000,-0.136,0.584,0.000,0.599,cmd_age=0.02s bat=1.00 dist=0.36m
41,15.527,SCOUT,4,6.582,-4.647,3.000,0.136,0.586,0.000,0.601,cmd_age=0.02s bat=1.00 dist=0.36m
41,15.527,SCOUT,5,5.082,-3.147,3.000,0.136,0.586,0.000,0.601,cmd_age=0.02s bat=1.00 dist=0.36m
41,15.527,SCOUT,6,3.582,-4.647,3.000,0.136,0.586,0.000,0.601,cmd_age=0.02s bat=1.00 dist=0.36m
41,15.527,SCOUT,7,5.082,-6.147,3.000,0.136,0.586,0.000,0.601,cmd_age=0.02s bat=1.00 dist=0.36m
41,15.527,SCOUT,8,-3.244,4.744,3.000,0.424,-0.425,0.000,0.600,cmd_age=0.02s bat=1.00 dist=0.36m
41,15.527,SCOUT,9,-4.744,6.244,3.000,0.424,-0.425,0.000,0.600,cmd_age=0.02s bat=1.00 dist=0.36m
41,15.527,SCOUT,10,-6.244,4.744,3.000,0.424,-0.425,0.000,0.600,cmd_age=0.02s bat=1.00 dist=0.36m
41,15.527,SCOUT,11,-4.744,3.244,3.000,0.424,-0.425,0.000,0.600,cmd_age=0.02s bat=1.00 dist=0.36m
41,15.527,SCOUT,12,6.244,4.744,3.000,-0.424,-0.424,0.000,0.600,cmd_age=0.02s bat=1.00 dist=0.36m
41,15.527,SCOUT,13,4.744,6.244,3.000,-0.424,-0.424,0.000,0.600,cmd_age=0.02s bat=1.00 dist=0.36m
41,15.527,SCOUT,14,3.244,4.744,3.000,-0.424,-0.424,0.000,0.600,cmd_age=0.02s bat=1.00 dist=0.36m
41,15.527,SCOUT,15,4.744,3.244,3.000,-0.424,-0.424,0.000,0.600,cmd_age=0.02s bat=1.00 dist=0.36m
41,15.527,WORKER,0,-3.413,-3.926,3.000,-0.716,1.861,0.000,1.994,state=MOVING bat=1.00 dist=1.15m
41,15.527,WORKER,1,7.088,-3.853,3.000,0.153,1.988,0.000,1.994,state=MOVING bat=1.00 dist=1.15m
41,15.527,WORKER,2,-2.257,4.122,3.000,1.288,-1.522,0.000,1.994,state=MOVING bat=1.00 dist=1.15m
41,15.527,WORKER,3,6.130,4.246,3.000,-1.507,-1.306,0.000,1.994,state=MOVING bat=1.00 dist=1.15m
42,15.743,GENERAL,0,0.000,0.000,5.000,0.000,0.000,0.000,0.000,N/A
42,15.743,NODE,0,-5.093,-4.598,3.000,-0.135,0.583,0.000,0.598,zone=0 dist=0.40m
42,15.743,NODE,1,5.093,-4.598,3.000,0.133,0.587,0.000,0.602,zone=1 dist=0.40m
42,15.743,NODE,2,-4.708,4.708,3.000,0.427,-0.425,0.000,0.602,zone=2 dist=0.40m
42,15.743,NODE,3,4.709,4.709,3.000,-0.423,-0.425,0.000,0.600,zone=3 dist=0.40m
42,15.743,SCOUT,0,-3.584,-4.637,3.000,-0.136,0.583,0.000,0.599,cmd_age=0.02s bat=1.00 dist=0.37m
42,15.743,SCOUT,1,-5.084,-3.137,3.000,-0.136,0.583,0.000,0.599,cmd_age=0.02s bat=1.00 dist=0.37m
42,15.743,SCOUT,2,-6.584,-4.637,3.000,-0.136,0.583,0.000,0.599,cmd_age=0.02s bat=1.00 dist=0.37m
42,15.743,SCOUT,3,-5.084,-6.137,3.000,-0.136,0.583,0.000,0.599,cmd_age=0.02s bat=1.00 dist=0.37m
42,15.743,SCOUT,4,6.584,-4.637,3.000,0.135,0.586,0.000,0.601,cmd_age=0.02s bat=1.00 dist=0.37m
42,15.743,SCOUT,5,5.084,-3.137,3.000,0.135,0.586,0.000,0.601,cmd_age=0.02s bat=1.00 dist=0.37m
42,15.743,SCOUT,6,3.584,-4.637,3.000,0.135,0.586,0.000,0.601,cmd_age=0.02s bat=1.00 dist=0.37m
42,15.743,SCOUT,7,5.084,-6.137,3.000,0.135,0.586,0.000,0.601,cmd_age=0.02s bat=1.00 dist=0.37m
42,15.743,SCOUT,8,-3.236,4.737,3.000,0.425,-0.425,0.000,0.601,cmd_age=0.02s bat=1.00 dist=0.37m
42,15.743,SCOUT,9,-4.736,6.237,3.000,0.425,-0.425,0.000,0.601,cmd_age=0.02s bat=1.00 dist=0.37m
42,15.743,SCOUT,10,-6.236,4.737,3.000,0.425,-0.425,0.000,0.601,cmd_age=0.02s bat=1.00 dist=0.37m
42,15.743,SCOUT,11,-4.736,3.237,3.000,0.425,-0.425,0.000,0.601,cmd_age=0.02s bat=1.00 dist=0.37m
42,15.743,SCOUT,12,6.237,4.737,3.000,-0.424,-0.424,0.000,0.600,cmd_age=0.02s bat=1.00 dist=0.37m
42,15.743,SCOUT,13,4.737,6.237,3.000,-0.424,-0.424,0.000,0.600,cmd_age=0.02s bat=1.00 dist=0.37m
42,15.743,SCOUT,14,3.237,4.737,3.000,-0.424,-0.424,0.000,0.600,cmd_age=0.02s bat=1.00 dist=0.37m
42,15.743,SCOUT,15,4.737,3.237,3.000,-0.424,-0.424,0.000,0.600,cmd_age=0.02s bat=1.00 dist=0.37m
42,15.743,WORKER,0,-3.425,-3.895,3.000,-0.716,1.862,0.000,1.995,state=MOVING bat=1.00 dist=1.18m
42,15.743,WORKER,1,7.091,-3.820,3.000,0.153,1.989,0.000,1.995,state=MOVING bat=1.00 dist=1.18m
42,15.743,WORKER,2,-2.235,4.096,3.000,1.289,-1.523,0.000,1.995,state=MOVING bat=1.00 dist=1.18m
42,15.743,WORKER,3,6.105,4.225,3.000,-1.508,-1.307,0.000,1.995,state=MOVING bat=1.00 dist=1.18m
43,15.977,GENERAL,0,0.000,0.000,5.000,0.000,0.000,0.000,0.000,N/A
43,15.977,NODE,0,-5.095,-4.589,3.000,-0.136,0.584,0.000,0.600,zone=0 dist=0.41m
43,15.977,NODE,1,5.095,-4.588,3.000,0.136,0.581,0.000,0.597,zone=1 dist=0.41m
43,15.977,NODE,2,-4.701,4.701,3.000,0.422,-0.424,0.000,0.599,zone=2 dist=0.41m
43,15.977,NODE,3,4.702,4.701,3.000,-0.423,-0.424,0.000,0.599,zone=3 dist=0.41m
43,15.977,SCOUT,0,-3.586,-4.628,3.000,-0.136,0.583,0.000,0.599,cmd_age=0.02s bat=1.00 dist=0.38m
43,15.977,SCOUT,1,-5.086,-3.128,3.000,-0.136,0.583,0.000,0.599,cmd_age=0.02s bat=1.00 dist=0.38m
43,15.977,SCOUT,2,-6.586,-4.628,3.000,-0.136,0.583,0.000,0.599,cmd_age=0.02s bat=1.00 dist=0.38m
43,15.977,SCOUT,3,-5.086,-6.128,3.000,-0.136,0.583,0.000,0.599,cmd_age=0.02s bat=1.00 dist=0.38m
43,15.977,SCOUT,4,6.586,-4.627,3.000,0.135,0.585,0.000,0.600,cmd_age=0.02s bat=1.00 dist=0.38m
43,15.977,SCOUT,5,5.086,-3.127,3.000,0.135,0.585,0.000,0.600,cmd_age=0.02s bat=1.00 dist=0.38m
43,15.977,SCOUT,6,3.586,-4.627,3.000,0.135,0.585,0.000,0.600,cmd_age=0.02s bat=1.00 dist=0.38m
43,15.977,SCOUT,7,5.086,-6.127,3.000,0.135,0.585,0.000,0.600,cmd_age=0.02s bat=1.00 dist=0.38m
43,15.977,SCOUT,8,-3.229,4.730,3.000,0.424,-0.425,0.000,0.600,cmd_age=0.02s bat=1.00 dist=0.38m
43,15.977,SCOUT,9,-4.729,6.230,3.000,0.424,-0.425,0.000,0.600,cmd_age=0.02s bat=1.00 dist=0.38m
43,15.977,SCOUT,10,-6.229,4.730,3.000,0.424,-0.425,0.000,0.600,cmd_age=0.02s bat=1.00 dist=0.38m
43,15.977,SCOUT,11,-4.729,3.230,3.000,0.424,-0.425,0.000,0.600,cmd_age=0.02s bat=1.00 dist=0.38m
43,15.977,SCOUT,12,6.230,4.730,3.000,-0.424,-0.424,0.000,0.600,cmd_age=0.02s bat=1.00 dist=0.38m
43,15.977,SCOUT,13,4.730,6.230,3.000,-0.424,-0.424,0.000,0.600,cmd_age=0.02s bat=1.00 dist=0.38m
43,15.977,SCOUT,14,3.230,4.730,3.000,-0.424,-0.424,0.000,0.600,cmd_age=0.02s bat=1.00 dist=0.38m
43,15.977,SCOUT,15,4.730,3.230,3.000,-0.424,-0.424,0.000,0.600,cmd_age=0.02s bat=1.00 dist=0.38m
43,15.977,WORKER,0,-3.437,-3.864,3.000,-0.716,1.863,0.000,1.996,state=MOVING bat=1.00 dist=1.21m
43,15.977,WORKER,1,7.093,-3.786,3.000,0.153,1.990,0.000,1.996,state=MOVING bat=1.00 dist=1.21m
43,15.977,WORKER,2,-2.214,4.071,3.000,1.289,-1.524,0.000,1.996,state=MOVING bat=1.00 dist=1.21m
43,15.977,WORKER,3,6.080,4.203,3.000,-1.508,-1.307,0.000,1.996,state=MOVING bat=1.00 dist=1.21m
44,16.199,GENERAL,0,0.000,0.000,5.000,0.000,0.000,0.000,0.000,N/A
44,16.199,NODE,0,-5.097,-4.579,3.000,-0.135,0.585,0.000,0.600,zone=0 dist=0.42m
44,16.199,NODE,1,5.098,-4.579,3.000,0.134,0.587,0.000,0.602,zone=1 dist=0.42m
44,16.199,NODE,2,-4.694,4.694,3.000,0.426,-0.423,0.000,0.601,zone=2 dist=0.42m
44,16.199,NODE,3,4.694,4.694,3.000,-0.425,-0.424,0.000,0.601,zone=3 dist=0.42m
44,16.199,SCOUT,0,-3.588,-4.618,3.000,-0.136,0.584,0.000,0.599,cmd_age=0.02s bat=1.00 dist=0.39m
44,16.199,SCOUT,1,-5.088,-3.118,3.000,-0.136,0.584,0.000,0.599,cmd_age=0.02s bat=1.00 dist=0.39m
44,16.199,SCOUT,2,-6.588,-4.618,3.000,-0.136,0.584,0.000,0.599,cmd_age=0.02s bat=1.00 dist=0.39m
44,16.199,SCOUT,3,-5.088,-6.118,3.000,-0.136,0.584,0.000,0.599,cmd_age=0.02s bat=1.00 dist=0.39m
44,16.199,SCOUT,4,6.589,-4.618,3.000,0.135,0.585,0.000,0.601,cmd_age=0.02s bat=1.00 dist=0.39m
44,16.199,SCOUT,5,5.089,-3.118,3.000,0.135,0.585,0.000,0.601,cmd_age=0.02s bat=1.00 dist=0.39m
44,16.199,SCOUT,6,3.589,-4.618,3.000,0.135,0.585,0.000,0.601,cmd_age=0.02s bat=1.00 dist=0.39m
44,16.199,SCOUT,7,5.089,-6.118,3.000,0.135,0.585,0.000,0.601,cmd_age=0.02s bat=1.00 dist=0.39m
44,16.199,SCOUT,8,-3.222,4.723,3.000,0.425,-0.424,0.000,0.600,cmd_age=0.02s bat=1.00 dist=0.39m
44,16.199,SCOUT,9,-4.722,6.223,3.000,0.425,-0.424,0.000,0.600,cmd_age=0.02s bat=1.00 dist=0.39m
44,16.199,SCOUT,10,-6.222,4.723,3.000,0.425,-0.424,0.000,0.600,cmd_age=0.02s bat=1.00 dist=0.39m
44,16.199,SCOUT,11,-4.722,3.223,3.000,0.425,-0.424,0.000,0.600,cmd_age=0.02s bat=1.00 dist=0.39m
44,16.199,SCOUT,12,6.223,4.723,3.000,-0.424,-0.424,0.000,0.600,cmd_age=0.02s bat=1.00 dist=0.39m
44,16.199,SCOUT,13,4.723,6.223,3.000,-0.424,-0.424,0.000,0.600,cmd_age=0.02s bat=1.00 dist=0.39m
44,16.199,SCOUT,14,3.223,4.723,3.000,-0.424,-0.424,0.000,0.600,cmd_age=0.02s bat=1.00 dist=0.39m
44,16.199,SCOUT,15,4.723,3.223,3.000,-0.424,-0.424,0.000,0.600,cmd_age=0.02s bat=1.00 dist=0.39m
44,16.199,WORKER,0,-3.449,-3.833,3.000,-0.717,1.863,0.000,1.996,state=MOVING bat=1.00 dist=1.25m
44,16.199,WORKER,1,7.096,-3.753,3.000,0.153,1.990,0.000,1.996,state=MOVING bat=1.00 dist=1.25m
44,16.199,WORKER,2,-2.192,4.045,3.000,1.290,-1.524,0.000,1.996,state=MOVING bat=1.00 dist=1.25m
44,16.199,WORKER,3,6.055,4.181,3.000,-1.509,-1.307,0.000,1.996,state=MOVING bat=1.00 dist=1.25m
45,16.418,GENERAL,0,0.000,0.000,5.000,0.000,0.000,0.000,0.000,N/A
45,16.418,NODE,0,-5.099,-4.569,3.000,-0.134,0.586,0.000,0.602,zone=0 dist=0.43m
45,16.418,NODE,1,5.100,-4.569,3.000,0.134,0.583,0.000,0.598,zone=1 dist=0.43m
45,16.418,NODE,2,-4.687,4.687,3.000,0.424,-0.425,0.000,0.600,zone=2 dist=0.43m
45,16.418,NODE,3,4.687,4.687,3.000,-0.427,-0.423,0.000,0.601,zone=3 dist=0.43m
45,16.418,SCOUT,0,-3.590,-4.608,3.000,-0.135,0.584,0.000,0.600,cmd_age=0.02s bat=1.00 dist=0.40m
45,16.418,SCOUT,1,-5.090,-3.108,3.000,-0.135,0.584,0.000,0.600,cmd_age=0.02s bat=1.00 dist=0.40m
45,16.418,SCOUT,2,-6.590,-4.608,3.000,-0.135,0.584,0.000,0.600,cmd_age=0.02s bat=1.00 dist=0.40m
45,16.418,SCOUT,3,-5.090,-6.108,3.000,-0.135,0.584,0.000,0.600,cmd_age=0.02s bat=1.00 dist=0.40m
45,16.418,SCOUT,4,6.591,-4.608,3.000,0.135,0.585,0.000,0.600,cmd_age=0.02s bat=1.00 dist=0.40m
45,16.418,SCOUT,5,5.091,-3.108,3.000,0.135,0.585,0.000,0.600,cmd_age=0.02s bat=1.00 dist=0.40m
45,16.418,SCOUT,6,3.591,-4.608,3.000,0.135,0.585,0.000,0.600,cmd_age=0.02s bat=1.00 dist=0.40m
45,16.418,SCOUT,7,5.091,-6.108,3.000,0.135,0.585,0.000,0.600,cmd_age=0.02s bat=1.00 dist=0.40m
45,16.418,SCOUT,8,-3.215,4.715,3.000,0.424,-0.424,0.000,0.600,cmd_age=0.02s bat=1.00 dist=0.40m
45,16.418,SCOUT,9,-4.715,6.215,3.000,0.424,-0.424,0.000,0.600,cmd_age=0.02s bat=1.00 dist=0.40m
45,16.418,SCOUT,10,-6.215,4.715,3.000,0.424,-0.424,0.000,0.600,cmd_age=0.02s bat=1.00 dist=0.40m
45,16.418,SCOUT,11,-4.715,3.215,3.000,0.424,-0.424,0.000,0.600,cmd_age=0.02s bat=1.00 dist=0.40m
45,16.418,SCOUT,12,6.216,4.716,3.000,-0.425,-0.424,0.000,0.600,cmd_age=0.02s bat=1.00 dist=0.40m
45,16.418,SCOUT,13,4.716,6.216,3.000,-0.425,-0.424,0.000,0.600,cmd_age=0.02s bat=1.00 dist=0.40m
45,16.418,SCOUT,14,3.216,4.716,3.000,-0.425,-0.424,0.000,0.600,cmd_age=0.02s bat=1.00 dist=0.40m
45,16.418,SCOUT,15,4.716,3.216,3.000,-0.425,-0.424,0.000,0.600,cmd_age=0.02s bat=1.00 dist=0.40m
45,16.418,WORKER,0,-3.461,-3.802,3.000,-0.717,1.864,0.000,1.997,state=MOVING bat=1.00 dist=1.28m
45,16.418,WORKER,1,7.098,-3.720,3.000,0.153,1.991,0.000,1.997,state=MOVING bat=1.00 dist=1.28m
45,16.418,WORKER,2,-2.171,4.020,3.000,1.290,-1.524,0.000,1.997,state=MOVING bat=1.00 dist=1.28m
45,16.418,WORKER,3,6.030,4.159,3.000,-1.509,-1.308,0.000,1.997,state=MOVING bat=1.00 dist=1.28m
46,16.635,GENERAL,0,0.000,0.000,5.000,0.000,0.000,0.000,0.000,N/A
46,16.635,NODE,0,-5.102,-4.559,3.000,-0.134,0.584,0.000,0.599,zone=0 dist=0.44m
46,16.635,NODE,1,5.102,-4.559,3.000,0.132,0.583,0.000,0.598,zone=1 dist=0.44m
46,16.635,NODE,2,-4.680,4.680,3.000,0.426,-0.423,0.000,0.601,zone=2 dist=0.44m
46,16.635,NODE,3,4.680,4.680,3.000,-0.425,-0.423,0.000,0.599,zone=3 dist=0.44m
46,16.635,SCOUT,0,-3.593,-4.598,3.000,-0.135,0.584,0.000,0.600,cmd_age=0.02s bat=1.00 dist=0.41m
46,16.635,SCOUT,1,-5.093,-3.098,3.000,-0.135,0.584,0.000,0.600,cmd_age=0.02s bat=1.00 dist=0.41m
46,16.635,SCOUT,2,-6.593,-4.598,3.000,-0.135,0.584,0.000,0.600,cmd_age=0.02s bat=1.00 dist=0.41m
46,16.635,SCOUT,3,-5.093,-6.098,3.000,-0.135,0.584,0.000,0.600,cmd_age=0.02s bat=1.00 dist=0.41m
46,16.635,SCOUT,4,6.593,-4.598,3.000,0.134,0.585,0.000,0.600,cmd_age=0.02s bat=1.00 dist=0.41m
46,16.635,SCOUT,5,5.093,-3.098,3.000,0.134,0.585,0.000,0.600,cmd_age=0.02s bat=1.00 dist=0.41m
46,16.635,SCOUT,6,3.593,-4.598,3.000,0.134,0.585,0.000,0.600,cmd_age=0.02s bat=1.00 dist=0.41m
46,16.635,SCOUT,7,5.093,-6.098,3.000,0.134,0.585,0.000,0.600,cmd_age=0.02s bat=1.00 dist=0.41m
46,16.635,SCOUT,8,-3.208,4.708,3.000,0.425,-0.424,0.000,0.600,cmd_age=0.02s bat=1.00 dist=0.41m
46,16.635,SCOUT,9,-4.708,6.208,3.000,0.425,-0.424,0.000,0.600,cmd_age=0.02s bat=1.00 dist=0.41m
46,16.635,SCOUT,10,-6.208,4.708,3.000,0.425,-0.424,0.000,0.600,cmd_age=0.02s bat=1.00 dist=0.41m
46,16.635,SCOUT,11,-4.708,3.208,3.000,0.425,-0.424,0.000,0.600,cmd_age=0.02s bat=1.00 dist=0.41m
46,16.635,SCOUT,12,6.209,4.709,3.000,-0.425,-0.424,0.000,0.600,cmd_age=0.02s bat=1.00 dist=0.41m
46,16.635,SCOUT,13,4.709,6.209,3.000,-0.425,-0.424,0.000,0.600,cmd_age=0.02s bat=1.00 dist=0.41m
46,16.635,SCOUT,14,3.209,4.709,3.000,-0.425,-0.424,0.000,0.600,cmd_age=0.02s bat=1.00 dist=0.41m
46,16.635,SCOUT,15,4.709,3.209,3.000,-0.425,-0.424,0.000,0.600,cmd_age=0.02s bat=1.00 dist=0.41m
46,16.635,WORKER,0,-3.473,-3.771,3.000,-0.717,1.864,0.000,1.997,state=MOVING bat=1.00 dist=1.31m
46,16.635,WORKER,1,7.101,-3.687,3.000,0.153,1.991,0.000,1.997,state=MOVING bat=1.00 dist=1.31m
46,16.635,WORKER,2,-2.149,3.995,3.000,1.290,-1.525,0.000,1.997,state=MOVING bat=1.00 dist=1.31m
46,16.635,WORKER,3,6.005,4.137,3.000,-1.509,-1.308,0.000,1.997,state=MOVING bat=1.00 dist=1.31m
47,16.852,GENERAL,0,0.000,0.000,5.000,0.000,0.000,0.000,0.000,N/A
47,16.852,NODE,0,-5.104,-4.550,3.000,-0.133,0.586,0.000,0.600,zone=0 dist=0.45m
47,16.852,NODE,1,5.104,-4.550,3.000,0.131,0.582,0.000,0.597,zone=1 dist=0.45m
47,16.852,NODE,2,-4.673,4.673,3.000,0.425,-0.424,0.000,0.600,zone=2 dist=0.45m
47,16.852,NODE,3,4.673,4.673,3.000,-0.422,-0.421,0.000,0.596,zone=3 dist=0.45m
47,16.852,SCOUT,0,-3.595,-4.589,3.000,-0.135,0.584,0.000,0.600,cmd_age=0.02s bat=1.00 dist=0.42m
47,16.852,SCOUT,1,-5.095,-3.089,3.000,-0.135,0.584,0.000,0.600,cmd_age=0.02s bat=1.00 dist=0.42m
47,16.852,SCOUT,2,-6.595,-4.589,3.000,-0.135,0.584,0.000,0.600,cmd_age=0.02s bat=1.00 dist=0.42m
47,16.852,SCOUT,3,-5.095,-6.089,3.000,-0.135,0.584,0.000,0.600,cmd_age=0.02s bat=1.00 dist=0.42m
47,16.852,SCOUT,4,6.595,-4.588,3.000,0.134,0.584,0.000,0.599,cmd_age=0.02s bat=1.00 dist=0.42m
47,16.852,SCOUT,5,5.095,-3.088,3.000,0.134,0.584,0.000,0.599,cmd_age=0.02s bat=1.00 dist=0.42m
47,16.852,SCOUT,6,3.595,-4.588,3.000,0.134,0.584,0.000,0.599,cmd_age=0.02s bat=1.00 dist=0.42m
47,16.852,SCOUT,7,5.095,-6.088,3.000,0.134,0.584,0.000,0.599,cmd_age=0.02s bat=1.00 dist=0.42m
47,16.852,SCOUT,8,-3.201,4.701,3.000,0.425,-0.424,0.000,0.600,cmd_age=0.02s bat=1.00 dist=0.42m
47,16.852,SCOUT,9,-4.701,6.201,3.000,0.425,-0.424,0.000,0.600,cmd_age=0.02s bat=1.00 dist=0.42m
47,16.852,SCOUT,10,-6.201,4.701,3.000,0.425,-0.424,0.000,0.600,cmd_age=0.02s bat=1.00 dist=0.42m
47,16.852,SCOUT,11,-4.701,3.201,3.000,0.425,-0.424,0.000,0.600,cmd_age=0.02s bat=1.00 dist=0.42m
47,16.852,SCOUT,12,6.201,4.701,3.000,-0.424,-0.423,0.000,0.599,cmd_age=0.02s bat=1.00 dist=0.42m
47,16.852,SCOUT,13,4.701,6.201,3.000,-0.424,-0.423,0.000,0.599,cmd_age=0.02s bat=1.00 dist=0.42m
47,16.852,SCOUT,14,3.201,4.701,3.000,-0.424,-0.423,0.000,0.599,cmd_age=0.02s bat=1.00 dist=0.42m
47,16.852,SCOUT,15,4.701,3.201,3.000,-0.424,-0.423,0.000,0.599,cmd_age=0.02s bat=1.00 dist=0.42m
47,16.852,WORKER,0,-3.485,-3.740,3.000,-0.717,1.864,0.000,1.998,state=MOVING bat=1.00 dist=1.35m
47,16.852,WORKER,1,7.104,-3.654,3.000,0.153,1.992,0.000,1.998,state=MOVING bat=1.00 dist=1.35m
47,16.852,WORKER,2,-2.128,3.969,3.000,1.290,-1.525,0.000,1.998,state=MOVING bat=1.00 dist=1.35m
47,16.852,WORKER,3,5.980,4.116,3.000,-1.510,-1.308,0.000,1.998,state=MOVING bat=1.00 dist=1.35m
48,17.068,GENERAL,0,0.000,0.000,5.000,0.000,0.000,0.000,0.000,N/A
48,17.068,NODE,0,-5.106,-4.540,3.000,-0.136,0.584,0.000,0.600,zone=0 dist=0.46m
48,17.068,NODE,1,5.106,-4.540,3.000,0.135,0.582,0.000,0.598,zone=1 dist=0.46m
48,17.068,NODE,2,-4.666,4.666,3.000,0.425,-0.421,0.000,0.598,zone=2 dist=0.46m
48,17.068,NODE,3,4.666,4.666,3.000,-0.424,-0.426,0.000,0.601,zone=3 dist=0.46m
48,17.068,SCOUT,0,-3.597,-4.579,3.000,-0.135,0.584,0.000,0.600,cmd_age=0.02s bat=1.00 dist=0.43m
48,17.068,SCOUT,1,-5.097,-3.079,3.000,-0.135,0.584,0.000,0.600,cmd_age=0.02s bat=1.00 dist=0.43m
48,17.068,SCOUT,2,-6.597,-4.579,3.000,-0.135,0.584,0.000,0.600,cmd_age=0.02s bat=1.00 dist=0.43m
48,17.068,SCOUT,3,-5.097,-6.079,3.000,-0.135,0.584,0.000,0.600,cmd_age=0.02s bat=1.00 dist=0.43m
48,17.068,SCOUT,4,6.597,-4.579,3.000,0.134,0.584,0.000,0.599,cmd_age=0.02s bat=1.00 dist=0.43m
48,17.068,SCOUT,5,5.097,-3.079,3.000,0.134,0.584,0.000,0.599,cmd_age=0.02s bat=1.00 dist=0.43m
48,17.068,SCOUT,6,3.597,-4.579,3.000,0.134,0.584,0.000,0.599,cmd_age=0.02s bat=1.00 dist=0.43m
48,17.068,SCOUT,7,5.097,-6.079,3.000,0.134,0.584,0.000,0.599,cmd_age=0.02s bat=1.00 dist=0.43m
48,17.068,SCOUT,8,-3.194,4.694,3.000,0.425,-0.424,0.000,0.600,cmd_age=0.02s bat=1.00 dist=0.43m
48,17.068,SCOUT,9,-4.694,6.194,3.000,0.425,-0.424,0.000,0.600,cmd_age=0.02s bat=1.00 dist=0.43m
48,17.068,SCOUT,10,-6.194,4.694,3.000,0.425,-0.424,0.000,0.600,cmd_age=0.02s bat=1.00 dist=0.43m
48,17.068,SCOUT,11,-4.694,3.194,3.000,0.425,-0.424,0.000,0.600,cmd_age=0.02s bat=1.00 dist=0.43m
48,17.068,SCOUT,12,6.194,4.694,3.000,-0.424,-0.424,0.000,0.600,cmd_age=0.02s bat=1.00 dist=0.43m
48,17.068,SCOUT,13,4.694,6.194,3.000,-0.424,-0.424,0.000,0.600,cmd_age=0.02s bat=1.00 dist=0.43m
48,17.068,SCOUT,14,3.194,4.694,3.000,-0.424,-0.424,0.000,0.600,cmd_age=0.02s bat=1.00 dist=0.43m
48,17.068,SCOUT,15,4.694,3.194,3.000,-0.424,-0.424,0.000,0.600,cmd_age=0.02s bat=1.00 dist=0.43m
48,17.068,WORKER,0,-3.497,-3.709,3.000,-0.717,1.865,0.000,1.998,state=MOVING bat=1.00 dist=1.38m
48,17.068,WORKER,1,7.106,-3.621,3.000,0.153,1.992,0.000,1.998,state=MOVING bat=1.00 dist=1.38m
48,17.068,WORKER,2,-2.106,3.944,3.000,1.291,-1.525,0.000,1.998,state=MOVING bat=1.00 dist=1.38m
48,17.068,WORKER,3,5.954,4.094,3.000,-1.510,-1.308,0.000,1.998,state=MOVING bat=1.00 dist=1.38m
49,17.289,GENERAL,0,0.000,0.000,5.000,0.000,0.000,0.000,0.000,N/A
49,17.289,NODE,0,-5.108,-4.530,3.000,-0.135,0.584,0.000,0.600,zone=0 dist=0.47m
49,17.289,NODE,1,5.109,-4.530,3.000,0.133,0.582,0.000,0.597,zone=1 dist=0.47m
49,17.289,NODE,2,-4.659,4.659,3.000,0.423,-0.422,0.000,0.597,zone=2 dist=0.47m
49,17.289,NODE,3,4.659,4.659,3.000,-0.422,-0.423,0.000,0.598,zone=3 dist=0.47m
49,17.289,SCOUT,0,-3.599,-4.569,3.000,-0.135,0.584,0.000,0.600,cmd_age=0.02s bat=1.00 dist=0.44m
49,17.289,SCOUT,1,-5.099,-3.069,3.000,-0.135,0.584,0.000,0.600,cmd_age=0.02s bat=1.00 dist=0.44m
49,17.289,SCOUT,2,-6.599,-4.569,3.000,-0.135,0.584,0.000,0.600,cmd_age=0.02s bat=1.00 dist=0.44m
49,17.289,SCOUT,3,-5.099,-6.069,3.000,-0.135,0.584,0.000,0.600,cmd_age=0.02s bat=1.00 dist=0.44m
49,17.289,SCOUT,4,6.600,-4.569,3.000,0.134,0.583,0.000,0.599,cmd_age=0.02s bat=1.00 dist=0.44m
49,17.289,SCOUT,5,5.100,-3.069,3.000,0.134,0.583,0.000,0.599,cmd_age=0.02s bat=1.00 dist=0.44m
49,17.289,SCOUT,6,3.600,-4.569,3.000,0.134,0.583,0.000,0.599,cmd_age=0.02s bat=1.00 dist=0.44m
49,17.289,SCOUT,7,5.100,-6.069,3.000,0.134,0.583,0.000,0.599,cmd_age=0.02s bat=1.00 dist=0.44m
49,17.289,SCOUT,8,-3.187,4.687,3.000,0.424,-0.423,0.000,0.599,cmd_age=0.02s bat=1.00 dist=0.44m
49,17.289,SCOUT,9,-4.687,6.187,3.000,0.424,-0.423,0.000,0.599,cmd_age=0.02s bat=1.00 dist=0.44m
49,17.289,SCOUT,10,-6.187,4.687,3.000,0.424,-0.423,0.000,0.599,cmd_age=0.02s bat=1.00 dist=0.44m
49,17.289,SCOUT,11,-4.687,3.187,3.000,0.424,-0.423,0.000,0.599,cmd_age=0.02s bat=1.00 dist=0.44m
49,17.289,SCOUT,12,6.187,4.687,3.000,-0.424,-0.424,0.000,0.599,cmd_age=0.02s bat=1.00 dist=0.44m
49,17.289,SCOUT,13,4.687,6.187,3.000,-0.424,-0.424,0.000,0.599,cmd_age=0.02s bat=1.00 dist=0.44m
49,17.289,SCOUT,14,3.187,4.687,3.000,-0.424,-0.424,0.000,0.599,cmd_age=0.02s bat=1.00 dist=0.44m
49,17.289,SCOUT,15,4.687,3.187,3.000,-0.424,-0.424,0.000,0.599,cmd_age=0.02s bat=1.00 dist=0.44m
49,17.289,WORKER,0,-3.509,-3.678,3.000,-0.717,1.865,0.000,1.998,state=MOVING bat=1.00 dist=1.41m
49,17.289,WORKER,1,7.109,-3.587,3.000,0.153,1.992,0.000,1.998,state=MOVING bat=1.00 dist=1.41m
49,17.289,WORKER,2,-2.085,3.918,3.000,1.291,-1.525,0.000,1.998,state=MOVING bat=1.00 dist=1.41m
49,17.289,WORKER,3,5.929,4.072,3.000,-1.510,-1.309,0.000,1.998,state=MOVING bat=1.00 dist=1.41m
50,17.503,GENERAL,0,0.000,0.000,5.000,0.000,0.000,0.000,0.000,N/A
50,17.503,NODE,0,-5.111,-4.520,3.000,-0.136,0.584,0.000,0.600,zone=0 dist=0.48m
50,17.503,NODE,1,5.111,-4.520,3.000,0.134,0.585,0.000,0.600,zone=1 dist=0.48m
50,17.503,NODE,2,-4.652,4.652,3.000,0.423,-0.422,0.000,0.597,zone=2 dist=0.48m
50,17.503,NODE,3,4.652,4.652,3.000,-0.426,-0.424,0.000,0.602,zone=3 dist=0.48m
50,17.503,SCOUT,0,-3.602,-4.559,3.000,-0.135,0.584,0.000,0.600,cmd_age=0.02s bat=1.00 dist=0.45m
50,17.503,SCOUT,1,-5.102,-3.059,3.000,-0.135,0.584,0.000,0.600,cmd_age=0.02s bat=1.00 dist=0.45m
50,17.503,SCOUT,2,-6.602,-4.559,3.000,-0.135,0.584,0.000,0.600,cmd_age=0.02s bat=1.00 dist=0.45m
50,17.503,SCOUT,3,-5.102,-6.059,3.000,-0.135,0.584,0.000,0.600,cmd_age=0.02s bat=1.00 dist=0.45m
50,17.503,SCOUT,4,6.602,-4.559,3.000,0.134,0.584,0.000,0.599,cmd_age=0.02s bat=1.00 dist=0.45m
50,17.503,SCOUT,5,5.102,-3.059,3.000,0.134,0.584,0.000,0.599,cmd_age=0.02s bat=1.00 dist=0.45m
50,17.503,SCOUT,6,3.602,-4.559,3.000,0.134,0.584,0.000,0.599,cmd_age=0.02s bat=1.00 dist=0.45m
50,17.503,SCOUT,7,5.102,-6.059,3.000,0.134,0.584,0.000,0.599,cmd_age=0.02s bat=1.00 dist=0.45m
50,17.503,SCOUT,8,-3.180,4.680,3.000,0.424,-0.423,0.000,0.599,cmd_age=0.02s bat=1.00 dist=0.45m
50,17.503,SCOUT,9,-4.680,6.180,3.000,0.424,-0.423,0.000,0.599,cmd_age=0.02s bat=1.00 dist=0.45m
50,17.503,SCOUT,10,-6.180,4.680,3.000,0.424,-0.423,0.000,0.599,cmd_age=0.02s bat=1.00 dist=0.45m
50,17.503,SCOUT,11,-4.680,3.180,3.000,0.424,-0.423,0.000,0.599,cmd_age=0.02s bat=1.00 dist=0.45m
50,17.503,SCOUT,12,6.180,4.680,3.000,-0.424,-0.424,0.000,0.600,cmd_age=0.02s bat=1.00 dist=0.45m
50,17.503,SCOUT,13,4.680,6.180,3.000,-0.424,-0.424,0.000,0.600,cmd_age=0.02s bat=1.00 dist=0.45m
50,17.503,SCOUT,14,3.180,4.680,3.000,-0.424,-0.424,0.000,0.600,cmd_age=0.02s bat=1.00 dist=0.45m
50,17.503,SCOUT,15,4.680,3.180,3.000,-0.424,-0.424,0.000,0.600,cmd_age=0.02s bat=1.00 dist=0.45m
50,17.503,WORKER,0,-3.521,-3.646,3.000,-0.717,1.865,0.000,1.998,state=MOVING bat=1.00 dist=1.45m
50,17.503,WORKER,1,7.111,-3.554,3.000,0.153,1.993,0.000,1.998,state=MOVING bat=1.00 dist=1.45m
50,17.503,WORKER,2,-2.063,3.893,3.000,1.291,-1.526,0.000,1.998,state=MOVING bat=1.00 dist=1.45m
50,17.503,WORKER,3,5.904,4.050,3.000,-1.510,-1.309,0.000,1.998,state=MOVING bat=1.00 dist=1.45m
51,17.972,GENERAL,0,0.000,0.000,5.000,0.000,0.000,0.000,0.000,N/A
51,17.972,NODE,0,-5.113,-4.511,3.000,-0.136,0.586,0.000,0.602,zone=0 dist=0.49m
51,17.972,NODE,1,5.113,-4.511,3.000,0.132,0.586,0.000,0.601,zone=1 dist=0.49m
51,17.972,NODE,2,-4.644,4.645,3.000,0.425,-0.425,0.000,0.601,zone=2 dist=0.49m
51,17.972,NODE,3,4.645,4.645,3.000,-0.423,-0.423,0.000,0.598,zone=3 dist=0.49m
51,17.972,SCOUT,0,-3.604,-4.550,3.000,-0.135,0.585,0.000,0.600,cmd_age=0.02s bat=1.00 dist=0.46m
51,17.972,SCOUT,1,-5.104,-3.050,3.000,-0.135,0.585,0.000,0.600,cmd_age=0.02s bat=1.00 dist=0.46m
51,17.972,SCOUT,2,-6.604,-4.550,3.000,-0.135,0.585,0.000,0.600,cmd_age=0.02s bat=1.00 dist=0.46m
51,17.972,SCOUT,3,-5.104,-6.050,3.000,-0.135,0.585,0.000,0.600,cmd_age=0.02s bat=1.00 dist=0.46m
51,17.972,SCOUT,4,6.604,-4.550,3.000,0.134,0.584,0.000,0.599,cmd_age=0.02s bat=1.00 dist=0.46m
51,17.972,SCOUT,5,5.104,-3.050,3.000,0.134,0.584,0.000,0.599,cmd_age=0.02s bat=1.00 dist=0.46m
51,17.972,SCOUT,6,3.604,-4.550,3.000,0.134,0.584,0.000,0.599,cmd_age=0.02s bat=1.00 dist=0.46m
51,17.972,SCOUT,7,5.104,-6.050,3.000,0.134,0.584,0.000,0.599,cmd_age=0.02s bat=1.00 dist=0.46m
51,17.972,SCOUT,8,-3.173,4.673,3.000,0.424,-0.423,0.000,0.599,cmd_age=0.02s bat=1.00 dist=0.46m
51,17.972,SCOUT,9,-4.673,6.173,3.000,0.424,-0.423,0.000,0.599,cmd_age=0.02s bat=1.00 dist=0.46m
51,17.972,SCOUT,10,-6.173,4.673,3.000,0.424,-0.423,0.000,0.599,cmd_age=0.02s bat=1.00 dist=0.46m
51,17.972,SCOUT,11,-4.673,3.173,3.000,0.424,-0.423,0.000,0.599,cmd_age=0.02s bat=1.00 dist=0.46m
51,17.972,SCOUT,12,6.173,4.673,3.000,-0.424,-0.424,0.000,0.599,cmd_age=0.02s bat=1.00 dist=0.46m
51,17.972,SCOUT,13,4.673,6.173,3.000,-0.424,-0.424,0.000,0.599,cmd_age=0.02s bat=1.00 dist=0.46m
51,17.972,SCOUT,14,3.173,4.673,3.000,-0.424,-0.424,0.000,0.599,cmd_age=0.02s bat=1.00 dist=0.46m
51,17.972,SCOUT,15,4.673,3.173,3.000,-0.424,-0.424,0.000,0.599,cmd_age=0.02s bat=1.00 dist=0.46m
51,17.972,WORKER,0,-3.533,-3.615,3.000,-0.717,1.865,0.000,1.999,state=MOVING bat=1.00 dist=1.48m
51,17.972,WORKER,1,7.114,-3.521,3.000,0.153,1.993,0.000,1.999,state=MOVING bat=1.00 dist=1.48m
51,17.972,WORKER,2,-2.042,3.868,3.000,1.291,-1.526,0.000,1.999,state=MOVING bat=1.00 dist=1.48m
51,17.972,WORKER,3,5.879,4.028,3.000,-1.510,-1.309,0.000,1.999,state=MOVING bat=1.00 dist=1.48m
52,18.180,GENERAL,0,0.000,0.000,5.000,0.000,0.000,0.000,0.000,N/A
52,18.180,NODE,0,-5.115,-4.501,3.000,-0.137,0.583,0.000,0.599,zone=0 dist=0.50m
52,18.180,NODE,1,5.115,-4.501,3.000,0.135,0.586,0.000,0.601,zone=1 dist=0.50m
52,18.180,NODE,2,-4.637,4.638,3.000,0.424,-0.424,0.000,0.600,zone=2 dist=0.50m
52,18.180,NODE,3,4.638,4.638,3.000,-0.424,-0.423,0.000,0.599,zone=3 dist=0.50m
52,18.180,SCOUT,0,-3.606,-4.540,3.000,-0.136,0.584,0.000,0.600,cmd_age=0.02s bat=1.00 dist=0.47m
52,18.180,SCOUT,1,-5.106,-3.040,3.000,-0.136,0.584,0.000,0.600,cmd_age=0.02s bat=1.00 dist=0.47m
52,18.180,SCOUT,2,-6.606,-4.540,3.000,-0.136,0.584,0.000,0.600,cmd_age=0.02s bat=1.00 dist=0.47m
52,18.180,SCOUT,3,-5.106,-6.040,3.000,-0.136,0.584,0.000,0.600,cmd_age=0.02s bat=1.00 dist=0.47m
52,18.180,SCOUT,4,6.606,-4.540,3.000,0.134,0.585,0.000,0.600,cmd_age=0.02s bat=1.00 dist=0.47m
52,18.180,SCOUT,5,5.106,-3.040,3.000,0.134,0.585,0.000,0.600,cmd_age=0.02s bat=1.00 dist=0.47m
52,18.180,SCOUT,6,3.606,-4.540,3.000,0.134,0.585,0.000,0.600,cmd_age=0.02s bat=1.00 dist=0.47m
52,18.180,SCOUT,7,5.106,-6.040,3.000,0.134,0.585,0.000,0.600,cmd_age=0.02s bat=1.00 dist=0.47m
52,18.180,SCOUT,8,-3.166,4.666,3.000,0.424,-0.423,0.000,0.599,cmd_age=0.02s bat=1.00 dist=0.47m
52,18.180,SCOUT,9,-4.666,6.166,3.000,0.424,-0.423,0.000,0.599,cmd_age=0.02s bat=1.00 dist=0.47m
52,18.180,SCOUT,10,-6.166,4.666,3.000,0.424,-0.423,0.000,0.599,cmd_age=0.02s bat=1.00 dist=0.47m
52,18.180,SCOUT,11,-4.666,3.166,3.000,0.424,-0.423,0.000,0.599,cmd_age=0.02s bat=1.00 dist=0.47m
52,18.180,SCOUT,12,6.166,4.666,3.000,-0.424,-0.423,0.000,0.599,cmd_age=0.02s bat=1.00 dist=0.47m
52,18.180,SCOUT,13,4.666,6.166,3.000,-0.424,-0.423,0.000,0.599,cmd_age=0.02s bat=1.00 dist=0.47m
52,18.180,SCOUT,14,3.166,4.666,3.000,-0.424,-0.423,0.000,0.599,cmd_age=0.02s bat=1.00 dist=0.47m
52,18.180,SCOUT,15,4.666,3.166,3.000,-0.424,-0.423,0.000,0.599,cmd_age=0.02s bat=1.00 dist=0.47m
52,18.180,WORKER,0,-3.544,-3.584,3.000,-0.718,1.866,0.000,1.999,state=MOVING bat=1.00 dist=1.51m
52,18.180,WORKER,1,7.116,-3.488,3.000,0.153,1.993,0.000,1.999,state=MOVING bat=1.00 dist=1.51m
52,18.180,WORKER,2,-2.020,3.842,3.000,1.291,-1.526,0.000,1.999,state=MOVING bat=1.00 dist=1.51m
52,18.180,WORKER,3,5.854,4.007,3.000,-1.510,-1.309,0.000,1.999,state=MOVING bat=1.00 dist=1.51m
53,18.396,GENERAL,0,0.000,0.000,5.000,0.000,0.000,0.000,0.000,N/A
53,18.396,NODE,0,-5.117,-4.491,3.000,-0.135,0.586,0.000,0.601,zone=0 dist=0.51m
53,18.396,NODE,1,5.118,-4.491,3.000,0.134,0.584,0.000,0.599,zone=1 dist=0.51m
53,18.396,NODE,2,-4.630,4.631,3.000,0.423,-0.422,0.000,0.598,zone=2 dist=0.51m
53,18.396,NODE,3,4.631,4.631,3.000,-0.426,-0.428,0.000,0.604,zone=3 dist=0.51m
53,18.396,SCOUT,0,-3.608,-4.530,3.000,-0.136,0.585,0.000,0.600,cmd_age=0.02s bat=1.00 dist=0.48m
53,18.396,SCOUT,1,-5.108,-3.030,3.000,-0.136,0.585,0.000,0.600,cmd_age=0.02s bat=1.00 dist=0.48m
53,18.396,SCOUT,2,-6.608,-4.530,3.000,-0.136,0.585,0.000,0.600,cmd_age=0.02s bat=1.00 dist=0.48m
53,18.396,SCOUT,3,-5.108,-6.030,3.000,-0.136,0.585,0.000,0.600,cmd_age=0.02s bat=1.00 dist=0.48m
53,18.396,SCOUT,4,6.609,-4.530,3.000,0.134,0.584,0.000,0.600,cmd_age=0.02s bat=1.00 dist=0.48m
53,18.396,SCOUT,5,5.109,-3.030,3.000,0.134,0.584,0.000,0.600,cmd_age=0.02s bat=1.00 dist=0.48m
53,18.396,SCOUT,6,3.609,-4.530,3.000,0.134,0.584,0.000,0.600,cmd_age=0.02s bat=1.00 dist=0.48m
53,18.396,SCOUT,7,5.109,-6.030,3.000,0.134,0.584,0.000,0.600,cmd_age=0.02s bat=1.00 dist=0.48m
53,18.396,SCOUT,8,-3.159,4.659,3.000,0.424,-0.423,0.000,0.599,cmd_age=0.02s bat=1.00 dist=0.48m
53,18.396,SCOUT,9,-4.659,6.159,3.000,0.424,-0.423,0.000,0.599,cmd_age=0.02s bat=1.00 dist=0.48m
53,18.396,SCOUT,10,-6.159,4.659,3.000,0.424,-0.423,0.000,0.599,cmd_age=0.02s bat=1.00 dist=0.48m
53,18.396,SCOUT,11,-4.659,3.159,3.000,0.424,-0.423,0.000,0.599,cmd_age=0.02s bat=1.00 dist=0.48m
53,18.396,SCOUT,12,6.159,4.659,3.000,-0.424,-0.424,0.000,0.600,cmd_age=0.02s bat=1.00 dist=0.48m
53,18.396,SCOUT,13,4.659,6.159,3.000,-0.424,-0.424,0.000,0.600,cmd_age=0.02s bat=1.00 dist=0.48m
53,18.396,SCOUT,14,3.159,4.659,3.000,-0.424,-0.424,0.000,0.600,cmd_age=0.02s bat=1.00 dist=0.48m
53,18.396,SCOUT,15,4.659,3.159,3.000,-0.424,-0.424,0.000,0.600,cmd_age=0.02s bat=1.00 dist=0.48m
53,18.396,WORKER,0,-3.556,-3.553,3.000,-0.718,1.866,0.000,1.999,state=MOVING bat=1.00 dist=1.55m
53,18.396,WORKER,1,7.119,-3.454,3.000,0.153,1.993,0.000,1.999,state=MOVING bat=1.00 dist=1.55m
53,18.396,WORKER,2,-1.999,3.817,3.000,1.291,-1.526,0.000,1.999,state=MOVING bat=1.00 dist=1.55m
53,18.396,WORKER,3,5.829,3.985,3.000,-1.511,-1.309,0.000,1.999,state=MOVING bat=1.00 dist=1.55m
54,18.886,GENERAL,0,0.000,0.000,5.000,0.000,0.000,0.000,0.000,N/A
54,18.886,NODE,0,-5.120,-4.482,3.000,-0.133,0.584,0.000,0.599,zone=0 dist=0.52m
54,18.886,NODE,1,5.120,-4.481,3.000,0.135,0.587,0.000,0.602,zone=1 dist=0.52m
54,18.886,NODE,2,-4.623,4.624,3.000,0.425,-0.425,0.000,0.601,zone=2 dist=0.52m
54,18.886,NODE,3,4.624,4.624,3.000,-0.427,-0.424,0.000,0.602,zone=3 dist=0.52m
54,18.886,SCOUT,0,-3.611,-4.520,3.000,-0.135,0.584,0.000,0.600,cmd_age=0.02s bat=1.00 dist=0.49m
54,18.886,SCOUT,1,-5.111,-3.020,3.000,-0.135,0.584,0.000,0.600,cmd_age=0.02s bat=1.00 dist=0.49m
54,18.886,SCOUT,2,-6.611,-4.520,3.000,-0.135,0.584,0.000,0.600,cmd_age=0.02s bat=1.00 dist=0.49m
54,18.886,SCOUT,3,-5.111,-6.020,3.000,-0.135,0.584,0.000,0.600,cmd_age=0.02s bat=1.00 dist=0.49m
54,18.886,SCOUT,4,6.611,-4.520,3.000,0.134,0.585,0.000,0.600,cmd_age=0.02s bat=1.00 dist=0.49m
54,18.886,SCOUT,5,5.111,-3.020,3.000,0.134,0.585,0.000,0.600,cmd_age=0.02s bat=1.00 dist=0.49m
54,18.886,SCOUT,6,3.611,-4.520,3.000,0.134,0.585,0.000,0.600,cmd_age=0.02s bat=1.00 dist=0.49m
54,18.886,SCOUT,7,5.111,-6.020,3.000,0.134,0.585,0.000,0.600,cmd_age=0.02s bat=1.00 dist=0.49m
54,18.886,SCOUT,8,-3.152,4.652,3.000,0.424,-0.423,0.000,0.599,cmd_age=0.02s bat=1.00 dist=0.49m
54,18.886,SCOUT,9,-4.652,6.152,3.000,0.424,-0.423,0.000,0.599,cmd_age=0.02s bat=1.00 dist=0.49m
54,18.886,SCOUT,10,-6.152,4.652,3.000,0.424,-0.423,0.000,0.599,cmd_age=0.02s bat=1.00 dist=0.49m
54,18.886,SCOUT,11,-4.652,3.152,3.000,0.424,-0.423,0.000,0.599,cmd_age=0.02s bat=1.00 dist=0.49m
54,18.886,SCOUT,12,6.152,4.652,3.000,-0.425,-0.424,0.000,0.601,cmd_age=0.02s bat=1.00 dist=0.49m
54,18.886,SCOUT,13,4.652,6.152,3.000,-0.425,-0.424,0.000,0.601,cmd_age=0.02s bat=1.00 dist=0.49m
54,18.886,SCOUT,14,3.152,4.652,3.000,-0.425,-0.424,0.000,0.601,cmd_age=0.02s bat=1.00 dist=0.49m
54,18.886,SCOUT,15,4.652,3.152,3.000,-0.425,-0.424,0.000,0.601,cmd_age=0.02s bat=1.00 dist=0.49m
54,18.886,WORKER,0,-3.568,-3.522,3.000,-0.718,1.866,0.000,1.999,state=MOVING bat=1.00 dist=1.58m
54,18.886,WORKER,1,7.121,-3.421,3.000,0.153,1.993,0.000,1.999,state=MOVING bat=1.00 dist=1.58m
54,18.886,WORKER,2,-1.977,3.791,3.000,1.291,-1.526,0.000,1.999,state=MOVING bat=1.00 dist=1.58m
54,18.886,WORKER,3,5.803,3.963,3.000,-1.511,-1.309,0.000,1.999,state=MOVING bat=1.00 dist=1.58m
55,19.181,GENERAL,0,0.000,0.000,5.000,0.000,0.000,0.000,0.000,N/A
55,19.181,NODE,0,-5.122,-4.472,3.000,-0.136,0.584,0.000,0.599,zone=0 dist=0.53m
55,19.181,NODE,1,5.122,-4.472,3.000,0.135,0.585,0.000,0.601,zone=1 dist=0.53m
55,19.181,NODE,2,-4.616,4.617,3.000,0.424,-0.422,0.000,0.598,zone=2 dist=0.53m
55,19.181,NODE,3,4.617,4.617,3.000,-0.423,-0.425,0.000,0.599,zone=3 dist=0.53m
55,19.181,SCOUT,0,-3.613,-4.511,3.000,-0.135,0.584,0.000,0.600,cmd_age=0.02s bat=1.00 dist=0.50m
55,19.181,SCOUT,1,-5.113,-3.011,3.000,-0.135,0.584,0.000,0.600,cmd_age=0.02s bat=1.00 dist=0.50m
55,19.181,SCOUT,2,-6.613,-4.511,3.000,-0.135,0.584,0.000,0.600,cmd_age=0.02s bat=1.00 dist=0.50m
55,19.181,SCOUT,3,-5.113,-6.011,3.000,-0.135,0.584,0.000,0.600,cmd_age=0.02s bat=1.00 dist=0.50m
55,19.181,SCOUT,4,6.613,-4.511,3.000,0.134,0.585,0.000,0.600,cmd_age=0.02s bat=1.00 dist=0.50m
55,19.181,SCOUT,5,5.113,-3.011,3.000,0.134,0.585,0.000,0.600,cmd_age=0.02s bat=1.00 dist=0.50m
55,19.181,SCOUT,6,3.613,-4.511,3.000,0.134,0.585,0.000,0.600,cmd_age=0.02s bat=1.00 dist=0.50m
55,19.181,SCOUT,7,5.113,-6.011,3.000,0.134,0.585,0.000,0.600,cmd_age=0.02s bat=1.00 dist=0.50m
55,19.181,SCOUT,8,-3.144,4.645,3.000,0.424,-0.423,0.000,0.599,cmd_age=0.02s bat=1.00 dist=0.50m
55,19.181,SCOUT,9,-4.644,6.145,3.000,0.424,-0.423,0.000,0.599,cmd_age=0.02s bat=1.00 dist=0.50m
55,19.181,SCOUT,10,-6.144,4.645,3.000,0.424,-0.423,0.000,0.599,cmd_age=0.02s bat=1.00 dist=0.50m
55,19.181,SCOUT,11,-4.644,3.145,3.000,0.424,-0.423,0.000,0.599,cmd_age=0.02s bat=1.00 dist=0.50m
55,19.181,SCOUT,12,6.145,4.645,3.000,-0.425,-0.424,0.000,0.600,cmd_age=0.02s bat=1.00 dist=0.50m
55,19.181,SCOUT,13,4.645,6.145,3.000,-0.425,-0.424,0.000,0.600,cmd_age=0.02s bat=1.00 dist=0.50m
55,19.181,SCOUT,14,3.145,4.645,3.000,-0.425,-0.424,0.000,0.600,cmd_age=0.02s bat=1.00 dist=0.50m
55,19.181,SCOUT,15,4.645,3.145,3.000,-0.425,-0.424,0.000,0.600,cmd_age=0.02s bat=1.00 dist=0.50m
55,19.181,WORKER,0,-3.580,-3.491,3.000,-0.718,1.866,0.000,1.999,state=MOVING bat=1.00 dist=1.61m
55,19.181,WORKER,1,7.124,-3.388,3.000,0.153,1.993,0.000,1.999,state=MOVING bat=1.00 dist=1.61m
55,19.181,WORKER,2,-1.956,3.766,3.000,1.291,-1.526,0.000,1.999,state=MOVING bat=1.00 dist=1.61m
55,19.181,WORKER,3,5.778,3.941,3.000,-1.511,-1.309,0.000,1.999,state=MOVING bat=1.00 dist=1.61m
56,19.434,GENERAL,0,0.000,0.000,5.000,0.000,0.000,0.000,0.000,N/A
56,19.434,NODE,0,-5.124,-4.462,3.000,-0.136,0.583,0.000,0.599,zone=0 dist=0.54m
56,19.434,NODE,1,5.124,-4.462,3.000,0.134,0.584,0.000,0.599,zone=1 dist=0.54m
56,19.434,NODE,2,-4.609,4.610,3.000,0.427,-0.422,0.000,0.601,zone=2 dist=0.54m
56,19.434,NODE,3,4.610,4.610,3.000,-0.425,-0.426,0.000,0.602,zone=3 dist=0.54m
56,19.434,SCOUT,0,-3.615,-4.501,3.000,-0.135,0.584,0.000,0.600,cmd_age=0.02s bat=1.00 dist=0.51m
56,19.434,SCOUT,1,-5.115,-3.001,3.000,-0.135,0.584,0.000,0.600,cmd_age=0.02s bat=1.00 dist=0.51m
56,19.434,SCOUT,2,-6.615,-4.501,3.000,-0.135,0.584,0.000,0.600,cmd_age=0.02s bat=1.00 dist=0.51m
56,19.434,SCOUT,3,-5.115,-6.001,3.000,-0.135,0.584,0.000,0.600,cmd_age=0.02s bat=1.00 dist=0.51m
56,19.434,SCOUT,4,6.615,-4.501,3.000,0.134,0.585,0.000,0.600,cmd_age=0.02s bat=1.00 dist=0.51m
56,19.434,SCOUT,5,5.115,-3.001,3.000,0.134,0.585,0.000,0.600,cmd_age=0.02s bat=1.00 dist=0.51m
56,19.434,SCOUT,6,3.615,-4.501,3.000,0.134,0.585,0.000,0.600,cmd_age=0.02s bat=1.00 dist=0.51m
56,19.434,SCOUT,7,5.115,-6.001,3.000,0.134,0.585,0.000,0.600,cmd_age=0.02s bat=1.00 dist=0.51m
56,19.434,SCOUT,8,-3.137,4.638,3.000,0.425,-0.423,0.000,0.599,cmd_age=0.02s bat=1.00 dist=0.51m
56,19.434,SCOUT,9,-4.637,6.138,3.000,0.425,-0.423,0.000,0.599,cmd_age=0.02s bat=1.00 dist=0.51m
56,19.434,SCOUT,10,-6.137,4.638,3.000,0.425,-0.423,0.000,0.599,cmd_age=0.02s bat=1.00 dist=0.51m
56,19.434,SCOUT,11,-4.637,3.138,3.000,0.425,-0.423,0.000,0.599,cmd_age=0.02s bat=1.00 dist=0.51m
56,19.434,SCOUT,12,6.138,4.638,3.000,-0.425,-0.425,0.000,0.601,cmd_age=0.02s bat=1.00 dist=0.51m
56,19.434,SCOUT,13,4.638,6.138,3.000,-0.425,-0.425,0.000,0.601,cmd_age=0.02s bat=1.00 dist=0.51m
56,19.434,SCOUT,14,3.138,4.638,3.000,-0.425,-0.425,0.000,0.601,cmd_age=0.02s bat=1.00 dist=0.51m
56,19.434,SCOUT,15,4.638,3.138,3.000,-0.425,-0.425,0.000,0.601,cmd_age=0.02s bat=1.00 dist=0.51m
56,19.434,WORKER,0,-3.592,-3.460,3.000,-0.718,1.866,0.000,1.999,state=MOVING bat=1.00 dist=1.65m
56,19.434,WORKER,1,7.127,-3.355,3.000,0.153,1.993,0.000,1.999,state=MOVING bat=1.00 dist=1.65m
56,19.434,WORKER,2,-1.934,3.740,3.000,1.291,-1.526,0.000,1.999,state=MOVING bat=1.00 dist=1.65m
56,19.434,WORKER,3,5.753,3.919,3.000,-1.511,-1.309,0.000,1.999,state=MOVING bat=1.00 dist=1.65m
57,19.747,GENERAL,0,0.000,0.000,5.000,0.000,0.000,0.000,0.000,N/A
57,19.747,NODE,0,-5.126,-4.452,3.000,-0.137,0.584,0.000,0.600,zone=0 dist=0.55m
57,19.747,NODE,1,5.127,-4.452,3.000,0.137,0.585,0.000,0.601,zone=1 dist=0.55m
57,19.747,NODE,2,-4.602,4.603,3.000,0.425,-0.421,0.000,0.598,zone=2 dist=0.55m
57,19.747,NODE,3,4.602,4.602,3.000,-0.425,-0.425,0.000,0.602,zone=3 dist=0.55m
57,19.747,SCOUT,0,-3.617,-4.491,3.000,-0.136,0.584,0.000,0.600,cmd_age=0.02s bat=1.00 dist=0.52m
57,19.747,SCOUT,1,-5.117,-2.991,3.000,-0.136,0.584,0.000,0.600,cmd_age=0.02s bat=1.00 dist=0.52m
57,19.747,SCOUT,2,-6.617,-4.491,3.000,-0.136,0.584,0.000,0.600,cmd_age=0.02s bat=1.00 dist=0.52m
57,19.747,SCOUT,3,-5.117,-5.991,3.000,-0.136,0.584,0.000,0.600,cmd_age=0.02s bat=1.00 dist=0.52m
57,19.747,SCOUT,4,6.618,-4.491,3.000,0.135,0.585,0.000,0.600,cmd_age=0.02s bat=1.00 dist=0.52m
57,19.747,SCOUT,5,5.118,-2.991,3.000,0.135,0.585,0.000,0.600,cmd_age=0.02s bat=1.00 dist=0.52m
57,19.747,SCOUT,6,3.618,-4.491,3.000,0.135,0.585,0.000,0.600,cmd_age=0.02s bat=1.00 dist=0.52m
57,19.747,SCOUT,7,5.118,-5.991,3.000,0.135,0.585,0.000,0.600,cmd_age=0.02s bat=1.00 dist=0.52m
57,19.747,SCOUT,8,-3.130,4.631,3.000,0.425,-0.423,0.000,0.599,cmd_age=0.02s bat=1.00 dist=0.52m
57,19.747,SCOUT,9,-4.630,6.131,3.000,0.425,-0.423,0.000,0.599,cmd_age=0.02s bat=1.00 dist=0.52m
57,19.747,SCOUT,10,-6.130,4.631,3.000,0.425,-0.423,0.000,0.599,cmd_age=0.02s bat=1.00 dist=0.52m
57,19.747,SCOUT,11,-4.630,3.131,3.000,0.425,-0.423,0.000,0.599,cmd_age=0.02s bat=1.00 dist=0.52m
57,19.747,SCOUT,12,6.131,4.631,3.000,-0.425,-0.425,0.000,0.601,cmd_age=0.02s bat=1.00 dist=0.52m
57,19.747,SCOUT,13,4.631,6.131,3.000,-0.425,-0.425,0.000,0.601,cmd_age=0.02s bat=1.00 dist=0.52m
57,19.747,SCOUT,14,3.131,4.631,3.000,-0.425,-0.425,0.000,0.601,cmd_age=0.02s bat=1.00 dist=0.52m
57,19.747,SCOUT,15,4.631,3.131,3.000,-0.425,-0.425,0.000,0.601,cmd_age=0.02s bat=1.00 dist=0.52m
57,19.747,WORKER,0,-3.604,-3.429,3.000,-0.718,1.866,0.000,1.999,state=MOVING bat=1.00 dist=1.68m
57,19.747,WORKER,1,7.129,-3.322,3.000,0.153,1.994,0.000,1.999,state=MOVING bat=1.00 dist=1.68m
57,19.747,WORKER,2,-1.913,3.715,3.000,1.292,-1.526,0.000,1.999,state=MOVING bat=1.00 dist=1.68m
57,19.747,WORKER,3,5.728,3.897,3.000,-1.511,-1.309,0.000,1.999,state=MOVING bat=1.00 dist=1.68m
58,19.965,GENERAL,0,0.000,0.000,5.000,0.000,0.000,0.000,0.000,N/A
58,19.965,NODE,0,-5.129,-4.443,3.000,-0.135,0.584,0.000,0.600,zone=0 dist=0.56m
58,19.965,NODE,1,5.129,-4.442,3.000,0.135,0.584,0.000,0.600,zone=1 dist=0.56m
58,19.965,NODE,2,-4.595,4.596,3.000,0.424,-0.422,0.000,0.598,zone=2 dist=0.56m
58,19.965,NODE,3,4.595,4.595,3.000,-0.425,-0.427,0.000,0.602,zone=3 dist=0.56m
58,19.965,SCOUT,0,-3.620,-4.482,3.000,-0.136,0.584,0.000,0.600,cmd_age=0.02s bat=1.00 dist=0.53m
58,19.965,SCOUT,1,-5.120,-2.982,3.000,-0.136,0.584,0.000,0.600,cmd_age=0.02s bat=1.00 dist=0.53m
58,19.965,SCOUT,2,-6.620,-4.482,3.000,-0.136,0.584,0.000,0.600,cmd_age=0.02s bat=1.00 dist=0.53m
58,19.965,SCOUT,3,-5.120,-5.982,3.000,-0.136,0.584,0.000,0.600,cmd_age=0.02s bat=1.00 dist=0.53m
58,19.965,SCOUT,4,6.620,-4.481,3.000,0.135,0.585,0.000,0.600,cmd_age=0.02s bat=1.00 dist=0.53m
58,19.965,SCOUT,5,5.120,-2.981,3.000,0.135,0.585,0.000,0.600,cmd_age=0.02s bat=1.00 dist=0.53m
58,19.965,SCOUT,6,3.620,-4.481,3.000,0.135,0.585,0.000,0.600,cmd_age=0.02s bat=1.00 dist=0.53m
58,19.965,SCOUT,7,5.120,-5.981,3.000,0.135,0.585,0.000,0.600,cmd_age=0.02s bat=1.00 dist=0.53m
58,19.965,SCOUT,8,-3.123,4.624,3.000,0.425,-0.423,0.000,0.599,cmd_age=0.02s bat=1.00 dist=0.53m
58,19.965,SCOUT,9,-4.623,6.124,3.000,0.425,-0.423,0.000,0.599,cmd_age=0.02s bat=1.00 dist=0.53m
58,19.965,SCOUT,10,-6.123,4.624,3.000,0.425,-0.423,0.000,0.599,cmd_age=0.02s bat=1.00 dist=0.53m
58,19.965,SCOUT,11,-4.623,3.124,3.000,0.425,-0.423,0.000,0.599,cmd_age=0.02s bat=1.00 dist=0.53m
58,19.965,SCOUT,12,6.124,4.624,3.000,-0.425,-0.425,0.000,0.601,cmd_age=0.02s bat=1.00 dist=0.53m
58,19.965,SCOUT,13,4.624,6.124,3.000,-0.425,-0.425,0.000,0.601,cmd_age=0.02s bat=1.00 dist=0.53m
58,19.965,SCOUT,14,3.124,4.624,3.000,-0.425,-0.425,0.000,0.601,cmd_age=0.02s bat=1.00 dist=0.53m
58,19.965,SCOUT,15,4.624,3.124,3.000,-0.425,-0.425,0.000,0.601,cmd_age=0.02s bat=1.00 dist=0.53m
58,19.965,WORKER,0,-3.616,-3.398,3.000,-0.718,1.866,0.000,2.000,state=MOVING bat=1.00 dist=1.71m
58,19.965,WORKER,1,7.132,-3.288,3.000,0.153,1.994,0.000,2.000,state=MOVING bat=1.00 dist=1.71m
58,19.965,WORKER,2,-1.891,3.689,3.000,1.292,-1.526,0.000,2.000,state=MOVING bat=1.00 dist=1.71m
58,19.965,WORKER,3,5.703,3.876,3.000,-1.511,-1.310,0.000,2.000,state=MOVING bat=1.00 dist=1.71m
59,20.179,GENERAL,0,0.000,0.000,5.000,0.000,0.000,0.000,0.000,N/A
59,20.179,NODE,0,-5.131,-4.433,3.000,-0.134,0.584,0.000,0.599,zone=0 dist=0.57m
59,20.179,NODE,1,5.131,-4.433,3.000,0.137,0.587,0.000,0.603,zone=1 dist=0.57m
59,20.179,NODE,2,-4.588,4.589,3.000,0.426,-0.423,0.000,0.600,zone=2 dist=0.57m
59,20.179,NODE,3,4.588,4.588,3.000,-0.425,-0.426,0.000,0.602,zone=3 dist=0.57m
59,20.179,SCOUT,0,-3.622,-4.472,3.000,-0.135,0.584,0.000,0.600,cmd_age=0.02s bat=1.00 dist=0.54m
59,20.179,SCOUT,1,-5.122,-2.972,3.000,-0.135,0.584,0.000,0.600,cmd_age=0.02s bat=1.00 dist=0.54m
59,20.179,SCOUT,2,-6.622,-4.472,3.000,-0.135,0.584,0.000,0.600,cmd_age=0.02s bat=1.00 dist=0.54m
59,20.179,SCOUT,3,-5.122,-5.972,3.000,-0.135,0.584,0.000,0.600,cmd_age=0.02s bat=1.00 dist=0.54m
59,20.179,SCOUT,4,6.622,-4.472,3.000,0.135,0.585,0.000,0.601,cmd_age=0.02s bat=1.00 dist=0.54m
59,20.179,SCOUT,5,5.122,-2.972,3.000,0.135,0.585,0.000,0.601,cmd_age=0.02s bat=1.00 dist=0.54m
59,20.179,SCOUT,6,3.622,-4.472,3.000,0.135,0.585,0.000,0.601,cmd_age=0.02s bat=1.00 dist=0.54m
59,20.179,SCOUT,7,5.122,-5.972,3.000,0.135,0.585,0.000,0.601,cmd_age=0.02s bat=1.00 dist=0.54m
59,20.179,SCOUT,8,-3.116,4.617,3.000,0.425,-0.423,0.000,0.599,cmd_age=0.02s bat=1.00 dist=0.54m
59,20.179,SCOUT,9,-4.616,6.117,3.000,0.425,-0.423,0.000,0.599,cmd_age=0.02s bat=1.00 dist=0.54m
59,20.179,SCOUT,10,-6.116,4.617,3.000,0.425,-0.423,0.000,0.599,cmd_age=0.02s bat=1.00 dist=0.54m
59,20.179,SCOUT,11,-4.616,3.117,3.000,0.425,-0.423,0.000,0.599,cmd_age=0.02s bat=1.00 dist=0.54m
59,20.179,SCOUT,12,6.117,4.617,3.000,-0.425,-0.425,0.000,0.601,cmd_age=0.02s bat=1.00 dist=0.54m
59,20.179,SCOUT,13,4.617,6.117,3.000,-0.425,-0.425,0.000,0.601,cmd_age=0.02s bat=1.00 dist=0.54m
59,20.179,SCOUT,14,3.117,4.617,3.000,-0.425,-0.425,0.000,0.601,cmd_age=0.02s bat=1.00 dist=0.54m
59,20.179,SCOUT,15,4.617,3.117,3.000,-0.425,-0.425,0.000,0.601,cmd_age=0.02s bat=1.00 dist=0.54m
59,20.179,WORKER,0,-3.628,-3.367,3.000,-0.718,1.866,0.000,2.000,state=MOVING bat=1.00 dist=1.75m
59,20.179,WORKER,1,7.134,-3.255,3.000,0.153,1.994,0.000,2.000,state=MOVING bat=1.00 dist=1.75m
59,20.179,WORKER,2,-1.870,3.664,3.000,1.292,-1.526,0.000,2.000,state=MOVING bat=1.00 dist=1.75m
59,20.179,WORKER,3,5.678,3.854,3.000,-1.511,-1.310,0.000,2.000,state=MOVING bat=1.00 dist=1.75m
60,20.413,GENERAL,0,0.000,0.000,5.000,0.000,0.000,0.000,0.000,N/A
60,20.413,NODE,0,-5.133,-4.423,3.000,-0.135,0.585,0.000,0.600,zone=0 dist=0.58m
60,20.413,NODE,1,5.133,-4.423,3.000,0.137,0.584,0.000,0.600,zone=1 dist=0.58m
60,20.413,NODE,2,-4.581,4.581,3.000,0.423,-0.425,0.000,0.599,zone=2 dist=0.58m
60,20.413,NODE,3,4.581,4.581,3.000,-0.425,-0.423,0.000,0.600,zone=3 dist=0.58m
60,20.413,SCOUT,0,-3.624,-4.462,3.000,-0.135,0.584,0.000,0.600,cmd_age=0.02s bat=1.00 dist=0.55m
60,20.413,SCOUT,1,-5.124,-2.962,3.000,-0.135,0.584,0.000,0.600,cmd_age=0.02s bat=1.00 dist=0.55m
60,20.413,SCOUT,2,-6.624,-4.462,3.000,-0.135,0.584,0.000,0.600,cmd_age=0.02s bat=1.00 dist=0.55m
60,20.413,SCOUT,3,-5.124,-5.962,3.000,-0.135,0.584,0.000,0.600,cmd_age=0.02s bat=1.00 dist=0.55m
60,20.413,SCOUT,4,6.624,-4.462,3.000,0.136,0.585,0.000,0.600,cmd_age=0.02s bat=1.00 dist=0.55m
60,20.413,SCOUT,5,5.124,-2.962,3.000,0.136,0.585,0.000,0.600,cmd_age=0.02s bat=1.00 dist=0.55m
60,20.413,SCOUT,6,3.624,-4.462,3.000,0.136,0.585,0.000,0.600,cmd_age=0.02s bat=1.00 dist=0.55m
60,20.413,SCOUT,7,5.124,-5.962,3.000,0.136,0.585,0.000,0.600,cmd_age=0.02s bat=1.00 dist=0.55m
60,20.413,SCOUT,8,-3.109,4.610,3.000,0.424,-0.423,0.000,0.599,cmd_age=0.02s bat=1.00 dist=0.55m
60,20.413,SCOUT,9,-4.609,6.110,3.000,0.424,-0.423,0.000,0.599,cmd_age=0.02s bat=1.00 dist=0.55m
60,20.413,SCOUT,10,-6.109,4.610,3.000,0.424,-0.423,0.000,0.599,cmd_age=0.02s bat=1.00 dist=0.55m
60,20.413,SCOUT,11,-4.609,3.110,3.000,0.424,-0.423,0.000,0.599,cmd_age=0.02s bat=1.00 dist=0.55m
60,20.413,SCOUT,12,6.110,4.610,3.000,-0.425,-0.425,0.000,0.601,cmd_age=0.02s bat=1.00 dist=0.55m
60,20.413,SCOUT,13,4.610,6.110,3.000,-0.425,-0.425,0.000,0.601,cmd_age=0.02s bat=1.00 dist=0.55m
60,20.413,SCOUT,14,3.110,4.610,3.000,-0.425,-0.425,0.000,0.601,cmd_age=0.02s bat=1.00 dist=0.55m
60,20.413,SCOUT,15,4.610,3.110,3.000,-0.425,-0.425,0.000,0.601,cmd_age=0.02s bat=1.00 dist=0.55m
60,20.413,WORKER,0,-3.640,-3.335,3.000,-0.718,1.866,0.000,2.000,state=MOVING bat=1.00 dist=1.78m
60,20.413,WORKER,1,7.137,-3.222,3.000,0.153,1.994,0.000,2.000,state=MOVING bat=1.00 dist=1.78m
60,20.413,WORKER,2,-1.848,3.639,3.000,1.292,-1.526,0.000,2.000,state=MOVING bat=1.00 dist=1.78m
60,20.413,WORKER,3,5.652,3.832,3.000,-1.511,-1.310,0.000,2.000,state=MOVING bat=1.00 dist=1.78m
61,20.651,GENERAL,0,0.000,0.000,5.000,0.000,0.000,0.000,0.000,N/A
61,20.651,NODE,0,-5.135,-4.413,3.000,-0.135,0.583,0.000,0.599,zone=0 dist=0.59m
61,20.651,NODE,1,5.136,-4.413,3.000,0.137,0.589,0.000,0.604,zone=1 dist=0.59m
61,20.651,NODE,2,-4.574,4.574,3.000,0.426,-0.421,0.000,0.599,zone=2 dist=0.59m
61,20.651,NODE,3,4.574,4.574,3.000,-0.426,-0.426,0.000,0.603,zone=3 dist=0.59m
61,20.651,SCOUT,0,-3.626,-4.452,3.000,-0.135,0.584,0.000,0.599,cmd_age=0.02s bat=1.00 dist=0.56m
61,20.651,SCOUT,1,-5.126,-2.952,3.000,-0.135,0.584,0.000,0.599,cmd_age=0.02s bat=1.00 dist=0.56m
61,20.651,SCOUT,2,-6.626,-4.452,3.000,-0.135,0.584,0.000,0.599,cmd_age=0.02s bat=1.00 dist=0.56m
61,20.651,SCOUT,3,-5.126,-5.952,3.000,-0.135,0.584,0.000,0.599,cmd_age=0.02s bat=1.00 dist=0.56m
61,20.651,SCOUT,4,6.627,-4.452,3.000,0.136,0.586,0.000,0.601,cmd_age=0.02s bat=1.00 dist=0.56m
61,20.651,SCOUT,5,5.127,-2.952,3.000,0.136,0.586,0.000,0.601,cmd_age=0.02s bat=1.00 dist=0.56m
61,20.651,SCOUT,6,3.627,-4.452,3.000,0.136,0.586,0.000,0.601,cmd_age=0.02s bat=1.00 dist=0.56m
61,20.651,SCOUT,7,5.127,-5.952,3.000,0.136,0.586,0.000,0.601,cmd_age=0.02s bat=1.00 dist=0.56m
61,20.651,SCOUT,8,-3.102,4.603,3.000,0.425,-0.423,0.000,0.599,cmd_age=0.02s bat=1.00 dist=0.56m
61,20.651,SCOUT,9,-4.602,6.103,3.000,0.425,-0.423,0.000,0.599,cmd_age=0.02s bat=1.00 dist=0.56m
61,20.651,SCOUT,10,-6.102,4.603,3.000,0.425,-0.423,0.000,0.599,cmd_age=0.02s bat=1.00 dist=0.56m
61,20.651,SCOUT,11,-4.602,3.103,3.000,0.425,-0.423,0.000,0.599,cmd_age=0.02s bat=1.00 dist=0.56m
61,20.651,SCOUT,12,6.102,4.602,3.000,-0.425,-0.425,0.000,0.601,cmd_age=0.02s bat=1.00 dist=0.56m
61,20.651,SCOUT,13,4.602,6.102,3.000,-0.425,-0.425,0.000,0.601,cmd_age=0.02s bat=1.00 dist=0.56m
61,20.651,SCOUT,14,3.102,4.602,3.000,-0.425,-0.425,0.000,0.601,cmd_age=0.02s bat=1.00 dist=0.56m
61,20.651,SCOUT,15,4.602,3.102,3.000,-0.425,-0.425,0.000,0.601,cmd_age=0.02s bat=1.00 dist=0.56m
61,20.651,WORKER,0,-3.652,-3.304,3.000,-0.718,1.866,0.000,2.000,state=MOVING bat=1.00 dist=1.81m
61,20.651,WORKER,1,7.139,-3.189,3.000,0.153,1.994,0.000,2.000,state=MOVING bat=1.00 dist=1.81m
61,20.651,WORKER,2,-1.827,3.613,3.000,1.292,-1.527,0.000,2.000,state=MOVING bat=1.00 dist=1.81m
61,20.651,WORKER,3,5.627,3.810,3.000,-1.511,-1.310,0.000,2.000,state=MOVING bat=1.00 dist=1.81m
62,20.926,GENERAL,0,0.000,0.000,5.000,0.000,0.000,0.000,0.000,N/A
62,20.926,NODE,0,-5.138,-4.404,3.000,-0.137,0.583,0.000,0.599,zone=0 dist=0.60m
62,20.926,NODE,1,5.138,-4.403,3.000,0.136,0.586,0.000,0.602,zone=1 dist=0.60m
62,20.926,NODE,2,-4.567,4.567,3.000,0.426,-0.422,0.000,0.600,zone=2 dist=0.60m
62,20.926,NODE,3,4.567,4.567,3.000,-0.426,-0.425,0.000,0.601,zone=3 dist=0.60m
62,20.926,SCOUT,0,-3.629,-4.443,3.000,-0.136,0.584,0.000,0.599,cmd_age=0.02s bat=1.00 dist=0.57m
62,20.926,SCOUT,1,-5.129,-2.943,3.000,-0.136,0.584,0.000,0.599,cmd_age=0.02s bat=1.00 dist=0.57m
62,20.926,SCOUT,2,-6.629,-4.443,3.000,-0.136,0.584,0.000,0.599,cmd_age=0.02s bat=1.00 dist=0.57m
62,20.926,SCOUT,3,-5.129,-5.943,3.000,-0.136,0.584,0.000,0.599,cmd_age=0.02s bat=1.00 dist=0.57m
62,20.926,SCOUT,4,6.629,-4.442,3.000,0.136,0.586,0.000,0.601,cmd_age=0.02s bat=1.00 dist=0.57m
62,20.926,SCOUT,5,5.129,-2.942,3.000,0.136,0.586,0.000,0.601,cmd_age=0.02s bat=1.00 dist=0.57m
62,20.926,SCOUT,6,3.629,-4.442,3.000,0.136,0.586,0.000,0.601,cmd_age=0.02s bat=1.00 dist=0.57m
62,20.926,SCOUT,7,5.129,-5.942,3.000,0.136,0.586,0.000,0.601,cmd_age=0.02s bat=1.00 dist=0.57m
62,20.926,SCOUT,8,-3.095,4.596,3.000,0.425,-0.423,0.000,0.599,cmd_age=0.02s bat=1.00 dist=0.57m
62,20.926,SCOUT,9,-4.595,6.096,3.000,0.425,-0.423,0.000,0.599,cmd_age=0.02s bat=1.00 dist=0.57m
62,20.926,SCOUT,10,-6.095,4.596,3.000,0.425,-0.423,0.000,0.599,cmd_age=0.02s bat=1.00 dist=0.57m
62,20.926,SCOUT,11,-4.595,3.096,3.000,0.425,-0.423,0.000,0.599,cmd_age=0.02s bat=1.00 dist=0.57m
62,20.926,SCOUT,12,6.095,4.595,3.000,-0.425,-0.425,0.000,0.601,cmd_age=0.02s bat=1.00 dist=0.57m
62,20.926,SCOUT,13,4.595,6.095,3.000,-0.425,-0.425,0.000,0.601,cmd_age=0.02s bat=1.00 dist=0.57m
62,20.926,SCOUT,14,3.095,4.595,3.000,-0.425,-0.425,0.000,0.601,cmd_age=0.02s bat=1.00 dist=0.57m
62,20.926,SCOUT,15,4.595,3.095,3.000,-0.425,-0.425,0.000,0.601,cmd_age=0.02s bat=1.00 dist=0.57m
62,20.926,WORKER,0,-3.664,-3.273,3.000,-0.718,1.866,0.000,2.000,state=MOVING bat=1.00 dist=1.85m
62,20.926,WORKER,1,7.142,-3.155,3.000,0.153,1.994,0.000,2.000,state=MOVING bat=1.00 dist=1.85m
62,20.926,WORKER,2,-1.805,3.588,3.000,1.292,-1.527,0.000,2.000,state=MOVING bat=1.00 dist=1.85m
62,20.926,WORKER,3,5.602,3.788,3.000,-1.511,-1.310,0.000,2.000,state=MOVING bat=1.00 dist=1.85m
63,21.192,GENERAL,0,0.000,0.000,5.000,0.000,0.000,0.000,0.000,N/A
63,21.192,NODE,0,-5.140,-4.394,3.000,-0.132,0.585,0.000,0.599,zone=0 dist=0.61m
63,21.192,NODE,1,5.140,-4.394,3.000,0.136,0.584,0.000,0.599,zone=1 dist=0.61m
63,21.192,NODE,2,-4.560,4.560,3.000,0.424,-0.423,0.000,0.599,zone=2 dist=0.61m
63,21.192,NODE,3,4.560,4.560,3.000,-0.424,-0.425,0.000,0.600,zone=3 dist=0.61m
63,21.192,SCOUT,0,-3.631,-4.433,3.000,-0.135,0.584,0.000,0.599,cmd_age=0.02s bat=1.00 dist=0.58m
63,21.192,SCOUT,1,-5.131,-2.933,3.000,-0.135,0.584,0.000,0.599,cmd_age=0.02s bat=1.00 dist=0.58m
63,21.192,SCOUT,2,-6.631,-4.433,3.000,-0.135,0.584,0.000,0.599,cmd_age=0.02s bat=1.00 dist=0.58m
63,21.192,SCOUT,3,-5.131,-5.933,3.000,-0.135,0.584,0.000,0.599,cmd_age=0.02s bat=1.00 dist=0.58m
63,21.192,SCOUT,4,6.631,-4.433,3.000,0.136,0.585,0.000,0.601,cmd_age=0.02s bat=1.00 dist=0.58m
63,21.192,SCOUT,5,5.131,-2.933,3.000,0.136,0.585,0.000,0.601,cmd_age=0.02s bat=1.00 dist=0.58m
63,21.192,SCOUT,6,3.631,-4.433,3.000,0.136,0.585,0.000,0.601,cmd_age=0.02s bat=1.00 dist=0.58m
63,21.192,SCOUT,7,5.131,-5.933,3.000,0.136,0.585,0.000,0.601,cmd_age=0.02s bat=1.00 dist=0.58m
63,21.192,SCOUT,8,-3.088,4.589,3.000,0.425,-0.423,0.000,0.599,cmd_age=0.02s bat=1.00 dist=0.58m
63,21.192,SCOUT,9,-4.588,6.089,3.000,0.425,-0.423,0.000,0.599,cmd_age=0.02s bat=1.00 dist=0.58m
63,21.192,SCOUT,10,-6.088,4.589,3.000,0.425,-0.423,0.000,0.599,cmd_age=0.02s bat=1.00 dist=0.58m
63,21.192,SCOUT,11,-4.588,3.089,3.000,0.425,-0.423,0.000,0.599,cmd_age=0.02s bat=1.00 dist=0.58m
63,21.192,SCOUT,12,6.088,4.588,3.000,-0.425,-0.425,0.000,0.601,cmd_age=0.02s bat=1.00 dist=0.58m
63,21.192,SCOUT,13,4.588,6.088,3.000,-0.425,-0.425,0.000,0.601,cmd_age=0.02s bat=1.00 dist=0.58m
63,21.192,SCOUT,14,3.088,4.588,3.000,-0.425,-0.425,0.000,0.601,cmd_age=0.02s bat=1.00 dist=0.58m
63,21.192,SCOUT,15,4.588,3.088,3.000,-0.425,-0.425,0.000,0.601,cmd_age=0.02s bat=1.00 dist=0.58m
63,21.192,WORKER,0,-3.676,-3.242,3.000,-0.718,1.866,0.000,2.000,state=MOVING bat=1.00 dist=1.88m
63,21.192,WORKER,1,7.144,-3.122,3.000,0.153,1.994,0.000,2.000,state=MOVING bat=1.00 dist=1.88m
63,21.192,WORKER,2,-1.783,3.562,3.000,1.292,-1.527,0.000,2.000,state=MOVING bat=1.00 dist=1.88m
63,21.192,WORKER,3,5.577,3.767,3.000,-1.511,-1.310,0.000,2.000,state=MOVING bat=1.00 dist=1.88m
64,21.485,GENERAL,0,0.000,0.000,5.000,0.000,0.000,0.000,0.000,N/A
64,21.485,NODE,0,-5.142,-4.384,3.000,-0.138,0.582,0.000,0.598,zone=0 dist=0.62m
64,21.485,NODE,1,5.142,-4.384,3.000,0.132,0.588,0.000,0.603,zone=1 dist=0.62m
64,21.485,NODE,2,-4.552,4.553,3.000,0.428,-0.423,0.000,0.602,zone=2 dist=0.62m
64,21.485,NODE,3,4.553,4.553,3.000,-0.426,-0.422,0.000,0.600,zone=3 dist=0.62m
64,21.485,SCOUT,0,-3.633,-4.423,3.000,-0.136,0.584,0.000,0.599,cmd_age=0.02s bat=1.00 dist=0.59m
64,21.485,SCOUT,1,-5.133,-2.923,3.000,-0.136,0.584,0.000,0.599,cmd_age=0.02s bat=1.00 dist=0.59m
64,21.485,SCOUT,2,-6.633,-4.423,3.000,-0.136,0.584,0.000,0.599,cmd_age=0.02s bat=1.00 dist=0.59m
64,21.485,SCOUT,3,-5.133,-5.923,3.000,-0.136,0.584,0.000,0.599,cmd_age=0.02s bat=1.00 dist=0.59m
64,21.485,SCOUT,4,6.633,-4.423,3.000,0.135,0.586,0.000,0.601,cmd_age=0.02s bat=1.00 dist=0.59m
64,21.485,SCOUT,5,5.133,-2.923,3.000,0.135,0.586,0.000,0.601,cmd_age=0.02s bat=1.00 dist=0.59m
64,21.485,SCOUT,6,3.633,-4.423,3.000,0.135,0.586,0.000,0.601,cmd_age=0.02s bat=1.00 dist=0.59m
64,21.485,SCOUT,7,5.133,-5.923,3.000,0.135,0.586,0.000,0.601,cmd_age=0.02s bat=1.00 dist=0.59m
64,21.485,SCOUT,8,-3.081,4.582,3.000,0.425,-0.423,0.000,0.600,cmd_age=0.02s bat=1.00 dist=0.59m
64,21.485,SCOUT,9,-4.581,6.082,3.000,0.425,-0.423,0.000,0.600,cmd_age=0.02s bat=1.00 dist=0.59m
64,21.485,SCOUT,10,-6.081,4.582,3.000,0.425,-0.423,0.000,0.600,cmd_age=0.02s bat=1.00 dist=0.59m
64,21.485,SCOUT,11,-4.581,3.082,3.000,0.425,-0.423,0.000,0.600,cmd_age=0.02s bat=1.00 dist=0.59m
64,21.485,SCOUT,12,6.081,4.581,3.000,-0.425,-0.425,0.000,0.601,cmd_age=0.02s bat=1.00 dist=0.59m
64,21.485,SCOUT,13,4.581,6.081,3.000,-0.425,-0.425,0.000,0.601,cmd_age=0.02s bat=1.00 dist=0.59m
64,21.485,SCOUT,14,3.081,4.581,3.000,-0.425,-0.425,0.000,0.601,cmd_age=0.02s bat=1.00 dist=0.59m
64,21.485,SCOUT,15,4.581,3.081,3.000,-0.425,-0.425,0.000,0.601,cmd_age=0.02s bat=1.00 dist=0.59m
64,21.485,WORKER,0,-3.688,-3.211,3.000,-0.718,1.866,0.000,2.000,state=MOVING bat=1.00 dist=1.91m
64,21.485,WORKER,1,7.147,-3.089,3.000,0.153,1.994,0.000,2.000,state=MOVING bat=1.00 dist=1.91m
64,21.485,WORKER,2,-1.762,3.537,3.000,1.292,-1.527,0.000,2.000,state=MOVING bat=1.00 dist=1.91m
64,21.485,WORKER,3,5.552,3.745,3.000,-1.511,-1.310,0.000,2.000,state=MOVING bat=1.00 dist=1.91m
65,21.701,GENERAL,0,0.000,0.000,5.000,0.000,0.000,0.000,0.000,N/A
65,21.701,NODE,0,-5.144,-4.374,3.000,-0.135,0.587,0.000,0.602,zone=0 dist=0.63m
65,21.701,NODE,1,5.145,-4.374,3.000,0.135,0.587,0.000,0.602,zone=1 dist=0.63m
65,21.701,NODE,2,-4.545,4.546,3.000,0.425,-0.424,0.000,0.600,zone=2 dist=0.63m
65,21.701,NODE,3,4.546,4.546,3.000,-0.427,-0.424,0.000,0.602,zone=3 dist=0.63m
65,21.701,SCOUT,0,-3.635,-4.413,3.000,-0.135,0.584,0.000,0.600,cmd_age=0.02s bat=1.00 dist=0.60m
65,21.701,SCOUT,1,-5.135,-2.913,3.000,-0.135,0.584,0.000,0.600,cmd_age=0.02s bat=1.00 dist=0.60m
65,21.701,SCOUT,2,-6.635,-4.413,3.000,-0.135,0.584,0.000,0.600,cmd_age=0.02s bat=1.00 dist=0.60m
65,21.701,SCOUT,3,-5.135,-5.913,3.000,-0.135,0.584,0.000,0.600,cmd_age=0.02s bat=1.00 dist=0.60m
65,21.701,SCOUT,4,6.636,-4.413,3.000,0.135,0.586,0.000,0.601,cmd_age=0.02s bat=1.00 dist=0.60m
65,21.701,SCOUT,5,5.136,-2.913,3.000,0.135,0.586,0.000,0.601,cmd_age=0.02s bat=1.00 dist=0.60m
65,21.701,SCOUT,6,3.636,-4.413,3.000,0.135,0.586,0.000,0.601,cmd_age=0.02s bat=1.00 dist=0.60m
65,21.701,SCOUT,7,5.136,-5.913,3.000,0.135,0.586,0.000,0.601,cmd_age=0.02s bat=1.00 dist=0.60m
65,21.701,SCOUT,8,-3.074,4.574,3.000,0.425,-0.423,0.000,0.600,cmd_age=0.02s bat=1.00 dist=0.60m
65,21.701,SCOUT,9,-4.574,6.074,3.000,0.425,-0.423,0.000,0.600,cmd_age=0.02s bat=1.00 dist=0.60m
65,21.701,SCOUT,10,-6.074,4.574,3.000,0.425,-0.423,0.000,0.600,cmd_age=0.02s bat=1.00 dist=0.60m
65,21.701,SCOUT,11,-4.574,3.074,3.000,0.425,-0.423,0.000,0.600,cmd_age=0.02s bat=1.00 dist=0.60m
65,21.701,SCOUT,12,6.074,4.574,3.000,-0.425,-0.424,0.000,0.601,cmd_age=0.02s bat=1.00 dist=0.60m
65,21.701,SCOUT,13,4.574,6.074,3.000,-0.425,-0.424,0.000,0.601,cmd_age=0.02s bat=1.00 dist=0.60m
65,21.701,SCOUT,14,3.074,4.574,3.000,-0.425,-0.424,0.000,0.601,cmd_age=0.02s bat=1.00 dist=0.60m
65,21.701,SCOUT,15,4.574,3.074,3.000,-0.425,-0.424,0.000,0.601,cmd_age=0.02s bat=1.00 dist=0.60m
65,21.701,WORKER,0,-3.700,-3.180,3.000,-0.718,1.867,0.000,2.000,state=MOVING bat=1.00 dist=1.95m
65,21.701,WORKER,1,7.150,-3.056,3.000,0.153,1.994,0.000,2.000,state=MOVING bat=1.00 dist=1.95m
65,21.701,WORKER,2,-1.740,3.511,3.000,1.292,-1.527,0.000,2.000,state=MOVING bat=1.00 dist=1.95m
65,21.701,WORKER,3,5.526,3.723,3.000,-1.511,-1.310,0.000,2.000,state=MOVING bat=1.00 dist=1.95m
66,21.955,GENERAL,0,0.000,0.000,5.000,0.000,0.000,0.000,0.000,N/A
66,21.955,NODE,0,-5.147,-4.365,3.000,-0.134,0.585,0.000,0.600,zone=0 dist=0.64m
66,21.955,NODE,1,5.147,-4.364,3.000,0.136,0.585,0.000,0.600,zone=1 dist=0.64m
66,21.955,NODE,2,-4.538,4.539,3.000,0.421,-0.426,0.000,0.599,zone=2 dist=0.64m
66,21.955,NODE,3,4.539,4.539,3.000,-0.423,-0.425,0.000,0.600,zone=3 dist=0.64m
66,21.955,SCOUT,0,-3.638,-4.404,3.000,-0.135,0.584,0.000,0.600,cmd_age=0.02s bat=1.00 dist=0.61m
66,21.955,SCOUT,1,-5.138,-2.904,3.000,-0.135,0.584,0.000,0.600,cmd_age=0.02s bat=1.00 dist=0.61m
66,21.955,SCOUT,2,-6.638,-4.404,3.000,-0.135,0.584,0.000,0.600,cmd_age=0.02s bat=1.00 dist=0.61m
66,21.955,SCOUT,3,-5.138,-5.904,3.000,-0.135,0.584,0.000,0.600,cmd_age=0.02s bat=1.00 dist=0.61m
66,21.955,SCOUT,4,6.638,-4.403,3.000,0.135,0.586,0.000,0.601,cmd_age=0.02s bat=1.00 dist=0.61m
66,21.955,SCOUT,5,5.138,-2.903,3.000,0.135,0.586,0.000,0.601,cmd_age=0.02s bat=1.00 dist=0.61m
66,21.955,SCOUT,6,3.638,-4.403,3.000,0.135,0.586,0.000,0.601,cmd_age=0.02s bat=1.00 dist=0.61m
66,21.955,SCOUT,7,5.138,-5.903,3.000,0.135,0.586,0.000,0.601,cmd_age=0.02s bat=1.00 dist=0.61m
66,21.955,SCOUT,8,-3.067,4.567,3.000,0.424,-0.424,0.000,0.600,cmd_age=0.02s bat=1.00 dist=0.61m
66,21.955,SCOUT,9,-4.567,6.067,3.000,0.424,-0.424,0.000,0.600,cmd_age=0.02s bat=1.00 dist=0.61m
66,21.955,SCOUT,10,-6.067,4.567,3.000,0.424,-0.424,0.000,0.600,cmd_age=0.02s bat=1.00 dist=0.61m
66,21.955,SCOUT,11,-4.567,3.067,3.000,0.424,-0.424,0.000,0.600,cmd_age=0.02s bat=1.00 dist=0.61m
66,21.955,SCOUT,12,6.067,4.567,3.000,-0.425,-0.425,0.000,0.601,cmd_age=0.02s bat=1.00 dist=0.61m
66,21.955,SCOUT,13,4.567,6.067,3.000,-0.425,-0.425,0.000,0.601,cmd_age=0.02s bat=1.00 dist=0.61m
66,21.955,SCOUT,14,3.067,4.567,3.000,-0.425,-0.425,0.000,0.601,cmd_age=0.02s bat=1.00 dist=0.61m
66,21.955,SCOUT,15,4.567,3.067,3.000,-0.425,-0.425,0.000,0.601,cmd_age=0.02s bat=1.00 dist=0.61m
66,21.955,WORKER,0,-3.712,-3.149,3.000,-0.718,1.867,0.000,2.000,state=MOVING bat=1.00 dist=1.98m
66,21.955,WORKER,1,7.152,-3.022,3.000,0.153,1.994,0.000,2.000,state=MOVING bat=1.00 dist=1.98m
66,21.955,WORKER,2,-1.719,3.486,3.000,1.292,-1.527,0.000,2.000,state=MOVING bat=1.00 dist=1.98m
66,21.955,WORKER,3,5.501,3.701,3.000,-1.511,-1.310,0.000,2.000,state=MOVING bat=1.00 dist=1.98m
67,22.200,GENERAL,0,0.000,0.000,5.000,0.000,0.000,0.000,0.000,N/A
67,22.200,NODE,0,-5.149,-4.355,3.000,-0.134,0.587,0.000,0.602,zone=0 dist=0.65m
67,22.200,NODE,1,5.149,-4.354,3.000,0.136,0.585,0.000,0.601,zone=1 dist=0.65m
67,22.200,NODE,2,-4.531,4.532,3.000,0.425,-0.424,0.000,0.601,zone=2 dist=0.65m
67,22.200,NODE,3,4.532,4.532,3.000,-0.424,-0.424,0.000,0.600,zone=3 dist=0.65m
67,22.200,SCOUT,0,-3.640,-4.394,3.000,-0.135,0.585,0.000,0.600,cmd_age=0.02s bat=1.00 dist=0.62m
67,22.200,SCOUT,1,-5.140,-2.894,3.000,-0.135,0.585,0.000,0.600,cmd_age=0.02s bat=1.00 dist=0.62m
67,22.200,SCOUT,2,-6.640,-4.394,3.000,-0.135,0.585,0.000,0.600,cmd_age=0.02s bat=1.00 dist=0.62m
67,22.200,SCOUT,3,-5.140,-5.894,3.000,-0.135,0.585,0.000,0.600,cmd_age=0.02s bat=1.00 dist=0.62m
67,22.200,SCOUT,4,6.640,-4.394,3.000,0.135,0.586,0.000,0.601,cmd_age=0.02s bat=1.00 dist=0.62m
67,22.200,SCOUT,5,5.140,-2.894,3.000,0.135,0.586,0.000,0.601,cmd_age=0.02s bat=1.00 dist=0.62m
67,22.200,SCOUT,6,3.640,-4.394,3.000,0.135,0.586,0.000,0.601,cmd_age=0.02s bat=1.00 dist=0.62m
67,22.200,SCOUT,7,5.140,-5.894,3.000,0.135,0.586,0.000,0.601,cmd_age=0.02s bat=1.00 dist=0.62m
67,22.200,SCOUT,8,-3.060,4.560,3.000,0.425,-0.424,0.000,0.600,cmd_age=0.02s bat=1.00 dist=0.62m
67,22.200,SCOUT,9,-4.560,6.060,3.000,0.425,-0.424,0.000,0.600,cmd_age=0.02s bat=1.00 dist=0.62m
67,22.200,SCOUT,10,-6.060,4.560,3.000,0.425,-0.424,0.000,0.600,cmd_age=0.02s bat=1.00 dist=0.62m
67,22.200,SCOUT,11,-4.560,3.060,3.000,0.425,-0.424,0.000,0.600,cmd_age=0.02s bat=1.00 dist=0.62m
67,22.200,SCOUT,12,6.060,4.560,3.000,-0.425,-0.425,0.000,0.601,cmd_age=0.02s bat=1.00 dist=0.62m
67,22.200,SCOUT,13,4.560,6.060,3.000,-0.425,-0.425,0.000,0.601,cmd_age=0.02s bat=1.00 dist=0.62m
67,22.200,SCOUT,14,3.060,4.560,3.000,-0.425,-0.425,0.000,0.601,cmd_age=0.02s bat=1.00 dist=0.62m
67,22.200,SCOUT,15,4.560,3.060,3.000,-0.425,-0.425,0.000,0.601,cmd_age=0.02s bat=1.00 dist=0.62m
67,22.200,WORKER,0,-3.724,-3.118,3.000,-0.718,1.867,0.000,2.000,state=MOVING bat=1.00 dist=2.01m
67,22.200,WORKER,1,7.155,-2.989,3.000,0.153,1.994,0.000,2.000,state=MOVING bat=1.00 dist=2.01m
67,22.200,WORKER,2,-1.697,3.460,3.000,1.292,-1.527,0.000,2.000,state=MOVING bat=1.00 dist=2.01m
67,22.200,WORKER,3,5.476,3.679,3.000,-1.511,-1.310,0.000,2.000,state=MOVING bat=1.00 dist=2.01m
68,22.416,GENERAL,0,0.000,0.000,5.000,0.000,0.000,0.000,0.000,N/A
68,22.416,NODE,0,-5.151,-4.345,3.000,-0.137,0.585,0.000,0.601,zone=0 dist=0.66m
68,22.416,NODE,1,5.151,-4.345,3.000,0.136,0.586,0.000,0.602,zone=1 dist=0.66m
68,22.416,NODE,2,-4.524,4.525,3.000,0.426,-0.426,0.000,0.602,zone=2 dist=0.66m
68,22.416,NODE,3,4.524,4.525,3.000,-0.426,-0.424,0.000,0.601,zone=3 dist=0.66m
68,22.416,SCOUT,0,-3.642,-4.384,3.000,-0.135,0.585,0.000,0.600,cmd_age=0.02s bat=1.00 dist=0.63m
68,22.416,SCOUT,1,-5.142,-2.884,3.000,-0.135,0.585,0.000,0.600,cmd_age=0.02s bat=1.00 dist=0.63m
68,22.416,SCOUT,2,-6.642,-4.384,3.000,-0.135,0.585,0.000,0.600,cmd_age=0.02s bat=1.00 dist=0.63m
68,22.416,SCOUT,3,-5.142,-5.884,3.000,-0.135,0.585,0.000,0.600,cmd_age=0.02s bat=1.00 dist=0.63m
68,22.416,SCOUT,4,6.642,-4.384,3.000,0.136,0.586,0.000,0.601,cmd_age=0.02s bat=1.00 dist=0.63m
68,22.416,SCOUT,5,5.142,-2.884,3.000,0.136,0.586,0.000,0.601,cmd_age=0.02s bat=1.00 dist=0.63m
68,22.416,SCOUT,6,3.642,-4.384,3.000,0.136,0.586,0.000,0.601,cmd_age=0.02s bat=1.00 dist=0.63m
68,22.416,SCOUT,7,5.142,-5.884,3.000,0.136,0.586,0.000,0.601,cmd_age=0.02s bat=1.00 dist=0.63m
68,22.416,SCOUT,8,-3.052,4.553,3.000,0.425,-0.424,0.000,0.600,cmd_age=0.02s bat=1.00 dist=0.63m
68,22.416,SCOUT,9,-4.552,6.053,3.000,0.425,-0.424,0.000,0.600,cmd_age=0.02s bat=1.00 dist=0.63m
68,22.416,SCOUT,10,-6.052,4.553,3.000,0.425,-0.424,0.000,0.600,cmd_age=0.02s bat=1.00 dist=0.63m
68,22.416,SCOUT,11,-4.552,3.053,3.000,0.425,-0.424,0.000,0.600,cmd_age=0.02s bat=1.00 dist=0.63m
68,22.416,SCOUT,12,6.053,4.553,3.000,-0.425,-0.425,0.000,0.601,cmd_age=0.02s bat=1.00 dist=0.63m
68,22.416,SCOUT,13,4.553,6.053,3.000,-0.425,-0.425,0.000,0.601,cmd_age=0.02s bat=1.00 dist=0.63m
68,22.416,SCOUT,14,3.053,4.553,3.000,-0.425,-0.425,0.000,0.601,cmd_age=0.02s bat=1.00 dist=0.63m
68,22.416,SCOUT,15,4.553,3.053,3.000,-0.425,-0.425,0.000,0.601,cmd_age=0.02s bat=1.00 dist=0.63m
68,22.416,WORKER,0,-3.736,-3.087,3.000,-0.718,1.867,0.000,2.000,state=MOVING bat=1.00 dist=2.05m
68,22.416,WORKER,1,7.157,-2.956,3.000,0.153,1.994,0.000,2.000,state=MOVING bat=1.00 dist=2.05m
68,22.416,WORKER,2,-1.676,3.435,3.000,1.292,-1.527,0.000,2.000,state=MOVING bat=1.00 dist=2.05m
68,22.416,WORKER,3,5.451,3.657,3.000,-1.511,-1.310,0.000,2.000,state=MOVING bat=1.00 dist=2.05m
69,22.630,GENERAL,0,0.000,0.000,5.000,0.000,0.000,0.000,0.000,N/A
69,22.630,NODE,0,-5.153,-4.335,3.000,-0.135,0.586,0.000,0.601,zone=0 dist=0.67m
69,22.630,NODE,1,5.154,-4.335,3.000,0.135,0.583,0.000,0.599,zone=1 dist=0.67m
69,22.630,NODE,2,-4.517,4.518,3.000,0.426,-0.425,0.000,0.601,zone=2 dist=0.67m
69,22.630,NODE,3,4.517,4.518,3.000,-0.424,-0.422,0.000,0.598,zone=3 dist=0.67m
69,22.630,SCOUT,0,-3.644,-4.374,3.000,-0.135,0.585,0.000,0.600,cmd_age=0.02s bat=1.00 dist=0.64m
69,22.630,SCOUT,1,-5.144,-2.874,3.000,-0.135,0.585,0.000,0.600,cmd_age=0.02s bat=1.00 dist=0.64m
69,22.630,SCOUT,2,-6.644,-4.374,3.000,-0.135,0.585,0.000,0.600,cmd_age=0.02s bat=1.00 dist=0.64m
69,22.630,SCOUT,3,-5.144,-5.874,3.000,-0.135,0.585,0.000,0.600,cmd_age=0.02s bat=1.00 dist=0.64m
69,22.630,SCOUT,4,6.645,-4.374,3.000,0.135,0.585,0.000,0.601,cmd_age=0.02s bat=1.00 dist=0.64m
69,22.630,SCOUT,5,5.145,-2.874,3.000,0.135,0.585,0.000,0.601,cmd_age=0.02s bat=1.00 dist=0.64m
69,22.630,SCOUT,6,3.645,-4.374,3.000,0.135,0.585,0.000,0.601,cmd_age=0.02s bat=1.00 dist=0.64m
69,22.630,SCOUT,7,5.145,-5.874,3.000,0.135,0.585,0.000,0.601,cmd_age=0.02s bat=1.00 dist=0.64m
69,22.630,SCOUT,8,-3.045,4.546,3.000,0.425,-0.424,0.000,0.600,cmd_age=0.02s bat=1.00 dist=0.64m
69,22.630,SCOUT,9,-4.545,6.046,3.000,0.425,-0.424,0.000,0.600,cmd_age=0.02s bat=1.00 dist=0.64m
69,22.630,SCOUT,10,-6.045,4.546,3.000,0.425,-0.424,0.000,0.600,cmd_age=0.02s bat=1.00 dist=0.64m
69,22.630,SCOUT,11,-4.545,3.046,3.000,0.425,-0.424,0.000,0.600,cmd_age=0.02s bat=1.00 dist=0.64m
69,22.630,SCOUT,12,6.046,4.546,3.000,-0.425,-0.424,0.000,0.600,cmd_age=0.02s bat=1.00 dist=0.64m
69,22.630,SCOUT,13,4.546,6.046,3.000,-0.425,-0.424,0.000,0.600,cmd_age=0.02s bat=1.00 dist=0.64m
69,22.630,SCOUT,14,3.046,4.546,3.000,-0.425,-0.424,0.000,0.600,cmd_age=0.02s bat=1.00 dist=0.64m
69,22.630,SCOUT,15,4.546,3.046,3.000,-0.425,-0.424,0.000,0.600,cmd_age=0.02s bat=1.00 dist=0.64m
69,22.630,WORKER,0,-3.748,-3.056,3.000,-0.718,1.867,0.000,2.000,state=MOVING bat=1.00 dist=2.08m
69,22.630,WORKER,1,7.160,-2.923,3.000,0.153,1.994,0.000,2.000,state=MOVING bat=1.00 dist=2.08m
69,22.630,WORKER,2,-1.654,3.410,3.000,1.292,-1.527,0.000,2.000,state=MOVING bat=1.00 dist=2.08m
69,22.630,WORKER,3,5.426,3.636,3.000,-1.511,-1.310,0.000,2.000,state=MOVING bat=1.00 dist=2.08m
70,22.844,GENERAL,0,0.000,0.000,5.000,0.000,0.000,0.000,0.000,N/A
70,22.844,NODE,0,-5.156,-4.326,3.000,-0.137,0.586,0.000,0.602,zone=0 dist=0.68m
70,22.844,NODE,1,5.156,-4.325,3.000,0.135,0.584,0.000,0.599,zone=1 dist=0.68m
70,22.844,NODE,2,-4.510,4.511,3.000,0.423,-0.426,0.000,0.600,zone=2 dist=0.68m
70,22.844,NODE,3,4.510,4.511,3.000,-0.425,-0.423,0.000,0.600,zone=3 dist=0.68m
70,22.844,SCOUT,0,-3.647,-4.365,3.000,-0.136,0.585,0.000,0.601,cmd_age=0.02s bat=1.00 dist=0.65m
70,22.844,SCOUT,1,-5.147,-2.865,3.000,-0.136,0.585,0.000,0.601,cmd_age=0.02s bat=1.00 dist=0.65m
70,22.844,SCOUT,2,-6.647,-4.365,3.000,-0.136,0.585,0.000,0.601,cmd_age=0.02s bat=1.00 dist=0.65m
70,22.844,SCOUT,3,-5.147,-5.865,3.000,-0.136,0.585,0.000,0.601,cmd_age=0.02s bat=1.00 dist=0.65m
70,22.844,SCOUT,4,6.647,-4.364,3.000,0.135,0.585,0.000,0.600,cmd_age=0.02s bat=1.00 dist=0.65m
70,22.844,SCOUT,5,5.147,-2.864,3.000,0.135,0.585,0.000,0.600,cmd_age=0.02s bat=1.00 dist=0.65m
70,22.844,SCOUT,6,3.647,-4.364,3.000,0.135,0.585,0.000,0.600,cmd_age=0.02s bat=1.00 dist=0.65m
70,22.844,SCOUT,7,5.147,-5.864,3.000,0.135,0.585,0.000,0.600,cmd_age=0.02s bat=1.00 dist=0.65m
70,22.844,SCOUT,8,-3.038,4.539,3.000,0.424,-0.425,0.000,0.600,cmd_age=0.02s bat=1.00 dist=0.65m
70,22.844,SCOUT,9,-4.538,6.039,3.000,0.424,-0.425,0.000,0.600,cmd_age=0.02s bat=1.00 dist=0.65m
70,22.844,SCOUT,10,-6.038,4.539,3.000,0.424,-0.425,0.000,0.600,cmd_age=0.02s bat=1.00 dist=0.65m
70,22.844,SCOUT,11,-4.538,3.039,3.000,0.424,-0.425,0.000,0.600,cmd_age=0.02s bat=1.00 dist=0.65m
70,22.844,SCOUT,12,6.039,4.539,3.000,-0.425,-0.424,0.000,0.600,cmd_age=0.02s bat=1.00 dist=0.65m
70,22.844,SCOUT,13,4.539,6.039,3.000,-0.425,-0.424,0.000,0.600,cmd_age=0.02s bat=1.00 dist=0.65m
70,22.844,SCOUT,14,3.039,4.539,3.000,-0.425,-0.424,0.000,0.600,cmd_age=0.02s bat=1.00 dist=0.65m
70,22.844,SCOUT,15,4.539,3.039,3.000,-0.425,-0.424,0.000,0.600,cmd_age=0.02s bat=1.00 dist=0.65m
70,22.844,WORKER,0,-3.760,-3.024,3.000,-0.718,1.867,0.000,2.000,state=MOVING bat=1.00 dist=2.11m
70,22.844,WORKER,1,7.162,-2.890,3.000,0.153,1.994,0.000,2.000,state=MOVING bat=1.00 dist=2.11m
70,22.844,WORKER,2,-1.633,3.384,3.000,1.292,-1.527,0.000,2.000,state=MOVING bat=1.00 dist=2.11m
70,22.844,WORKER,3,5.400,3.614,3.000,-1.511,-1.310,0.000,2.000,state=MOVING bat=1.00 dist=2.11m
71,23.050,GENERAL,0,0.000,0.000,5.000,0.000,0.000,0.000,0.000,N/A
71,23.050,NODE,0,-5.158,-4.316,3.000,-0.136,0.583,0.000,0.599,zone=0 dist=0.69m
71,23.050,NODE,1,5.158,-4.316,3.000,0.132,0.582,0.000,0.597,zone=1 dist=0.69m
71,23.050,NODE,2,-4.503,4.504,3.000,0.425,-0.424,0.000,0.600,zone=2 dist=0.69m
71,23.050,NODE,3,4.503,4.504,3.000,-0.422,-0.421,0.000,0.596,zone=3 dist=0.69m
71,23.050,SCOUT,0,-3.649,-4.355,3.000,-0.136,0.585,0.000,0.600,cmd_age=0.02s bat=1.00 dist=0.66m
71,23.050,SCOUT,1,-5.149,-2.855,3.000,-0.136,0.585,0.000,0.600,cmd_age=0.02s bat=1.00 dist=0.66m
71,23.050,SCOUT,2,-6.649,-4.355,3.000,-0.136,0.585,0.000,0.600,cmd_age=0.02s bat=1.00 dist=0.66m
71,23.050,SCOUT,3,-5.149,-5.855,3.000,-0.136,0.585,0.000,0.600,cmd_age=0.02s bat=1.00 dist=0.66m
71,23.050,SCOUT,4,6.649,-4.355,3.000,0.135,0.584,0.000,0.600,cmd_age=0.02s bat=1.00 dist=0.66m
71,23.050,SCOUT,5,5.149,-2.855,3.000,0.135,0.584,0.000,0.600,cmd_age=0.02s bat=1.00 dist=0.66m
71,23.050,SCOUT,6,3.649,-4.355,3.000,0.135,0.584,0.000,0.600,cmd_age=0.02s bat=1.00 dist=0.66m
71,23.050,SCOUT,7,5.149,-5.855,3.000,0.135,0.584,0.000,0.600,cmd_age=0.02s bat=1.00 dist=0.66m
71,23.050,SCOUT,8,-3.031,4.532,3.000,0.425,-0.424,0.000,0.600,cmd_age=0.02s bat=1.00 dist=0.66m
71,23.050,SCOUT,9,-4.531,6.032,3.000,0.425,-0.424,0.000,0.600,cmd_age=0.02s bat=1.00 dist=0.66m
71,23.050,SCOUT,10,-6.031,4.532,3.000,0.425,-0.424,0.000,0.600,cmd_age=0.02s bat=1.00 dist=0.66m
71,23.050,SCOUT,11,-4.531,3.032,3.000,0.425,-0.424,0.000,0.600,cmd_age=0.02s bat=1.00 dist=0.66m
71,23.050,SCOUT,12,6.032,4.532,3.000,-0.424,-0.423,0.000,0.599,cmd_age=0.02s bat=1.00 dist=0.66m
71,23.050,SCOUT,13,4.532,6.032,3.000,-0.424,-0.423,0.000,0.599,cmd_age=0.02s bat=1.00 dist=0.66m
71,23.050,SCOUT,14,3.032,4.532,3.000,-0.424,-0.423,0.000,0.599,cmd_age=0.02s bat=1.00 dist=0.66m
71,23.050,SCOUT,15,4.532,3.032,3.000,-0.424,-0.423,0.000,0.599,cmd_age=0.02s bat=1.00 dist=0.66m
71,23.050,WORKER,0,-3.772,-2.993,3.000,-0.718,1.867,0.000,2.000,state=MOVING bat=1.00 dist=2.15m
71,23.050,WORKER,1,7.165,-2.856,3.000,0.153,1.994,0.000,2.000,state=MOVING bat=1.00 dist=2.15m
71,23.050,WORKER,2,-1.611,3.359,3.000,1.292,-1.527,0.000,2.000,state=MOVING bat=1.00 dist=2.15m
71,23.050,WORKER,3,5.375,3.592,3.000,-1.511,-1.310,0.000,2.000,state=MOVING bat=1.00 dist=2.15m
72,23.264,GENERAL,0,0.000,0.000,5.000,0.000,0.000,0.000,0.000,N/A
72,23.264,NODE,0,-5.160,-4.306,3.000,-0.134,0.585,0.000,0.601,zone=0 dist=0.70m
72,23.264,NODE,1,5.160,-4.306,3.000,0.135,0.586,0.000,0.602,zone=1 dist=0.70m
72,23.264,NODE,2,-4.496,4.497,3.000,0.422,-0.426,0.000,0.600,zone=2 dist=0.70m
72,23.264,NODE,3,4.496,4.496,3.000,-0.425,-0.424,0.000,0.600,zone=3 dist=0.70m
72,23.264,SCOUT,0,-3.651,-4.345,3.000,-0.135,0.585,0.000,0.600,cmd_age=0.02s bat=1.00 dist=0.67m
72,23.264,SCOUT,1,-5.151,-2.845,3.000,-0.135,0.585,0.000,0.600,cmd_age=0.02s bat=1.00 dist=0.67m
72,23.264,SCOUT,2,-6.651,-4.345,3.000,-0.135,0.585,0.000,0.600,cmd_age=0.02s bat=1.00 dist=0.67m
72,23.264,SCOUT,3,-5.151,-5.845,3.000,-0.135,0.585,0.000,0.600,cmd_age=0.02s bat=1.00 dist=0.67m
72,23.264,SCOUT,4,6.651,-4.345,3.000,0.135,0.585,0.000,0.600,cmd_age=0.02s bat=1.00 dist=0.67m
72,23.264,SCOUT,5,5.151,-2.845,3.000,0.135,0.585,0.000,0.600,cmd_age=0.02s bat=1.00 dist=0.67m
72,23.264,SCOUT,6,3.651,-4.345,3.000,0.135,0.585,0.000,0.600,cmd_age=0.02s bat=1.00 dist=0.67m
72,23.264,SCOUT,7,5.151,-5.845,3.000,0.135,0.585,0.000,0.600,cmd_age=0.02s bat=1.00 dist=0.67m
72,23.264,SCOUT,8,-3.024,4.525,3.000,0.424,-0.425,0.000,0.600,cmd_age=0.02s bat=1.00 dist=0.67m
72,23.264,SCOUT,9,-4.524,6.025,3.000,0.424,-0.425,0.000,0.600,cmd_age=0.02s bat=1.00 dist=0.67m
72,23.264,SCOUT,10,-6.024,4.525,3.000,0.424,-0.425,0.000,0.600,cmd_age=0.02s bat=1.00 dist=0.67m
72,23.264,SCOUT,11,-4.524,3.025,3.000,0.424,-0.425,0.000,0.600,cmd_age=0.02s bat=1.00 dist=0.67m
72,23.264,SCOUT,12,6.025,4.525,3.000,-0.424,-0.423,0.000,0.599,cmd_age=0.02s bat=1.00 dist=0.67m
72,23.264,SCOUT,13,4.525,6.025,3.000,-0.424,-0.423,0.000,0.599,cmd_age=0.02s bat=1.00 dist=0.67m
72,23.264,SCOUT,14,3.025,4.525,3.000,-0.424,-0.423,0.000,0.599,cmd_age=0.02s bat=1.00 dist=0.67m
72,23.264,SCOUT,15,4.525,3.025,3.000,-0.424,-0.423,0.000,0.599,cmd_age=0.02s bat=1.00 dist=0.67m
72,23.264,WORKER,0,-3.784,-2.962,3.000,-0.718,1.867,0.000,2.000,state=MOVING bat=1.00 dist=2.18m
72,23.264,WORKER,1,7.167,-2.823,3.000,0.153,1.994,0.000,2.000,state=MOVING bat=1.00 dist=2.18m
72,23.264,WORKER,2,-1.590,3.333,3.000,1.292,-1.527,0.000,2.000,state=MOVING bat=1.00 dist=2.18m
72,23.264,WORKER,3,5.350,3.570,3.000,-1.511,-1.310,0.000,2.000,state=MOVING bat=1.00 dist=2.18m
73,23.503,GENERAL,0,0.000,0.000,5.000,0.000,0.000,0.000,0.000,N/A
73,23.503,NODE,0,-5.162,-4.296,3.000,-0.133,0.583,0.000,0.598,zone=0 dist=0.71m
73,23.503,NODE,1,5.163,-4.296,3.000,0.134,0.585,0.000,0.600,zone=1 dist=0.71m
73,23.503,NODE,2,-4.489,4.490,3.000,0.426,-0.425,0.000,0.602,zone=2 dist=0.71m
73,23.503,NODE,3,4.489,4.489,3.000,-0.425,-0.423,0.000,0.600,zone=3 dist=0.71m
73,23.503,SCOUT,0,-3.653,-4.335,3.000,-0.135,0.585,0.000,0.600,cmd_age=0.02s bat=1.00 dist=0.68m
73,23.503,SCOUT,1,-5.153,-2.835,3.000,-0.135,0.585,0.000,0.600,cmd_age=0.02s bat=1.00 dist=0.68m
73,23.503,SCOUT,2,-6.653,-4.335,3.000,-0.135,0.585,0.000,0.600,cmd_age=0.02s bat=1.00 dist=0.68m
73,23.503,SCOUT,3,-5.153,-5.835,3.000,-0.135,0.585,0.000,0.600,cmd_age=0.02s bat=1.00 dist=0.68m
73,23.503,SCOUT,4,6.654,-4.335,3.000,0.135,0.585,0.000,0.600,cmd_age=0.02s bat=1.00 dist=0.68m
73,23.503,SCOUT,5,5.154,-2.835,3.000,0.135,0.585,0.000,0.600,cmd_age=0.02s bat=1.00 dist=0.68m
73,23.503,SCOUT,6,3.654,-4.335,3.000,0.135,0.585,0.000,0.600,cmd_age=0.02s bat=1.00 dist=0.68m
73,23.503,SCOUT,7,5.154,-5.835,3.000,0.135,0.585,0.000,0.600,cmd_age=0.02s bat=1.00 dist=0.68m
73,23.503,SCOUT,8,-3.017,4.518,3.000,0.425,-0.425,0.000,0.601,cmd_age=0.02s bat=1.00 dist=0.68m
73,23.503,SCOUT,9,-4.517,6.018,3.000,0.425,-0.425,0.000,0.601,cmd_age=0.02s bat=1.00 dist=0.68m
73,23.503,SCOUT,10,-6.017,4.518,3.000,0.425,-0.425,0.000,0.601,cmd_age=0.02s bat=1.00 dist=0.68m
73,23.503,SCOUT,11,-4.517,3.018,3.000,0.425,-0.425,0.000,0.601,cmd_age=0.02s bat=1.00 dist=0.68m
73,23.503,SCOUT,12,6.017,4.518,3.000,-0.424,-0.423,0.000,0.599,cmd_age=0.02s bat=1.00 dist=0.68m
73,23.503,SCOUT,13,4.517,6.018,3.000,-0.424,-0.423,0.000,0.599,cmd_age=0.02s bat=1.00 dist=0.68m
73,23.503,SCOUT,14,3.017,4.518,3.000,-0.424,-0.423,0.000,0.599,cmd_age=0.02s bat=1.00 dist=0.68m
73,23.503,SCOUT,15,4.517,3.018,3.000,-0.424,-0.423,0.000,0.599,cmd_age=0.02s bat=1.00 dist=0.68m
73,23.503,WORKER,0,-3.796,-2.931,3.000,-0.718,1.867,0.000,2.000,state=MOVING bat=1.00 dist=2.21m
73,23.503,WORKER,1,7.170,-2.790,3.000,0.153,1.994,0.000,2.000,state=MOVING bat=1.00 dist=2.21m
73,23.503,WORKER,2,-1.568,3.308,3.000,1.292,-1.527,0.000,2.000,state=MOVING bat=1.00 dist=2.21m
73,23.503,WORKER,3,5.325,3.548,3.000,-1.511,-1.310,0.000,2.000,state=MOVING bat=1.00 dist=2.21m
74,23.735,GENERAL,0,0.000,0.000,5.000,0.000,0.000,0.000,0.000,N/A
74,23.735,NODE,0,-5.165,-4.287,3.000,-0.131,0.588,0.000,0.603,zone=0 dist=0.72m
74,23.735,NODE,1,5.165,-4.286,3.000,0.133,0.586,0.000,0.601,zone=1 dist=0.72m
74,23.735,NODE,2,-4.482,4.482,3.000,0.425,-0.424,0.000,0.600,zone=2 dist=0.72m
74,23.735,NODE,3,4.482,4.482,3.000,-0.421,-0.423,0.000,0.597,zone=3 dist=0.72m
74,23.735,SCOUT,0,-3.656,-4.326,3.000,-0.134,0.585,0.000,0.601,cmd_age=0.02s bat=1.00 dist=0.69m
74,23.735,SCOUT,1,-5.156,-2.826,3.000,-0.134,0.585,0.000,0.601,cmd_age=0.02s bat=1.00 dist=0.69m
74,23.735,SCOUT,2,-6.656,-4.326,3.000,-0.134,0.585,0.000,0.601,cmd_age=0.02s bat=1.00 dist=0.69m
74,23.735,SCOUT,3,-5.156,-5.826,3.000,-0.134,0.585,0.000,0.601,cmd_age=0.02s bat=1.00 dist=0.69m
74,23.735,SCOUT,4,6.656,-4.325,3.000,0.134,0.585,0.000,0.600,cmd_age=0.02s bat=1.00 dist=0.69m
74,23.735,SCOUT,5,5.156,-2.825,3.000,0.134,0.585,0.000,0.600,cmd_age=0.02s bat=1.00 dist=0.69m
74,23.735,SCOUT,6,3.656,-4.325,3.000,0.134,0.585,0.000,0.600,cmd_age=0.02s bat=1.00 dist=0.69m
74,23.735,SCOUT,7,5.156,-5.825,3.000,0.134,0.585,0.000,0.600,cmd_age=0.02s bat=1.00 dist=0.69m
74,23.735,SCOUT,8,-3.010,4.511,3.000,0.425,-0.425,0.000,0.601,cmd_age=0.02s bat=1.00 dist=0.69m
74,23.735,SCOUT,9,-4.510,6.011,3.000,0.425,-0.425,0.000,0.601,cmd_age=0.02s bat=1.00 dist=0.69m
74,23.735,SCOUT,10,-6.010,4.511,3.000,0.425,-0.425,0.000,0.601,cmd_age=0.02s bat=1.00 dist=0.69m
74,23.735,SCOUT,11,-4.510,3.011,3.000,0.425,-0.425,0.000,0.601,cmd_age=0.02s bat=1.00 dist=0.69m
74,23.735,SCOUT,12,6.010,4.511,3.000,-0.424,-0.423,0.000,0.599,cmd_age=0.02s bat=1.00 dist=0.69m
74,23.735,SCOUT,13,4.510,6.011,3.000,-0.424,-0.423,0.000,0.599,cmd_age=0.02s bat=1.00 dist=0.69m
74,23.735,SCOUT,14,3.010,4.511,3.000,-0.424,-0.423,0.000,0.599,cmd_age=0.02s bat=1.00 dist=0.69m
74,23.735,SCOUT,15,4.510,3.011,3.000,-0.424,-0.423,0.000,0.599,cmd_age=0.02s bat=1.00 dist=0.69m
74,23.735,WORKER,0,-3.808,-2.900,3.000,-0.718,1.867,0.000,2.000,state=MOVING bat=1.00 dist=2.25m
74,23.735,WORKER,1,7.173,-2.757,3.000,0.153,1.994,0.000,2.000,state=MOVING bat=1.00 dist=2.25m
74,23.735,WORKER,2,-1.547,3.282,3.000,1.292,-1.527,0.000,2.000,state=MOVING bat=1.00 dist=2.25m
74,23.735,WORKER,3,5.300,3.526,3.000,-1.511,-1.310,0.000,2.000,state=MOVING bat=1.00 dist=2.25m
75,24.022,GENERAL,0,0.000,0.000,5.000,0.000,0.000,0.000,0.000,N/A
75,24.022,NODE,0,-5.167,-4.277,3.000,-0.136,0.585,0.000,0.601,zone=0 dist=0.73m
75,24.022,NODE,1,5.167,-4.277,3.000,0.133,0.586,0.000,0.601,zone=1 dist=0.73m
75,24.022,NODE,2,-4.475,4.475,3.000,0.423,-0.421,0.000,0.596,zone=2 dist=0.73m
75,24.022,NODE,3,4.475,4.475,3.000,-0.425,-0.425,0.000,0.602,zone=3 dist=0.73m
75,24.022,SCOUT,0,-3.658,-4.316,3.000,-0.135,0.585,0.000,0.601,cmd_age=0.02s bat=1.00 dist=0.70m
75,24.022,SCOUT,1,-5.158,-2.816,3.000,-0.135,0.585,0.000,0.601,cmd_age=0.02s bat=1.00 dist=0.70m
75,24.022,SCOUT,2,-6.658,-4.316,3.000,-0.135,0.585,0.000,0.601,cmd_age=0.02s bat=1.00 dist=0.70m
75,24.022,SCOUT,3,-5.158,-5.816,3.000,-0.135,0.585,0.000,0.601,cmd_age=0.02s bat=1.00 dist=0.70m
75,24.022,SCOUT,4,6.658,-4.316,3.000,0.134,0.585,0.000,0.600,cmd_age=0.02s bat=1.00 dist=0.70m
75,24.022,SCOUT,5,5.158,-2.816,3.000,0.134,0.585,0.000,0.600,cmd_age=0.02s bat=1.00 dist=0.70m
75,24.022,SCOUT,6,3.658,-4.316,3.000,0.134,0.585,0.000,0.600,cmd_age=0.02s bat=1.00 dist=0.70m
75,24.022,SCOUT,7,5.158,-5.816,3.000,0.134,0.585,0.000,0.600,cmd_age=0.02s bat=1.00 dist=0.70m
75,24.022,SCOUT,8,-3.003,4.504,3.000,0.424,-0.424,0.000,0.600,cmd_age=0.02s bat=1.00 dist=0.70m
75,24.022,SCOUT,9,-4.503,6.004,3.000,0.424,-0.424,0.000,0.600,cmd_age=0.02s bat=1.00 dist=0.70m
75,24.022,SCOUT,10,-6.003,4.504,3.000,0.424,-0.424,0.000,0.600,cmd_age=0.02s bat=1.00 dist=0.70m
75,24.022,SCOUT,11,-4.503,3.004,3.000,0.424,-0.424,0.000,0.600,cmd_age=0.02s bat=1.00 dist=0.70m
75,24.022,SCOUT,12,6.003,4.503,3.000,-0.424,-0.424,0.000,0.599,cmd_age=0.02s bat=1.00 dist=0.70m
75,24.022,SCOUT,13,4.503,6.003,3.000,-0.424,-0.424,0.000,0.599,cmd_age=0.02s bat=1.00 dist=0.70m
75,24.022,SCOUT,14,3.003,4.503,3.000,-0.424,-0.424,0.000,0.599,cmd_age=0.02s bat=1.00 dist=0.70m
75,24.022,SCOUT,15,4.503,3.003,3.000,-0.424,-0.424,0.000,0.599,cmd_age=0.02s bat=1.00 dist=0.70m
75,24.022,WORKER,0,-3.820,-2.869,3.000,-0.718,1.867,0.000,2.000,state=MOVING bat=1.00 dist=2.28m
75,24.022,WORKER,1,7.175,-2.723,3.000,0.153,1.994,0.000,2.000,state=MOVING bat=1.00 dist=2.28m
75,24.022,WORKER,2,-1.525,3.257,3.000,1.292,-1.527,0.000,2.000,state=MOVING bat=1.00 dist=2.28m
75,24.022,WORKER,3,5.275,3.505,3.000,-1.511,-1.310,0.000,2.000,state=MOVING bat=1.00 dist=2.28m
76,24.330,GENERAL,0,0.000,0.000,5.000,0.000,0.000,0.000,0.000,N/A
76,24.330,NODE,0,-5.169,-4.267,3.000,-0.137,0.583,0.000,0.599,zone=0 dist=0.74m
76,24.330,NODE,1,5.169,-4.267,3.000,0.133,0.586,0.000,0.601,zone=1 dist=0.74m
76,24.330,NODE,2,-4.468,4.468,3.000,0.423,-0.423,0.000,0.598,zone=2 dist=0.74m
76,24.330,NODE,3,4.468,4.468,3.000,-0.425,-0.424,0.000,0.600,zone=3 dist=0.74m
76,24.330,SCOUT,0,-3.660,-4.306,3.000,-0.135,0.585,0.000,0.600,cmd_age=0.02s bat=1.00 dist=0.71m
76,24.330,SCOUT,1,-5.160,-2.806,3.000,-0.135,0.585,0.000,0.600,cmd_age=0.02s bat=1.00 dist=0.71m
76,24.330,SCOUT,2,-6.660,-4.306,3.000,-0.135,0.585,0.000,0.600,cmd_age=0.02s bat=1.00 dist=0.71m
76,24.330,SCOUT,3,-5.160,-5.806,3.000,-0.135,0.585,0.000,0.600,cmd_age=0.02s bat=1.00 dist=0.71m
76,24.330,SCOUT,4,6.660,-4.306,3.000,0.134,0.585,0.000,0.600,cmd_age=0.02s bat=1.00 dist=0.71m
76,24.330,SCOUT,5,5.160,-2.806,3.000,0.134,0.585,0.000,0.600,cmd_age=0.02s bat=1.00 dist=0.71m
76,24.330,SCOUT,6,3.660,-4.306,3.000,0.134,0.585,0.000,0.600,cmd_age=0.02s bat=1.00 dist=0.71m
76,24.330,SCOUT,7,5.160,-5.806,3.000,0.134,0.585,0.000,0.600,cmd_age=0.02s bat=1.00 dist=0.71m
76,24.330,SCOUT,8,-2.996,4.497,3.000,0.424,-0.424,0.000,0.599,cmd_age=0.02s bat=1.00 dist=0.71m
76,24.330,SCOUT,9,-4.496,5.997,3.000,0.424,-0.424,0.000,0.599,cmd_age=0.02s bat=1.00 dist=0.71m
76,24.330,SCOUT,10,-5.996,4.497,3.000,0.424,-0.424,0.000,0.599,cmd_age=0.02s bat=1.00 dist=0.71m
76,24.330,SCOUT,11,-4.496,2.997,3.000,0.424,-0.424,0.000,0.599,cmd_age=0.02s bat=1.00 dist=0.71m
76,24.330,SCOUT,12,5.996,4.496,3.000,-0.424,-0.424,0.000,0.600,cmd_age=0.02s bat=1.00 dist=0.71m
76,24.330,SCOUT,13,4.496,5.996,3.000,-0.424,-0.424,0.000,0.600,cmd_age=0.02s bat=1.00 dist=0.71m
76,24.330,SCOUT,14,2.996,4.496,3.000,-0.424,-0.424,0.000,0.600,cmd_age=0.02s bat=1.00 dist=0.71m
76,24.330,SCOUT,15,4.496,2.996,3.000,-0.424,-0.424,0.000,0.600,cmd_age=0.02s bat=1.00 dist=0.71m
76,24.330,WORKER,0,-3.832,-2.838,3.000,-0.718,1.867,0.000,2.000,state=MOVING bat=1.00 dist=2.31m
76,24.330,WORKER,1,7.178,-2.690,3.000,0.153,1.994,0.000,2.000,state=MOVING bat=1.00 dist=2.31m
76,24.330,WORKER,2,-1.504,3.231,3.000,1.292,-1.527,0.000,2.000,state=MOVING bat=1.00 dist=2.31m
76,24.330,WORKER,3,5.249,3.483,3.000,-1.511,-1.310,0.000,2.000,state=MOVING bat=1.00 dist=2.31m
77,24.573,GENERAL,0,0.000,0.000,5.000,0.000,0.000,0.000,0.000,N/A
77,24.573,NODE,0,-5.171,-4.257,3.000,-0.134,0.582,0.000,0.597,zone=0 dist=0.75m
77,24.573,NODE,1,5.172,-4.257,3.000,0.135,0.587,0.000,0.603,zone=1 dist=0.75m
77,24.573,NODE,2,-4.461,4.461,3.000,0.427,-0.425,0.000,0.603,zone=2 dist=0.75m
77,24.573,NODE,3,4.461,4.461,3.000,-0.427,-0.425,0.000,0.603,zone=3 dist=0.75m
77,24.573,SCOUT,0,-3.662,-4.296,3.000,-0.135,0.584,0.000,0.600,cmd_age=0.02s bat=1.00 dist=0.72m
77,24.573,SCOUT,1,-5.162,-2.796,3.000,-0.135,0.584,0.000,0.600,cmd_age=0.02s bat=1.00 dist=0.72m
77,24.573,SCOUT,2,-6.662,-4.296,3.000,-0.135,0.584,0.000,0.600,cmd_age=0.02s bat=1.00 dist=0.72m
77,24.573,SCOUT,3,-5.162,-5.796,3.000,-0.135,0.584,0.000,0.600,cmd_age=0.02s bat=1.00 dist=0.72m
77,24.573,SCOUT,4,6.663,-4.296,3.000,0.134,0.586,0.000,0.601,cmd_age=0.02s bat=1.00 dist=0.72m
77,24.573,SCOUT,5,5.163,-2.796,3.000,0.134,0.586,0.000,0.601,cmd_age=0.02s bat=1.00 dist=0.72m
77,24.573,SCOUT,6,3.663,-4.296,3.000,0.134,0.586,0.000,0.601,cmd_age=0.02s bat=1.00 dist=0.72m
77,24.573,SCOUT,7,5.163,-5.796,3.000,0.134,0.586,0.000,0.601,cmd_age=0.02s bat=1.00 dist=0.72m
77,24.573,SCOUT,8,-2.989,4.490,3.000,0.425,-0.424,0.000,0.600,cmd_age=0.02s bat=1.00 dist=0.72m
77,24.573,SCOUT,9,-4.489,5.990,3.000,0.425,-0.424,0.000,0.600,cmd_age=0.02s bat=1.00 dist=0.72m
77,24.573,SCOUT,10,-5.989,4.490,3.000,0.425,-0.424,0.000,0.600,cmd_age=0.02s bat=1.00 dist=0.72m
77,24.573,SCOUT,11,-4.489,2.990,3.000,0.425,-0.424,0.000,0.600,cmd_age=0.02s bat=1.00 dist=0.72m
77,24.573,SCOUT,12,5.989,4.489,3.000,-0.425,-0.424,0.000,0.600,cmd_age=0.02s bat=1.00 dist=0.72m
77,24.573,SCOUT,13,4.489,5.989,3.000,-0.425,-0.424,0.000,0.600,cmd_age=0.02s bat=1.00 dist=0.72m
77,24.573,SCOUT,14,2.989,4.489,3.000,-0.425,-0.424,0.000,0.600,cmd_age=0.02s bat=1.00 dist=0.72m
77,24.573,SCOUT,15,4.489,2.989,3.000,-0.425,-0.424,0.000,0.600,cmd_age=0.02s bat=1.00 dist=0.72m
77,24.573,WORKER,0,-3.844,-2.807,3.000,-0.718,1.867,0.000,2.000,state=MOVING bat=1.00 dist=2.35m
77,24.573,WORKER,1,7.180,-2.657,3.000,0.153,1.994,0.000,2.000,state=MOVING bat=1.00 dist=2.35m
77,24.573,WORKER,2,-1.482,3.206,3.000,1.292,-1.527,0.000,2.000,state=MOVING bat=1.00 dist=2.35m
77,24.573,WORKER,3,5.224,3.461,3.000,-1.511,-1.310,0.000,2.000,state=MOVING bat=1.00 dist=2.35m
78,24.821,GENERAL,0,0.000,0.000,5.000,0.000,0.000,0.000,0.000,N/A
78,24.821,NODE,0,-5.174,-4.248,3.000,-0.134,0.583,0.000,0.599,zone=0 dist=0.76m
78,24.821,NODE,1,5.174,-4.247,3.000,0.135,0.584,0.000,0.600,zone=1 dist=0.76m
78,24.821,NODE,2,-4.453,4.454,3.000,0.425,-0.428,0.000,0.603,zone=2 dist=0.76m
78,24.821,NODE,3,4.454,4.454,3.000,-0.424,-0.425,0.000,0.600,zone=3 dist=0.76m
78,24.821,SCOUT,0,-3.665,-4.287,3.000,-0.135,0.584,0.000,0.599,cmd_age=0.02s bat=1.00 dist=0.73m
78,24.821,SCOUT,1,-5.165,-2.787,3.000,-0.135,0.584,0.000,0.599,cmd_age=0.02s bat=1.00 dist=0.73m
78,24.821,SCOUT,2,-6.665,-4.287,3.000,-0.135,0.584,0.000,0.599,cmd_age=0.02s bat=1.00 dist=0.73m
78,24.821,SCOUT,3,-5.165,-5.787,3.000,-0.135,0.584,0.000,0.599,cmd_age=0.02s bat=1.00 dist=0.73m
78,24.821,SCOUT,4,6.665,-4.286,3.000,0.134,0.586,0.000,0.601,cmd_age=0.02s bat=1.00 dist=0.73m
78,24.821,SCOUT,5,5.165,-2.786,3.000,0.134,0.586,0.000,0.601,cmd_age=0.02s bat=1.00 dist=0.73m
78,24.821,SCOUT,6,3.665,-4.286,3.000,0.134,0.586,0.000,0.601,cmd_age=0.02s bat=1.00 dist=0.73m
78,24.821,SCOUT,7,5.165,-5.786,3.000,0.134,0.586,0.000,0.601,cmd_age=0.02s bat=1.00 dist=0.73m
78,24.821,SCOUT,8,-2.982,4.483,3.000,0.425,-0.425,0.000,0.601,cmd_age=0.02s bat=1.00 dist=0.73m
78,24.821,SCOUT,9,-4.482,5.983,3.000,0.425,-0.425,0.000,0.601,cmd_age=0.02s bat=1.00 dist=0.73m
78,24.821,SCOUT,10,-5.982,4.483,3.000,0.425,-0.425,0.000,0.601,cmd_age=0.02s bat=1.00 dist=0.73m
78,24.821,SCOUT,11,-4.482,2.983,3.000,0.425,-0.425,0.000,0.601,cmd_age=0.02s bat=1.00 dist=0.73m
78,24.821,SCOUT,12,5.982,4.482,3.000,-0.425,-0.424,0.000,0.600,cmd_age=0.02s bat=1.00 dist=0.73m
78,24.821,SCOUT,13,4.482,5.982,3.000,-0.425,-0.424,0.000,0.600,cmd_age=0.02s bat=1.00 dist=0.73m
78,24.821,SCOUT,14,2.982,4.482,3.000,-0.425,-0.424,0.000,0.600,cmd_age=0.02s bat=1.00 dist=0.73m
78,24.821,SCOUT,15,4.482,2.982,3.000,-0.425,-0.424,0.000,0.600,cmd_age=0.02s bat=1.00 dist=0.73m
78,24.821,WORKER,0,-3.856,-2.776,3.000,-0.718,1.867,0.000,2.000,state=MOVING bat=1.00 dist=2.38m
78,24.821,WORKER,1,7.183,-2.624,3.000,0.153,1.994,0.000,2.000,state=MOVING bat=1.00 dist=2.38m
78,24.821,WORKER,2,-1.461,3.181,3.000,1.292,-1.527,0.000,2.000,state=MOVING bat=1.00 dist=2.38m
78,24.821,WORKER,3,5.199,3.439,3.000,-1.511,-1.310,0.000,2.000,state=MOVING bat=1.00 dist=2.38m
79,25.114,GENERAL,0,0.000,0.000,5.000,0.000,0.000,0.000,0.000,N/A
79,25.114,NODE,0,-5.176,-4.238,3.000,-0.135,0.585,0.000,0.600,zone=0 dist=0.77m
79,25.114,NODE,1,5.176,-4.237,3.000,0.135,0.587,0.000,0.602,zone=1 dist=0.77m
79,25.114,NODE,2,-4.446,4.447,3.000,0.425,-0.423,0.000,0.600,zone=2 dist=0.77m
79,25.114,NODE,3,4.447,4.447,3.000,-0.422,-0.424,0.000,0.598,zone=3 dist=0.77m
79,25.114,SCOUT,0,-3.667,-4.277,3.000,-0.135,0.584,0.000,0.600,cmd_age=0.02s bat=1.00 dist=0.74m
79,25.114,SCOUT,1,-5.167,-2.777,3.000,-0.135,0.584,0.000,0.600,cmd_age=0.02s bat=1.00 dist=0.74m
79,25.114,SCOUT,2,-6.667,-4.277,3.000,-0.135,0.584,0.000,0.600,cmd_age=0.02s bat=1.00 dist=0.74m
79,25.114,SCOUT,3,-5.167,-5.777,3.000,-0.135,0.584,0.000,0.600,cmd_age=0.02s bat=1.00 dist=0.74m
79,25.114,SCOUT,4,6.667,-4.276,3.000,0.134,0.586,0.000,0.601,cmd_age=0.02s bat=1.00 dist=0.74m
79,25.114,SCOUT,5,5.167,-2.776,3.000,0.134,0.586,0.000,0.601,cmd_age=0.02s bat=1.00 dist=0.74m
79,25.114,SCOUT,6,3.667,-4.276,3.000,0.134,0.586,0.000,0.601,cmd_age=0.02s bat=1.00 dist=0.74m
79,25.114,SCOUT,7,5.167,-5.776,3.000,0.134,0.586,0.000,0.601,cmd_age=0.02s bat=1.00 dist=0.74m
79,25.114,SCOUT,8,-2.975,4.475,3.000,0.425,-0.425,0.000,0.601,cmd_age=0.02s bat=1.00 dist=0.74m
79,25.114,SCOUT,9,-4.475,5.975,3.000,0.425,-0.425,0.000,0.601,cmd_age=0.02s bat=1.00 dist=0.74m
79,25.114,SCOUT,10,-5.975,4.475,3.000,0.425,-0.425,0.000,0.601,cmd_age=0.02s bat=1.00 dist=0.74m
79,25.114,SCOUT,11,-4.475,2.975,3.000,0.425,-0.425,0.000,0.601,cmd_age=0.02s bat=1.00 dist=0.74m
79,25.114,SCOUT,12,5.975,4.475,3.000,-0.424,-0.424,0.000,0.600,cmd_age=0.02s bat=1.00 dist=0.74m
79,25.114,SCOUT,13,4.475,5.975,3.000,-0.424,-0.424,0.000,0.600,cmd_age=0.02s bat=1.00 dist=0.74m
79,25.114,SCOUT,14,2.975,4.475,3.000,-0.424,-0.424,0.000,0.600,cmd_age=0.02s bat=1.00 dist=0.74m
79,25.114,SCOUT,15,4.475,2.975,3.000,-0.424,-0.424,0.000,0.600,cmd_age=0.02s bat=1.00 dist=0.74m
79,25.114,WORKER,0,-3.868,-2.744,3.000,-0.718,1.867,0.000,2.000,state=MOVING bat=1.00 dist=2.41m
79,25.114,WORKER,1,7.185,-2.590,3.000,0.153,1.994,0.000,2.000,state=MOVING bat=1.00 dist=2.41m
79,25.114,WORKER,2,-1.439,3.155,3.000,1.292,-1.527,0.000,2.000,state=MOVING bat=1.00 dist=2.41m
79,25.114,WORKER,3,5.174,3.417,3.000,-1.511,-1.310,0.000,2.000,state=MOVING bat=1.00 dist=2.41m
80,25.343,GENERAL,0,0.000,0.000,5.000,0.000,0.000,0.000,0.000,N/A
80,25.343,NODE,0,-5.178,-4.228,3.000,-0.135,0.584,0.000,0.599,zone=0 dist=0.78m
80,25.343,NODE,1,5.178,-4.228,3.000,0.137,0.586,0.000,0.602,zone=1 dist=0.78m
80,25.343,NODE,2,-4.439,4.440,3.000,0.424,-0.428,0.000,0.603,zone=2 dist=0.78m
80,25.343,NODE,3,4.440,4.440,3.000,-0.425,-0.421,0.000,0.598,zone=3 dist=0.78m
80,25.343,SCOUT,0,-3.669,-4.267,3.000,-0.135,0.584,0.000,0.599,cmd_age=0.02s bat=1.00 dist=0.75m
80,25.343,SCOUT,1,-5.169,-2.767,3.000,-0.135,0.584,0.000,0.599,cmd_age=0.02s bat=1.00 dist=0.75m
80,25.343,SCOUT,2,-6.669,-4.267,3.000,-0.135,0.584,0.000,0.599,cmd_age=0.02s bat=1.00 dist=0.75m
80,25.343,SCOUT,3,-5.169,-5.767,3.000,-0.135,0.584,0.000,0.599,cmd_age=0.02s bat=1.00 dist=0.75m
80,25.343,SCOUT,4,6.669,-4.267,3.000,0.135,0.586,0.000,0.601,cmd_age=0.02s bat=1.00 dist=0.75m
80,25.343,SCOUT,5,5.169,-2.767,3.000,0.135,0.586,0.000,0.601,cmd_age=0.02s bat=1.00 dist=0.75m
80,25.343,SCOUT,6,3.669,-4.267,3.000,0.135,0.586,0.000,0.601,cmd_age=0.02s bat=1.00 dist=0.75m
80,25.343,SCOUT,7,5.169,-5.767,3.000,0.135,0.586,0.000,0.601,cmd_age=0.02s bat=1.00 dist=0.75m
80,25.343,SCOUT,8,-2.968,4.468,3.000,0.425,-0.425,0.000,0.601,cmd_age=0.02s bat=1.00 dist=0.75m
80,25.343,SCOUT,9,-4.468,5.968,3.000,0.425,-0.425,0.000,0.601,cmd_age=0.02s bat=1.00 dist=0.75m
80,25.343,SCOUT,10,-5.968,4.468,3.000,0.425,-0.425,0.000,0.601,cmd_age=0.02s bat=1.00 dist=0.75m
80,25.343,SCOUT,11,-4.468,2.968,3.000,0.425,-0.425,0.000,0.601,cmd_age=0.02s bat=1.00 dist=0.75m
80,25.343,SCOUT,12,5.968,4.468,3.000,-0.424,-0.424,0.000,0.600,cmd_age=0.02s bat=1.00 dist=0.75m
80,25.343,SCOUT,13,4.468,5.968,3.000,-0.424,-0.424,0.000,0.600,cmd_age=0.02s bat=1.00 dist=0.75m
80,25.343,SCOUT,14,2.968,4.468,3.000,-0.424,-0.424,0.000,0.600,cmd_age=0.02s bat=1.00 dist=0.75m
80,25.343,SCOUT,15,4.468,2.968,3.000,-0.424,-0.424,0.000,0.600,cmd_age=0.02s bat=1.00 dist=0.75m
80,25.343,WORKER,0,-3.879,-2.713,3.000,-0.718,1.867,0.000,2.000,state=MOVING bat=1.00 dist=2.45m
80,25.343,WORKER,1,7.188,-2.557,3.000,0.153,1.994,0.000,2.000,state=MOVING bat=1.00 dist=2.45m
80,25.343,WORKER,2,-1.417,3.130,3.000,1.292,-1.527,0.000,2.000,state=MOVING bat=1.00 dist=2.45m
80,25.343,WORKER,3,5.149,3.395,3.000,-1.511,-1.310,0.000,2.000,state=MOVING bat=1.00 dist=2.45m
81,25.557,GENERAL,0,0.000,0.000,5.000,0.000,0.000,0.000,0.000,N/A
81,25.557,NODE,0,-5.180,-4.219,3.000,-0.135,0.583,0.000,0.598,zone=0 dist=0.79m
81,25.557,NODE,1,5.181,-4.218,3.000,0.136,0.586,0.000,0.601,zone=1 dist=0.79m
81,25.557,NODE,2,-4.432,4.433,3.000,0.425,-0.425,0.000,0.601,zone=2 dist=0.79m
81,25.557,NODE,3,4.433,4.433,3.000,-0.425,-0.423,0.000,0.600,zone=3 dist=0.79m
81,25.557,SCOUT,0,-3.671,-4.257,3.000,-0.135,0.584,0.000,0.599,cmd_age=0.02s bat=1.00 dist=0.76m
81,25.557,SCOUT,1,-5.171,-2.757,3.000,-0.135,0.584,0.000,0.599,cmd_age=0.02s bat=1.00 dist=0.76m
81,25.557,SCOUT,2,-6.671,-4.257,3.000,-0.135,0.584,0.000,0.599,cmd_age=0.02s bat=1.00 dist=0.76m
81,25.557,SCOUT,3,-5.171,-5.757,3.000,-0.135,0.584,0.000,0.599,cmd_age=0.02s bat=1.00 dist=0.76m
81,25.557,SCOUT,4,6.672,-4.257,3.000,0.135,0.586,0.000,0.601,cmd_age=0.02s bat=1.00 dist=0.76m
81,25.557,SCOUT,5,5.172,-2.757,3.000,0.135,0.586,0.000,0.601,cmd_age=0.02s bat=1.00 dist=0.76m
81,25.557,SCOUT,6,3.672,-4.257,3.000,0.135,0.586,0.000,0.601,cmd_age=0.02s bat=1.00 dist=0.76m
81,25.557,SCOUT,7,5.172,-5.757,3.000,0.135,0.586,0.000,0.601,cmd_age=0.02s bat=1.00 dist=0.76m
81,25.557,SCOUT,8,-2.960,4.461,3.000,0.425,-0.425,0.000,0.601,cmd_age=0.02s bat=1.00 dist=0.76m
81,25.557,SCOUT,9,-4.460,5.961,3.000,0.425,-0.425,0.000,0.601,cmd_age=0.02s bat=1.00 dist=0.76m
81,25.557,SCOUT,10,-5.960,4.461,3.000,0.425,-0.425,0.000,0.601,cmd_age=0.02s bat=1.00 dist=0.76m
81,25.557,SCOUT,11,-4.460,2.961,3.000,0.425,-0.425,0.000,0.601,cmd_age=0.02s bat=1.00 dist=0.76m
81,25.557,SCOUT,12,5.961,4.461,3.000,-0.424,-0.424,0.000,0.600,cmd_age=0.02s bat=1.00 dist=0.76m
81,25.557,SCOUT,13,4.461,5.961,3.000,-0.424,-0.424,0.000,0.600,cmd_age=0.02s bat=1.00 dist=0.76m
81,25.557,SCOUT,14,2.961,4.461,3.000,-0.424,-0.424,0.000,0.600,cmd_age=0.02s bat=1.00 dist=0.76m
81,25.557,SCOUT,15,4.461,2.961,3.000,-0.424,-0.424,0.000,0.600,cmd_age=0.02s bat=1.00 dist=0.76m
81,25.557,WORKER,0,-3.891,-2.682,3.000,-0.718,1.867,0.000,2.000,state=MOVING bat=1.00 dist=2.48m
81,25.557,WORKER,1,7.190,-2.524,3.000,0.153,1.994,0.000,2.000,state=MOVING bat=1.00 dist=2.48m
81,25.557,WORKER,2,-1.396,3.104,3.000,1.292,-1.527,0.000,2.000,state=MOVING bat=1.00 dist=2.48m
81,25.557,WORKER,3,5.123,3.374,3.000,-1.511,-1.310,0.000,2.000,state=MOVING bat=1.00 dist=2.48m
82,26.025,GENERAL,0,0.000,0.000,5.000,0.000,0.000,0.000,0.000,N/A
82,26.025,NODE,0,-5.183,-4.209,3.000,-0.132,0.585,0.000,0.600,zone=0 dist=0.80m
82,26.025,NODE,1,5.183,-4.208,3.000,0.133,0.586,0.000,0.601,zone=1 dist=0.80m
82,26.025,NODE,2,-4.425,4.426,3.000,0.425,-0.425,0.000,0.601,zone=2 dist=0.80m
82,26.025,NODE,3,4.426,4.426,3.000,-0.424,-0.424,0.000,0.599,zone=3 dist=0.80m
82,26.025,SCOUT,0,-3.674,-4.248,3.000,-0.134,0.584,0.000,0.599,cmd_age=0.02s bat=1.00 dist=0.77m
82,26.025,SCOUT,1,-5.174,-2.748,3.000,-0.134,0.584,0.000,0.599,cmd_age=0.02s bat=1.00 dist=0.77m
82,26.025,SCOUT,2,-6.674,-4.248,3.000,-0.134,0.584,0.000,0.599,cmd_age=0.02s bat=1.00 dist=0.77m
82,26.025,SCOUT,3,-5.174,-5.748,3.000,-0.134,0.584,0.000,0.599,cmd_age=0.02s bat=1.00 dist=0.77m
82,26.025,SCOUT,4,6.674,-4.247,3.000,0.135,0.586,0.000,0.601,cmd_age=0.02s bat=1.00 dist=0.77m
82,26.025,SCOUT,5,5.174,-2.747,3.000,0.135,0.586,0.000,0.601,cmd_age=0.02s bat=1.00 dist=0.77m
82,26.025,SCOUT,6,3.674,-4.247,3.000,0.135,0.586,0.000,0.601,cmd_age=0.02s bat=1.00 dist=0.77m
82,26.025,SCOUT,7,5.174,-5.747,3.000,0.135,0.586,0.000,0.601,cmd_age=0.02s bat=1.00 dist=0.77m
82,26.025,SCOUT,8,-2.953,4.454,3.000,0.425,-0.425,0.000,0.601,cmd_age=0.02s bat=1.00 dist=0.77m
82,26.025,SCOUT,9,-4.453,5.954,3.000,0.425,-0.425,0.000,0.601,cmd_age=0.02s bat=1.00 dist=0.77m
82,26.025,SCOUT,10,-5.953,4.454,3.000,0.425,-0.425,0.000,0.601,cmd_age=0.02s bat=1.00 dist=0.77m
82,26.025,SCOUT,11,-4.453,2.954,3.000,0.425,-0.425,0.000,0.601,cmd_age=0.02s bat=1.00 dist=0.77m
82,26.025,SCOUT,12,5.954,4.454,3.000,-0.424,-0.424,0.000,0.599,cmd_age=0.02s bat=1.00 dist=0.77m
82,26.025,SCOUT,13,4.454,5.954,3.000,-0.424,-0.424,0.000,0.599,cmd_age=0.02s bat=1.00 dist=0.77m
82,26.025,SCOUT,14,2.954,4.454,3.000,-0.424,-0.424,0.000,0.599,cmd_age=0.02s bat=1.00 dist=0.77m
82,26.025,SCOUT,15,4.454,2.954,3.000,-0.424,-0.424,0.000,0.599,cmd_age=0.02s bat=1.00 dist=0.77m
82,26.025,WORKER,0,-3.903,-2.651,3.000,-0.718,1.867,0.000,2.000,state=MOVING bat=1.00 dist=2.51m
82,26.025,WORKER,1,7.193,-2.491,3.000,0.153,1.994,0.000,2.000,state=MOVING bat=1.00 dist=2.51m
82,26.025,WORKER,2,-1.374,3.079,3.000,1.292,-1.527,0.000,2.000,state=MOVING bat=1.00 dist=2.51m
82,26.025,WORKER,3,5.098,3.352,3.000,-1.511,-1.310,0.000,2.000,state=MOVING bat=1.00 dist=2.51m
83,27.941,GENERAL,0,0.000,0.000,5.000,0.000,0.000,0.000,0.000,N/A
83,27.941,NODE,0,-5.185,-4.199,3.000,-0.135,0.585,0.000,0.600,zone=0 dist=0.81m
83,27.941,NODE,1,5.185,-4.198,3.000,0.137,0.583,0.000,0.599,zone=1 dist=0.81m
83,27.941,NODE,2,-4.418,4.419,3.000,0.421,-0.421,0.000,0.596,zone=2 dist=0.81m
83,27.941,NODE,3,4.418,4.419,3.000,-0.426,-0.426,0.000,0.602,zone=3 dist=0.81m
83,27.941,SCOUT,0,-3.676,-4.238,3.000,-0.135,0.584,0.000,0.599,cmd_age=0.02s bat=1.00 dist=0.78m
83,27.941,SCOUT,1,-5.176,-2.738,3.000,-0.135,0.584,0.000,0.599,cmd_age=0.02s bat=1.00 dist=0.78m
83,27.941,SCOUT,2,-6.676,-4.238,3.000,-0.135,0.584,0.000,0.599,cmd_age=0.02s bat=1.00 dist=0.78m
83,27.941,SCOUT,3,-5.176,-5.738,3.000,-0.135,0.584,0.000,0.599,cmd_age=0.02s bat=1.00 dist=0.78m
83,27.941,SCOUT,4,6.676,-4.237,3.000,0.135,0.585,0.000,0.601,cmd_age=0.02s bat=1.00 dist=0.78m
83,27.941,SCOUT,5,5.176,-2.737,3.000,0.135,0.585,0.000,0.601,cmd_age=0.02s bat=1.00 dist=0.78m
83,27.941,SCOUT,6,3.676,-4.237,3.000,0.135,0.585,0.000,0.601,cmd_age=0.02s bat=1.00 dist=0.78m
83,27.941,SCOUT,7,5.176,-5.737,3.000,0.135,0.585,0.000,0.601,cmd_age=0.02s bat=1.00 dist=0.78m
83,27.941,SCOUT,8,-2.946,4.447,3.000,0.424,-0.424,0.000,0.600,cmd_age=0.02s bat=1.00 dist=0.78m
83,27.941,SCOUT,9,-4.446,5.947,3.000,0.424,-0.424,0.000,0.600,cmd_age=0.02s bat=1.00 dist=0.78m
83,27.941,SCOUT,10,-5.946,4.447,3.000,0.424,-0.424,0.000,0.600,cmd_age=0.02s bat=1.00 dist=0.78m
83,27.941,SCOUT,11,-4.446,2.947,3.000,0.424,-0.424,0.000,0.600,cmd_age=0.02s bat=1.00 dist=0.78m
83,27.941,SCOUT,12,5.947,4.447,3.000,-0.425,-0.424,0.000,0.600,cmd_age=0.02s bat=1.00 dist=0.78m
83,27.941,SCOUT,13,4.447,5.947,3.000,-0.425,-0.424,0.000,0.600,cmd_age=0.02s bat=1.00 dist=0.78m
83,27.941,SCOUT,14,2.947,4.447,3.000,-0.425,-0.424,0.000,0.600,cmd_age=0.02s bat=1.00 dist=0.78m
83,27.941,SCOUT,15,4.447,2.947,3.000,-0.425,-0.424,0.000,0.600,cmd_age=0.02s bat=1.00 dist=0.78m
83,27.941,WORKER,0,-3.915,-2.620,3.000,-0.718,1.867,0.000,2.000,state=MOVING bat=1.00 dist=2.55m
83,27.941,WORKER,1,7.196,-2.458,3.000,0.153,1.994,0.000,2.000,state=MOVING bat=1.00 dist=2.55m
83,27.941,WORKER,2,-1.353,3.053,3.000,1.292,-1.527,0.000,2.000,state=MOVING bat=1.00 dist=2.55m
83,27.941,WORKER,3,5.073,3.330,3.000,-1.511,-1.310,0.000,2.000,state=MOVING bat=1.00 dist=2.55m
84,28.479,GENERAL,0,0.000,0.000,5.000,0.000,0.000,0.000,0.000,N/A
84,28.479,NODE,0,-5.187,-4.189,3.000,-0.133,0.582,0.000,0.597,zone=0 dist=0.82m
84,28.479,NODE,1,5.187,-4.189,3.000,0.137,0.587,0.000,0.603,zone=1 dist=0.82m
84,28.479,NODE,2,-4.411,4.412,3.000,0.417,-0.429,0.000,0.598,zone=2 dist=0.82m
84,28.479,NODE,3,4.411,4.412,3.000,-0.428,-0.424,0.000,0.603,zone=3 dist=0.82m
84,28.479,SCOUT,0,-3.678,-4.228,3.000,-0.134,0.584,0.000,0.599,cmd_age=0.02s bat=1.00 dist=0.79m
84,28.479,SCOUT,1,-5.178,-2.728,3.000,-0.134,0.584,0.000,0.599,cmd_age=0.02s bat=1.00 dist=0.79m
84,28.479,SCOUT,2,-6.678,-4.228,3.000,-0.134,0.584,0.000,0.599,cmd_age=0.02s bat=1.00 dist=0.79m
84,28.479,SCOUT,3,-5.178,-5.728,3.000,-0.134,0.584,0.000,0.599,cmd_age=0.02s bat=1.00 dist=0.79m
84,28.479,SCOUT,4,6.678,-4.228,3.000,0.135,0.586,0.000,0.601,cmd_age=0.02s bat=1.00 dist=0.79m
84,28.479,SCOUT,5,5.178,-2.728,3.000,0.135,0.586,0.000,0.601,cmd_age=0.02s bat=1.00 dist=0.79m
84,28.479,SCOUT,6,3.678,-4.228,3.000,0.135,0.586,0.000,0.601,cmd_age=0.02s bat=1.00 dist=0.79m
84,28.479,SCOUT,7,5.178,-5.728,3.000,0.135,0.586,0.000,0.601,cmd_age=0.02s bat=1.00 dist=0.79m
84,28.479,SCOUT,8,-2.939,4.440,3.000,0.423,-0.425,0.000,0.600,cmd_age=0.02s bat=1.00 dist=0.79m
84,28.479,SCOUT,9,-4.439,5.940,3.000,0.423,-0.425,0.000,0.600,cmd_age=0.02s bat=1.00 dist=0.79m
84,28.479,SCOUT,10,-5.939,4.440,3.000,0.423,-0.425,0.000,0.600,cmd_age=0.02s bat=1.00 dist=0.79m
84,28.479,SCOUT,11,-4.439,2.940,3.000,0.423,-0.425,0.000,0.600,cmd_age=0.02s bat=1.00 dist=0.79m
84,28.479,SCOUT,12,5.940,4.440,3.000,-0.425,-0.424,0.000,0.601,cmd_age=0.02s bat=1.00 dist=0.79m
84,28.479,SCOUT,13,4.440,5.940,3.000,-0.425,-0.424,0.000,0.601,cmd_age=0.02s bat=1.00 dist=0.79m
84,28.479,SCOUT,14,2.940,4.440,3.000,-0.425,-0.424,0.000,0.601,cmd_age=0.02s bat=1.00 dist=0.79m
84,28.479,SCOUT,15,4.440,2.940,3.000,-0.425,-0.424,0.000,0.601,cmd_age=0.02s bat=1.00 dist=0.79m
84,28.479,WORKER,0,-3.927,-2.589,3.000,-0.718,1.867,0.000,2.000,state=MOVING bat=1.00 dist=2.58m
84,28.479,WORKER,1,7.198,-2.424,3.000,0.153,1.994,0.000,2.000,state=MOVING bat=1.00 dist=2.58m
84,28.479,WORKER,2,-1.331,3.028,3.000,1.292,-1.527,0.000,2.000,state=MOVING bat=1.00 dist=2.58m
84,28.479,WORKER,3,5.048,3.308,3.000,-1.511,-1.310,0.000,2.000,state=MOVING bat=1.00 dist=2.58m
85,28.671,GENERAL,0,0.000,0.000,5.000,0.000,0.000,0.000,0.000,N/A
85,28.671,NODE,0,-5.189,-4.180,3.000,-0.139,0.589,0.000,0.605,zone=0 dist=0.83m
85,28.671,NODE,1,5.190,-4.179,3.000,0.131,0.585,0.000,0.599,zone=1 dist=0.83m
85,28.671,NODE,2,-4.404,4.405,3.000,0.427,-0.420,0.000,0.599,zone=2 dist=0.83m
85,28.671,NODE,3,4.404,4.405,3.000,-0.420,-0.424,0.000,0.597,zone=3 dist=0.83m
85,28.671,SCOUT,0,-3.680,-4.219,3.000,-0.135,0.585,0.000,0.600,cmd_age=0.02s bat=1.00 dist=0.80m
85,28.671,SCOUT,1,-5.180,-2.719,3.000,-0.135,0.585,0.000,0.600,cmd_age=0.02s bat=1.00 dist=0.80m
85,28.671,SCOUT,2,-6.680,-4.219,3.000,-0.135,0.585,0.000,0.600,cmd_age=0.02s bat=1.00 dist=0.80m
85,28.671,SCOUT,3,-5.180,-5.719,3.000,-0.135,0.585,0.000,0.600,cmd_age=0.02s bat=1.00 dist=0.80m
85,28.671,SCOUT,4,6.681,-4.218,3.000,0.135,0.585,0.000,0.601,cmd_age=0.02s bat=1.00 dist=0.80m
85,28.671,SCOUT,5,5.181,-2.718,3.000,0.135,0.585,0.000,0.601,cmd_age=0.02s bat=1.00 dist=0.80m
85,28.671,SCOUT,6,3.681,-4.218,3.000,0.135,0.585,0.000,0.601,cmd_age=0.02s bat=1.00 dist=0.80m
85,28.671,SCOUT,7,5.181,-5.718,3.000,0.135,0.585,0.000,0.601,cmd_age=0.02s bat=1.00 dist=0.80m
85,28.671,SCOUT,8,-2.932,4.433,3.000,0.424,-0.424,0.000,0.599,cmd_age=0.02s bat=1.00 dist=0.80m
85,28.671,SCOUT,9,-4.432,5.933,3.000,0.424,-0.424,0.000,0.599,cmd_age=0.02s bat=1.00 dist=0.80m
85,28.671,SCOUT,10,-5.932,4.433,3.000,0.424,-0.424,0.000,0.599,cmd_age=0.02s bat=1.00 dist=0.80m
85,28.671,SCOUT,11,-4.432,2.933,3.000,0.424,-0.424,0.000,0.599,cmd_age=0.02s bat=1.00 dist=0.80m
85,28.671,SCOUT,12,5.933,4.433,3.000,-0.424,-0.424,0.000,0.600,cmd_age=0.02s bat=1.00 dist=0.80m
85,28.671,SCOUT,13,4.433,5.933,3.000,-0.424,-0.424,0.000,0.600,cmd_age=0.02s bat=1.00 dist=0.80m
85,28.671,SCOUT,14,2.933,4.433,3.000,-0.424,-0.424,0.000,0.600,cmd_age=0.02s bat=1.00 dist=0.80m
85,28.671,SCOUT,15,4.433,2.933,3.000,-0.424,-0.424,0.000,0.600,cmd_age=0.02s bat=1.00 dist=0.80m
85,28.671,WORKER,0,-3.939,-2.558,3.000,-0.718,1.867,0.000,2.000,state=MOVING bat=1.00 dist=2.61m
85,28.671,WORKER,1,7.201,-2.391,3.000,0.153,1.994,0.000,2.000,state=MOVING bat=1.00 dist=2.61m
85,28.671,WORKER,2,-1.310,3.002,3.000,1.292,-1.527,0.000,2.000,state=MOVING bat=1.00 dist=2.61m
85,28.671,WORKER,3,5.023,3.286,3.000,-1.511,-1.310,0.000,2.000,state=MOVING bat=1.00 dist=2.61m
86,28.862,GENERAL,0,0.000,0.000,5.000,0.000,0.000,0.000,0.000,N/A
86,28.862,NODE,0,-5.192,-4.170,3.000,-0.129,0.583,0.000,0.597,zone=0 dist=0.84m
86,28.862,NODE,1,5.192,-4.169,3.000,0.130,0.593,0.000,0.607,zone=1 dist=0.84m
86,28.862,NODE,2,-4.397,4.398,3.000,0.422,-0.423,0.000,0.598,zone=2 dist=0.84m
86,28.862,NODE,3,4.397,4.398,3.000,-0.424,-0.421,0.000,0.598,zone=3 dist=0.84m
86,28.862,SCOUT,0,-3.683,-4.209,3.000,-0.134,0.584,0.000,0.599,cmd_age=0.02s bat=1.00 dist=0.81m
86,28.862,SCOUT,1,-5.183,-2.709,3.000,-0.134,0.584,0.000,0.599,cmd_age=0.02s bat=1.00 dist=0.81m
86,28.862,SCOUT,2,-6.683,-4.209,3.000,-0.134,0.584,0.000,0.599,cmd_age=0.02s bat=1.00 dist=0.81m
86,28.862,SCOUT,3,-5.183,-5.709,3.000,-0.134,0.584,0.000,0.599,cmd_age=0.02s bat=1.00 dist=0.81m
86,28.862,SCOUT,4,6.683,-4.208,3.000,0.134,0.587,0.000,0.602,cmd_age=0.02s bat=1.00 dist=0.81m
86,28.862,SCOUT,5,5.183,-2.708,3.000,0.134,0.587,0.000,0.602,cmd_age=0.02s bat=1.00 dist=0.81m
86,28.862,SCOUT,6,3.683,-4.208,3.000,0.134,0.587,0.000,0.602,cmd_age=0.02s bat=1.00 dist=0.81m
86,28.862,SCOUT,7,5.183,-5.708,3.000,0.134,0.587,0.000,0.602,cmd_age=0.02s bat=1.00 dist=0.81m
86,28.862,SCOUT,8,-2.925,4.426,3.000,0.423,-0.424,0.000,0.599,cmd_age=0.02s bat=1.00 dist=0.81m
86,28.862,SCOUT,9,-4.425,5.926,3.000,0.423,-0.424,0.000,0.599,cmd_age=0.02s bat=1.00 dist=0.81m
86,28.862,SCOUT,10,-5.925,4.426,3.000,0.423,-0.424,0.000,0.599,cmd_age=0.02s bat=1.00 dist=0.81m
86,28.862,SCOUT,11,-4.425,2.926,3.000,0.423,-0.424,0.000,0.599,cmd_age=0.02s bat=1.00 dist=0.81m
86,28.862,SCOUT,12,5.926,4.426,3.000,-0.424,-0.424,0.000,0.599,cmd_age=0.02s bat=1.00 dist=0.81m
86,28.862,SCOUT,13,4.426,5.926,3.000,-0.424,-0.424,0.000,0.599,cmd_age=0.02s bat=1.00 dist=0.81m
86,28.862,SCOUT,14,2.926,4.426,3.000,-0.424,-0.424,0.000,0.599,cmd_age=0.02s bat=1.00 dist=0.81m
86,28.862,SCOUT,15,4.426,2.926,3.000,-0.424,-0.424,0.000,0.599,cmd_age=0.02s bat=1.00 dist=0.81m
86,28.862,WORKER,0,-3.951,-2.527,3.000,-0.718,1.867,0.000,2.000,state=MOVING bat=1.00 dist=2.65m
86,28.862,WORKER,1,7.203,-2.358,3.000,0.153,1.994,0.000,2.000,state=MOVING bat=1.00 dist=2.65m
86,28.862,WORKER,2,-1.288,2.977,3.000,1.292,-1.527,0.000,2.000,state=MOVING bat=1.00 dist=2.65m
86,28.862,WORKER,3,4.997,3.264,3.000,-1.511,-1.310,0.000,2.000,state=MOVING bat=1.00 dist=2.65m
87,29.054,GENERAL,0,0.000,0.000,5.000,0.000,0.000,0.000,0.000,N/A
87,29.054,NODE,0,-5.194,-4.160,3.000,-0.142,0.588,0.000,0.605,zone=0 dist=0.85m
87,29.054,NODE,1,5.194,-4.159,3.000,0.131,0.578,0.000,0.593,zone=1 dist=0.85m
87,29.054,NODE,2,-4.390,4.391,3.000,0.419,-0.426,0.000,0.597,zone=2 dist=0.85m
87,29.054,NODE,3,4.390,4.390,3.000,-0.422,-0.425,0.000,0.599,zone=3 dist=0.85m
87,29.054,SCOUT,0,-3.685,-4.199,3.000,-0.136,0.585,0.000,0.601,cmd_age=0.02s bat=1.00 dist=0.82m
87,29.054,SCOUT,1,-5.185,-2.699,3.000,-0.136,0.585,0.000,0.601,cmd_age=0.02s bat=1.00 dist=0.82m
87,29.054,SCOUT,2,-6.685,-4.199,3.000,-0.136,0.585,0.000,0.601,cmd_age=0.02s bat=1.00 dist=0.82m
87,29.054,SCOUT,3,-5.185,-5.699,3.000,-0.136,0.585,0.000,0.601,cmd_age=0.02s bat=1.00 dist=0.82m
87,29.054,SCOUT,4,6.685,-4.198,3.000,0.133,0.585,0.000,0.600,cmd_age=0.02s bat=1.00 dist=0.82m
87,29.054,SCOUT,5,5.185,-2.698,3.000,0.133,0.585,0.000,0.600,cmd_age=0.02s bat=1.00 dist=0.82m
87,29.054,SCOUT,6,3.685,-4.198,3.000,0.133,0.585,0.000,0.600,cmd_age=0.02s bat=1.00 dist=0.82m
87,29.054,SCOUT,7,5.185,-5.698,3.000,0.133,0.585,0.000,0.600,cmd_age=0.02s bat=1.00 dist=0.82m
87,29.054,SCOUT,8,-2.918,4.419,3.000,0.422,-0.424,0.000,0.599,cmd_age=0.02s bat=1.00 dist=0.82m
87,29.054,SCOUT,9,-4.418,5.919,3.000,0.422,-0.424,0.000,0.599,cmd_age=0.02s bat=1.00 dist=0.82m
87,29.054,SCOUT,10,-5.918,4.419,3.000,0.422,-0.424,0.000,0.599,cmd_age=0.02s bat=1.00 dist=0.82m
87,29.054,SCOUT,11,-4.418,2.919,3.000,0.422,-0.424,0.000,0.599,cmd_age=0.02s bat=1.00 dist=0.82m
87,29.054,SCOUT,12,5.918,4.419,3.000,-0.424,-0.424,0.000,0.599,cmd_age=0.02s bat=1.00 dist=0.82m
87,29.054,SCOUT,13,4.418,5.919,3.000,-0.424,-0.424,0.000,0.599,cmd_age=0.02s bat=1.00 dist=0.82m
87,29.054,SCOUT,14,2.918,4.419,3.000,-0.424,-0.424,0.000,0.599,cmd_age=0.02s bat=1.00 dist=0.82m
87,29.054,SCOUT,15,4.418,2.919,3.000,-0.424,-0.424,0.000,0.599,cmd_age=0.02s bat=1.00 dist=0.82m
87,29.054,WORKER,0,-3.963,-2.496,3.000,-0.718,1.867,0.000,2.000,state=MOVING bat=1.00 dist=2.68m
87,29.054,WORKER,1,7.206,-2.325,3.000,0.153,1.994,0.000,2.000,state=MOVING bat=1.00 dist=2.68m
87,29.054,WORKER,2,-1.267,2.952,3.000,1.292,-1.527,0.000,2.000,state=MOVING bat=1.00 dist=2.68m
87,29.054,WORKER,3,4.972,3.243,3.000,-1.511,-1.310,0.000,2.000,state=MOVING bat=1.00 dist=2.68m
88,29.266,GENERAL,0,0.000,0.000,5.000,0.000,0.000,0.000,0.000,N/A
88,29.266,NODE,0,-5.196,-4.150,3.000,-0.132,0.586,0.000,0.600,zone=0 dist=0.86m
88,29.266,NODE,1,5.196,-4.150,3.000,0.133,0.584,0.000,0.599,zone=1 dist=0.86m
88,29.266,NODE,2,-4.383,4.383,3.000,0.421,-0.425,0.000,0.598,zone=2 dist=0.86m
88,29.266,NODE,3,4.383,4.383,3.000,-0.421,-0.423,0.000,0.596,zone=3 dist=0.86m
88,29.266,SCOUT,0,-3.687,-4.189,3.000,-0.135,0.585,0.000,0.600,cmd_age=0.02s bat=1.00 dist=0.83m
88,29.266,SCOUT,1,-5.187,-2.689,3.000,-0.135,0.585,0.000,0.600,cmd_age=0.02s bat=1.00 dist=0.83m
88,29.266,SCOUT,2,-6.687,-4.189,3.000,-0.135,0.585,0.000,0.600,cmd_age=0.02s bat=1.00 dist=0.83m
88,29.266,SCOUT,3,-5.187,-5.689,3.000,-0.135,0.585,0.000,0.600,cmd_age=0.02s bat=1.00 dist=0.83m
88,29.266,SCOUT,4,6.687,-4.189,3.000,0.133,0.585,0.000,0.600,cmd_age=0.02s bat=1.00 dist=0.83m
88,29.266,SCOUT,5,5.187,-2.689,3.000,0.133,0.585,0.000,0.600,cmd_age=0.02s bat=1.00 dist=0.83m
88,29.266,SCOUT,6,3.687,-4.189,3.000,0.133,0.585,0.000,0.600,cmd_age=0.02s bat=1.00 dist=0.83m
88,29.266,SCOUT,7,5.187,-5.689,3.000,0.133,0.585,0.000,0.600,cmd_age=0.02s bat=1.00 dist=0.83m
88,29.266,SCOUT,8,-2.911,4.412,3.000,0.422,-0.425,0.000,0.599,cmd_age=0.02s bat=1.00 dist=0.83m
88,29.266,SCOUT,9,-4.411,5.912,3.000,0.422,-0.425,0.000,0.599,cmd_age=0.02s bat=1.00 dist=0.83m
88,29.266,SCOUT,10,-5.911,4.412,3.000,0.422,-0.425,0.000,0.599,cmd_age=0.02s bat=1.00 dist=0.83m
88,29.266,SCOUT,11,-4.411,2.912,3.000,0.422,-0.425,0.000,0.599,cmd_age=0.02s bat=1.00 dist=0.83m
88,29.266,SCOUT,12,5.911,4.412,3.000,-0.423,-0.424,0.000,0.599,cmd_age=0.02s bat=1.00 dist=0.83m
88,29.266,SCOUT,13,4.411,5.912,3.000,-0.423,-0.424,0.000,0.599,cmd_age=0.02s bat=1.00 dist=0.83m
88,29.266,SCOUT,14,2.911,4.412,3.000,-0.423,-0.424,0.000,0.599,cmd_age=0.02s bat=1.00 dist=0.83m
88,29.266,SCOUT,15,4.411,2.912,3.000,-0.423,-0.424,0.000,0.599,cmd_age=0.02s bat=1.00 dist=0.83m
88,29.266,WORKER,0,-3.975,-2.464,3.000,-0.718,1.867,0.000,2.000,state=MOVING bat=1.00 dist=2.71m
88,29.266,WORKER,1,7.208,-2.291,3.000,0.153,1.994,0.000,2.000,state=MOVING bat=1.00 dist=2.71m
88,29.266,WORKER,2,-1.245,2.926,3.000,1.292,-1.527,0.000,2.000,state=MOVING bat=1.00 dist=2.71m
88,29.266,WORKER,3,4.947,3.221,3.000,-1.511,-1.310,0.000,2.000,state=MOVING bat=1.00 dist=2.71m
89,29.475,GENERAL,0,0.000,0.000,5.000,0.000,0.000,0.000,0.000,N/A
89,29.475,NODE,0,-5.198,-4.141,3.000,-0.137,0.584,0.000,0.600,zone=0 dist=0.87m
89,29.475,NODE,1,5.198,-4.140,3.000,0.139,0.580,0.000,0.597,zone=1 dist=0.87m
89,29.475,NODE,2,-4.376,4.376,3.000,0.427,-0.426,0.000,0.603,zone=2 dist=0.87m
89,29.475,NODE,3,4.376,4.376,3.000,-0.425,-0.427,0.000,0.603,zone=3 dist=0.87m
89,29.475,SCOUT,0,-3.689,-4.180,3.000,-0.135,0.585,0.000,0.600,cmd_age=0.02s bat=1.00 dist=0.84m
89,29.475,SCOUT,1,-5.189,-2.680,3.000,-0.135,0.585,0.000,0.600,cmd_age=0.02s bat=1.00 dist=0.84m
89,29.475,SCOUT,2,-6.689,-4.180,3.000,-0.135,0.585,0.000,0.600,cmd_age=0.02s bat=1.00 dist=0.84m
89,29.475,SCOUT,3,-5.189,-5.680,3.000,-0.135,0.585,0.000,0.600,cmd_age=0.02s bat=1.00 dist=0.84m
89,29.475,SCOUT,4,6.689,-4.179,3.000,0.134,0.584,0.000,0.599,cmd_age=0.02s bat=1.00 dist=0.84m
89,29.475,SCOUT,5,5.189,-2.679,3.000,0.134,0.584,0.000,0.599,cmd_age=0.02s bat=1.00 dist=0.84m
89,29.475,SCOUT,6,3.689,-4.179,3.000,0.134,0.584,0.000,0.599,cmd_age=0.02s bat=1.00 dist=0.84m
89,29.475,SCOUT,7,5.189,-5.679,3.000,0.134,0.584,0.000,0.599,cmd_age=0.02s bat=1.00 dist=0.84m
89,29.475,SCOUT,8,-2.904,4.405,3.000,0.423,-0.425,0.000,0.599,cmd_age=0.02s bat=1.00 dist=0.84m
89,29.475,SCOUT,9,-4.404,5.905,3.000,0.423,-0.425,0.000,0.599,cmd_age=0.02s bat=1.00 dist=0.84m
89,29.475,SCOUT,10,-5.904,4.405,3.000,0.423,-0.425,0.000,0.599,cmd_age=0.02s bat=1.00 dist=0.84m
89,29.475,SCOUT,11,-4.404,2.905,3.000,0.423,-0.425,0.000,0.599,cmd_age=0.02s bat=1.00 dist=0.84m
89,29.475,SCOUT,12,5.904,4.405,3.000,-0.424,-0.424,0.000,0.600,cmd_age=0.02s bat=1.00 dist=0.84m
89,29.475,SCOUT,13,4.404,5.905,3.000,-0.424,-0.424,0.000,0.600,cmd_age=0.02s bat=1.00 dist=0.84m
89,29.475,SCOUT,14,2.904,4.405,3.000,-0.424,-0.424,0.000,0.600,cmd_age=0.02s bat=1.00 dist=0.84m
89,29.475,SCOUT,15,4.404,2.905,3.000,-0.424,-0.424,0.000,0.600,cmd_age=0.02s bat=1.00 dist=0.84m
89,29.475,WORKER,0,-3.987,-2.433,3.000,-0.718,1.867,0.000,2.000,state=MOVING bat=1.00 dist=2.75m
89,29.475,WORKER,1,7.211,-2.258,3.000,0.153,1.994,0.000,2.000,state=MOVING bat=1.00 dist=2.75m
89,29.475,WORKER,2,-1.224,2.901,3.000,1.292,-1.527,0.000,2.000,state=MOVING bat=1.00 dist=2.75m
89,29.475,WORKER,3,4.922,3.199,3.000,-1.511,-1.310,0.000,2.000,state=MOVING bat=1.00 dist=2.75m
90,29.687,GENERAL,0,0.000,0.000,5.000,0.000,0.000,0.000,0.000,N/A
90,29.687,NODE,0,-5.201,-4.131,3.000,-0.137,0.585,0.000,0.600,zone=0 dist=0.88m
90,29.687,NODE,1,5.201,-4.130,3.000,0.138,0.584,0.000,0.600,zone=1 dist=0.88m
90,29.687,NODE,2,-4.369,4.369,3.000,0.432,-0.422,0.000,0.604,zone=2 dist=0.88m
90,29.687,NODE,3,4.369,4.369,3.000,-0.429,-0.430,0.000,0.608,zone=3 dist=0.88m
90,29.687,SCOUT,0,-3.692,-4.170,3.000,-0.136,0.585,0.000,0.600,cmd_age=0.02s bat=1.00 dist=0.85m
90,29.687,SCOUT,1,-5.192,-2.670,3.000,-0.136,0.585,0.000,0.600,cmd_age=0.02s bat=1.00 dist=0.85m
90,29.687,SCOUT,2,-6.692,-4.170,3.000,-0.136,0.585,0.000,0.600,cmd_age=0.02s bat=1.00 dist=0.85m
90,29.687,SCOUT,3,-5.192,-5.670,3.000,-0.136,0.585,0.000,0.600,cmd_age=0.02s bat=1.00 dist=0.85m
90,29.687,SCOUT,4,6.692,-4.169,3.000,0.135,0.584,0.000,0.599,cmd_age=0.02s bat=1.00 dist=0.85m
90,29.687,SCOUT,5,5.192,-2.669,3.000,0.135,0.584,0.000,0.599,cmd_age=0.02s bat=1.00 dist=0.85m
90,29.687,SCOUT,6,3.692,-4.169,3.000,0.135,0.584,0.000,0.599,cmd_age=0.02s bat=1.00 dist=0.85m
90,29.687,SCOUT,7,5.192,-5.669,3.000,0.135,0.584,0.000,0.599,cmd_age=0.02s bat=1.00 dist=0.85m
90,29.687,SCOUT,8,-2.897,4.398,3.000,0.425,-0.424,0.000,0.600,cmd_age=0.02s bat=1.00 dist=0.85m
90,29.687,SCOUT,9,-4.397,5.898,3.000,0.425,-0.424,0.000,0.600,cmd_age=0.02s bat=1.00 dist=0.85m
90,29.687,SCOUT,10,-5.897,4.398,3.000,0.425,-0.424,0.000,0.600,cmd_age=0.02s bat=1.00 dist=0.85m
90,29.687,SCOUT,11,-4.397,2.898,3.000,0.425,-0.424,0.000,0.600,cmd_age=0.02s bat=1.00 dist=0.85m
90,29.687,SCOUT,12,5.897,4.397,3.000,-0.425,-0.425,0.000,0.601,cmd_age=0.02s bat=1.00 dist=0.85m
90,29.687,SCOUT,13,4.397,5.897,3.000,-0.425,-0.425,0.000,0.601,cmd_age=0.02s bat=1.00 dist=0.85m
90,29.687,SCOUT,14,2.897,4.397,3.000,-0.425,-0.425,0.000,0.601,cmd_age=0.02s bat=1.00 dist=0.85m
90,29.687,SCOUT,15,4.397,2.897,3.000,-0.425,-0.425,0.000,0.601,cmd_age=0.02s bat=1.00 dist=0.85m
90,29.687,WORKER,0,-3.999,-2.402,3.000,-0.718,1.867,0.000,2.000,state=MOVING bat=1.00 dist=2.78m
90,29.687,WORKER,1,7.213,-2.225,3.000,0.153,1.994,0.000,2.000,state=MOVING bat=1.00 dist=2.78m
90,29.687,WORKER,2,-1.202,2.875,3.000,1.292,-1.527,0.000,2.000,state=MOVING bat=1.00 dist=2.78m
90,29.687,WORKER,3,4.897,3.177,3.000,-1.511,-1.310,0.000,2.000,state=MOVING bat=1.00 dist=2.78m
91,30.980,GENERAL,0,0.000,0.000,5.000,0.000,0.000,0.000,0.000,N/A
91,30.980,NODE,0,-5.203,-4.121,3.000,-0.131,0.585,0.000,0.599,zone=0 dist=0.89m
91,30.980,NODE,1,5.203,-4.121,3.000,0.134,0.583,0.000,0.599,zone=1 dist=0.89m
91,30.980,NODE,2,-4.362,4.362,3.000,0.426,-0.422,0.000,0.600,zone=2 dist=0.89m
91,30.980,NODE,3,4.362,4.362,3.000,-0.428,-0.417,0.000,0.598,zone=3 dist=0.89m
91,30.980,SCOUT,0,-3.694,-4.160,3.000,-0.135,0.585,0.000,0.600,cmd_age=0.02s bat=1.00 dist=0.86m
91,30.980,SCOUT,1,-5.194,-2.660,3.000,-0.135,0.585,0.000,0.600,cmd_age=0.02s bat=1.00 dist=0.86m
91,30.980,SCOUT,2,-6.694,-4.160,3.000,-0.135,0.585,0.000,0.600,cmd_age=0.02s bat=1.00 dist=0.86m
91,30.980,SCOUT,3,-5.194,-5.660,3.000,-0.135,0.585,0.000,0.600,cmd_age=0.02s bat=1.00 dist=0.86m
91,30.980,SCOUT,4,6.694,-4.159,3.000,0.135,0.584,0.000,0.599,cmd_age=0.02s bat=1.00 dist=0.86m
91,30.980,SCOUT,5,5.194,-2.659,3.000,0.135,0.584,0.000,0.599,cmd_age=0.02s bat=1.00 dist=0.86m
91,30.980,SCOUT,6,3.694,-4.159,3.000,0.135,0.584,0.000,0.599,cmd_age=0.02s bat=1.00 dist=0.86m
91,30.980,SCOUT,7,5.194,-5.659,3.000,0.135,0.584,0.000,0.599,cmd_age=0.02s bat=1.00 dist=0.86m
91,30.980,SCOUT,8,-2.890,4.391,3.000,0.425,-0.424,0.000,0.600,cmd_age=0.02s bat=1.00 dist=0.86m
91,30.980,SCOUT,9,-4.390,5.891,3.000,0.425,-0.424,0.000,0.600,cmd_age=0.02s bat=1.00 dist=0.86m
91,30.980,SCOUT,10,-5.890,4.391,3.000,0.425,-0.424,0.000,0.600,cmd_age=0.02s bat=1.00 dist=0.86m
91,30.980,SCOUT,11,-4.390,2.891,3.000,0.425,-0.424,0.000,0.600,cmd_age=0.02s bat=1.00 dist=0.86m
91,30.980,SCOUT,12,5.890,4.390,3.000,-0.425,-0.424,0.000,0.601,cmd_age=0.02s bat=1.00 dist=0.86m
91,30.980,SCOUT,13,4.390,5.890,3.000,-0.425,-0.424,0.000,0.601,cmd_age=0.02s bat=1.00 dist=0.86m
91,30.980,SCOUT,14,2.890,4.390,3.000,-0.425,-0.424,0.000,0.601,cmd_age=0.02s bat=1.00 dist=0.86m
91,30.980,SCOUT,15,4.390,2.890,3.000,-0.425,-0.424,0.000,0.601,cmd_age=0.02s bat=1.00 dist=0.86m
91,30.980,WORKER,0,-4.011,-2.371,3.000,-0.718,1.867,0.000,2.000,state=MOVING bat=1.00 dist=2.81m
91,30.980,WORKER,1,7.216,-2.192,3.000,0.153,1.994,0.000,2.000,state=MOVING bat=1.00 dist=2.81m
91,30.980,WORKER,2,-1.181,2.850,3.000,1.292,-1.527,0.000,2.000,state=MOVING bat=1.00 dist=2.81m
91,30.980,WORKER,3,4.871,3.155,3.000,-1.511,-1.310,0.000,2.000,state=MOVING bat=1.00 dist=2.81m
92,31.175,GENERAL,0,0.000,0.000,5.000,0.000,0.000,0.000,0.000,N/A
92,31.175,NODE,0,-5.205,-4.111,3.000,-0.133,0.584,0.000,0.599,zone=0 dist=0.90m
92,31.175,NODE,1,5.205,-4.111,3.000,0.127,0.580,0.000,0.594,zone=1 dist=0.90m
92,31.175,NODE,2,-4.354,4.355,3.000,0.427,-0.421,0.000,0.600,zone=2 dist=0.90m
92,31.175,NODE,3,4.355,4.355,3.000,-0.421,-0.423,0.000,0.597,zone=3 dist=0.90m
92,31.175,SCOUT,0,-3.696,-4.150,3.000,-0.134,0.585,0.000,0.600,cmd_age=0.02s bat=1.00 dist=0.87m
92,31.175,SCOUT,1,-5.196,-2.650,3.000,-0.134,0.585,0.000,0.600,cmd_age=0.02s bat=1.00 dist=0.87m
92,31.175,SCOUT,2,-6.696,-4.150,3.000,-0.134,0.585,0.000,0.600,cmd_age=0.02s bat=1.00 dist=0.87m
92,31.175,SCOUT,3,-5.196,-5.650,3.000,-0.134,0.585,0.000,0.600,cmd_age=0.02s bat=1.00 dist=0.87m
92,31.175,SCOUT,4,6.696,-4.150,3.000,0.133,0.583,0.000,0.598,cmd_age=0.02s bat=1.00 dist=0.87m
92,31.175,SCOUT,5,5.196,-2.650,3.000,0.133,0.583,0.000,0.598,cmd_age=0.02s bat=1.00 dist=0.87m
92,31.175,SCOUT,6,3.696,-4.150,3.000,0.133,0.583,0.000,0.598,cmd_age=0.02s bat=1.00 dist=0.87m
92,31.175,SCOUT,7,5.196,-5.650,3.000,0.133,0.583,0.000,0.598,cmd_age=0.02s bat=1.00 dist=0.87m
92,31.175,SCOUT,8,-2.883,4.383,3.000,0.425,-0.423,0.000,0.600,cmd_age=0.02s bat=1.00 dist=0.87m
92,31.175,SCOUT,9,-4.383,5.883,3.000,0.425,-0.423,0.000,0.600,cmd_age=0.02s bat=1.00 dist=0.87m
92,31.175,SCOUT,10,-5.883,4.383,3.000,0.425,-0.423,0.000,0.600,cmd_age=0.02s bat=1.00 dist=0.87m
92,31.175,SCOUT,11,-4.383,2.883,3.000,0.425,-0.423,0.000,0.600,cmd_age=0.02s bat=1.00 dist=0.87m
92,31.175,SCOUT,12,5.883,4.383,3.000,-0.425,-0.424,0.000,0.600,cmd_age=0.02s bat=1.00 dist=0.87m
92,31.175,SCOUT,13,4.383,5.883,3.000,-0.425,-0.424,0.000,0.600,cmd_age=0.02s bat=1.00 dist=0.87m
92,31.175,SCOUT,14,2.883,4.383,3.000,-0.425,-0.424,0.000,0.600,cmd_age=0.02s bat=1.00 dist=0.87m
92,31.175,SCOUT,15,4.383,2.883,3.000,-0.425,-0.424,0.000,0.600,cmd_age=0.02s bat=1.00 dist=0.87m
92,31.175,WORKER,0,-4.023,-2.340,3.000,-0.718,1.867,0.000,2.000,state=MOVING bat=1.00 dist=2.85m
92,31.175,WORKER,1,7.219,-2.158,3.000,0.153,1.994,0.000,2.000,state=MOVING bat=1.00 dist=2.85m
92,31.175,WORKER,2,-1.159,2.824,3.000,1.292,-1.527,0.000,2.000,state=MOVING bat=1.00 dist=2.85m
92,31.175,WORKER,3,4.846,3.133,3.000,-1.511,-1.310,0.000,2.000,state=MOVING bat=1.00 dist=2.85m
93,31.368,GENERAL,0,0.000,0.000,5.000,0.000,0.000,0.000,0.000,N/A
93,31.368,NODE,0,-5.207,-4.101,3.000,-0.132,0.591,0.000,0.605,zone=0 dist=0.91m
93,31.368,NODE,1,5.207,-4.101,3.000,0.134,0.583,0.000,0.598,zone=1 dist=0.91m
93,31.368,NODE,2,-4.347,4.348,3.000,0.422,-0.421,0.000,0.596,zone=2 dist=0.91m
93,31.368,NODE,3,4.348,4.348,3.000,-0.424,-0.420,0.000,0.596,zone=3 dist=0.91m
93,31.368,SCOUT,0,-3.698,-4.141,3.000,-0.134,0.586,0.000,0.601,cmd_age=0.02s bat=1.00 dist=0.88m
93,31.368,SCOUT,1,-5.198,-2.641,3.000,-0.134,0.586,0.000,0.601,cmd_age=0.02s bat=1.00 dist=0.88m
93,31.368,SCOUT,2,-6.698,-4.141,3.000,-0.134,0.586,0.000,0.601,cmd_age=0.02s bat=1.00 dist=0.88m
93,31.368,SCOUT,3,-5.198,-5.641,3.000,-0.134,0.586,0.000,0.601,cmd_age=0.02s bat=1.00 dist=0.88m
93,31.368,SCOUT,4,6.698,-4.140,3.000,0.133,0.583,0.000,0.598,cmd_age=0.02s bat=1.00 dist=0.88m
93,31.368,SCOUT,5,5.198,-2.640,3.000,0.133,0.583,0.000,0.598,cmd_age=0.02s bat=1.00 dist=0.88m
93,31.368,SCOUT,6,3.698,-4.140,3.000,0.133,0.583,0.000,0.598,cmd_age=0.02s bat=1.00 dist=0.88m
93,31.368,SCOUT,7,5.198,-5.640,3.000,0.133,0.583,0.000,0.598,cmd_age=0.02s bat=1.00 dist=0.88m
93,31.368,SCOUT,8,-2.876,4.376,3.000,0.425,-0.423,0.000,0.599,cmd_age=0.02s bat=1.00 dist=0.88m
93,31.368,SCOUT,9,-4.376,5.876,3.000,0.425,-0.423,0.000,0.599,cmd_age=0.02s bat=1.00 dist=0.88m
93,31.368,SCOUT,10,-5.876,4.376,3.000,0.425,-0.423,0.000,0.599,cmd_age=0.02s bat=1.00 dist=0.88m
93,31.368,SCOUT,11,-4.376,2.876,3.000,0.425,-0.423,0.000,0.599,cmd_age=0.02s bat=1.00 dist=0.88m
93,31.368,SCOUT,12,5.876,4.376,3.000,-0.424,-0.423,0.000,0.599,cmd_age=0.02s bat=1.00 dist=0.88m
93,31.368,SCOUT,13,4.376,5.876,3.000,-0.424,-0.423,0.000,0.599,cmd_age=0.02s bat=1.00 dist=0.88m
93,31.368,SCOUT,14,2.876,4.376,3.000,-0.424,-0.423,0.000,0.599,cmd_age=0.02s bat=1.00 dist=0.88m
93,31.368,SCOUT,15,4.376,2.876,3.000,-0.424,-0.423,0.000,0.599,cmd_age=0.02s bat=1.00 dist=0.88m
93,31.368,WORKER,0,-4.035,-2.309,3.000,-0.718,1.867,0.000,2.000,state=MOVING bat=1.00 dist=2.88m
93,31.368,WORKER,1,7.221,-2.125,3.000,0.153,1.994,0.000,2.000,state=MOVING bat=1.00 dist=2.88m
93,31.368,WORKER,2,-1.138,2.799,3.000,1.292,-1.527,0.000,2.000,state=MOVING bat=1.00 dist=2.88m
93,31.368,WORKER,3,4.821,3.112,3.000,-1.511,-1.310,0.000,2.000,state=MOVING bat=1.00 dist=2.88m
94,31.772,GENERAL,0,0.000,0.000,5.000,0.000,0.000,0.000,0.000,N/A
94,31.772,NODE,0,-5.210,-4.092,3.000,-0.141,0.590,0.000,0.606,zone=0 dist=0.92m
94,31.772,NODE,1,5.210,-4.091,3.000,0.134,0.589,0.000,0.604,zone=1 dist=0.92m
94,31.772,NODE,2,-4.340,4.341,3.000,0.424,-0.426,0.000,0.601,zone=2 dist=0.92m
94,31.772,NODE,3,4.341,4.341,3.000,-0.422,-0.419,0.000,0.594,zone=3 dist=0.92m
94,31.772,SCOUT,0,-3.701,-4.131,3.000,-0.135,0.587,0.000,0.602,cmd_age=0.02s bat=1.00 dist=0.89m
94,31.772,SCOUT,1,-5.201,-2.631,3.000,-0.135,0.587,0.000,0.602,cmd_age=0.02s bat=1.00 dist=0.89m
94,31.772,SCOUT,2,-6.701,-4.131,3.000,-0.135,0.587,0.000,0.602,cmd_age=0.02s bat=1.00 dist=0.89m
94,31.772,SCOUT,3,-5.201,-5.631,3.000,-0.135,0.587,0.000,0.602,cmd_age=0.02s bat=1.00 dist=0.89m
94,31.772,SCOUT,4,6.701,-4.130,3.000,0.133,0.584,0.000,0.599,cmd_age=0.02s bat=1.00 dist=0.89m
94,31.772,SCOUT,5,5.201,-2.630,3.000,0.133,0.584,0.000,0.599,cmd_age=0.02s bat=1.00 dist=0.89m
94,31.772,SCOUT,6,3.701,-4.130,3.000,0.133,0.584,0.000,0.599,cmd_age=0.02s bat=1.00 dist=0.89m
94,31.772,SCOUT,7,5.201,-5.630,3.000,0.133,0.584,0.000,0.599,cmd_age=0.02s bat=1.00 dist=0.89m
94,31.772,SCOUT,8,-2.869,4.369,3.000,0.425,-0.424,0.000,0.600,cmd_age=0.02s bat=1.00 dist=0.89m
94,31.772,SCOUT,9,-4.369,5.869,3.000,0.425,-0.424,0.000,0.600,cmd_age=0.02s bat=1.00 dist=0.89m
94,31.772,SCOUT,10,-5.869,4.369,3.000,0.425,-0.424,0.000,0.600,cmd_age=0.02s bat=1.00 dist=0.89m
94,31.772,SCOUT,11,-4.369,2.869,3.000,0.425,-0.424,0.000,0.600,cmd_age=0.02s bat=1.00 dist=0.89m
94,31.772,SCOUT,12,5.869,4.369,3.000,-0.424,-0.422,0.000,0.598,cmd_age=0.02s bat=1.00 dist=0.89m
94,31.772,SCOUT,13,4.369,5.869,3.000,-0.424,-0.422,0.000,0.598,cmd_age=0.02s bat=1.00 dist=0.89m
94,31.772,SCOUT,14,2.869,4.369,3.000,-0.424,-0.422,0.000,0.598,cmd_age=0.02s bat=1.00 dist=0.89m
94,31.772,SCOUT,15,4.369,2.869,3.000,-0.424,-0.422,0.000,0.598,cmd_age=0.02s bat=1.00 dist=0.89m
94,31.772,WORKER,0,-4.047,-2.278,3.000,-0.718,1.867,0.000,2.000,state=MOVING bat=1.00 dist=2.91m
94,31.772,WORKER,1,7.224,-2.092,3.000,0.153,1.994,0.000,2.000,state=MOVING bat=1.00 dist=2.91m
94,31.772,WORKER,2,-1.116,2.773,3.000,1.292,-1.527,0.000,2.000,state=MOVING bat=1.00 dist=2.91m
94,31.772,WORKER,3,4.796,3.090,3.000,-1.511,-1.310,0.000,2.000,state=MOVING bat=1.00 dist=2.91m
95,32.311,GENERAL,0,0.000,0.000,5.000,0.000,0.000,0.000,0.000,N/A
95,32.311,NODE,0,-5.212,-4.082,3.000,-0.136,0.582,0.000,0.598,zone=0 dist=0.93m
95,32.311,NODE,1,5.212,-4.082,3.000,0.139,0.585,0.000,0.602,zone=1 dist=0.93m
95,32.311,NODE,2,-4.333,4.334,3.000,0.426,-0.419,0.000,0.598,zone=2 dist=0.93m
95,32.311,NODE,3,4.334,4.334,3.000,-0.421,-0.423,0.000,0.597,zone=3 dist=0.93m
95,32.311,SCOUT,0,-3.703,-4.121,3.000,-0.135,0.586,0.000,0.601,cmd_age=0.02s bat=1.00 dist=0.90m
95,32.311,SCOUT,1,-5.203,-2.621,3.000,-0.135,0.586,0.000,0.601,cmd_age=0.02s bat=1.00 dist=0.90m
95,32.311,SCOUT,2,-6.703,-4.121,3.000,-0.135,0.586,0.000,0.601,cmd_age=0.02s bat=1.00 dist=0.90m
95,32.311,SCOUT,3,-5.203,-5.621,3.000,-0.135,0.586,0.000,0.601,cmd_age=0.02s bat=1.00 dist=0.90m
95,32.311,SCOUT,4,6.703,-4.121,3.000,0.135,0.584,0.000,0.600,cmd_age=0.02s bat=1.00 dist=0.90m
95,32.311,SCOUT,5,5.203,-2.621,3.000,0.135,0.584,0.000,0.600,cmd_age=0.02s bat=1.00 dist=0.90m
95,32.311,SCOUT,6,3.703,-4.121,3.000,0.135,0.584,0.000,0.600,cmd_age=0.02s bat=1.00 dist=0.90m
95,32.311,SCOUT,7,5.203,-5.621,3.000,0.135,0.584,0.000,0.600,cmd_age=0.02s bat=1.00 dist=0.90m
95,32.311,SCOUT,8,-2.862,4.362,3.000,0.425,-0.423,0.000,0.599,cmd_age=0.02s bat=1.00 dist=0.90m
95,32.311,SCOUT,9,-4.362,5.862,3.000,0.425,-0.423,0.000,0.599,cmd_age=0.02s bat=1.00 dist=0.90m
95,32.311,SCOUT,10,-5.862,4.362,3.000,0.425,-0.423,0.000,0.599,cmd_age=0.02s bat=1.00 dist=0.90m
95,32.311,SCOUT,11,-4.362,2.862,3.000,0.425,-0.423,0.000,0.599,cmd_age=0.02s bat=1.00 dist=0.90m
95,32.311,SCOUT,12,5.862,4.362,3.000,-0.423,-0.422,0.000,0.598,cmd_age=0.02s bat=1.00 dist=0.90m
95,32.311,SCOUT,13,4.362,5.862,3.000,-0.423,-0.422,0.000,0.598,cmd_age=0.02s bat=1.00 dist=0.90m
95,32.311,SCOUT,14,2.862,4.362,3.000,-0.423,-0.422,0.000,0.598,cmd_age=0.02s bat=1.00 dist=0.90m
95,32.311,SCOUT,15,4.362,2.862,3.000,-0.423,-0.422,0.000,0.598,cmd_age=0.02s bat=1.00 dist=0.90m
95,32.311,WORKER,0,-4.059,-2.247,3.000,-0.718,1.867,0.000,2.000,state=MOVING bat=1.00 dist=2.95m
95,32.311,WORKER,1,7.226,-2.059,3.000,0.153,1.994,0.000,2.000,state=MOVING bat=1.00 dist=2.95m
95,32.311,WORKER,2,-1.094,2.748,3.000,1.292,-1.527,0.000,2.000,state=MOVING bat=1.00 dist=2.95m
95,32.311,WORKER,3,4.771,3.068,3.000,-1.511,-1.310,0.000,2.000,state=MOVING bat=1.00 dist=2.95m
96,32.500,GENERAL,0,0.000,0.000,5.000,0.000,0.000,0.000,0.000,N/A
96,32.500,NODE,0,-5.214,-4.072,3.000,-0.139,0.582,0.000,0.598,zone=0 dist=0.94m
96,32.500,NODE,1,5.214,-4.072,3.000,0.137,0.589,0.000,0.604,zone=1 dist=0.94m
96,32.500,NODE,2,-4.326,4.327,3.000,0.427,-0.419,0.000,0.598,zone=2 dist=0.94m
96,32.500,NODE,3,4.327,4.327,3.000,-0.420,-0.426,0.000,0.598,zone=3 dist=0.94m
96,32.500,SCOUT,0,-3.705,-4.111,3.000,-0.136,0.585,0.000,0.601,cmd_age=0.02s bat=1.00 dist=0.91m
96,32.500,SCOUT,1,-5.205,-2.611,3.000,-0.136,0.585,0.000,0.601,cmd_age=0.02s bat=1.00 dist=0.91m
96,32.500,SCOUT,2,-6.705,-4.111,3.000,-0.136,0.585,0.000,0.601,cmd_age=0.02s bat=1.00 dist=0.91m
96,32.500,SCOUT,3,-5.205,-5.611,3.000,-0.136,0.585,0.000,0.601,cmd_age=0.02s bat=1.00 dist=0.91m
96,32.500,SCOUT,4,6.705,-4.111,3.000,0.135,0.585,0.000,0.601,cmd_age=0.02s bat=1.00 dist=0.91m
96,32.500,SCOUT,5,5.205,-2.611,3.000,0.135,0.585,0.000,0.601,cmd_age=0.02s bat=1.00 dist=0.91m
96,32.500,SCOUT,6,3.705,-4.111,3.000,0.135,0.585,0.000,0.601,cmd_age=0.02s bat=1.00 dist=0.91m
96,32.500,SCOUT,7,5.205,-5.611,3.000,0.135,0.585,0.000,0.601,cmd_age=0.02s bat=1.00 dist=0.91m
96,32.500,SCOUT,8,-2.854,4.355,3.000,0.425,-0.422,0.000,0.599,cmd_age=0.02s bat=1.00 dist=0.91m
96,32.500,SCOUT,9,-4.354,5.855,3.000,0.425,-0.422,0.000,0.599,cmd_age=0.02s bat=1.00 dist=0.91m
96,32.500,SCOUT,10,-5.854,4.355,3.000,0.425,-0.422,0.000,0.599,cmd_age=0.02s bat=1.00 dist=0.91m
96,32.500,SCOUT,11,-4.354,2.855,3.000,0.425,-0.422,0.000,0.599,cmd_age=0.02s bat=1.00 dist=0.91m
96,32.500,SCOUT,12,5.855,4.355,3.000,-0.423,-0.423,0.000,0.598,cmd_age=0.02s bat=1.00 dist=0.91m
96,32.500,SCOUT,13,4.355,5.855,3.000,-0.423,-0.423,0.000,0.598,cmd_age=0.02s bat=1.00 dist=0.91m
96,32.500,SCOUT,14,2.855,4.355,3.000,-0.423,-0.423,0.000,0.598,cmd_age=0.02s bat=1.00 dist=0.91m
96,32.500,SCOUT,15,4.355,2.855,3.000,-0.423,-0.423,0.000,0.598,cmd_age=0.02s bat=1.00 dist=0.91m
96,32.500,WORKER,0,-4.071,-2.216,3.000,-0.718,1.867,0.000,2.000,state=MOVING bat=1.00 dist=2.98m
96,32.500,WORKER,1,7.229,-2.025,3.000,0.153,1.994,0.000,2.000,state=MOVING bat=1.00 dist=2.98m
96,32.500,WORKER,2,-1.073,2.723,3.000,1.292,-1.527,0.000,2.000,state=MOVING bat=1.00 dist=2.98m
96,32.500,WORKER,3,4.746,3.046,3.000,-1.511,-1.310,0.000,2.000,state=MOVING bat=1.00 dist=2.98m
97,32.695,GENERAL,0,0.000,0.000,5.000,0.000,0.000,0.000,0.000,N/A
97,32.695,NODE,0,-5.217,-4.062,3.000,-0.139,0.588,0.000,0.604,zone=0 dist=0.95m
97,32.695,NODE,1,5.216,-4.062,3.000,0.137,0.588,0.000,0.603,zone=1 dist=0.95m
97,32.695,NODE,2,-4.319,4.320,3.000,0.432,-0.419,0.000,0.601,zone=2 dist=0.95m
97,32.695,NODE,3,4.320,4.320,3.000,-0.424,-0.424,0.000,0.599,zone=3 dist=0.95m
97,32.695,SCOUT,0,-3.707,-4.101,3.000,-0.137,0.586,0.000,0.601,cmd_age=0.02s bat=1.00 dist=0.92m
97,32.695,SCOUT,1,-5.207,-2.601,3.000,-0.137,0.586,0.000,0.601,cmd_age=0.02s bat=1.00 dist=0.92m
97,32.695,SCOUT,2,-6.707,-4.101,3.000,-0.137,0.586,0.000,0.601,cmd_age=0.02s bat=1.00 dist=0.92m
97,32.695,SCOUT,3,-5.207,-5.601,3.000,-0.137,0.586,0.000,0.601,cmd_age=0.02s bat=1.00 dist=0.92m
97,32.695,SCOUT,4,6.707,-4.101,3.000,0.136,0.586,0.000,0.601,cmd_age=0.02s bat=1.00 dist=0.92m
97,32.695,SCOUT,5,5.207,-2.601,3.000,0.136,0.586,0.000,0.601,cmd_age=0.02s bat=1.00 dist=0.92m
97,32.695,SCOUT,6,3.707,-4.101,3.000,0.136,0.586,0.000,0.601,cmd_age=0.02s bat=1.00 dist=0.92m
97,32.695,SCOUT,7,5.207,-5.601,3.000,0.136,0.586,0.000,0.601,cmd_age=0.02s bat=1.00 dist=0.92m
97,32.695,SCOUT,8,-2.847,4.348,3.000,0.427,-0.421,0.000,0.600,cmd_age=0.02s bat=1.00 dist=0.92m
97,32.695,SCOUT,9,-4.347,5.848,3.000,0.427,-0.421,0.000,0.600,cmd_age=0.02s bat=1.00 dist=0.92m
97,32.695,SCOUT,10,-5.847,4.348,3.000,0.427,-0.421,0.000,0.600,cmd_age=0.02s bat=1.00 dist=0.92m
97,32.695,SCOUT,11,-4.347,2.848,3.000,0.427,-0.421,0.000,0.600,cmd_age=0.02s bat=1.00 dist=0.92m
97,32.695,SCOUT,12,5.848,4.348,3.000,-0.423,-0.423,0.000,0.598,cmd_age=0.02s bat=1.00 dist=0.92m
97,32.695,SCOUT,13,4.348,5.848,3.000,-0.423,-0.423,0.000,0.598,cmd_age=0.02s bat=1.00 dist=0.92m
97,32.695,SCOUT,14,2.848,4.348,3.000,-0.423,-0.423,0.000,0.598,cmd_age=0.02s bat=1.00 dist=0.92m
97,32.695,SCOUT,15,4.348,2.848,3.000,-0.423,-0.423,0.000,0.598,cmd_age=0.02s bat=1.00 dist=0.92m
97,32.695,WORKER,0,-4.083,-2.184,3.000,-0.718,1.867,0.000,2.000,state=MOVING bat=1.00 dist=3.01m
97,32.695,WORKER,1,7.231,-1.992,3.000,0.153,1.994,0.000,2.000,state=MOVING bat=1.00 dist=3.01m
97,32.695,WORKER,2,-1.051,2.697,3.000,1.292,-1.527,0.000,2.000,state=MOVING bat=1.00 dist=3.01m
97,32.695,WORKER,3,4.720,3.024,3.000,-1.511,-1.310,0.000,2.000,state=MOVING bat=1.00 dist=3.01m
98,32.884,GENERAL,0,0.000,0.000,5.000,0.000,0.000,0.000,0.000,N/A
98,32.884,NODE,0,-5.219,-4.053,3.000,-0.134,0.592,0.000,0.607,zone=0 dist=0.96m
98,32.884,NODE,1,5.219,-4.052,3.000,0.126,0.592,0.000,0.605,zone=1 dist=0.96m
98,32.884,NODE,2,-4.312,4.313,3.000,0.430,-0.420,0.000,0.601,zone=2 dist=0.96m
98,32.884,NODE,3,4.312,4.313,3.000,-0.429,-0.427,0.000,0.605,zone=3 dist=0.96m
98,32.884,SCOUT,0,-3.710,-4.092,3.000,-0.136,0.587,0.000,0.603,cmd_age=0.02s bat=1.00 dist=0.93m
98,32.884,SCOUT,1,-5.210,-2.592,3.000,-0.136,0.587,0.000,0.603,cmd_age=0.02s bat=1.00 dist=0.93m
98,32.884,SCOUT,2,-6.710,-4.092,3.000,-0.136,0.587,0.000,0.603,cmd_age=0.02s bat=1.00 dist=0.93m
98,32.884,SCOUT,3,-5.210,-5.592,3.000,-0.136,0.587,0.000,0.603,cmd_age=0.02s bat=1.00 dist=0.93m
98,32.884,SCOUT,4,6.710,-4.091,3.000,0.134,0.587,0.000,0.602,cmd_age=0.02s bat=1.00 dist=0.93m
98,32.884,SCOUT,5,5.210,-2.591,3.000,0.134,0.587,0.000,0.602,cmd_age=0.02s bat=1.00 dist=0.93m
98,32.884,SCOUT,6,3.710,-4.091,3.000,0.134,0.587,0.000,0.602,cmd_age=0.02s bat=1.00 dist=0.93m
98,32.884,SCOUT,7,5.210,-5.591,3.000,0.134,0.587,0.000,0.602,cmd_age=0.02s bat=1.00 dist=0.93m
98,32.884,SCOUT,8,-2.840,4.341,3.000,0.427,-0.421,0.000,0.600,cmd_age=0.02s bat=1.00 dist=0.93m
98,32.884,SCOUT,9,-4.340,5.841,3.000,0.427,-0.421,0.000,0.600,cmd_age=0.02s bat=1.00 dist=0.93m
98,32.884,SCOUT,10,-5.840,4.341,3.000,0.427,-0.421,0.000,0.600,cmd_age=0.02s bat=1.00 dist=0.93m
98,32.884,SCOUT,11,-4.340,2.841,3.000,0.427,-0.421,0.000,0.600,cmd_age=0.02s bat=1.00 dist=0.93m
98,32.884,SCOUT,12,5.841,4.341,3.000,-0.424,-0.424,0.000,0.600,cmd_age=0.02s bat=1.00 dist=0.93m
98,32.884,SCOUT,13,4.341,5.841,3.000,-0.424,-0.424,0.000,0.600,cmd_age=0.02s bat=1.00 dist=0.93m
98,32.884,SCOUT,14,2.841,4.341,3.000,-0.424,-0.424,0.000,0.600,cmd_age=0.02s bat=1.00 dist=0.93m
98,32.884,SCOUT,15,4.341,2.841,3.000,-0.424,-0.424,0.000,0.600,cmd_age=0.02s bat=1.00 dist=0.93m
98,32.884,WORKER,0,-4.095,-2.153,3.000,-0.718,1.867,0.000,2.000,state=MOVING bat=1.00 dist=3.05m
98,32.884,WORKER,1,7.234,-1.959,3.000,0.153,1.994,0.000,2.000,state=MOVING bat=1.00 dist=3.05m
98,32.884,WORKER,2,-1.030,2.672,3.000,1.292,-1.527,0.000,2.000,state=MOVING bat=1.00 dist=3.05m
98,32.884,WORKER,3,4.695,3.002,3.000,-1.511,-1.310,0.000,2.000,state=MOVING bat=1.00 dist=3.05m
99,33.073,GENERAL,0,0.000,0.000,5.000,0.000,0.000,0.000,0.000,N/A
99,33.073,NODE,0,-5.221,-4.043,3.000,-0.134,0.583,0.000,0.598,zone=0 dist=0.97m
99,33.073,NODE,1,5.221,-4.042,3.000,0.133,0.587,0.000,0.602,zone=1 dist=0.97m
99,33.073,NODE,2,-4.305,4.306,3.000,0.423,-0.421,0.000,0.597,zone=2 dist=0.97m
99,33.073,NODE,3,4.305,4.306,3.000,-0.427,-0.421,0.000,0.600,zone=3 dist=0.97m
99,33.073,SCOUT,0,-3.712,-4.082,3.000,-0.136,0.586,0.000,0.602,cmd_age=0.02s bat=1.00 dist=0.94m
99,33.073,SCOUT,1,-5.212,-2.582,3.000,-0.136,0.586,0.000,0.602,cmd_age=0.02s bat=1.00 dist=0.94m
99,33.073,SCOUT,2,-6.712,-4.082,3.000,-0.136,0.586,0.000,0.602,cmd_age=0.02s bat=1.00 dist=0.94m
99,33.073,SCOUT,3,-5.212,-5.582,3.000,-0.136,0.586,0.000,0.602,cmd_age=0.02s bat=1.00 dist=0.94m
99,33.073,SCOUT,4,6.712,-4.081,3.000,0.133,0.587,0.000,0.602,cmd_age=0.02s bat=1.00 dist=0.94m
99,33.073,SCOUT,5,5.212,-2.581,3.000,0.133,0.587,0.000,0.602,cmd_age=0.02s bat=1.00 dist=0.94m
99,33.073,SCOUT,6,3.712,-4.081,3.000,0.133,0.587,0.000,0.602,cmd_age=0.02s bat=1.00 dist=0.94m
99,33.073,SCOUT,7,5.212,-5.581,3.000,0.133,0.587,0.000,0.602,cmd_age=0.02s bat=1.00 dist=0.94m
99,33.073,SCOUT,8,-2.833,4.334,3.000,0.426,-0.421,0.000,0.599,cmd_age=0.02s bat=1.00 dist=0.94m
99,33.073,SCOUT,9,-4.333,5.834,3.000,0.426,-0.421,0.000,0.599,cmd_age=0.02s bat=1.00 dist=0.94m
99,33.073,SCOUT,10,-5.833,4.334,3.000,0.426,-0.421,0.000,0.599,cmd_age=0.02s bat=1.00 dist=0.94m
99,33.073,SCOUT,11,-4.333,2.834,3.000,0.426,-0.421,0.000,0.599,cmd_age=0.02s bat=1.00 dist=0.94m
99,33.073,SCOUT,12,5.834,4.334,3.000,-0.425,-0.423,0.000,0.600,cmd_age=0.02s bat=1.00 dist=0.94m
99,33.073,SCOUT,13,4.334,5.834,3.000,-0.425,-0.423,0.000,0.600,cmd_age=0.02s bat=1.00 dist=0.94m
99,33.073,SCOUT,14,2.834,4.334,3.000,-0.425,-0.423,0.000,0.600,cmd_age=0.02s bat=1.00 dist=0.94m
99,33.073,SCOUT,15,4.334,2.834,3.000,-0.425,-0.423,0.000,0.600,cmd_age=0.02s bat=1.00 dist=0.94m
99,33.073,WORKER,0,-4.107,-2.122,3.000,-0.718,1.867,0.000,2.000,state=MOVING bat=1.00 dist=3.08m
99,33.073,WORKER,1,7.236,-1.926,3.000,0.153,1.994,0.000,2.000,state=MOVING bat=1.00 dist=3.08m
99,33.073,WORKER,2,-1.008,2.646,3.000,1.292,-1.527,0.000,2.000,state=MOVING bat=1.00 dist=3.08m
99,33.073,WORKER,3,4.670,2.981,3.000,-1.511,-1.310,0.000,2.000,state=MOVING bat=1.00 dist=3.08m
100,33.262,GENERAL,0,0.000,0.000,5.000,0.000,0.000,0.000,0.000,N/A
100,33.262,NODE,0,-5.223,-4.033,3.000,-0.141,0.583,0.000,0.600,zone=0 dist=0.98m
100,33.262,NODE,1,5.223,-4.033,3.000,0.139,0.580,0.000,0.597,zone=1 dist=0.98m
100,33.262,NODE,2,-4.298,4.299,3.000,0.420,-0.416,0.000,0.591,zone=2 dist=0.98m
100,33.262,NODE,3,4.298,4.299,3.000,-0.430,-0.422,0.000,0.602,zone=3 dist=0.98m
100,33.262,SCOUT,0,-3.714,-4.072,3.000,-0.137,0.586,0.000,0.601,cmd_age=0.02s bat=1.00 dist=0.95m
100,33.262,SCOUT,1,-5.214,-2.572,3.000,-0.137,0.586,0.000,0.601,cmd_age=0.02s bat=1.00 dist=0.95m
100,33.262,SCOUT,2,-6.714,-4.072,3.000,-0.137,0.586,0.000,0.601,cmd_age=0.02s bat=1.00 dist=0.95m
100,33.262,SCOUT,3,-5.214,-5.572,3.000,-0.137,0.586,0.000,0.601,cmd_age=0.02s bat=1.00 dist=0.95m
100,33.262,SCOUT,4,6.714,-4.072,3.000,0.135,0.586,0.000,0.601,cmd_age=0.02s bat=1.00 dist=0.95m
100,33.262,SCOUT,5,5.214,-2.572,3.000,0.135,0.586,0.000,0.601,cmd_age=0.02s bat=1.00 dist=0.95m
100,33.262,SCOUT,6,3.714,-4.072,3.000,0.135,0.586,0.000,0.601,cmd_age=0.02s bat=1.00 dist=0.95m
100,33.262,SCOUT,7,5.214,-5.572,3.000,0.135,0.586,0.000,0.601,cmd_age=0.02s bat=1.00 dist=0.95m
100,33.262,SCOUT,8,-2.826,4.327,3.000,0.425,-0.420,0.000,0.598,cmd_age=0.02s bat=1.00 dist=0.95m
100,33.262,SCOUT,9,-4.326,5.827,3.000,0.425,-0.420,0.000,0.598,cmd_age=0.02s bat=1.00 dist=0.95m
100,33.262,SCOUT,10,-5.826,4.327,3.000,0.425,-0.420,0.000,0.598,cmd_age=0.02s bat=1.00 dist=0.95m
100,33.262,SCOUT,11,-4.326,2.827,3.000,0.425,-0.420,0.000,0.598,cmd_age=0.02s bat=1.00 dist=0.95m
100,33.262,SCOUT,12,5.827,4.327,3.000,-0.426,-0.423,0.000,0.600,cmd_age=0.02s bat=1.00 dist=0.95m
100,33.262,SCOUT,13,4.327,5.827,3.000,-0.426,-0.423,0.000,0.600,cmd_age=0.02s bat=1.00 dist=0.95m
100,33.262,SCOUT,14,2.827,4.327,3.000,-0.426,-0.423,0.000,0.600,cmd_age=0.02s bat=1.00 dist=0.95m
100,33.262,SCOUT,15,4.327,2.827,3.000,-0.426,-0.423,0.000,0.600,cmd_age=0.02s bat=1.00 dist=0.95m
100,33.262,WORKER,0,-4.119,-2.091,3.000,-0.718,1.867,0.000,2.000,state=MOVING bat=1.00 dist=3.11m
100,33.262,WORKER,1,7.239,-1.893,3.000,0.153,1.994,0.000,2.000,state=MOVING bat=1.00 dist=3.11m
100,33.262,WORKER,2,-0.987,2.621,3.000,1.292,-1.527,0.000,2.000,state=MOVING bat=1.00 dist=3.11m
100,33.262,WORKER,3,4.645,2.959,3.000,-1.511,-1.310,0.000,2.000,state=MOVING bat=1.00 dist=3.11m
101,33.452,GENERAL,0,0.000,0.000,5.000,0.000,0.000,0.000,0.000,N/A
101,33.452,NODE,0,-5.226,-4.023,3.000,-0.137,0.583,0.000,0.599,zone=0 dist=0.99m
101,33.452,NODE,1,5.225,-4.023,3.000,0.130,0.579,0.000,0.593,zone=1 dist=0.99m
101,33.452,NODE,2,-4.291,4.292,3.000,0.427,-0.424,0.000,0.602,zone=2 dist=0.99m
101,33.452,NODE,3,4.291,4.292,3.000,-0.428,-0.418,0.000,0.598,zone=3 dist=0.99m
101,33.452,SCOUT,0,-3.717,-4.062,3.000,-0.137,0.585,0.000,0.601,cmd_age=0.02s bat=1.00 dist=0.96m
101,33.452,SCOUT,1,-5.217,-2.562,3.000,-0.137,0.585,0.000,0.601,cmd_age=0.02s bat=1.00 dist=0.96m
101,33.452,SCOUT,2,-6.717,-4.062,3.000,-0.137,0.585,0.000,0.601,cmd_age=0.02s bat=1.00 dist=0.96m
101,33.452,SCOUT,3,-5.217,-5.562,3.000,-0.137,0.585,0.000,0.601,cmd_age=0.02s bat=1.00 dist=0.96m
101,33.452,SCOUT,4,6.716,-4.062,3.000,0.134,0.584,0.000,0.599,cmd_age=0.02s bat=1.00 dist=0.96m
101,33.452,SCOUT,5,5.216,-2.562,3.000,0.134,0.584,0.000,0.599,cmd_age=0.02s bat=1.00 dist=0.96m
101,33.452,SCOUT,6,3.716,-4.062,3.000,0.134,0.584,0.000,0.599,cmd_age=0.02s bat=1.00 dist=0.96m
101,33.452,SCOUT,7,5.216,-5.562,3.000,0.134,0.584,0.000,0.599,cmd_age=0.02s bat=1.00 dist=0.96m
101,33.452,SCOUT,8,-2.819,4.320,3.000,0.425,-0.421,0.000,0.598,cmd_age=0.02s bat=1.00 dist=0.96m
101,33.452,SCOUT,9,-4.319,5.820,3.000,0.425,-0.421,0.000,0.598,cmd_age=0.02s bat=1.00 dist=0.96m
101,33.452,SCOUT,10,-5.819,4.320,3.000,0.425,-0.421,0.000,0.598,cmd_age=0.02s bat=1.00 dist=0.96m
101,33.452,SCOUT,11,-4.319,2.820,3.000,0.425,-0.421,0.000,0.598,cmd_age=0.02s bat=1.00 dist=0.96m
101,33.452,SCOUT,12,5.819,4.320,3.000,-0.426,-0.422,0.000,0.600,cmd_age=0.02s bat=1.00 dist=0.96m
101,33.452,SCOUT,13,4.319,5.820,3.000,-0.426,-0.422,0.000,0.600,cmd_age=0.02s bat=1.00 dist=0.96m
101,33.452,SCOUT,14,2.819,4.320,3.000,-0.426,-0.422,0.000,0.600,cmd_age=0.02s bat=1.00 dist=0.96m
101,33.452,SCOUT,15,4.319,2.820,3.000,-0.426,-0.422,0.000,0.600,cmd_age=0.02s bat=1.00 dist=0.96m
101,33.452,WORKER,0,-4.131,-2.060,3.000,-0.718,1.867,0.000,2.000,state=MOVING bat=1.00 dist=3.15m
101,33.452,WORKER,1,7.242,-1.859,3.000,0.153,1.994,0.000,2.000,state=MOVING bat=1.00 dist=3.15m
101,33.452,WORKER,2,-0.965,2.595,3.000,1.292,-1.527,0.000,2.000,state=MOVING bat=1.00 dist=3.15m
101,33.452,WORKER,3,4.620,2.937,3.000,-1.511,-1.310,0.000,2.000,state=MOVING bat=1.00 dist=3.15m
102,33.640,GENERAL,0,0.000,0.000,5.000,0.000,0.000,0.000,0.000,N/A
102,33.640,NODE,0,-5.228,-4.014,3.000,-0.130,0.588,0.000,0.602,zone=0 dist=1.00m
102,33.640,NODE,1,5.227,-4.013,3.000,0.129,0.586,0.000,0.600,zone=1 dist=1.00m
102,33.640,NODE,2,-4.283,4.285,3.000,0.432,-0.425,0.000,0.606,zone=2 dist=1.00m
102,33.640,NODE,3,4.284,4.285,3.000,-0.430,-0.420,0.000,0.602,zone=3 dist=1.00m
102,33.640,SCOUT,0,-3.719,-4.053,3.000,-0.135,0.586,0.000,0.601,cmd_age=0.02s bat=1.00 dist=0.97m
102,33.640,SCOUT,1,-5.219,-2.553,3.000,-0.135,0.586,0.000,0.601,cmd_age=0.02s bat=1.00 dist=0.97m
102,33.640,SCOUT,2,-6.719,-4.053,3.000,-0.135,0.586,0.000,0.601,cmd_age=0.02s bat=1.00 dist=0.97m
102,33.640,SCOUT,3,-5.219,-5.553,3.000,-0.135,0.586,0.000,0.601,cmd_age=0.02s bat=1.00 dist=0.97m
102,33.640,SCOUT,4,6.719,-4.052,3.000,0.133,0.585,0.000,0.599,cmd_age=0.02s bat=1.00 dist=0.97m
102,33.640,SCOUT,5,5.219,-2.552,3.000,0.133,0.585,0.000,0.599,cmd_age=0.02s bat=1.00 dist=0.97m
102,33.640,SCOUT,6,3.719,-4.052,3.000,0.133,0.585,0.000,0.599,cmd_age=0.02s bat=1.00 dist=0.97m
102,33.640,SCOUT,7,5.219,-5.552,3.000,0.133,0.585,0.000,0.599,cmd_age=0.02s bat=1.00 dist=0.97m
102,33.640,SCOUT,8,-2.812,4.313,3.000,0.427,-0.422,0.000,0.600,cmd_age=0.02s bat=1.00 dist=0.97m
102,33.640,SCOUT,9,-4.312,5.813,3.000,0.427,-0.422,0.000,0.600,cmd_age=0.02s bat=1.00 dist=0.97m
102,33.640,SCOUT,10,-5.812,4.313,3.000,0.427,-0.422,0.000,0.600,cmd_age=0.02s bat=1.00 dist=0.97m
102,33.640,SCOUT,11,-4.312,2.813,3.000,0.427,-0.422,0.000,0.600,cmd_age=0.02s bat=1.00 dist=0.97m
102,33.640,SCOUT,12,5.812,4.313,3.000,-0.427,-0.422,0.000,0.600,cmd_age=0.02s bat=1.00 dist=0.97m
102,33.640,SCOUT,13,4.312,5.813,3.000,-0.427,-0.422,0.000,0.600,cmd_age=0.02s bat=1.00 dist=0.97m
102,33.640,SCOUT,14,2.812,4.313,3.000,-0.427,-0.422,0.000,0.600,cmd_age=0.02s bat=1.00 dist=0.97m
102,33.640,SCOUT,15,4.312,2.813,3.000,-0.427,-0.422,0.000,0.600,cmd_age=0.02s bat=1.00 dist=0.97m
102,33.640,WORKER,0,-4.143,-2.029,3.000,-0.718,1.867,0.000,2.000,state=MOVING bat=1.00 dist=3.18m
102,33.640,WORKER,1,7.244,-1.826,3.000,0.153,1.994,0.000,2.000,state=MOVING bat=1.00 dist=3.18m
102,33.640,WORKER,2,-0.944,2.570,3.000,1.292,-1.527,0.000,2.000,state=MOVING bat=1.00 dist=3.18m
102,33.640,WORKER,3,4.594,2.915,3.000,-1.511,-1.310,0.000,2.000,state=MOVING bat=1.00 dist=3.18m
103,33.835,GENERAL,0,0.000,0.000,5.000,0.000,0.000,0.000,0.000,N/A
103,33.835,NODE,0,-5.230,-4.004,3.000,-0.133,0.586,0.000,0.601,zone=0 dist=1.01m
103,33.835,NODE,1,5.230,-4.003,3.000,0.131,0.591,0.000,0.606,zone=1 dist=1.01m
103,33.835,NODE,2,-4.276,4.278,3.000,0.427,-0.419,0.000,0.598,zone=2 dist=1.01m
103,33.835,NODE,3,4.277,4.278,3.000,-0.424,-0.421,0.000,0.598,zone=3 dist=1.01m
103,33.835,SCOUT,0,-3.721,-4.043,3.000,-0.135,0.586,0.000,0.601,cmd_age=0.02s bat=1.00 dist=0.98m
103,33.835,SCOUT,1,-5.221,-2.543,3.000,-0.135,0.586,0.000,0.601,cmd_age=0.02s bat=1.00 dist=0.98m
103,33.835,SCOUT,2,-6.721,-4.043,3.000,-0.135,0.586,0.000,0.601,cmd_age=0.02s bat=1.00 dist=0.98m
103,33.835,SCOUT,3,-5.221,-5.543,3.000,-0.135,0.586,0.000,0.601,cmd_age=0.02s bat=1.00 dist=0.98m
103,33.835,SCOUT,4,6.721,-4.042,3.000,0.132,0.586,0.000,0.601,cmd_age=0.02s bat=1.00 dist=0.98m
103,33.835,SCOUT,5,5.221,-2.542,3.000,0.132,0.586,0.000,0.601,cmd_age=0.02s bat=1.00 dist=0.98m
103,33.835,SCOUT,6,3.721,-4.042,3.000,0.132,0.586,0.000,0.601,cmd_age=0.02s bat=1.00 dist=0.98m
103,33.835,SCOUT,7,5.221,-5.542,3.000,0.132,0.586,0.000,0.601,cmd_age=0.02s bat=1.00 dist=0.98m
103,33.835,SCOUT,8,-2.805,4.306,3.000,0.427,-0.421,0.000,0.600,cmd_age=0.02s bat=1.00 dist=0.98m
103,33.835,SCOUT,9,-4.305,5.806,3.000,0.427,-0.421,0.000,0.600,cmd_age=0.02s bat=1.00 dist=0.98m
103,33.835,SCOUT,10,-5.805,4.306,3.000,0.427,-0.421,0.000,0.600,cmd_age=0.02s bat=1.00 dist=0.98m
103,33.835,SCOUT,11,-4.305,2.806,3.000,0.427,-0.421,0.000,0.600,cmd_age=0.02s bat=1.00 dist=0.98m
103,33.835,SCOUT,12,5.805,4.306,3.000,-0.426,-0.422,0.000,0.600,cmd_age=0.02s bat=1.00 dist=0.98m
103,33.835,SCOUT,13,4.305,5.806,3.000,-0.426,-0.422,0.000,0.600,cmd_age=0.02s bat=1.00 dist=0.98m
103,33.835,SCOUT,14,2.805,4.306,3.000,-0.426,-0.422,0.000,0.600,cmd_age=0.02s bat=1.00 dist=0.98m
103,33.835,SCOUT,15,4.305,2.806,3.000,-0.426,-0.422,0.000,0.600,cmd_age=0.02s bat=1.00 dist=0.98m
103,33.835,WORKER,0,-4.155,-1.998,3.000,-0.718,1.867,0.000,2.000,state=MOVING bat=1.00 dist=3.21m
103,33.835,WORKER,1,7.247,-1.793,3.000,0.153,1.994,0.000,2.000,state=MOVING bat=1.00 dist=3.21m
103,33.835,WORKER,2,-0.922,2.544,3.000,1.292,-1.527,0.000,2.000,state=MOVING bat=1.00 dist=3.21m
103,33.835,WORKER,3,4.569,2.893,3.000,-1.511,-1.310,0.000,2.000,state=MOVING bat=1.00 dist=3.21m
104,34.033,GENERAL,0,0.000,0.000,5.000,0.000,0.000,0.000,0.000,N/A
104,34.033,NODE,0,-5.232,-3.994,3.000,-0.133,0.586,0.000,0.601,zone=0 dist=1.02m
104,34.033,NODE,1,5.232,-3.994,3.000,0.132,0.588,0.000,0.602,zone=1 dist=1.02m
104,34.033,NODE,2,-4.269,4.271,3.000,0.422,-0.422,0.000,0.597,zone=2 dist=1.02m
104,34.033,NODE,3,4.270,4.271,3.000,-0.420,-0.425,0.000,0.598,zone=3 dist=1.02m
104,34.033,SCOUT,0,-3.723,-4.033,3.000,-0.135,0.586,0.000,0.601,cmd_age=0.02s bat=1.00 dist=0.99m
104,34.033,SCOUT,1,-5.223,-2.533,3.000,-0.135,0.586,0.000,0.601,cmd_age=0.02s bat=1.00 dist=0.99m
104,34.033,SCOUT,2,-6.723,-4.033,3.000,-0.135,0.586,0.000,0.601,cmd_age=0.02s bat=1.00 dist=0.99m
104,34.033,SCOUT,3,-5.223,-5.533,3.000,-0.135,0.586,0.000,0.601,cmd_age=0.02s bat=1.00 dist=0.99m
104,34.033,SCOUT,4,6.723,-4.033,3.000,0.132,0.586,0.000,0.601,cmd_age=0.02s bat=1.00 dist=0.99m
104,34.033,SCOUT,5,5.223,-2.533,3.000,0.132,0.586,0.000,0.601,cmd_age=0.02s bat=1.00 dist=0.99m
104,34.033,SCOUT,6,3.723,-4.033,3.000,0.132,0.586,0.000,0.601,cmd_age=0.02s bat=1.00 dist=0.99m
104,34.033,SCOUT,7,5.223,-5.533,3.000,0.132,0.586,0.000,0.601,cmd_age=0.02s bat=1.00 dist=0.99m
104,34.033,SCOUT,8,-2.798,4.299,3.000,0.426,-0.421,0.000,0.599,cmd_age=0.02s bat=1.00 dist=0.99m
104,34.033,SCOUT,9,-4.298,5.799,3.000,0.426,-0.421,0.000,0.599,cmd_age=0.02s bat=1.00 dist=0.99m
104,34.033,SCOUT,10,-5.798,4.299,3.000,0.426,-0.421,0.000,0.599,cmd_age=0.02s bat=1.00 dist=0.99m
104,34.033,SCOUT,11,-4.298,2.799,3.000,0.426,-0.421,0.000,0.599,cmd_age=0.02s bat=1.00 dist=0.99m
104,34.033,SCOUT,12,5.798,4.299,3.000,-0.425,-0.422,0.000,0.599,cmd_age=0.02s bat=1.00 dist=0.99m
104,34.033,SCOUT,13,4.298,5.799,3.000,-0.425,-0.422,0.000,0.599,cmd_age=0.02s bat=1.00 dist=0.99m
104,34.033,SCOUT,14,2.798,4.299,3.000,-0.425,-0.422,0.000,0.599,cmd_age=0.02s bat=1.00 dist=0.99m
104,34.033,SCOUT,15,4.298,2.799,3.000,-0.425,-0.422,0.000,0.599,cmd_age=0.02s bat=1.00 dist=0.99m
104,34.033,WORKER,0,-4.167,-1.967,3.000,-0.718,1.867,0.000,2.000,state=MOVING bat=1.00 dist=3.25m
104,34.033,WORKER,1,7.249,-1.760,3.000,0.153,1.994,0.000,2.000,state=MOVING bat=1.00 dist=3.25m
104,34.033,WORKER,2,-0.901,2.519,3.000,1.292,-1.527,0.000,2.000,state=MOVING bat=1.00 dist=3.25m
104,34.033,WORKER,3,4.544,2.871,3.000,-1.511,-1.310,0.000,2.000,state=MOVING bat=1.00 dist=3.25m
105,34.245,GENERAL,0,0.000,0.000,5.000,0.000,0.000,0.000,0.000,N/A
105,34.245,NODE,0,-5.234,-3.984,3.000,-0.135,0.585,0.000,0.600,zone=0 dist=1.03m
105,34.245,NODE,1,5.234,-3.984,3.000,0.140,0.585,0.000,0.601,zone=1 dist=1.03m
105,34.245,NODE,2,-4.262,4.264,3.000,0.431,-0.425,0.000,0.605,zone=2 dist=1.03m
105,34.245,NODE,3,4.263,4.264,3.000,-0.431,-0.425,0.000,0.606,zone=3 dist=1.03m
105,34.245,SCOUT,0,-3.726,-4.023,3.000,-0.135,0.585,0.000,0.601,cmd_age=0.02s bat=1.00 dist=1.00m
105,34.245,SCOUT,1,-5.226,-2.523,3.000,-0.135,0.585,0.000,0.601,cmd_age=0.02s bat=1.00 dist=1.00m
105,34.245,SCOUT,2,-6.726,-4.023,3.000,-0.135,0.585,0.000,0.601,cmd_age=0.02s bat=1.00 dist=1.00m
105,34.245,SCOUT,3,-5.226,-5.523,3.000,-0.135,0.585,0.000,0.601,cmd_age=0.02s bat=1.00 dist=1.00m
105,34.245,SCOUT,4,6.725,-4.023,3.000,0.134,0.586,0.000,0.601,cmd_age=0.02s bat=1.00 dist=1.00m
105,34.245,SCOUT,5,5.225,-2.523,3.000,0.134,0.586,0.000,0.601,cmd_age=0.02s bat=1.00 dist=1.00m
105,34.245,SCOUT,6,3.725,-4.023,3.000,0.134,0.586,0.000,0.601,cmd_age=0.02s bat=1.00 dist=1.00m
105,34.245,SCOUT,7,5.225,-5.523,3.000,0.134,0.586,0.000,0.601,cmd_age=0.02s bat=1.00 dist=1.00m
105,34.245,SCOUT,8,-2.791,4.292,3.000,0.427,-0.422,0.000,0.600,cmd_age=0.02s bat=1.00 dist=1.00m
105,34.245,SCOUT,9,-4.291,5.792,3.000,0.427,-0.422,0.000,0.600,cmd_age=0.02s bat=1.00 dist=1.00m
105,34.245,SCOUT,10,-5.791,4.292,3.000,0.427,-0.422,0.000,0.600,cmd_age=0.02s bat=1.00 dist=1.00m
105,34.245,SCOUT,11,-4.291,2.792,3.000,0.427,-0.422,0.000,0.600,cmd_age=0.02s bat=1.00 dist=1.00m
105,34.245,SCOUT,12,5.791,4.292,3.000,-0.426,-0.423,0.000,0.601,cmd_age=0.02s bat=1.00 dist=1.00m
105,34.245,SCOUT,13,4.291,5.792,3.000,-0.426,-0.423,0.000,0.601,cmd_age=0.02s bat=1.00 dist=1.00m
105,34.245,SCOUT,14,2.791,4.292,3.000,-0.426,-0.423,0.000,0.601,cmd_age=0.02s bat=1.00 dist=1.00m
105,34.245,SCOUT,15,4.291,2.792,3.000,-0.426,-0.423,0.000,0.601,cmd_age=0.02s bat=1.00 dist=1.00m
105,34.245,WORKER,0,-4.179,-1.936,3.000,-0.718,1.867,0.000,2.000,state=MOVING bat=1.00 dist=3.28m
105,34.245,WORKER,1,7.252,-1.726,3.000,0.153,1.994,0.000,2.000,state=MOVING bat=1.00 dist=3.28m
105,34.245,WORKER,2,-0.879,2.494,3.000,1.292,-1.527,0.000,2.000,state=MOVING bat=1.00 dist=3.28m
105,34.245,WORKER,3,4.519,2.850,3.000,-1.511,-1.310,0.000,2.000,state=MOVING bat=1.00 dist=3.28m
106,34.458,GENERAL,0,0.000,0.000,5.000,0.000,0.000,0.000,0.000,N/A
106,34.458,NODE,0,-5.237,-3.975,3.000,-0.132,0.580,0.000,0.594,zone=0 dist=1.04m
106,34.458,NODE,1,5.236,-3.974,3.000,0.134,0.589,0.000,0.604,zone=1 dist=1.04m
106,34.458,NODE,2,-4.255,4.257,3.000,0.430,-0.421,0.000,0.602,zone=2 dist=1.04m
106,34.458,NODE,3,4.256,4.257,3.000,-0.424,-0.425,0.000,0.601,zone=3 dist=1.04m
106,34.458,SCOUT,0,-3.728,-4.014,3.000,-0.134,0.584,0.000,0.599,cmd_age=0.02s bat=1.00 dist=1.01m
106,34.458,SCOUT,1,-5.228,-2.514,3.000,-0.134,0.584,0.000,0.599,cmd_age=0.02s bat=1.00 dist=1.01m
106,34.458,SCOUT,2,-6.728,-4.014,3.000,-0.134,0.584,0.000,0.599,cmd_age=0.02s bat=1.00 dist=1.01m
106,34.458,SCOUT,3,-5.228,-5.514,3.000,-0.134,0.584,0.000,0.599,cmd_age=0.02s bat=1.00 dist=1.01m
106,34.458,SCOUT,4,6.727,-4.013,3.000,0.134,0.587,0.000,0.602,cmd_age=0.02s bat=1.00 dist=1.01m
106,34.458,SCOUT,5,5.227,-2.513,3.000,0.134,0.587,0.000,0.602,cmd_age=0.02s bat=1.00 dist=1.01m
106,34.458,SCOUT,6,3.727,-4.013,3.000,0.134,0.587,0.000,0.602,cmd_age=0.02s bat=1.00 dist=1.01m
106,34.458,SCOUT,7,5.227,-5.513,3.000,0.134,0.587,0.000,0.602,cmd_age=0.02s bat=1.00 dist=1.01m
106,34.458,SCOUT,8,-2.783,4.285,3.000,0.428,-0.422,0.000,0.601,cmd_age=0.02s bat=1.00 dist=1.01m
106,34.458,SCOUT,9,-4.283,5.785,3.000,0.428,-0.422,0.000,0.601,cmd_age=0.02s bat=1.00 dist=1.01m
106,34.458,SCOUT,10,-5.783,4.285,3.000,0.428,-0.422,0.000,0.601,cmd_age=0.02s bat=1.00 dist=1.01m
106,34.458,SCOUT,11,-4.283,2.785,3.000,0.428,-0.422,0.000,0.601,cmd_age=0.02s bat=1.00 dist=1.01m
106,34.458,SCOUT,12,5.784,4.285,3.000,-0.426,-0.423,0.000,0.601,cmd_age=0.02s bat=1.00 dist=1.01m
106,34.458,SCOUT,13,4.284,5.785,3.000,-0.426,-0.423,0.000,0.601,cmd_age=0.02s bat=1.00 dist=1.01m
106,34.458,SCOUT,14,2.784,4.285,3.000,-0.426,-0.423,0.000,0.601,cmd_age=0.02s bat=1.00 dist=1.01m
106,34.458,SCOUT,15,4.284,2.785,3.000,-0.426,-0.423,0.000,0.601,cmd_age=0.02s bat=1.00 dist=1.01m
106,34.458,WORKER,0,-4.191,-1.904,3.000,-0.718,1.867,0.000,2.000,state=MOVING bat=1.00 dist=3.31m
106,34.458,WORKER,1,7.254,-1.693,3.000,0.153,1.994,0.000,2.000,state=MOVING bat=1.00 dist=3.31m
106,34.458,WORKER,2,-0.858,2.468,3.000,1.292,-1.527,0.000,2.000,state=MOVING bat=1.00 dist=3.31m
106,34.458,WORKER,3,4.494,2.828,3.000,-1.511,-1.310,0.000,2.000,state=MOVING bat=1.00 dist=3.31m
107,34.671,GENERAL,0,0.000,0.000,5.000,0.000,0.000,0.000,0.000,N/A
107,34.671,NODE,0,-5.239,-3.965,3.000,-0.133,0.590,0.000,0.604,zone=0 dist=1.05m
107,34.671,NODE,1,5.238,-3.964,3.000,0.128,0.583,0.000,0.596,zone=1 dist=1.05m
107,34.671,NODE,2,-4.248,4.250,3.000,0.420,-0.425,0.000,0.597,zone=2 dist=1.05m
107,34.671,NODE,3,4.248,4.249,3.000,-0.427,-0.421,0.000,0.600,zone=3 dist=1.05m
107,34.671,SCOUT,0,-3.730,-4.004,3.000,-0.134,0.585,0.000,0.600,cmd_age=0.02s bat=1.00 dist=1.02m
107,34.671,SCOUT,1,-5.230,-2.504,3.000,-0.134,0.585,0.000,0.600,cmd_age=0.02s bat=1.00 dist=1.02m
107,34.671,SCOUT,2,-6.730,-4.004,3.000,-0.134,0.585,0.000,0.600,cmd_age=0.02s bat=1.00 dist=1.02m
107,34.671,SCOUT,3,-5.230,-5.504,3.000,-0.134,0.585,0.000,0.600,cmd_age=0.02s bat=1.00 dist=1.02m
107,34.671,SCOUT,4,6.730,-4.003,3.000,0.133,0.586,0.000,0.601,cmd_age=0.02s bat=1.00 dist=1.02m
107,34.671,SCOUT,5,5.230,-2.503,3.000,0.133,0.586,0.000,0.601,cmd_age=0.02s bat=1.00 dist=1.02m
107,34.671,SCOUT,6,3.730,-4.003,3.000,0.133,0.586,0.000,0.601,cmd_age=0.02s bat=1.00 dist=1.02m
107,34.671,SCOUT,7,5.230,-5.503,3.000,0.133,0.586,0.000,0.601,cmd_age=0.02s bat=1.00 dist=1.02m
107,34.671,SCOUT,8,-2.776,4.278,3.000,0.426,-0.423,0.000,0.600,cmd_age=0.02s bat=1.00 dist=1.02m
107,34.671,SCOUT,9,-4.276,5.778,3.000,0.426,-0.423,0.000,0.600,cmd_age=0.02s bat=1.00 dist=1.02m
107,34.671,SCOUT,10,-5.776,4.278,3.000,0.426,-0.423,0.000,0.600,cmd_age=0.02s bat=1.00 dist=1.02m
107,34.671,SCOUT,11,-4.276,2.778,3.000,0.426,-0.423,0.000,0.600,cmd_age=0.02s bat=1.00 dist=1.02m
107,34.671,SCOUT,12,5.777,4.278,3.000,-0.426,-0.423,0.000,0.600,cmd_age=0.02s bat=1.00 dist=1.02m
107,34.671,SCOUT,13,4.277,5.778,3.000,-0.426,-0.423,0.000,0.600,cmd_age=0.02s bat=1.00 dist=1.02m
107,34.671,SCOUT,14,2.777,4.278,3.000,-0.426,-0.423,0.000,0.600,cmd_age=0.02s bat=1.00 dist=1.02m
107,34.671,SCOUT,15,4.277,2.778,3.000,-0.426,-0.423,0.000,0.600,cmd_age=0.02s bat=1.00 dist=1.02m
107,34.671,WORKER,0,-4.203,-1.873,3.000,-0.718,1.867,0.000,2.000,state=MOVING bat=1.00 dist=3.35m
107,34.671,WORKER,1,7.257,-1.660,3.000,0.153,1.994,0.000,2.000,state=MOVING bat=1.00 dist=3.35m
107,34.671,WORKER,2,-0.836,2.443,3.000,1.292,-1.527,0.000,2.000,state=MOVING bat=1.00 dist=3.35m
107,34.671,WORKER,3,4.468,2.806,3.000,-1.511,-1.310,0.000,2.000,state=MOVING bat=1.00 dist=3.35m
108,34.879,GENERAL,0,0.000,0.000,5.000,0.000,0.000,0.000,0.000,N/A
108,34.879,NODE,0,-5.241,-3.955,3.000,-0.139,0.588,0.000,0.605,zone=0 dist=1.06m
108,34.879,NODE,1,5.241,-3.955,3.000,0.134,0.579,0.000,0.594,zone=1 dist=1.06m
108,34.879,NODE,2,-4.241,4.243,3.000,0.422,-0.421,0.000,0.596,zone=2 dist=1.06m
108,34.879,NODE,3,4.242,4.242,3.000,-0.417,-0.426,0.000,0.597,zone=3 dist=1.06m
108,34.879,SCOUT,0,-3.732,-3.994,3.000,-0.135,0.586,0.000,0.601,cmd_age=0.02s bat=1.00 dist=1.03m
108,34.879,SCOUT,1,-5.232,-2.494,3.000,-0.135,0.586,0.000,0.601,cmd_age=0.02s bat=1.00 dist=1.03m
108,34.879,SCOUT,2,-6.732,-3.994,3.000,-0.135,0.586,0.000,0.601,cmd_age=0.02s bat=1.00 dist=1.03m
108,34.879,SCOUT,3,-5.232,-5.494,3.000,-0.135,0.586,0.000,0.601,cmd_age=0.02s bat=1.00 dist=1.03m
108,34.879,SCOUT,4,6.732,-3.994,3.000,0.133,0.584,0.000,0.599,cmd_age=0.02s bat=1.00 dist=1.03m
108,34.879,SCOUT,5,5.232,-2.494,3.000,0.133,0.584,0.000,0.599,cmd_age=0.02s bat=1.00 dist=1.03m
108,34.879,SCOUT,6,3.732,-3.994,3.000,0.133,0.584,0.000,0.599,cmd_age=0.02s bat=1.00 dist=1.03m
108,34.879,SCOUT,7,5.232,-5.494,3.000,0.133,0.584,0.000,0.599,cmd_age=0.02s bat=1.00 dist=1.03m
108,34.879,SCOUT,8,-2.769,4.271,3.000,0.425,-0.422,0.000,0.599,cmd_age=0.02s bat=1.00 dist=1.03m
108,34.879,SCOUT,9,-4.269,5.771,3.000,0.425,-0.422,0.000,0.599,cmd_age=0.02s bat=1.00 dist=1.03m
108,34.879,SCOUT,10,-5.769,4.271,3.000,0.425,-0.422,0.000,0.599,cmd_age=0.02s bat=1.00 dist=1.03m
108,34.879,SCOUT,11,-4.269,2.771,3.000,0.425,-0.422,0.000,0.599,cmd_age=0.02s bat=1.00 dist=1.03m
108,34.879,SCOUT,12,5.770,4.271,3.000,-0.424,-0.424,0.000,0.600,cmd_age=0.02s bat=1.00 dist=1.03m
108,34.879,SCOUT,13,4.270,5.771,3.000,-0.424,-0.424,0.000,0.600,cmd_age=0.02s bat=1.00 dist=1.03m
108,34.879,SCOUT,14,2.770,4.271,3.000,-0.424,-0.424,0.000,0.600,cmd_age=0.02s bat=1.00 dist=1.03m
108,34.879,SCOUT,15,4.270,2.771,3.000,-0.424,-0.424,0.000,0.600,cmd_age=0.02s bat=1.00 dist=1.03m
108,34.879,WORKER,0,-4.215,-1.842,3.000,-0.718,1.867,0.000,2.000,state=MOVING bat=1.00 dist=3.38m
108,34.879,WORKER,1,7.259,-1.627,3.000,0.153,1.994,0.000,2.000,state=MOVING bat=1.00 dist=3.38m
108,34.879,WORKER,2,-0.815,2.417,3.000,1.292,-1.527,0.000,2.000,state=MOVING bat=1.00 dist=3.38m
108,34.879,WORKER,3,4.443,2.784,3.000,-1.511,-1.310,0.000,2.000,state=MOVING bat=1.00 dist=3.38m
109,35.097,GENERAL,0,0.000,0.000,5.000,0.000,0.000,0.000,0.000,N/A
109,35.097,NODE,0,-5.243,-3.945,3.000,-0.129,0.580,0.000,0.594,zone=0 dist=1.07m
109,35.097,NODE,1,5.243,-3.945,3.000,0.136,0.588,0.000,0.604,zone=1 dist=1.07m
109,35.097,NODE,2,-4.234,4.236,3.000,0.424,-0.421,0.000,0.598,zone=2 dist=1.07m
109,35.097,NODE,3,4.234,4.235,3.000,-0.427,-0.427,0.000,0.604,zone=3 dist=1.07m
109,35.097,SCOUT,0,-3.734,-3.984,3.000,-0.134,0.585,0.000,0.600,cmd_age=0.02s bat=1.00 dist=1.04m
109,35.097,SCOUT,1,-5.234,-2.484,3.000,-0.134,0.585,0.000,0.600,cmd_age=0.02s bat=1.00 dist=1.04m
109,35.097,SCOUT,2,-6.734,-3.984,3.000,-0.134,0.585,0.000,0.600,cmd_age=0.02s bat=1.00 dist=1.04m
109,35.097,SCOUT,3,-5.234,-5.484,3.000,-0.134,0.585,0.000,0.600,cmd_age=0.02s bat=1.00 dist=1.04m
109,35.097,SCOUT,4,6.734,-3.984,3.000,0.134,0.585,0.000,0.600,cmd_age=0.02s bat=1.00 dist=1.04m
109,35.097,SCOUT,5,5.234,-2.484,3.000,0.134,0.585,0.000,0.600,cmd_age=0.02s bat=1.00 dist=1.04m
109,35.097,SCOUT,6,3.734,-3.984,3.000,0.134,0.585,0.000,0.600,cmd_age=0.02s bat=1.00 dist=1.04m
109,35.097,SCOUT,7,5.234,-5.484,3.000,0.134,0.585,0.000,0.600,cmd_age=0.02s bat=1.00 dist=1.04m
109,35.097,SCOUT,8,-2.762,4.264,3.000,0.425,-0.422,0.000,0.599,cmd_age=0.02s bat=1.00 dist=1.04m
109,35.097,SCOUT,9,-4.262,5.764,3.000,0.425,-0.422,0.000,0.599,cmd_age=0.02s bat=1.00 dist=1.04m
109,35.097,SCOUT,10,-5.762,4.264,3.000,0.425,-0.422,0.000,0.599,cmd_age=0.02s bat=1.00 dist=1.04m
109,35.097,SCOUT,11,-4.262,2.764,3.000,0.425,-0.422,0.000,0.599,cmd_age=0.02s bat=1.00 dist=1.04m
109,35.097,SCOUT,12,5.763,4.264,3.000,-0.425,-0.424,0.000,0.600,cmd_age=0.02s bat=1.00 dist=1.04m
109,35.097,SCOUT,13,4.263,5.764,3.000,-0.425,-0.424,0.000,0.600,cmd_age=0.02s bat=1.00 dist=1.04m
109,35.097,SCOUT,14,2.763,4.264,3.000,-0.425,-0.424,0.000,0.600,cmd_age=0.02s bat=1.00 dist=1.04m
109,35.097,SCOUT,15,4.263,2.764,3.000,-0.425,-0.424,0.000,0.600,cmd_age=0.02s bat=1.00 dist=1.04m
109,35.097,WORKER,0,-4.227,-1.811,3.000,-0.718,1.867,0.000,2.000,state=MOVING bat=1.00 dist=3.41m
109,35.097,WORKER,1,7.262,-1.593,3.000,0.153,1.994,0.000,2.000,state=MOVING bat=1.00 dist=3.41m
109,35.097,WORKER,2,-0.793,2.392,3.000,1.292,-1.527,0.000,2.000,state=MOVING bat=1.00 dist=3.41m
109,35.097,WORKER,3,4.418,2.762,3.000,-1.511,-1.310,0.000,2.000,state=MOVING bat=1.00 dist=3.41m
110,35.309,GENERAL,0,0.000,0.000,5.000,0.000,0.000,0.000,0.000,N/A
110,35.309,NODE,0,-5.246,-3.936,3.000,-0.132,0.581,0.000,0.596,zone=0 dist=1.08m
110,35.309,NODE,1,5.245,-3.935,3.000,0.136,0.588,0.000,0.604,zone=1 dist=1.08m
110,35.309,NODE,2,-4.227,4.229,3.000,0.426,-0.422,0.000,0.600,zone=2 dist=1.08m
110,35.309,NODE,3,4.227,4.228,3.000,-0.422,-0.424,0.000,0.598,zone=3 dist=1.08m
110,35.309,SCOUT,0,-3.737,-3.975,3.000,-0.133,0.584,0.000,0.599,cmd_age=0.02s bat=1.00 dist=1.05m
110,35.309,SCOUT,1,-5.237,-2.475,3.000,-0.133,0.584,0.000,0.599,cmd_age=0.02s bat=1.00 dist=1.05m
110,35.309,SCOUT,2,-6.737,-3.975,3.000,-0.133,0.584,0.000,0.599,cmd_age=0.02s bat=1.00 dist=1.05m
110,35.309,SCOUT,3,-5.237,-5.475,3.000,-0.133,0.584,0.000,0.599,cmd_age=0.02s bat=1.00 dist=1.05m
110,35.309,SCOUT,4,6.736,-3.974,3.000,0.134,0.586,0.000,0.601,cmd_age=0.02s bat=1.00 dist=1.05m
110,35.309,SCOUT,5,5.236,-2.474,3.000,0.134,0.586,0.000,0.601,cmd_age=0.02s bat=1.00 dist=1.05m
110,35.309,SCOUT,6,3.736,-3.974,3.000,0.134,0.586,0.000,0.601,cmd_age=0.02s bat=1.00 dist=1.05m
110,35.309,SCOUT,7,5.236,-5.474,3.000,0.134,0.586,0.000,0.601,cmd_age=0.02s bat=1.00 dist=1.05m
110,35.309,SCOUT,8,-2.755,4.257,3.000,0.425,-0.422,0.000,0.599,cmd_age=0.02s bat=1.00 dist=1.05m
110,35.309,SCOUT,9,-4.255,5.757,3.000,0.425,-0.422,0.000,0.599,cmd_age=0.02s bat=1.00 dist=1.05m
110,35.309,SCOUT,10,-5.755,4.257,3.000,0.425,-0.422,0.000,0.599,cmd_age=0.02s bat=1.00 dist=1.05m
110,35.309,SCOUT,11,-4.255,2.757,3.000,0.425,-0.422,0.000,0.599,cmd_age=0.02s bat=1.00 dist=1.05m
110,35.309,SCOUT,12,5.756,4.256,3.000,-0.424,-0.424,0.000,0.600,cmd_age=0.02s bat=1.00 dist=1.05m
110,35.309,SCOUT,13,4.256,5.756,3.000,-0.424,-0.424,0.000,0.600,cmd_age=0.02s bat=1.00 dist=1.05m
110,35.309,SCOUT,14,2.756,4.256,3.000,-0.424,-0.424,0.000,0.600,cmd_age=0.02s bat=1.00 dist=1.05m
110,35.309,SCOUT,15,4.256,2.756,3.000,-0.424,-0.424,0.000,0.600,cmd_age=0.02s bat=1.00 dist=1.05m
110,35.309,WORKER,0,-4.238,-1.780,3.000,-0.718,1.867,0.000,2.000,state=MOVING bat=1.00 dist=3.45m
110,35.309,WORKER,1,7.265,-1.560,3.000,0.153,1.994,0.000,2.000,state=MOVING bat=1.00 dist=3.45m
110,35.309,WORKER,2,-0.771,2.366,3.000,1.292,-1.527,0.000,2.000,state=MOVING bat=1.00 dist=3.45m
110,35.309,WORKER,3,4.393,2.740,3.000,-1.511,-1.310,0.000,2.000,state=MOVING bat=1.00 dist=3.45m
111,35.517,GENERAL,0,0.000,0.000,5.000,0.000,0.000,0.000,0.000,N/A
111,35.517,NODE,0,-5.248,-3.926,3.000,-0.139,0.587,0.000,0.603,zone=0 dist=1.09m
111,35.517,NODE,1,5.247,-3.925,3.000,0.135,0.584,0.000,0.600,zone=1 dist=1.09m
111,35.517,NODE,2,-4.220,4.222,3.000,0.419,-0.422,0.000,0.595,zone=2 dist=1.09m
111,35.517,NODE,3,4.220,4.221,3.000,-0.429,-0.427,0.000,0.605,zone=3 dist=1.09m
111,35.517,SCOUT,0,-3.739,-3.965,3.000,-0.135,0.585,0.000,0.600,cmd_age=0.02s bat=1.00 dist=1.06m
111,35.517,SCOUT,1,-5.239,-2.465,3.000,-0.135,0.585,0.000,0.600,cmd_age=0.02s bat=1.00 dist=1.06m
111,35.517,SCOUT,2,-6.739,-3.965,3.000,-0.135,0.585,0.000,0.600,cmd_age=0.02s bat=1.00 dist=1.06m
111,35.517,SCOUT,3,-5.239,-5.465,3.000,-0.135,0.585,0.000,0.600,cmd_age=0.02s bat=1.00 dist=1.06m
111,35.517,SCOUT,4,6.739,-3.964,3.000,0.134,0.585,0.000,0.601,cmd_age=0.02s bat=1.00 dist=1.06m
111,35.517,SCOUT,5,5.239,-2.464,3.000,0.134,0.585,0.000,0.601,cmd_age=0.02s bat=1.00 dist=1.06m
111,35.517,SCOUT,6,3.739,-3.964,3.000,0.134,0.585,0.000,0.601,cmd_age=0.02s bat=1.00 dist=1.06m
111,35.517,SCOUT,7,5.239,-5.464,3.000,0.134,0.585,0.000,0.601,cmd_age=0.02s bat=1.00 dist=1.06m
111,35.517,SCOUT,8,-2.748,4.250,3.000,0.424,-0.422,0.000,0.598,cmd_age=0.02s bat=1.00 dist=1.06m
111,35.517,SCOUT,9,-4.248,5.750,3.000,0.424,-0.422,0.000,0.598,cmd_age=0.02s bat=1.00 dist=1.06m
111,35.517,SCOUT,10,-5.748,4.250,3.000,0.424,-0.422,0.000,0.598,cmd_age=0.02s bat=1.00 dist=1.06m
111,35.517,SCOUT,11,-4.248,2.750,3.000,0.424,-0.422,0.000,0.598,cmd_age=0.02s bat=1.00 dist=1.06m
111,35.517,SCOUT,12,5.749,4.249,3.000,-0.425,-0.425,0.000,0.601,cmd_age=0.02s bat=1.00 dist=1.06m
111,35.517,SCOUT,13,4.249,5.749,3.000,-0.425,-0.425,0.000,0.601,cmd_age=0.02s bat=1.00 dist=1.06m
111,35.517,SCOUT,14,2.749,4.249,3.000,-0.425,-0.425,0.000,0.601,cmd_age=0.02s bat=1.00 dist=1.06m
111,35.517,SCOUT,15,4.249,2.749,3.000,-0.425,-0.425,0.000,0.601,cmd_age=0.02s bat=1.00 dist=1.06m
111,35.517,WORKER,0,-4.250,-1.749,3.000,-0.718,1.867,0.000,2.000,state=MOVING bat=1.00 dist=3.48m
111,35.517,WORKER,1,7.267,-1.527,3.000,0.153,1.994,0.000,2.000,state=MOVING bat=1.00 dist=3.48m
111,35.517,WORKER,2,-0.750,2.341,3.000,1.292,-1.527,0.000,2.000,state=MOVING bat=1.00 dist=3.48m
111,35.517,WORKER,3,4.368,2.719,3.000,-1.511,-1.310,0.000,2.000,state=MOVING bat=1.00 dist=3.48m
112,35.729,GENERAL,0,0.000,0.000,5.000,0.000,0.000,0.000,0.000,N/A
112,35.729,NODE,0,-5.250,-3.916,3.000,-0.136,0.585,0.000,0.601,zone=0 dist=1.10m
112,35.729,NODE,1,5.250,-3.916,3.000,0.130,0.586,0.000,0.600,zone=1 dist=1.10m
112,35.729,NODE,2,-4.213,4.215,3.000,0.426,-0.426,0.000,0.603,zone=2 dist=1.10m
112,35.729,NODE,3,4.213,4.214,3.000,-0.426,-0.417,0.000,0.596,zone=3 dist=1.10m
112,35.729,SCOUT,0,-3.741,-3.955,3.000,-0.135,0.585,0.000,0.600,cmd_age=0.02s bat=1.00 dist=1.07m
112,35.729,SCOUT,1,-5.241,-2.455,3.000,-0.135,0.585,0.000,0.600,cmd_age=0.02s bat=1.00 dist=1.07m
112,35.729,SCOUT,2,-6.741,-3.955,3.000,-0.135,0.585,0.000,0.600,cmd_age=0.02s bat=1.00 dist=1.07m
112,35.729,SCOUT,3,-5.241,-5.455,3.000,-0.135,0.585,0.000,0.600,cmd_age=0.02s bat=1.00 dist=1.07m
112,35.729,SCOUT,4,6.741,-3.955,3.000,0.134,0.586,0.000,0.601,cmd_age=0.02s bat=1.00 dist=1.07m
112,35.729,SCOUT,5,5.241,-2.455,3.000,0.134,0.586,0.000,0.601,cmd_age=0.02s bat=1.00 dist=1.07m
112,35.729,SCOUT,6,3.741,-3.955,3.000,0.134,0.586,0.000,0.601,cmd_age=0.02s bat=1.00 dist=1.07m
112,35.729,SCOUT,7,5.241,-5.455,3.000,0.134,0.586,0.000,0.601,cmd_age=0.02s bat=1.00 dist=1.07m
112,35.729,SCOUT,8,-2.741,4.243,3.000,0.424,-0.423,0.000,0.599,cmd_age=0.02s bat=1.00 dist=1.07m
112,35.729,SCOUT,9,-4.241,5.743,3.000,0.424,-0.423,0.000,0.599,cmd_age=0.02s bat=1.00 dist=1.07m
112,35.729,SCOUT,10,-5.741,4.243,3.000,0.424,-0.423,0.000,0.599,cmd_age=0.02s bat=1.00 dist=1.07m
112,35.729,SCOUT,11,-4.241,2.743,3.000,0.424,-0.423,0.000,0.599,cmd_age=0.02s bat=1.00 dist=1.07m
112,35.729,SCOUT,12,5.741,4.242,3.000,-0.425,-0.423,0.000,0.600,cmd_age=0.02s bat=1.00 dist=1.07m
112,35.729,SCOUT,13,4.241,5.742,3.000,-0.425,-0.423,0.000,0.600,cmd_age=0.02s bat=1.00 dist=1.07m
112,35.729,SCOUT,14,2.741,4.242,3.000,-0.425,-0.423,0.000,0.600,cmd_age=0.02s bat=1.00 dist=1.07m
112,35.729,SCOUT,15,4.241,2.742,3.000,-0.425,-0.423,0.000,0.600,cmd_age=0.02s bat=1.00 dist=1.07m
112,35.729,WORKER,0,-4.262,-1.718,3.000,-0.718,1.867,0.000,2.000,state=MOVING bat=1.00 dist=3.51m
112,35.729,WORKER,1,7.270,-1.494,3.000,0.153,1.994,0.000,2.000,state=MOVING bat=1.00 dist=3.51m
112,35.729,WORKER,2,-0.728,2.315,3.000,1.292,-1.527,0.000,2.000,state=MOVING bat=1.00 dist=3.51m
112,35.729,WORKER,3,4.342,2.697,3.000,-1.511,-1.310,0.000,2.000,state=MOVING bat=1.00 dist=3.51m
113,35.940,GENERAL,0,0.000,0.000,5.000,0.000,0.000,0.000,0.000,N/A
113,35.940,NODE,0,-5.252,-3.906,3.000,-0.135,0.585,0.000,0.601,zone=0 dist=1.11m
113,35.940,NODE,1,5.252,-3.906,3.000,0.133,0.581,0.000,0.596,zone=1 dist=1.11m
113,35.940,NODE,2,-4.206,4.208,3.000,0.423,-0.424,0.000,0.599,zone=2 dist=1.11m
113,35.940,NODE,3,4.206,4.207,3.000,-0.428,-0.422,0.000,0.601,zone=3 dist=1.11m
113,35.940,SCOUT,0,-3.743,-3.945,3.000,-0.135,0.585,0.000,0.600,cmd_age=0.02s bat=1.00 dist=1.08m
113,35.940,SCOUT,1,-5.243,-2.445,3.000,-0.135,0.585,0.000,0.600,cmd_age=0.02s bat=1.00 dist=1.08m
113,35.940,SCOUT,2,-6.743,-3.945,3.000,-0.135,0.585,0.000,0.600,cmd_age=0.02s bat=1.00 dist=1.08m
113,35.940,SCOUT,3,-5.243,-5.445,3.000,-0.135,0.585,0.000,0.600,cmd_age=0.02s bat=1.00 dist=1.08m
113,35.940,SCOUT,4,6.743,-3.945,3.000,0.133,0.585,0.000,0.600,cmd_age=0.02s bat=1.00 dist=1.08m
113,35.940,SCOUT,5,5.243,-2.445,3.000,0.133,0.585,0.000,0.600,cmd_age=0.02s bat=1.00 dist=1.08m
113,35.940,SCOUT,6,3.743,-3.945,3.000,0.133,0.585,0.000,0.600,cmd_age=0.02s bat=1.00 dist=1.08m
113,35.940,SCOUT,7,5.243,-5.445,3.000,0.133,0.585,0.000,0.600,cmd_age=0.02s bat=1.00 dist=1.08m
113,35.940,SCOUT,8,-2.734,4.236,3.000,0.424,-0.423,0.000,0.599,cmd_age=0.02s bat=1.00 dist=1.08m
113,35.940,SCOUT,9,-4.234,5.736,3.000,0.424,-0.423,0.000,0.599,cmd_age=0.02s bat=1.00 dist=1.08m
113,35.940,SCOUT,10,-5.734,4.236,3.000,0.424,-0.423,0.000,0.599,cmd_age=0.02s bat=1.00 dist=1.08m
113,35.940,SCOUT,11,-4.234,2.736,3.000,0.424,-0.423,0.000,0.599,cmd_age=0.02s bat=1.00 dist=1.08m
113,35.940,SCOUT,12,5.734,4.235,3.000,-0.426,-0.423,0.000,0.600,cmd_age=0.02s bat=1.00 dist=1.08m
113,35.940,SCOUT,13,4.234,5.735,3.000,-0.426,-0.423,0.000,0.600,cmd_age=0.02s bat=1.00 dist=1.08m
113,35.940,SCOUT,14,2.734,4.235,3.000,-0.426,-0.423,0.000,0.600,cmd_age=0.02s bat=1.00 dist=1.08m
113,35.940,SCOUT,15,4.234,2.735,3.000,-0.426,-0.423,0.000,0.600,cmd_age=0.02s bat=1.00 dist=1.08m
113,35.940,WORKER,0,-4.274,-1.687,3.000,-0.718,1.867,0.000,2.000,state=MOVING bat=1.00 dist=3.55m
113,35.940,WORKER,1,7.272,-1.460,3.000,0.153,1.994,0.000,2.000,state=MOVING bat=1.00 dist=3.55m
113,35.940,WORKER,2,-0.707,2.290,3.000,1.292,-1.527,0.000,2.000,state=MOVING bat=1.00 dist=3.55m
113,35.940,WORKER,3,4.317,2.675,3.000,-1.511,-1.310,0.000,2.000,state=MOVING bat=1.00 dist=3.55m
114,36.155,GENERAL,0,0.000,0.000,5.000,0.000,0.000,0.000,0.000,N/A
114,36.155,NODE,0,-5.255,-3.897,3.000,-0.140,0.585,0.000,0.602,zone=0 dist=1.12m
114,36.155,NODE,1,5.254,-3.896,3.000,0.137,0.586,0.000,0.602,zone=1 dist=1.12m
114,36.155,NODE,2,-4.198,4.201,3.000,0.428,-0.419,0.000,0.599,zone=2 dist=1.12m
114,36.155,NODE,3,4.199,4.200,3.000,-0.421,-0.421,0.000,0.596,zone=3 dist=1.12m
114,36.155,SCOUT,0,-3.746,-3.936,3.000,-0.136,0.585,0.000,0.600,cmd_age=0.02s bat=1.00 dist=1.09m
114,36.155,SCOUT,1,-5.246,-2.436,3.000,-0.136,0.585,0.000,0.600,cmd_age=0.02s bat=1.00 dist=1.09m
114,36.155,SCOUT,2,-6.746,-3.936,3.000,-0.136,0.585,0.000,0.600,cmd_age=0.02s bat=1.00 dist=1.09m
114,36.155,SCOUT,3,-5.246,-5.436,3.000,-0.136,0.585,0.000,0.600,cmd_age=0.02s bat=1.00 dist=1.09m
114,36.155,SCOUT,4,6.745,-3.935,3.000,0.134,0.585,0.000,0.600,cmd_age=0.02s bat=1.00 dist=1.09m
114,36.155,SCOUT,5,5.245,-2.435,3.000,0.134,0.585,0.000,0.600,cmd_age=0.02s bat=1.00 dist=1.09m
114,36.155,SCOUT,6,3.745,-3.935,3.000,0.134,0.585,0.000,0.600,cmd_age=0.02s bat=1.00 dist=1.09m
114,36.155,SCOUT,7,5.245,-5.435,3.000,0.134,0.585,0.000,0.600,cmd_age=0.02s bat=1.00 dist=1.09m
114,36.155,SCOUT,8,-2.727,4.229,3.000,0.425,-0.422,0.000,0.599,cmd_age=0.02s bat=1.00 dist=1.09m
114,36.155,SCOUT,9,-4.227,5.729,3.000,0.425,-0.422,0.000,0.599,cmd_age=0.02s bat=1.00 dist=1.09m
114,36.155,SCOUT,10,-5.727,4.229,3.000,0.425,-0.422,0.000,0.599,cmd_age=0.02s bat=1.00 dist=1.09m
114,36.155,SCOUT,11,-4.227,2.729,3.000,0.425,-0.422,0.000,0.599,cmd_age=0.02s bat=1.00 dist=1.09m
114,36.155,SCOUT,12,5.727,4.228,3.000,-0.425,-0.423,0.000,0.599,cmd_age=0.02s bat=1.00 dist=1.09m
114,36.155,SCOUT,13,4.227,5.728,3.000,-0.425,-0.423,0.000,0.599,cmd_age=0.02s bat=1.00 dist=1.09m
114,36.155,SCOUT,14,2.727,4.228,3.000,-0.425,-0.423,0.000,0.599,cmd_age=0.02s bat=1.00 dist=1.09m
114,36.155,SCOUT,15,4.227,2.728,3.000,-0.425,-0.423,0.000,0.599,cmd_age=0.02s bat=1.00 dist=1.09m
114,36.155,WORKER,0,-4.286,-1.656,3.000,-0.718,1.867,0.000,2.000,state=MOVING bat=1.00 dist=3.58m
114,36.155,WORKER,1,7.275,-1.427,3.000,0.153,1.994,0.000,2.000,state=MOVING bat=1.00 dist=3.58m
114,36.155,WORKER,2,-0.685,2.265,3.000,1.292,-1.527,0.000,2.000,state=MOVING bat=1.00 dist=3.58m
114,36.155,WORKER,3,4.292,2.653,3.000,-1.511,-1.310,0.000,2.000,state=MOVING bat=1.00 dist=3.58m
115,36.374,GENERAL,0,0.000,0.000,5.000,0.000,0.000,0.000,0.000,N/A
115,36.374,NODE,0,-5.257,-3.887,3.000,-0.135,0.583,0.000,0.599,zone=0 dist=1.13m
115,36.374,NODE,1,5.256,-3.886,3.000,0.133,0.588,0.000,0.603,zone=1 dist=1.13m
115,36.374,NODE,2,-4.191,4.194,3.000,0.419,-0.421,0.000,0.594,zone=2 dist=1.13m
115,36.374,NODE,3,4.192,4.193,3.000,-0.429,-0.423,0.000,0.603,zone=3 dist=1.13m
115,36.374,SCOUT,0,-3.748,-3.926,3.000,-0.136,0.585,0.000,0.600,cmd_age=0.02s bat=1.00 dist=1.10m
115,36.374,SCOUT,1,-5.248,-2.426,3.000,-0.136,0.585,0.000,0.600,cmd_age=0.02s bat=1.00 dist=1.10m
115,36.374,SCOUT,2,-6.748,-3.926,3.000,-0.136,0.585,0.000,0.600,cmd_age=0.02s bat=1.00 dist=1.10m
115,36.374,SCOUT,3,-5.248,-5.426,3.000,-0.136,0.585,0.000,0.600,cmd_age=0.02s bat=1.00 dist=1.10m
115,36.374,SCOUT,4,6.747,-3.925,3.000,0.134,0.586,0.000,0.601,cmd_age=0.02s bat=1.00 dist=1.10m
115,36.374,SCOUT,5,5.247,-2.425,3.000,0.134,0.586,0.000,0.601,cmd_age=0.02s bat=1.00 dist=1.10m
115,36.374,SCOUT,6,3.747,-3.925,3.000,0.134,0.586,0.000,0.601,cmd_age=0.02s bat=1.00 dist=1.10m
115,36.374,SCOUT,7,5.247,-5.425,3.000,0.134,0.586,0.000,0.601,cmd_age=0.02s bat=1.00 dist=1.10m
115,36.374,SCOUT,8,-2.720,4.222,3.000,0.424,-0.422,0.000,0.598,cmd_age=0.02s bat=1.00 dist=1.10m
115,36.374,SCOUT,9,-4.220,5.722,3.000,0.424,-0.422,0.000,0.598,cmd_age=0.02s bat=1.00 dist=1.10m
115,36.374,SCOUT,10,-5.720,4.222,3.000,0.424,-0.422,0.000,0.598,cmd_age=0.02s bat=1.00 dist=1.10m
115,36.374,SCOUT,11,-4.220,2.722,3.000,0.424,-0.422,0.000,0.598,cmd_age=0.02s bat=1.00 dist=1.10m
115,36.374,SCOUT,12,5.720,4.221,3.000,-0.426,-0.423,0.000,0.600,cmd_age=0.02s bat=1.00 dist=1.10m
115,36.374,SCOUT,13,4.220,5.721,3.000,-0.426,-0.423,0.000,0.600,cmd_age=0.02s bat=1.00 dist=1.10m
115,36.374,SCOUT,14,2.720,4.221,3.000,-0.426,-0.423,0.000,0.600,cmd_age=0.02s bat=1.00 dist=1.10m
115,36.374,SCOUT,15,4.220,2.721,3.000,-0.426,-0.423,0.000,0.600,cmd_age=0.02s bat=1.00 dist=1.10m
115,36.374,WORKER,0,-4.298,-1.624,3.000,-0.718,1.867,0.000,2.000,state=MOVING bat=1.00 dist=3.61m
115,36.374,WORKER,1,7.277,-1.394,3.000,0.153,1.994,0.000,2.000,state=MOVING bat=1.00 dist=3.61m
115,36.374,WORKER,2,-0.664,2.239,3.000,1.292,-1.527,0.000,2.000,state=MOVING bat=1.00 dist=3.61m
115,36.374,WORKER,3,4.267,2.631,3.000,-1.511,-1.310,0.000,2.000,state=MOVING bat=1.00 dist=3.61m
116,36.588,GENERAL,0,0.000,0.000,5.000,0.000,0.000,0.000,0.000,N/A
116,36.588,NODE,0,-5.259,-3.877,3.000,-0.131,0.585,0.000,0.600,zone=0 dist=1.14m
116,36.588,NODE,1,5.259,-3.877,3.000,0.139,0.588,0.000,0.604,zone=1 dist=1.14m
116,36.588,NODE,2,-4.184,4.187,3.000,0.426,-0.420,0.000,0.598,zone=2 dist=1.14m
116,36.588,NODE,3,4.185,4.186,3.000,-0.423,-0.422,0.000,0.598,zone=3 dist=1.14m
116,36.588,SCOUT,0,-3.750,-3.916,3.000,-0.135,0.585,0.000,0.600,cmd_age=0.02s bat=1.00 dist=1.11m
116,36.588,SCOUT,1,-5.250,-2.416,3.000,-0.135,0.585,0.000,0.600,cmd_age=0.02s bat=1.00 dist=1.11m
116,36.588,SCOUT,2,-6.750,-3.916,3.000,-0.135,0.585,0.000,0.600,cmd_age=0.02s bat=1.00 dist=1.11m
116,36.588,SCOUT,3,-5.250,-5.416,3.000,-0.135,0.585,0.000,0.600,cmd_age=0.02s bat=1.00 dist=1.11m
116,36.588,SCOUT,4,6.750,-3.916,3.000,0.135,0.586,0.000,0.601,cmd_age=0.02s bat=1.00 dist=1.11m
116,36.588,SCOUT,5,5.250,-2.416,3.000,0.135,0.586,0.000,0.601,cmd_age=0.02s bat=1.00 dist=1.11m
116,36.588,SCOUT,6,3.750,-3.916,3.000,0.135,0.586,0.000,0.601,cmd_age=0.02s bat=1.00 dist=1.11m
116,36.588,SCOUT,7,5.250,-5.416,3.000,0.135,0.586,0.000,0.601,cmd_age=0.02s bat=1.00 dist=1.11m
116,36.588,SCOUT,8,-2.713,4.215,3.000,0.424,-0.422,0.000,0.598,cmd_age=0.02s bat=1.00 dist=1.11m
116,36.588,SCOUT,9,-4.213,5.715,3.000,0.424,-0.422,0.000,0.598,cmd_age=0.02s bat=1.00 dist=1.11m
116,36.588,SCOUT,10,-5.713,4.215,3.000,0.424,-0.422,0.000,0.598,cmd_age=0.02s bat=1.00 dist=1.11m
116,36.588,SCOUT,11,-4.213,2.715,3.000,0.424,-0.422,0.000,0.598,cmd_age=0.02s bat=1.00 dist=1.11m
116,36.588,SCOUT,12,5.713,4.214,3.000,-0.425,-0.423,0.000,0.600,cmd_age=0.02s bat=1.00 dist=1.11m
116,36.588,SCOUT,13,4.213,5.714,3.000,-0.425,-0.423,0.000,0.600,cmd_age=0.02s bat=1.00 dist=1.11m
116,36.588,SCOUT,14,2.713,4.214,3.000,-0.425,-0.423,0.000,0.600,cmd_age=0.02s bat=1.00 dist=1.11m
116,36.588,SCOUT,15,4.213,2.714,3.000,-0.425,-0.423,0.000,0.600,cmd_age=0.02s bat=1.00 dist=1.11m
116,36.588,WORKER,0,-4.310,-1.593,3.000,-0.718,1.867,0.000,2.000,state=MOVING bat=1.00 dist=3.65m
116,36.588,WORKER,1,7.280,-1.361,3.000,0.153,1.994,0.000,2.000,state=MOVING bat=1.00 dist=3.65m
116,36.588,WORKER,2,-0.642,2.214,3.000,1.292,-1.527,0.000,2.000,state=MOVING bat=1.00 dist=3.65m
116,36.588,WORKER,3,4.242,2.610,3.000,-1.511,-1.310,0.000,2.000,state=MOVING bat=1.00 dist=3.65m
117,36.801,GENERAL,0,0.000,0.000,5.000,0.000,0.000,0.000,0.000,N/A
117,36.801,NODE,0,-5.262,-3.867,3.000,-0.143,0.584,0.000,0.602,zone=0 dist=1.15m
117,36.801,NODE,1,5.261,-3.867,3.000,0.133,0.579,0.000,0.594,zone=1 dist=1.15m
117,36.801,NODE,2,-4.177,4.179,3.000,0.422,-0.427,0.000,0.600,zone=2 dist=1.15m
117,36.801,NODE,3,4.178,4.179,3.000,-0.421,-0.427,0.000,0.600,zone=3 dist=1.15m
117,36.801,SCOUT,0,-3.752,-3.906,3.000,-0.136,0.585,0.000,0.600,cmd_age=0.02s bat=1.00 dist=1.12m
117,36.801,SCOUT,1,-5.252,-2.406,3.000,-0.136,0.585,0.000,0.600,cmd_age=0.02s bat=1.00 dist=1.12m
117,36.801,SCOUT,2,-6.752,-3.906,3.000,-0.136,0.585,0.000,0.600,cmd_age=0.02s bat=1.00 dist=1.12m
117,36.801,SCOUT,3,-5.252,-5.406,3.000,-0.136,0.585,0.000,0.600,cmd_age=0.02s bat=1.00 dist=1.12m
117,36.801,SCOUT,4,6.752,-3.906,3.000,0.135,0.585,0.000,0.600,cmd_age=0.02s bat=1.00 dist=1.12m
117,36.801,SCOUT,5,5.252,-2.406,3.000,0.135,0.585,0.000,0.600,cmd_age=0.02s bat=1.00 dist=1.12m
117,36.801,SCOUT,6,3.752,-3.906,3.000,0.135,0.585,0.000,0.600,cmd_age=0.02s bat=1.00 dist=1.12m
117,36.801,SCOUT,7,5.252,-5.406,3.000,0.135,0.585,0.000,0.600,cmd_age=0.02s bat=1.00 dist=1.12m
117,36.801,SCOUT,8,-2.706,4.208,3.000,0.424,-0.423,0.000,0.599,cmd_age=0.02s bat=1.00 dist=1.12m
117,36.801,SCOUT,9,-4.206,5.708,3.000,0.424,-0.423,0.000,0.599,cmd_age=0.02s bat=1.00 dist=1.12m
117,36.801,SCOUT,10,-5.706,4.208,3.000,0.424,-0.423,0.000,0.599,cmd_age=0.02s bat=1.00 dist=1.12m
117,36.801,SCOUT,11,-4.206,2.708,3.000,0.424,-0.423,0.000,0.599,cmd_age=0.02s bat=1.00 dist=1.12m
117,36.801,SCOUT,12,5.706,4.207,3.000,-0.425,-0.423,0.000,0.600,cmd_age=0.02s bat=1.00 dist=1.12m
117,36.801,SCOUT,13,4.206,5.707,3.000,-0.425,-0.423,0.000,0.600,cmd_age=0.02s bat=1.00 dist=1.12m
117,36.801,SCOUT,14,2.706,4.207,3.000,-0.425,-0.423,0.000,0.600,cmd_age=0.02s bat=1.00 dist=1.12m
117,36.801,SCOUT,15,4.206,2.707,3.000,-0.425,-0.423,0.000,0.600,cmd_age=0.02s bat=1.00 dist=1.12m
117,36.801,WORKER,0,-4.322,-1.562,3.000,-0.718,1.867,0.000,2.000,state=MOVING bat=1.00 dist=3.68m
117,36.801,WORKER,1,7.282,-1.328,3.000,0.153,1.994,0.000,2.000,state=MOVING bat=1.00 dist=3.68m
117,36.801,WORKER,2,-0.621,2.188,3.000,1.292,-1.527,0.000,2.000,state=MOVING bat=1.00 dist=3.68m
117,36.801,WORKER,3,4.217,2.588,3.000,-1.511,-1.310,0.000,2.000,state=MOVING bat=1.00 dist=3.68m
118,37.014,GENERAL,0,0.000,0.000,5.000,0.000,0.000,0.000,0.000,N/A
118,37.014,NODE,0,-5.264,-3.858,3.000,-0.128,0.577,0.000,0.591,zone=0 dist=1.16m
118,37.014,NODE,1,5.263,-3.857,3.000,0.135,0.581,0.000,0.597,zone=1 dist=1.16m
118,37.014,NODE,2,-4.170,4.172,3.000,0.429,-0.421,0.000,0.601,zone=2 dist=1.16m
118,37.014,NODE,3,4.171,4.172,3.000,-0.425,-0.423,0.000,0.600,zone=3 dist=1.16m
118,37.014,SCOUT,0,-3.755,-3.897,3.000,-0.135,0.583,0.000,0.598,cmd_age=0.02s bat=1.00 dist=1.13m
118,37.014,SCOUT,1,-5.255,-2.397,3.000,-0.135,0.583,0.000,0.598,cmd_age=0.02s bat=1.00 dist=1.13m
118,37.014,SCOUT,2,-6.755,-3.897,3.000,-0.135,0.583,0.000,0.598,cmd_age=0.02s bat=1.00 dist=1.13m
118,37.014,SCOUT,3,-5.255,-5.397,3.000,-0.135,0.583,0.000,0.598,cmd_age=0.02s bat=1.00 dist=1.13m
118,37.014,SCOUT,4,6.754,-3.896,3.000,0.135,0.584,0.000,0.599,cmd_age=0.02s bat=1.00 dist=1.13m
118,37.014,SCOUT,5,5.254,-2.396,3.000,0.135,0.584,0.000,0.599,cmd_age=0.02s bat=1.00 dist=1.13m
118,37.014,SCOUT,6,3.754,-3.896,3.000,0.135,0.584,0.000,0.599,cmd_age=0.02s bat=1.00 dist=1.13m
118,37.014,SCOUT,7,5.254,-5.396,3.000,0.135,0.584,0.000,0.599,cmd_age=0.02s bat=1.00 dist=1.13m
118,37.014,SCOUT,8,-2.698,4.201,3.000,0.425,-0.422,0.000,0.599,cmd_age=0.02s bat=1.00 dist=1.13m
118,37.014,SCOUT,9,-4.198,5.701,3.000,0.425,-0.422,0.000,0.599,cmd_age=0.02s bat=1.00 dist=1.13m
118,37.014,SCOUT,10,-5.698,4.201,3.000,0.425,-0.422,0.000,0.599,cmd_age=0.02s bat=1.00 dist=1.13m
118,37.014,SCOUT,11,-4.198,2.701,3.000,0.425,-0.422,0.000,0.599,cmd_age=0.02s bat=1.00 dist=1.13m
118,37.014,SCOUT,12,5.699,4.200,3.000,-0.425,-0.423,0.000,0.600,cmd_age=0.02s bat=1.00 dist=1.13m
118,37.014,SCOUT,13,4.199,5.700,3.000,-0.425,-0.423,0.000,0.600,cmd_age=0.02s bat=1.00 dist=1.13m
118,37.014,SCOUT,14,2.699,4.200,3.000,-0.425,-0.423,0.000,0.600,cmd_age=0.02s bat=1.00 dist=1.13m
118,37.014,SCOUT,15,4.199,2.700,3.000,-0.425,-0.423,0.000,0.600,cmd_age=0.02s bat=1.00 dist=1.13m
118,37.014,WORKER,0,-4.334,-1.531,3.000,-0.718,1.867,0.000,2.000,state=MOVING bat=1.00 dist=3.71m
118,37.014,WORKER,1,7.285,-1.294,3.000,0.153,1.994,0.000,2.000,state=MOVING bat=1.00 dist=3.71m
118,37.014,WORKER,2,-0.599,2.163,3.000,1.292,-1.527,0.000,2.000,state=MOVING bat=1.00 dist=3.71m
118,37.014,WORKER,3,4.191,2.566,3.000,-1.511,-1.310,0.000,2.000,state=MOVING bat=1.00 dist=3.71m
119,37.224,GENERAL,0,0.000,0.000,5.000,0.000,0.000,0.000,0.000,N/A
119,37.224,NODE,0,-5.266,-3.848,3.000,-0.128,0.579,0.000,0.593,zone=0 dist=1.17m
119,37.224,NODE,1,5.266,-3.847,3.000,0.147,0.582,0.000,0.600,zone=1 dist=1.17m
119,37.224,NODE,2,-4.163,4.165,3.000,0.431,-0.426,0.000,0.606,zone=2 dist=1.17m
119,37.224,NODE,3,4.164,4.165,3.000,-0.425,-0.423,0.000,0.600,zone=3 dist=1.17m
119,37.224,SCOUT,0,-3.757,-3.887,3.000,-0.133,0.582,0.000,0.597,cmd_age=0.02s bat=1.00 dist=1.14m
119,37.224,SCOUT,1,-5.257,-2.387,3.000,-0.133,0.582,0.000,0.597,cmd_age=0.02s bat=1.00 dist=1.14m
119,37.224,SCOUT,2,-6.757,-3.887,3.000,-0.133,0.582,0.000,0.597,cmd_age=0.02s bat=1.00 dist=1.14m
119,37.224,SCOUT,3,-5.257,-5.387,3.000,-0.133,0.582,0.000,0.597,cmd_age=0.02s bat=1.00 dist=1.14m
119,37.224,SCOUT,4,6.756,-3.886,3.000,0.137,0.584,0.000,0.599,cmd_age=0.02s bat=1.00 dist=1.14m
119,37.224,SCOUT,5,5.256,-2.386,3.000,0.137,0.584,0.000,0.599,cmd_age=0.02s bat=1.00 dist=1.14m
119,37.224,SCOUT,6,3.756,-3.886,3.000,0.137,0.584,0.000,0.599,cmd_age=0.02s bat=1.00 dist=1.14m
119,37.224,SCOUT,7,5.256,-5.386,3.000,0.137,0.584,0.000,0.599,cmd_age=0.02s bat=1.00 dist=1.14m
119,37.224,SCOUT,8,-2.691,4.194,3.000,0.426,-0.423,0.000,0.600,cmd_age=0.02s bat=1.00 dist=1.14m
119,37.224,SCOUT,9,-4.191,5.694,3.000,0.426,-0.423,0.000,0.600,cmd_age=0.02s bat=1.00 dist=1.14m
119,37.224,SCOUT,10,-5.691,4.194,3.000,0.426,-0.423,0.000,0.600,cmd_age=0.02s bat=1.00 dist=1.14m
119,37.224,SCOUT,11,-4.191,2.694,3.000,0.426,-0.423,0.000,0.600,cmd_age=0.02s bat=1.00 dist=1.14m
119,37.224,SCOUT,12,5.692,4.193,3.000,-0.425,-0.423,0.000,0.600,cmd_age=0.02s bat=1.00 dist=1.14m
119,37.224,SCOUT,13,4.192,5.693,3.000,-0.425,-0.423,0.000,0.600,cmd_age=0.02s bat=1.00 dist=1.14m
119,37.224,SCOUT,14,2.692,4.193,3.000,-0.425,-0.423,0.000,0.600,cmd_age=0.02s bat=1.00 dist=1.14m
119,37.224,SCOUT,15,4.192,2.693,3.000,-0.425,-0.423,0.000,0.600,cmd_age=0.02s bat=1.00 dist=1.14m
119,37.224,WORKER,0,-4.346,-1.500,3.000,-0.718,1.867,0.000,2.000,state=MOVING bat=1.00 dist=3.75m
119,37.224,WORKER,1,7.288,-1.261,3.000,0.153,1.994,0.000,2.000,state=MOVING bat=1.00 dist=3.75m
119,37.224,WORKER,2,-0.578,2.137,3.000,1.292,-1.527,0.000,2.000,state=MOVING bat=1.00 dist=3.75m
119,37.224,WORKER,3,4.166,2.544,3.000,-1.511,-1.310,0.000,2.000,state=MOVING bat=1.00 dist=3.75m
120,37.433,GENERAL,0,0.000,0.000,5.000,0.000,0.000,0.000,0.000,N/A
120,37.433,NODE,0,-5.268,-3.838,3.000,-0.130,0.589,0.000,0.603,zone=0 dist=1.18m
120,37.433,NODE,1,5.268,-3.838,3.000,0.138,0.580,0.000,0.596,zone=1 dist=1.18m
120,37.433,NODE,2,-4.156,4.158,3.000,0.427,-0.427,0.000,0.604,zone=2 dist=1.18m
120,37.433,NODE,3,4.156,4.158,3.000,-0.431,-0.429,0.000,0.608,zone=3 dist=1.18m
120,37.433,SCOUT,0,-3.759,-3.877,3.000,-0.133,0.584,0.000,0.599,cmd_age=0.02s bat=1.00 dist=1.15m
120,37.433,SCOUT,1,-5.259,-2.377,3.000,-0.133,0.584,0.000,0.599,cmd_age=0.02s bat=1.00 dist=1.15m
120,37.433,SCOUT,2,-6.759,-3.877,3.000,-0.133,0.584,0.000,0.599,cmd_age=0.02s bat=1.00 dist=1.15m
120,37.433,SCOUT,3,-5.259,-5.377,3.000,-0.133,0.584,0.000,0.599,cmd_age=0.02s bat=1.00 dist=1.15m
120,37.433,SCOUT,4,6.759,-3.877,3.000,0.137,0.583,0.000,0.599,cmd_age=0.02s bat=1.00 dist=1.15m
120,37.433,SCOUT,5,5.259,-2.377,3.000,0.137,0.583,0.000,0.599,cmd_age=0.02s bat=1.00 dist=1.15m
120,37.433,SCOUT,6,3.759,-3.877,3.000,0.137,0.583,0.000,0.599,cmd_age=0.02s bat=1.00 dist=1.15m
120,37.433,SCOUT,7,5.259,-5.377,3.000,0.137,0.583,0.000,0.599,cmd_age=0.02s bat=1.00 dist=1.15m
120,37.433,SCOUT,8,-2.684,4.187,3.000,0.426,-0.424,0.000,0.601,cmd_age=0.02s bat=1.00 dist=1.15m
120,37.433,SCOUT,9,-4.184,5.687,3.000,0.426,-0.424,0.000,0.601,cmd_age=0.02s bat=1.00 dist=1.15m
120,37.433,SCOUT,10,-5.684,4.187,3.000,0.426,-0.424,0.000,0.601,cmd_age=0.02s bat=1.00 dist=1.15m
120,37.433,SCOUT,11,-4.184,2.687,3.000,0.426,-0.424,0.000,0.601,cmd_age=0.02s bat=1.00 dist=1.15m
120,37.433,SCOUT,12,5.685,4.186,3.000,-0.426,-0.424,0.000,0.601,cmd_age=0.02s bat=1.00 dist=1.15m
120,37.433,SCOUT,13,4.185,5.686,3.000,-0.426,-0.424,0.000,0.601,cmd_age=0.02s bat=1.00 dist=1.15m
120,37.433,SCOUT,14,2.685,4.186,3.000,-0.426,-0.424,0.000,0.601,cmd_age=0.02s bat=1.00 dist=1.15m
120,37.433,SCOUT,15,4.185,2.686,3.000,-0.426,-0.424,0.000,0.601,cmd_age=0.02s bat=1.00 dist=1.15m
120,37.433,WORKER,0,-4.358,-1.469,3.000,-0.718,1.867,0.000,2.000,state=MOVING bat=1.00 dist=3.78m
120,37.433,WORKER,1,7.290,-1.228,3.000,0.153,1.994,0.000,2.000,state=MOVING bat=1.00 dist=3.78m
120,37.433,WORKER,2,-0.556,2.112,3.000,1.292,-1.527,0.000,2.000,state=MOVING bat=1.00 dist=3.78m
120,37.433,WORKER,3,4.141,2.522,3.000,-1.511,-1.310,0.000,2.000,state=MOVING bat=1.00 dist=3.78m
121,37.650,GENERAL,0,0.000,0.000,5.000,0.000,0.000,0.000,0.000,N/A
121,37.650,NODE,0,-5.270,-3.829,3.000,-0.132,0.585,0.000,0.599,zone=0 dist=1.19m
121,37.650,NODE,1,5.270,-3.828,3.000,0.134,0.584,0.000,0.599,zone=1 dist=1.19m
121,37.650,NODE,2,-4.149,4.151,3.000,0.424,-0.425,0.000,0.601,zone=2 dist=1.19m
121,37.650,NODE,3,4.149,4.151,3.000,-0.422,-0.424,0.000,0.598,zone=3 dist=1.19m
121,37.650,SCOUT,0,-3.761,-3.868,3.000,-0.132,0.584,0.000,0.599,cmd_age=0.02s bat=1.00 dist=1.16m
121,37.650,SCOUT,1,-5.261,-2.368,3.000,-0.132,0.584,0.000,0.599,cmd_age=0.02s bat=1.00 dist=1.16m
121,37.650,SCOUT,2,-6.761,-3.868,3.000,-0.132,0.584,0.000,0.599,cmd_age=0.02s bat=1.00 dist=1.16m
121,37.650,SCOUT,3,-5.261,-5.368,3.000,-0.132,0.584,0.000,0.599,cmd_age=0.02s bat=1.00 dist=1.16m
121,37.650,SCOUT,4,6.761,-3.867,3.000,0.137,0.583,0.000,0.599,cmd_age=0.02s bat=1.00 dist=1.16m
121,37.650,SCOUT,5,5.261,-2.367,3.000,0.137,0.583,0.000,0.599,cmd_age=0.02s bat=1.00 dist=1.16m
121,37.650,SCOUT,6,3.761,-3.867,3.000,0.137,0.583,0.000,0.599,cmd_age=0.02s bat=1.00 dist=1.16m
121,37.650,SCOUT,7,5.261,-5.367,3.000,0.137,0.583,0.000,0.599,cmd_age=0.02s bat=1.00 dist=1.16m
121,37.650,SCOUT,8,-2.677,4.179,3.000,0.426,-0.424,0.000,0.601,cmd_age=0.02s bat=1.00 dist=1.16m
121,37.650,SCOUT,9,-4.177,5.679,3.000,0.426,-0.424,0.000,0.601,cmd_age=0.02s bat=1.00 dist=1.16m
121,37.650,SCOUT,10,-5.677,4.179,3.000,0.426,-0.424,0.000,0.601,cmd_age=0.02s bat=1.00 dist=1.16m
121,37.650,SCOUT,11,-4.177,2.679,3.000,0.426,-0.424,0.000,0.601,cmd_age=0.02s bat=1.00 dist=1.16m
121,37.650,SCOUT,12,5.678,4.179,3.000,-0.425,-0.424,0.000,0.601,cmd_age=0.02s bat=1.00 dist=1.16m
121,37.650,SCOUT,13,4.178,5.679,3.000,-0.425,-0.424,0.000,0.601,cmd_age=0.02s bat=1.00 dist=1.16m
121,37.650,SCOUT,14,2.678,4.179,3.000,-0.425,-0.424,0.000,0.601,cmd_age=0.02s bat=1.00 dist=1.16m
121,37.650,SCOUT,15,4.178,2.679,3.000,-0.425,-0.424,0.000,0.601,cmd_age=0.02s bat=1.00 dist=1.16m
121,37.650,WORKER,0,-4.370,-1.438,3.000,-0.718,1.867,0.000,2.000,state=MOVING bat=1.00 dist=3.81m
121,37.650,WORKER,1,7.293,-1.195,3.000,0.153,1.994,0.000,2.000,state=MOVING bat=1.00 dist=3.81m
121,37.650,WORKER,2,-0.535,2.086,3.000,1.292,-1.527,0.000,2.000,state=MOVING bat=1.00 dist=3.81m
121,37.650,WORKER,3,4.116,2.500,3.000,-1.511,-1.310,0.000,2.000,state=MOVING bat=1.00 dist=3.81m
122,37.861,GENERAL,0,0.000,0.000,5.000,0.000,0.000,0.000,0.000,N/A
122,37.861,NODE,0,-5.272,-3.819,3.000,-0.130,0.588,0.000,0.602,zone=0 dist=1.20m
122,37.861,NODE,1,5.272,-3.818,3.000,0.133,0.587,0.000,0.602,zone=1 dist=1.20m
122,37.861,NODE,2,-4.142,4.144,3.000,0.427,-0.426,0.000,0.603,zone=2 dist=1.20m
122,37.861,NODE,3,4.142,4.144,3.000,-0.430,-0.421,0.000,0.602,zone=3 dist=1.20m
122,37.861,SCOUT,0,-3.764,-3.858,3.000,-0.132,0.585,0.000,0.599,cmd_age=0.02s bat=1.00 dist=1.17m
122,37.861,SCOUT,1,-5.264,-2.358,3.000,-0.132,0.585,0.000,0.599,cmd_age=0.02s bat=1.00 dist=1.17m
122,37.861,SCOUT,2,-6.764,-3.858,3.000,-0.132,0.585,0.000,0.599,cmd_age=0.02s bat=1.00 dist=1.17m
122,37.861,SCOUT,3,-5.264,-5.358,3.000,-0.132,0.585,0.000,0.599,cmd_age=0.02s bat=1.00 dist=1.17m
122,37.861,SCOUT,4,6.763,-3.857,3.000,0.136,0.584,0.000,0.599,cmd_age=0.02s bat=1.00 dist=1.17m
122,37.861,SCOUT,5,5.263,-2.357,3.000,0.136,0.584,0.000,0.599,cmd_age=0.02s bat=1.00 dist=1.17m
122,37.861,SCOUT,6,3.763,-3.857,3.000,0.136,0.584,0.000,0.599,cmd_age=0.02s bat=1.00 dist=1.17m
122,37.861,SCOUT,7,5.263,-5.357,3.000,0.136,0.584,0.000,0.599,cmd_age=0.02s bat=1.00 dist=1.17m
122,37.861,SCOUT,8,-2.670,4.172,3.000,0.426,-0.425,0.000,0.601,cmd_age=0.02s bat=1.00 dist=1.17m
122,37.861,SCOUT,9,-4.170,5.672,3.000,0.426,-0.425,0.000,0.601,cmd_age=0.02s bat=1.00 dist=1.17m
122,37.861,SCOUT,10,-5.670,4.172,3.000,0.426,-0.425,0.000,0.601,cmd_age=0.02s bat=1.00 dist=1.17m
122,37.861,SCOUT,11,-4.170,2.672,3.000,0.426,-0.425,0.000,0.601,cmd_age=0.02s bat=1.00 dist=1.17m
122,37.861,SCOUT,12,5.671,4.172,3.000,-0.426,-0.424,0.000,0.601,cmd_age=0.02s bat=1.00 dist=1.17m
122,37.861,SCOUT,13,4.171,5.672,3.000,-0.426,-0.424,0.000,0.601,cmd_age=0.02s bat=1.00 dist=1.17m
122,37.861,SCOUT,14,2.671,4.172,3.000,-0.426,-0.424,0.000,0.601,cmd_age=0.02s bat=1.00 dist=1.17m
122,37.861,SCOUT,15,4.171,2.672,3.000,-0.426,-0.424,0.000,0.601,cmd_age=0.02s bat=1.00 dist=1.17m
122,37.861,WORKER,0,-4.382,-1.407,3.000,-0.718,1.867,0.000,2.000,state=MOVING bat=1.00 dist=3.85m
122,37.861,WORKER,1,7.295,-1.161,3.000,0.153,1.994,0.000,2.000,state=MOVING bat=1.00 dist=3.85m
122,37.861,WORKER,2,-0.513,2.061,3.000,1.292,-1.527,0.000,2.000,state=MOVING bat=1.00 dist=3.85m
122,37.861,WORKER,3,4.091,2.479,3.000,-1.511,-1.310,0.000,2.000,state=MOVING bat=1.00 dist=3.85m
123,38.074,GENERAL,0,0.000,0.000,5.000,0.000,0.000,0.000,0.000,N/A
123,38.074,NODE,0,-5.275,-3.809,3.000,-0.132,0.587,0.000,0.602,zone=0 dist=1.21m
123,38.074,NODE,1,5.275,-3.809,3.000,0.137,0.579,0.000,0.595,zone=1 dist=1.21m
123,38.074,NODE,2,-4.135,4.137,3.000,0.423,-0.422,0.000,0.598,zone=2 dist=1.21m
123,38.074,NODE,3,4.135,4.137,3.000,-0.424,-0.422,0.000,0.598,zone=3 dist=1.21m
123,38.074,SCOUT,0,-3.766,-3.848,3.000,-0.132,0.585,0.000,0.600,cmd_age=0.02s bat=1.00 dist=1.18m
123,38.074,SCOUT,1,-5.266,-2.348,3.000,-0.132,0.585,0.000,0.600,cmd_age=0.02s bat=1.00 dist=1.18m
123,38.074,SCOUT,2,-6.766,-3.848,3.000,-0.132,0.585,0.000,0.600,cmd_age=0.02s bat=1.00 dist=1.18m
123,38.074,SCOUT,3,-5.266,-5.348,3.000,-0.132,0.585,0.000,0.600,cmd_age=0.02s bat=1.00 dist=1.18m
123,38.074,SCOUT,4,6.766,-3.848,3.000,0.136,0.583,0.000,0.599,cmd_age=0.02s bat=1.00 dist=1.18m
123,38.074,SCOUT,5,5.266,-2.348,3.000,0.136,0.583,0.000,0.599,cmd_age=0.02s bat=1.00 dist=1.18m
123,38.074,SCOUT,6,3.766,-3.848,3.000,0.136,0.583,0.000,0.599,cmd_age=0.02s bat=1.00 dist=1.18m
123,38.074,SCOUT,7,5.266,-5.348,3.000,0.136,0.583,0.000,0.599,cmd_age=0.02s bat=1.00 dist=1.18m
123,38.074,SCOUT,8,-2.663,4.165,3.000,0.426,-0.424,0.000,0.601,cmd_age=0.02s bat=1.00 dist=1.18m
123,38.074,SCOUT,9,-4.163,5.665,3.000,0.426,-0.424,0.000,0.601,cmd_age=0.02s bat=1.00 dist=1.18m
123,38.074,SCOUT,10,-5.663,4.165,3.000,0.426,-0.424,0.000,0.601,cmd_age=0.02s bat=1.00 dist=1.18m
123,38.074,SCOUT,11,-4.163,2.665,3.000,0.426,-0.424,0.000,0.601,cmd_age=0.02s bat=1.00 dist=1.18m
123,38.074,SCOUT,12,5.663,4.165,3.000,-0.426,-0.423,0.000,0.600,cmd_age=0.02s bat=1.00 dist=1.18m
123,38.074,SCOUT,13,4.163,5.665,3.000,-0.426,-0.423,0.000,0.600,cmd_age=0.02s bat=1.00 dist=1.18m
123,38.074,SCOUT,14,2.663,4.165,3.000,-0.426,-0.423,0.000,0.600,cmd_age=0.02s bat=1.00 dist=1.18m
123,38.074,SCOUT,15,4.163,2.665,3.000,-0.426,-0.423,0.000,0.600,cmd_age=0.02s bat=1.00 dist=1.18m
123,38.074,WORKER,0,-4.394,-1.376,3.000,-0.718,1.867,0.000,2.000,state=MOVING bat=1.00 dist=3.88m
123,38.074,WORKER,1,7.298,-1.128,3.000,0.153,1.994,0.000,2.000,state=MOVING bat=1.00 dist=3.88m
123,38.074,WORKER,2,-0.492,2.036,3.000,1.292,-1.527,0.000,2.000,state=MOVING bat=1.00 dist=3.88m
123,38.074,WORKER,3,4.065,2.457,3.000,-1.511,-1.310,0.000,2.000,state=MOVING bat=1.00 dist=3.88m
124,38.302,GENERAL,0,0.000,0.000,5.000,0.000,0.000,0.000,0.000,N/A
124,38.302,NODE,0,-5.277,-3.799,3.000,-0.131,0.583,0.000,0.598,zone=0 dist=1.22m
124,38.302,NODE,1,5.277,-3.799,3.000,0.132,0.584,0.000,0.599,zone=1 dist=1.22m
124,38.302,NODE,2,-4.128,4.130,3.000,0.423,-0.425,0.000,0.600,zone=2 dist=1.22m
124,38.302,NODE,3,4.128,4.129,3.000,-0.422,-0.424,0.000,0.599,zone=3 dist=1.22m
124,38.302,SCOUT,0,-3.768,-3.838,3.000,-0.132,0.585,0.000,0.599,cmd_age=0.02s bat=1.00 dist=1.19m
124,38.302,SCOUT,1,-5.268,-2.338,3.000,-0.132,0.585,0.000,0.599,cmd_age=0.02s bat=1.00 dist=1.19m
124,38.302,SCOUT,2,-6.768,-3.838,3.000,-0.132,0.585,0.000,0.599,cmd_age=0.02s bat=1.00 dist=1.19m
124,38.302,SCOUT,3,-5.268,-5.338,3.000,-0.132,0.585,0.000,0.599,cmd_age=0.02s bat=1.00 dist=1.19m
124,38.302,SCOUT,4,6.768,-3.838,3.000,0.135,0.583,0.000,0.599,cmd_age=0.02s bat=1.00 dist=1.19m
124,38.302,SCOUT,5,5.268,-2.338,3.000,0.135,0.583,0.000,0.599,cmd_age=0.02s bat=1.00 dist=1.19m
124,38.302,SCOUT,6,3.768,-3.838,3.000,0.135,0.583,0.000,0.599,cmd_age=0.02s bat=1.00 dist=1.19m
124,38.302,SCOUT,7,5.268,-5.338,3.000,0.135,0.583,0.000,0.599,cmd_age=0.02s bat=1.00 dist=1.19m
124,38.302,SCOUT,8,-2.656,4.158,3.000,0.425,-0.424,0.000,0.601,cmd_age=0.02s bat=1.00 dist=1.19m
124,38.302,SCOUT,9,-4.156,5.658,3.000,0.425,-0.424,0.000,0.601,cmd_age=0.02s bat=1.00 dist=1.19m
124,38.302,SCOUT,10,-5.656,4.158,3.000,0.425,-0.424,0.000,0.601,cmd_age=0.02s bat=1.00 dist=1.19m
124,38.302,SCOUT,11,-4.156,2.658,3.000,0.425,-0.424,0.000,0.601,cmd_age=0.02s bat=1.00 dist=1.19m
124,38.302,SCOUT,12,5.656,4.158,3.000,-0.425,-0.424,0.000,0.600,cmd_age=0.02s bat=1.00 dist=1.19m
124,38.302,SCOUT,13,4.156,5.658,3.000,-0.425,-0.424,0.000,0.600,cmd_age=0.02s bat=1.00 dist=1.19m
124,38.302,SCOUT,14,2.656,4.158,3.000,-0.425,-0.424,0.000,0.600,cmd_age=0.02s bat=1.00 dist=1.19m
124,38.302,SCOUT,15,4.156,2.658,3.000,-0.425,-0.424,0.000,0.600,cmd_age=0.02s bat=1.00 dist=1.19m
124,38.302,WORKER,0,-4.406,-1.344,3.000,-0.718,1.867,0.000,2.000,state=MOVING bat=1.00 dist=3.91m
124,38.302,WORKER,1,7.300,-1.095,3.000,0.153,1.994,0.000,2.000,state=MOVING bat=1.00 dist=3.91m
124,38.302,WORKER,2,-0.470,2.010,3.000,1.292,-1.527,0.000,2.000,state=MOVING bat=1.00 dist=3.91m
124,38.302,WORKER,3,4.040,2.435,3.000,-1.511,-1.310,0.000,2.000,state=MOVING bat=1.00 dist=3.91m
125,38.551,GENERAL,0,0.000,0.000,5.000,0.000,0.000,0.000,0.000,N/A
125,38.551,NODE,0,-5.279,-3.790,3.000,-0.133,0.587,0.000,0.602,zone=0 dist=1.23m
125,38.551,NODE,1,5.279,-3.789,3.000,0.132,0.584,0.000,0.599,zone=1 dist=1.23m
125,38.551,NODE,2,-4.120,4.123,3.000,0.429,-0.425,0.000,0.604,zone=2 dist=1.23m
125,38.551,NODE,3,4.121,4.122,3.000,-0.427,-0.424,0.000,0.602,zone=3 dist=1.23m
125,38.551,SCOUT,0,-3.770,-3.829,3.000,-0.132,0.585,0.000,0.600,cmd_age=0.02s bat=1.00 dist=1.20m
125,38.551,SCOUT,1,-5.270,-2.329,3.000,-0.132,0.585,0.000,0.600,cmd_age=0.02s bat=1.00 dist=1.20m
125,38.551,SCOUT,2,-6.770,-3.829,3.000,-0.132,0.585,0.000,0.600,cmd_age=0.02s bat=1.00 dist=1.20m
125,38.551,SCOUT,3,-5.270,-5.329,3.000,-0.132,0.585,0.000,0.600,cmd_age=0.02s bat=1.00 dist=1.20m
125,38.551,SCOUT,4,6.770,-3.828,3.000,0.135,0.583,0.000,0.599,cmd_age=0.02s bat=1.00 dist=1.20m
125,38.551,SCOUT,5,5.270,-2.328,3.000,0.135,0.583,0.000,0.599,cmd_age=0.02s bat=1.00 dist=1.20m
125,38.551,SCOUT,6,3.770,-3.828,3.000,0.135,0.583,0.000,0.599,cmd_age=0.02s bat=1.00 dist=1.20m
125,38.551,SCOUT,7,5.270,-5.328,3.000,0.135,0.583,0.000,0.599,cmd_age=0.02s bat=1.00 dist=1.20m
125,38.551,SCOUT,8,-2.649,4.151,3.000,0.426,-0.425,0.000,0.601,cmd_age=0.02s bat=1.00 dist=1.20m
125,38.551,SCOUT,9,-4.149,5.651,3.000,0.426,-0.425,0.000,0.601,cmd_age=0.02s bat=1.00 dist=1.20m
125,38.551,SCOUT,10,-5.649,4.151,3.000,0.426,-0.425,0.000,0.601,cmd_age=0.02s bat=1.00 dist=1.20m
125,38.551,SCOUT,11,-4.149,2.651,3.000,0.426,-0.425,0.000,0.601,cmd_age=0.02s bat=1.00 dist=1.20m
125,38.551,SCOUT,12,5.649,4.151,3.000,-0.426,-0.424,0.000,0.600,cmd_age=0.02s bat=1.00 dist=1.20m
125,38.551,SCOUT,13,4.149,5.651,3.000,-0.426,-0.424,0.000,0.600,cmd_age=0.02s bat=1.00 dist=1.20m
125,38.551,SCOUT,14,2.649,4.151,3.000,-0.426,-0.424,0.000,0.600,cmd_age=0.02s bat=1.00 dist=1.20m
125,38.551,SCOUT,15,4.149,2.651,3.000,-0.426,-0.424,0.000,0.600,cmd_age=0.02s bat=1.00 dist=1.20m
125,38.551,WORKER,0,-4.418,-1.313,3.000,-0.718,1.867,0.000,2.000,state=MOVING bat=1.00 dist=3.95m
125,38.551,WORKER,1,7.303,-1.062,3.000,0.153,1.994,0.000,2.000,state=MOVING bat=1.00 dist=3.95m
125,38.551,WORKER,2,-0.449,1.985,3.000,1.292,-1.527,0.000,2.000,state=MOVING bat=1.00 dist=3.95m
125,38.551,WORKER,3,4.015,2.413,3.000,-1.511,-1.310,0.000,2.000,state=MOVING bat=1.00 dist=3.95m
126,39.163,GENERAL,0,0.000,0.000,5.000,0.000,0.000,0.000,0.000,N/A
126,39.163,NODE,0,-5.281,-3.780,3.000,-0.132,0.592,0.000,0.607,zone=0 dist=1.24m
126,39.163,NODE,1,5.281,-3.779,3.000,0.133,0.588,0.000,0.603,zone=1 dist=1.24m
126,39.163,NODE,2,-4.113,4.116,3.000,0.419,-0.423,0.000,0.596,zone=2 dist=1.24m
126,39.163,NODE,3,4.114,4.115,3.000,-0.428,-0.418,0.000,0.598,zone=3 dist=1.24m
126,39.163,SCOUT,0,-3.772,-3.819,3.000,-0.132,0.587,0.000,0.601,cmd_age=0.02s bat=1.00 dist=1.21m
126,39.163,SCOUT,1,-5.272,-2.319,3.000,-0.132,0.587,0.000,0.601,cmd_age=0.02s bat=1.00 dist=1.21m
126,39.163,SCOUT,2,-6.772,-3.819,3.000,-0.132,0.587,0.000,0.601,cmd_age=0.02s bat=1.00 dist=1.21m
126,39.163,SCOUT,3,-5.272,-5.319,3.000,-0.132,0.587,0.000,0.601,cmd_age=0.02s bat=1.00 dist=1.21m
126,39.163,SCOUT,4,6.772,-3.818,3.000,0.134,0.584,0.000,0.599,cmd_age=0.02s bat=1.00 dist=1.21m
126,39.163,SCOUT,5,5.272,-2.318,3.000,0.134,0.584,0.000,0.599,cmd_age=0.02s bat=1.00 dist=1.21m
126,39.163,SCOUT,6,3.772,-3.818,3.000,0.134,0.584,0.000,0.599,cmd_age=0.02s bat=1.00 dist=1.21m
126,39.163,SCOUT,7,5.272,-5.318,3.000,0.134,0.584,0.000,0.599,cmd_age=0.02s bat=1.00 dist=1.21m
126,39.163,SCOUT,8,-2.642,4.144,3.000,0.424,-0.424,0.000,0.600,cmd_age=0.02s bat=1.00 dist=1.21m
126,39.163,SCOUT,9,-4.142,5.644,3.000,0.424,-0.424,0.000,0.600,cmd_age=0.02s bat=1.00 dist=1.21m
126,39.163,SCOUT,10,-5.642,4.144,3.000,0.424,-0.424,0.000,0.600,cmd_age=0.02s bat=1.00 dist=1.21m
126,39.163,SCOUT,11,-4.142,2.644,3.000,0.424,-0.424,0.000,0.600,cmd_age=0.02s bat=1.00 dist=1.21m
126,39.163,SCOUT,12,5.642,4.144,3.000,-0.426,-0.422,0.000,0.600,cmd_age=0.02s bat=1.00 dist=1.21m
126,39.163,SCOUT,13,4.142,5.644,3.000,-0.426,-0.422,0.000,0.600,cmd_age=0.02s bat=1.00 dist=1.21m
126,39.163,SCOUT,14,2.642,4.144,3.000,-0.426,-0.422,0.000,0.600,cmd_age=0.02s bat=1.00 dist=1.21m
126,39.163,SCOUT,15,4.142,2.644,3.000,-0.426,-0.422,0.000,0.600,cmd_age=0.02s bat=1.00 dist=1.21m
126,39.163,WORKER,0,-4.430,-1.282,3.000,-0.718,1.867,0.000,2.000,state=MOVING bat=1.00 dist=3.98m
126,39.163,WORKER,1,7.306,-1.028,3.000,0.153,1.994,0.000,2.000,state=MOVING bat=1.00 dist=3.98m
126,39.163,WORKER,2,-0.427,1.959,3.000,1.292,-1.527,0.000,2.000,state=MOVING bat=1.00 dist=3.98m
126,39.163,WORKER,3,3.990,2.391,3.000,-1.511,-1.310,0.000,2.000,state=MOVING bat=1.00 dist=3.98m
127,39.598,GENERAL,0,0.000,0.000,5.000,0.000,0.000,0.000,0.000,N/A
127,39.598,NODE,0,-5.283,-3.770,3.000,-0.135,0.586,0.000,0.602,zone=0 dist=1.25m
127,39.598,NODE,1,5.283,-3.770,3.000,0.127,0.584,0.000,0.598,zone=1 dist=1.25m
127,39.598,NODE,2,-4.106,4.109,3.000,0.424,-0.427,0.000,0.602,zone=2 dist=1.25m
127,39.598,NODE,3,4.107,4.108,3.000,-0.422,-0.423,0.000,0.598,zone=3 dist=1.25m
127,39.598,SCOUT,0,-3.775,-3.809,3.000,-0.132,0.586,0.000,0.601,cmd_age=0.02s bat=1.00 dist=1.22m
127,39.598,SCOUT,1,-5.275,-2.309,3.000,-0.132,0.586,0.000,0.601,cmd_age=0.02s bat=1.00 dist=1.22m
127,39.598,SCOUT,2,-6.775,-3.809,3.000,-0.132,0.586,0.000,0.601,cmd_age=0.02s bat=1.00 dist=1.22m
127,39.598,SCOUT,3,-5.275,-5.309,3.000,-0.132,0.586,0.000,0.601,cmd_age=0.02s bat=1.00 dist=1.22m
127,39.598,SCOUT,4,6.775,-3.809,3.000,0.133,0.584,0.000,0.599,cmd_age=0.02s bat=1.00 dist=1.22m
127,39.598,SCOUT,5,5.275,-2.309,3.000,0.133,0.584,0.000,0.599,cmd_age=0.02s bat=1.00 dist=1.22m
127,39.598,SCOUT,6,3.775,-3.809,3.000,0.133,0.584,0.000,0.599,cmd_age=0.02s bat=1.00 dist=1.22m
127,39.598,SCOUT,7,5.275,-5.309,3.000,0.133,0.584,0.000,0.599,cmd_age=0.02s bat=1.00 dist=1.22m
127,39.598,SCOUT,8,-2.635,4.137,3.000,0.424,-0.425,0.000,0.600,cmd_age=0.02s bat=1.00 dist=1.22m
127,39.598,SCOUT,9,-4.135,5.637,3.000,0.424,-0.425,0.000,0.600,cmd_age=0.02s bat=1.00 dist=1.22m
127,39.598,SCOUT,10,-5.635,4.137,3.000,0.424,-0.425,0.000,0.600,cmd_age=0.02s bat=1.00 dist=1.22m
127,39.598,SCOUT,11,-4.135,2.637,3.000,0.424,-0.425,0.000,0.600,cmd_age=0.02s bat=1.00 dist=1.22m
127,39.598,SCOUT,12,5.635,4.137,3.000,-0.425,-0.423,0.000,0.599,cmd_age=0.02s bat=1.00 dist=1.22m
127,39.598,SCOUT,13,4.135,5.637,3.000,-0.425,-0.423,0.000,0.599,cmd_age=0.02s bat=1.00 dist=1.22m
127,39.598,SCOUT,14,2.635,4.137,3.000,-0.425,-0.423,0.000,0.599,cmd_age=0.02s bat=1.00 dist=1.22m
127,39.598,SCOUT,15,4.135,2.637,3.000,-0.425,-0.423,0.000,0.599,cmd_age=0.02s bat=1.00 dist=1.22m
127,39.598,WORKER,0,-4.442,-1.251,3.000,-0.718,1.867,0.000,2.000,state=MOVING bat=1.00 dist=4.01m
127,39.598,WORKER,1,7.308,-0.995,3.000,0.153,1.994,0.000,2.000,state=MOVING bat=1.00 dist=4.01m
127,39.598,WORKER,2,-0.405,1.934,3.000,1.292,-1.527,0.000,2.000,state=MOVING bat=1.00 dist=4.01m
127,39.598,WORKER,3,3.965,2.369,3.000,-1.511,-1.310,0.000,2.000,state=MOVING bat=1.00 dist=4.01m
128,40.073,GENERAL,0,0.000,0.000,5.000,0.000,0.000,0.000,0.000,N/A
128,40.073,NODE,0,-5.286,-3.760,3.000,-0.131,0.581,0.000,0.596,zone=0 dist=1.26m
128,40.073,NODE,1,5.286,-3.760,3.000,0.135,0.585,0.000,0.600,zone=1 dist=1.26m
128,40.073,NODE,2,-4.099,4.101,3.000,0.414,-0.431,0.000,0.598,zone=2 dist=1.26m
128,40.073,NODE,3,4.100,4.101,3.000,-0.418,-0.429,0.000,0.599,zone=3 dist=1.26m
128,40.073,SCOUT,0,-3.777,-3.799,3.000,-0.132,0.585,0.000,0.600,cmd_age=0.02s bat=1.00 dist=1.23m
128,40.073,SCOUT,1,-5.277,-2.299,3.000,-0.132,0.585,0.000,0.600,cmd_age=0.02s bat=1.00 dist=1.23m
128,40.073,SCOUT,2,-6.777,-3.799,3.000,-0.132,0.585,0.000,0.600,cmd_age=0.02s bat=1.00 dist=1.23m
128,40.073,SCOUT,3,-5.277,-5.299,3.000,-0.132,0.585,0.000,0.600,cmd_age=0.02s bat=1.00 dist=1.23m
128,40.073,SCOUT,4,6.777,-3.799,3.000,0.133,0.584,0.000,0.599,cmd_age=0.02s bat=1.00 dist=1.23m
128,40.073,SCOUT,5,5.277,-2.299,3.000,0.133,0.584,0.000,0.599,cmd_age=0.02s bat=1.00 dist=1.23m
128,40.073,SCOUT,6,3.777,-3.799,3.000,0.133,0.584,0.000,0.599,cmd_age=0.02s bat=1.00 dist=1.23m
128,40.073,SCOUT,7,5.277,-5.299,3.000,0.133,0.584,0.000,0.599,cmd_age=0.02s bat=1.00 dist=1.23m
128,40.073,SCOUT,8,-2.628,4.130,3.000,0.422,-0.426,0.000,0.600,cmd_age=0.02s bat=1.00 dist=1.23m
128,40.073,SCOUT,9,-4.128,5.630,3.000,0.422,-0.426,0.000,0.600,cmd_age=0.02s bat=1.00 dist=1.23m
128,40.073,SCOUT,10,-5.628,4.130,3.000,0.422,-0.426,0.000,0.600,cmd_age=0.02s bat=1.00 dist=1.23m
128,40.073,SCOUT,11,-4.128,2.630,3.000,0.422,-0.426,0.000,0.600,cmd_age=0.02s bat=1.00 dist=1.23m
128,40.073,SCOUT,12,5.628,4.129,3.000,-0.424,-0.424,0.000,0.599,cmd_age=0.02s bat=1.00 dist=1.23m
128,40.073,SCOUT,13,4.128,5.629,3.000,-0.424,-0.424,0.000,0.599,cmd_age=0.02s bat=1.00 dist=1.23m
128,40.073,SCOUT,14,2.628,4.129,3.000,-0.424,-0.424,0.000,0.599,cmd_age=0.02s bat=1.00 dist=1.23m
128,40.073,SCOUT,15,4.128,2.629,3.000,-0.424,-0.424,0.000,0.599,cmd_age=0.02s bat=1.00 dist=1.23m
128,40.073,WORKER,0,-4.454,-1.220,3.000,-0.718,1.867,0.000,2.000,state=MOVING bat=1.00 dist=4.05m
128,40.073,WORKER,1,7.311,-0.962,3.000,0.153,1.994,0.000,2.000,state=MOVING bat=1.00 dist=4.05m
128,40.073,WORKER,2,-0.384,1.908,3.000,1.292,-1.527,0.000,2.000,state=MOVING bat=1.00 dist=4.05m
128,40.073,WORKER,3,3.939,2.348,3.000,-1.511,-1.310,0.000,2.000,state=MOVING bat=1.00 dist=4.05m
129,41.021,GENERAL,0,0.000,0.000,5.000,0.000,0.000,0.000,0.000,N/A
129,41.021,NODE,0,-5.288,-3.751,3.000,-0.140,0.583,0.000,0.600,zone=0 dist=1.27m
129,41.021,NODE,1,5.288,-3.750,3.000,0.133,0.593,0.000,0.608,zone=1 dist=1.27m
129,41.021,NODE,2,-4.092,4.094,3.000,0.427,-0.423,0.000,0.601,zone=2 dist=1.27m
129,41.021,NODE,3,4.093,4.094,3.000,-0.430,-0.426,0.000,0.605,zone=3 dist=1.27m
129,41.021,SCOUT,0,-3.779,-3.790,3.000,-0.134,0.585,0.000,0.600,cmd_age=0.02s bat=1.00 dist=1.24m
129,41.021,SCOUT,1,-5.279,-2.290,3.000,-0.134,0.585,0.000,0.600,cmd_age=0.02s bat=1.00 dist=1.24m
129,41.021,SCOUT,2,-6.779,-3.790,3.000,-0.134,0.585,0.000,0.600,cmd_age=0.02s bat=1.00 dist=1.24m
129,41.021,SCOUT,3,-5.279,-5.290,3.000,-0.134,0.585,0.000,0.600,cmd_age=0.02s bat=1.00 dist=1.24m
129,41.021,SCOUT,4,6.779,-3.789,3.000,0.133,0.586,0.000,0.601,cmd_age=0.02s bat=1.00 dist=1.24m
129,41.021,SCOUT,5,5.279,-2.289,3.000,0.133,0.586,0.000,0.601,cmd_age=0.02s bat=1.00 dist=1.24m
129,41.021,SCOUT,6,3.779,-3.789,3.000,0.133,0.586,0.000,0.601,cmd_age=0.02s bat=1.00 dist=1.24m
129,41.021,SCOUT,7,5.279,-5.289,3.000,0.133,0.586,0.000,0.601,cmd_age=0.02s bat=1.00 dist=1.24m
129,41.021,SCOUT,8,-2.621,4.123,3.000,0.423,-0.425,0.000,0.600,cmd_age=0.02s bat=1.00 dist=1.24m
129,41.021,SCOUT,9,-4.121,5.623,3.000,0.423,-0.425,0.000,0.600,cmd_age=0.02s bat=1.00 dist=1.24m
129,41.021,SCOUT,10,-5.621,4.123,3.000,0.423,-0.425,0.000,0.600,cmd_age=0.02s bat=1.00 dist=1.24m
129,41.021,SCOUT,11,-4.121,2.623,3.000,0.423,-0.425,0.000,0.600,cmd_age=0.02s bat=1.00 dist=1.24m
129,41.021,SCOUT,12,5.621,4.122,3.000,-0.425,-0.424,0.000,0.601,cmd_age=0.02s bat=1.00 dist=1.24m
129,41.021,SCOUT,13,4.121,5.622,3.000,-0.425,-0.424,0.000,0.601,cmd_age=0.02s bat=1.00 dist=1.24m
129,41.021,SCOUT,14,2.621,4.122,3.000,-0.425,-0.424,0.000,0.601,cmd_age=0.02s bat=1.00 dist=1.24m
129,41.021,SCOUT,15,4.121,2.622,3.000,-0.425,-0.424,0.000,0.601,cmd_age=0.02s bat=1.00 dist=1.24m
129,41.021,WORKER,0,-4.466,-1.189,3.000,-0.718,1.867,0.000,2.000,state=MOVING bat=1.00 dist=4.08m
129,41.021,WORKER,1,7.313,-0.929,3.000,0.153,1.994,0.000,2.000,state=MOVING bat=1.00 dist=4.08m
129,41.021,WORKER,2,-0.362,1.883,3.000,1.292,-1.527,0.000,2.000,state=MOVING bat=1.00 dist=4.08m
129,41.021,WORKER,3,3.914,2.326,3.000,-1.511,-1.310,0.000,2.000,state=MOVING bat=1.00 dist=4.08m
130,41.633,GENERAL,0,0.000,0.000,5.000,0.000,0.000,0.000,0.000,N/A
130,41.633,NODE,0,-5.290,-3.741,3.000,-0.142,0.586,0.000,0.603,zone=0 dist=1.28m
130,41.633,NODE,1,5.290,-3.740,3.000,0.136,0.580,0.000,0.596,zone=1 dist=1.28m
130,41.633,NODE,2,-4.085,4.087,3.000,0.427,-0.428,0.000,0.604,zone=2 dist=1.28m
130,41.633,NODE,3,4.085,4.087,3.000,-0.431,-0.424,0.000,0.604,zone=3 dist=1.28m
130,41.633,SCOUT,0,-3.781,-3.780,3.000,-0.135,0.585,0.000,0.601,cmd_age=0.02s bat=1.00 dist=1.25m
130,41.633,SCOUT,1,-5.281,-2.280,3.000,-0.135,0.585,0.000,0.601,cmd_age=0.02s bat=1.00 dist=1.25m
130,41.633,SCOUT,2,-6.781,-3.780,3.000,-0.135,0.585,0.000,0.601,cmd_age=0.02s bat=1.00 dist=1.25m
130,41.633,SCOUT,3,-5.281,-5.280,3.000,-0.135,0.585,0.000,0.601,cmd_age=0.02s bat=1.00 dist=1.25m
130,41.633,SCOUT,4,6.781,-3.779,3.000,0.134,0.585,0.000,0.600,cmd_age=0.02s bat=1.00 dist=1.25m
130,41.633,SCOUT,5,5.281,-2.279,3.000,0.134,0.585,0.000,0.600,cmd_age=0.02s bat=1.00 dist=1.25m
130,41.633,SCOUT,6,3.781,-3.779,3.000,0.134,0.585,0.000,0.600,cmd_age=0.02s bat=1.00 dist=1.25m
130,41.633,SCOUT,7,5.281,-5.279,3.000,0.134,0.585,0.000,0.600,cmd_age=0.02s bat=1.00 dist=1.25m
130,41.633,SCOUT,8,-2.614,4.116,3.000,0.424,-0.426,0.000,0.601,cmd_age=0.02s bat=1.00 dist=1.25m
130,41.633,SCOUT,9,-4.114,5.616,3.000,0.424,-0.426,0.000,0.601,cmd_age=0.02s bat=1.00 dist=1.25m
130,41.633,SCOUT,10,-5.614,4.116,3.000,0.424,-0.426,0.000,0.601,cmd_age=0.02s bat=1.00 dist=1.25m
130,41.633,SCOUT,11,-4.114,2.616,3.000,0.424,-0.426,0.000,0.601,cmd_age=0.02s bat=1.00 dist=1.25m
130,41.633,SCOUT,12,5.614,4.115,3.000,-0.426,-0.424,0.000,0.601,cmd_age=0.02s bat=1.00 dist=1.25m
130,41.633,SCOUT,13,4.114,5.615,3.000,-0.426,-0.424,0.000,0.601,cmd_age=0.02s bat=1.00 dist=1.25m
130,41.633,SCOUT,14,2.614,4.115,3.000,-0.426,-0.424,0.000,0.601,cmd_age=0.02s bat=1.00 dist=1.25m
130,41.633,SCOUT,15,4.114,2.615,3.000,-0.426,-0.424,0.000,0.601,cmd_age=0.02s bat=1.00 dist=1.25m
130,41.633,WORKER,0,-4.478,-1.158,3.000,-0.718,1.867,0.000,2.000,state=MOVING bat=1.00 dist=4.11m
130,41.633,WORKER,1,7.316,-0.895,3.000,0.153,1.994,0.000,2.000,state=MOVING bat=1.00 dist=4.11m
130,41.633,WORKER,2,-0.341,1.857,3.000,1.292,-1.527,0.000,2.000,state=MOVING bat=1.00 dist=4.11m
130,41.633,WORKER,3,3.889,2.304,3.000,-1.511,-1.310,0.000,2.000,state=MOVING bat=1.00 dist=4.11m
131,42.024,GENERAL,0,0.000,0.000,5.000,0.000,0.000,0.000,0.000,N/A
131,42.024,NODE,0,-5.293,-3.731,3.000,-0.139,0.584,0.000,0.600,zone=0 dist=1.29m
131,42.024,NODE,1,5.292,-3.731,3.000,0.132,0.586,0.000,0.601,zone=1 dist=1.29m
131,42.024,NODE,2,-4.078,4.080,3.000,0.423,-0.428,0.000,0.602,zone=2 dist=1.29m
131,42.024,NODE,3,4.078,4.080,3.000,-0.426,-0.427,0.000,0.603,zone=3 dist=1.29m
131,42.024,SCOUT,0,-3.784,-3.770,3.000,-0.136,0.585,0.000,0.601,cmd_age=0.02s bat=1.00 dist=1.26m
131,42.024,SCOUT,1,-5.284,-2.270,3.000,-0.136,0.585,0.000,0.601,cmd_age=0.02s bat=1.00 dist=1.26m
131,42.024,SCOUT,2,-6.784,-3.770,3.000,-0.136,0.585,0.000,0.601,cmd_age=0.02s bat=1.00 dist=1.26m
131,42.024,SCOUT,3,-5.284,-5.270,3.000,-0.136,0.585,0.000,0.601,cmd_age=0.02s bat=1.00 dist=1.26m
131,42.024,SCOUT,4,6.783,-3.770,3.000,0.134,0.585,0.000,0.600,cmd_age=0.02s bat=1.00 dist=1.26m
131,42.024,SCOUT,5,5.283,-2.270,3.000,0.134,0.585,0.000,0.600,cmd_age=0.02s bat=1.00 dist=1.26m
131,42.024,SCOUT,6,3.783,-3.770,3.000,0.134,0.585,0.000,0.600,cmd_age=0.02s bat=1.00 dist=1.26m
131,42.024,SCOUT,7,5.283,-5.270,3.000,0.134,0.585,0.000,0.600,cmd_age=0.02s bat=1.00 dist=1.26m
131,42.024,SCOUT,8,-2.606,4.109,3.000,0.424,-0.426,0.000,0.601,cmd_age=0.02s bat=1.00 dist=1.26m
131,42.024,SCOUT,9,-4.106,5.609,3.000,0.424,-0.426,0.000,0.601,cmd_age=0.02s bat=1.00 dist=1.26m
131,42.024,SCOUT,10,-5.606,4.109,3.000,0.424,-0.426,0.000,0.601,cmd_age=0.02s bat=1.00 dist=1.26m
131,42.024,SCOUT,11,-4.106,2.609,3.000,0.424,-0.426,0.000,0.601,cmd_age=0.02s bat=1.00 dist=1.26m
131,42.024,SCOUT,12,5.607,4.108,3.000,-0.426,-0.425,0.000,0.602,cmd_age=0.02s bat=1.00 dist=1.26m
131,42.024,SCOUT,13,4.107,5.608,3.000,-0.426,-0.425,0.000,0.602,cmd_age=0.02s bat=1.00 dist=1.26m
131,42.024,SCOUT,14,2.607,4.108,3.000,-0.426,-0.425,0.000,0.602,cmd_age=0.02s bat=1.00 dist=1.26m
131,42.024,SCOUT,15,4.107,2.608,3.000,-0.426,-0.425,0.000,0.602,cmd_age=0.02s bat=1.00 dist=1.26m
131,42.024,WORKER,0,-4.490,-1.127,3.000,-0.718,1.867,0.000,2.000,state=MOVING bat=1.00 dist=4.15m
131,42.024,WORKER,1,7.318,-0.862,3.000,0.153,1.994,0.000,2.000,state=MOVING bat=1.00 dist=4.15m
131,42.024,WORKER,2,-0.319,1.832,3.000,1.292,-1.527,0.000,2.000,state=MOVING bat=1.00 dist=4.15m
131,42.024,WORKER,3,3.864,2.282,3.000,-1.511,-1.310,0.000,2.000,state=MOVING bat=1.00 dist=4.15m
132,42.779,GENERAL,0,0.000,0.000,5.000,0.000,0.000,0.000,0.000,N/A
132,42.779,NODE,0,-5.295,-3.721,3.000,-0.137,0.586,0.000,0.602,zone=0 dist=1.30m
132,42.779,NODE,1,5.295,-3.721,3.000,0.134,0.581,0.000,0.596,zone=1 dist=1.30m
132,42.779,NODE,2,-4.071,4.073,3.000,0.428,-0.423,0.000,0.602,zone=2 dist=1.30m
132,42.779,NODE,3,4.071,4.073,3.000,-0.425,-0.424,0.000,0.600,zone=3 dist=1.30m
132,42.779,SCOUT,0,-3.786,-3.760,3.000,-0.136,0.585,0.000,0.601,cmd_age=0.02s bat=1.00 dist=1.27m
132,42.779,SCOUT,1,-5.286,-2.260,3.000,-0.136,0.585,0.000,0.601,cmd_age=0.02s bat=1.00 dist=1.27m
132,42.779,SCOUT,2,-6.786,-3.760,3.000,-0.136,0.585,0.000,0.601,cmd_age=0.02s bat=1.00 dist=1.27m
132,42.779,SCOUT,3,-5.286,-5.260,3.000,-0.136,0.585,0.000,0.601,cmd_age=0.02s bat=1.00 dist=1.27m
132,42.779,SCOUT,4,6.786,-3.760,3.000,0.134,0.584,0.000,0.599,cmd_age=0.02s bat=1.00 dist=1.27m
132,42.779,SCOUT,5,5.286,-2.260,3.000,0.134,0.584,0.000,0.599,cmd_age=0.02s bat=1.00 dist=1.27m
132,42.779,SCOUT,6,3.786,-3.760,3.000,0.134,0.584,0.000,0.599,cmd_age=0.02s bat=1.00 dist=1.27m
132,42.779,SCOUT,7,5.286,-5.260,3.000,0.134,0.584,0.000,0.599,cmd_age=0.02s bat=1.00 dist=1.27m
132,42.779,SCOUT,8,-2.599,4.102,3.000,0.425,-0.426,0.000,0.601,cmd_age=0.02s bat=1.00 dist=1.27m
132,42.779,SCOUT,9,-4.099,5.602,3.000,0.425,-0.426,0.000,0.601,cmd_age=0.02s bat=1.00 dist=1.27m
132,42.779,SCOUT,10,-5.599,4.102,3.000,0.425,-0.426,0.000,0.601,cmd_age=0.02s bat=1.00 dist=1.27m
132,42.779,SCOUT,11,-4.099,2.602,3.000,0.425,-0.426,0.000,0.601,cmd_age=0.02s bat=1.00 dist=1.27m
132,42.779,SCOUT,12,5.600,4.101,3.000,-0.426,-0.425,0.000,0.601,cmd_age=0.02s bat=1.00 dist=1.27m
132,42.779,SCOUT,13,4.100,5.601,3.000,-0.426,-0.425,0.000,0.601,cmd_age=0.02s bat=1.00 dist=1.27m
132,42.779,SCOUT,14,2.600,4.101,3.000,-0.426,-0.425,0.000,0.601,cmd_age=0.02s bat=1.00 dist=1.27m
132,42.779,SCOUT,15,4.100,2.601,3.000,-0.426,-0.425,0.000,0.601,cmd_age=0.02s bat=1.00 dist=1.27m
132,42.779,WORKER,0,-4.502,-1.096,3.000,-0.718,1.867,0.000,2.000,state=MOVING bat=1.00 dist=4.18m
132,42.779,WORKER,1,7.321,-0.829,3.000,0.153,1.994,0.000,2.000,state=MOVING bat=1.00 dist=4.18m
132,42.779,WORKER,2,-0.298,1.807,3.000,1.292,-1.527,0.000,2.000,state=MOVING bat=1.00 dist=4.18m
132,42.779,WORKER,3,3.839,2.260,3.000,-1.511,-1.310,0.000,2.000,state=MOVING bat=1.00 dist=4.18m
133,43.336,GENERAL,0,0.000,0.000,5.000,0.000,0.000,0.000,0.000,N/A
133,43.336,NODE,0,-5.297,-3.711,3.000,-0.139,0.591,0.000,0.607,zone=0 dist=1.31m
133,43.336,NODE,1,5.297,-3.711,3.000,0.134,0.589,0.000,0.604,zone=1 dist=1.31m
133,43.336,NODE,2,-4.064,4.066,3.000,0.426,-0.421,0.000,0.599,zone=2 dist=1.31m
133,43.336,NODE,3,4.064,4.066,3.000,-0.423,-0.419,0.000,0.596,zone=3 dist=1.31m
133,43.336,SCOUT,0,-3.788,-3.750,3.000,-0.137,0.586,0.000,0.602,cmd_age=0.02s bat=1.00 dist=1.28m
133,43.336,SCOUT,1,-5.288,-2.250,3.000,-0.137,0.586,0.000,0.602,cmd_age=0.02s bat=1.00 dist=1.28m
133,43.336,SCOUT,2,-6.788,-3.750,3.000,-0.137,0.586,0.000,0.602,cmd_age=0.02s bat=1.00 dist=1.28m
133,43.336,SCOUT,3,-5.288,-5.250,3.000,-0.137,0.586,0.000,0.602,cmd_age=0.02s bat=1.00 dist=1.28m
133,43.336,SCOUT,4,6.788,-3.750,3.000,0.134,0.585,0.000,0.600,cmd_age=0.02s bat=1.00 dist=1.28m
133,43.336,SCOUT,5,5.288,-2.250,3.000,0.134,0.585,0.000,0.600,cmd_age=0.02s bat=1.00 dist=1.28m
133,43.336,SCOUT,6,3.788,-3.750,3.000,0.134,0.585,0.000,0.600,cmd_age=0.02s bat=1.00 dist=1.28m
133,43.336,SCOUT,7,5.288,-5.250,3.000,0.134,0.585,0.000,0.600,cmd_age=0.02s bat=1.00 dist=1.28m
133,43.336,SCOUT,8,-2.592,4.094,3.000,0.425,-0.425,0.000,0.601,cmd_age=0.02s bat=1.00 dist=1.28m
133,43.336,SCOUT,9,-4.092,5.594,3.000,0.425,-0.425,0.000,0.601,cmd_age=0.02s bat=1.00 dist=1.28m
133,43.336,SCOUT,10,-5.592,4.094,3.000,0.425,-0.425,0.000,0.601,cmd_age=0.02s bat=1.00 dist=1.28m
133,43.336,SCOUT,11,-4.092,2.594,3.000,0.425,-0.425,0.000,0.601,cmd_age=0.02s bat=1.00 dist=1.28m
133,43.336,SCOUT,12,5.593,4.094,3.000,-0.425,-0.423,0.000,0.600,cmd_age=0.02s bat=1.00 dist=1.28m
133,43.336,SCOUT,13,4.093,5.594,3.000,-0.425,-0.423,0.000,0.600,cmd_age=0.02s bat=1.00 dist=1.28m
133,43.336,SCOUT,14,2.593,4.094,3.000,-0.425,-0.423,0.000,0.600,cmd_age=0.02s bat=1.00 dist=1.28m
133,43.336,SCOUT,15,4.093,2.594,3.000,-0.425,-0.423,0.000,0.600,cmd_age=0.02s bat=1.00 dist=1.28m
133,43.336,WORKER,0,-4.514,-1.064,3.000,-0.718,1.867,0.000,2.000,state=MOVING bat=1.00 dist=4.21m
133,43.336,WORKER,1,7.323,-0.796,3.000,0.153,1.994,0.000,2.000,state=MOVING bat=1.00 dist=4.21m
133,43.336,WORKER,2,-0.276,1.781,3.000,1.292,-1.527,0.000,2.000,state=MOVING bat=1.00 dist=4.21m
133,43.336,WORKER,3,3.814,2.238,3.000,-1.511,-1.310,0.000,2.000,state=MOVING bat=1.00 dist=4.21m
134,43.707,GENERAL,0,0.000,0.000,5.000,0.000,0.000,0.000,0.000,N/A
134,43.707,NODE,0,-5.299,-3.702,3.000,-0.131,0.582,0.000,0.597,zone=0 dist=1.32m
134,43.707,NODE,1,5.299,-3.701,3.000,0.137,0.578,0.000,0.594,zone=1 dist=1.32m
134,43.707,NODE,2,-4.057,4.059,3.000,0.427,-0.422,0.000,0.600,zone=2 dist=1.32m
134,43.707,NODE,3,4.057,4.059,3.000,-0.428,-0.423,0.000,0.602,zone=3 dist=1.32m
134,43.707,SCOUT,0,-3.790,-3.741,3.000,-0.136,0.586,0.000,0.601,cmd_age=0.02s bat=1.00 dist=1.29m
134,43.707,SCOUT,1,-5.290,-2.241,3.000,-0.136,0.586,0.000,0.601,cmd_age=0.02s bat=1.00 dist=1.29m
134,43.707,SCOUT,2,-6.790,-3.741,3.000,-0.136,0.586,0.000,0.601,cmd_age=0.02s bat=1.00 dist=1.29m
134,43.707,SCOUT,3,-5.290,-5.241,3.000,-0.136,0.586,0.000,0.601,cmd_age=0.02s bat=1.00 dist=1.29m
134,43.707,SCOUT,4,6.790,-3.740,3.000,0.134,0.584,0.000,0.599,cmd_age=0.02s bat=1.00 dist=1.29m
134,43.707,SCOUT,5,5.290,-2.240,3.000,0.134,0.584,0.000,0.599,cmd_age=0.02s bat=1.00 dist=1.29m
134,43.707,SCOUT,6,3.790,-3.740,3.000,0.134,0.584,0.000,0.599,cmd_age=0.02s bat=1.00 dist=1.29m
134,43.707,SCOUT,7,5.290,-5.240,3.000,0.134,0.584,0.000,0.599,cmd_age=0.02s bat=1.00 dist=1.29m
134,43.707,SCOUT,8,-2.585,4.087,3.000,0.425,-0.424,0.000,0.601,cmd_age=0.02s bat=1.00 dist=1.29m
134,43.707,SCOUT,9,-4.085,5.587,3.000,0.425,-0.424,0.000,0.601,cmd_age=0.02s bat=1.00 dist=1.29m
134,43.707,SCOUT,10,-5.585,4.087,3.000,0.425,-0.424,0.000,0.601,cmd_age=0.02s bat=1.00 dist=1.29m
134,43.707,SCOUT,11,-4.085,2.587,3.000,0.425,-0.424,0.000,0.601,cmd_age=0.02s bat=1.00 dist=1.29m
134,43.707,SCOUT,12,5.585,4.087,3.000,-0.426,-0.423,0.000,0.601,cmd_age=0.02s bat=1.00 dist=1.29m
134,43.707,SCOUT,13,4.085,5.587,3.000,-0.426,-0.423,0.000,0.601,cmd_age=0.02s bat=1.00 dist=1.29m
134,43.707,SCOUT,14,2.585,4.087,3.000,-0.426,-0.423,0.000,0.601,cmd_age=0.02s bat=1.00 dist=1.29m
134,43.707,SCOUT,15,4.085,2.587,3.000,-0.426,-0.423,0.000,0.601,cmd_age=0.02s bat=1.00 dist=1.29m
134,43.707,WORKER,0,-4.526,-1.033,3.000,-0.718,1.867,0.000,2.000,state=MOVING bat=1.00 dist=4.25m
134,43.707,WORKER,1,7.326,-0.763,3.000,0.153,1.994,0.000,2.000,state=MOVING bat=1.00 dist=4.25m
134,43.707,WORKER,2,-0.255,1.756,3.000,1.292,-1.527,0.000,2.000,state=MOVING bat=1.00 dist=4.25m
134,43.707,WORKER,3,3.788,2.217,3.000,-1.511,-1.310,0.000,2.000,state=MOVING bat=1.00 dist=4.25m
135,44.104,GENERAL,0,0.000,0.000,5.000,0.000,0.000,0.000,0.000,N/A
135,44.104,NODE,0,-5.302,-3.692,3.000,-0.138,0.583,0.000,0.599,zone=0 dist=1.33m
135,44.104,NODE,1,5.301,-3.692,3.000,0.136,0.582,0.000,0.598,zone=1 dist=1.33m
135,44.104,NODE,2,-4.050,4.052,3.000,0.424,-0.427,0.000,0.602,zone=2 dist=1.33m
135,44.104,NODE,3,4.050,4.052,3.000,-0.432,-0.427,0.000,0.607,zone=3 dist=1.33m
135,44.104,SCOUT,0,-3.793,-3.731,3.000,-0.136,0.585,0.000,0.601,cmd_age=0.02s bat=1.00 dist=1.30m
135,44.104,SCOUT,1,-5.293,-2.231,3.000,-0.136,0.585,0.000,0.601,cmd_age=0.02s bat=1.00 dist=1.30m
135,44.104,SCOUT,2,-6.793,-3.731,3.000,-0.136,0.585,0.000,0.601,cmd_age=0.02s bat=1.00 dist=1.30m
135,44.104,SCOUT,3,-5.293,-5.231,3.000,-0.136,0.585,0.000,0.601,cmd_age=0.02s bat=1.00 dist=1.30m
135,44.104,SCOUT,4,6.792,-3.731,3.000,0.135,0.584,0.000,0.599,cmd_age=0.02s bat=1.00 dist=1.30m
135,44.104,SCOUT,5,5.292,-2.231,3.000,0.135,0.584,0.000,0.599,cmd_age=0.02s bat=1.00 dist=1.30m
135,44.104,SCOUT,6,3.792,-3.731,3.000,0.135,0.584,0.000,0.599,cmd_age=0.02s bat=1.00 dist=1.30m
135,44.104,SCOUT,7,5.292,-5.231,3.000,0.135,0.584,0.000,0.599,cmd_age=0.02s bat=1.00 dist=1.30m
135,44.104,SCOUT,8,-2.578,4.080,3.000,0.425,-0.425,0.000,0.601,cmd_age=0.02s bat=1.00 dist=1.30m
135,44.104,SCOUT,9,-4.078,5.580,3.000,0.425,-0.425,0.000,0.601,cmd_age=0.02s bat=1.00 dist=1.30m
135,44.104,SCOUT,10,-5.578,4.080,3.000,0.425,-0.425,0.000,0.601,cmd_age=0.02s bat=1.00 dist=1.30m
135,44.104,SCOUT,11,-4.078,2.580,3.000,0.425,-0.425,0.000,0.601,cmd_age=0.02s bat=1.00 dist=1.30m
135,44.104,SCOUT,12,5.578,4.080,3.000,-0.427,-0.424,0.000,0.602,cmd_age=0.02s bat=1.00 dist=1.30m
135,44.104,SCOUT,13,4.078,5.580,3.000,-0.427,-0.424,0.000,0.602,cmd_age=0.02s bat=1.00 dist=1.30m
135,44.104,SCOUT,14,2.578,4.080,3.000,-0.427,-0.424,0.000,0.602,cmd_age=0.02s bat=1.00 dist=1.30m
135,44.104,SCOUT,15,4.078,2.580,3.000,-0.427,-0.424,0.000,0.602,cmd_age=0.02s bat=1.00 dist=1.30m
135,44.104,WORKER,0,-4.538,-1.002,3.000,-0.718,1.867,0.000,2.000,state=MOVING bat=1.00 dist=4.28m
135,44.104,WORKER,1,7.329,-0.729,3.000,0.153,1.994,0.000,2.000,state=MOVING bat=1.00 dist=4.28m
135,44.104,WORKER,2,-0.233,1.730,3.000,1.292,-1.527,0.000,2.000,state=MOVING bat=1.00 dist=4.28m
135,44.104,WORKER,3,3.763,2.195,3.000,-1.511,-1.310,0.000,2.000,state=MOVING bat=1.00 dist=4.28m
136,44.320,GENERAL,0,0.000,0.000,5.000,0.000,0.000,0.000,0.000,N/A
136,44.320,NODE,0,-5.304,-3.682,3.000,-0.135,0.584,0.000,0.599,zone=0 dist=1.34m
136,44.320,NODE,1,5.304,-3.682,3.000,0.139,0.588,0.000,0.605,zone=1 dist=1.34m
136,44.320,NODE,2,-4.043,4.045,3.000,0.416,-0.427,0.000,0.596,zone=2 dist=1.34m
136,44.320,NODE,3,4.043,4.045,3.000,-0.428,-0.423,0.000,0.602,zone=3 dist=1.34m
136,44.320,SCOUT,0,-3.795,-3.721,3.000,-0.136,0.585,0.000,0.600,cmd_age=0.02s bat=1.00 dist=1.31m
136,44.320,SCOUT,1,-5.295,-2.221,3.000,-0.136,0.585,0.000,0.600,cmd_age=0.02s bat=1.00 dist=1.31m
136,44.320,SCOUT,2,-6.795,-3.721,3.000,-0.136,0.585,0.000,0.600,cmd_age=0.02s bat=1.00 dist=1.31m
136,44.320,SCOUT,3,-5.295,-5.221,3.000,-0.136,0.585,0.000,0.600,cmd_age=0.02s bat=1.00 dist=1.31m
136,44.320,SCOUT,4,6.795,-3.721,3.000,0.136,0.585,0.000,0.600,cmd_age=0.02s bat=1.00 dist=1.31m
136,44.320,SCOUT,5,5.295,-2.221,3.000,0.136,0.585,0.000,0.600,cmd_age=0.02s bat=1.00 dist=1.31m
136,44.320,SCOUT,6,3.795,-3.721,3.000,0.136,0.585,0.000,0.600,cmd_age=0.02s bat=1.00 dist=1.31m
136,44.320,SCOUT,7,5.295,-5.221,3.000,0.136,0.585,0.000,0.600,cmd_age=0.02s bat=1.00 dist=1.31m
136,44.320,SCOUT,8,-2.571,4.073,3.000,0.423,-0.425,0.000,0.600,cmd_age=0.02s bat=1.00 dist=1.31m
136,44.320,SCOUT,9,-4.071,5.573,3.000,0.423,-0.425,0.000,0.600,cmd_age=0.02s bat=1.00 dist=1.31m
136,44.320,SCOUT,10,-5.571,4.073,3.000,0.423,-0.425,0.000,0.600,cmd_age=0.02s bat=1.00 dist=1.31m
136,44.320,SCOUT,11,-4.071,2.573,3.000,0.423,-0.425,0.000,0.600,cmd_age=0.02s bat=1.00 dist=1.31m
136,44.320,SCOUT,12,5.571,4.073,3.000,-0.427,-0.424,0.000,0.602,cmd_age=0.02s bat=1.00 dist=1.31m
136,44.320,SCOUT,13,4.071,5.573,3.000,-0.427,-0.424,0.000,0.602,cmd_age=0.02s bat=1.00 dist=1.31m
136,44.320,SCOUT,14,2.571,4.073,3.000,-0.427,-0.424,0.000,0.602,cmd_age=0.02s bat=1.00 dist=1.31m
136,44.320,SCOUT,15,4.071,2.573,3.000,-0.427,-0.424,0.000,0.602,cmd_age=0.02s bat=1.00 dist=1.31m
136,44.320,WORKER,0,-4.550,-0.971,3.000,-0.718,1.867,0.000,2.000,state=MOVING bat=1.00 dist=4.31m
136,44.320,WORKER,1,7.331,-0.696,3.000,0.153,1.994,0.000,2.000,state=MOVING bat=1.00 dist=4.31m
136,44.320,WORKER,2,-0.212,1.705,3.000,1.292,-1.527,0.000,2.000,state=MOVING bat=1.00 dist=4.31m
136,44.320,WORKER,3,3.738,2.173,3.000,-1.511,-1.310,0.000,2.000,state=MOVING bat=1.00 dist=4.31m
137,44.693,GENERAL,0,0.000,0.000,5.000,0.000,0.000,0.000,0.000,N/A
137,44.693,NODE,0,-5.306,-3.673,3.000,-0.131,0.576,0.000,0.591,zone=0 dist=1.35m
137,44.693,NODE,1,5.306,-3.672,3.000,0.140,0.581,0.000,0.598,zone=1 dist=1.35m
137,44.693,NODE,2,-4.036,4.038,3.000,0.420,-0.418,0.000,0.592,zone=2 dist=1.35m
137,44.693,NODE,3,4.036,4.037,3.000,-0.424,-0.432,0.000,0.606,zone=3 dist=1.35m
137,44.693,SCOUT,0,-3.797,-3.712,3.000,-0.135,0.583,0.000,0.599,cmd_age=0.02s bat=1.00 dist=1.32m
137,44.693,SCOUT,1,-5.297,-2.212,3.000,-0.135,0.583,0.000,0.599,cmd_age=0.02s bat=1.00 dist=1.32m
137,44.693,SCOUT,2,-6.797,-3.712,3.000,-0.135,0.583,0.000,0.599,cmd_age=0.02s bat=1.00 dist=1.32m
137,44.693,SCOUT,3,-5.297,-5.212,3.000,-0.135,0.583,0.000,0.599,cmd_age=0.02s bat=1.00 dist=1.32m
137,44.693,SCOUT,4,6.797,-3.711,3.000,0.136,0.584,0.000,0.600,cmd_age=0.02s bat=1.00 dist=1.32m
137,44.693,SCOUT,5,5.297,-2.211,3.000,0.136,0.584,0.000,0.600,cmd_age=0.02s bat=1.00 dist=1.32m
137,44.693,SCOUT,6,3.797,-3.711,3.000,0.136,0.584,0.000,0.600,cmd_age=0.02s bat=1.00 dist=1.32m
137,44.693,SCOUT,7,5.297,-5.211,3.000,0.136,0.584,0.000,0.600,cmd_age=0.02s bat=1.00 dist=1.32m
137,44.693,SCOUT,8,-2.564,4.066,3.000,0.423,-0.424,0.000,0.598,cmd_age=0.02s bat=1.00 dist=1.32m
137,44.693,SCOUT,9,-4.064,5.566,3.000,0.423,-0.424,0.000,0.598,cmd_age=0.02s bat=1.00 dist=1.32m
137,44.693,SCOUT,10,-5.564,4.066,3.000,0.423,-0.424,0.000,0.598,cmd_age=0.02s bat=1.00 dist=1.32m
137,44.693,SCOUT,11,-4.064,2.566,3.000,0.423,-0.424,0.000,0.598,cmd_age=0.02s bat=1.00 dist=1.32m
137,44.693,SCOUT,12,5.564,4.066,3.000,-0.427,-0.426,0.000,0.603,cmd_age=0.02s bat=1.00 dist=1.32m
137,44.693,SCOUT,13,4.064,5.566,3.000,-0.427,-0.426,0.000,0.603,cmd_age=0.02s bat=1.00 dist=1.32m
137,44.693,SCOUT,14,2.564,4.066,3.000,-0.427,-0.426,0.000,0.603,cmd_age=0.02s bat=1.00 dist=1.32m
137,44.693,SCOUT,15,4.064,2.566,3.000,-0.427,-0.426,0.000,0.603,cmd_age=0.02s bat=1.00 dist=1.32m
137,44.693,WORKER,0,-4.562,-0.940,3.000,-0.718,1.867,0.000,2.000,state=MOVING bat=1.00 dist=4.35m
137,44.693,WORKER,1,7.334,-0.663,3.000,0.153,1.994,0.000,2.000,state=MOVING bat=1.00 dist=4.35m
137,44.693,WORKER,2,-0.190,1.679,3.000,1.292,-1.527,0.000,2.000,state=MOVING bat=1.00 dist=4.35m
137,44.693,WORKER,3,3.713,2.151,3.000,-1.511,-1.310,0.000,2.000,state=MOVING bat=1.00 dist=4.35m
138,44.893,GENERAL,0,0.000,0.000,5.000,0.000,0.000,0.000,0.000,N/A
138,44.893,NODE,0,-5.308,-3.663,3.000,-0.138,0.591,0.000,0.607,zone=0 dist=1.36m
138,44.893,NODE,1,5.308,-3.663,3.000,0.133,0.584,0.000,0.599,zone=1 dist=1.36m
138,44.893,NODE,2,-4.029,4.031,3.000,0.423,-0.423,0.000,0.599,zone=2 dist=1.36m
138,44.893,NODE,3,4.029,4.030,3.000,-0.429,-0.425,0.000,0.603,zone=3 dist=1.36m
138,44.893,SCOUT,0,-3.799,-3.702,3.000,-0.135,0.585,0.000,0.600,cmd_age=0.02s bat=1.00 dist=1.33m
138,44.893,SCOUT,1,-5.299,-2.202,3.000,-0.135,0.585,0.000,0.600,cmd_age=0.02s bat=1.00 dist=1.33m
138,44.893,SCOUT,2,-6.799,-3.702,3.000,-0.135,0.585,0.000,0.600,cmd_age=0.02s bat=1.00 dist=1.33m
138,44.893,SCOUT,3,-5.299,-5.202,3.000,-0.135,0.585,0.000,0.600,cmd_age=0.02s bat=1.00 dist=1.33m
138,44.893,SCOUT,4,6.799,-3.701,3.000,0.136,0.584,0.000,0.599,cmd_age=0.02s bat=1.00 dist=1.33m
138,44.893,SCOUT,5,5.299,-2.201,3.000,0.136,0.584,0.000,0.599,cmd_age=0.02s bat=1.00 dist=1.33m
138,44.893,SCOUT,6,3.799,-3.701,3.000,0.136,0.584,0.000,0.599,cmd_age=0.02s bat=1.00 dist=1.33m
138,44.893,SCOUT,7,5.299,-5.201,3.000,0.136,0.584,0.000,0.599,cmd_age=0.02s bat=1.00 dist=1.33m
138,44.893,SCOUT,8,-2.557,4.059,3.000,0.423,-0.424,0.000,0.598,cmd_age=0.02s bat=1.00 dist=1.33m
138,44.893,SCOUT,9,-4.057,5.559,3.000,0.423,-0.424,0.000,0.598,cmd_age=0.02s bat=1.00 dist=1.33m
138,44.893,SCOUT,10,-5.557,4.059,3.000,0.423,-0.424,0.000,0.598,cmd_age=0.02s bat=1.00 dist=1.33m
138,44.893,SCOUT,11,-4.057,2.559,3.000,0.423,-0.424,0.000,0.598,cmd_age=0.02s bat=1.00 dist=1.33m
138,44.893,SCOUT,12,5.557,4.059,3.000,-0.427,-0.425,0.000,0.603,cmd_age=0.02s bat=1.00 dist=1.33m
138,44.893,SCOUT,13,4.057,5.559,3.000,-0.427,-0.425,0.000,0.603,cmd_age=0.02s bat=1.00 dist=1.33m
138,44.893,SCOUT,14,2.557,4.059,3.000,-0.427,-0.425,0.000,0.603,cmd_age=0.02s bat=1.00 dist=1.33m
138,44.893,SCOUT,15,4.057,2.559,3.000,-0.427,-0.425,0.000,0.603,cmd_age=0.02s bat=1.00 dist=1.33m
138,44.893,WORKER,0,-4.574,-0.909,3.000,-0.718,1.867,0.000,2.000,state=MOVING bat=1.00 dist=4.38m
138,44.893,WORKER,1,7.336,-0.630,3.000,0.153,1.994,0.000,2.000,state=MOVING bat=1.00 dist=4.38m
138,44.893,WORKER,2,-0.169,1.654,3.000,1.292,-1.527,0.000,2.000,state=MOVING bat=1.00 dist=4.38m
138,44.893,WORKER,3,3.688,2.129,3.000,-1.511,-1.310,0.000,2.000,state=MOVING bat=1.00 dist=4.38m
139,45.171,GENERAL,0,0.000,0.000,5.000,0.000,0.000,0.000,0.000,N/A
139,45.171,NODE,0,-5.311,-3.653,3.000,-0.130,0.583,0.000,0.597,zone=0 dist=1.37m
139,45.171,NODE,1,5.310,-3.653,3.000,0.135,0.584,0.000,0.599,zone=1 dist=1.37m
139,45.171,NODE,2,-4.022,4.024,3.000,0.423,-0.427,0.000,0.601,zone=2 dist=1.37m
139,45.171,NODE,3,4.021,4.023,3.000,-0.427,-0.429,0.000,0.605,zone=3 dist=1.37m
139,45.171,SCOUT,0,-3.802,-3.692,3.000,-0.134,0.584,0.000,0.600,cmd_age=0.02s bat=1.00 dist=1.34m
139,45.171,SCOUT,1,-5.302,-2.192,3.000,-0.134,0.584,0.000,0.600,cmd_age=0.02s bat=1.00 dist=1.34m
139,45.171,SCOUT,2,-6.802,-3.692,3.000,-0.134,0.584,0.000,0.600,cmd_age=0.02s bat=1.00 dist=1.34m
139,45.171,SCOUT,3,-5.302,-5.192,3.000,-0.134,0.584,0.000,0.600,cmd_age=0.02s bat=1.00 dist=1.34m
139,45.171,SCOUT,4,6.801,-3.692,3.000,0.136,0.584,0.000,0.599,cmd_age=0.02s bat=1.00 dist=1.34m
139,45.171,SCOUT,5,5.301,-2.192,3.000,0.136,0.584,0.000,0.599,cmd_age=0.02s bat=1.00 dist=1.34m
139,45.171,SCOUT,6,3.801,-3.692,3.000,0.136,0.584,0.000,0.599,cmd_age=0.02s bat=1.00 dist=1.34m
139,45.171,SCOUT,7,5.301,-5.192,3.000,0.136,0.584,0.000,0.599,cmd_age=0.02s bat=1.00 dist=1.34m
139,45.171,SCOUT,8,-2.550,4.052,3.000,0.423,-0.424,0.000,0.599,cmd_age=0.02s bat=1.00 dist=1.34m
139,45.171,SCOUT,9,-4.050,5.552,3.000,0.423,-0.424,0.000,0.599,cmd_age=0.02s bat=1.00 dist=1.34m
139,45.171,SCOUT,10,-5.550,4.052,3.000,0.423,-0.424,0.000,0.599,cmd_age=0.02s bat=1.00 dist=1.34m
139,45.171,SCOUT,11,-4.050,2.552,3.000,0.423,-0.424,0.000,0.599,cmd_age=0.02s bat=1.00 dist=1.34m
139,45.171,SCOUT,12,5.550,4.052,3.000,-0.427,-0.426,0.000,0.603,cmd_age=0.02s bat=1.00 dist=1.34m
139,45.171,SCOUT,13,4.050,5.552,3.000,-0.427,-0.426,0.000,0.603,cmd_age=0.02s bat=1.00 dist=1.34m
139,45.171,SCOUT,14,2.550,4.052,3.000,-0.427,-0.426,0.000,0.603,cmd_age=0.02s bat=1.00 dist=1.34m
139,45.171,SCOUT,15,4.050,2.552,3.000,-0.427,-0.426,0.000,0.603,cmd_age=0.02s bat=1.00 dist=1.34m
139,45.171,WORKER,0,-4.585,-0.878,3.000,-0.718,1.867,0.000,2.000,state=MOVING bat=1.00 dist=4.41m
139,45.171,WORKER,1,7.339,-0.596,3.000,0.153,1.994,0.000,2.000,state=MOVING bat=1.00 dist=4.41m
139,45.171,WORKER,2,-0.147,1.628,3.000,1.292,-1.527,0.000,2.000,state=MOVING bat=1.00 dist=4.41m
139,45.171,WORKER,3,3.662,2.107,3.000,-1.511,-1.310,0.000,2.000,state=MOVING bat=1.00 dist=4.41m
140,45.526,GENERAL,0,0.000,0.000,5.000,0.000,0.000,0.000,0.000,N/A
140,45.526,NODE,0,-5.313,-3.643,3.000,-0.130,0.584,0.000,0.598,zone=0 dist=1.38m
140,45.526,NODE,1,5.313,-3.643,3.000,0.134,0.585,0.000,0.600,zone=1 dist=1.38m
140,45.526,NODE,2,-4.015,4.017,3.000,0.425,-0.419,0.000,0.597,zone=2 dist=1.38m
140,45.526,NODE,3,4.014,4.016,3.000,-0.424,-0.425,0.000,0.600,zone=3 dist=1.38m
140,45.526,SCOUT,0,-3.804,-3.682,3.000,-0.133,0.584,0.000,0.599,cmd_age=0.02s bat=1.00 dist=1.35m
140,45.526,SCOUT,1,-5.304,-2.182,3.000,-0.133,0.584,0.000,0.599,cmd_age=0.02s bat=1.00 dist=1.35m
140,45.526,SCOUT,2,-6.804,-3.682,3.000,-0.133,0.584,0.000,0.599,cmd_age=0.02s bat=1.00 dist=1.35m
140,45.526,SCOUT,3,-5.304,-5.182,3.000,-0.133,0.584,0.000,0.599,cmd_age=0.02s bat=1.00 dist=1.35m
140,45.526,SCOUT,4,6.804,-3.682,3.000,0.135,0.584,0.000,0.600,cmd_age=0.02s bat=1.00 dist=1.35m
140,45.526,SCOUT,5,5.304,-2.182,3.000,0.135,0.584,0.000,0.600,cmd_age=0.02s bat=1.00 dist=1.35m
140,45.526,SCOUT,6,3.804,-3.682,3.000,0.135,0.584,0.000,0.600,cmd_age=0.02s bat=1.00 dist=1.35m
140,45.526,SCOUT,7,5.304,-5.182,3.000,0.135,0.584,0.000,0.600,cmd_age=0.02s bat=1.00 dist=1.35m
140,45.526,SCOUT,8,-2.543,4.045,3.000,0.423,-0.423,0.000,0.599,cmd_age=0.02s bat=1.00 dist=1.35m
140,45.526,SCOUT,9,-4.043,5.545,3.000,0.423,-0.423,0.000,0.599,cmd_age=0.02s bat=1.00 dist=1.35m
140,45.526,SCOUT,10,-5.543,4.045,3.000,0.423,-0.423,0.000,0.599,cmd_age=0.02s bat=1.00 dist=1.35m
140,45.526,SCOUT,11,-4.043,2.545,3.000,0.423,-0.423,0.000,0.599,cmd_age=0.02s bat=1.00 dist=1.35m
140,45.526,SCOUT,12,5.543,4.045,3.000,-0.426,-0.426,0.000,0.603,cmd_age=0.02s bat=1.00 dist=1.35m
140,45.526,SCOUT,13,4.043,5.545,3.000,-0.426,-0.426,0.000,0.603,cmd_age=0.02s bat=1.00 dist=1.35m
140,45.526,SCOUT,14,2.543,4.045,3.000,-0.426,-0.426,0.000,0.603,cmd_age=0.02s bat=1.00 dist=1.35m
140,45.526,SCOUT,15,4.043,2.545,3.000,-0.426,-0.426,0.000,0.603,cmd_age=0.02s bat=1.00 dist=1.35m
140,45.526,WORKER,0,-4.597,-0.847,3.000,-0.718,1.867,0.000,2.000,state=MOVING bat=1.00 dist=4.45m
140,45.526,WORKER,1,7.341,-0.563,3.000,0.153,1.994,0.000,2.000,state=MOVING bat=1.00 dist=4.45m
140,45.526,WORKER,2,-0.126,1.603,3.000,1.292,-1.527,0.000,2.000,state=MOVING bat=1.00 dist=4.45m
140,45.526,WORKER,3,3.637,2.086,3.000,-1.511,-1.310,0.000,2.000,state=MOVING bat=1.00 dist=4.45m
141,45.942,GENERAL,0,0.000,0.000,5.000,0.000,0.000,0.000,0.000,N/A
141,45.942,NODE,0,-5.315,-3.634,3.000,-0.137,0.586,0.000,0.601,zone=0 dist=1.39m
141,45.942,NODE,1,5.315,-3.633,3.000,0.136,0.586,0.000,0.601,zone=1 dist=1.39m
141,45.942,NODE,2,-4.008,4.010,3.000,0.426,-0.420,0.000,0.598,zone=2 dist=1.39m
141,45.942,NODE,3,4.007,4.009,3.000,-0.430,-0.427,0.000,0.605,zone=3 dist=1.39m
141,45.942,SCOUT,0,-3.806,-3.673,3.000,-0.134,0.585,0.000,0.600,cmd_age=0.02s bat=1.00 dist=1.36m
141,45.942,SCOUT,1,-5.306,-2.173,3.000,-0.134,0.585,0.000,0.600,cmd_age=0.02s bat=1.00 dist=1.36m
141,45.942,SCOUT,2,-6.806,-3.673,3.000,-0.134,0.585,0.000,0.600,cmd_age=0.02s bat=1.00 dist=1.36m
141,45.942,SCOUT,3,-5.306,-5.173,3.000,-0.134,0.585,0.000,0.600,cmd_age=0.02s bat=1.00 dist=1.36m
141,45.942,SCOUT,4,6.806,-3.672,3.000,0.135,0.584,0.000,0.600,cmd_age=0.02s bat=1.00 dist=1.36m
141,45.942,SCOUT,5,5.306,-2.172,3.000,0.135,0.584,0.000,0.600,cmd_age=0.02s bat=1.00 dist=1.36m
141,45.942,SCOUT,6,3.806,-3.672,3.000,0.135,0.584,0.000,0.600,cmd_age=0.02s bat=1.00 dist=1.36m
141,45.942,SCOUT,7,5.306,-5.172,3.000,0.135,0.584,0.000,0.600,cmd_age=0.02s bat=1.00 dist=1.36m
141,45.942,SCOUT,8,-2.536,4.038,3.000,0.424,-0.423,0.000,0.598,cmd_age=0.02s bat=1.00 dist=1.36m
141,45.942,SCOUT,9,-4.036,5.538,3.000,0.424,-0.423,0.000,0.598,cmd_age=0.02s bat=1.00 dist=1.36m
141,45.942,SCOUT,10,-5.536,4.038,3.000,0.424,-0.423,0.000,0.598,cmd_age=0.02s bat=1.00 dist=1.36m
141,45.942,SCOUT,11,-4.036,2.538,3.000,0.424,-0.423,0.000,0.598,cmd_age=0.02s bat=1.00 dist=1.36m
141,45.942,SCOUT,12,5.536,4.037,3.000,-0.427,-0.426,0.000,0.603,cmd_age=0.02s bat=1.00 dist=1.36m
141,45.942,SCOUT,13,4.036,5.537,3.000,-0.427,-0.426,0.000,0.603,cmd_age=0.02s bat=1.00 dist=1.36m
141,45.942,SCOUT,14,2.536,4.037,3.000,-0.427,-0.426,0.000,0.603,cmd_age=0.02s bat=1.00 dist=1.36m
141,45.942,SCOUT,15,4.036,2.537,3.000,-0.427,-0.426,0.000,0.603,cmd_age=0.02s bat=1.00 dist=1.36m
141,45.942,WORKER,0,-4.609,-0.816,3.000,-0.718,1.867,0.000,2.000,state=MOVING bat=1.00 dist=4.48m
141,45.942,WORKER,1,7.344,-0.530,3.000,0.153,1.994,0.000,2.000,state=MOVING bat=1.00 dist=4.48m
141,45.942,WORKER,2,-0.104,1.577,3.000,1.292,-1.527,0.000,2.000,state=MOVING bat=1.00 dist=4.48m
141,45.942,WORKER,3,3.612,2.064,3.000,-1.511,-1.310,0.000,2.000,state=MOVING bat=1.00 dist=4.48m
142,46.223,GENERAL,0,0.000,0.000,5.000,0.000,0.000,0.000,0.000,N/A
142,46.223,NODE,0,-5.317,-3.624,3.000,-0.135,0.588,0.000,0.603,zone=0 dist=1.40m
142,46.223,NODE,1,5.317,-3.623,3.000,0.135,0.591,0.000,0.606,zone=1 dist=1.40m
142,46.223,NODE,2,-4.001,4.003,3.000,0.423,-0.421,0.000,0.597,zone=2 dist=1.40m
142,46.223,NODE,3,4.000,4.002,3.000,-0.424,-0.427,0.000,0.602,zone=3 dist=1.40m
142,46.223,SCOUT,0,-3.808,-3.663,3.000,-0.134,0.585,0.000,0.601,cmd_age=0.02s bat=1.00 dist=1.37m
142,46.223,SCOUT,1,-5.308,-2.163,3.000,-0.134,0.585,0.000,0.601,cmd_age=0.02s bat=1.00 dist=1.37m
142,46.223,SCOUT,2,-6.808,-3.663,3.000,-0.134,0.585,0.000,0.601,cmd_age=0.02s bat=1.00 dist=1.37m
142,46.223,SCOUT,3,-5.308,-5.163,3.000,-0.134,0.585,0.000,0.601,cmd_age=0.02s bat=1.00 dist=1.37m
142,46.223,SCOUT,4,6.808,-3.662,3.000,0.135,0.586,0.000,0.601,cmd_age=0.02s bat=1.00 dist=1.37m
142,46.223,SCOUT,5,5.308,-2.162,3.000,0.135,0.586,0.000,0.601,cmd_age=0.02s bat=1.00 dist=1.37m
142,46.223,SCOUT,6,3.808,-3.662,3.000,0.135,0.586,0.000,0.601,cmd_age=0.02s bat=1.00 dist=1.37m
142,46.223,SCOUT,7,5.308,-5.162,3.000,0.135,0.586,0.000,0.601,cmd_age=0.02s bat=1.00 dist=1.37m
142,46.223,SCOUT,8,-2.529,4.031,3.000,0.424,-0.422,0.000,0.598,cmd_age=0.02s bat=1.00 dist=1.37m
142,46.223,SCOUT,9,-4.029,5.531,3.000,0.424,-0.422,0.000,0.598,cmd_age=0.02s bat=1.00 dist=1.37m
142,46.223,SCOUT,10,-5.529,4.031,3.000,0.424,-0.422,0.000,0.598,cmd_age=0.02s bat=1.00 dist=1.37m
142,46.223,SCOUT,11,-4.029,2.531,3.000,0.424,-0.422,0.000,0.598,cmd_age=0.02s bat=1.00 dist=1.37m
142,46.223,SCOUT,12,5.529,4.030,3.000,-0.426,-0.426,0.000,0.603,cmd_age=0.02s bat=1.00 dist=1.37m
142,46.223,SCOUT,13,4.029,5.530,3.000,-0.426,-0.426,0.000,0.603,cmd_age=0.02s bat=1.00 dist=1.37m
142,46.223,SCOUT,14,2.529,4.030,3.000,-0.426,-0.426,0.000,0.603,cmd_age=0.02s bat=1.00 dist=1.37m
142,46.223,SCOUT,15,4.029,2.530,3.000,-0.426,-0.426,0.000,0.603,cmd_age=0.02s bat=1.00 dist=1.37m
142,46.223,WORKER,0,-4.621,-0.784,3.000,-0.718,1.867,0.000,2.000,state=MOVING bat=1.00 dist=4.51m
142,46.223,WORKER,1,7.346,-0.497,3.000,0.153,1.994,0.000,2.000,state=MOVING bat=1.00 dist=4.51m
142,46.223,WORKER,2,-0.082,1.552,3.000,1.292,-1.527,0.000,2.000,state=MOVING bat=1.00 dist=4.51m
142,46.223,WORKER,3,3.587,2.042,3.000,-1.511,-1.310,0.000,2.000,state=MOVING bat=1.00 dist=4.51m
143,46.440,GENERAL,0,0.000,0.000,5.000,0.000,0.000,0.000,0.000,N/A
143,46.440,NODE,0,-5.319,-3.614,3.000,-0.133,0.584,0.000,0.599,zone=0 dist=1.41m
143,46.440,NODE,1,5.319,-3.614,3.000,0.134,0.587,0.000,0.602,zone=1 dist=1.41m
143,46.440,NODE,2,-3.994,3.996,3.000,0.415,-0.421,0.000,0.592,zone=2 dist=1.41m
143,46.440,NODE,3,3.993,3.995,3.000,-0.429,-0.422,0.000,0.601,zone=3 dist=1.41m
143,46.440,SCOUT,0,-3.811,-3.653,3.000,-0.134,0.585,0.000,0.600,cmd_age=0.02s bat=1.00 dist=1.38m
143,46.440,SCOUT,1,-5.311,-2.153,3.000,-0.134,0.585,0.000,0.600,cmd_age=0.02s bat=1.00 dist=1.38m
143,46.440,SCOUT,2,-6.811,-3.653,3.000,-0.134,0.585,0.000,0.600,cmd_age=0.02s bat=1.00 dist=1.38m
143,46.440,SCOUT,3,-5.311,-5.153,3.000,-0.134,0.585,0.000,0.600,cmd_age=0.02s bat=1.00 dist=1.38m
143,46.440,SCOUT,4,6.810,-3.653,3.000,0.135,0.586,0.000,0.601,cmd_age=0.02s bat=1.00 dist=1.38m
143,46.440,SCOUT,5,5.310,-2.153,3.000,0.135,0.586,0.000,0.601,cmd_age=0.02s bat=1.00 dist=1.38m
143,46.440,SCOUT,6,3.810,-3.653,3.000,0.135,0.586,0.000,0.601,cmd_age=0.02s bat=1.00 dist=1.38m
143,46.440,SCOUT,7,5.310,-5.153,3.000,0.135,0.586,0.000,0.601,cmd_age=0.02s bat=1.00 dist=1.38m
143,46.440,SCOUT,8,-2.522,4.024,3.000,0.422,-0.422,0.000,0.597,cmd_age=0.02s bat=1.00 dist=1.38m
143,46.440,SCOUT,9,-4.022,5.524,3.000,0.422,-0.422,0.000,0.597,cmd_age=0.02s bat=1.00 dist=1.38m
143,46.440,SCOUT,10,-5.522,4.024,3.000,0.422,-0.422,0.000,0.597,cmd_age=0.02s bat=1.00 dist=1.38m
143,46.440,SCOUT,11,-4.022,2.524,3.000,0.422,-0.422,0.000,0.597,cmd_age=0.02s bat=1.00 dist=1.38m
143,46.440,SCOUT,12,5.521,4.023,3.000,-0.427,-0.425,0.000,0.603,cmd_age=0.02s bat=1.00 dist=1.38m
143,46.440,SCOUT,13,4.021,5.523,3.000,-0.427,-0.425,0.000,0.603,cmd_age=0.02s bat=1.00 dist=1.38m
143,46.440,SCOUT,14,2.521,4.023,3.000,-0.427,-0.425,0.000,0.603,cmd_age=0.02s bat=1.00 dist=1.38m
143,46.440,SCOUT,15,4.021,2.523,3.000,-0.427,-0.425,0.000,0.603,cmd_age=0.02s bat=1.00 dist=1.38m
143,46.440,WORKER,0,-4.633,-0.753,3.000,-0.718,1.867,0.000,2.000,state=MOVING bat=1.00 dist=4.55m
143,46.440,WORKER,1,7.349,-0.463,3.000,0.153,1.994,0.000,2.000,state=MOVING bat=1.00 dist=4.55m
143,46.440,WORKER,2,-0.061,1.527,3.000,1.292,-1.527,0.000,2.000,state=MOVING bat=1.00 dist=4.55m
143,46.440,WORKER,3,3.562,2.020,3.000,-1.511,-1.310,0.000,2.000,state=MOVING bat=1.00 dist=4.55m
144,46.655,GENERAL,0,0.000,0.000,5.000,0.000,0.000,0.000,0.000,N/A
144,46.655,NODE,0,-5.322,-3.604,3.000,-0.135,0.585,0.000,0.601,zone=0 dist=1.42m
144,46.655,NODE,1,5.322,-3.604,3.000,0.134,0.583,0.000,0.599,zone=1 dist=1.42m
144,46.655,NODE,2,-3.987,3.989,3.000,0.423,-0.424,0.000,0.599,zone=2 dist=1.42m
144,46.655,NODE,3,3.986,3.988,3.000,-0.429,-0.420,0.000,0.600,zone=3 dist=1.42m
144,46.655,SCOUT,0,-3.813,-3.643,3.000,-0.134,0.585,0.000,0.600,cmd_age=0.02s bat=1.00 dist=1.39m
144,46.655,SCOUT,1,-5.313,-2.143,3.000,-0.134,0.585,0.000,0.600,cmd_age=0.02s bat=1.00 dist=1.39m
144,46.655,SCOUT,2,-6.813,-3.643,3.000,-0.134,0.585,0.000,0.600,cmd_age=0.02s bat=1.00 dist=1.39m
144,46.655,SCOUT,3,-5.313,-5.143,3.000,-0.134,0.585,0.000,0.600,cmd_age=0.02s bat=1.00 dist=1.39m
144,46.655,SCOUT,4,6.813,-3.643,3.000,0.135,0.585,0.000,0.601,cmd_age=0.02s bat=1.00 dist=1.39m
144,46.655,SCOUT,5,5.313,-2.143,3.000,0.135,0.585,0.000,0.601,cmd_age=0.02s bat=1.00 dist=1.39m
144,46.655,SCOUT,6,3.813,-3.643,3.000,0.135,0.585,0.000,0.601,cmd_age=0.02s bat=1.00 dist=1.39m
144,46.655,SCOUT,7,5.313,-5.143,3.000,0.135,0.585,0.000,0.601,cmd_age=0.02s bat=1.00 dist=1.39m
144,46.655,SCOUT,8,-2.515,4.017,3.000,0.422,-0.422,0.000,0.597,cmd_age=0.02s bat=1.00 dist=1.39m
144,46.655,SCOUT,9,-4.015,5.517,3.000,0.422,-0.422,0.000,0.597,cmd_age=0.02s bat=1.00 dist=1.39m
144,46.655,SCOUT,10,-5.515,4.017,3.000,0.422,-0.422,0.000,0.597,cmd_age=0.02s bat=1.00 dist=1.39m
144,46.655,SCOUT,11,-4.015,2.517,3.000,0.422,-0.422,0.000,0.597,cmd_age=0.02s bat=1.00 dist=1.39m
144,46.655,SCOUT,12,5.514,4.016,3.000,-0.427,-0.424,0.000,0.602,cmd_age=0.02s bat=1.00 dist=1.39m
144,46.655,SCOUT,13,4.014,5.516,3.000,-0.427,-0.424,0.000,0.602,cmd_age=0.02s bat=1.00 dist=1.39m
144,46.655,SCOUT,14,2.514,4.016,3.000,-0.427,-0.424,0.000,0.602,cmd_age=0.02s bat=1.00 dist=1.39m
144,46.655,SCOUT,15,4.014,2.516,3.000,-0.427,-0.424,0.000,0.602,cmd_age=0.02s bat=1.00 dist=1.39m
144,46.655,WORKER,0,-4.645,-0.722,3.000,-0.718,1.867,0.000,2.000,state=MOVING bat=1.00 dist=4.58m
144,46.655,WORKER,1,7.352,-0.430,3.000,0.153,1.994,0.000,2.000,state=MOVING bat=1.00 dist=4.58m
144,46.655,WORKER,2,-0.039,1.501,3.000,1.292,-1.527,0.000,2.000,state=MOVING bat=1.00 dist=4.58m
144,46.655,WORKER,3,3.536,1.998,3.000,-1.511,-1.310,0.000,2.000,state=MOVING bat=1.00 dist=4.58m
145,46.874,GENERAL,0,0.000,0.000,5.000,0.000,0.000,0.000,0.000,N/A
145,46.874,NODE,0,-5.324,-3.595,3.000,-0.131,0.586,0.000,0.601,zone=0 dist=1.43m
145,46.874,NODE,1,5.324,-3.594,3.000,0.130,0.592,0.000,0.606,zone=1 dist=1.43m
145,46.874,NODE,2,-3.980,3.982,3.000,0.422,-0.419,0.000,0.595,zone=2 dist=1.43m
145,46.874,NODE,3,3.979,3.981,3.000,-0.423,-0.426,0.000,0.600,zone=3 dist=1.43m
145,46.874,SCOUT,0,-3.815,-3.634,3.000,-0.134,0.585,0.000,0.600,cmd_age=0.02s bat=1.00 dist=1.40m
145,46.874,SCOUT,1,-5.315,-2.134,3.000,-0.134,0.585,0.000,0.600,cmd_age=0.02s bat=1.00 dist=1.40m
145,46.874,SCOUT,2,-6.815,-3.634,3.000,-0.134,0.585,0.000,0.600,cmd_age=0.02s bat=1.00 dist=1.40m
145,46.874,SCOUT,3,-5.315,-5.134,3.000,-0.134,0.585,0.000,0.600,cmd_age=0.02s bat=1.00 dist=1.40m
145,46.874,SCOUT,4,6.815,-3.633,3.000,0.134,0.587,0.000,0.602,cmd_age=0.02s bat=1.00 dist=1.40m
145,46.874,SCOUT,5,5.315,-2.133,3.000,0.134,0.587,0.000,0.602,cmd_age=0.02s bat=1.00 dist=1.40m
145,46.874,SCOUT,6,3.815,-3.633,3.000,0.134,0.587,0.000,0.602,cmd_age=0.02s bat=1.00 dist=1.40m
145,46.874,SCOUT,7,5.315,-5.133,3.000,0.134,0.587,0.000,0.602,cmd_age=0.02s bat=1.00 dist=1.40m
145,46.874,SCOUT,8,-2.508,4.010,3.000,0.422,-0.422,0.000,0.597,cmd_age=0.02s bat=1.00 dist=1.40m
145,46.874,SCOUT,9,-4.008,5.510,3.000,0.422,-0.422,0.000,0.597,cmd_age=0.02s bat=1.00 dist=1.40m
145,46.874,SCOUT,10,-5.508,4.010,3.000,0.422,-0.422,0.000,0.597,cmd_age=0.02s bat=1.00 dist=1.40m
145,46.874,SCOUT,11,-4.008,2.510,3.000,0.422,-0.422,0.000,0.597,cmd_age=0.02s bat=1.00 dist=1.40m
145,46.874,SCOUT,12,5.507,4.009,3.000,-0.427,-0.425,0.000,0.602,cmd_age=0.02s bat=1.00 dist=1.40m
145,46.874,SCOUT,13,4.007,5.509,3.000,-0.427,-0.425,0.000,0.602,cmd_age=0.02s bat=1.00 dist=1.40m
145,46.874,SCOUT,14,2.507,4.009,3.000,-0.427,-0.425,0.000,0.602,cmd_age=0.02s bat=1.00 dist=1.40m
145,46.874,SCOUT,15,4.007,2.509,3.000,-0.427,-0.425,0.000,0.602,cmd_age=0.02s bat=1.00 dist=1.40m
145,46.874,WORKER,0,-4.657,-0.691,3.000,-0.718,1.867,0.000,2.000,state=MOVING bat=1.00 dist=4.61m
145,46.874,WORKER,1,7.354,-0.397,3.000,0.153,1.994,0.000,2.000,state=MOVING bat=1.00 dist=4.61m
145,46.874,WORKER,2,-0.018,1.476,3.000,1.292,-1.527,0.000,2.000,state=MOVING bat=1.00 dist=4.61m
145,46.874,WORKER,3,3.511,1.976,3.000,-1.511,-1.310,0.000,2.000,state=MOVING bat=1.00 dist=4.61m
146,47.115,GENERAL,0,0.000,0.000,5.000,0.000,0.000,0.000,0.000,N/A
146,47.115,NODE,0,-5.326,-3.585,3.000,-0.137,0.587,0.000,0.603,zone=0 dist=1.44m
146,47.115,NODE,1,5.326,-3.584,3.000,0.136,0.589,0.000,0.604,zone=1 dist=1.44m
146,47.115,NODE,2,-3.972,3.975,3.000,0.422,-0.427,0.000,0.600,zone=2 dist=1.44m
146,47.115,NODE,3,3.972,3.974,3.000,-0.421,-0.429,0.000,0.601,zone=3 dist=1.44m
146,47.115,SCOUT,0,-3.817,-3.624,3.000,-0.134,0.586,0.000,0.601,cmd_age=0.02s bat=1.00 dist=1.41m
146,47.115,SCOUT,1,-5.317,-2.124,3.000,-0.134,0.586,0.000,0.601,cmd_age=0.02s bat=1.00 dist=1.41m
146,47.115,SCOUT,2,-6.817,-3.624,3.000,-0.134,0.586,0.000,0.601,cmd_age=0.02s bat=1.00 dist=1.41m
146,47.115,SCOUT,3,-5.317,-5.124,3.000,-0.134,0.586,0.000,0.601,cmd_age=0.02s bat=1.00 dist=1.41m
146,47.115,SCOUT,4,6.817,-3.623,3.000,0.134,0.587,0.000,0.602,cmd_age=0.02s bat=1.00 dist=1.41m
146,47.115,SCOUT,5,5.317,-2.123,3.000,0.134,0.587,0.000,0.602,cmd_age=0.02s bat=1.00 dist=1.41m
146,47.115,SCOUT,6,3.817,-3.623,3.000,0.134,0.587,0.000,0.602,cmd_age=0.02s bat=1.00 dist=1.41m
146,47.115,SCOUT,7,5.317,-5.123,3.000,0.134,0.587,0.000,0.602,cmd_age=0.02s bat=1.00 dist=1.41m
146,47.115,SCOUT,8,-2.501,4.003,3.000,0.422,-0.423,0.000,0.597,cmd_age=0.02s bat=1.00 dist=1.41m
146,47.115,SCOUT,9,-4.001,5.503,3.000,0.422,-0.423,0.000,0.597,cmd_age=0.02s bat=1.00 dist=1.41m
146,47.115,SCOUT,10,-5.501,4.003,3.000,0.422,-0.423,0.000,0.597,cmd_age=0.02s bat=1.00 dist=1.41m
146,47.115,SCOUT,11,-4.001,2.503,3.000,0.422,-0.423,0.000,0.597,cmd_age=0.02s bat=1.00 dist=1.41m
146,47.115,SCOUT,12,5.500,4.002,3.000,-0.425,-0.425,0.000,0.602,cmd_age=0.02s bat=1.00 dist=1.41m
146,47.115,SCOUT,13,4.000,5.502,3.000,-0.425,-0.425,0.000,0.602,cmd_age=0.02s bat=1.00 dist=1.41m
146,47.115,SCOUT,14,2.500,4.002,3.000,-0.425,-0.425,0.000,0.602,cmd_age=0.02s bat=1.00 dist=1.41m
146,47.115,SCOUT,15,4.000,2.502,3.000,-0.425,-0.425,0.000,0.602,cmd_age=0.02s bat=1.00 dist=1.41m
146,47.115,WORKER,0,-4.669,-0.660,3.000,-0.718,1.867,0.000,2.000,state=MOVING bat=1.00 dist=4.65m
146,47.115,WORKER,1,7.357,-0.364,3.000,0.153,1.994,0.000,2.000,state=MOVING bat=1.00 dist=4.65m
146,47.115,WORKER,2,0.004,1.450,3.000,1.292,-1.527,0.000,2.000,state=MOVING bat=1.00 dist=4.65m
146,47.115,WORKER,3,3.486,1.955,3.000,-1.511,-1.310,0.000,2.000,state=MOVING bat=1.00 dist=4.65m
147,47.356,GENERAL,0,0.000,0.000,5.000,0.000,0.000,0.000,0.000,N/A
147,47.356,NODE,0,-5.328,-3.575,3.000,-0.133,0.589,0.000,0.604,zone=0 dist=1.45m
147,47.356,NODE,1,5.328,-3.574,3.000,0.129,0.588,0.000,0.602,zone=1 dist=1.45m
147,47.356,NODE,2,-3.965,3.967,3.000,0.424,-0.427,0.000,0.601,zone=2 dist=1.45m
147,47.356,NODE,3,3.965,3.967,3.000,-0.423,-0.427,0.000,0.601,zone=3 dist=1.45m
147,47.356,SCOUT,0,-3.819,-3.614,3.000,-0.134,0.586,0.000,0.601,cmd_age=0.02s bat=1.00 dist=1.42m
147,47.356,SCOUT,1,-5.319,-2.114,3.000,-0.134,0.586,0.000,0.601,cmd_age=0.02s bat=1.00 dist=1.42m
147,47.356,SCOUT,2,-6.819,-3.614,3.000,-0.134,0.586,0.000,0.601,cmd_age=0.02s bat=1.00 dist=1.42m
147,47.356,SCOUT,3,-5.319,-5.114,3.000,-0.134,0.586,0.000,0.601,cmd_age=0.02s bat=1.00 dist=1.42m
147,47.356,SCOUT,4,6.819,-3.614,3.000,0.133,0.587,0.000,0.602,cmd_age=0.02s bat=1.00 dist=1.42m
147,47.356,SCOUT,5,5.319,-2.114,3.000,0.133,0.587,0.000,0.602,cmd_age=0.02s bat=1.00 dist=1.42m
147,47.356,SCOUT,6,3.819,-3.614,3.000,0.133,0.587,0.000,0.602,cmd_age=0.02s bat=1.00 dist=1.42m
147,47.356,SCOUT,7,5.319,-5.114,3.000,0.133,0.587,0.000,0.602,cmd_age=0.02s bat=1.00 dist=1.42m
147,47.356,SCOUT,8,-2.494,3.996,3.000,0.422,-0.424,0.000,0.598,cmd_age=0.02s bat=1.00 dist=1.42m
147,47.356,SCOUT,9,-3.994,5.496,3.000,0.422,-0.424,0.000,0.598,cmd_age=0.02s bat=1.00 dist=1.42m
147,47.356,SCOUT,10,-5.494,3.996,3.000,0.422,-0.424,0.000,0.598,cmd_age=0.02s bat=1.00 dist=1.42m
147,47.356,SCOUT,11,-3.994,2.496,3.000,0.422,-0.424,0.000,0.598,cmd_age=0.02s bat=1.00 dist=1.42m
147,47.356,SCOUT,12,5.493,3.995,3.000,-0.425,-0.426,0.000,0.601,cmd_age=0.02s bat=1.00 dist=1.42m
147,47.356,SCOUT,13,3.993,5.495,3.000,-0.425,-0.426,0.000,0.601,cmd_age=0.02s bat=1.00 dist=1.42m
147,47.356,SCOUT,14,2.493,3.995,3.000,-0.425,-0.426,0.000,0.601,cmd_age=0.02s bat=1.00 dist=1.42m
147,47.356,SCOUT,15,3.993,2.495,3.000,-0.425,-0.426,0.000,0.601,cmd_age=0.02s bat=1.00 dist=1.42m
147,47.356,WORKER,0,-4.681,-0.629,3.000,-0.718,1.867,0.000,2.000,state=MOVING bat=1.00 dist=4.68m
147,47.356,WORKER,1,7.359,-0.330,3.000,0.153,1.994,0.000,2.000,state=MOVING bat=1.00 dist=4.68m
147,47.356,WORKER,2,0.025,1.425,3.000,1.292,-1.527,0.000,2.000,state=MOVING bat=1.00 dist=4.68m
147,47.356,WORKER,3,3.461,1.933,3.000,-1.511,-1.310,0.000,2.000,state=MOVING bat=1.00 dist=4.68m
148,47.570,GENERAL,0,0.000,0.000,5.000,0.000,0.000,0.000,0.000,N/A
148,47.570,NODE,0,-5.331,-3.565,3.000,-0.137,0.584,0.000,0.600,zone=0 dist=1.46m
148,47.570,NODE,1,5.331,-3.565,3.000,0.140,0.587,0.000,0.603,zone=1 dist=1.46m
148,47.570,NODE,2,-3.958,3.960,3.000,0.427,-0.425,0.000,0.602,zone=2 dist=1.46m
148,47.570,NODE,3,3.958,3.960,3.000,-0.417,-0.421,0.000,0.593,zone=3 dist=1.46m
148,47.570,SCOUT,0,-3.822,-3.604,3.000,-0.135,0.586,0.000,0.601,cmd_age=0.02s bat=1.00 dist=1.43m
148,47.570,SCOUT,1,-5.322,-2.104,3.000,-0.135,0.586,0.000,0.601,cmd_age=0.02s bat=1.00 dist=1.43m
148,47.570,SCOUT,2,-6.822,-3.604,3.000,-0.135,0.586,0.000,0.601,cmd_age=0.02s bat=1.00 dist=1.43m
148,47.570,SCOUT,3,-5.322,-5.104,3.000,-0.135,0.586,0.000,0.601,cmd_age=0.02s bat=1.00 dist=1.43m
148,47.570,SCOUT,4,6.822,-3.604,3.000,0.135,0.587,0.000,0.602,cmd_age=0.02s bat=1.00 dist=1.43m
148,47.570,SCOUT,5,5.322,-2.104,3.000,0.135,0.587,0.000,0.602,cmd_age=0.02s bat=1.00 dist=1.43m
148,47.570,SCOUT,6,3.822,-3.604,3.000,0.135,0.587,0.000,0.602,cmd_age=0.02s bat=1.00 dist=1.43m
148,47.570,SCOUT,7,5.322,-5.104,3.000,0.135,0.587,0.000,0.602,cmd_age=0.02s bat=1.00 dist=1.43m
148,47.570,SCOUT,8,-2.487,3.989,3.000,0.423,-0.424,0.000,0.599,cmd_age=0.02s bat=1.00 dist=1.43m
148,47.570,SCOUT,9,-3.987,5.489,3.000,0.423,-0.424,0.000,0.599,cmd_age=0.02s bat=1.00 dist=1.43m
148,47.570,SCOUT,10,-5.487,3.989,3.000,0.423,-0.424,0.000,0.599,cmd_age=0.02s bat=1.00 dist=1.43m
148,47.570,SCOUT,11,-3.987,2.489,3.000,0.423,-0.424,0.000,0.599,cmd_age=0.02s bat=1.00 dist=1.43m
148,47.570,SCOUT,12,5.486,3.988,3.000,-0.423,-0.425,0.000,0.600,cmd_age=0.02s bat=1.00 dist=1.43m
148,47.570,SCOUT,13,3.986,5.488,3.000,-0.423,-0.425,0.000,0.600,cmd_age=0.02s bat=1.00 dist=1.43m
148,47.570,SCOUT,14,2.486,3.988,3.000,-0.423,-0.425,0.000,0.600,cmd_age=0.02s bat=1.00 dist=1.43m
148,47.570,SCOUT,15,3.986,2.488,3.000,-0.423,-0.425,0.000,0.600,cmd_age=0.02s bat=1.00 dist=1.43m
148,47.570,WORKER,0,-4.693,-0.598,3.000,-0.718,1.867,0.000,2.000,state=MOVING bat=1.00 dist=4.71m
148,47.570,WORKER,1,7.362,-0.297,3.000,0.153,1.994,0.000,2.000,state=MOVING bat=1.00 dist=4.71m
148,47.570,WORKER,2,0.047,1.399,3.000,1.292,-1.527,0.000,2.000,state=MOVING bat=1.00 dist=4.71m
148,47.570,WORKER,3,3.436,1.911,3.000,-1.511,-1.310,0.000,2.000,state=MOVING bat=1.00 dist=4.71m
149,47.791,GENERAL,0,0.000,0.000,5.000,0.000,0.000,0.000,0.000,N/A
149,47.791,NODE,0,-5.333,-3.555,3.000,-0.133,0.589,0.000,0.604,zone=0 dist=1.47m
149,47.791,NODE,1,5.333,-3.555,3.000,0.127,0.587,0.000,0.601,zone=1 dist=1.47m
149,47.791,NODE,2,-3.951,3.953,3.000,0.420,-0.418,0.000,0.593,zone=2 dist=1.47m
149,47.791,NODE,3,3.951,3.952,3.000,-0.416,-0.422,0.000,0.592,zone=3 dist=1.47m
149,47.791,SCOUT,0,-3.824,-3.594,3.000,-0.134,0.586,0.000,0.602,cmd_age=0.02s bat=1.00 dist=1.44m
149,47.791,SCOUT,1,-5.324,-2.094,3.000,-0.134,0.586,0.000,0.602,cmd_age=0.02s bat=1.00 dist=1.44m
149,47.791,SCOUT,2,-6.824,-3.594,3.000,-0.134,0.586,0.000,0.602,cmd_age=0.02s bat=1.00 dist=1.44m
149,47.791,SCOUT,3,-5.324,-5.094,3.000,-0.134,0.586,0.000,0.602,cmd_age=0.02s bat=1.00 dist=1.44m
149,47.791,SCOUT,4,6.824,-3.594,3.000,0.133,0.587,0.000,0.602,cmd_age=0.02s bat=1.00 dist=1.44m
149,47.791,SCOUT,5,5.324,-2.094,3.000,0.133,0.587,0.000,0.602,cmd_age=0.02s bat=1.00 dist=1.44m
149,47.791,SCOUT,6,3.824,-3.594,3.000,0.133,0.587,0.000,0.602,cmd_age=0.02s bat=1.00 dist=1.44m
149,47.791,SCOUT,7,5.324,-5.094,3.000,0.133,0.587,0.000,0.602,cmd_age=0.02s bat=1.00 dist=1.44m
149,47.791,SCOUT,8,-2.479,3.982,3.000,0.423,-0.423,0.000,0.598,cmd_age=0.02s bat=1.00 dist=1.44m
149,47.791,SCOUT,9,-3.979,5.482,3.000,0.423,-0.423,0.000,0.598,cmd_age=0.02s bat=1.00 dist=1.44m
149,47.791,SCOUT,10,-5.479,3.982,3.000,0.423,-0.423,0.000,0.598,cmd_age=0.02s bat=1.00 dist=1.44m
149,47.791,SCOUT,11,-3.979,2.482,3.000,0.423,-0.423,0.000,0.598,cmd_age=0.02s bat=1.00 dist=1.44m
149,47.791,SCOUT,12,5.479,3.981,3.000,-0.422,-0.424,0.000,0.598,cmd_age=0.02s bat=1.00 dist=1.44m
149,47.791,SCOUT,13,3.979,5.481,3.000,-0.422,-0.424,0.000,0.598,cmd_age=0.02s bat=1.00 dist=1.44m
149,47.791,SCOUT,14,2.479,3.981,3.000,-0.422,-0.424,0.000,0.598,cmd_age=0.02s bat=1.00 dist=1.44m
149,47.791,SCOUT,15,3.979,2.481,3.000,-0.422,-0.424,0.000,0.598,cmd_age=0.02s bat=1.00 dist=1.44m
149,47.791,WORKER,0,-4.705,-0.567,3.000,-0.718,1.867,0.000,2.000,state=MOVING bat=1.00 dist=4.75m
149,47.791,WORKER,1,7.364,-0.264,3.000,0.153,1.994,0.000,2.000,state=MOVING bat=1.00 dist=4.75m
149,47.791,WORKER,2,0.068,1.374,3.000,1.292,-1.527,0.000,2.000,state=MOVING bat=1.00 dist=4.75m
149,47.791,WORKER,3,3.410,1.889,3.000,-1.511,-1.310,0.000,2.000,state=MOVING bat=1.00 dist=4.75m
150,48.014,GENERAL,0,0.000,0.000,5.000,0.000,0.000,0.000,0.000,N/A
150,48.014,NODE,0,-5.335,-3.546,3.000,-0.134,0.589,0.000,0.604,zone=0 dist=1.48m
150,48.014,NODE,1,5.335,-3.545,3.000,0.137,0.585,0.000,0.601,zone=1 dist=1.48m
150,48.014,NODE,2,-3.944,3.946,3.000,0.424,-0.422,0.000,0.599,zone=2 dist=1.48m
150,48.014,NODE,3,3.944,3.945,3.000,-0.423,-0.432,0.000,0.605,zone=3 dist=1.48m
150,48.014,SCOUT,0,-3.826,-3.585,3.000,-0.134,0.587,0.000,0.602,cmd_age=0.02s bat=1.00 dist=1.45m
150,48.014,SCOUT,1,-5.326,-2.085,3.000,-0.134,0.587,0.000,0.602,cmd_age=0.02s bat=1.00 dist=1.45m
150,48.014,SCOUT,2,-6.826,-3.585,3.000,-0.134,0.587,0.000,0.602,cmd_age=0.02s bat=1.00 dist=1.45m
150,48.014,SCOUT,3,-5.326,-5.085,3.000,-0.134,0.587,0.000,0.602,cmd_age=0.02s bat=1.00 dist=1.45m
150,48.014,SCOUT,4,6.826,-3.584,3.000,0.134,0.587,0.000,0.602,cmd_age=0.02s bat=1.00 dist=1.45m
150,48.014,SCOUT,5,5.326,-2.084,3.000,0.134,0.587,0.000,0.602,cmd_age=0.02s bat=1.00 dist=1.45m
150,48.014,SCOUT,6,3.826,-3.584,3.000,0.134,0.587,0.000,0.602,cmd_age=0.02s bat=1.00 dist=1.45m
150,48.014,SCOUT,7,5.326,-5.084,3.000,0.134,0.587,0.000,0.602,cmd_age=0.02s bat=1.00 dist=1.45m
150,48.014,SCOUT,8,-2.472,3.974,3.000,0.423,-0.423,0.000,0.598,cmd_age=0.02s bat=1.00 dist=1.45m
150,48.014,SCOUT,9,-3.972,5.474,3.000,0.423,-0.423,0.000,0.598,cmd_age=0.02s bat=1.00 dist=1.45m
150,48.014,SCOUT,10,-5.472,3.974,3.000,0.423,-0.423,0.000,0.598,cmd_age=0.02s bat=1.00 dist=1.45m
150,48.014,SCOUT,11,-3.972,2.474,3.000,0.423,-0.423,0.000,0.598,cmd_age=0.02s bat=1.00 dist=1.45m
150,48.014,SCOUT,12,5.472,3.974,3.000,-0.422,-0.426,0.000,0.600,cmd_age=0.02s bat=1.00 dist=1.45m
150,48.014,SCOUT,13,3.972,5.474,3.000,-0.422,-0.426,0.000,0.600,cmd_age=0.02s bat=1.00 dist=1.45m
150,48.014,SCOUT,14,2.472,3.974,3.000,-0.422,-0.426,0.000,0.600,cmd_age=0.02s bat=1.00 dist=1.45m
150,48.014,SCOUT,15,3.972,2.474,3.000,-0.422,-0.426,0.000,0.600,cmd_age=0.02s bat=1.00 dist=1.45m
150,48.014,WORKER,0,-4.717,-0.535,3.000,-0.718,1.867,0.000,2.000,state=MOVING bat=1.00 dist=4.78m
150,48.014,WORKER,1,7.367,-0.231,3.000,0.153,1.994,0.000,2.000,state=MOVING bat=1.00 dist=4.78m
150,48.014,WORKER,2,0.090,1.348,3.000,1.292,-1.527,0.000,2.000,state=MOVING bat=1.00 dist=4.78m
150,48.014,WORKER,3,3.385,1.867,3.000,-1.511,-1.310,0.000,2.000,state=MOVING bat=1.00 dist=4.78m
151,48.233,GENERAL,0,0.000,0.000,5.000,0.000,0.000,0.000,0.000,N/A
151,48.233,NODE,0,-5.337,-3.536,3.000,-0.125,0.583,0.000,0.596,zone=0 dist=1.49m
151,48.233,NODE,1,5.337,-3.535,3.000,0.131,0.585,0.000,0.600,zone=1 dist=1.49m
151,48.233,NODE,2,-3.937,3.939,3.000,0.430,-0.417,0.000,0.599,zone=2 dist=1.49m
151,48.233,NODE,3,3.937,3.938,3.000,-0.429,-0.430,0.000,0.607,zone=3 dist=1.49m
151,48.233,SCOUT,0,-3.828,-3.575,3.000,-0.132,0.586,0.000,0.601,cmd_age=0.02s bat=1.00 dist=1.46m
151,48.233,SCOUT,1,-5.328,-2.075,3.000,-0.132,0.586,0.000,0.601,cmd_age=0.02s bat=1.00 dist=1.46m
151,48.233,SCOUT,2,-6.828,-3.575,3.000,-0.132,0.586,0.000,0.601,cmd_age=0.02s bat=1.00 dist=1.46m
151,48.233,SCOUT,3,-5.328,-5.075,3.000,-0.132,0.586,0.000,0.601,cmd_age=0.02s bat=1.00 dist=1.46m
151,48.233,SCOUT,4,6.828,-3.574,3.000,0.133,0.586,0.000,0.601,cmd_age=0.02s bat=1.00 dist=1.46m
151,48.233,SCOUT,5,5.328,-2.074,3.000,0.133,0.586,0.000,0.601,cmd_age=0.02s bat=1.00 dist=1.46m
151,48.233,SCOUT,6,3.828,-3.574,3.000,0.133,0.586,0.000,0.601,cmd_age=0.02s bat=1.00 dist=1.46m
151,48.233,SCOUT,7,5.328,-5.074,3.000,0.133,0.586,0.000,0.601,cmd_age=0.02s bat=1.00 dist=1.46m
151,48.233,SCOUT,8,-2.465,3.967,3.000,0.424,-0.422,0.000,0.598,cmd_age=0.02s bat=1.00 dist=1.46m
151,48.233,SCOUT,9,-3.965,5.467,3.000,0.424,-0.422,0.000,0.598,cmd_age=0.02s bat=1.00 dist=1.46m
151,48.233,SCOUT,10,-5.465,3.967,3.000,0.424,-0.422,0.000,0.598,cmd_age=0.02s bat=1.00 dist=1.46m
151,48.233,SCOUT,11,-3.965,2.467,3.000,0.424,-0.422,0.000,0.598,cmd_age=0.02s bat=1.00 dist=1.46m
151,48.233,SCOUT,12,5.465,3.967,3.000,-0.423,-0.427,0.000,0.601,cmd_age=0.02s bat=1.00 dist=1.46m
151,48.233,SCOUT,13,3.965,5.467,3.000,-0.423,-0.427,0.000,0.601,cmd_age=0.02s bat=1.00 dist=1.46m
151,48.233,SCOUT,14,2.465,3.967,3.000,-0.423,-0.427,0.000,0.601,cmd_age=0.02s bat=1.00 dist=1.46m
151,48.233,SCOUT,15,3.965,2.467,3.000,-0.423,-0.427,0.000,0.601,cmd_age=0.02s bat=1.00 dist=1.46m
151,48.233,WORKER,0,-4.729,-0.504,3.000,-0.718,1.867,0.000,2.000,state=MOVING bat=1.00 dist=4.81m
151,48.233,WORKER,1,7.369,-0.198,3.000,0.153,1.994,0.000,2.000,state=MOVING bat=1.00 dist=4.81m
151,48.233,WORKER,2,0.111,1.323,3.000,1.292,-1.527,0.000,2.000,state=MOVING bat=1.00 dist=4.81m
151,48.233,WORKER,3,3.360,1.845,3.000,-1.511,-1.310,0.000,2.000,state=MOVING bat=1.00 dist=4.81m
152,48.446,GENERAL,0,0.000,0.000,5.000,0.000,0.000,0.000,0.000,N/A
152,48.446,NODE,0,-5.339,-3.526,3.000,-0.135,0.585,0.000,0.600,zone=0 dist=1.50m
152,48.446,NODE,1,5.340,-3.526,3.000,0.143,0.585,0.000,0.602,zone=1 dist=1.50m
152,48.446,NODE,2,-3.930,3.932,3.000,0.423,-0.427,0.000,0.601,zone=2 dist=1.50m
152,48.446,NODE,3,3.930,3.931,3.000,-0.425,-0.426,0.000,0.602,zone=3 dist=1.50m
152,48.446,SCOUT,0,-3.831,-3.565,3.000,-0.133,0.586,0.000,0.601,cmd_age=0.02s bat=1.00 dist=1.47m
152,48.446,SCOUT,1,-5.331,-2.065,3.000,-0.133,0.586,0.000,0.601,cmd_age=0.02s bat=1.00 dist=1.47m
152,48.446,SCOUT,2,-6.831,-3.565,3.000,-0.133,0.586,0.000,0.601,cmd_age=0.02s bat=1.00 dist=1.47m
152,48.446,SCOUT,3,-5.331,-5.065,3.000,-0.133,0.586,0.000,0.601,cmd_age=0.02s bat=1.00 dist=1.47m
152,48.446,SCOUT,4,6.831,-3.565,3.000,0.135,0.586,0.000,0.602,cmd_age=0.02s bat=1.00 dist=1.47m
152,48.446,SCOUT,5,5.331,-2.065,3.000,0.135,0.586,0.000,0.602,cmd_age=0.02s bat=1.00 dist=1.47m
152,48.446,SCOUT,6,3.831,-3.565,3.000,0.135,0.586,0.000,0.602,cmd_age=0.02s bat=1.00 dist=1.47m
152,48.446,SCOUT,7,5.331,-5.065,3.000,0.135,0.586,0.000,0.602,cmd_age=0.02s bat=1.00 dist=1.47m
152,48.446,SCOUT,8,-2.458,3.960,3.000,0.424,-0.423,0.000,0.599,cmd_age=0.02s bat=1.00 dist=1.47m
152,48.446,SCOUT,9,-3.958,5.460,3.000,0.424,-0.423,0.000,0.599,cmd_age=0.02s bat=1.00 dist=1.47m
152,48.446,SCOUT,10,-5.458,3.960,3.000,0.424,-0.423,0.000,0.599,cmd_age=0.02s bat=1.00 dist=1.47m
152,48.446,SCOUT,11,-3.958,2.460,3.000,0.424,-0.423,0.000,0.599,cmd_age=0.02s bat=1.00 dist=1.47m
152,48.446,SCOUT,12,5.458,3.959,3.000,-0.424,-0.427,0.000,0.601,cmd_age=0.02s bat=1.00 dist=1.47m
152,48.446,SCOUT,13,3.958,5.459,3.000,-0.424,-0.427,0.000,0.601,cmd_age=0.02s bat=1.00 dist=1.47m
152,48.446,SCOUT,14,2.458,3.959,3.000,-0.424,-0.427,0.000,0.601,cmd_age=0.02s bat=1.00 dist=1.47m
152,48.446,SCOUT,15,3.958,2.459,3.000,-0.424,-0.427,0.000,0.601,cmd_age=0.02s bat=1.00 dist=1.47m
152,48.446,WORKER,0,-4.741,-0.473,3.000,-0.718,1.867,0.000,2.000,state=MOVING bat=1.00 dist=4.85m
152,48.446,WORKER,1,7.372,-0.164,3.000,0.153,1.994,0.000,2.000,state=MOVING bat=1.00 dist=4.85m
152,48.446,WORKER,2,0.133,1.298,3.000,1.292,-1.527,0.000,2.000,state=MOVING bat=1.00 dist=4.85m
152,48.446,WORKER,3,3.335,1.824,3.000,-1.511,-1.310,0.000,2.000,state=MOVING bat=1.00 dist=4.85m
153,48.668,GENERAL,0,0.000,0.000,5.000,0.000,0.000,0.000,0.000,N/A
153,48.668,NODE,0,-5.342,-3.516,3.000,-0.137,0.589,0.000,0.605,zone=0 dist=1.51m
153,48.668,NODE,1,5.342,-3.516,3.000,0.133,0.581,0.000,0.596,zone=1 dist=1.51m
153,48.668,NODE,2,-3.923,3.925,3.000,0.428,-0.426,0.000,0.603,zone=2 dist=1.51m
153,48.668,NODE,3,3.922,3.924,3.000,-0.427,-0.431,0.000,0.607,zone=3 dist=1.51m
153,48.668,SCOUT,0,-3.833,-3.555,3.000,-0.134,0.587,0.000,0.602,cmd_age=0.02s bat=1.00 dist=1.48m
153,48.668,SCOUT,1,-5.333,-2.055,3.000,-0.134,0.587,0.000,0.602,cmd_age=0.02s bat=1.00 dist=1.48m
153,48.668,SCOUT,2,-6.833,-3.555,3.000,-0.134,0.587,0.000,0.602,cmd_age=0.02s bat=1.00 dist=1.48m
153,48.668,SCOUT,3,-5.333,-5.055,3.000,-0.134,0.587,0.000,0.602,cmd_age=0.02s bat=1.00 dist=1.48m
153,48.668,SCOUT,4,6.833,-3.555,3.000,0.135,0.585,0.000,0.601,cmd_age=0.02s bat=1.00 dist=1.48m
153,48.668,SCOUT,5,5.333,-2.055,3.000,0.135,0.585,0.000,0.601,cmd_age=0.02s bat=1.00 dist=1.48m
153,48.668,SCOUT,6,3.833,-3.555,3.000,0.135,0.585,0.000,0.601,cmd_age=0.02s bat=1.00 dist=1.48m
153,48.668,SCOUT,7,5.333,-5.055,3.000,0.135,0.585,0.000,0.601,cmd_age=0.02s bat=1.00 dist=1.48m
153,48.668,SCOUT,8,-2.451,3.953,3.000,0.425,-0.423,0.000,0.600,cmd_age=0.02s bat=1.00 dist=1.48m
153,48.668,SCOUT,9,-3.951,5.453,3.000,0.425,-0.423,0.000,0.600,cmd_age=0.02s bat=1.00 dist=1.48m
153,48.668,SCOUT,10,-5.451,3.953,3.000,0.425,-0.423,0.000,0.600,cmd_age=0.02s bat=1.00 dist=1.48m
153,48.668,SCOUT,11,-3.951,2.453,3.000,0.425,-0.423,0.000,0.600,cmd_age=0.02s bat=1.00 dist=1.48m
153,48.668,SCOUT,12,5.451,3.952,3.000,-0.424,-0.427,0.000,0.602,cmd_age=0.02s bat=1.00 dist=1.48m
153,48.668,SCOUT,13,3.951,5.452,3.000,-0.424,-0.427,0.000,0.602,cmd_age=0.02s bat=1.00 dist=1.48m
153,48.668,SCOUT,14,2.451,3.952,3.000,-0.424,-0.427,0.000,0.602,cmd_age=0.02s bat=1.00 dist=1.48m
153,48.668,SCOUT,15,3.951,2.452,3.000,-0.424,-0.427,0.000,0.602,cmd_age=0.02s bat=1.00 dist=1.48m
153,48.668,WORKER,0,-4.753,-0.442,3.000,-0.718,1.867,0.000,2.000,state=MOVING bat=1.00 dist=4.88m
153,48.668,WORKER,1,7.375,-0.131,3.000,0.153,1.994,0.000,2.000,state=MOVING bat=1.00 dist=4.88m
153,48.668,WORKER,2,0.154,1.272,3.000,1.292,-1.527,0.000,2.000,state=MOVING bat=1.00 dist=4.88m
153,48.668,WORKER,3,3.310,1.802,3.000,-1.511,-1.310,0.000,2.000,state=MOVING bat=1.00 dist=4.88m
154,48.887,GENERAL,0,0.000,0.000,5.000,0.000,0.000,0.000,0.000,N/A
154,48.887,NODE,0,-5.344,-3.507,3.000,-0.132,0.583,0.000,0.598,zone=0 dist=1.52m
154,48.887,NODE,1,5.344,-3.506,3.000,0.145,0.585,0.000,0.602,zone=1 dist=1.52m
154,48.887,NODE,2,-3.916,3.918,3.000,0.427,-0.425,0.000,0.603,zone=2 dist=1.52m
154,48.887,NODE,3,3.915,3.917,3.000,-0.423,-0.428,0.000,0.602,zone=3 dist=1.52m
154,48.887,SCOUT,0,-3.835,-3.546,3.000,-0.133,0.586,0.000,0.601,cmd_age=0.02s bat=1.00 dist=1.49m
154,48.887,SCOUT,1,-5.335,-2.046,3.000,-0.133,0.586,0.000,0.601,cmd_age=0.02s bat=1.00 dist=1.49m
154,48.887,SCOUT,2,-6.835,-3.546,3.000,-0.133,0.586,0.000,0.601,cmd_age=0.02s bat=1.00 dist=1.49m
154,48.887,SCOUT,3,-5.335,-5.046,3.000,-0.133,0.586,0.000,0.601,cmd_age=0.02s bat=1.00 dist=1.49m
154,48.887,SCOUT,4,6.835,-3.545,3.000,0.137,0.585,0.000,0.601,cmd_age=0.02s bat=1.00 dist=1.49m
154,48.887,SCOUT,5,5.335,-2.045,3.000,0.137,0.585,0.000,0.601,cmd_age=0.02s bat=1.00 dist=1.49m
154,48.887,SCOUT,6,3.835,-3.545,3.000,0.137,0.585,0.000,0.601,cmd_age=0.02s bat=1.00 dist=1.49m
154,48.887,SCOUT,7,5.335,-5.045,3.000,0.137,0.585,0.000,0.601,cmd_age=0.02s bat=1.00 dist=1.49m
154,48.887,SCOUT,8,-2.444,3.946,3.000,0.425,-0.424,0.000,0.600,cmd_age=0.02s bat=1.00 dist=1.49m
154,48.887,SCOUT,9,-3.944,5.446,3.000,0.425,-0.424,0.000,0.600,cmd_age=0.02s bat=1.00 dist=1.49m
154,48.887,SCOUT,10,-5.444,3.946,3.000,0.425,-0.424,0.000,0.600,cmd_age=0.02s bat=1.00 dist=1.49m
154,48.887,SCOUT,11,-3.944,2.446,3.000,0.425,-0.424,0.000,0.600,cmd_age=0.02s bat=1.00 dist=1.49m
154,48.887,SCOUT,12,5.444,3.945,3.000,-0.424,-0.428,0.000,0.602,cmd_age=0.02s bat=1.00 dist=1.49m
154,48.887,SCOUT,13,3.944,5.445,3.000,-0.424,-0.428,0.000,0.602,cmd_age=0.02s bat=1.00 dist=1.49m
154,48.887,SCOUT,14,2.444,3.945,3.000,-0.424,-0.428,0.000,0.602,cmd_age=0.02s bat=1.00 dist=1.49m
154,48.887,SCOUT,15,3.944,2.445,3.000,-0.424,-0.428,0.000,0.602,cmd_age=0.02s bat=1.00 dist=1.49m
154,48.887,WORKER,0,-4.765,-0.411,3.000,-0.718,1.867,0.000,2.000,state=MOVING bat=1.00 dist=4.91m
154,48.887,WORKER,1,7.377,-0.098,3.000,0.153,1.994,0.000,2.000,state=MOVING bat=1.00 dist=4.91m
154,48.887,WORKER,2,0.176,1.247,3.000,1.292,-1.527,0.000,2.000,state=MOVING bat=1.00 dist=4.91m
154,48.887,WORKER,3,3.285,1.780,3.000,-1.511,-1.310,0.000,2.000,state=MOVING bat=1.00 dist=4.91m
155,49.101,GENERAL,0,0.000,0.000,5.000,0.000,0.000,0.000,0.000,N/A
155,49.101,NODE,0,-5.346,-3.497,3.000,-0.135,0.589,0.000,0.604,zone=0 dist=1.53m
155,49.101,NODE,1,5.347,-3.496,3.000,0.139,0.587,0.000,0.603,zone=1 dist=1.53m
155,49.101,NODE,2,-3.909,3.911,3.000,0.422,-0.417,0.000,0.593,zone=2 dist=1.53m
155,49.101,NODE,3,3.908,3.910,3.000,-0.422,-0.422,0.000,0.597,zone=3 dist=1.53m
155,49.101,SCOUT,0,-3.837,-3.536,3.000,-0.134,0.586,0.000,0.602,cmd_age=0.02s bat=1.00 dist=1.50m
155,49.101,SCOUT,1,-5.337,-2.036,3.000,-0.134,0.586,0.000,0.602,cmd_age=0.02s bat=1.00 dist=1.50m
155,49.101,SCOUT,2,-6.837,-3.536,3.000,-0.134,0.586,0.000,0.602,cmd_age=0.02s bat=1.00 dist=1.50m
155,49.101,SCOUT,3,-5.337,-5.036,3.000,-0.134,0.586,0.000,0.602,cmd_age=0.02s bat=1.00 dist=1.50m
155,49.101,SCOUT,4,6.837,-3.535,3.000,0.137,0.585,0.000,0.601,cmd_age=0.02s bat=1.00 dist=1.50m
155,49.101,SCOUT,5,5.337,-2.035,3.000,0.137,0.585,0.000,0.601,cmd_age=0.02s bat=1.00 dist=1.50m
155,49.101,SCOUT,6,3.837,-3.535,3.000,0.137,0.585,0.000,0.601,cmd_age=0.02s bat=1.00 dist=1.50m
155,49.101,SCOUT,7,5.337,-5.035,3.000,0.137,0.585,0.000,0.601,cmd_age=0.02s bat=1.00 dist=1.50m
155,49.101,SCOUT,8,-2.437,3.939,3.000,0.425,-0.422,0.000,0.599,cmd_age=0.02s bat=1.00 dist=1.50m
155,49.101,SCOUT,9,-3.937,5.439,3.000,0.425,-0.422,0.000,0.599,cmd_age=0.02s bat=1.00 dist=1.50m
155,49.101,SCOUT,10,-5.437,3.939,3.000,0.425,-0.422,0.000,0.599,cmd_age=0.02s bat=1.00 dist=1.50m
155,49.101,SCOUT,11,-3.937,2.439,3.000,0.425,-0.422,0.000,0.599,cmd_age=0.02s bat=1.00 dist=1.50m
155,49.101,SCOUT,12,5.437,3.938,3.000,-0.424,-0.426,0.000,0.601,cmd_age=0.02s bat=1.00 dist=1.50m
155,49.101,SCOUT,13,3.937,5.438,3.000,-0.424,-0.426,0.000,0.601,cmd_age=0.02s bat=1.00 dist=1.50m
155,49.101,SCOUT,14,2.437,3.938,3.000,-0.424,-0.426,0.000,0.601,cmd_age=0.02s bat=1.00 dist=1.50m
155,49.101,SCOUT,15,3.937,2.438,3.000,-0.424,-0.426,0.000,0.601,cmd_age=0.02s bat=1.00 dist=1.50m
155,49.101,WORKER,0,-4.777,-0.380,3.000,-0.718,1.867,0.000,2.000,state=MOVING bat=1.00 dist=4.95m
155,49.101,WORKER,1,7.380,-0.065,3.000,0.153,1.994,0.000,2.000,state=MOVING bat=1.00 dist=4.95m
155,49.101,WORKER,2,0.197,1.221,3.000,1.292,-1.527,0.000,2.000,state=MOVING bat=1.00 dist=4.95m
155,49.101,WORKER,3,3.259,1.758,3.000,-1.511,-1.310,0.000,2.000,state=MOVING bat=1.00 dist=4.95m
156,49.318,GENERAL,0,0.000,0.000,5.000,0.000,0.000,0.000,0.000,N/A
156,49.318,NODE,0,-5.348,-3.487,3.000,-0.135,0.587,0.000,0.602,zone=0 dist=1.54m
156,49.318,NODE,1,5.349,-3.487,3.000,0.133,0.588,0.000,0.603,zone=1 dist=1.54m
156,49.318,NODE,2,-3.902,3.904,3.000,0.427,-0.427,0.000,0.604,zone=2 dist=1.54m
156,49.318,NODE,3,3.901,3.903,3.000,-0.420,-0.417,0.000,0.592,zone=3 dist=1.54m
156,49.318,SCOUT,0,-3.840,-3.526,3.000,-0.134,0.587,0.000,0.602,cmd_age=0.02s bat=1.00 dist=1.51m
156,49.318,SCOUT,1,-5.340,-2.026,3.000,-0.134,0.587,0.000,0.602,cmd_age=0.02s bat=1.00 dist=1.51m
156,49.318,SCOUT,2,-6.840,-3.526,3.000,-0.134,0.587,0.000,0.602,cmd_age=0.02s bat=1.00 dist=1.51m
156,49.318,SCOUT,3,-5.340,-5.026,3.000,-0.134,0.587,0.000,0.602,cmd_age=0.02s bat=1.00 dist=1.51m
156,49.318,SCOUT,4,6.840,-3.526,3.000,0.136,0.586,0.000,0.602,cmd_age=0.02s bat=1.00 dist=1.51m
156,49.318,SCOUT,5,5.340,-2.026,3.000,0.136,0.586,0.000,0.602,cmd_age=0.02s bat=1.00 dist=1.51m
156,49.318,SCOUT,6,3.840,-3.526,3.000,0.136,0.586,0.000,0.602,cmd_age=0.02s bat=1.00 dist=1.51m
156,49.318,SCOUT,7,5.340,-5.026,3.000,0.136,0.586,0.000,0.602,cmd_age=0.02s bat=1.00 dist=1.51m
156,49.318,SCOUT,8,-2.430,3.932,3.000,0.425,-0.423,0.000,0.600,cmd_age=0.02s bat=1.00 dist=1.51m
156,49.318,SCOUT,9,-3.930,5.432,3.000,0.425,-0.423,0.000,0.600,cmd_age=0.02s bat=1.00 dist=1.51m
156,49.318,SCOUT,10,-5.430,3.932,3.000,0.425,-0.423,0.000,0.600,cmd_age=0.02s bat=1.00 dist=1.51m
156,49.318,SCOUT,11,-3.930,2.432,3.000,0.425,-0.423,0.000,0.600,cmd_age=0.02s bat=1.00 dist=1.51m
156,49.318,SCOUT,12,5.430,3.931,3.000,-0.423,-0.424,0.000,0.599,cmd_age=0.02s bat=1.00 dist=1.51m
156,49.318,SCOUT,13,3.930,5.431,3.000,-0.423,-0.424,0.000,0.599,cmd_age=0.02s bat=1.00 dist=1.51m
156,49.318,SCOUT,14,2.430,3.931,3.000,-0.423,-0.424,0.000,0.599,cmd_age=0.02s bat=1.00 dist=1.51m
156,49.318,SCOUT,15,3.930,2.431,3.000,-0.423,-0.424,0.000,0.599,cmd_age=0.02s bat=1.00 dist=1.51m
156,49.318,WORKER,0,-4.789,-0.349,3.000,-0.718,1.867,0.000,2.000,state=MOVING bat=1.00 dist=4.98m
156,49.318,WORKER,1,7.382,-0.031,3.000,0.153,1.994,0.000,2.000,state=MOVING bat=1.00 dist=4.98m
156,49.318,WORKER,2,0.219,1.196,3.000,1.292,-1.527,0.000,2.000,state=MOVING bat=1.00 dist=4.98m
156,49.318,WORKER,3,3.234,1.736,3.000,-1.511,-1.310,0.000,2.000,state=MOVING bat=1.00 dist=4.98m
157,49.547,GENERAL,0,0.000,0.000,5.000,0.000,0.000,0.000,0.000,N/A
157,49.547,NODE,0,-5.351,-3.477,3.000,-0.132,0.585,0.000,0.600,zone=0 dist=1.55m
157,49.547,NODE,1,5.351,-3.477,3.000,0.138,0.591,0.000,0.606,zone=1 dist=1.55m
157,49.547,NODE,2,-3.895,3.897,3.000,0.424,-0.422,0.000,0.598,zone=2 dist=1.55m
157,49.547,NODE,3,3.894,3.896,3.000,-0.422,-0.428,0.000,0.601,zone=3 dist=1.55m
157,49.547,SCOUT,0,-3.842,-3.516,3.000,-0.134,0.586,0.000,0.601,cmd_age=0.02s bat=1.00 dist=1.52m
157,49.547,SCOUT,1,-5.342,-2.016,3.000,-0.134,0.586,0.000,0.601,cmd_age=0.02s bat=1.00 dist=1.52m
157,49.547,SCOUT,2,-6.842,-3.516,3.000,-0.134,0.586,0.000,0.601,cmd_age=0.02s bat=1.00 dist=1.52m
157,49.547,SCOUT,3,-5.342,-5.016,3.000,-0.134,0.586,0.000,0.601,cmd_age=0.02s bat=1.00 dist=1.52m
157,49.547,SCOUT,4,6.842,-3.516,3.000,0.137,0.587,0.000,0.603,cmd_age=0.02s bat=1.00 dist=1.52m
157,49.547,SCOUT,5,5.342,-2.016,3.000,0.137,0.587,0.000,0.603,cmd_age=0.02s bat=1.00 dist=1.52m
157,49.547,SCOUT,6,3.842,-3.516,3.000,0.137,0.587,0.000,0.603,cmd_age=0.02s bat=1.00 dist=1.52m
157,49.547,SCOUT,7,5.342,-5.016,3.000,0.137,0.587,0.000,0.603,cmd_age=0.02s bat=1.00 dist=1.52m
157,49.547,SCOUT,8,-2.423,3.925,3.000,0.425,-0.423,0.000,0.600,cmd_age=0.02s bat=1.00 dist=1.52m
157,49.547,SCOUT,9,-3.923,5.425,3.000,0.425,-0.423,0.000,0.600,cmd_age=0.02s bat=1.00 dist=1.52m
157,49.547,SCOUT,10,-5.423,3.925,3.000,0.425,-0.423,0.000,0.600,cmd_age=0.02s bat=1.00 dist=1.52m
157,49.547,SCOUT,11,-3.923,2.425,3.000,0.425,-0.423,0.000,0.600,cmd_age=0.02s bat=1.00 dist=1.52m
157,49.547,SCOUT,12,5.422,3.924,3.000,-0.423,-0.425,0.000,0.600,cmd_age=0.02s bat=1.00 dist=1.52m
157,49.547,SCOUT,13,3.922,5.424,3.000,-0.423,-0.425,0.000,0.600,cmd_age=0.02s bat=1.00 dist=1.52m
157,49.547,SCOUT,14,2.422,3.924,3.000,-0.423,-0.425,0.000,0.600,cmd_age=0.02s bat=1.00 dist=1.52m
157,49.547,SCOUT,15,3.922,2.424,3.000,-0.423,-0.425,0.000,0.600,cmd_age=0.02s bat=1.00 dist=1.52m
157,49.547,WORKER,0,-4.801,-0.318,3.000,-0.718,1.867,0.000,2.000,state=MOVING bat=1.00 dist=5.01m
157,49.547,WORKER,1,7.385,0.002,3.000,0.153,1.994,0.000,2.000,state=MOVING bat=1.00 dist=5.01m
157,49.547,WORKER,2,0.240,1.170,3.000,1.292,-1.527,0.000,2.000,state=MOVING bat=1.00 dist=5.01m
157,49.547,WORKER,3,3.209,1.714,3.000,-1.511,-1.310,0.000,2.000,state=MOVING bat=1.00 dist=5.01m
158,49.787,GENERAL,0,0.000,0.000,5.000,0.000,0.000,0.000,0.000,N/A
158,49.787,NODE,0,-5.353,-3.467,3.000,-0.132,0.590,0.000,0.605,zone=0 dist=1.56m
158,49.787,NODE,1,5.353,-3.467,3.000,0.138,0.585,0.000,0.601,zone=1 dist=1.56m
158,49.787,NODE,2,-3.887,3.890,3.000,0.427,-0.426,0.000,0.603,zone=2 dist=1.56m
158,49.787,NODE,3,3.887,3.889,3.000,-0.422,-0.423,0.000,0.598,zone=3 dist=1.56m
158,49.787,SCOUT,0,-3.844,-3.506,3.000,-0.133,0.587,0.000,0.602,cmd_age=0.02s bat=1.00 dist=1.53m
158,49.787,SCOUT,1,-5.344,-2.006,3.000,-0.133,0.587,0.000,0.602,cmd_age=0.02s bat=1.00 dist=1.53m
158,49.787,SCOUT,2,-6.844,-3.506,3.000,-0.133,0.587,0.000,0.602,cmd_age=0.02s bat=1.00 dist=1.53m
158,49.787,SCOUT,3,-5.344,-5.006,3.000,-0.133,0.587,0.000,0.602,cmd_age=0.02s bat=1.00 dist=1.53m
158,49.787,SCOUT,4,6.844,-3.506,3.000,0.137,0.587,0.000,0.602,cmd_age=0.02s bat=1.00 dist=1.53m
158,49.787,SCOUT,5,5.344,-2.006,3.000,0.137,0.587,0.000,0.602,cmd_age=0.02s bat=1.00 dist=1.53m
158,49.787,SCOUT,6,3.844,-3.506,3.000,0.137,0.587,0.000,0.602,cmd_age=0.02s bat=1.00 dist=1.53m
158,49.787,SCOUT,7,5.344,-5.006,3.000,0.137,0.587,0.000,0.602,cmd_age=0.02s bat=1.00 dist=1.53m
158,49.787,SCOUT,8,-2.416,3.918,3.000,0.425,-0.424,0.000,0.600,cmd_age=0.02s bat=1.00 dist=1.53m
158,49.787,SCOUT,9,-3.916,5.418,3.000,0.425,-0.424,0.000,0.600,cmd_age=0.02s bat=1.00 dist=1.53m
158,49.787,SCOUT,10,-5.416,3.918,3.000,0.425,-0.424,0.000,0.600,cmd_age=0.02s bat=1.00 dist=1.53m
158,49.787,SCOUT,11,-3.916,2.418,3.000,0.425,-0.424,0.000,0.600,cmd_age=0.02s bat=1.00 dist=1.53m
158,49.787,SCOUT,12,5.415,3.917,3.000,-0.423,-0.425,0.000,0.599,cmd_age=0.02s bat=1.00 dist=1.53m
158,49.787,SCOUT,13,3.915,5.417,3.000,-0.423,-0.425,0.000,0.599,cmd_age=0.02s bat=1.00 dist=1.53m
158,49.787,SCOUT,14,2.415,3.917,3.000,-0.423,-0.425,0.000,0.599,cmd_age=0.02s bat=1.00 dist=1.53m
158,49.787,SCOUT,15,3.915,2.417,3.000,-0.423,-0.425,0.000,0.599,cmd_age=0.02s bat=1.00 dist=1.53m
158,49.787,WORKER,0,-4.813,-0.287,3.000,-0.718,1.867,0.000,2.000,state=MOVING bat=1.00 dist=5.05m
158,49.787,WORKER,1,7.387,0.035,3.000,0.153,1.994,0.000,2.000,state=MOVING bat=1.00 dist=5.05m
158,49.787,WORKER,2,0.262,1.145,3.000,1.292,-1.527,0.000,2.000,state=MOVING bat=1.00 dist=5.05m
158,49.787,WORKER,3,3.184,1.693,3.000,-1.511,-1.310,0.000,2.000,state=MOVING bat=1.00 dist=5.05m
159,50.005,GENERAL,0,0.000,0.000,5.000,0.000,0.000,0.000,0.000,N/A
159,50.005,NODE,0,-5.355,-3.458,3.000,-0.136,0.585,0.000,0.600,zone=0 dist=1.57m
159,50.005,NODE,1,5.356,-3.457,3.000,0.135,0.582,0.000,0.597,zone=1 dist=1.57m
159,50.005,NODE,2,-3.880,3.883,3.000,0.427,-0.426,0.000,0.603,zone=2 dist=1.57m
159,50.005,NODE,3,3.880,3.881,3.000,-0.424,-0.434,0.000,0.607,zone=3 dist=1.57m
159,50.005,SCOUT,0,-3.846,-3.497,3.000,-0.134,0.587,0.000,0.602,cmd_age=0.02s bat=1.00 dist=1.54m
159,50.005,SCOUT,1,-5.346,-1.997,3.000,-0.134,0.587,0.000,0.602,cmd_age=0.02s bat=1.00 dist=1.54m
159,50.005,SCOUT,2,-6.846,-3.497,3.000,-0.134,0.587,0.000,0.602,cmd_age=0.02s bat=1.00 dist=1.54m
159,50.005,SCOUT,3,-5.346,-4.997,3.000,-0.134,0.587,0.000,0.602,cmd_age=0.02s bat=1.00 dist=1.54m
159,50.005,SCOUT,4,6.846,-3.496,3.000,0.137,0.586,0.000,0.601,cmd_age=0.02s bat=1.00 dist=1.54m
159,50.005,SCOUT,5,5.346,-1.996,3.000,0.137,0.586,0.000,0.601,cmd_age=0.02s bat=1.00 dist=1.54m
159,50.005,SCOUT,6,3.846,-3.496,3.000,0.137,0.586,0.000,0.601,cmd_age=0.02s bat=1.00 dist=1.54m
159,50.005,SCOUT,7,5.346,-4.996,3.000,0.137,0.586,0.000,0.601,cmd_age=0.02s bat=1.00 dist=1.54m
159,50.005,SCOUT,8,-2.409,3.911,3.000,0.426,-0.424,0.000,0.601,cmd_age=0.02s bat=1.00 dist=1.54m
159,50.005,SCOUT,9,-3.909,5.411,3.000,0.426,-0.424,0.000,0.601,cmd_age=0.02s bat=1.00 dist=1.54m
159,50.005,SCOUT,10,-5.409,3.911,3.000,0.426,-0.424,0.000,0.601,cmd_age=0.02s bat=1.00 dist=1.54m
159,50.005,SCOUT,11,-3.909,2.411,3.000,0.426,-0.424,0.000,0.601,cmd_age=0.02s bat=1.00 dist=1.54m
159,50.005,SCOUT,12,5.408,3.910,3.000,-0.423,-0.427,0.000,0.601,cmd_age=0.02s bat=1.00 dist=1.54m
159,50.005,SCOUT,13,3.908,5.410,3.000,-0.423,-0.427,0.000,0.601,cmd_age=0.02s bat=1.00 dist=1.54m
159,50.005,SCOUT,14,2.408,3.910,3.000,-0.423,-0.427,0.000,0.601,cmd_age=0.02s bat=1.00 dist=1.54m
159,50.005,SCOUT,15,3.908,2.410,3.000,-0.423,-0.427,0.000,0.601,cmd_age=0.02s bat=1.00 dist=1.54m
159,50.005,WORKER,0,-4.825,-0.255,3.000,-0.718,1.867,0.000,2.000,state=MOVING bat=1.00 dist=5.08m
159,50.005,WORKER,1,7.390,0.068,3.000,0.153,1.994,0.000,2.000,state=MOVING bat=1.00 dist=5.08m
159,50.005,WORKER,2,0.284,1.119,3.000,1.292,-1.527,0.000,2.000,state=MOVING bat=1.00 dist=5.08m
159,50.005,WORKER,3,3.159,1.671,3.000,-1.511,-1.310,0.000,2.000,state=MOVING bat=1.00 dist=5.08m
160,50.219,GENERAL,0,0.000,0.000,5.000,0.000,0.000,0.000,0.000,N/A
160,50.219,NODE,0,-5.357,-3.448,3.000,-0.137,0.581,0.000,0.597,zone=0 dist=1.58m
160,50.219,NODE,1,5.358,-3.448,3.000,0.139,0.578,0.000,0.595,zone=1 dist=1.58m
160,50.219,NODE,2,-3.873,3.876,3.000,0.422,-0.418,0.000,0.594,zone=2 dist=1.58m
160,50.219,NODE,3,3.873,3.874,3.000,-0.419,-0.428,0.000,0.599,zone=3 dist=1.58m
160,50.219,SCOUT,0,-3.848,-3.487,3.000,-0.134,0.585,0.000,0.601,cmd_age=0.02s bat=1.00 dist=1.55m
160,50.219,SCOUT,1,-5.348,-1.987,3.000,-0.134,0.585,0.000,0.601,cmd_age=0.02s bat=1.00 dist=1.55m
160,50.219,SCOUT,2,-6.848,-3.487,3.000,-0.134,0.585,0.000,0.601,cmd_age=0.02s bat=1.00 dist=1.55m
160,50.219,SCOUT,3,-5.348,-4.987,3.000,-0.134,0.585,0.000,0.601,cmd_age=0.02s bat=1.00 dist=1.55m
160,50.219,SCOUT,4,6.849,-3.487,3.000,0.137,0.584,0.000,0.600,cmd_age=0.02s bat=1.00 dist=1.55m
160,50.219,SCOUT,5,5.349,-1.987,3.000,0.137,0.584,0.000,0.600,cmd_age=0.02s bat=1.00 dist=1.55m
160,50.219,SCOUT,6,3.849,-3.487,3.000,0.137,0.584,0.000,0.600,cmd_age=0.02s bat=1.00 dist=1.55m
160,50.219,SCOUT,7,5.349,-4.987,3.000,0.137,0.584,0.000,0.600,cmd_age=0.02s bat=1.00 dist=1.55m
160,50.219,SCOUT,8,-2.402,3.904,3.000,0.425,-0.423,0.000,0.599,cmd_age=0.02s bat=1.00 dist=1.55m
160,50.219,SCOUT,9,-3.902,5.404,3.000,0.425,-0.423,0.000,0.599,cmd_age=0.02s bat=1.00 dist=1.55m
160,50.219,SCOUT,10,-5.402,3.904,3.000,0.425,-0.423,0.000,0.599,cmd_age=0.02s bat=1.00 dist=1.55m
160,50.219,SCOUT,11,-3.902,2.404,3.000,0.425,-0.423,0.000,0.599,cmd_age=0.02s bat=1.00 dist=1.55m
160,50.219,SCOUT,12,5.401,3.903,3.000,-0.422,-0.427,0.000,0.600,cmd_age=0.02s bat=1.00 dist=1.55m
160,50.219,SCOUT,13,3.901,5.403,3.000,-0.422,-0.427,0.000,0.600,cmd_age=0.02s bat=1.00 dist=1.55m
160,50.219,SCOUT,14,2.401,3.903,3.000,-0.422,-0.427,0.000,0.600,cmd_age=0.02s bat=1.00 dist=1.55m
160,50.219,SCOUT,15,3.901,2.403,3.000,-0.422,-0.427,0.000,0.600,cmd_age=0.02s bat=1.00 dist=1.55m
160,50.219,WORKER,0,-4.837,-0.224,3.000,-0.718,1.867,0.000,2.000,state=MOVING bat=1.00 dist=5.11m
160,50.219,WORKER,1,7.392,0.102,3.000,0.153,1.994,0.000,2.000,state=MOVING bat=1.00 dist=5.11m
160,50.219,WORKER,2,0.305,1.094,3.000,1.292,-1.527,0.000,2.000,state=MOVING bat=1.00 dist=5.11m
160,50.219,WORKER,3,3.133,1.649,3.000,-1.511,-1.310,0.000,2.000,state=MOVING bat=1.00 dist=5.11m
161,50.432,GENERAL,0,0.000,0.000,5.000,0.000,0.000,0.000,0.000,N/A
161,50.432,NODE,0,-5.360,-3.438,3.000,-0.134,0.575,0.000,0.591,zone=0 dist=1.59m
161,50.432,NODE,1,5.360,-3.438,3.000,0.134,0.583,0.000,0.598,zone=1 dist=1.59m
161,50.432,NODE,2,-3.866,3.869,3.000,0.423,-0.422,0.000,0.597,zone=2 dist=1.59m
161,50.432,NODE,3,3.866,3.867,3.000,-0.428,-0.425,0.000,0.603,zone=3 dist=1.59m
161,50.432,SCOUT,0,-3.851,-3.477,3.000,-0.134,0.583,0.000,0.599,cmd_age=0.02s bat=1.00 dist=1.56m
161,50.432,SCOUT,1,-5.351,-1.977,3.000,-0.134,0.583,0.000,0.599,cmd_age=0.02s bat=1.00 dist=1.56m
161,50.432,SCOUT,2,-6.851,-3.477,3.000,-0.134,0.583,0.000,0.599,cmd_age=0.02s bat=1.00 dist=1.56m
161,50.432,SCOUT,3,-5.351,-4.977,3.000,-0.134,0.583,0.000,0.599,cmd_age=0.02s bat=1.00 dist=1.56m
161,50.432,SCOUT,4,6.851,-3.477,3.000,0.137,0.584,0.000,0.600,cmd_age=0.02s bat=1.00 dist=1.56m
161,50.432,SCOUT,5,5.351,-1.977,3.000,0.137,0.584,0.000,0.600,cmd_age=0.02s bat=1.00 dist=1.56m
161,50.432,SCOUT,6,3.851,-3.477,3.000,0.137,0.584,0.000,0.600,cmd_age=0.02s bat=1.00 dist=1.56m
161,50.432,SCOUT,7,5.351,-4.977,3.000,0.137,0.584,0.000,0.600,cmd_age=0.02s bat=1.00 dist=1.56m
161,50.432,SCOUT,8,-2.395,3.897,3.000,0.424,-0.423,0.000,0.599,cmd_age=0.02s bat=1.00 dist=1.56m
161,50.432,SCOUT,9,-3.895,5.397,3.000,0.424,-0.423,0.000,0.599,cmd_age=0.02s bat=1.00 dist=1.56m
161,50.432,SCOUT,10,-5.395,3.897,3.000,0.424,-0.423,0.000,0.599,cmd_age=0.02s bat=1.00 dist=1.56m
161,50.432,SCOUT,11,-3.895,2.397,3.000,0.424,-0.423,0.000,0.599,cmd_age=0.02s bat=1.00 dist=1.56m
161,50.432,SCOUT,12,5.394,3.896,3.000,-0.423,-0.427,0.000,0.601,cmd_age=0.02s bat=1.00 dist=1.56m
161,50.432,SCOUT,13,3.894,5.396,3.000,-0.423,-0.427,0.000,0.601,cmd_age=0.02s bat=1.00 dist=1.56m
161,50.432,SCOUT,14,2.394,3.896,3.000,-0.423,-0.427,0.000,0.601,cmd_age=0.02s bat=1.00 dist=1.56m
161,50.432,SCOUT,15,3.894,2.396,3.000,-0.423,-0.427,0.000,0.601,cmd_age=0.02s bat=1.00 dist=1.56m
161,50.432,WORKER,0,-4.849,-0.193,3.000,-0.718,1.867,0.000,2.000,state=MOVING bat=1.00 dist=5.15m
161,50.432,WORKER,1,7.395,0.135,3.000,0.153,1.994,0.000,2.000,state=MOVING bat=1.00 dist=5.15m
161,50.432,WORKER,2,0.327,1.069,3.000,1.292,-1.527,0.000,2.000,state=MOVING bat=1.00 dist=5.15m
161,50.432,WORKER,3,3.108,1.627,3.000,-1.511,-1.310,0.000,2.000,state=MOVING bat=1.00 dist=5.15m
162,50.645,GENERAL,0,0.000,0.000,5.000,0.000,0.000,0.000,0.000,N/A
162,50.645,NODE,0,-5.362,-3.429,3.000,-0.133,0.584,0.000,0.599,zone=0 dist=1.60m
162,50.645,NODE,1,5.362,-3.428,3.000,0.142,0.586,0.000,0.603,zone=1 dist=1.60m
162,50.645,NODE,2,-3.859,3.862,3.000,0.428,-0.425,0.000,0.603,zone=2 dist=1.60m
162,50.645,NODE,3,3.859,3.860,3.000,-0.431,-0.427,0.000,0.607,zone=3 dist=1.60m
162,50.645,SCOUT,0,-3.853,-3.468,3.000,-0.134,0.583,0.000,0.599,cmd_age=0.02s bat=1.00 dist=1.57m
162,50.645,SCOUT,1,-5.353,-1.968,3.000,-0.134,0.583,0.000,0.599,cmd_age=0.02s bat=1.00 dist=1.57m
162,50.645,SCOUT,2,-6.853,-3.468,3.000,-0.134,0.583,0.000,0.599,cmd_age=0.02s bat=1.00 dist=1.57m
162,50.645,SCOUT,3,-5.353,-4.968,3.000,-0.134,0.583,0.000,0.599,cmd_age=0.02s bat=1.00 dist=1.57m
162,50.645,SCOUT,4,6.853,-3.467,3.000,0.138,0.584,0.000,0.600,cmd_age=0.02s bat=1.00 dist=1.57m
162,50.645,SCOUT,5,5.353,-1.967,3.000,0.138,0.584,0.000,0.600,cmd_age=0.02s bat=1.00 dist=1.57m
162,50.645,SCOUT,6,3.853,-3.467,3.000,0.138,0.584,0.000,0.600,cmd_age=0.02s bat=1.00 dist=1.57m
162,50.645,SCOUT,7,5.353,-4.967,3.000,0.138,0.584,0.000,0.600,cmd_age=0.02s bat=1.00 dist=1.57m
162,50.645,SCOUT,8,-2.387,3.890,3.000,0.425,-0.423,0.000,0.600,cmd_age=0.02s bat=1.00 dist=1.57m
162,50.645,SCOUT,9,-3.887,5.390,3.000,0.425,-0.423,0.000,0.600,cmd_age=0.02s bat=1.00 dist=1.57m
162,50.645,SCOUT,10,-5.387,3.890,3.000,0.425,-0.423,0.000,0.600,cmd_age=0.02s bat=1.00 dist=1.57m
162,50.645,SCOUT,11,-3.887,2.390,3.000,0.425,-0.423,0.000,0.600,cmd_age=0.02s bat=1.00 dist=1.57m
162,50.645,SCOUT,12,5.387,3.888,3.000,-0.425,-0.427,0.000,0.602,cmd_age=0.02s bat=1.00 dist=1.57m
162,50.645,SCOUT,13,3.887,5.388,3.000,-0.425,-0.427,0.000,0.602,cmd_age=0.02s bat=1.00 dist=1.57m
162,50.645,SCOUT,14,2.387,3.888,3.000,-0.425,-0.427,0.000,0.602,cmd_age=0.02s bat=1.00 dist=1.57m
162,50.645,SCOUT,15,3.887,2.388,3.000,-0.425,-0.427,0.000,0.602,cmd_age=0.02s bat=1.00 dist=1.57m
162,50.645,WORKER,0,-4.861,-0.162,3.000,-0.718,1.867,0.000,2.000,state=MOVING bat=1.00 dist=5.18m
162,50.645,WORKER,1,7.398,0.168,3.000,0.153,1.994,0.000,2.000,state=MOVING bat=1.00 dist=5.18m
162,50.645,WORKER,2,0.348,1.043,3.000,1.292,-1.527,0.000,2.000,state=MOVING bat=1.00 dist=5.18m
162,50.645,WORKER,3,3.083,1.605,3.000,-1.511,-1.310,0.000,2.000,state=MOVING bat=1.00 dist=5.18m
163,50.878,GENERAL,0,0.000,0.000,5.000,0.000,0.000,0.000,0.000,N/A
163,50.878,NODE,0,-5.364,-3.419,3.000,-0.136,0.579,0.000,0.595,zone=0 dist=1.61m
163,50.878,NODE,1,5.365,-3.419,3.000,0.134,0.578,0.000,0.593,zone=1 dist=1.61m
163,50.878,NODE,2,-3.852,3.855,3.000,0.425,-0.424,0.000,0.601,zone=2 dist=1.61m
163,50.878,NODE,3,3.852,3.853,3.000,-0.419,-0.430,0.000,0.601,zone=3 dist=1.61m
163,50.878,SCOUT,0,-3.855,-3.458,3.000,-0.134,0.583,0.000,0.598,cmd_age=0.02s bat=1.00 dist=1.58m
163,50.878,SCOUT,1,-5.355,-1.958,3.000,-0.134,0.583,0.000,0.598,cmd_age=0.02s bat=1.00 dist=1.58m
163,50.878,SCOUT,2,-6.855,-3.458,3.000,-0.134,0.583,0.000,0.598,cmd_age=0.02s bat=1.00 dist=1.58m
163,50.878,SCOUT,3,-5.355,-4.958,3.000,-0.134,0.583,0.000,0.598,cmd_age=0.02s bat=1.00 dist=1.58m
163,50.878,SCOUT,4,6.856,-3.457,3.000,0.137,0.583,0.000,0.599,cmd_age=0.02s bat=1.00 dist=1.58m
163,50.878,SCOUT,5,5.356,-1.957,3.000,0.137,0.583,0.000,0.599,cmd_age=0.02s bat=1.00 dist=1.58m
163,50.878,SCOUT,6,3.856,-3.457,3.000,0.137,0.583,0.000,0.599,cmd_age=0.02s bat=1.00 dist=1.58m
163,50.878,SCOUT,7,5.356,-4.957,3.000,0.137,0.583,0.000,0.599,cmd_age=0.02s bat=1.00 dist=1.58m
163,50.878,SCOUT,8,-2.380,3.883,3.000,0.425,-0.423,0.000,0.600,cmd_age=0.02s bat=1.00 dist=1.58m
163,50.878,SCOUT,9,-3.880,5.383,3.000,0.425,-0.423,0.000,0.600,cmd_age=0.02s bat=1.00 dist=1.58m
163,50.878,SCOUT,10,-5.380,3.883,3.000,0.425,-0.423,0.000,0.600,cmd_age=0.02s bat=1.00 dist=1.58m
163,50.878,SCOUT,11,-3.880,2.383,3.000,0.425,-0.423,0.000,0.600,cmd_age=0.02s bat=1.00 dist=1.58m
163,50.878,SCOUT,12,5.380,3.881,3.000,-0.424,-0.427,0.000,0.602,cmd_age=0.02s bat=1.00 dist=1.58m
163,50.878,SCOUT,13,3.880,5.381,3.000,-0.424,-0.427,0.000,0.602,cmd_age=0.02s bat=1.00 dist=1.58m
163,50.878,SCOUT,14,2.380,3.881,3.000,-0.424,-0.427,0.000,0.602,cmd_age=0.02s bat=1.00 dist=1.58m
163,50.878,SCOUT,15,3.880,2.381,3.000,-0.424,-0.427,0.000,0.602,cmd_age=0.02s bat=1.00 dist=1.58m
163,50.878,WORKER,0,-4.873,-0.131,3.000,-0.718,1.867,0.000,2.000,state=MOVING bat=1.00 dist=5.21m
163,50.878,WORKER,1,7.400,0.201,3.000,0.153,1.994,0.000,2.000,state=MOVING bat=1.00 dist=5.21m
163,50.878,WORKER,2,0.370,1.018,3.000,1.292,-1.527,0.000,2.000,state=MOVING bat=1.00 dist=5.21m
163,50.878,WORKER,3,3.058,1.583,3.000,-1.511,-1.310,0.000,2.000,state=MOVING bat=1.00 dist=5.21m
164,51.102,GENERAL,0,0.000,0.000,5.000,0.000,0.000,0.000,0.000,N/A
164,51.102,NODE,0,-5.366,-3.409,3.000,-0.137,0.586,0.000,0.601,zone=0 dist=1.62m
164,51.102,NODE,1,5.367,-3.409,3.000,0.134,0.585,0.000,0.600,zone=1 dist=1.62m
164,51.102,NODE,2,-3.845,3.848,3.000,0.423,-0.423,0.000,0.598,zone=2 dist=1.62m
164,51.102,NODE,3,3.845,3.846,3.000,-0.423,-0.422,0.000,0.598,zone=3 dist=1.62m
164,51.102,SCOUT,0,-3.857,-3.448,3.000,-0.135,0.583,0.000,0.599,cmd_age=0.02s bat=1.00 dist=1.59m
164,51.102,SCOUT,1,-5.357,-1.948,3.000,-0.135,0.583,0.000,0.599,cmd_age=0.02s bat=1.00 dist=1.59m
164,51.102,SCOUT,2,-6.857,-3.448,3.000,-0.135,0.583,0.000,0.599,cmd_age=0.02s bat=1.00 dist=1.59m
164,51.102,SCOUT,3,-5.357,-4.948,3.000,-0.135,0.583,0.000,0.599,cmd_age=0.02s bat=1.00 dist=1.59m
164,51.102,SCOUT,4,6.858,-3.448,3.000,0.136,0.583,0.000,0.599,cmd_age=0.02s bat=1.00 dist=1.59m
164,51.102,SCOUT,5,5.358,-1.948,3.000,0.136,0.583,0.000,0.599,cmd_age=0.02s bat=1.00 dist=1.59m
164,51.102,SCOUT,6,3.858,-3.448,3.000,0.136,0.583,0.000,0.599,cmd_age=0.02s bat=1.00 dist=1.59m
164,51.102,SCOUT,7,5.358,-4.948,3.000,0.136,0.583,0.000,0.599,cmd_age=0.02s bat=1.00 dist=1.59m
164,51.102,SCOUT,8,-2.373,3.876,3.000,0.425,-0.423,0.000,0.600,cmd_age=0.02s bat=1.00 dist=1.59m
164,51.102,SCOUT,9,-3.873,5.376,3.000,0.425,-0.423,0.000,0.600,cmd_age=0.02s bat=1.00 dist=1.59m
164,51.102,SCOUT,10,-5.373,3.876,3.000,0.425,-0.423,0.000,0.600,cmd_age=0.02s bat=1.00 dist=1.59m
164,51.102,SCOUT,11,-3.873,2.376,3.000,0.425,-0.423,0.000,0.600,cmd_age=0.02s bat=1.00 dist=1.59m
164,51.102,SCOUT,12,5.373,3.874,3.000,-0.424,-0.426,0.000,0.601,cmd_age=0.02s bat=1.00 dist=1.59m
164,51.102,SCOUT,13,3.873,5.374,3.000,-0.424,-0.426,0.000,0.601,cmd_age=0.02s bat=1.00 dist=1.59m
164,51.102,SCOUT,14,2.373,3.874,3.000,-0.424,-0.426,0.000,0.601,cmd_age=0.02s bat=1.00 dist=1.59m
164,51.102,SCOUT,15,3.873,2.374,3.000,-0.424,-0.426,0.000,0.601,cmd_age=0.02s bat=1.00 dist=1.59m
164,51.102,WORKER,0,-4.885,-0.100,3.000,-0.718,1.867,0.000,2.000,state=MOVING bat=1.00 dist=5.25m
164,51.102,WORKER,1,7.403,0.235,3.000,0.153,1.994,0.000,2.000,state=MOVING bat=1.00 dist=5.25m
164,51.102,WORKER,2,0.391,0.992,3.000,1.292,-1.527,0.000,2.000,state=MOVING bat=1.00 dist=5.25m
164,51.102,WORKER,3,3.033,1.562,3.000,-1.511,-1.310,0.000,2.000,state=MOVING bat=1.00 dist=5.25m
165,51.327,GENERAL,0,0.000,0.000,5.000,0.000,0.000,0.000,0.000,N/A
165,51.327,NODE,0,-5.369,-3.399,3.000,-0.137,0.584,0.000,0.600,zone=0 dist=1.63m
165,51.327,NODE,1,5.369,-3.399,3.000,0.143,0.592,0.000,0.609,zone=1 dist=1.63m
165,51.327,NODE,2,-3.838,3.841,3.000,0.425,-0.423,0.000,0.599,zone=2 dist=1.63m
165,51.327,NODE,3,3.838,3.839,3.000,-0.421,-0.430,0.000,0.602,zone=3 dist=1.63m
165,51.327,SCOUT,0,-3.860,-3.438,3.000,-0.135,0.583,0.000,0.599,cmd_age=0.02s bat=1.00 dist=1.60m
165,51.327,SCOUT,1,-5.360,-1.938,3.000,-0.135,0.583,0.000,0.599,cmd_age=0.02s bat=1.00 dist=1.60m
165,51.327,SCOUT,2,-6.860,-3.438,3.000,-0.135,0.583,0.000,0.599,cmd_age=0.02s bat=1.00 dist=1.60m
165,51.327,SCOUT,3,-5.360,-4.938,3.000,-0.135,0.583,0.000,0.599,cmd_age=0.02s bat=1.00 dist=1.60m
165,51.327,SCOUT,4,6.860,-3.438,3.000,0.138,0.585,0.000,0.601,cmd_age=0.02s bat=1.00 dist=1.60m
165,51.327,SCOUT,5,5.360,-1.938,3.000,0.138,0.585,0.000,0.601,cmd_age=0.02s bat=1.00 dist=1.60m
165,51.327,SCOUT,6,3.860,-3.438,3.000,0.138,0.585,0.000,0.601,cmd_age=0.02s bat=1.00 dist=1.60m
165,51.327,SCOUT,7,5.360,-4.938,3.000,0.138,0.585,0.000,0.601,cmd_age=0.02s bat=1.00 dist=1.60m
165,51.327,SCOUT,8,-2.366,3.869,3.000,0.425,-0.423,0.000,0.600,cmd_age=0.02s bat=1.00 dist=1.60m
165,51.327,SCOUT,9,-3.866,5.369,3.000,0.425,-0.423,0.000,0.600,cmd_age=0.02s bat=1.00 dist=1.60m
165,51.327,SCOUT,10,-5.366,3.869,3.000,0.425,-0.423,0.000,0.600,cmd_age=0.02s bat=1.00 dist=1.60m
165,51.327,SCOUT,11,-3.866,2.369,3.000,0.425,-0.423,0.000,0.600,cmd_age=0.02s bat=1.00 dist=1.60m
165,51.327,SCOUT,12,5.366,3.867,3.000,-0.423,-0.427,0.000,0.601,cmd_age=0.02s bat=1.00 dist=1.60m
165,51.327,SCOUT,13,3.866,5.367,3.000,-0.423,-0.427,0.000,0.601,cmd_age=0.02s bat=1.00 dist=1.60m
165,51.327,SCOUT,14,2.366,3.867,3.000,-0.423,-0.427,0.000,0.601,cmd_age=0.02s bat=1.00 dist=1.60m
165,51.327,SCOUT,15,3.866,2.367,3.000,-0.423,-0.427,0.000,0.601,cmd_age=0.02s bat=1.00 dist=1.60m
165,51.327,WORKER,0,-4.897,-0.069,3.000,-0.718,1.867,0.000,2.000,state=MOVING bat=1.00 dist=5.28m
165,51.327,WORKER,1,7.405,0.268,3.000,0.153,1.994,0.000,2.000,state=MOVING bat=1.00 dist=5.28m
165,51.327,WORKER,2,0.413,0.967,3.000,1.292,-1.527,0.000,2.000,state=MOVING bat=1.00 dist=5.28m
165,51.327,WORKER,3,3.007,1.540,3.000,-1.511,-1.310,0.000,2.000,state=MOVING bat=1.00 dist=5.28m
166,51.548,GENERAL,0,0.000,0.000,5.000,0.000,0.000,0.000,0.000,N/A
166,51.548,NODE,0,-5.371,-3.390,3.000,-0.131,0.586,0.000,0.600,zone=0 dist=1.64m
166,51.548,NODE,1,5.372,-3.389,3.000,0.139,0.593,0.000,0.609,zone=1 dist=1.64m
166,51.548,NODE,2,-3.831,3.833,3.000,0.425,-0.422,0.000,0.599,zone=2 dist=1.64m
166,51.548,NODE,3,3.831,3.831,3.000,-0.422,-0.428,0.000,0.601,zone=3 dist=1.64m
166,51.548,SCOUT,0,-3.862,-3.429,3.000,-0.135,0.584,0.000,0.599,cmd_age=0.02s bat=1.00 dist=1.61m
166,51.548,SCOUT,1,-5.362,-1.929,3.000,-0.135,0.584,0.000,0.599,cmd_age=0.02s bat=1.00 dist=1.61m
166,51.548,SCOUT,2,-6.862,-3.429,3.000,-0.135,0.584,0.000,0.599,cmd_age=0.02s bat=1.00 dist=1.61m
166,51.548,SCOUT,3,-5.362,-4.929,3.000,-0.135,0.584,0.000,0.599,cmd_age=0.02s bat=1.00 dist=1.61m
166,51.548,SCOUT,4,6.862,-3.428,3.000,0.138,0.587,0.000,0.603,cmd_age=0.02s bat=1.00 dist=1.61m
166,51.548,SCOUT,5,5.362,-1.928,3.000,0.138,0.587,0.000,0.603,cmd_age=0.02s bat=1.00 dist=1.61m
166,51.548,SCOUT,6,3.862,-3.428,3.000,0.138,0.587,0.000,0.603,cmd_age=0.02s bat=1.00 dist=1.61m
166,51.548,SCOUT,7,5.362,-4.928,3.000,0.138,0.587,0.000,0.603,cmd_age=0.02s bat=1.00 dist=1.61m
166,51.548,SCOUT,8,-2.359,3.862,3.000,0.425,-0.423,0.000,0.600,cmd_age=0.02s bat=1.00 dist=1.61m
166,51.548,SCOUT,9,-3.859,5.362,3.000,0.425,-0.423,0.000,0.600,cmd_age=0.02s bat=1.00 dist=1.61m
166,51.548,SCOUT,10,-5.359,3.862,3.000,0.425,-0.423,0.000,0.600,cmd_age=0.02s bat=1.00 dist=1.61m
166,51.548,SCOUT,11,-3.859,2.362,3.000,0.425,-0.423,0.000,0.600,cmd_age=0.02s bat=1.00 dist=1.61m
166,51.548,SCOUT,12,5.359,3.860,3.000,-0.423,-0.427,0.000,0.601,cmd_age=0.02s bat=1.00 dist=1.61m
166,51.548,SCOUT,13,3.859,5.360,3.000,-0.423,-0.427,0.000,0.601,cmd_age=0.02s bat=1.00 dist=1.61m
166,51.548,SCOUT,14,2.359,3.860,3.000,-0.423,-0.427,0.000,0.601,cmd_age=0.02s bat=1.00 dist=1.61m
166,51.548,SCOUT,15,3.859,2.360,3.000,-0.423,-0.427,0.000,0.601,cmd_age=0.02s bat=1.00 dist=1.61m
166,51.548,WORKER,0,-4.909,-0.038,3.000,-0.718,1.867,0.000,2.000,state=MOVING bat=1.00 dist=5.31m
166,51.548,WORKER,1,7.408,0.301,3.000,0.153,1.994,0.000,2.000,state=MOVING bat=1.00 dist=5.31m
166,51.548,WORKER,2,0.434,0.941,3.000,1.292,-1.527,0.000,2.000,state=MOVING bat=1.00 dist=5.31m
166,51.548,WORKER,3,2.982,1.518,3.000,-1.511,-1.310,0.000,2.000,state=MOVING bat=1.00 dist=5.31m
167,51.772,GENERAL,0,0.000,0.000,5.000,0.000,0.000,0.000,0.000,N/A
167,51.772,NODE,0,-5.373,-3.380,3.000,-0.130,0.583,0.000,0.598,zone=0 dist=1.65m
167,51.772,NODE,1,5.374,-3.379,3.000,0.135,0.591,0.000,0.606,zone=1 dist=1.65m
167,51.772,NODE,2,-3.824,3.826,3.000,0.430,-0.421,0.000,0.602,zone=2 dist=1.65m
167,51.772,NODE,3,3.824,3.824,3.000,-0.412,-0.431,0.000,0.596,zone=3 dist=1.65m
167,51.772,SCOUT,0,-3.864,-3.419,3.000,-0.134,0.584,0.000,0.599,cmd_age=0.02s bat=1.00 dist=1.62m
167,51.772,SCOUT,1,-5.364,-1.919,3.000,-0.134,0.584,0.000,0.599,cmd_age=0.02s bat=1.00 dist=1.62m
167,51.772,SCOUT,2,-6.864,-3.419,3.000,-0.134,0.584,0.000,0.599,cmd_age=0.02s bat=1.00 dist=1.62m
167,51.772,SCOUT,3,-5.364,-4.919,3.000,-0.134,0.584,0.000,0.599,cmd_age=0.02s bat=1.00 dist=1.62m
167,51.772,SCOUT,4,6.865,-3.418,3.000,0.137,0.588,0.000,0.603,cmd_age=0.02s bat=1.00 dist=1.62m
167,51.772,SCOUT,5,5.365,-1.918,3.000,0.137,0.588,0.000,0.603,cmd_age=0.02s bat=1.00 dist=1.62m
167,51.772,SCOUT,6,3.865,-3.418,3.000,0.137,0.588,0.000,0.603,cmd_age=0.02s bat=1.00 dist=1.62m
167,51.772,SCOUT,7,5.365,-4.918,3.000,0.137,0.588,0.000,0.603,cmd_age=0.02s bat=1.00 dist=1.62m
167,51.772,SCOUT,8,-2.352,3.855,3.000,0.426,-0.423,0.000,0.600,cmd_age=0.02s bat=1.00 dist=1.62m
167,51.772,SCOUT,9,-3.852,5.355,3.000,0.426,-0.423,0.000,0.600,cmd_age=0.02s bat=1.00 dist=1.62m
167,51.772,SCOUT,10,-5.352,3.855,3.000,0.426,-0.423,0.000,0.600,cmd_age=0.02s bat=1.00 dist=1.62m
167,51.772,SCOUT,11,-3.852,2.355,3.000,0.426,-0.423,0.000,0.600,cmd_age=0.02s bat=1.00 dist=1.62m
167,51.772,SCOUT,12,5.352,3.853,3.000,-0.421,-0.428,0.000,0.600,cmd_age=0.02s bat=1.00 dist=1.62m
167,51.772,SCOUT,13,3.852,5.353,3.000,-0.421,-0.428,0.000,0.600,cmd_age=0.02s bat=1.00 dist=1.62m
167,51.772,SCOUT,14,2.352,3.853,3.000,-0.421,-0.428,0.000,0.600,cmd_age=0.02s bat=1.00 dist=1.62m
167,51.772,SCOUT,15,3.852,2.353,3.000,-0.421,-0.428,0.000,0.600,cmd_age=0.02s bat=1.00 dist=1.62m
167,51.772,WORKER,0,-4.921,-0.007,3.000,-0.718,1.867,0.000,2.000,state=MOVING bat=1.00 dist=5.35m
167,51.772,WORKER,1,7.410,0.334,3.000,0.153,1.994,0.000,2.000,state=MOVING bat=1.00 dist=5.35m
167,51.772,WORKER,2,0.456,0.916,3.000,1.292,-1.527,0.000,2.000,state=MOVING bat=1.00 dist=5.35m
167,51.772,WORKER,3,2.957,1.496,3.000,-1.511,-1.310,0.000,2.000,state=MOVING bat=1.00 dist=5.35m
168,51.997,GENERAL,0,0.000,0.000,5.000,0.000,0.000,0.000,0.000,N/A
168,51.997,NODE,0,-5.375,-3.370,3.000,-0.141,0.582,0.000,0.599,zone=0 dist=1.66m
168,51.997,NODE,1,5.376,-3.369,3.000,0.131,0.583,0.000,0.598,zone=1 dist=1.66m
168,51.997,NODE,2,-3.817,3.819,3.000,0.427,-0.424,0.000,0.602,zone=2 dist=1.66m
168,51.997,NODE,3,3.817,3.817,3.000,-0.424,-0.427,0.000,0.602,zone=3 dist=1.66m
168,51.997,SCOUT,0,-3.866,-3.409,3.000,-0.135,0.583,0.000,0.599,cmd_age=0.02s bat=1.00 dist=1.63m
168,51.997,SCOUT,1,-5.366,-1.909,3.000,-0.135,0.583,0.000,0.599,cmd_age=0.02s bat=1.00 dist=1.63m
168,51.997,SCOUT,2,-6.866,-3.409,3.000,-0.135,0.583,0.000,0.599,cmd_age=0.02s bat=1.00 dist=1.63m
168,51.997,SCOUT,3,-5.366,-4.909,3.000,-0.135,0.583,0.000,0.599,cmd_age=0.02s bat=1.00 dist=1.63m
168,51.997,SCOUT,4,6.867,-3.409,3.000,0.136,0.587,0.000,0.602,cmd_age=0.02s bat=1.00 dist=1.63m
168,51.997,SCOUT,5,5.367,-1.909,3.000,0.136,0.587,0.000,0.602,cmd_age=0.02s bat=1.00 dist=1.63m
168,51.997,SCOUT,6,3.867,-3.409,3.000,0.136,0.587,0.000,0.602,cmd_age=0.02s bat=1.00 dist=1.63m
168,51.997,SCOUT,7,5.367,-4.909,3.000,0.136,0.587,0.000,0.602,cmd_age=0.02s bat=1.00 dist=1.63m
168,51.997,SCOUT,8,-2.345,3.848,3.000,0.426,-0.423,0.000,0.600,cmd_age=0.02s bat=1.00 dist=1.63m
168,51.997,SCOUT,9,-3.845,5.348,3.000,0.426,-0.423,0.000,0.600,cmd_age=0.02s bat=1.00 dist=1.63m
168,51.997,SCOUT,10,-5.345,3.848,3.000,0.426,-0.423,0.000,0.600,cmd_age=0.02s bat=1.00 dist=1.63m
168,51.997,SCOUT,11,-3.845,2.348,3.000,0.426,-0.423,0.000,0.600,cmd_age=0.02s bat=1.00 dist=1.63m
168,51.997,SCOUT,12,5.345,3.846,3.000,-0.421,-0.428,0.000,0.600,cmd_age=0.02s bat=1.00 dist=1.63m
168,51.997,SCOUT,13,3.845,5.346,3.000,-0.421,-0.428,0.000,0.600,cmd_age=0.02s bat=1.00 dist=1.63m
168,51.997,SCOUT,14,2.345,3.846,3.000,-0.421,-0.428,0.000,0.600,cmd_age=0.02s bat=1.00 dist=1.63m
168,51.997,SCOUT,15,3.845,2.346,3.000,-0.421,-0.428,0.000,0.600,cmd_age=0.02s bat=1.00 dist=1.63m
168,51.997,WORKER,0,-4.933,0.025,3.000,-0.718,1.867,0.000,2.000,state=MOVING bat=1.00 dist=5.38m
168,51.997,WORKER,1,7.413,0.367,3.000,0.153,1.994,0.000,2.000,state=MOVING bat=1.00 dist=5.38m
168,51.997,WORKER,2,0.477,0.890,3.000,1.292,-1.527,0.000,2.000,state=MOVING bat=1.00 dist=5.38m
168,51.997,WORKER,3,2.932,1.474,3.000,-1.511,-1.310,0.000,2.000,state=MOVING bat=1.00 dist=5.38m
169,52.308,GENERAL,0,0.000,0.000,5.000,0.000,0.000,0.000,0.000,N/A
169,52.308,NODE,0,-5.378,-3.361,3.000,-0.128,0.585,0.000,0.599,zone=0 dist=1.67m
169,52.308,NODE,1,5.378,-3.360,3.000,0.133,0.587,0.000,0.602,zone=1 dist=1.67m
169,52.308,NODE,2,-3.809,3.812,3.000,0.429,-0.424,0.000,0.603,zone=2 dist=1.67m
169,52.308,NODE,3,3.810,3.810,3.000,-0.419,-0.423,0.000,0.595,zone=3 dist=1.67m
169,52.308,SCOUT,0,-3.869,-3.399,3.000,-0.134,0.584,0.000,0.599,cmd_age=0.02s bat=1.00 dist=1.64m
169,52.308,SCOUT,1,-5.369,-1.899,3.000,-0.134,0.584,0.000,0.599,cmd_age=0.02s bat=1.00 dist=1.64m
169,52.308,SCOUT,2,-6.869,-3.399,3.000,-0.134,0.584,0.000,0.599,cmd_age=0.02s bat=1.00 dist=1.64m
169,52.308,SCOUT,3,-5.369,-4.899,3.000,-0.134,0.584,0.000,0.599,cmd_age=0.02s bat=1.00 dist=1.64m
169,52.308,SCOUT,4,6.869,-3.399,3.000,0.135,0.587,0.000,0.602,cmd_age=0.02s bat=1.00 dist=1.64m
169,52.308,SCOUT,5,5.369,-1.899,3.000,0.135,0.587,0.000,0.602,cmd_age=0.02s bat=1.00 dist=1.64m
169,52.308,SCOUT,6,3.869,-3.399,3.000,0.135,0.587,0.000,0.602,cmd_age=0.02s bat=1.00 dist=1.64m
169,52.308,SCOUT,7,5.369,-4.899,3.000,0.135,0.587,0.000,0.602,cmd_age=0.02s bat=1.00 dist=1.64m
169,52.308,SCOUT,8,-2.338,3.841,3.000,0.427,-0.423,0.000,0.601,cmd_age=0.02s bat=1.00 dist=1.64m
169,52.308,SCOUT,9,-3.838,5.341,3.000,0.427,-0.423,0.000,0.601,cmd_age=0.02s bat=1.00 dist=1.64m
169,52.308,SCOUT,10,-5.338,3.841,3.000,0.427,-0.423,0.000,0.601,cmd_age=0.02s bat=1.00 dist=1.64m
169,52.308,SCOUT,11,-3.838,2.341,3.000,0.427,-0.423,0.000,0.601,cmd_age=0.02s bat=1.00 dist=1.64m
169,52.308,SCOUT,12,5.338,3.839,3.000,-0.421,-0.427,0.000,0.599,cmd_age=0.02s bat=1.00 dist=1.64m
169,52.308,SCOUT,13,3.838,5.339,3.000,-0.421,-0.427,0.000,0.599,cmd_age=0.02s bat=1.00 dist=1.64m
169,52.308,SCOUT,14,2.338,3.839,3.000,-0.421,-0.427,0.000,0.599,cmd_age=0.02s bat=1.00 dist=1.64m
169,52.308,SCOUT,15,3.838,2.339,3.000,-0.421,-0.427,0.000,0.599,cmd_age=0.02s bat=1.00 dist=1.64m
169,52.308,WORKER,0,-4.944,0.056,3.000,-0.718,1.867,0.000,2.000,state=MOVING bat=1.00 dist=5.41m
169,52.308,WORKER,1,7.415,0.401,3.000,0.153,1.994,0.000,2.000,state=MOVING bat=1.00 dist=5.41m
169,52.308,WORKER,2,0.499,0.865,3.000,1.292,-1.527,0.000,2.000,state=MOVING bat=1.00 dist=5.41m
169,52.308,WORKER,3,2.907,1.452,3.000,-1.511,-1.310,0.000,2.000,state=MOVING bat=1.00 dist=5.41m
170,52.572,GENERAL,0,0.000,0.000,5.000,0.000,0.000,0.000,0.000,N/A
170,52.572,NODE,0,-5.380,-3.351,3.000,-0.137,0.585,0.000,0.600,zone=0 dist=1.68m
170,52.572,NODE,1,5.381,-3.350,3.000,0.137,0.588,0.000,0.604,zone=1 dist=1.68m
170,52.572,NODE,2,-3.802,3.805,3.000,0.427,-0.420,0.000,0.599,zone=2 dist=1.68m
170,52.572,NODE,3,3.803,3.803,3.000,-0.428,-0.427,0.000,0.605,zone=3 dist=1.68m
170,52.572,SCOUT,0,-3.871,-3.390,3.000,-0.134,0.584,0.000,0.599,cmd_age=0.02s bat=1.00 dist=1.65m
170,52.572,SCOUT,1,-5.371,-1.890,3.000,-0.134,0.584,0.000,0.599,cmd_age=0.02s bat=1.00 dist=1.65m
170,52.572,SCOUT,2,-6.871,-3.390,3.000,-0.134,0.584,0.000,0.599,cmd_age=0.02s bat=1.00 dist=1.65m
170,52.572,SCOUT,3,-5.371,-4.890,3.000,-0.134,0.584,0.000,0.599,cmd_age=0.02s bat=1.00 dist=1.65m
170,52.572,SCOUT,4,6.872,-3.389,3.000,0.136,0.587,0.000,0.603,cmd_age=0.02s bat=1.00 dist=1.65m
170,52.572,SCOUT,5,5.372,-1.889,3.000,0.136,0.587,0.000,0.603,cmd_age=0.02s bat=1.00 dist=1.65m
170,52.572,SCOUT,6,3.872,-3.389,3.000,0.136,0.587,0.000,0.603,cmd_age=0.02s bat=1.00 dist=1.65m
170,52.572,SCOUT,7,5.372,-4.889,3.000,0.136,0.587,0.000,0.603,cmd_age=0.02s bat=1.00 dist=1.65m
170,52.572,SCOUT,8,-2.331,3.834,3.000,0.427,-0.422,0.000,0.601,cmd_age=0.02s bat=1.00 dist=1.65m
170,52.572,SCOUT,9,-3.831,5.334,3.000,0.427,-0.422,0.000,0.601,cmd_age=0.02s bat=1.00 dist=1.65m
170,52.572,SCOUT,10,-5.331,3.834,3.000,0.427,-0.422,0.000,0.601,cmd_age=0.02s bat=1.00 dist=1.65m
170,52.572,SCOUT,11,-3.831,2.334,3.000,0.427,-0.422,0.000,0.601,cmd_age=0.02s bat=1.00 dist=1.65m
170,52.572,SCOUT,12,5.331,3.831,3.000,-0.422,-0.427,0.000,0.601,cmd_age=0.02s bat=1.00 dist=1.65m
170,52.572,SCOUT,13,3.831,5.331,3.000,-0.422,-0.427,0.000,0.601,cmd_age=0.02s bat=1.00 dist=1.65m
170,52.572,SCOUT,14,2.331,3.831,3.000,-0.422,-0.427,0.000,0.601,cmd_age=0.02s bat=1.00 dist=1.65m
170,52.572,SCOUT,15,3.831,2.331,3.000,-0.422,-0.427,0.000,0.601,cmd_age=0.02s bat=1.00 dist=1.65m
170,52.572,WORKER,0,-4.956,0.087,3.000,-0.718,1.867,0.000,2.000,state=MOVING bat=1.00 dist=5.45m
170,52.572,WORKER,1,7.418,0.434,3.000,0.153,1.994,0.000,2.000,state=MOVING bat=1.00 dist=5.45m
170,52.572,WORKER,2,0.520,0.840,3.000,1.292,-1.527,0.000,2.000,state=MOVING bat=1.00 dist=5.45m
170,52.572,WORKER,3,2.881,1.431,3.000,-1.511,-1.310,0.000,2.000,state=MOVING bat=1.00 dist=5.45m
171,52.881,GENERAL,0,0.000,0.000,5.000,0.000,0.000,0.000,0.000,N/A
171,52.881,NODE,0,-5.382,-3.341,3.000,-0.140,0.585,0.000,0.601,zone=0 dist=1.69m
171,52.881,NODE,1,5.383,-3.340,3.000,0.134,0.577,0.000,0.592,zone=1 dist=1.69m
171,52.881,NODE,2,-3.795,3.798,3.000,0.430,-0.427,0.000,0.606,zone=2 dist=1.69m
171,52.881,NODE,3,3.796,3.796,3.000,-0.431,-0.426,0.000,0.606,zone=3 dist=1.69m
171,52.881,SCOUT,0,-3.873,-3.380,3.000,-0.135,0.584,0.000,0.600,cmd_age=0.02s bat=1.00 dist=1.66m
171,52.881,SCOUT,1,-5.373,-1.880,3.000,-0.135,0.584,0.000,0.600,cmd_age=0.02s bat=1.00 dist=1.66m
171,52.881,SCOUT,2,-6.873,-3.380,3.000,-0.135,0.584,0.000,0.600,cmd_age=0.02s bat=1.00 dist=1.66m
171,52.881,SCOUT,3,-5.373,-4.880,3.000,-0.135,0.584,0.000,0.600,cmd_age=0.02s bat=1.00 dist=1.66m
171,52.881,SCOUT,4,6.874,-3.379,3.000,0.136,0.585,0.000,0.600,cmd_age=0.02s bat=1.00 dist=1.66m
171,52.881,SCOUT,5,5.374,-1.879,3.000,0.136,0.585,0.000,0.600,cmd_age=0.02s bat=1.00 dist=1.66m
171,52.881,SCOUT,6,3.874,-3.379,3.000,0.136,0.585,0.000,0.600,cmd_age=0.02s bat=1.00 dist=1.66m
171,52.881,SCOUT,7,5.374,-4.879,3.000,0.136,0.585,0.000,0.600,cmd_age=0.02s bat=1.00 dist=1.66m
171,52.881,SCOUT,8,-2.324,3.826,3.000,0.428,-0.423,0.000,0.602,cmd_age=0.02s bat=1.00 dist=1.66m
171,52.881,SCOUT,9,-3.824,5.326,3.000,0.428,-0.423,0.000,0.602,cmd_age=0.02s bat=1.00 dist=1.66m
171,52.881,SCOUT,10,-5.324,3.826,3.000,0.428,-0.423,0.000,0.602,cmd_age=0.02s bat=1.00 dist=1.66m
171,52.881,SCOUT,11,-3.824,2.326,3.000,0.428,-0.423,0.000,0.602,cmd_age=0.02s bat=1.00 dist=1.66m
171,52.881,SCOUT,12,5.324,3.824,3.000,-0.424,-0.427,0.000,0.602,cmd_age=0.02s bat=1.00 dist=1.66m
171,52.881,SCOUT,13,3.824,5.324,3.000,-0.424,-0.427,0.000,0.602,cmd_age=0.02s bat=1.00 dist=1.66m
171,52.881,SCOUT,14,2.324,3.824,3.000,-0.424,-0.427,0.000,0.602,cmd_age=0.02s bat=1.00 dist=1.66m
171,52.881,SCOUT,15,3.824,2.324,3.000,-0.424,-0.427,0.000,0.602,cmd_age=0.02s bat=1.00 dist=1.66m
171,52.881,WORKER,0,-4.968,0.118,3.000,-0.718,1.867,0.000,2.000,state=MOVING bat=1.00 dist=5.48m
171,52.881,WORKER,1,7.421,0.467,3.000,0.153,1.994,0.000,2.000,state=MOVING bat=1.00 dist=5.48m
171,52.881,WORKER,2,0.542,0.814,3.000,1.292,-1.527,0.000,2.000,state=MOVING bat=1.00 dist=5.48m
171,52.881,WORKER,3,2.856,1.409,3.000,-1.511,-1.310,0.000,2.000,state=MOVING bat=1.00 dist=5.48m
172,53.140,GENERAL,0,0.000,0.000,5.000,0.000,0.000,0.000,0.000,N/A
172,53.140,NODE,0,-5.384,-3.331,3.000,-0.131,0.587,0.000,0.601,zone=0 dist=1.70m
172,53.140,NODE,1,5.385,-3.330,3.000,0.129,0.591,0.000,0.605,zone=1 dist=1.70m
172,53.140,NODE,2,-3.788,3.791,3.000,0.425,-0.421,0.000,0.598,zone=2 dist=1.70m
172,53.140,NODE,3,3.789,3.789,3.000,-0.419,-0.428,0.000,0.599,zone=3 dist=1.70m
172,53.140,SCOUT,0,-3.875,-3.370,3.000,-0.135,0.585,0.000,0.600,cmd_age=0.02s bat=1.00 dist=1.67m
172,53.140,SCOUT,1,-5.375,-1.870,3.000,-0.135,0.585,0.000,0.600,cmd_age=0.02s bat=1.00 dist=1.67m
172,53.140,SCOUT,2,-6.875,-3.370,3.000,-0.135,0.585,0.000,0.600,cmd_age=0.02s bat=1.00 dist=1.67m
172,53.140,SCOUT,3,-5.375,-4.870,3.000,-0.135,0.585,0.000,0.600,cmd_age=0.02s bat=1.00 dist=1.67m
172,53.140,SCOUT,4,6.876,-3.370,3.000,0.134,0.586,0.000,0.601,cmd_age=0.02s bat=1.00 dist=1.67m
172,53.140,SCOUT,5,5.376,-1.870,3.000,0.134,0.586,0.000,0.601,cmd_age=0.02s bat=1.00 dist=1.67m
172,53.140,SCOUT,6,3.876,-3.370,3.000,0.134,0.586,0.000,0.601,cmd_age=0.02s bat=1.00 dist=1.67m
172,53.140,SCOUT,7,5.376,-4.870,3.000,0.134,0.586,0.000,0.601,cmd_age=0.02s bat=1.00 dist=1.67m
172,53.140,SCOUT,8,-2.316,3.819,3.000,0.427,-0.423,0.000,0.601,cmd_age=0.02s bat=1.00 dist=1.67m
172,53.140,SCOUT,9,-3.816,5.319,3.000,0.427,-0.423,0.000,0.601,cmd_age=0.02s bat=1.00 dist=1.67m
172,53.140,SCOUT,10,-5.316,3.819,3.000,0.427,-0.423,0.000,0.601,cmd_age=0.02s bat=1.00 dist=1.67m
172,53.140,SCOUT,11,-3.816,2.319,3.000,0.427,-0.423,0.000,0.601,cmd_age=0.02s bat=1.00 dist=1.67m
172,53.140,SCOUT,12,5.317,3.817,3.000,-0.423,-0.427,0.000,0.601,cmd_age=0.02s bat=1.00 dist=1.67m
172,53.140,SCOUT,13,3.817,5.317,3.000,-0.423,-0.427,0.000,0.601,cmd_age=0.02s bat=1.00 dist=1.67m
172,53.140,SCOUT,14,2.317,3.817,3.000,-0.423,-0.427,0.000,0.601,cmd_age=0.02s bat=1.00 dist=1.67m
172,53.140,SCOUT,15,3.817,2.317,3.000,-0.423,-0.427,0.000,0.601,cmd_age=0.02s bat=1.00 dist=1.67m
172,53.140,WORKER,0,-4.980,0.149,3.000,-0.718,1.867,0.000,2.000,state=MOVING bat=1.00 dist=5.51m
172,53.140,WORKER,1,7.423,0.500,3.000,0.153,1.994,0.000,2.000,state=MOVING bat=1.00 dist=5.51m
172,53.140,WORKER,2,0.563,0.789,3.000,1.292,-1.527,0.000,2.000,state=MOVING bat=1.00 dist=5.51m
172,53.140,WORKER,3,2.831,1.387,3.000,-1.511,-1.310,0.000,2.000,state=MOVING bat=1.00 dist=5.51m
173,53.360,GENERAL,0,0.000,0.000,5.000,0.000,0.000,0.000,0.000,N/A
173,53.360,NODE,0,-5.387,-3.322,3.000,-0.131,0.583,0.000,0.598,zone=0 dist=1.71m
173,53.360,NODE,1,5.387,-3.321,3.000,0.133,0.574,0.000,0.589,zone=1 dist=1.71m
173,53.360,NODE,2,-3.781,3.784,3.000,0.424,-0.422,0.000,0.598,zone=2 dist=1.71m
173,53.360,NODE,3,3.781,3.782,3.000,-0.425,-0.421,0.000,0.599,zone=3 dist=1.71m
173,53.360,SCOUT,0,-3.878,-3.360,3.000,-0.134,0.584,0.000,0.599,cmd_age=0.02s bat=1.00 dist=1.68m
173,53.360,SCOUT,1,-5.378,-1.860,3.000,-0.134,0.584,0.000,0.599,cmd_age=0.02s bat=1.00 dist=1.68m
173,53.360,SCOUT,2,-6.878,-3.360,3.000,-0.134,0.584,0.000,0.599,cmd_age=0.02s bat=1.00 dist=1.68m
173,53.360,SCOUT,3,-5.378,-4.860,3.000,-0.134,0.584,0.000,0.599,cmd_age=0.02s bat=1.00 dist=1.68m
173,53.360,SCOUT,4,6.878,-3.360,3.000,0.134,0.584,0.000,0.599,cmd_age=0.02s bat=1.00 dist=1.68m
173,53.360,SCOUT,5,5.378,-1.860,3.000,0.134,0.584,0.000,0.599,cmd_age=0.02s bat=1.00 dist=1.68m
173,53.360,SCOUT,6,3.878,-3.360,3.000,0.134,0.584,0.000,0.599,cmd_age=0.02s bat=1.00 dist=1.68m
173,53.360,SCOUT,7,5.378,-4.860,3.000,0.134,0.584,0.000,0.599,cmd_age=0.02s bat=1.00 dist=1.68m
173,53.360,SCOUT,8,-2.309,3.812,3.000,0.426,-0.422,0.000,0.600,cmd_age=0.02s bat=1.00 dist=1.68m
173,53.360,SCOUT,9,-3.809,5.312,3.000,0.426,-0.422,0.000,0.600,cmd_age=0.02s bat=1.00 dist=1.68m
173,53.360,SCOUT,10,-5.309,3.812,3.000,0.426,-0.422,0.000,0.600,cmd_age=0.02s bat=1.00 dist=1.68m
173,53.360,SCOUT,11,-3.809,2.312,3.000,0.426,-0.422,0.000,0.600,cmd_age=0.02s bat=1.00 dist=1.68m
173,53.360,SCOUT,12,5.310,3.810,3.000,-0.424,-0.426,0.000,0.601,cmd_age=0.02s bat=1.00 dist=1.68m
173,53.360,SCOUT,13,3.810,5.310,3.000,-0.424,-0.426,0.000,0.601,cmd_age=0.02s bat=1.00 dist=1.68m
173,53.360,SCOUT,14,2.310,3.810,3.000,-0.424,-0.426,0.000,0.601,cmd_age=0.02s bat=1.00 dist=1.68m
173,53.360,SCOUT,15,3.810,2.310,3.000,-0.424,-0.426,0.000,0.601,cmd_age=0.02s bat=1.00 dist=1.68m
173,53.360,WORKER,0,-4.992,0.180,3.000,-0.718,1.867,0.000,2.000,state=MOVING bat=1.00 dist=5.55m
173,53.360,WORKER,1,7.426,0.534,3.000,0.153,1.994,0.000,2.000,state=MOVING bat=1.00 dist=5.55m
173,53.360,WORKER,2,0.585,0.763,3.000,1.292,-1.527,0.000,2.000,state=MOVING bat=1.00 dist=5.55m
173,53.360,WORKER,3,2.806,1.365,3.000,-1.511,-1.310,0.000,2.000,state=MOVING bat=1.00 dist=5.55m
174,53.600,GENERAL,0,0.000,0.000,5.000,0.000,0.000,0.000,0.000,N/A
174,53.600,NODE,0,-5.389,-3.312,3.000,-0.136,0.584,0.000,0.600,zone=0 dist=1.72m
174,53.600,NODE,1,5.390,-3.311,3.000,0.139,0.583,0.000,0.599,zone=1 dist=1.72m
174,53.600,NODE,2,-3.774,3.777,3.000,0.418,-0.424,0.000,0.595,zone=2 dist=1.72m
174,53.600,NODE,3,3.774,3.775,3.000,-0.422,-0.431,0.000,0.603,zone=3 dist=1.72m
174,53.600,SCOUT,0,-3.880,-3.351,3.000,-0.134,0.584,0.000,0.599,cmd_age=0.02s bat=1.00 dist=1.69m
174,53.600,SCOUT,1,-5.380,-1.851,3.000,-0.134,0.584,0.000,0.599,cmd_age=0.02s bat=1.00 dist=1.69m
174,53.600,SCOUT,2,-6.880,-3.351,3.000,-0.134,0.584,0.000,0.599,cmd_age=0.02s bat=1.00 dist=1.69m
174,53.600,SCOUT,3,-5.380,-4.851,3.000,-0.134,0.584,0.000,0.599,cmd_age=0.02s bat=1.00 dist=1.69m
174,53.600,SCOUT,4,6.881,-3.350,3.000,0.135,0.584,0.000,0.599,cmd_age=0.02s bat=1.00 dist=1.69m
174,53.600,SCOUT,5,5.381,-1.850,3.000,0.135,0.584,0.000,0.599,cmd_age=0.02s bat=1.00 dist=1.69m
174,53.600,SCOUT,6,3.881,-3.350,3.000,0.135,0.584,0.000,0.599,cmd_age=0.02s bat=1.00 dist=1.69m
174,53.600,SCOUT,7,5.381,-4.850,3.000,0.135,0.584,0.000,0.599,cmd_age=0.02s bat=1.00 dist=1.69m
174,53.600,SCOUT,8,-2.302,3.805,3.000,0.425,-0.423,0.000,0.599,cmd_age=0.02s bat=1.00 dist=1.69m
174,53.600,SCOUT,9,-3.802,5.305,3.000,0.425,-0.423,0.000,0.599,cmd_age=0.02s bat=1.00 dist=1.69m
174,53.600,SCOUT,10,-5.302,3.805,3.000,0.425,-0.423,0.000,0.599,cmd_age=0.02s bat=1.00 dist=1.69m
174,53.600,SCOUT,11,-3.802,2.305,3.000,0.425,-0.423,0.000,0.599,cmd_age=0.02s bat=1.00 dist=1.69m
174,53.600,SCOUT,12,5.303,3.803,3.000,-0.423,-0.427,0.000,0.601,cmd_age=0.02s bat=1.00 dist=1.69m
174,53.600,SCOUT,13,3.803,5.303,3.000,-0.423,-0.427,0.000,0.601,cmd_age=0.02s bat=1.00 dist=1.69m
174,53.600,SCOUT,14,2.303,3.803,3.000,-0.423,-0.427,0.000,0.601,cmd_age=0.02s bat=1.00 dist=1.69m
174,53.600,SCOUT,15,3.803,2.303,3.000,-0.423,-0.427,0.000,0.601,cmd_age=0.02s bat=1.00 dist=1.69m
174,53.600,WORKER,0,-5.004,0.211,3.000,-0.718,1.867,0.000,2.000,state=MOVING bat=1.00 dist=5.58m
174,53.600,WORKER,1,7.428,0.567,3.000,0.153,1.994,0.000,2.000,state=MOVING bat=1.00 dist=5.58m
174,53.600,WORKER,2,0.607,0.738,3.000,1.292,-1.527,0.000,2.000,state=MOVING bat=1.00 dist=5.58m
174,53.600,WORKER,3,2.781,1.343,3.000,-1.511,-1.310,0.000,2.000,state=MOVING bat=1.00 dist=5.58m
175,53.881,GENERAL,0,0.000,0.000,5.000,0.000,0.000,0.000,0.000,N/A
175,53.881,NODE,0,-5.391,-3.302,3.000,-0.134,0.588,0.000,0.603,zone=0 dist=1.73m
175,53.881,NODE,1,5.392,-3.301,3.000,0.137,0.591,0.000,0.606,zone=1 dist=1.73m
175,53.881,NODE,2,-3.767,3.770,3.000,0.425,-0.423,0.000,0.600,zone=2 dist=1.73m
175,53.881,NODE,3,3.767,3.767,3.000,-0.424,-0.427,0.000,0.602,zone=3 dist=1.73m
175,53.881,SCOUT,0,-3.882,-3.341,3.000,-0.134,0.585,0.000,0.600,cmd_age=0.02s bat=1.00 dist=1.70m
175,53.881,SCOUT,1,-5.382,-1.841,3.000,-0.134,0.585,0.000,0.600,cmd_age=0.02s bat=1.00 dist=1.70m
175,53.881,SCOUT,2,-6.882,-3.341,3.000,-0.134,0.585,0.000,0.600,cmd_age=0.02s bat=1.00 dist=1.70m
175,53.881,SCOUT,3,-5.382,-4.841,3.000,-0.134,0.585,0.000,0.600,cmd_age=0.02s bat=1.00 dist=1.70m
175,53.881,SCOUT,4,6.883,-3.340,3.000,0.135,0.585,0.000,0.600,cmd_age=0.02s bat=1.00 dist=1.70m
175,53.881,SCOUT,5,5.383,-1.840,3.000,0.135,0.585,0.000,0.600,cmd_age=0.02s bat=1.00 dist=1.70m
175,53.881,SCOUT,6,3.883,-3.340,3.000,0.135,0.585,0.000,0.600,cmd_age=0.02s bat=1.00 dist=1.70m
175,53.881,SCOUT,7,5.383,-4.840,3.000,0.135,0.585,0.000,0.600,cmd_age=0.02s bat=1.00 dist=1.70m
175,53.881,SCOUT,8,-2.295,3.798,3.000,0.425,-0.423,0.000,0.599,cmd_age=0.02s bat=1.00 dist=1.70m
175,53.881,SCOUT,9,-3.795,5.298,3.000,0.425,-0.423,0.000,0.599,cmd_age=0.02s bat=1.00 dist=1.70m
175,53.881,SCOUT,10,-5.295,3.798,3.000,0.425,-0.423,0.000,0.599,cmd_age=0.02s bat=1.00 dist=1.70m
175,53.881,SCOUT,11,-3.795,2.298,3.000,0.425,-0.423,0.000,0.599,cmd_age=0.02s bat=1.00 dist=1.70m
175,53.881,SCOUT,12,5.296,3.796,3.000,-0.423,-0.427,0.000,0.601,cmd_age=0.02s bat=1.00 dist=1.70m
175,53.881,SCOUT,13,3.796,5.296,3.000,-0.423,-0.427,0.000,0.601,cmd_age=0.02s bat=1.00 dist=1.70m
175,53.881,SCOUT,14,2.296,3.796,3.000,-0.423,-0.427,0.000,0.601,cmd_age=0.02s bat=1.00 dist=1.70m
175,53.881,SCOUT,15,3.796,2.296,3.000,-0.423,-0.427,0.000,0.601,cmd_age=0.02s bat=1.00 dist=1.70m
175,53.881,WORKER,0,-5.016,0.242,3.000,-0.718,1.867,0.000,2.000,state=MOVING bat=1.00 dist=5.61m
175,53.881,WORKER,1,7.431,0.600,3.000,0.153,1.994,0.000,2.000,state=MOVING bat=1.00 dist=5.61m
175,53.881,WORKER,2,0.628,0.712,3.000,1.292,-1.527,0.000,2.000,state=MOVING bat=1.00 dist=5.61m
175,53.881,WORKER,3,2.756,1.321,3.000,-1.511,-1.310,0.000,2.000,state=MOVING bat=1.00 dist=5.61m
176,54.121,GENERAL,0,0.000,0.000,5.000,0.000,0.000,0.000,0.000,N/A
176,54.121,NODE,0,-5.393,-3.292,3.000,-0.129,0.582,0.000,0.596,zone=0 dist=1.74m
176,54.121,NODE,1,5.394,-3.292,3.000,0.138,0.585,0.000,0.601,zone=1 dist=1.74m
176,54.121,NODE,2,-3.760,3.763,3.000,0.434,-0.422,0.000,0.605,zone=2 dist=1.74m
176,54.121,NODE,3,3.760,3.760,3.000,-0.418,-0.426,0.000,0.597,zone=3 dist=1.74m
176,54.121,SCOUT,0,-3.884,-3.331,3.000,-0.133,0.584,0.000,0.599,cmd_age=0.02s bat=1.00 dist=1.71m
176,54.121,SCOUT,1,-5.384,-1.831,3.000,-0.133,0.584,0.000,0.599,cmd_age=0.02s bat=1.00 dist=1.71m
176,54.121,SCOUT,2,-6.884,-3.331,3.000,-0.133,0.584,0.000,0.599,cmd_age=0.02s bat=1.00 dist=1.71m
176,54.121,SCOUT,3,-5.384,-4.831,3.000,-0.133,0.584,0.000,0.599,cmd_age=0.02s bat=1.00 dist=1.71m
176,54.121,SCOUT,4,6.885,-3.331,3.000,0.136,0.585,0.000,0.600,cmd_age=0.02s bat=1.00 dist=1.71m
176,54.121,SCOUT,5,5.385,-1.831,3.000,0.136,0.585,0.000,0.600,cmd_age=0.02s bat=1.00 dist=1.71m
176,54.121,SCOUT,6,3.885,-3.331,3.000,0.136,0.585,0.000,0.600,cmd_age=0.02s bat=1.00 dist=1.71m
176,54.121,SCOUT,7,5.385,-4.831,3.000,0.136,0.585,0.000,0.600,cmd_age=0.02s bat=1.00 dist=1.71m
176,54.121,SCOUT,8,-2.288,3.791,3.000,0.427,-0.423,0.000,0.600,cmd_age=0.02s bat=1.00 dist=1.71m
176,54.121,SCOUT,9,-3.788,5.291,3.000,0.427,-0.423,0.000,0.600,cmd_age=0.02s bat=1.00 dist=1.71m
176,54.121,SCOUT,10,-5.288,3.791,3.000,0.427,-0.423,0.000,0.600,cmd_age=0.02s bat=1.00 dist=1.71m
176,54.121,SCOUT,11,-3.788,2.291,3.000,0.427,-0.423,0.000,0.600,cmd_age=0.02s bat=1.00 dist=1.71m
176,54.121,SCOUT,12,5.289,3.789,3.000,-0.422,-0.427,0.000,0.600,cmd_age=0.02s bat=1.00 dist=1.71m
176,54.121,SCOUT,13,3.789,5.289,3.000,-0.422,-0.427,0.000,0.600,cmd_age=0.02s bat=1.00 dist=1.71m
176,54.121,SCOUT,14,2.289,3.789,3.000,-0.422,-0.427,0.000,0.600,cmd_age=0.02s bat=1.00 dist=1.71m
176,54.121,SCOUT,15,3.789,2.289,3.000,-0.422,-0.427,0.000,0.600,cmd_age=0.02s bat=1.00 dist=1.71m
176,54.121,WORKER,0,-5.028,0.273,3.000,-0.718,1.867,0.000,2.000,state=MOVING bat=1.00 dist=5.65m
176,54.121,WORKER,1,7.433,0.633,3.000,0.153,1.994,0.000,2.000,state=MOVING bat=1.00 dist=5.65m
176,54.121,WORKER,2,0.650,0.687,3.000,1.292,-1.527,0.000,2.000,state=MOVING bat=1.00 dist=5.65m
176,54.121,WORKER,3,2.730,1.300,3.000,-1.511,-1.310,0.000,2.000,state=MOVING bat=1.00 dist=5.65m
177,54.365,GENERAL,0,0.000,0.000,5.000,0.000,0.000,0.000,0.000,N/A
177,54.365,NODE,0,-5.396,-3.283,3.000,-0.140,0.581,0.000,0.598,zone=0 dist=1.75m
177,54.365,NODE,1,5.396,-3.282,3.000,0.132,0.583,0.000,0.598,zone=1 dist=1.75m
177,54.365,NODE,2,-3.753,3.756,3.000,0.423,-0.424,0.000,0.599,zone=2 dist=1.75m
177,54.365,NODE,3,3.753,3.753,3.000,-0.424,-0.417,0.000,0.595,zone=3 dist=1.75m
177,54.365,SCOUT,0,-3.887,-3.322,3.000,-0.135,0.584,0.000,0.599,cmd_age=0.02s bat=1.00 dist=1.72m
177,54.365,SCOUT,1,-5.387,-1.822,3.000,-0.135,0.584,0.000,0.599,cmd_age=0.02s bat=1.00 dist=1.72m
177,54.365,SCOUT,2,-6.887,-3.322,3.000,-0.135,0.584,0.000,0.599,cmd_age=0.02s bat=1.00 dist=1.72m
177,54.365,SCOUT,3,-5.387,-4.822,3.000,-0.135,0.584,0.000,0.599,cmd_age=0.02s bat=1.00 dist=1.72m
177,54.365,SCOUT,4,6.887,-3.321,3.000,0.135,0.584,0.000,0.600,cmd_age=0.02s bat=1.00 dist=1.72m
177,54.365,SCOUT,5,5.387,-1.821,3.000,0.135,0.584,0.000,0.600,cmd_age=0.02s bat=1.00 dist=1.72m
177,54.365,SCOUT,6,3.887,-3.321,3.000,0.135,0.584,0.000,0.600,cmd_age=0.02s bat=1.00 dist=1.72m
177,54.365,SCOUT,7,5.387,-4.821,3.000,0.135,0.584,0.000,0.600,cmd_age=0.02s bat=1.00 dist=1.72m
177,54.365,SCOUT,8,-2.281,3.784,3.000,0.426,-0.423,0.000,0.600,cmd_age=0.02s bat=1.00 dist=1.72m
177,54.365,SCOUT,9,-3.781,5.284,3.000,0.426,-0.423,0.000,0.600,cmd_age=0.02s bat=1.00 dist=1.72m
177,54.365,SCOUT,10,-5.281,3.784,3.000,0.426,-0.423,0.000,0.600,cmd_age=0.02s bat=1.00 dist=1.72m
177,54.365,SCOUT,11,-3.781,2.284,3.000,0.426,-0.423,0.000,0.600,cmd_age=0.02s bat=1.00 dist=1.72m
177,54.365,SCOUT,12,5.282,3.782,3.000,-0.423,-0.425,0.000,0.599,cmd_age=0.02s bat=1.00 dist=1.72m
177,54.365,SCOUT,13,3.782,5.282,3.000,-0.423,-0.425,0.000,0.599,cmd_age=0.02s bat=1.00 dist=1.72m
177,54.365,SCOUT,14,2.282,3.782,3.000,-0.423,-0.425,0.000,0.599,cmd_age=0.02s bat=1.00 dist=1.72m
177,54.365,SCOUT,15,3.782,2.282,3.000,-0.423,-0.425,0.000,0.599,cmd_age=0.02s bat=1.00 dist=1.72m
177,54.365,WORKER,0,-5.040,0.305,3.000,-0.718,1.867,0.000,2.000,state=MOVING bat=1.00 dist=5.68m
177,54.365,WORKER,1,7.436,0.667,3.000,0.153,1.994,0.000,2.000,state=MOVING bat=1.00 dist=5.68m
177,54.365,WORKER,2,0.671,0.661,3.000,1.292,-1.527,0.000,2.000,state=MOVING bat=1.00 dist=5.68m
177,54.365,WORKER,3,2.705,1.278,3.000,-1.511,-1.310,0.000,2.000,state=MOVING bat=1.00 dist=5.68m
178,54.591,GENERAL,0,0.000,0.000,5.000,0.000,0.000,0.000,0.000,N/A
178,54.591,NODE,0,-5.398,-3.273,3.000,-0.136,0.588,0.000,0.603,zone=0 dist=1.76m
178,54.591,NODE,1,5.399,-3.272,3.000,0.136,0.581,0.000,0.597,zone=1 dist=1.76m
178,54.591,NODE,2,-3.746,3.749,3.000,0.424,-0.429,0.000,0.603,zone=2 dist=1.76m
178,54.591,NODE,3,3.746,3.746,3.000,-0.420,-0.420,0.000,0.594,zone=3 dist=1.76m
178,54.591,SCOUT,0,-3.889,-3.312,3.000,-0.135,0.584,0.000,0.600,cmd_age=0.02s bat=1.00 dist=1.73m
178,54.591,SCOUT,1,-5.389,-1.812,3.000,-0.135,0.584,0.000,0.600,cmd_age=0.02s bat=1.00 dist=1.73m
178,54.591,SCOUT,2,-6.889,-3.312,3.000,-0.135,0.584,0.000,0.600,cmd_age=0.02s bat=1.00 dist=1.73m
178,54.591,SCOUT,3,-5.389,-4.812,3.000,-0.135,0.584,0.000,0.600,cmd_age=0.02s bat=1.00 dist=1.73m
178,54.591,SCOUT,4,6.890,-3.311,3.000,0.135,0.584,0.000,0.599,cmd_age=0.02s bat=1.00 dist=1.73m
178,54.591,SCOUT,5,5.390,-1.811,3.000,0.135,0.584,0.000,0.599,cmd_age=0.02s bat=1.00 dist=1.73m
178,54.591,SCOUT,6,3.890,-3.311,3.000,0.135,0.584,0.000,0.599,cmd_age=0.02s bat=1.00 dist=1.73m
178,54.591,SCOUT,7,5.390,-4.811,3.000,0.135,0.584,0.000,0.599,cmd_age=0.02s bat=1.00 dist=1.73m
178,54.591,SCOUT,8,-2.274,3.777,3.000,0.425,-0.424,0.000,0.601,cmd_age=0.02s bat=1.00 dist=1.73m
178,54.591,SCOUT,9,-3.774,5.277,3.000,0.425,-0.424,0.000,0.601,cmd_age=0.02s bat=1.00 dist=1.73m
178,54.591,SCOUT,10,-5.274,3.777,3.000,0.425,-0.424,0.000,0.601,cmd_age=0.02s bat=1.00 dist=1.73m
178,54.591,SCOUT,11,-3.774,2.277,3.000,0.425,-0.424,0.000,0.601,cmd_age=0.02s bat=1.00 dist=1.73m
178,54.591,SCOUT,12,5.274,3.775,3.000,-0.422,-0.424,0.000,0.598,cmd_age=0.02s bat=1.00 dist=1.73m
178,54.591,SCOUT,13,3.774,5.275,3.000,-0.422,-0.424,0.000,0.598,cmd_age=0.02s bat=1.00 dist=1.73m
178,54.591,SCOUT,14,2.274,3.775,3.000,-0.422,-0.424,0.000,0.598,cmd_age=0.02s bat=1.00 dist=1.73m
178,54.591,SCOUT,15,3.774,2.275,3.000,-0.422,-0.424,0.000,0.598,cmd_age=0.02s bat=1.00 dist=1.73m
178,54.591,WORKER,0,-5.052,0.336,3.000,-0.718,1.867,0.000,2.000,state=MOVING bat=1.00 dist=5.71m
178,54.591,WORKER,1,7.438,0.700,3.000,0.153,1.994,0.000,2.000,state=MOVING bat=1.00 dist=5.71m
178,54.591,WORKER,2,0.693,0.636,3.000,1.292,-1.527,0.000,2.000,state=MOVING bat=1.00 dist=5.71m
178,54.591,WORKER,3,2.680,1.256,3.000,-1.511,-1.310,0.000,2.000,state=MOVING bat=1.00 dist=5.71m
179,54.815,GENERAL,0,0.000,0.000,5.000,0.000,0.000,0.000,0.000,N/A
179,54.815,NODE,0,-5.400,-3.263,3.000,-0.134,0.585,0.000,0.600,zone=0 dist=1.77m
179,54.815,NODE,1,5.401,-3.262,3.000,0.131,0.589,0.000,0.603,zone=1 dist=1.77m
179,54.815,NODE,2,-3.739,3.742,3.000,0.422,-0.422,0.000,0.597,zone=2 dist=1.77m
179,54.815,NODE,3,3.739,3.739,3.000,-0.429,-0.423,0.000,0.603,zone=3 dist=1.77m
179,54.815,SCOUT,0,-3.891,-3.302,3.000,-0.135,0.585,0.000,0.600,cmd_age=0.02s bat=1.00 dist=1.74m
179,54.815,SCOUT,1,-5.391,-1.802,3.000,-0.135,0.585,0.000,0.600,cmd_age=0.02s bat=1.00 dist=1.74m
179,54.815,SCOUT,2,-6.891,-3.302,3.000,-0.135,0.585,0.000,0.600,cmd_age=0.02s bat=1.00 dist=1.74m
179,54.815,SCOUT,3,-5.391,-4.802,3.000,-0.135,0.585,0.000,0.600,cmd_age=0.02s bat=1.00 dist=1.74m
179,54.815,SCOUT,4,6.892,-3.301,3.000,0.135,0.585,0.000,0.600,cmd_age=0.02s bat=1.00 dist=1.74m
179,54.815,SCOUT,5,5.392,-1.801,3.000,0.135,0.585,0.000,0.600,cmd_age=0.02s bat=1.00 dist=1.74m
179,54.815,SCOUT,6,3.892,-3.301,3.000,0.135,0.585,0.000,0.600,cmd_age=0.02s bat=1.00 dist=1.74m
179,54.815,SCOUT,7,5.392,-4.801,3.000,0.135,0.585,0.000,0.600,cmd_age=0.02s bat=1.00 dist=1.74m
179,54.815,SCOUT,8,-2.267,3.770,3.000,0.425,-0.424,0.000,0.600,cmd_age=0.02s bat=1.00 dist=1.74m
179,54.815,SCOUT,9,-3.767,5.270,3.000,0.425,-0.424,0.000,0.600,cmd_age=0.02s bat=1.00 dist=1.74m
179,54.815,SCOUT,10,-5.267,3.770,3.000,0.425,-0.424,0.000,0.600,cmd_age=0.02s bat=1.00 dist=1.74m
179,54.815,SCOUT,11,-3.767,2.270,3.000,0.425,-0.424,0.000,0.600,cmd_age=0.02s bat=1.00 dist=1.74m
179,54.815,SCOUT,12,5.267,3.768,3.000,-0.423,-0.424,0.000,0.599,cmd_age=0.02s bat=1.00 dist=1.74m
179,54.815,SCOUT,13,3.767,5.268,3.000,-0.423,-0.424,0.000,0.599,cmd_age=0.02s bat=1.00 dist=1.74m
179,54.815,SCOUT,14,2.267,3.768,3.000,-0.423,-0.424,0.000,0.599,cmd_age=0.02s bat=1.00 dist=1.74m
179,54.815,SCOUT,15,3.767,2.268,3.000,-0.423,-0.424,0.000,0.599,cmd_age=0.02s bat=1.00 dist=1.74m
179,54.815,WORKER,0,-5.064,0.367,3.000,-0.718,1.867,0.000,2.000,state=MOVING bat=1.00 dist=5.75m
179,54.815,WORKER,1,7.441,0.733,3.000,0.153,1.994,0.000,2.000,state=MOVING bat=1.00 dist=5.75m
179,54.815,WORKER,2,0.714,0.611,3.000,1.292,-1.527,0.000,2.000,state=MOVING bat=1.00 dist=5.75m
179,54.815,WORKER,3,2.655,1.234,3.000,-1.511,-1.310,0.000,2.000,state=MOVING bat=1.00 dist=5.75m
180,55.031,GENERAL,0,0.000,0.000,5.000,0.000,0.000,0.000,0.000,N/A
180,55.031,NODE,0,-5.402,-3.253,3.000,-0.133,0.588,0.000,0.603,zone=0 dist=1.78m
180,55.031,NODE,1,5.403,-3.253,3.000,0.136,0.582,0.000,0.598,zone=1 dist=1.78m
180,55.031,NODE,2,-3.731,3.735,3.000,0.422,-0.426,0.000,0.600,zone=2 dist=1.78m
180,55.031,NODE,3,3.732,3.732,3.000,-0.423,-0.424,0.000,0.599,zone=3 dist=1.78m
180,55.031,SCOUT,0,-3.893,-3.292,3.000,-0.134,0.585,0.000,0.600,cmd_age=0.02s bat=1.00 dist=1.75m
180,55.031,SCOUT,1,-5.393,-1.792,3.000,-0.134,0.585,0.000,0.600,cmd_age=0.02s bat=1.00 dist=1.75m
180,55.031,SCOUT,2,-6.893,-3.292,3.000,-0.134,0.585,0.000,0.600,cmd_age=0.02s bat=1.00 dist=1.75m
180,55.031,SCOUT,3,-5.393,-4.792,3.000,-0.134,0.585,0.000,0.600,cmd_age=0.02s bat=1.00 dist=1.75m
180,55.031,SCOUT,4,6.894,-3.292,3.000,0.135,0.584,0.000,0.600,cmd_age=0.02s bat=1.00 dist=1.75m
180,55.031,SCOUT,5,5.394,-1.792,3.000,0.135,0.584,0.000,0.600,cmd_age=0.02s bat=1.00 dist=1.75m
180,55.031,SCOUT,6,3.894,-3.292,3.000,0.135,0.584,0.000,0.600,cmd_age=0.02s bat=1.00 dist=1.75m
180,55.031,SCOUT,7,5.394,-4.792,3.000,0.135,0.584,0.000,0.600,cmd_age=0.02s bat=1.00 dist=1.75m
180,55.031,SCOUT,8,-2.260,3.763,3.000,0.424,-0.424,0.000,0.600,cmd_age=0.02s bat=1.00 dist=1.75m
180,55.031,SCOUT,9,-3.760,5.263,3.000,0.424,-0.424,0.000,0.600,cmd_age=0.02s bat=1.00 dist=1.75m
180,55.031,SCOUT,10,-5.260,3.763,3.000,0.424,-0.424,0.000,0.600,cmd_age=0.02s bat=1.00 dist=1.75m
180,55.031,SCOUT,11,-3.760,2.263,3.000,0.424,-0.424,0.000,0.600,cmd_age=0.02s bat=1.00 dist=1.75m
180,55.031,SCOUT,12,5.260,3.760,3.000,-0.423,-0.424,0.000,0.599,cmd_age=0.02s bat=1.00 dist=1.75m
180,55.031,SCOUT,13,3.760,5.260,3.000,-0.423,-0.424,0.000,0.599,cmd_age=0.02s bat=1.00 dist=1.75m
180,55.031,SCOUT,14,2.260,3.760,3.000,-0.423,-0.424,0.000,0.599,cmd_age=0.02s bat=1.00 dist=1.75m
180,55.031,SCOUT,15,3.760,2.260,3.000,-0.423,-0.424,0.000,0.599,cmd_age=0.02s bat=1.00 dist=1.75m
180,55.031,WORKER,0,-5.076,0.398,3.000,-0.718,1.867,0.000,2.000,state=MOVING bat=1.00 dist=5.78m
180,55.031,WORKER,1,7.444,0.766,3.000,0.153,1.994,0.000,2.000,state=MOVING bat=1.00 dist=5.78m
180,55.031,WORKER,2,0.736,0.585,3.000,1.292,-1.527,0.000,2.000,state=MOVING bat=1.00 dist=5.78m
180,55.031,WORKER,3,2.630,1.212,3.000,-1.511,-1.310,0.000,2.000,state=MOVING bat=1.00 dist=5.78m
181,55.252,GENERAL,0,0.000,0.000,5.000,0.000,0.000,0.000,0.000,N/A
181,55.252,NODE,0,-5.404,-3.244,3.000,-0.135,0.586,0.000,0.602,zone=0 dist=1.79m
181,55.252,NODE,1,5.405,-3.243,3.000,0.130,0.582,0.000,0.596,zone=1 dist=1.79m
181,55.252,NODE,2,-3.724,3.728,3.000,0.420,-0.425,0.000,0.598,zone=2 dist=1.79m
181,55.252,NODE,3,3.725,3.725,3.000,-0.421,-0.424,0.000,0.598,zone=3 dist=1.79m
181,55.252,SCOUT,0,-3.895,-3.283,3.000,-0.134,0.585,0.000,0.601,cmd_age=0.02s bat=1.00 dist=1.76m
181,55.252,SCOUT,1,-5.395,-1.783,3.000,-0.134,0.585,0.000,0.601,cmd_age=0.02s bat=1.00 dist=1.76m
181,55.252,SCOUT,2,-6.895,-3.283,3.000,-0.134,0.585,0.000,0.601,cmd_age=0.02s bat=1.00 dist=1.76m
181,55.252,SCOUT,3,-5.395,-4.783,3.000,-0.134,0.585,0.000,0.601,cmd_age=0.02s bat=1.00 dist=1.76m
181,55.252,SCOUT,4,6.896,-3.282,3.000,0.134,0.584,0.000,0.599,cmd_age=0.02s bat=1.00 dist=1.76m
181,55.252,SCOUT,5,5.396,-1.782,3.000,0.134,0.584,0.000,0.599,cmd_age=0.02s bat=1.00 dist=1.76m
181,55.252,SCOUT,6,3.896,-3.282,3.000,0.134,0.584,0.000,0.599,cmd_age=0.02s bat=1.00 dist=1.76m
181,55.252,SCOUT,7,5.396,-4.782,3.000,0.134,0.584,0.000,0.599,cmd_age=0.02s bat=1.00 dist=1.76m
181,55.252,SCOUT,8,-2.253,3.756,3.000,0.424,-0.424,0.000,0.599,cmd_age=0.02s bat=1.00 dist=1.76m
181,55.252,SCOUT,9,-3.753,5.256,3.000,0.424,-0.424,0.000,0.599,cmd_age=0.02s bat=1.00 dist=1.76m
181,55.252,SCOUT,10,-5.253,3.756,3.000,0.424,-0.424,0.000,0.599,cmd_age=0.02s bat=1.00 dist=1.76m
181,55.252,SCOUT,11,-3.753,2.256,3.000,0.424,-0.424,0.000,0.599,cmd_age=0.02s bat=1.00 dist=1.76m
181,55.252,SCOUT,12,5.253,3.753,3.000,-0.423,-0.424,0.000,0.599,cmd_age=0.02s bat=1.00 dist=1.76m
181,55.252,SCOUT,13,3.753,5.253,3.000,-0.423,-0.424,0.000,0.599,cmd_age=0.02s bat=1.00 dist=1.76m
181,55.252,SCOUT,14,2.253,3.753,3.000,-0.423,-0.424,0.000,0.599,cmd_age=0.02s bat=1.00 dist=1.76m
181,55.252,SCOUT,15,3.753,2.253,3.000,-0.423,-0.424,0.000,0.599,cmd_age=0.02s bat=1.00 dist=1.76m
181,55.252,WORKER,0,-5.088,0.429,3.000,-0.718,1.867,0.000,2.000,state=MOVING bat=1.00 dist=5.81m
181,55.252,WORKER,1,7.446,0.800,3.000,0.153,1.994,0.000,2.000,state=MOVING bat=1.00 dist=5.81m
181,55.252,WORKER,2,0.757,0.560,3.000,1.292,-1.527,0.000,2.000,state=MOVING bat=1.00 dist=5.81m
181,55.252,WORKER,3,2.604,1.190,3.000,-1.511,-1.310,0.000,2.000,state=MOVING bat=1.00 dist=5.81m
182,55.465,GENERAL,0,0.000,0.000,5.000,0.000,0.000,0.000,0.000,N/A
182,55.465,NODE,0,-5.407,-3.234,3.000,-0.130,0.587,0.000,0.601,zone=0 dist=1.80m
182,55.465,NODE,1,5.407,-3.233,3.000,0.135,0.576,0.000,0.592,zone=1 dist=1.80m
182,55.465,NODE,2,-3.717,3.721,3.000,0.422,-0.424,0.000,0.598,zone=2 dist=1.80m
182,55.465,NODE,3,3.718,3.718,3.000,-0.429,-0.427,0.000,0.605,zone=3 dist=1.80m
182,55.465,SCOUT,0,-3.898,-3.273,3.000,-0.134,0.586,0.000,0.601,cmd_age=0.02s bat=1.00 dist=1.77m
182,55.465,SCOUT,1,-5.398,-1.773,3.000,-0.134,0.586,0.000,0.601,cmd_age=0.02s bat=1.00 dist=1.77m
182,55.465,SCOUT,2,-6.898,-3.273,3.000,-0.134,0.586,0.000,0.601,cmd_age=0.02s bat=1.00 dist=1.77m
182,55.465,SCOUT,3,-5.398,-4.773,3.000,-0.134,0.586,0.000,0.601,cmd_age=0.02s bat=1.00 dist=1.77m
182,55.465,SCOUT,4,6.899,-3.272,3.000,0.134,0.582,0.000,0.597,cmd_age=0.02s bat=1.00 dist=1.77m
182,55.465,SCOUT,5,5.399,-1.772,3.000,0.134,0.582,0.000,0.597,cmd_age=0.02s bat=1.00 dist=1.77m
182,55.465,SCOUT,6,3.899,-3.272,3.000,0.134,0.582,0.000,0.597,cmd_age=0.02s bat=1.00 dist=1.77m
182,55.465,SCOUT,7,5.399,-4.772,3.000,0.134,0.582,0.000,0.597,cmd_age=0.02s bat=1.00 dist=1.77m
182,55.465,SCOUT,8,-2.246,3.749,3.000,0.423,-0.424,0.000,0.599,cmd_age=0.02s bat=1.00 dist=1.77m
182,55.465,SCOUT,9,-3.746,5.249,3.000,0.423,-0.424,0.000,0.599,cmd_age=0.02s bat=1.00 dist=1.77m
182,55.465,SCOUT,10,-5.246,3.749,3.000,0.423,-0.424,0.000,0.599,cmd_age=0.02s bat=1.00 dist=1.77m
182,55.465,SCOUT,11,-3.746,2.249,3.000,0.423,-0.424,0.000,0.599,cmd_age=0.02s bat=1.00 dist=1.77m
182,55.465,SCOUT,12,5.246,3.746,3.000,-0.424,-0.425,0.000,0.600,cmd_age=0.02s bat=1.00 dist=1.77m
182,55.465,SCOUT,13,3.746,5.246,3.000,-0.424,-0.425,0.000,0.600,cmd_age=0.02s bat=1.00 dist=1.77m
182,55.465,SCOUT,14,2.246,3.746,3.000,-0.424,-0.425,0.000,0.600,cmd_age=0.02s bat=1.00 dist=1.77m
182,55.465,SCOUT,15,3.746,2.246,3.000,-0.424,-0.425,0.000,0.600,cmd_age=0.02s bat=1.00 dist=1.77m
182,55.465,WORKER,0,-5.100,0.460,3.000,-0.718,1.867,0.000,2.000,state=MOVING bat=1.00 dist=5.85m
182,55.465,WORKER,1,7.449,0.833,3.000,0.153,1.994,0.000,2.000,state=MOVING bat=1.00 dist=5.85m
182,55.465,WORKER,2,0.779,0.534,3.000,1.292,-1.527,0.000,2.000,state=MOVING bat=1.00 dist=5.85m
182,55.465,WORKER,3,2.579,1.169,3.000,-1.511,-1.310,0.000,2.000,state=MOVING bat=1.00 dist=5.85m
183,55.692,GENERAL,0,0.000,0.000,5.000,0.000,0.000,0.000,0.000,N/A
183,55.692,NODE,0,-5.409,-3.224,3.000,-0.134,0.591,0.000,0.606,zone=0 dist=1.81m
183,55.692,NODE,1,5.410,-3.224,3.000,0.133,0.587,0.000,0.602,zone=1 dist=1.81m
183,55.692,NODE,2,-3.710,3.713,3.000,0.429,-0.425,0.000,0.604,zone=2 dist=1.81m
183,55.692,NODE,3,3.711,3.711,3.000,-0.420,-0.421,0.000,0.595,zone=3 dist=1.81m
183,55.692,SCOUT,0,-3.900,-3.263,3.000,-0.134,0.587,0.000,0.602,cmd_age=0.02s bat=1.00 dist=1.78m
183,55.692,SCOUT,1,-5.400,-1.763,3.000,-0.134,0.587,0.000,0.602,cmd_age=0.02s bat=1.00 dist=1.78m
183,55.692,SCOUT,2,-6.900,-3.263,3.000,-0.134,0.587,0.000,0.602,cmd_age=0.02s bat=1.00 dist=1.78m
183,55.692,SCOUT,3,-5.400,-4.763,3.000,-0.134,0.587,0.000,0.602,cmd_age=0.02s bat=1.00 dist=1.78m
183,55.692,SCOUT,4,6.901,-3.262,3.000,0.134,0.583,0.000,0.598,cmd_age=0.02s bat=1.00 dist=1.78m
183,55.692,SCOUT,5,5.401,-1.762,3.000,0.134,0.583,0.000,0.598,cmd_age=0.02s bat=1.00 dist=1.78m
183,55.692,SCOUT,6,3.901,-3.262,3.000,0.134,0.583,0.000,0.598,cmd_age=0.02s bat=1.00 dist=1.78m
183,55.692,SCOUT,7,5.401,-4.762,3.000,0.134,0.583,0.000,0.598,cmd_age=0.02s bat=1.00 dist=1.78m
183,55.692,SCOUT,8,-2.239,3.742,3.000,0.424,-0.424,0.000,0.600,cmd_age=0.02s bat=1.00 dist=1.78m
183,55.692,SCOUT,9,-3.739,5.242,3.000,0.424,-0.424,0.000,0.600,cmd_age=0.02s bat=1.00 dist=1.78m
183,55.692,SCOUT,10,-5.239,3.742,3.000,0.424,-0.424,0.000,0.600,cmd_age=0.02s bat=1.00 dist=1.78m
183,55.692,SCOUT,11,-3.739,2.242,3.000,0.424,-0.424,0.000,0.600,cmd_age=0.02s bat=1.00 dist=1.78m
183,55.692,SCOUT,12,5.239,3.739,3.000,-0.423,-0.424,0.000,0.599,cmd_age=0.02s bat=1.00 dist=1.78m
183,55.692,SCOUT,13,3.739,5.239,3.000,-0.423,-0.424,0.000,0.599,cmd_age=0.02s bat=1.00 dist=1.78m
183,55.692,SCOUT,14,2.239,3.739,3.000,-0.423,-0.424,0.000,0.599,cmd_age=0.02s bat=1.00 dist=1.78m
183,55.692,SCOUT,15,3.739,2.239,3.000,-0.423,-0.424,0.000,0.599,cmd_age=0.02s bat=1.00 dist=1.78m
183,55.692,WORKER,0,-5.112,0.491,3.000,-0.718,1.867,0.000,2.000,state=MOVING bat=1.00 dist=5.88m
183,55.692,WORKER,1,7.451,0.866,3.000,0.153,1.994,0.000,2.000,state=MOVING bat=1.00 dist=5.88m
183,55.692,WORKER,2,0.800,0.509,3.000,1.292,-1.527,0.000,2.000,state=MOVING bat=1.00 dist=5.88m
183,55.692,WORKER,3,2.554,1.147,3.000,-1.511,-1.310,0.000,2.000,state=MOVING bat=1.00 dist=5.88m
184,55.942,GENERAL,0,0.000,0.000,5.000,0.000,0.000,0.000,0.000,N/A
184,55.942,NODE,0,-5.411,-3.214,3.000,-0.134,0.586,0.000,0.601,zone=0 dist=1.82m
184,55.942,NODE,1,5.412,-3.214,3.000,0.132,0.586,0.000,0.600,zone=1 dist=1.82m
184,55.942,NODE,2,-3.703,3.706,3.000,0.424,-0.427,0.000,0.602,zone=2 dist=1.82m
184,55.942,NODE,3,3.704,3.704,3.000,-0.422,-0.424,0.000,0.598,zone=3 dist=1.82m
184,55.942,SCOUT,0,-3.902,-3.253,3.000,-0.134,0.587,0.000,0.602,cmd_age=0.02s bat=1.00 dist=1.79m
184,55.942,SCOUT,1,-5.402,-1.753,3.000,-0.134,0.587,0.000,0.602,cmd_age=0.02s bat=1.00 dist=1.79m
184,55.942,SCOUT,2,-6.902,-3.253,3.000,-0.134,0.587,0.000,0.602,cmd_age=0.02s bat=1.00 dist=1.79m
184,55.942,SCOUT,3,-5.402,-4.753,3.000,-0.134,0.587,0.000,0.602,cmd_age=0.02s bat=1.00 dist=1.79m
184,55.942,SCOUT,4,6.903,-3.253,3.000,0.134,0.584,0.000,0.599,cmd_age=0.02s bat=1.00 dist=1.79m
184,55.942,SCOUT,5,5.403,-1.753,3.000,0.134,0.584,0.000,0.599,cmd_age=0.02s bat=1.00 dist=1.79m
184,55.942,SCOUT,6,3.903,-3.253,3.000,0.134,0.584,0.000,0.599,cmd_age=0.02s bat=1.00 dist=1.79m
184,55.942,SCOUT,7,5.403,-4.753,3.000,0.134,0.584,0.000,0.599,cmd_age=0.02s bat=1.00 dist=1.79m
184,55.942,SCOUT,8,-2.231,3.735,3.000,0.424,-0.425,0.000,0.600,cmd_age=0.02s bat=1.00 dist=1.79m
184,55.942,SCOUT,9,-3.731,5.235,3.000,0.424,-0.425,0.000,0.600,cmd_age=0.02s bat=1.00 dist=1.79m
184,55.942,SCOUT,10,-5.231,3.735,3.000,0.424,-0.425,0.000,0.600,cmd_age=0.02s bat=1.00 dist=1.79m
184,55.942,SCOUT,11,-3.731,2.235,3.000,0.424,-0.425,0.000,0.600,cmd_age=0.02s bat=1.00 dist=1.79m
184,55.942,SCOUT,12,5.232,3.732,3.000,-0.423,-0.424,0.000,0.599,cmd_age=0.02s bat=1.00 dist=1.79m
184,55.942,SCOUT,13,3.732,5.232,3.000,-0.423,-0.424,0.000,0.599,cmd_age=0.02s bat=1.00 dist=1.79m
184,55.942,SCOUT,14,2.232,3.732,3.000,-0.423,-0.424,0.000,0.599,cmd_age=0.02s bat=1.00 dist=1.79m
184,55.942,SCOUT,15,3.732,2.232,3.000,-0.423,-0.424,0.000,0.599,cmd_age=0.02s bat=1.00 dist=1.79m
184,55.942,WORKER,0,-5.124,0.522,3.000,-0.718,1.867,0.000,2.000,state=MOVING bat=1.00 dist=5.91m
184,55.942,WORKER,1,7.454,0.899,3.000,0.153,1.994,0.000,2.000,state=MOVING bat=1.00 dist=5.91m
184,55.942,WORKER,2,0.822,0.483,3.000,1.292,-1.527,0.000,2.000,state=MOVING bat=1.00 dist=5.91m
184,55.942,WORKER,3,2.529,1.125,3.000,-1.511,-1.310,0.000,2.000,state=MOVING bat=1.00 dist=5.91m
185,56.196,GENERAL,0,0.000,0.000,5.000,0.000,0.000,0.000,0.000,N/A
185,56.196,NODE,0,-5.413,-3.205,3.000,-0.137,0.577,0.000,0.594,zone=0 dist=1.83m
185,56.196,NODE,1,5.414,-3.204,3.000,0.136,0.583,0.000,0.598,zone=1 dist=1.83m
185,56.196,NODE,2,-3.696,3.699,3.000,0.427,-0.427,0.000,0.604,zone=2 dist=1.83m
185,56.196,NODE,3,3.697,3.697,3.000,-0.422,-0.422,0.000,0.597,zone=3 dist=1.83m
185,56.196,SCOUT,0,-3.904,-3.243,3.000,-0.135,0.585,0.000,0.600,cmd_age=0.02s bat=1.00 dist=1.80m
185,56.196,SCOUT,1,-5.404,-1.743,3.000,-0.135,0.585,0.000,0.600,cmd_age=0.02s bat=1.00 dist=1.80m
185,56.196,SCOUT,2,-6.904,-3.243,3.000,-0.135,0.585,0.000,0.600,cmd_age=0.02s bat=1.00 dist=1.80m
185,56.196,SCOUT,3,-5.404,-4.743,3.000,-0.135,0.585,0.000,0.600,cmd_age=0.02s bat=1.00 dist=1.80m
185,56.196,SCOUT,4,6.905,-3.243,3.000,0.134,0.583,0.000,0.599,cmd_age=0.02s bat=1.00 dist=1.80m
185,56.196,SCOUT,5,5.405,-1.743,3.000,0.134,0.583,0.000,0.599,cmd_age=0.02s bat=1.00 dist=1.80m
185,56.196,SCOUT,6,3.905,-3.243,3.000,0.134,0.583,0.000,0.599,cmd_age=0.02s bat=1.00 dist=1.80m
185,56.196,SCOUT,7,5.405,-4.743,3.000,0.134,0.583,0.000,0.599,cmd_age=0.02s bat=1.00 dist=1.80m
185,56.196,SCOUT,8,-2.224,3.728,3.000,0.425,-0.425,0.000,0.601,cmd_age=0.02s bat=1.00 dist=1.80m
185,56.196,SCOUT,9,-3.724,5.228,3.000,0.425,-0.425,0.000,0.601,cmd_age=0.02s bat=1.00 dist=1.80m
185,56.196,SCOUT,10,-5.224,3.728,3.000,0.425,-0.425,0.000,0.601,cmd_age=0.02s bat=1.00 dist=1.80m
185,56.196,SCOUT,11,-3.724,2.228,3.000,0.425,-0.425,0.000,0.601,cmd_age=0.02s bat=1.00 dist=1.80m
185,56.196,SCOUT,12,5.225,3.725,3.000,-0.423,-0.424,0.000,0.599,cmd_age=0.02s bat=1.00 dist=1.80m
185,56.196,SCOUT,13,3.725,5.225,3.000,-0.423,-0.424,0.000,0.599,cmd_age=0.02s bat=1.00 dist=1.80m
185,56.196,SCOUT,14,2.225,3.725,3.000,-0.423,-0.424,0.000,0.599,cmd_age=0.02s bat=1.00 dist=1.80m
185,56.196,SCOUT,15,3.725,2.225,3.000,-0.423,-0.424,0.000,0.599,cmd_age=0.02s bat=1.00 dist=1.80m
185,56.196,WORKER,0,-5.136,0.553,3.000,-0.718,1.867,0.000,2.000,state=MOVING bat=1.00 dist=5.95m
185,56.196,WORKER,1,7.456,0.932,3.000,0.153,1.994,0.000,2.000,state=MOVING bat=1.00 dist=5.95m
185,56.196,WORKER,2,0.843,0.458,3.000,1.292,-1.527,0.000,2.000,state=MOVING bat=1.00 dist=5.95m
185,56.196,WORKER,3,2.504,1.103,3.000,-1.511,-1.310,0.000,2.000,state=MOVING bat=1.00 dist=5.95m
186,56.522,GENERAL,0,0.000,0.000,5.000,0.000,0.000,0.000,0.000,N/A
186,56.522,NODE,0,-5.416,-3.195,3.000,-0.139,0.582,0.000,0.598,zone=0 dist=1.84m
186,56.522,NODE,1,5.416,-3.194,3.000,0.132,0.580,0.000,0.595,zone=1 dist=1.84m
186,56.522,NODE,2,-3.689,3.692,3.000,0.425,-0.423,0.000,0.600,zone=2 dist=1.84m
186,56.522,NODE,3,3.690,3.690,3.000,-0.422,-0.424,0.000,0.598,zone=3 dist=1.84m
186,56.522,SCOUT,0,-3.907,-3.234,3.000,-0.135,0.584,0.000,0.600,cmd_age=0.02s bat=1.00 dist=1.81m
186,56.522,SCOUT,1,-5.407,-1.734,3.000,-0.135,0.584,0.000,0.600,cmd_age=0.02s bat=1.00 dist=1.81m
186,56.522,SCOUT,2,-6.907,-3.234,3.000,-0.135,0.584,0.000,0.600,cmd_age=0.02s bat=1.00 dist=1.81m
186,56.522,SCOUT,3,-5.407,-4.734,3.000,-0.135,0.584,0.000,0.600,cmd_age=0.02s bat=1.00 dist=1.81m
186,56.522,SCOUT,4,6.907,-3.233,3.000,0.134,0.583,0.000,0.598,cmd_age=0.02s bat=1.00 dist=1.81m
186,56.522,SCOUT,5,5.407,-1.733,3.000,0.134,0.583,0.000,0.598,cmd_age=0.02s bat=1.00 dist=1.81m
186,56.522,SCOUT,6,3.907,-3.233,3.000,0.134,0.583,0.000,0.598,cmd_age=0.02s bat=1.00 dist=1.81m
186,56.522,SCOUT,7,5.407,-4.733,3.000,0.134,0.583,0.000,0.598,cmd_age=0.02s bat=1.00 dist=1.81m
186,56.522,SCOUT,8,-2.217,3.721,3.000,0.425,-0.425,0.000,0.601,cmd_age=0.02s bat=1.00 dist=1.81m
186,56.522,SCOUT,9,-3.717,5.221,3.000,0.425,-0.425,0.000,0.601,cmd_age=0.02s bat=1.00 dist=1.81m
186,56.522,SCOUT,10,-5.217,3.721,3.000,0.425,-0.425,0.000,0.601,cmd_age=0.02s bat=1.00 dist=1.81m
186,56.522,SCOUT,11,-3.717,2.221,3.000,0.425,-0.425,0.000,0.601,cmd_age=0.02s bat=1.00 dist=1.81m
186,56.522,SCOUT,12,5.218,3.718,3.000,-0.423,-0.424,0.000,0.599,cmd_age=0.02s bat=1.00 dist=1.81m
186,56.522,SCOUT,13,3.718,5.218,3.000,-0.423,-0.424,0.000,0.599,cmd_age=0.02s bat=1.00 dist=1.81m
186,56.522,SCOUT,14,2.218,3.718,3.000,-0.423,-0.424,0.000,0.599,cmd_age=0.02s bat=1.00 dist=1.81m
186,56.522,SCOUT,15,3.718,2.218,3.000,-0.423,-0.424,0.000,0.599,cmd_age=0.02s bat=1.00 dist=1.81m
186,56.522,WORKER,0,-5.148,0.585,3.000,-0.718,1.867,0.000,2.000,state=MOVING bat=1.00 dist=5.98m
186,56.522,WORKER,1,7.459,0.966,3.000,0.153,1.994,0.000,2.000,state=MOVING bat=1.00 dist=5.98m
186,56.522,WORKER,2,0.865,0.432,3.000,1.292,-1.527,0.000,2.000,state=MOVING bat=1.00 dist=5.98m
186,56.522,WORKER,3,2.478,1.081,3.000,-1.511,-1.310,0.000,2.000,state=MOVING bat=1.00 dist=5.98m
187,56.748,GENERAL,0,0.000,0.000,5.000,0.000,0.000,0.000,0.000,N/A
187,56.748,NODE,0,-5.418,-3.185,3.000,-0.144,0.587,0.000,0.604,zone=0 dist=1.85m
187,56.748,NODE,1,5.419,-3.185,3.000,0.134,0.579,0.000,0.594,zone=1 dist=1.85m
187,56.748,NODE,2,-3.682,3.685,3.000,0.429,-0.423,0.000,0.602,zone=2 dist=1.85m
187,56.748,NODE,3,3.683,3.683,3.000,-0.424,-0.424,0.000,0.599,zone=3 dist=1.85m
187,56.748,SCOUT,0,-3.909,-3.224,3.000,-0.137,0.585,0.000,0.601,cmd_age=0.02s bat=1.00 dist=1.82m
187,56.748,SCOUT,1,-5.409,-1.724,3.000,-0.137,0.585,0.000,0.601,cmd_age=0.02s bat=1.00 dist=1.82m
187,56.748,SCOUT,2,-6.909,-3.224,3.000,-0.137,0.585,0.000,0.601,cmd_age=0.02s bat=1.00 dist=1.82m
187,56.748,SCOUT,3,-5.409,-4.724,3.000,-0.137,0.585,0.000,0.601,cmd_age=0.02s bat=1.00 dist=1.82m
187,56.748,SCOUT,4,6.910,-3.224,3.000,0.134,0.582,0.000,0.597,cmd_age=0.02s bat=1.00 dist=1.82m
187,56.748,SCOUT,5,5.410,-1.724,3.000,0.134,0.582,0.000,0.597,cmd_age=0.02s bat=1.00 dist=1.82m
187,56.748,SCOUT,6,3.910,-3.224,3.000,0.134,0.582,0.000,0.597,cmd_age=0.02s bat=1.00 dist=1.82m
187,56.748,SCOUT,7,5.410,-4.724,3.000,0.134,0.582,0.000,0.597,cmd_age=0.02s bat=1.00 dist=1.82m
187,56.748,SCOUT,8,-2.210,3.713,3.000,0.426,-0.425,0.000,0.601,cmd_age=0.02s bat=1.00 dist=1.82m
187,56.748,SCOUT,9,-3.710,5.213,3.000,0.426,-0.425,0.000,0.601,cmd_age=0.02s bat=1.00 dist=1.82m
187,56.748,SCOUT,10,-5.210,3.713,3.000,0.426,-0.425,0.000,0.601,cmd_age=0.02s bat=1.00 dist=1.82m
187,56.748,SCOUT,11,-3.710,2.213,3.000,0.426,-0.425,0.000,0.601,cmd_age=0.02s bat=1.00 dist=1.82m
187,56.748,SCOUT,12,5.211,3.711,3.000,-0.423,-0.424,0.000,0.599,cmd_age=0.02s bat=1.00 dist=1.82m
187,56.748,SCOUT,13,3.711,5.211,3.000,-0.423,-0.424,0.000,0.599,cmd_age=0.02s bat=1.00 dist=1.82m
187,56.748,SCOUT,14,2.211,3.711,3.000,-0.423,-0.424,0.000,0.599,cmd_age=0.02s bat=1.00 dist=1.82m
187,56.748,SCOUT,15,3.711,2.211,3.000,-0.423,-0.424,0.000,0.599,cmd_age=0.02s bat=1.00 dist=1.82m
187,56.748,WORKER,0,-5.160,0.616,3.000,-0.718,1.867,0.000,2.000,state=MOVING bat=1.00 dist=6.01m
187,56.748,WORKER,1,7.461,0.999,3.000,0.153,1.994,0.000,2.000,state=MOVING bat=1.00 dist=6.01m
187,56.748,WORKER,2,0.886,0.407,3.000,1.292,-1.527,0.000,2.000,state=MOVING bat=1.00 dist=6.01m
187,56.748,WORKER,3,2.453,1.060,3.000,-1.511,-1.310,0.000,2.000,state=MOVING bat=1.00 dist=6.01m
188,56.965,GENERAL,0,0.000,0.000,5.000,0.000,0.000,0.000,0.000,N/A
188,56.965,NODE,0,-5.420,-3.175,3.000,-0.142,0.586,0.000,0.603,zone=0 dist=1.86m
188,56.965,NODE,1,5.421,-3.175,3.000,0.132,0.584,0.000,0.599,zone=1 dist=1.86m
188,56.965,NODE,2,-3.675,3.678,3.000,0.427,-0.426,0.000,0.603,zone=2 dist=1.86m
188,56.965,NODE,3,3.676,3.676,3.000,-0.423,-0.434,0.000,0.606,zone=3 dist=1.86m
188,56.965,SCOUT,0,-3.911,-3.214,3.000,-0.138,0.585,0.000,0.601,cmd_age=0.02s bat=1.00 dist=1.83m
188,56.965,SCOUT,1,-5.411,-1.714,3.000,-0.138,0.585,0.000,0.601,cmd_age=0.02s bat=1.00 dist=1.83m
188,56.965,SCOUT,2,-6.911,-3.214,3.000,-0.138,0.585,0.000,0.601,cmd_age=0.02s bat=1.00 dist=1.83m
188,56.965,SCOUT,3,-5.411,-4.714,3.000,-0.138,0.585,0.000,0.601,cmd_age=0.02s bat=1.00 dist=1.83m
188,56.965,SCOUT,4,6.912,-3.214,3.000,0.133,0.582,0.000,0.598,cmd_age=0.02s bat=1.00 dist=1.83m
188,56.965,SCOUT,5,5.412,-1.714,3.000,0.133,0.582,0.000,0.598,cmd_age=0.02s bat=1.00 dist=1.83m
188,56.965,SCOUT,6,3.912,-3.214,3.000,0.133,0.582,0.000,0.598,cmd_age=0.02s bat=1.00 dist=1.83m
188,56.965,SCOUT,7,5.412,-4.714,3.000,0.133,0.582,0.000,0.598,cmd_age=0.02s bat=1.00 dist=1.83m
188,56.965,SCOUT,8,-2.203,3.706,3.000,0.426,-0.425,0.000,0.602,cmd_age=0.02s bat=1.00 dist=1.83m
188,56.965,SCOUT,9,-3.703,5.206,3.000,0.426,-0.425,0.000,0.602,cmd_age=0.02s bat=1.00 dist=1.83m
188,56.965,SCOUT,10,-5.203,3.706,3.000,0.426,-0.425,0.000,0.602,cmd_age=0.02s bat=1.00 dist=1.83m
188,56.965,SCOUT,11,-3.703,2.206,3.000,0.426,-0.425,0.000,0.602,cmd_age=0.02s bat=1.00 dist=1.83m
188,56.965,SCOUT,12,5.204,3.704,3.000,-0.423,-0.426,0.000,0.600,cmd_age=0.02s bat=1.00 dist=1.83m
188,56.965,SCOUT,13,3.704,5.204,3.000,-0.423,-0.426,0.000,0.600,cmd_age=0.02s bat=1.00 dist=1.83m
188,56.965,SCOUT,14,2.204,3.704,3.000,-0.423,-0.426,0.000,0.600,cmd_age=0.02s bat=1.00 dist=1.83m
188,56.965,SCOUT,15,3.704,2.204,3.000,-0.423,-0.426,0.000,0.600,cmd_age=0.02s bat=1.00 dist=1.83m
188,56.965,WORKER,0,-5.172,0.647,3.000,-0.718,1.867,0.000,2.000,state=MOVING bat=1.00 dist=6.05m
188,56.965,WORKER,1,7.464,1.032,3.000,0.153,1.994,0.000,2.000,state=MOVING bat=1.00 dist=6.05m
188,56.965,WORKER,2,0.908,0.382,3.000,1.292,-1.527,0.000,2.000,state=MOVING bat=1.00 dist=6.05m
188,56.965,WORKER,3,2.428,1.038,3.000,-1.511,-1.310,0.000,2.000,state=MOVING bat=1.00 dist=6.05m
189,57.182,GENERAL,0,0.000,0.000,5.000,0.000,0.000,0.000,0.000,N/A
189,57.182,NODE,0,-5.423,-3.166,3.000,-0.138,0.583,0.000,0.600,zone=0 dist=1.87m
189,57.182,NODE,1,5.423,-3.165,3.000,0.131,0.586,0.000,0.600,zone=1 dist=1.87m
189,57.182,NODE,2,-3.668,3.671,3.000,0.427,-0.422,0.000,0.600,zone=2 dist=1.87m
189,57.182,NODE,3,3.669,3.668,3.000,-0.428,-0.429,0.000,0.606,zone=3 dist=1.87m
189,57.182,SCOUT,0,-3.914,-3.205,3.000,-0.138,0.585,0.000,0.601,cmd_age=0.02s bat=1.00 dist=1.84m
189,57.182,SCOUT,1,-5.414,-1.705,3.000,-0.138,0.585,0.000,0.601,cmd_age=0.02s bat=1.00 dist=1.84m
189,57.182,SCOUT,2,-6.914,-3.205,3.000,-0.138,0.585,0.000,0.601,cmd_age=0.02s bat=1.00 dist=1.84m
189,57.182,SCOUT,3,-5.414,-4.705,3.000,-0.138,0.585,0.000,0.601,cmd_age=0.02s bat=1.00 dist=1.84m
189,57.182,SCOUT,4,6.914,-3.204,3.000,0.133,0.583,0.000,0.598,cmd_age=0.02s bat=1.00 dist=1.84m
189,57.182,SCOUT,5,5.414,-1.704,3.000,0.133,0.583,0.000,0.598,cmd_age=0.02s bat=1.00 dist=1.84m
189,57.182,SCOUT,6,3.914,-3.204,3.000,0.133,0.583,0.000,0.598,cmd_age=0.02s bat=1.00 dist=1.84m
189,57.182,SCOUT,7,5.414,-4.704,3.000,0.133,0.583,0.000,0.598,cmd_age=0.02s bat=1.00 dist=1.84m
189,57.182,SCOUT,8,-2.196,3.699,3.000,0.426,-0.424,0.000,0.601,cmd_age=0.02s bat=1.00 dist=1.84m
189,57.182,SCOUT,9,-3.696,5.199,3.000,0.426,-0.424,0.000,0.601,cmd_age=0.02s bat=1.00 dist=1.84m
189,57.182,SCOUT,10,-5.196,3.699,3.000,0.426,-0.424,0.000,0.601,cmd_age=0.02s bat=1.00 dist=1.84m
189,57.182,SCOUT,11,-3.696,2.199,3.000,0.426,-0.424,0.000,0.601,cmd_age=0.02s bat=1.00 dist=1.84m
189,57.182,SCOUT,12,5.197,3.697,3.000,-0.424,-0.426,0.000,0.601,cmd_age=0.02s bat=1.00 dist=1.84m
189,57.182,SCOUT,13,3.697,5.197,3.000,-0.424,-0.426,0.000,0.601,cmd_age=0.02s bat=1.00 dist=1.84m
189,57.182,SCOUT,14,2.197,3.697,3.000,-0.424,-0.426,0.000,0.601,cmd_age=0.02s bat=1.00 dist=1.84m
189,57.182,SCOUT,15,3.697,2.197,3.000,-0.424,-0.426,0.000,0.601,cmd_age=0.02s bat=1.00 dist=1.84m
189,57.182,WORKER,0,-5.184,0.678,3.000,-0.718,1.867,0.000,2.000,state=MOVING bat=1.00 dist=6.08m
189,57.182,WORKER,1,7.467,1.065,3.000,0.153,1.994,0.000,2.000,state=MOVING bat=1.00 dist=6.08m
189,57.182,WORKER,2,0.929,0.356,3.000,1.292,-1.527,0.000,2.000,state=MOVING bat=1.00 dist=6.08m
189,57.182,WORKER,3,2.403,1.016,3.000,-1.511,-1.310,0.000,2.000,state=MOVING bat=1.00 dist=6.08m
190,57.395,GENERAL,0,0.000,0.000,5.000,0.000,0.000,0.000,0.000,N/A
190,57.395,NODE,0,-5.425,-3.156,3.000,-0.134,0.588,0.000,0.603,zone=0 dist=1.88m
190,57.395,NODE,1,5.425,-3.156,3.000,0.135,0.586,0.000,0.602,zone=1 dist=1.88m
190,57.395,NODE,2,-3.661,3.664,3.000,0.427,-0.423,0.000,0.601,zone=2 dist=1.88m
190,57.395,NODE,3,3.661,3.661,3.000,-0.427,-0.425,0.000,0.602,zone=3 dist=1.88m
190,57.395,SCOUT,0,-3.916,-3.195,3.000,-0.137,0.585,0.000,0.601,cmd_age=0.02s bat=1.00 dist=1.85m
190,57.395,SCOUT,1,-5.416,-1.695,3.000,-0.137,0.585,0.000,0.601,cmd_age=0.02s bat=1.00 dist=1.85m
190,57.395,SCOUT,2,-6.916,-3.195,3.000,-0.137,0.585,0.000,0.601,cmd_age=0.02s bat=1.00 dist=1.85m
190,57.395,SCOUT,3,-5.416,-4.695,3.000,-0.137,0.585,0.000,0.601,cmd_age=0.02s bat=1.00 dist=1.85m
190,57.395,SCOUT,4,6.916,-3.194,3.000,0.133,0.584,0.000,0.599,cmd_age=0.02s bat=1.00 dist=1.85m
190,57.395,SCOUT,5,5.416,-1.694,3.000,0.133,0.584,0.000,0.599,cmd_age=0.02s bat=1.00 dist=1.85m
190,57.395,SCOUT,6,3.916,-3.194,3.000,0.133,0.584,0.000,0.599,cmd_age=0.02s bat=1.00 dist=1.85m
190,57.395,SCOUT,7,5.416,-4.694,3.000,0.133,0.584,0.000,0.599,cmd_age=0.02s bat=1.00 dist=1.85m
190,57.395,SCOUT,8,-2.189,3.692,3.000,0.426,-0.424,0.000,0.601,cmd_age=0.02s bat=1.00 dist=1.85m
190,57.395,SCOUT,9,-3.689,5.192,3.000,0.426,-0.424,0.000,0.601,cmd_age=0.02s bat=1.00 dist=1.85m
190,57.395,SCOUT,10,-5.189,3.692,3.000,0.426,-0.424,0.000,0.601,cmd_age=0.02s bat=1.00 dist=1.85m
190,57.395,SCOUT,11,-3.689,2.192,3.000,0.426,-0.424,0.000,0.601,cmd_age=0.02s bat=1.00 dist=1.85m
190,57.395,SCOUT,12,5.190,3.690,3.000,-0.425,-0.426,0.000,0.602,cmd_age=0.02s bat=1.00 dist=1.85m
190,57.395,SCOUT,13,3.690,5.190,3.000,-0.425,-0.426,0.000,0.602,cmd_age=0.02s bat=1.00 dist=1.85m
190,57.395,SCOUT,14,2.190,3.690,3.000,-0.425,-0.426,0.000,0.602,cmd_age=0.02s bat=1.00 dist=1.85m
190,57.395,SCOUT,15,3.690,2.190,3.000,-0.425,-0.426,0.000,0.602,cmd_age=0.02s bat=1.00 dist=1.85m
190,57.395,WORKER,0,-5.196,0.709,3.000,-0.718,1.867,0.000,2.000,state=MOVING bat=1.00 dist=6.11m
190,57.395,WORKER,1,7.469,1.099,3.000,0.153,1.994,0.000,2.000,state=MOVING bat=1.00 dist=6.11m
190,57.395,WORKER,2,0.951,0.331,3.000,1.292,-1.527,0.000,2.000,state=MOVING bat=1.00 dist=6.11m
190,57.395,WORKER,3,2.378,0.994,3.000,-1.511,-1.310,0.000,2.000,state=MOVING bat=1.00 dist=6.11m
191,57.608,GENERAL,0,0.000,0.000,5.000,0.000,0.000,0.000,0.000,N/A
191,57.608,NODE,0,-5.427,-3.146,3.000,-0.137,0.580,0.000,0.596,zone=0 dist=1.89m
191,57.608,NODE,1,5.427,-3.146,3.000,0.134,0.576,0.000,0.591,zone=1 dist=1.89m
191,57.608,NODE,2,-3.653,3.657,3.000,0.424,-0.415,0.000,0.593,zone=2 dist=1.89m
191,57.608,NODE,3,3.654,3.654,3.000,-0.425,-0.420,0.000,0.598,zone=3 dist=1.89m
191,57.608,SCOUT,0,-3.918,-3.185,3.000,-0.137,0.584,0.000,0.600,cmd_age=0.02s bat=1.00 dist=1.86m
191,57.608,SCOUT,1,-5.418,-1.685,3.000,-0.137,0.584,0.000,0.600,cmd_age=0.02s bat=1.00 dist=1.86m
191,57.608,SCOUT,2,-6.918,-3.185,3.000,-0.137,0.584,0.000,0.600,cmd_age=0.02s bat=1.00 dist=1.86m
191,57.608,SCOUT,3,-5.418,-4.685,3.000,-0.137,0.584,0.000,0.600,cmd_age=0.02s bat=1.00 dist=1.86m
191,57.608,SCOUT,4,6.919,-3.185,3.000,0.133,0.582,0.000,0.597,cmd_age=0.02s bat=1.00 dist=1.86m
191,57.608,SCOUT,5,5.419,-1.685,3.000,0.133,0.582,0.000,0.597,cmd_age=0.02s bat=1.00 dist=1.86m
191,57.608,SCOUT,6,3.919,-3.185,3.000,0.133,0.582,0.000,0.597,cmd_age=0.02s bat=1.00 dist=1.86m
191,57.608,SCOUT,7,5.419,-4.685,3.000,0.133,0.582,0.000,0.597,cmd_age=0.02s bat=1.00 dist=1.86m
191,57.608,SCOUT,8,-2.182,3.685,3.000,0.426,-0.422,0.000,0.600,cmd_age=0.02s bat=1.00 dist=1.86m
191,57.608,SCOUT,9,-3.682,5.185,3.000,0.426,-0.422,0.000,0.600,cmd_age=0.02s bat=1.00 dist=1.86m
191,57.608,SCOUT,10,-5.182,3.685,3.000,0.426,-0.422,0.000,0.600,cmd_age=0.02s bat=1.00 dist=1.86m
191,57.608,SCOUT,11,-3.682,2.185,3.000,0.426,-0.422,0.000,0.600,cmd_age=0.02s bat=1.00 dist=1.86m
191,57.608,SCOUT,12,5.183,3.683,3.000,-0.425,-0.425,0.000,0.601,cmd_age=0.02s bat=1.00 dist=1.86m
191,57.608,SCOUT,13,3.683,5.183,3.000,-0.425,-0.425,0.000,0.601,cmd_age=0.02s bat=1.00 dist=1.86m
191,57.608,SCOUT,14,2.183,3.683,3.000,-0.425,-0.425,0.000,0.601,cmd_age=0.02s bat=1.00 dist=1.86m
191,57.608,SCOUT,15,3.683,2.183,3.000,-0.425,-0.425,0.000,0.601,cmd_age=0.02s bat=1.00 dist=1.86m
191,57.608,WORKER,0,-5.208,0.740,3.000,-0.718,1.867,0.000,2.000,state=MOVING bat=1.00 dist=6.15m
191,57.608,WORKER,1,7.472,1.132,3.000,0.153,1.994,0.000,2.000,state=MOVING bat=1.00 dist=6.15m
191,57.608,WORKER,2,0.973,0.305,3.000,1.292,-1.527,0.000,2.000,state=MOVING bat=1.00 dist=6.15m
191,57.608,WORKER,3,2.353,0.972,3.000,-1.511,-1.310,0.000,2.000,state=MOVING bat=1.00 dist=6.15m
192,57.883,GENERAL,0,0.000,0.000,5.000,0.000,0.000,0.000,0.000,N/A
192,57.883,NODE,0,-5.430,-3.136,3.000,-0.134,0.585,0.000,0.600,zone=0 dist=1.90m
192,57.883,NODE,1,5.430,-3.136,3.000,0.138,0.582,0.000,0.598,zone=1 dist=1.90m
192,57.883,NODE,2,-3.646,3.650,3.000,0.426,-0.421,0.000,0.599,zone=2 dist=1.90m
192,57.883,NODE,3,3.647,3.647,3.000,-0.430,-0.426,0.000,0.605,zone=3 dist=1.90m
192,57.883,SCOUT,0,-3.920,-3.175,3.000,-0.136,0.584,0.000,0.600,cmd_age=0.02s bat=1.00 dist=1.87m
192,57.883,SCOUT,1,-5.420,-1.675,3.000,-0.136,0.584,0.000,0.600,cmd_age=0.02s bat=1.00 dist=1.87m
192,57.883,SCOUT,2,-6.920,-3.175,3.000,-0.136,0.584,0.000,0.600,cmd_age=0.02s bat=1.00 dist=1.87m
192,57.883,SCOUT,3,-5.420,-4.675,3.000,-0.136,0.584,0.000,0.600,cmd_age=0.02s bat=1.00 dist=1.87m
192,57.883,SCOUT,4,6.921,-3.175,3.000,0.134,0.582,0.000,0.597,cmd_age=0.02s bat=1.00 dist=1.87m
192,57.883,SCOUT,5,5.421,-1.675,3.000,0.134,0.582,0.000,0.597,cmd_age=0.02s bat=1.00 dist=1.87m
192,57.883,SCOUT,6,3.921,-3.175,3.000,0.134,0.582,0.000,0.597,cmd_age=0.02s bat=1.00 dist=1.87m
192,57.883,SCOUT,7,5.421,-4.675,3.000,0.134,0.582,0.000,0.597,cmd_age=0.02s bat=1.00 dist=1.87m
192,57.883,SCOUT,8,-2.175,3.678,3.000,0.426,-0.422,0.000,0.600,cmd_age=0.02s bat=1.00 dist=1.87m
192,57.883,SCOUT,9,-3.675,5.178,3.000,0.426,-0.422,0.000,0.600,cmd_age=0.02s bat=1.00 dist=1.87m
192,57.883,SCOUT,10,-5.175,3.678,3.000,0.426,-0.422,0.000,0.600,cmd_age=0.02s bat=1.00 dist=1.87m
192,57.883,SCOUT,11,-3.675,2.178,3.000,0.426,-0.422,0.000,0.600,cmd_age=0.02s bat=1.00 dist=1.87m
192,57.883,SCOUT,12,5.176,3.676,3.000,-0.426,-0.425,0.000,0.602,cmd_age=0.02s bat=1.00 dist=1.87m
192,57.883,SCOUT,13,3.676,5.176,3.000,-0.426,-0.425,0.000,0.602,cmd_age=0.02s bat=1.00 dist=1.87m
192,57.883,SCOUT,14,2.176,3.676,3.000,-0.426,-0.425,0.000,0.602,cmd_age=0.02s bat=1.00 dist=1.87m
192,57.883,SCOUT,15,3.676,2.176,3.000,-0.426,-0.425,0.000,0.602,cmd_age=0.02s bat=1.00 dist=1.87m
192,57.883,WORKER,0,-5.220,0.771,3.000,-0.718,1.867,0.000,2.000,state=MOVING bat=1.00 dist=6.18m
192,57.883,WORKER,1,7.474,1.165,3.000,0.153,1.994,0.000,2.000,state=MOVING bat=1.00 dist=6.18m
192,57.883,WORKER,2,0.994,0.280,3.000,1.292,-1.527,0.000,2.000,state=MOVING bat=1.00 dist=6.18m
192,57.883,WORKER,3,2.327,0.950,3.000,-1.511,-1.310,0.000,2.000,state=MOVING bat=1.00 dist=6.18m
193,58.111,GENERAL,0,0.000,0.000,5.000,0.000,0.000,0.000,0.000,N/A
193,58.111,NODE,0,-5.432,-3.127,3.000,-0.129,0.582,0.000,0.596,zone=0 dist=1.91m
193,58.111,NODE,1,5.432,-3.127,3.000,0.132,0.579,0.000,0.594,zone=1 dist=1.91m
193,58.111,NODE,2,-3.639,3.643,3.000,0.424,-0.420,0.000,0.597,zone=2 dist=1.91m
193,58.111,NODE,3,3.640,3.640,3.000,-0.431,-0.421,0.000,0.602,zone=3 dist=1.91m
193,58.111,SCOUT,0,-3.923,-3.166,3.000,-0.135,0.584,0.000,0.599,cmd_age=0.02s bat=1.00 dist=1.88m
193,58.111,SCOUT,1,-5.423,-1.666,3.000,-0.135,0.584,0.000,0.599,cmd_age=0.02s bat=1.00 dist=1.88m
193,58.111,SCOUT,2,-6.923,-3.166,3.000,-0.135,0.584,0.000,0.599,cmd_age=0.02s bat=1.00 dist=1.88m
193,58.111,SCOUT,3,-5.423,-4.666,3.000,-0.135,0.584,0.000,0.599,cmd_age=0.02s bat=1.00 dist=1.88m
193,58.111,SCOUT,4,6.923,-3.165,3.000,0.134,0.581,0.000,0.597,cmd_age=0.02s bat=1.00 dist=1.88m
193,58.111,SCOUT,5,5.423,-1.665,3.000,0.134,0.581,0.000,0.597,cmd_age=0.02s bat=1.00 dist=1.88m
193,58.111,SCOUT,6,3.923,-3.165,3.000,0.134,0.581,0.000,0.597,cmd_age=0.02s bat=1.00 dist=1.88m
193,58.111,SCOUT,7,5.423,-4.665,3.000,0.134,0.581,0.000,0.597,cmd_age=0.02s bat=1.00 dist=1.88m
193,58.111,SCOUT,8,-2.168,3.671,3.000,0.426,-0.422,0.000,0.599,cmd_age=0.02s bat=1.00 dist=1.88m
193,58.111,SCOUT,9,-3.668,5.171,3.000,0.426,-0.422,0.000,0.599,cmd_age=0.02s bat=1.00 dist=1.88m
193,58.111,SCOUT,10,-5.168,3.671,3.000,0.426,-0.422,0.000,0.599,cmd_age=0.02s bat=1.00 dist=1.88m
193,58.111,SCOUT,11,-3.668,2.171,3.000,0.426,-0.422,0.000,0.599,cmd_age=0.02s bat=1.00 dist=1.88m
193,58.111,SCOUT,12,5.169,3.669,3.000,-0.427,-0.424,0.000,0.602,cmd_age=0.02s bat=1.00 dist=1.88m
193,58.111,SCOUT,13,3.669,5.169,3.000,-0.427,-0.424,0.000,0.602,cmd_age=0.02s bat=1.00 dist=1.88m
193,58.111,SCOUT,14,2.169,3.669,3.000,-0.427,-0.424,0.000,0.602,cmd_age=0.02s bat=1.00 dist=1.88m
193,58.111,SCOUT,15,3.669,2.169,3.000,-0.427,-0.424,0.000,0.602,cmd_age=0.02s bat=1.00 dist=1.88m
193,58.111,WORKER,0,-5.232,0.802,3.000,-0.718,1.867,0.000,2.000,state=MOVING bat=1.00 dist=6.21m
193,58.111,WORKER,1,7.477,1.198,3.000,0.153,1.994,0.000,2.000,state=MOVING bat=1.00 dist=6.21m
193,58.111,WORKER,2,1.016,0.254,3.000,1.292,-1.527,0.000,2.000,state=MOVING bat=1.00 dist=6.21m
193,58.111,WORKER,3,2.302,0.929,3.000,-1.511,-1.310,0.000,2.000,state=MOVING bat=1.00 dist=6.21m
194,58.325,GENERAL,0,0.000,0.000,5.000,0.000,0.000,0.000,0.000,N/A
194,58.325,NODE,0,-5.434,-3.117,3.000,-0.129,0.582,0.000,0.596,zone=0 dist=1.92m
194,58.325,NODE,1,5.434,-3.117,3.000,0.132,0.585,0.000,0.600,zone=1 dist=1.92m
194,58.325,NODE,2,-3.632,3.636,3.000,0.424,-0.432,0.000,0.605,zone=2 dist=1.92m
194,58.325,NODE,3,3.633,3.633,3.000,-0.428,-0.420,0.000,0.600,zone=3 dist=1.92m
194,58.325,SCOUT,0,-3.925,-3.156,3.000,-0.134,0.584,0.000,0.599,cmd_age=0.02s bat=1.00 dist=1.89m
194,58.325,SCOUT,1,-5.425,-1.656,3.000,-0.134,0.584,0.000,0.599,cmd_age=0.02s bat=1.00 dist=1.89m
194,58.325,SCOUT,2,-6.925,-3.156,3.000,-0.134,0.584,0.000,0.599,cmd_age=0.02s bat=1.00 dist=1.89m
194,58.325,SCOUT,3,-5.425,-4.656,3.000,-0.134,0.584,0.000,0.599,cmd_age=0.02s bat=1.00 dist=1.89m
194,58.325,SCOUT,4,6.925,-3.156,3.000,0.133,0.582,0.000,0.597,cmd_age=0.02s bat=1.00 dist=1.89m
194,58.325,SCOUT,5,5.425,-1.656,3.000,0.133,0.582,0.000,0.597,cmd_age=0.02s bat=1.00 dist=1.89m
194,58.325,SCOUT,6,3.925,-3.156,3.000,0.133,0.582,0.000,0.597,cmd_age=0.02s bat=1.00 dist=1.89m
194,58.325,SCOUT,7,5.425,-4.656,3.000,0.133,0.582,0.000,0.597,cmd_age=0.02s bat=1.00 dist=1.89m
194,58.325,SCOUT,8,-2.161,3.664,3.000,0.425,-0.424,0.000,0.600,cmd_age=0.02s bat=1.00 dist=1.89m
194,58.325,SCOUT,9,-3.661,5.164,3.000,0.425,-0.424,0.000,0.600,cmd_age=0.02s bat=1.00 dist=1.89m
194,58.325,SCOUT,10,-5.161,3.664,3.000,0.425,-0.424,0.000,0.600,cmd_age=0.02s bat=1.00 dist=1.89m
194,58.325,SCOUT,11,-3.661,2.164,3.000,0.425,-0.424,0.000,0.600,cmd_age=0.02s bat=1.00 dist=1.89m
194,58.325,SCOUT,12,5.161,3.661,3.000,-0.427,-0.423,0.000,0.601,cmd_age=0.02s bat=1.00 dist=1.89m
194,58.325,SCOUT,13,3.661,5.161,3.000,-0.427,-0.423,0.000,0.601,cmd_age=0.02s bat=1.00 dist=1.89m
194,58.325,SCOUT,14,2.161,3.661,3.000,-0.427,-0.423,0.000,0.601,cmd_age=0.02s bat=1.00 dist=1.89m
194,58.325,SCOUT,15,3.661,2.161,3.000,-0.427,-0.423,0.000,0.601,cmd_age=0.02s bat=1.00 dist=1.89m
194,58.325,WORKER,0,-5.244,0.833,3.000,-0.718,1.867,0.000,2.000,state=MOVING bat=1.00 dist=6.25m
194,58.325,WORKER,1,7.479,1.232,3.000,0.153,1.994,0.000,2.000,state=MOVING bat=1.00 dist=6.25m
194,58.325,WORKER,2,1.037,0.229,3.000,1.292,-1.527,0.000,2.000,state=MOVING bat=1.00 dist=6.25m
194,58.325,WORKER,3,2.277,0.907,3.000,-1.511,-1.310,0.000,2.000,state=MOVING bat=1.00 dist=6.25m
195,58.540,GENERAL,0,0.000,0.000,5.000,0.000,0.000,0.000,0.000,N/A
195,58.540,NODE,0,-5.436,-3.107,3.000,-0.134,0.583,0.000,0.598,zone=0 dist=1.93m
195,58.540,NODE,1,5.436,-3.107,3.000,0.135,0.585,0.000,0.600,zone=1 dist=1.93m
195,58.540,NODE,2,-3.625,3.629,3.000,0.421,-0.426,0.000,0.599,zone=2 dist=1.93m
195,58.540,NODE,3,3.626,3.626,3.000,-0.424,-0.416,0.000,0.594,zone=3 dist=1.93m
195,58.540,SCOUT,0,-3.927,-3.146,3.000,-0.134,0.583,0.000,0.599,cmd_age=0.02s bat=1.00 dist=1.90m
195,58.540,SCOUT,1,-5.427,-1.646,3.000,-0.134,0.583,0.000,0.599,cmd_age=0.02s bat=1.00 dist=1.90m
195,58.540,SCOUT,2,-6.927,-3.146,3.000,-0.134,0.583,0.000,0.599,cmd_age=0.02s bat=1.00 dist=1.90m
195,58.540,SCOUT,3,-5.427,-4.646,3.000,-0.134,0.583,0.000,0.599,cmd_age=0.02s bat=1.00 dist=1.90m
195,58.540,SCOUT,4,6.927,-3.146,3.000,0.134,0.583,0.000,0.598,cmd_age=0.02s bat=1.00 dist=1.90m
195,58.540,SCOUT,5,5.427,-1.646,3.000,0.134,0.583,0.000,0.598,cmd_age=0.02s bat=1.00 dist=1.90m
195,58.540,SCOUT,6,3.927,-3.146,3.000,0.134,0.583,0.000,0.598,cmd_age=0.02s bat=1.00 dist=1.90m
195,58.540,SCOUT,7,5.427,-4.646,3.000,0.134,0.583,0.000,0.598,cmd_age=0.02s bat=1.00 dist=1.90m
195,58.540,SCOUT,8,-2.153,3.657,3.000,0.424,-0.424,0.000,0.600,cmd_age=0.02s bat=1.00 dist=1.90m
195,58.540,SCOUT,9,-3.653,5.157,3.000,0.424,-0.424,0.000,0.600,cmd_age=0.02s bat=1.00 dist=1.90m
195,58.540,SCOUT,10,-5.153,3.657,3.000,0.424,-0.424,0.000,0.600,cmd_age=0.02s bat=1.00 dist=1.90m
195,58.540,SCOUT,11,-3.653,2.157,3.000,0.424,-0.424,0.000,0.600,cmd_age=0.02s bat=1.00 dist=1.90m
195,58.540,SCOUT,12,5.154,3.654,3.000,-0.426,-0.422,0.000,0.600,cmd_age=0.02s bat=1.00 dist=1.90m
195,58.540,SCOUT,13,3.654,5.154,3.000,-0.426,-0.422,0.000,0.600,cmd_age=0.02s bat=1.00 dist=1.90m
195,58.540,SCOUT,14,2.154,3.654,3.000,-0.426,-0.422,0.000,0.600,cmd_age=0.02s bat=1.00 dist=1.90m
195,58.540,SCOUT,15,3.654,2.154,3.000,-0.426,-0.422,0.000,0.600,cmd_age=0.02s bat=1.00 dist=1.90m
195,58.540,WORKER,0,-5.256,0.865,3.000,-0.718,1.867,0.000,2.000,state=MOVING bat=1.00 dist=6.28m
195,58.540,WORKER,1,7.482,1.265,3.000,0.153,1.994,0.000,2.000,state=MOVING bat=1.00 dist=6.28m
195,58.540,WORKER,2,1.059,0.203,3.000,1.292,-1.527,0.000,2.000,state=MOVING bat=1.00 dist=6.28m
195,58.540,WORKER,3,2.252,0.885,3.000,-1.511,-1.310,0.000,2.000,state=MOVING bat=1.00 dist=6.28m
196,58.800,GENERAL,0,0.000,0.000,5.000,0.000,0.000,0.000,0.000,N/A
196,58.800,NODE,0,-5.438,-3.097,3.000,-0.137,0.589,0.000,0.604,zone=0 dist=1.94m
196,58.800,NODE,1,5.439,-3.097,3.000,0.135,0.579,0.000,0.594,zone=1 dist=1.94m
196,58.800,NODE,2,-3.618,3.622,3.000,0.426,-0.425,0.000,0.602,zone=2 dist=1.94m
196,58.800,NODE,3,3.619,3.619,3.000,-0.422,-0.425,0.000,0.599,zone=3 dist=1.94m
196,58.800,SCOUT,0,-3.929,-3.136,3.000,-0.135,0.584,0.000,0.600,cmd_age=0.02s bat=1.00 dist=1.91m
196,58.800,SCOUT,1,-5.429,-1.636,3.000,-0.135,0.584,0.000,0.600,cmd_age=0.02s bat=1.00 dist=1.91m
196,58.800,SCOUT,2,-6.929,-3.136,3.000,-0.135,0.584,0.000,0.600,cmd_age=0.02s bat=1.00 dist=1.91m
196,58.800,SCOUT,3,-5.429,-4.636,3.000,-0.135,0.584,0.000,0.600,cmd_age=0.02s bat=1.00 dist=1.91m
196,58.800,SCOUT,4,6.930,-3.136,3.000,0.134,0.582,0.000,0.597,cmd_age=0.02s bat=1.00 dist=1.91m
196,58.800,SCOUT,5,5.430,-1.636,3.000,0.134,0.582,0.000,0.597,cmd_age=0.02s bat=1.00 dist=1.91m
196,58.800,SCOUT,6,3.930,-3.136,3.000,0.134,0.582,0.000,0.597,cmd_age=0.02s bat=1.00 dist=1.91m
196,58.800,SCOUT,7,5.430,-4.636,3.000,0.134,0.582,0.000,0.597,cmd_age=0.02s bat=1.00 dist=1.91m
196,58.800,SCOUT,8,-2.146,3.650,3.000,0.425,-0.424,0.000,0.600,cmd_age=0.02s bat=1.00 dist=1.91m
196,58.800,SCOUT,9,-3.646,5.150,3.000,0.425,-0.424,0.000,0.600,cmd_age=0.02s bat=1.00 dist=1.91m
196,58.800,SCOUT,10,-5.146,3.650,3.000,0.425,-0.424,0.000,0.600,cmd_age=0.02s bat=1.00 dist=1.91m
196,58.800,SCOUT,11,-3.646,2.150,3.000,0.425,-0.424,0.000,0.600,cmd_age=0.02s bat=1.00 dist=1.91m
196,58.800,SCOUT,12,5.147,3.647,3.000,-0.426,-0.423,0.000,0.600,cmd_age=0.02s bat=1.00 dist=1.91m
196,58.800,SCOUT,13,3.647,5.147,3.000,-0.426,-0.423,0.000,0.600,cmd_age=0.02s bat=1.00 dist=1.91m
196,58.800,SCOUT,14,2.147,3.647,3.000,-0.426,-0.423,0.000,0.600,cmd_age=0.02s bat=1.00 dist=1.91m
196,58.800,SCOUT,15,3.647,2.147,3.000,-0.426,-0.423,0.000,0.600,cmd_age=0.02s bat=1.00 dist=1.91m
196,58.800,WORKER,0,-5.268,0.896,3.000,-0.718,1.867,0.000,2.000,state=MOVING bat=1.00 dist=6.31m
196,58.800,WORKER,1,7.484,1.298,3.000,0.153,1.994,0.000,2.000,state=MOVING bat=1.00 dist=6.31m
196,58.800,WORKER,2,1.080,0.178,3.000,1.292,-1.527,0.000,2.000,state=MOVING bat=1.00 dist=6.31m
196,58.800,WORKER,3,2.227,0.863,3.000,-1.511,-1.310,0.000,2.000,state=MOVING bat=1.00 dist=6.31m
197,59.015,GENERAL,0,0.000,0.000,5.000,0.000,0.000,0.000,0.000,N/A
197,59.015,NODE,0,-5.441,-3.088,3.000,-0.135,0.583,0.000,0.598,zone=0 dist=1.95m
197,59.015,NODE,1,5.441,-3.088,3.000,0.133,0.585,0.000,0.599,zone=1 dist=1.95m
197,59.015,NODE,2,-3.611,3.615,3.000,0.421,-0.424,0.000,0.598,zone=2 dist=1.95m
197,59.015,NODE,3,3.612,3.612,3.000,-0.424,-0.430,0.000,0.603,zone=3 dist=1.95m
197,59.015,SCOUT,0,-3.932,-3.127,3.000,-0.135,0.584,0.000,0.599,cmd_age=0.02s bat=1.00 dist=1.92m
197,59.015,SCOUT,1,-5.432,-1.627,3.000,-0.135,0.584,0.000,0.599,cmd_age=0.02s bat=1.00 dist=1.92m
197,59.015,SCOUT,2,-6.932,-3.127,3.000,-0.135,0.584,0.000,0.599,cmd_age=0.02s bat=1.00 dist=1.92m
197,59.015,SCOUT,3,-5.432,-4.627,3.000,-0.135,0.584,0.000,0.599,cmd_age=0.02s bat=1.00 dist=1.92m
197,59.015,SCOUT,4,6.932,-3.127,3.000,0.134,0.582,0.000,0.598,cmd_age=0.02s bat=1.00 dist=1.92m
197,59.015,SCOUT,5,5.432,-1.627,3.000,0.134,0.582,0.000,0.598,cmd_age=0.02s bat=1.00 dist=1.92m
197,59.015,SCOUT,6,3.932,-3.127,3.000,0.134,0.582,0.000,0.598,cmd_age=0.02s bat=1.00 dist=1.92m
197,59.015,SCOUT,7,5.432,-4.627,3.000,0.134,0.582,0.000,0.598,cmd_age=0.02s bat=1.00 dist=1.92m
197,59.015,SCOUT,8,-2.139,3.643,3.000,0.424,-0.424,0.000,0.600,cmd_age=0.02s bat=1.00 dist=1.92m
197,59.015,SCOUT,9,-3.639,5.143,3.000,0.424,-0.424,0.000,0.600,cmd_age=0.02s bat=1.00 dist=1.92m
197,59.015,SCOUT,10,-5.139,3.643,3.000,0.424,-0.424,0.000,0.600,cmd_age=0.02s bat=1.00 dist=1.92m
197,59.015,SCOUT,11,-3.639,2.143,3.000,0.424,-0.424,0.000,0.600,cmd_age=0.02s bat=1.00 dist=1.92m
197,59.015,SCOUT,12,5.140,3.640,3.000,-0.425,-0.424,0.000,0.600,cmd_age=0.02s bat=1.00 dist=1.92m
197,59.015,SCOUT,13,3.640,5.140,3.000,-0.425,-0.424,0.000,0.600,cmd_age=0.02s bat=1.00 dist=1.92m
197,59.015,SCOUT,14,2.140,3.640,3.000,-0.425,-0.424,0.000,0.600,cmd_age=0.02s bat=1.00 dist=1.92m
197,59.015,SCOUT,15,3.640,2.140,3.000,-0.425,-0.424,0.000,0.600,cmd_age=0.02s bat=1.00 dist=1.92m
197,59.015,WORKER,0,-5.280,0.927,3.000,-0.718,1.867,0.000,2.000,state=MOVING bat=1.00 dist=6.35m
197,59.015,WORKER,1,7.487,1.331,3.000,0.153,1.994,0.000,2.000,state=MOVING bat=1.00 dist=6.35m
197,59.015,WORKER,2,1.102,0.152,3.000,1.292,-1.527,0.000,2.000,state=MOVING bat=1.00 dist=6.35m
197,59.015,WORKER,3,2.201,0.841,3.000,-1.511,-1.310,0.000,2.000,state=MOVING bat=1.00 dist=6.35m
198,59.229,GENERAL,0,0.000,0.000,5.000,0.000,0.000,0.000,0.000,N/A
198,59.229,NODE,0,-5.443,-3.078,3.000,-0.139,0.577,0.000,0.593,zone=0 dist=1.96m
198,59.229,NODE,1,5.443,-3.078,3.000,0.131,0.583,0.000,0.598,zone=1 dist=1.96m
198,59.229,NODE,2,-3.604,3.607,3.000,0.425,-0.426,0.000,0.601,zone=2 dist=1.96m
198,59.229,NODE,3,3.605,3.605,3.000,-0.417,-0.431,0.000,0.600,zone=3 dist=1.96m
198,59.229,SCOUT,0,-3.934,-3.117,3.000,-0.135,0.583,0.000,0.598,cmd_age=0.02s bat=1.00 dist=1.93m
198,59.229,SCOUT,1,-5.434,-1.617,3.000,-0.135,0.583,0.000,0.598,cmd_age=0.02s bat=1.00 dist=1.93m
198,59.229,SCOUT,2,-6.934,-3.117,3.000,-0.135,0.583,0.000,0.598,cmd_age=0.02s bat=1.00 dist=1.93m
198,59.229,SCOUT,3,-5.434,-4.617,3.000,-0.135,0.583,0.000,0.598,cmd_age=0.02s bat=1.00 dist=1.93m
198,59.229,SCOUT,4,6.934,-3.117,3.000,0.133,0.583,0.000,0.598,cmd_age=0.02s bat=1.00 dist=1.93m
198,59.229,SCOUT,5,5.434,-1.617,3.000,0.133,0.583,0.000,0.598,cmd_age=0.02s bat=1.00 dist=1.93m
198,59.229,SCOUT,6,3.934,-3.117,3.000,0.133,0.583,0.000,0.598,cmd_age=0.02s bat=1.00 dist=1.93m
198,59.229,SCOUT,7,5.434,-4.617,3.000,0.133,0.583,0.000,0.598,cmd_age=0.02s bat=1.00 dist=1.93m
198,59.229,SCOUT,8,-2.132,3.636,3.000,0.424,-0.424,0.000,0.600,cmd_age=0.02s bat=1.00 dist=1.93m
198,59.229,SCOUT,9,-3.632,5.136,3.000,0.424,-0.424,0.000,0.600,cmd_age=0.02s bat=1.00 dist=1.93m
198,59.229,SCOUT,10,-5.132,3.636,3.000,0.424,-0.424,0.000,0.600,cmd_age=0.02s bat=1.00 dist=1.93m
198,59.229,SCOUT,11,-3.632,2.136,3.000,0.424,-0.424,0.000,0.600,cmd_age=0.02s bat=1.00 dist=1.93m
198,59.229,SCOUT,12,5.133,3.633,3.000,-0.424,-0.425,0.000,0.600,cmd_age=0.02s bat=1.00 dist=1.93m
198,59.229,SCOUT,13,3.633,5.133,3.000,-0.424,-0.425,0.000,0.600,cmd_age=0.02s bat=1.00 dist=1.93m
198,59.229,SCOUT,14,2.133,3.633,3.000,-0.424,-0.425,0.000,0.600,cmd_age=0.02s bat=1.00 dist=1.93m
198,59.229,SCOUT,15,3.633,2.133,3.000,-0.424,-0.425,0.000,0.600,cmd_age=0.02s bat=1.00 dist=1.93m
198,59.229,WORKER,0,-5.291,0.958,3.000,-0.718,1.867,0.000,2.000,state=MOVING bat=1.00 dist=6.38m
198,59.229,WORKER,1,7.490,1.365,3.000,0.153,1.994,0.000,2.000,state=MOVING bat=1.00 dist=6.38m
198,59.229,WORKER,2,1.123,0.127,3.000,1.292,-1.527,0.000,2.000,state=MOVING bat=1.00 dist=6.38m
198,59.229,WORKER,3,2.176,0.819,3.000,-1.511,-1.310,0.000,2.000,state=MOVING bat=1.00 dist=6.38m
199,59.448,GENERAL,0,0.000,0.000,5.000,0.000,0.000,0.000,0.000,N/A
199,59.448,NODE,0,-5.445,-3.068,3.000,-0.133,0.582,0.000,0.597,zone=0 dist=1.97m
199,59.448,NODE,1,5.445,-3.068,3.000,0.140,0.589,0.000,0.605,zone=1 dist=1.97m
199,59.448,NODE,2,-3.597,3.600,3.000,0.422,-0.425,0.000,0.599,zone=2 dist=1.97m
199,59.448,NODE,3,3.598,3.598,3.000,-0.427,-0.426,0.000,0.603,zone=3 dist=1.97m
199,59.448,SCOUT,0,-3.936,-3.107,3.000,-0.135,0.583,0.000,0.598,cmd_age=0.02s bat=1.00 dist=1.94m
199,59.448,SCOUT,1,-5.436,-1.607,3.000,-0.135,0.583,0.000,0.598,cmd_age=0.02s bat=1.00 dist=1.94m
199,59.448,SCOUT,2,-6.936,-3.107,3.000,-0.135,0.583,0.000,0.598,cmd_age=0.02s bat=1.00 dist=1.94m
199,59.448,SCOUT,3,-5.436,-4.607,3.000,-0.135,0.583,0.000,0.598,cmd_age=0.02s bat=1.00 dist=1.94m
199,59.448,SCOUT,4,6.936,-3.107,3.000,0.135,0.584,0.000,0.599,cmd_age=0.02s bat=1.00 dist=1.94m
199,59.448,SCOUT,5,5.436,-1.607,3.000,0.135,0.584,0.000,0.599,cmd_age=0.02s bat=1.00 dist=1.94m
199,59.448,SCOUT,6,3.936,-3.107,3.000,0.135,0.584,0.000,0.599,cmd_age=0.02s bat=1.00 dist=1.94m
199,59.448,SCOUT,7,5.436,-4.607,3.000,0.135,0.584,0.000,0.599,cmd_age=0.02s bat=1.00 dist=1.94m
199,59.448,SCOUT,8,-2.125,3.629,3.000,0.424,-0.425,0.000,0.600,cmd_age=0.02s bat=1.00 dist=1.94m
199,59.448,SCOUT,9,-3.625,5.129,3.000,0.424,-0.425,0.000,0.600,cmd_age=0.02s bat=1.00 dist=1.94m
199,59.448,SCOUT,10,-5.125,3.629,3.000,0.424,-0.425,0.000,0.600,cmd_age=0.02s bat=1.00 dist=1.94m
199,59.448,SCOUT,11,-3.625,2.129,3.000,0.424,-0.425,0.000,0.600,cmd_age=0.02s bat=1.00 dist=1.94m
199,59.448,SCOUT,12,5.126,3.626,3.000,-0.424,-0.425,0.000,0.601,cmd_age=0.02s bat=1.00 dist=1.94m
199,59.448,SCOUT,13,3.626,5.126,3.000,-0.424,-0.425,0.000,0.601,cmd_age=0.02s bat=1.00 dist=1.94m
199,59.448,SCOUT,14,2.126,3.626,3.000,-0.424,-0.425,0.000,0.601,cmd_age=0.02s bat=1.00 dist=1.94m
199,59.448,SCOUT,15,3.626,2.126,3.000,-0.424,-0.425,0.000,0.601,cmd_age=0.02s bat=1.00 dist=1.94m
199,59.448,WORKER,0,-5.303,0.989,3.000,-0.718,1.867,0.000,2.000,state=MOVING bat=1.00 dist=6.41m
199,59.448,WORKER,1,7.492,1.398,3.000,0.153,1.994,0.000,2.000,state=MOVING bat=1.00 dist=6.41m
199,59.448,WORKER,2,1.145,0.102,3.000,1.292,-1.527,0.000,2.000,state=MOVING bat=1.00 dist=6.41m
199,59.448,WORKER,3,2.151,0.798,3.000,-1.511,-1.310,0.000,2.000,state=MOVING bat=1.00 dist=6.41m
200,59.664,GENERAL,0,0.000,0.000,5.000,0.000,0.000,0.000,0.000,N/A
200,59.664,NODE,0,-5.447,-3.059,3.000,-0.135,0.583,0.000,0.598,zone=0 dist=1.98m
200,59.664,NODE,1,5.448,-3.058,3.000,0.132,0.586,0.000,0.601,zone=1 dist=1.98m
200,59.664,NODE,2,-3.590,3.593,3.000,0.422,-0.426,0.000,0.600,zone=2 dist=1.98m
200,59.664,NODE,3,3.591,3.591,3.000,-0.429,-0.428,0.000,0.606,zone=3 dist=1.98m
200,59.664,SCOUT,0,-3.938,-3.097,3.000,-0.135,0.583,0.000,0.598,cmd_age=0.02s bat=1.00 dist=1.95m
200,59.664,SCOUT,1,-5.438,-1.597,3.000,-0.135,0.583,0.000,0.598,cmd_age=0.02s bat=1.00 dist=1.95m
200,59.664,SCOUT,2,-6.938,-3.097,3.000,-0.135,0.583,0.000,0.598,cmd_age=0.02s bat=1.00 dist=1.95m
200,59.664,SCOUT,3,-5.438,-4.597,3.000,-0.135,0.583,0.000,0.598,cmd_age=0.02s bat=1.00 dist=1.95m
200,59.664,SCOUT,4,6.939,-3.097,3.000,0.134,0.584,0.000,0.599,cmd_age=0.02s bat=1.00 dist=1.95m
200,59.664,SCOUT,5,5.439,-1.597,3.000,0.134,0.584,0.000,0.599,cmd_age=0.02s bat=1.00 dist=1.95m
200,59.664,SCOUT,6,3.939,-3.097,3.000,0.134,0.584,0.000,0.599,cmd_age=0.02s bat=1.00 dist=1.95m
200,59.664,SCOUT,7,5.439,-4.597,3.000,0.134,0.584,0.000,0.599,cmd_age=0.02s bat=1.00 dist=1.95m
200,59.664,SCOUT,8,-2.118,3.622,3.000,0.423,-0.425,0.000,0.600,cmd_age=0.02s bat=1.00 dist=1.95m
200,59.664,SCOUT,9,-3.618,5.122,3.000,0.423,-0.425,0.000,0.600,cmd_age=0.02s bat=1.00 dist=1.95m
200,59.664,SCOUT,10,-5.118,3.622,3.000,0.423,-0.425,0.000,0.600,cmd_age=0.02s bat=1.00 dist=1.95m
200,59.664,SCOUT,11,-3.618,2.122,3.000,0.423,-0.425,0.000,0.600,cmd_age=0.02s bat=1.00 dist=1.95m
200,59.664,SCOUT,12,5.119,3.619,3.000,-0.425,-0.426,0.000,0.602,cmd_age=0.02s bat=1.00 dist=1.95m
200,59.664,SCOUT,13,3.619,5.119,3.000,-0.425,-0.426,0.000,0.602,cmd_age=0.02s bat=1.00 dist=1.95m
200,59.664,SCOUT,14,2.119,3.619,3.000,-0.425,-0.426,0.000,0.602,cmd_age=0.02s bat=1.00 dist=1.95m
200,59.664,SCOUT,15,3.619,2.119,3.000,-0.425,-0.426,0.000,0.602,cmd_age=0.02s bat=1.00 dist=1.95m
200,59.664,WORKER,0,-5.315,1.020,3.000,-0.718,1.867,0.000,2.000,state=MOVING bat=1.00 dist=6.45m
200,59.664,WORKER,1,7.495,1.431,3.000,0.153,1.994,0.000,2.000,state=MOVING bat=1.00 dist=6.45m
200,59.664,WORKER,2,1.166,0.076,3.000,1.292,-1.527,0.000,2.000,state=MOVING bat=1.00 dist=6.45m
200,59.664,WORKER,3,2.126,0.776,3.000,-1.511,-1.310,0.000,2.000,state=MOVING bat=1.00 dist=6.45m
201,59.878,GENERAL,0,0.000,0.000,5.000,0.000,0.000,0.000,0.000,N/A
201,59.878,NODE,0,-5.450,-3.049,3.000,-0.133,0.581,0.000,0.596,zone=0 dist=1.99m
201,59.878,NODE,1,5.450,-3.049,3.000,0.135,0.585,0.000,0.601,zone=1 dist=1.99m
201,59.878,NODE,2,-3.583,3.586,3.000,0.425,-0.422,0.000,0.598,zone=2 dist=1.99m
201,59.878,NODE,3,3.583,3.584,3.000,-0.423,-0.424,0.000,0.599,zone=3 dist=1.99m
201,59.878,SCOUT,0,-3.941,-3.088,3.000,-0.135,0.582,0.000,0.598,cmd_age=0.02s bat=1.00 dist=1.96m
201,59.878,SCOUT,1,-5.441,-1.588,3.000,-0.135,0.582,0.000,0.598,cmd_age=0.02s bat=1.00 dist=1.96m
201,59.878,SCOUT,2,-6.941,-3.088,3.000,-0.135,0.582,0.000,0.598,cmd_age=0.02s bat=1.00 dist=1.96m
201,59.878,SCOUT,3,-5.441,-4.588,3.000,-0.135,0.582,0.000,0.598,cmd_age=0.02s bat=1.00 dist=1.96m
201,59.878,SCOUT,4,6.941,-3.088,3.000,0.134,0.585,0.000,0.600,cmd_age=0.02s bat=1.00 dist=1.96m
201,59.878,SCOUT,5,5.441,-1.588,3.000,0.134,0.585,0.000,0.600,cmd_age=0.02s bat=1.00 dist=1.96m
201,59.878,SCOUT,6,3.941,-3.088,3.000,0.134,0.585,0.000,0.600,cmd_age=0.02s bat=1.00 dist=1.96m
201,59.878,SCOUT,7,5.441,-4.588,3.000,0.134,0.585,0.000,0.600,cmd_age=0.02s bat=1.00 dist=1.96m
201,59.878,SCOUT,8,-2.111,3.615,3.000,0.424,-0.424,0.000,0.600,cmd_age=0.02s bat=1.00 dist=1.96m
201,59.878,SCOUT,9,-3.611,5.115,3.000,0.424,-0.424,0.000,0.600,cmd_age=0.02s bat=1.00 dist=1.96m
201,59.878,SCOUT,10,-5.111,3.615,3.000,0.424,-0.424,0.000,0.600,cmd_age=0.02s bat=1.00 dist=1.96m
201,59.878,SCOUT,11,-3.611,2.115,3.000,0.424,-0.424,0.000,0.600,cmd_age=0.02s bat=1.00 dist=1.96m
201,59.878,SCOUT,12,5.112,3.612,3.000,-0.425,-0.426,0.000,0.601,cmd_age=0.02s bat=1.00 dist=1.96m
201,59.878,SCOUT,13,3.612,5.112,3.000,-0.425,-0.426,0.000,0.601,cmd_age=0.02s bat=1.00 dist=1.96m
201,59.878,SCOUT,14,2.112,3.612,3.000,-0.425,-0.426,0.000,0.601,cmd_age=0.02s bat=1.00 dist=1.96m
201,59.878,SCOUT,15,3.612,2.112,3.000,-0.425,-0.426,0.000,0.601,cmd_age=0.02s bat=1.00 dist=1.96m
201,59.878,WORKER,0,-5.327,1.051,3.000,-0.718,1.867,0.000,2.000,state=MOVING bat=1.00 dist=6.48m
201,59.878,WORKER,1,7.497,1.464,3.000,0.153,1.994,0.000,2.000,state=MOVING bat=1.00 dist=6.48m
201,59.878,WORKER,2,1.188,0.051,3.000,1.292,-1.527,0.000,2.000,state=MOVING bat=1.00 dist=6.48m
201,59.878,WORKER,3,2.101,0.754,3.000,-1.511,-1.310,0.000,2.000,state=MOVING bat=1.00 dist=6.48m
202,60.096,GENERAL,0,0.000,0.000,5.000,0.000,0.000,0.000,0.000,N/A
202,60.096,NODE,0,-5.452,-3.039,3.000,-0.133,0.583,0.000,0.597,zone=0 dist=2.00m
202,60.096,NODE,1,5.452,-3.039,3.000,0.131,0.588,0.000,0.603,zone=1 dist=2.00m
202,60.096,NODE,2,-3.576,3.579,3.000,0.422,-0.420,0.000,0.595,zone=2 dist=2.00m
202,60.096,NODE,3,3.577,3.576,3.000,-0.419,-0.427,0.000,0.598,zone=3 dist=2.00m
202,60.096,SCOUT,0,-3.943,-3.078,3.000,-0.134,0.582,0.000,0.598,cmd_age=0.02s bat=1.00 dist=1.97m
202,60.096,SCOUT,1,-5.443,-1.578,3.000,-0.134,0.582,0.000,0.598,cmd_age=0.02s bat=1.00 dist=1.97m
202,60.096,SCOUT,2,-6.943,-3.078,3.000,-0.134,0.582,0.000,0.598,cmd_age=0.02s bat=1.00 dist=1.97m
202,60.096,SCOUT,3,-5.443,-4.578,3.000,-0.134,0.582,0.000,0.598,cmd_age=0.02s bat=1.00 dist=1.97m
202,60.096,SCOUT,4,6.943,-3.078,3.000,0.134,0.585,0.000,0.600,cmd_age=0.02s bat=1.00 dist=1.97m
202,60.096,SCOUT,5,5.443,-1.578,3.000,0.134,0.585,0.000,0.600,cmd_age=0.02s bat=1.00 dist=1.97m
202,60.096,SCOUT,6,3.943,-3.078,3.000,0.134,0.585,0.000,0.600,cmd_age=0.02s bat=1.00 dist=1.97m
202,60.096,SCOUT,7,5.443,-4.578,3.000,0.134,0.585,0.000,0.600,cmd_age=0.02s bat=1.00 dist=1.97m
202,60.096,SCOUT,8,-2.104,3.608,3.000,0.423,-0.423,0.000,0.599,cmd_age=0.02s bat=1.00 dist=1.97m
202,60.096,SCOUT,9,-3.604,5.108,3.000,0.423,-0.423,0.000,0.599,cmd_age=0.02s bat=1.00 dist=1.97m
202,60.096,SCOUT,10,-5.104,3.608,3.000,0.423,-0.423,0.000,0.599,cmd_age=0.02s bat=1.00 dist=1.97m
202,60.096,SCOUT,11,-3.604,2.108,3.000,0.423,-0.423,0.000,0.599,cmd_age=0.02s bat=1.00 dist=1.97m
202,60.096,SCOUT,12,5.105,3.605,3.000,-0.424,-0.426,0.000,0.601,cmd_age=0.02s bat=1.00 dist=1.97m
202,60.096,SCOUT,13,3.605,5.105,3.000,-0.424,-0.426,0.000,0.601,cmd_age=0.02s bat=1.00 dist=1.97m
202,60.096,SCOUT,14,2.105,3.605,3.000,-0.424,-0.426,0.000,0.601,cmd_age=0.02s bat=1.00 dist=1.97m
202,60.096,SCOUT,15,3.605,2.105,3.000,-0.424,-0.426,0.000,0.601,cmd_age=0.02s bat=1.00 dist=1.97m
202,60.096,WORKER,0,-5.339,1.082,3.000,-0.718,1.867,0.000,2.000,state=MOVING bat=1.00 dist=6.51m
202,60.096,WORKER,1,7.500,1.497,3.000,0.153,1.994,0.000,2.000,state=MOVING bat=1.00 dist=6.51m
202,60.096,WORKER,2,1.209,0.025,3.000,1.292,-1.527,0.000,2.000,state=MOVING bat=1.00 dist=6.51m
202,60.096,WORKER,3,2.075,0.732,3.000,-1.511,-1.310,0.000,2.000,state=MOVING bat=1.00 dist=6.51m
203,60.313,GENERAL,0,0.000,0.000,5.000,0.000,0.000,0.000,0.000,N/A
203,60.313,NODE,0,-5.454,-3.029,3.000,-0.133,0.586,0.000,0.601,zone=0 dist=2.01m
203,60.313,NODE,1,5.454,-3.029,3.000,0.141,0.582,0.000,0.599,zone=1 dist=2.01m
203,60.313,NODE,2,-3.569,3.572,3.000,0.419,-0.426,0.000,0.597,zone=2 dist=2.01m
203,60.313,NODE,3,3.569,3.569,3.000,-0.426,-0.419,0.000,0.598,zone=3 dist=2.01m
203,60.313,SCOUT,0,-3.945,-3.068,3.000,-0.134,0.583,0.000,0.598,cmd_age=0.02s bat=1.00 dist=1.98m
203,60.313,SCOUT,1,-5.445,-1.568,3.000,-0.134,0.583,0.000,0.598,cmd_age=0.02s bat=1.00 dist=1.98m
203,60.313,SCOUT,2,-6.945,-3.068,3.000,-0.134,0.583,0.000,0.598,cmd_age=0.02s bat=1.00 dist=1.98m
203,60.313,SCOUT,3,-5.445,-4.568,3.000,-0.134,0.583,0.000,0.598,cmd_age=0.02s bat=1.00 dist=1.98m
203,60.313,SCOUT,4,6.945,-3.068,3.000,0.135,0.585,0.000,0.600,cmd_age=0.02s bat=1.00 dist=1.98m
203,60.313,SCOUT,5,5.445,-1.568,3.000,0.135,0.585,0.000,0.600,cmd_age=0.02s bat=1.00 dist=1.98m
203,60.313,SCOUT,6,3.945,-3.068,3.000,0.135,0.585,0.000,0.600,cmd_age=0.02s bat=1.00 dist=1.98m
203,60.313,SCOUT,7,5.445,-4.568,3.000,0.135,0.585,0.000,0.600,cmd_age=0.02s bat=1.00 dist=1.98m
203,60.313,SCOUT,8,-2.097,3.600,3.000,0.422,-0.424,0.000,0.598,cmd_age=0.02s bat=1.00 dist=1.98m
203,60.313,SCOUT,9,-3.597,5.100,3.000,0.422,-0.424,0.000,0.598,cmd_age=0.02s bat=1.00 dist=1.98m
203,60.313,SCOUT,10,-5.097,3.600,3.000,0.422,-0.424,0.000,0.598,cmd_age=0.02s bat=1.00 dist=1.98m
203,60.313,SCOUT,11,-3.597,2.100,3.000,0.422,-0.424,0.000,0.598,cmd_age=0.02s bat=1.00 dist=1.98m
203,60.313,SCOUT,12,5.098,3.598,3.000,-0.424,-0.425,0.000,0.600,cmd_age=0.02s bat=1.00 dist=1.98m
203,60.313,SCOUT,13,3.598,5.098,3.000,-0.424,-0.425,0.000,0.600,cmd_age=0.02s bat=1.00 dist=1.98m
203,60.313,SCOUT,14,2.098,3.598,3.000,-0.424,-0.425,0.000,0.600,cmd_age=0.02s bat=1.00 dist=1.98m
203,60.313,SCOUT,15,3.598,2.098,3.000,-0.424,-0.425,0.000,0.600,cmd_age=0.02s bat=1.00 dist=1.98m
203,60.313,WORKER,0,-5.351,1.113,3.000,-0.718,1.867,0.000,2.000,state=MOVING bat=1.00 dist=6.55m
203,60.313,WORKER,1,7.502,1.531,3.000,0.153,1.994,0.000,2.000,state=MOVING bat=1.00 dist=6.55m
203,60.313,WORKER,2,1.231,-0.000,3.000,1.292,-1.527,0.000,2.000,state=MOVING bat=1.00 dist=6.55m
203,60.313,WORKER,3,2.050,0.710,3.000,-1.511,-1.310,0.000,2.000,state=MOVING bat=1.00 dist=6.55m
204,60.527,GENERAL,0,0.000,0.000,5.000,0.000,0.000,0.000,0.000,N/A
204,60.527,NODE,0,-5.456,-3.020,3.000,-0.133,0.576,0.000,0.592,zone=0 dist=2.02m
204,60.527,NODE,1,5.457,-3.019,3.000,0.130,0.588,0.000,0.602,zone=1 dist=2.02m
204,60.527,NODE,2,-3.562,3.565,3.000,0.426,-0.425,0.000,0.601,zone=2 dist=2.02m
204,60.527,NODE,3,3.562,3.562,3.000,-0.422,-0.426,0.000,0.599,zone=3 dist=2.02m
204,60.527,SCOUT,0,-3.947,-3.059,3.000,-0.134,0.582,0.000,0.597,cmd_age=0.02s bat=1.00 dist=1.99m
204,60.527,SCOUT,1,-5.447,-1.559,3.000,-0.134,0.582,0.000,0.597,cmd_age=0.02s bat=1.00 dist=1.99m
204,60.527,SCOUT,2,-6.947,-3.059,3.000,-0.134,0.582,0.000,0.597,cmd_age=0.02s bat=1.00 dist=1.99m
204,60.527,SCOUT,3,-5.447,-4.559,3.000,-0.134,0.582,0.000,0.597,cmd_age=0.02s bat=1.00 dist=1.99m
204,60.527,SCOUT,4,6.948,-3.058,3.000,0.134,0.585,0.000,0.600,cmd_age=0.02s bat=1.00 dist=1.99m
204,60.527,SCOUT,5,5.448,-1.558,3.000,0.134,0.585,0.000,0.600,cmd_age=0.02s bat=1.00 dist=1.99m
204,60.527,SCOUT,6,3.948,-3.058,3.000,0.134,0.585,0.000,0.600,cmd_age=0.02s bat=1.00 dist=1.99m
204,60.527,SCOUT,7,5.448,-4.558,3.000,0.134,0.585,0.000,0.600,cmd_age=0.02s bat=1.00 dist=1.99m
204,60.527,SCOUT,8,-2.090,3.593,3.000,0.423,-0.424,0.000,0.599,cmd_age=0.02s bat=1.00 dist=1.99m
204,60.527,SCOUT,9,-3.590,5.093,3.000,0.423,-0.424,0.000,0.599,cmd_age=0.02s bat=1.00 dist=1.99m
204,60.527,SCOUT,10,-5.090,3.593,3.000,0.423,-0.424,0.000,0.599,cmd_age=0.02s bat=1.00 dist=1.99m
204,60.527,SCOUT,11,-3.590,2.093,3.000,0.423,-0.424,0.000,0.599,cmd_age=0.02s bat=1.00 dist=1.99m
204,60.527,SCOUT,12,5.091,3.591,3.000,-0.424,-0.425,0.000,0.600,cmd_age=0.02s bat=1.00 dist=1.99m
204,60.527,SCOUT,13,3.591,5.091,3.000,-0.424,-0.425,0.000,0.600,cmd_age=0.02s bat=1.00 dist=1.99m
204,60.527,SCOUT,14,2.091,3.591,3.000,-0.424,-0.425,0.000,0.600,cmd_age=0.02s bat=1.00 dist=1.99m
204,60.527,SCOUT,15,3.591,2.091,3.000,-0.424,-0.425,0.000,0.600,cmd_age=0.02s bat=1.00 dist=1.99m
204,60.527,WORKER,0,-5.363,1.145,3.000,-0.718,1.867,0.000,2.000,state=MOVING bat=1.00 dist=6.58m
204,60.527,WORKER,1,7.505,1.564,3.000,0.153,1.994,0.000,2.000,state=MOVING bat=1.00 dist=6.58m
204,60.527,WORKER,2,1.252,-0.026,3.000,1.292,-1.527,0.000,2.000,state=MOVING bat=1.00 dist=6.58m
204,60.527,WORKER,3,2.025,0.688,3.000,-1.511,-1.310,0.000,2.000,state=MOVING bat=1.00 dist=6.58m
205,60.746,GENERAL,0,0.000,0.000,5.000,0.000,0.000,0.000,0.000,N/A
205,60.746,NODE,0,-5.459,-3.010,3.000,-0.138,0.587,0.000,0.603,zone=0 dist=2.03m
205,60.746,NODE,1,5.459,-3.010,3.000,0.127,0.582,0.000,0.596,zone=1 dist=2.03m
205,60.746,NODE,2,-3.555,3.558,3.000,0.428,-0.426,0.000,0.604,zone=2 dist=2.03m
205,60.746,NODE,3,3.555,3.555,3.000,-0.423,-0.424,0.000,0.598,zone=3 dist=2.03m
205,60.746,SCOUT,0,-3.950,-3.049,3.000,-0.135,0.583,0.000,0.598,cmd_age=0.02s bat=1.00 dist=2.00m
205,60.746,SCOUT,1,-5.450,-1.549,3.000,-0.135,0.583,0.000,0.598,cmd_age=0.02s bat=1.00 dist=2.00m
205,60.746,SCOUT,2,-6.950,-3.049,3.000,-0.135,0.583,0.000,0.598,cmd_age=0.02s bat=1.00 dist=2.00m
205,60.746,SCOUT,3,-5.450,-4.549,3.000,-0.135,0.583,0.000,0.598,cmd_age=0.02s bat=1.00 dist=2.00m
205,60.746,SCOUT,4,6.950,-3.049,3.000,0.133,0.585,0.000,0.599,cmd_age=0.02s bat=1.00 dist=2.00m
205,60.746,SCOUT,5,5.450,-1.549,3.000,0.133,0.585,0.000,0.599,cmd_age=0.02s bat=1.00 dist=2.00m
205,60.746,SCOUT,6,3.950,-3.049,3.000,0.133,0.585,0.000,0.599,cmd_age=0.02s bat=1.00 dist=2.00m
205,60.746,SCOUT,7,5.450,-4.549,3.000,0.133,0.585,0.000,0.599,cmd_age=0.02s bat=1.00 dist=2.00m
205,60.746,SCOUT,8,-2.083,3.586,3.000,0.424,-0.424,0.000,0.600,cmd_age=0.02s bat=1.00 dist=2.00m
205,60.746,SCOUT,9,-3.583,5.086,3.000,0.424,-0.424,0.000,0.600,cmd_age=0.02s bat=1.00 dist=2.00m
205,60.746,SCOUT,10,-5.083,3.586,3.000,0.424,-0.424,0.000,0.600,cmd_age=0.02s bat=1.00 dist=2.00m
205,60.746,SCOUT,11,-3.583,2.086,3.000,0.424,-0.424,0.000,0.600,cmd_age=0.02s bat=1.00 dist=2.00m
205,60.746,SCOUT,12,5.084,3.584,3.000,-0.423,-0.425,0.000,0.600,cmd_age=0.02s bat=1.00 dist=2.00m
205,60.746,SCOUT,13,3.584,5.084,3.000,-0.423,-0.425,0.000,0.600,cmd_age=0.02s bat=1.00 dist=2.00m
205,60.746,SCOUT,14,2.084,3.584,3.000,-0.423,-0.425,0.000,0.600,cmd_age=0.02s bat=1.00 dist=2.00m
205,60.746,SCOUT,15,3.584,2.084,3.000,-0.423,-0.425,0.000,0.600,cmd_age=0.02s bat=1.00 dist=2.00m
205,60.746,WORKER,0,-5.375,1.176,3.000,-0.718,1.867,0.000,2.000,state=MOVING bat=1.00 dist=6.61m
205,60.746,WORKER,1,7.507,1.597,3.000,0.153,1.994,0.000,2.000,state=MOVING bat=1.00 dist=6.61m
205,60.746,WORKER,2,1.274,-0.051,3.000,1.292,-1.527,0.000,2.000,state=MOVING bat=1.00 dist=6.61m
205,60.746,WORKER,3,2.000,0.667,3.000,-1.511,-1.310,0.000,2.000,state=MOVING bat=1.00 dist=6.61m
206,60.958,GENERAL,0,0.000,0.000,5.000,0.000,0.000,0.000,0.000,N/A
206,60.958,NODE,0,-5.461,-3.000,3.000,-0.137,0.578,0.000,0.594,zone=0 dist=2.04m
206,60.958,NODE,1,5.461,-3.000,3.000,0.131,0.592,0.000,0.606,zone=1 dist=2.04m
206,60.958,NODE,2,-3.548,3.551,3.000,0.424,-0.426,0.000,0.601,zone=2 dist=2.04m
206,60.958,NODE,3,3.548,3.548,3.000,-0.422,-0.427,0.000,0.600,zone=3 dist=2.04m
206,60.958,SCOUT,0,-3.952,-3.039,3.000,-0.135,0.582,0.000,0.597,cmd_age=0.02s bat=1.00 dist=2.01m
206,60.958,SCOUT,1,-5.452,-1.539,3.000,-0.135,0.582,0.000,0.597,cmd_age=0.02s bat=1.00 dist=2.01m
206,60.958,SCOUT,2,-6.952,-3.039,3.000,-0.135,0.582,0.000,0.597,cmd_age=0.02s bat=1.00 dist=2.01m
206,60.958,SCOUT,3,-5.452,-4.539,3.000,-0.135,0.582,0.000,0.597,cmd_age=0.02s bat=1.00 dist=2.01m
206,60.958,SCOUT,4,6.952,-3.039,3.000,0.132,0.586,0.000,0.601,cmd_age=0.02s bat=1.00 dist=2.01m
206,60.958,SCOUT,5,5.452,-1.539,3.000,0.132,0.586,0.000,0.601,cmd_age=0.02s bat=1.00 dist=2.01m
206,60.958,SCOUT,6,3.952,-3.039,3.000,0.132,0.586,0.000,0.601,cmd_age=0.02s bat=1.00 dist=2.01m
206,60.958,SCOUT,7,5.452,-4.539,3.000,0.132,0.586,0.000,0.601,cmd_age=0.02s bat=1.00 dist=2.01m
206,60.958,SCOUT,8,-2.076,3.579,3.000,0.424,-0.425,0.000,0.600,cmd_age=0.02s bat=1.00 dist=2.01m
206,60.958,SCOUT,9,-3.576,5.079,3.000,0.424,-0.425,0.000,0.600,cmd_age=0.02s bat=1.00 dist=2.01m
206,60.958,SCOUT,10,-5.076,3.579,3.000,0.424,-0.425,0.000,0.600,cmd_age=0.02s bat=1.00 dist=2.01m
206,60.958,SCOUT,11,-3.576,2.079,3.000,0.424,-0.425,0.000,0.600,cmd_age=0.02s bat=1.00 dist=2.01m
206,60.958,SCOUT,12,5.077,3.577,3.000,-0.423,-0.425,0.000,0.600,cmd_age=0.02s bat=1.00 dist=2.01m
206,60.958,SCOUT,13,3.577,5.077,3.000,-0.423,-0.425,0.000,0.600,cmd_age=0.02s bat=1.00 dist=2.01m
206,60.958,SCOUT,14,2.077,3.577,3.000,-0.423,-0.425,0.000,0.600,cmd_age=0.02s bat=1.00 dist=2.01m
206,60.958,SCOUT,15,3.577,2.077,3.000,-0.423,-0.425,0.000,0.600,cmd_age=0.02s bat=1.00 dist=2.01m
206,60.958,WORKER,0,-5.387,1.207,3.000,-0.718,1.867,0.000,2.000,state=MOVING bat=1.00 dist=6.65m
206,60.958,WORKER,1,7.510,1.630,3.000,0.153,1.994,0.000,2.000,state=MOVING bat=1.00 dist=6.65m
206,60.958,WORKER,2,1.296,-0.077,3.000,1.292,-1.527,0.000,2.000,state=MOVING bat=1.00 dist=6.65m
206,60.958,WORKER,3,1.975,0.645,3.000,-1.511,-1.310,0.000,2.000,state=MOVING bat=1.00 dist=6.65m
207,61.169,GENERAL,0,0.000,0.000,5.000,0.000,0.000,0.000,0.000,N/A
207,61.169,NODE,0,-5.463,-2.991,3.000,-0.139,0.589,0.000,0.605,zone=0 dist=2.05m
207,61.169,NODE,1,5.463,-2.990,3.000,0.130,0.592,0.000,0.606,zone=1 dist=2.05m
207,61.169,NODE,2,-3.540,3.544,3.000,0.427,-0.423,0.000,0.601,zone=2 dist=2.05m
207,61.169,NODE,3,3.541,3.541,3.000,-0.435,-0.426,0.000,0.609,zone=3 dist=2.05m
207,61.169,SCOUT,0,-3.954,-3.030,3.000,-0.136,0.583,0.000,0.599,cmd_age=0.02s bat=1.00 dist=2.02m
207,61.169,SCOUT,1,-5.454,-1.530,3.000,-0.136,0.583,0.000,0.599,cmd_age=0.02s bat=1.00 dist=2.02m
207,61.169,SCOUT,2,-6.954,-3.030,3.000,-0.136,0.583,0.000,0.599,cmd_age=0.02s bat=1.00 dist=2.02m
207,61.169,SCOUT,3,-5.454,-4.530,3.000,-0.136,0.583,0.000,0.599,cmd_age=0.02s bat=1.00 dist=2.02m
207,61.169,SCOUT,4,6.954,-3.029,3.000,0.132,0.587,0.000,0.602,cmd_age=0.02s bat=1.00 dist=2.02m
207,61.169,SCOUT,5,5.454,-1.529,3.000,0.132,0.587,0.000,0.602,cmd_age=0.02s bat=1.00 dist=2.02m
207,61.169,SCOUT,6,3.954,-3.029,3.000,0.132,0.587,0.000,0.602,cmd_age=0.02s bat=1.00 dist=2.02m
207,61.169,SCOUT,7,5.454,-4.529,3.000,0.132,0.587,0.000,0.602,cmd_age=0.02s bat=1.00 dist=2.02m
207,61.169,SCOUT,8,-2.069,3.572,3.000,0.425,-0.424,0.000,0.600,cmd_age=0.02s bat=1.00 dist=2.02m
207,61.169,SCOUT,9,-3.569,5.072,3.000,0.425,-0.424,0.000,0.600,cmd_age=0.02s bat=1.00 dist=2.02m
207,61.169,SCOUT,10,-5.069,3.572,3.000,0.425,-0.424,0.000,0.600,cmd_age=0.02s bat=1.00 dist=2.02m
207,61.169,SCOUT,11,-3.569,2.072,3.000,0.425,-0.424,0.000,0.600,cmd_age=0.02s bat=1.00 dist=2.02m
207,61.169,SCOUT,12,5.069,3.569,3.000,-0.425,-0.425,0.000,0.601,cmd_age=0.02s bat=1.00 dist=2.02m
207,61.169,SCOUT,13,3.569,5.069,3.000,-0.425,-0.425,0.000,0.601,cmd_age=0.02s bat=1.00 dist=2.02m
207,61.169,SCOUT,14,2.069,3.569,3.000,-0.425,-0.425,0.000,0.601,cmd_age=0.02s bat=1.00 dist=2.02m
207,61.169,SCOUT,15,3.569,2.069,3.000,-0.425,-0.425,0.000,0.601,cmd_age=0.02s bat=1.00 dist=2.02m
207,61.169,WORKER,0,-5.399,1.238,3.000,-0.718,1.867,0.000,2.000,state=MOVING bat=1.00 dist=6.68m
207,61.169,WORKER,1,7.513,1.664,3.000,0.153,1.994,0.000,2.000,state=MOVING bat=1.00 dist=6.68m
207,61.169,WORKER,2,1.317,-0.102,3.000,1.292,-1.527,0.000,2.000,state=MOVING bat=1.00 dist=6.68m
207,61.169,WORKER,3,1.949,0.623,3.000,-1.511,-1.310,0.000,2.000,state=MOVING bat=1.00 dist=6.68m
208,61.381,GENERAL,0,0.000,0.000,5.000,0.000,0.000,0.000,0.000,N/A
208,61.381,NODE,0,-5.466,-2.981,3.000,-0.142,0.583,0.000,0.600,zone=0 dist=2.06m
208,61.381,NODE,1,5.465,-2.980,3.000,0.137,0.583,0.000,0.599,zone=1 dist=2.06m
208,61.381,NODE,2,-3.533,3.537,3.000,0.427,-0.419,0.000,0.598,zone=2 dist=2.06m
208,61.381,NODE,3,3.534,3.534,3.000,-0.428,-0.422,0.000,0.601,zone=3 dist=2.06m
208,61.381,SCOUT,0,-3.956,-3.020,3.000,-0.137,0.583,0.000,0.599,cmd_age=0.02s bat=1.00 dist=2.03m
208,61.381,SCOUT,1,-5.456,-1.520,3.000,-0.137,0.583,0.000,0.599,cmd_age=0.02s bat=1.00 dist=2.03m
208,61.381,SCOUT,2,-6.956,-3.020,3.000,-0.137,0.583,0.000,0.599,cmd_age=0.02s bat=1.00 dist=2.03m
208,61.381,SCOUT,3,-5.456,-4.520,3.000,-0.137,0.583,0.000,0.599,cmd_age=0.02s bat=1.00 dist=2.03m
208,61.381,SCOUT,4,6.956,-3.019,3.000,0.133,0.586,0.000,0.601,cmd_age=0.02s bat=1.00 dist=2.03m
208,61.381,SCOUT,5,5.456,-1.519,3.000,0.133,0.586,0.000,0.601,cmd_age=0.02s bat=1.00 dist=2.03m
208,61.381,SCOUT,6,3.956,-3.019,3.000,0.133,0.586,0.000,0.601,cmd_age=0.02s bat=1.00 dist=2.03m
208,61.381,SCOUT,7,5.456,-4.519,3.000,0.133,0.586,0.000,0.601,cmd_age=0.02s bat=1.00 dist=2.03m
208,61.381,SCOUT,8,-2.062,3.565,3.000,0.425,-0.423,0.000,0.600,cmd_age=0.02s bat=1.00 dist=2.03m
208,61.381,SCOUT,9,-3.562,5.065,3.000,0.425,-0.423,0.000,0.600,cmd_age=0.02s bat=1.00 dist=2.03m
208,61.381,SCOUT,10,-5.062,3.565,3.000,0.425,-0.423,0.000,0.600,cmd_age=0.02s bat=1.00 dist=2.03m
208,61.381,SCOUT,11,-3.562,2.065,3.000,0.425,-0.423,0.000,0.600,cmd_age=0.02s bat=1.00 dist=2.03m
208,61.381,SCOUT,12,5.062,3.562,3.000,-0.426,-0.425,0.000,0.601,cmd_age=0.02s bat=1.00 dist=2.03m
208,61.381,SCOUT,13,3.562,5.062,3.000,-0.426,-0.425,0.000,0.601,cmd_age=0.02s bat=1.00 dist=2.03m
208,61.381,SCOUT,14,2.062,3.562,3.000,-0.426,-0.425,0.000,0.601,cmd_age=0.02s bat=1.00 dist=2.03m
208,61.381,SCOUT,15,3.562,2.062,3.000,-0.426,-0.425,0.000,0.601,cmd_age=0.02s bat=1.00 dist=2.03m
208,61.381,WORKER,0,-5.411,1.269,3.000,-0.718,1.867,0.000,2.000,state=MOVING bat=1.00 dist=6.71m
208,61.381,WORKER,1,7.515,1.697,3.000,0.153,1.994,0.000,2.000,state=MOVING bat=1.00 dist=6.71m
208,61.381,WORKER,2,1.339,-0.127,3.000,1.292,-1.527,0.000,2.000,state=MOVING bat=1.00 dist=6.71m
208,61.381,WORKER,3,1.924,0.601,3.000,-1.511,-1.310,0.000,2.000,state=MOVING bat=1.00 dist=6.71m
209,61.591,GENERAL,0,0.000,0.000,5.000,0.000,0.000,0.000,0.000,N/A
209,61.591,NODE,0,-5.468,-2.971,3.000,-0.141,0.592,0.000,0.608,zone=0 dist=2.07m
209,61.591,NODE,1,5.468,-2.970,3.000,0.137,0.583,0.000,0.598,zone=1 dist=2.07m
209,61.591,NODE,2,-3.526,3.530,3.000,0.430,-0.419,0.000,0.600,zone=2 dist=2.07m
209,61.591,NODE,3,3.527,3.527,3.000,-0.429,-0.427,0.000,0.606,zone=3 dist=2.07m
209,61.591,SCOUT,0,-3.959,-3.010,3.000,-0.138,0.585,0.000,0.601,cmd_age=0.02s bat=1.00 dist=2.04m
209,61.591,SCOUT,1,-5.459,-1.510,3.000,-0.138,0.585,0.000,0.601,cmd_age=0.02s bat=1.00 dist=2.04m
209,61.591,SCOUT,2,-6.959,-3.010,3.000,-0.138,0.585,0.000,0.601,cmd_age=0.02s bat=1.00 dist=2.04m
209,61.591,SCOUT,3,-5.459,-4.510,3.000,-0.138,0.585,0.000,0.601,cmd_age=0.02s bat=1.00 dist=2.04m
209,61.591,SCOUT,4,6.959,-3.010,3.000,0.134,0.586,0.000,0.601,cmd_age=0.02s bat=1.00 dist=2.04m
209,61.591,SCOUT,5,5.459,-1.510,3.000,0.134,0.586,0.000,0.601,cmd_age=0.02s bat=1.00 dist=2.04m
209,61.591,SCOUT,6,3.959,-3.010,3.000,0.134,0.586,0.000,0.601,cmd_age=0.02s bat=1.00 dist=2.04m
209,61.591,SCOUT,7,5.459,-4.510,3.000,0.134,0.586,0.000,0.601,cmd_age=0.02s bat=1.00 dist=2.04m
209,61.591,SCOUT,8,-2.055,3.558,3.000,0.426,-0.422,0.000,0.600,cmd_age=0.02s bat=1.00 dist=2.04m
209,61.591,SCOUT,9,-3.555,5.058,3.000,0.426,-0.422,0.000,0.600,cmd_age=0.02s bat=1.00 dist=2.04m
209,61.591,SCOUT,10,-5.055,3.558,3.000,0.426,-0.422,0.000,0.600,cmd_age=0.02s bat=1.00 dist=2.04m
209,61.591,SCOUT,11,-3.555,2.058,3.000,0.426,-0.422,0.000,0.600,cmd_age=0.02s bat=1.00 dist=2.04m
209,61.591,SCOUT,12,5.055,3.555,3.000,-0.427,-0.425,0.000,0.602,cmd_age=0.02s bat=1.00 dist=2.04m
209,61.591,SCOUT,13,3.555,5.055,3.000,-0.427,-0.425,0.000,0.602,cmd_age=0.02s bat=1.00 dist=2.04m
209,61.591,SCOUT,14,2.055,3.555,3.000,-0.427,-0.425,0.000,0.602,cmd_age=0.02s bat=1.00 dist=2.04m
209,61.591,SCOUT,15,3.555,2.055,3.000,-0.427,-0.425,0.000,0.602,cmd_age=0.02s bat=1.00 dist=2.04m
209,61.591,WORKER,0,-5.423,1.300,3.000,-0.718,1.867,0.000,2.000,state=MOVING bat=1.00 dist=6.75m
209,61.591,WORKER,1,7.518,1.730,3.000,0.153,1.994,0.000,2.000,state=MOVING bat=1.00 dist=6.75m
209,61.591,WORKER,2,1.360,-0.153,3.000,1.292,-1.527,0.000,2.000,state=MOVING bat=1.00 dist=6.75m
209,61.591,WORKER,3,1.899,0.579,3.000,-1.511,-1.310,0.000,2.000,state=MOVING bat=1.00 dist=6.75m
210,61.806,GENERAL,0,0.000,0.000,5.000,0.000,0.000,0.000,0.000,N/A
210,61.806,NODE,0,-5.470,-2.961,3.000,-0.138,0.581,0.000,0.597,zone=0 dist=2.08m
210,61.806,NODE,1,5.470,-2.961,3.000,0.132,0.583,0.000,0.598,zone=1 dist=2.08m
210,61.806,NODE,2,-3.519,3.523,3.000,0.419,-0.428,0.000,0.599,zone=2 dist=2.08m
210,61.806,NODE,3,3.520,3.520,3.000,-0.431,-0.424,0.000,0.604,zone=3 dist=2.08m
210,61.806,SCOUT,0,-3.961,-3.000,3.000,-0.138,0.584,0.000,0.600,cmd_age=0.02s bat=1.00 dist=2.05m
210,61.806,SCOUT,1,-5.461,-1.500,3.000,-0.138,0.584,0.000,0.600,cmd_age=0.02s bat=1.00 dist=2.05m
210,61.806,SCOUT,2,-6.961,-3.000,3.000,-0.138,0.584,0.000,0.600,cmd_age=0.02s bat=1.00 dist=2.05m
210,61.806,SCOUT,3,-5.461,-4.500,3.000,-0.138,0.584,0.000,0.600,cmd_age=0.02s bat=1.00 dist=2.05m
210,61.806,SCOUT,4,6.961,-3.000,3.000,0.133,0.585,0.000,0.600,cmd_age=0.02s bat=1.00 dist=2.05m
210,61.806,SCOUT,5,5.461,-1.500,3.000,0.133,0.585,0.000,0.600,cmd_age=0.02s bat=1.00 dist=2.05m
210,61.806,SCOUT,6,3.961,-3.000,3.000,0.133,0.585,0.000,0.600,cmd_age=0.02s bat=1.00 dist=2.05m
210,61.806,SCOUT,7,5.461,-4.500,3.000,0.133,0.585,0.000,0.600,cmd_age=0.02s bat=1.00 dist=2.05m
210,61.806,SCOUT,8,-2.047,3.551,3.000,0.425,-0.423,0.000,0.600,cmd_age=0.02s bat=1.00 dist=2.05m
210,61.806,SCOUT,9,-3.547,5.051,3.000,0.425,-0.423,0.000,0.600,cmd_age=0.02s bat=1.00 dist=2.05m
210,61.806,SCOUT,10,-5.047,3.551,3.000,0.425,-0.423,0.000,0.600,cmd_age=0.02s bat=1.00 dist=2.05m
210,61.806,SCOUT,11,-3.547,2.051,3.000,0.425,-0.423,0.000,0.600,cmd_age=0.02s bat=1.00 dist=2.05m
210,61.806,SCOUT,12,5.048,3.548,3.000,-0.427,-0.425,0.000,0.603,cmd_age=0.02s bat=1.00 dist=2.05m
210,61.806,SCOUT,13,3.548,5.048,3.000,-0.427,-0.425,0.000,0.603,cmd_age=0.02s bat=1.00 dist=2.05m
210,61.806,SCOUT,14,2.048,3.548,3.000,-0.427,-0.425,0.000,0.603,cmd_age=0.02s bat=1.00 dist=2.05m
210,61.806,SCOUT,15,3.548,2.048,3.000,-0.427,-0.425,0.000,0.603,cmd_age=0.02s bat=1.00 dist=2.05m
210,61.806,WORKER,0,-5.435,1.331,3.000,-0.718,1.867,0.000,2.000,state=MOVING bat=1.00 dist=6.78m
210,61.806,WORKER,1,7.520,1.763,3.000,0.153,1.994,0.000,2.000,state=MOVING bat=1.00 dist=6.78m
210,61.806,WORKER,2,1.382,-0.178,3.000,1.292,-1.527,0.000,2.000,state=MOVING bat=1.00 dist=6.78m
210,61.806,WORKER,3,1.874,0.557,3.000,-1.511,-1.310,0.000,2.000,state=MOVING bat=1.00 dist=6.78m
211,62.026,GENERAL,0,0.000,0.000,5.000,0.000,0.000,0.000,0.000,N/A
211,62.026,NODE,0,-5.472,-2.952,3.000,-0.137,0.585,0.000,0.601,zone=0 dist=2.09m
211,62.026,NODE,1,5.472,-2.951,3.000,0.137,0.580,0.000,0.596,zone=1 dist=2.09m
211,62.026,NODE,2,-3.512,3.516,3.000,0.427,-0.428,0.000,0.605,zone=2 dist=2.09m
211,62.026,NODE,3,3.512,3.513,3.000,-0.431,-0.422,0.000,0.603,zone=3 dist=2.10m
211,62.026,SCOUT,0,-3.963,-2.991,3.000,-0.138,0.584,0.000,0.600,cmd_age=0.02s bat=1.00 dist=2.06m
211,62.026,SCOUT,1,-5.463,-1.491,3.000,-0.138,0.584,0.000,0.600,cmd_age=0.02s bat=1.00 dist=2.06m
211,62.026,SCOUT,2,-6.963,-2.991,3.000,-0.138,0.584,0.000,0.600,cmd_age=0.02s bat=1.00 dist=2.06m
211,62.026,SCOUT,3,-5.463,-4.491,3.000,-0.138,0.584,0.000,0.600,cmd_age=0.02s bat=1.00 dist=2.06m
211,62.026,SCOUT,4,6.963,-2.990,3.000,0.134,0.584,0.000,0.599,cmd_age=0.02s bat=1.00 dist=2.06m
211,62.026,SCOUT,5,5.463,-1.490,3.000,0.134,0.584,0.000,0.599,cmd_age=0.02s bat=1.00 dist=2.06m
211,62.026,SCOUT,6,3.963,-2.990,3.000,0.134,0.584,0.000,0.599,cmd_age=0.02s bat=1.00 dist=2.06m
211,62.026,SCOUT,7,5.463,-4.490,3.000,0.134,0.584,0.000,0.599,cmd_age=0.02s bat=1.00 dist=2.06m
211,62.026,SCOUT,8,-2.040,3.544,3.000,0.425,-0.424,0.000,0.601,cmd_age=0.02s bat=1.00 dist=2.06m
211,62.026,SCOUT,9,-3.540,5.044,3.000,0.425,-0.424,0.000,0.601,cmd_age=0.02s bat=1.00 dist=2.06m
211,62.026,SCOUT,10,-5.040,3.544,3.000,0.425,-0.424,0.000,0.601,cmd_age=0.02s bat=1.00 dist=2.06m
211,62.026,SCOUT,11,-3.540,2.044,3.000,0.425,-0.424,0.000,0.601,cmd_age=0.02s bat=1.00 dist=2.06m
211,62.026,SCOUT,12,5.041,3.541,3.000,-0.428,-0.424,0.000,0.603,cmd_age=0.02s bat=1.00 dist=2.06m
211,62.026,SCOUT,13,3.541,5.041,3.000,-0.428,-0.424,0.000,0.603,cmd_age=0.02s bat=1.00 dist=2.06m
211,62.026,SCOUT,14,2.041,3.541,3.000,-0.428,-0.424,0.000,0.603,cmd_age=0.02s bat=1.00 dist=2.06m
211,62.026,SCOUT,15,3.541,2.041,3.000,-0.428,-0.424,0.000,0.603,cmd_age=0.02s bat=1.00 dist=2.06m
211,62.026,WORKER,0,-5.447,1.362,3.000,-0.718,1.867,0.000,2.000,state=MOVING bat=1.00 dist=6.81m
211,62.026,WORKER,1,7.523,1.797,3.000,0.153,1.994,0.000,2.000,state=MOVING bat=1.00 dist=6.81m
211,62.026,WORKER,2,1.403,-0.204,3.000,1.292,-1.527,0.000,2.000,state=MOVING bat=1.00 dist=6.81m
211,62.026,WORKER,3,1.849,0.536,3.000,-1.511,-1.310,0.000,2.000,state=MOVING bat=1.00 dist=6.81m
212,62.240,GENERAL,0,0.000,0.000,5.000,0.000,0.000,0.000,0.000,N/A
212,62.240,NODE,0,-5.475,-2.942,3.000,-0.136,0.579,0.000,0.595,zone=0 dist=2.10m
212,62.240,NODE,1,5.474,-2.941,3.000,0.137,0.587,0.000,0.603,zone=1 dist=2.10m
212,62.240,NODE,2,-3.505,3.509,3.000,0.424,-0.427,0.000,0.602,zone=2 dist=2.10m
212,62.240,NODE,3,3.505,3.506,3.000,-0.430,-0.423,0.000,0.604,zone=3 dist=2.11m
212,62.240,SCOUT,0,-3.966,-2.981,3.000,-0.137,0.583,0.000,0.599,cmd_age=0.02s bat=1.00 dist=2.07m
212,62.240,SCOUT,1,-5.466,-1.481,3.000,-0.137,0.583,0.000,0.599,cmd_age=0.02s bat=1.00 dist=2.07m
212,62.240,SCOUT,2,-6.966,-2.981,3.000,-0.137,0.583,0.000,0.599,cmd_age=0.02s bat=1.00 dist=2.07m
212,62.240,SCOUT,3,-5.466,-4.481,3.000,-0.137,0.583,0.000,0.599,cmd_age=0.02s bat=1.00 dist=2.07m
212,62.240,SCOUT,4,6.965,-2.980,3.000,0.135,0.585,0.000,0.600,cmd_age=0.02s bat=1.00 dist=2.07m
212,62.240,SCOUT,5,5.465,-1.480,3.000,0.135,0.585,0.000,0.600,cmd_age=0.02s bat=1.00 dist=2.07m
212,62.240,SCOUT,6,3.965,-2.980,3.000,0.135,0.585,0.000,0.600,cmd_age=0.02s bat=1.00 dist=2.07m
212,62.240,SCOUT,7,5.465,-4.480,3.000,0.135,0.585,0.000,0.600,cmd_age=0.02s bat=1.00 dist=2.07m
212,62.240,SCOUT,8,-2.033,3.537,3.000,0.425,-0.425,0.000,0.601,cmd_age=0.02s bat=1.00 dist=2.07m
212,62.240,SCOUT,9,-3.533,5.037,3.000,0.425,-0.425,0.000,0.601,cmd_age=0.02s bat=1.00 dist=2.07m
212,62.240,SCOUT,10,-5.033,3.537,3.000,0.425,-0.425,0.000,0.601,cmd_age=0.02s bat=1.00 dist=2.07m
212,62.240,SCOUT,11,-3.533,2.037,3.000,0.425,-0.425,0.000,0.601,cmd_age=0.02s bat=1.00 dist=2.07m
212,62.240,SCOUT,12,5.034,3.534,3.000,-0.429,-0.424,0.000,0.603,cmd_age=0.02s bat=1.00 dist=2.07m
212,62.240,SCOUT,13,3.534,5.034,3.000,-0.429,-0.424,0.000,0.603,cmd_age=0.02s bat=1.00 dist=2.07m
212,62.240,SCOUT,14,2.034,3.534,3.000,-0.429,-0.424,0.000,0.603,cmd_age=0.02s bat=1.00 dist=2.07m
212,62.240,SCOUT,15,3.534,2.034,3.000,-0.429,-0.424,0.000,0.603,cmd_age=0.02s bat=1.00 dist=2.07m
212,62.240,WORKER,0,-5.459,1.393,3.000,-0.718,1.867,0.000,2.000,state=MOVING bat=1.00 dist=6.85m
212,62.240,WORKER,1,7.525,1.830,3.000,0.153,1.994,0.000,2.000,state=MOVING bat=1.00 dist=6.85m
212,62.240,WORKER,2,1.425,-0.229,3.000,1.292,-1.527,0.000,2.000,state=MOVING bat=1.00 dist=6.85m
212,62.240,WORKER,3,1.824,0.514,3.000,-1.511,-1.310,0.000,2.000,state=MOVING bat=1.00 dist=6.85m
213,62.464,GENERAL,0,0.000,0.000,5.000,0.000,0.000,0.000,0.000,N/A
213,62.464,NODE,0,-5.477,-2.932,3.000,-0.132,0.592,0.000,0.607,zone=0 dist=2.11m
213,62.464,NODE,1,5.477,-2.932,3.000,0.144,0.587,0.000,0.605,zone=1 dist=2.11m
213,62.464,NODE,2,-3.498,3.502,3.000,0.427,-0.420,0.000,0.599,zone=2 dist=2.11m
213,62.464,NODE,3,3.498,3.499,3.000,-0.427,-0.425,0.000,0.603,zone=3 dist=2.12m
213,62.464,SCOUT,0,-3.968,-2.971,3.000,-0.136,0.585,0.000,0.601,cmd_age=0.02s bat=1.00 dist=2.08m
213,62.464,SCOUT,1,-5.468,-1.471,3.000,-0.136,0.585,0.000,0.601,cmd_age=0.02s bat=1.00 dist=2.08m
213,62.464,SCOUT,2,-6.968,-2.971,3.000,-0.136,0.585,0.000,0.601,cmd_age=0.02s bat=1.00 dist=2.08m
213,62.464,SCOUT,3,-5.468,-4.471,3.000,-0.136,0.585,0.000,0.601,cmd_age=0.02s bat=1.00 dist=2.08m
213,62.464,SCOUT,4,6.968,-2.971,3.000,0.136,0.585,0.000,0.601,cmd_age=0.02s bat=1.00 dist=2.08m
213,62.464,SCOUT,5,5.468,-1.471,3.000,0.136,0.585,0.000,0.601,cmd_age=0.02s bat=1.00 dist=2.08m
213,62.464,SCOUT,6,3.968,-2.971,3.000,0.136,0.585,0.000,0.601,cmd_age=0.02s bat=1.00 dist=2.08m
213,62.464,SCOUT,7,5.468,-4.471,3.000,0.136,0.585,0.000,0.601,cmd_age=0.02s bat=1.00 dist=2.08m
213,62.464,SCOUT,8,-2.026,3.530,3.000,0.425,-0.424,0.000,0.601,cmd_age=0.02s bat=1.00 dist=2.08m
213,62.464,SCOUT,9,-3.526,5.030,3.000,0.425,-0.424,0.000,0.601,cmd_age=0.02s bat=1.00 dist=2.08m
213,62.464,SCOUT,10,-5.026,3.530,3.000,0.425,-0.424,0.000,0.601,cmd_age=0.02s bat=1.00 dist=2.08m
213,62.464,SCOUT,11,-3.526,2.030,3.000,0.425,-0.424,0.000,0.601,cmd_age=0.02s bat=1.00 dist=2.08m
213,62.464,SCOUT,12,5.027,3.527,3.000,-0.428,-0.424,0.000,0.603,cmd_age=0.02s bat=1.00 dist=2.08m
213,62.464,SCOUT,13,3.527,5.027,3.000,-0.428,-0.424,0.000,0.603,cmd_age=0.02s bat=1.00 dist=2.08m
213,62.464,SCOUT,14,2.027,3.527,3.000,-0.428,-0.424,0.000,0.603,cmd_age=0.02s bat=1.00 dist=2.08m
213,62.464,SCOUT,15,3.527,2.027,3.000,-0.428,-0.424,0.000,0.603,cmd_age=0.02s bat=1.00 dist=2.08m
213,62.464,WORKER,0,-5.471,1.425,3.000,-0.718,1.867,0.000,2.000,state=MOVING bat=1.00 dist=6.88m
213,62.464,WORKER,1,7.528,1.863,3.000,0.153,1.994,0.000,2.000,state=MOVING bat=1.00 dist=6.88m
213,62.464,WORKER,2,1.446,-0.255,3.000,1.292,-1.527,0.000,2.000,state=MOVING bat=1.00 dist=6.88m
213,62.464,WORKER,3,1.798,0.492,3.000,-1.511,-1.310,0.000,2.000,state=MOVING bat=1.00 dist=6.88m
214,62.694,GENERAL,0,0.000,0.000,5.000,0.000,0.000,0.000,0.000,N/A
214,62.694,NODE,0,-5.479,-2.922,3.000,-0.141,0.583,0.000,0.599,zone=0 dist=2.12m
214,62.694,NODE,1,5.479,-2.922,3.000,0.139,0.586,0.000,0.603,zone=1 dist=2.12m
214,62.694,NODE,2,-3.491,3.494,3.000,0.419,-0.427,0.000,0.598,zone=2 dist=2.12m
214,62.694,NODE,3,3.491,3.492,3.000,-0.429,-0.428,0.000,0.606,zone=3 dist=2.13m
214,62.694,SCOUT,0,-3.970,-2.961,3.000,-0.137,0.584,0.000,0.600,cmd_age=0.02s bat=1.00 dist=2.09m
214,62.694,SCOUT,1,-5.470,-1.461,3.000,-0.137,0.584,0.000,0.600,cmd_age=0.02s bat=1.00 dist=2.09m
214,62.694,SCOUT,2,-6.970,-2.961,3.000,-0.137,0.584,0.000,0.600,cmd_age=0.02s bat=1.00 dist=2.09m
214,62.694,SCOUT,3,-5.470,-4.461,3.000,-0.137,0.584,0.000,0.600,cmd_age=0.02s bat=1.00 dist=2.09m
214,62.694,SCOUT,4,6.970,-2.961,3.000,0.137,0.585,0.000,0.601,cmd_age=0.02s bat=1.00 dist=2.09m
214,62.694,SCOUT,5,5.470,-1.461,3.000,0.137,0.585,0.000,0.601,cmd_age=0.02s bat=1.00 dist=2.09m
214,62.694,SCOUT,6,3.970,-2.961,3.000,0.137,0.585,0.000,0.601,cmd_age=0.02s bat=1.00 dist=2.09m
214,62.694,SCOUT,7,5.470,-4.461,3.000,0.137,0.585,0.000,0.601,cmd_age=0.02s bat=1.00 dist=2.09m
214,62.694,SCOUT,8,-2.019,3.523,3.000,0.424,-0.424,0.000,0.600,cmd_age=0.02s bat=1.00 dist=2.09m
214,62.694,SCOUT,9,-3.519,5.023,3.000,0.424,-0.424,0.000,0.600,cmd_age=0.02s bat=1.00 dist=2.09m
214,62.694,SCOUT,10,-5.019,3.523,3.000,0.424,-0.424,0.000,0.600,cmd_age=0.02s bat=1.00 dist=2.09m
214,62.694,SCOUT,11,-3.519,2.023,3.000,0.424,-0.424,0.000,0.600,cmd_age=0.02s bat=1.00 dist=2.09m
214,62.694,SCOUT,12,5.020,3.520,3.000,-0.428,-0.425,0.000,0.603,cmd_age=0.02s bat=1.00 dist=2.09m
214,62.694,SCOUT,13,3.520,5.020,3.000,-0.428,-0.425,0.000,0.603,cmd_age=0.02s bat=1.00 dist=2.09m
214,62.694,SCOUT,14,2.020,3.520,3.000,-0.428,-0.425,0.000,0.603,cmd_age=0.02s bat=1.00 dist=2.09m
214,62.694,SCOUT,15,3.520,2.020,3.000,-0.428,-0.425,0.000,0.603,cmd_age=0.02s bat=1.00 dist=2.09m
214,62.694,WORKER,0,-5.483,1.456,3.000,-0.718,1.867,0.000,2.000,state=MOVING bat=1.00 dist=6.91m
214,62.694,WORKER,1,7.530,1.896,3.000,0.153,1.994,0.000,2.000,state=MOVING bat=1.00 dist=6.91m
214,62.694,WORKER,2,1.468,-0.280,3.000,1.292,-1.527,0.000,2.000,state=MOVING bat=1.00 dist=6.91m
214,62.694,WORKER,3,1.773,0.470,3.000,-1.511,-1.310,0.000,2.000,state=MOVING bat=1.00 dist=6.91m
215,62.921,GENERAL,0,0.000,0.000,5.000,0.000,0.000,0.000,0.000,N/A
215,62.921,NODE,0,-5.482,-2.913,3.000,-0.136,0.587,0.000,0.602,zone=0 dist=2.13m
215,62.921,NODE,1,5.481,-2.912,3.000,0.132,0.576,0.000,0.591,zone=1 dist=2.13m
215,62.921,NODE,2,-3.484,3.487,3.000,0.420,-0.429,0.000,0.600,zone=2 dist=2.13m
215,62.921,NODE,3,3.484,3.484,3.000,-0.426,-0.427,0.000,0.604,zone=3 dist=2.14m
215,62.921,SCOUT,0,-3.972,-2.952,3.000,-0.137,0.585,0.000,0.601,cmd_age=0.02s bat=1.00 dist=2.10m
215,62.921,SCOUT,1,-5.472,-1.452,3.000,-0.137,0.585,0.000,0.601,cmd_age=0.02s bat=1.00 dist=2.10m
215,62.921,SCOUT,2,-6.972,-2.952,3.000,-0.137,0.585,0.000,0.601,cmd_age=0.02s bat=1.00 dist=2.10m
215,62.921,SCOUT,3,-5.472,-4.452,3.000,-0.137,0.585,0.000,0.601,cmd_age=0.02s bat=1.00 dist=2.10m
215,62.921,SCOUT,4,6.972,-2.951,3.000,0.136,0.584,0.000,0.599,cmd_age=0.02s bat=1.00 dist=2.10m
215,62.921,SCOUT,5,5.472,-1.451,3.000,0.136,0.584,0.000,0.599,cmd_age=0.02s bat=1.00 dist=2.10m
215,62.921,SCOUT,6,3.972,-2.951,3.000,0.136,0.584,0.000,0.599,cmd_age=0.02s bat=1.00 dist=2.10m
215,62.921,SCOUT,7,5.472,-4.451,3.000,0.136,0.584,0.000,0.599,cmd_age=0.02s bat=1.00 dist=2.10m
215,62.921,SCOUT,8,-2.012,3.516,3.000,0.423,-0.425,0.000,0.600,cmd_age=0.02s bat=1.00 dist=2.10m
215,62.921,SCOUT,9,-3.512,5.016,3.000,0.423,-0.425,0.000,0.600,cmd_age=0.02s bat=1.00 dist=2.10m
215,62.921,SCOUT,10,-5.012,3.516,3.000,0.423,-0.425,0.000,0.600,cmd_age=0.02s bat=1.00 dist=2.10m
215,62.921,SCOUT,11,-3.512,2.016,3.000,0.423,-0.425,0.000,0.600,cmd_age=0.02s bat=1.00 dist=2.10m
215,62.921,SCOUT,12,5.012,3.513,3.000,-0.428,-0.425,0.000,0.603,cmd_age=0.02s bat=1.00 dist=2.10m
215,62.921,SCOUT,13,3.512,5.013,3.000,-0.428,-0.425,0.000,0.603,cmd_age=0.02s bat=1.00 dist=2.10m
215,62.921,SCOUT,14,2.012,3.513,3.000,-0.428,-0.425,0.000,0.603,cmd_age=0.02s bat=1.00 dist=2.10m
215,62.921,SCOUT,15,3.512,2.013,3.000,-0.428,-0.425,0.000,0.603,cmd_age=0.02s bat=1.00 dist=2.10m
215,62.921,WORKER,0,-5.495,1.487,3.000,-0.718,1.867,0.000,2.000,state=MOVING bat=1.00 dist=6.95m
215,62.921,WORKER,1,7.533,1.930,3.000,0.153,1.994,0.000,2.000,state=MOVING bat=1.00 dist=6.95m
215,62.921,WORKER,2,1.489,-0.306,3.000,1.292,-1.527,0.000,2.000,state=MOVING bat=1.00 dist=6.95m
215,62.921,WORKER,3,1.748,0.448,3.000,-1.511,-1.310,0.000,2.000,state=MOVING bat=1.00 dist=6.95m
216,63.135,GENERAL,0,0.000,0.000,5.000,0.000,0.000,0.000,0.000,N/A
216,63.135,NODE,0,-5.484,-2.903,3.000,-0.135,0.591,0.000,0.606,zone=0 dist=2.14m
216,63.135,NODE,1,5.484,-2.902,3.000,0.142,0.581,0.000,0.598,zone=1 dist=2.14m
216,63.135,NODE,2,-3.477,3.480,3.000,0.422,-0.427,0.000,0.601,zone=2 dist=2.14m
216,63.135,NODE,3,3.477,3.477,3.000,-0.428,-0.428,0.000,0.606,zone=3 dist=2.15m
216,63.135,SCOUT,0,-3.975,-2.942,3.000,-0.137,0.586,0.000,0.602,cmd_age=0.02s bat=1.00 dist=2.11m
216,63.135,SCOUT,1,-5.475,-1.442,3.000,-0.137,0.586,0.000,0.602,cmd_age=0.02s bat=1.00 dist=2.11m
216,63.135,SCOUT,2,-6.975,-2.942,3.000,-0.137,0.586,0.000,0.602,cmd_age=0.02s bat=1.00 dist=2.11m
216,63.135,SCOUT,3,-5.475,-4.442,3.000,-0.137,0.586,0.000,0.602,cmd_age=0.02s bat=1.00 dist=2.11m
216,63.135,SCOUT,4,6.974,-2.941,3.000,0.137,0.583,0.000,0.599,cmd_age=0.02s bat=1.00 dist=2.11m
216,63.135,SCOUT,5,5.474,-1.441,3.000,0.137,0.583,0.000,0.599,cmd_age=0.02s bat=1.00 dist=2.11m
216,63.135,SCOUT,6,3.974,-2.941,3.000,0.137,0.583,0.000,0.599,cmd_age=0.02s bat=1.00 dist=2.11m
216,63.135,SCOUT,7,5.474,-4.441,3.000,0.137,0.583,0.000,0.599,cmd_age=0.02s bat=1.00 dist=2.11m
216,63.135,SCOUT,8,-2.005,3.509,3.000,0.423,-0.426,0.000,0.600,cmd_age=0.02s bat=1.00 dist=2.11m
216,63.135,SCOUT,9,-3.505,5.009,3.000,0.423,-0.426,0.000,0.600,cmd_age=0.02s bat=1.00 dist=2.11m
216,63.135,SCOUT,10,-5.005,3.509,3.000,0.423,-0.426,0.000,0.600,cmd_age=0.02s bat=1.00 dist=2.11m
216,63.135,SCOUT,11,-3.505,2.009,3.000,0.423,-0.426,0.000,0.600,cmd_age=0.02s bat=1.00 dist=2.11m
216,63.135,SCOUT,12,5.005,3.506,3.000,-0.428,-0.426,0.000,0.604,cmd_age=0.02s bat=1.00 dist=2.11m
216,63.135,SCOUT,13,3.505,5.006,3.000,-0.428,-0.426,0.000,0.604,cmd_age=0.02s bat=1.00 dist=2.11m
216,63.135,SCOUT,14,2.005,3.506,3.000,-0.428,-0.426,0.000,0.604,cmd_age=0.02s bat=1.00 dist=2.11m
216,63.135,SCOUT,15,3.505,2.006,3.000,-0.428,-0.426,0.000,0.604,cmd_age=0.02s bat=1.00 dist=2.11m
216,63.135,WORKER,0,-5.507,1.518,3.000,-0.718,1.867,0.000,2.000,state=MOVING bat=1.00 dist=6.98m
216,63.135,WORKER,1,7.536,1.963,3.000,0.153,1.994,0.000,2.000,state=MOVING bat=1.00 dist=6.98m
216,63.135,WORKER,2,1.511,-0.331,3.000,1.292,-1.527,0.000,2.000,state=MOVING bat=1.00 dist=6.98m
216,63.135,WORKER,3,1.723,0.426,3.000,-1.511,-1.310,0.000,2.000,state=MOVING bat=1.00 dist=6.98m
217,63.357,GENERAL,0,0.000,0.000,5.000,0.000,0.000,0.000,0.000,N/A
217,63.357,NODE,0,-5.486,-2.893,3.000,-0.135,0.581,0.000,0.596,zone=0 dist=2.15m
217,63.357,NODE,1,5.486,-2.893,3.000,0.139,0.588,0.000,0.604,zone=1 dist=2.15m
217,63.357,NODE,2,-3.470,3.473,3.000,0.425,-0.423,0.000,0.599,zone=2 dist=2.15m
217,63.357,NODE,3,3.470,3.470,3.000,-0.430,-0.419,0.000,0.600,zone=3 dist=2.16m
217,63.357,SCOUT,0,-3.977,-2.932,3.000,-0.136,0.585,0.000,0.601,cmd_age=0.02s bat=1.00 dist=2.12m
217,63.357,SCOUT,1,-5.477,-1.432,3.000,-0.136,0.585,0.000,0.601,cmd_age=0.02s bat=1.00 dist=2.12m
217,63.357,SCOUT,2,-6.977,-2.932,3.000,-0.136,0.585,0.000,0.601,cmd_age=0.02s bat=1.00 dist=2.12m
217,63.357,SCOUT,3,-5.477,-4.432,3.000,-0.136,0.585,0.000,0.601,cmd_age=0.02s bat=1.00 dist=2.12m
217,63.357,SCOUT,4,6.977,-2.932,3.000,0.137,0.584,0.000,0.600,cmd_age=0.02s bat=1.00 dist=2.12m
217,63.357,SCOUT,5,5.477,-1.432,3.000,0.137,0.584,0.000,0.600,cmd_age=0.02s bat=1.00 dist=2.12m
217,63.357,SCOUT,6,3.977,-2.932,3.000,0.137,0.584,0.000,0.600,cmd_age=0.02s bat=1.00 dist=2.12m
217,63.357,SCOUT,7,5.477,-4.432,3.000,0.137,0.584,0.000,0.600,cmd_age=0.02s bat=1.00 dist=2.12m
217,63.357,SCOUT,8,-1.998,3.501,3.000,0.423,-0.425,0.000,0.600,cmd_age=0.02s bat=1.00 dist=2.12m
217,63.357,SCOUT,9,-3.498,5.001,3.000,0.423,-0.425,0.000,0.600,cmd_age=0.02s bat=1.00 dist=2.12m
217,63.357,SCOUT,10,-4.998,3.501,3.000,0.423,-0.425,0.000,0.600,cmd_age=0.02s bat=1.00 dist=2.12m
217,63.357,SCOUT,11,-3.498,2.001,3.000,0.423,-0.425,0.000,0.600,cmd_age=0.02s bat=1.00 dist=2.12m
217,63.357,SCOUT,12,4.998,3.499,3.000,-0.428,-0.425,0.000,0.603,cmd_age=0.02s bat=1.00 dist=2.12m
217,63.357,SCOUT,13,3.498,4.999,3.000,-0.428,-0.425,0.000,0.603,cmd_age=0.02s bat=1.00 dist=2.12m
217,63.357,SCOUT,14,1.998,3.499,3.000,-0.428,-0.425,0.000,0.603,cmd_age=0.02s bat=1.00 dist=2.12m
217,63.357,SCOUT,15,3.498,1.999,3.000,-0.428,-0.425,0.000,0.603,cmd_age=0.02s bat=1.00 dist=2.12m
217,63.357,WORKER,0,-5.519,1.549,3.000,-0.718,1.867,0.000,2.000,state=MOVING bat=1.00 dist=7.01m
217,63.357,WORKER,1,7.538,1.996,3.000,0.153,1.994,0.000,2.000,state=MOVING bat=1.00 dist=7.01m
217,63.357,WORKER,2,1.532,-0.356,3.000,1.292,-1.527,0.000,2.000,state=MOVING bat=1.00 dist=7.01m
217,63.357,WORKER,3,1.698,0.405,3.000,-1.511,-1.310,0.000,2.000,state=MOVING bat=1.00 dist=7.01m
218,63.571,GENERAL,0,0.000,0.000,5.000,0.000,0.000,0.000,0.000,N/A
218,63.571,NODE,0,-5.488,-2.883,3.000,-0.130,0.589,0.000,0.603,zone=0 dist=2.16m
218,63.571,NODE,1,5.488,-2.883,3.000,0.134,0.588,0.000,0.603,zone=1 dist=2.16m
218,63.571,NODE,2,-3.463,3.466,3.000,0.423,-0.430,0.000,0.603,zone=2 dist=2.16m
218,63.571,NODE,3,3.463,3.463,3.000,-0.420,-0.420,0.000,0.593,zone=3 dist=2.17m
218,63.571,SCOUT,0,-3.979,-2.922,3.000,-0.135,0.586,0.000,0.601,cmd_age=0.02s bat=1.00 dist=2.13m
218,63.571,SCOUT,1,-5.479,-1.422,3.000,-0.135,0.586,0.000,0.601,cmd_age=0.02s bat=1.00 dist=2.13m
218,63.571,SCOUT,2,-6.979,-2.922,3.000,-0.135,0.586,0.000,0.601,cmd_age=0.02s bat=1.00 dist=2.13m
218,63.571,SCOUT,3,-5.479,-4.422,3.000,-0.135,0.586,0.000,0.601,cmd_age=0.02s bat=1.00 dist=2.13m
218,63.571,SCOUT,4,6.979,-2.922,3.000,0.137,0.585,0.000,0.601,cmd_age=0.02s bat=1.00 dist=2.13m
218,63.571,SCOUT,5,5.479,-1.422,3.000,0.137,0.585,0.000,0.601,cmd_age=0.02s bat=1.00 dist=2.13m
218,63.571,SCOUT,6,3.979,-2.922,3.000,0.137,0.585,0.000,0.601,cmd_age=0.02s bat=1.00 dist=2.13m
218,63.571,SCOUT,7,5.479,-4.422,3.000,0.137,0.585,0.000,0.601,cmd_age=0.02s bat=1.00 dist=2.13m
218,63.571,SCOUT,8,-1.991,3.494,3.000,0.423,-0.426,0.000,0.601,cmd_age=0.02s bat=1.00 dist=2.13m
218,63.571,SCOUT,9,-3.491,4.994,3.000,0.423,-0.426,0.000,0.601,cmd_age=0.02s bat=1.00 dist=2.13m
218,63.571,SCOUT,10,-4.991,3.494,3.000,0.423,-0.426,0.000,0.601,cmd_age=0.02s bat=1.00 dist=2.13m
218,63.571,SCOUT,11,-3.491,1.994,3.000,0.423,-0.426,0.000,0.601,cmd_age=0.02s bat=1.00 dist=2.13m
218,63.571,SCOUT,12,4.991,3.492,3.000,-0.427,-0.424,0.000,0.601,cmd_age=0.02s bat=1.00 dist=2.13m
218,63.571,SCOUT,13,3.491,4.992,3.000,-0.427,-0.424,0.000,0.601,cmd_age=0.02s bat=1.00 dist=2.13m
218,63.571,SCOUT,14,1.991,3.492,3.000,-0.427,-0.424,0.000,0.601,cmd_age=0.02s bat=1.00 dist=2.13m
218,63.571,SCOUT,15,3.491,1.992,3.000,-0.427,-0.424,0.000,0.601,cmd_age=0.02s bat=1.00 dist=2.13m
218,63.571,WORKER,0,-5.531,1.580,3.000,-0.718,1.867,0.000,2.000,state=MOVING bat=1.00 dist=7.05m
218,63.571,WORKER,1,7.541,2.029,3.000,0.153,1.994,0.000,2.000,state=MOVING bat=1.00 dist=7.05m
218,63.571,WORKER,2,1.554,-0.382,3.000,1.292,-1.527,0.000,2.000,state=MOVING bat=1.00 dist=7.05m
218,63.571,WORKER,3,1.672,0.383,3.000,-1.511,-1.310,0.000,2.000,state=MOVING bat=1.00 dist=7.05m
219,63.785,GENERAL,0,0.000,0.000,5.000,0.000,0.000,0.000,0.000,N/A
219,63.785,NODE,0,-5.490,-2.874,3.000,-0.138,0.586,0.000,0.602,zone=0 dist=2.17m
219,63.785,NODE,1,5.490,-2.873,3.000,0.134,0.585,0.000,0.600,zone=1 dist=2.17m
219,63.785,NODE,2,-3.456,3.459,3.000,0.419,-0.431,0.000,0.601,zone=2 dist=2.17m
219,63.785,NODE,3,3.455,3.456,3.000,-0.428,-0.425,0.000,0.603,zone=3 dist=2.18m
219,63.785,SCOUT,0,-3.981,-2.913,3.000,-0.136,0.586,0.000,0.601,cmd_age=0.02s bat=1.00 dist=2.14m
219,63.785,SCOUT,1,-5.481,-1.413,3.000,-0.136,0.586,0.000,0.601,cmd_age=0.02s bat=1.00 dist=2.14m
219,63.785,SCOUT,2,-6.981,-2.913,3.000,-0.136,0.586,0.000,0.601,cmd_age=0.02s bat=1.00 dist=2.14m
219,63.785,SCOUT,3,-5.481,-4.413,3.000,-0.136,0.586,0.000,0.601,cmd_age=0.02s bat=1.00 dist=2.14m
219,63.785,SCOUT,4,6.981,-2.912,3.000,0.136,0.585,0.000,0.600,cmd_age=0.02s bat=1.00 dist=2.14m
219,63.785,SCOUT,5,5.481,-1.412,3.000,0.136,0.585,0.000,0.600,cmd_age=0.02s bat=1.00 dist=2.14m
219,63.785,SCOUT,6,3.981,-2.912,3.000,0.136,0.585,0.000,0.600,cmd_age=0.02s bat=1.00 dist=2.14m
219,63.785,SCOUT,7,5.481,-4.412,3.000,0.136,0.585,0.000,0.600,cmd_age=0.02s bat=1.00 dist=2.14m
219,63.785,SCOUT,8,-1.984,3.487,3.000,0.422,-0.427,0.000,0.601,cmd_age=0.02s bat=1.00 dist=2.14m
219,63.785,SCOUT,9,-3.484,4.987,3.000,0.422,-0.427,0.000,0.601,cmd_age=0.02s bat=1.00 dist=2.14m
219,63.785,SCOUT,10,-4.984,3.487,3.000,0.422,-0.427,0.000,0.601,cmd_age=0.02s bat=1.00 dist=2.14m
219,63.785,SCOUT,11,-3.484,1.987,3.000,0.422,-0.427,0.000,0.601,cmd_age=0.02s bat=1.00 dist=2.14m
219,63.785,SCOUT,12,4.984,3.485,3.000,-0.427,-0.424,0.000,0.602,cmd_age=0.02s bat=1.00 dist=2.14m
219,63.785,SCOUT,13,3.484,4.985,3.000,-0.427,-0.424,0.000,0.602,cmd_age=0.02s bat=1.00 dist=2.14m
219,63.785,SCOUT,14,1.984,3.485,3.000,-0.427,-0.424,0.000,0.602,cmd_age=0.02s bat=1.00 dist=2.14m
219,63.785,SCOUT,15,3.484,1.985,3.000,-0.427,-0.424,0.000,0.602,cmd_age=0.02s bat=1.00 dist=2.14m
219,63.785,WORKER,0,-5.543,1.611,3.000,-0.718,1.867,0.000,2.000,state=MOVING bat=1.00 dist=7.08m
219,63.785,WORKER,1,7.543,2.062,3.000,0.153,1.994,0.000,2.000,state=MOVING bat=1.00 dist=7.08m
219,63.785,WORKER,2,1.575,-0.407,3.000,1.292,-1.527,0.000,2.000,state=MOVING bat=1.00 dist=7.08m
219,63.785,WORKER,3,1.647,0.361,3.000,-1.511,-1.310,0.000,2.000,state=MOVING bat=1.00 dist=7.08m
220,63.998,GENERAL,0,0.000,0.000,5.000,0.000,0.000,0.000,0.000,N/A
220,63.998,NODE,0,-5.493,-2.864,3.000,-0.138,0.585,0.000,0.601,zone=0 dist=2.18m
220,63.998,NODE,1,5.493,-2.863,3.000,0.136,0.583,0.000,0.599,zone=1 dist=2.18m
220,63.998,NODE,2,-3.449,3.452,3.000,0.422,-0.422,0.000,0.597,zone=2 dist=2.18m
220,63.998,NODE,3,3.448,3.449,3.000,-0.431,-0.423,0.000,0.603,zone=3 dist=2.19m
220,63.998,SCOUT,0,-3.984,-2.903,3.000,-0.136,0.586,0.000,0.601,cmd_age=0.02s bat=1.00 dist=2.15m
220,63.998,SCOUT,1,-5.484,-1.403,3.000,-0.136,0.586,0.000,0.601,cmd_age=0.02s bat=1.00 dist=2.15m
220,63.998,SCOUT,2,-6.984,-2.903,3.000,-0.136,0.586,0.000,0.601,cmd_age=0.02s bat=1.00 dist=2.15m
220,63.998,SCOUT,3,-5.484,-4.403,3.000,-0.136,0.586,0.000,0.601,cmd_age=0.02s bat=1.00 dist=2.15m
220,63.998,SCOUT,4,6.984,-2.902,3.000,0.136,0.584,0.000,0.600,cmd_age=0.02s bat=1.00 dist=2.15m
220,63.998,SCOUT,5,5.484,-1.402,3.000,0.136,0.584,0.000,0.600,cmd_age=0.02s bat=1.00 dist=2.15m
220,63.998,SCOUT,6,3.984,-2.902,3.000,0.136,0.584,0.000,0.600,cmd_age=0.02s bat=1.00 dist=2.15m
220,63.998,SCOUT,7,5.484,-4.402,3.000,0.136,0.584,0.000,0.600,cmd_age=0.02s bat=1.00 dist=2.15m
220,63.998,SCOUT,8,-1.977,3.480,3.000,0.422,-0.426,0.000,0.600,cmd_age=0.02s bat=1.00 dist=2.15m
220,63.998,SCOUT,9,-3.477,4.980,3.000,0.422,-0.426,0.000,0.600,cmd_age=0.02s bat=1.00 dist=2.15m
220,63.998,SCOUT,10,-4.977,3.480,3.000,0.422,-0.426,0.000,0.600,cmd_age=0.02s bat=1.00 dist=2.15m
220,63.998,SCOUT,11,-3.477,1.980,3.000,0.422,-0.426,0.000,0.600,cmd_age=0.02s bat=1.00 dist=2.15m
220,63.998,SCOUT,12,4.977,3.477,3.000,-0.428,-0.424,0.000,0.602,cmd_age=0.02s bat=1.00 dist=2.15m
220,63.998,SCOUT,13,3.477,4.977,3.000,-0.428,-0.424,0.000,0.602,cmd_age=0.02s bat=1.00 dist=2.15m
220,63.998,SCOUT,14,1.977,3.477,3.000,-0.428,-0.424,0.000,0.602,cmd_age=0.02s bat=1.00 dist=2.15m
220,63.998,SCOUT,15,3.477,1.977,3.000,-0.428,-0.424,0.000,0.602,cmd_age=0.02s bat=1.00 dist=2.15m
220,63.998,WORKER,0,-5.555,1.642,3.000,-0.718,1.867,0.000,2.000,state=MOVING bat=1.00 dist=7.11m
220,63.998,WORKER,1,7.546,2.096,3.000,0.153,1.994,0.000,2.000,state=MOVING bat=1.00 dist=7.11m
220,63.998,WORKER,2,1.597,-0.433,3.000,1.292,-1.527,0.000,2.000,state=MOVING bat=1.00 dist=7.11m
220,63.998,WORKER,3,1.622,0.339,3.000,-1.511,-1.310,0.000,2.000,state=MOVING bat=1.00 dist=7.11m
221,64.211,GENERAL,0,0.000,0.000,5.000,0.000,0.000,0.000,0.000,N/A
221,64.211,NODE,0,-5.495,-2.854,3.000,-0.130,0.587,0.000,0.601,zone=0 dist=2.19m
221,64.211,NODE,1,5.495,-2.854,3.000,0.136,0.585,0.000,0.601,zone=1 dist=2.19m
221,64.211,NODE,2,-3.442,3.445,3.000,0.424,-0.429,0.000,0.603,zone=2 dist=2.19m
221,64.211,NODE,3,3.441,3.442,3.000,-0.429,-0.430,0.000,0.607,zone=3 dist=2.20m
221,64.211,SCOUT,0,-3.986,-2.893,3.000,-0.135,0.586,0.000,0.601,cmd_age=0.02s bat=1.00 dist=2.16m
221,64.211,SCOUT,1,-5.486,-1.393,3.000,-0.135,0.586,0.000,0.601,cmd_age=0.02s bat=1.00 dist=2.16m
221,64.211,SCOUT,2,-6.986,-2.893,3.000,-0.135,0.586,0.000,0.601,cmd_age=0.02s bat=1.00 dist=2.16m
221,64.211,SCOUT,3,-5.486,-4.393,3.000,-0.135,0.586,0.000,0.601,cmd_age=0.02s bat=1.00 dist=2.16m
221,64.211,SCOUT,4,6.986,-2.893,3.000,0.136,0.585,0.000,0.600,cmd_age=0.02s bat=1.00 dist=2.16m
221,64.211,SCOUT,5,5.486,-1.393,3.000,0.136,0.585,0.000,0.600,cmd_age=0.02s bat=1.00 dist=2.16m
221,64.211,SCOUT,6,3.986,-2.893,3.000,0.136,0.585,0.000,0.600,cmd_age=0.02s bat=1.00 dist=2.16m
221,64.211,SCOUT,7,5.486,-4.393,3.000,0.136,0.585,0.000,0.600,cmd_age=0.02s bat=1.00 dist=2.16m
221,64.211,SCOUT,8,-1.970,3.473,3.000,0.423,-0.427,0.000,0.601,cmd_age=0.02s bat=1.00 dist=2.16m
221,64.211,SCOUT,9,-3.470,4.973,3.000,0.423,-0.427,0.000,0.601,cmd_age=0.02s bat=1.00 dist=2.16m
221,64.211,SCOUT,10,-4.970,3.473,3.000,0.423,-0.427,0.000,0.601,cmd_age=0.02s bat=1.00 dist=2.16m
221,64.211,SCOUT,11,-3.470,1.973,3.000,0.423,-0.427,0.000,0.601,cmd_age=0.02s bat=1.00 dist=2.16m
221,64.211,SCOUT,12,4.970,3.470,3.000,-0.428,-0.425,0.000,0.603,cmd_age=0.02s bat=1.00 dist=2.16m
221,64.211,SCOUT,13,3.470,4.970,3.000,-0.428,-0.425,0.000,0.603,cmd_age=0.02s bat=1.00 dist=2.16m
221,64.211,SCOUT,14,1.970,3.470,3.000,-0.428,-0.425,0.000,0.603,cmd_age=0.02s bat=1.00 dist=2.16m
221,64.211,SCOUT,15,3.470,1.970,3.000,-0.428,-0.425,0.000,0.603,cmd_age=0.02s bat=1.00 dist=2.16m
221,64.211,WORKER,0,-5.567,1.673,3.000,-0.718,1.867,0.000,2.000,state=MOVING bat=1.00 dist=7.15m
221,64.211,WORKER,1,7.548,2.129,3.000,0.153,1.994,0.000,2.000,state=MOVING bat=1.00 dist=7.15m
221,64.211,WORKER,2,1.618,-0.458,3.000,1.292,-1.527,0.000,2.000,state=MOVING bat=1.00 dist=7.15m
221,64.211,WORKER,3,1.597,0.317,3.000,-1.511,-1.310,0.000,2.000,state=MOVING bat=1.00 dist=7.15m
222,64.427,GENERAL,0,0.000,0.000,5.000,0.000,0.000,0.000,0.000,N/A
222,64.427,NODE,0,-5.497,-2.844,3.000,-0.138,0.588,0.000,0.604,zone=0 dist=2.20m
222,64.427,NODE,1,5.497,-2.844,3.000,0.134,0.577,0.000,0.593,zone=1 dist=2.20m
222,64.427,NODE,2,-3.435,3.438,3.000,0.426,-0.424,0.000,0.601,zone=2 dist=2.20m
222,64.427,NODE,3,3.434,3.435,3.000,-0.427,-0.424,0.000,0.602,zone=3 dist=2.21m
222,64.427,SCOUT,0,-3.988,-2.883,3.000,-0.135,0.586,0.000,0.602,cmd_age=0.02s bat=1.00 dist=2.17m
222,64.427,SCOUT,1,-5.488,-1.383,3.000,-0.135,0.586,0.000,0.602,cmd_age=0.02s bat=1.00 dist=2.17m
222,64.427,SCOUT,2,-6.988,-2.883,3.000,-0.135,0.586,0.000,0.602,cmd_age=0.02s bat=1.00 dist=2.17m
222,64.427,SCOUT,3,-5.488,-4.383,3.000,-0.135,0.586,0.000,0.602,cmd_age=0.02s bat=1.00 dist=2.17m
222,64.427,SCOUT,4,6.988,-2.883,3.000,0.136,0.583,0.000,0.599,cmd_age=0.02s bat=1.00 dist=2.17m
222,64.427,SCOUT,5,5.488,-1.383,3.000,0.136,0.583,0.000,0.599,cmd_age=0.02s bat=1.00 dist=2.17m
222,64.427,SCOUT,6,3.988,-2.883,3.000,0.136,0.583,0.000,0.599,cmd_age=0.02s bat=1.00 dist=2.17m
222,64.427,SCOUT,7,5.488,-4.383,3.000,0.136,0.583,0.000,0.599,cmd_age=0.02s bat=1.00 dist=2.17m
222,64.427,SCOUT,8,-1.963,3.466,3.000,0.423,-0.426,0.000,0.601,cmd_age=0.02s bat=1.00 dist=2.17m
222,64.427,SCOUT,9,-3.463,4.966,3.000,0.423,-0.426,0.000,0.601,cmd_age=0.02s bat=1.00 dist=2.17m
222,64.427,SCOUT,10,-4.963,3.466,3.000,0.423,-0.426,0.000,0.601,cmd_age=0.02s bat=1.00 dist=2.17m
222,64.427,SCOUT,11,-3.463,1.966,3.000,0.423,-0.426,0.000,0.601,cmd_age=0.02s bat=1.00 dist=2.17m
222,64.427,SCOUT,12,4.963,3.463,3.000,-0.428,-0.425,0.000,0.603,cmd_age=0.02s bat=1.00 dist=2.17m
222,64.427,SCOUT,13,3.463,4.963,3.000,-0.428,-0.425,0.000,0.603,cmd_age=0.02s bat=1.00 dist=2.17m
222,64.427,SCOUT,14,1.963,3.463,3.000,-0.428,-0.425,0.000,0.603,cmd_age=0.02s bat=1.00 dist=2.17m
222,64.427,SCOUT,15,3.463,1.963,3.000,-0.428,-0.425,0.000,0.603,cmd_age=0.02s bat=1.00 dist=2.17m
222,64.427,WORKER,0,-5.579,1.705,3.000,-0.718,1.867,0.000,2.000,state=MOVING bat=1.00 dist=7.18m
222,64.427,WORKER,1,7.551,2.162,3.000,0.153,1.994,0.000,2.000,state=MOVING bat=1.00 dist=7.18m
222,64.427,WORKER,2,1.640,-0.484,3.000,1.292,-1.527,0.000,2.000,state=MOVING bat=1.00 dist=7.18m
222,64.427,WORKER,3,1.572,0.295,3.000,-1.511,-1.310,0.000,2.000,state=MOVING bat=1.00 dist=7.18m
223,64.646,GENERAL,0,0.000,0.000,5.000,0.000,0.000,0.000,0.000,N/A
223,64.646,NODE,0,-5.500,-2.834,3.000,-0.136,0.586,0.000,0.601,zone=0 dist=2.21m
223,64.646,NODE,1,5.499,-2.834,3.000,0.135,0.584,0.000,0.599,zone=1 dist=2.21m
223,64.646,NODE,2,-3.428,3.430,3.000,0.421,-0.428,0.000,0.600,zone=2 dist=2.21m
223,64.646,NODE,3,3.427,3.428,3.000,-0.424,-0.420,0.000,0.597,zone=3 dist=2.22m
223,64.646,SCOUT,0,-3.990,-2.874,3.000,-0.135,0.586,0.000,0.602,cmd_age=0.02s bat=1.00 dist=2.18m
223,64.646,SCOUT,1,-5.490,-1.374,3.000,-0.135,0.586,0.000,0.602,cmd_age=0.02s bat=1.00 dist=2.18m
223,64.646,SCOUT,2,-6.990,-2.874,3.000,-0.135,0.586,0.000,0.602,cmd_age=0.02s bat=1.00 dist=2.18m
223,64.646,SCOUT,3,-5.490,-4.374,3.000,-0.135,0.586,0.000,0.602,cmd_age=0.02s bat=1.00 dist=2.18m
223,64.646,SCOUT,4,6.990,-2.873,3.000,0.135,0.583,0.000,0.599,cmd_age=0.02s bat=1.00 dist=2.18m
223,64.646,SCOUT,5,5.490,-1.373,3.000,0.135,0.583,0.000,0.599,cmd_age=0.02s bat=1.00 dist=2.18m
223,64.646,SCOUT,6,3.990,-2.873,3.000,0.135,0.583,0.000,0.599,cmd_age=0.02s bat=1.00 dist=2.18m
223,64.646,SCOUT,7,5.490,-4.373,3.000,0.135,0.583,0.000,0.599,cmd_age=0.02s bat=1.00 dist=2.18m
223,64.646,SCOUT,8,-1.956,3.459,3.000,0.423,-0.426,0.000,0.600,cmd_age=0.02s bat=1.00 dist=2.18m
223,64.646,SCOUT,9,-3.456,4.959,3.000,0.423,-0.426,0.000,0.600,cmd_age=0.02s bat=1.00 dist=2.18m
223,64.646,SCOUT,10,-4.956,3.459,3.000,0.423,-0.426,0.000,0.600,cmd_age=0.02s bat=1.00 dist=2.18m
223,64.646,SCOUT,11,-3.456,1.959,3.000,0.423,-0.426,0.000,0.600,cmd_age=0.02s bat=1.00 dist=2.18m
223,64.646,SCOUT,12,4.955,3.456,3.000,-0.427,-0.424,0.000,0.602,cmd_age=0.02s bat=1.00 dist=2.18m
223,64.646,SCOUT,13,3.455,4.956,3.000,-0.427,-0.424,0.000,0.602,cmd_age=0.02s bat=1.00 dist=2.18m
223,64.646,SCOUT,14,1.955,3.456,3.000,-0.427,-0.424,0.000,0.602,cmd_age=0.02s bat=1.00 dist=2.18m
223,64.646,SCOUT,15,3.455,1.956,3.000,-0.427,-0.424,0.000,0.602,cmd_age=0.02s bat=1.00 dist=2.18m
223,64.646,WORKER,0,-5.591,1.736,3.000,-0.718,1.867,0.000,2.000,state=MOVING bat=1.00 dist=7.21m
223,64.646,WORKER,1,7.553,2.195,3.000,0.153,1.994,0.000,2.000,state=MOVING bat=1.00 dist=7.21m
223,64.646,WORKER,2,1.662,-0.509,3.000,1.292,-1.527,0.000,2.000,state=MOVING bat=1.00 dist=7.21m
223,64.646,WORKER,3,1.546,0.274,3.000,-1.511,-1.310,0.000,2.000,state=MOVING bat=1.00 dist=7.21m
224,64.887,GENERAL,0,0.000,0.000,5.000,0.000,0.000,0.000,0.000,N/A
224,64.887,NODE,0,-5.502,-2.825,3.000,-0.134,0.585,0.000,0.600,zone=0 dist=2.22m
224,64.887,NODE,1,5.502,-2.825,3.000,0.139,0.578,0.000,0.594,zone=1 dist=2.22m
224,64.887,NODE,2,-3.420,3.423,3.000,0.425,-0.423,0.000,0.599,zone=2 dist=2.22m
224,64.887,NODE,3,3.420,3.421,3.000,-0.421,-0.425,0.000,0.598,zone=3 dist=2.23m
224,64.887,SCOUT,0,-3.993,-2.864,3.000,-0.135,0.586,0.000,0.601,cmd_age=0.02s bat=1.00 dist=2.19m
224,64.887,SCOUT,1,-5.493,-1.364,3.000,-0.135,0.586,0.000,0.601,cmd_age=0.02s bat=1.00 dist=2.19m
224,64.887,SCOUT,2,-6.993,-2.864,3.000,-0.135,0.586,0.000,0.601,cmd_age=0.02s bat=1.00 dist=2.19m
224,64.887,SCOUT,3,-5.493,-4.364,3.000,-0.135,0.586,0.000,0.601,cmd_age=0.02s bat=1.00 dist=2.19m
224,64.887,SCOUT,4,6.993,-2.863,3.000,0.136,0.582,0.000,0.598,cmd_age=0.02s bat=1.00 dist=2.19m
224,64.887,SCOUT,5,5.493,-1.363,3.000,0.136,0.582,0.000,0.598,cmd_age=0.02s bat=1.00 dist=2.19m
224,64.887,SCOUT,6,3.993,-2.863,3.000,0.136,0.582,0.000,0.598,cmd_age=0.02s bat=1.00 dist=2.19m
224,64.887,SCOUT,7,5.493,-4.363,3.000,0.136,0.582,0.000,0.598,cmd_age=0.02s bat=1.00 dist=2.19m
224,64.887,SCOUT,8,-1.949,3.452,3.000,0.423,-0.426,0.000,0.600,cmd_age=0.02s bat=1.00 dist=2.19m
224,64.887,SCOUT,9,-3.449,4.952,3.000,0.423,-0.426,0.000,0.600,cmd_age=0.02s bat=1.00 dist=2.19m
224,64.887,SCOUT,10,-4.949,3.452,3.000,0.423,-0.426,0.000,0.600,cmd_age=0.02s bat=1.00 dist=2.19m
224,64.887,SCOUT,11,-3.449,1.952,3.000,0.423,-0.426,0.000,0.600,cmd_age=0.02s bat=1.00 dist=2.19m
224,64.887,SCOUT,12,4.948,3.449,3.000,-0.426,-0.424,0.000,0.601,cmd_age=0.02s bat=1.00 dist=2.19m
224,64.887,SCOUT,13,3.448,4.949,3.000,-0.426,-0.424,0.000,0.601,cmd_age=0.02s bat=1.00 dist=2.19m
224,64.887,SCOUT,14,1.948,3.449,3.000,-0.426,-0.424,0.000,0.601,cmd_age=0.02s bat=1.00 dist=2.19m
224,64.887,SCOUT,15,3.448,1.949,3.000,-0.426,-0.424,0.000,0.601,cmd_age=0.02s bat=1.00 dist=2.19m
224,64.887,WORKER,0,-5.603,1.767,3.000,-0.718,1.867,0.000,2.000,state=MOVING bat=1.00 dist=7.25m
224,64.887,WORKER,1,7.556,2.229,3.000,0.153,1.994,0.000,2.000,state=MOVING bat=1.00 dist=7.25m
224,64.887,WORKER,2,1.683,-0.535,3.000,1.292,-1.527,0.000,2.000,state=MOVING bat=1.00 dist=7.25m
224,64.887,WORKER,3,1.521,0.252,3.000,-1.511,-1.310,0.000,2.000,state=MOVING bat=1.00 dist=7.25m
225,65.104,GENERAL,0,0.000,0.000,5.000,0.000,0.000,0.000,0.000,N/A
225,65.104,NODE,0,-5.504,-2.815,3.000,-0.140,0.589,0.000,0.605,zone=0 dist=2.23m
225,65.104,NODE,1,5.504,-2.815,3.000,0.134,0.579,0.000,0.594,zone=1 dist=2.23m
225,65.104,NODE,2,-3.413,3.416,3.000,0.422,-0.426,0.000,0.600,zone=2 dist=2.23m
225,65.104,NODE,3,3.413,3.414,3.000,-0.418,-0.427,0.000,0.598,zone=3 dist=2.24m
225,65.104,SCOUT,0,-3.995,-2.854,3.000,-0.136,0.586,0.000,0.602,cmd_age=0.02s bat=1.00 dist=2.20m
225,65.104,SCOUT,1,-5.495,-1.354,3.000,-0.136,0.586,0.000,0.602,cmd_age=0.02s bat=1.00 dist=2.20m
225,65.104,SCOUT,2,-6.995,-2.854,3.000,-0.136,0.586,0.000,0.602,cmd_age=0.02s bat=1.00 dist=2.20m
225,65.104,SCOUT,3,-5.495,-4.354,3.000,-0.136,0.586,0.000,0.602,cmd_age=0.02s bat=1.00 dist=2.20m
225,65.104,SCOUT,4,6.995,-2.854,3.000,0.136,0.581,0.000,0.597,cmd_age=0.02s bat=1.00 dist=2.20m
225,65.104,SCOUT,5,5.495,-1.354,3.000,0.136,0.581,0.000,0.597,cmd_age=0.02s bat=1.00 dist=2.20m
225,65.104,SCOUT,6,3.995,-2.854,3.000,0.136,0.581,0.000,0.597,cmd_age=0.02s bat=1.00 dist=2.20m
225,65.104,SCOUT,7,5.495,-4.354,3.000,0.136,0.581,0.000,0.597,cmd_age=0.02s bat=1.00 dist=2.20m
225,65.104,SCOUT,8,-1.942,3.445,3.000,0.423,-0.426,0.000,0.600,cmd_age=0.02s bat=1.00 dist=2.20m
225,65.104,SCOUT,9,-3.442,4.945,3.000,0.423,-0.426,0.000,0.600,cmd_age=0.02s bat=1.00 dist=2.20m
225,65.104,SCOUT,10,-4.942,3.445,3.000,0.423,-0.426,0.000,0.600,cmd_age=0.02s bat=1.00 dist=2.20m
225,65.104,SCOUT,11,-3.442,1.945,3.000,0.423,-0.426,0.000,0.600,cmd_age=0.02s bat=1.00 dist=2.20m
225,65.104,SCOUT,12,4.941,3.442,3.000,-0.424,-0.425,0.000,0.600,cmd_age=0.02s bat=1.00 dist=2.20m
225,65.104,SCOUT,13,3.441,4.942,3.000,-0.424,-0.425,0.000,0.600,cmd_age=0.02s bat=1.00 dist=2.20m
225,65.104,SCOUT,14,1.941,3.442,3.000,-0.424,-0.425,0.000,0.600,cmd_age=0.02s bat=1.00 dist=2.20m
225,65.104,SCOUT,15,3.441,1.942,3.000,-0.424,-0.425,0.000,0.600,cmd_age=0.02s bat=1.00 dist=2.20m
225,65.104,WORKER,0,-5.615,1.798,3.000,-0.718,1.867,0.000,2.000,state=MOVING bat=1.00 dist=7.28m
225,65.104,WORKER,1,7.559,2.262,3.000,0.153,1.994,0.000,2.000,state=MOVING bat=1.00 dist=7.28m
225,65.104,WORKER,2,1.705,-0.560,3.000,1.292,-1.527,0.000,2.000,state=MOVING bat=1.00 dist=7.28m
225,65.104,WORKER,3,1.496,0.230,3.000,-1.511,-1.310,0.000,2.000,state=MOVING bat=1.00 dist=7.28m
226,65.317,GENERAL,0,0.000,0.000,5.000,0.000,0.000,0.000,0.000,N/A
226,65.317,NODE,0,-5.506,-2.805,3.000,-0.127,0.584,0.000,0.597,zone=0 dist=2.24m
226,65.317,NODE,1,5.506,-2.805,3.000,0.136,0.586,0.000,0.602,zone=1 dist=2.24m
226,65.317,NODE,2,-3.406,3.409,3.000,0.422,-0.422,0.000,0.597,zone=2 dist=2.24m
226,65.317,NODE,3,3.406,3.407,3.000,-0.425,-0.424,0.000,0.600,zone=3 dist=2.25m
226,65.317,SCOUT,0,-3.997,-2.844,3.000,-0.134,0.586,0.000,0.601,cmd_age=0.02s bat=1.00 dist=2.21m
226,65.317,SCOUT,1,-5.497,-1.344,3.000,-0.134,0.586,0.000,0.601,cmd_age=0.02s bat=1.00 dist=2.21m
226,65.317,SCOUT,2,-6.997,-2.844,3.000,-0.134,0.586,0.000,0.601,cmd_age=0.02s bat=1.00 dist=2.21m
226,65.317,SCOUT,3,-5.497,-4.344,3.000,-0.134,0.586,0.000,0.601,cmd_age=0.02s bat=1.00 dist=2.21m
226,65.317,SCOUT,4,6.997,-2.844,3.000,0.136,0.582,0.000,0.598,cmd_age=0.02s bat=1.00 dist=2.21m
226,65.317,SCOUT,5,5.497,-1.344,3.000,0.136,0.582,0.000,0.598,cmd_age=0.02s bat=1.00 dist=2.21m
226,65.317,SCOUT,6,3.997,-2.844,3.000,0.136,0.582,0.000,0.598,cmd_age=0.02s bat=1.00 dist=2.21m
226,65.317,SCOUT,7,5.497,-4.344,3.000,0.136,0.582,0.000,0.598,cmd_age=0.02s bat=1.00 dist=2.21m
226,65.317,SCOUT,8,-1.935,3.438,3.000,0.423,-0.425,0.000,0.599,cmd_age=0.02s bat=1.00 dist=2.21m
226,65.317,SCOUT,9,-3.435,4.938,3.000,0.423,-0.425,0.000,0.599,cmd_age=0.02s bat=1.00 dist=2.21m
226,65.317,SCOUT,10,-4.935,3.438,3.000,0.423,-0.425,0.000,0.599,cmd_age=0.02s bat=1.00 dist=2.21m
226,65.317,SCOUT,11,-3.435,1.938,3.000,0.423,-0.425,0.000,0.599,cmd_age=0.02s bat=1.00 dist=2.21m
226,65.317,SCOUT,12,4.934,3.435,3.000,-0.424,-0.425,0.000,0.600,cmd_age=0.02s bat=1.00 dist=2.21m
226,65.317,SCOUT,13,3.434,4.935,3.000,-0.424,-0.425,0.000,0.600,cmd_age=0.02s bat=1.00 dist=2.21m
226,65.317,SCOUT,14,1.934,3.435,3.000,-0.424,-0.425,0.000,0.600,cmd_age=0.02s bat=1.00 dist=2.21m
226,65.317,SCOUT,15,3.434,1.935,3.000,-0.424,-0.425,0.000,0.600,cmd_age=0.02s bat=1.00 dist=2.21m
226,65.317,WORKER,0,-5.627,1.829,3.000,-0.718,1.867,0.000,2.000,state=MOVING bat=1.00 dist=7.31m
226,65.317,WORKER,1,7.561,2.295,3.000,0.153,1.994,0.000,2.000,state=MOVING bat=1.00 dist=7.31m
226,65.317,WORKER,2,1.726,-0.585,3.000,1.292,-1.527,0.000,2.000,state=MOVING bat=1.00 dist=7.31m
226,65.317,WORKER,3,1.471,0.208,3.000,-1.511,-1.310,0.000,2.000,state=MOVING bat=1.00 dist=7.31m
227,65.530,GENERAL,0,0.000,0.000,5.000,0.000,0.000,0.000,0.000,N/A
227,65.530,NODE,0,-5.508,-2.796,3.000,-0.125,0.578,0.000,0.592,zone=0 dist=2.25m
227,65.530,NODE,1,5.508,-2.796,3.000,0.132,0.582,0.000,0.597,zone=1 dist=2.25m
227,65.530,NODE,2,-3.399,3.402,3.000,0.425,-0.422,0.000,0.599,zone=2 dist=2.25m
227,65.530,NODE,3,3.399,3.400,3.000,-0.427,-0.424,0.000,0.602,zone=3 dist=2.26m
227,65.530,SCOUT,0,-3.999,-2.834,3.000,-0.132,0.584,0.000,0.599,cmd_age=0.02s bat=1.00 dist=2.22m
227,65.530,SCOUT,1,-5.499,-1.334,3.000,-0.132,0.584,0.000,0.599,cmd_age=0.02s bat=1.00 dist=2.22m
227,65.530,SCOUT,2,-6.999,-2.834,3.000,-0.132,0.584,0.000,0.599,cmd_age=0.02s bat=1.00 dist=2.22m
227,65.530,SCOUT,3,-5.499,-4.334,3.000,-0.132,0.584,0.000,0.599,cmd_age=0.02s bat=1.00 dist=2.22m
227,65.530,SCOUT,4,6.999,-2.834,3.000,0.135,0.582,0.000,0.598,cmd_age=0.02s bat=1.00 dist=2.22m
227,65.530,SCOUT,5,5.499,-1.334,3.000,0.135,0.582,0.000,0.598,cmd_age=0.02s bat=1.00 dist=2.22m
227,65.530,SCOUT,6,3.999,-2.834,3.000,0.135,0.582,0.000,0.598,cmd_age=0.02s bat=1.00 dist=2.22m
227,65.530,SCOUT,7,5.499,-4.334,3.000,0.135,0.582,0.000,0.598,cmd_age=0.02s bat=1.00 dist=2.22m
227,65.530,SCOUT,8,-1.928,3.430,3.000,0.423,-0.425,0.000,0.599,cmd_age=0.02s bat=1.00 dist=2.22m
227,65.530,SCOUT,9,-3.428,4.930,3.000,0.423,-0.425,0.000,0.599,cmd_age=0.02s bat=1.00 dist=2.22m
227,65.530,SCOUT,10,-4.928,3.430,3.000,0.423,-0.425,0.000,0.599,cmd_age=0.02s bat=1.00 dist=2.22m
227,65.530,SCOUT,11,-3.428,1.930,3.000,0.423,-0.425,0.000,0.599,cmd_age=0.02s bat=1.00 dist=2.22m
227,65.530,SCOUT,12,4.927,3.428,3.000,-0.425,-0.425,0.000,0.601,cmd_age=0.02s bat=1.00 dist=2.22m
227,65.530,SCOUT,13,3.427,4.928,3.000,-0.425,-0.425,0.000,0.601,cmd_age=0.02s bat=1.00 dist=2.22m
227,65.530,SCOUT,14,1.927,3.428,3.000,-0.425,-0.425,0.000,0.601,cmd_age=0.02s bat=1.00 dist=2.22m
227,65.530,SCOUT,15,3.427,1.928,3.000,-0.425,-0.425,0.000,0.601,cmd_age=0.02s bat=1.00 dist=2.22m
227,65.530,WORKER,0,-5.638,1.860,3.000,-0.718,1.867,0.000,2.000,state=MOVING bat=1.00 dist=7.35m
227,65.530,WORKER,1,7.564,2.328,3.000,0.153,1.994,0.000,2.000,state=MOVING bat=1.00 dist=7.35m
227,65.530,WORKER,2,1.748,-0.611,3.000,1.292,-1.527,0.000,2.000,state=MOVING bat=1.00 dist=7.35m
227,65.530,WORKER,3,1.446,0.186,3.000,-1.511,-1.310,0.000,2.000,state=MOVING bat=1.00 dist=7.35m
228,66.479,GENERAL,0,0.000,0.000,5.000,0.000,0.000,0.000,0.000,N/A
228,66.479,NODE,0,-5.511,-2.786,3.000,-0.138,0.585,0.000,0.602,zone=0 dist=2.26m
228,66.479,NODE,1,5.511,-2.786,3.000,0.137,0.581,0.000,0.597,zone=1 dist=2.26m
228,66.479,NODE,2,-3.392,3.395,3.000,0.416,-0.429,0.000,0.597,zone=2 dist=2.26m
228,66.479,NODE,3,3.392,3.392,3.000,-0.424,-0.431,0.000,0.604,zone=3 dist=2.27m
228,66.479,SCOUT,0,-4.002,-2.825,3.000,-0.134,0.585,0.000,0.600,cmd_age=0.02s bat=1.00 dist=2.23m
228,66.479,SCOUT,1,-5.502,-1.325,3.000,-0.134,0.585,0.000,0.600,cmd_age=0.02s bat=1.00 dist=2.23m
228,66.479,SCOUT,2,-7.002,-2.825,3.000,-0.134,0.585,0.000,0.600,cmd_age=0.02s bat=1.00 dist=2.23m
228,66.479,SCOUT,3,-5.502,-4.325,3.000,-0.134,0.585,0.000,0.600,cmd_age=0.02s bat=1.00 dist=2.23m
228,66.479,SCOUT,4,7.002,-2.825,3.000,0.136,0.582,0.000,0.598,cmd_age=0.02s bat=1.00 dist=2.23m
228,66.479,SCOUT,5,5.502,-1.325,3.000,0.136,0.582,0.000,0.598,cmd_age=0.02s bat=1.00 dist=2.23m
228,66.479,SCOUT,6,4.002,-2.825,3.000,0.136,0.582,0.000,0.598,cmd_age=0.02s bat=1.00 dist=2.23m
228,66.479,SCOUT,7,5.502,-4.325,3.000,0.136,0.582,0.000,0.598,cmd_age=0.02s bat=1.00 dist=2.23m
228,66.479,SCOUT,8,-1.920,3.423,3.000,0.422,-0.425,0.000,0.599,cmd_age=0.02s bat=1.00 dist=2.23m
228,66.479,SCOUT,9,-3.420,4.923,3.000,0.422,-0.425,0.000,0.599,cmd_age=0.02s bat=1.00 dist=2.23m
228,66.479,SCOUT,10,-4.920,3.423,3.000,0.422,-0.425,0.000,0.599,cmd_age=0.02s bat=1.00 dist=2.23m
228,66.479,SCOUT,11,-3.420,1.923,3.000,0.422,-0.425,0.000,0.599,cmd_age=0.02s bat=1.00 dist=2.23m
228,66.479,SCOUT,12,4.920,3.421,3.000,-0.425,-0.426,0.000,0.601,cmd_age=0.02s bat=1.00 dist=2.23m
228,66.479,SCOUT,13,3.420,4.921,3.000,-0.425,-0.426,0.000,0.601,cmd_age=0.02s bat=1.00 dist=2.23m
228,66.479,SCOUT,14,1.920,3.421,3.000,-0.425,-0.426,0.000,0.601,cmd_age=0.02s bat=1.00 dist=2.23m
228,66.479,SCOUT,15,3.420,1.921,3.000,-0.425,-0.426,0.000,0.601,cmd_age=0.02s bat=1.00 dist=2.23m
228,66.479,WORKER,0,-5.650,1.891,3.000,-0.718,1.867,0.000,2.000,state=MOVING bat=1.00 dist=7.38m
228,66.479,WORKER,1,7.566,2.362,3.000,0.153,1.994,0.000,2.000,state=MOVING bat=1.00 dist=7.38m
228,66.479,WORKER,2,1.769,-0.636,3.000,1.292,-1.527,0.000,2.000,state=MOVING bat=1.00 dist=7.38m
228,66.479,WORKER,3,1.420,0.164,3.000,-1.511,-1.310,0.000,2.000,state=MOVING bat=1.00 dist=7.38m
229,66.672,GENERAL,0,0.000,0.000,5.000,0.000,0.000,0.000,0.000,N/A
229,66.672,NODE,0,-5.513,-2.776,3.000,-0.126,0.587,0.000,0.601,zone=0 dist=2.27m
229,66.672,NODE,1,5.513,-2.776,3.000,0.141,0.586,0.000,0.603,zone=1 dist=2.27m
229,66.672,NODE,2,-3.385,3.388,3.000,0.423,-0.429,0.000,0.602,zone=2 dist=2.27m
229,66.672,NODE,3,3.385,3.385,3.000,-0.420,-0.428,0.000,0.599,zone=3 dist=2.28m
229,66.672,SCOUT,0,-4.004,-2.815,3.000,-0.132,0.585,0.000,0.600,cmd_age=0.02s bat=1.00 dist=2.24m
229,66.672,SCOUT,1,-5.504,-1.315,3.000,-0.132,0.585,0.000,0.600,cmd_age=0.02s bat=1.00 dist=2.24m
229,66.672,SCOUT,2,-7.004,-2.815,3.000,-0.132,0.585,0.000,0.600,cmd_age=0.02s bat=1.00 dist=2.24m
229,66.672,SCOUT,3,-5.504,-4.315,3.000,-0.132,0.585,0.000,0.600,cmd_age=0.02s bat=1.00 dist=2.24m
229,66.672,SCOUT,4,7.004,-2.815,3.000,0.137,0.583,0.000,0.599,cmd_age=0.02s bat=1.00 dist=2.24m
229,66.672,SCOUT,5,5.504,-1.315,3.000,0.137,0.583,0.000,0.599,cmd_age=0.02s bat=1.00 dist=2.24m
229,66.672,SCOUT,6,4.004,-2.815,3.000,0.137,0.583,0.000,0.599,cmd_age=0.02s bat=1.00 dist=2.24m
229,66.672,SCOUT,7,5.504,-4.315,3.000,0.137,0.583,0.000,0.599,cmd_age=0.02s bat=1.00 dist=2.24m
229,66.672,SCOUT,8,-1.913,3.416,3.000,0.422,-0.426,0.000,0.600,cmd_age=0.02s bat=1.00 dist=2.24m
229,66.672,SCOUT,9,-3.413,4.916,3.000,0.422,-0.426,0.000,0.600,cmd_age=0.02s bat=1.00 dist=2.24m
229,66.672,SCOUT,10,-4.913,3.416,3.000,0.422,-0.426,0.000,0.600,cmd_age=0.02s bat=1.00 dist=2.24m
229,66.672,SCOUT,11,-3.413,1.916,3.000,0.422,-0.426,0.000,0.600,cmd_age=0.02s bat=1.00 dist=2.24m
229,66.672,SCOUT,12,4.913,3.414,3.000,-0.424,-0.426,0.000,0.601,cmd_age=0.02s bat=1.00 dist=2.24m
229,66.672,SCOUT,13,3.413,4.914,3.000,-0.424,-0.426,0.000,0.601,cmd_age=0.02s bat=1.00 dist=2.24m
229,66.672,SCOUT,14,1.913,3.414,3.000,-0.424,-0.426,0.000,0.601,cmd_age=0.02s bat=1.00 dist=2.24m
229,66.672,SCOUT,15,3.413,1.914,3.000,-0.424,-0.426,0.000,0.601,cmd_age=0.02s bat=1.00 dist=2.24m
229,66.672,WORKER,0,-5.662,1.922,3.000,-0.718,1.867,0.000,2.000,state=MOVING bat=1.00 dist=7.41m
229,66.672,WORKER,1,7.569,2.395,3.000,0.153,1.994,0.000,2.000,state=MOVING bat=1.00 dist=7.41m
229,66.672,WORKER,2,1.791,-0.662,3.000,1.292,-1.527,0.000,2.000,state=MOVING bat=1.00 dist=7.41m
229,66.672,WORKER,3,1.395,0.143,3.000,-1.511,-1.310,0.000,2.000,state=MOVING bat=1.00 dist=7.41m
230,66.861,GENERAL,0,0.000,0.000,5.000,0.000,0.000,0.000,0.000,N/A
230,66.861,NODE,0,-5.515,-2.766,3.000,-0.132,0.592,0.000,0.607,zone=0 dist=2.28m
230,66.861,NODE,1,5.515,-2.766,3.000,0.136,0.585,0.000,0.600,zone=1 dist=2.28m
230,66.861,NODE,2,-3.378,3.381,3.000,0.429,-0.427,0.000,0.605,zone=2 dist=2.28m
230,66.861,NODE,3,3.378,3.378,3.000,-0.423,-0.421,0.000,0.597,zone=3 dist=2.29m
230,66.861,SCOUT,0,-4.006,-2.805,3.000,-0.132,0.587,0.000,0.601,cmd_age=0.02s bat=1.00 dist=2.25m
230,66.861,SCOUT,1,-5.506,-1.305,3.000,-0.132,0.587,0.000,0.601,cmd_age=0.02s bat=1.00 dist=2.25m
230,66.861,SCOUT,2,-7.006,-2.805,3.000,-0.132,0.587,0.000,0.601,cmd_age=0.02s bat=1.00 dist=2.25m
230,66.861,SCOUT,3,-5.506,-4.305,3.000,-0.132,0.587,0.000,0.601,cmd_age=0.02s bat=1.00 dist=2.25m
230,66.861,SCOUT,4,7.006,-2.805,3.000,0.137,0.583,0.000,0.599,cmd_age=0.02s bat=1.00 dist=2.25m
230,66.861,SCOUT,5,5.506,-1.305,3.000,0.137,0.583,0.000,0.599,cmd_age=0.02s bat=1.00 dist=2.25m
230,66.861,SCOUT,6,4.006,-2.805,3.000,0.137,0.583,0.000,0.599,cmd_age=0.02s bat=1.00 dist=2.25m
230,66.861,SCOUT,7,5.506,-4.305,3.000,0.137,0.583,0.000,0.599,cmd_age=0.02s bat=1.00 dist=2.25m
230,66.861,SCOUT,8,-1.906,3.409,3.000,0.423,-0.426,0.000,0.601,cmd_age=0.02s bat=1.00 dist=2.25m
230,66.861,SCOUT,9,-3.406,4.909,3.000,0.423,-0.426,0.000,0.601,cmd_age=0.02s bat=1.00 dist=2.25m
230,66.861,SCOUT,10,-4.906,3.409,3.000,0.423,-0.426,0.000,0.601,cmd_age=0.02s bat=1.00 dist=2.25m
230,66.861,SCOUT,11,-3.406,1.909,3.000,0.423,-0.426,0.000,0.601,cmd_age=0.02s bat=1.00 dist=2.25m
230,66.861,SCOUT,12,4.906,3.407,3.000,-0.424,-0.425,0.000,0.600,cmd_age=0.02s bat=1.00 dist=2.25m
230,66.861,SCOUT,13,3.406,4.907,3.000,-0.424,-0.425,0.000,0.600,cmd_age=0.02s bat=1.00 dist=2.25m
230,66.861,SCOUT,14,1.906,3.407,3.000,-0.424,-0.425,0.000,0.600,cmd_age=0.02s bat=1.00 dist=2.25m
230,66.861,SCOUT,15,3.406,1.907,3.000,-0.424,-0.425,0.000,0.600,cmd_age=0.02s bat=1.00 dist=2.25m
230,66.861,WORKER,0,-5.674,1.953,3.000,-0.718,1.867,0.000,2.000,state=MOVING bat=1.00 dist=7.45m
230,66.861,WORKER,1,7.571,2.428,3.000,0.153,1.994,0.000,2.000,state=MOVING bat=1.00 dist=7.45m
230,66.861,WORKER,2,1.812,-0.687,3.000,1.292,-1.527,0.000,2.000,state=MOVING bat=1.00 dist=7.45m
230,66.861,WORKER,3,1.370,0.121,3.000,-1.511,-1.310,0.000,2.000,state=MOVING bat=1.00 dist=7.45m
231,67.051,GENERAL,0,0.000,0.000,5.000,0.000,0.000,0.000,0.000,N/A
231,67.051,NODE,0,-5.517,-2.756,3.000,-0.124,0.590,0.000,0.603,zone=0 dist=2.29m
231,67.051,NODE,1,5.518,-2.757,3.000,0.142,0.589,0.000,0.605,zone=1 dist=2.29m
231,67.051,NODE,2,-3.371,3.374,3.000,0.420,-0.422,0.000,0.595,zone=2 dist=2.29m
231,67.051,NODE,3,3.370,3.371,3.000,-0.430,-0.422,0.000,0.603,zone=3 dist=2.30m
231,67.051,SCOUT,0,-4.008,-2.795,3.000,-0.130,0.587,0.000,0.602,cmd_age=0.02s bat=1.00 dist=2.26m
231,67.051,SCOUT,1,-5.508,-1.295,3.000,-0.130,0.587,0.000,0.602,cmd_age=0.02s bat=1.00 dist=2.26m
231,67.051,SCOUT,2,-7.008,-2.795,3.000,-0.130,0.587,0.000,0.602,cmd_age=0.02s bat=1.00 dist=2.26m
231,67.051,SCOUT,3,-5.508,-4.295,3.000,-0.130,0.587,0.000,0.602,cmd_age=0.02s bat=1.00 dist=2.26m
231,67.051,SCOUT,4,7.009,-2.796,3.000,0.138,0.584,0.000,0.600,cmd_age=0.02s bat=1.00 dist=2.26m
231,67.051,SCOUT,5,5.509,-1.296,3.000,0.138,0.584,0.000,0.600,cmd_age=0.02s bat=1.00 dist=2.26m
231,67.051,SCOUT,6,4.009,-2.796,3.000,0.138,0.584,0.000,0.600,cmd_age=0.02s bat=1.00 dist=2.26m
231,67.051,SCOUT,7,5.509,-4.296,3.000,0.138,0.584,0.000,0.600,cmd_age=0.02s bat=1.00 dist=2.26m
231,67.051,SCOUT,8,-1.899,3.402,3.000,0.423,-0.425,0.000,0.600,cmd_age=0.02s bat=1.00 dist=2.26m
231,67.051,SCOUT,9,-3.399,4.902,3.000,0.423,-0.425,0.000,0.600,cmd_age=0.02s bat=1.00 dist=2.26m
231,67.051,SCOUT,10,-4.899,3.402,3.000,0.423,-0.425,0.000,0.600,cmd_age=0.02s bat=1.00 dist=2.26m
231,67.051,SCOUT,11,-3.399,1.902,3.000,0.423,-0.425,0.000,0.600,cmd_age=0.02s bat=1.00 dist=2.26m
231,67.051,SCOUT,12,4.899,3.400,3.000,-0.425,-0.424,0.000,0.601,cmd_age=0.02s bat=1.00 dist=2.26m
231,67.051,SCOUT,13,3.399,4.900,3.000,-0.425,-0.424,0.000,0.601,cmd_age=0.02s bat=1.00 dist=2.26m
231,67.051,SCOUT,14,1.899,3.400,3.000,-0.425,-0.424,0.000,0.601,cmd_age=0.02s bat=1.00 dist=2.26m
231,67.051,SCOUT,15,3.399,1.900,3.000,-0.425,-0.424,0.000,0.601,cmd_age=0.02s bat=1.00 dist=2.26m
231,67.051,WORKER,0,-5.686,1.985,3.000,-0.718,1.867,0.000,2.000,state=MOVING bat=1.00 dist=7.48m
231,67.051,WORKER,1,7.574,2.461,3.000,0.153,1.994,0.000,2.000,state=MOVING bat=1.00 dist=7.48m
231,67.051,WORKER,2,1.834,-0.713,3.000,1.292,-1.527,0.000,2.000,state=MOVING bat=1.00 dist=7.48m
231,67.051,WORKER,3,1.345,0.099,3.000,-1.511,-1.310,0.000,2.000,state=MOVING bat=1.00 dist=7.48m
232,67.239,GENERAL,0,0.000,0.000,5.000,0.000,0.000,0.000,0.000,N/A
232,67.239,NODE,0,-5.519,-2.747,3.000,-0.130,0.582,0.000,0.597,zone=0 dist=2.30m
232,67.239,NODE,1,5.520,-2.747,3.000,0.141,0.581,0.000,0.598,zone=1 dist=2.30m
232,67.239,NODE,2,-3.364,3.367,3.000,0.424,-0.422,0.000,0.598,zone=2 dist=2.30m
232,67.239,NODE,3,3.363,3.364,3.000,-0.421,-0.423,0.000,0.597,zone=3 dist=2.31m
232,67.239,SCOUT,0,-4.010,-2.786,3.000,-0.130,0.586,0.000,0.601,cmd_age=0.02s bat=1.00 dist=2.27m
232,67.239,SCOUT,1,-5.510,-1.286,3.000,-0.130,0.586,0.000,0.601,cmd_age=0.02s bat=1.00 dist=2.27m
232,67.239,SCOUT,2,-7.010,-2.786,3.000,-0.130,0.586,0.000,0.601,cmd_age=0.02s bat=1.00 dist=2.27m
232,67.239,SCOUT,3,-5.510,-4.286,3.000,-0.130,0.586,0.000,0.601,cmd_age=0.02s bat=1.00 dist=2.27m
232,67.239,SCOUT,4,7.011,-2.786,3.000,0.138,0.584,0.000,0.600,cmd_age=0.02s bat=1.00 dist=2.27m
232,67.239,SCOUT,5,5.511,-1.286,3.000,0.138,0.584,0.000,0.600,cmd_age=0.02s bat=1.00 dist=2.27m
232,67.239,SCOUT,6,4.011,-2.786,3.000,0.138,0.584,0.000,0.600,cmd_age=0.02s bat=1.00 dist=2.27m
232,67.239,SCOUT,7,5.511,-4.286,3.000,0.138,0.584,0.000,0.600,cmd_age=0.02s bat=1.00 dist=2.27m
232,67.239,SCOUT,8,-1.892,3.395,3.000,0.423,-0.425,0.000,0.599,cmd_age=0.02s bat=1.00 dist=2.27m
232,67.239,SCOUT,9,-3.392,4.895,3.000,0.423,-0.425,0.000,0.599,cmd_age=0.02s bat=1.00 dist=2.27m
232,67.239,SCOUT,10,-4.892,3.395,3.000,0.423,-0.425,0.000,0.599,cmd_age=0.02s bat=1.00 dist=2.27m
232,67.239,SCOUT,11,-3.392,1.895,3.000,0.423,-0.425,0.000,0.599,cmd_age=0.02s bat=1.00 dist=2.27m
232,67.239,SCOUT,12,4.892,3.393,3.000,-0.424,-0.424,0.000,0.600,cmd_age=0.02s bat=1.00 dist=2.27m
232,67.239,SCOUT,13,3.392,4.893,3.000,-0.424,-0.424,0.000,0.600,cmd_age=0.02s bat=1.00 dist=2.27m
232,67.239,SCOUT,14,1.892,3.393,3.000,-0.424,-0.424,0.000,0.600,cmd_age=0.02s bat=1.00 dist=2.27m
232,67.239,SCOUT,15,3.392,1.893,3.000,-0.424,-0.424,0.000,0.600,cmd_age=0.02s bat=1.00 dist=2.27m
232,67.239,WORKER,0,-5.698,2.016,3.000,-0.718,1.867,0.000,2.000,state=MOVING bat=1.00 dist=7.51m
232,67.239,WORKER,1,7.577,2.495,3.000,0.153,1.994,0.000,2.000,state=MOVING bat=1.00 dist=7.51m
232,67.239,WORKER,2,1.855,-0.738,3.000,1.292,-1.527,0.000,2.000,state=MOVING bat=1.00 dist=7.51m
232,67.239,WORKER,3,1.320,0.077,3.000,-1.511,-1.310,0.000,2.000,state=MOVING bat=1.00 dist=7.51m
233,67.428,GENERAL,0,0.000,0.000,5.000,0.000,0.000,0.000,0.000,N/A
233,67.428,NODE,0,-5.521,-2.737,3.000,-0.138,0.580,0.000,0.596,zone=0 dist=2.31m
233,67.428,NODE,1,5.522,-2.737,3.000,0.137,0.582,0.000,0.598,zone=1 dist=2.31m
233,67.428,NODE,2,-3.357,3.360,3.000,0.425,-0.422,0.000,0.599,zone=2 dist=2.31m
233,67.428,NODE,3,3.356,3.357,3.000,-0.431,-0.429,0.000,0.608,zone=3 dist=2.32m
233,67.428,SCOUT,0,-4.013,-2.776,3.000,-0.132,0.585,0.000,0.600,cmd_age=0.02s bat=1.00 dist=2.28m
233,67.428,SCOUT,1,-5.513,-1.276,3.000,-0.132,0.585,0.000,0.600,cmd_age=0.02s bat=1.00 dist=2.28m
233,67.428,SCOUT,2,-7.013,-2.776,3.000,-0.132,0.585,0.000,0.600,cmd_age=0.02s bat=1.00 dist=2.28m
233,67.428,SCOUT,3,-5.513,-4.276,3.000,-0.132,0.585,0.000,0.600,cmd_age=0.02s bat=1.00 dist=2.28m
233,67.428,SCOUT,4,7.013,-2.776,3.000,0.138,0.583,0.000,0.600,cmd_age=0.02s bat=1.00 dist=2.28m
233,67.428,SCOUT,5,5.513,-1.276,3.000,0.138,0.583,0.000,0.600,cmd_age=0.02s bat=1.00 dist=2.28m
233,67.428,SCOUT,6,4.013,-2.776,3.000,0.138,0.583,0.000,0.600,cmd_age=0.02s bat=1.00 dist=2.28m
233,67.428,SCOUT,7,5.513,-4.276,3.000,0.138,0.583,0.000,0.600,cmd_age=0.02s bat=1.00 dist=2.28m
233,67.428,SCOUT,8,-1.885,3.388,3.000,0.423,-0.424,0.000,0.599,cmd_age=0.02s bat=1.00 dist=2.28m
233,67.428,SCOUT,9,-3.385,4.888,3.000,0.423,-0.424,0.000,0.599,cmd_age=0.02s bat=1.00 dist=2.28m
233,67.428,SCOUT,10,-4.885,3.388,3.000,0.423,-0.424,0.000,0.599,cmd_age=0.02s bat=1.00 dist=2.28m
233,67.428,SCOUT,11,-3.385,1.888,3.000,0.423,-0.424,0.000,0.599,cmd_age=0.02s bat=1.00 dist=2.28m
233,67.428,SCOUT,12,4.885,3.385,3.000,-0.425,-0.425,0.000,0.601,cmd_age=0.02s bat=1.00 dist=2.28m
233,67.428,SCOUT,13,3.385,4.885,3.000,-0.425,-0.425,0.000,0.601,cmd_age=0.02s bat=1.00 dist=2.28m
233,67.428,SCOUT,14,1.885,3.385,3.000,-0.425,-0.425,0.000,0.601,cmd_age=0.02s bat=1.00 dist=2.28m
233,67.428,SCOUT,15,3.385,1.885,3.000,-0.425,-0.425,0.000,0.601,cmd_age=0.02s bat=1.00 dist=2.28m
233,67.428,WORKER,0,-5.710,2.047,3.000,-0.718,1.867,0.000,2.000,state=MOVING bat=1.00 dist=7.55m
233,67.428,WORKER,1,7.579,2.528,3.000,0.153,1.994,0.000,2.000,state=MOVING bat=1.00 dist=7.55m
233,67.428,WORKER,2,1.877,-0.764,3.000,1.292,-1.527,0.000,2.000,state=MOVING bat=1.00 dist=7.55m
233,67.428,WORKER,3,1.295,0.055,3.000,-1.511,-1.310,0.000,2.000,state=MOVING bat=1.00 dist=7.55m
234,67.631,GENERAL,0,0.000,0.000,5.000,0.000,0.000,0.000,0.000,N/A
234,67.631,NODE,0,-5.524,-2.727,3.000,-0.134,0.586,0.000,0.601,zone=0 dist=2.32m
234,67.631,NODE,1,5.525,-2.727,3.000,0.137,0.584,0.000,0.600,zone=1 dist=2.32m
234,67.631,NODE,2,-3.350,3.353,3.000,0.423,-0.425,0.000,0.599,zone=2 dist=2.32m
234,67.631,NODE,3,3.349,3.350,3.000,-0.421,-0.423,0.000,0.597,zone=3 dist=2.33m
234,67.631,SCOUT,0,-4.015,-2.766,3.000,-0.132,0.585,0.000,0.600,cmd_age=0.02s bat=1.00 dist=2.29m
234,67.631,SCOUT,1,-5.515,-1.266,3.000,-0.132,0.585,0.000,0.600,cmd_age=0.02s bat=1.00 dist=2.29m
234,67.631,SCOUT,2,-7.015,-2.766,3.000,-0.132,0.585,0.000,0.600,cmd_age=0.02s bat=1.00 dist=2.29m
234,67.631,SCOUT,3,-5.515,-4.266,3.000,-0.132,0.585,0.000,0.600,cmd_age=0.02s bat=1.00 dist=2.29m
234,67.631,SCOUT,4,7.015,-2.766,3.000,0.138,0.584,0.000,0.600,cmd_age=0.02s bat=1.00 dist=2.29m
234,67.631,SCOUT,5,5.515,-1.266,3.000,0.138,0.584,0.000,0.600,cmd_age=0.02s bat=1.00 dist=2.29m
234,67.631,SCOUT,6,4.015,-2.766,3.000,0.138,0.584,0.000,0.600,cmd_age=0.02s bat=1.00 dist=2.29m
234,67.631,SCOUT,7,5.515,-4.266,3.000,0.138,0.584,0.000,0.600,cmd_age=0.02s bat=1.00 dist=2.29m
234,67.631,SCOUT,8,-1.878,3.381,3.000,0.423,-0.424,0.000,0.599,cmd_age=0.02s bat=1.00 dist=2.29m
234,67.631,SCOUT,9,-3.378,4.881,3.000,0.423,-0.424,0.000,0.599,cmd_age=0.02s bat=1.00 dist=2.29m
234,67.631,SCOUT,10,-4.878,3.381,3.000,0.423,-0.424,0.000,0.599,cmd_age=0.02s bat=1.00 dist=2.29m
234,67.631,SCOUT,11,-3.378,1.881,3.000,0.423,-0.424,0.000,0.599,cmd_age=0.02s bat=1.00 dist=2.29m
234,67.631,SCOUT,12,4.878,3.378,3.000,-0.425,-0.425,0.000,0.601,cmd_age=0.02s bat=1.00 dist=2.29m
234,67.631,SCOUT,13,3.378,4.878,3.000,-0.425,-0.425,0.000,0.601,cmd_age=0.02s bat=1.00 dist=2.29m
234,67.631,SCOUT,14,1.878,3.378,3.000,-0.425,-0.425,0.000,0.601,cmd_age=0.02s bat=1.00 dist=2.29m
234,67.631,SCOUT,15,3.378,1.878,3.000,-0.425,-0.425,0.000,0.601,cmd_age=0.02s bat=1.00 dist=2.29m
234,67.631,WORKER,0,-5.722,2.078,3.000,-0.718,1.867,0.000,2.000,state=MOVING bat=1.00 dist=7.58m
234,67.631,WORKER,1,7.582,2.561,3.000,0.153,1.994,0.000,2.000,state=MOVING bat=1.00 dist=7.58m
234,67.631,WORKER,2,1.898,-0.789,3.000,1.292,-1.527,0.000,2.000,state=MOVING bat=1.00 dist=7.58m
234,67.631,WORKER,3,1.269,0.033,3.000,-1.511,-1.310,0.000,2.000,state=MOVING bat=1.00 dist=7.58m
235,67.848,GENERAL,0,0.000,0.000,5.000,0.000,0.000,0.000,0.000,N/A
235,67.848,NODE,0,-5.526,-2.717,3.000,-0.134,0.580,0.000,0.596,zone=0 dist=2.33m
235,67.848,NODE,1,5.527,-2.718,3.000,0.132,0.588,0.000,0.603,zone=1 dist=2.33m
235,67.848,NODE,2,-3.343,3.346,3.000,0.427,-0.419,0.000,0.598,zone=2 dist=2.33m
235,67.848,NODE,3,3.342,3.343,3.000,-0.422,-0.424,0.000,0.598,zone=3 dist=2.34m
235,67.848,SCOUT,0,-4.017,-2.756,3.000,-0.133,0.584,0.000,0.599,cmd_age=0.02s bat=1.00 dist=2.30m
235,67.848,SCOUT,1,-5.517,-1.256,3.000,-0.133,0.584,0.000,0.599,cmd_age=0.02s bat=1.00 dist=2.30m
235,67.848,SCOUT,2,-7.017,-2.756,3.000,-0.133,0.584,0.000,0.599,cmd_age=0.02s bat=1.00 dist=2.30m
235,67.848,SCOUT,3,-5.517,-4.256,3.000,-0.133,0.584,0.000,0.599,cmd_age=0.02s bat=1.00 dist=2.30m
235,67.848,SCOUT,4,7.018,-2.757,3.000,0.137,0.584,0.000,0.600,cmd_age=0.02s bat=1.00 dist=2.30m
235,67.848,SCOUT,5,5.518,-1.257,3.000,0.137,0.584,0.000,0.600,cmd_age=0.02s bat=1.00 dist=2.30m
235,67.848,SCOUT,6,4.018,-2.757,3.000,0.137,0.584,0.000,0.600,cmd_age=0.02s bat=1.00 dist=2.30m
235,67.848,SCOUT,7,5.518,-4.257,3.000,0.137,0.584,0.000,0.600,cmd_age=0.02s bat=1.00 dist=2.30m
235,67.848,SCOUT,8,-1.871,3.374,3.000,0.424,-0.423,0.000,0.599,cmd_age=0.02s bat=1.00 dist=2.30m
235,67.848,SCOUT,9,-3.371,4.874,3.000,0.424,-0.423,0.000,0.599,cmd_age=0.02s bat=1.00 dist=2.30m
235,67.848,SCOUT,10,-4.871,3.374,3.000,0.424,-0.423,0.000,0.599,cmd_age=0.02s bat=1.00 dist=2.30m
235,67.848,SCOUT,11,-3.371,1.874,3.000,0.424,-0.423,0.000,0.599,cmd_age=0.02s bat=1.00 dist=2.30m
235,67.848,SCOUT,12,4.870,3.371,3.000,-0.424,-0.425,0.000,0.600,cmd_age=0.02s bat=1.00 dist=2.30m
235,67.848,SCOUT,13,3.370,4.871,3.000,-0.424,-0.425,0.000,0.600,cmd_age=0.02s bat=1.00 dist=2.30m
235,67.848,SCOUT,14,1.870,3.371,3.000,-0.424,-0.425,0.000,0.600,cmd_age=0.02s bat=1.00 dist=2.30m
235,67.848,SCOUT,15,3.370,1.871,3.000,-0.424,-0.425,0.000,0.600,cmd_age=0.02s bat=1.00 dist=2.30m
235,67.848,WORKER,0,-5.734,2.109,3.000,-0.718,1.867,0.000,2.000,state=MOVING bat=1.00 dist=7.61m
235,67.848,WORKER,1,7.584,2.594,3.000,0.153,1.994,0.000,2.000,state=MOVING bat=1.00 dist=7.61m
235,67.848,WORKER,2,1.920,-0.814,3.000,1.292,-1.527,0.000,2.000,state=MOVING bat=1.00 dist=7.61m
235,67.848,WORKER,3,1.244,0.012,3.000,-1.511,-1.310,0.000,2.000,state=MOVING bat=1.00 dist=7.61m
236,68.087,GENERAL,0,0.000,0.000,5.000,0.000,0.000,0.000,0.000,N/A
236,68.087,NODE,0,-5.528,-2.708,3.000,-0.128,0.581,0.000,0.595,zone=0 dist=2.34m
236,68.087,NODE,1,5.529,-2.708,3.000,0.133,0.587,0.000,0.601,zone=1 dist=2.34m
236,68.087,NODE,2,-3.336,3.339,3.000,0.423,-0.424,0.000,0.598,zone=2 dist=2.34m
236,68.087,NODE,3,3.335,3.336,3.000,-0.424,-0.420,0.000,0.597,zone=3 dist=2.35m
236,68.087,SCOUT,0,-4.019,-2.747,3.000,-0.132,0.584,0.000,0.598,cmd_age=0.02s bat=1.00 dist=2.31m
236,68.087,SCOUT,1,-5.519,-1.247,3.000,-0.132,0.584,0.000,0.598,cmd_age=0.02s bat=1.00 dist=2.31m
236,68.087,SCOUT,2,-7.019,-2.747,3.000,-0.132,0.584,0.000,0.598,cmd_age=0.02s bat=1.00 dist=2.31m
236,68.087,SCOUT,3,-5.519,-4.247,3.000,-0.132,0.584,0.000,0.598,cmd_age=0.02s bat=1.00 dist=2.31m
236,68.087,SCOUT,4,7.020,-2.747,3.000,0.136,0.585,0.000,0.600,cmd_age=0.02s bat=1.00 dist=2.31m
236,68.087,SCOUT,5,5.520,-1.247,3.000,0.136,0.585,0.000,0.600,cmd_age=0.02s bat=1.00 dist=2.31m
236,68.087,SCOUT,6,4.020,-2.747,3.000,0.136,0.585,0.000,0.600,cmd_age=0.02s bat=1.00 dist=2.31m
236,68.087,SCOUT,7,5.520,-4.247,3.000,0.136,0.585,0.000,0.600,cmd_age=0.02s bat=1.00 dist=2.31m
236,68.087,SCOUT,8,-1.864,3.367,3.000,0.424,-0.423,0.000,0.599,cmd_age=0.02s bat=1.00 dist=2.31m
236,68.087,SCOUT,9,-3.364,4.867,3.000,0.424,-0.423,0.000,0.599,cmd_age=0.02s bat=1.00 dist=2.31m
236,68.087,SCOUT,10,-4.864,3.367,3.000,0.424,-0.423,0.000,0.599,cmd_age=0.02s bat=1.00 dist=2.31m
236,68.087,SCOUT,11,-3.364,1.867,3.000,0.424,-0.423,0.000,0.599,cmd_age=0.02s bat=1.00 dist=2.31m
236,68.087,SCOUT,12,4.863,3.364,3.000,-0.424,-0.424,0.000,0.599,cmd_age=0.02s bat=1.00 dist=2.31m
236,68.087,SCOUT,13,3.363,4.864,3.000,-0.424,-0.424,0.000,0.599,cmd_age=0.02s bat=1.00 dist=2.31m
236,68.087,SCOUT,14,1.863,3.364,3.000,-0.424,-0.424,0.000,0.599,cmd_age=0.02s bat=1.00 dist=2.31m
236,68.087,SCOUT,15,3.363,1.864,3.000,-0.424,-0.424,0.000,0.599,cmd_age=0.02s bat=1.00 dist=2.31m
236,68.087,WORKER,0,-5.746,2.140,3.000,-0.718,1.867,0.000,2.000,state=MOVING bat=1.00 dist=7.65m
236,68.087,WORKER,1,7.587,2.627,3.000,0.153,1.994,0.000,2.000,state=MOVING bat=1.00 dist=7.65m
236,68.087,WORKER,2,1.941,-0.840,3.000,1.292,-1.527,0.000,2.000,state=MOVING bat=1.00 dist=7.65m
236,68.087,WORKER,3,1.219,-0.010,3.000,-1.511,-1.310,0.000,2.000,state=MOVING bat=1.00 dist=7.65m
237,68.329,GENERAL,0,0.000,0.000,5.000,0.000,0.000,0.000,0.000,N/A
237,68.329,NODE,0,-5.530,-2.698,3.000,-0.138,0.582,0.000,0.598,zone=0 dist=2.35m
237,68.329,NODE,1,5.531,-2.698,3.000,0.132,0.589,0.000,0.603,zone=1 dist=2.35m
237,68.329,NODE,2,-3.329,3.331,3.000,0.419,-0.424,0.000,0.596,zone=2 dist=2.35m
237,68.329,NODE,3,3.328,3.329,3.000,-0.422,-0.425,0.000,0.599,zone=3 dist=2.36m
237,68.329,SCOUT,0,-4.021,-2.737,3.000,-0.133,0.583,0.000,0.598,cmd_age=0.02s bat=1.00 dist=2.32m
237,68.329,SCOUT,1,-5.521,-1.237,3.000,-0.133,0.583,0.000,0.598,cmd_age=0.02s bat=1.00 dist=2.32m
237,68.329,SCOUT,2,-7.021,-2.737,3.000,-0.133,0.583,0.000,0.598,cmd_age=0.02s bat=1.00 dist=2.32m
237,68.329,SCOUT,3,-5.521,-4.237,3.000,-0.133,0.583,0.000,0.598,cmd_age=0.02s bat=1.00 dist=2.32m
237,68.329,SCOUT,4,7.022,-2.737,3.000,0.135,0.586,0.000,0.601,cmd_age=0.02s bat=1.00 dist=2.32m
237,68.329,SCOUT,5,5.522,-1.237,3.000,0.135,0.586,0.000,0.601,cmd_age=0.02s bat=1.00 dist=2.32m
237,68.329,SCOUT,6,4.022,-2.737,3.000,0.135,0.586,0.000,0.601,cmd_age=0.02s bat=1.00 dist=2.32m
237,68.329,SCOUT,7,5.522,-4.237,3.000,0.135,0.586,0.000,0.601,cmd_age=0.02s bat=1.00 dist=2.32m
237,68.329,SCOUT,8,-1.857,3.360,3.000,0.423,-0.423,0.000,0.598,cmd_age=0.02s bat=1.00 dist=2.32m
237,68.329,SCOUT,9,-3.357,4.860,3.000,0.423,-0.423,0.000,0.598,cmd_age=0.02s bat=1.00 dist=2.32m
237,68.329,SCOUT,10,-4.857,3.360,3.000,0.423,-0.423,0.000,0.598,cmd_age=0.02s bat=1.00 dist=2.32m
237,68.329,SCOUT,11,-3.357,1.860,3.000,0.423,-0.423,0.000,0.598,cmd_age=0.02s bat=1.00 dist=2.32m
237,68.329,SCOUT,12,4.856,3.357,3.000,-0.424,-0.424,0.000,0.599,cmd_age=0.02s bat=1.00 dist=2.32m
237,68.329,SCOUT,13,3.356,4.857,3.000,-0.424,-0.424,0.000,0.599,cmd_age=0.02s bat=1.00 dist=2.32m
237,68.329,SCOUT,14,1.856,3.357,3.000,-0.424,-0.424,0.000,0.599,cmd_age=0.02s bat=1.00 dist=2.32m
237,68.329,SCOUT,15,3.356,1.857,3.000,-0.424,-0.424,0.000,0.599,cmd_age=0.02s bat=1.00 dist=2.32m
237,68.329,WORKER,0,-5.758,2.171,3.000,-0.718,1.867,0.000,2.000,state=MOVING bat=1.00 dist=7.68m
237,68.329,WORKER,1,7.589,2.661,3.000,0.153,1.994,0.000,2.000,state=MOVING bat=1.00 dist=7.68m
237,68.329,WORKER,2,1.963,-0.865,3.000,1.292,-1.527,0.000,2.000,state=MOVING bat=1.00 dist=7.68m
237,68.329,WORKER,3,1.194,-0.032,3.000,-1.511,-1.310,0.000,2.000,state=MOVING bat=1.00 dist=7.68m
238,68.543,GENERAL,0,0.000,0.000,5.000,0.000,0.000,0.000,0.000,N/A
238,68.543,NODE,0,-5.532,-2.688,3.000,-0.130,0.577,0.000,0.592,zone=0 dist=2.36m
238,68.543,NODE,1,5.533,-2.688,3.000,0.129,0.585,0.000,0.599,zone=1 dist=2.36m
238,68.543,NODE,2,-3.322,3.324,3.000,0.423,-0.426,0.000,0.600,zone=2 dist=2.36m
238,68.543,NODE,3,3.321,3.322,3.000,-0.430,-0.417,0.000,0.599,zone=3 dist=2.37m
238,68.543,SCOUT,0,-4.024,-2.727,3.000,-0.132,0.582,0.000,0.597,cmd_age=0.02s bat=1.00 dist=2.33m
238,68.543,SCOUT,1,-5.524,-1.227,3.000,-0.132,0.582,0.000,0.597,cmd_age=0.02s bat=1.00 dist=2.33m
238,68.543,SCOUT,2,-7.024,-2.727,3.000,-0.132,0.582,0.000,0.597,cmd_age=0.02s bat=1.00 dist=2.33m
238,68.543,SCOUT,3,-5.524,-4.227,3.000,-0.132,0.582,0.000,0.597,cmd_age=0.02s bat=1.00 dist=2.33m
238,68.543,SCOUT,4,7.024,-2.727,3.000,0.134,0.585,0.000,0.601,cmd_age=0.02s bat=1.00 dist=2.33m
238,68.543,SCOUT,5,5.524,-1.227,3.000,0.134,0.585,0.000,0.601,cmd_age=0.02s bat=1.00 dist=2.33m
238,68.543,SCOUT,6,4.024,-2.727,3.000,0.134,0.585,0.000,0.601,cmd_age=0.02s bat=1.00 dist=2.33m
238,68.543,SCOUT,7,5.524,-4.227,3.000,0.134,0.585,0.000,0.601,cmd_age=0.02s bat=1.00 dist=2.33m
238,68.543,SCOUT,8,-1.850,3.353,3.000,0.423,-0.424,0.000,0.599,cmd_age=0.02s bat=1.00 dist=2.33m
238,68.543,SCOUT,9,-3.350,4.853,3.000,0.423,-0.424,0.000,0.599,cmd_age=0.02s bat=1.00 dist=2.33m
238,68.543,SCOUT,10,-4.850,3.353,3.000,0.423,-0.424,0.000,0.599,cmd_age=0.02s bat=1.00 dist=2.33m
238,68.543,SCOUT,11,-3.350,1.853,3.000,0.423,-0.424,0.000,0.599,cmd_age=0.02s bat=1.00 dist=2.33m
238,68.543,SCOUT,12,4.849,3.350,3.000,-0.425,-0.423,0.000,0.599,cmd_age=0.02s bat=1.00 dist=2.33m
238,68.543,SCOUT,13,3.349,4.850,3.000,-0.425,-0.423,0.000,0.599,cmd_age=0.02s bat=1.00 dist=2.33m
238,68.543,SCOUT,14,1.849,3.350,3.000,-0.425,-0.423,0.000,0.599,cmd_age=0.02s bat=1.00 dist=2.33m
238,68.543,SCOUT,15,3.349,1.850,3.000,-0.425,-0.423,0.000,0.599,cmd_age=0.02s bat=1.00 dist=2.33m
238,68.543,WORKER,0,-5.770,2.202,3.000,-0.718,1.867,0.000,2.000,state=MOVING bat=1.00 dist=7.71m
238,68.543,WORKER,1,7.592,2.694,3.000,0.153,1.994,0.000,2.000,state=MOVING bat=1.00 dist=7.71m
238,68.543,WORKER,2,1.985,-0.891,3.000,1.292,-1.527,0.000,2.000,state=MOVING bat=1.00 dist=7.71m
238,68.543,WORKER,3,1.169,-0.054,3.000,-1.511,-1.310,0.000,2.000,state=MOVING bat=1.00 dist=7.71m
239,68.987,GENERAL,0,0.000,0.000,5.000,0.000,0.000,0.000,0.000,N/A
239,68.987,NODE,0,-5.535,-2.679,3.000,-0.133,0.584,0.000,0.599,zone=0 dist=2.37m
239,68.987,NODE,1,5.535,-2.678,3.000,0.127,0.588,0.000,0.601,zone=1 dist=2.37m
239,68.987,NODE,2,-3.315,3.317,3.000,0.422,-0.429,0.000,0.602,zone=2 dist=2.37m
239,68.987,NODE,3,3.314,3.315,3.000,-0.427,-0.417,0.000,0.597,zone=3 dist=2.38m
239,68.987,SCOUT,0,-4.026,-2.718,3.000,-0.132,0.582,0.000,0.597,cmd_age=0.02s bat=1.00 dist=2.34m
239,68.987,SCOUT,1,-5.526,-1.218,3.000,-0.132,0.582,0.000,0.597,cmd_age=0.02s bat=1.00 dist=2.34m
239,68.987,SCOUT,2,-7.026,-2.718,3.000,-0.132,0.582,0.000,0.597,cmd_age=0.02s bat=1.00 dist=2.34m
239,68.987,SCOUT,3,-5.526,-4.218,3.000,-0.132,0.582,0.000,0.597,cmd_age=0.02s bat=1.00 dist=2.34m
239,68.987,SCOUT,4,7.027,-2.718,3.000,0.133,0.586,0.000,0.601,cmd_age=0.02s bat=1.00 dist=2.34m
239,68.987,SCOUT,5,5.527,-1.218,3.000,0.133,0.586,0.000,0.601,cmd_age=0.02s bat=1.00 dist=2.34m
239,68.987,SCOUT,6,4.027,-2.718,3.000,0.133,0.586,0.000,0.601,cmd_age=0.02s bat=1.00 dist=2.34m
239,68.987,SCOUT,7,5.527,-4.218,3.000,0.133,0.586,0.000,0.601,cmd_age=0.02s bat=1.00 dist=2.34m
239,68.987,SCOUT,8,-1.843,3.346,3.000,0.423,-0.425,0.000,0.599,cmd_age=0.02s bat=1.00 dist=2.34m
239,68.987,SCOUT,9,-3.343,4.846,3.000,0.423,-0.425,0.000,0.599,cmd_age=0.02s bat=1.00 dist=2.34m
239,68.987,SCOUT,10,-4.843,3.346,3.000,0.423,-0.425,0.000,0.599,cmd_age=0.02s bat=1.00 dist=2.34m
239,68.987,SCOUT,11,-3.343,1.846,3.000,0.423,-0.425,0.000,0.599,cmd_age=0.02s bat=1.00 dist=2.34m
239,68.987,SCOUT,12,4.842,3.343,3.000,-0.425,-0.421,0.000,0.599,cmd_age=0.02s bat=1.00 dist=2.34m
239,68.987,SCOUT,13,3.342,4.843,3.000,-0.425,-0.421,0.000,0.599,cmd_age=0.02s bat=1.00 dist=2.34m
239,68.987,SCOUT,14,1.842,3.343,3.000,-0.425,-0.421,0.000,0.599,cmd_age=0.02s bat=1.00 dist=2.34m
239,68.987,SCOUT,15,3.342,1.843,3.000,-0.425,-0.421,0.000,0.599,cmd_age=0.02s bat=1.00 dist=2.34m
239,68.987,WORKER,0,-5.782,2.233,3.000,-0.718,1.867,0.000,2.000,state=MOVING bat=1.00 dist=7.75m
239,68.987,WORKER,1,7.594,2.727,3.000,0.153,1.994,0.000,2.000,state=MOVING bat=1.00 dist=7.75m
239,68.987,WORKER,2,2.006,-0.916,3.000,1.292,-1.527,0.000,2.000,state=MOVING bat=1.00 dist=7.75m
239,68.987,WORKER,3,1.143,-0.076,3.000,-1.511,-1.310,0.000,2.000,state=MOVING bat=1.00 dist=7.75m
240,69.177,GENERAL,0,0.000,0.000,5.000,0.000,0.000,0.000,0.000,N/A
240,69.177,NODE,0,-5.537,-2.669,3.000,-0.142,0.576,0.000,0.593,zone=0 dist=2.38m
240,69.177,NODE,1,5.538,-2.669,3.000,0.134,0.589,0.000,0.604,zone=1 dist=2.38m
240,69.177,NODE,2,-3.308,3.310,3.000,0.428,-0.423,0.000,0.602,zone=2 dist=2.38m
240,69.177,NODE,3,3.307,3.308,3.000,-0.426,-0.428,0.000,0.604,zone=3 dist=2.39m
240,69.177,SCOUT,0,-4.028,-2.708,3.000,-0.134,0.581,0.000,0.596,cmd_age=0.02s bat=1.00 dist=2.35m
240,69.177,SCOUT,1,-5.528,-1.208,3.000,-0.134,0.581,0.000,0.596,cmd_age=0.02s bat=1.00 dist=2.35m
240,69.177,SCOUT,2,-7.028,-2.708,3.000,-0.134,0.581,0.000,0.596,cmd_age=0.02s bat=1.00 dist=2.35m
240,69.177,SCOUT,3,-5.528,-4.208,3.000,-0.134,0.581,0.000,0.596,cmd_age=0.02s bat=1.00 dist=2.35m
240,69.177,SCOUT,4,7.029,-2.708,3.000,0.133,0.586,0.000,0.601,cmd_age=0.02s bat=1.00 dist=2.35m
240,69.177,SCOUT,5,5.529,-1.208,3.000,0.133,0.586,0.000,0.601,cmd_age=0.02s bat=1.00 dist=2.35m
240,69.177,SCOUT,6,4.029,-2.708,3.000,0.133,0.586,0.000,0.601,cmd_age=0.02s bat=1.00 dist=2.35m
240,69.177,SCOUT,7,5.529,-4.208,3.000,0.133,0.586,0.000,0.601,cmd_age=0.02s bat=1.00 dist=2.35m
240,69.177,SCOUT,8,-1.836,3.338,3.000,0.424,-0.424,0.000,0.600,cmd_age=0.02s bat=1.00 dist=2.35m
240,69.177,SCOUT,9,-3.336,4.838,3.000,0.424,-0.424,0.000,0.600,cmd_age=0.02s bat=1.00 dist=2.35m
240,69.177,SCOUT,10,-4.836,3.338,3.000,0.424,-0.424,0.000,0.600,cmd_age=0.02s bat=1.00 dist=2.35m
240,69.177,SCOUT,11,-3.336,1.838,3.000,0.424,-0.424,0.000,0.600,cmd_age=0.02s bat=1.00 dist=2.35m
240,69.177,SCOUT,12,4.835,3.336,3.000,-0.426,-0.423,0.000,0.600,cmd_age=0.02s bat=1.00 dist=2.35m
240,69.177,SCOUT,13,3.335,4.836,3.000,-0.426,-0.423,0.000,0.600,cmd_age=0.02s bat=1.00 dist=2.35m
240,69.177,SCOUT,14,1.835,3.336,3.000,-0.426,-0.423,0.000,0.600,cmd_age=0.02s bat=1.00 dist=2.35m
240,69.177,SCOUT,15,3.335,1.836,3.000,-0.426,-0.423,0.000,0.600,cmd_age=0.02s bat=1.00 dist=2.35m
240,69.177,WORKER,0,-5.794,2.265,3.000,-0.718,1.867,0.000,2.000,state=MOVING bat=1.00 dist=7.78m
240,69.177,WORKER,1,7.597,2.760,3.000,0.153,1.994,0.000,2.000,state=MOVING bat=1.00 dist=7.78m
240,69.177,WORKER,2,2.028,-0.942,3.000,1.292,-1.527,0.000,2.000,state=MOVING bat=1.00 dist=7.78m
240,69.177,WORKER,3,1.118,-0.098,3.000,-1.511,-1.310,0.000,2.000,state=MOVING bat=1.00 dist=7.78m
241,69.370,GENERAL,0,0.000,0.000,5.000,0.000,0.000,0.000,0.000,N/A
241,69.370,NODE,0,-5.539,-2.659,3.000,-0.130,0.581,0.000,0.595,zone=0 dist=2.39m
241,69.370,NODE,1,5.540,-2.659,3.000,0.130,0.584,0.000,0.598,zone=1 dist=2.39m
241,69.370,NODE,2,-3.301,3.303,3.000,0.424,-0.419,0.000,0.596,zone=2 dist=2.39m
241,69.370,NODE,3,3.300,3.301,3.000,-0.425,-0.422,0.000,0.599,zone=3 dist=2.40m
241,69.370,SCOUT,0,-4.030,-2.698,3.000,-0.133,0.581,0.000,0.596,cmd_age=0.02s bat=1.00 dist=2.36m
241,69.370,SCOUT,1,-5.530,-1.198,3.000,-0.133,0.581,0.000,0.596,cmd_age=0.02s bat=1.00 dist=2.36m
241,69.370,SCOUT,2,-7.030,-2.698,3.000,-0.133,0.581,0.000,0.596,cmd_age=0.02s bat=1.00 dist=2.36m
241,69.370,SCOUT,3,-5.530,-4.198,3.000,-0.133,0.581,0.000,0.596,cmd_age=0.02s bat=1.00 dist=2.36m
241,69.370,SCOUT,4,7.031,-2.698,3.000,0.132,0.586,0.000,0.601,cmd_age=0.02s bat=1.00 dist=2.36m
241,69.370,SCOUT,5,5.531,-1.198,3.000,0.132,0.586,0.000,0.601,cmd_age=0.02s bat=1.00 dist=2.36m
241,69.370,SCOUT,6,4.031,-2.698,3.000,0.132,0.586,0.000,0.601,cmd_age=0.02s bat=1.00 dist=2.36m
241,69.370,SCOUT,7,5.531,-4.198,3.000,0.132,0.586,0.000,0.601,cmd_age=0.02s bat=1.00 dist=2.36m
241,69.370,SCOUT,8,-1.829,3.331,3.000,0.424,-0.423,0.000,0.599,cmd_age=0.02s bat=1.00 dist=2.36m
241,69.370,SCOUT,9,-3.329,4.831,3.000,0.424,-0.423,0.000,0.599,cmd_age=0.02s bat=1.00 dist=2.36m
241,69.370,SCOUT,10,-4.829,3.331,3.000,0.424,-0.423,0.000,0.599,cmd_age=0.02s bat=1.00 dist=2.36m
241,69.370,SCOUT,11,-3.329,1.831,3.000,0.424,-0.423,0.000,0.599,cmd_age=0.02s bat=1.00 dist=2.36m
241,69.370,SCOUT,12,4.828,3.329,3.000,-0.426,-0.423,0.000,0.600,cmd_age=0.02s bat=1.00 dist=2.36m
241,69.370,SCOUT,13,3.328,4.829,3.000,-0.426,-0.423,0.000,0.600,cmd_age=0.02s bat=1.00 dist=2.36m
241,69.370,SCOUT,14,1.828,3.329,3.000,-0.426,-0.423,0.000,0.600,cmd_age=0.02s bat=1.00 dist=2.36m
241,69.370,SCOUT,15,3.328,1.829,3.000,-0.426,-0.423,0.000,0.600,cmd_age=0.02s bat=1.00 dist=2.36m
241,69.370,WORKER,0,-5.806,2.296,3.000,-0.718,1.867,0.000,2.000,state=MOVING bat=1.00 dist=7.81m
241,69.370,WORKER,1,7.600,2.794,3.000,0.153,1.994,0.000,2.000,state=MOVING bat=1.00 dist=7.81m
241,69.370,WORKER,2,2.049,-0.967,3.000,1.292,-1.527,0.000,2.000,state=MOVING bat=1.00 dist=7.81m
241,69.370,WORKER,3,1.093,-0.119,3.000,-1.511,-1.310,0.000,2.000,state=MOVING bat=1.00 dist=7.81m
242,69.558,GENERAL,0,0.000,0.000,5.000,0.000,0.000,0.000,0.000,N/A
242,69.558,NODE,0,-5.542,-2.650,3.000,-0.139,0.585,0.000,0.601,zone=0 dist=2.40m
242,69.558,NODE,1,5.542,-2.649,3.000,0.131,0.585,0.000,0.599,zone=1 dist=2.40m
242,69.558,NODE,2,-3.293,3.296,3.000,0.430,-0.417,0.000,0.599,zone=2 dist=2.40m
242,69.558,NODE,3,3.293,3.294,3.000,-0.425,-0.428,0.000,0.603,zone=3 dist=2.41m
242,69.558,SCOUT,0,-4.033,-2.688,3.000,-0.135,0.582,0.000,0.597,cmd_age=0.02s bat=1.00 dist=2.37m
242,69.558,SCOUT,1,-5.533,-1.188,3.000,-0.135,0.582,0.000,0.597,cmd_age=0.02s bat=1.00 dist=2.37m
242,69.558,SCOUT,2,-7.033,-2.688,3.000,-0.135,0.582,0.000,0.597,cmd_age=0.02s bat=1.00 dist=2.37m
242,69.558,SCOUT,3,-5.533,-4.188,3.000,-0.135,0.582,0.000,0.597,cmd_age=0.02s bat=1.00 dist=2.37m
242,69.558,SCOUT,4,7.033,-2.688,3.000,0.132,0.586,0.000,0.600,cmd_age=0.02s bat=1.00 dist=2.37m
242,69.558,SCOUT,5,5.533,-1.188,3.000,0.132,0.586,0.000,0.600,cmd_age=0.02s bat=1.00 dist=2.37m
242,69.558,SCOUT,6,4.033,-2.688,3.000,0.132,0.586,0.000,0.600,cmd_age=0.02s bat=1.00 dist=2.37m
242,69.558,SCOUT,7,5.533,-4.188,3.000,0.132,0.586,0.000,0.600,cmd_age=0.02s bat=1.00 dist=2.37m
242,69.558,SCOUT,8,-1.822,3.324,3.000,0.425,-0.422,0.000,0.599,cmd_age=0.02s bat=1.00 dist=2.37m
242,69.558,SCOUT,9,-3.322,4.824,3.000,0.425,-0.422,0.000,0.599,cmd_age=0.02s bat=1.00 dist=2.37m
242,69.558,SCOUT,10,-4.822,3.324,3.000,0.425,-0.422,0.000,0.599,cmd_age=0.02s bat=1.00 dist=2.37m
242,69.558,SCOUT,11,-3.322,1.824,3.000,0.425,-0.422,0.000,0.599,cmd_age=0.02s bat=1.00 dist=2.37m
242,69.558,SCOUT,12,4.821,3.322,3.000,-0.425,-0.424,0.000,0.600,cmd_age=0.02s bat=1.00 dist=2.37m
242,69.558,SCOUT,13,3.321,4.822,3.000,-0.425,-0.424,0.000,0.600,cmd_age=0.02s bat=1.00 dist=2.37m
242,69.558,SCOUT,14,1.821,3.322,3.000,-0.425,-0.424,0.000,0.600,cmd_age=0.02s bat=1.00 dist=2.37m
242,69.558,SCOUT,15,3.321,1.822,3.000,-0.425,-0.424,0.000,0.600,cmd_age=0.02s bat=1.00 dist=2.37m
242,69.558,WORKER,0,-5.818,2.327,3.000,-0.718,1.867,0.000,2.000,state=MOVING bat=1.00 dist=7.85m
242,69.558,WORKER,1,7.602,2.827,3.000,0.153,1.994,0.000,2.000,state=MOVING bat=1.00 dist=7.85m
242,69.558,WORKER,2,2.071,-0.993,3.000,1.292,-1.527,0.000,2.000,state=MOVING bat=1.00 dist=7.85m
242,69.558,WORKER,3,1.068,-0.141,3.000,-1.511,-1.310,0.000,2.000,state=MOVING bat=1.00 dist=7.85m
243,69.764,GENERAL,0,0.000,0.000,5.000,0.000,0.000,0.000,0.000,N/A
243,69.764,NODE,0,-5.544,-2.640,3.000,-0.134,0.586,0.000,0.602,zone=0 dist=2.41m
243,69.764,NODE,1,5.544,-2.639,3.000,0.132,0.587,0.000,0.602,zone=1 dist=2.41m
243,69.764,NODE,2,-3.286,3.289,3.000,0.420,-0.423,0.000,0.596,zone=2 dist=2.41m
243,69.764,NODE,3,3.286,3.287,3.000,-0.422,-0.420,0.000,0.595,zone=3 dist=2.42m
243,69.764,SCOUT,0,-4.035,-2.679,3.000,-0.135,0.583,0.000,0.598,cmd_age=0.02s bat=1.00 dist=2.38m
243,69.764,SCOUT,1,-5.535,-1.179,3.000,-0.135,0.583,0.000,0.598,cmd_age=0.02s bat=1.00 dist=2.38m
243,69.764,SCOUT,2,-7.035,-2.679,3.000,-0.135,0.583,0.000,0.598,cmd_age=0.02s bat=1.00 dist=2.38m
243,69.764,SCOUT,3,-5.535,-4.179,3.000,-0.135,0.583,0.000,0.598,cmd_age=0.02s bat=1.00 dist=2.38m
243,69.764,SCOUT,4,7.035,-2.678,3.000,0.132,0.586,0.000,0.601,cmd_age=0.02s bat=1.00 dist=2.38m
243,69.764,SCOUT,5,5.535,-1.178,3.000,0.132,0.586,0.000,0.601,cmd_age=0.02s bat=1.00 dist=2.38m
243,69.764,SCOUT,6,4.035,-2.678,3.000,0.132,0.586,0.000,0.601,cmd_age=0.02s bat=1.00 dist=2.38m
243,69.764,SCOUT,7,5.535,-4.178,3.000,0.132,0.586,0.000,0.601,cmd_age=0.02s bat=1.00 dist=2.38m
243,69.764,SCOUT,8,-1.815,3.317,3.000,0.424,-0.422,0.000,0.598,cmd_age=0.02s bat=1.00 dist=2.38m
243,69.764,SCOUT,9,-3.315,4.817,3.000,0.424,-0.422,0.000,0.598,cmd_age=0.02s bat=1.00 dist=2.38m
243,69.764,SCOUT,10,-4.815,3.317,3.000,0.424,-0.422,0.000,0.598,cmd_age=0.02s bat=1.00 dist=2.38m
243,69.764,SCOUT,11,-3.315,1.817,3.000,0.424,-0.422,0.000,0.598,cmd_age=0.02s bat=1.00 dist=2.38m
243,69.764,SCOUT,12,4.814,3.315,3.000,-0.425,-0.423,0.000,0.599,cmd_age=0.02s bat=1.00 dist=2.38m
243,69.764,SCOUT,13,3.314,4.815,3.000,-0.425,-0.423,0.000,0.599,cmd_age=0.02s bat=1.00 dist=2.38m
243,69.764,SCOUT,14,1.814,3.315,3.000,-0.425,-0.423,0.000,0.599,cmd_age=0.02s bat=1.00 dist=2.38m
243,69.764,SCOUT,15,3.314,1.815,3.000,-0.425,-0.423,0.000,0.599,cmd_age=0.02s bat=1.00 dist=2.38m
243,69.764,WORKER,0,-5.830,2.358,3.000,-0.718,1.867,0.000,2.000,state=MOVING bat=1.00 dist=7.88m
243,69.764,WORKER,1,7.605,2.860,3.000,0.153,1.994,0.000,2.000,state=MOVING bat=1.00 dist=7.88m
243,69.764,WORKER,2,2.092,-1.018,3.000,1.292,-1.527,0.000,2.000,state=MOVING bat=1.00 dist=7.88m
243,69.764,WORKER,3,1.043,-0.163,3.000,-1.511,-1.310,0.000,2.000,state=MOVING bat=1.00 dist=7.88m
244,70.019,GENERAL,0,0.000,0.000,5.000,0.000,0.000,0.000,0.000,N/A
244,70.019,NODE,0,-5.546,-2.630,3.000,-0.131,0.585,0.000,0.600,zone=0 dist=2.42m
244,70.019,NODE,1,5.547,-2.630,3.000,0.135,0.587,0.000,0.603,zone=1 dist=2.42m
244,70.019,NODE,2,-3.279,3.282,3.000,0.422,-0.425,0.000,0.599,zone=2 dist=2.42m
244,70.019,NODE,3,3.278,3.280,3.000,-0.426,-0.426,0.000,0.602,zone=3 dist=2.43m
244,70.019,SCOUT,0,-4.037,-2.669,3.000,-0.134,0.583,0.000,0.599,cmd_age=0.02s bat=1.00 dist=2.39m
244,70.019,SCOUT,1,-5.537,-1.169,3.000,-0.134,0.583,0.000,0.599,cmd_age=0.02s bat=1.00 dist=2.39m
244,70.019,SCOUT,2,-7.037,-2.669,3.000,-0.134,0.583,0.000,0.599,cmd_age=0.02s bat=1.00 dist=2.39m
244,70.019,SCOUT,3,-5.537,-4.169,3.000,-0.134,0.583,0.000,0.599,cmd_age=0.02s bat=1.00 dist=2.39m
244,70.019,SCOUT,4,7.038,-2.669,3.000,0.133,0.586,0.000,0.601,cmd_age=0.02s bat=1.00 dist=2.39m
244,70.019,SCOUT,5,5.538,-1.169,3.000,0.133,0.586,0.000,0.601,cmd_age=0.02s bat=1.00 dist=2.39m
244,70.019,SCOUT,6,4.038,-2.669,3.000,0.133,0.586,0.000,0.601,cmd_age=0.02s bat=1.00 dist=2.39m
244,70.019,SCOUT,7,5.538,-4.169,3.000,0.133,0.586,0.000,0.601,cmd_age=0.02s bat=1.00 dist=2.39m
244,70.019,SCOUT,8,-1.808,3.310,3.000,0.424,-0.423,0.000,0.599,cmd_age=0.02s bat=1.00 dist=2.39m
244,70.019,SCOUT,9,-3.308,4.810,3.000,0.424,-0.423,0.000,0.599,cmd_age=0.02s bat=1.00 dist=2.39m
244,70.019,SCOUT,10,-4.808,3.310,3.000,0.424,-0.423,0.000,0.599,cmd_age=0.02s bat=1.00 dist=2.39m
244,70.019,SCOUT,11,-3.308,1.810,3.000,0.424,-0.423,0.000,0.599,cmd_age=0.02s bat=1.00 dist=2.39m
244,70.019,SCOUT,12,4.807,3.308,3.000,-0.425,-0.424,0.000,0.600,cmd_age=0.02s bat=1.00 dist=2.39m
244,70.019,SCOUT,13,3.307,4.808,3.000,-0.425,-0.424,0.000,0.600,cmd_age=0.02s bat=1.00 dist=2.39m
244,70.019,SCOUT,14,1.807,3.308,3.000,-0.425,-0.424,0.000,0.600,cmd_age=0.02s bat=1.00 dist=2.39m
244,70.019,SCOUT,15,3.307,1.808,3.000,-0.425,-0.424,0.000,0.600,cmd_age=0.02s bat=1.00 dist=2.39m
244,70.019,WORKER,0,-5.842,2.389,3.000,-0.718,1.867,0.000,2.000,state=MOVING bat=1.00 dist=7.91m
244,70.019,WORKER,1,7.607,2.893,3.000,0.153,1.994,0.000,2.000,state=MOVING bat=1.00 dist=7.91m
244,70.019,WORKER,2,2.114,-1.043,3.000,1.292,-1.527,0.000,2.000,state=MOVING bat=1.00 dist=7.91m
244,70.019,WORKER,3,1.017,-0.185,3.000,-1.511,-1.310,0.000,2.000,state=MOVING bat=1.00 dist=7.91m
245,70.245,GENERAL,0,0.000,0.000,5.000,0.000,0.000,0.000,0.000,N/A
245,70.245,NODE,0,-5.548,-2.620,3.000,-0.138,0.589,0.000,0.605,zone=0 dist=2.43m
245,70.245,NODE,1,5.549,-2.620,3.000,0.130,0.581,0.000,0.596,zone=1 dist=2.43m
245,70.245,NODE,2,-3.272,3.275,3.000,0.421,-0.426,0.000,0.599,zone=2 dist=2.43m
245,70.245,NODE,3,3.271,3.272,3.000,-0.428,-0.425,0.000,0.603,zone=3 dist=2.44m
245,70.245,SCOUT,0,-4.039,-2.659,3.000,-0.135,0.584,0.000,0.600,cmd_age=0.02s bat=1.00 dist=2.40m
245,70.245,SCOUT,1,-5.539,-1.159,3.000,-0.135,0.584,0.000,0.600,cmd_age=0.02s bat=1.00 dist=2.40m
245,70.245,SCOUT,2,-7.039,-2.659,3.000,-0.135,0.584,0.000,0.600,cmd_age=0.02s bat=1.00 dist=2.40m
245,70.245,SCOUT,3,-5.539,-4.159,3.000,-0.135,0.584,0.000,0.600,cmd_age=0.02s bat=1.00 dist=2.40m
245,70.245,SCOUT,4,7.040,-2.659,3.000,0.132,0.585,0.000,0.600,cmd_age=0.02s bat=1.00 dist=2.40m
245,70.245,SCOUT,5,5.540,-1.159,3.000,0.132,0.585,0.000,0.600,cmd_age=0.02s bat=1.00 dist=2.40m
245,70.245,SCOUT,6,4.040,-2.659,3.000,0.132,0.585,0.000,0.600,cmd_age=0.02s bat=1.00 dist=2.40m
245,70.245,SCOUT,7,5.540,-4.159,3.000,0.132,0.585,0.000,0.600,cmd_age=0.02s bat=1.00 dist=2.40m
245,70.245,SCOUT,8,-1.801,3.303,3.000,0.423,-0.423,0.000,0.599,cmd_age=0.02s bat=1.00 dist=2.40m
245,70.245,SCOUT,9,-3.301,4.803,3.000,0.423,-0.423,0.000,0.599,cmd_age=0.02s bat=1.00 dist=2.40m
245,70.245,SCOUT,10,-4.801,3.303,3.000,0.423,-0.423,0.000,0.599,cmd_age=0.02s bat=1.00 dist=2.40m
245,70.245,SCOUT,11,-3.301,1.803,3.000,0.423,-0.423,0.000,0.599,cmd_age=0.02s bat=1.00 dist=2.40m
245,70.245,SCOUT,12,4.800,3.301,3.000,-0.425,-0.424,0.000,0.601,cmd_age=0.02s bat=1.00 dist=2.40m
245,70.245,SCOUT,13,3.300,4.801,3.000,-0.425,-0.424,0.000,0.601,cmd_age=0.02s bat=1.00 dist=2.40m
245,70.245,SCOUT,14,1.800,3.301,3.000,-0.425,-0.424,0.000,0.601,cmd_age=0.02s bat=1.00 dist=2.40m
245,70.245,SCOUT,15,3.300,1.801,3.000,-0.425,-0.424,0.000,0.601,cmd_age=0.02s bat=1.00 dist=2.40m
245,70.245,WORKER,0,-5.854,2.420,3.000,-0.718,1.867,0.000,2.000,state=MOVING bat=1.00 dist=7.95m
245,70.245,WORKER,1,7.610,2.927,3.000,0.153,1.994,0.000,2.000,state=MOVING bat=1.00 dist=7.95m
245,70.245,WORKER,2,2.135,-1.069,3.000,1.292,-1.527,0.000,2.000,state=MOVING bat=1.00 dist=7.95m
245,70.245,WORKER,3,0.992,-0.207,3.000,-1.511,-1.310,0.000,2.000,state=MOVING bat=1.00 dist=7.95m
246,70.494,GENERAL,0,0.000,0.000,5.000,0.000,0.000,0.000,0.000,N/A
246,70.494,NODE,0,-5.550,-2.610,3.000,-0.130,0.592,0.000,0.606,zone=0 dist=2.44m
246,70.494,NODE,1,5.551,-2.610,3.000,0.138,0.582,0.000,0.598,zone=1 dist=2.44m
246,70.494,NODE,2,-3.265,3.268,3.000,0.420,-0.431,0.000,0.602,zone=2 dist=2.44m
246,70.494,NODE,3,3.264,3.265,3.000,-0.430,-0.424,0.000,0.604,zone=3 dist=2.45m
246,70.494,SCOUT,0,-4.042,-2.650,3.000,-0.134,0.586,0.000,0.601,cmd_age=0.02s bat=1.00 dist=2.41m
246,70.494,SCOUT,1,-5.542,-1.150,3.000,-0.134,0.586,0.000,0.601,cmd_age=0.02s bat=1.00 dist=2.41m
246,70.494,SCOUT,2,-7.042,-2.650,3.000,-0.134,0.586,0.000,0.601,cmd_age=0.02s bat=1.00 dist=2.41m
246,70.494,SCOUT,3,-5.542,-4.150,3.000,-0.134,0.586,0.000,0.601,cmd_age=0.02s bat=1.00 dist=2.41m
246,70.494,SCOUT,4,7.042,-2.649,3.000,0.133,0.585,0.000,0.600,cmd_age=0.02s bat=1.00 dist=2.41m
246,70.494,SCOUT,5,5.542,-1.149,3.000,0.133,0.585,0.000,0.600,cmd_age=0.02s bat=1.00 dist=2.41m
246,70.494,SCOUT,6,4.042,-2.649,3.000,0.133,0.585,0.000,0.600,cmd_age=0.02s bat=1.00 dist=2.41m
246,70.494,SCOUT,7,5.542,-4.149,3.000,0.133,0.585,0.000,0.600,cmd_age=0.02s bat=1.00 dist=2.41m
246,70.494,SCOUT,8,-1.794,3.296,3.000,0.423,-0.425,0.000,0.599,cmd_age=0.02s bat=1.00 dist=2.41m
246,70.494,SCOUT,9,-3.294,4.796,3.000,0.423,-0.425,0.000,0.599,cmd_age=0.02s bat=1.00 dist=2.41m
246,70.494,SCOUT,10,-4.794,3.296,3.000,0.423,-0.425,0.000,0.599,cmd_age=0.02s bat=1.00 dist=2.41m
246,70.494,SCOUT,11,-3.294,1.796,3.000,0.423,-0.425,0.000,0.599,cmd_age=0.02s bat=1.00 dist=2.41m
246,70.494,SCOUT,12,4.793,3.294,3.000,-0.426,-0.424,0.000,0.601,cmd_age=0.02s bat=1.00 dist=2.41m
246,70.494,SCOUT,13,3.293,4.794,3.000,-0.426,-0.424,0.000,0.601,cmd_age=0.02s bat=1.00 dist=2.41m
246,70.494,SCOUT,14,1.793,3.294,3.000,-0.426,-0.424,0.000,0.601,cmd_age=0.02s bat=1.00 dist=2.41m
246,70.494,SCOUT,15,3.293,1.794,3.000,-0.426,-0.424,0.000,0.601,cmd_age=0.02s bat=1.00 dist=2.41m
246,70.494,WORKER,0,-5.866,2.451,3.000,-0.718,1.867,0.000,2.000,state=MOVING bat=1.00 dist=7.98m
246,70.494,WORKER,1,7.612,2.960,3.000,0.153,1.994,0.000,2.000,state=MOVING bat=1.00 dist=7.98m
246,70.494,WORKER,2,2.157,-1.094,3.000,1.292,-1.527,0.000,2.000,state=MOVING bat=1.00 dist=7.98m
246,70.494,WORKER,3,0.967,-0.229,3.000,-1.511,-1.310,0.000,2.000,state=MOVING bat=1.00 dist=7.98m
247,70.741,GENERAL,0,0.000,0.000,5.000,0.000,0.000,0.000,0.000,N/A
247,70.741,NODE,0,-5.553,-2.601,3.000,-0.143,0.586,0.000,0.603,zone=0 dist=2.45m
247,70.741,NODE,1,5.553,-2.601,3.000,0.132,0.582,0.000,0.597,zone=1 dist=2.45m
247,70.741,NODE,2,-3.258,3.261,3.000,0.417,-0.425,0.000,0.596,zone=2 dist=2.45m
247,70.741,NODE,3,3.257,3.258,3.000,-0.426,-0.426,0.000,0.603,zone=3 dist=2.46m
247,70.741,SCOUT,0,-4.044,-2.640,3.000,-0.136,0.586,0.000,0.601,cmd_age=0.02s bat=1.00 dist=2.42m
247,70.741,SCOUT,1,-5.544,-1.140,3.000,-0.136,0.586,0.000,0.601,cmd_age=0.02s bat=1.00 dist=2.42m
247,70.741,SCOUT,2,-7.044,-2.640,3.000,-0.136,0.586,0.000,0.601,cmd_age=0.02s bat=1.00 dist=2.42m
247,70.741,SCOUT,3,-5.544,-4.140,3.000,-0.136,0.586,0.000,0.601,cmd_age=0.02s bat=1.00 dist=2.42m
247,70.741,SCOUT,4,7.044,-2.639,3.000,0.133,0.584,0.000,0.599,cmd_age=0.02s bat=1.00 dist=2.42m
247,70.741,SCOUT,5,5.544,-1.139,3.000,0.133,0.584,0.000,0.599,cmd_age=0.02s bat=1.00 dist=2.42m
247,70.741,SCOUT,6,4.044,-2.639,3.000,0.133,0.584,0.000,0.599,cmd_age=0.02s bat=1.00 dist=2.42m
247,70.741,SCOUT,7,5.544,-4.139,3.000,0.133,0.584,0.000,0.599,cmd_age=0.02s bat=1.00 dist=2.42m
247,70.741,SCOUT,8,-1.786,3.289,3.000,0.421,-0.425,0.000,0.599,cmd_age=0.02s bat=1.00 dist=2.42m
247,70.741,SCOUT,9,-3.286,4.789,3.000,0.421,-0.425,0.000,0.599,cmd_age=0.02s bat=1.00 dist=2.42m
247,70.741,SCOUT,10,-4.786,3.289,3.000,0.421,-0.425,0.000,0.599,cmd_age=0.02s bat=1.00 dist=2.42m
247,70.741,SCOUT,11,-3.286,1.789,3.000,0.421,-0.425,0.000,0.599,cmd_age=0.02s bat=1.00 dist=2.42m
247,70.741,SCOUT,12,4.785,3.287,3.000,-0.426,-0.424,0.000,0.602,cmd_age=0.02s bat=1.00 dist=2.42m
247,70.741,SCOUT,13,3.285,4.787,3.000,-0.426,-0.424,0.000,0.602,cmd_age=0.02s bat=1.00 dist=2.42m
247,70.741,SCOUT,14,1.785,3.287,3.000,-0.426,-0.424,0.000,0.602,cmd_age=0.02s bat=1.00 dist=2.42m
247,70.741,SCOUT,15,3.285,1.787,3.000,-0.426,-0.424,0.000,0.602,cmd_age=0.02s bat=1.00 dist=2.42m
247,70.741,WORKER,0,-5.878,2.482,3.000,-0.718,1.867,0.000,2.000,state=MOVING bat=1.00 dist=8.01m
247,70.741,WORKER,1,7.615,2.993,3.000,0.153,1.994,0.000,2.000,state=MOVING bat=1.00 dist=8.01m
247,70.741,WORKER,2,2.178,-1.120,3.000,1.292,-1.527,0.000,2.000,state=MOVING bat=1.00 dist=8.01m
247,70.741,WORKER,3,0.942,-0.250,3.000,-1.511,-1.310,0.000,2.000,state=MOVING bat=1.00 dist=8.01m
248,71.006,GENERAL,0,0.000,0.000,5.000,0.000,0.000,0.000,0.000,N/A
248,71.006,NODE,0,-5.555,-2.591,3.000,-0.139,0.579,0.000,0.596,zone=0 dist=2.46m
248,71.006,NODE,1,5.555,-2.591,3.000,0.135,0.583,0.000,0.598,zone=1 dist=2.46m
248,71.006,NODE,2,-3.251,3.254,3.000,0.419,-0.428,0.000,0.599,zone=2 dist=2.46m
248,71.006,NODE,3,3.250,3.251,3.000,-0.431,-0.427,0.000,0.607,zone=3 dist=2.47m
248,71.006,SCOUT,0,-4.046,-2.630,3.000,-0.136,0.585,0.000,0.600,cmd_age=0.02s bat=1.00 dist=2.43m
248,71.006,SCOUT,1,-5.546,-1.130,3.000,-0.136,0.585,0.000,0.600,cmd_age=0.02s bat=1.00 dist=2.43m
248,71.006,SCOUT,2,-7.046,-2.630,3.000,-0.136,0.585,0.000,0.600,cmd_age=0.02s bat=1.00 dist=2.43m
248,71.006,SCOUT,3,-5.546,-4.130,3.000,-0.136,0.585,0.000,0.600,cmd_age=0.02s bat=1.00 dist=2.43m
248,71.006,SCOUT,4,7.047,-2.630,3.000,0.133,0.584,0.000,0.599,cmd_age=0.02s bat=1.00 dist=2.43m
248,71.006,SCOUT,5,5.547,-1.130,3.000,0.133,0.584,0.000,0.599,cmd_age=0.02s bat=1.00 dist=2.43m
248,71.006,SCOUT,6,4.047,-2.630,3.000,0.133,0.584,0.000,0.599,cmd_age=0.02s bat=1.00 dist=2.43m
248,71.006,SCOUT,7,5.547,-4.130,3.000,0.133,0.584,0.000,0.599,cmd_age=0.02s bat=1.00 dist=2.43m
248,71.006,SCOUT,8,-1.779,3.282,3.000,0.421,-0.426,0.000,0.599,cmd_age=0.02s bat=1.00 dist=2.43m
248,71.006,SCOUT,9,-3.279,4.782,3.000,0.421,-0.426,0.000,0.599,cmd_age=0.02s bat=1.00 dist=2.43m
248,71.006,SCOUT,10,-4.779,3.282,3.000,0.421,-0.426,0.000,0.599,cmd_age=0.02s bat=1.00 dist=2.43m
248,71.006,SCOUT,11,-3.279,1.782,3.000,0.421,-0.426,0.000,0.599,cmd_age=0.02s bat=1.00 dist=2.43m
248,71.006,SCOUT,12,4.778,3.280,3.000,-0.427,-0.425,0.000,0.603,cmd_age=0.02s bat=1.00 dist=2.43m
248,71.006,SCOUT,13,3.278,4.780,3.000,-0.427,-0.425,0.000,0.603,cmd_age=0.02s bat=1.00 dist=2.43m
248,71.006,SCOUT,14,1.778,3.280,3.000,-0.427,-0.425,0.000,0.603,cmd_age=0.02s bat=1.00 dist=2.43m
248,71.006,SCOUT,15,3.278,1.780,3.000,-0.427,-0.425,0.000,0.603,cmd_age=0.02s bat=1.00 dist=2.43m
248,71.006,WORKER,0,-5.890,2.513,3.000,-0.718,1.867,0.000,2.000,state=MOVING bat=1.00 dist=8.05m
248,71.006,WORKER,1,7.617,3.026,3.000,0.153,1.994,0.000,2.000,state=MOVING bat=1.00 dist=8.05m
248,71.006,WORKER,2,2.200,-1.145,3.000,1.292,-1.527,0.000,2.000,state=MOVING bat=1.00 dist=8.05m
248,71.006,WORKER,3,0.917,-0.272,3.000,-1.511,-1.310,0.000,2.000,state=MOVING bat=1.00 dist=8.05m
249,71.249,GENERAL,0,0.000,0.000,5.000,0.000,0.000,0.000,0.000,N/A
249,71.249,NODE,0,-5.557,-2.581,3.000,-0.134,0.590,0.000,0.605,zone=0 dist=2.47m
249,71.249,NODE,1,5.558,-2.581,3.000,0.136,0.589,0.000,0.604,zone=1 dist=2.47m
249,71.249,NODE,2,-3.244,3.247,3.000,0.427,-0.426,0.000,0.603,zone=2 dist=2.47m
249,71.249,NODE,3,3.243,3.244,3.000,-0.424,-0.430,0.000,0.604,zone=3 dist=2.48m
249,71.249,SCOUT,0,-4.048,-2.620,3.000,-0.136,0.586,0.000,0.601,cmd_age=0.02s bat=1.00 dist=2.44m
249,71.249,SCOUT,1,-5.548,-1.120,3.000,-0.136,0.586,0.000,0.601,cmd_age=0.02s bat=1.00 dist=2.44m
249,71.249,SCOUT,2,-7.048,-2.620,3.000,-0.136,0.586,0.000,0.601,cmd_age=0.02s bat=1.00 dist=2.44m
249,71.249,SCOUT,3,-5.548,-4.120,3.000,-0.136,0.586,0.000,0.601,cmd_age=0.02s bat=1.00 dist=2.44m
249,71.249,SCOUT,4,7.049,-2.620,3.000,0.134,0.585,0.000,0.600,cmd_age=0.02s bat=1.00 dist=2.44m
249,71.249,SCOUT,5,5.549,-1.120,3.000,0.134,0.585,0.000,0.600,cmd_age=0.02s bat=1.00 dist=2.44m
249,71.249,SCOUT,6,4.049,-2.620,3.000,0.134,0.585,0.000,0.600,cmd_age=0.02s bat=1.00 dist=2.44m
249,71.249,SCOUT,7,5.549,-4.120,3.000,0.134,0.585,0.000,0.600,cmd_age=0.02s bat=1.00 dist=2.44m
249,71.249,SCOUT,8,-1.772,3.275,3.000,0.422,-0.426,0.000,0.600,cmd_age=0.02s bat=1.00 dist=2.44m
249,71.249,SCOUT,9,-3.272,4.775,3.000,0.422,-0.426,0.000,0.600,cmd_age=0.02s bat=1.00 dist=2.44m
249,71.249,SCOUT,10,-4.772,3.275,3.000,0.422,-0.426,0.000,0.600,cmd_age=0.02s bat=1.00 dist=2.44m
249,71.249,SCOUT,11,-3.272,1.775,3.000,0.422,-0.426,0.000,0.600,cmd_age=0.02s bat=1.00 dist=2.44m
249,71.249,SCOUT,12,4.771,3.272,3.000,-0.426,-0.426,0.000,0.603,cmd_age=0.02s bat=1.00 dist=2.44m
249,71.249,SCOUT,13,3.271,4.772,3.000,-0.426,-0.426,0.000,0.603,cmd_age=0.02s bat=1.00 dist=2.44m
249,71.249,SCOUT,14,1.771,3.272,3.000,-0.426,-0.426,0.000,0.603,cmd_age=0.02s bat=1.00 dist=2.44m
249,71.249,SCOUT,15,3.271,1.772,3.000,-0.426,-0.426,0.000,0.603,cmd_age=0.02s bat=1.00 dist=2.44m
249,71.249,WORKER,0,-5.902,2.545,3.000,-0.718,1.867,0.000,2.000,state=MOVING bat=1.00 dist=8.08m
249,71.249,WORKER,1,7.620,3.060,3.000,0.153,1.994,0.000,2.000,state=MOVING bat=1.00 dist=8.08m
249,71.249,WORKER,2,2.221,-1.171,3.000,1.292,-1.527,0.000,2.000,state=MOVING bat=1.00 dist=8.08m
249,71.249,WORKER,3,0.892,-0.294,3.000,-1.511,-1.310,0.000,2.000,state=MOVING bat=1.00 dist=8.08m
250,71.463,GENERAL,0,0.000,0.000,5.000,0.000,0.000,0.000,0.000,N/A
250,71.463,NODE,0,-5.560,-2.571,3.000,-0.140,0.592,0.000,0.608,zone=0 dist=2.48m
250,71.463,NODE,1,5.560,-2.571,3.000,0.134,0.590,0.000,0.605,zone=1 dist=2.48m
250,71.463,NODE,2,-3.237,3.240,3.000,0.427,-0.420,0.000,0.599,zone=2 dist=2.48m
250,71.463,NODE,3,3.236,3.237,3.000,-0.423,-0.425,0.000,0.600,zone=3 dist=2.49m
250,71.463,SCOUT,0,-4.051,-2.610,3.000,-0.137,0.587,0.000,0.603,cmd_age=0.02s bat=1.00 dist=2.45m
250,71.463,SCOUT,1,-5.551,-1.110,3.000,-0.137,0.587,0.000,0.603,cmd_age=0.02s bat=1.00 dist=2.45m
250,71.463,SCOUT,2,-7.051,-2.610,3.000,-0.137,0.587,0.000,0.603,cmd_age=0.02s bat=1.00 dist=2.45m
250,71.463,SCOUT,3,-5.551,-4.110,3.000,-0.137,0.587,0.000,0.603,cmd_age=0.02s bat=1.00 dist=2.45m
250,71.463,SCOUT,4,7.051,-2.610,3.000,0.134,0.586,0.000,0.601,cmd_age=0.02s bat=1.00 dist=2.45m
250,71.463,SCOUT,5,5.551,-1.110,3.000,0.134,0.586,0.000,0.601,cmd_age=0.02s bat=1.00 dist=2.45m
250,71.463,SCOUT,6,4.051,-2.610,3.000,0.134,0.586,0.000,0.601,cmd_age=0.02s bat=1.00 dist=2.45m
250,71.463,SCOUT,7,5.551,-4.110,3.000,0.134,0.586,0.000,0.601,cmd_age=0.02s bat=1.00 dist=2.45m
250,71.463,SCOUT,8,-1.765,3.268,3.000,0.423,-0.424,0.000,0.599,cmd_age=0.02s bat=1.00 dist=2.45m
250,71.463,SCOUT,9,-3.265,4.768,3.000,0.423,-0.424,0.000,0.599,cmd_age=0.02s bat=1.00 dist=2.45m
250,71.463,SCOUT,10,-4.765,3.268,3.000,0.423,-0.424,0.000,0.599,cmd_age=0.02s bat=1.00 dist=2.45m
250,71.463,SCOUT,11,-3.265,1.768,3.000,0.423,-0.424,0.000,0.599,cmd_age=0.02s bat=1.00 dist=2.45m
250,71.463,SCOUT,12,4.764,3.265,3.000,-0.426,-0.426,0.000,0.602,cmd_age=0.02s bat=1.00 dist=2.45m
250,71.463,SCOUT,13,3.264,4.765,3.000,-0.426,-0.426,0.000,0.602,cmd_age=0.02s bat=1.00 dist=2.45m
250,71.463,SCOUT,14,1.764,3.265,3.000,-0.426,-0.426,0.000,0.602,cmd_age=0.02s bat=1.00 dist=2.45m
250,71.463,SCOUT,15,3.264,1.765,3.000,-0.426,-0.426,0.000,0.602,cmd_age=0.02s bat=1.00 dist=2.45m
250,71.463,WORKER,0,-5.914,2.576,3.000,-0.718,1.867,0.000,2.000,state=MOVING bat=1.00 dist=8.11m
250,71.463,WORKER,1,7.623,3.093,3.000,0.153,1.994,0.000,2.000,state=MOVING bat=1.00 dist=8.11m
250,71.463,WORKER,2,2.243,-1.196,3.000,1.292,-1.527,0.000,2.000,state=MOVING bat=1.00 dist=8.11m
250,71.463,WORKER,3,0.866,-0.316,3.000,-1.511,-1.310,0.000,2.000,state=MOVING bat=1.00 dist=8.11m
251,71.676,GENERAL,0,0.000,0.000,5.000,0.000,0.000,0.000,0.000,N/A
251,71.676,NODE,0,-5.562,-2.562,3.000,-0.141,0.583,0.000,0.600,zone=0 dist=2.49m
251,71.676,NODE,1,5.562,-2.561,3.000,0.131,0.589,0.000,0.604,zone=1 dist=2.49m
251,71.676,NODE,2,-3.230,3.232,3.000,0.424,-0.428,0.000,0.602,zone=2 dist=2.49m
251,71.676,NODE,3,3.229,3.230,3.000,-0.424,-0.424,0.000,0.600,zone=3 dist=2.50m
251,71.676,SCOUT,0,-4.053,-2.601,3.000,-0.138,0.586,0.000,0.602,cmd_age=0.02s bat=1.00 dist=2.46m
251,71.676,SCOUT,1,-5.553,-1.101,3.000,-0.138,0.586,0.000,0.602,cmd_age=0.02s bat=1.00 dist=2.46m
251,71.676,SCOUT,2,-7.053,-2.601,3.000,-0.138,0.586,0.000,0.602,cmd_age=0.02s bat=1.00 dist=2.46m
251,71.676,SCOUT,3,-5.553,-4.101,3.000,-0.138,0.586,0.000,0.602,cmd_age=0.02s bat=1.00 dist=2.46m
251,71.676,SCOUT,4,7.053,-2.600,3.000,0.133,0.587,0.000,0.602,cmd_age=0.02s bat=1.00 dist=2.46m
251,71.676,SCOUT,5,5.553,-1.100,3.000,0.133,0.587,0.000,0.602,cmd_age=0.02s bat=1.00 dist=2.46m
251,71.676,SCOUT,6,4.053,-2.600,3.000,0.133,0.587,0.000,0.602,cmd_age=0.02s bat=1.00 dist=2.46m
251,71.676,SCOUT,7,5.553,-4.100,3.000,0.133,0.587,0.000,0.602,cmd_age=0.02s bat=1.00 dist=2.46m
251,71.676,SCOUT,8,-1.758,3.261,3.000,0.423,-0.425,0.000,0.600,cmd_age=0.02s bat=1.00 dist=2.46m
251,71.676,SCOUT,9,-3.258,4.761,3.000,0.423,-0.425,0.000,0.600,cmd_age=0.02s bat=1.00 dist=2.46m
251,71.676,SCOUT,10,-4.758,3.261,3.000,0.423,-0.425,0.000,0.600,cmd_age=0.02s bat=1.00 dist=2.46m
251,71.676,SCOUT,11,-3.258,1.761,3.000,0.423,-0.425,0.000,0.600,cmd_age=0.02s bat=1.00 dist=2.46m
251,71.676,SCOUT,12,4.757,3.258,3.000,-0.425,-0.426,0.000,0.602,cmd_age=0.02s bat=1.00 dist=2.46m
251,71.676,SCOUT,13,3.257,4.758,3.000,-0.425,-0.426,0.000,0.602,cmd_age=0.02s bat=1.00 dist=2.46m
251,71.676,SCOUT,14,1.757,3.258,3.000,-0.425,-0.426,0.000,0.602,cmd_age=0.02s bat=1.00 dist=2.46m
251,71.676,SCOUT,15,3.257,1.758,3.000,-0.425,-0.426,0.000,0.602,cmd_age=0.02s bat=1.00 dist=2.46m
251,71.676,WORKER,0,-5.926,2.607,3.000,-0.718,1.867,0.000,2.000,state=MOVING bat=1.00 dist=8.15m
251,71.676,WORKER,1,7.625,3.126,3.000,0.153,1.994,0.000,2.000,state=MOVING bat=1.00 dist=8.15m
251,71.676,WORKER,2,2.264,-1.222,3.000,1.292,-1.527,0.000,2.000,state=MOVING bat=1.00 dist=8.15m
251,71.676,WORKER,3,0.841,-0.338,3.000,-1.511,-1.310,0.000,2.000,state=MOVING bat=1.00 dist=8.15m
252,71.888,GENERAL,0,0.000,0.000,5.000,0.000,0.000,0.000,0.000,N/A
252,71.888,NODE,0,-5.564,-2.552,3.000,-0.141,0.581,0.000,0.598,zone=0 dist=2.50m
252,71.888,NODE,1,5.564,-2.552,3.000,0.129,0.580,0.000,0.594,zone=1 dist=2.50m
252,71.888,NODE,2,-3.223,3.225,3.000,0.421,-0.425,0.000,0.598,zone=2 dist=2.50m
252,71.888,NODE,3,3.222,3.223,3.000,-0.423,-0.424,0.000,0.599,zone=3 dist=2.51m
252,71.888,SCOUT,0,-4.055,-2.591,3.000,-0.138,0.585,0.000,0.601,cmd_age=0.02s bat=1.00 dist=2.47m
252,71.888,SCOUT,1,-5.555,-1.091,3.000,-0.138,0.585,0.000,0.601,cmd_age=0.02s bat=1.00 dist=2.47m
252,71.888,SCOUT,2,-7.055,-2.591,3.000,-0.138,0.585,0.000,0.601,cmd_age=0.02s bat=1.00 dist=2.47m
252,71.888,SCOUT,3,-5.555,-4.091,3.000,-0.138,0.585,0.000,0.601,cmd_age=0.02s bat=1.00 dist=2.47m
252,71.888,SCOUT,4,7.055,-2.591,3.000,0.132,0.585,0.000,0.600,cmd_age=0.02s bat=1.00 dist=2.47m
252,71.888,SCOUT,5,5.555,-1.091,3.000,0.132,0.585,0.000,0.600,cmd_age=0.02s bat=1.00 dist=2.47m
252,71.888,SCOUT,6,4.055,-2.591,3.000,0.132,0.585,0.000,0.600,cmd_age=0.02s bat=1.00 dist=2.47m
252,71.888,SCOUT,7,5.555,-4.091,3.000,0.132,0.585,0.000,0.600,cmd_age=0.02s bat=1.00 dist=2.47m
252,71.888,SCOUT,8,-1.751,3.254,3.000,0.423,-0.425,0.000,0.600,cmd_age=0.02s bat=1.00 dist=2.47m
252,71.888,SCOUT,9,-3.251,4.754,3.000,0.423,-0.425,0.000,0.600,cmd_age=0.02s bat=1.00 dist=2.47m
252,71.888,SCOUT,10,-4.751,3.254,3.000,0.423,-0.425,0.000,0.600,cmd_age=0.02s bat=1.00 dist=2.47m
252,71.888,SCOUT,11,-3.251,1.754,3.000,0.423,-0.425,0.000,0.600,cmd_age=0.02s bat=1.00 dist=2.47m
252,71.888,SCOUT,12,4.750,3.251,3.000,-0.425,-0.425,0.000,0.601,cmd_age=0.02s bat=1.00 dist=2.47m
252,71.888,SCOUT,13,3.250,4.751,3.000,-0.425,-0.425,0.000,0.601,cmd_age=0.02s bat=1.00 dist=2.47m
252,71.888,SCOUT,14,1.750,3.251,3.000,-0.425,-0.425,0.000,0.601,cmd_age=0.02s bat=1.00 dist=2.47m
252,71.888,SCOUT,15,3.250,1.751,3.000,-0.425,-0.425,0.000,0.601,cmd_age=0.02s bat=1.00 dist=2.47m
252,71.888,WORKER,0,-5.938,2.638,3.000,-0.718,1.867,0.000,2.000,state=MOVING bat=1.00 dist=8.18m
252,71.888,WORKER,1,7.628,3.159,3.000,0.153,1.994,0.000,2.000,state=MOVING bat=1.00 dist=8.18m
252,71.888,WORKER,2,2.286,-1.247,3.000,1.292,-1.527,0.000,2.000,state=MOVING bat=1.00 dist=8.18m
252,71.888,WORKER,3,0.816,-0.360,3.000,-1.511,-1.310,0.000,2.000,state=MOVING bat=1.00 dist=8.18m
253,72.105,GENERAL,0,0.000,0.000,5.000,0.000,0.000,0.000,0.000,N/A
253,72.105,NODE,0,-5.567,-2.542,3.000,-0.141,0.582,0.000,0.599,zone=0 dist=2.51m
253,72.105,NODE,1,5.567,-2.542,3.000,0.137,0.588,0.000,0.604,zone=1 dist=2.51m
253,72.105,NODE,2,-3.216,3.218,3.000,0.429,-0.420,0.000,0.601,zone=2 dist=2.51m
253,72.105,NODE,3,3.214,3.216,3.000,-0.430,-0.425,0.000,0.605,zone=3 dist=2.52m
253,72.105,SCOUT,0,-4.058,-2.581,3.000,-0.139,0.585,0.000,0.601,cmd_age=0.02s bat=1.00 dist=2.48m
253,72.105,SCOUT,1,-5.558,-1.081,3.000,-0.139,0.585,0.000,0.601,cmd_age=0.02s bat=1.00 dist=2.48m
253,72.105,SCOUT,2,-7.058,-2.581,3.000,-0.139,0.585,0.000,0.601,cmd_age=0.02s bat=1.00 dist=2.48m
253,72.105,SCOUT,3,-5.558,-4.081,3.000,-0.139,0.585,0.000,0.601,cmd_age=0.02s bat=1.00 dist=2.48m
253,72.105,SCOUT,4,7.058,-2.581,3.000,0.133,0.586,0.000,0.601,cmd_age=0.02s bat=1.00 dist=2.48m
253,72.105,SCOUT,5,5.558,-1.081,3.000,0.133,0.586,0.000,0.601,cmd_age=0.02s bat=1.00 dist=2.48m
253,72.105,SCOUT,6,4.058,-2.581,3.000,0.133,0.586,0.000,0.601,cmd_age=0.02s bat=1.00 dist=2.48m
253,72.105,SCOUT,7,5.558,-4.081,3.000,0.133,0.586,0.000,0.601,cmd_age=0.02s bat=1.00 dist=2.48m
253,72.105,SCOUT,8,-1.744,3.247,3.000,0.424,-0.424,0.000,0.600,cmd_age=0.02s bat=1.00 dist=2.48m
253,72.105,SCOUT,9,-3.244,4.747,3.000,0.424,-0.424,0.000,0.600,cmd_age=0.02s bat=1.00 dist=2.48m
253,72.105,SCOUT,10,-4.744,3.247,3.000,0.424,-0.424,0.000,0.600,cmd_age=0.02s bat=1.00 dist=2.48m
253,72.105,SCOUT,11,-3.244,1.747,3.000,0.424,-0.424,0.000,0.600,cmd_age=0.02s bat=1.00 dist=2.48m
253,72.105,SCOUT,12,4.743,3.244,3.000,-0.426,-0.425,0.000,0.602,cmd_age=0.02s bat=1.00 dist=2.48m
253,72.105,SCOUT,13,3.243,4.744,3.000,-0.426,-0.425,0.000,0.602,cmd_age=0.02s bat=1.00 dist=2.48m
253,72.105,SCOUT,14,1.743,3.244,3.000,-0.426,-0.425,0.000,0.602,cmd_age=0.02s bat=1.00 dist=2.48m
253,72.105,SCOUT,15,3.243,1.744,3.000,-0.426,-0.425,0.000,0.602,cmd_age=0.02s bat=1.00 dist=2.48m
253,72.105,WORKER,0,-5.950,2.669,3.000,-0.718,1.867,0.000,2.000,state=MOVING bat=1.00 dist=8.21m
253,72.105,WORKER,1,7.630,3.192,3.000,0.153,1.994,0.000,2.000,state=MOVING bat=1.00 dist=8.21m
253,72.105,WORKER,2,2.307,-1.272,3.000,1.292,-1.527,0.000,2.000,state=MOVING bat=1.00 dist=8.21m
253,72.105,WORKER,3,0.791,-0.381,3.000,-1.511,-1.310,0.000,2.000,state=MOVING bat=1.00 dist=8.21m
254,72.319,GENERAL,0,0.000,0.000,5.000,0.000,0.000,0.000,0.000,N/A
254,72.319,NODE,0,-5.569,-2.532,3.000,-0.137,0.587,0.000,0.603,zone=0 dist=2.52m
254,72.319,NODE,1,5.569,-2.532,3.000,0.128,0.583,0.000,0.596,zone=1 dist=2.52m
254,72.319,NODE,2,-3.209,3.211,3.000,0.422,-0.428,0.000,0.601,zone=2 dist=2.52m
254,72.319,NODE,3,3.207,3.209,3.000,-0.423,-0.422,0.000,0.597,zone=3 dist=2.53m
254,72.319,SCOUT,0,-4.060,-2.571,3.000,-0.138,0.585,0.000,0.601,cmd_age=0.02s bat=1.00 dist=2.49m
254,72.319,SCOUT,1,-5.560,-1.071,3.000,-0.138,0.585,0.000,0.601,cmd_age=0.02s bat=1.00 dist=2.49m
254,72.319,SCOUT,2,-7.060,-2.571,3.000,-0.138,0.585,0.000,0.601,cmd_age=0.02s bat=1.00 dist=2.49m
254,72.319,SCOUT,3,-5.560,-4.071,3.000,-0.138,0.585,0.000,0.601,cmd_age=0.02s bat=1.00 dist=2.49m
254,72.319,SCOUT,4,7.060,-2.571,3.000,0.132,0.585,0.000,0.600,cmd_age=0.02s bat=1.00 dist=2.49m
254,72.319,SCOUT,5,5.560,-1.071,3.000,0.132,0.585,0.000,0.600,cmd_age=0.02s bat=1.00 dist=2.49m
254,72.319,SCOUT,6,4.060,-2.571,3.000,0.132,0.585,0.000,0.600,cmd_age=0.02s bat=1.00 dist=2.49m
254,72.319,SCOUT,7,5.560,-4.071,3.000,0.132,0.585,0.000,0.600,cmd_age=0.02s bat=1.00 dist=2.49m
254,72.319,SCOUT,8,-1.737,3.240,3.000,0.424,-0.425,0.000,0.600,cmd_age=0.02s bat=1.00 dist=2.49m
254,72.319,SCOUT,9,-3.237,4.740,3.000,0.424,-0.425,0.000,0.600,cmd_age=0.02s bat=1.00 dist=2.49m
254,72.319,SCOUT,10,-4.737,3.240,3.000,0.424,-0.425,0.000,0.600,cmd_age=0.02s bat=1.00 dist=2.49m
254,72.319,SCOUT,11,-3.237,1.740,3.000,0.424,-0.425,0.000,0.600,cmd_age=0.02s bat=1.00 dist=2.49m
254,72.319,SCOUT,12,4.736,3.237,3.000,-0.425,-0.424,0.000,0.601,cmd_age=0.02s bat=1.00 dist=2.49m
254,72.319,SCOUT,13,3.236,4.737,3.000,-0.425,-0.424,0.000,0.601,cmd_age=0.02s bat=1.00 dist=2.49m
254,72.319,SCOUT,14,1.736,3.237,3.000,-0.425,-0.424,0.000,0.601,cmd_age=0.02s bat=1.00 dist=2.49m
254,72.319,SCOUT,15,3.236,1.737,3.000,-0.425,-0.424,0.000,0.601,cmd_age=0.02s bat=1.00 dist=2.49m
254,72.319,WORKER,0,-5.962,2.700,3.000,-0.718,1.867,0.000,2.000,state=MOVING bat=1.00 dist=8.25m
254,72.319,WORKER,1,7.633,3.226,3.000,0.153,1.994,0.000,2.000,state=MOVING bat=1.00 dist=8.25m
254,72.319,WORKER,2,2.329,-1.298,3.000,1.292,-1.527,0.000,2.000,state=MOVING bat=1.00 dist=8.25m
254,72.319,WORKER,3,0.766,-0.403,3.000,-1.511,-1.310,0.000,2.000,state=MOVING bat=1.00 dist=8.25m
255,72.533,GENERAL,0,0.000,0.000,5.000,0.000,0.000,0.000,0.000,N/A
255,72.533,NODE,0,-5.571,-2.523,3.000,-0.134,0.586,0.000,0.601,zone=0 dist=2.53m
255,72.533,NODE,1,5.571,-2.523,3.000,0.133,0.580,0.000,0.595,zone=1 dist=2.53m
255,72.533,NODE,2,-3.202,3.204,3.000,0.429,-0.425,0.000,0.603,zone=2 dist=2.53m
255,72.533,NODE,3,3.200,3.202,3.000,-0.427,-0.421,0.000,0.599,zone=3 dist=2.54m
255,72.533,SCOUT,0,-4.062,-2.562,3.000,-0.137,0.585,0.000,0.601,cmd_age=0.02s bat=1.00 dist=2.50m
255,72.533,SCOUT,1,-5.562,-1.062,3.000,-0.137,0.585,0.000,0.601,cmd_age=0.02s bat=1.00 dist=2.50m
255,72.533,SCOUT,2,-7.062,-2.562,3.000,-0.137,0.585,0.000,0.601,cmd_age=0.02s bat=1.00 dist=2.50m
255,72.533,SCOUT,3,-5.562,-4.062,3.000,-0.137,0.585,0.000,0.601,cmd_age=0.02s bat=1.00 dist=2.50m
255,72.533,SCOUT,4,7.062,-2.561,3.000,0.133,0.584,0.000,0.599,cmd_age=0.02s bat=1.00 dist=2.50m
255,72.533,SCOUT,5,5.562,-1.061,3.000,0.133,0.584,0.000,0.599,cmd_age=0.02s bat=1.00 dist=2.50m
255,72.533,SCOUT,6,4.062,-2.561,3.000,0.133,0.584,0.000,0.599,cmd_age=0.02s bat=1.00 dist=2.50m
255,72.533,SCOUT,7,5.562,-4.061,3.000,0.133,0.584,0.000,0.599,cmd_age=0.02s bat=1.00 dist=2.50m
255,72.533,SCOUT,8,-1.730,3.232,3.000,0.425,-0.425,0.000,0.601,cmd_age=0.02s bat=1.00 dist=2.50m
255,72.533,SCOUT,9,-3.230,4.732,3.000,0.425,-0.425,0.000,0.601,cmd_age=0.02s bat=1.00 dist=2.50m
255,72.533,SCOUT,10,-4.730,3.232,3.000,0.425,-0.425,0.000,0.601,cmd_age=0.02s bat=1.00 dist=2.50m
255,72.533,SCOUT,11,-3.230,1.732,3.000,0.425,-0.425,0.000,0.601,cmd_age=0.02s bat=1.00 dist=2.50m
255,72.533,SCOUT,12,4.729,3.230,3.000,-0.426,-0.424,0.000,0.601,cmd_age=0.02s bat=1.00 dist=2.50m
255,72.533,SCOUT,13,3.229,4.730,3.000,-0.426,-0.424,0.000,0.601,cmd_age=0.02s bat=1.00 dist=2.50m
255,72.533,SCOUT,14,1.729,3.230,3.000,-0.426,-0.424,0.000,0.601,cmd_age=0.02s bat=1.00 dist=2.50m
255,72.533,SCOUT,15,3.229,1.730,3.000,-0.426,-0.424,0.000,0.601,cmd_age=0.02s bat=1.00 dist=2.50m
255,72.533,WORKER,0,-5.974,2.731,3.000,-0.718,1.867,0.000,2.000,state=MOVING bat=1.00 dist=8.28m
255,72.533,WORKER,1,7.635,3.259,3.000,0.153,1.994,0.000,2.000,state=MOVING bat=1.00 dist=8.28m
255,72.533,WORKER,2,2.351,-1.323,3.000,1.292,-1.527,0.000,2.000,state=MOVING bat=1.00 dist=8.28m
255,72.533,WORKER,3,0.740,-0.425,3.000,-1.511,-1.310,0.000,2.000,state=MOVING bat=1.00 dist=8.28m
256,72.748,GENERAL,0,0.000,0.000,5.000,0.000,0.000,0.000,0.000,N/A
256,72.748,NODE,0,-5.573,-2.513,3.000,-0.131,0.589,0.000,0.603,zone=0 dist=2.54m
256,72.748,NODE,1,5.573,-2.513,3.000,0.129,0.591,0.000,0.605,zone=1 dist=2.54m
256,72.748,NODE,2,-3.195,3.197,3.000,0.428,-0.418,0.000,0.598,zone=2 dist=2.54m
256,72.748,NODE,3,3.193,3.195,3.000,-0.424,-0.426,0.000,0.601,zone=3 dist=2.55m
256,72.748,SCOUT,0,-4.064,-2.552,3.000,-0.136,0.586,0.000,0.602,cmd_age=0.02s bat=1.00 dist=2.51m
256,72.748,SCOUT,1,-5.564,-1.052,3.000,-0.136,0.586,0.000,0.602,cmd_age=0.02s bat=1.00 dist=2.51m
256,72.748,SCOUT,2,-7.064,-2.552,3.000,-0.136,0.586,0.000,0.602,cmd_age=0.02s bat=1.00 dist=2.51m
256,72.748,SCOUT,3,-5.564,-4.052,3.000,-0.136,0.586,0.000,0.602,cmd_age=0.02s bat=1.00 dist=2.51m
256,72.748,SCOUT,4,7.064,-2.552,3.000,0.132,0.585,0.000,0.600,cmd_age=0.02s bat=1.00 dist=2.51m
256,72.748,SCOUT,5,5.564,-1.052,3.000,0.132,0.585,0.000,0.600,cmd_age=0.02s bat=1.00 dist=2.51m
256,72.748,SCOUT,6,4.064,-2.552,3.000,0.132,0.585,0.000,0.600,cmd_age=0.02s bat=1.00 dist=2.51m
256,72.748,SCOUT,7,5.564,-4.052,3.000,0.132,0.585,0.000,0.600,cmd_age=0.02s bat=1.00 dist=2.51m
256,72.748,SCOUT,8,-1.723,3.225,3.000,0.425,-0.423,0.000,0.600,cmd_age=0.02s bat=1.00 dist=2.51m
256,72.748,SCOUT,9,-3.223,4.725,3.000,0.425,-0.423,0.000,0.600,cmd_age=0.02s bat=1.00 dist=2.51m
256,72.748,SCOUT,10,-4.723,3.225,3.000,0.425,-0.423,0.000,0.600,cmd_age=0.02s bat=1.00 dist=2.51m
256,72.748,SCOUT,11,-3.223,1.725,3.000,0.425,-0.423,0.000,0.600,cmd_age=0.02s bat=1.00 dist=2.51m
256,72.748,SCOUT,12,4.722,3.223,3.000,-0.425,-0.424,0.000,0.601,cmd_age=0.02s bat=1.00 dist=2.51m
256,72.748,SCOUT,13,3.222,4.723,3.000,-0.425,-0.424,0.000,0.601,cmd_age=0.02s bat=1.00 dist=2.51m
256,72.748,SCOUT,14,1.722,3.223,3.000,-0.425,-0.424,0.000,0.601,cmd_age=0.02s bat=1.00 dist=2.51m
256,72.748,SCOUT,15,3.222,1.723,3.000,-0.425,-0.424,0.000,0.601,cmd_age=0.02s bat=1.00 dist=2.51m
256,72.748,WORKER,0,-5.986,2.762,3.000,-0.718,1.867,0.000,2.000,state=MOVING bat=1.00 dist=8.31m
256,72.748,WORKER,1,7.638,3.292,3.000,0.153,1.994,0.000,2.000,state=MOVING bat=1.00 dist=8.31m
256,72.748,WORKER,2,2.372,-1.349,3.000,1.292,-1.527,0.000,2.000,state=MOVING bat=1.00 dist=8.31m
256,72.748,WORKER,3,0.715,-0.447,3.000,-1.511,-1.310,0.000,2.000,state=MOVING bat=1.00 dist=8.31m
257,72.974,GENERAL,0,0.000,0.000,5.000,0.000,0.000,0.000,0.000,N/A
257,72.974,NODE,0,-5.576,-2.503,3.000,-0.128,0.583,0.000,0.597,zone=0 dist=2.55m
257,72.974,NODE,1,5.575,-2.503,3.000,0.137,0.586,0.000,0.602,zone=1 dist=2.55m
257,72.974,NODE,2,-3.188,3.190,3.000,0.426,-0.424,0.000,0.600,zone=2 dist=2.55m
257,72.974,NODE,3,3.186,3.187,3.000,-0.418,-0.425,0.000,0.596,zone=3 dist=2.56m
257,72.974,SCOUT,0,-4.067,-2.542,3.000,-0.135,0.585,0.000,0.601,cmd_age=0.02s bat=1.00 dist=2.52m
257,72.974,SCOUT,1,-5.567,-1.042,3.000,-0.135,0.585,0.000,0.601,cmd_age=0.02s bat=1.00 dist=2.52m
257,72.974,SCOUT,2,-7.067,-2.542,3.000,-0.135,0.585,0.000,0.601,cmd_age=0.02s bat=1.00 dist=2.52m
257,72.974,SCOUT,3,-5.567,-4.042,3.000,-0.135,0.585,0.000,0.601,cmd_age=0.02s bat=1.00 dist=2.52m
257,72.974,SCOUT,4,7.066,-2.542,3.000,0.133,0.586,0.000,0.600,cmd_age=0.02s bat=1.00 dist=2.52m
257,72.974,SCOUT,5,5.566,-1.042,3.000,0.133,0.586,0.000,0.600,cmd_age=0.02s bat=1.00 dist=2.52m
257,72.974,SCOUT,6,4.066,-2.542,3.000,0.133,0.586,0.000,0.600,cmd_age=0.02s bat=1.00 dist=2.52m
257,72.974,SCOUT,7,5.566,-4.042,3.000,0.133,0.586,0.000,0.600,cmd_age=0.02s bat=1.00 dist=2.52m
257,72.974,SCOUT,8,-1.716,3.218,3.000,0.425,-0.424,0.000,0.600,cmd_age=0.02s bat=1.00 dist=2.52m
257,72.974,SCOUT,9,-3.216,4.718,3.000,0.425,-0.424,0.000,0.600,cmd_age=0.02s bat=1.00 dist=2.52m
257,72.974,SCOUT,10,-4.716,3.218,3.000,0.425,-0.424,0.000,0.600,cmd_age=0.02s bat=1.00 dist=2.52m
257,72.974,SCOUT,11,-3.216,1.718,3.000,0.425,-0.424,0.000,0.600,cmd_age=0.02s bat=1.00 dist=2.52m
257,72.974,SCOUT,12,4.715,3.216,3.000,-0.424,-0.424,0.000,0.600,cmd_age=0.02s bat=1.00 dist=2.52m
257,72.974,SCOUT,13,3.215,4.716,3.000,-0.424,-0.424,0.000,0.600,cmd_age=0.02s bat=1.00 dist=2.52m
257,72.974,SCOUT,14,1.715,3.216,3.000,-0.424,-0.424,0.000,0.600,cmd_age=0.02s bat=1.00 dist=2.52m
257,72.974,SCOUT,15,3.215,1.716,3.000,-0.424,-0.424,0.000,0.600,cmd_age=0.02s bat=1.00 dist=2.52m
257,72.974,WORKER,0,-5.997,2.793,3.000,-0.718,1.867,0.000,2.000,state=MOVING bat=1.00 dist=8.35m
257,72.974,WORKER,1,7.640,3.325,3.000,0.153,1.994,0.000,2.000,state=MOVING bat=1.00 dist=8.35m
257,72.974,WORKER,2,2.394,-1.374,3.000,1.292,-1.527,0.000,2.000,state=MOVING bat=1.00 dist=8.35m
257,72.974,WORKER,3,0.690,-0.469,3.000,-1.511,-1.310,0.000,2.000,state=MOVING bat=1.00 dist=8.35m
258,73.190,GENERAL,0,0.000,0.000,5.000,0.000,0.000,0.000,0.000,N/A
258,73.190,NODE,0,-5.578,-2.493,3.000,-0.133,0.581,0.000,0.596,zone=0 dist=2.56m
258,73.190,NODE,1,5.578,-2.493,3.000,0.132,0.585,0.000,0.600,zone=1 dist=2.56m
258,73.190,NODE,2,-3.181,3.183,3.000,0.416,-0.427,0.000,0.596,zone=2 dist=2.56m
258,73.190,NODE,3,3.179,3.180,3.000,-0.423,-0.425,0.000,0.599,zone=3 dist=2.57m
258,73.190,SCOUT,0,-4.069,-2.532,3.000,-0.134,0.585,0.000,0.600,cmd_age=0.02s bat=1.00 dist=2.53m
258,73.190,SCOUT,1,-5.569,-1.032,3.000,-0.134,0.585,0.000,0.600,cmd_age=0.02s bat=1.00 dist=2.53m
258,73.190,SCOUT,2,-7.069,-2.532,3.000,-0.134,0.585,0.000,0.600,cmd_age=0.02s bat=1.00 dist=2.53m
258,73.190,SCOUT,3,-5.569,-4.032,3.000,-0.134,0.585,0.000,0.600,cmd_age=0.02s bat=1.00 dist=2.53m
258,73.190,SCOUT,4,7.069,-2.532,3.000,0.133,0.586,0.000,0.600,cmd_age=0.02s bat=1.00 dist=2.53m
258,73.190,SCOUT,5,5.569,-1.032,3.000,0.133,0.586,0.000,0.600,cmd_age=0.02s bat=1.00 dist=2.53m
258,73.190,SCOUT,6,4.069,-2.532,3.000,0.133,0.586,0.000,0.600,cmd_age=0.02s bat=1.00 dist=2.53m
258,73.190,SCOUT,7,5.569,-4.032,3.000,0.133,0.586,0.000,0.600,cmd_age=0.02s bat=1.00 dist=2.53m
258,73.190,SCOUT,8,-1.709,3.211,3.000,0.424,-0.424,0.000,0.599,cmd_age=0.02s bat=1.00 dist=2.53m
258,73.190,SCOUT,9,-3.209,4.711,3.000,0.424,-0.424,0.000,0.599,cmd_age=0.02s bat=1.00 dist=2.53m
258,73.190,SCOUT,10,-4.709,3.211,3.000,0.424,-0.424,0.000,0.599,cmd_age=0.02s bat=1.00 dist=2.53m
258,73.190,SCOUT,11,-3.209,1.711,3.000,0.424,-0.424,0.000,0.599,cmd_age=0.02s bat=1.00 dist=2.53m
258,73.190,SCOUT,12,4.707,3.209,3.000,-0.424,-0.424,0.000,0.600,cmd_age=0.02s bat=1.00 dist=2.53m
258,73.190,SCOUT,13,3.207,4.709,3.000,-0.424,-0.424,0.000,0.600,cmd_age=0.02s bat=1.00 dist=2.53m
258,73.190,SCOUT,14,1.707,3.209,3.000,-0.424,-0.424,0.000,0.600,cmd_age=0.02s bat=1.00 dist=2.53m
258,73.190,SCOUT,15,3.207,1.709,3.000,-0.424,-0.424,0.000,0.600,cmd_age=0.02s bat=1.00 dist=2.53m
258,73.190,WORKER,0,-6.009,2.825,3.000,-0.718,1.867,0.000,2.000,state=MOVING bat=1.00 dist=8.38m
258,73.190,WORKER,1,7.643,3.359,3.000,0.153,1.994,0.000,2.000,state=MOVING bat=1.00 dist=8.38m
258,73.190,WORKER,2,2.415,-1.400,3.000,1.292,-1.527,0.000,2.000,state=MOVING bat=1.00 dist=8.38m
258,73.190,WORKER,3,0.665,-0.491,3.000,-1.511,-1.310,0.000,2.000,state=MOVING bat=1.00 dist=8.38m
259,73.437,GENERAL,0,0.000,0.000,5.000,0.000,0.000,0.000,0.000,N/A
259,73.437,NODE,0,-5.580,-2.484,3.000,-0.142,0.584,0.000,0.601,zone=0 dist=2.57m
259,73.437,NODE,1,5.580,-2.483,3.000,0.140,0.583,0.000,0.600,zone=1 dist=2.57m
259,73.437,NODE,2,-3.173,3.176,3.000,0.428,-0.421,0.000,0.600,zone=2 dist=2.57m
259,73.437,NODE,3,3.172,3.173,3.000,-0.422,-0.427,0.000,0.600,zone=3 dist=2.58m
259,73.437,SCOUT,0,-4.071,-2.523,3.000,-0.136,0.584,0.000,0.600,cmd_age=0.02s bat=1.00 dist=2.54m
259,73.437,SCOUT,1,-5.571,-1.023,3.000,-0.136,0.584,0.000,0.600,cmd_age=0.02s bat=1.00 dist=2.54m
259,73.437,SCOUT,2,-7.071,-2.523,3.000,-0.136,0.584,0.000,0.600,cmd_age=0.02s bat=1.00 dist=2.54m
259,73.437,SCOUT,3,-5.571,-4.023,3.000,-0.136,0.584,0.000,0.600,cmd_age=0.02s bat=1.00 dist=2.54m
259,73.437,SCOUT,4,7.071,-2.522,3.000,0.134,0.585,0.000,0.600,cmd_age=0.02s bat=1.00 dist=2.54m
259,73.437,SCOUT,5,5.571,-1.022,3.000,0.134,0.585,0.000,0.600,cmd_age=0.02s bat=1.00 dist=2.54m
259,73.437,SCOUT,6,4.071,-2.522,3.000,0.134,0.585,0.000,0.600,cmd_age=0.02s bat=1.00 dist=2.54m
259,73.437,SCOUT,7,5.571,-4.022,3.000,0.134,0.585,0.000,0.600,cmd_age=0.02s bat=1.00 dist=2.54m
259,73.437,SCOUT,8,-1.702,3.204,3.000,0.424,-0.424,0.000,0.600,cmd_age=0.02s bat=1.00 dist=2.54m
259,73.437,SCOUT,9,-3.202,4.704,3.000,0.424,-0.424,0.000,0.600,cmd_age=0.02s bat=1.00 dist=2.54m
259,73.437,SCOUT,10,-4.702,3.204,3.000,0.424,-0.424,0.000,0.600,cmd_age=0.02s bat=1.00 dist=2.54m
259,73.437,SCOUT,11,-3.202,1.704,3.000,0.424,-0.424,0.000,0.600,cmd_age=0.02s bat=1.00 dist=2.54m
259,73.437,SCOUT,12,4.700,3.202,3.000,-0.423,-0.425,0.000,0.600,cmd_age=0.02s bat=1.00 dist=2.54m
259,73.437,SCOUT,13,3.200,4.702,3.000,-0.423,-0.425,0.000,0.600,cmd_age=0.02s bat=1.00 dist=2.54m
259,73.437,SCOUT,14,1.700,3.202,3.000,-0.423,-0.425,0.000,0.600,cmd_age=0.02s bat=1.00 dist=2.54m
259,73.437,SCOUT,15,3.200,1.702,3.000,-0.423,-0.425,0.000,0.600,cmd_age=0.02s bat=1.00 dist=2.54m
259,73.437,WORKER,0,-6.021,2.856,3.000,-0.718,1.867,0.000,2.000,state=MOVING bat=1.00 dist=8.41m
259,73.437,WORKER,1,7.646,3.392,3.000,0.153,1.994,0.000,2.000,state=MOVING bat=1.00 dist=8.41m
259,73.437,WORKER,2,2.437,-1.425,3.000,1.292,-1.527,0.000,2.000,state=MOVING bat=1.00 dist=8.41m
259,73.437,WORKER,3,0.640,-0.512,3.000,-1.511,-1.310,0.000,2.000,state=MOVING bat=1.00 dist=8.41m
260,73.658,GENERAL,0,0.000,0.000,5.000,0.000,0.000,0.000,0.000,N/A
260,73.658,NODE,0,-5.582,-2.474,3.000,-0.140,0.585,0.000,0.601,zone=0 dist=2.58m
260,73.658,NODE,1,5.582,-2.474,3.000,0.137,0.585,0.000,0.601,zone=1 dist=2.58m
260,73.658,NODE,2,-3.166,3.169,3.000,0.427,-0.422,0.000,0.601,zone=2 dist=2.58m
260,73.658,NODE,3,3.165,3.166,3.000,-0.423,-0.428,0.000,0.602,zone=3 dist=2.59m
260,73.658,SCOUT,0,-4.073,-2.513,3.000,-0.136,0.585,0.000,0.600,cmd_age=0.02s bat=1.00 dist=2.55m
260,73.658,SCOUT,1,-5.573,-1.013,3.000,-0.136,0.585,0.000,0.600,cmd_age=0.02s bat=1.00 dist=2.55m
260,73.658,SCOUT,2,-7.073,-2.513,3.000,-0.136,0.585,0.000,0.600,cmd_age=0.02s bat=1.00 dist=2.55m
260,73.658,SCOUT,3,-5.573,-4.013,3.000,-0.136,0.585,0.000,0.600,cmd_age=0.02s bat=1.00 dist=2.55m
260,73.658,SCOUT,4,7.073,-2.513,3.000,0.135,0.585,0.000,0.600,cmd_age=0.02s bat=1.00 dist=2.55m
260,73.658,SCOUT,5,5.573,-1.013,3.000,0.135,0.585,0.000,0.600,cmd_age=0.02s bat=1.00 dist=2.55m
260,73.658,SCOUT,6,4.073,-2.513,3.000,0.135,0.585,0.000,0.600,cmd_age=0.02s bat=1.00 dist=2.55m
260,73.658,SCOUT,7,5.573,-4.013,3.000,0.135,0.585,0.000,0.600,cmd_age=0.02s bat=1.00 dist=2.55m
260,73.658,SCOUT,8,-1.695,3.197,3.000,0.425,-0.423,0.000,0.600,cmd_age=0.02s bat=1.00 dist=2.55m
260,73.658,SCOUT,9,-3.195,4.697,3.000,0.425,-0.423,0.000,0.600,cmd_age=0.02s bat=1.00 dist=2.55m
260,73.658,SCOUT,10,-4.695,3.197,3.000,0.425,-0.423,0.000,0.600,cmd_age=0.02s bat=1.00 dist=2.55m
260,73.658,SCOUT,11,-3.195,1.697,3.000,0.425,-0.423,0.000,0.600,cmd_age=0.02s bat=1.00 dist=2.55m
260,73.658,SCOUT,12,4.693,3.195,3.000,-0.423,-0.425,0.000,0.600,cmd_age=0.02s bat=1.00 dist=2.55m
260,73.658,SCOUT,13,3.193,4.695,3.000,-0.423,-0.425,0.000,0.600,cmd_age=0.02s bat=1.00 dist=2.55m
260,73.658,SCOUT,14,1.693,3.195,3.000,-0.423,-0.425,0.000,0.600,cmd_age=0.02s bat=1.00 dist=2.55m
260,73.658,SCOUT,15,3.193,1.695,3.000,-0.423,-0.425,0.000,0.600,cmd_age=0.02s bat=1.00 dist=2.55m
260,73.658,WORKER,0,-6.033,2.887,3.000,-0.718,1.867,0.000,2.000,state=MOVING bat=1.00 dist=8.45m
260,73.658,WORKER,1,7.648,3.425,3.000,0.153,1.994,0.000,2.000,state=MOVING bat=1.00 dist=8.45m
260,73.658,WORKER,2,2.458,-1.451,3.000,1.292,-1.527,0.000,2.000,state=MOVING bat=1.00 dist=8.45m
260,73.658,WORKER,3,0.614,-0.534,3.000,-1.511,-1.310,0.000,2.000,state=MOVING bat=1.00 dist=8.45m
261,73.873,GENERAL,0,0.000,0.000,5.000,0.000,0.000,0.000,0.000,N/A
261,73.873,NODE,0,-5.585,-2.464,3.000,-0.134,0.586,0.000,0.601,zone=0 dist=2.59m
261,73.873,NODE,1,5.584,-2.464,3.000,0.133,0.582,0.000,0.597,zone=1 dist=2.59m
261,73.873,NODE,2,-3.159,3.162,3.000,0.420,-0.422,0.000,0.596,zone=2 dist=2.59m
261,73.873,NODE,3,3.158,3.159,3.000,-0.424,-0.423,0.000,0.599,zone=3 dist=2.60m
261,73.873,SCOUT,0,-4.076,-2.503,3.000,-0.136,0.585,0.000,0.600,cmd_age=0.02s bat=1.00 dist=2.56m
261,73.873,SCOUT,1,-5.576,-1.003,3.000,-0.136,0.585,0.000,0.600,cmd_age=0.02s bat=1.00 dist=2.56m
261,73.873,SCOUT,2,-7.076,-2.503,3.000,-0.136,0.585,0.000,0.600,cmd_age=0.02s bat=1.00 dist=2.56m
261,73.873,SCOUT,3,-5.576,-4.003,3.000,-0.136,0.585,0.000,0.600,cmd_age=0.02s bat=1.00 dist=2.56m
261,73.873,SCOUT,4,7.075,-2.503,3.000,0.134,0.584,0.000,0.600,cmd_age=0.02s bat=1.00 dist=2.56m
261,73.873,SCOUT,5,5.575,-1.003,3.000,0.134,0.584,0.000,0.600,cmd_age=0.02s bat=1.00 dist=2.56m
261,73.873,SCOUT,6,4.075,-2.503,3.000,0.134,0.584,0.000,0.600,cmd_age=0.02s bat=1.00 dist=2.56m
261,73.873,SCOUT,7,5.575,-4.003,3.000,0.134,0.584,0.000,0.600,cmd_age=0.02s bat=1.00 dist=2.56m
261,73.873,SCOUT,8,-1.688,3.190,3.000,0.424,-0.423,0.000,0.599,cmd_age=0.02s bat=1.00 dist=2.56m
261,73.873,SCOUT,9,-3.188,4.690,3.000,0.424,-0.423,0.000,0.599,cmd_age=0.02s bat=1.00 dist=2.56m
261,73.873,SCOUT,10,-4.688,3.190,3.000,0.424,-0.423,0.000,0.599,cmd_age=0.02s bat=1.00 dist=2.56m
261,73.873,SCOUT,11,-3.188,1.690,3.000,0.424,-0.423,0.000,0.599,cmd_age=0.02s bat=1.00 dist=2.56m
261,73.873,SCOUT,12,4.686,3.187,3.000,-0.423,-0.425,0.000,0.600,cmd_age=0.02s bat=1.00 dist=2.56m
261,73.873,SCOUT,13,3.186,4.687,3.000,-0.423,-0.425,0.000,0.600,cmd_age=0.02s bat=1.00 dist=2.56m
261,73.873,SCOUT,14,1.686,3.187,3.000,-0.423,-0.425,0.000,0.600,cmd_age=0.02s bat=1.00 dist=2.56m
261,73.873,SCOUT,15,3.186,1.687,3.000,-0.423,-0.425,0.000,0.600,cmd_age=0.02s bat=1.00 dist=2.56m
261,73.873,WORKER,0,-6.045,2.918,3.000,-0.718,1.867,0.000,2.000,state=MOVING bat=1.00 dist=8.48m
261,73.873,WORKER,1,7.651,3.458,3.000,0.153,1.994,0.000,2.000,state=MOVING bat=1.00 dist=8.48m
261,73.873,WORKER,2,2.480,-1.476,3.000,1.292,-1.527,0.000,2.000,state=MOVING bat=1.00 dist=8.48m
261,73.873,WORKER,3,0.589,-0.556,3.000,-1.511,-1.310,0.000,2.000,state=MOVING bat=1.00 dist=8.48m
262,74.100,GENERAL,0,0.000,0.000,5.000,0.000,0.000,0.000,0.000,N/A
262,74.100,NODE,0,-5.587,-2.454,3.000,-0.134,0.586,0.000,0.602,zone=0 dist=2.60m
262,74.100,NODE,1,5.587,-2.454,3.000,0.143,0.580,0.000,0.597,zone=1 dist=2.60m
262,74.100,NODE,2,-3.152,3.155,3.000,0.424,-0.427,0.000,0.602,zone=2 dist=2.60m
262,74.100,NODE,3,3.151,3.152,3.000,-0.420,-0.420,0.000,0.594,zone=3 dist=2.61m
262,74.100,SCOUT,0,-4.078,-2.493,3.000,-0.136,0.585,0.000,0.601,cmd_age=0.02s bat=1.00 dist=2.57m
262,74.100,SCOUT,1,-5.578,-0.993,3.000,-0.136,0.585,0.000,0.601,cmd_age=0.02s bat=1.00 dist=2.57m
262,74.100,SCOUT,2,-7.078,-2.493,3.000,-0.136,0.585,0.000,0.601,cmd_age=0.02s bat=1.00 dist=2.57m
262,74.100,SCOUT,3,-5.578,-3.993,3.000,-0.136,0.585,0.000,0.601,cmd_age=0.02s bat=1.00 dist=2.57m
262,74.100,SCOUT,4,7.078,-2.493,3.000,0.136,0.584,0.000,0.599,cmd_age=0.02s bat=1.00 dist=2.57m
262,74.100,SCOUT,5,5.578,-0.993,3.000,0.136,0.584,0.000,0.599,cmd_age=0.02s bat=1.00 dist=2.57m
262,74.100,SCOUT,6,4.078,-2.493,3.000,0.136,0.584,0.000,0.599,cmd_age=0.02s bat=1.00 dist=2.57m
262,74.100,SCOUT,7,5.578,-3.993,3.000,0.136,0.584,0.000,0.599,cmd_age=0.02s bat=1.00 dist=2.57m
262,74.100,SCOUT,8,-1.681,3.183,3.000,0.424,-0.424,0.000,0.600,cmd_age=0.02s bat=1.00 dist=2.57m
262,74.100,SCOUT,9,-3.181,4.683,3.000,0.424,-0.424,0.000,0.600,cmd_age=0.02s bat=1.00 dist=2.57m
262,74.100,SCOUT,10,-4.681,3.183,3.000,0.424,-0.424,0.000,0.600,cmd_age=0.02s bat=1.00 dist=2.57m
262,74.100,SCOUT,11,-3.181,1.683,3.000,0.424,-0.424,0.000,0.600,cmd_age=0.02s bat=1.00 dist=2.57m
262,74.100,SCOUT,12,4.679,3.180,3.000,-0.423,-0.424,0.000,0.599,cmd_age=0.02s bat=1.00 dist=2.57m
262,74.100,SCOUT,13,3.179,4.680,3.000,-0.423,-0.424,0.000,0.599,cmd_age=0.02s bat=1.00 dist=2.57m
262,74.100,SCOUT,14,1.679,3.180,3.000,-0.423,-0.424,0.000,0.599,cmd_age=0.02s bat=1.00 dist=2.57m
262,74.100,SCOUT,15,3.179,1.680,3.000,-0.423,-0.424,0.000,0.599,cmd_age=0.02s bat=1.00 dist=2.57m
262,74.100,WORKER,0,-6.057,2.949,3.000,-0.718,1.867,0.000,2.000,state=MOVING bat=1.00 dist=8.51m
262,74.100,WORKER,1,7.653,3.492,3.000,0.153,1.994,0.000,2.000,state=MOVING bat=1.00 dist=8.51m
262,74.100,WORKER,2,2.501,-1.502,3.000,1.292,-1.527,0.000,2.000,state=MOVING bat=1.00 dist=8.51m
262,74.100,WORKER,3,0.564,-0.578,3.000,-1.511,-1.310,0.000,2.000,state=MOVING bat=1.00 dist=8.51m
263,74.356,GENERAL,0,0.000,0.000,5.000,0.000,0.000,0.000,0.000,N/A
263,74.356,NODE,0,-5.589,-2.445,3.000,-0.135,0.588,0.000,0.603,zone=0 dist=2.61m
263,74.356,NODE,1,5.589,-2.445,3.000,0.130,0.582,0.000,0.596,zone=1 dist=2.61m
263,74.356,NODE,2,-3.145,3.148,3.000,0.428,-0.424,0.000,0.602,zone=2 dist=2.61m
263,74.356,NODE,3,3.144,3.145,3.000,-0.428,-0.428,0.000,0.605,zone=3 dist=2.62m
263,74.356,SCOUT,0,-4.080,-2.484,3.000,-0.136,0.586,0.000,0.601,cmd_age=0.02s bat=1.00 dist=2.58m
263,74.356,SCOUT,1,-5.580,-0.984,3.000,-0.136,0.586,0.000,0.601,cmd_age=0.02s bat=1.00 dist=2.58m
263,74.356,SCOUT,2,-7.080,-2.484,3.000,-0.136,0.586,0.000,0.601,cmd_age=0.02s bat=1.00 dist=2.58m
263,74.356,SCOUT,3,-5.580,-3.984,3.000,-0.136,0.586,0.000,0.601,cmd_age=0.02s bat=1.00 dist=2.58m
263,74.356,SCOUT,4,7.080,-2.483,3.000,0.135,0.583,0.000,0.599,cmd_age=0.02s bat=1.00 dist=2.58m
263,74.356,SCOUT,5,5.580,-0.983,3.000,0.135,0.583,0.000,0.599,cmd_age=0.02s bat=1.00 dist=2.58m
263,74.356,SCOUT,6,4.080,-2.483,3.000,0.135,0.583,0.000,0.599,cmd_age=0.02s bat=1.00 dist=2.58m
263,74.356,SCOUT,7,5.580,-3.983,3.000,0.135,0.583,0.000,0.599,cmd_age=0.02s bat=1.00 dist=2.58m
263,74.356,SCOUT,8,-1.673,3.176,3.000,0.425,-0.424,0.000,0.600,cmd_age=0.02s bat=1.00 dist=2.58m
263,74.356,SCOUT,9,-3.173,4.676,3.000,0.425,-0.424,0.000,0.600,cmd_age=0.02s bat=1.00 dist=2.58m
263,74.356,SCOUT,10,-4.673,3.176,3.000,0.425,-0.424,0.000,0.600,cmd_age=0.02s bat=1.00 dist=2.58m
263,74.356,SCOUT,11,-3.173,1.676,3.000,0.425,-0.424,0.000,0.600,cmd_age=0.02s bat=1.00 dist=2.58m
263,74.356,SCOUT,12,4.672,3.173,3.000,-0.424,-0.425,0.000,0.600,cmd_age=0.02s bat=1.00 dist=2.58m
263,74.356,SCOUT,13,3.172,4.673,3.000,-0.424,-0.425,0.000,0.600,cmd_age=0.02s bat=1.00 dist=2.58m
263,74.356,SCOUT,14,1.672,3.173,3.000,-0.424,-0.425,0.000,0.600,cmd_age=0.02s bat=1.00 dist=2.58m
263,74.356,SCOUT,15,3.172,1.673,3.000,-0.424,-0.425,0.000,0.600,cmd_age=0.02s bat=1.00 dist=2.58m
263,74.356,WORKER,0,-6.069,2.980,3.000,-0.718,1.867,0.000,2.000,state=MOVING bat=1.00 dist=8.55m
263,74.356,WORKER,1,7.656,3.525,3.000,0.153,1.994,0.000,2.000,state=MOVING bat=1.00 dist=8.55m
263,74.356,WORKER,2,2.523,-1.527,3.000,1.292,-1.527,0.000,2.000,state=MOVING bat=1.00 dist=8.55m
263,74.356,WORKER,3,0.539,-0.600,3.000,-1.511,-1.310,0.000,2.000,state=MOVING bat=1.00 dist=8.55m
264,74.572,GENERAL,0,0.000,0.000,5.000,0.000,0.000,0.000,0.000,N/A
264,74.572,NODE,0,-5.591,-2.435,3.000,-0.136,0.587,0.000,0.603,zone=0 dist=2.62m
264,74.572,NODE,1,5.591,-2.435,3.000,0.134,0.590,0.000,0.605,zone=1 dist=2.62m
264,74.572,NODE,2,-3.138,3.141,3.000,0.422,-0.425,0.000,0.599,zone=2 dist=2.62m
264,74.572,NODE,3,3.137,3.138,3.000,-0.426,-0.427,0.000,0.603,zone=3 dist=2.63m
264,74.572,SCOUT,0,-4.082,-2.474,3.000,-0.136,0.586,0.000,0.601,cmd_age=0.02s bat=1.00 dist=2.59m
264,74.572,SCOUT,1,-5.582,-0.974,3.000,-0.136,0.586,0.000,0.601,cmd_age=0.02s bat=1.00 dist=2.59m
264,74.572,SCOUT,2,-7.082,-2.474,3.000,-0.136,0.586,0.000,0.601,cmd_age=0.02s bat=1.00 dist=2.59m
264,74.572,SCOUT,3,-5.582,-3.974,3.000,-0.136,0.586,0.000,0.601,cmd_age=0.02s bat=1.00 dist=2.59m
264,74.572,SCOUT,4,7.082,-2.474,3.000,0.135,0.584,0.000,0.600,cmd_age=0.02s bat=1.00 dist=2.59m
264,74.572,SCOUT,5,5.582,-0.974,3.000,0.135,0.584,0.000,0.600,cmd_age=0.02s bat=1.00 dist=2.59m
264,74.572,SCOUT,6,4.082,-2.474,3.000,0.135,0.584,0.000,0.600,cmd_age=0.02s bat=1.00 dist=2.59m
264,74.572,SCOUT,7,5.582,-3.974,3.000,0.135,0.584,0.000,0.600,cmd_age=0.02s bat=1.00 dist=2.59m
264,74.572,SCOUT,8,-1.666,3.169,3.000,0.424,-0.424,0.000,0.600,cmd_age=0.02s bat=1.00 dist=2.59m
264,74.572,SCOUT,9,-3.166,4.669,3.000,0.424,-0.424,0.000,0.600,cmd_age=0.02s bat=1.00 dist=2.59m
264,74.572,SCOUT,10,-4.666,3.169,3.000,0.424,-0.424,0.000,0.600,cmd_age=0.02s bat=1.00 dist=2.59m
264,74.572,SCOUT,11,-3.166,1.669,3.000,0.424,-0.424,0.000,0.600,cmd_age=0.02s bat=1.00 dist=2.59m
264,74.572,SCOUT,12,4.665,3.166,3.000,-0.424,-0.425,0.000,0.601,cmd_age=0.02s bat=1.00 dist=2.59m
264,74.572,SCOUT,13,3.165,4.666,3.000,-0.424,-0.425,0.000,0.601,cmd_age=0.02s bat=1.00 dist=2.59m
264,74.572,SCOUT,14,1.665,3.166,3.000,-0.424,-0.425,0.000,0.601,cmd_age=0.02s bat=1.00 dist=2.59m
264,74.572,SCOUT,15,3.165,1.666,3.000,-0.424,-0.425,0.000,0.601,cmd_age=0.02s bat=1.00 dist=2.59m
264,74.572,WORKER,0,-6.081,3.011,3.000,-0.718,1.867,0.000,2.000,state=MOVING bat=1.00 dist=8.58m
264,74.572,WORKER,1,7.658,3.558,3.000,0.153,1.994,0.000,2.000,state=MOVING bat=1.00 dist=8.58m
264,74.572,WORKER,2,2.544,-1.552,3.000,1.292,-1.527,0.000,2.000,state=MOVING bat=1.00 dist=8.58m
264,74.572,WORKER,3,0.514,-0.621,3.000,-1.511,-1.310,0.000,2.000,state=MOVING bat=1.00 dist=8.58m
265,74.792,GENERAL,0,0.000,0.000,5.000,0.000,0.000,0.000,0.000,N/A
265,74.792,NODE,0,-5.594,-2.425,3.000,-0.131,0.591,0.000,0.605,zone=0 dist=2.63m
265,74.792,NODE,1,5.593,-2.425,3.000,0.131,0.586,0.000,0.601,zone=1 dist=2.63m
265,74.792,NODE,2,-3.131,3.134,3.000,0.426,-0.420,0.000,0.599,zone=2 dist=2.63m
265,74.792,NODE,3,3.130,3.131,3.000,-0.427,-0.427,0.000,0.604,zone=3 dist=2.64m
265,74.792,SCOUT,0,-4.085,-2.464,3.000,-0.135,0.587,0.000,0.602,cmd_age=0.02s bat=1.00 dist=2.60m
265,74.792,SCOUT,1,-5.585,-0.964,3.000,-0.135,0.587,0.000,0.602,cmd_age=0.02s bat=1.00 dist=2.60m
265,74.792,SCOUT,2,-7.085,-2.464,3.000,-0.135,0.587,0.000,0.602,cmd_age=0.02s bat=1.00 dist=2.60m
265,74.792,SCOUT,3,-5.585,-3.964,3.000,-0.135,0.587,0.000,0.602,cmd_age=0.02s bat=1.00 dist=2.60m
265,74.792,SCOUT,4,7.084,-2.464,3.000,0.134,0.585,0.000,0.600,cmd_age=0.02s bat=1.00 dist=2.60m
265,74.792,SCOUT,5,5.584,-0.964,3.000,0.134,0.585,0.000,0.600,cmd_age=0.02s bat=1.00 dist=2.60m
265,74.792,SCOUT,6,4.084,-2.464,3.000,0.134,0.585,0.000,0.600,cmd_age=0.02s bat=1.00 dist=2.60m
265,74.792,SCOUT,7,5.584,-3.964,3.000,0.134,0.585,0.000,0.600,cmd_age=0.02s bat=1.00 dist=2.60m
265,74.792,SCOUT,8,-1.659,3.162,3.000,0.425,-0.423,0.000,0.600,cmd_age=0.02s bat=1.00 dist=2.60m
265,74.792,SCOUT,9,-3.159,4.662,3.000,0.425,-0.423,0.000,0.600,cmd_age=0.02s bat=1.00 dist=2.60m
265,74.792,SCOUT,10,-4.659,3.162,3.000,0.425,-0.423,0.000,0.600,cmd_age=0.02s bat=1.00 dist=2.60m
265,74.792,SCOUT,11,-3.159,1.662,3.000,0.425,-0.423,0.000,0.600,cmd_age=0.02s bat=1.00 dist=2.60m
265,74.792,SCOUT,12,4.658,3.159,3.000,-0.425,-0.425,0.000,0.601,cmd_age=0.02s bat=1.00 dist=2.60m
265,74.792,SCOUT,13,3.158,4.659,3.000,-0.425,-0.425,0.000,0.601,cmd_age=0.02s bat=1.00 dist=2.60m
265,74.792,SCOUT,14,1.658,3.159,3.000,-0.425,-0.425,0.000,0.601,cmd_age=0.02s bat=1.00 dist=2.60m
265,74.792,SCOUT,15,3.158,1.659,3.000,-0.425,-0.425,0.000,0.601,cmd_age=0.02s bat=1.00 dist=2.60m
265,74.792,WORKER,0,-6.093,3.042,3.000,-0.718,1.867,0.000,2.000,state=MOVING bat=1.00 dist=8.61m
265,74.792,WORKER,1,7.661,3.591,3.000,0.153,1.994,0.000,2.000,state=MOVING bat=1.00 dist=8.61m
265,74.792,WORKER,2,2.566,-1.578,3.000,1.292,-1.527,0.000,2.000,state=MOVING bat=1.00 dist=8.61m
265,74.792,WORKER,3,0.488,-0.643,3.000,-1.511,-1.310,0.000,2.000,state=MOVING bat=1.00 dist=8.61m
266,75.009,GENERAL,0,0.000,0.000,5.000,0.000,0.000,0.000,0.000,N/A
266,75.009,NODE,0,-5.596,-2.415,3.000,-0.133,0.591,0.000,0.606,zone=0 dist=2.64m
266,75.009,NODE,1,5.596,-2.415,3.000,0.138,0.588,0.000,0.604,zone=1 dist=2.64m
266,75.009,NODE,2,-3.124,3.126,3.000,0.418,-0.429,0.000,0.599,zone=2 dist=2.64m
266,75.009,NODE,3,3.123,3.124,3.000,-0.417,-0.422,0.000,0.593,zone=3 dist=2.65m
266,75.009,SCOUT,0,-4.087,-2.454,3.000,-0.134,0.588,0.000,0.603,cmd_age=0.02s bat=1.00 dist=2.61m
266,75.009,SCOUT,1,-5.587,-0.954,3.000,-0.134,0.588,0.000,0.603,cmd_age=0.02s bat=1.00 dist=2.61m
266,75.009,SCOUT,2,-7.087,-2.454,3.000,-0.134,0.588,0.000,0.603,cmd_age=0.02s bat=1.00 dist=2.61m
266,75.009,SCOUT,3,-5.587,-3.954,3.000,-0.134,0.588,0.000,0.603,cmd_age=0.02s bat=1.00 dist=2.61m
266,75.009,SCOUT,4,7.087,-2.454,3.000,0.135,0.585,0.000,0.601,cmd_age=0.02s bat=1.00 dist=2.61m
266,75.009,SCOUT,5,5.587,-0.954,3.000,0.135,0.585,0.000,0.601,cmd_age=0.02s bat=1.00 dist=2.61m
266,75.009,SCOUT,6,4.087,-2.454,3.000,0.135,0.585,0.000,0.601,cmd_age=0.02s bat=1.00 dist=2.61m
266,75.009,SCOUT,7,5.587,-3.954,3.000,0.135,0.585,0.000,0.601,cmd_age=0.02s bat=1.00 dist=2.61m
266,75.009,SCOUT,8,-1.652,3.155,3.000,0.423,-0.424,0.000,0.599,cmd_age=0.02s bat=1.00 dist=2.61m
266,75.009,SCOUT,9,-3.152,4.655,3.000,0.423,-0.424,0.000,0.599,cmd_age=0.02s bat=1.00 dist=2.61m
266,75.009,SCOUT,10,-4.652,3.155,3.000,0.423,-0.424,0.000,0.599,cmd_age=0.02s bat=1.00 dist=2.61m
266,75.009,SCOUT,11,-3.152,1.655,3.000,0.423,-0.424,0.000,0.599,cmd_age=0.02s bat=1.00 dist=2.61m
266,75.009,SCOUT,12,4.651,3.152,3.000,-0.423,-0.425,0.000,0.600,cmd_age=0.02s bat=1.00 dist=2.61m
266,75.009,SCOUT,13,3.151,4.652,3.000,-0.423,-0.425,0.000,0.600,cmd_age=0.02s bat=1.00 dist=2.61m
266,75.009,SCOUT,14,1.651,3.152,3.000,-0.423,-0.425,0.000,0.600,cmd_age=0.02s bat=1.00 dist=2.61m
266,75.009,SCOUT,15,3.151,1.652,3.000,-0.423,-0.425,0.000,0.600,cmd_age=0.02s bat=1.00 dist=2.61m
266,75.009,WORKER,0,-6.105,3.073,3.000,-0.718,1.867,0.000,2.000,state=MOVING bat=1.00 dist=8.65m
266,75.009,WORKER,1,7.663,3.625,3.000,0.153,1.994,0.000,2.000,state=MOVING bat=1.00 dist=8.65m
266,75.009,WORKER,2,2.587,-1.603,3.000,1.292,-1.527,0.000,2.000,state=MOVING bat=1.00 dist=8.65m
266,75.009,WORKER,3,0.463,-0.665,3.000,-1.511,-1.310,0.000,2.000,state=MOVING bat=1.00 dist=8.65m
267,75.219,GENERAL,0,0.000,0.000,5.000,0.000,0.000,0.000,0.000,N/A
267,75.219,NODE,0,-5.598,-2.405,3.000,-0.133,0.589,0.000,0.604,zone=0 dist=2.65m
267,75.219,NODE,1,5.598,-2.405,3.000,0.136,0.584,0.000,0.600,zone=1 dist=2.65m
267,75.219,NODE,2,-3.117,3.119,3.000,0.429,-0.421,0.000,0.601,zone=2 dist=2.65m
267,75.219,NODE,3,3.116,3.117,3.000,-0.422,-0.422,0.000,0.597,zone=3 dist=2.66m
267,75.219,SCOUT,0,-4.089,-2.445,3.000,-0.134,0.588,0.000,0.603,cmd_age=0.02s bat=1.00 dist=2.62m
267,75.219,SCOUT,1,-5.589,-0.945,3.000,-0.134,0.588,0.000,0.603,cmd_age=0.02s bat=1.00 dist=2.62m
267,75.219,SCOUT,2,-7.089,-2.445,3.000,-0.134,0.588,0.000,0.603,cmd_age=0.02s bat=1.00 dist=2.62m
267,75.219,SCOUT,3,-5.589,-3.945,3.000,-0.134,0.588,0.000,0.603,cmd_age=0.02s bat=1.00 dist=2.62m
267,75.219,SCOUT,4,7.089,-2.444,3.000,0.135,0.585,0.000,0.600,cmd_age=0.02s bat=1.00 dist=2.62m
267,75.219,SCOUT,5,5.589,-0.944,3.000,0.135,0.585,0.000,0.600,cmd_age=0.02s bat=1.00 dist=2.62m
267,75.219,SCOUT,6,4.089,-2.444,3.000,0.135,0.585,0.000,0.600,cmd_age=0.02s bat=1.00 dist=2.62m
267,75.219,SCOUT,7,5.589,-3.944,3.000,0.135,0.585,0.000,0.600,cmd_age=0.02s bat=1.00 dist=2.62m
267,75.219,SCOUT,8,-1.645,3.148,3.000,0.424,-0.424,0.000,0.600,cmd_age=0.02s bat=1.00 dist=2.62m
267,75.219,SCOUT,9,-3.145,4.648,3.000,0.424,-0.424,0.000,0.600,cmd_age=0.02s bat=1.00 dist=2.62m
267,75.219,SCOUT,10,-4.645,3.148,3.000,0.424,-0.424,0.000,0.600,cmd_age=0.02s bat=1.00 dist=2.62m
267,75.219,SCOUT,11,-3.145,1.648,3.000,0.424,-0.424,0.000,0.600,cmd_age=0.02s bat=1.00 dist=2.62m
267,75.219,SCOUT,12,4.644,3.145,3.000,-0.423,-0.424,0.000,0.599,cmd_age=0.02s bat=1.00 dist=2.62m
267,75.219,SCOUT,13,3.144,4.645,3.000,-0.423,-0.424,0.000,0.599,cmd_age=0.02s bat=1.00 dist=2.62m
267,75.219,SCOUT,14,1.644,3.145,3.000,-0.423,-0.424,0.000,0.599,cmd_age=0.02s bat=1.00 dist=2.62m
267,75.219,SCOUT,15,3.144,1.645,3.000,-0.423,-0.424,0.000,0.599,cmd_age=0.02s bat=1.00 dist=2.62m
267,75.219,WORKER,0,-6.117,3.105,3.000,-0.718,1.867,0.000,2.000,state=MOVING bat=1.00 dist=8.68m
267,75.219,WORKER,1,7.666,3.658,3.000,0.153,1.994,0.000,2.000,state=MOVING bat=1.00 dist=8.68m
267,75.219,WORKER,2,2.609,-1.629,3.000,1.292,-1.527,0.000,2.000,state=MOVING bat=1.00 dist=8.68m
267,75.219,WORKER,3,0.438,-0.687,3.000,-1.511,-1.310,0.000,2.000,state=MOVING bat=1.00 dist=8.68m
268,75.432,GENERAL,0,0.000,0.000,5.000,0.000,0.000,0.000,0.000,N/A
268,75.432,NODE,0,-5.600,-2.396,3.000,-0.134,0.580,0.000,0.595,zone=0 dist=2.66m
268,75.432,NODE,1,5.600,-2.396,3.000,0.137,0.588,0.000,0.604,zone=1 dist=2.66m
268,75.432,NODE,2,-3.110,3.112,3.000,0.425,-0.422,0.000,0.599,zone=2 dist=2.66m
268,75.432,NODE,3,3.109,3.110,3.000,-0.425,-0.424,0.000,0.600,zone=3 dist=2.67m
268,75.432,SCOUT,0,-4.091,-2.435,3.000,-0.134,0.586,0.000,0.601,cmd_age=0.02s bat=1.00 dist=2.63m
268,75.432,SCOUT,1,-5.591,-0.935,3.000,-0.134,0.586,0.000,0.601,cmd_age=0.02s bat=1.00 dist=2.63m
268,75.432,SCOUT,2,-7.091,-2.435,3.000,-0.134,0.586,0.000,0.601,cmd_age=0.02s bat=1.00 dist=2.63m
268,75.432,SCOUT,3,-5.591,-3.935,3.000,-0.134,0.586,0.000,0.601,cmd_age=0.02s bat=1.00 dist=2.63m
268,75.432,SCOUT,4,7.091,-2.435,3.000,0.135,0.586,0.000,0.601,cmd_age=0.02s bat=1.00 dist=2.63m
268,75.432,SCOUT,5,5.591,-0.935,3.000,0.135,0.586,0.000,0.601,cmd_age=0.02s bat=1.00 dist=2.63m
268,75.432,SCOUT,6,4.091,-2.435,3.000,0.135,0.586,0.000,0.601,cmd_age=0.02s bat=1.00 dist=2.63m
268,75.432,SCOUT,7,5.591,-3.935,3.000,0.135,0.586,0.000,0.601,cmd_age=0.02s bat=1.00 dist=2.63m
268,75.432,SCOUT,8,-1.638,3.141,3.000,0.425,-0.423,0.000,0.600,cmd_age=0.02s bat=1.00 dist=2.63m
268,75.432,SCOUT,9,-3.138,4.641,3.000,0.425,-0.423,0.000,0.600,cmd_age=0.02s bat=1.00 dist=2.63m
268,75.432,SCOUT,10,-4.638,3.141,3.000,0.425,-0.423,0.000,0.600,cmd_age=0.02s bat=1.00 dist=2.63m
268,75.432,SCOUT,11,-3.138,1.641,3.000,0.425,-0.423,0.000,0.600,cmd_age=0.02s bat=1.00 dist=2.63m
268,75.432,SCOUT,12,4.637,3.138,3.000,-0.423,-0.424,0.000,0.599,cmd_age=0.02s bat=1.00 dist=2.63m
268,75.432,SCOUT,13,3.137,4.638,3.000,-0.423,-0.424,0.000,0.599,cmd_age=0.02s bat=1.00 dist=2.63m
268,75.432,SCOUT,14,1.637,3.138,3.000,-0.423,-0.424,0.000,0.599,cmd_age=0.02s bat=1.00 dist=2.63m
268,75.432,SCOUT,15,3.137,1.638,3.000,-0.423,-0.424,0.000,0.599,cmd_age=0.02s bat=1.00 dist=2.63m
268,75.432,WORKER,0,-6.129,3.136,3.000,-0.718,1.867,0.000,2.000,state=MOVING bat=1.00 dist=8.71m
268,75.432,WORKER,1,7.669,3.691,3.000,0.153,1.994,0.000,2.000,state=MOVING bat=1.00 dist=8.71m
268,75.432,WORKER,2,2.630,-1.654,3.000,1.292,-1.527,0.000,2.000,state=MOVING bat=1.00 dist=8.71m
268,75.432,WORKER,3,0.413,-0.709,3.000,-1.511,-1.310,0.000,2.000,state=MOVING bat=1.00 dist=8.71m
269,75.644,GENERAL,0,0.000,0.000,5.000,0.000,0.000,0.000,0.000,N/A
269,75.644,NODE,0,-5.603,-2.386,3.000,-0.131,0.580,0.000,0.595,zone=0 dist=2.67m
269,75.644,NODE,1,5.602,-2.386,3.000,0.136,0.584,0.000,0.600,zone=1 dist=2.67m
269,75.644,NODE,2,-3.103,3.105,3.000,0.424,-0.421,0.000,0.598,zone=2 dist=2.67m
269,75.644,NODE,3,3.102,3.103,3.000,-0.417,-0.427,0.000,0.597,zone=3 dist=2.68m
269,75.644,SCOUT,0,-4.094,-2.425,3.000,-0.133,0.585,0.000,0.600,cmd_age=0.02s bat=1.00 dist=2.64m
269,75.644,SCOUT,1,-5.594,-0.925,3.000,-0.133,0.585,0.000,0.600,cmd_age=0.02s bat=1.00 dist=2.64m
269,75.644,SCOUT,2,-7.094,-2.425,3.000,-0.133,0.585,0.000,0.600,cmd_age=0.02s bat=1.00 dist=2.64m
269,75.644,SCOUT,3,-5.594,-3.925,3.000,-0.133,0.585,0.000,0.600,cmd_age=0.02s bat=1.00 dist=2.64m
269,75.644,SCOUT,4,7.093,-2.425,3.000,0.136,0.585,0.000,0.601,cmd_age=0.02s bat=1.00 dist=2.64m
269,75.644,SCOUT,5,5.593,-0.925,3.000,0.136,0.585,0.000,0.601,cmd_age=0.02s bat=1.00 dist=2.64m
269,75.644,SCOUT,6,4.093,-2.425,3.000,0.136,0.585,0.000,0.601,cmd_age=0.02s bat=1.00 dist=2.64m
269,75.644,SCOUT,7,5.593,-3.925,3.000,0.136,0.585,0.000,0.601,cmd_age=0.02s bat=1.00 dist=2.64m
269,75.644,SCOUT,8,-1.631,3.134,3.000,0.425,-0.423,0.000,0.599,cmd_age=0.02s bat=1.00 dist=2.64m
269,75.644,SCOUT,9,-3.131,4.634,3.000,0.425,-0.423,0.000,0.599,cmd_age=0.02s bat=1.00 dist=2.64m
269,75.644,SCOUT,10,-4.631,3.134,3.000,0.425,-0.423,0.000,0.599,cmd_age=0.02s bat=1.00 dist=2.64m
269,75.644,SCOUT,11,-3.131,1.634,3.000,0.425,-0.423,0.000,0.599,cmd_age=0.02s bat=1.00 dist=2.64m
269,75.644,SCOUT,12,4.630,3.131,3.000,-0.422,-0.425,0.000,0.599,cmd_age=0.02s bat=1.00 dist=2.64m
269,75.644,SCOUT,13,3.130,4.631,3.000,-0.422,-0.425,0.000,0.599,cmd_age=0.02s bat=1.00 dist=2.64m
269,75.644,SCOUT,14,1.630,3.131,3.000,-0.422,-0.425,0.000,0.599,cmd_age=0.02s bat=1.00 dist=2.64m
269,75.644,SCOUT,15,3.130,1.631,3.000,-0.422,-0.425,0.000,0.599,cmd_age=0.02s bat=1.00 dist=2.64m
269,75.644,WORKER,0,-6.141,3.167,3.000,-0.718,1.867,0.000,2.000,state=MOVING bat=1.00 dist=8.75m
269,75.644,WORKER,1,7.671,3.724,3.000,0.153,1.994,0.000,2.000,state=MOVING bat=1.00 dist=8.75m
269,75.644,WORKER,2,2.652,-1.680,3.000,1.292,-1.527,0.000,2.000,state=MOVING bat=1.00 dist=8.75m
269,75.644,WORKER,3,0.388,-0.731,3.000,-1.511,-1.310,0.000,2.000,state=MOVING bat=1.00 dist=8.75m
270,75.858,GENERAL,0,0.000,0.000,5.000,0.000,0.000,0.000,0.000,N/A
270,75.858,NODE,0,-5.605,-2.376,3.000,-0.131,0.579,0.000,0.594,zone=0 dist=2.68m
270,75.858,NODE,1,5.605,-2.376,3.000,0.135,0.583,0.000,0.598,zone=1 dist=2.68m
270,75.858,NODE,2,-3.096,3.098,3.000,0.421,-0.429,0.000,0.601,zone=2 dist=2.68m
270,75.858,NODE,3,3.095,3.096,3.000,-0.419,-0.418,0.000,0.592,zone=3 dist=2.69m
270,75.858,SCOUT,0,-4.096,-2.415,3.000,-0.133,0.584,0.000,0.599,cmd_age=0.02s bat=1.00 dist=2.65m
270,75.858,SCOUT,1,-5.596,-0.915,3.000,-0.133,0.584,0.000,0.599,cmd_age=0.02s bat=1.00 dist=2.65m
270,75.858,SCOUT,2,-7.096,-2.415,3.000,-0.133,0.584,0.000,0.599,cmd_age=0.02s bat=1.00 dist=2.65m
270,75.858,SCOUT,3,-5.596,-3.915,3.000,-0.133,0.584,0.000,0.599,cmd_age=0.02s bat=1.00 dist=2.65m
270,75.858,SCOUT,4,7.096,-2.415,3.000,0.135,0.585,0.000,0.600,cmd_age=0.02s bat=1.00 dist=2.65m
270,75.858,SCOUT,5,5.596,-0.915,3.000,0.135,0.585,0.000,0.600,cmd_age=0.02s bat=1.00 dist=2.65m
270,75.858,SCOUT,6,4.096,-2.415,3.000,0.135,0.585,0.000,0.600,cmd_age=0.02s bat=1.00 dist=2.65m
270,75.858,SCOUT,7,5.596,-3.915,3.000,0.135,0.585,0.000,0.600,cmd_age=0.02s bat=1.00 dist=2.65m
270,75.858,SCOUT,8,-1.624,3.127,3.000,0.424,-0.424,0.000,0.600,cmd_age=0.02s bat=1.00 dist=2.65m
270,75.858,SCOUT,9,-3.124,4.627,3.000,0.424,-0.424,0.000,0.600,cmd_age=0.02s bat=1.00 dist=2.65m
270,75.858,SCOUT,10,-4.624,3.127,3.000,0.424,-0.424,0.000,0.600,cmd_age=0.02s bat=1.00 dist=2.65m
270,75.858,SCOUT,11,-3.124,1.627,3.000,0.424,-0.424,0.000,0.600,cmd_age=0.02s bat=1.00 dist=2.65m
270,75.858,SCOUT,12,4.623,3.124,3.000,-0.422,-0.423,0.000,0.597,cmd_age=0.02s bat=1.00 dist=2.65m
270,75.858,SCOUT,13,3.123,4.624,3.000,-0.422,-0.423,0.000,0.597,cmd_age=0.02s bat=1.00 dist=2.65m
270,75.858,SCOUT,14,1.623,3.124,3.000,-0.422,-0.423,0.000,0.597,cmd_age=0.02s bat=1.00 dist=2.65m
270,75.858,SCOUT,15,3.123,1.624,3.000,-0.422,-0.423,0.000,0.597,cmd_age=0.02s bat=1.00 dist=2.65m
270,75.858,WORKER,0,-6.153,3.198,3.000,-0.718,1.867,0.000,2.000,state=MOVING bat=1.00 dist=8.78m
270,75.858,WORKER,1,7.674,3.757,3.000,0.153,1.994,0.000,2.000,state=MOVING bat=1.00 dist=8.78m
270,75.858,WORKER,2,2.674,-1.705,3.000,1.292,-1.527,0.000,2.000,state=MOVING bat=1.00 dist=8.78m
270,75.858,WORKER,3,0.363,-0.752,3.000,-1.511,-1.310,0.000,2.000,state=MOVING bat=1.00 dist=8.78m
271,76.085,GENERAL,0,0.000,0.000,5.000,0.000,0.000,0.000,0.000,N/A
271,76.085,NODE,0,-5.607,-2.367,3.000,-0.134,0.589,0.000,0.604,zone=0 dist=2.69m
271,76.085,NODE,1,5.607,-2.366,3.000,0.134,0.587,0.000,0.602,zone=1 dist=2.69m
271,76.085,NODE,2,-3.089,3.091,3.000,0.419,-0.427,0.000,0.598,zone=2 dist=2.69m
271,76.085,NODE,3,3.088,3.089,3.000,-0.417,-0.419,0.000,0.591,zone=3 dist=2.70m
271,76.085,SCOUT,0,-4.098,-2.406,3.000,-0.133,0.585,0.000,0.600,cmd_age=0.02s bat=1.00 dist=2.66m
271,76.085,SCOUT,1,-5.598,-0.906,3.000,-0.133,0.585,0.000,0.600,cmd_age=0.02s bat=1.00 dist=2.66m
271,76.085,SCOUT,2,-7.098,-2.406,3.000,-0.133,0.585,0.000,0.600,cmd_age=0.02s bat=1.00 dist=2.66m
271,76.085,SCOUT,3,-5.598,-3.906,3.000,-0.133,0.585,0.000,0.600,cmd_age=0.02s bat=1.00 dist=2.66m
271,76.085,SCOUT,4,7.098,-2.405,3.000,0.135,0.585,0.000,0.601,cmd_age=0.02s bat=1.00 dist=2.66m
271,76.085,SCOUT,5,5.598,-0.905,3.000,0.135,0.585,0.000,0.601,cmd_age=0.02s bat=1.00 dist=2.66m
271,76.085,SCOUT,6,4.098,-2.405,3.000,0.135,0.585,0.000,0.601,cmd_age=0.02s bat=1.00 dist=2.66m
271,76.085,SCOUT,7,5.598,-3.905,3.000,0.135,0.585,0.000,0.601,cmd_age=0.02s bat=1.00 dist=2.66m
271,76.085,SCOUT,8,-1.617,3.119,3.000,0.423,-0.425,0.000,0.599,cmd_age=0.02s bat=1.00 dist=2.66m
271,76.085,SCOUT,9,-3.117,4.619,3.000,0.423,-0.425,0.000,0.599,cmd_age=0.02s bat=1.00 dist=2.66m
271,76.085,SCOUT,10,-4.617,3.119,3.000,0.423,-0.425,0.000,0.599,cmd_age=0.02s bat=1.00 dist=2.66m
271,76.085,SCOUT,11,-3.117,1.619,3.000,0.423,-0.425,0.000,0.599,cmd_age=0.02s bat=1.00 dist=2.66m
271,76.085,SCOUT,12,4.616,3.117,3.000,-0.421,-0.423,0.000,0.596,cmd_age=0.02s bat=1.00 dist=2.66m
271,76.085,SCOUT,13,3.116,4.617,3.000,-0.421,-0.423,0.000,0.596,cmd_age=0.02s bat=1.00 dist=2.66m
271,76.085,SCOUT,14,1.616,3.117,3.000,-0.421,-0.423,0.000,0.596,cmd_age=0.02s bat=1.00 dist=2.66m
271,76.085,SCOUT,15,3.116,1.617,3.000,-0.421,-0.423,0.000,0.596,cmd_age=0.02s bat=1.00 dist=2.66m
271,76.085,WORKER,0,-6.165,3.229,3.000,-0.718,1.867,0.000,2.000,state=MOVING bat=1.00 dist=8.81m
271,76.085,WORKER,1,7.676,3.791,3.000,0.153,1.994,0.000,2.000,state=MOVING bat=1.00 dist=8.81m
271,76.085,WORKER,2,2.695,-1.731,3.000,1.292,-1.527,0.000,2.000,state=MOVING bat=1.00 dist=8.81m
271,76.085,WORKER,3,0.337,-0.774,3.000,-1.511,-1.310,0.000,2.000,state=MOVING bat=1.00 dist=8.81m
272,76.307,GENERAL,0,0.000,0.000,5.000,0.000,0.000,0.000,0.000,N/A
272,76.307,NODE,0,-5.609,-2.357,3.000,-0.137,0.579,0.000,0.596,zone=0 dist=2.70m
272,76.307,NODE,1,5.609,-2.357,3.000,0.133,0.584,0.000,0.599,zone=1 dist=2.70m
272,76.307,NODE,2,-3.082,3.084,3.000,0.425,-0.416,0.000,0.595,zone=2 dist=2.70m
272,76.307,NODE,3,3.081,3.081,3.000,-0.421,-0.428,0.000,0.600,zone=3 dist=2.71m
272,76.307,SCOUT,0,-4.100,-2.396,3.000,-0.134,0.584,0.000,0.599,cmd_age=0.02s bat=1.00 dist=2.67m
272,76.307,SCOUT,1,-5.600,-0.896,3.000,-0.134,0.584,0.000,0.599,cmd_age=0.02s bat=1.00 dist=2.67m
272,76.307,SCOUT,2,-7.100,-2.396,3.000,-0.134,0.584,0.000,0.599,cmd_age=0.02s bat=1.00 dist=2.67m
272,76.307,SCOUT,3,-5.600,-3.896,3.000,-0.134,0.584,0.000,0.599,cmd_age=0.02s bat=1.00 dist=2.67m
272,76.307,SCOUT,4,7.100,-2.396,3.000,0.135,0.585,0.000,0.600,cmd_age=0.02s bat=1.00 dist=2.67m
272,76.307,SCOUT,5,5.600,-0.896,3.000,0.135,0.585,0.000,0.600,cmd_age=0.02s bat=1.00 dist=2.67m
272,76.307,SCOUT,6,4.100,-2.396,3.000,0.135,0.585,0.000,0.600,cmd_age=0.02s bat=1.00 dist=2.67m
272,76.307,SCOUT,7,5.600,-3.896,3.000,0.135,0.585,0.000,0.600,cmd_age=0.02s bat=1.00 dist=2.67m
272,76.307,SCOUT,8,-1.610,3.112,3.000,0.423,-0.423,0.000,0.598,cmd_age=0.02s bat=1.00 dist=2.67m
272,76.307,SCOUT,9,-3.110,4.612,3.000,0.423,-0.423,0.000,0.598,cmd_age=0.02s bat=1.00 dist=2.67m
272,76.307,SCOUT,10,-4.610,3.112,3.000,0.423,-0.423,0.000,0.598,cmd_age=0.02s bat=1.00 dist=2.67m
272,76.307,SCOUT,11,-3.110,1.612,3.000,0.423,-0.423,0.000,0.598,cmd_age=0.02s bat=1.00 dist=2.67m
272,76.307,SCOUT,12,4.609,3.110,3.000,-0.421,-0.424,0.000,0.597,cmd_age=0.02s bat=1.00 dist=2.67m
272,76.307,SCOUT,13,3.109,4.610,3.000,-0.421,-0.424,0.000,0.597,cmd_age=0.02s bat=1.00 dist=2.67m
272,76.307,SCOUT,14,1.609,3.110,3.000,-0.421,-0.424,0.000,0.597,cmd_age=0.02s bat=1.00 dist=2.67m
272,76.307,SCOUT,15,3.109,1.610,3.000,-0.421,-0.424,0.000,0.597,cmd_age=0.02s bat=1.00 dist=2.67m
272,76.307,WORKER,0,-6.177,3.260,3.000,-0.718,1.867,0.000,2.000,state=MOVING bat=1.00 dist=8.85m
272,76.307,WORKER,1,7.679,3.824,3.000,0.153,1.994,0.000,2.000,state=MOVING bat=1.00 dist=8.85m
272,76.307,WORKER,2,2.717,-1.756,3.000,1.292,-1.527,0.000,2.000,state=MOVING bat=1.00 dist=8.85m
272,76.307,WORKER,3,0.312,-0.796,3.000,-1.511,-1.310,0.000,2.000,state=MOVING bat=1.00 dist=8.85m
273,76.521,GENERAL,0,0.000,0.000,5.000,0.000,0.000,0.000,0.000,N/A
273,76.521,NODE,0,-5.612,-2.347,3.000,-0.140,0.587,0.000,0.603,zone=0 dist=2.71m
273,76.521,NODE,1,5.611,-2.347,3.000,0.136,0.582,0.000,0.598,zone=1 dist=2.71m
273,76.521,NODE,2,-3.075,3.077,3.000,0.421,-0.425,0.000,0.598,zone=2 dist=2.71m
273,76.521,NODE,3,3.074,3.074,3.000,-0.423,-0.424,0.000,0.599,zone=3 dist=2.72m
273,76.521,SCOUT,0,-4.103,-2.386,3.000,-0.135,0.584,0.000,0.600,cmd_age=0.02s bat=1.00 dist=2.68m
273,76.521,SCOUT,1,-5.603,-0.886,3.000,-0.135,0.584,0.000,0.600,cmd_age=0.02s bat=1.00 dist=2.68m
273,76.521,SCOUT,2,-7.103,-2.386,3.000,-0.135,0.584,0.000,0.600,cmd_age=0.02s bat=1.00 dist=2.68m
273,76.521,SCOUT,3,-5.603,-3.886,3.000,-0.135,0.584,0.000,0.600,cmd_age=0.02s bat=1.00 dist=2.68m
273,76.521,SCOUT,4,7.102,-2.386,3.000,0.135,0.584,0.000,0.600,cmd_age=0.02s bat=1.00 dist=2.68m
273,76.521,SCOUT,5,5.602,-0.886,3.000,0.135,0.584,0.000,0.600,cmd_age=0.02s bat=1.00 dist=2.68m
273,76.521,SCOUT,6,4.102,-2.386,3.000,0.135,0.584,0.000,0.600,cmd_age=0.02s bat=1.00 dist=2.68m
273,76.521,SCOUT,7,5.602,-3.886,3.000,0.135,0.584,0.000,0.600,cmd_age=0.02s bat=1.00 dist=2.68m
273,76.521,SCOUT,8,-1.603,3.105,3.000,0.423,-0.423,0.000,0.598,cmd_age=0.02s bat=1.00 dist=2.68m
273,76.521,SCOUT,9,-3.103,4.605,3.000,0.423,-0.423,0.000,0.598,cmd_age=0.02s bat=1.00 dist=2.68m
273,76.521,SCOUT,10,-4.603,3.105,3.000,0.423,-0.423,0.000,0.598,cmd_age=0.02s bat=1.00 dist=2.68m
273,76.521,SCOUT,11,-3.103,1.605,3.000,0.423,-0.423,0.000,0.598,cmd_age=0.02s bat=1.00 dist=2.68m
273,76.521,SCOUT,12,4.602,3.103,3.000,-0.421,-0.424,0.000,0.597,cmd_age=0.02s bat=1.00 dist=2.68m
273,76.521,SCOUT,13,3.102,4.603,3.000,-0.421,-0.424,0.000,0.597,cmd_age=0.02s bat=1.00 dist=2.68m
273,76.521,SCOUT,14,1.602,3.103,3.000,-0.421,-0.424,0.000,0.597,cmd_age=0.02s bat=1.00 dist=2.68m
273,76.521,SCOUT,15,3.102,1.603,3.000,-0.421,-0.424,0.000,0.597,cmd_age=0.02s bat=1.00 dist=2.68m
273,76.521,WORKER,0,-6.189,3.291,3.000,-0.718,1.867,0.000,2.000,state=MOVING bat=1.00 dist=8.88m
273,76.521,WORKER,1,7.681,3.857,3.000,0.153,1.994,0.000,2.000,state=MOVING bat=1.00 dist=8.88m
273,76.521,WORKER,2,2.738,-1.781,3.000,1.292,-1.527,0.000,2.000,state=MOVING bat=1.00 dist=8.88m
273,76.521,WORKER,3,0.287,-0.818,3.000,-1.511,-1.310,0.000,2.000,state=MOVING bat=1.00 dist=8.88m
274,76.734,GENERAL,0,0.000,0.000,5.000,0.000,0.000,0.000,0.000,N/A
274,76.734,NODE,0,-5.614,-2.337,3.000,-0.133,0.582,0.000,0.597,zone=0 dist=2.72m
274,76.734,NODE,1,5.614,-2.337,3.000,0.129,0.582,0.000,0.597,zone=1 dist=2.72m
274,76.734,NODE,2,-3.068,3.070,3.000,0.422,-0.431,0.000,0.603,zone=2 dist=2.72m
274,76.734,NODE,3,3.067,3.067,3.000,-0.423,-0.428,0.000,0.602,zone=3 dist=2.73m
274,76.734,SCOUT,0,-4.105,-2.376,3.000,-0.135,0.584,0.000,0.599,cmd_age=0.02s bat=1.00 dist=2.69m
274,76.734,SCOUT,1,-5.605,-0.876,3.000,-0.135,0.584,0.000,0.599,cmd_age=0.02s bat=1.00 dist=2.69m
274,76.734,SCOUT,2,-7.105,-2.376,3.000,-0.135,0.584,0.000,0.599,cmd_age=0.02s bat=1.00 dist=2.69m
274,76.734,SCOUT,3,-5.605,-3.876,3.000,-0.135,0.584,0.000,0.599,cmd_age=0.02s bat=1.00 dist=2.69m
274,76.734,SCOUT,4,7.105,-2.376,3.000,0.134,0.584,0.000,0.599,cmd_age=0.02s bat=1.00 dist=2.69m
274,76.734,SCOUT,5,5.605,-0.876,3.000,0.134,0.584,0.000,0.599,cmd_age=0.02s bat=1.00 dist=2.69m
274,76.734,SCOUT,6,4.105,-2.376,3.000,0.134,0.584,0.000,0.599,cmd_age=0.02s bat=1.00 dist=2.69m
274,76.734,SCOUT,7,5.605,-3.876,3.000,0.134,0.584,0.000,0.599,cmd_age=0.02s bat=1.00 dist=2.69m
274,76.734,SCOUT,8,-1.596,3.098,3.000,0.423,-0.425,0.000,0.599,cmd_age=0.02s bat=1.00 dist=2.69m
274,76.734,SCOUT,9,-3.096,4.598,3.000,0.423,-0.425,0.000,0.599,cmd_age=0.02s bat=1.00 dist=2.69m
274,76.734,SCOUT,10,-4.596,3.098,3.000,0.423,-0.425,0.000,0.599,cmd_age=0.02s bat=1.00 dist=2.69m
274,76.734,SCOUT,11,-3.096,1.598,3.000,0.423,-0.425,0.000,0.599,cmd_age=0.02s bat=1.00 dist=2.69m
274,76.734,SCOUT,12,4.595,3.096,3.000,-0.422,-0.425,0.000,0.598,cmd_age=0.02s bat=1.00 dist=2.69m
274,76.734,SCOUT,13,3.095,4.596,3.000,-0.422,-0.425,0.000,0.598,cmd_age=0.02s bat=1.00 dist=2.69m
274,76.734,SCOUT,14,1.595,3.096,3.000,-0.422,-0.425,0.000,0.598,cmd_age=0.02s bat=1.00 dist=2.69m
274,76.734,SCOUT,15,3.095,1.596,3.000,-0.422,-0.425,0.000,0.598,cmd_age=0.02s bat=1.00 dist=2.69m
274,76.734,WORKER,0,-6.201,3.322,3.000,-0.718,1.867,0.000,2.000,state=MOVING bat=1.00 dist=8.91m
274,76.734,WORKER,1,7.684,3.890,3.000,0.153,1.994,0.000,2.000,state=MOVING bat=1.00 dist=8.91m
274,76.734,WORKER,2,2.760,-1.807,3.000,1.292,-1.527,0.000,2.000,state=MOVING bat=1.00 dist=8.91m
274,76.734,WORKER,3,0.262,-0.840,3.000,-1.511,-1.310,0.000,2.000,state=MOVING bat=1.00 dist=8.91m
275,76.996,GENERAL,0,0.000,0.000,5.000,0.000,0.000,0.000,0.000,N/A
275,76.996,NODE,0,-5.616,-2.328,3.000,-0.137,0.585,0.000,0.601,zone=0 dist=2.73m
275,76.996,NODE,1,5.616,-2.328,3.000,0.135,0.587,0.000,0.602,zone=1 dist=2.73m
275,76.996,NODE,2,-3.060,3.063,3.000,0.427,-0.428,0.000,0.605,zone=2 dist=2.73m
275,76.996,NODE,3,3.060,3.060,3.000,-0.415,-0.420,0.000,0.590,zone=3 dist=2.74m
275,76.996,SCOUT,0,-4.107,-2.367,3.000,-0.135,0.584,0.000,0.600,cmd_age=0.02s bat=1.00 dist=2.70m
275,76.996,SCOUT,1,-5.607,-0.867,3.000,-0.135,0.584,0.000,0.600,cmd_age=0.02s bat=1.00 dist=2.70m
275,76.996,SCOUT,2,-7.107,-2.367,3.000,-0.135,0.584,0.000,0.600,cmd_age=0.02s bat=1.00 dist=2.70m
275,76.996,SCOUT,3,-5.607,-3.867,3.000,-0.135,0.584,0.000,0.600,cmd_age=0.02s bat=1.00 dist=2.70m
275,76.996,SCOUT,4,7.107,-2.366,3.000,0.134,0.585,0.000,0.600,cmd_age=0.02s bat=1.00 dist=2.70m
275,76.996,SCOUT,5,5.607,-0.866,3.000,0.134,0.585,0.000,0.600,cmd_age=0.02s bat=1.00 dist=2.70m
275,76.996,SCOUT,6,4.107,-2.366,3.000,0.134,0.585,0.000,0.600,cmd_age=0.02s bat=1.00 dist=2.70m
275,76.996,SCOUT,7,5.607,-3.866,3.000,0.134,0.585,0.000,0.600,cmd_age=0.02s bat=1.00 dist=2.70m
275,76.996,SCOUT,8,-1.589,3.091,3.000,0.424,-0.425,0.000,0.600,cmd_age=0.02s bat=1.00 dist=2.70m
275,76.996,SCOUT,9,-3.089,4.591,3.000,0.424,-0.425,0.000,0.600,cmd_age=0.02s bat=1.00 dist=2.70m
275,76.996,SCOUT,10,-4.589,3.091,3.000,0.424,-0.425,0.000,0.600,cmd_age=0.02s bat=1.00 dist=2.70m
275,76.996,SCOUT,11,-3.089,1.591,3.000,0.424,-0.425,0.000,0.600,cmd_age=0.02s bat=1.00 dist=2.70m
275,76.996,SCOUT,12,4.588,3.088,3.000,-0.420,-0.424,0.000,0.597,cmd_age=0.02s bat=1.00 dist=2.70m
275,76.996,SCOUT,13,3.088,4.588,3.000,-0.420,-0.424,0.000,0.597,cmd_age=0.02s bat=1.00 dist=2.70m
275,76.996,SCOUT,14,1.588,3.088,3.000,-0.420,-0.424,0.000,0.597,cmd_age=0.02s bat=1.00 dist=2.70m
275,76.996,SCOUT,15,3.088,1.588,3.000,-0.420,-0.424,0.000,0.597,cmd_age=0.02s bat=1.00 dist=2.70m
275,76.996,WORKER,0,-6.213,3.353,3.000,-0.718,1.867,0.000,2.000,state=MOVING bat=1.00 dist=8.95m
275,76.996,WORKER,1,7.686,3.924,3.000,0.153,1.994,0.000,2.000,state=MOVING bat=1.00 dist=8.95m
275,76.996,WORKER,2,2.781,-1.832,3.000,1.292,-1.527,0.000,2.000,state=MOVING bat=1.00 dist=8.95m
275,76.996,WORKER,3,0.237,-0.862,3.000,-1.511,-1.310,0.000,2.000,state=MOVING bat=1.00 dist=8.95m
276,77.257,GENERAL,0,0.000,0.000,5.000,0.000,0.000,0.000,0.000,N/A
276,77.257,NODE,0,-5.618,-2.318,3.000,-0.144,0.583,0.000,0.601,zone=0 dist=2.74m
276,77.257,NODE,1,5.618,-2.318,3.000,0.145,0.585,0.000,0.603,zone=1 dist=2.74m
276,77.257,NODE,2,-3.053,3.056,3.000,0.426,-0.426,0.000,0.602,zone=2 dist=2.74m
276,77.257,NODE,3,3.053,3.053,3.000,-0.418,-0.428,0.000,0.598,zone=3 dist=2.75m
276,77.257,SCOUT,0,-4.109,-2.357,3.000,-0.137,0.584,0.000,0.600,cmd_age=0.02s bat=1.00 dist=2.71m
276,77.257,SCOUT,1,-5.609,-0.857,3.000,-0.137,0.584,0.000,0.600,cmd_age=0.02s bat=1.00 dist=2.71m
276,77.257,SCOUT,2,-7.109,-2.357,3.000,-0.137,0.584,0.000,0.600,cmd_age=0.02s bat=1.00 dist=2.71m
276,77.257,SCOUT,3,-5.609,-3.857,3.000,-0.137,0.584,0.000,0.600,cmd_age=0.02s bat=1.00 dist=2.71m
276,77.257,SCOUT,4,7.109,-2.357,3.000,0.136,0.585,0.000,0.600,cmd_age=0.02s bat=1.00 dist=2.71m
276,77.257,SCOUT,5,5.609,-0.857,3.000,0.136,0.585,0.000,0.600,cmd_age=0.02s bat=1.00 dist=2.71m
276,77.257,SCOUT,6,4.109,-2.357,3.000,0.136,0.585,0.000,0.600,cmd_age=0.02s bat=1.00 dist=2.71m
276,77.257,SCOUT,7,5.609,-3.857,3.000,0.136,0.585,0.000,0.600,cmd_age=0.02s bat=1.00 dist=2.71m
276,77.257,SCOUT,8,-1.582,3.084,3.000,0.424,-0.425,0.000,0.601,cmd_age=0.02s bat=1.00 dist=2.71m
276,77.257,SCOUT,9,-3.082,4.584,3.000,0.424,-0.425,0.000,0.601,cmd_age=0.02s bat=1.00 dist=2.71m
276,77.257,SCOUT,10,-4.582,3.084,3.000,0.424,-0.425,0.000,0.601,cmd_age=0.02s bat=1.00 dist=2.71m
276,77.257,SCOUT,11,-3.082,1.584,3.000,0.424,-0.425,0.000,0.601,cmd_age=0.02s bat=1.00 dist=2.71m
276,77.257,SCOUT,12,4.581,3.081,3.000,-0.420,-0.425,0.000,0.597,cmd_age=0.02s bat=1.00 dist=2.71m
276,77.257,SCOUT,13,3.081,4.581,3.000,-0.420,-0.425,0.000,0.597,cmd_age=0.02s bat=1.00 dist=2.71m
276,77.257,SCOUT,14,1.581,3.081,3.000,-0.420,-0.425,0.000,0.597,cmd_age=0.02s bat=1.00 dist=2.71m
276,77.257,SCOUT,15,3.081,1.581,3.000,-0.420,-0.425,0.000,0.597,cmd_age=0.02s bat=1.00 dist=2.71m
276,77.257,WORKER,0,-6.225,3.385,3.000,-0.718,1.867,0.000,2.000,state=MOVING bat=1.00 dist=8.98m
276,77.257,WORKER,1,7.689,3.957,3.000,0.153,1.994,0.000,2.000,state=MOVING bat=1.00 dist=8.98m
276,77.257,WORKER,2,2.803,-1.858,3.000,1.292,-1.527,0.000,2.000,state=MOVING bat=1.00 dist=8.98m
276,77.257,WORKER,3,0.211,-0.883,3.000,-1.511,-1.310,0.000,2.000,state=MOVING bat=1.00 dist=8.98m
277,77.698,GENERAL,0,0.000,0.000,5.000,0.000,0.000,0.000,0.000,N/A
277,77.698,NODE,0,-5.621,-2.308,3.000,-0.133,0.584,0.000,0.599,zone=0 dist=2.75m
277,77.698,NODE,1,5.621,-2.308,3.000,0.138,0.584,0.000,0.600,zone=1 dist=2.75m
277,77.698,NODE,2,-3.046,3.049,3.000,0.424,-0.426,0.000,0.601,zone=2 dist=2.75m
277,77.698,NODE,3,3.046,3.046,3.000,-0.424,-0.425,0.000,0.600,zone=3 dist=2.76m
277,77.698,SCOUT,0,-4.112,-2.347,3.000,-0.136,0.584,0.000,0.600,cmd_age=0.02s bat=1.00 dist=2.72m
277,77.698,SCOUT,1,-5.612,-0.847,3.000,-0.136,0.584,0.000,0.600,cmd_age=0.02s bat=1.00 dist=2.72m
277,77.698,SCOUT,2,-7.112,-2.347,3.000,-0.136,0.584,0.000,0.600,cmd_age=0.02s bat=1.00 dist=2.72m
277,77.698,SCOUT,3,-5.612,-3.847,3.000,-0.136,0.584,0.000,0.600,cmd_age=0.02s bat=1.00 dist=2.72m
277,77.698,SCOUT,4,7.111,-2.347,3.000,0.137,0.585,0.000,0.600,cmd_age=0.02s bat=1.00 dist=2.72m
277,77.698,SCOUT,5,5.611,-0.847,3.000,0.137,0.585,0.000,0.600,cmd_age=0.02s bat=1.00 dist=2.72m
277,77.698,SCOUT,6,4.111,-2.347,3.000,0.137,0.585,0.000,0.600,cmd_age=0.02s bat=1.00 dist=2.72m
277,77.698,SCOUT,7,5.611,-3.847,3.000,0.137,0.585,0.000,0.600,cmd_age=0.02s bat=1.00 dist=2.72m
277,77.698,SCOUT,8,-1.575,3.077,3.000,0.424,-0.426,0.000,0.601,cmd_age=0.02s bat=1.00 dist=2.72m
277,77.698,SCOUT,9,-3.075,4.577,3.000,0.424,-0.426,0.000,0.601,cmd_age=0.02s bat=1.00 dist=2.72m
277,77.698,SCOUT,10,-4.575,3.077,3.000,0.424,-0.426,0.000,0.601,cmd_age=0.02s bat=1.00 dist=2.72m
277,77.698,SCOUT,11,-3.075,1.577,3.000,0.424,-0.426,0.000,0.601,cmd_age=0.02s bat=1.00 dist=2.72m
277,77.698,SCOUT,12,4.574,3.074,3.000,-0.421,-0.425,0.000,0.598,cmd_age=0.02s bat=1.00 dist=2.72m
277,77.698,SCOUT,13,3.074,4.574,3.000,-0.421,-0.425,0.000,0.598,cmd_age=0.02s bat=1.00 dist=2.72m
277,77.698,SCOUT,14,1.574,3.074,3.000,-0.421,-0.425,0.000,0.598,cmd_age=0.02s bat=1.00 dist=2.72m
277,77.698,SCOUT,15,3.074,1.574,3.000,-0.421,-0.425,0.000,0.598,cmd_age=0.02s bat=1.00 dist=2.72m
277,77.698,WORKER,0,-6.237,3.416,3.000,-0.718,1.867,0.000,2.000,state=MOVING bat=1.00 dist=9.01m
277,77.698,WORKER,1,7.692,3.990,3.000,0.153,1.994,0.000,2.000,state=MOVING bat=1.00 dist=9.01m
277,77.698,WORKER,2,2.824,-1.883,3.000,1.292,-1.527,0.000,2.000,state=MOVING bat=1.00 dist=9.01m
277,77.698,WORKER,3,0.186,-0.905,3.000,-1.511,-1.310,0.000,2.000,state=MOVING bat=1.00 dist=9.01m
278,77.946,GENERAL,0,0.000,0.000,5.000,0.000,0.000,0.000,0.000,N/A
278,77.946,NODE,0,-5.623,-2.298,3.000,-0.133,0.584,0.000,0.599,zone=0 dist=2.76m
278,77.946,NODE,1,5.623,-2.298,3.000,0.136,0.588,0.000,0.604,zone=1 dist=2.76m
278,77.946,NODE,2,-3.039,3.042,3.000,0.426,-0.424,0.000,0.601,zone=2 dist=2.76m
278,77.946,NODE,3,3.039,3.039,3.000,-0.424,-0.425,0.000,0.600,zone=3 dist=2.77m
278,77.946,SCOUT,0,-4.114,-2.337,3.000,-0.136,0.584,0.000,0.600,cmd_age=0.02s bat=1.00 dist=2.73m
278,77.946,SCOUT,1,-5.614,-0.837,3.000,-0.136,0.584,0.000,0.600,cmd_age=0.02s bat=1.00 dist=2.73m
278,77.946,SCOUT,2,-7.114,-2.337,3.000,-0.136,0.584,0.000,0.600,cmd_age=0.02s bat=1.00 dist=2.73m
278,77.946,SCOUT,3,-5.614,-3.837,3.000,-0.136,0.584,0.000,0.600,cmd_age=0.02s bat=1.00 dist=2.73m
278,77.946,SCOUT,4,7.114,-2.337,3.000,0.136,0.585,0.000,0.601,cmd_age=0.02s bat=1.00 dist=2.73m
278,77.946,SCOUT,5,5.614,-0.837,3.000,0.136,0.585,0.000,0.601,cmd_age=0.02s bat=1.00 dist=2.73m
278,77.946,SCOUT,6,4.114,-2.337,3.000,0.136,0.585,0.000,0.601,cmd_age=0.02s bat=1.00 dist=2.73m
278,77.946,SCOUT,7,5.614,-3.837,3.000,0.136,0.585,0.000,0.601,cmd_age=0.02s bat=1.00 dist=2.73m
278,77.946,SCOUT,8,-1.568,3.070,3.000,0.424,-0.425,0.000,0.601,cmd_age=0.02s bat=1.00 dist=2.73m
278,77.946,SCOUT,9,-3.068,4.570,3.000,0.424,-0.425,0.000,0.601,cmd_age=0.02s bat=1.00 dist=2.73m
278,77.946,SCOUT,10,-4.568,3.070,3.000,0.424,-0.425,0.000,0.601,cmd_age=0.02s bat=1.00 dist=2.73m
278,77.946,SCOUT,11,-3.068,1.570,3.000,0.424,-0.425,0.000,0.601,cmd_age=0.02s bat=1.00 dist=2.73m
278,77.946,SCOUT,12,4.567,3.067,3.000,-0.421,-0.425,0.000,0.598,cmd_age=0.02s bat=1.00 dist=2.73m
278,77.946,SCOUT,13,3.067,4.567,3.000,-0.421,-0.425,0.000,0.598,cmd_age=0.02s bat=1.00 dist=2.73m
278,77.946,SCOUT,14,1.567,3.067,3.000,-0.421,-0.425,0.000,0.598,cmd_age=0.02s bat=1.00 dist=2.73m
278,77.946,SCOUT,15,3.067,1.567,3.000,-0.421,-0.425,0.000,0.598,cmd_age=0.02s bat=1.00 dist=2.73m
278,77.946,WORKER,0,-6.249,3.447,3.000,-0.718,1.867,0.000,2.000,state=MOVING bat=1.00 dist=9.05m
278,77.946,WORKER,1,7.694,4.023,3.000,0.153,1.994,0.000,2.000,state=MOVING bat=1.00 dist=9.05m
278,77.946,WORKER,2,2.846,-1.909,3.000,1.292,-1.527,0.000,2.000,state=MOVING bat=1.00 dist=9.05m
278,77.946,WORKER,3,0.161,-0.927,3.000,-1.511,-1.310,0.000,2.000,state=MOVING bat=1.00 dist=9.05m
279,78.298,GENERAL,0,0.000,0.000,5.000,0.000,0.000,0.000,0.000,N/A
279,78.298,NODE,0,-5.625,-2.289,3.000,-0.139,0.589,0.000,0.605,zone=0 dist=2.77m
279,78.298,NODE,1,5.625,-2.288,3.000,0.133,0.584,0.000,0.599,zone=1 dist=2.77m
279,78.298,NODE,2,-3.032,3.034,3.000,0.425,-0.427,0.000,0.603,zone=2 dist=2.77m
279,78.298,NODE,3,3.032,3.032,3.000,-0.424,-0.425,0.000,0.600,zone=3 dist=2.78m
279,78.298,SCOUT,0,-4.116,-2.328,3.000,-0.136,0.585,0.000,0.601,cmd_age=0.02s bat=1.00 dist=2.74m
279,78.298,SCOUT,1,-5.616,-0.828,3.000,-0.136,0.585,0.000,0.601,cmd_age=0.02s bat=1.00 dist=2.74m
279,78.298,SCOUT,2,-7.116,-2.328,3.000,-0.136,0.585,0.000,0.601,cmd_age=0.02s bat=1.00 dist=2.74m
279,78.298,SCOUT,3,-5.616,-3.828,3.000,-0.136,0.585,0.000,0.601,cmd_age=0.02s bat=1.00 dist=2.74m
279,78.298,SCOUT,4,7.116,-2.328,3.000,0.136,0.585,0.000,0.601,cmd_age=0.02s bat=1.00 dist=2.74m
279,78.298,SCOUT,5,5.616,-0.828,3.000,0.136,0.585,0.000,0.601,cmd_age=0.02s bat=1.00 dist=2.74m
279,78.298,SCOUT,6,4.116,-2.328,3.000,0.136,0.585,0.000,0.601,cmd_age=0.02s bat=1.00 dist=2.74m
279,78.298,SCOUT,7,5.616,-3.828,3.000,0.136,0.585,0.000,0.601,cmd_age=0.02s bat=1.00 dist=2.74m
279,78.298,SCOUT,8,-1.560,3.063,3.000,0.425,-0.426,0.000,0.601,cmd_age=0.02s bat=1.00 dist=2.74m
279,78.298,SCOUT,9,-3.060,4.563,3.000,0.425,-0.426,0.000,0.601,cmd_age=0.02s bat=1.00 dist=2.74m
279,78.298,SCOUT,10,-4.560,3.063,3.000,0.425,-0.426,0.000,0.601,cmd_age=0.02s bat=1.00 dist=2.74m
279,78.298,SCOUT,11,-3.060,1.563,3.000,0.425,-0.426,0.000,0.601,cmd_age=0.02s bat=1.00 dist=2.74m
279,78.298,SCOUT,12,4.560,3.060,3.000,-0.422,-0.425,0.000,0.598,cmd_age=0.02s bat=1.00 dist=2.74m
279,78.298,SCOUT,13,3.060,4.560,3.000,-0.422,-0.425,0.000,0.598,cmd_age=0.02s bat=1.00 dist=2.74m
279,78.298,SCOUT,14,1.560,3.060,3.000,-0.422,-0.425,0.000,0.598,cmd_age=0.02s bat=1.00 dist=2.74m
279,78.298,SCOUT,15,3.060,1.560,3.000,-0.422,-0.425,0.000,0.598,cmd_age=0.02s bat=1.00 dist=2.74m
279,78.298,WORKER,0,-6.261,3.478,3.000,-0.718,1.867,0.000,2.000,state=MOVING bat=1.00 dist=9.08m
279,78.298,WORKER,1,7.697,4.057,3.000,0.153,1.994,0.000,2.000,state=MOVING bat=1.00 dist=9.08m
279,78.298,WORKER,2,2.867,-1.934,3.000,1.292,-1.527,0.000,2.000,state=MOVING bat=1.00 dist=9.08m
279,78.298,WORKER,3,0.136,-0.949,3.000,-1.511,-1.310,0.000,2.000,state=MOVING bat=1.00 dist=9.08m
280,78.514,GENERAL,0,0.000,0.000,5.000,0.000,0.000,0.000,0.000,N/A
280,78.514,NODE,0,-5.627,-2.279,3.000,-0.129,0.585,0.000,0.599,zone=0 dist=2.78m
280,78.514,NODE,1,5.627,-2.279,3.000,0.136,0.586,0.000,0.602,zone=1 dist=2.78m
280,78.514,NODE,2,-3.025,3.027,3.000,0.423,-0.421,0.000,0.597,zone=2 dist=2.78m
280,78.514,NODE,3,3.025,3.025,3.000,-0.424,-0.424,0.000,0.600,zone=3 dist=2.79m
280,78.514,SCOUT,0,-4.118,-2.318,3.000,-0.135,0.585,0.000,0.600,cmd_age=0.02s bat=1.00 dist=2.75m
280,78.514,SCOUT,1,-5.618,-0.818,3.000,-0.135,0.585,0.000,0.600,cmd_age=0.02s bat=1.00 dist=2.75m
280,78.514,SCOUT,2,-7.118,-2.318,3.000,-0.135,0.585,0.000,0.600,cmd_age=0.02s bat=1.00 dist=2.75m
280,78.514,SCOUT,3,-5.618,-3.818,3.000,-0.135,0.585,0.000,0.600,cmd_age=0.02s bat=1.00 dist=2.75m
280,78.514,SCOUT,4,7.118,-2.318,3.000,0.136,0.585,0.000,0.601,cmd_age=0.02s bat=1.00 dist=2.75m
280,78.514,SCOUT,5,5.618,-0.818,3.000,0.136,0.585,0.000,0.601,cmd_age=0.02s bat=1.00 dist=2.75m
280,78.514,SCOUT,6,4.118,-2.318,3.000,0.136,0.585,0.000,0.601,cmd_age=0.02s bat=1.00 dist=2.75m
280,78.514,SCOUT,7,5.618,-3.818,3.000,0.136,0.585,0.000,0.601,cmd_age=0.02s bat=1.00 dist=2.75m
280,78.514,SCOUT,8,-1.553,3.056,3.000,0.424,-0.425,0.000,0.600,cmd_age=0.02s bat=1.00 dist=2.75m
280,78.514,SCOUT,9,-3.053,4.556,3.000,0.424,-0.425,0.000,0.600,cmd_age=0.02s bat=1.00 dist=2.75m
280,78.514,SCOUT,10,-4.553,3.056,3.000,0.424,-0.425,0.000,0.600,cmd_age=0.02s bat=1.00 dist=2.75m
280,78.514,SCOUT,11,-3.053,1.556,3.000,0.424,-0.425,0.000,0.600,cmd_age=0.02s bat=1.00 dist=2.75m
280,78.514,SCOUT,12,4.553,3.053,3.000,-0.422,-0.425,0.000,0.599,cmd_age=0.02s bat=1.00 dist=2.75m
280,78.514,SCOUT,13,3.053,4.553,3.000,-0.422,-0.425,0.000,0.599,cmd_age=0.02s bat=1.00 dist=2.75m
280,78.514,SCOUT,14,1.553,3.053,3.000,-0.422,-0.425,0.000,0.599,cmd_age=0.02s bat=1.00 dist=2.75m
280,78.514,SCOUT,15,3.053,1.553,3.000,-0.422,-0.425,0.000,0.599,cmd_age=0.02s bat=1.00 dist=2.75m
280,78.514,WORKER,0,-6.273,3.509,3.000,-0.718,1.867,0.000,2.000,state=MOVING bat=1.00 dist=9.11m
280,78.514,WORKER,1,7.699,4.090,3.000,0.153,1.994,0.000,2.000,state=MOVING bat=1.00 dist=9.11m
280,78.514,WORKER,2,2.889,-1.960,3.000,1.292,-1.527,0.000,2.000,state=MOVING bat=1.00 dist=9.11m
280,78.514,WORKER,3,0.111,-0.971,3.000,-1.511,-1.310,0.000,2.000,state=MOVING bat=1.00 dist=9.11m
281,78.788,GENERAL,0,0.000,0.000,5.000,0.000,0.000,0.000,0.000,N/A
281,78.788,NODE,0,-5.630,-2.269,3.000,-0.139,0.589,0.000,0.605,zone=0 dist=2.79m
281,78.788,NODE,1,5.630,-2.269,3.000,0.138,0.585,0.000,0.601,zone=1 dist=2.79m
281,78.788,NODE,2,-3.018,3.020,3.000,0.426,-0.429,0.000,0.605,zone=2 dist=2.79m
281,78.788,NODE,3,3.017,3.018,3.000,-0.433,-0.421,0.000,0.604,zone=3 dist=2.80m
281,78.788,SCOUT,0,-4.121,-2.308,3.000,-0.136,0.586,0.000,0.601,cmd_age=0.02s bat=1.00 dist=2.76m
281,78.788,SCOUT,1,-5.621,-0.808,3.000,-0.136,0.586,0.000,0.601,cmd_age=0.02s bat=1.00 dist=2.76m
281,78.788,SCOUT,2,-7.121,-2.308,3.000,-0.136,0.586,0.000,0.601,cmd_age=0.02s bat=1.00 dist=2.76m
281,78.788,SCOUT,3,-5.621,-3.808,3.000,-0.136,0.586,0.000,0.601,cmd_age=0.02s bat=1.00 dist=2.76m
281,78.788,SCOUT,4,7.121,-2.308,3.000,0.136,0.585,0.000,0.601,cmd_age=0.02s bat=1.00 dist=2.76m
281,78.788,SCOUT,5,5.621,-0.808,3.000,0.136,0.585,0.000,0.601,cmd_age=0.02s bat=1.00 dist=2.76m
281,78.788,SCOUT,6,4.121,-2.308,3.000,0.136,0.585,0.000,0.601,cmd_age=0.02s bat=1.00 dist=2.76m
281,78.788,SCOUT,7,5.621,-3.808,3.000,0.136,0.585,0.000,0.601,cmd_age=0.02s bat=1.00 dist=2.76m
281,78.788,SCOUT,8,-1.546,3.049,3.000,0.425,-0.426,0.000,0.601,cmd_age=0.02s bat=1.00 dist=2.76m
281,78.788,SCOUT,9,-3.046,4.549,3.000,0.425,-0.426,0.000,0.601,cmd_age=0.02s bat=1.00 dist=2.76m
281,78.788,SCOUT,10,-4.546,3.049,3.000,0.425,-0.426,0.000,0.601,cmd_age=0.02s bat=1.00 dist=2.76m
281,78.788,SCOUT,11,-3.046,1.549,3.000,0.425,-0.426,0.000,0.601,cmd_age=0.02s bat=1.00 dist=2.76m
281,78.788,SCOUT,12,4.546,3.046,3.000,-0.424,-0.424,0.000,0.600,cmd_age=0.02s bat=1.00 dist=2.76m
281,78.788,SCOUT,13,3.046,4.546,3.000,-0.424,-0.424,0.000,0.600,cmd_age=0.02s bat=1.00 dist=2.76m
281,78.788,SCOUT,14,1.546,3.046,3.000,-0.424,-0.424,0.000,0.600,cmd_age=0.02s bat=1.00 dist=2.76m
281,78.788,SCOUT,15,3.046,1.546,3.000,-0.424,-0.424,0.000,0.600,cmd_age=0.02s bat=1.00 dist=2.76m
281,78.788,WORKER,0,-6.285,3.540,3.000,-0.718,1.867,0.000,2.000,state=MOVING bat=1.00 dist=9.15m
281,78.788,WORKER,1,7.702,4.123,3.000,0.153,1.994,0.000,2.000,state=MOVING bat=1.00 dist=9.15m
281,78.788,WORKER,2,2.910,-1.985,3.000,1.292,-1.527,0.000,2.000,state=MOVING bat=1.00 dist=9.15m
281,78.788,WORKER,3,0.085,-0.993,3.000,-1.511,-1.310,0.000,2.000,state=MOVING bat=1.00 dist=9.15m
282,79.044,GENERAL,0,0.000,0.000,5.000,0.000,0.000,0.000,0.000,N/A
282,79.044,NODE,0,-5.632,-2.259,3.000,-0.137,0.579,0.000,0.595,zone=0 dist=2.80m
282,79.044,NODE,1,5.632,-2.259,3.000,0.128,0.590,0.000,0.604,zone=1 dist=2.80m
282,79.044,NODE,2,-3.011,3.013,3.000,0.422,-0.430,0.000,0.602,zone=2 dist=2.80m
282,79.044,NODE,3,3.010,3.011,3.000,-0.428,-0.426,0.000,0.604,zone=3 dist=2.81m
282,79.044,SCOUT,0,-4.123,-2.298,3.000,-0.136,0.585,0.000,0.600,cmd_age=0.02s bat=1.00 dist=2.77m
282,79.044,SCOUT,1,-5.623,-0.798,3.000,-0.136,0.585,0.000,0.600,cmd_age=0.02s bat=1.00 dist=2.77m
282,79.044,SCOUT,2,-7.123,-2.298,3.000,-0.136,0.585,0.000,0.600,cmd_age=0.02s bat=1.00 dist=2.77m
282,79.044,SCOUT,3,-5.623,-3.798,3.000,-0.136,0.585,0.000,0.600,cmd_age=0.02s bat=1.00 dist=2.77m
282,79.044,SCOUT,4,7.123,-2.298,3.000,0.135,0.586,0.000,0.601,cmd_age=0.02s bat=1.00 dist=2.77m
282,79.044,SCOUT,5,5.623,-0.798,3.000,0.135,0.586,0.000,0.601,cmd_age=0.02s bat=1.00 dist=2.77m
282,79.044,SCOUT,6,4.123,-2.298,3.000,0.135,0.586,0.000,0.601,cmd_age=0.02s bat=1.00 dist=2.77m
282,79.044,SCOUT,7,5.623,-3.798,3.000,0.135,0.586,0.000,0.601,cmd_age=0.02s bat=1.00 dist=2.77m
282,79.044,SCOUT,8,-1.539,3.042,3.000,0.424,-0.427,0.000,0.601,cmd_age=0.02s bat=1.00 dist=2.77m
282,79.044,SCOUT,9,-3.039,4.542,3.000,0.424,-0.427,0.000,0.601,cmd_age=0.02s bat=1.00 dist=2.77m
282,79.044,SCOUT,10,-4.539,3.042,3.000,0.424,-0.427,0.000,0.601,cmd_age=0.02s bat=1.00 dist=2.77m
282,79.044,SCOUT,11,-3.039,1.542,3.000,0.424,-0.427,0.000,0.601,cmd_age=0.02s bat=1.00 dist=2.77m
282,79.044,SCOUT,12,4.538,3.039,3.000,-0.425,-0.424,0.000,0.601,cmd_age=0.02s bat=1.00 dist=2.77m
282,79.044,SCOUT,13,3.038,4.539,3.000,-0.425,-0.424,0.000,0.601,cmd_age=0.02s bat=1.00 dist=2.77m
282,79.044,SCOUT,14,1.538,3.039,3.000,-0.425,-0.424,0.000,0.601,cmd_age=0.02s bat=1.00 dist=2.77m
282,79.044,SCOUT,15,3.038,1.539,3.000,-0.425,-0.424,0.000,0.601,cmd_age=0.02s bat=1.00 dist=2.77m
282,79.044,WORKER,0,-6.297,3.571,3.000,-0.718,1.867,0.000,2.000,state=MOVING bat=1.00 dist=9.18m
282,79.044,WORKER,1,7.704,4.156,3.000,0.153,1.994,0.000,2.000,state=MOVING bat=1.00 dist=9.18m
282,79.044,WORKER,2,2.932,-2.010,3.000,1.292,-1.527,0.000,2.000,state=MOVING bat=1.00 dist=9.18m
282,79.044,WORKER,3,0.060,-1.014,3.000,-1.511,-1.310,0.000,2.000,state=MOVING bat=1.00 dist=9.18m
283,79.272,GENERAL,0,0.000,0.000,5.000,0.000,0.000,0.000,0.000,N/A
283,79.272,NODE,0,-5.634,-2.250,3.000,-0.127,0.584,0.000,0.598,zone=0 dist=2.81m
283,79.272,NODE,1,5.634,-2.249,3.000,0.129,0.588,0.000,0.602,zone=1 dist=2.81m
283,79.272,NODE,2,-3.004,3.006,3.000,0.423,-0.420,0.000,0.596,zone=2 dist=2.81m
283,79.272,NODE,3,3.003,3.004,3.000,-0.430,-0.423,0.000,0.603,zone=3 dist=2.82m
283,79.272,SCOUT,0,-4.125,-2.289,3.000,-0.134,0.585,0.000,0.600,cmd_age=0.02s bat=1.00 dist=2.78m
283,79.272,SCOUT,1,-5.625,-0.789,3.000,-0.134,0.585,0.000,0.600,cmd_age=0.02s bat=1.00 dist=2.78m
283,79.272,SCOUT,2,-7.125,-2.289,3.000,-0.134,0.585,0.000,0.600,cmd_age=0.02s bat=1.00 dist=2.78m
283,79.272,SCOUT,3,-5.625,-3.789,3.000,-0.134,0.585,0.000,0.600,cmd_age=0.02s bat=1.00 dist=2.78m
283,79.272,SCOUT,4,7.125,-2.288,3.000,0.133,0.587,0.000,0.602,cmd_age=0.02s bat=1.00 dist=2.78m
283,79.272,SCOUT,5,5.625,-0.788,3.000,0.133,0.587,0.000,0.602,cmd_age=0.02s bat=1.00 dist=2.78m
283,79.272,SCOUT,6,4.125,-2.288,3.000,0.133,0.587,0.000,0.602,cmd_age=0.02s bat=1.00 dist=2.78m
283,79.272,SCOUT,7,5.625,-3.788,3.000,0.133,0.587,0.000,0.602,cmd_age=0.02s bat=1.00 dist=2.78m
283,79.272,SCOUT,8,-1.532,3.034,3.000,0.424,-0.425,0.000,0.600,cmd_age=0.02s bat=1.00 dist=2.78m
283,79.272,SCOUT,9,-3.032,4.534,3.000,0.424,-0.425,0.000,0.600,cmd_age=0.02s bat=1.00 dist=2.78m
283,79.272,SCOUT,10,-4.532,3.034,3.000,0.424,-0.425,0.000,0.600,cmd_age=0.02s bat=1.00 dist=2.78m
283,79.272,SCOUT,11,-3.032,1.534,3.000,0.424,-0.425,0.000,0.600,cmd_age=0.02s bat=1.00 dist=2.78m
283,79.272,SCOUT,12,4.531,3.032,3.000,-0.426,-0.424,0.000,0.601,cmd_age=0.02s bat=1.00 dist=2.78m
283,79.272,SCOUT,13,3.031,4.532,3.000,-0.426,-0.424,0.000,0.601,cmd_age=0.02s bat=1.00 dist=2.78m
283,79.272,SCOUT,14,1.531,3.032,3.000,-0.426,-0.424,0.000,0.601,cmd_age=0.02s bat=1.00 dist=2.78m
283,79.272,SCOUT,15,3.031,1.532,3.000,-0.426,-0.424,0.000,0.601,cmd_age=0.02s bat=1.00 dist=2.78m
283,79.272,WORKER,0,-6.309,3.602,3.000,-0.718,1.867,0.000,2.000,state=MOVING bat=1.00 dist=9.21m
283,79.272,WORKER,1,7.707,4.190,3.000,0.153,1.994,0.000,2.000,state=MOVING bat=1.00 dist=9.21m
283,79.272,WORKER,2,2.953,-2.036,3.000,1.292,-1.527,0.000,2.000,state=MOVING bat=1.00 dist=9.21m
283,79.272,WORKER,3,0.035,-1.036,3.000,-1.511,-1.310,0.000,2.000,state=MOVING bat=1.00 dist=9.21m
284,79.491,GENERAL,0,0.000,0.000,5.000,0.000,0.000,0.000,0.000,N/A
284,79.491,NODE,0,-5.636,-2.240,3.000,-0.135,0.582,0.000,0.598,zone=0 dist=2.82m
284,79.491,NODE,1,5.636,-2.240,3.000,0.131,0.589,0.000,0.603,zone=1 dist=2.82m
284,79.491,NODE,2,-2.997,2.999,3.000,0.426,-0.427,0.000,0.603,zone=2 dist=2.82m
284,79.491,NODE,3,2.996,2.996,3.000,-0.420,-0.429,0.000,0.600,zone=3 dist=2.83m
284,79.491,SCOUT,0,-4.127,-2.279,3.000,-0.134,0.584,0.000,0.599,cmd_age=0.02s bat=1.00 dist=2.79m
284,79.491,SCOUT,1,-5.627,-0.779,3.000,-0.134,0.584,0.000,0.599,cmd_age=0.02s bat=1.00 dist=2.79m
284,79.491,SCOUT,2,-7.127,-2.279,3.000,-0.134,0.584,0.000,0.599,cmd_age=0.02s bat=1.00 dist=2.79m
284,79.491,SCOUT,3,-5.627,-3.779,3.000,-0.134,0.584,0.000,0.599,cmd_age=0.02s bat=1.00 dist=2.79m
284,79.491,SCOUT,4,7.127,-2.279,3.000,0.133,0.587,0.000,0.602,cmd_age=0.02s bat=1.00 dist=2.79m
284,79.491,SCOUT,5,5.627,-0.779,3.000,0.133,0.587,0.000,0.602,cmd_age=0.02s bat=1.00 dist=2.79m
284,79.491,SCOUT,6,4.127,-2.279,3.000,0.133,0.587,0.000,0.602,cmd_age=0.02s bat=1.00 dist=2.79m
284,79.491,SCOUT,7,5.627,-3.779,3.000,0.133,0.587,0.000,0.602,cmd_age=0.02s bat=1.00 dist=2.79m
284,79.491,SCOUT,8,-1.525,3.027,3.000,0.424,-0.426,0.000,0.601,cmd_age=0.02s bat=1.00 dist=2.79m
284,79.491,SCOUT,9,-3.025,4.527,3.000,0.424,-0.426,0.000,0.601,cmd_age=0.02s bat=1.00 dist=2.79m
284,79.491,SCOUT,10,-4.525,3.027,3.000,0.424,-0.426,0.000,0.601,cmd_age=0.02s bat=1.00 dist=2.79m
284,79.491,SCOUT,11,-3.025,1.527,3.000,0.424,-0.426,0.000,0.601,cmd_age=0.02s bat=1.00 dist=2.79m
284,79.491,SCOUT,12,4.524,3.025,3.000,-0.425,-0.425,0.000,0.601,cmd_age=0.02s bat=1.00 dist=2.79m
284,79.491,SCOUT,13,3.024,4.525,3.000,-0.425,-0.425,0.000,0.601,cmd_age=0.02s bat=1.00 dist=2.79m
284,79.491,SCOUT,14,1.524,3.025,3.000,-0.425,-0.425,0.000,0.601,cmd_age=0.02s bat=1.00 dist=2.79m
284,79.491,SCOUT,15,3.024,1.525,3.000,-0.425,-0.425,0.000,0.601,cmd_age=0.02s bat=1.00 dist=2.79m
284,79.491,WORKER,0,-6.321,3.633,3.000,-0.718,1.867,0.000,2.000,state=MOVING bat=1.00 dist=9.25m
284,79.491,WORKER,1,7.709,4.223,3.000,0.153,1.994,0.000,2.000,state=MOVING bat=1.00 dist=9.25m
284,79.491,WORKER,2,2.975,-2.061,3.000,1.292,-1.527,0.000,2.000,state=MOVING bat=1.00 dist=9.25m
284,79.491,WORKER,3,0.010,-1.058,3.000,-1.511,-1.310,0.000,2.000,state=MOVING bat=1.00 dist=9.25m
285,79.708,GENERAL,0,0.000,0.000,5.000,0.000,0.000,0.000,0.000,N/A
285,79.708,NODE,0,-5.639,-2.230,3.000,-0.130,0.590,0.000,0.605,zone=0 dist=2.83m
285,79.708,NODE,1,5.638,-2.230,3.000,0.129,0.591,0.000,0.605,zone=1 dist=2.83m
285,79.708,NODE,2,-2.990,2.992,3.000,0.420,-0.417,0.000,0.592,zone=2 dist=2.83m
285,79.708,NODE,3,2.989,2.989,3.000,-0.419,-0.424,0.000,0.596,zone=3 dist=2.84m
285,79.708,SCOUT,0,-4.130,-2.269,3.000,-0.134,0.585,0.000,0.600,cmd_age=0.02s bat=1.00 dist=2.80m
285,79.708,SCOUT,1,-5.630,-0.769,3.000,-0.134,0.585,0.000,0.600,cmd_age=0.02s bat=1.00 dist=2.80m
285,79.708,SCOUT,2,-7.130,-2.269,3.000,-0.134,0.585,0.000,0.600,cmd_age=0.02s bat=1.00 dist=2.80m
285,79.708,SCOUT,3,-5.630,-3.769,3.000,-0.134,0.585,0.000,0.600,cmd_age=0.02s bat=1.00 dist=2.80m
285,79.708,SCOUT,4,7.129,-2.269,3.000,0.132,0.588,0.000,0.603,cmd_age=0.02s bat=1.00 dist=2.80m
285,79.708,SCOUT,5,5.629,-0.769,3.000,0.132,0.588,0.000,0.603,cmd_age=0.02s bat=1.00 dist=2.80m
285,79.708,SCOUT,6,4.129,-2.269,3.000,0.132,0.588,0.000,0.603,cmd_age=0.02s bat=1.00 dist=2.80m
285,79.708,SCOUT,7,5.629,-3.769,3.000,0.132,0.588,0.000,0.603,cmd_age=0.02s bat=1.00 dist=2.80m
285,79.708,SCOUT,8,-1.518,3.020,3.000,0.423,-0.424,0.000,0.599,cmd_age=0.02s bat=1.00 dist=2.80m
285,79.708,SCOUT,9,-3.018,4.520,3.000,0.423,-0.424,0.000,0.599,cmd_age=0.02s bat=1.00 dist=2.80m
285,79.708,SCOUT,10,-4.518,3.020,3.000,0.423,-0.424,0.000,0.599,cmd_age=0.02s bat=1.00 dist=2.80m
285,79.708,SCOUT,11,-3.018,1.520,3.000,0.423,-0.424,0.000,0.599,cmd_age=0.02s bat=1.00 dist=2.80m
285,79.708,SCOUT,12,4.517,3.018,3.000,-0.424,-0.425,0.000,0.600,cmd_age=0.02s bat=1.00 dist=2.80m
285,79.708,SCOUT,13,3.017,4.518,3.000,-0.424,-0.425,0.000,0.600,cmd_age=0.02s bat=1.00 dist=2.80m
285,79.708,SCOUT,14,1.517,3.018,3.000,-0.424,-0.425,0.000,0.600,cmd_age=0.02s bat=1.00 dist=2.80m
285,79.708,SCOUT,15,3.017,1.518,3.000,-0.424,-0.425,0.000,0.600,cmd_age=0.02s bat=1.00 dist=2.80m
285,79.708,WORKER,0,-6.333,3.665,3.000,-0.718,1.867,0.000,2.000,state=MOVING bat=1.00 dist=9.28m
285,79.708,WORKER,1,7.712,4.256,3.000,0.153,1.994,0.000,2.000,state=MOVING bat=1.00 dist=9.28m
285,79.708,WORKER,2,2.996,-2.087,3.000,1.292,-1.527,0.000,2.000,state=MOVING bat=1.00 dist=9.28m
285,79.708,WORKER,3,-0.015,-1.080,3.000,-1.511,-1.310,0.000,2.000,state=MOVING bat=1.00 dist=9.28m
286,79.923,GENERAL,0,0.000,0.000,5.000,0.000,0.000,0.000,0.000,N/A
286,79.923,NODE,0,-5.641,-2.220,3.000,-0.138,0.590,0.000,0.606,zone=0 dist=2.84m
286,79.923,NODE,1,5.640,-2.220,3.000,0.136,0.592,0.000,0.607,zone=1 dist=2.84m
286,79.923,NODE,2,-2.983,2.985,3.000,0.420,-0.423,0.000,0.597,zone=2 dist=2.84m
286,79.923,NODE,3,2.982,2.982,3.000,-0.422,-0.424,0.000,0.598,zone=3 dist=2.85m
286,79.923,SCOUT,0,-4.132,-2.259,3.000,-0.134,0.586,0.000,0.601,cmd_age=0.02s bat=1.00 dist=2.81m
286,79.923,SCOUT,1,-5.632,-0.759,3.000,-0.134,0.586,0.000,0.601,cmd_age=0.02s bat=1.00 dist=2.81m
286,79.923,SCOUT,2,-7.132,-2.259,3.000,-0.134,0.586,0.000,0.601,cmd_age=0.02s bat=1.00 dist=2.81m
286,79.923,SCOUT,3,-5.632,-3.759,3.000,-0.134,0.586,0.000,0.601,cmd_age=0.02s bat=1.00 dist=2.81m
286,79.923,SCOUT,4,7.132,-2.259,3.000,0.133,0.589,0.000,0.603,cmd_age=0.02s bat=1.00 dist=2.81m
286,79.923,SCOUT,5,5.632,-0.759,3.000,0.133,0.589,0.000,0.603,cmd_age=0.02s bat=1.00 dist=2.81m
286,79.923,SCOUT,6,4.132,-2.259,3.000,0.133,0.589,0.000,0.603,cmd_age=0.02s bat=1.00 dist=2.81m
286,79.923,SCOUT,7,5.632,-3.759,3.000,0.133,0.589,0.000,0.603,cmd_age=0.02s bat=1.00 dist=2.81m
286,79.923,SCOUT,8,-1.511,3.013,3.000,0.423,-0.424,0.000,0.599,cmd_age=0.02s bat=1.00 dist=2.81m
286,79.923,SCOUT,9,-3.011,4.513,3.000,0.423,-0.424,0.000,0.599,cmd_age=0.02s bat=1.00 dist=2.81m
286,79.923,SCOUT,10,-4.511,3.013,3.000,0.423,-0.424,0.000,0.599,cmd_age=0.02s bat=1.00 dist=2.81m
286,79.923,SCOUT,11,-3.011,1.513,3.000,0.423,-0.424,0.000,0.599,cmd_age=0.02s bat=1.00 dist=2.81m
286,79.923,SCOUT,12,4.510,3.011,3.000,-0.423,-0.425,0.000,0.600,cmd_age=0.02s bat=1.00 dist=2.81m
286,79.923,SCOUT,13,3.010,4.511,3.000,-0.423,-0.425,0.000,0.600,cmd_age=0.02s bat=1.00 dist=2.81m
286,79.923,SCOUT,14,1.510,3.011,3.000,-0.423,-0.425,0.000,0.600,cmd_age=0.02s bat=1.00 dist=2.81m
286,79.923,SCOUT,15,3.010,1.511,3.000,-0.423,-0.425,0.000,0.600,cmd_age=0.02s bat=1.00 dist=2.81m
286,79.923,WORKER,0,-6.344,3.696,3.000,-0.718,1.867,0.000,2.000,state=MOVING bat=1.00 dist=9.31m
286,79.923,WORKER,1,7.715,4.289,3.000,0.153,1.994,0.000,2.000,state=MOVING bat=1.00 dist=9.31m
286,79.923,WORKER,2,3.018,-2.112,3.000,1.292,-1.527,0.000,2.000,state=MOVING bat=1.00 dist=9.31m
286,79.923,WORKER,3,-0.041,-1.102,3.000,-1.511,-1.310,0.000,2.000,state=MOVING bat=1.00 dist=9.31m
287,80.137,GENERAL,0,0.000,0.000,5.000,0.000,0.000,0.000,0.000,N/A
287,80.137,NODE,0,-5.643,-2.211,3.000,-0.131,0.588,0.000,0.602,zone=0 dist=2.85m
287,80.137,NODE,1,5.643,-2.210,3.000,0.133,0.579,0.000,0.594,zone=1 dist=2.85m
287,80.137,NODE,2,-2.976,2.978,3.000,0.421,-0.427,0.000,0.600,zone=2 dist=2.85m
287,80.137,NODE,3,2.975,2.975,3.000,-0.426,-0.421,0.000,0.599,zone=3 dist=2.86m
287,80.137,SCOUT,0,-4.134,-2.250,3.000,-0.134,0.587,0.000,0.602,cmd_age=0.02s bat=1.00 dist=2.82m
287,80.137,SCOUT,1,-5.634,-0.750,3.000,-0.134,0.587,0.000,0.602,cmd_age=0.02s bat=1.00 dist=2.82m
287,80.137,SCOUT,2,-7.134,-2.250,3.000,-0.134,0.587,0.000,0.602,cmd_age=0.02s bat=1.00 dist=2.82m
287,80.137,SCOUT,3,-5.634,-3.750,3.000,-0.134,0.587,0.000,0.602,cmd_age=0.02s bat=1.00 dist=2.82m
287,80.137,SCOUT,4,7.134,-2.249,3.000,0.133,0.587,0.000,0.602,cmd_age=0.02s bat=1.00 dist=2.82m
287,80.137,SCOUT,5,5.634,-0.749,3.000,0.133,0.587,0.000,0.602,cmd_age=0.02s bat=1.00 dist=2.82m
287,80.137,SCOUT,6,4.134,-2.249,3.000,0.133,0.587,0.000,0.602,cmd_age=0.02s bat=1.00 dist=2.82m
287,80.137,SCOUT,7,5.634,-3.749,3.000,0.133,0.587,0.000,0.602,cmd_age=0.02s bat=1.00 dist=2.82m
287,80.137,SCOUT,8,-1.504,3.006,3.000,0.422,-0.424,0.000,0.599,cmd_age=0.02s bat=1.00 dist=2.82m
287,80.137,SCOUT,9,-3.004,4.506,3.000,0.422,-0.424,0.000,0.599,cmd_age=0.02s bat=1.00 dist=2.82m
287,80.137,SCOUT,10,-4.504,3.006,3.000,0.422,-0.424,0.000,0.599,cmd_age=0.02s bat=1.00 dist=2.82m
287,80.137,SCOUT,11,-3.004,1.506,3.000,0.422,-0.424,0.000,0.599,cmd_age=0.02s bat=1.00 dist=2.82m
287,80.137,SCOUT,12,4.503,3.004,3.000,-0.424,-0.424,0.000,0.600,cmd_age=0.02s bat=1.00 dist=2.82m
287,80.137,SCOUT,13,3.003,4.504,3.000,-0.424,-0.424,0.000,0.600,cmd_age=0.02s bat=1.00 dist=2.82m
287,80.137,SCOUT,14,1.503,3.004,3.000,-0.424,-0.424,0.000,0.600,cmd_age=0.02s bat=1.00 dist=2.82m
287,80.137,SCOUT,15,3.003,1.504,3.000,-0.424,-0.424,0.000,0.600,cmd_age=0.02s bat=1.00 dist=2.82m
287,80.137,WORKER,0,-6.356,3.727,3.000,-0.718,1.867,0.000,2.000,state=MOVING bat=1.00 dist=9.35m
287,80.137,WORKER,1,7.717,4.322,3.000,0.153,1.994,0.000,2.000,state=MOVING bat=1.00 dist=9.35m
287,80.137,WORKER,2,3.040,-2.138,3.000,1.292,-1.527,0.000,2.000,state=MOVING bat=1.00 dist=9.35m
287,80.137,WORKER,3,-0.066,-1.124,3.000,-1.511,-1.310,0.000,2.000,state=MOVING bat=1.00 dist=9.35m
288,80.360,GENERAL,0,0.000,0.000,5.000,0.000,0.000,0.000,0.000,N/A
288,80.360,NODE,0,-5.645,-2.201,3.000,-0.130,0.591,0.000,0.605,zone=0 dist=2.86m
288,80.360,NODE,1,5.645,-2.200,3.000,0.142,0.585,0.000,0.602,zone=1 dist=2.86m
288,80.360,NODE,2,-2.969,2.971,3.000,0.425,-0.423,0.000,0.599,zone=2 dist=2.86m
288,80.360,NODE,3,2.968,2.968,3.000,-0.426,-0.425,0.000,0.602,zone=3 dist=2.87m
288,80.360,SCOUT,0,-4.136,-2.240,3.000,-0.133,0.587,0.000,0.602,cmd_age=0.02s bat=1.00 dist=2.83m
288,80.360,SCOUT,1,-5.636,-0.740,3.000,-0.133,0.587,0.000,0.602,cmd_age=0.02s bat=1.00 dist=2.83m
288,80.360,SCOUT,2,-7.136,-2.240,3.000,-0.133,0.587,0.000,0.602,cmd_age=0.02s bat=1.00 dist=2.83m
288,80.360,SCOUT,3,-5.636,-3.740,3.000,-0.133,0.587,0.000,0.602,cmd_age=0.02s bat=1.00 dist=2.83m
288,80.360,SCOUT,4,7.136,-2.240,3.000,0.135,0.586,0.000,0.602,cmd_age=0.02s bat=1.00 dist=2.83m
288,80.360,SCOUT,5,5.636,-0.740,3.000,0.135,0.586,0.000,0.602,cmd_age=0.02s bat=1.00 dist=2.83m
288,80.360,SCOUT,6,4.136,-2.240,3.000,0.135,0.586,0.000,0.602,cmd_age=0.02s bat=1.00 dist=2.83m
288,80.360,SCOUT,7,5.636,-3.740,3.000,0.135,0.586,0.000,0.602,cmd_age=0.02s bat=1.00 dist=2.83m
288,80.360,SCOUT,8,-1.497,2.999,3.000,0.423,-0.424,0.000,0.599,cmd_age=0.02s bat=1.00 dist=2.83m
288,80.360,SCOUT,9,-2.997,4.499,3.000,0.423,-0.424,0.000,0.599,cmd_age=0.02s bat=1.00 dist=2.83m
288,80.360,SCOUT,10,-4.497,2.999,3.000,0.423,-0.424,0.000,0.599,cmd_age=0.02s bat=1.00 dist=2.83m
288,80.360,SCOUT,11,-2.997,1.499,3.000,0.423,-0.424,0.000,0.599,cmd_age=0.02s bat=1.00 dist=2.83m
288,80.360,SCOUT,12,4.496,2.996,3.000,-0.424,-0.424,0.000,0.600,cmd_age=0.02s bat=1.00 dist=2.83m
288,80.360,SCOUT,13,2.996,4.496,3.000,-0.424,-0.424,0.000,0.600,cmd_age=0.02s bat=1.00 dist=2.83m
288,80.360,SCOUT,14,1.496,2.996,3.000,-0.424,-0.424,0.000,0.600,cmd_age=0.02s bat=1.00 dist=2.83m
288,80.360,SCOUT,15,2.996,1.496,3.000,-0.424,-0.424,0.000,0.600,cmd_age=0.02s bat=1.00 dist=2.83m
288,80.360,WORKER,0,-6.368,3.758,3.000,-0.718,1.867,0.000,2.000,state=MOVING bat=1.00 dist=9.38m
288,80.360,WORKER,1,7.720,4.356,3.000,0.153,1.994,0.000,2.000,state=MOVING bat=1.00 dist=9.38m
288,80.360,WORKER,2,3.061,-2.163,3.000,1.292,-1.527,0.000,2.000,state=MOVING bat=1.00 dist=9.38m
288,80.360,WORKER,3,-0.091,-1.145,3.000,-1.511,-1.310,0.000,2.000,state=MOVING bat=1.00 dist=9.38m
289,80.621,GENERAL,0,0.000,0.000,5.000,0.000,0.000,0.000,0.000,N/A
289,80.621,NODE,0,-5.648,-2.191,3.000,-0.142,0.586,0.000,0.603,zone=0 dist=2.87m
289,80.621,NODE,1,5.647,-2.191,3.000,0.131,0.584,0.000,0.599,zone=1 dist=2.87m
289,80.621,NODE,2,-2.962,2.964,3.000,0.423,-0.420,0.000,0.596,zone=2 dist=2.87m
289,80.621,NODE,3,2.961,2.961,3.000,-0.421,-0.420,0.000,0.595,zone=3 dist=2.88m
289,80.621,SCOUT,0,-4.139,-2.230,3.000,-0.135,0.587,0.000,0.602,cmd_age=0.02s bat=1.00 dist=2.84m
289,80.621,SCOUT,1,-5.639,-0.730,3.000,-0.135,0.587,0.000,0.602,cmd_age=0.02s bat=1.00 dist=2.84m
289,80.621,SCOUT,2,-7.139,-2.230,3.000,-0.135,0.587,0.000,0.602,cmd_age=0.02s bat=1.00 dist=2.84m
289,80.621,SCOUT,3,-5.639,-3.730,3.000,-0.135,0.587,0.000,0.602,cmd_age=0.02s bat=1.00 dist=2.84m
289,80.621,SCOUT,4,7.138,-2.230,3.000,0.134,0.586,0.000,0.601,cmd_age=0.02s bat=1.00 dist=2.84m
289,80.621,SCOUT,5,5.638,-0.730,3.000,0.134,0.586,0.000,0.601,cmd_age=0.02s bat=1.00 dist=2.84m
289,80.621,SCOUT,6,4.138,-2.230,3.000,0.134,0.586,0.000,0.601,cmd_age=0.02s bat=1.00 dist=2.84m
289,80.621,SCOUT,7,5.638,-3.730,3.000,0.134,0.586,0.000,0.601,cmd_age=0.02s bat=1.00 dist=2.84m
289,80.621,SCOUT,8,-1.490,2.992,3.000,0.423,-0.423,0.000,0.598,cmd_age=0.02s bat=1.00 dist=2.84m
289,80.621,SCOUT,9,-2.990,4.492,3.000,0.423,-0.423,0.000,0.598,cmd_age=0.02s bat=1.00 dist=2.84m
289,80.621,SCOUT,10,-4.490,2.992,3.000,0.423,-0.423,0.000,0.598,cmd_age=0.02s bat=1.00 dist=2.84m
289,80.621,SCOUT,11,-2.990,1.492,3.000,0.423,-0.423,0.000,0.598,cmd_age=0.02s bat=1.00 dist=2.84m
289,80.621,SCOUT,12,4.489,2.989,3.000,-0.424,-0.423,0.000,0.599,cmd_age=0.02s bat=1.00 dist=2.84m
289,80.621,SCOUT,13,2.989,4.489,3.000,-0.424,-0.423,0.000,0.599,cmd_age=0.02s bat=1.00 dist=2.84m
289,80.621,SCOUT,14,1.489,2.989,3.000,-0.424,-0.423,0.000,0.599,cmd_age=0.02s bat=1.00 dist=2.84m
289,80.621,SCOUT,15,2.989,1.489,3.000,-0.424,-0.423,0.000,0.599,cmd_age=0.02s bat=1.00 dist=2.84m
289,80.621,WORKER,0,-6.380,3.789,3.000,-0.718,1.867,0.000,2.000,state=MOVING bat=1.00 dist=9.41m
289,80.621,WORKER,1,7.722,4.389,3.000,0.153,1.994,0.000,2.000,state=MOVING bat=1.00 dist=9.41m
289,80.621,WORKER,2,3.083,-2.189,3.000,1.292,-1.527,0.000,2.000,state=MOVING bat=1.00 dist=9.41m
289,80.621,WORKER,3,-0.116,-1.167,3.000,-1.511,-1.310,0.000,2.000,state=MOVING bat=1.00 dist=9.41m
290,80.922,GENERAL,0,0.000,0.000,5.000,0.000,0.000,0.000,0.000,N/A
290,80.922,NODE,0,-5.650,-2.181,3.000,-0.136,0.584,0.000,0.599,zone=0 dist=2.88m
290,80.922,NODE,1,5.649,-2.181,3.000,0.134,0.592,0.000,0.607,zone=1 dist=2.88m
290,80.922,NODE,2,-2.955,2.957,3.000,0.427,-0.426,0.000,0.604,zone=2 dist=2.88m
290,80.922,NODE,3,2.954,2.954,3.000,-0.415,-0.422,0.000,0.592,zone=3 dist=2.89m
290,80.922,SCOUT,0,-4.141,-2.220,3.000,-0.135,0.586,0.000,0.602,cmd_age=0.02s bat=1.00 dist=2.85m
290,80.922,SCOUT,1,-5.641,-0.720,3.000,-0.135,0.586,0.000,0.602,cmd_age=0.02s bat=1.00 dist=2.85m
290,80.922,SCOUT,2,-7.141,-2.220,3.000,-0.135,0.586,0.000,0.602,cmd_age=0.02s bat=1.00 dist=2.85m
290,80.922,SCOUT,3,-5.641,-3.720,3.000,-0.135,0.586,0.000,0.602,cmd_age=0.02s bat=1.00 dist=2.85m
290,80.922,SCOUT,4,7.141,-2.220,3.000,0.134,0.587,0.000,0.602,cmd_age=0.02s bat=1.00 dist=2.85m
290,80.922,SCOUT,5,5.641,-0.720,3.000,0.134,0.587,0.000,0.602,cmd_age=0.02s bat=1.00 dist=2.85m
290,80.922,SCOUT,6,4.141,-2.220,3.000,0.134,0.587,0.000,0.602,cmd_age=0.02s bat=1.00 dist=2.85m
290,80.922,SCOUT,7,5.641,-3.720,3.000,0.134,0.587,0.000,0.602,cmd_age=0.02s bat=1.00 dist=2.85m
290,80.922,SCOUT,8,-1.483,2.985,3.000,0.424,-0.424,0.000,0.599,cmd_age=0.02s bat=1.00 dist=2.85m
290,80.922,SCOUT,9,-2.983,4.485,3.000,0.424,-0.424,0.000,0.599,cmd_age=0.02s bat=1.00 dist=2.85m
290,80.922,SCOUT,10,-4.483,2.985,3.000,0.424,-0.424,0.000,0.599,cmd_age=0.02s bat=1.00 dist=2.85m
290,80.922,SCOUT,11,-2.983,1.485,3.000,0.424,-0.424,0.000,0.599,cmd_age=0.02s bat=1.00 dist=2.85m
290,80.922,SCOUT,12,4.482,2.982,3.000,-0.422,-0.423,0.000,0.598,cmd_age=0.02s bat=1.00 dist=2.85m
290,80.922,SCOUT,13,2.982,4.482,3.000,-0.422,-0.423,0.000,0.598,cmd_age=0.02s bat=1.00 dist=2.85m
290,80.922,SCOUT,14,1.482,2.982,3.000,-0.422,-0.423,0.000,0.598,cmd_age=0.02s bat=1.00 dist=2.85m
290,80.922,SCOUT,15,2.982,1.482,3.000,-0.422,-0.423,0.000,0.598,cmd_age=0.02s bat=1.00 dist=2.85m
290,80.922,WORKER,0,-6.392,3.820,3.000,-0.718,1.867,0.000,2.000,state=MOVING bat=1.00 dist=9.45m
290,80.922,WORKER,1,7.725,4.422,3.000,0.153,1.994,0.000,2.000,state=MOVING bat=1.00 dist=9.45m
290,80.922,WORKER,2,3.104,-2.214,3.000,1.292,-1.527,0.000,2.000,state=MOVING bat=1.00 dist=9.45m
290,80.922,WORKER,3,-0.141,-1.189,3.000,-1.511,-1.310,0.000,2.000,state=MOVING bat=1.00 dist=9.45m
291,81.845,GENERAL,0,0.000,0.000,5.000,0.000,0.000,0.000,0.000,N/A
291,81.845,NODE,0,-5.652,-2.171,3.000,-0.130,0.583,0.000,0.597,zone=0 dist=2.89m
291,81.845,NODE,1,5.652,-2.171,3.000,0.143,0.590,0.000,0.607,zone=1 dist=2.89m
291,81.845,NODE,2,-2.947,2.950,3.000,0.422,-0.421,0.000,0.597,zone=2 dist=2.89m
291,81.845,NODE,3,2.947,2.947,3.000,-0.424,-0.422,0.000,0.599,zone=3 dist=2.90m
291,81.845,SCOUT,0,-4.143,-2.211,3.000,-0.134,0.586,0.000,0.601,cmd_age=0.02s bat=1.00 dist=2.86m
291,81.845,SCOUT,1,-5.643,-0.711,3.000,-0.134,0.586,0.000,0.601,cmd_age=0.02s bat=1.00 dist=2.86m
291,81.845,SCOUT,2,-7.143,-2.211,3.000,-0.134,0.586,0.000,0.601,cmd_age=0.02s bat=1.00 dist=2.86m
291,81.845,SCOUT,3,-5.643,-3.711,3.000,-0.134,0.586,0.000,0.601,cmd_age=0.02s bat=1.00 dist=2.86m
291,81.845,SCOUT,4,7.143,-2.210,3.000,0.136,0.588,0.000,0.603,cmd_age=0.02s bat=1.00 dist=2.86m
291,81.845,SCOUT,5,5.643,-0.710,3.000,0.136,0.588,0.000,0.603,cmd_age=0.02s bat=1.00 dist=2.86m
291,81.845,SCOUT,6,4.143,-2.210,3.000,0.136,0.588,0.000,0.603,cmd_age=0.02s bat=1.00 dist=2.86m
291,81.845,SCOUT,7,5.643,-3.710,3.000,0.136,0.588,0.000,0.603,cmd_age=0.02s bat=1.00 dist=2.86m
291,81.845,SCOUT,8,-1.476,2.978,3.000,0.424,-0.423,0.000,0.599,cmd_age=0.02s bat=1.00 dist=2.86m
291,81.845,SCOUT,9,-2.976,4.478,3.000,0.424,-0.423,0.000,0.599,cmd_age=0.02s bat=1.00 dist=2.86m
291,81.845,SCOUT,10,-4.476,2.978,3.000,0.424,-0.423,0.000,0.599,cmd_age=0.02s bat=1.00 dist=2.86m
291,81.845,SCOUT,11,-2.976,1.478,3.000,0.424,-0.423,0.000,0.599,cmd_age=0.02s bat=1.00 dist=2.86m
291,81.845,SCOUT,12,4.475,2.975,3.000,-0.422,-0.423,0.000,0.598,cmd_age=0.02s bat=1.00 dist=2.86m
291,81.845,SCOUT,13,2.975,4.475,3.000,-0.422,-0.423,0.000,0.598,cmd_age=0.02s bat=1.00 dist=2.86m
291,81.845,SCOUT,14,1.475,2.975,3.000,-0.422,-0.423,0.000,0.598,cmd_age=0.02s bat=1.00 dist=2.86m
291,81.845,SCOUT,15,2.975,1.475,3.000,-0.422,-0.423,0.000,0.598,cmd_age=0.02s bat=1.00 dist=2.86m
291,81.845,WORKER,0,-6.404,3.851,3.000,-0.718,1.867,0.000,2.000,state=MOVING bat=1.00 dist=9.48m
291,81.845,WORKER,1,7.727,4.455,3.000,0.153,1.994,0.000,2.000,state=MOVING bat=1.00 dist=9.48m
291,81.845,WORKER,2,3.126,-2.239,3.000,1.292,-1.527,0.000,2.000,state=MOVING bat=1.00 dist=9.48m
291,81.845,WORKER,3,-0.166,-1.211,3.000,-1.511,-1.310,0.000,2.000,state=MOVING bat=1.00 dist=9.48m
292,82.037,GENERAL,0,0.000,0.000,5.000,0.000,0.000,0.000,0.000,N/A
292,82.037,NODE,0,-5.654,-2.162,3.000,-0.133,0.588,0.000,0.603,zone=0 dist=2.90m
292,82.037,NODE,1,5.654,-2.161,3.000,0.143,0.579,0.000,0.597,zone=1 dist=2.90m
292,82.037,NODE,2,-2.940,2.943,3.000,0.425,-0.424,0.000,0.601,zone=2 dist=2.90m
292,82.037,NODE,3,2.940,2.940,3.000,-0.427,-0.428,0.000,0.605,zone=3 dist=2.91m
292,82.037,SCOUT,0,-4.145,-2.201,3.000,-0.134,0.586,0.000,0.601,cmd_age=0.02s bat=1.00 dist=2.87m
292,82.037,SCOUT,1,-5.645,-0.701,3.000,-0.134,0.586,0.000,0.601,cmd_age=0.02s bat=1.00 dist=2.87m
292,82.037,SCOUT,2,-7.145,-2.201,3.000,-0.134,0.586,0.000,0.601,cmd_age=0.02s bat=1.00 dist=2.87m
292,82.037,SCOUT,3,-5.645,-3.701,3.000,-0.134,0.586,0.000,0.601,cmd_age=0.02s bat=1.00 dist=2.87m
292,82.037,SCOUT,4,7.145,-2.200,3.000,0.137,0.586,0.000,0.602,cmd_age=0.02s bat=1.00 dist=2.87m
292,82.037,SCOUT,5,5.645,-0.700,3.000,0.137,0.586,0.000,0.602,cmd_age=0.02s bat=1.00 dist=2.87m
292,82.037,SCOUT,6,4.145,-2.200,3.000,0.137,0.586,0.000,0.602,cmd_age=0.02s bat=1.00 dist=2.87m
292,82.037,SCOUT,7,5.645,-3.700,3.000,0.137,0.586,0.000,0.602,cmd_age=0.02s bat=1.00 dist=2.87m
292,82.037,SCOUT,8,-1.469,2.971,3.000,0.424,-0.424,0.000,0.599,cmd_age=0.02s bat=1.00 dist=2.87m
292,82.037,SCOUT,9,-2.969,4.471,3.000,0.424,-0.424,0.000,0.599,cmd_age=0.02s bat=1.00 dist=2.87m
292,82.037,SCOUT,10,-4.469,2.971,3.000,0.424,-0.424,0.000,0.599,cmd_age=0.02s bat=1.00 dist=2.87m
292,82.037,SCOUT,11,-2.969,1.471,3.000,0.424,-0.424,0.000,0.599,cmd_age=0.02s bat=1.00 dist=2.87m
292,82.037,SCOUT,12,4.468,2.968,3.000,-0.423,-0.424,0.000,0.599,cmd_age=0.02s bat=1.00 dist=2.87m
292,82.037,SCOUT,13,2.968,4.468,3.000,-0.423,-0.424,0.000,0.599,cmd_age=0.02s bat=1.00 dist=2.87m
292,82.037,SCOUT,14,1.468,2.968,3.000,-0.423,-0.424,0.000,0.599,cmd_age=0.02s bat=1.00 dist=2.87m
292,82.037,SCOUT,15,2.968,1.468,3.000,-0.423,-0.424,0.000,0.599,cmd_age=0.02s bat=1.00 dist=2.87m
292,82.037,WORKER,0,-6.416,3.882,3.000,-0.718,1.867,0.000,2.000,state=MOVING bat=1.00 dist=9.51m
292,82.037,WORKER,1,7.730,4.489,3.000,0.153,1.994,0.000,2.000,state=MOVING bat=1.00 dist=9.51m
292,82.037,WORKER,2,3.147,-2.265,3.000,1.292,-1.527,0.000,2.000,state=MOVING bat=1.00 dist=9.51m
292,82.037,WORKER,3,-0.192,-1.233,3.000,-1.511,-1.310,0.000,2.000,state=MOVING bat=1.00 dist=9.51m
293,82.463,GENERAL,0,0.000,0.000,5.000,0.000,0.000,0.000,0.000,N/A
293,82.463,NODE,0,-5.656,-2.152,3.000,-0.129,0.589,0.000,0.603,zone=0 dist=2.91m
293,82.463,NODE,1,5.656,-2.151,3.000,0.127,0.592,0.000,0.606,zone=1 dist=2.91m
293,82.463,NODE,2,-2.933,2.935,3.000,0.427,-0.425,0.000,0.603,zone=2 dist=2.91m
293,82.463,NODE,3,2.933,2.933,3.000,-0.419,-0.420,0.000,0.593,zone=3 dist=2.91m
293,82.463,SCOUT,0,-4.147,-2.191,3.000,-0.133,0.587,0.000,0.602,cmd_age=0.02s bat=1.00 dist=2.88m
293,82.463,SCOUT,1,-5.647,-0.691,3.000,-0.133,0.587,0.000,0.602,cmd_age=0.02s bat=1.00 dist=2.88m
293,82.463,SCOUT,2,-7.147,-2.191,3.000,-0.133,0.587,0.000,0.602,cmd_age=0.02s bat=1.00 dist=2.88m
293,82.463,SCOUT,3,-5.647,-3.691,3.000,-0.133,0.587,0.000,0.602,cmd_age=0.02s bat=1.00 dist=2.88m
293,82.463,SCOUT,4,7.147,-2.191,3.000,0.135,0.587,0.000,0.603,cmd_age=0.02s bat=1.00 dist=2.88m
293,82.463,SCOUT,5,5.647,-0.691,3.000,0.135,0.587,0.000,0.603,cmd_age=0.02s bat=1.00 dist=2.88m
293,82.463,SCOUT,6,4.147,-2.191,3.000,0.135,0.587,0.000,0.603,cmd_age=0.02s bat=1.00 dist=2.88m
293,82.463,SCOUT,7,5.647,-3.691,3.000,0.135,0.587,0.000,0.603,cmd_age=0.02s bat=1.00 dist=2.88m
293,82.463,SCOUT,8,-1.462,2.964,3.000,0.424,-0.424,0.000,0.600,cmd_age=0.02s bat=1.00 dist=2.88m
293,82.463,SCOUT,9,-2.962,4.464,3.000,0.424,-0.424,0.000,0.600,cmd_age=0.02s bat=1.00 dist=2.88m
293,82.463,SCOUT,10,-4.462,2.964,3.000,0.424,-0.424,0.000,0.600,cmd_age=0.02s bat=1.00 dist=2.88m
293,82.463,SCOUT,11,-2.962,1.464,3.000,0.424,-0.424,0.000,0.600,cmd_age=0.02s bat=1.00 dist=2.88m
293,82.463,SCOUT,12,4.461,2.961,3.000,-0.422,-0.423,0.000,0.598,cmd_age=0.02s bat=1.00 dist=2.88m
293,82.463,SCOUT,13,2.961,4.461,3.000,-0.422,-0.423,0.000,0.598,cmd_age=0.02s bat=1.00 dist=2.88m
293,82.463,SCOUT,14,1.461,2.961,3.000,-0.422,-0.423,0.000,0.598,cmd_age=0.02s bat=1.00 dist=2.88m
293,82.463,SCOUT,15,2.961,1.461,3.000,-0.422,-0.423,0.000,0.598,cmd_age=0.02s bat=1.00 dist=2.88m
293,82.463,WORKER,0,-6.428,3.913,3.000,-0.718,1.867,0.000,2.000,state=MOVING bat=1.00 dist=9.55m
293,82.463,WORKER,1,7.732,4.522,3.000,0.153,1.994,0.000,2.000,state=MOVING bat=1.00 dist=9.55m
293,82.463,WORKER,2,3.169,-2.290,3.000,1.292,-1.527,0.000,2.000,state=MOVING bat=1.00 dist=9.55m
293,82.463,WORKER,3,-0.217,-1.255,3.000,-1.511,-1.310,0.000,2.000,state=MOVING bat=1.00 dist=9.55m
294,84.085,GENERAL,0,0.000,0.000,5.000,0.000,0.000,0.000,0.000,N/A
294,84.085,NODE,0,-5.659,-2.142,3.000,-0.135,0.585,0.000,0.600,zone=0 dist=2.92m
294,84.085,NODE,1,5.659,-2.142,3.000,0.132,0.587,0.000,0.602,zone=1 dist=2.92m
294,84.085,NODE,2,-2.926,2.928,3.000,0.420,-0.421,0.000,0.595,zone=2 dist=2.92m
294,84.085,NODE,3,2.926,2.926,3.000,-0.422,-0.422,0.000,0.597,zone=3 dist=2.92m
294,84.085,SCOUT,0,-4.150,-2.181,3.000,-0.133,0.586,0.000,0.601,cmd_age=0.02s bat=1.00 dist=2.89m
294,84.085,SCOUT,1,-5.650,-0.681,3.000,-0.133,0.586,0.000,0.601,cmd_age=0.02s bat=1.00 dist=2.89m
294,84.085,SCOUT,2,-7.150,-2.181,3.000,-0.133,0.586,0.000,0.601,cmd_age=0.02s bat=1.00 dist=2.89m
294,84.085,SCOUT,3,-5.650,-3.681,3.000,-0.133,0.586,0.000,0.601,cmd_age=0.02s bat=1.00 dist=2.89m
294,84.085,SCOUT,4,7.150,-2.181,3.000,0.135,0.587,0.000,0.602,cmd_age=0.02s bat=1.00 dist=2.89m
294,84.085,SCOUT,5,5.650,-0.681,3.000,0.135,0.587,0.000,0.602,cmd_age=0.02s bat=1.00 dist=2.89m
294,84.085,SCOUT,6,4.150,-2.181,3.000,0.135,0.587,0.000,0.602,cmd_age=0.02s bat=1.00 dist=2.89m
294,84.085,SCOUT,7,5.650,-3.681,3.000,0.135,0.587,0.000,0.602,cmd_age=0.02s bat=1.00 dist=2.89m
294,84.085,SCOUT,8,-1.455,2.957,3.000,0.424,-0.423,0.000,0.599,cmd_age=0.02s bat=1.00 dist=2.89m
294,84.085,SCOUT,9,-2.955,4.457,3.000,0.424,-0.423,0.000,0.599,cmd_age=0.02s bat=1.00 dist=2.89m
294,84.085,SCOUT,10,-4.455,2.957,3.000,0.424,-0.423,0.000,0.599,cmd_age=0.02s bat=1.00 dist=2.89m
294,84.085,SCOUT,11,-2.955,1.457,3.000,0.424,-0.423,0.000,0.599,cmd_age=0.02s bat=1.00 dist=2.89m
294,84.085,SCOUT,12,4.454,2.954,3.000,-0.422,-0.423,0.000,0.598,cmd_age=0.02s bat=1.00 dist=2.89m
294,84.085,SCOUT,13,2.954,4.454,3.000,-0.422,-0.423,0.000,0.598,cmd_age=0.02s bat=1.00 dist=2.89m
294,84.085,SCOUT,14,1.454,2.954,3.000,-0.422,-0.423,0.000,0.598,cmd_age=0.02s bat=1.00 dist=2.89m
294,84.085,SCOUT,15,2.954,1.454,3.000,-0.422,-0.423,0.000,0.598,cmd_age=0.02s bat=1.00 dist=2.89m
294,84.085,WORKER,0,-6.440,3.945,3.000,-0.718,1.867,0.000,2.000,state=MOVING bat=1.00 dist=9.58m
294,84.085,WORKER,1,7.735,4.555,3.000,0.153,1.994,0.000,2.000,state=MOVING bat=1.00 dist=9.58m
294,84.085,WORKER,2,3.190,-2.316,3.000,1.292,-1.527,0.000,2.000,state=MOVING bat=1.00 dist=9.58m
294,84.085,WORKER,3,-0.242,-1.276,3.000,-1.511,-1.310,0.000,2.000,state=MOVING bat=1.00 dist=9.58m
295,84.279,GENERAL,0,0.000,0.000,5.000,0.000,0.000,0.000,0.000,N/A
295,84.279,NODE,0,-5.661,-2.132,3.000,-0.135,0.584,0.000,0.599,zone=0 dist=2.93m
295,84.279,NODE,1,5.661,-2.132,3.000,0.129,0.585,0.000,0.599,zone=1 dist=2.93m
295,84.279,NODE,2,-2.919,2.921,3.000,0.423,-0.423,0.000,0.598,zone=2 dist=2.93m
295,84.279,NODE,3,2.919,2.919,3.000,-0.423,-0.423,0.000,0.598,zone=3 dist=2.93m
295,84.279,SCOUT,0,-4.152,-2.171,3.000,-0.133,0.586,0.000,0.601,cmd_age=0.02s bat=1.00 dist=2.90m
295,84.279,SCOUT,1,-5.652,-0.671,3.000,-0.133,0.586,0.000,0.601,cmd_age=0.02s bat=1.00 dist=2.90m
295,84.279,SCOUT,2,-7.152,-2.171,3.000,-0.133,0.586,0.000,0.601,cmd_age=0.02s bat=1.00 dist=2.90m
295,84.279,SCOUT,3,-5.652,-3.671,3.000,-0.133,0.586,0.000,0.601,cmd_age=0.02s bat=1.00 dist=2.90m
295,84.279,SCOUT,4,7.152,-2.171,3.000,0.133,0.587,0.000,0.602,cmd_age=0.02s bat=1.00 dist=2.90m
295,84.279,SCOUT,5,5.652,-0.671,3.000,0.133,0.587,0.000,0.602,cmd_age=0.02s bat=1.00 dist=2.90m
295,84.279,SCOUT,6,4.152,-2.171,3.000,0.133,0.587,0.000,0.602,cmd_age=0.02s bat=1.00 dist=2.90m
295,84.279,SCOUT,7,5.652,-3.671,3.000,0.133,0.587,0.000,0.602,cmd_age=0.02s bat=1.00 dist=2.90m
295,84.279,SCOUT,8,-1.447,2.950,3.000,0.423,-0.423,0.000,0.599,cmd_age=0.02s bat=1.00 dist=2.90m
295,84.279,SCOUT,9,-2.947,4.450,3.000,0.423,-0.423,0.000,0.599,cmd_age=0.02s bat=1.00 dist=2.90m
295,84.279,SCOUT,10,-4.447,2.950,3.000,0.423,-0.423,0.000,0.599,cmd_age=0.02s bat=1.00 dist=2.90m
295,84.279,SCOUT,11,-2.947,1.450,3.000,0.423,-0.423,0.000,0.599,cmd_age=0.02s bat=1.00 dist=2.90m
295,84.279,SCOUT,12,4.447,2.947,3.000,-0.423,-0.423,0.000,0.598,cmd_age=0.02s bat=1.00 dist=2.90m
295,84.279,SCOUT,13,2.947,4.447,3.000,-0.423,-0.423,0.000,0.598,cmd_age=0.02s bat=1.00 dist=2.90m
295,84.279,SCOUT,14,1.447,2.947,3.000,-0.423,-0.423,0.000,0.598,cmd_age=0.02s bat=1.00 dist=2.90m
295,84.279,SCOUT,15,2.947,1.447,3.000,-0.423,-0.423,0.000,0.598,cmd_age=0.02s bat=1.00 dist=2.90m
295,84.279,WORKER,0,-6.452,3.976,3.000,-0.718,1.867,0.000,2.000,state=MOVING bat=1.00 dist=9.61m
295,84.279,WORKER,1,7.738,4.588,3.000,0.153,1.994,0.000,2.000,state=MOVING bat=1.00 dist=9.61m
295,84.279,WORKER,2,3.212,-2.341,3.000,1.292,-1.527,0.000,2.000,state=MOVING bat=1.00 dist=9.61m
295,84.279,WORKER,3,-0.267,-1.298,3.000,-1.511,-1.310,0.000,2.000,state=MOVING bat=1.00 dist=9.61m
296,85.078,GENERAL,0,0.000,0.000,5.000,0.000,0.000,0.000,0.000,N/A
296,85.078,NODE,0,-5.663,-2.123,3.000,-0.135,0.583,0.000,0.598,zone=0 dist=2.94m
296,85.078,NODE,1,5.663,-2.122,3.000,0.130,0.586,0.000,0.600,zone=1 dist=2.94m
296,85.078,NODE,2,-2.912,2.914,3.000,0.423,-0.422,0.000,0.597,zone=2 dist=2.94m
296,85.078,NODE,3,2.912,2.912,3.000,-0.424,-0.422,0.000,0.598,zone=3 dist=2.94m
296,85.078,SCOUT,0,-4.154,-2.162,3.000,-0.134,0.585,0.000,0.600,cmd_age=0.02s bat=1.00 dist=2.91m
296,85.078,SCOUT,1,-5.654,-0.662,3.000,-0.134,0.585,0.000,0.600,cmd_age=0.02s bat=1.00 dist=2.91m
296,85.078,SCOUT,2,-7.154,-2.162,3.000,-0.134,0.585,0.000,0.600,cmd_age=0.02s bat=1.00 dist=2.91m
296,85.078,SCOUT,3,-5.654,-3.662,3.000,-0.134,0.585,0.000,0.600,cmd_age=0.02s bat=1.00 dist=2.91m
296,85.078,SCOUT,4,7.154,-2.161,3.000,0.133,0.586,0.000,0.601,cmd_age=0.02s bat=1.00 dist=2.91m
296,85.078,SCOUT,5,5.654,-0.661,3.000,0.133,0.586,0.000,0.601,cmd_age=0.02s bat=1.00 dist=2.91m
296,85.078,SCOUT,6,4.154,-2.161,3.000,0.133,0.586,0.000,0.601,cmd_age=0.02s bat=1.00 dist=2.91m
296,85.078,SCOUT,7,5.654,-3.661,3.000,0.133,0.586,0.000,0.601,cmd_age=0.02s bat=1.00 dist=2.91m
296,85.078,SCOUT,8,-1.440,2.943,3.000,0.423,-0.423,0.000,0.598,cmd_age=0.02s bat=1.00 dist=2.91m
296,85.078,SCOUT,9,-2.940,4.443,3.000,0.423,-0.423,0.000,0.598,cmd_age=0.02s bat=1.00 dist=2.91m
296,85.078,SCOUT,10,-4.440,2.943,3.000,0.423,-0.423,0.000,0.598,cmd_age=0.02s bat=1.00 dist=2.91m
296,85.078,SCOUT,11,-2.940,1.443,3.000,0.423,-0.423,0.000,0.598,cmd_age=0.02s bat=1.00 dist=2.91m
296,85.078,SCOUT,12,4.440,2.940,3.000,-0.423,-0.423,0.000,0.598,cmd_age=0.02s bat=1.00 dist=2.91m
296,85.078,SCOUT,13,2.940,4.440,3.000,-0.423,-0.423,0.000,0.598,cmd_age=0.02s bat=1.00 dist=2.91m
296,85.078,SCOUT,14,1.440,2.940,3.000,-0.423,-0.423,0.000,0.598,cmd_age=0.02s bat=1.00 dist=2.91m
296,85.078,SCOUT,15,2.940,1.440,3.000,-0.423,-0.423,0.000,0.598,cmd_age=0.02s bat=1.00 dist=2.91m
296,85.078,WORKER,0,-6.464,4.007,3.000,-0.718,1.867,0.000,2.000,state=MOVING bat=1.00 dist=9.65m
296,85.078,WORKER,1,7.740,4.622,3.000,0.153,1.994,0.000,2.000,state=MOVING bat=1.00 dist=9.65m
296,85.078,WORKER,2,3.233,-2.367,3.000,1.292,-1.527,0.000,2.000,state=MOVING bat=1.00 dist=9.65m
296,85.078,WORKER,3,-0.292,-1.320,3.000,-1.511,-1.310,0.000,2.000,state=MOVING bat=1.00 dist=9.65m
297,85.269,GENERAL,0,0.000,0.000,5.000,0.000,0.000,0.000,0.000,N/A
297,85.269,NODE,0,-5.665,-2.113,3.000,-0.136,0.584,0.000,0.600,zone=0 dist=2.95m
297,85.269,NODE,1,5.665,-2.112,3.000,0.132,0.587,0.000,0.602,zone=1 dist=2.95m
297,85.269,NODE,2,-2.905,2.907,3.000,0.424,-0.422,0.000,0.598,zone=2 dist=2.95m
297,85.269,NODE,3,2.904,2.905,3.000,-0.424,-0.421,0.000,0.597,zone=3 dist=2.95m
297,85.269,SCOUT,0,-4.156,-2.152,3.000,-0.134,0.585,0.000,0.600,cmd_age=0.02s bat=1.00 dist=2.92m
297,85.269,SCOUT,1,-5.656,-0.652,3.000,-0.134,0.585,0.000,0.600,cmd_age=0.02s bat=1.00 dist=2.92m
297,85.269,SCOUT,2,-7.156,-2.152,3.000,-0.134,0.585,0.000,0.600,cmd_age=0.02s bat=1.00 dist=2.92m
297,85.269,SCOUT,3,-5.656,-3.652,3.000,-0.134,0.585,0.000,0.600,cmd_age=0.02s bat=1.00 dist=2.92m
297,85.269,SCOUT,4,7.156,-2.151,3.000,0.133,0.587,0.000,0.601,cmd_age=0.02s bat=1.00 dist=2.92m
297,85.269,SCOUT,5,5.656,-0.651,3.000,0.133,0.587,0.000,0.601,cmd_age=0.02s bat=1.00 dist=2.92m
297,85.269,SCOUT,6,4.156,-2.151,3.000,0.133,0.587,0.000,0.601,cmd_age=0.02s bat=1.00 dist=2.92m
297,85.269,SCOUT,7,5.656,-3.651,3.000,0.133,0.587,0.000,0.601,cmd_age=0.02s bat=1.00 dist=2.92m
297,85.269,SCOUT,8,-1.433,2.936,3.000,0.423,-0.423,0.000,0.598,cmd_age=0.02s bat=1.00 dist=2.92m
297,85.269,SCOUT,9,-2.933,4.436,3.000,0.423,-0.423,0.000,0.598,cmd_age=0.02s bat=1.00 dist=2.92m
297,85.269,SCOUT,10,-4.433,2.936,3.000,0.423,-0.423,0.000,0.598,cmd_age=0.02s bat=1.00 dist=2.92m
297,85.269,SCOUT,11,-2.933,1.436,3.000,0.423,-0.423,0.000,0.598,cmd_age=0.02s bat=1.00 dist=2.92m
297,85.269,SCOUT,12,4.433,2.933,3.000,-0.423,-0.422,0.000,0.598,cmd_age=0.02s bat=1.00 dist=2.92m
297,85.269,SCOUT,13,2.933,4.433,3.000,-0.423,-0.422,0.000,0.598,cmd_age=0.02s bat=1.00 dist=2.92m
297,85.269,SCOUT,14,1.433,2.933,3.000,-0.423,-0.422,0.000,0.598,cmd_age=0.02s bat=1.00 dist=2.92m
297,85.269,SCOUT,15,2.933,1.433,3.000,-0.423,-0.422,0.000,0.598,cmd_age=0.02s bat=1.00 dist=2.92m
297,85.269,WORKER,0,-6.476,4.038,3.000,-0.718,1.867,0.000,2.000,state=MOVING bat=1.00 dist=9.68m
297,85.269,WORKER,1,7.743,4.655,3.000,0.153,1.994,0.000,2.000,state=MOVING bat=1.00 dist=9.68m
297,85.269,WORKER,2,3.255,-2.392,3.000,1.292,-1.527,0.000,2.000,state=MOVING bat=1.00 dist=9.68m
297,85.269,WORKER,3,-0.318,-1.342,3.000,-1.511,-1.310,0.000,2.000,state=MOVING bat=1.00 dist=9.68m
298,85.697,GENERAL,0,0.000,0.000,5.000,0.000,0.000,0.000,0.000,N/A
298,85.697,NODE,0,-5.668,-2.103,3.000,-0.134,0.583,0.000,0.598,zone=0 dist=2.96m
298,85.697,NODE,1,5.667,-2.103,3.000,0.133,0.586,0.000,0.601,zone=1 dist=2.96m
298,85.697,NODE,2,-2.898,2.900,3.000,0.424,-0.424,0.000,0.599,zone=2 dist=2.96m
298,85.697,NODE,3,2.897,2.898,3.000,-0.421,-0.422,0.000,0.596,zone=3 dist=2.96m
298,85.697,SCOUT,0,-4.159,-2.142,3.000,-0.134,0.585,0.000,0.600,cmd_age=0.02s bat=1.00 dist=2.93m
298,85.697,SCOUT,1,-5.659,-0.642,3.000,-0.134,0.585,0.000,0.600,cmd_age=0.02s bat=1.00 dist=2.93m
298,85.697,SCOUT,2,-7.159,-2.142,3.000,-0.134,0.585,0.000,0.600,cmd_age=0.02s bat=1.00 dist=2.93m
298,85.697,SCOUT,3,-5.659,-3.642,3.000,-0.134,0.585,0.000,0.600,cmd_age=0.02s bat=1.00 dist=2.93m
298,85.697,SCOUT,4,7.158,-2.142,3.000,0.133,0.587,0.000,0.601,cmd_age=0.02s bat=1.00 dist=2.93m
298,85.697,SCOUT,5,5.658,-0.642,3.000,0.133,0.587,0.000,0.601,cmd_age=0.02s bat=1.00 dist=2.93m
298,85.697,SCOUT,6,4.158,-2.142,3.000,0.133,0.587,0.000,0.601,cmd_age=0.02s bat=1.00 dist=2.93m
298,85.697,SCOUT,7,5.658,-3.642,3.000,0.133,0.587,0.000,0.601,cmd_age=0.02s bat=1.00 dist=2.93m
298,85.697,SCOUT,8,-1.426,2.928,3.000,0.423,-0.423,0.000,0.599,cmd_age=0.02s bat=1.00 dist=2.93m
298,85.697,SCOUT,9,-2.926,4.428,3.000,0.423,-0.423,0.000,0.599,cmd_age=0.02s bat=1.00 dist=2.93m
298,85.697,SCOUT,10,-4.426,2.928,3.000,0.423,-0.423,0.000,0.599,cmd_age=0.02s bat=1.00 dist=2.93m
298,85.697,SCOUT,11,-2.926,1.428,3.000,0.423,-0.423,0.000,0.599,cmd_age=0.02s bat=1.00 dist=2.93m
298,85.697,SCOUT,12,4.426,2.926,3.000,-0.423,-0.422,0.000,0.597,cmd_age=0.02s bat=1.00 dist=2.93m
298,85.697,SCOUT,13,2.926,4.426,3.000,-0.423,-0.422,0.000,0.597,cmd_age=0.02s bat=1.00 dist=2.93m
298,85.697,SCOUT,14,1.426,2.926,3.000,-0.423,-0.422,0.000,0.597,cmd_age=0.02s bat=1.00 dist=2.93m
298,85.697,SCOUT,15,2.926,1.426,3.000,-0.423,-0.422,0.000,0.597,cmd_age=0.02s bat=1.00 dist=2.93m
298,85.697,WORKER,0,-6.488,4.069,3.000,-0.718,1.867,0.000,2.000,state=MOVING bat=1.00 dist=9.71m
298,85.697,WORKER,1,7.745,4.688,3.000,0.153,1.994,0.000,2.000,state=MOVING bat=1.00 dist=9.71m
298,85.697,WORKER,2,3.276,-2.418,3.000,1.292,-1.527,0.000,2.000,state=MOVING bat=1.00 dist=9.71m
298,85.697,WORKER,3,-0.343,-1.364,3.000,-1.511,-1.310,0.000,2.000,state=MOVING bat=1.00 dist=9.71m
299,85.886,GENERAL,0,0.000,0.000,5.000,0.000,0.000,0.000,0.000,N/A
299,85.886,NODE,0,-5.670,-2.093,3.000,-0.132,0.584,0.000,0.599,zone=0 dist=2.97m
299,85.886,NODE,1,5.669,-2.093,3.000,0.133,0.585,0.000,0.600,zone=1 dist=2.97m
299,85.886,NODE,2,-2.891,2.893,3.000,0.425,-0.423,0.000,0.600,zone=2 dist=2.97m
299,85.886,NODE,3,2.890,2.891,3.000,-0.423,-0.424,0.000,0.598,zone=3 dist=2.97m
299,85.886,SCOUT,0,-4.161,-2.132,3.000,-0.134,0.585,0.000,0.600,cmd_age=0.02s bat=1.00 dist=2.94m
299,85.886,SCOUT,1,-5.661,-0.632,3.000,-0.134,0.585,0.000,0.600,cmd_age=0.02s bat=1.00 dist=2.94m
299,85.886,SCOUT,2,-7.161,-2.132,3.000,-0.134,0.585,0.000,0.600,cmd_age=0.02s bat=1.00 dist=2.94m
299,85.886,SCOUT,3,-5.661,-3.632,3.000,-0.134,0.585,0.000,0.600,cmd_age=0.02s bat=1.00 dist=2.94m
299,85.886,SCOUT,4,7.161,-2.132,3.000,0.133,0.586,0.000,0.601,cmd_age=0.02s bat=1.00 dist=2.94m
299,85.886,SCOUT,5,5.661,-0.632,3.000,0.133,0.586,0.000,0.601,cmd_age=0.02s bat=1.00 dist=2.94m
299,85.886,SCOUT,6,4.161,-2.132,3.000,0.133,0.586,0.000,0.601,cmd_age=0.02s bat=1.00 dist=2.94m
299,85.886,SCOUT,7,5.661,-3.632,3.000,0.133,0.586,0.000,0.601,cmd_age=0.02s bat=1.00 dist=2.94m
299,85.886,SCOUT,8,-1.419,2.921,3.000,0.424,-0.423,0.000,0.599,cmd_age=0.02s bat=1.00 dist=2.94m
299,85.886,SCOUT,9,-2.919,4.421,3.000,0.424,-0.423,0.000,0.599,cmd_age=0.02s bat=1.00 dist=2.94m
299,85.886,SCOUT,10,-4.419,2.921,3.000,0.424,-0.423,0.000,0.599,cmd_age=0.02s bat=1.00 dist=2.94m
299,85.886,SCOUT,11,-2.919,1.421,3.000,0.424,-0.423,0.000,0.599,cmd_age=0.02s bat=1.00 dist=2.94m
299,85.886,SCOUT,12,4.419,2.919,3.000,-0.423,-0.423,0.000,0.598,cmd_age=0.02s bat=1.00 dist=2.94m
299,85.886,SCOUT,13,2.919,4.419,3.000,-0.423,-0.423,0.000,0.598,cmd_age=0.02s bat=1.00 dist=2.94m
299,85.886,SCOUT,14,1.419,2.919,3.000,-0.423,-0.423,0.000,0.598,cmd_age=0.02s bat=1.00 dist=2.94m
299,85.886,SCOUT,15,2.919,1.419,3.000,-0.423,-0.423,0.000,0.598,cmd_age=0.02s bat=1.00 dist=2.94m
299,85.886,WORKER,0,-6.500,4.100,3.000,-0.718,1.867,0.000,2.000,state=MOVING bat=1.00 dist=9.75m
299,85.886,WORKER,1,7.748,4.721,3.000,0.153,1.994,0.000,2.000,state=MOVING bat=1.00 dist=9.75m
299,85.886,WORKER,2,3.298,-2.443,3.000,1.292,-1.527,0.000,2.000,state=MOVING bat=1.00 dist=9.75m
299,85.886,WORKER,3,-0.368,-1.386,3.000,-1.511,-1.310,0.000,2.000,state=MOVING bat=1.00 dist=9.75m
300,86.078,GENERAL,0,0.000,0.000,5.000,0.000,0.000,0.000,0.000,N/A
300,86.078,NODE,0,-5.672,-2.084,3.000,-0.130,0.587,0.000,0.601,zone=0 dist=2.98m
300,86.078,NODE,1,5.672,-2.083,3.000,0.134,0.582,0.000,0.598,zone=1 dist=2.98m
300,86.078,NODE,2,-2.884,2.886,3.000,0.423,-0.425,0.000,0.600,zone=2 dist=2.98m
300,86.078,NODE,3,2.883,2.884,3.000,-0.424,-0.423,0.000,0.599,zone=3 dist=2.98m
300,86.078,SCOUT,0,-4.163,-2.123,3.000,-0.133,0.585,0.000,0.600,cmd_age=0.02s bat=1.00 dist=2.95m
300,86.078,SCOUT,1,-5.663,-0.623,3.000,-0.133,0.585,0.000,0.600,cmd_age=0.02s bat=1.00 dist=2.95m
300,86.078,SCOUT,2,-7.163,-2.123,3.000,-0.133,0.585,0.000,0.600,cmd_age=0.02s bat=1.00 dist=2.95m
300,86.078,SCOUT,3,-5.663,-3.623,3.000,-0.133,0.585,0.000,0.600,cmd_age=0.02s bat=1.00 dist=2.95m
300,86.078,SCOUT,4,7.163,-2.122,3.000,0.133,0.585,0.000,0.600,cmd_age=0.02s bat=1.00 dist=2.95m
300,86.078,SCOUT,5,5.663,-0.622,3.000,0.133,0.585,0.000,0.600,cmd_age=0.02s bat=1.00 dist=2.95m
300,86.078,SCOUT,6,4.163,-2.122,3.000,0.133,0.585,0.000,0.600,cmd_age=0.02s bat=1.00 dist=2.95m
300,86.078,SCOUT,7,5.663,-3.622,3.000,0.133,0.585,0.000,0.600,cmd_age=0.02s bat=1.00 dist=2.95m
300,86.078,SCOUT,8,-1.412,2.914,3.000,0.424,-0.424,0.000,0.599,cmd_age=0.02s bat=1.00 dist=2.95m
300,86.078,SCOUT,9,-2.912,4.414,3.000,0.424,-0.424,0.000,0.599,cmd_age=0.02s bat=1.00 dist=2.95m
300,86.078,SCOUT,10,-4.412,2.914,3.000,0.424,-0.424,0.000,0.599,cmd_age=0.02s bat=1.00 dist=2.95m
300,86.078,SCOUT,11,-2.912,1.414,3.000,0.424,-0.424,0.000,0.599,cmd_age=0.02s bat=1.00 dist=2.95m
300,86.078,SCOUT,12,4.412,2.912,3.000,-0.423,-0.423,0.000,0.598,cmd_age=0.02s bat=1.00 dist=2.95m
300,86.078,SCOUT,13,2.912,4.412,3.000,-0.423,-0.423,0.000,0.598,cmd_age=0.02s bat=1.00 dist=2.95m
300,86.078,SCOUT,14,1.412,2.912,3.000,-0.423,-0.423,0.000,0.598,cmd_age=0.02s bat=1.00 dist=2.95m
300,86.078,SCOUT,15,2.912,1.412,3.000,-0.423,-0.423,0.000,0.598,cmd_age=0.02s bat=1.00 dist=2.95m
300,86.078,WORKER,0,-6.512,4.131,3.000,-0.718,1.867,0.000,2.000,state=MOVING bat=1.00 dist=9.78m
300,86.078,WORKER,1,7.750,4.755,3.000,0.153,1.994,0.000,2.000,state=MOVING bat=1.00 dist=9.78m
300,86.078,WORKER,2,3.319,-2.468,3.000,1.292,-1.527,0.000,2.000,state=MOVING bat=1.00 dist=9.78m
300,86.078,WORKER,3,-0.393,-1.407,3.000,-1.511,-1.310,0.000,2.000,state=MOVING bat=1.00 dist=9.78m
301,86.296,GENERAL,0,0.000,0.000,5.000,0.000,0.000,0.000,0.000,N/A
301,86.296,NODE,0,-5.674,-2.074,3.000,-0.132,0.584,0.000,0.599,zone=0 dist=2.99m
301,86.296,NODE,1,5.674,-2.073,3.000,0.133,0.582,0.000,0.597,zone=1 dist=2.99m
301,86.296,NODE,2,-2.877,2.879,3.000,0.422,-0.424,0.000,0.598,zone=2 dist=2.99m
301,86.296,NODE,3,2.876,2.877,3.000,-0.425,-0.425,0.000,0.601,zone=3 dist=2.99m
301,86.296,SCOUT,0,-4.165,-2.113,3.000,-0.133,0.585,0.000,0.600,cmd_age=0.02s bat=1.00 dist=2.96m
301,86.296,SCOUT,1,-5.665,-0.613,3.000,-0.133,0.585,0.000,0.600,cmd_age=0.02s bat=1.00 dist=2.96m
301,86.296,SCOUT,2,-7.165,-2.113,3.000,-0.133,0.585,0.000,0.600,cmd_age=0.02s bat=1.00 dist=2.96m
301,86.296,SCOUT,3,-5.665,-3.613,3.000,-0.133,0.585,0.000,0.600,cmd_age=0.02s bat=1.00 dist=2.96m
301,86.296,SCOUT,4,7.165,-2.112,3.000,0.133,0.585,0.000,0.600,cmd_age=0.02s bat=1.00 dist=2.96m
301,86.296,SCOUT,5,5.665,-0.612,3.000,0.133,0.585,0.000,0.600,cmd_age=0.02s bat=1.00 dist=2.96m
301,86.296,SCOUT,6,4.165,-2.112,3.000,0.133,0.585,0.000,0.600,cmd_age=0.02s bat=1.00 dist=2.96m
301,86.296,SCOUT,7,5.665,-3.612,3.000,0.133,0.585,0.000,0.600,cmd_age=0.02s bat=1.00 dist=2.96m
301,86.296,SCOUT,8,-1.405,2.907,3.000,0.423,-0.424,0.000,0.599,cmd_age=0.02s bat=1.00 dist=2.96m
301,86.296,SCOUT,9,-2.905,4.407,3.000,0.423,-0.424,0.000,0.599,cmd_age=0.02s bat=1.00 dist=2.96m
301,86.296,SCOUT,10,-4.405,2.907,3.000,0.423,-0.424,0.000,0.599,cmd_age=0.02s bat=1.00 dist=2.96m
301,86.296,SCOUT,11,-2.905,1.407,3.000,0.423,-0.424,0.000,0.599,cmd_age=0.02s bat=1.00 dist=2.96m
301,86.296,SCOUT,12,4.404,2.905,3.000,-0.423,-0.423,0.000,0.599,cmd_age=0.02s bat=1.00 dist=2.96m
301,86.296,SCOUT,13,2.904,4.405,3.000,-0.423,-0.423,0.000,0.599,cmd_age=0.02s bat=1.00 dist=2.96m
301,86.296,SCOUT,14,1.404,2.905,3.000,-0.423,-0.423,0.000,0.599,cmd_age=0.02s bat=1.00 dist=2.96m
301,86.296,SCOUT,15,2.904,1.405,3.000,-0.423,-0.423,0.000,0.599,cmd_age=0.02s bat=1.00 dist=2.96m
301,86.296,WORKER,0,-6.524,4.162,3.000,-0.718,1.867,0.000,2.000,state=MOVING bat=1.00 dist=9.81m
301,86.296,WORKER,1,7.753,4.788,3.000,0.153,1.994,0.000,2.000,state=MOVING bat=1.00 dist=9.81m
301,86.296,WORKER,2,3.341,-2.494,3.000,1.292,-1.527,0.000,2.000,state=MOVING bat=1.00 dist=9.81m
301,86.296,WORKER,3,-0.418,-1.429,3.000,-1.511,-1.310,0.000,2.000,state=MOVING bat=1.00 dist=9.81m
302,86.510,GENERAL,0,0.000,0.000,5.000,0.000,0.000,0.000,0.000,N/A
302,86.510,NODE,0,-5.676,-2.064,3.000,-0.132,0.584,0.000,0.599,zone=0 dist=3.00m
302,86.510,NODE,1,5.676,-2.064,3.000,0.134,0.586,0.000,0.601,zone=1 dist=3.00m
302,86.510,NODE,2,-2.870,2.872,3.000,0.422,-0.423,0.000,0.598,zone=2 dist=3.00m
302,86.510,NODE,3,2.869,2.870,3.000,-0.427,-0.424,0.000,0.602,zone=3 dist=3.00m
302,86.510,SCOUT,0,-4.167,-2.103,3.000,-0.133,0.585,0.000,0.600,cmd_age=0.02s bat=1.00 dist=2.97m
302,86.510,SCOUT,1,-5.667,-0.603,3.000,-0.133,0.585,0.000,0.600,cmd_age=0.02s bat=1.00 dist=2.97m
302,86.510,SCOUT,2,-7.167,-2.103,3.000,-0.133,0.585,0.000,0.600,cmd_age=0.02s bat=1.00 dist=2.97m
302,86.510,SCOUT,3,-5.667,-3.603,3.000,-0.133,0.585,0.000,0.600,cmd_age=0.02s bat=1.00 dist=2.97m
302,86.510,SCOUT,4,7.167,-2.103,3.000,0.133,0.585,0.000,0.600,cmd_age=0.02s bat=1.00 dist=2.97m
302,86.510,SCOUT,5,5.667,-0.603,3.000,0.133,0.585,0.000,0.600,cmd_age=0.02s bat=1.00 dist=2.97m
302,86.510,SCOUT,6,4.167,-2.103,3.000,0.133,0.585,0.000,0.600,cmd_age=0.02s bat=1.00 dist=2.97m
302,86.510,SCOUT,7,5.667,-3.603,3.000,0.133,0.585,0.000,0.600,cmd_age=0.02s bat=1.00 dist=2.97m
302,86.510,SCOUT,8,-1.398,2.900,3.000,0.423,-0.424,0.000,0.599,cmd_age=0.02s bat=1.00 dist=2.97m
302,86.510,SCOUT,9,-2.898,4.400,3.000,0.423,-0.424,0.000,0.599,cmd_age=0.02s bat=1.00 dist=2.97m
302,86.510,SCOUT,10,-4.398,2.900,3.000,0.423,-0.424,0.000,0.599,cmd_age=0.02s bat=1.00 dist=2.97m
302,86.510,SCOUT,11,-2.898,1.400,3.000,0.423,-0.424,0.000,0.599,cmd_age=0.02s bat=1.00 dist=2.97m
302,86.510,SCOUT,12,4.397,2.898,3.000,-0.424,-0.423,0.000,0.599,cmd_age=0.02s bat=1.00 dist=2.97m
302,86.510,SCOUT,13,2.897,4.398,3.000,-0.424,-0.423,0.000,0.599,cmd_age=0.02s bat=1.00 dist=2.97m
302,86.510,SCOUT,14,1.397,2.898,3.000,-0.424,-0.423,0.000,0.599,cmd_age=0.02s bat=1.00 dist=2.97m
302,86.510,SCOUT,15,2.897,1.398,3.000,-0.424,-0.423,0.000,0.599,cmd_age=0.02s bat=1.00 dist=2.97m
302,86.510,WORKER,0,-6.536,4.193,3.000,-0.718,1.867,0.000,2.000,state=MOVING bat=1.00 dist=9.85m
302,86.510,WORKER,1,7.755,4.821,3.000,0.153,1.994,0.000,2.000,state=MOVING bat=1.00 dist=9.85m
302,86.510,WORKER,2,3.363,-2.519,3.000,1.292,-1.527,0.000,2.000,state=MOVING bat=1.00 dist=9.85m
302,86.510,WORKER,3,-0.444,-1.451,3.000,-1.511,-1.310,0.000,2.000,state=MOVING bat=1.00 dist=9.85m
303,86.723,GENERAL,0,0.000,0.000,5.000,0.000,0.000,0.000,0.000,N/A
303,86.723,NODE,0,-5.679,-2.054,3.000,-0.133,0.583,0.000,0.598,zone=0 dist=3.01m
303,86.723,NODE,1,5.678,-2.054,3.000,0.132,0.584,0.000,0.599,zone=1 dist=3.01m
303,86.723,NODE,2,-2.863,2.865,3.000,0.424,-0.425,0.000,0.601,zone=2 dist=3.01m
303,86.723,NODE,3,2.862,2.863,3.000,-0.427,-0.420,0.000,0.599,zone=3 dist=3.01m
303,86.723,SCOUT,0,-4.170,-2.093,3.000,-0.133,0.584,0.000,0.599,cmd_age=0.02s bat=1.00 dist=2.98m
303,86.723,SCOUT,1,-5.670,-0.593,3.000,-0.133,0.584,0.000,0.599,cmd_age=0.02s bat=1.00 dist=2.98m
303,86.723,SCOUT,2,-7.170,-2.093,3.000,-0.133,0.584,0.000,0.599,cmd_age=0.02s bat=1.00 dist=2.98m
303,86.723,SCOUT,3,-5.670,-3.593,3.000,-0.133,0.584,0.000,0.599,cmd_age=0.02s bat=1.00 dist=2.98m
303,86.723,SCOUT,4,7.170,-2.093,3.000,0.133,0.585,0.000,0.600,cmd_age=0.02s bat=1.00 dist=2.98m
303,86.723,SCOUT,5,5.670,-0.593,3.000,0.133,0.585,0.000,0.600,cmd_age=0.02s bat=1.00 dist=2.98m
303,86.723,SCOUT,6,4.170,-2.093,3.000,0.133,0.585,0.000,0.600,cmd_age=0.02s bat=1.00 dist=2.98m
303,86.723,SCOUT,7,5.670,-3.593,3.000,0.133,0.585,0.000,0.600,cmd_age=0.02s bat=1.00 dist=2.98m
303,86.723,SCOUT,8,-1.391,2.893,3.000,0.423,-0.424,0.000,0.599,cmd_age=0.02s bat=1.00 dist=2.98m
303,86.723,SCOUT,9,-2.891,4.393,3.000,0.423,-0.424,0.000,0.599,cmd_age=0.02s bat=1.00 dist=2.98m
303,86.723,SCOUT,10,-4.391,2.893,3.000,0.423,-0.424,0.000,0.599,cmd_age=0.02s bat=1.00 dist=2.98m
303,86.723,SCOUT,11,-2.891,1.393,3.000,0.423,-0.424,0.000,0.599,cmd_age=0.02s bat=1.00 dist=2.98m
303,86.723,SCOUT,12,4.390,2.891,3.000,-0.425,-0.423,0.000,0.599,cmd_age=0.02s bat=1.00 dist=2.98m
303,86.723,SCOUT,13,2.890,4.391,3.000,-0.425,-0.423,0.000,0.599,cmd_age=0.02s bat=1.00 dist=2.98m
303,86.723,SCOUT,14,1.390,2.891,3.000,-0.425,-0.423,0.000,0.599,cmd_age=0.02s bat=1.00 dist=2.98m
303,86.723,SCOUT,15,2.890,1.391,3.000,-0.425,-0.423,0.000,0.599,cmd_age=0.02s bat=1.00 dist=2.98m
303,86.723,WORKER,0,-6.548,4.225,3.000,-0.718,1.867,0.000,2.000,state=MOVING bat=1.00 dist=9.88m
303,86.723,WORKER,1,7.758,4.854,3.000,0.153,1.994,0.000,2.000,state=MOVING bat=1.00 dist=9.88m
303,86.723,WORKER,2,3.384,-2.545,3.000,1.292,-1.527,0.000,2.000,state=MOVING bat=1.00 dist=9.88m
303,86.723,WORKER,3,-0.469,-1.473,3.000,-1.511,-1.310,0.000,2.000,state=MOVING bat=1.00 dist=9.88m
304,86.961,GENERAL,0,0.000,0.000,5.000,0.000,0.000,0.000,0.000,N/A
304,86.961,NODE,0,-5.681,-2.045,3.000,-0.133,0.586,0.000,0.601,zone=0 dist=3.02m
304,86.961,NODE,1,5.681,-2.044,3.000,0.133,0.584,0.000,0.599,zone=1 dist=3.02m
304,86.961,NODE,2,-2.856,2.858,3.000,0.423,-0.425,0.000,0.599,zone=2 dist=3.02m
304,86.961,NODE,3,2.855,2.856,3.000,-0.426,-0.421,0.000,0.599,zone=3 dist=3.02m
304,86.961,SCOUT,0,-4.172,-2.084,3.000,-0.133,0.585,0.000,0.600,cmd_age=0.02s bat=1.00 dist=2.99m
304,86.961,SCOUT,1,-5.672,-0.584,3.000,-0.133,0.585,0.000,0.600,cmd_age=0.02s bat=1.00 dist=2.99m
304,86.961,SCOUT,2,-7.172,-2.084,3.000,-0.133,0.585,0.000,0.600,cmd_age=0.02s bat=1.00 dist=2.99m
304,86.961,SCOUT,3,-5.672,-3.584,3.000,-0.133,0.585,0.000,0.600,cmd_age=0.02s bat=1.00 dist=2.99m
304,86.961,SCOUT,4,7.172,-2.083,3.000,0.133,0.585,0.000,0.600,cmd_age=0.02s bat=1.00 dist=2.99m
304,86.961,SCOUT,5,5.672,-0.583,3.000,0.133,0.585,0.000,0.600,cmd_age=0.02s bat=1.00 dist=2.99m
304,86.961,SCOUT,6,4.172,-2.083,3.000,0.133,0.585,0.000,0.600,cmd_age=0.02s bat=1.00 dist=2.99m
304,86.961,SCOUT,7,5.672,-3.583,3.000,0.133,0.585,0.000,0.600,cmd_age=0.02s bat=1.00 dist=2.99m
304,86.961,SCOUT,8,-1.384,2.886,3.000,0.423,-0.424,0.000,0.599,cmd_age=0.02s bat=1.00 dist=2.99m
304,86.961,SCOUT,9,-2.884,4.386,3.000,0.423,-0.424,0.000,0.599,cmd_age=0.02s bat=1.00 dist=2.99m
304,86.961,SCOUT,10,-4.384,2.886,3.000,0.423,-0.424,0.000,0.599,cmd_age=0.02s bat=1.00 dist=2.99m
304,86.961,SCOUT,11,-2.884,1.386,3.000,0.423,-0.424,0.000,0.599,cmd_age=0.02s bat=1.00 dist=2.99m
304,86.961,SCOUT,12,4.383,2.884,3.000,-0.425,-0.422,0.000,0.599,cmd_age=0.02s bat=1.00 dist=2.99m
304,86.961,SCOUT,13,2.883,4.384,3.000,-0.425,-0.422,0.000,0.599,cmd_age=0.02s bat=1.00 dist=2.99m
304,86.961,SCOUT,14,1.383,2.884,3.000,-0.425,-0.422,0.000,0.599,cmd_age=0.02s bat=1.00 dist=2.99m
304,86.961,SCOUT,15,2.883,1.384,3.000,-0.425,-0.422,0.000,0.599,cmd_age=0.02s bat=1.00 dist=2.99m
304,86.961,WORKER,0,-6.560,4.256,3.000,-0.718,1.867,0.000,2.000,state=MOVING bat=1.00 dist=9.91m
304,86.961,WORKER,1,7.761,4.887,3.000,0.153,1.994,0.000,2.000,state=MOVING bat=1.00 dist=9.91m
304,86.961,WORKER,2,3.406,-2.570,3.000,1.292,-1.527,0.000,2.000,state=MOVING bat=1.00 dist=9.91m
304,86.961,WORKER,3,-0.494,-1.495,3.000,-1.511,-1.310,0.000,2.000,state=MOVING bat=1.00 dist=9.91m
305,87.178,GENERAL,0,0.000,0.000,5.000,0.000,0.000,0.000,0.000,N/A
305,87.178,NODE,0,-5.683,-2.035,3.000,-0.137,0.585,0.000,0.601,zone=0 dist=3.03m
305,87.178,NODE,1,5.683,-2.034,3.000,0.134,0.585,0.000,0.600,zone=1 dist=3.03m
305,87.178,NODE,2,-2.849,2.851,3.000,0.426,-0.424,0.000,0.601,zone=2 dist=3.03m
305,87.178,NODE,3,2.848,2.848,3.000,-0.424,-0.423,0.000,0.599,zone=3 dist=3.03m
305,87.178,SCOUT,0,-4.174,-2.074,3.000,-0.134,0.585,0.000,0.600,cmd_age=0.02s bat=1.00 dist=3.00m
305,87.178,SCOUT,1,-5.674,-0.574,3.000,-0.134,0.585,0.000,0.600,cmd_age=0.02s bat=1.00 dist=3.00m
305,87.178,SCOUT,2,-7.174,-2.074,3.000,-0.134,0.585,0.000,0.600,cmd_age=0.02s bat=1.00 dist=3.00m
305,87.178,SCOUT,3,-5.674,-3.574,3.000,-0.134,0.585,0.000,0.600,cmd_age=0.02s bat=1.00 dist=3.00m
305,87.178,SCOUT,4,7.174,-2.073,3.000,0.133,0.585,0.000,0.600,cmd_age=0.02s bat=1.00 dist=3.00m
305,87.178,SCOUT,5,5.674,-0.573,3.000,0.133,0.585,0.000,0.600,cmd_age=0.02s bat=1.00 dist=3.00m
305,87.178,SCOUT,6,4.174,-2.073,3.000,0.133,0.585,0.000,0.600,cmd_age=0.02s bat=1.00 dist=3.00m
305,87.178,SCOUT,7,5.674,-3.573,3.000,0.133,0.585,0.000,0.600,cmd_age=0.02s bat=1.00 dist=3.00m
305,87.178,SCOUT,8,-1.377,2.879,3.000,0.424,-0.424,0.000,0.599,cmd_age=0.02s bat=1.00 dist=3.00m
305,87.178,SCOUT,9,-2.877,4.379,3.000,0.424,-0.424,0.000,0.599,cmd_age=0.02s bat=1.00 dist=3.00m
305,87.178,SCOUT,10,-4.377,2.879,3.000,0.424,-0.424,0.000,0.599,cmd_age=0.02s bat=1.00 dist=3.00m
305,87.178,SCOUT,11,-2.877,1.379,3.000,0.424,-0.424,0.000,0.599,cmd_age=0.02s bat=1.00 dist=3.00m
305,87.178,SCOUT,12,4.376,2.877,3.000,-0.425,-0.423,0.000,0.599,cmd_age=0.02s bat=1.00 dist=3.00m
305,87.178,SCOUT,13,2.876,4.377,3.000,-0.425,-0.423,0.000,0.599,cmd_age=0.02s bat=1.00 dist=3.00m
305,87.178,SCOUT,14,1.376,2.877,3.000,-0.425,-0.423,0.000,0.599,cmd_age=0.02s bat=1.00 dist=3.00m
305,87.178,SCOUT,15,2.876,1.377,3.000,-0.425,-0.423,0.000,0.599,cmd_age=0.02s bat=1.00 dist=3.00m
305,87.178,WORKER,0,-6.572,4.287,3.000,-0.718,1.867,0.000,2.000,state=MOVING bat=1.00 dist=9.95m
305,87.178,WORKER,1,7.763,4.921,3.000,0.153,1.994,0.000,2.000,state=MOVING bat=1.00 dist=9.95m
305,87.178,WORKER,2,3.427,-2.596,3.000,1.292,-1.527,0.000,2.000,state=MOVING bat=1.00 dist=9.95m
305,87.178,WORKER,3,-0.519,-1.517,3.000,-1.511,-1.310,0.000,2.000,state=MOVING bat=1.00 dist=9.95m
306,87.391,GENERAL,0,0.000,0.000,5.000,0.000,0.000,0.000,0.000,N/A
306,87.391,NODE,0,-5.685,-2.025,3.000,-0.134,0.585,0.000,0.600,zone=0 dist=3.04m
306,87.391,NODE,1,5.685,-2.025,3.000,0.134,0.587,0.000,0.602,zone=1 dist=3.04m
306,87.391,NODE,2,-2.842,2.844,3.000,0.426,-0.424,0.000,0.601,zone=2 dist=3.04m
306,87.391,NODE,3,2.841,2.841,3.000,-0.425,-0.422,0.000,0.599,zone=3 dist=3.04m
306,87.391,SCOUT,0,-4.176,-2.064,3.000,-0.134,0.585,0.000,0.600,cmd_age=0.02s bat=1.00 dist=3.01m
306,87.391,SCOUT,1,-5.676,-0.564,3.000,-0.134,0.585,0.000,0.600,cmd_age=0.02s bat=1.00 dist=3.01m
306,87.391,SCOUT,2,-7.176,-2.064,3.000,-0.134,0.585,0.000,0.600,cmd_age=0.02s bat=1.00 dist=3.01m
306,87.391,SCOUT,3,-5.676,-3.564,3.000,-0.134,0.585,0.000,0.600,cmd_age=0.02s bat=1.00 dist=3.01m
306,87.391,SCOUT,4,7.176,-2.064,3.000,0.133,0.585,0.000,0.600,cmd_age=0.02s bat=1.00 dist=3.01m
306,87.391,SCOUT,5,5.676,-0.564,3.000,0.133,0.585,0.000,0.600,cmd_age=0.02s bat=1.00 dist=3.01m
306,87.391,SCOUT,6,4.176,-2.064,3.000,0.133,0.585,0.000,0.600,cmd_age=0.02s bat=1.00 dist=3.01m
306,87.391,SCOUT,7,5.676,-3.564,3.000,0.133,0.585,0.000,0.600,cmd_age=0.02s bat=1.00 dist=3.01m
306,87.391,SCOUT,8,-1.370,2.872,3.000,0.424,-0.424,0.000,0.600,cmd_age=0.02s bat=1.00 dist=3.01m
306,87.391,SCOUT,9,-2.870,4.372,3.000,0.424,-0.424,0.000,0.600,cmd_age=0.02s bat=1.00 dist=3.01m
306,87.391,SCOUT,10,-4.370,2.872,3.000,0.424,-0.424,0.000,0.600,cmd_age=0.02s bat=1.00 dist=3.01m
306,87.391,SCOUT,11,-2.870,1.372,3.000,0.424,-0.424,0.000,0.600,cmd_age=0.02s bat=1.00 dist=3.01m
306,87.391,SCOUT,12,4.369,2.870,3.000,-0.425,-0.423,0.000,0.599,cmd_age=0.02s bat=1.00 dist=3.01m
306,87.391,SCOUT,13,2.869,4.370,3.000,-0.425,-0.423,0.000,0.599,cmd_age=0.02s bat=1.00 dist=3.01m
306,87.391,SCOUT,14,1.369,2.870,3.000,-0.425,-0.423,0.000,0.599,cmd_age=0.02s bat=1.00 dist=3.01m
306,87.391,SCOUT,15,2.869,1.370,3.000,-0.425,-0.423,0.000,0.599,cmd_age=0.02s bat=1.00 dist=3.01m
306,87.391,WORKER,0,-6.584,4.318,3.000,-0.718,1.867,0.000,2.000,state=MOVING bat=1.00 dist=9.98m
306,87.391,WORKER,1,7.766,4.954,3.000,0.153,1.994,0.000,2.000,state=MOVING bat=1.00 dist=9.98m
306,87.391,WORKER,2,3.449,-2.621,3.000,1.292,-1.527,0.000,2.000,state=MOVING bat=1.00 dist=9.98m
306,87.391,WORKER,3,-0.544,-1.538,3.000,-1.511,-1.310,0.000,2.000,state=MOVING bat=1.00 dist=9.98m
307,87.610,GENERAL,0,0.000,0.000,5.000,0.000,0.000,0.000,0.000,N/A
307,87.610,NODE,0,-5.688,-2.016,3.000,-0.135,0.583,0.000,0.599,zone=0 dist=3.05m
307,87.610,NODE,1,5.687,-2.015,3.000,0.131,0.588,0.000,0.602,zone=1 dist=3.05m
307,87.610,NODE,2,-2.834,2.837,3.000,0.426,-0.426,0.000,0.602,zone=2 dist=3.05m
307,87.610,NODE,3,2.834,2.834,3.000,-0.424,-0.419,0.000,0.596,zone=3 dist=3.05m
307,87.610,SCOUT,0,-4.179,-2.054,3.000,-0.134,0.584,0.000,0.600,cmd_age=0.02s bat=1.00 dist=3.02m
307,87.610,SCOUT,1,-5.679,-0.554,3.000,-0.134,0.584,0.000,0.600,cmd_age=0.02s bat=1.00 dist=3.02m
307,87.610,SCOUT,2,-7.179,-2.054,3.000,-0.134,0.584,0.000,0.600,cmd_age=0.02s bat=1.00 dist=3.02m
307,87.610,SCOUT,3,-5.679,-3.554,3.000,-0.134,0.584,0.000,0.600,cmd_age=0.02s bat=1.00 dist=3.02m
307,87.610,SCOUT,4,7.178,-2.054,3.000,0.133,0.586,0.000,0.601,cmd_age=0.02s bat=1.00 dist=3.02m
307,87.610,SCOUT,5,5.678,-0.554,3.000,0.133,0.586,0.000,0.601,cmd_age=0.02s bat=1.00 dist=3.02m
307,87.610,SCOUT,6,4.178,-2.054,3.000,0.133,0.586,0.000,0.601,cmd_age=0.02s bat=1.00 dist=3.02m
307,87.610,SCOUT,7,5.678,-3.554,3.000,0.133,0.586,0.000,0.601,cmd_age=0.02s bat=1.00 dist=3.02m
307,87.610,SCOUT,8,-1.363,2.865,3.000,0.424,-0.424,0.000,0.600,cmd_age=0.02s bat=1.00 dist=3.02m
307,87.610,SCOUT,9,-2.863,4.365,3.000,0.424,-0.424,0.000,0.600,cmd_age=0.02s bat=1.00 dist=3.02m
307,87.610,SCOUT,10,-4.363,2.865,3.000,0.424,-0.424,0.000,0.600,cmd_age=0.02s bat=1.00 dist=3.02m
307,87.610,SCOUT,11,-2.863,1.365,3.000,0.424,-0.424,0.000,0.600,cmd_age=0.02s bat=1.00 dist=3.02m
307,87.610,SCOUT,12,4.362,2.863,3.000,-0.425,-0.422,0.000,0.599,cmd_age=0.02s bat=1.00 dist=3.02m
307,87.610,SCOUT,13,2.862,4.363,3.000,-0.425,-0.422,0.000,0.599,cmd_age=0.02s bat=1.00 dist=3.02m
307,87.610,SCOUT,14,1.362,2.863,3.000,-0.425,-0.422,0.000,0.599,cmd_age=0.02s bat=1.00 dist=3.02m
307,87.610,SCOUT,15,2.862,1.363,3.000,-0.425,-0.422,0.000,0.599,cmd_age=0.02s bat=1.00 dist=3.02m
307,87.610,WORKER,0,-6.596,4.349,3.000,-0.718,1.867,0.000,2.000,state=MOVING bat=1.00 dist=10.01m
307,87.610,WORKER,1,7.768,4.987,3.000,0.153,1.994,0.000,2.000,state=MOVING bat=1.00 dist=10.01m
307,87.610,WORKER,2,3.470,-2.647,3.000,1.292,-1.527,0.000,2.000,state=MOVING bat=1.00 dist=10.01m
307,87.610,WORKER,3,-0.569,-1.560,3.000,-1.511,-1.310,0.000,2.000,state=MOVING bat=1.00 dist=10.01m
308,87.844,GENERAL,0,0.000,0.000,5.000,0.000,0.000,0.000,0.000,N/A
308,87.844,NODE,0,-5.690,-2.006,3.000,-0.133,0.583,0.000,0.598,zone=0 dist=3.06m
308,87.844,NODE,1,5.689,-2.005,3.000,0.131,0.586,0.000,0.601,zone=1 dist=3.06m
308,87.844,NODE,2,-2.827,2.830,3.000,0.422,-0.422,0.000,0.597,zone=2 dist=3.06m
308,87.844,NODE,3,2.827,2.827,3.000,-0.425,-0.420,0.000,0.598,zone=3 dist=3.06m
308,87.844,SCOUT,0,-4.181,-2.045,3.000,-0.134,0.584,0.000,0.599,cmd_age=0.02s bat=1.00 dist=3.03m
308,87.844,SCOUT,1,-5.681,-0.545,3.000,-0.134,0.584,0.000,0.599,cmd_age=0.02s bat=1.00 dist=3.03m
308,87.844,SCOUT,2,-7.181,-2.045,3.000,-0.134,0.584,0.000,0.599,cmd_age=0.02s bat=1.00 dist=3.03m
308,87.844,SCOUT,3,-5.681,-3.545,3.000,-0.134,0.584,0.000,0.599,cmd_age=0.02s bat=1.00 dist=3.03m
308,87.844,SCOUT,4,7.181,-2.044,3.000,0.132,0.586,0.000,0.601,cmd_age=0.02s bat=1.00 dist=3.03m
308,87.844,SCOUT,5,5.681,-0.544,3.000,0.132,0.586,0.000,0.601,cmd_age=0.02s bat=1.00 dist=3.03m
308,87.844,SCOUT,6,4.181,-2.044,3.000,0.132,0.586,0.000,0.601,cmd_age=0.02s bat=1.00 dist=3.03m
308,87.844,SCOUT,7,5.681,-3.544,3.000,0.132,0.586,0.000,0.601,cmd_age=0.02s bat=1.00 dist=3.03m
308,87.844,SCOUT,8,-1.356,2.858,3.000,0.424,-0.424,0.000,0.600,cmd_age=0.02s bat=1.00 dist=3.03m
308,87.844,SCOUT,9,-2.856,4.358,3.000,0.424,-0.424,0.000,0.600,cmd_age=0.02s bat=1.00 dist=3.03m
308,87.844,SCOUT,10,-4.356,2.858,3.000,0.424,-0.424,0.000,0.600,cmd_age=0.02s bat=1.00 dist=3.03m
308,87.844,SCOUT,11,-2.856,1.358,3.000,0.424,-0.424,0.000,0.600,cmd_age=0.02s bat=1.00 dist=3.03m
308,87.844,SCOUT,12,4.355,2.856,3.000,-0.425,-0.422,0.000,0.599,cmd_age=0.02s bat=1.00 dist=3.03m
308,87.844,SCOUT,13,2.855,4.356,3.000,-0.425,-0.422,0.000,0.599,cmd_age=0.02s bat=1.00 dist=3.03m
308,87.844,SCOUT,14,1.355,2.856,3.000,-0.425,-0.422,0.000,0.599,cmd_age=0.02s bat=1.00 dist=3.03m
308,87.844,SCOUT,15,2.855,1.356,3.000,-0.425,-0.422,0.000,0.599,cmd_age=0.02s bat=1.00 dist=3.03m
308,87.844,WORKER,0,-6.608,4.380,3.000,-0.718,1.867,0.000,2.000,state=MOVING bat=1.00 dist=10.05m
308,87.844,WORKER,1,7.771,5.020,3.000,0.153,1.994,0.000,2.000,state=MOVING bat=1.00 dist=10.05m
308,87.844,WORKER,2,3.492,-2.672,3.000,1.292,-1.527,0.000,2.000,state=MOVING bat=1.00 dist=10.05m
308,87.844,WORKER,3,-0.595,-1.582,3.000,-1.511,-1.310,0.000,2.000,state=MOVING bat=1.00 dist=10.05m
309,88.067,GENERAL,0,0.000,0.000,5.000,0.000,0.000,0.000,0.000,N/A
309,88.067,NODE,0,-5.692,-1.996,3.000,-0.136,0.584,0.000,0.599,zone=0 dist=3.07m
309,88.067,NODE,1,5.692,-1.995,3.000,0.134,0.586,0.000,0.601,zone=1 dist=3.07m
309,88.067,NODE,2,-2.820,2.823,3.000,0.424,-0.424,0.000,0.599,zone=2 dist=3.07m
309,88.067,NODE,3,2.820,2.820,3.000,-0.425,-0.420,0.000,0.597,zone=3 dist=3.07m
309,88.067,SCOUT,0,-4.183,-2.035,3.000,-0.134,0.584,0.000,0.599,cmd_age=0.02s bat=1.00 dist=3.04m
309,88.067,SCOUT,1,-5.683,-0.535,3.000,-0.134,0.584,0.000,0.599,cmd_age=0.02s bat=1.00 dist=3.04m
309,88.067,SCOUT,2,-7.183,-2.035,3.000,-0.134,0.584,0.000,0.599,cmd_age=0.02s bat=1.00 dist=3.04m
309,88.067,SCOUT,3,-5.683,-3.535,3.000,-0.134,0.584,0.000,0.599,cmd_age=0.02s bat=1.00 dist=3.04m
309,88.067,SCOUT,4,7.183,-2.034,3.000,0.133,0.586,0.000,0.601,cmd_age=0.02s bat=1.00 dist=3.04m
309,88.067,SCOUT,5,5.683,-0.534,3.000,0.133,0.586,0.000,0.601,cmd_age=0.02s bat=1.00 dist=3.04m
309,88.067,SCOUT,6,4.183,-2.034,3.000,0.133,0.586,0.000,0.601,cmd_age=0.02s bat=1.00 dist=3.04m
309,88.067,SCOUT,7,5.683,-3.534,3.000,0.133,0.586,0.000,0.601,cmd_age=0.02s bat=1.00 dist=3.04m
309,88.067,SCOUT,8,-1.349,2.851,3.000,0.424,-0.424,0.000,0.599,cmd_age=0.02s bat=1.00 dist=3.04m
309,88.067,SCOUT,9,-2.849,4.351,3.000,0.424,-0.424,0.000,0.599,cmd_age=0.02s bat=1.00 dist=3.04m
309,88.067,SCOUT,10,-4.349,2.851,3.000,0.424,-0.424,0.000,0.599,cmd_age=0.02s bat=1.00 dist=3.04m
309,88.067,SCOUT,11,-2.849,1.351,3.000,0.424,-0.424,0.000,0.599,cmd_age=0.02s bat=1.00 dist=3.04m
309,88.067,SCOUT,12,4.348,2.849,3.000,-0.425,-0.421,0.000,0.598,cmd_age=0.02s bat=1.00 dist=3.04m
309,88.067,SCOUT,13,2.848,4.349,3.000,-0.425,-0.421,0.000,0.598,cmd_age=0.02s bat=1.00 dist=3.04m
309,88.067,SCOUT,14,1.348,2.849,3.000,-0.425,-0.421,0.000,0.598,cmd_age=0.02s bat=1.00 dist=3.04m
309,88.067,SCOUT,15,2.848,1.349,3.000,-0.425,-0.421,0.000,0.598,cmd_age=0.02s bat=1.00 dist=3.04m
309,88.067,WORKER,0,-6.620,4.411,3.000,-0.718,1.867,0.000,2.000,state=MOVING bat=1.00 dist=10.08m
309,88.067,WORKER,1,7.773,5.054,3.000,0.153,1.994,0.000,2.000,state=MOVING bat=1.00 dist=10.08m
309,88.067,WORKER,2,3.513,-2.697,3.000,1.292,-1.527,0.000,2.000,state=MOVING bat=1.00 dist=10.08m
309,88.067,WORKER,3,-0.620,-1.604,3.000,-1.511,-1.310,0.000,2.000,state=MOVING bat=1.00 dist=10.08m
310,88.280,GENERAL,0,0.000,0.000,5.000,0.000,0.000,0.000,0.000,N/A
310,88.280,NODE,0,-5.694,-1.986,3.000,-0.135,0.586,0.000,0.602,zone=0 dist=3.08m
310,88.280,NODE,1,5.694,-1.986,3.000,0.136,0.584,0.000,0.599,zone=1 dist=3.08m
310,88.280,NODE,2,-2.813,2.815,3.000,0.424,-0.423,0.000,0.599,zone=2 dist=3.08m
310,88.280,NODE,3,2.812,2.813,3.000,-0.424,-0.421,0.000,0.597,zone=3 dist=3.08m
310,88.280,SCOUT,0,-4.185,-2.025,3.000,-0.134,0.584,0.000,0.600,cmd_age=0.02s bat=1.00 dist=3.05m
310,88.280,SCOUT,1,-5.685,-0.525,3.000,-0.134,0.584,0.000,0.600,cmd_age=0.02s bat=1.00 dist=3.05m
310,88.280,SCOUT,2,-7.185,-2.025,3.000,-0.134,0.584,0.000,0.600,cmd_age=0.02s bat=1.00 dist=3.05m
310,88.280,SCOUT,3,-5.685,-3.525,3.000,-0.134,0.584,0.000,0.600,cmd_age=0.02s bat=1.00 dist=3.05m
310,88.280,SCOUT,4,7.185,-2.025,3.000,0.133,0.585,0.000,0.600,cmd_age=0.02s bat=1.00 dist=3.05m
310,88.280,SCOUT,5,5.685,-0.525,3.000,0.133,0.585,0.000,0.600,cmd_age=0.02s bat=1.00 dist=3.05m
310,88.280,SCOUT,6,4.185,-2.025,3.000,0.133,0.585,0.000,0.600,cmd_age=0.02s bat=1.00 dist=3.05m
310,88.280,SCOUT,7,5.685,-3.525,3.000,0.133,0.585,0.000,0.600,cmd_age=0.02s bat=1.00 dist=3.05m
310,88.280,SCOUT,8,-1.342,2.844,3.000,0.424,-0.424,0.000,0.599,cmd_age=0.02s bat=1.00 dist=3.05m
310,88.280,SCOUT,9,-2.842,4.344,3.000,0.424,-0.424,0.000,0.599,cmd_age=0.02s bat=1.00 dist=3.05m
310,88.280,SCOUT,10,-4.342,2.844,3.000,0.424,-0.424,0.000,0.599,cmd_age=0.02s bat=1.00 dist=3.05m
310,88.280,SCOUT,11,-2.842,1.344,3.000,0.424,-0.424,0.000,0.599,cmd_age=0.02s bat=1.00 dist=3.05m
310,88.280,SCOUT,12,4.341,2.842,3.000,-0.425,-0.421,0.000,0.598,cmd_age=0.02s bat=1.00 dist=3.05m
310,88.280,SCOUT,13,2.841,4.342,3.000,-0.425,-0.421,0.000,0.598,cmd_age=0.02s bat=1.00 dist=3.05m
310,88.280,SCOUT,14,1.341,2.842,3.000,-0.425,-0.421,0.000,0.598,cmd_age=0.02s bat=1.00 dist=3.05m
310,88.280,SCOUT,15,2.841,1.342,3.000,-0.425,-0.421,0.000,0.598,cmd_age=0.02s bat=1.00 dist=3.05m
310,88.280,WORKER,0,-6.632,4.442,3.000,-0.718,1.867,0.000,2.000,state=MOVING bat=1.00 dist=10.11m
310,88.280,WORKER,1,7.776,5.087,3.000,0.153,1.994,0.000,2.000,state=MOVING bat=1.00 dist=10.11m
310,88.280,WORKER,2,3.535,-2.723,3.000,1.292,-1.527,0.000,2.000,state=MOVING bat=1.00 dist=10.11m
310,88.280,WORKER,3,-0.645,-1.626,3.000,-1.511,-1.310,0.000,2.000,state=MOVING bat=1.00 dist=10.11m
311,88.494,GENERAL,0,0.000,0.000,5.000,0.000,0.000,0.000,0.000,N/A
311,88.494,NODE,0,-5.696,-1.977,3.000,-0.134,0.584,0.000,0.599,zone=0 dist=3.09m
311,88.494,NODE,1,5.696,-1.976,3.000,0.132,0.585,0.000,0.600,zone=1 dist=3.09m
311,88.494,NODE,2,-2.806,2.808,3.000,0.425,-0.426,0.000,0.601,zone=2 dist=3.09m
311,88.494,NODE,3,2.805,2.806,3.000,-0.426,-0.421,0.000,0.599,zone=3 dist=3.09m
311,88.494,SCOUT,0,-4.188,-2.016,3.000,-0.134,0.584,0.000,0.600,cmd_age=0.02s bat=1.00 dist=3.06m
311,88.494,SCOUT,1,-5.688,-0.516,3.000,-0.134,0.584,0.000,0.600,cmd_age=0.02s bat=1.00 dist=3.06m
311,88.494,SCOUT,2,-7.188,-2.016,3.000,-0.134,0.584,0.000,0.600,cmd_age=0.02s bat=1.00 dist=3.06m
311,88.494,SCOUT,3,-5.688,-3.516,3.000,-0.134,0.584,0.000,0.600,cmd_age=0.02s bat=1.00 dist=3.06m
311,88.494,SCOUT,4,7.187,-2.015,3.000,0.133,0.585,0.000,0.600,cmd_age=0.02s bat=1.00 dist=3.06m
311,88.494,SCOUT,5,5.687,-0.515,3.000,0.133,0.585,0.000,0.600,cmd_age=0.02s bat=1.00 dist=3.06m
311,88.494,SCOUT,6,4.187,-2.015,3.000,0.133,0.585,0.000,0.600,cmd_age=0.02s bat=1.00 dist=3.06m
311,88.494,SCOUT,7,5.687,-3.515,3.000,0.133,0.585,0.000,0.600,cmd_age=0.02s bat=1.00 dist=3.06m
311,88.494,SCOUT,8,-1.335,2.837,3.000,0.424,-0.424,0.000,0.600,cmd_age=0.02s bat=1.00 dist=3.06m
311,88.494,SCOUT,9,-2.835,4.337,3.000,0.424,-0.424,0.000,0.600,cmd_age=0.02s bat=1.00 dist=3.06m
311,88.494,SCOUT,10,-4.335,2.837,3.000,0.424,-0.424,0.000,0.600,cmd_age=0.02s bat=1.00 dist=3.06m
311,88.494,SCOUT,11,-2.835,1.337,3.000,0.424,-0.424,0.000,0.600,cmd_age=0.02s bat=1.00 dist=3.06m
311,88.494,SCOUT,12,4.334,2.835,3.000,-0.425,-0.421,0.000,0.598,cmd_age=0.02s bat=1.00 dist=3.06m
311,88.494,SCOUT,13,2.834,4.335,3.000,-0.425,-0.421,0.000,0.598,cmd_age=0.02s bat=1.00 dist=3.06m
311,88.494,SCOUT,14,1.334,2.835,3.000,-0.425,-0.421,0.000,0.598,cmd_age=0.02s bat=1.00 dist=3.06m
311,88.494,SCOUT,15,2.834,1.335,3.000,-0.425,-0.421,0.000,0.598,cmd_age=0.02s bat=1.00 dist=3.06m
311,88.494,WORKER,0,-6.644,4.473,3.000,-0.718,1.867,0.000,2.000,state=MOVING bat=1.00 dist=10.15m
311,88.494,WORKER,1,7.778,5.120,3.000,0.153,1.994,0.000,2.000,state=MOVING bat=1.00 dist=10.15m
311,88.494,WORKER,2,3.556,-2.748,3.000,1.292,-1.527,0.000,2.000,state=MOVING bat=1.00 dist=10.15m
311,88.494,WORKER,3,-0.670,-1.648,3.000,-1.511,-1.310,0.000,2.000,state=MOVING bat=1.00 dist=10.15m
312,88.715,GENERAL,0,0.000,0.000,5.000,0.000,0.000,0.000,0.000,N/A
312,88.715,NODE,0,-5.699,-1.967,3.000,-0.135,0.585,0.000,0.601,zone=0 dist=3.10m
312,88.715,NODE,1,5.698,-1.966,3.000,0.132,0.585,0.000,0.599,zone=1 dist=3.10m
312,88.715,NODE,2,-2.799,2.801,3.000,0.426,-0.424,0.000,0.601,zone=2 dist=3.10m
312,88.715,NODE,3,2.798,2.799,3.000,-0.427,-0.420,0.000,0.599,zone=3 dist=3.10m
312,88.715,SCOUT,0,-4.190,-2.006,3.000,-0.135,0.584,0.000,0.600,cmd_age=0.02s bat=1.00 dist=3.07m
312,88.715,SCOUT,1,-5.690,-0.506,3.000,-0.135,0.584,0.000,0.600,cmd_age=0.02s bat=1.00 dist=3.07m
312,88.715,SCOUT,2,-7.190,-2.006,3.000,-0.135,0.584,0.000,0.600,cmd_age=0.02s bat=1.00 dist=3.07m
312,88.715,SCOUT,3,-5.690,-3.506,3.000,-0.135,0.584,0.000,0.600,cmd_age=0.02s bat=1.00 dist=3.07m
312,88.715,SCOUT,4,7.189,-2.005,3.000,0.133,0.585,0.000,0.600,cmd_age=0.02s bat=1.00 dist=3.07m
312,88.715,SCOUT,5,5.689,-0.505,3.000,0.133,0.585,0.000,0.600,cmd_age=0.02s bat=1.00 dist=3.07m
312,88.715,SCOUT,6,4.189,-2.005,3.000,0.133,0.585,0.000,0.600,cmd_age=0.02s bat=1.00 dist=3.07m
312,88.715,SCOUT,7,5.689,-3.505,3.000,0.133,0.585,0.000,0.600,cmd_age=0.02s bat=1.00 dist=3.07m
312,88.715,SCOUT,8,-1.327,2.830,3.000,0.424,-0.424,0.000,0.600,cmd_age=0.02s bat=1.00 dist=3.07m
312,88.715,SCOUT,9,-2.827,4.330,3.000,0.424,-0.424,0.000,0.600,cmd_age=0.02s bat=1.00 dist=3.07m
312,88.715,SCOUT,10,-4.327,2.830,3.000,0.424,-0.424,0.000,0.600,cmd_age=0.02s bat=1.00 dist=3.07m
312,88.715,SCOUT,11,-2.827,1.330,3.000,0.424,-0.424,0.000,0.600,cmd_age=0.02s bat=1.00 dist=3.07m
312,88.715,SCOUT,12,4.327,2.827,3.000,-0.425,-0.421,0.000,0.598,cmd_age=0.02s bat=1.00 dist=3.07m
312,88.715,SCOUT,13,2.827,4.327,3.000,-0.425,-0.421,0.000,0.598,cmd_age=0.02s bat=1.00 dist=3.07m
312,88.715,SCOUT,14,1.327,2.827,3.000,-0.425,-0.421,0.000,0.598,cmd_age=0.02s bat=1.00 dist=3.07m
312,88.715,SCOUT,15,2.827,1.327,3.000,-0.425,-0.421,0.000,0.598,cmd_age=0.02s bat=1.00 dist=3.07m
312,88.715,WORKER,0,-6.656,4.505,3.000,-0.718,1.867,0.000,2.000,state=MOVING bat=1.00 dist=10.18m
312,88.715,WORKER,1,7.781,5.153,3.000,0.153,1.994,0.000,2.000,state=MOVING bat=1.00 dist=10.18m
312,88.715,WORKER,2,3.578,-2.774,3.000,1.292,-1.527,0.000,2.000,state=MOVING bat=1.00 dist=10.18m
312,88.715,WORKER,3,-0.695,-1.669,3.000,-1.511,-1.310,0.000,2.000,state=MOVING bat=1.00 dist=10.18m
313,88.979,GENERAL,0,0.000,0.000,5.000,0.000,0.000,0.000,0.000,N/A
313,88.979,NODE,0,-5.701,-1.957,3.000,-0.135,0.587,0.000,0.602,zone=0 dist=3.11m
313,88.979,NODE,1,5.701,-1.956,3.000,0.134,0.583,0.000,0.599,zone=1 dist=3.11m
313,88.979,NODE,2,-2.792,2.794,3.000,0.425,-0.427,0.000,0.602,zone=2 dist=3.11m
313,88.979,NODE,3,2.791,2.792,3.000,-0.425,-0.425,0.000,0.601,zone=3 dist=3.11m
313,88.979,SCOUT,0,-4.192,-1.996,3.000,-0.135,0.585,0.000,0.600,cmd_age=0.02s bat=1.00 dist=3.08m
313,88.979,SCOUT,1,-5.692,-0.496,3.000,-0.135,0.585,0.000,0.600,cmd_age=0.02s bat=1.00 dist=3.08m
313,88.979,SCOUT,2,-7.192,-1.996,3.000,-0.135,0.585,0.000,0.600,cmd_age=0.02s bat=1.00 dist=3.08m
313,88.979,SCOUT,3,-5.692,-3.496,3.000,-0.135,0.585,0.000,0.600,cmd_age=0.02s bat=1.00 dist=3.08m
313,88.979,SCOUT,4,7.192,-1.995,3.000,0.133,0.585,0.000,0.600,cmd_age=0.02s bat=1.00 dist=3.08m
313,88.979,SCOUT,5,5.692,-0.495,3.000,0.133,0.585,0.000,0.600,cmd_age=0.02s bat=1.00 dist=3.08m
313,88.979,SCOUT,6,4.192,-1.995,3.000,0.133,0.585,0.000,0.600,cmd_age=0.02s bat=1.00 dist=3.08m
313,88.979,SCOUT,7,5.692,-3.495,3.000,0.133,0.585,0.000,0.600,cmd_age=0.02s bat=1.00 dist=3.08m
313,88.979,SCOUT,8,-1.320,2.823,3.000,0.425,-0.425,0.000,0.600,cmd_age=0.02s bat=1.00 dist=3.08m
313,88.979,SCOUT,9,-2.820,4.323,3.000,0.425,-0.425,0.000,0.600,cmd_age=0.02s bat=1.00 dist=3.08m
313,88.979,SCOUT,10,-4.320,2.823,3.000,0.425,-0.425,0.000,0.600,cmd_age=0.02s bat=1.00 dist=3.08m
313,88.979,SCOUT,11,-2.820,1.323,3.000,0.425,-0.425,0.000,0.600,cmd_age=0.02s bat=1.00 dist=3.08m
313,88.979,SCOUT,12,4.320,2.820,3.000,-0.425,-0.422,0.000,0.599,cmd_age=0.02s bat=1.00 dist=3.08m
313,88.979,SCOUT,13,2.820,4.320,3.000,-0.425,-0.422,0.000,0.599,cmd_age=0.02s bat=1.00 dist=3.08m
313,88.979,SCOUT,14,1.320,2.820,3.000,-0.425,-0.422,0.000,0.599,cmd_age=0.02s bat=1.00 dist=3.08m
313,88.979,SCOUT,15,2.820,1.320,3.000,-0.425,-0.422,0.000,0.599,cmd_age=0.02s bat=1.00 dist=3.08m
313,88.979,WORKER,0,-6.668,4.536,3.000,-0.718,1.867,0.000,2.000,state=MOVING bat=1.00 dist=10.21m
313,88.979,WORKER,1,7.784,5.187,3.000,0.153,1.994,0.000,2.000,state=MOVING bat=1.00 dist=10.21m
313,88.979,WORKER,2,3.599,-2.799,3.000,1.292,-1.527,0.000,2.000,state=MOVING bat=1.00 dist=10.21m
313,88.979,WORKER,3,-0.721,-1.691,3.000,-1.511,-1.310,0.000,2.000,state=MOVING bat=1.00 dist=10.21m
314,89.272,GENERAL,0,0.000,0.000,5.000,0.000,0.000,0.000,0.000,N/A
314,89.272,NODE,0,-5.703,-1.947,3.000,-0.135,0.586,0.000,0.602,zone=0 dist=3.12m
314,89.272,NODE,1,5.703,-1.947,3.000,0.135,0.585,0.000,0.600,zone=1 dist=3.12m
314,89.272,NODE,2,-2.785,2.787,3.000,0.425,-0.425,0.000,0.601,zone=2 dist=3.12m
314,89.272,NODE,3,2.784,2.785,3.000,-0.424,-0.424,0.000,0.600,zone=3 dist=3.12m
314,89.272,SCOUT,0,-4.194,-1.986,3.000,-0.135,0.585,0.000,0.600,cmd_age=0.02s bat=1.00 dist=3.09m
314,89.272,SCOUT,1,-5.694,-0.486,3.000,-0.135,0.585,0.000,0.600,cmd_age=0.02s bat=1.00 dist=3.09m
314,89.272,SCOUT,2,-7.194,-1.986,3.000,-0.135,0.585,0.000,0.600,cmd_age=0.02s bat=1.00 dist=3.09m
314,89.272,SCOUT,3,-5.694,-3.486,3.000,-0.135,0.585,0.000,0.600,cmd_age=0.02s bat=1.00 dist=3.09m
314,89.272,SCOUT,4,7.194,-1.986,3.000,0.134,0.585,0.000,0.600,cmd_age=0.02s bat=1.00 dist=3.09m
314,89.272,SCOUT,5,5.694,-0.486,3.000,0.134,0.585,0.000,0.600,cmd_age=0.02s bat=1.00 dist=3.09m
314,89.272,SCOUT,6,4.194,-1.986,3.000,0.134,0.585,0.000,0.600,cmd_age=0.02s bat=1.00 dist=3.09m
314,89.272,SCOUT,7,5.694,-3.486,3.000,0.134,0.585,0.000,0.600,cmd_age=0.02s bat=1.00 dist=3.09m
314,89.272,SCOUT,8,-1.313,2.815,3.000,0.425,-0.425,0.000,0.600,cmd_age=0.02s bat=1.00 dist=3.09m
314,89.272,SCOUT,9,-2.813,4.315,3.000,0.425,-0.425,0.000,0.600,cmd_age=0.02s bat=1.00 dist=3.09m
314,89.272,SCOUT,10,-4.313,2.815,3.000,0.425,-0.425,0.000,0.600,cmd_age=0.02s bat=1.00 dist=3.09m
314,89.272,SCOUT,11,-2.813,1.315,3.000,0.425,-0.425,0.000,0.600,cmd_age=0.02s bat=1.00 dist=3.09m
314,89.272,SCOUT,12,4.312,2.813,3.000,-0.425,-0.422,0.000,0.599,cmd_age=0.02s bat=1.00 dist=3.09m
314,89.272,SCOUT,13,2.812,4.313,3.000,-0.425,-0.422,0.000,0.599,cmd_age=0.02s bat=1.00 dist=3.09m
314,89.272,SCOUT,14,1.312,2.813,3.000,-0.425,-0.422,0.000,0.599,cmd_age=0.02s bat=1.00 dist=3.09m
314,89.272,SCOUT,15,2.812,1.313,3.000,-0.425,-0.422,0.000,0.599,cmd_age=0.02s bat=1.00 dist=3.09m
314,89.272,WORKER,0,-6.680,4.567,3.000,-0.718,1.867,0.000,2.000,state=MOVING bat=1.00 dist=10.25m
314,89.272,WORKER,1,7.786,5.220,3.000,0.153,1.994,0.000,2.000,state=MOVING bat=1.00 dist=10.25m
314,89.272,WORKER,2,3.621,-2.825,3.000,1.292,-1.527,0.000,2.000,state=MOVING bat=1.00 dist=10.25m
314,89.272,WORKER,3,-0.746,-1.713,3.000,-1.511,-1.310,0.000,2.000,state=MOVING bat=1.00 dist=10.25m
315,89.491,GENERAL,0,0.000,0.000,5.000,0.000,0.000,0.000,0.000,N/A
315,89.491,NODE,0,-5.706,-1.937,3.000,-0.135,0.587,0.000,0.602,zone=0 dist=3.13m
315,89.491,NODE,1,5.705,-1.937,3.000,0.135,0.580,0.000,0.596,zone=1 dist=3.13m
315,89.491,NODE,2,-2.778,2.780,3.000,0.423,-0.426,0.000,0.600,zone=2 dist=3.13m
315,89.491,NODE,3,2.777,2.778,3.000,-0.425,-0.427,0.000,0.602,zone=3 dist=3.13m
315,89.491,SCOUT,0,-4.197,-1.977,3.000,-0.135,0.586,0.000,0.601,cmd_age=0.02s bat=1.00 dist=3.10m
315,89.491,SCOUT,1,-5.697,-0.477,3.000,-0.135,0.586,0.000,0.601,cmd_age=0.02s bat=1.00 dist=3.10m
315,89.491,SCOUT,2,-7.197,-1.977,3.000,-0.135,0.586,0.000,0.601,cmd_age=0.02s bat=1.00 dist=3.10m
315,89.491,SCOUT,3,-5.697,-3.477,3.000,-0.135,0.586,0.000,0.601,cmd_age=0.02s bat=1.00 dist=3.10m
315,89.491,SCOUT,4,7.196,-1.976,3.000,0.134,0.584,0.000,0.599,cmd_age=0.02s bat=1.00 dist=3.10m
315,89.491,SCOUT,5,5.696,-0.476,3.000,0.134,0.584,0.000,0.599,cmd_age=0.02s bat=1.00 dist=3.10m
315,89.491,SCOUT,6,4.196,-1.976,3.000,0.134,0.584,0.000,0.599,cmd_age=0.02s bat=1.00 dist=3.10m
315,89.491,SCOUT,7,5.696,-3.476,3.000,0.134,0.584,0.000,0.599,cmd_age=0.02s bat=1.00 dist=3.10m
315,89.491,SCOUT,8,-1.306,2.808,3.000,0.424,-0.425,0.000,0.600,cmd_age=0.02s bat=1.00 dist=3.10m
315,89.491,SCOUT,9,-2.806,4.308,3.000,0.424,-0.425,0.000,0.600,cmd_age=0.02s bat=1.00 dist=3.10m
315,89.491,SCOUT,10,-4.306,2.808,3.000,0.424,-0.425,0.000,0.600,cmd_age=0.02s bat=1.00 dist=3.10m
315,89.491,SCOUT,11,-2.806,1.308,3.000,0.424,-0.425,0.000,0.600,cmd_age=0.02s bat=1.00 dist=3.10m
315,89.491,SCOUT,12,4.305,2.806,3.000,-0.425,-0.423,0.000,0.600,cmd_age=0.02s bat=1.00 dist=3.10m
315,89.491,SCOUT,13,2.805,4.306,3.000,-0.425,-0.423,0.000,0.600,cmd_age=0.02s bat=1.00 dist=3.10m
315,89.491,SCOUT,14,1.305,2.806,3.000,-0.425,-0.423,0.000,0.600,cmd_age=0.02s bat=1.00 dist=3.10m
315,89.491,SCOUT,15,2.805,1.306,3.000,-0.425,-0.423,0.000,0.600,cmd_age=0.02s bat=1.00 dist=3.10m
315,89.491,WORKER,0,-6.692,4.598,3.000,-0.718,1.867,0.000,2.000,state=MOVING bat=1.00 dist=10.28m
315,89.491,WORKER,1,7.789,5.253,3.000,0.153,1.994,0.000,2.000,state=MOVING bat=1.00 dist=10.28m
315,89.491,WORKER,2,3.642,-2.850,3.000,1.292,-1.527,0.000,2.000,state=MOVING bat=1.00 dist=10.28m
315,89.491,WORKER,3,-0.771,-1.735,3.000,-1.511,-1.310,0.000,2.000,state=MOVING bat=1.00 dist=10.28m
316,89.707,GENERAL,0,0.000,0.000,5.000,0.000,0.000,0.000,0.000,N/A
316,89.707,NODE,0,-5.708,-1.928,3.000,-0.134,0.590,0.000,0.605,zone=0 dist=3.14m
316,89.707,NODE,1,5.707,-1.927,3.000,0.131,0.582,0.000,0.596,zone=1 dist=3.14m
316,89.707,NODE,2,-2.771,2.773,3.000,0.425,-0.425,0.000,0.601,zone=2 dist=3.14m
316,89.707,NODE,3,2.770,2.771,3.000,-0.427,-0.425,0.000,0.603,zone=3 dist=3.14m
316,89.707,SCOUT,0,-4.199,-1.967,3.000,-0.135,0.586,0.000,0.602,cmd_age=0.02s bat=1.00 dist=3.11m
316,89.707,SCOUT,1,-5.699,-0.467,3.000,-0.135,0.586,0.000,0.602,cmd_age=0.02s bat=1.00 dist=3.11m
316,89.707,SCOUT,2,-7.199,-1.967,3.000,-0.135,0.586,0.000,0.602,cmd_age=0.02s bat=1.00 dist=3.11m
316,89.707,SCOUT,3,-5.699,-3.467,3.000,-0.135,0.586,0.000,0.602,cmd_age=0.02s bat=1.00 dist=3.11m
316,89.707,SCOUT,4,7.198,-1.966,3.000,0.133,0.583,0.000,0.598,cmd_age=0.02s bat=1.00 dist=3.11m
316,89.707,SCOUT,5,5.698,-0.466,3.000,0.133,0.583,0.000,0.598,cmd_age=0.02s bat=1.00 dist=3.11m
316,89.707,SCOUT,6,4.198,-1.966,3.000,0.133,0.583,0.000,0.598,cmd_age=0.02s bat=1.00 dist=3.11m
316,89.707,SCOUT,7,5.698,-3.466,3.000,0.133,0.583,0.000,0.598,cmd_age=0.02s bat=1.00 dist=3.11m
316,89.707,SCOUT,8,-1.299,2.801,3.000,0.424,-0.425,0.000,0.600,cmd_age=0.02s bat=1.00 dist=3.11m
316,89.707,SCOUT,9,-2.799,4.301,3.000,0.424,-0.425,0.000,0.600,cmd_age=0.02s bat=1.00 dist=3.11m
316,89.707,SCOUT,10,-4.299,2.801,3.000,0.424,-0.425,0.000,0.600,cmd_age=0.02s bat=1.00 dist=3.11m
316,89.707,SCOUT,11,-2.799,1.301,3.000,0.424,-0.425,0.000,0.600,cmd_age=0.02s bat=1.00 dist=3.11m
316,89.707,SCOUT,12,4.298,2.799,3.000,-0.425,-0.423,0.000,0.600,cmd_age=0.02s bat=1.00 dist=3.11m
316,89.707,SCOUT,13,2.798,4.299,3.000,-0.425,-0.423,0.000,0.600,cmd_age=0.02s bat=1.00 dist=3.11m
316,89.707,SCOUT,14,1.298,2.799,3.000,-0.425,-0.423,0.000,0.600,cmd_age=0.02s bat=1.00 dist=3.11m
316,89.707,SCOUT,15,2.798,1.299,3.000,-0.425,-0.423,0.000,0.600,cmd_age=0.02s bat=1.00 dist=3.11m
316,89.707,WORKER,0,-6.703,4.629,3.000,-0.718,1.867,0.000,2.000,state=MOVING bat=1.00 dist=10.31m
316,89.707,WORKER,1,7.791,5.286,3.000,0.153,1.994,0.000,2.000,state=MOVING bat=1.00 dist=10.31m
316,89.707,WORKER,2,3.664,-2.876,3.000,1.292,-1.527,0.000,2.000,state=MOVING bat=1.00 dist=10.31m
316,89.707,WORKER,3,-0.796,-1.757,3.000,-1.511,-1.310,0.000,2.000,state=MOVING bat=1.00 dist=10.31m
317,89.942,GENERAL,0,0.000,0.000,5.000,0.000,0.000,0.000,0.000,N/A
317,89.942,NODE,0,-5.710,-1.918,3.000,-0.133,0.585,0.000,0.600,zone=0 dist=3.15m
317,89.942,NODE,1,5.709,-1.918,3.000,0.133,0.584,0.000,0.599,zone=1 dist=3.15m
317,89.942,NODE,2,-2.764,2.766,3.000,0.426,-0.425,0.000,0.602,zone=2 dist=3.15m
317,89.942,NODE,3,2.763,2.764,3.000,-0.427,-0.425,0.000,0.602,zone=3 dist=3.15m
317,89.942,SCOUT,0,-4.201,-1.957,3.000,-0.134,0.586,0.000,0.601,cmd_age=0.02s bat=1.00 dist=3.12m
317,89.942,SCOUT,1,-5.701,-0.457,3.000,-0.134,0.586,0.000,0.601,cmd_age=0.02s bat=1.00 dist=3.12m
317,89.942,SCOUT,2,-7.201,-1.957,3.000,-0.134,0.586,0.000,0.601,cmd_age=0.02s bat=1.00 dist=3.12m
317,89.942,SCOUT,3,-5.701,-3.457,3.000,-0.134,0.586,0.000,0.601,cmd_age=0.02s bat=1.00 dist=3.12m
317,89.942,SCOUT,4,7.201,-1.956,3.000,0.133,0.584,0.000,0.599,cmd_age=0.02s bat=1.00 dist=3.12m
317,89.942,SCOUT,5,5.701,-0.456,3.000,0.133,0.584,0.000,0.599,cmd_age=0.02s bat=1.00 dist=3.12m
317,89.942,SCOUT,6,4.201,-1.956,3.000,0.133,0.584,0.000,0.599,cmd_age=0.02s bat=1.00 dist=3.12m
317,89.942,SCOUT,7,5.701,-3.456,3.000,0.133,0.584,0.000,0.599,cmd_age=0.02s bat=1.00 dist=3.12m
317,89.942,SCOUT,8,-1.292,2.794,3.000,0.425,-0.425,0.000,0.601,cmd_age=0.02s bat=1.00 dist=3.12m
317,89.942,SCOUT,9,-2.792,4.294,3.000,0.425,-0.425,0.000,0.601,cmd_age=0.02s bat=1.00 dist=3.12m
317,89.942,SCOUT,10,-4.292,2.794,3.000,0.425,-0.425,0.000,0.601,cmd_age=0.02s bat=1.00 dist=3.12m
317,89.942,SCOUT,11,-2.792,1.294,3.000,0.425,-0.425,0.000,0.601,cmd_age=0.02s bat=1.00 dist=3.12m
317,89.942,SCOUT,12,4.291,2.792,3.000,-0.426,-0.424,0.000,0.601,cmd_age=0.02s bat=1.00 dist=3.12m
317,89.942,SCOUT,13,2.791,4.292,3.000,-0.426,-0.424,0.000,0.601,cmd_age=0.02s bat=1.00 dist=3.12m
317,89.942,SCOUT,14,1.291,2.792,3.000,-0.426,-0.424,0.000,0.601,cmd_age=0.02s bat=1.00 dist=3.12m
317,89.942,SCOUT,15,2.791,1.292,3.000,-0.426,-0.424,0.000,0.601,cmd_age=0.02s bat=1.00 dist=3.12m
317,89.942,WORKER,0,-6.715,4.660,3.000,-0.718,1.867,0.000,2.000,state=MOVING bat=1.00 dist=10.35m
317,89.942,WORKER,1,7.794,5.320,3.000,0.153,1.994,0.000,2.000,state=MOVING bat=1.00 dist=10.35m
317,89.942,WORKER,2,3.686,-2.901,3.000,1.292,-1.527,0.000,2.000,state=MOVING bat=1.00 dist=10.35m
317,89.942,WORKER,3,-0.821,-1.779,3.000,-1.511,-1.310,0.000,2.000,state=MOVING bat=1.00 dist=10.35m
318,90.157,GENERAL,0,0.000,0.000,5.000,0.000,0.000,0.000,0.000,N/A
318,90.157,NODE,0,-5.712,-1.908,3.000,-0.132,0.584,0.000,0.599,zone=0 dist=3.16m
318,90.157,NODE,1,5.712,-1.908,3.000,0.132,0.580,0.000,0.595,zone=1 dist=3.16m
318,90.157,NODE,2,-2.757,2.759,3.000,0.428,-0.425,0.000,0.603,zone=2 dist=3.16m
318,90.157,NODE,3,2.756,2.757,3.000,-0.425,-0.423,0.000,0.600,zone=3 dist=3.16m
318,90.157,SCOUT,0,-4.203,-1.947,3.000,-0.134,0.586,0.000,0.601,cmd_age=0.02s bat=1.00 dist=3.13m
318,90.157,SCOUT,1,-5.703,-0.447,3.000,-0.134,0.586,0.000,0.601,cmd_age=0.02s bat=1.00 dist=3.13m
318,90.157,SCOUT,2,-7.203,-1.947,3.000,-0.134,0.586,0.000,0.601,cmd_age=0.02s bat=1.00 dist=3.13m
318,90.157,SCOUT,3,-5.703,-3.447,3.000,-0.134,0.586,0.000,0.601,cmd_age=0.02s bat=1.00 dist=3.13m
318,90.157,SCOUT,4,7.203,-1.947,3.000,0.133,0.583,0.000,0.598,cmd_age=0.02s bat=1.00 dist=3.13m
318,90.157,SCOUT,5,5.703,-0.447,3.000,0.133,0.583,0.000,0.598,cmd_age=0.02s bat=1.00 dist=3.13m
318,90.157,SCOUT,6,4.203,-1.947,3.000,0.133,0.583,0.000,0.598,cmd_age=0.02s bat=1.00 dist=3.13m
318,90.157,SCOUT,7,5.703,-3.447,3.000,0.133,0.583,0.000,0.598,cmd_age=0.02s bat=1.00 dist=3.13m
318,90.157,SCOUT,8,-1.285,2.787,3.000,0.425,-0.425,0.000,0.601,cmd_age=0.02s bat=1.00 dist=3.13m
318,90.157,SCOUT,9,-2.785,4.287,3.000,0.425,-0.425,0.000,0.601,cmd_age=0.02s bat=1.00 dist=3.13m
318,90.157,SCOUT,10,-4.285,2.787,3.000,0.425,-0.425,0.000,0.601,cmd_age=0.02s bat=1.00 dist=3.13m
318,90.157,SCOUT,11,-2.785,1.287,3.000,0.425,-0.425,0.000,0.601,cmd_age=0.02s bat=1.00 dist=3.13m
318,90.157,SCOUT,12,4.284,2.785,3.000,-0.426,-0.424,0.000,0.600,cmd_age=0.02s bat=1.00 dist=3.13m
318,90.157,SCOUT,13,2.784,4.285,3.000,-0.426,-0.424,0.000,0.600,cmd_age=0.02s bat=1.00 dist=3.13m
318,90.157,SCOUT,14,1.284,2.785,3.000,-0.426,-0.424,0.000,0.600,cmd_age=0.02s bat=1.00 dist=3.13m
318,90.157,SCOUT,15,2.784,1.285,3.000,-0.426,-0.424,0.000,0.600,cmd_age=0.02s bat=1.00 dist=3.13m
318,90.157,WORKER,0,-6.727,4.691,3.000,-0.718,1.867,0.000,2.000,state=MOVING bat=1.00 dist=10.38m
318,90.157,WORKER,1,7.796,5.353,3.000,0.153,1.994,0.000,2.000,state=MOVING bat=1.00 dist=10.38m
318,90.157,WORKER,2,3.707,-2.926,3.000,1.292,-1.527,0.000,2.000,state=MOVING bat=1.00 dist=10.38m
318,90.157,WORKER,3,-0.847,-1.800,3.000,-1.511,-1.310,0.000,2.000,state=MOVING bat=1.00 dist=10.38m
319,90.374,GENERAL,0,0.000,0.000,5.000,0.000,0.000,0.000,0.000,N/A
319,90.374,NODE,0,-5.714,-1.898,3.000,-0.133,0.585,0.000,0.600,zone=0 dist=3.17m
319,90.374,NODE,1,5.714,-1.898,3.000,0.132,0.582,0.000,0.597,zone=1 dist=3.17m
319,90.374,NODE,2,-2.750,2.752,3.000,0.425,-0.428,0.000,0.603,zone=2 dist=3.17m
319,90.374,NODE,3,2.749,2.750,3.000,-0.424,-0.424,0.000,0.600,zone=3 dist=3.17m
319,90.374,SCOUT,0,-4.205,-1.937,3.000,-0.134,0.586,0.000,0.601,cmd_age=0.02s bat=1.00 dist=3.14m
319,90.374,SCOUT,1,-5.705,-0.437,3.000,-0.134,0.586,0.000,0.601,cmd_age=0.02s bat=1.00 dist=3.14m
319,90.374,SCOUT,2,-7.205,-1.937,3.000,-0.134,0.586,0.000,0.601,cmd_age=0.02s bat=1.00 dist=3.14m
319,90.374,SCOUT,3,-5.705,-3.437,3.000,-0.134,0.586,0.000,0.601,cmd_age=0.02s bat=1.00 dist=3.14m
319,90.374,SCOUT,4,7.205,-1.937,3.000,0.133,0.583,0.000,0.598,cmd_age=0.02s bat=1.00 dist=3.14m
319,90.374,SCOUT,5,5.705,-0.437,3.000,0.133,0.583,0.000,0.598,cmd_age=0.02s bat=1.00 dist=3.14m
319,90.374,SCOUT,6,4.205,-1.937,3.000,0.133,0.583,0.000,0.598,cmd_age=0.02s bat=1.00 dist=3.14m
319,90.374,SCOUT,7,5.705,-3.437,3.000,0.133,0.583,0.000,0.598,cmd_age=0.02s bat=1.00 dist=3.14m
319,90.374,SCOUT,8,-1.278,2.780,3.000,0.425,-0.425,0.000,0.602,cmd_age=0.02s bat=1.00 dist=3.14m
319,90.374,SCOUT,9,-2.778,4.280,3.000,0.425,-0.425,0.000,0.602,cmd_age=0.02s bat=1.00 dist=3.14m
319,90.374,SCOUT,10,-4.278,2.780,3.000,0.425,-0.425,0.000,0.602,cmd_age=0.02s bat=1.00 dist=3.14m
319,90.374,SCOUT,11,-2.778,1.280,3.000,0.425,-0.425,0.000,0.602,cmd_age=0.02s bat=1.00 dist=3.14m
319,90.374,SCOUT,12,4.277,2.778,3.000,-0.425,-0.424,0.000,0.600,cmd_age=0.02s bat=1.00 dist=3.14m
319,90.374,SCOUT,13,2.777,4.278,3.000,-0.425,-0.424,0.000,0.600,cmd_age=0.02s bat=1.00 dist=3.14m
319,90.374,SCOUT,14,1.277,2.778,3.000,-0.425,-0.424,0.000,0.600,cmd_age=0.02s bat=1.00 dist=3.14m
319,90.374,SCOUT,15,2.777,1.278,3.000,-0.425,-0.424,0.000,0.600,cmd_age=0.02s bat=1.00 dist=3.14m
319,90.374,WORKER,0,-6.739,4.722,3.000,-0.718,1.867,0.000,2.000,state=MOVING bat=1.00 dist=10.41m
319,90.374,WORKER,1,7.799,5.386,3.000,0.153,1.994,0.000,2.000,state=MOVING bat=1.00 dist=10.41m
319,90.374,WORKER,2,3.729,-2.952,3.000,1.292,-1.527,0.000,2.000,state=MOVING bat=1.00 dist=10.41m
319,90.374,WORKER,3,-0.872,-1.822,3.000,-1.511,-1.310,0.000,2.000,state=MOVING bat=1.00 dist=10.41m
320,90.587,GENERAL,0,0.000,0.000,5.000,0.000,0.000,0.000,0.000,N/A
320,90.587,NODE,0,-5.717,-1.889,3.000,-0.134,0.584,0.000,0.599,zone=0 dist=3.18m
320,90.587,NODE,1,5.716,-1.888,3.000,0.134,0.583,0.000,0.599,zone=1 dist=3.18m
320,90.587,NODE,2,-2.742,2.745,3.000,0.424,-0.427,0.000,0.602,zone=2 dist=3.18m
320,90.587,NODE,3,2.742,2.743,3.000,-0.422,-0.427,0.000,0.600,zone=3 dist=3.18m
320,90.587,SCOUT,0,-4.208,-1.928,3.000,-0.134,0.585,0.000,0.600,cmd_age=0.02s bat=1.00 dist=3.15m
320,90.587,SCOUT,1,-5.708,-0.428,3.000,-0.134,0.585,0.000,0.600,cmd_age=0.02s bat=1.00 dist=3.15m
320,90.587,SCOUT,2,-7.208,-1.928,3.000,-0.134,0.585,0.000,0.600,cmd_age=0.02s bat=1.00 dist=3.15m
320,90.587,SCOUT,3,-5.708,-3.428,3.000,-0.134,0.585,0.000,0.600,cmd_age=0.02s bat=1.00 dist=3.15m
320,90.587,SCOUT,4,7.207,-1.927,3.000,0.133,0.583,0.000,0.598,cmd_age=0.02s bat=1.00 dist=3.15m
320,90.587,SCOUT,5,5.707,-0.427,3.000,0.133,0.583,0.000,0.598,cmd_age=0.02s bat=1.00 dist=3.15m
320,90.587,SCOUT,6,4.207,-1.927,3.000,0.133,0.583,0.000,0.598,cmd_age=0.02s bat=1.00 dist=3.15m
320,90.587,SCOUT,7,5.707,-3.427,3.000,0.133,0.583,0.000,0.598,cmd_age=0.02s bat=1.00 dist=3.15m
320,90.587,SCOUT,8,-1.271,2.773,3.000,0.425,-0.426,0.000,0.602,cmd_age=0.02s bat=1.00 dist=3.15m
320,90.587,SCOUT,9,-2.771,4.273,3.000,0.425,-0.426,0.000,0.602,cmd_age=0.02s bat=1.00 dist=3.15m
320,90.587,SCOUT,10,-4.271,2.773,3.000,0.425,-0.426,0.000,0.602,cmd_age=0.02s bat=1.00 dist=3.15m
320,90.587,SCOUT,11,-2.771,1.273,3.000,0.425,-0.426,0.000,0.602,cmd_age=0.02s bat=1.00 dist=3.15m
320,90.587,SCOUT,12,4.270,2.771,3.000,-0.425,-0.424,0.000,0.600,cmd_age=0.02s bat=1.00 dist=3.15m
320,90.587,SCOUT,13,2.770,4.271,3.000,-0.425,-0.424,0.000,0.600,cmd_age=0.02s bat=1.00 dist=3.15m
320,90.587,SCOUT,14,1.270,2.771,3.000,-0.425,-0.424,0.000,0.600,cmd_age=0.02s bat=1.00 dist=3.15m
320,90.587,SCOUT,15,2.770,1.271,3.000,-0.425,-0.424,0.000,0.600,cmd_age=0.02s bat=1.00 dist=3.15m
320,90.587,WORKER,0,-6.751,4.753,3.000,-0.718,1.867,0.000,2.000,state=MOVING bat=1.00 dist=10.45m
320,90.587,WORKER,1,7.801,5.419,3.000,0.153,1.994,0.000,2.000,state=MOVING bat=1.00 dist=10.45m
320,90.587,WORKER,2,3.750,-2.977,3.000,1.292,-1.527,0.000,2.000,state=MOVING bat=1.00 dist=10.45m
320,90.587,WORKER,3,-0.897,-1.844,3.000,-1.511,-1.310,0.000,2.000,state=MOVING bat=1.00 dist=10.45m
321,90.802,GENERAL,0,0.000,0.000,5.000,0.000,0.000,0.000,0.000,N/A
321,90.802,NODE,0,-5.719,-1.879,3.000,-0.133,0.583,0.000,0.598,zone=0 dist=3.19m
321,90.802,NODE,1,5.718,-1.879,3.000,0.132,0.583,0.000,0.598,zone=1 dist=3.19m
321,90.802,NODE,2,-2.735,2.737,3.000,0.424,-0.423,0.000,0.599,zone=2 dist=3.19m
321,90.802,NODE,3,2.735,2.736,3.000,-0.424,-0.426,0.000,0.601,zone=3 dist=3.19m
321,90.802,SCOUT,0,-4.210,-1.918,3.000,-0.134,0.585,0.000,0.600,cmd_age=0.02s bat=1.00 dist=3.16m
321,90.802,SCOUT,1,-5.710,-0.418,3.000,-0.134,0.585,0.000,0.600,cmd_age=0.02s bat=1.00 dist=3.16m
321,90.802,SCOUT,2,-7.210,-1.918,3.000,-0.134,0.585,0.000,0.600,cmd_age=0.02s bat=1.00 dist=3.16m
321,90.802,SCOUT,3,-5.710,-3.418,3.000,-0.134,0.585,0.000,0.600,cmd_age=0.02s bat=1.00 dist=3.16m
321,90.802,SCOUT,4,7.209,-1.918,3.000,0.133,0.583,0.000,0.598,cmd_age=0.02s bat=1.00 dist=3.16m
321,90.802,SCOUT,5,5.709,-0.418,3.000,0.133,0.583,0.000,0.598,cmd_age=0.02s bat=1.00 dist=3.16m
321,90.802,SCOUT,6,4.209,-1.918,3.000,0.133,0.583,0.000,0.598,cmd_age=0.02s bat=1.00 dist=3.16m
321,90.802,SCOUT,7,5.709,-3.418,3.000,0.133,0.583,0.000,0.598,cmd_age=0.02s bat=1.00 dist=3.16m
321,90.802,SCOUT,8,-1.264,2.766,3.000,0.425,-0.425,0.000,0.601,cmd_age=0.02s bat=1.00 dist=3.16m
321,90.802,SCOUT,9,-2.764,4.266,3.000,0.425,-0.425,0.000,0.601,cmd_age=0.02s bat=1.00 dist=3.16m
321,90.802,SCOUT,10,-4.264,2.766,3.000,0.425,-0.425,0.000,0.601,cmd_age=0.02s bat=1.00 dist=3.16m
321,90.802,SCOUT,11,-2.764,1.266,3.000,0.425,-0.425,0.000,0.601,cmd_age=0.02s bat=1.00 dist=3.16m
321,90.802,SCOUT,12,4.263,2.764,3.000,-0.425,-0.425,0.000,0.600,cmd_age=0.02s bat=1.00 dist=3.16m
321,90.802,SCOUT,13,2.763,4.264,3.000,-0.425,-0.425,0.000,0.600,cmd_age=0.02s bat=1.00 dist=3.16m
321,90.802,SCOUT,14,1.263,2.764,3.000,-0.425,-0.425,0.000,0.600,cmd_age=0.02s bat=1.00 dist=3.16m
321,90.802,SCOUT,15,2.763,1.264,3.000,-0.425,-0.425,0.000,0.600,cmd_age=0.02s bat=1.00 dist=3.16m
321,90.802,WORKER,0,-6.763,4.785,3.000,-0.718,1.867,0.000,2.000,state=MOVING bat=1.00 dist=10.48m
321,90.802,WORKER,1,7.804,5.452,3.000,0.153,1.994,0.000,2.000,state=MOVING bat=1.00 dist=10.48m
321,90.802,WORKER,2,3.772,-3.003,3.000,1.292,-1.527,0.000,2.000,state=MOVING bat=1.00 dist=10.48m
321,90.802,WORKER,3,-0.922,-1.866,3.000,-1.511,-1.310,0.000,2.000,state=MOVING bat=1.00 dist=10.48m
322,91.018,GENERAL,0,0.000,0.000,5.000,0.000,0.000,0.000,0.000,N/A
322,91.018,NODE,0,-5.721,-1.869,3.000,-0.132,0.583,0.000,0.598,zone=0 dist=3.20m
322,91.018,NODE,1,5.721,-1.869,3.000,0.133,0.582,0.000,0.597,zone=1 dist=3.20m
322,91.018,NODE,2,-2.728,2.730,3.000,0.423,-0.424,0.000,0.599,zone=2 dist=3.20m
322,91.018,NODE,3,2.727,2.729,3.000,-0.423,-0.427,0.000,0.602,zone=3 dist=3.20m
322,91.018,SCOUT,0,-4.212,-1.908,3.000,-0.133,0.584,0.000,0.599,cmd_age=0.02s bat=1.00 dist=3.17m
322,91.018,SCOUT,1,-5.712,-0.408,3.000,-0.133,0.584,0.000,0.599,cmd_age=0.02s bat=1.00 dist=3.17m
322,91.018,SCOUT,2,-7.212,-1.908,3.000,-0.133,0.584,0.000,0.599,cmd_age=0.02s bat=1.00 dist=3.17m
322,91.018,SCOUT,3,-5.712,-3.408,3.000,-0.133,0.584,0.000,0.599,cmd_age=0.02s bat=1.00 dist=3.17m
322,91.018,SCOUT,4,7.212,-1.908,3.000,0.133,0.583,0.000,0.598,cmd_age=0.02s bat=1.00 dist=3.17m
322,91.018,SCOUT,5,5.712,-0.408,3.000,0.133,0.583,0.000,0.598,cmd_age=0.02s bat=1.00 dist=3.17m
322,91.018,SCOUT,6,4.212,-1.908,3.000,0.133,0.583,0.000,0.598,cmd_age=0.02s bat=1.00 dist=3.17m
322,91.018,SCOUT,7,5.712,-3.408,3.000,0.133,0.583,0.000,0.598,cmd_age=0.02s bat=1.00 dist=3.17m
322,91.018,SCOUT,8,-1.257,2.759,3.000,0.424,-0.425,0.000,0.601,cmd_age=0.02s bat=1.00 dist=3.17m
322,91.018,SCOUT,9,-2.757,4.259,3.000,0.424,-0.425,0.000,0.601,cmd_age=0.02s bat=1.00 dist=3.17m
322,91.018,SCOUT,10,-4.257,2.759,3.000,0.424,-0.425,0.000,0.601,cmd_age=0.02s bat=1.00 dist=3.17m
322,91.018,SCOUT,11,-2.757,1.259,3.000,0.424,-0.425,0.000,0.601,cmd_age=0.02s bat=1.00 dist=3.17m
322,91.018,SCOUT,12,4.256,2.757,3.000,-0.424,-0.425,0.000,0.601,cmd_age=0.02s bat=1.00 dist=3.17m
322,91.018,SCOUT,13,2.756,4.257,3.000,-0.424,-0.425,0.000,0.601,cmd_age=0.02s bat=1.00 dist=3.17m
322,91.018,SCOUT,14,1.256,2.757,3.000,-0.424,-0.425,0.000,0.601,cmd_age=0.02s bat=1.00 dist=3.17m
322,91.018,SCOUT,15,2.756,1.257,3.000,-0.424,-0.425,0.000,0.601,cmd_age=0.02s bat=1.00 dist=3.17m
322,91.018,WORKER,0,-6.775,4.816,3.000,-0.718,1.867,0.000,2.000,state=MOVING bat=1.00 dist=10.51m
322,91.018,WORKER,1,7.807,5.486,3.000,0.153,1.994,0.000,2.000,state=MOVING bat=1.00 dist=10.51m
322,91.018,WORKER,2,3.793,-3.028,3.000,1.292,-1.527,0.000,2.000,state=MOVING bat=1.00 dist=10.51m
322,91.018,WORKER,3,-0.947,-1.888,3.000,-1.511,-1.310,0.000,2.000,state=MOVING bat=1.00 dist=10.51m
323,91.236,GENERAL,0,0.000,0.000,5.000,0.000,0.000,0.000,0.000,N/A
323,91.236,NODE,0,-5.723,-1.860,3.000,-0.133,0.581,0.000,0.596,zone=0 dist=3.21m
323,91.236,NODE,1,5.723,-1.859,3.000,0.134,0.585,0.000,0.600,zone=1 dist=3.21m
323,91.236,NODE,2,-2.721,2.723,3.000,0.424,-0.424,0.000,0.599,zone=2 dist=3.21m
323,91.236,NODE,3,2.720,2.721,3.000,-0.424,-0.427,0.000,0.602,zone=3 dist=3.21m
323,91.236,SCOUT,0,-4.214,-1.898,3.000,-0.133,0.584,0.000,0.599,cmd_age=0.02s bat=1.00 dist=3.18m
323,91.236,SCOUT,1,-5.714,-0.398,3.000,-0.133,0.584,0.000,0.599,cmd_age=0.02s bat=1.00 dist=3.18m
323,91.236,SCOUT,2,-7.214,-1.898,3.000,-0.133,0.584,0.000,0.599,cmd_age=0.02s bat=1.00 dist=3.18m
323,91.236,SCOUT,3,-5.714,-3.398,3.000,-0.133,0.584,0.000,0.599,cmd_age=0.02s bat=1.00 dist=3.18m
323,91.236,SCOUT,4,7.214,-1.898,3.000,0.133,0.583,0.000,0.598,cmd_age=0.02s bat=1.00 dist=3.18m
323,91.236,SCOUT,5,5.714,-0.398,3.000,0.133,0.583,0.000,0.598,cmd_age=0.02s bat=1.00 dist=3.18m
323,91.236,SCOUT,6,4.214,-1.898,3.000,0.133,0.583,0.000,0.598,cmd_age=0.02s bat=1.00 dist=3.18m
323,91.236,SCOUT,7,5.714,-3.398,3.000,0.133,0.583,0.000,0.598,cmd_age=0.02s bat=1.00 dist=3.18m
323,91.236,SCOUT,8,-1.250,2.752,3.000,0.424,-0.425,0.000,0.600,cmd_age=0.02s bat=1.00 dist=3.18m
323,91.236,SCOUT,9,-2.750,4.252,3.000,0.424,-0.425,0.000,0.600,cmd_age=0.02s bat=1.00 dist=3.18m
323,91.236,SCOUT,10,-4.250,2.752,3.000,0.424,-0.425,0.000,0.600,cmd_age=0.02s bat=1.00 dist=3.18m
323,91.236,SCOUT,11,-2.750,1.252,3.000,0.424,-0.425,0.000,0.600,cmd_age=0.02s bat=1.00 dist=3.18m
323,91.236,SCOUT,12,4.249,2.750,3.000,-0.424,-0.426,0.000,0.601,cmd_age=0.02s bat=1.00 dist=3.18m
323,91.236,SCOUT,13,2.749,4.250,3.000,-0.424,-0.426,0.000,0.601,cmd_age=0.02s bat=1.00 dist=3.18m
323,91.236,SCOUT,14,1.249,2.750,3.000,-0.424,-0.426,0.000,0.601,cmd_age=0.02s bat=1.00 dist=3.18m
323,91.236,SCOUT,15,2.749,1.250,3.000,-0.424,-0.426,0.000,0.601,cmd_age=0.02s bat=1.00 dist=3.18m
323,91.236,WORKER,0,-6.787,4.847,3.000,-0.718,1.867,0.000,2.000,state=MOVING bat=1.00 dist=10.55m
323,91.236,WORKER,1,7.809,5.519,3.000,0.153,1.994,0.000,2.000,state=MOVING bat=1.00 dist=10.55m
323,91.236,WORKER,2,3.815,-3.054,3.000,1.292,-1.527,0.000,2.000,state=MOVING bat=1.00 dist=10.55m
323,91.236,WORKER,3,-0.973,-1.910,3.000,-1.511,-1.310,0.000,2.000,state=MOVING bat=1.00 dist=10.55m
324,91.448,GENERAL,0,0.000,0.000,5.000,0.000,0.000,0.000,0.000,N/A
324,91.448,NODE,0,-5.725,-1.850,3.000,-0.131,0.584,0.000,0.599,zone=0 dist=3.22m
324,91.448,NODE,1,5.725,-1.850,3.000,0.133,0.587,0.000,0.602,zone=1 dist=3.22m
324,91.448,NODE,2,-2.714,2.716,3.000,0.426,-0.423,0.000,0.601,zone=2 dist=3.22m
324,91.448,NODE,3,2.713,2.714,3.000,-0.425,-0.426,0.000,0.601,zone=3 dist=3.22m
324,91.448,SCOUT,0,-4.217,-1.889,3.000,-0.133,0.584,0.000,0.599,cmd_age=0.02s bat=1.00 dist=3.19m
324,91.448,SCOUT,1,-5.717,-0.389,3.000,-0.133,0.584,0.000,0.599,cmd_age=0.02s bat=1.00 dist=3.19m
324,91.448,SCOUT,2,-7.217,-1.889,3.000,-0.133,0.584,0.000,0.599,cmd_age=0.02s bat=1.00 dist=3.19m
324,91.448,SCOUT,3,-5.717,-3.389,3.000,-0.133,0.584,0.000,0.599,cmd_age=0.02s bat=1.00 dist=3.19m
324,91.448,SCOUT,4,7.216,-1.888,3.000,0.133,0.584,0.000,0.599,cmd_age=0.02s bat=1.00 dist=3.19m
324,91.448,SCOUT,5,5.716,-0.388,3.000,0.133,0.584,0.000,0.599,cmd_age=0.02s bat=1.00 dist=3.19m
324,91.448,SCOUT,6,4.216,-1.888,3.000,0.133,0.584,0.000,0.599,cmd_age=0.02s bat=1.00 dist=3.19m
324,91.448,SCOUT,7,5.716,-3.388,3.000,0.133,0.584,0.000,0.599,cmd_age=0.02s bat=1.00 dist=3.19m
324,91.448,SCOUT,8,-1.243,2.745,3.000,0.425,-0.425,0.000,0.600,cmd_age=0.02s bat=1.00 dist=3.19m
324,91.448,SCOUT,9,-2.743,4.245,3.000,0.425,-0.425,0.000,0.600,cmd_age=0.02s bat=1.00 dist=3.19m
324,91.448,SCOUT,10,-4.243,2.745,3.000,0.425,-0.425,0.000,0.600,cmd_age=0.02s bat=1.00 dist=3.19m
324,91.448,SCOUT,11,-2.743,1.245,3.000,0.425,-0.425,0.000,0.600,cmd_age=0.02s bat=1.00 dist=3.19m
324,91.448,SCOUT,12,4.242,2.743,3.000,-0.424,-0.426,0.000,0.601,cmd_age=0.02s bat=1.00 dist=3.19m
324,91.448,SCOUT,13,2.742,4.243,3.000,-0.424,-0.426,0.000,0.601,cmd_age=0.02s bat=1.00 dist=3.19m
324,91.448,SCOUT,14,1.242,2.743,3.000,-0.424,-0.426,0.000,0.601,cmd_age=0.02s bat=1.00 dist=3.19m
324,91.448,SCOUT,15,2.742,1.243,3.000,-0.424,-0.426,0.000,0.601,cmd_age=0.02s bat=1.00 dist=3.19m
324,91.448,WORKER,0,-6.799,4.878,3.000,-0.718,1.867,0.000,2.000,state=MOVING bat=1.00 dist=10.58m
324,91.448,WORKER,1,7.812,5.552,3.000,0.153,1.994,0.000,2.000,state=MOVING bat=1.00 dist=10.58m
324,91.448,WORKER,2,3.836,-3.079,3.000,1.292,-1.527,0.000,2.000,state=MOVING bat=1.00 dist=10.58m
324,91.448,WORKER,3,-0.998,-1.931,3.000,-1.511,-1.310,0.000,2.000,state=MOVING bat=1.00 dist=10.58m
325,91.668,GENERAL,0,0.000,0.000,5.000,0.000,0.000,0.000,0.000,N/A
325,91.668,NODE,0,-5.728,-1.840,3.000,-0.130,0.586,0.000,0.600,zone=0 dist=3.23m
325,91.668,NODE,1,5.727,-1.840,3.000,0.133,0.583,0.000,0.598,zone=1 dist=3.23m
325,91.668,NODE,2,-2.707,2.709,3.000,0.426,-0.422,0.000,0.600,zone=2 dist=3.23m
325,91.668,NODE,3,2.706,2.707,3.000,-0.425,-0.426,0.000,0.602,zone=3 dist=3.23m
325,91.668,SCOUT,0,-4.219,-1.879,3.000,-0.132,0.584,0.000,0.599,cmd_age=0.02s bat=1.00 dist=3.20m
325,91.668,SCOUT,1,-5.719,-0.379,3.000,-0.132,0.584,0.000,0.599,cmd_age=0.02s bat=1.00 dist=3.20m
325,91.668,SCOUT,2,-7.219,-1.879,3.000,-0.132,0.584,0.000,0.599,cmd_age=0.02s bat=1.00 dist=3.20m
325,91.668,SCOUT,3,-5.719,-3.379,3.000,-0.132,0.584,0.000,0.599,cmd_age=0.02s bat=1.00 dist=3.20m
325,91.668,SCOUT,4,7.218,-1.879,3.000,0.133,0.584,0.000,0.599,cmd_age=0.02s bat=1.00 dist=3.20m
325,91.668,SCOUT,5,5.718,-0.379,3.000,0.133,0.584,0.000,0.599,cmd_age=0.02s bat=1.00 dist=3.20m
325,91.668,SCOUT,6,4.218,-1.879,3.000,0.133,0.584,0.000,0.599,cmd_age=0.02s bat=1.00 dist=3.20m
325,91.668,SCOUT,7,5.718,-3.379,3.000,0.133,0.584,0.000,0.599,cmd_age=0.02s bat=1.00 dist=3.20m
325,91.668,SCOUT,8,-1.235,2.738,3.000,0.425,-0.424,0.000,0.600,cmd_age=0.02s bat=1.00 dist=3.20m
325,91.668,SCOUT,9,-2.735,4.238,3.000,0.425,-0.424,0.000,0.600,cmd_age=0.02s bat=1.00 dist=3.20m
325,91.668,SCOUT,10,-4.235,2.738,3.000,0.425,-0.424,0.000,0.600,cmd_age=0.02s bat=1.00 dist=3.20m
325,91.668,SCOUT,11,-2.735,1.238,3.000,0.425,-0.424,0.000,0.600,cmd_age=0.02s bat=1.00 dist=3.20m
325,91.668,SCOUT,12,4.235,2.736,3.000,-0.424,-0.426,0.000,0.601,cmd_age=0.02s bat=1.00 dist=3.20m
325,91.668,SCOUT,13,2.735,4.236,3.000,-0.424,-0.426,0.000,0.601,cmd_age=0.02s bat=1.00 dist=3.20m
325,91.668,SCOUT,14,1.235,2.736,3.000,-0.424,-0.426,0.000,0.601,cmd_age=0.02s bat=1.00 dist=3.20m
325,91.668,SCOUT,15,2.735,1.236,3.000,-0.424,-0.426,0.000,0.601,cmd_age=0.02s bat=1.00 dist=3.20m
325,91.668,WORKER,0,-6.811,4.909,3.000,-0.718,1.867,0.000,2.000,state=MOVING bat=1.00 dist=10.61m
325,91.668,WORKER,1,7.814,5.585,3.000,0.153,1.994,0.000,2.000,state=MOVING bat=1.00 dist=10.61m
325,91.668,WORKER,2,3.858,-3.105,3.000,1.292,-1.527,0.000,2.000,state=MOVING bat=1.00 dist=10.61m
325,91.668,WORKER,3,-1.023,-1.953,3.000,-1.511,-1.310,0.000,2.000,state=MOVING bat=1.00 dist=10.61m
326,91.886,GENERAL,0,0.000,0.000,5.000,0.000,0.000,0.000,0.000,N/A
326,91.886,NODE,0,-5.730,-1.830,3.000,-0.131,0.586,0.000,0.601,zone=0 dist=3.24m
326,91.886,NODE,1,5.729,-1.830,3.000,0.137,0.584,0.000,0.600,zone=1 dist=3.24m
326,91.886,NODE,2,-2.700,2.702,3.000,0.425,-0.422,0.000,0.599,zone=2 dist=3.24m
326,91.886,NODE,3,2.699,2.700,3.000,-0.425,-0.424,0.000,0.600,zone=3 dist=3.24m
326,91.886,SCOUT,0,-4.221,-1.869,3.000,-0.132,0.585,0.000,0.599,cmd_age=0.02s bat=1.00 dist=3.21m
326,91.886,SCOUT,1,-5.721,-0.369,3.000,-0.132,0.585,0.000,0.599,cmd_age=0.02s bat=1.00 dist=3.21m
326,91.886,SCOUT,2,-7.221,-1.869,3.000,-0.132,0.585,0.000,0.599,cmd_age=0.02s bat=1.00 dist=3.21m
326,91.886,SCOUT,3,-5.721,-3.369,3.000,-0.132,0.585,0.000,0.599,cmd_age=0.02s bat=1.00 dist=3.21m
326,91.886,SCOUT,4,7.221,-1.869,3.000,0.134,0.584,0.000,0.599,cmd_age=0.02s bat=1.00 dist=3.21m
326,91.886,SCOUT,5,5.721,-0.369,3.000,0.134,0.584,0.000,0.599,cmd_age=0.02s bat=1.00 dist=3.21m
326,91.886,SCOUT,6,4.221,-1.869,3.000,0.134,0.584,0.000,0.599,cmd_age=0.02s bat=1.00 dist=3.21m
326,91.886,SCOUT,7,5.721,-3.369,3.000,0.134,0.584,0.000,0.599,cmd_age=0.02s bat=1.00 dist=3.21m
326,91.886,SCOUT,8,-1.228,2.730,3.000,0.425,-0.424,0.000,0.600,cmd_age=0.02s bat=1.00 dist=3.21m
326,91.886,SCOUT,9,-2.728,4.230,3.000,0.425,-0.424,0.000,0.600,cmd_age=0.02s bat=1.00 dist=3.21m
326,91.886,SCOUT,10,-4.228,2.730,3.000,0.425,-0.424,0.000,0.600,cmd_age=0.02s bat=1.00 dist=3.21m
326,91.886,SCOUT,11,-2.728,1.230,3.000,0.425,-0.424,0.000,0.600,cmd_age=0.02s bat=1.00 dist=3.21m
326,91.886,SCOUT,12,4.227,2.729,3.000,-0.425,-0.425,0.000,0.601,cmd_age=0.02s bat=1.00 dist=3.21m
326,91.886,SCOUT,13,2.727,4.229,3.000,-0.425,-0.425,0.000,0.601,cmd_age=0.02s bat=1.00 dist=3.21m
326,91.886,SCOUT,14,1.227,2.729,3.000,-0.425,-0.425,0.000,0.601,cmd_age=0.02s bat=1.00 dist=3.21m
326,91.886,SCOUT,15,2.727,1.229,3.000,-0.425,-0.425,0.000,0.601,cmd_age=0.02s bat=1.00 dist=3.21m
326,91.886,WORKER,0,-6.823,4.940,3.000,-0.718,1.867,0.000,2.000,state=MOVING bat=1.00 dist=10.65m
326,91.886,WORKER,1,7.817,5.619,3.000,0.153,1.994,0.000,2.000,state=MOVING bat=1.00 dist=10.65m
326,91.886,WORKER,2,3.879,-3.130,3.000,1.292,-1.527,0.000,2.000,state=MOVING bat=1.00 dist=10.65m
326,91.886,WORKER,3,-1.048,-1.975,3.000,-1.511,-1.310,0.000,2.000,state=MOVING bat=1.00 dist=10.65m
327,92.195,GENERAL,0,0.000,0.000,5.000,0.000,0.000,0.000,0.000,N/A
327,92.195,NODE,0,-5.732,-1.821,3.000,-0.131,0.584,0.000,0.598,zone=0 dist=3.25m
327,92.195,NODE,1,5.732,-1.820,3.000,0.134,0.586,0.000,0.601,zone=1 dist=3.25m
327,92.195,NODE,2,-2.693,2.695,3.000,0.425,-0.424,0.000,0.600,zone=2 dist=3.25m
327,92.195,NODE,3,2.692,2.693,3.000,-0.423,-0.423,0.000,0.599,zone=3 dist=3.25m
327,92.195,SCOUT,0,-4.223,-1.860,3.000,-0.132,0.585,0.000,0.599,cmd_age=0.02s bat=1.00 dist=3.22m
327,92.195,SCOUT,1,-5.723,-0.360,3.000,-0.132,0.585,0.000,0.599,cmd_age=0.02s bat=1.00 dist=3.22m
327,92.195,SCOUT,2,-7.223,-1.860,3.000,-0.132,0.585,0.000,0.599,cmd_age=0.02s bat=1.00 dist=3.22m
327,92.195,SCOUT,3,-5.723,-3.360,3.000,-0.132,0.585,0.000,0.599,cmd_age=0.02s bat=1.00 dist=3.22m
327,92.195,SCOUT,4,7.223,-1.859,3.000,0.134,0.584,0.000,0.599,cmd_age=0.02s bat=1.00 dist=3.22m
327,92.195,SCOUT,5,5.723,-0.359,3.000,0.134,0.584,0.000,0.599,cmd_age=0.02s bat=1.00 dist=3.22m
327,92.195,SCOUT,6,4.223,-1.859,3.000,0.134,0.584,0.000,0.599,cmd_age=0.02s bat=1.00 dist=3.22m
327,92.195,SCOUT,7,5.723,-3.359,3.000,0.134,0.584,0.000,0.599,cmd_age=0.02s bat=1.00 dist=3.22m
327,92.195,SCOUT,8,-1.221,2.723,3.000,0.425,-0.424,0.000,0.600,cmd_age=0.02s bat=1.00 dist=3.22m
327,92.195,SCOUT,9,-2.721,4.223,3.000,0.425,-0.424,0.000,0.600,cmd_age=0.02s bat=1.00 dist=3.22m
327,92.195,SCOUT,10,-4.221,2.723,3.000,0.425,-0.424,0.000,0.600,cmd_age=0.02s bat=1.00 dist=3.22m
327,92.195,SCOUT,11,-2.721,1.223,3.000,0.425,-0.424,0.000,0.600,cmd_age=0.02s bat=1.00 dist=3.22m
327,92.195,SCOUT,12,4.220,2.721,3.000,-0.424,-0.425,0.000,0.601,cmd_age=0.02s bat=1.00 dist=3.22m
327,92.195,SCOUT,13,2.720,4.221,3.000,-0.424,-0.425,0.000,0.601,cmd_age=0.02s bat=1.00 dist=3.22m
327,92.195,SCOUT,14,1.220,2.721,3.000,-0.424,-0.425,0.000,0.601,cmd_age=0.02s bat=1.00 dist=3.22m
327,92.195,SCOUT,15,2.720,1.221,3.000,-0.424,-0.425,0.000,0.601,cmd_age=0.02s bat=1.00 dist=3.22m
327,92.195,WORKER,0,-6.835,4.971,3.000,-0.718,1.867,0.000,2.000,state=MOVING bat=1.00 dist=10.68m
327,92.195,WORKER,1,7.819,5.652,3.000,0.153,1.994,0.000,2.000,state=MOVING bat=1.00 dist=10.68m
327,92.195,WORKER,2,3.901,-3.156,3.000,1.292,-1.527,0.000,2.000,state=MOVING bat=1.00 dist=10.68m
327,92.195,WORKER,3,-1.073,-1.997,3.000,-1.511,-1.310,0.000,2.000,state=MOVING bat=1.00 dist=10.68m
328,92.452,GENERAL,0,0.000,0.000,5.000,0.000,0.000,0.000,0.000,N/A
328,92.452,NODE,0,-5.734,-1.811,3.000,-0.136,0.585,0.000,0.600,zone=0 dist=3.26m
328,92.452,NODE,1,5.734,-1.811,3.000,0.133,0.587,0.000,0.602,zone=1 dist=3.26m
328,92.452,NODE,2,-2.686,2.688,3.000,0.424,-0.423,0.000,0.599,zone=2 dist=3.26m
328,92.452,NODE,3,2.685,2.686,3.000,-0.422,-0.424,0.000,0.598,zone=3 dist=3.26m
328,92.452,SCOUT,0,-4.225,-1.850,3.000,-0.133,0.585,0.000,0.600,cmd_age=0.02s bat=1.00 dist=3.23m
328,92.452,SCOUT,1,-5.725,-0.350,3.000,-0.133,0.585,0.000,0.600,cmd_age=0.02s bat=1.00 dist=3.23m
328,92.452,SCOUT,2,-7.225,-1.850,3.000,-0.133,0.585,0.000,0.600,cmd_age=0.02s bat=1.00 dist=3.23m
328,92.452,SCOUT,3,-5.725,-3.350,3.000,-0.133,0.585,0.000,0.600,cmd_age=0.02s bat=1.00 dist=3.23m
328,92.452,SCOUT,4,7.225,-1.850,3.000,0.134,0.585,0.000,0.600,cmd_age=0.02s bat=1.00 dist=3.23m
328,92.452,SCOUT,5,5.725,-0.350,3.000,0.134,0.585,0.000,0.600,cmd_age=0.02s bat=1.00 dist=3.23m
328,92.452,SCOUT,6,4.225,-1.850,3.000,0.134,0.585,0.000,0.600,cmd_age=0.02s bat=1.00 dist=3.23m
328,92.452,SCOUT,7,5.725,-3.350,3.000,0.134,0.585,0.000,0.600,cmd_age=0.02s bat=1.00 dist=3.23m
328,92.452,SCOUT,8,-1.214,2.716,3.000,0.425,-0.423,0.000,0.600,cmd_age=0.02s bat=1.00 dist=3.23m
328,92.452,SCOUT,9,-2.714,4.216,3.000,0.425,-0.423,0.000,0.600,cmd_age=0.02s bat=1.00 dist=3.23m
328,92.452,SCOUT,10,-4.214,2.716,3.000,0.425,-0.423,0.000,0.600,cmd_age=0.02s bat=1.00 dist=3.23m
328,92.452,SCOUT,11,-2.714,1.216,3.000,0.425,-0.423,0.000,0.600,cmd_age=0.02s bat=1.00 dist=3.23m
328,92.452,SCOUT,12,4.213,2.714,3.000,-0.424,-0.425,0.000,0.600,cmd_age=0.02s bat=1.00 dist=3.23m
328,92.452,SCOUT,13,2.713,4.214,3.000,-0.424,-0.425,0.000,0.600,cmd_age=0.02s bat=1.00 dist=3.23m
328,92.452,SCOUT,14,1.213,2.714,3.000,-0.424,-0.425,0.000,0.600,cmd_age=0.02s bat=1.00 dist=3.23m
328,92.452,SCOUT,15,2.713,1.214,3.000,-0.424,-0.425,0.000,0.600,cmd_age=0.02s bat=1.00 dist=3.23m
328,92.452,WORKER,0,-6.847,5.002,3.000,-0.718,1.867,0.000,2.000,state=MOVING bat=1.00 dist=10.71m
328,92.452,WORKER,1,7.822,5.685,3.000,0.153,1.994,0.000,2.000,state=MOVING bat=1.00 dist=10.71m
328,92.452,WORKER,2,3.922,-3.181,3.000,1.292,-1.527,0.000,2.000,state=MOVING bat=1.00 dist=10.71m
328,92.452,WORKER,3,-1.098,-2.019,3.000,-1.511,-1.310,0.000,2.000,state=MOVING bat=1.00 dist=10.71m
329,92.688,GENERAL,0,0.000,0.000,5.000,0.000,0.000,0.000,0.000,N/A
329,92.688,NODE,0,-5.736,-1.801,3.000,-0.136,0.582,0.000,0.598,zone=0 dist=3.27m
329,92.688,NODE,1,5.736,-1.801,3.000,0.132,0.587,0.000,0.601,zone=1 dist=3.27m
329,92.688,NODE,2,-2.679,2.681,3.000,0.424,-0.425,0.000,0.600,zone=2 dist=3.27m
329,92.688,NODE,3,2.678,2.679,3.000,-0.425,-0.422,0.000,0.599,zone=3 dist=3.27m
329,92.688,SCOUT,0,-4.228,-1.840,3.000,-0.133,0.584,0.000,0.599,cmd_age=0.02s bat=1.00 dist=3.24m
329,92.688,SCOUT,1,-5.728,-0.340,3.000,-0.133,0.584,0.000,0.599,cmd_age=0.02s bat=1.00 dist=3.24m
329,92.688,SCOUT,2,-7.228,-1.840,3.000,-0.133,0.584,0.000,0.599,cmd_age=0.02s bat=1.00 dist=3.24m
329,92.688,SCOUT,3,-5.728,-3.340,3.000,-0.133,0.584,0.000,0.599,cmd_age=0.02s bat=1.00 dist=3.24m
329,92.688,SCOUT,4,7.227,-1.840,3.000,0.133,0.585,0.000,0.600,cmd_age=0.02s bat=1.00 dist=3.24m
329,92.688,SCOUT,5,5.727,-0.340,3.000,0.133,0.585,0.000,0.600,cmd_age=0.02s bat=1.00 dist=3.24m
329,92.688,SCOUT,6,4.227,-1.840,3.000,0.133,0.585,0.000,0.600,cmd_age=0.02s bat=1.00 dist=3.24m
329,92.688,SCOUT,7,5.727,-3.340,3.000,0.133,0.585,0.000,0.600,cmd_age=0.02s bat=1.00 dist=3.24m
329,92.688,SCOUT,8,-1.207,2.709,3.000,0.425,-0.424,0.000,0.600,cmd_age=0.02s bat=1.00 dist=3.24m
329,92.688,SCOUT,9,-2.707,4.209,3.000,0.425,-0.424,0.000,0.600,cmd_age=0.02s bat=1.00 dist=3.24m
329,92.688,SCOUT,10,-4.207,2.709,3.000,0.425,-0.424,0.000,0.600,cmd_age=0.02s bat=1.00 dist=3.24m
329,92.688,SCOUT,11,-2.707,1.209,3.000,0.425,-0.424,0.000,0.600,cmd_age=0.02s bat=1.00 dist=3.24m
329,92.688,SCOUT,12,4.206,2.707,3.000,-0.424,-0.424,0.000,0.600,cmd_age=0.02s bat=1.00 dist=3.24m
329,92.688,SCOUT,13,2.706,4.207,3.000,-0.424,-0.424,0.000,0.600,cmd_age=0.02s bat=1.00 dist=3.24m
329,92.688,SCOUT,14,1.206,2.707,3.000,-0.424,-0.424,0.000,0.600,cmd_age=0.02s bat=1.00 dist=3.24m
329,92.688,SCOUT,15,2.706,1.207,3.000,-0.424,-0.424,0.000,0.600,cmd_age=0.02s bat=1.00 dist=3.24m
329,92.688,WORKER,0,-6.859,5.033,3.000,-0.718,1.867,0.000,2.000,state=MOVING bat=1.00 dist=10.75m
329,92.688,WORKER,1,7.824,5.718,3.000,0.153,1.994,0.000,2.000,state=MOVING bat=1.00 dist=10.75m
329,92.688,WORKER,2,3.944,-3.206,3.000,1.292,-1.527,0.000,2.000,state=MOVING bat=1.00 dist=10.75m
329,92.688,WORKER,3,-1.124,-2.041,3.000,-1.511,-1.310,0.000,2.000,state=MOVING bat=1.00 dist=10.75m
330,93.296,GENERAL,0,0.000,0.000,5.000,0.000,0.000,0.000,0.000,N/A
330,93.296,NODE,0,-5.739,-1.791,3.000,-0.133,0.584,0.000,0.599,zone=0 dist=3.28m
330,93.296,NODE,1,5.738,-1.791,3.000,0.135,0.589,0.000,0.605,zone=1 dist=3.28m
330,93.296,NODE,2,-2.672,2.674,3.000,0.426,-0.425,0.000,0.602,zone=2 dist=3.28m
330,93.296,NODE,3,2.671,2.672,3.000,-0.424,-0.423,0.000,0.599,zone=3 dist=3.28m
330,93.296,SCOUT,0,-4.230,-1.830,3.000,-0.133,0.584,0.000,0.599,cmd_age=0.02s bat=1.00 dist=3.25m
330,93.296,SCOUT,1,-5.730,-0.330,3.000,-0.133,0.584,0.000,0.599,cmd_age=0.02s bat=1.00 dist=3.25m
330,93.296,SCOUT,2,-7.230,-1.830,3.000,-0.133,0.584,0.000,0.599,cmd_age=0.02s bat=1.00 dist=3.25m
330,93.296,SCOUT,3,-5.730,-3.330,3.000,-0.133,0.584,0.000,0.599,cmd_age=0.02s bat=1.00 dist=3.25m
330,93.296,SCOUT,4,7.229,-1.830,3.000,0.133,0.586,0.000,0.601,cmd_age=0.02s bat=1.00 dist=3.25m
330,93.296,SCOUT,5,5.729,-0.330,3.000,0.133,0.586,0.000,0.601,cmd_age=0.02s bat=1.00 dist=3.25m
330,93.296,SCOUT,6,4.229,-1.830,3.000,0.133,0.586,0.000,0.601,cmd_age=0.02s bat=1.00 dist=3.25m
330,93.296,SCOUT,7,5.729,-3.330,3.000,0.133,0.586,0.000,0.601,cmd_age=0.02s bat=1.00 dist=3.25m
330,93.296,SCOUT,8,-1.200,2.702,3.000,0.425,-0.424,0.000,0.600,cmd_age=0.02s bat=1.00 dist=3.25m
330,93.296,SCOUT,9,-2.700,4.202,3.000,0.425,-0.424,0.000,0.600,cmd_age=0.02s bat=1.00 dist=3.25m
330,93.296,SCOUT,10,-4.200,2.702,3.000,0.425,-0.424,0.000,0.600,cmd_age=0.02s bat=1.00 dist=3.25m
330,93.296,SCOUT,11,-2.700,1.202,3.000,0.425,-0.424,0.000,0.600,cmd_age=0.02s bat=1.00 dist=3.25m
330,93.296,SCOUT,12,4.199,2.700,3.000,-0.424,-0.424,0.000,0.600,cmd_age=0.02s bat=1.00 dist=3.25m
330,93.296,SCOUT,13,2.699,4.200,3.000,-0.424,-0.424,0.000,0.600,cmd_age=0.02s bat=1.00 dist=3.25m
330,93.296,SCOUT,14,1.199,2.700,3.000,-0.424,-0.424,0.000,0.600,cmd_age=0.02s bat=1.00 dist=3.25m
330,93.296,SCOUT,15,2.699,1.200,3.000,-0.424,-0.424,0.000,0.600,cmd_age=0.02s bat=1.00 dist=3.25m
330,93.296,WORKER,0,-6.871,5.065,3.000,-0.718,1.867,0.000,2.000,state=MOVING bat=1.00 dist=10.78m
330,93.296,WORKER,1,7.827,5.752,3.000,0.153,1.994,0.000,2.000,state=MOVING bat=1.00 dist=10.78m
330,93.296,WORKER,2,3.965,-3.232,3.000,1.292,-1.527,0.000,2.000,state=MOVING bat=1.00 dist=10.78m
330,93.296,WORKER,3,-1.149,-2.062,3.000,-1.511,-1.310,0.000,2.000,state=MOVING bat=1.00 dist=10.78m
331,93.728,GENERAL,0,0.000,0.000,5.000,0.000,0.000,0.000,0.000,N/A
331,93.728,NODE,0,-5.741,-1.782,3.000,-0.133,0.584,0.000,0.599,zone=0 dist=3.29m
331,93.728,NODE,1,5.741,-1.781,3.000,0.136,0.587,0.000,0.603,zone=1 dist=3.29m
331,93.728,NODE,2,-2.665,2.667,3.000,0.425,-0.424,0.000,0.600,zone=2 dist=3.29m
331,93.728,NODE,3,2.664,2.665,3.000,-0.420,-0.425,0.000,0.597,zone=3 dist=3.29m
331,93.728,SCOUT,0,-4.232,-1.821,3.000,-0.133,0.584,0.000,0.599,cmd_age=0.02s bat=1.00 dist=3.26m
331,93.728,SCOUT,1,-5.732,-0.321,3.000,-0.133,0.584,0.000,0.599,cmd_age=0.02s bat=1.00 dist=3.26m
331,93.728,SCOUT,2,-7.232,-1.821,3.000,-0.133,0.584,0.000,0.599,cmd_age=0.02s bat=1.00 dist=3.26m
331,93.728,SCOUT,3,-5.732,-3.321,3.000,-0.133,0.584,0.000,0.599,cmd_age=0.02s bat=1.00 dist=3.26m
331,93.728,SCOUT,4,7.232,-1.820,3.000,0.134,0.586,0.000,0.601,cmd_age=0.02s bat=1.00 dist=3.26m
331,93.728,SCOUT,5,5.732,-0.320,3.000,0.134,0.586,0.000,0.601,cmd_age=0.02s bat=1.00 dist=3.26m
331,93.728,SCOUT,6,4.232,-1.820,3.000,0.134,0.586,0.000,0.601,cmd_age=0.02s bat=1.00 dist=3.26m
331,93.728,SCOUT,7,5.732,-3.320,3.000,0.134,0.586,0.000,0.601,cmd_age=0.02s bat=1.00 dist=3.26m
331,93.728,SCOUT,8,-1.193,2.695,3.000,0.425,-0.424,0.000,0.600,cmd_age=0.02s bat=1.00 dist=3.26m
331,93.728,SCOUT,9,-2.693,4.195,3.000,0.425,-0.424,0.000,0.600,cmd_age=0.02s bat=1.00 dist=3.26m
331,93.728,SCOUT,10,-4.193,2.695,3.000,0.425,-0.424,0.000,0.600,cmd_age=0.02s bat=1.00 dist=3.26m
331,93.728,SCOUT,11,-2.693,1.195,3.000,0.425,-0.424,0.000,0.600,cmd_age=0.02s bat=1.00 dist=3.26m
331,93.728,SCOUT,12,4.192,2.693,3.000,-0.423,-0.424,0.000,0.599,cmd_age=0.02s bat=1.00 dist=3.26m
331,93.728,SCOUT,13,2.692,4.193,3.000,-0.423,-0.424,0.000,0.599,cmd_age=0.02s bat=1.00 dist=3.26m
331,93.728,SCOUT,14,1.192,2.693,3.000,-0.423,-0.424,0.000,0.599,cmd_age=0.02s bat=1.00 dist=3.26m
331,93.728,SCOUT,15,2.692,1.193,3.000,-0.423,-0.424,0.000,0.599,cmd_age=0.02s bat=1.00 dist=3.26m
331,93.728,WORKER,0,-6.883,5.096,3.000,-0.718,1.867,0.000,2.000,state=MOVING bat=1.00 dist=10.81m
331,93.728,WORKER,1,7.830,5.785,3.000,0.153,1.994,0.000,2.000,state=MOVING bat=1.00 dist=10.81m
331,93.728,WORKER,2,3.987,-3.257,3.000,1.292,-1.527,0.000,2.000,state=MOVING bat=1.00 dist=10.81m
331,93.728,WORKER,3,-1.174,-2.084,3.000,-1.511,-1.310,0.000,2.000,state=MOVING bat=1.00 dist=10.81m
332,94.062,GENERAL,0,0.000,0.000,5.000,0.000,0.000,0.000,0.000,N/A
332,94.062,NODE,0,-5.743,-1.772,3.000,-0.136,0.581,0.000,0.597,zone=0 dist=3.30m
332,94.062,NODE,1,5.743,-1.771,3.000,0.137,0.586,0.000,0.602,zone=1 dist=3.30m
332,94.062,NODE,2,-2.658,2.660,3.000,0.425,-0.424,0.000,0.601,zone=2 dist=3.30m
332,94.062,NODE,3,2.657,2.658,3.000,-0.425,-0.424,0.000,0.600,zone=3 dist=3.30m
332,94.062,SCOUT,0,-4.234,-1.811,3.000,-0.134,0.584,0.000,0.599,cmd_age=0.02s bat=1.00 dist=3.27m
332,94.062,SCOUT,1,-5.734,-0.311,3.000,-0.134,0.584,0.000,0.599,cmd_age=0.02s bat=1.00 dist=3.27m
332,94.062,SCOUT,2,-7.234,-1.811,3.000,-0.134,0.584,0.000,0.599,cmd_age=0.02s bat=1.00 dist=3.27m
332,94.062,SCOUT,3,-5.734,-3.311,3.000,-0.134,0.584,0.000,0.599,cmd_age=0.02s bat=1.00 dist=3.27m
332,94.062,SCOUT,4,7.234,-1.810,3.000,0.135,0.586,0.000,0.602,cmd_age=0.02s bat=1.00 dist=3.27m
332,94.062,SCOUT,5,5.734,-0.310,3.000,0.135,0.586,0.000,0.602,cmd_age=0.02s bat=1.00 dist=3.27m
332,94.062,SCOUT,6,4.234,-1.810,3.000,0.135,0.586,0.000,0.602,cmd_age=0.02s bat=1.00 dist=3.27m
332,94.062,SCOUT,7,5.734,-3.310,3.000,0.135,0.586,0.000,0.602,cmd_age=0.02s bat=1.00 dist=3.27m
332,94.062,SCOUT,8,-1.186,2.688,3.000,0.425,-0.424,0.000,0.600,cmd_age=0.02s bat=1.00 dist=3.27m
332,94.062,SCOUT,9,-2.686,4.188,3.000,0.425,-0.424,0.000,0.600,cmd_age=0.02s bat=1.00 dist=3.27m
332,94.062,SCOUT,10,-4.186,2.688,3.000,0.425,-0.424,0.000,0.600,cmd_age=0.02s bat=1.00 dist=3.27m
332,94.062,SCOUT,11,-2.686,1.188,3.000,0.425,-0.424,0.000,0.600,cmd_age=0.02s bat=1.00 dist=3.27m
332,94.062,SCOUT,12,4.185,2.686,3.000,-0.423,-0.424,0.000,0.599,cmd_age=0.02s bat=1.00 dist=3.27m
332,94.062,SCOUT,13,2.685,4.186,3.000,-0.423,-0.424,0.000,0.599,cmd_age=0.02s bat=1.00 dist=3.27m
332,94.062,SCOUT,14,1.185,2.686,3.000,-0.423,-0.424,0.000,0.599,cmd_age=0.02s bat=1.00 dist=3.27m
332,94.062,SCOUT,15,2.685,1.186,3.000,-0.423,-0.424,0.000,0.599,cmd_age=0.02s bat=1.00 dist=3.27m
332,94.062,WORKER,0,-6.895,5.127,3.000,-0.718,1.867,0.000,2.000,state=MOVING bat=1.00 dist=10.85m
332,94.062,WORKER,1,7.832,5.818,3.000,0.153,1.994,0.000,2.000,state=MOVING bat=1.00 dist=10.85m
332,94.062,WORKER,2,4.008,-3.283,3.000,1.292,-1.527,0.000,2.000,state=MOVING bat=1.00 dist=10.85m
332,94.062,WORKER,3,-1.199,-2.106,3.000,-1.511,-1.310,0.000,2.000,state=MOVING bat=1.00 dist=10.85m
333,94.255,GENERAL,0,0.000,0.000,5.000,0.000,0.000,0.000,0.000,N/A
333,94.255,NODE,0,-5.745,-1.762,3.000,-0.132,0.585,0.000,0.600,zone=0 dist=3.31m
333,94.255,NODE,1,5.745,-1.762,3.000,0.135,0.585,0.000,0.600,zone=1 dist=3.31m
333,94.255,NODE,2,-2.650,2.653,3.000,0.426,-0.423,0.000,0.601,zone=2 dist=3.31m
333,94.255,NODE,3,2.650,2.651,3.000,-0.422,-0.423,0.000,0.598,zone=3 dist=3.31m
333,94.255,SCOUT,0,-4.236,-1.801,3.000,-0.133,0.584,0.000,0.599,cmd_age=0.02s bat=1.00 dist=3.28m
333,94.255,SCOUT,1,-5.736,-0.301,3.000,-0.133,0.584,0.000,0.599,cmd_age=0.02s bat=1.00 dist=3.28m
333,94.255,SCOUT,2,-7.236,-1.801,3.000,-0.133,0.584,0.000,0.599,cmd_age=0.02s bat=1.00 dist=3.28m
333,94.255,SCOUT,3,-5.736,-3.301,3.000,-0.133,0.584,0.000,0.599,cmd_age=0.02s bat=1.00 dist=3.28m
333,94.255,SCOUT,4,7.236,-1.801,3.000,0.135,0.586,0.000,0.601,cmd_age=0.02s bat=1.00 dist=3.28m
333,94.255,SCOUT,5,5.736,-0.301,3.000,0.135,0.586,0.000,0.601,cmd_age=0.02s bat=1.00 dist=3.28m
333,94.255,SCOUT,6,4.236,-1.801,3.000,0.135,0.586,0.000,0.601,cmd_age=0.02s bat=1.00 dist=3.28m
333,94.255,SCOUT,7,5.736,-3.301,3.000,0.135,0.586,0.000,0.601,cmd_age=0.02s bat=1.00 dist=3.28m
333,94.255,SCOUT,8,-1.179,2.681,3.000,0.425,-0.424,0.000,0.600,cmd_age=0.02s bat=1.00 dist=3.28m
333,94.255,SCOUT,9,-2.679,4.181,3.000,0.425,-0.424,0.000,0.600,cmd_age=0.02s bat=1.00 dist=3.28m
333,94.255,SCOUT,10,-4.179,2.681,3.000,0.425,-0.424,0.000,0.600,cmd_age=0.02s bat=1.00 dist=3.28m
333,94.255,SCOUT,11,-2.679,1.181,3.000,0.425,-0.424,0.000,0.600,cmd_age=0.02s bat=1.00 dist=3.28m
333,94.255,SCOUT,12,4.178,2.679,3.000,-0.423,-0.424,0.000,0.599,cmd_age=0.02s bat=1.00 dist=3.28m
333,94.255,SCOUT,13,2.678,4.179,3.000,-0.423,-0.424,0.000,0.599,cmd_age=0.02s bat=1.00 dist=3.28m
333,94.255,SCOUT,14,1.178,2.679,3.000,-0.423,-0.424,0.000,0.599,cmd_age=0.02s bat=1.00 dist=3.28m
333,94.255,SCOUT,15,2.678,1.179,3.000,-0.423,-0.424,0.000,0.599,cmd_age=0.02s bat=1.00 dist=3.28m
333,94.255,WORKER,0,-6.907,5.158,3.000,-0.718,1.867,0.000,2.000,state=MOVING bat=1.00 dist=10.88m
333,94.255,WORKER,1,7.835,5.851,3.000,0.153,1.994,0.000,2.000,state=MOVING bat=1.00 dist=10.88m
333,94.255,WORKER,2,4.030,-3.308,3.000,1.292,-1.527,0.000,2.000,state=MOVING bat=1.00 dist=10.88m
333,94.255,WORKER,3,-1.224,-2.128,3.000,-1.511,-1.310,0.000,2.000,state=MOVING bat=1.00 dist=10.88m
334,94.528,GENERAL,0,0.000,0.000,5.000,0.000,0.000,0.000,0.000,N/A
334,94.528,NODE,0,-5.748,-1.752,3.000,-0.133,0.581,0.000,0.596,zone=0 dist=3.32m
334,94.528,NODE,1,5.747,-1.752,3.000,0.137,0.583,0.000,0.599,zone=1 dist=3.32m
334,94.528,NODE,2,-2.643,2.646,3.000,0.425,-0.424,0.000,0.600,zone=2 dist=3.32m
334,94.528,NODE,3,2.643,2.644,3.000,-0.422,-0.425,0.000,0.598,zone=3 dist=3.32m
334,94.528,SCOUT,0,-4.239,-1.791,3.000,-0.133,0.583,0.000,0.598,cmd_age=0.02s bat=1.00 dist=3.29m
334,94.528,SCOUT,1,-5.739,-0.291,3.000,-0.133,0.583,0.000,0.598,cmd_age=0.02s bat=1.00 dist=3.29m
334,94.528,SCOUT,2,-7.239,-1.791,3.000,-0.133,0.583,0.000,0.598,cmd_age=0.02s bat=1.00 dist=3.29m
334,94.528,SCOUT,3,-5.739,-3.291,3.000,-0.133,0.583,0.000,0.598,cmd_age=0.02s bat=1.00 dist=3.29m
334,94.528,SCOUT,4,7.238,-1.791,3.000,0.135,0.585,0.000,0.601,cmd_age=0.02s bat=1.00 dist=3.29m
334,94.528,SCOUT,5,5.738,-0.291,3.000,0.135,0.585,0.000,0.601,cmd_age=0.02s bat=1.00 dist=3.29m
334,94.528,SCOUT,6,4.238,-1.791,3.000,0.135,0.585,0.000,0.601,cmd_age=0.02s bat=1.00 dist=3.29m
334,94.528,SCOUT,7,5.738,-3.291,3.000,0.135,0.585,0.000,0.601,cmd_age=0.02s bat=1.00 dist=3.29m
334,94.528,SCOUT,8,-1.172,2.674,3.000,0.425,-0.424,0.000,0.600,cmd_age=0.02s bat=1.00 dist=3.29m
334,94.528,SCOUT,9,-2.672,4.174,3.000,0.425,-0.424,0.000,0.600,cmd_age=0.02s bat=1.00 dist=3.29m
334,94.528,SCOUT,10,-4.172,2.674,3.000,0.425,-0.424,0.000,0.600,cmd_age=0.02s bat=1.00 dist=3.29m
334,94.528,SCOUT,11,-2.672,1.174,3.000,0.425,-0.424,0.000,0.600,cmd_age=0.02s bat=1.00 dist=3.29m
334,94.528,SCOUT,12,4.171,2.672,3.000,-0.423,-0.424,0.000,0.599,cmd_age=0.02s bat=1.00 dist=3.29m
334,94.528,SCOUT,13,2.671,4.172,3.000,-0.423,-0.424,0.000,0.599,cmd_age=0.02s bat=1.00 dist=3.29m
334,94.528,SCOUT,14,1.171,2.672,3.000,-0.423,-0.424,0.000,0.599,cmd_age=0.02s bat=1.00 dist=3.29m
334,94.528,SCOUT,15,2.671,1.172,3.000,-0.423,-0.424,0.000,0.599,cmd_age=0.02s bat=1.00 dist=3.29m
334,94.528,WORKER,0,-6.919,5.189,3.000,-0.718,1.867,0.000,2.000,state=MOVING bat=1.00 dist=10.91m
334,94.528,WORKER,1,7.837,5.885,3.000,0.153,1.994,0.000,2.000,state=MOVING bat=1.00 dist=10.91m
334,94.528,WORKER,2,4.052,-3.334,3.000,1.292,-1.527,0.000,2.000,state=MOVING bat=1.00 dist=10.91m
334,94.528,WORKER,3,-1.250,-2.150,3.000,-1.511,-1.310,0.000,2.000,state=MOVING bat=1.00 dist=10.91m
