frame,tier,agent_idx,x,y,z
0,general,0,0.0000,0.0000,5.0000
0,nodes,0,-4.9959,-4.9959,3.0000
0,nodes,1,4.9959,-4.9958,3.0000
0,nodes,2,-5.0041,4.9959,3.0000
0,nodes,3,5.0041,4.9958,3.0000
0,scouts,0,-3.4974,-4.9987,3.0000
0,scouts,1,-4.9983,-3.4976,3.0000
0,scouts,2,-6.4996,-4.9974,3.0000
0,scouts,3,-4.9979,-6.4987,3.0000
0,scouts,4,6.4996,-4.9974,3.0000
0,scouts,5,4.9983,-3.4976,3.0000
0,scouts,6,3.4974,-4.9987,3.0000
0,scouts,7,4.9979,-6.4987,3.0000
0,scouts,8,-3.5004,4.9974,3.0000
0,scouts,9,-5.0021,6.4987,3.0000
0,scouts,10,-6.5026,4.9987,3.0000
0,scouts,11,-5.0017,3.4976,3.0000
0,scouts,12,6.5026,4.9987,3.0000
0,scouts,13,5.0021,6.4987,3.0000
0,scouts,14,3.5004,4.9974,3.0000
0,scouts,15,5.0017,3.4976,3.0000
0,workers,0,-3.0000,-5.0000,3.0000
0,workers,1,7.0000,-5.0000,3.0000
0,workers,2,-3.0000,5.0000,3.0000
0,workers,3,7.0000,5.0000,3.0000
1,general,0,0.0000,0.0000,5.0000
1,nodes,0,-4.9927,-4.9927,3.0000
1,nodes,1,4.9926,-4.9927,3.0000
1,nodes,2,-5.0074,4.9927,3.0000
1,nodes,3,5.0072,4.9926,3.0000
1,scouts,0,-3.4924,-4.9961,3.0000
1,scouts,1,-4.9951,-3.4931,3.0000
1,scouts,2,-6.4989,-4.9927,3.0000
1,scouts,3,-4.9940,-6.4963,3.0000
1,scouts,4,6.4989,-4.9927,3.0000
1,scouts,5,4.9951,-3.4931,3.0000
1,scouts,6,3.4924,-4.9961,3.0000
1,scouts,7,4.9940,-6.4963,3.0000
1,scouts,8,-3.5011,4.9927,3.0000
1,scouts,9,-5.0060,6.4963,3.0000
1,scouts,10,-6.5076,4.9961,3.0000
1,scouts,11,-5.0049,3.4931,3.0000
1,scouts,12,6.5076,4.9961,3.0000
1,scouts,13,5.0060,6.4963,3.0000
1,scouts,14,3.5011,4.9927,3.0000
1,scouts,15,5.0049,3.4931,3.0000
1,workers,0,-3.0000,-5.0000,3.0000
1,workers,1,7.0000,-5.0000,3.0000
1,workers,2,-3.0000,5.0000,3.0000
1,workers,3,7.0000,5.0000,3.0000
2,general,0,0.0000,0.0000,5.0000
2,nodes,0,-4.9886,-4.9884,3.0000
2,nodes,1,4.9885,-4.9884,3.0000
2,nodes,2,-5.0115,4.9884,3.0000
2,nodes,3,5.0113,4.9883,3.0000
2,scouts,0,-3.4855,-4.9926,3.0000
2,scouts,1,-4.9907,-3.4868,3.0000
2,scouts,2,-6.4978,-4.9860,3.0000
2,scouts,3,-4.9885,-6.4929,3.0000
2,scouts,4,6.4978,-4.9860,3.0000
2,scouts,5,4.9907,-3.4868,3.0000
2,scouts,6,3.4855,-4.9926,3.0000
2,scouts,7,4.9885,-6.4929,3.0000
2,scouts,8,-3.5022,4.9860,3.0000
2,scouts,9,-5.0115,6.4929,3.0000
2,scouts,10,-6.5145,4.9926,3.0000
2,scouts,11,-5.0093,3.4868,3.0000
2,scouts,12,6.5145,4.9926,3.0000
2,scouts,13,5.0115,6.4929,3.0000
2,scouts,14,3.5022,4.9860,3.0000
2,scouts,15,5.0093,3.4868,3.0000
2,workers,0,-3.0000,-5.0000,3.0000
2,workers,1,7.0000,-5.0000,3.0000
2,workers,2,-3.0000,5.0000,3.0000
2,workers,3,7.0000,5.0000,3.0000
3,general,0,0.0000,0.0000,5.0000
3,nodes,0,-4.9843,-4.9841,3.0000
3,nodes,1,4.9842,-4.9841,3.0000
3,nodes,2,-5.0158,4.9840,3.0000
3,nodes,3,5.0156,4.9839,3.0000
3,scouts,0,-3.4768,-4.9882,3.0000
3,scouts,1,-4.9852,-3.4790,3.0000
3,scouts,2,-6.4965,-4.9776,3.0000
3,scouts,3,-4.9817,-6.4886,3.0000
3,scouts,4,6.4965,-4.9776,3.0000
3,scouts,5,4.9852,-3.4790,3.0000
3,scouts,6,3.4768,-4.9882,3.0000
3,scouts,7,4.9817,-6.4886,3.0000
3,scouts,8,-3.5035,4.9776,3.0000
3,scouts,9,-5.0183,6.4886,3.0000
3,scouts,10,-6.5232,4.9882,3.0000
3,scouts,11,-5.0148,3.4790,3.0000
3,scouts,12,6.5232,4.9882,3.0000
3,scouts,13,5.0183,6.4886,3.0000
3,scouts,14,3.5035,4.9776,3.0000
3,scouts,15,5.0148,3.4790,3.0000
3,workers,0,-3.0000,-5.0000,3.0000
3,workers,1,7.0000,-5.0000,3.0000
3,workers,2,-3.0000,5.0000,3.0000
3,workers,3,7.0000,5.0000,3.0000
4,general,0,0.0000,0.0000,5.0000
4,nodes,0,-4.9796,-4.9792,3.0000
4,nodes,1,4.9795,-4.9791,3.0000
4,nodes,2,-5.0204,4.9792,3.0000
4,nodes,3,5.0203,4.9790,3.0000
4,scouts,0,-3.4667,-4.9831,3.0000
4,scouts,1,-4.9787,-3.4698,3.0000
4,scouts,2,-6.4950,-4.9678,3.0000
4,scouts,3,-4.9736,-6.4836,3.0000
4,scouts,4,6.4950,-4.9678,3.0000
4,scouts,5,4.9787,-3.4698,3.0000
4,scouts,6,3.4667,-4.9831,3.0000
4,scouts,7,4.9736,-6.4836,3.0000
4,scouts,8,-3.5050,4.9678,3.0000
4,scouts,9,-5.0264,6.4836,3.0000
4,scouts,10,-6.5333,4.9831,3.0000
4,scouts,11,-5.0213,3.4698,3.0000
4,scouts,12,6.5333,4.9831,3.0000
4,scouts,13,5.0264,6.4836,3.0000
4,scouts,14,3.5050,4.9678,3.0000
4,scouts,15,5.0213,3.4698,3.0000
4,workers,0,-3.0000,-5.0000,3.0000
4,workers,1,7.0000,-5.0000,3.0000
4,workers,2,-3.0000,5.0000,3.0000
4,workers,3,7.0000,5.0000,3.0000
5,general,0,0.0000,0.0000,5.0000
5,nodes,0,-4.9747,-4.9742,3.0000
5,nodes,1,4.9747,-4.9741,3.0000
5,nodes,2,-5.0253,4.9741,3.0000
5,nodes,3,5.0252,4.9739,3.0000
5,scouts,0,-3.4552,-4.9773,3.0000
5,scouts,1,-4.9713,-3.4594,3.0000
5,scouts,2,-6.4933,-4.9567,3.0000
5,scouts,3,-4.9646,-6.4780,3.0000
5,scouts,4,6.4933,-4.9567,3.0000
5,scouts,5,4.9713,-3.4594,3.0000
5,scouts,6,3.4552,-4.9773,3.0000
5,scouts,7,4.9646,-6.4780,3.0000
5,scouts,8,-3.5067,4.9567,3.0000
5,scouts,9,-5.0354,6.4780,3.0000
5,scouts,10,-6.5448,4.9773,3.0000
5,scouts,11,-5.0287,3.4594,3.0000
5,scouts,12,6.5448,4.9773,3.0000
5,scouts,13,5.0354,6.4780,3.0000
5,scouts,14,3.5067,4.9567,3.0000
5,scouts,15,5.0287,3.4594,3.0000
5,workers,0,-3.0000,-5.0000,3.0000
5,workers,1,7.0000,-5.0000,3.0000
5,workers,2,-3.0000,5.0000,3.0000
5,workers,3,7.0000,5.0000,3.0000
6,general,0,0.0000,0.0000,5.0000
6,nodes,0,-4.9696,-4.9688,3.0000
6,nodes,1,4.9696,-4.9686,3.0000
6,nodes,2,-5.0304,4.9687,3.0000
6,nodes,3,5.0304,4.9685,3.0000
6,scouts,0,-3.4427,-4.9709,3.0000
6,scouts,1,-4.9633,-3.4480,3.0000
6,scouts,2,-6.4914,-4.9445,3.0000
6,scouts,3,-4.9546,-6.4718,3.0000
6,scouts,4,6.4914,-4.9445,3.0000
6,scouts,5,4.9633,-3.4480,3.0000
6,scouts,6,3.4427,-4.9709,3.0000
6,scouts,7,4.9546,-6.4718,3.0000
6,scouts,8,-3.5086,4.9445,3.0000
6,scouts,9,-5.0454,6.4718,3.0000
6,scouts,10,-6.5573,4.9709,3.0000
6,scouts,11,-5.0367,3.4480,3.0000
6,scouts,12,6.5573,4.9709,3.0000
6,scouts,13,5.0454,6.4718,3.0000
6,scouts,14,3.5086,4.9445,3.0000
6,scouts,15,5.0367,3.4480,3.0000
6,workers,0,-3.0000,-5.0000,3.0000
6,workers,1,7.0000,-5.0000,3.0000
6,workers,2,-3.0000,5.0000,3.0000
6,workers,3,7.0000,5.0000,3.0000
7,general,0,0.0000,0.0000,5.0000
7,nodes,0,-4.9642,-4.9632,3.0000
7,nodes,1,4.9643,-4.9631,3.0000
7,nodes,2,-5.0357,4.9631,3.0000
7,nodes,3,5.0357,4.9629,3.0000
7,scouts,0,-3.4292,-4.9640,3.0000
7,scouts,1,-4.9546,-3.4357,3.0000
7,scouts,2,-6.4894,-4.9314,3.0000
7,scouts,3,-4.9439,-6.4651,3.0000
7,scouts,4,6.4894,-4.9314,3.0000
7,scouts,5,4.9546,-3.4357,3.0000
7,scouts,6,3.4292,-4.9640,3.0000
7,scouts,7,4.9439,-6.4651,3.0000
7,scouts,8,-3.5106,4.9314,3.0000
7,scouts,9,-5.0561,6.4651,3.0000
7,scouts,10,-6.5708,4.9640,3.0000
7,scouts,11,-5.0454,3.4357,3.0000
7,scouts,12,6.5708,4.9640,3.0000
7,scouts,13,5.0561,6.4651,3.0000
7,scouts,14,3.5106,4.9314,3.0000
7,scouts,15,5.0454,3.4357,3.0000
7,workers,0,-3.0000,-5.0000,3.0000
7,workers,1,7.0000,-5.0000,3.0000
7,workers,2,-3.0000,5.0000,3.0000
7,workers,3,7.0000,5.0000,3.0000
8,general,0,0.0000,0.0000,5.0000
8,nodes,0,-4.9587,-4.9575,3.0000
8,nodes,1,4.9588,-4.9573,3.0000
8,nodes,2,-5.0412,4.9573,3.0000
8,nodes,3,5.0412,4.9571,3.0000
8,scouts,0,-3.4148,-4.9567,3.0000
8,scouts,1,-4.9454,-3.4227,3.0000
8,scouts,2,-6.4872,-4.9175,3.0000
8,scouts,3,-4.9326,-6.4580,3.0000
8,scouts,4,6.4872,-4.9175,3.0000
8,scouts,5,4.9454,-3.4227,3.0000
8,scouts,6,3.4148,-4.9567,3.0000
8,scouts,7,4.9326,-6.4580,3.0000
8,scouts,8,-3.5128,4.9175,3.0000
8,scouts,9,-5.0674,6.4580,3.0000
8,scouts,10,-6.5852,4.9567,3.0000
8,scouts,11,-5.0546,3.4227,3.0000
8,scouts,12,6.5852,4.9567,3.0000
8,scouts,13,5.0674,6.4580,3.0000
8,scouts,14,3.5128,4.9175,3.0000
8,scouts,15,5.0546,3.4227,3.0000
8,workers,0,-3.0000,-5.0000,3.0000
8,workers,1,7.0000,-5.0000,3.0000
8,workers,2,-3.0000,5.0000,3.0000
8,workers,3,7.0000,5.0000,3.0000
9,general,0,0.0000,0.0000,5.0000
9,nodes,0,-4.9530,-4.9515,3.0000
9,nodes,1,4.9531,-4.9514,3.0000
9,nodes,2,-5.0468,4.9514,3.0000
9,nodes,3,5.0468,4.9511,3.0000
9,scouts,0,-3.3998,-4.9490,3.0000
9,scouts,1,-4.9357,-3.4090,3.0000
9,scouts,2,-6.4849,-4.9029,3.0000
9,scouts,3,-4.9206,-6.4506,3.0000
9,scouts,4,6.4849,-4.9029,3.0000
9,scouts,5,4.9357,-3.4090,3.0000
9,scouts,6,3.3998,-4.9490,3.0000
9,scouts,7,4.9206,-6.4506,3.0000
9,scouts,8,-3.5151,4.9029,3.0000
9,scouts,9,-5.0794,6.4506,3.0000
9,scouts,10,-6.6002,4.9490,3.0000
9,scouts,11,-5.0643,3.4090,3.0000
9,scouts,12,6.6002,4.9490,3.0000
9,scouts,13,5.0794,6.4506,3.0000
9,scouts,14,3.5151,4.9029,3.0000
9,scouts,15,5.0643,3.4090,3.0000
9,workers,0,-3.0000,-5.0000,3.0000
9,workers,1,7.0000,-5.0000,3.0000
9,workers,2,-3.0000,5.0000,3.0000
9,workers,3,7.0000,5.0000,3.0000
10,general,0,0.0000,0.0000,5.0000
10,nodes,0,-4.9472,-4.9454,3.0000
10,nodes,1,4.9473,-4.9453,3.0000
10,nodes,2,-5.0526,4.9453,3.0000
10,nodes,3,5.0526,4.9450,3.0000
10,scouts,0,-3.3841,-4.9410,3.0000
10,scouts,1,-4.9257,-3.3947,3.0000
10,scouts,2,-6.4825,-4.8876,3.0000
10,scouts,3,-4.9082,-6.4428,3.0000
10,scouts,4,6.4825,-4.8876,3.0000
10,scouts,5,4.9257,-3.3947,3.0000
10,scouts,6,3.3841,-4.9410,3.0000
10,scouts,7,4.9082,-6.4428,3.0000
10,scouts,8,-3.5175,4.8876,3.0000
10,scouts,9,-5.0918,6.4428,3.0000
10,scouts,10,-6.6159,4.9410,3.0000
10,scouts,11,-5.0743,3.3947,3.0000
10,scouts,12,6.6159,4.9410,3.0000
10,scouts,13,5.0918,6.4428,3.0000
10,scouts,14,3.5175,4.8876,3.0000
10,scouts,15,5.0743,3.3947,3.0000
10,workers,0,-3.0000,-5.0000,3.0000
10,workers,1,7.0000,-5.0000,3.0000
10,workers,2,-3.0000,5.0000,3.0000
10,workers,3,7.0000,5.0000,3.0000
11,general,0,0.0000,0.0000,5.0000
11,nodes,0,-4.9414,-4.9392,3.0000
11,nodes,1,4.9415,-4.9391,3.0000
11,nodes,2,-5.0584,4.9390,3.0000
11,nodes,3,5.0585,4.9388,3.0000
11,scouts,0,-3.3678,-4.9327,3.0000
11,scouts,1,-4.9152,-3.3800,3.0000
11,scouts,2,-6.4801,-4.8718,3.0000
11,scouts,3,-4.8953,-6.4348,3.0000
11,scouts,4,6.4801,-4.8718,3.0000
11,scouts,5,4.9152,-3.3800,3.0000
11,scouts,6,3.3678,-4.9327,3.0000
11,scouts,7,4.8953,-6.4348,3.0000
11,scouts,8,-3.5199,4.8718,3.0000
11,scouts,9,-5.1047,6.4348,3.0000
11,scouts,10,-6.6322,4.9327,3.0000
11,scouts,11,-5.0848,3.3800,3.0000
11,scouts,12,6.6322,4.9327,3.0000
11,scouts,13,5.1047,6.4348,3.0000
11,scouts,14,3.5199,4.8718,3.0000
11,scouts,15,5.0848,3.3800,3.0000
11,workers,0,-3.0000,-5.0000,3.0000
11,workers,1,7.0000,-5.0000,3.0000
11,workers,2,-3.0000,5.0000,3.0000
11,workers,3,7.0000,5.0000,3.0000
12,general,0,0.0000,0.0000,5.0000
12,nodes,0,-4.9354,-4.9329,3.0000
12,nodes,1,4.9356,-4.9328,3.0000
12,nodes,2,-5.0644,4.9327,3.0000
12,nodes,3,5.0646,4.9325,3.0000
12,scouts,0,-3.3512,-4.9242,3.0000
12,scouts,1,-4.9045,-3.3648,3.0000
12,scouts,2,-6.4775,-4.8556,3.0000
12,scouts,3,-4.8820,-6.4265,3.0000
12,scouts,4,6.4775,-4.8556,3.0000
12,scouts,5,4.9045,-3.3648,3.0000
12,scouts,6,3.3512,-4.9242,3.0000
12,scouts,7,4.8820,-6.4265,3.0000
12,scouts,8,-3.5225,4.8556,3.0000
12,scouts,9,-5.1180,6.4265,3.0000
12,scouts,10,-6.6488,4.9242,3.0000
12,scouts,11,-5.0955,3.3648,3.0000
12,scouts,12,6.6488,4.9242,3.0000
12,scouts,13,5.1180,6.4265,3.0000
12,scouts,14,3.5225,4.8556,3.0000
12,scouts,15,5.0955,3.3648,3.0000
12,workers,0,-3.0000,-5.0000,3.0000
12,workers,1,7.0000,-5.0000,3.0000
12,workers,2,-3.0000,5.0000,3.0000
12,workers,3,7.0000,5.0000,3.0000
13,general,0,0.0000,0.0000,5.0000
13,nodes,0,-4.9293,-4.9265,3.0000
13,nodes,1,4.9295,-4.9264,3.0000
13,nodes,2,-5.0704,4.9262,3.0000
13,nodes,3,5.0706,4.9261,3.0000
13,scouts,0,-3.3341,-4.9155,3.0000
13,scouts,1,-4.8935,-3.3493,3.0000
13,scouts,2,-6.4749,-4.8389,3.0000
13,scouts,3,-4.8685,-6.4181,3.0000
13,scouts,4,6.4749,-4.8389,3.0000
13,scouts,5,4.8935,-3.3493,3.0000
13,scouts,6,3.3341,-4.9155,3.0000
13,scouts,7,4.8685,-6.4181,3.0000
13,scouts,8,-3.5251,4.8389,3.0000
13,scouts,9,-5.1315,6.4181,3.0000
13,scouts,10,-6.6659,4.9155,3.0000
13,scouts,11,-5.1065,3.3493,3.0000
13,scouts,12,6.6659,4.9155,3.0000
13,scouts,13,5.1316,6.4181,3.0000
13,scouts,14,3.5251,4.8389,3.0000
13,scouts,15,5.1065,3.3493,3.0000
13,workers,0,-3.0000,-5.0000,3.0000
13,workers,1,7.0000,-5.0000,3.0000
13,workers,2,-3.0000,5.0000,3.0000
13,workers,3,7.0000,5.0000,3.0000
14,general,0,0.0000,0.0000,5.0000
14,nodes,0,-4.9232,-4.9199,3.0000
14,nodes,1,4.9233,-4.9199,3.0000
14,nodes,2,-5.0766,4.9197,3.0000
14,nodes,3,5.0768,4.9197,3.0000
14,scouts,0,-3.3167,-4.9065,3.0000
14,scouts,1,-4.8822,-3.3334,3.0000
14,scouts,2,-6.4723,-4.8219,3.0000
14,scouts,3,-4.8546,-6.4094,3.0000
14,scouts,4,6.4723,-4.8219,3.0000
14,scouts,5,4.8822,-3.3334,3.0000
14,scouts,6,3.3167,-4.9065,3.0000
14,scouts,7,4.8546,-6.4094,3.0000
14,scouts,8,-3.5277,4.8219,3.0000
14,scouts,9,-5.1454,6.4094,3.0000
14,scouts,10,-6.6833,4.9065,3.0000
14,scouts,11,-5.1178,3.3334,3.0000
14,scouts,12,6.6833,4.9065,3.0000
14,scouts,13,5.1454,6.4094,3.0000
14,scouts,14,3.5277,4.8219,3.0000
14,scouts,15,5.1178,3.3334,3.0000
14,workers,0,-3.0000,-5.0000,3.0000
14,workers,1,7.0000,-5.0000,3.0000
14,workers,2,-3.0000,5.0000,3.0000
14,workers,3,7.0000,5.0000,3.0000
15,general,0,0.0000,0.0000,5.0000
15,nodes,0,-4.9169,-4.9134,3.0000
15,nodes,1,4.9172,-4.9134,3.0000
15,nodes,2,-5.0828,4.9131,3.0000
15,nodes,3,5.0829,4.9130,3.0000
15,scouts,0,-3.2990,-4.8975,3.0000
15,scouts,1,-4.8708,-3.3173,3.0000
15,scouts,2,-6.4695,-4.8046,3.0000
15,scouts,3,-4.8405,-6.4006,3.0000
15,scouts,4,6.4695,-4.8046,3.0000
15,scouts,5,4.8708,-3.3173,3.0000
15,scouts,6,3.2990,-4.8975,3.0000
15,scouts,7,4.8405,-6.4006,3.0000
15,scouts,8,-3.5305,4.8046,3.0000
15,scouts,9,-5.1595,6.4006,3.0000
15,scouts,10,-6.7010,4.8975,3.0000
15,scouts,11,-5.1292,3.3173,3.0000
15,scouts,12,6.7010,4.8975,3.0000
15,scouts,13,5.1595,6.4006,3.0000
15,scouts,14,3.5305,4.8046,3.0000
15,scouts,15,5.1292,3.3173,3.0000
15,workers,0,-3.0000,-5.0000,3.0000
15,workers,1,7.0000,-5.0000,3.0000
15,workers,2,-3.0000,5.0000,3.0000
15,workers,3,7.0000,5.0000,3.0000
16,general,0,0.0000,0.0000,5.0000
16,nodes,0,-4.9107,-4.9067,3.0000
16,nodes,1,4.9110,-4.9068,3.0000
16,nodes,2,-5.0890,4.9064,3.0000
16,nodes,3,5.0891,4.9064,3.0000
16,scouts,0,-3.2810,-4.8882,3.0000
16,scouts,1,-4.8592,-3.3010,3.0000
16,scouts,2,-6.4668,-4.7870,3.0000
16,scouts,3,-4.8262,-6.3917,3.0000
16,scouts,4,6.4668,-4.7870,3.0000
16,scouts,5,4.8592,-3.3010,3.0000
16,scouts,6,3.2810,-4.8882,3.0000
16,scouts,7,4.8262,-6.3917,3.0000
16,scouts,8,-3.5332,4.7870,3.0000
16,scouts,9,-5.1738,6.3917,3.0000
16,scouts,10,-6.7190,4.8882,3.0000
16,scouts,11,-5.1408,3.3010,3.0000
16,scouts,12,6.7190,4.8882,3.0000
16,scouts,13,5.1738,6.3917,3.0000
16,scouts,14,3.5332,4.7870,3.0000
16,scouts,15,5.1408,3.3010,3.0000
16,workers,0,-3.0000,-5.0000,3.0000
16,workers,1,7.0000,-5.0000,3.0000
16,workers,2,-3.0000,5.0000,3.0000
16,workers,3,7.0000,5.0000,3.0000
17,general,0,0.0000,0.0000,5.0000
17,nodes,0,-4.9044,-4.9001,3.0000
17,nodes,1,4.9048,-4.9001,3.0000
17,nodes,2,-5.0953,4.8997,3.0000
17,nodes,3,5.0954,4.8997,3.0000
17,scouts,0,-3.2628,-4.8789,3.0000
17,scouts,1,-4.8475,-3.2845,3.0000
17,scouts,2,-6.4640,-4.7692,3.0000
17,scouts,3,-4.8117,-6.3827,3.0000
17,scouts,4,6.4640,-4.7692,3.0000
17,scouts,5,4.8475,-3.2845,3.0000
17,scouts,6,3.2628,-4.8789,3.0000
17,scouts,7,4.8117,-6.3827,3.0000
17,scouts,8,-3.5360,4.7692,3.0000
17,scouts,9,-5.1883,6.3827,3.0000
17,scouts,10,-6.7372,4.8789,3.0000
17,scouts,11,-5.1525,3.2845,3.0000
17,scouts,12,6.7372,4.8789,3.0000
17,scouts,13,5.1883,6.3827,3.0000
17,scouts,14,3.5360,4.7692,3.0000
17,scouts,15,5.1525,3.2844,3.0000
17,workers,0,-3.0000,-5.0000,3.0000
17,workers,1,7.0000,-5.0000,3.0000
17,workers,2,-3.0000,5.0000,3.0000
17,workers,3,7.0000,5.0000,3.0000
18,general,0,0.0000,0.0000,5.0000
18,nodes,0,-4.8981,-4.8933,3.0000
18,nodes,1,4.8984,-4.8933,3.0000
18,nodes,2,-5.1017,4.8930,3.0000
18,nodes,3,5.1017,4.8930,3.0000
18,scouts,0,-3.2445,-4.8695,3.0000
18,scouts,1,-4.8356,-3.2678,3.0000
18,scouts,2,-6.4611,-4.7512,3.0000
18,scouts,3,-4.7970,-6.3735,3.0000
18,scouts,4,6.4611,-4.7512,3.0000
18,scouts,5,4.8356,-3.2677,3.0000
18,scouts,6,3.2445,-4.8695,3.0000
18,scouts,7,4.7970,-6.3735,3.0000
18,scouts,8,-3.5389,4.7512,3.0000
18,scouts,9,-5.2030,6.3735,3.0000
18,scouts,10,-6.7555,4.8695,3.0000
18,scouts,11,-5.1644,3.2677,3.0000
18,scouts,12,6.7555,4.8695,3.0000
18,scouts,13,5.2030,6.3735,3.0000
18,scouts,14,3.5389,4.7512,3.0000
18,scouts,15,5.1644,3.2677,3.0000
18,workers,0,-3.0000,-5.0000,3.0000
18,workers,1,7.0000,-5.0000,3.0000
18,workers,2,-3.0000,5.0000,3.0000
18,workers,3,7.0000,5.0000,3.0000
19,general,0,0.0000,0.0000,5.0000
19,nodes,0,-4.8916,-4.8864,3.0000
19,nodes,1,4.8921,-4.8866,3.0000
19,nodes,2,-5.1081,4.8861,3.0000
19,nodes,3,5.1080,4.8863,3.0000
19,scouts,0,-3.2260,-4.8599,3.0000
19,scouts,1,-4.8236,-3.2509,3.0000
19,scouts,2,-6.4583,-4.7330,3.0000
19,scouts,3,-4.7822,-6.3643,3.0000
19,scouts,4,6.4583,-4.7330,3.0000
19,scouts,5,4.8236,-3.2509,3.0000
19,scouts,6,3.2260,-4.8599,3.0000
19,scouts,7,4.7822,-6.3643,3.0000
19,scouts,8,-3.5417,4.7330,3.0000
19,scouts,9,-5.2178,6.3643,3.0000
19,scouts,10,-6.7740,4.8599,3.0000
19,scouts,11,-5.1764,3.2509,3.0000
19,scouts,12,6.7740,4.8599,3.0000
19,scouts,13,5.2178,6.3643,3.0000
19,scouts,14,3.5417,4.7330,3.0000
19,scouts,15,5.1764,3.2509,3.0000
19,workers,0,-3.0000,-5.0000,3.0000
19,workers,1,7.0000,-5.0000,3.0000
19,workers,2,-3.0000,5.0000,3.0000
19,workers,3,7.0000,5.0000,3.0000
20,general,0,0.0000,0.0000,5.0000
20,nodes,0,-4.8853,-4.8797,3.0000
20,nodes,1,4.8857,-4.8797,3.0000
20,nodes,2,-5.1145,4.8794,3.0000
20,nodes,3,5.1144,4.8795,3.0000
20,scouts,0,-3.2074,-4.8503,3.0000
20,scouts,1,-4.8115,-3.2339,3.0000
20,scouts,2,-6.4554,-4.7146,3.0000
20,scouts,3,-4.7673,-6.3550,3.0000
20,scouts,4,6.4554,-4.7146,3.0000
20,scouts,5,4.8115,-3.2339,3.0000
20,scouts,6,3.2074,-4.8503,3.0000
20,scouts,7,4.7673,-6.3550,3.0000
20,scouts,8,-3.5446,4.7146,3.0000
20,scouts,9,-5.2327,6.3550,3.0000
20,scouts,10,-6.7926,4.8503,3.0000
20,scouts,11,-5.1885,3.2339,3.0000
20,scouts,12,6.7926,4.8503,3.0000
20,scouts,13,5.2327,6.3550,3.0000
20,scouts,14,3.5446,4.7146,3.0000
20,scouts,15,5.1885,3.2339,3.0000
20,workers,0,-3.0000,-5.0000,3.0000
20,workers,1,7.0000,-5.0000,3.0000
20,workers,2,-3.0000,5.0000,3.0000
20,workers,3,7.0000,5.0000,3.0000
21,general,0,0.0000,0.0000,5.0000
21,nodes,0,-4.8789,-4.8729,3.0000
21,nodes,1,4.8793,-4.8729,3.0000
21,nodes,2,-5.1210,4.8726,3.0000
21,nodes,3,5.1208,4.8726,3.0000
21,scouts,0,-3.1887,-4.8406,3.0000
21,scouts,1,-4.7993,-3.2169,3.0000
21,scouts,2,-6.4524,-4.6961,3.0000
21,scouts,3,-4.7523,-6.3457,3.0000
21,scouts,4,6.4524,-4.6961,3.0000
21,scouts,5,4.7993,-3.2169,3.0000
21,scouts,6,3.1887,-4.8406,3.0000
21,scouts,7,4.7523,-6.3457,3.0000
21,scouts,8,-3.5475,4.6961,3.0000
21,scouts,9,-5.2477,6.3457,3.0000
21,scouts,10,-6.8113,4.8406,3.0000
21,scouts,11,-5.2007,3.2169,3.0000
21,scouts,12,6.8113,4.8406,3.0000
21,scouts,13,5.2477,6.3457,3.0000
21,scouts,14,3.5475,4.6961,3.0000
21,scouts,15,5.2007,3.2169,3.0000
21,workers,0,-3.0000,-5.0000,3.0000
21,workers,1,7.0000,-5.0000,3.0000
21,workers,2,-3.0000,5.0000,3.0000
21,workers,3,7.0000,5.0000,3.0000
22,general,0,0.0000,0.0000,5.0000
22,nodes,0,-4.8724,-4.8659,3.0000
22,nodes,1,4.8728,-4.8661,3.0000
22,nodes,2,-5.1273,4.8657,3.0000
22,nodes,3,5.1272,4.8658,3.0000
22,scouts,0,-3.1699,-4.8309,3.0000
22,scouts,1,-4.7871,-3.1997,3.0000
22,scouts,2,-6.4495,-4.6775,3.0000
22,scouts,3,-4.7372,-6.3363,3.0000
22,scouts,4,6.4495,-4.6775,3.0000
22,scouts,5,4.7871,-3.1997,3.0000
22,scouts,6,3.1699,-4.8309,3.0000
22,scouts,7,4.7372,-6.3363,3.0000
22,scouts,8,-3.5505,4.6775,3.0000
22,scouts,9,-5.2628,6.3363,3.0000
22,scouts,10,-6.8301,4.8309,3.0000
22,scouts,11,-5.2129,3.1997,3.0000
22,scouts,12,6.8301,4.8309,3.0000
22,scouts,13,5.2628,6.3363,3.0000
22,scouts,14,3.5505,4.6775,3.0000
22,scouts,15,5.2129,3.1997,3.0000
22,workers,0,-3.0000,-5.0000,3.0000
22,workers,1,7.0000,-5.0000,3.0000
22,workers,2,-3.0000,5.0000,3.0000
22,workers,3,7.0000,5.0000,3.0000
23,general,0,0.0000,0.0000,5.0000
23,nodes,0,-4.8660,-4.8591,3.0000
23,nodes,1,4.8663,-4.8591,3.0000
23,nodes,2,-5.1338,4.8589,3.0000
23,nodes,3,5.1337,4.8590,3.0000
23,scouts,0,-3.1510,-4.8211,3.0000
23,scouts,1,-4.7748,-3.1825,3.0000
23,scouts,2,-6.4465,-4.6588,3.0000
23,scouts,3,-4.7221,-6.3268,3.0000
23,scouts,4,6.4465,-4.6588,3.0000
23,scouts,5,4.7748,-3.1825,3.0000
23,scouts,6,3.1510,-4.8211,3.0000
23,scouts,7,4.7221,-6.3268,3.0000
23,scouts,8,-3.5535,4.6588,3.0000
23,scouts,9,-5.2780,6.3268,3.0000
23,scouts,10,-6.8490,4.8211,3.0000
23,scouts,11,-5.2252,3.1825,3.0000
23,scouts,12,6.8490,4.8211,3.0000
23,scouts,13,5.2780,6.3268,3.0000
23,scouts,14,3.5535,4.6588,3.0000
23,scouts,15,5.2252,3.1825,3.0000
23,workers,0,-3.0000,-5.0000,3.0000
23,workers,1,7.0000,-5.0000,3.0000
23,workers,2,-3.0000,5.0000,3.0000
23,workers,3,7.0000,5.0000,3.0000
24,general,0,0.0000,0.0000,5.0000
24,nodes,0,-4.8596,-4.8522,3.0000
24,nodes,1,4.8597,-4.8522,3.0000
24,nodes,2,-5.1402,4.8520,3.0000
24,nodes,3,5.1401,4.8521,3.0000
24,scouts,0,-3.1320,-4.8112,3.0000
24,scouts,1,-4.7624,-3.1652,3.0000
24,scouts,2,-6.4436,-4.6400,3.0000
24,scouts,3,-4.7068,-6.3173,3.0000
24,scouts,4,6.4436,-4.6400,3.0000
24,scouts,5,4.7624,-3.1652,3.0000
24,scouts,6,3.1320,-4.8112,3.0000
24,scouts,7,4.7068,-6.3173,3.0000
24,scouts,8,-3.5564,4.6400,3.0000
24,scouts,9,-5.2932,6.3173,3.0000
24,scouts,10,-6.8680,4.8112,3.0000
24,scouts,11,-5.2376,3.1652,3.0000
24,scouts,12,6.8680,4.8112,3.0000
24,scouts,13,5.2932,6.3173,3.0000
24,scouts,14,3.5564,4.6400,3.0000
24,scouts,15,5.2376,3.1652,3.0000
24,workers,0,-3.0000,-5.0000,3.0000
24,workers,1,7.0000,-5.0000,3.0000
24,workers,2,-3.0000,5.0000,3.0000
24,workers,3,7.0000,5.0000,3.0000
25,general,0,0.0000,0.0000,5.0000
25,nodes,0,-4.8531,-4.8453,3.0000
25,nodes,1,4.8533,-4.8453,3.0000
25,nodes,2,-5.1467,4.8450,3.0000
25,nodes,3,5.1466,4.8452,3.0000
25,scouts,0,-3.1131,-4.8013,3.0000
25,scouts,1,-4.7500,-3.1479,3.0000
25,scouts,2,-6.4406,-4.6211,3.0000
25,scouts,3,-4.6915,-6.3078,3.0000
25,scouts,4,6.4406,-4.6211,3.0000
25,scouts,5,4.7500,-3.1479,3.0000
25,scouts,6,3.1131,-4.8013,3.0000
25,scouts,7,4.6915,-6.3077,3.0000
25,scouts,8,-3.5594,4.6211,3.0000
25,scouts,9,-5.3085,6.3077,3.0000
25,scouts,10,-6.8869,4.8013,3.0000
25,scouts,11,-5.2500,3.1479,3.0000
25,scouts,12,6.8869,4.8013,3.0000
25,scouts,13,5.3085,6.3077,3.0000
25,scouts,14,3.5594,4.6211,3.0000
25,scouts,15,5.2500,3.1479,3.0000
25,workers,0,-3.0000,-5.0000,3.0000
25,workers,1,7.0000,-5.0000,3.0000
25,workers,2,-3.0000,5.0000,3.0000
25,workers,3,7.0000,5.0000,3.0000
26,general,0,0.0000,0.0000,5.0000
26,nodes,0,-4.8466,-4.8383,3.0000
26,nodes,1,4.8468,-4.8384,3.0000
26,nodes,2,-5.1532,4.8381,3.0000
26,nodes,3,5.1532,4.8382,3.0000
26,scouts,0,-3.0940,-4.7914,3.0000
26,scouts,1,-4.7376,-3.1305,3.0000
26,scouts,2,-6.4375,-4.6021,3.0000
26,scouts,3,-4.6762,-6.2982,3.0000
26,scouts,4,6.4376,-4.6021,3.0000
26,scouts,5,4.7376,-3.1305,3.0000
26,scouts,6,3.0940,-4.7914,3.0000
26,scouts,7,4.6762,-6.2982,3.0000
26,scouts,8,-3.5624,4.6021,3.0000
26,scouts,9,-5.3238,6.2982,3.0000
26,scouts,10,-6.9060,4.7914,3.0000
26,scouts,11,-5.2624,3.1305,3.0000
26,scouts,12,6.9060,4.7914,3.0000
26,scouts,13,5.3238,6.2982,3.0000
26,scouts,14,3.5624,4.6022,3.0000
26,scouts,15,5.2624,3.1305,3.0000
26,workers,0,-3.0000,-5.0000,3.0000
26,workers,1,7.0000,-5.0000,3.0000
26,workers,2,-3.0000,5.0000,3.0000
26,workers,3,7.0000,5.0000,3.0000
27,general,0,0.0000,0.0000,5.0000
27,nodes,0,-4.8400,-4.8314,3.0000
27,nodes,1,4.8403,-4.8314,3.0000
27,nodes,2,-5.1597,4.8311,3.0000
27,nodes,3,5.1595,4.8313,3.0000
27,scouts,0,-3.0750,-4.7814,3.0000
27,scouts,1,-4.7251,-3.1131,3.0000
27,scouts,2,-6.4345,-4.5831,3.0000
27,scouts,3,-4.6608,-6.2886,3.0000
27,scouts,4,6.4345,-4.5831,3.0000
27,scouts,5,4.7251,-3.1131,3.0000
27,scouts,6,3.0750,-4.7814,3.0000
27,scouts,7,4.6608,-6.2886,3.0000
27,scouts,8,-3.5655,4.5831,3.0000
27,scouts,9,-5.3392,6.2886,3.0000
27,scouts,10,-6.9250,4.7814,3.0000
27,scouts,11,-5.2749,3.1131,3.0000
27,scouts,12,6.9250,4.7814,3.0000
27,scouts,13,5.3392,6.2886,3.0000
27,scouts,14,3.5655,4.5831,3.0000
27,scouts,15,5.2749,3.1131,3.0000
27,workers,0,-3.0000,-5.0000,3.0000
27,workers,1,7.0000,-5.0000,3.0000
27,workers,2,-3.0000,5.0000,3.0000
27,workers,3,7.0000,5.0000,3.0000
28,general,0,0.0000,0.0000,5.0000
28,nodes,0,-4.8336,-4.8245,3.0000
28,nodes,1,4.8337,-4.8245,3.0000
28,nodes,2,-5.1663,4.8243,3.0000
28,nodes,3,5.1662,4.8244,3.0000
28,scouts,0,-3.0559,-4.7715,3.0000
28,scouts,1,-4.7126,-3.0957,3.0000
28,scouts,2,-6.4315,-4.5640,3.0000
28,scouts,3,-4.6454,-6.2789,3.0000
28,scouts,4,6.4315,-4.5640,3.0000
28,scouts,5,4.7126,-3.0957,3.0000
28,scouts,6,3.0560,-4.7715,3.0000
28,scouts,7,4.6454,-6.2789,3.0000
28,scouts,8,-3.5685,4.5640,3.0000
28,scouts,9,-5.3546,6.2789,3.0000
28,scouts,10,-6.9441,4.7715,3.0000
28,scouts,11,-5.2874,3.0957,3.0000
28,scouts,12,6.9441,4.7715,3.0000
28,scouts,13,5.3546,6.2789,3.0000
28,scouts,14,3.5685,4.5640,3.0000
28,scouts,15,5.2874,3.0957,3.0000
28,workers,0,-3.0000,-5.0000,3.0000
28,workers,1,7.0000,-5.0000,3.0000
28,workers,2,-3.0000,5.0000,3.0000
28,workers,3,7.0000,5.0000,3.0000
29,general,0,0.0000,0.0000,5.0000
29,nodes,0,-4.8271,-4.8176,3.0000
29,nodes,1,4.8272,-4.8175,3.0000
29,nodes,2,-5.1729,4.8173,3.0000
29,nodes,3,5.1726,4.8173,3.0000
29,scouts,0,-3.0369,-4.7614,3.0000
29,scouts,1,-4.7001,-3.0782,3.0000
29,scouts,2,-6.4284,-4.5449,3.0000
29,scouts,3,-4.6300,-6.2693,3.0000
29,scouts,4,6.4284,-4.5449,3.0000
29,scouts,5,4.7001,-3.0782,3.0000
29,scouts,6,3.0369,-4.7614,3.0000
29,scouts,7,4.6300,-6.2693,3.0000
29,scouts,8,-3.5716,4.5449,3.0000
29,scouts,9,-5.3700,6.2693,3.0000
29,scouts,10,-6.9631,4.7615,3.0000
29,scouts,11,-5.2999,3.0782,3.0000
29,scouts,12,6.9631,4.7615,3.0000
29,scouts,13,5.3700,6.2693,3.0000
29,scouts,14,3.5716,4.5449,3.0000
29,scouts,15,5.2999,3.0782,3.0000
29,workers,0,-3.0000,-5.0000,3.0000
29,workers,1,7.0000,-5.0000,3.0000
29,workers,2,-3.0000,5.0000,3.0000
29,workers,3,7.0000,5.0000,3.0000
30,general,0,0.0000,0.0000,5.0000
30,nodes,0,-4.8205,-4.8106,3.0000
30,nodes,1,4.8206,-4.8106,3.0000
30,nodes,2,-5.1794,4.8104,3.0000
30,nodes,3,5.1792,4.8104,3.0000
30,scouts,0,-3.0178,-4.7514,3.0000
30,scouts,1,-4.6876,-3.0608,3.0000
30,scouts,2,-6.4254,-4.5257,3.0000
30,scouts,3,-4.6145,-6.2596,3.0000
30,scouts,4,6.4254,-4.5257,3.0000
30,scouts,5,4.6876,-3.0608,3.0000
30,scouts,6,3.0178,-4.7514,3.0000
30,scouts,7,4.6145,-6.2596,3.0000
30,scouts,8,-3.5746,4.5257,3.0000
30,scouts,9,-5.3855,6.2596,3.0000
30,scouts,10,-6.9822,4.7514,3.0000
30,scouts,11,-5.3124,3.0607,3.0000
30,scouts,12,6.9822,4.7514,3.0000
30,scouts,13,5.3855,6.2596,3.0000
30,scouts,14,3.5746,4.5257,3.0000
30,scouts,15,5.3124,3.0607,3.0000
30,workers,0,-3.0000,-5.0000,3.0000
30,workers,1,7.0000,-5.0000,3.0000
30,workers,2,-3.0000,5.0000,3.0000
30,workers,3,7.0000,5.0000,3.0000
31,general,0,0.0000,0.0000,5.0000
31,nodes,0,-4.8140,-4.8035,3.0000
31,nodes,1,4.8141,-4.8036,3.0000
31,nodes,2,-5.1860,4.8033,3.0000
31,nodes,3,5.1857,4.8034,3.0000
31,scouts,0,-2.9987,-4.7414,3.0000
31,scouts,1,-4.6750,-3.0433,3.0000
31,scouts,2,-6.4223,-4.5065,3.0000
31,scouts,3,-4.5990,-6.2500,3.0000
31,scouts,4,6.4223,-4.5065,3.0000
31,scouts,5,4.6750,-3.0433,3.0000
31,scouts,6,2.9987,-4.7414,3.0000
31,scouts,7,4.5990,-6.2500,3.0000
31,scouts,8,-3.5777,4.5065,3.0000
31,scouts,9,-5.4010,6.2500,3.0000
31,scouts,10,-7.0013,4.7414,3.0000
31,scouts,11,-5.3250,3.0433,3.0000
31,scouts,12,7.0013,4.7414,3.0000
31,scouts,13,5.4010,6.2499,3.0000
31,scouts,14,3.5777,4.5065,3.0000
31,scouts,15,5.3250,3.0433,3.0000
31,workers,0,-3.0000,-5.0000,3.0000
31,workers,1,7.0000,-5.0000,3.0000
31,workers,2,-3.0000,5.0000,3.0000
31,workers,3,7.0000,5.0000,3.0000
32,general,0,0.0000,0.0000,5.0000
32,nodes,0,-4.8074,-4.7967,3.0000
32,nodes,1,4.8076,-4.7966,3.0000
32,nodes,2,-5.1925,4.7964,3.0000
32,nodes,3,5.1924,4.7964,3.0000
32,scouts,0,-2.9797,-4.7313,3.0000
32,scouts,1,-4.6625,-3.0258,3.0000
32,scouts,2,-6.4192,-4.4873,3.0000
32,scouts,3,-4.5835,-6.2403,3.0000
32,scouts,4,6.4192,-4.4873,3.0000
32,scouts,5,4.6625,-3.0258,3.0000
32,scouts,6,2.9797,-4.7313,3.0000
32,scouts,7,4.5835,-6.2403,3.0000
32,scouts,8,-3.5808,4.4873,3.0000
32,scouts,9,-5.4165,6.2403,3.0000
32,scouts,10,-7.0203,4.7313,3.0000
32,scouts,11,-5.3375,3.0258,3.0000
32,scouts,12,7.0203,4.7313,3.0000
32,scouts,13,5.4165,6.2403,3.0000
32,scouts,14,3.5808,4.4873,3.0000
32,scouts,15,5.3375,3.0258,3.0000
32,workers,0,-3.0000,-5.0000,3.0000
32,workers,1,7.0000,-5.0000,3.0000
32,workers,2,-3.0000,5.0000,3.0000
32,workers,3,7.0000,5.0000,3.0000
33,general,0,0.0000,0.0000,5.0000
33,nodes,0,-4.8008,-4.7897,3.0000
33,nodes,1,4.8011,-4.7897,3.0000
33,nodes,2,-5.1989,4.7894,3.0000
33,nodes,3,5.1989,4.7895,3.0000
33,scouts,0,-2.9606,-4.7212,3.0000
33,scouts,1,-4.6499,-3.0083,3.0000
33,scouts,2,-6.4161,-4.4680,3.0000
33,scouts,3,-4.5680,-6.2306,3.0000
33,scouts,4,6.4161,-4.4680,3.0000
33,scouts,5,4.6499,-3.0083,3.0000
33,scouts,6,2.9606,-4.7212,3.0000
33,scouts,7,4.5680,-6.2305,3.0000
33,scouts,8,-3.5839,4.4680,3.0000
33,scouts,9,-5.4320,6.2305,3.0000
33,scouts,10,-7.0394,4.7212,3.0000
33,scouts,11,-5.3501,3.0083,3.0000
33,scouts,12,7.0394,4.7212,3.0000
33,scouts,13,5.4320,6.2305,3.0000
33,scouts,14,3.5839,4.4680,3.0000
33,scouts,15,5.3501,3.0083,3.0000
33,workers,0,-3.0000,-5.0000,3.0000
33,workers,1,7.0000,-5.0000,3.0000
33,workers,2,-3.0000,5.0000,3.0000
33,workers,3,7.0000,5.0000,3.0000
34,general,0,0.0000,0.0000,5.0000
34,nodes,0,-4.7943,-4.7827,3.0000
34,nodes,1,4.7945,-4.7827,3.0000
34,nodes,2,-5.2055,4.7824,3.0000
34,nodes,3,5.2054,4.7825,3.0000
34,scouts,0,-2.9416,-4.7111,3.0000
34,scouts,1,-4.6373,-2.9908,3.0000
34,scouts,2,-6.4130,-4.4487,3.0000
34,scouts,3,-4.5525,-6.2208,3.0000
34,scouts,4,6.4130,-4.4487,3.0000
34,scouts,5,4.6373,-2.9908,3.0000
34,scouts,6,2.9416,-4.7111,3.0000
34,scouts,7,4.5525,-6.2208,3.0000
34,scouts,8,-3.5870,4.4487,3.0000
34,scouts,9,-5.4475,6.2208,3.0000
34,scouts,10,-7.0584,4.7111,3.0000
34,scouts,11,-5.3627,2.9908,3.0000
34,scouts,12,7.0584,4.7111,3.0000
34,scouts,13,5.4475,6.2208,3.0000
34,scouts,14,3.5870,4.4487,3.0000
34,scouts,15,5.3627,2.9908,3.0000
34,workers,0,-3.0000,-5.0000,3.0000
34,workers,1,7.0000,-5.0000,3.0000
34,workers,2,-3.0000,5.0000,3.0000
34,workers,3,7.0000,5.0000,3.0000
35,general,0,0.0000,0.0000,5.0000
35,nodes,0,-4.7878,-4.7758,3.0000
35,nodes,1,4.7881,-4.7757,3.0000
35,nodes,2,-5.2121,4.7754,3.0000
35,nodes,3,5.2120,4.7754,3.0000
35,scouts,0,-2.9225,-4.7010,3.0000
35,scouts,1,-4.6247,-2.9734,3.0000
35,scouts,2,-6.4099,-4.4293,3.0000
35,scouts,3,-4.5370,-6.2111,3.0000
35,scouts,4,6.4099,-4.4293,3.0000
35,scouts,5,4.6247,-2.9734,3.0000
35,scouts,6,2.9225,-4.7010,3.0000
35,scouts,7,4.5370,-6.2111,3.0000
35,scouts,8,-3.5901,4.4294,3.0000
35,scouts,9,-5.4630,6.2111,3.0000
35,scouts,10,-7.0775,4.7010,3.0000
35,scouts,11,-5.3753,2.9734,3.0000
35,scouts,12,7.0775,4.7010,3.0000
35,scouts,13,5.4630,6.2111,3.0000
35,scouts,14,3.5901,4.4294,3.0000
35,scouts,15,5.3753,2.9734,3.0000
35,workers,0,-3.0000,-5.0000,3.0000
35,workers,1,7.0000,-5.0000,3.0000
35,workers,2,-3.0000,5.0000,3.0000
35,workers,3,7.0000,5.0000,3.0000
36,general,0,0.0000,0.0000,5.0000
36,nodes,0,-4.7813,-4.7688,3.0000
36,nodes,1,4.7815,-4.7687,3.0000
36,nodes,2,-5.2186,4.7684,3.0000
36,nodes,3,5.2186,4.7684,3.0000
36,scouts,0,-2.9035,-4.6909,3.0000
36,scouts,1,-4.6121,-2.9559,3.0000
36,scouts,2,-6.4068,-4.4100,3.0000
36,scouts,3,-4.5215,-6.2014,3.0000
36,scouts,4,6.4068,-4.4100,3.0000
36,scouts,5,4.6121,-2.9559,3.0000
36,scouts,6,2.9035,-4.6909,3.0000
36,scouts,7,4.5215,-6.2014,3.0000
36,scouts,8,-3.5932,4.4100,3.0000
36,scouts,9,-5.4785,6.2014,3.0000
36,scouts,10,-7.0965,4.6909,3.0000
36,scouts,11,-5.3879,2.9559,3.0000
36,scouts,12,7.0965,4.6909,3.0000
36,scouts,13,5.4785,6.2013,3.0000
36,scouts,14,3.5932,4.4100,3.0000
36,scouts,15,5.3879,2.9559,3.0000
36,workers,0,-3.0000,-5.0000,3.0000
36,workers,1,7.0000,-5.0000,3.0000
36,workers,2,-3.0000,5.0000,3.0000
36,workers,3,7.0000,5.0000,3.0000
37,general,0,0.0000,0.0000,5.0000
37,nodes,0,-4.7747,-4.7618,3.0000
37,nodes,1,4.7749,-4.7617,3.0000
37,nodes,2,-5.2251,4.7614,3.0000
37,nodes,3,5.2250,4.7614,3.0000
37,scouts,0,-2.8845,-4.6808,3.0000
37,scouts,1,-4.5996,-2.9384,3.0000
37,scouts,2,-6.4037,-4.3906,3.0000
37,scouts,3,-4.5059,-6.1916,3.0000
37,scouts,4,6.4037,-4.3906,3.0000
37,scouts,5,4.5996,-2.9384,3.0000
37,scouts,6,2.8845,-4.6808,3.0000
37,scouts,7,4.5059,-6.1916,3.0000
37,scouts,8,-3.5963,4.3906,3.0000
37,scouts,9,-5.4941,6.1916,3.0000
37,scouts,10,-7.1155,4.6808,3.0000
37,scouts,11,-5.4004,2.9384,3.0000
37,scouts,12,7.1155,4.6808,3.0000
37,scouts,13,5.4941,6.1916,3.0000
37,scouts,14,3.5963,4.3906,3.0000
37,scouts,15,5.4004,2.9384,3.0000
37,workers,0,-3.0000,-5.0000,3.0000
37,workers,1,7.0000,-5.0000,3.0000
37,workers,2,-3.0000,5.0000,3.0000
37,workers,3,7.0000,5.0000,3.0000
38,general,0,0.0000,0.0000,5.0000
38,nodes,0,-4.7682,-4.7548,3.0000
38,nodes,1,4.7683,-4.7547,3.0000
38,nodes,2,-5.2316,4.7544,3.0000
38,nodes,3,5.2316,4.7545,3.0000
38,scouts,0,-2.8655,-4.6707,3.0000
38,scouts,1,-4.5870,-2.9210,3.0000
38,scouts,2,-6.4006,-4.3712,3.0000
38,scouts,3,-4.4904,-6.1819,3.0000
38,scouts,4,6.4006,-4.3712,3.0000
38,scouts,5,4.5870,-2.9210,3.0000
38,scouts,6,2.8655,-4.6707,3.0000
38,scouts,7,4.4904,-6.1819,3.0000
38,scouts,8,-3.5994,4.3712,3.0000
38,scouts,9,-5.5096,6.1818,3.0000
38,scouts,10,-7.1345,4.6707,3.0000
38,scouts,11,-5.4130,2.9210,3.0000
38,scouts,12,7.1345,4.6707,3.0000
38,scouts,13,5.5096,6.1818,3.0000
38,scouts,14,3.5994,4.3712,3.0000
38,scouts,15,5.4130,2.9210,3.0000
38,workers,0,-3.0000,-5.0000,3.0000
38,workers,1,7.0000,-5.0000,3.0000
38,workers,2,-3.0000,5.0000,3.0000
38,workers,3,7.0000,5.0000,3.0000
39,general,0,0.0000,0.0000,5.0000
39,nodes,0,-4.7616,-4.7477,3.0000
39,nodes,1,4.7618,-4.7477,3.0000
39,nodes,2,-5.2382,4.7475,3.0000
39,nodes,3,5.2381,4.7475,3.0000
39,scouts,0,-2.8466,-4.6605,3.0000
39,scouts,1,-4.5744,-2.9035,3.0000
39,scouts,2,-6.3974,-4.3518,3.0000
39,scouts,3,-4.4749,-6.1721,3.0000
39,scouts,4,6.3974,-4.3518,3.0000
39,scouts,5,4.5744,-2.9035,3.0000
39,scouts,6,2.8466,-4.6605,3.0000
39,scouts,7,4.4749,-6.1721,3.0000
39,scouts,8,-3.6026,4.3518,3.0000
39,scouts,9,-5.5251,6.1721,3.0000
39,scouts,10,-7.1534,4.6605,3.0000
39,scouts,11,-5.4256,2.9035,3.0000
39,scouts,12,7.1534,4.6606,3.0000
39,scouts,13,5.5251,6.1721,3.0000
39,scouts,14,3.6026,4.3518,3.0000
39,scouts,15,5.4256,2.9035,3.0000
39,workers,0,-3.0000,-5.0000,3.0000
39,workers,1,7.0000,-5.0000,3.0000
39,workers,2,-3.0000,5.0000,3.0000
39,workers,3,7.0000,5.0000,3.0000
40,general,0,0.0000,0.0000,5.0000
40,nodes,0,-4.7551,-4.7407,3.0000
40,nodes,1,4.7552,-4.7407,3.0000
40,nodes,2,-5.2446,4.7404,3.0000
40,nodes,3,5.2448,4.7405,3.0000
40,scouts,0,-2.8277,-4.6504,3.0000
40,scouts,1,-4.5618,-2.8861,3.0000
40,scouts,2,-6.3943,-4.3324,3.0000
40,scouts,3,-4.4593,-6.1623,3.0000
40,scouts,4,6.3943,-4.3324,3.0000
40,scouts,5,4.5618,-2.8861,3.0000
40,scouts,6,2.8277,-4.6504,3.0000
40,scouts,7,4.4593,-6.1623,3.0000
40,scouts,8,-3.6057,4.3324,3.0000
40,scouts,9,-5.5407,6.1623,3.0000
40,scouts,10,-7.1723,4.6504,3.0000
40,scouts,11,-5.4382,2.8861,3.0000
40,scouts,12,7.1723,4.6504,3.0000
40,scouts,13,5.5407,6.1623,3.0000
40,scouts,14,3.6057,4.3324,3.0000
40,scouts,15,5.4382,2.8861,3.0000
40,workers,0,-3.0000,-5.0000,3.0000
40,workers,1,7.0000,-5.0000,3.0000
40,workers,2,-3.0000,5.0000,3.0000
40,workers,3,7.0000,5.0000,3.0000
41,general,0,0.0000,0.0000,5.0000
41,nodes,0,-4.7485,-4.7338,3.0000
41,nodes,1,4.7488,-4.7337,3.0000
41,nodes,2,-5.2511,4.7336,3.0000
41,nodes,3,5.2513,4.7335,3.0000
41,scouts,0,-2.8088,-4.6402,3.0000
41,scouts,1,-4.5493,-2.8687,3.0000
41,scouts,2,-6.3911,-4.3129,3.0000
41,scouts,3,-4.4438,-6.1525,3.0000
41,scouts,4,6.3911,-4.3129,3.0000
41,scouts,5,4.5492,-2.8687,3.0000
41,scouts,6,2.8088,-4.6403,3.0000
41,scouts,7,4.4438,-6.1525,3.0000
41,scouts,8,-3.6089,4.3129,3.0000
41,scouts,9,-5.5562,6.1525,3.0000
41,scouts,10,-7.1912,4.6403,3.0000
41,scouts,11,-5.4508,2.8687,3.0000
41,scouts,12,7.1912,4.6403,3.0000
41,scouts,13,5.5562,6.1525,3.0000
41,scouts,14,3.6089,4.3129,3.0000
41,scouts,15,5.4508,2.8687,3.0000
41,workers,0,-3.0000,-5.0000,3.0000
41,workers,1,7.0000,-5.0000,3.0000
41,workers,2,-3.0000,5.0000,3.0000
41,workers,3,7.0000,5.0000,3.0000
42,general,0,0.0000,0.0000,5.0000
42,nodes,0,-4.7420,-4.7267,3.0000
42,nodes,1,4.7422,-4.7267,3.0000
42,nodes,2,-5.2577,4.7265,3.0000
42,nodes,3,5.2578,4.7265,3.0000
42,scouts,0,-2.7899,-4.6301,3.0000
42,scouts,1,-4.5367,-2.8513,3.0000
42,scouts,2,-6.3880,-4.2935,3.0000
42,scouts,3,-4.4283,-6.1428,3.0000
42,scouts,4,6.3880,-4.2935,3.0000
42,scouts,5,4.5367,-2.8513,3.0000
42,scouts,6,2.7899,-4.6301,3.0000
42,scouts,7,4.4283,-6.1428,3.0000
42,scouts,8,-3.6120,4.2935,3.0000
42,scouts,9,-5.5717,6.1428,3.0000
42,scouts,10,-7.2101,4.6301,3.0000
42,scouts,11,-5.4633,2.8513,3.0000
42,scouts,12,7.2101,4.6301,3.0000
42,scouts,13,5.5717,6.1428,3.0000
42,scouts,14,3.6120,4.2935,3.0000
42,scouts,15,5.4633,2.8513,3.0000
42,workers,0,-3.0000,-5.0000,3.0000
42,workers,1,7.0000,-5.0000,3.0000
42,workers,2,-3.0000,5.0000,3.0000
42,workers,3,7.0000,5.0000,3.0000
43,general,0,0.0000,0.0000,5.0000
43,nodes,0,-4.7354,-4.7197,3.0000
43,nodes,1,4.7357,-4.7197,3.0000
43,nodes,2,-5.2643,4.7194,3.0000
43,nodes,3,5.2643,4.7195,3.0000
43,scouts,0,-2.7711,-4.6199,3.0000
43,scouts,1,-4.5241,-2.8339,3.0000
43,scouts,2,-6.3848,-4.2740,3.0000
43,scouts,3,-4.4128,-6.1330,3.0000
43,scouts,4,6.3848,-4.2740,3.0000
43,scouts,5,4.5241,-2.8339,3.0000
43,scouts,6,2.7711,-4.6199,3.0000
43,scouts,7,4.4127,-6.1330,3.0000
43,scouts,8,-3.6152,4.2740,3.0000
43,scouts,9,-5.5873,6.1330,3.0000
43,scouts,10,-7.2289,4.6200,3.0000
43,scouts,11,-5.4759,2.8339,3.0000
43,scouts,12,7.2289,4.6200,3.0000
43,scouts,13,5.5873,6.1330,3.0000
43,scouts,14,3.6152,4.2740,3.0000
43,scouts,15,5.4759,2.8339,3.0000
43,workers,0,-3.0000,-5.0000,3.0000
43,workers,1,7.0000,-5.0000,3.0000
43,workers,2,-3.0000,5.0000,3.0000
43,workers,3,7.0000,5.0000,3.0000
44,general,0,0.0000,0.0000,5.0000
44,nodes,0,-4.7289,-4.7127,3.0000
44,nodes,1,4.7292,-4.7127,3.0000
44,nodes,2,-5.2707,4.7124,3.0000
44,nodes,3,5.2708,4.7125,3.0000
44,scouts,0,-2.7522,-4.6098,3.0000
44,scouts,1,-4.5116,-2.8165,3.0000
44,scouts,2,-6.3816,-4.2545,3.0000
44,scouts,3,-4.3972,-6.1232,3.0000
44,scouts,4,6.3816,-4.2545,3.0000
44,scouts,5,4.5116,-2.8165,3.0000
44,scouts,6,2.7523,-4.6098,3.0000
44,scouts,7,4.3972,-6.1232,3.0000
44,scouts,8,-3.6184,4.2546,3.0000
44,scouts,9,-5.6028,6.1232,3.0000
44,scouts,10,-7.2478,4.6098,3.0000
44,scouts,11,-5.4884,2.8165,3.0000
44,scouts,12,7.2477,4.6098,3.0000
44,scouts,13,5.6028,6.1232,3.0000
44,scouts,14,3.6184,4.2546,3.0000
44,scouts,15,5.4884,2.8165,3.0000
44,workers,0,-3.0000,-5.0000,3.0000
44,workers,1,7.0000,-5.0000,3.0000
44,workers,2,-3.0000,5.0000,3.0000
44,workers,3,7.0000,5.0000,3.0000
45,general,0,0.0000,0.0000,5.0000
45,nodes,0,-4.7223,-4.7057,3.0000
45,nodes,1,4.7228,-4.7057,3.0000
45,nodes,2,-5.2773,4.7054,3.0000
45,nodes,3,5.2774,4.7054,3.0000
45,scouts,0,-2.7335,-4.5996,3.0000
45,scouts,1,-4.4990,-2.7992,3.0000
45,scouts,2,-6.3785,-4.2351,3.0000
45,scouts,3,-4.3817,-6.1134,3.0000
45,scouts,4,6.3785,-4.2351,3.0000
45,scouts,5,4.4990,-2.7992,3.0000
45,scouts,6,2.7335,-4.5996,3.0000
45,scouts,7,4.3817,-6.1134,3.0000
45,scouts,8,-3.6215,4.2351,3.0000
45,scouts,9,-5.6183,6.1134,3.0000
45,scouts,10,-7.2665,4.5996,3.0000
45,scouts,11,-5.5010,2.7992,3.0000
45,scouts,12,7.2665,4.5996,3.0000
45,scouts,13,5.6183,6.1134,3.0000
45,scouts,14,3.6215,4.2351,3.0000
45,scouts,15,5.5010,2.7992,3.0000
45,workers,0,-3.0000,-5.0000,3.0000
45,workers,1,7.0000,-5.0000,3.0000
45,workers,2,-3.0000,5.0000,3.0000
45,workers,3,7.0000,5.0000,3.0000
46,general,0,0.0000,0.0000,5.0000
46,nodes,0,-4.7159,-4.6987,3.0000
46,nodes,1,4.7161,-4.6987,3.0000
46,nodes,2,-5.2838,4.6985,3.0000
46,nodes,3,5.2839,4.6984,3.0000
46,scouts,0,-2.7147,-4.5895,3.0000
46,scouts,1,-4.4865,-2.7818,3.0000
46,scouts,2,-6.3753,-4.2156,3.0000
46,scouts,3,-4.3662,-6.1036,3.0000
46,scouts,4,6.3753,-4.2156,3.0000
46,scouts,5,4.4865,-2.7818,3.0000
46,scouts,6,2.7147,-4.5895,3.0000
46,scouts,7,4.3662,-6.1036,3.0000
46,scouts,8,-3.6247,4.2156,3.0000
46,scouts,9,-5.6338,6.1036,3.0000
46,scouts,10,-7.2853,4.5895,3.0000
46,scouts,11,-5.5135,2.7818,3.0000
46,scouts,12,7.2853,4.5895,3.0000
46,scouts,13,5.6338,6.1036,3.0000
46,scouts,14,3.6247,4.2156,3.0000
46,scouts,15,5.5135,2.7818,3.0000
46,workers,0,-3.0000,-5.0000,3.0000
46,workers,1,7.0000,-5.0000,3.0000
46,workers,2,-3.0000,5.0000,3.0000
46,workers,3,7.0000,5.0000,3.0000
47,general,0,0.0000,0.0000,5.0000
47,nodes,0,-4.7094,-4.6917,3.0000
47,nodes,1,4.7096,-4.6916,3.0000
47,nodes,2,-5.2903,4.6915,3.0000
47,nodes,3,5.2905,4.6914,3.0000
47,scouts,0,-2.6960,-4.5793,3.0000
47,scouts,1,-4.4740,-2.7645,3.0000
47,scouts,2,-6.3721,-4.1961,3.0000
47,scouts,3,-4.3507,-6.0938,3.0000
47,scouts,4,6.3721,-4.1961,3.0000
47,scouts,5,4.4740,-2.7645,3.0000
47,scouts,6,2.6960,-4.5793,3.0000
47,scouts,7,4.3507,-6.0938,3.0000
47,scouts,8,-3.6279,4.1961,3.0000
47,scouts,9,-5.6493,6.0938,3.0000
47,scouts,10,-7.3040,4.5793,3.0000
47,scouts,11,-5.5260,2.7645,3.0000
47,scouts,12,7.3040,4.5793,3.0000
47,scouts,13,5.6493,6.0938,3.0000
47,scouts,14,3.6279,4.1961,3.0000
47,scouts,15,5.5260,2.7645,3.0000
47,workers,0,-3.0000,-5.0000,3.0000
47,workers,1,7.0000,-5.0000,3.0000
47,workers,2,-3.0000,5.0000,3.0000
47,workers,3,7.0000,5.0000,3.0000
48,general,0,0.0000,0.0000,5.0000
48,nodes,0,-4.7029,-4.6848,3.0000
48,nodes,1,4.7031,-4.6846,3.0000
48,nodes,2,-5.2969,4.6845,3.0000
48,nodes,3,5.2970,4.6844,3.0000
48,scouts,0,-2.6773,-4.5691,3.0000
48,scouts,1,-4.4615,-2.7472,3.0000
48,scouts,2,-6.3689,-4.1766,3.0000
48,scouts,3,-4.3352,-6.0839,3.0000
48,scouts,4,6.3689,-4.1766,3.0000
48,scouts,5,4.4614,-2.7472,3.0000
48,scouts,6,2.6773,-4.5691,3.0000
48,scouts,7,4.3352,-6.0839,3.0000
48,scouts,8,-3.6311,4.1766,3.0000
48,scouts,9,-5.6648,6.0839,3.0000
48,scouts,10,-7.3227,4.5691,3.0000
48,scouts,11,-5.5386,2.7472,3.0000
48,scouts,12,7.3227,4.5691,3.0000
48,scouts,13,5.6648,6.0839,3.0000
48,scouts,14,3.6311,4.1766,3.0000
48,scouts,15,5.5386,2.7472,3.0000
48,workers,0,-3.0000,-5.0000,3.0000
48,workers,1,7.0000,-5.0000,3.0000
48,workers,2,-3.0000,5.0000,3.0000
48,workers,3,7.0000,5.0000,3.0000
49,general,0,0.0000,0.0000,5.0000
49,nodes,0,-4.6964,-4.6778,3.0000
49,nodes,1,4.6966,-4.6775,3.0000
49,nodes,2,-5.3033,4.6775,3.0000
49,nodes,3,5.3035,4.6774,3.0000
49,scouts,0,-2.6586,-4.5590,3.0000
49,scouts,1,-4.4490,-2.7299,3.0000
49,scouts,2,-6.3657,-4.1570,3.0000
49,scouts,3,-4.3197,-6.0741,3.0000
49,scouts,4,6.3657,-4.1570,3.0000
49,scouts,5,4.4489,-2.7299,3.0000
49,scouts,6,2.6587,-4.5590,3.0000
49,scouts,7,4.3197,-6.0741,3.0000
49,scouts,8,-3.6343,4.1571,3.0000
49,scouts,9,-5.6803,6.0741,3.0000
49,scouts,10,-7.3414,4.5590,3.0000
49,scouts,11,-5.5511,2.7299,3.0000
49,scouts,12,7.3413,4.5590,3.0000
49,scouts,13,5.6803,6.0741,3.0000
49,scouts,14,3.6343,4.1571,3.0000
49,scouts,15,5.5511,2.7299,3.0000
49,workers,0,-3.0000,-5.0000,3.0000
49,workers,1,7.0000,-5.0000,3.0000
49,workers,2,-3.0000,5.0000,3.0000
49,workers,3,7.0000,5.0000,3.0000
50,general,0,0.0000,0.0000,5.0000
50,nodes,0,-4.6899,-4.6708,3.0000
50,nodes,1,4.6901,-4.6705,3.0000
50,nodes,2,-5.3098,4.6705,3.0000
50,nodes,3,5.3100,4.6704,3.0000
50,scouts,0,-2.6400,-4.5488,3.0000
50,scouts,1,-4.4365,-2.7126,3.0000
50,scouts,2,-6.3625,-4.1375,3.0000
50,scouts,3,-4.3043,-6.0643,3.0000
50,scouts,4,6.3625,-4.1375,3.0000
50,scouts,5,4.4365,-2.7126,3.0000
50,scouts,6,2.6400,-4.5488,3.0000
50,scouts,7,4.3042,-6.0643,3.0000
50,scouts,8,-3.6375,4.1375,3.0000
50,scouts,9,-5.6958,6.0643,3.0000
50,scouts,10,-7.3600,4.5488,3.0000
50,scouts,11,-5.5636,2.7126,3.0000
50,scouts,12,7.3600,4.5488,3.0000
50,scouts,13,5.6958,6.0643,3.0000
50,scouts,14,3.6375,4.1375,3.0000
50,scouts,15,5.5636,2.7126,3.0000
50,workers,0,-3.0000,-5.0000,3.0000
50,workers,1,7.0000,-5.0000,3.0000
50,workers,2,-3.0000,5.0000,3.0000
50,workers,3,7.0000,5.0000,3.0000
51,general,0,0.0000,0.0000,5.0000
51,nodes,0,-4.6834,-4.6638,3.0000
51,nodes,1,4.6835,-4.6635,3.0000
51,nodes,2,-5.3164,4.6634,3.0000
51,nodes,3,5.3165,4.6634,3.0000
51,scouts,0,-2.6214,-4.5386,3.0000
51,scouts,1,-4.4240,-2.6954,3.0000
51,scouts,2,-6.3593,-4.1180,3.0000
51,scouts,3,-4.2888,-6.0545,3.0000
51,scouts,4,6.3593,-4.1180,3.0000
51,scouts,5,4.4240,-2.6954,3.0000
51,scouts,6,2.6214,-4.5386,3.0000
51,scouts,7,4.2888,-6.0545,3.0000
51,scouts,8,-3.6407,4.1180,3.0000
51,scouts,9,-5.7112,6.0545,3.0000
51,scouts,10,-7.3786,4.5386,3.0000
51,scouts,11,-5.5760,2.6954,3.0000
51,scouts,12,7.3786,4.5386,3.0000
51,scouts,13,5.7112,6.0545,3.0000
51,scouts,14,3.6407,4.1180,3.0000
51,scouts,15,5.5760,2.6954,3.0000
51,workers,0,-3.0000,-5.0000,3.0000
51,workers,1,7.0000,-5.0000,3.0000
51,workers,2,-3.0000,5.0000,3.0000
51,workers,3,7.0000,5.0000,3.0000
52,general,0,0.0000,0.0000,5.0000
52,nodes,0,-4.6769,-4.6568,3.0000
52,nodes,1,4.6770,-4.6566,3.0000
52,nodes,2,-5.3230,4.6564,3.0000
52,nodes,3,5.3230,4.6565,3.0000
52,scouts,0,-2.6029,-4.5284,3.0000
52,scouts,1,-4.4115,-2.6781,3.0000
52,scouts,2,-6.3560,-4.0985,3.0000
52,scouts,3,-4.2733,-6.0446,3.0000
52,scouts,4,6.3561,-4.0985,3.0000
52,scouts,5,4.4115,-2.6781,3.0000
52,scouts,6,2.6029,-4.5284,3.0000
52,scouts,7,4.2733,-6.0446,3.0000
52,scouts,8,-3.6439,4.0985,3.0000
52,scouts,9,-5.7267,6.0446,3.0000
52,scouts,10,-7.3971,4.5285,3.0000
52,scouts,11,-5.5885,2.6781,3.0000
52,scouts,12,7.3971,4.5285,3.0000
52,scouts,13,5.7267,6.0446,3.0000
52,scouts,14,3.6439,4.0985,3.0000
52,scouts,15,5.5885,2.6781,3.0000
52,workers,0,-3.0000,-5.0000,3.0000
52,workers,1,7.0000,-5.0000,3.0000
52,workers,2,-3.0000,5.0000,3.0000
52,workers,3,7.0000,5.0000,3.0000
53,general,0,0.0000,0.0000,5.0000
53,nodes,0,-4.6703,-4.6499,3.0000
53,nodes,1,4.6704,-4.6495,3.0000
53,nodes,2,-5.3294,4.6495,3.0000
53,nodes,3,5.3296,4.6494,3.0000
53,scouts,0,-2.5843,-4.5183,3.0000
53,scouts,1,-4.3990,-2.6609,3.0000
53,scouts,2,-6.3528,-4.0790,3.0000
53,scouts,3,-4.2579,-6.0348,3.0000
53,scouts,4,6.3528,-4.0790,3.0000
53,scouts,5,4.3990,-2.6609,3.0000
53,scouts,6,2.5844,-4.5183,3.0000
53,scouts,7,4.2579,-6.0348,3.0000
53,scouts,8,-3.6472,4.0790,3.0000
53,scouts,9,-5.7421,6.0348,3.0000
53,scouts,10,-7.4157,4.5183,3.0000
53,scouts,11,-5.6010,2.6609,3.0000
53,scouts,12,7.4156,4.5183,3.0000
53,scouts,13,5.7421,6.0348,3.0000
53,scouts,14,3.6472,4.0790,3.0000
53,scouts,15,5.6010,2.6609,3.0000
53,workers,0,-3.0000,-5.0000,3.0000
53,workers,1,7.0000,-5.0000,3.0000
53,workers,2,-3.0000,5.0000,3.0000
53,workers,3,7.0000,5.0000,3.0000
54,general,0,0.0000,0.0000,5.0000
54,nodes,0,-4.6639,-4.6428,3.0000
54,nodes,1,4.6640,-4.6426,3.0000
54,nodes,2,-5.3359,4.6424,3.0000
54,nodes,3,5.3361,4.6424,3.0000
54,scouts,0,-2.5659,-4.5081,3.0000
54,scouts,1,-4.3866,-2.6437,3.0000
54,scouts,2,-6.3496,-4.0594,3.0000
54,scouts,3,-4.2424,-6.0249,3.0000
54,scouts,4,6.3496,-4.0594,3.0000
54,scouts,5,4.3866,-2.6437,3.0000
54,scouts,6,2.5659,-4.5081,3.0000
54,scouts,7,4.2424,-6.0249,3.0000
54,scouts,8,-3.6504,4.0594,3.0000
54,scouts,9,-5.7576,6.0249,3.0000
54,scouts,10,-7.4341,4.5081,3.0000
54,scouts,11,-5.6134,2.6437,3.0000
54,scouts,12,7.4341,4.5081,3.0000
54,scouts,13,5.7576,6.0249,3.0000
54,scouts,14,3.6504,4.0594,3.0000
54,scouts,15,5.6134,2.6437,3.0000
54,workers,0,-3.0000,-5.0000,3.0000
54,workers,1,7.0000,-5.0000,3.0000
54,workers,2,-3.0000,5.0000,3.0000
54,workers,3,7.0000,5.0000,3.0000
55,general,0,0.0000,0.0000,5.0000
55,nodes,0,-4.6574,-4.6358,3.0000
55,nodes,1,4.6575,-4.6356,3.0000
55,nodes,2,-5.3425,4.6355,3.0000
55,nodes,3,5.3426,4.6355,3.0000
55,scouts,0,-2.5474,-4.4979,3.0000
55,scouts,1,-4.3742,-2.6265,3.0000
55,scouts,2,-6.3463,-4.0399,3.0000
55,scouts,3,-4.2270,-6.0151,3.0000
55,scouts,4,6.3463,-4.0399,3.0000
55,scouts,5,4.3742,-2.6265,3.0000
55,scouts,6,2.5474,-4.4979,3.0000
55,scouts,7,4.2270,-6.0151,3.0000
55,scouts,8,-3.6537,4.0399,3.0000
55,scouts,9,-5.7730,6.0151,3.0000
55,scouts,10,-7.4526,4.4980,3.0000
55,scouts,11,-5.6258,2.6265,3.0000
55,scouts,12,7.4526,4.4980,3.0000
55,scouts,13,5.7730,6.0151,3.0000
55,scouts,14,3.6537,4.0399,3.0000
55,scouts,15,5.6258,2.6265,3.0000
55,workers,0,-3.0000,-5.0000,3.0000
55,workers,1,7.0000,-5.0000,3.0000
55,workers,2,-3.0000,5.0000,3.0000
55,workers,3,7.0000,5.0000,3.0000
56,general,0,0.0000,0.0000,5.0000
56,nodes,0,-4.6509,-4.6287,3.0000
56,nodes,1,4.6510,-4.6286,3.0000
56,nodes,2,-5.3490,4.6285,3.0000
56,nodes,3,5.3490,4.6284,3.0000
56,scouts,0,-2.5290,-4.4878,3.0000
56,scouts,1,-4.3618,-2.6094,3.0000
56,scouts,2,-6.3431,-4.0203,3.0000
56,scouts,3,-4.2116,-6.0052,3.0000
56,scouts,4,6.3431,-4.0204,3.0000
56,scouts,5,4.3617,-2.6094,3.0000
56,scouts,6,2.5290,-4.4878,3.0000
56,scouts,7,4.2116,-6.0052,3.0000
56,scouts,8,-3.6569,4.0204,3.0000
56,scouts,9,-5.7884,6.0052,3.0000
56,scouts,10,-7.4710,4.4878,3.0000
56,scouts,11,-5.6383,2.6094,3.0000
56,scouts,12,7.4710,4.4878,3.0000
56,scouts,13,5.7884,6.0052,3.0000
56,scouts,14,3.6569,4.0204,3.0000
56,scouts,15,5.6383,2.6094,3.0000
56,workers,0,-3.0000,-5.0000,3.0000
56,workers,1,7.0000,-5.0000,3.0000
56,workers,2,-3.0000,5.0000,3.0000
56,workers,3,7.0000,5.0000,3.0000
57,general,0,0.0000,0.0000,5.0000
57,nodes,0,-4.6443,-4.6218,3.0000
57,nodes,1,4.6445,-4.6216,3.0000
57,nodes,2,-5.3555,4.6216,3.0000
57,nodes,3,5.3555,4.6214,3.0000
57,scouts,0,-2.5106,-4.4776,3.0000
57,scouts,1,-4.3493,-2.5922,3.0000
57,scouts,2,-6.3398,-4.0008,3.0000
57,scouts,3,-4.1962,-5.9954,3.0000
57,scouts,4,6.3398,-4.0008,3.0000
57,scouts,5,4.3493,-2.5922,3.0000
57,scouts,6,2.5106,-4.4776,3.0000
57,scouts,7,4.1962,-5.9954,3.0000
57,scouts,8,-3.6602,4.0008,3.0000
57,scouts,9,-5.8038,5.9954,3.0000
57,scouts,10,-7.4894,4.4776,3.0000
57,scouts,11,-5.6507,2.5922,3.0000
57,scouts,12,7.4894,4.4776,3.0000
57,scouts,13,5.8038,5.9954,3.0000
57,scouts,14,3.6602,4.0008,3.0000
57,scouts,15,5.6507,2.5922,3.0000
57,workers,0,-3.0000,-5.0000,3.0000
57,workers,1,7.0000,-5.0000,3.0000
57,workers,2,-3.0000,5.0000,3.0000
57,workers,3,7.0000,5.0000,3.0000
58,general,0,0.0000,0.0000,5.0000
58,nodes,0,-4.6379,-4.6148,3.0000
58,nodes,1,4.6380,-4.6146,3.0000
58,nodes,2,-5.3619,4.6146,3.0000
58,nodes,3,5.3621,4.6144,3.0000
58,scouts,0,-2.4922,-4.4674,3.0000
58,scouts,1,-4.3370,-2.5751,3.0000
58,scouts,2,-6.3366,-3.9813,3.0000
58,scouts,3,-4.1808,-5.9855,3.0000
58,scouts,4,6.3366,-3.9813,3.0000
58,scouts,5,4.3369,-2.5751,3.0000
58,scouts,6,2.4922,-4.4674,3.0000
58,scouts,7,4.1808,-5.9855,3.0000
58,scouts,8,-3.6634,3.9813,3.0000
58,scouts,9,-5.8192,5.9855,3.0000
58,scouts,10,-7.5078,4.4674,3.0000
58,scouts,11,-5.6631,2.5751,3.0000
58,scouts,12,7.5078,4.4674,3.0000
58,scouts,13,5.8192,5.9855,3.0000
58,scouts,14,3.6634,3.9813,3.0000
58,scouts,15,5.6631,2.5751,3.0000
58,workers,0,-3.0000,-5.0000,3.0000
58,workers,1,7.0000,-5.0000,3.0000
58,workers,2,-3.0000,5.0000,3.0000
58,workers,3,7.0000,5.0000,3.0000
59,general,0,0.0000,0.0000,5.0000
59,nodes,0,-4.6314,-4.6078,3.0000
59,nodes,1,4.6315,-4.6076,3.0000
59,nodes,2,-5.3684,4.6076,3.0000
59,nodes,3,5.3686,4.6075,3.0000
59,scouts,0,-2.4739,-4.4572,3.0000
59,scouts,1,-4.3246,-2.5580,3.0000
59,scouts,2,-6.3333,-3.9617,3.0000
59,scouts,3,-4.1654,-5.9756,3.0000
59,scouts,4,6.3333,-3.9617,3.0000
59,scouts,5,4.3246,-2.5580,3.0000
59,scouts,6,2.4739,-4.4573,3.0000
59,scouts,7,4.1654,-5.9756,3.0000
59,scouts,8,-3.6667,3.9618,3.0000
59,scouts,9,-5.8346,5.9756,3.0000
59,scouts,10,-7.5261,4.4573,3.0000
59,scouts,11,-5.6754,2.5580,3.0000
59,scouts,12,7.5261,4.4573,3.0000
59,scouts,13,5.8346,5.9756,3.0000
59,scouts,14,3.6667,3.9618,3.0000
59,scouts,15,5.6754,2.5580,3.0000
59,workers,0,-3.0000,-5.0000,3.0000
59,workers,1,7.0000,-5.0000,3.0000
59,workers,2,-3.0000,5.0000,3.0000
59,workers,3,7.0000,5.0000,3.0000
60,general,0,0.0000,0.0000,5.0000
60,nodes,0,-4.6250,-4.6008,3.0000
60,nodes,1,4.6250,-4.6006,3.0000
60,nodes,2,-5.3749,4.6007,3.0000
60,nodes,3,5.3751,4.6005,3.0000
60,scouts,0,-2.4556,-4.4471,3.0000
60,scouts,1,-4.3122,-2.5409,3.0000
60,scouts,2,-6.3300,-3.9422,3.0000
60,scouts,3,-4.1500,-5.9657,3.0000
60,scouts,4,6.3300,-3.9422,3.0000
60,scouts,5,4.3122,-2.5409,3.0000
60,scouts,6,2.4556,-4.4471,3.0000
60,scouts,7,4.1500,-5.9657,3.0000
60,scouts,8,-3.6700,3.9422,3.0000
60,scouts,9,-5.8500,5.9657,3.0000
60,scouts,10,-7.5444,4.4471,3.0000
60,scouts,11,-5.6878,2.5409,3.0000
60,scouts,12,7.5444,4.4471,3.0000
60,scouts,13,5.8500,5.9657,3.0000
60,scouts,14,3.6700,3.9422,3.0000
60,scouts,15,5.6878,2.5409,3.0000
60,workers,0,-3.0000,-5.0000,3.0000
60,workers,1,7.0000,-5.0000,3.0000
60,workers,2,-3.0000,5.0000,3.0000
60,workers,3,7.0000,5.0000,3.0000
61,general,0,0.0000,0.0000,5.0000
61,nodes,0,-4.6185,-4.5938,3.0000
61,nodes,1,4.6186,-4.5936,3.0000
61,nodes,2,-5.3813,4.5937,3.0000
61,nodes,3,5.3816,4.5935,3.0000
61,scouts,0,-2.4373,-4.4369,3.0000
61,scouts,1,-4.2999,-2.5238,3.0000
61,scouts,2,-6.3267,-3.9227,3.0000
61,scouts,3,-4.1347,-5.9558,3.0000
61,scouts,4,6.3267,-3.9227,3.0000
61,scouts,5,4.2998,-2.5238,3.0000
61,scouts,6,2.4373,-4.4369,3.0000
61,scouts,7,4.1347,-5.9558,3.0000
61,scouts,8,-3.6733,3.9227,3.0000
61,scouts,9,-5.8653,5.9558,3.0000
61,scouts,10,-7.5627,4.4369,3.0000
61,scouts,11,-5.7002,2.5238,3.0000
61,scouts,12,7.5627,4.4369,3.0000
61,scouts,13,5.8653,5.9558,3.0000
61,scouts,14,3.6733,3.9227,3.0000
61,scouts,15,5.7002,2.5238,3.0000
61,workers,0,-3.0000,-5.0000,3.0000
61,workers,1,7.0000,-5.0000,3.0000
61,workers,2,-3.0000,5.0000,3.0000
61,workers,3,7.0000,5.0000,3.0000
62,general,0,0.0000,0.0000,5.0000
62,nodes,0,-4.6120,-4.5868,3.0000
62,nodes,1,4.6121,-4.5866,3.0000
62,nodes,2,-5.3878,4.5867,3.0000
62,nodes,3,5.3881,4.5865,3.0000
62,scouts,0,-2.4191,-4.4268,3.0000
62,scouts,1,-4.2875,-2.5068,3.0000
62,scouts,2,-6.3234,-3.9031,3.0000
62,scouts,3,-4.1193,-5.9459,3.0000
62,scouts,4,6.3234,-3.9031,3.0000
62,scouts,5,4.2875,-2.5068,3.0000
62,scouts,6,2.4191,-4.4268,3.0000
62,scouts,7,4.1193,-5.9459,3.0000
62,scouts,8,-3.6766,3.9031,3.0000
62,scouts,9,-5.8807,5.9459,3.0000
62,scouts,10,-7.5809,4.4268,3.0000
62,scouts,11,-5.7125,2.5068,3.0000
62,scouts,12,7.5809,4.4268,3.0000
62,scouts,13,5.8807,5.9459,3.0000
62,scouts,14,3.6766,3.9031,3.0000
62,scouts,15,5.7125,2.5068,3.0000
62,workers,0,-3.0000,-5.0000,3.0000
62,workers,1,7.0000,-5.0000,3.0000
62,workers,2,-3.0000,5.0000,3.0000
62,workers,3,7.0000,5.0000,3.0000
63,general,0,0.0000,0.0000,5.0000
63,nodes,0,-4.6056,-4.5799,3.0000
63,nodes,1,4.6056,-4.5796,3.0000
63,nodes,2,-5.3943,4.5797,3.0000
63,nodes,3,5.3946,4.5795,3.0000
63,scouts,0,-2.4009,-4.4166,3.0000
63,scouts,1,-4.2752,-2.4898,3.0000
63,scouts,2,-6.3201,-3.8836,3.0000
63,scouts,3,-4.1040,-5.9360,3.0000
63,scouts,4,6.3201,-3.8836,3.0000
63,scouts,5,4.2752,-2.4898,3.0000
63,scouts,6,2.4009,-4.4166,3.0000
63,scouts,7,4.1040,-5.9360,3.0000
63,scouts,8,-3.6799,3.8836,3.0000
63,scouts,9,-5.8960,5.9360,3.0000
63,scouts,10,-7.5991,4.4166,3.0000
63,scouts,11,-5.7248,2.4898,3.0000
63,scouts,12,7.5991,4.4166,3.0000
63,scouts,13,5.8960,5.9360,3.0000
63,scouts,14,3.6799,3.8836,3.0000
63,scouts,15,5.7248,2.4898,3.0000
63,workers,0,-3.0000,-5.0000,3.0000
63,workers,1,7.0000,-5.0000,3.0000
63,workers,2,-3.0000,5.0000,3.0000
63,workers,3,7.0000,5.0000,3.0000
64,general,0,0.0000,0.0000,5.0000
64,nodes,0,-4.5991,-4.5730,3.0000
64,nodes,1,4.5991,-4.5726,3.0000
64,nodes,2,-5.4008,4.5728,3.0000
64,nodes,3,5.4010,4.5725,3.0000
64,scouts,0,-2.3827,-4.4064,3.0000
64,scouts,1,-4.2629,-2.4728,3.0000
64,scouts,2,-6.3168,-3.8640,3.0000
64,scouts,3,-4.0887,-5.9261,3.0000
64,scouts,4,6.3168,-3.8641,3.0000
64,scouts,5,4.2629,-2.4728,3.0000
64,scouts,6,2.3828,-4.4064,3.0000
64,scouts,7,4.0886,-5.9261,3.0000
64,scouts,8,-3.6832,3.8641,3.0000
64,scouts,9,-5.9114,5.9261,3.0000
64,scouts,10,-7.6172,4.4065,3.0000
64,scouts,11,-5.7371,2.4727,3.0000
64,scouts,12,7.6172,4.4065,3.0000
64,scouts,13,5.9114,5.9261,3.0000
64,scouts,14,3.6832,3.8641,3.0000
64,scouts,15,5.7371,2.4727,3.0000
64,workers,0,-3.0000,-5.0000,3.0000
64,workers,1,7.0000,-5.0000,3.0000
64,workers,2,-3.0000,5.0000,3.0000
64,workers,3,7.0000,5.0000,3.0000
65,general,0,0.0000,0.0000,5.0000
65,nodes,0,-4.5927,-4.5660,3.0000
65,nodes,1,4.5926,-4.5656,3.0000
65,nodes,2,-5.4072,4.5658,3.0000
65,nodes,3,5.4076,4.5655,3.0000
65,scouts,0,-2.3646,-4.3963,3.0000
65,scouts,1,-4.2506,-2.4558,3.0000
65,scouts,2,-6.3135,-3.8445,3.0000
65,scouts,3,-4.0733,-5.9162,3.0000
65,scouts,4,6.3135,-3.8445,3.0000
65,scouts,5,4.2506,-2.4558,3.0000
65,scouts,6,2.3646,-4.3963,3.0000
65,scouts,7,4.0733,-5.9162,3.0000
65,scouts,8,-3.6865,3.8445,3.0000
65,scouts,9,-5.9267,5.9162,3.0000
65,scouts,10,-7.6354,4.3963,3.0000
65,scouts,11,-5.7494,2.4558,3.0000
65,scouts,12,7.6354,4.3963,3.0000
65,scouts,13,5.9267,5.9162,3.0000
65,scouts,14,3.6865,3.8445,3.0000
65,scouts,15,5.7494,2.4558,3.0000
65,workers,0,-3.0000,-5.0000,3.0000
65,workers,1,7.0000,-5.0000,3.0000
65,workers,2,-3.0000,5.0000,3.0000
65,workers,3,7.0000,5.0000,3.0000
66,general,0,0.0000,0.0000,5.0000
66,nodes,0,-4.5862,-4.5590,3.0000
66,nodes,1,4.5862,-4.5587,3.0000
66,nodes,2,-5.4137,4.5589,3.0000
66,nodes,3,5.4140,4.5585,3.0000
66,scouts,0,-2.3465,-4.3861,3.0000
66,scouts,1,-4.2383,-2.4388,3.0000
66,scouts,2,-6.3101,-3.8250,3.0000
66,scouts,3,-4.0580,-5.9063,3.0000
66,scouts,4,6.3102,-3.8250,3.0000
66,scouts,5,4.2383,-2.4388,3.0000
66,scouts,6,2.3465,-4.3861,3.0000
66,scouts,7,4.0580,-5.9063,3.0000
66,scouts,8,-3.6898,3.8250,3.0000
66,scouts,9,-5.9420,5.9063,3.0000
66,scouts,10,-7.6535,4.3862,3.0000
66,scouts,11,-5.7617,2.4388,3.0000
66,scouts,12,7.6535,4.3862,3.0000
66,scouts,13,5.9420,5.9063,3.0000
66,scouts,14,3.6898,3.8250,3.0000
66,scouts,15,5.7617,2.4388,3.0000
66,workers,0,-3.0000,-5.0000,3.0000
66,workers,1,7.0000,-5.0000,3.0000
66,workers,2,-3.0000,5.0000,3.0000
66,workers,3,7.0000,5.0000,3.0000
67,general,0,0.0000,0.0000,5.0000
67,nodes,0,-4.5798,-4.5521,3.0000
67,nodes,1,4.5797,-4.5517,3.0000
67,nodes,2,-5.4201,4.5519,3.0000
67,nodes,3,5.4205,4.5516,3.0000
67,scouts,0,-2.3285,-4.3760,3.0000
67,scouts,1,-4.2260,-2.4218,3.0000
67,scouts,2,-6.3068,-3.8055,3.0000
67,scouts,3,-4.0427,-5.8964,3.0000
67,scouts,4,6.3068,-3.8055,3.0000
67,scouts,5,4.2260,-2.4218,3.0000
67,scouts,6,2.3285,-4.3760,3.0000
67,scouts,7,4.0427,-5.8964,3.0000
67,scouts,8,-3.6932,3.8055,3.0000
67,scouts,9,-5.9573,5.8963,3.0000
67,scouts,10,-7.6715,4.3760,3.0000
67,scouts,11,-5.7740,2.4218,3.0000
67,scouts,12,7.6715,4.3760,3.0000
67,scouts,13,5.9573,5.8963,3.0000
67,scouts,14,3.6932,3.8055,3.0000
67,scouts,15,5.7740,2.4218,3.0000
67,workers,0,-3.0000,-5.0000,3.0000
67,workers,1,7.0000,-5.0000,3.0000
67,workers,2,-3.0000,5.0000,3.0000
67,workers,3,7.0000,5.0000,3.0000
68,general,0,0.0000,0.0000,5.0000
68,nodes,0,-4.5733,-4.5452,3.0000
68,nodes,1,4.5732,-4.5447,3.0000
68,nodes,2,-5.4266,4.5450,3.0000
68,nodes,3,5.4269,4.5446,3.0000
68,scouts,0,-2.3104,-4.3658,3.0000
68,scouts,1,-4.2138,-2.4049,3.0000
68,scouts,2,-6.3035,-3.7859,3.0000
68,scouts,3,-4.0275,-5.8864,3.0000
68,scouts,4,6.3035,-3.7859,3.0000
68,scouts,5,4.2138,-2.4049,3.0000
68,scouts,6,2.3104,-4.3658,3.0000
68,scouts,7,4.0275,-5.8864,3.0000
68,scouts,8,-3.6965,3.7860,3.0000
68,scouts,9,-5.9726,5.8864,3.0000
68,scouts,10,-7.6896,4.3659,3.0000
68,scouts,11,-5.7862,2.4049,3.0000
68,scouts,12,7.6896,4.3659,3.0000
68,scouts,13,5.9726,5.8864,3.0000
68,scouts,14,3.6965,3.7860,3.0000
68,scouts,15,5.7862,2.4049,3.0000
68,workers,0,-3.0000,-5.0000,3.0000
68,workers,1,7.0000,-5.0000,3.0000
68,workers,2,-3.0000,5.0000,3.0000
68,workers,3,7.0000,5.0000,3.0000
69,general,0,0.0000,0.0000,5.0000
69,nodes,0,-4.5669,-4.5382,3.0000
69,nodes,1,4.5668,-4.5377,3.0000
69,nodes,2,-5.4330,4.5379,3.0000
69,nodes,3,5.4334,4.5377,3.0000
69,scouts,0,-2.2924,-4.3557,3.0000
69,scouts,1,-4.2016,-2.3880,3.0000
69,scouts,2,-6.3001,-3.7664,3.0000
69,scouts,3,-4.0122,-5.8765,3.0000
69,scouts,4,6.3001,-3.7664,3.0000
69,scouts,5,4.2016,-2.3880,3.0000
69,scouts,6,2.2924,-4.3557,3.0000
69,scouts,7,4.0122,-5.8765,3.0000
69,scouts,8,-3.6999,3.7664,3.0000
69,scouts,9,-5.9878,5.8765,3.0000
69,scouts,10,-7.7076,4.3557,3.0000
69,scouts,11,-5.7985,2.3880,3.0000
69,scouts,12,7.7076,4.3557,3.0000
69,scouts,13,5.9878,5.8765,3.0000
69,scouts,14,3.6999,3.7664,3.0000
69,scouts,15,5.7985,2.3880,3.0000
69,workers,0,-3.0000,-5.0000,3.0000
69,workers,1,7.0000,-5.0000,3.0000
69,workers,2,-3.0000,5.0000,3.0000
69,workers,3,7.0000,5.0000,3.0000
70,general,0,0.0000,0.0000,5.0000
70,nodes,0,-4.5605,-4.5312,3.0000
70,nodes,1,4.5604,-4.5307,3.0000
70,nodes,2,-5.4394,4.5310,3.0000
70,nodes,3,5.4398,4.5308,3.0000
70,scouts,0,-2.2745,-4.3455,3.0000
70,scouts,1,-4.1893,-2.3711,3.0000
70,scouts,2,-6.2967,-3.7469,3.0000
70,scouts,3,-3.9969,-5.8665,3.0000
70,scouts,4,6.2967,-3.7469,3.0000
70,scouts,5,4.1893,-2.3711,3.0000
70,scouts,6,2.2745,-4.3455,3.0000
70,scouts,7,3.9969,-5.8665,3.0000
70,scouts,8,-3.7033,3.7469,3.0000
70,scouts,9,-6.0031,5.8665,3.0000
70,scouts,10,-7.7255,4.3456,3.0000
70,scouts,11,-5.8107,2.3711,3.0000
70,scouts,12,7.7255,4.3456,3.0000
70,scouts,13,6.0031,5.8665,3.0000
70,scouts,14,3.7033,3.7469,3.0000
70,scouts,15,5.8107,2.3711,3.0000
70,workers,0,-3.0000,-5.0000,3.0000
70,workers,1,7.0000,-5.0000,3.0000
70,workers,2,-3.0000,5.0000,3.0000
70,workers,3,7.0000,5.0000,3.0000
71,general,0,0.0000,0.0000,5.0000
71,nodes,0,-4.5540,-4.5244,3.0000
71,nodes,1,4.5540,-4.5238,3.0000
71,nodes,2,-5.4459,4.5241,3.0000
71,nodes,3,5.4463,4.5238,3.0000
71,scouts,0,-2.2565,-4.3354,3.0000
71,scouts,1,-4.1771,-2.3542,3.0000
71,scouts,2,-6.2933,-3.7274,3.0000
71,scouts,3,-3.9817,-5.8566,3.0000
71,scouts,4,6.2934,-3.7274,3.0000
71,scouts,5,4.1771,-2.3542,3.0000
71,scouts,6,2.2566,-4.3354,3.0000
71,scouts,7,3.9817,-5.8566,3.0000
71,scouts,8,-3.7066,3.7274,3.0000
71,scouts,9,-6.0183,5.8565,3.0000
71,scouts,10,-7.7435,4.3354,3.0000
71,scouts,11,-5.8229,2.3542,3.0000
71,scouts,12,7.7435,4.3354,3.0000
71,scouts,13,6.0183,5.8565,3.0000
71,scouts,14,3.7066,3.7274,3.0000
71,scouts,15,5.8229,2.3542,3.0000
71,workers,0,-3.0000,-5.0000,3.0000
71,workers,1,7.0000,-5.0000,3.0000
71,workers,2,-3.0000,5.0000,3.0000
71,workers,3,7.0000,5.0000,3.0000
72,general,0,0.0000,0.0000,5.0000
72,nodes,0,-4.5475,-4.5174,3.0000
72,nodes,1,4.5475,-4.5167,3.0000
72,nodes,2,-5.4524,4.5171,3.0000
72,nodes,3,5.4527,4.5168,3.0000
72,scouts,0,-2.2386,-4.3252,3.0000
72,scouts,1,-4.1649,-2.3374,3.0000
72,scouts,2,-6.2900,-3.7079,3.0000
72,scouts,3,-3.9665,-5.8466,3.0000
72,scouts,4,6.2900,-3.7079,3.0000
72,scouts,5,4.1649,-2.3374,3.0000
72,scouts,6,2.2387,-4.3253,3.0000
72,scouts,7,3.9665,-5.8466,3.0000
72,scouts,8,-3.7100,3.7079,3.0000
72,scouts,9,-6.0335,5.8466,3.0000
72,scouts,10,-7.7614,4.3253,3.0000
72,scouts,11,-5.8351,2.3374,3.0000
72,scouts,12,7.7614,4.3253,3.0000
72,scouts,13,6.0335,5.8466,3.0000
72,scouts,14,3.7100,3.7079,3.0000
72,scouts,15,5.8351,2.3374,3.0000
72,workers,0,-3.0000,-5.0000,3.0000
72,workers,1,7.0000,-5.0000,3.0000
72,workers,2,-3.0000,5.0000,3.0000
72,workers,3,7.0000,5.0000,3.0000
73,general,0,0.0000,0.0000,5.0000
73,nodes,0,-4.5411,-4.5104,3.0000
73,nodes,1,4.5411,-4.5097,3.0000
73,nodes,2,-5.4588,4.5101,3.0000
73,nodes,3,5.4591,4.5099,3.0000
73,scouts,0,-2.2208,-4.3151,3.0000
73,scouts,1,-4.1528,-2.3205,3.0000
73,scouts,2,-6.2866,-3.6884,3.0000
73,scouts,3,-3.9513,-5.8366,3.0000
73,scouts,4,6.2866,-3.6884,3.0000
73,scouts,5,4.1528,-2.3205,3.0000
73,scouts,6,2.2208,-4.3151,3.0000
73,scouts,7,3.9512,-5.8366,3.0000
73,scouts,8,-3.7134,3.6884,3.0000
73,scouts,9,-6.0488,5.8366,3.0000
73,scouts,10,-7.7792,4.3151,3.0000
73,scouts,11,-5.8473,2.3205,3.0000
73,scouts,12,7.7792,4.3151,3.0000
73,scouts,13,6.0488,5.8366,3.0000
73,scouts,14,3.7134,3.6884,3.0000
73,scouts,15,5.8473,2.3205,3.0000
73,workers,0,-3.0000,-5.0000,3.0000
73,workers,1,7.0000,-5.0000,3.0000
73,workers,2,-3.0000,5.0000,3.0000
73,workers,3,7.0000,5.0000,3.0000
74,general,0,0.0000,0.0000,5.0000
74,nodes,0,-4.5348,-4.5034,3.0000
74,nodes,1,4.5346,-4.5027,3.0000
74,nodes,2,-5.4652,4.5030,3.0000
74,nodes,3,5.4655,4.5030,3.0000
74,scouts,0,-2.2029,-4.3050,3.0000
74,scouts,1,-4.1406,-2.3037,3.0000
74,scouts,2,-6.2831,-3.6689,3.0000
74,scouts,3,-3.9361,-5.8266,3.0000
74,scouts,4,6.2832,-3.6689,3.0000
74,scouts,5,4.1406,-2.3037,3.0000
74,scouts,6,2.2029,-4.3050,3.0000
74,scouts,7,3.9360,-5.8266,3.0000
74,scouts,8,-3.7168,3.6689,3.0000
74,scouts,9,-6.0640,5.8266,3.0000
74,scouts,10,-7.7971,4.3050,3.0000
74,scouts,11,-5.8594,2.3037,3.0000
74,scouts,12,7.7971,4.3050,3.0000
74,scouts,13,6.0640,5.8266,3.0000
74,scouts,14,3.7168,3.6689,3.0000
74,scouts,15,5.8594,2.3037,3.0000
74,workers,0,-3.0000,-5.0000,3.0000
74,workers,1,7.0000,-5.0000,3.0000
74,workers,2,-3.0000,5.0000,3.0000
74,workers,3,7.0000,5.0000,3.0000
75,general,0,0.0000,0.0000,5.0000
75,nodes,0,-4.5283,-4.4966,3.0000
75,nodes,1,4.5281,-4.4959,3.0000
75,nodes,2,-5.4716,4.4962,3.0000
75,nodes,3,5.4719,4.4960,3.0000
75,scouts,0,-2.1851,-4.2949,3.0000
75,scouts,1,-4.1285,-2.2869,3.0000
75,scouts,2,-6.2797,-3.6494,3.0000
75,scouts,3,-3.9209,-5.8166,3.0000
75,scouts,4,6.2797,-3.6494,3.0000
75,scouts,5,4.1284,-2.2869,3.0000
75,scouts,6,2.1851,-4.2949,3.0000
75,scouts,7,3.9209,-5.8166,3.0000
75,scouts,8,-3.7203,3.6494,3.0000
75,scouts,9,-6.0791,5.8166,3.0000
75,scouts,10,-7.8149,4.2949,3.0000
75,scouts,11,-5.8716,2.2869,3.0000
75,scouts,12,7.8149,4.2949,3.0000
75,scouts,13,6.0791,5.8166,3.0000
75,scouts,14,3.7203,3.6494,3.0000
75,scouts,15,5.8716,2.2869,3.0000
75,workers,0,-3.0000,-5.0000,3.0000
75,workers,1,7.0000,-5.0000,3.0000
75,workers,2,-3.0000,5.0000,3.0000
75,workers,3,7.0000,5.0000,3.0000
76,general,0,0.0000,0.0000,5.0000
76,nodes,0,-4.5219,-4.4896,3.0000
76,nodes,1,4.5217,-4.4888,3.0000
76,nodes,2,-5.4781,4.4892,3.0000
76,nodes,3,5.4784,4.4891,3.0000
76,scouts,0,-2.1674,-4.2847,3.0000
76,scouts,1,-4.1163,-2.2701,3.0000
76,scouts,2,-6.2763,-3.6299,3.0000
76,scouts,3,-3.9057,-5.8066,3.0000
76,scouts,4,6.2763,-3.6299,3.0000
76,scouts,5,4.1163,-2.2701,3.0000
76,scouts,6,2.1674,-4.2848,3.0000
76,scouts,7,3.9057,-5.8066,3.0000
76,scouts,8,-3.7237,3.6299,3.0000
76,scouts,9,-6.0943,5.8066,3.0000
76,scouts,10,-7.8326,4.2848,3.0000
76,scouts,11,-5.8837,2.2701,3.0000
76,scouts,12,7.8326,4.2848,3.0000
76,scouts,13,6.0943,5.8066,3.0000
76,scouts,14,3.7237,3.6299,3.0000
76,scouts,15,5.8837,2.2701,3.0000
76,workers,0,-3.0000,-5.0000,3.0000
76,workers,1,7.0000,-5.0000,3.0000
76,workers,2,-3.0000,5.0000,3.0000
76,workers,3,7.0000,5.0000,3.0000
77,general,0,0.0000,0.0000,5.0000
77,nodes,0,-4.5154,-4.4827,3.0000
77,nodes,1,4.5154,-4.4820,3.0000
77,nodes,2,-5.4844,4.4822,3.0000
77,nodes,3,5.4848,4.4821,3.0000
77,scouts,0,-2.1496,-4.2746,3.0000
77,scouts,1,-4.1042,-2.2534,3.0000
77,scouts,2,-6.2728,-3.6104,3.0000
77,scouts,3,-3.8905,-5.7966,3.0000
77,scouts,4,6.2728,-3.6104,3.0000
77,scouts,5,4.1042,-2.2534,3.0000
77,scouts,6,2.1496,-4.2746,3.0000
77,scouts,7,3.8905,-5.7966,3.0000
77,scouts,8,-3.7271,3.6105,3.0000
77,scouts,9,-6.1095,5.7966,3.0000
77,scouts,10,-7.8504,4.2747,3.0000
77,scouts,11,-5.8958,2.2534,3.0000
77,scouts,12,7.8504,4.2746,3.0000
77,scouts,13,6.1095,5.7966,3.0000
77,scouts,14,3.7272,3.6105,3.0000
77,scouts,15,5.8958,2.2534,3.0000
77,workers,0,-3.0000,-5.0000,3.0000
77,workers,1,7.0000,-5.0000,3.0000
77,workers,2,-3.0000,5.0000,3.0000
77,workers,3,7.0000,5.0000,3.0000
78,general,0,0.0000,0.0000,5.0000
78,nodes,0,-4.5090,-4.4757,3.0000
78,nodes,1,4.5090,-4.4750,3.0000
78,nodes,2,-5.4908,4.4753,3.0000
78,nodes,3,5.4913,4.4751,3.0000
78,scouts,0,-2.1319,-4.2645,3.0000
78,scouts,1,-4.0921,-2.2366,3.0000
78,scouts,2,-6.2694,-3.5910,3.0000
78,scouts,3,-3.8754,-5.7866,3.0000
78,scouts,4,6.2694,-3.5910,3.0000
78,scouts,5,4.0921,-2.2367,3.0000
78,scouts,6,2.1319,-4.2645,3.0000
78,scouts,7,3.8754,-5.7866,3.0000
78,scouts,8,-3.7306,3.5910,3.0000
78,scouts,9,-6.1246,5.7866,3.0000
78,scouts,10,-7.8681,4.2645,3.0000
78,scouts,11,-5.9079,2.2366,3.0000
78,scouts,12,7.8681,4.2645,3.0000
78,scouts,13,6.1246,5.7866,3.0000
78,scouts,14,3.7306,3.5910,3.0000
78,scouts,15,5.9079,2.2366,3.0000
78,workers,0,-3.0000,-5.0000,3.0000
78,workers,1,7.0000,-5.0000,3.0000
78,workers,2,-3.0000,5.0000,3.0000
78,workers,3,7.0000,5.0000,3.0000
79,general,0,0.0000,0.0000,5.0000
79,nodes,0,-4.5025,-4.4687,3.0000
79,nodes,1,4.5026,-4.4681,3.0000
79,nodes,2,-5.4972,4.4684,3.0000
79,nodes,3,5.4976,4.4682,3.0000
79,scouts,0,-2.1142,-4.2544,3.0000
79,scouts,1,-4.0800,-2.2199,3.0000
79,scouts,2,-6.2659,-3.5715,3.0000
79,scouts,3,-3.8602,-5.7766,3.0000
79,scouts,4,6.2659,-3.5715,3.0000
79,scouts,5,4.0800,-2.2199,3.0000
79,scouts,6,2.1142,-4.2544,3.0000
79,scouts,7,3.8602,-5.7765,3.0000
79,scouts,8,-3.7341,3.5715,3.0000
79,scouts,9,-6.1398,5.7765,3.0000
79,scouts,10,-7.8858,4.2544,3.0000
79,scouts,11,-5.9200,2.2199,3.0000
79,scouts,12,7.8858,4.2544,3.0000
79,scouts,13,6.1398,5.7765,3.0000
79,scouts,14,3.7341,3.5715,3.0000
79,scouts,15,5.9200,2.2199,3.0000
79,workers,0,-3.0000,-5.0000,3.0000
79,workers,1,7.0000,-5.0000,3.0000
79,workers,2,-3.0000,5.0000,3.0000
79,workers,3,7.0000,5.0000,3.0000
80,general,0,0.0000,0.0000,5.0000
80,nodes,0,-4.4961,-4.4617,3.0000
80,nodes,1,4.4961,-4.4611,3.0000
80,nodes,2,-5.5037,4.4615,3.0000
80,nodes,3,5.5040,4.4612,3.0000
80,scouts,0,-2.0966,-4.2443,3.0000
80,scouts,1,-4.0679,-2.2032,3.0000
80,scouts,2,-6.2624,-3.5520,3.0000
80,scouts,3,-3.8451,-5.7665,3.0000
80,scouts,4,6.2624,-3.5521,3.0000
80,scouts,5,4.0679,-2.2032,3.0000
80,scouts,6,2.0966,-4.2443,3.0000
80,scouts,7,3.8451,-5.7665,3.0000
80,scouts,8,-3.7376,3.5521,3.0000
80,scouts,9,-6.1549,5.7665,3.0000
80,scouts,10,-7.9034,4.2443,3.0000
80,scouts,11,-5.9321,2.2032,3.0000
80,scouts,12,7.9034,4.2443,3.0000
80,scouts,13,6.1549,5.7665,3.0000
80,scouts,14,3.7376,3.5521,3.0000
80,scouts,15,5.9321,2.2032,3.0000
80,workers,0,-3.0000,-5.0000,3.0000
80,workers,1,7.0000,-5.0000,3.0000
80,workers,2,-3.0000,5.0000,3.0000
80,workers,3,7.0000,5.0000,3.0000
81,general,0,0.0000,0.0000,5.0000
81,nodes,0,-4.4897,-4.4548,3.0000
81,nodes,1,4.4897,-4.4541,3.0000
81,nodes,2,-5.5101,4.4545,3.0000
81,nodes,3,5.5105,4.4542,3.0000
81,scouts,0,-2.0790,-4.2342,3.0000
81,scouts,1,-4.0559,-2.1866,3.0000
81,scouts,2,-6.2589,-3.5326,3.0000
81,scouts,3,-3.8300,-5.7565,3.0000
81,scouts,4,6.2589,-3.5326,3.0000
81,scouts,5,4.0559,-2.1866,3.0000
81,scouts,6,2.0790,-4.2342,3.0000
81,scouts,7,3.8300,-5.7565,3.0000
81,scouts,8,-3.7411,3.5326,3.0000
81,scouts,9,-6.1700,5.7564,3.0000
81,scouts,10,-7.9210,4.2342,3.0000
81,scouts,11,-5.9441,2.1866,3.0000
81,scouts,12,7.9210,4.2342,3.0000
81,scouts,13,6.1700,5.7564,3.0000
81,scouts,14,3.7411,3.5326,3.0000
81,scouts,15,5.9441,2.1865,3.0000
81,workers,0,-3.0000,-5.0000,3.0000
81,workers,1,7.0000,-5.0000,3.0000
81,workers,2,-3.0000,5.0000,3.0000
81,workers,3,7.0000,5.0000,3.0000
82,general,0,0.0000,0.0000,5.0000
82,nodes,0,-4.4833,-4.4478,3.0000
82,nodes,1,4.4832,-4.4472,3.0000
82,nodes,2,-5.5165,4.4475,3.0000
82,nodes,3,5.5169,4.4472,3.0000
82,scouts,0,-2.0614,-4.2241,3.0000
82,scouts,1,-4.0438,-2.1699,3.0000
82,scouts,2,-6.2554,-3.5132,3.0000
82,scouts,3,-3.8149,-5.7464,3.0000
82,scouts,4,6.2554,-3.5132,3.0000
82,scouts,5,4.0438,-2.1699,3.0000
82,scouts,6,2.0614,-4.2241,3.0000
82,scouts,7,3.8149,-5.7464,3.0000
82,scouts,8,-3.7446,3.5132,3.0000
82,scouts,9,-6.1851,5.7464,3.0000
82,scouts,10,-7.9386,4.2241,3.0000
82,scouts,11,-5.9562,2.1699,3.0000
82,scouts,12,7.9386,4.2241,3.0000
82,scouts,13,6.1851,5.7464,3.0000
82,scouts,14,3.7446,3.5132,3.0000
82,scouts,15,5.9562,2.1699,3.0000
82,workers,0,-3.0000,-5.0000,3.0000
82,workers,1,7.0000,-5.0000,3.0000
82,workers,2,-3.0000,5.0000,3.0000
82,workers,3,7.0000,5.0000,3.0000
83,general,0,0.0000,0.0000,5.0000
83,nodes,0,-4.4768,-4.4408,3.0000
83,nodes,1,4.4769,-4.4402,3.0000
83,nodes,2,-5.5229,4.4405,3.0000
83,nodes,3,5.5234,4.4403,3.0000
83,scouts,0,-2.0438,-4.2140,3.0000
83,scouts,1,-4.0318,-2.1533,3.0000
83,scouts,2,-6.2519,-3.4937,3.0000
83,scouts,3,-3.7998,-5.7363,3.0000
83,scouts,4,6.2519,-3.4937,3.0000
83,scouts,5,4.0318,-2.1533,3.0000
83,scouts,6,2.0438,-4.2140,3.0000
83,scouts,7,3.7998,-5.7363,3.0000
83,scouts,8,-3.7481,3.4938,3.0000
83,scouts,9,-6.2002,5.7363,3.0000
83,scouts,10,-7.9562,4.2140,3.0000
83,scouts,11,-5.9682,2.1533,3.0000
83,scouts,12,7.9562,4.2140,3.0000
83,scouts,13,6.2002,5.7363,3.0000
83,scouts,14,3.7481,3.4938,3.0000
83,scouts,15,5.9682,2.1532,3.0000
83,workers,0,-3.0000,-5.0000,3.0000
83,workers,1,7.0000,-5.0000,3.0000
83,workers,2,-3.0000,5.0000,3.0000
83,workers,3,7.0000,5.0000,3.0000
84,general,0,0.0000,0.0000,5.0000
84,nodes,0,-4.4705,-4.4338,3.0000
84,nodes,1,4.4705,-4.4334,3.0000
84,nodes,2,-5.5293,4.4336,3.0000
84,nodes,3,5.5298,4.4333,3.0000
84,scouts,0,-2.0263,-4.2039,3.0000
84,scouts,1,-4.0198,-2.1366,3.0000
84,scouts,2,-6.2484,-3.4743,3.0000
84,scouts,3,-3.7848,-5.7263,3.0000
84,scouts,4,6.2484,-3.4743,3.0000
84,scouts,5,4.0198,-2.1366,3.0000
84,scouts,6,2.0263,-4.2039,3.0000
84,scouts,7,3.7848,-5.7262,3.0000
84,scouts,8,-3.7516,3.4743,3.0000
84,scouts,9,-6.2152,5.7262,3.0000
84,scouts,10,-7.9737,4.2039,3.0000
84,scouts,11,-5.9802,2.1366,3.0000
84,scouts,12,7.9737,4.2039,3.0000
84,scouts,13,6.2152,5.7262,3.0000
84,scouts,14,3.7516,3.4743,3.0000
84,scouts,15,5.9802,2.1366,3.0000
84,workers,0,-3.0000,-5.0000,3.0000
84,workers,1,7.0000,-5.0000,3.0000
84,workers,2,-3.0000,5.0000,3.0000
84,workers,3,7.0000,5.0000,3.0000
85,general,0,0.0000,0.0000,5.0000
85,nodes,0,-4.4640,-4.4269,3.0000
85,nodes,1,4.4641,-4.4263,3.0000
85,nodes,2,-5.5357,4.4267,3.0000
85,nodes,3,5.5362,4.4264,3.0000
85,scouts,0,-2.0088,-4.1938,3.0000
85,scouts,1,-4.0078,-2.1200,3.0000
85,scouts,2,-6.2448,-3.4549,3.0000
85,scouts,3,-3.7697,-5.7162,3.0000
85,scouts,4,6.2448,-3.4549,3.0000
85,scouts,5,4.0078,-2.1200,3.0000
85,scouts,6,2.0088,-4.1938,3.0000
85,scouts,7,3.7697,-5.7162,3.0000
85,scouts,8,-3.7552,3.4549,3.0000
85,scouts,9,-6.2303,5.7162,3.0000
85,scouts,10,-7.9912,4.1939,3.0000
85,scouts,11,-5.9922,2.1200,3.0000
85,scouts,12,7.9912,4.1939,3.0000
85,scouts,13,6.2303,5.7161,3.0000
85,scouts,14,3.7552,3.4549,3.0000
85,scouts,15,5.9922,2.1200,3.0000
85,workers,0,-3.0000,-5.0000,3.0000
85,workers,1,7.0000,-5.0000,3.0000
85,workers,2,-3.0000,5.0000,3.0000
85,workers,3,7.0000,5.0000,3.0000
86,general,0,0.0000,0.0000,5.0000
86,nodes,0,-4.4576,-4.4200,3.0000
86,nodes,1,4.4577,-4.4194,3.0000
86,nodes,2,-5.5420,4.4197,3.0000
86,nodes,3,5.5426,4.4194,3.0000
86,scouts,0,-1.9913,-4.1837,3.0000
86,scouts,1,-3.9958,-2.1035,3.0000
86,scouts,2,-6.2412,-3.4355,3.0000
86,scouts,3,-3.7547,-5.7061,3.0000
86,scouts,4,6.2412,-3.4355,3.0000
86,scouts,5,3.9958,-2.1035,3.0000
86,scouts,6,1.9913,-4.1838,3.0000
86,scouts,7,3.7547,-5.7061,3.0000
86,scouts,8,-3.7587,3.4355,3.0000
86,scouts,9,-6.2453,5.7061,3.0000
86,scouts,10,-8.0087,4.1838,3.0000
86,scouts,11,-6.0042,2.1035,3.0000
86,scouts,12,8.0087,4.1838,3.0000
86,scouts,13,6.2453,5.7060,3.0000
86,scouts,14,3.7588,3.4355,3.0000
86,scouts,15,6.0042,2.1034,3.0000
86,workers,0,-3.0000,-5.0000,3.0000
86,workers,1,7.0000,-5.0000,3.0000
86,workers,2,-3.0000,5.0000,3.0000
86,workers,3,7.0000,5.0000,3.0000
87,general,0,0.0000,0.0000,5.0000
87,nodes,0,-4.4512,-4.4130,3.0000
87,nodes,1,4.4513,-4.4124,3.0000
87,nodes,2,-5.5485,4.4128,3.0000
87,nodes,3,5.5490,4.4126,3.0000
87,scouts,0,-1.9739,-4.1737,3.0000
87,scouts,1,-3.9838,-2.0869,3.0000
87,scouts,2,-6.2377,-3.4161,3.0000
87,scouts,3,-3.7396,-5.6960,3.0000
87,scouts,4,6.2377,-3.4161,3.0000
87,scouts,5,3.9838,-2.0869,3.0000
87,scouts,6,1.9739,-4.1737,3.0000
87,scouts,7,3.7396,-5.6960,3.0000
87,scouts,8,-3.7623,3.4162,3.0000
87,scouts,9,-6.2604,5.6959,3.0000
87,scouts,10,-8.0261,4.1737,3.0000
87,scouts,11,-6.0162,2.0869,3.0000
87,scouts,12,8.0261,4.1737,3.0000
87,scouts,13,6.2604,5.6959,3.0000
87,scouts,14,3.7623,3.4162,3.0000
87,scouts,15,6.0162,2.0869,3.0000
87,workers,0,-3.0000,-5.0000,3.0000
87,workers,1,7.0000,-5.0000,3.0000
87,workers,2,-3.0000,5.0000,3.0000
87,workers,3,7.0000,5.0000,3.0000
88,general,0,0.0000,0.0000,5.0000
88,nodes,0,-4.4449,-4.4062,3.0000
88,nodes,1,4.4448,-4.4055,3.0000
88,nodes,2,-5.5548,4.4058,3.0000
88,nodes,3,5.5555,4.4057,3.0000
88,scouts,0,-1.9565,-4.1636,3.0000
88,scouts,1,-3.9719,-2.0704,3.0000
88,scouts,2,-6.2341,-3.3967,3.0000
88,scouts,3,-3.7246,-5.6858,3.0000
88,scouts,4,6.2341,-3.3968,3.0000
88,scouts,5,3.9718,-2.0704,3.0000
88,scouts,6,1.9565,-4.1636,3.0000
88,scouts,7,3.7246,-5.6858,3.0000
88,scouts,8,-3.7659,3.3968,3.0000
88,scouts,9,-6.2754,5.6858,3.0000
88,scouts,10,-8.0435,4.1636,3.0000
88,scouts,11,-6.0282,2.0704,3.0000
88,scouts,12,8.0435,4.1636,3.0000
88,scouts,13,6.2754,5.6858,3.0000
88,scouts,14,3.7659,3.3968,3.0000
88,scouts,15,6.0282,2.0703,3.0000
88,workers,0,-3.0000,-5.0000,3.0000
88,workers,1,7.0000,-5.0000,3.0000
88,workers,2,-3.0000,5.0000,3.0000
88,workers,3,7.0000,5.0000,3.0000
89,general,0,0.0000,0.0000,5.0000
89,nodes,0,-4.4384,-4.3992,3.0000
89,nodes,1,4.4384,-4.3985,3.0000
89,nodes,2,-5.5613,4.3989,3.0000
89,nodes,3,5.5618,4.3987,3.0000
89,scouts,0,-1.9391,-4.1535,3.0000
89,scouts,1,-3.9599,-2.0539,3.0000
89,scouts,2,-6.2305,-3.3774,3.0000
89,scouts,3,-3.7096,-5.6757,3.0000
89,scouts,4,6.2305,-3.3774,3.0000
89,scouts,5,3.9599,-2.0539,3.0000
89,scouts,6,1.9391,-4.1536,3.0000
89,scouts,7,3.7096,-5.6757,3.0000
89,scouts,8,-3.7695,3.3774,3.0000
89,scouts,9,-6.2904,5.6757,3.0000
89,scouts,10,-8.0609,4.1536,3.0000
89,scouts,11,-6.0401,2.0539,3.0000
89,scouts,12,8.0609,4.1536,3.0000
89,scouts,13,6.2904,5.6757,3.0000
89,scouts,14,3.7695,3.3774,3.0000
89,scouts,15,6.0401,2.0538,3.0000
89,workers,0,-3.0000,-5.0000,3.0000
89,workers,1,7.0000,-5.0000,3.0000
89,workers,2,-3.0000,5.0000,3.0000
89,workers,3,7.0000,5.0000,3.0000
90,general,0,0.0000,0.0000,5.0000
90,nodes,0,-4.4321,-4.3922,3.0000
90,nodes,1,4.4320,-4.3916,3.0000
90,nodes,2,-5.5676,4.3919,3.0000
90,nodes,3,5.5683,4.3917,3.0000
90,scouts,0,-1.9218,-4.1435,3.0000
90,scouts,1,-3.9480,-2.0374,3.0000
90,scouts,2,-6.2268,-3.3580,3.0000
90,scouts,3,-3.6946,-5.6656,3.0000
90,scouts,4,6.2268,-3.3580,3.0000
90,scouts,5,3.9479,-2.0374,3.0000
90,scouts,6,1.9217,-4.1435,3.0000
90,scouts,7,3.6946,-5.6656,3.0000
90,scouts,8,-3.7732,3.3581,3.0000
90,scouts,9,-6.3054,5.6656,3.0000
90,scouts,10,-8.0783,4.1435,3.0000
90,scouts,11,-6.0521,2.0374,3.0000
90,scouts,12,8.0783,4.1435,3.0000
90,scouts,13,6.3054,5.6656,3.0000
90,scouts,14,3.7732,3.3581,3.0000
90,scouts,15,6.0521,2.0373,3.0000
90,workers,0,-3.0000,-5.0000,3.0000
90,workers,1,7.0000,-5.0000,3.0000
90,workers,2,-3.0000,5.0000,3.0000
90,workers,3,7.0000,5.0000,3.0000
91,general,0,0.0000,0.0000,5.0000
91,nodes,0,-4.4257,-4.3853,3.0000
91,nodes,1,4.4256,-4.3846,3.0000
91,nodes,2,-5.5740,4.3850,3.0000
91,nodes,3,5.5746,4.3847,3.0000
91,scouts,0,-1.9044,-4.1334,3.0000
91,scouts,1,-3.9361,-2.0209,3.0000
91,scouts,2,-6.2232,-3.3387,3.0000
91,scouts,3,-3.6797,-5.6554,3.0000
91,scouts,4,6.2232,-3.3387,3.0000
91,scouts,5,3.9360,-2.0209,3.0000
91,scouts,6,1.9044,-4.1335,3.0000
91,scouts,7,3.6797,-5.6554,3.0000
91,scouts,8,-3.7768,3.3387,3.0000
91,scouts,9,-6.3203,5.6554,3.0000
91,scouts,10,-8.0956,4.1335,3.0000
91,scouts,11,-6.0640,2.0209,3.0000
91,scouts,12,8.0956,4.1335,3.0000
91,scouts,13,6.3203,5.6554,3.0000
91,scouts,14,3.7768,3.3387,3.0000
91,scouts,15,6.0640,2.0208,3.0000
91,workers,0,-3.0000,-5.0000,3.0000
91,workers,1,7.0000,-5.0000,3.0000
91,workers,2,-3.0000,5.0000,3.0000
91,workers,3,7.0000,5.0000,3.0000
92,general,0,0.0000,0.0000,5.0000
92,nodes,0,-4.4193,-4.3784,3.0000
92,nodes,1,4.4192,-4.3778,3.0000
92,nodes,2,-5.5804,4.3781,3.0000
92,nodes,3,5.5810,4.3778,3.0000
92,scouts,0,-1.8871,-4.1234,3.0000
92,scouts,1,-3.9241,-2.0044,3.0000
92,scouts,2,-6.2195,-3.3193,3.0000
92,scouts,3,-3.6647,-5.6453,3.0000
92,scouts,4,6.2195,-3.3194,3.0000
92,scouts,5,3.9241,-2.0044,3.0000
92,scouts,6,1.8871,-4.1234,3.0000
92,scouts,7,3.6647,-5.6453,3.0000
92,scouts,8,-3.7805,3.3194,3.0000
92,scouts,9,-6.3353,5.6453,3.0000
92,scouts,10,-8.1129,4.1234,3.0000
92,scouts,11,-6.0759,2.0044,3.0000
92,scouts,12,8.1129,4.1234,3.0000
92,scouts,13,6.3353,5.6452,3.0000
92,scouts,14,3.7805,3.3194,3.0000
92,scouts,15,6.0759,2.0044,3.0000
92,workers,0,-3.0000,-5.0000,3.0000
92,workers,1,7.0000,-5.0000,3.0000
92,workers,2,-3.0000,5.0000,3.0000
92,workers,3,7.0000,5.0000,3.0000
93,general,0,0.0000,0.0000,5.0000
93,nodes,0,-4.4129,-4.3713,3.0000
93,nodes,1,4.4129,-4.3708,3.0000
93,nodes,2,-5.5868,4.3712,3.0000
93,nodes,3,5.5874,4.3708,3.0000
93,scouts,0,-1.8699,-4.1133,3.0000
93,scouts,1,-3.9123,-1.9880,3.0000
93,scouts,2,-6.2158,-3.3000,3.0000
93,scouts,3,-3.6498,-5.6351,3.0000
93,scouts,4,6.2158,-3.3001,3.0000
93,scouts,5,3.9122,-1.9880,3.0000
93,scouts,6,1.8698,-4.1134,3.0000
93,scouts,7,3.6498,-5.6351,3.0000
93,scouts,8,-3.7841,3.3001,3.0000
93,scouts,9,-6.3503,5.6351,3.0000
93,scouts,10,-8.1301,4.1134,3.0000
93,scouts,11,-6.0878,1.9880,3.0000
93,scouts,12,8.1302,4.1134,3.0000
93,scouts,13,6.3503,5.6351,3.0000
93,scouts,14,3.7842,3.3001,3.0000
93,scouts,15,6.0878,1.9880,3.0000
93,workers,0,-3.0000,-5.0000,3.0000
93,workers,1,7.0000,-5.0000,3.0000
93,workers,2,-3.0000,5.0000,3.0000
93,workers,3,7.0000,5.0000,3.0000
94,general,0,0.0000,0.0000,5.0000
94,nodes,0,-4.4065,-4.3645,3.0000
94,nodes,1,4.4065,-4.3639,3.0000
94,nodes,2,-5.5932,4.3641,3.0000
94,nodes,3,5.5938,4.3639,3.0000
94,scouts,0,-1.8526,-4.1033,3.0000
94,scouts,1,-3.9004,-1.9716,3.0000
94,scouts,2,-6.2121,-3.2807,3.0000
94,scouts,3,-3.6348,-5.6249,3.0000
94,scouts,4,6.2122,-3.2807,3.0000
94,scouts,5,3.9003,-1.9716,3.0000
94,scouts,6,1.8526,-4.1033,3.0000
94,scouts,7,3.6348,-5.6249,3.0000
94,scouts,8,-3.7878,3.2808,3.0000
94,scouts,9,-6.3652,5.6249,3.0000
94,scouts,10,-8.1474,4.1034,3.0000
94,scouts,11,-6.0997,1.9716,3.0000
94,scouts,12,8.1474,4.1033,3.0000
94,scouts,13,6.3652,5.6249,3.0000
94,scouts,14,3.7879,3.2808,3.0000
94,scouts,15,6.0997,1.9715,3.0000
94,workers,0,-3.0000,-5.0000,3.0000
94,workers,1,7.0000,-5.0000,3.0000
94,workers,2,-3.0000,5.0000,3.0000
94,workers,3,7.0000,5.0000,3.0000
95,general,0,0.0000,0.0000,5.0000
95,nodes,0,-4.4002,-4.3576,3.0000
95,nodes,1,4.4002,-4.3570,3.0000
95,nodes,2,-5.5996,4.3573,3.0000
95,nodes,3,5.6001,4.3571,3.0000
95,scouts,0,-1.8354,-4.0933,3.0000
95,scouts,1,-3.8885,-1.9552,3.0000
95,scouts,2,-6.2084,-3.2614,3.0000
95,scouts,3,-3.6199,-5.6147,3.0000
95,scouts,4,6.2084,-3.2615,3.0000
95,scouts,5,3.8885,-1.9552,3.0000
95,scouts,6,1.8354,-4.0933,3.0000
95,scouts,7,3.6199,-5.6147,3.0000
95,scouts,8,-3.7915,3.2615,3.0000
95,scouts,9,-6.3801,5.6147,3.0000
95,scouts,10,-8.1646,4.0933,3.0000
95,scouts,11,-6.1115,1.9552,3.0000
95,scouts,12,8.1646,4.0933,3.0000
95,scouts,13,6.3801,5.6147,3.0000
95,scouts,14,3.7916,3.2615,3.0000
95,scouts,15,6.1116,1.9551,3.0000
95,workers,0,-3.0000,-5.0000,3.0000
95,workers,1,7.0000,-5.0000,3.0000
95,workers,2,-3.0000,5.0000,3.0000
95,workers,3,7.0000,5.0000,3.0000
96,general,0,0.0000,0.0000,5.0000
96,nodes,0,-4.3938,-4.3507,3.0000
96,nodes,1,4.3937,-4.3501,3.0000
96,nodes,2,-5.6061,4.3504,3.0000
96,nodes,3,5.6065,4.3502,3.0000
96,scouts,0,-1.8182,-4.0833,3.0000
96,scouts,1,-3.8766,-1.9388,3.0000
96,scouts,2,-6.2047,-3.2422,3.0000
96,scouts,3,-3.6050,-5.6045,3.0000
96,scouts,4,6.2047,-3.2422,3.0000
96,scouts,5,3.8766,-1.9388,3.0000
96,scouts,6,1.8182,-4.0833,3.0000
96,scouts,7,3.6050,-5.6045,3.0000
96,scouts,8,-3.7953,3.2422,3.0000
96,scouts,9,-6.3950,5.6045,3.0000
96,scouts,10,-8.1818,4.0833,3.0000
96,scouts,11,-6.1234,1.9388,3.0000
96,scouts,12,8.1818,4.0833,3.0000
96,scouts,13,6.3950,5.6045,3.0000
96,scouts,14,3.7953,3.2422,3.0000
96,scouts,15,6.1234,1.9388,3.0000
96,workers,0,-3.0000,-5.0000,3.0000
96,workers,1,7.0000,-5.0000,3.0000
96,workers,2,-3.0000,5.0000,3.0000
96,workers,3,7.0000,5.0000,3.0000
97,general,0,0.0000,0.0000,5.0000
97,nodes,0,-4.3874,-4.3437,3.0000
97,nodes,1,4.3875,-4.3432,3.0000
97,nodes,2,-5.6125,4.3434,3.0000
97,nodes,3,5.6129,4.3432,3.0000
97,scouts,0,-1.8011,-4.0732,3.0000
97,scouts,1,-3.8648,-1.9224,3.0000
97,scouts,2,-6.2010,-3.2229,3.0000
97,scouts,3,-3.5901,-5.5943,3.0000
97,scouts,4,6.2010,-3.2229,3.0000
97,scouts,5,3.8648,-1.9224,3.0000
97,scouts,6,1.8010,-4.0733,3.0000
97,scouts,7,3.5901,-5.5943,3.0000
97,scouts,8,-3.7990,3.2229,3.0000
97,scouts,9,-6.4099,5.5943,3.0000
97,scouts,10,-8.1989,4.0733,3.0000
97,scouts,11,-6.1352,1.9224,3.0000
97,scouts,12,8.1990,4.0733,3.0000
97,scouts,13,6.4099,5.5943,3.0000
97,scouts,14,3.7990,3.2229,3.0000
97,scouts,15,6.1353,1.9224,3.0000
97,workers,0,-3.0000,-5.0000,3.0000
97,workers,1,7.0000,-5.0000,3.0000
97,workers,2,-3.0000,5.0000,3.0000
97,workers,3,7.0000,5.0000,3.0000
98,general,0,0.0000,0.0000,5.0000
98,nodes,0,-4.3812,-4.3368,3.0000
98,nodes,1,4.3810,-4.3362,3.0000
98,nodes,2,-5.6189,4.3365,3.0000
98,nodes,3,5.6193,4.3363,3.0000
98,scouts,0,-1.7839,-4.0632,3.0000
98,scouts,1,-3.8530,-1.9061,3.0000
98,scouts,2,-6.1972,-3.2036,3.0000
98,scouts,3,-3.5752,-5.5841,3.0000
98,scouts,4,6.1972,-3.2037,3.0000
98,scouts,5,3.8529,-1.9061,3.0000
98,scouts,6,1.7839,-4.0633,3.0000
98,scouts,7,3.5752,-5.5841,3.0000
98,scouts,8,-3.8028,3.2037,3.0000
98,scouts,9,-6.4248,5.5841,3.0000
98,scouts,10,-8.2161,4.0633,3.0000
98,scouts,11,-6.1471,1.9061,3.0000
98,scouts,12,8.2161,4.0633,3.0000
98,scouts,13,6.4248,5.5841,3.0000
98,scouts,14,3.8028,3.2037,3.0000
98,scouts,15,6.1471,1.9061,3.0000
98,workers,0,-3.0000,-5.0000,3.0000
98,workers,1,7.0000,-5.0000,3.0000
98,workers,2,-3.0000,5.0000,3.0000
98,workers,3,7.0000,5.0000,3.0000
99,general,0,0.0000,0.0000,5.0000
99,nodes,0,-4.3748,-4.3299,3.0000
99,nodes,1,4.3746,-4.3293,3.0000
99,nodes,2,-5.6252,4.3296,3.0000
99,nodes,3,5.6256,4.3294,3.0000
99,scouts,0,-1.7668,-4.0532,3.0000
99,scouts,1,-3.8411,-1.8898,3.0000
99,scouts,2,-6.1934,-3.1844,3.0000
99,scouts,3,-3.5604,-5.5739,3.0000
99,scouts,4,6.1934,-3.1844,3.0000
99,scouts,5,3.8411,-1.8898,3.0000
99,scouts,6,1.7668,-4.0533,3.0000
99,scouts,7,3.5604,-5.5738,3.0000
99,scouts,8,-3.8066,3.1845,3.0000
99,scouts,9,-6.4396,5.5738,3.0000
99,scouts,10,-8.2332,4.0533,3.0000
99,scouts,11,-6.1589,1.8898,3.0000
99,scouts,12,8.2332,4.0533,3.0000
99,scouts,13,6.4396,5.5738,3.0000
99,scouts,14,3.8066,3.1844,3.0000
99,scouts,15,6.1589,1.8898,3.0000
99,workers,0,-3.0000,-5.0000,3.0000
99,workers,1,7.0000,-5.0000,3.0000
99,workers,2,-3.0000,5.0000,3.0000
99,workers,3,7.0000,5.0000,3.0000
100,general,0,0.0000,0.0000,5.0000
100,nodes,0,-4.3684,-4.3230,3.0000
100,nodes,1,4.3683,-4.3224,3.0000
100,nodes,2,-5.6316,4.3227,3.0000
100,nodes,3,5.6320,4.3225,3.0000
100,scouts,0,-1.7498,-4.0432,3.0000
100,scouts,1,-3.8293,-1.8735,3.0000
100,scouts,2,-6.1896,-3.1652,3.0000
100,scouts,3,-3.5455,-5.5636,3.0000
100,scouts,4,6.1896,-3.1652,3.0000
100,scouts,5,3.8293,-1.8735,3.0000
100,scouts,6,1.7497,-4.0433,3.0000
100,scouts,7,3.5455,-5.5636,3.0000
100,scouts,8,-3.8104,3.1652,3.0000
100,scouts,9,-6.4545,5.5636,3.0000
100,scouts,10,-8.2503,4.0433,3.0000
100,scouts,11,-6.1707,1.8735,3.0000
100,scouts,12,8.2503,4.0433,3.0000
100,scouts,13,6.4545,5.5636,3.0000
100,scouts,14,3.8104,3.1652,3.0000
100,scouts,15,6.1707,1.8735,3.0000
100,workers,0,-3.0000,-5.0000,3.0000
100,workers,1,7.0000,-5.0000,3.0000
100,workers,2,-3.0000,5.0000,3.0000
100,workers,3,7.0000,5.0000,3.0000
101,general,0,0.0000,0.0000,5.0000
101,nodes,0,-4.3620,-4.3161,3.0000
101,nodes,1,4.3619,-4.3154,3.0000
101,nodes,2,-5.6380,4.3158,3.0000
101,nodes,3,5.6384,4.3157,3.0000
101,scouts,0,-1.7327,-4.0333,3.0000
101,scouts,1,-3.8175,-1.8572,3.0000
101,scouts,2,-6.1858,-3.1460,3.0000
101,scouts,3,-3.5307,-5.5533,3.0000
101,scouts,4,6.1858,-3.1460,3.0000
101,scouts,5,3.8175,-1.8572,3.0000
101,scouts,6,1.7327,-4.0333,3.0000
101,scouts,7,3.5307,-5.5533,3.0000
101,scouts,8,-3.8142,3.1460,3.0000
101,scouts,9,-6.4693,5.5533,3.0000
101,scouts,10,-8.2673,4.0333,3.0000
101,scouts,11,-6.1825,1.8572,3.0000
101,scouts,12,8.2673,4.0333,3.0000
101,scouts,13,6.4693,5.5533,3.0000
101,scouts,14,3.8142,3.1460,3.0000
101,scouts,15,6.1825,1.8572,3.0000
101,workers,0,-3.0000,-5.0000,3.0000
101,workers,1,7.0000,-5.0000,3.0000
101,workers,2,-3.0000,5.0000,3.0000
101,workers,3,7.0000,5.0000,3.0000
102,general,0,0.0000,0.0000,5.0000
102,nodes,0,-4.3556,-4.3092,3.0000
102,nodes,1,4.3556,-4.3086,3.0000
102,nodes,2,-5.6442,4.3089,3.0000
102,nodes,3,5.6448,4.3087,3.0000
102,scouts,0,-1.7157,-4.0233,3.0000
102,scouts,1,-3.8057,-1.8410,3.0000
102,scouts,2,-6.1819,-3.1268,3.0000
102,scouts,3,-3.5159,-5.5431,3.0000
102,scouts,4,6.1819,-3.1268,3.0000
102,scouts,5,3.8057,-1.8410,3.0000
102,scouts,6,1.7156,-4.0233,3.0000
102,scouts,7,3.5159,-5.5431,3.0000
102,scouts,8,-3.8181,3.1268,3.0000
102,scouts,9,-6.4841,5.5431,3.0000
102,scouts,10,-8.2843,4.0233,3.0000
102,scouts,11,-6.1943,1.8410,3.0000
102,scouts,12,8.2844,4.0233,3.0000
102,scouts,13,6.4841,5.5430,3.0000
102,scouts,14,3.8181,3.1268,3.0000
102,scouts,15,6.1943,1.8409,3.0000
102,workers,0,-3.0000,-5.0000,3.0000
102,workers,1,7.0000,-5.0000,3.0000
102,workers,2,-3.0000,5.0000,3.0000
102,workers,3,7.0000,5.0000,3.0000
103,general,0,0.0000,0.0000,5.0000
103,nodes,0,-4.3492,-4.3023,3.0000
103,nodes,1,4.3492,-4.3017,3.0000
103,nodes,2,-5.6507,4.3020,3.0000
103,nodes,3,5.6512,4.3017,3.0000
103,scouts,0,-1.6987,-4.0133,3.0000
103,scouts,1,-3.7940,-1.8247,3.0000
103,scouts,2,-6.1780,-3.1076,3.0000
103,scouts,3,-3.5011,-5.5328,3.0000
103,scouts,4,6.1780,-3.1077,3.0000
103,scouts,5,3.7939,-1.8247,3.0000
103,scouts,6,1.6986,-4.0133,3.0000
103,scouts,7,3.5011,-5.5328,3.0000
103,scouts,8,-3.8219,3.1077,3.0000
103,scouts,9,-6.4990,5.5328,3.0000
103,scouts,10,-8.3013,4.0133,3.0000
103,scouts,11,-6.2061,1.8247,3.0000
103,scouts,12,8.3014,4.0133,3.0000
103,scouts,13,6.4989,5.5328,3.0000
103,scouts,14,3.8220,3.1077,3.0000
103,scouts,15,6.2061,1.8247,3.0000
103,workers,0,-3.0000,-5.0000,3.0000
103,workers,1,7.0000,-5.0000,3.0000
103,workers,2,-3.0000,5.0000,3.0000
103,workers,3,7.0000,5.0000,3.0000
104,general,0,0.0000,0.0000,5.0000
104,nodes,0,-4.3429,-4.2953,3.0000
104,nodes,1,4.3428,-4.2947,3.0000
104,nodes,2,-5.6570,4.2951,3.0000
104,nodes,3,5.6575,4.2949,3.0000
104,scouts,0,-1.6817,-4.0033,3.0000
104,scouts,1,-3.7822,-1.8085,3.0000
104,scouts,2,-6.1741,-3.0885,3.0000
104,scouts,3,-3.4863,-5.5225,3.0000
104,scouts,4,6.1741,-3.0885,3.0000
104,scouts,5,3.7821,-1.8085,3.0000
104,scouts,6,1.6817,-4.0034,3.0000
104,scouts,7,3.4863,-5.5225,3.0000
104,scouts,8,-3.8258,3.0885,3.0000
104,scouts,9,-6.5137,5.5225,3.0000
104,scouts,10,-8.3183,4.0034,3.0000
104,scouts,11,-6.2178,1.8085,3.0000
104,scouts,12,8.3184,4.0034,3.0000
104,scouts,13,6.5137,5.5225,3.0000
104,scouts,14,3.8259,3.0885,3.0000
104,scouts,15,6.2179,1.8085,3.0000
104,workers,0,-3.0000,-5.0000,3.0000
104,workers,1,7.0000,-5.0000,3.0000
104,workers,2,-3.0000,5.0000,3.0000
104,workers,3,7.0000,5.0000,3.0000
105,general,0,0.0000,0.0000,5.0000
105,nodes,0,-4.3365,-4.2884,3.0000
105,nodes,1,4.3364,-4.2879,3.0000
105,nodes,2,-5.6633,4.2882,3.0000
105,nodes,3,5.6638,4.2879,3.0000
105,scouts,0,-1.6647,-3.9934,3.0000
105,scouts,1,-3.7704,-1.7923,3.0000
105,scouts,2,-6.1702,-3.0693,3.0000
105,scouts,3,-3.4715,-5.5122,3.0000
105,scouts,4,6.1702,-3.0694,3.0000
105,scouts,5,3.7704,-1.7923,3.0000
105,scouts,6,1.6647,-3.9934,3.0000
105,scouts,7,3.4715,-5.5122,3.0000
105,scouts,8,-3.8297,3.0694,3.0000
105,scouts,9,-6.5285,5.5122,3.0000
105,scouts,10,-8.3353,3.9934,3.0000
105,scouts,11,-6.2296,1.7923,3.0000
105,scouts,12,8.3353,3.9934,3.0000
105,scouts,13,6.5285,5.5122,3.0000
105,scouts,14,3.8298,3.0694,3.0000
105,scouts,15,6.2296,1.7923,3.0000
105,workers,0,-3.0000,-5.0000,3.0000
105,workers,1,7.0000,-5.0000,3.0000
105,workers,2,-3.0000,5.0000,3.0000
105,workers,3,7.0000,5.0000,3.0000
106,general,0,0.0000,0.0000,5.0000
106,nodes,0,-4.3303,-4.2815,3.0000
106,nodes,1,4.3301,-4.2810,3.0000
106,nodes,2,-5.6697,4.2813,3.0000
106,nodes,3,5.6702,4.2810,3.0000
106,scouts,0,-1.6478,-3.9834,3.0000
106,scouts,1,-3.7587,-1.7762,3.0000
106,scouts,2,-6.1663,-3.0502,3.0000
106,scouts,3,-3.4567,-5.5019,3.0000
106,scouts,4,6.1663,-3.0502,3.0000
106,scouts,5,3.7586,-1.7762,3.0000
106,scouts,6,1.6478,-3.9834,3.0000
106,scouts,7,3.4567,-5.5019,3.0000
106,scouts,8,-3.8337,3.0503,3.0000
106,scouts,9,-6.5433,5.5019,3.0000
106,scouts,10,-8.3522,3.9835,3.0000
106,scouts,11,-6.2413,1.7762,3.0000
106,scouts,12,8.3522,3.9834,3.0000
106,scouts,13,6.5433,5.5018,3.0000
106,scouts,14,3.8337,3.0502,3.0000
106,scouts,15,6.2414,1.7761,3.0000
106,workers,0,-3.0000,-5.0000,3.0000
106,workers,1,7.0000,-5.0000,3.0000
106,workers,2,-3.0000,5.0000,3.0000
106,workers,3,7.0000,5.0000,3.0000
107,general,0,0.0000,0.0000,5.0000
107,nodes,0,-4.3238,-4.2746,3.0000
107,nodes,1,4.3237,-4.2741,3.0000
107,nodes,2,-5.6760,4.2744,3.0000
107,nodes,3,5.6765,4.2741,3.0000
107,scouts,0,-1.6309,-3.9735,3.0000
107,scouts,1,-3.7470,-1.7600,3.0000
107,scouts,2,-6.1623,-3.0311,3.0000
107,scouts,3,-3.4420,-5.4915,3.0000
107,scouts,4,6.1623,-3.0311,3.0000
107,scouts,5,3.7469,-1.7600,3.0000
107,scouts,6,1.6309,-3.9735,3.0000
107,scouts,7,3.4420,-5.4915,3.0000
107,scouts,8,-3.8376,3.0312,3.0000
107,scouts,9,-6.5580,5.4915,3.0000
107,scouts,10,-8.3691,3.9735,3.0000
107,scouts,11,-6.2531,1.7600,3.0000
107,scouts,12,8.3691,3.9735,3.0000
107,scouts,13,6.5580,5.4915,3.0000
107,scouts,14,3.8377,3.0311,3.0000
107,scouts,15,6.2531,1.7600,3.0000
107,workers,0,-3.0000,-5.0000,3.0000
107,workers,1,7.0000,-5.0000,3.0000
107,workers,2,-3.0000,5.0000,3.0000
107,workers,3,7.0000,5.0000,3.0000
108,general,0,0.0000,0.0000,5.0000
108,nodes,0,-4.3176,-4.2677,3.0000
108,nodes,1,4.3175,-4.2672,3.0000
108,nodes,2,-5.6824,4.2675,3.0000
108,nodes,3,5.6829,4.2671,3.0000
108,scouts,0,-1.6140,-3.9635,3.0000
108,scouts,1,-3.7352,-1.7439,3.0000
108,scouts,2,-6.1584,-3.0120,3.0000
108,scouts,3,-3.4272,-5.4812,3.0000
108,scouts,4,6.1584,-3.0121,3.0000
108,scouts,5,3.7352,-1.7439,3.0000
108,scouts,6,1.6140,-3.9636,3.0000
108,scouts,7,3.4272,-5.4812,3.0000
108,scouts,8,-3.8416,3.0121,3.0000
108,scouts,9,-6.5728,5.4812,3.0000
108,scouts,10,-8.3860,3.9636,3.0000
108,scouts,11,-6.2648,1.7439,3.0000
108,scouts,12,8.3860,3.9636,3.0000
108,scouts,13,6.5728,5.4812,3.0000
108,scouts,14,3.8416,3.0121,3.0000
108,scouts,15,6.2648,1.7438,3.0000
108,workers,0,-3.0000,-5.0000,3.0000
108,workers,1,7.0000,-5.0000,3.0000
108,workers,2,-3.0000,5.0000,3.0000
108,workers,3,7.0000,5.0000,3.0000
109,general,0,0.0000,0.0000,5.0000
109,nodes,0,-4.3112,-4.2608,3.0000
109,nodes,1,4.3111,-4.2604,3.0000
109,nodes,2,-5.6888,4.2606,3.0000
109,nodes,3,5.6892,4.2603,3.0000
109,scouts,0,-1.5972,-3.9536,3.0000
109,scouts,1,-3.7235,-1.7278,3.0000
109,scouts,2,-6.1544,-2.9930,3.0000
109,scouts,3,-3.4125,-5.4709,3.0000
109,scouts,4,6.1544,-2.9930,3.0000
109,scouts,5,3.7235,-1.7278,3.0000
109,scouts,6,1.5971,-3.9536,3.0000
109,scouts,7,3.4125,-5.4708,3.0000
109,scouts,8,-3.8456,2.9930,3.0000
109,scouts,9,-6.5875,5.4708,3.0000
109,scouts,10,-8.4028,3.9537,3.0000
109,scouts,11,-6.2765,1.7278,3.0000
109,scouts,12,8.4029,3.9536,3.0000
109,scouts,13,6.5875,5.4708,3.0000
109,scouts,14,3.8457,2.9930,3.0000
109,scouts,15,6.2765,1.7277,3.0000
109,workers,0,-3.0000,-5.0000,3.0000
109,workers,1,7.0000,-5.0000,3.0000
109,workers,2,-3.0000,5.0000,3.0000
109,workers,3,7.0000,5.0000,3.0000
110,general,0,0.0000,0.0000,5.0000
110,nodes,0,-4.3048,-4.2539,3.0000
110,nodes,1,4.3048,-4.2535,3.0000
110,nodes,2,-5.6952,4.2537,3.0000
110,nodes,3,5.6956,4.2534,3.0000
110,scouts,0,-1.5803,-3.9437,3.0000
110,scouts,1,-3.7118,-1.7117,3.0000
110,scouts,2,-6.1503,-2.9739,3.0000
110,scouts,3,-3.3978,-5.4605,3.0000
110,scouts,4,6.1503,-2.9739,3.0000
110,scouts,5,3.7118,-1.7117,3.0000
110,scouts,6,1.5803,-3.9437,3.0000
110,scouts,7,3.3978,-5.4605,3.0000
110,scouts,8,-3.8497,2.9740,3.0000
110,scouts,9,-6.6022,5.4605,3.0000
110,scouts,10,-8.4197,3.9437,3.0000
110,scouts,11,-6.2882,1.7117,3.0000
110,scouts,12,8.4197,3.9437,3.0000
110,scouts,13,6.6022,5.4605,3.0000
110,scouts,14,3.8497,2.9739,3.0000
110,scouts,15,6.2882,1.7116,3.0000
110,workers,0,-3.0000,-5.0000,3.0000
110,workers,1,7.0000,-5.0000,3.0000
110,workers,2,-3.0000,5.0000,3.0000
110,workers,3,7.0000,5.0000,3.0000
111,general,0,0.0000,0.0000,5.0000
111,nodes,0,-4.2984,-4.2471,3.0000
111,nodes,1,4.2984,-4.2467,3.0000
111,nodes,2,-5.7015,4.2468,3.0000
111,nodes,3,5.7019,4.2465,3.0000
111,scouts,0,-1.5635,-3.9338,3.0000
111,scouts,1,-3.7001,-1.6956,3.0000
111,scouts,2,-6.1463,-2.9549,3.0000
111,scouts,3,-3.3831,-5.4501,3.0000
111,scouts,4,6.1463,-2.9549,3.0000
111,scouts,5,3.7001,-1.6956,3.0000
111,scouts,6,1.5635,-3.9338,3.0000
111,scouts,7,3.3831,-5.4501,3.0000
111,scouts,8,-3.8537,2.9549,3.0000
111,scouts,9,-6.6169,5.4501,3.0000
111,scouts,10,-8.4365,3.9338,3.0000
111,scouts,11,-6.2999,1.6956,3.0000
111,scouts,12,8.4365,3.9338,3.0000
111,scouts,13,6.6169,5.4501,3.0000
111,scouts,14,3.8537,2.9549,3.0000
111,scouts,15,6.2999,1.6956,3.0000
111,workers,0,-3.0000,-5.0000,3.0000
111,workers,1,7.0000,-5.0000,3.0000
111,workers,2,-3.0000,5.0000,3.0000
111,workers,3,7.0000,5.0000,3.0000
112,general,0,0.0000,0.0000,5.0000
112,nodes,0,-4.2921,-4.2403,3.0000
112,nodes,1,4.2921,-4.2398,3.0000
112,nodes,2,-5.7079,4.2399,3.0000
112,nodes,3,5.7083,4.2396,3.0000
112,scouts,0,-1.5468,-3.9238,3.0000
112,scouts,1,-3.6884,-1.6796,3.0000
112,scouts,2,-6.1422,-2.9359,3.0000
112,scouts,3,-3.3684,-5.4397,3.0000
112,scouts,4,6.1422,-2.9359,3.0000
112,scouts,5,3.6884,-1.6796,3.0000
112,scouts,6,1.5467,-3.9239,3.0000
112,scouts,7,3.3684,-5.4397,3.0000
112,scouts,8,-3.8578,2.9359,3.0000
112,scouts,9,-6.6316,5.4397,3.0000
112,scouts,10,-8.4532,3.9239,3.0000
112,scouts,11,-6.3116,1.6796,3.0000
112,scouts,12,8.4533,3.9239,3.0000
112,scouts,13,6.6316,5.4397,3.0000
112,scouts,14,3.8578,2.9359,3.0000
112,scouts,15,6.3116,1.6795,3.0000
112,workers,0,-3.0000,-5.0000,3.0000
112,workers,1,7.0000,-5.0000,3.0000
112,workers,2,-3.0000,5.0000,3.0000
112,workers,3,7.0000,5.0000,3.0000
113,general,0,0.0000,0.0000,5.0000
113,nodes,0,-4.2858,-4.2334,3.0000
113,nodes,1,4.2856,-4.2329,3.0000
113,nodes,2,-5.7142,4.2330,3.0000
113,nodes,3,5.7146,4.2328,3.0000
113,scouts,0,-1.5300,-3.9139,3.0000
113,scouts,1,-3.6768,-1.6636,3.0000
113,scouts,2,-6.1381,-2.9169,3.0000
113,scouts,3,-3.3538,-5.4293,3.0000
113,scouts,4,6.1381,-2.9169,3.0000
113,scouts,5,3.6767,-1.6635,3.0000
113,scouts,6,1.5300,-3.9140,3.0000
113,scouts,7,3.3537,-5.4293,3.0000
113,scouts,8,-3.8619,2.9169,3.0000
113,scouts,9,-6.6463,5.4293,3.0000
113,scouts,10,-8.4700,3.9140,3.0000
113,scouts,11,-6.3233,1.6636,3.0000
113,scouts,12,8.4701,3.9140,3.0000
113,scouts,13,6.6463,5.4293,3.0000
113,scouts,14,3.8619,2.9169,3.0000
113,scouts,15,6.3233,1.6635,3.0000
113,workers,0,-3.0000,-5.0000,3.0000
113,workers,1,7.0000,-5.0000,3.0000
113,workers,2,-3.0000,5.0000,3.0000
113,workers,3,7.0000,5.0000,3.0000
114,general,0,0.0000,0.0000,5.0000
114,nodes,0,-4.2795,-4.2265,3.0000
114,nodes,1,4.2793,-4.2260,3.0000
114,nodes,2,-5.7205,4.2262,3.0000
114,nodes,3,5.7210,4.2259,3.0000
114,scouts,0,-1.5133,-3.9041,3.0000
114,scouts,1,-3.6651,-1.6476,3.0000
114,scouts,2,-6.1340,-2.8979,3.0000
114,scouts,3,-3.3391,-5.4189,3.0000
114,scouts,4,6.1339,-2.8979,3.0000
114,scouts,5,3.6650,-1.6475,3.0000
114,scouts,6,1.5132,-3.9041,3.0000
114,scouts,7,3.3391,-5.4189,3.0000
114,scouts,8,-3.8660,2.8980,3.0000
114,scouts,9,-6.6609,5.4189,3.0000
114,scouts,10,-8.4867,3.9041,3.0000
114,scouts,11,-6.3349,1.6476,3.0000
114,scouts,12,8.4868,3.9041,3.0000
114,scouts,13,6.6609,5.4189,3.0000
114,scouts,14,3.8661,2.8979,3.0000
114,scouts,15,6.3350,1.6475,3.0000
114,workers,0,-3.0000,-5.0000,3.0000
114,workers,1,7.0000,-5.0000,3.0000
114,workers,2,-3.0000,5.0000,3.0000
114,workers,3,7.0000,5.0000,3.0000
115,general,0,0.0000,0.0000,5.0000
115,nodes,0,-4.2731,-4.2197,3.0000
115,nodes,1,4.2729,-4.2191,3.0000
115,nodes,2,-5.7268,4.2193,3.0000
115,nodes,3,5.7272,4.2191,3.0000
115,scouts,0,-1.4965,-3.8942,3.0000
115,scouts,1,-3.6534,-1.6316,3.0000
115,scouts,2,-6.1298,-2.8790,3.0000
115,scouts,3,-3.3245,-5.4085,3.0000
115,scouts,4,6.1298,-2.8790,3.0000
115,scouts,5,3.6534,-1.6316,3.0000
115,scouts,6,1.4965,-3.8942,3.0000
115,scouts,7,3.3244,-5.4085,3.0000
115,scouts,8,-3.8702,2.8790,3.0000
115,scouts,9,-6.6756,5.4085,3.0000
115,scouts,10,-8.5035,3.8942,3.0000
115,scouts,11,-6.3466,1.6316,3.0000
115,scouts,12,8.5035,3.8942,3.0000
115,scouts,13,6.6756,5.4085,3.0000
115,scouts,14,3.8702,2.8790,3.0000
115,scouts,15,6.3466,1.6315,3.0000
115,workers,0,-3.0000,-5.0000,3.0000
115,workers,1,7.0000,-5.0000,3.0000
115,workers,2,-3.0000,5.0000,3.0000
115,workers,3,7.0000,5.0000,3.0000
116,general,0,0.0000,0.0000,5.0000
116,nodes,0,-4.2669,-4.2128,3.0000
116,nodes,1,4.2666,-4.2123,3.0000
116,nodes,2,-5.7332,4.2125,3.0000
116,nodes,3,5.7336,4.2122,3.0000
116,scouts,0,-1.4799,-3.8843,3.0000
116,scouts,1,-3.6418,-1.6156,3.0000
116,scouts,2,-6.1256,-2.8600,3.0000
116,scouts,3,-3.3098,-5.3980,3.0000
116,scouts,4,6.1256,-2.8601,3.0000
116,scouts,5,3.6417,-1.6156,3.0000
116,scouts,6,1.4798,-3.8843,3.0000
116,scouts,7,3.3098,-5.3980,3.0000
116,scouts,8,-3.8744,2.8601,3.0000
116,scouts,9,-6.6902,5.3980,3.0000
116,scouts,10,-8.5202,3.8843,3.0000
116,scouts,11,-6.3583,1.6156,3.0000
116,scouts,12,8.5202,3.8843,3.0000
116,scouts,13,6.6902,5.3980,3.0000
116,scouts,14,3.8744,2.8601,3.0000
116,scouts,15,6.3583,1.6156,3.0000
116,workers,0,-3.0000,-5.0000,3.0000
116,workers,1,7.0000,-5.0000,3.0000
116,workers,2,-3.0000,5.0000,3.0000
116,workers,3,7.0000,5.0000,3.0000
117,general,0,0.0000,0.0000,5.0000
117,nodes,0,-4.2604,-4.2059,3.0000
117,nodes,1,4.2602,-4.2055,3.0000
117,nodes,2,-5.7395,4.2056,3.0000
117,nodes,3,5.7400,4.2054,3.0000
117,scouts,0,-1.4632,-3.8744,3.0000
117,scouts,1,-3.6301,-1.5997,3.0000
117,scouts,2,-6.1214,-2.8411,3.0000
117,scouts,3,-3.2952,-5.3876,3.0000
117,scouts,4,6.1214,-2.8411,3.0000
117,scouts,5,3.6301,-1.5997,3.0000
117,scouts,6,1.4631,-3.8745,3.0000
117,scouts,7,3.2952,-5.3876,3.0000
117,scouts,8,-3.8786,2.8412,3.0000
117,scouts,9,-6.7048,5.3876,3.0000
117,scouts,10,-8.5368,3.8745,3.0000
117,scouts,11,-6.3699,1.5997,3.0000
117,scouts,12,8.5369,3.8744,3.0000
117,scouts,13,6.7048,5.3876,3.0000
117,scouts,14,3.8786,2.8412,3.0000
117,scouts,15,6.3699,1.5996,3.0000
117,workers,0,-3.0000,-5.0000,3.0000
117,workers,1,7.0000,-5.0000,3.0000
117,workers,2,-3.0000,5.0000,3.0000
117,workers,3,7.0000,5.0000,3.0000
118,general,0,0.0000,0.0000,5.0000
118,nodes,0,-4.2541,-4.1990,3.0000
118,nodes,1,4.2539,-4.1987,3.0000
118,nodes,2,-5.7459,4.1987,3.0000
118,nodes,3,5.7463,4.1985,3.0000
118,scouts,0,-1.4465,-3.8646,3.0000
118,scouts,1,-3.6185,-1.5838,3.0000
118,scouts,2,-6.1172,-2.8222,3.0000
118,scouts,3,-3.2806,-5.3771,3.0000
118,scouts,4,6.1172,-2.8223,3.0000
118,scouts,5,3.6184,-1.5837,3.0000
118,scouts,6,1.4465,-3.8646,3.0000
118,scouts,7,3.2806,-5.3771,3.0000
118,scouts,8,-3.8828,2.8223,3.0000
118,scouts,9,-6.7194,5.3771,3.0000
118,scouts,10,-8.5535,3.8646,3.0000
118,scouts,11,-6.3815,1.5838,3.0000
118,scouts,12,8.5535,3.8646,3.0000
118,scouts,13,6.7194,5.3771,3.0000
118,scouts,14,3.8829,2.8223,3.0000
118,scouts,15,6.3816,1.5837,3.0000
118,workers,0,-3.0000,-5.0000,3.0000
118,workers,1,7.0000,-5.0000,3.0000
118,workers,2,-3.0000,5.0000,3.0000
118,workers,3,7.0000,5.0000,3.0000
119,general,0,0.0000,0.0000,5.0000
119,nodes,0,-4.2478,-4.1922,3.0000
119,nodes,1,4.2476,-4.1919,3.0000
119,nodes,2,-5.7521,4.1918,3.0000
119,nodes,3,5.7526,4.1917,3.0000
119,scouts,0,-1.4299,-3.8547,3.0000
119,scouts,1,-3.6069,-1.5679,3.0000
119,scouts,2,-6.1129,-2.8034,3.0000
119,scouts,3,-3.2660,-5.3667,3.0000
119,scouts,4,6.1129,-2.8034,3.0000
119,scouts,5,3.6068,-1.5679,3.0000
119,scouts,6,1.4299,-3.8547,3.0000
119,scouts,7,3.2660,-5.3666,3.0000
119,scouts,8,-3.8871,2.8034,3.0000
119,scouts,9,-6.7340,5.3666,3.0000
119,scouts,10,-8.5701,3.8548,3.0000
119,scouts,11,-6.3932,1.5679,3.0000
119,scouts,12,8.5702,3.8547,3.0000
119,scouts,13,6.7340,5.3666,3.0000
119,scouts,14,3.8871,2.8034,3.0000
119,scouts,15,6.3932,1.5678,3.0000
119,workers,0,-3.0000,-5.0000,3.0000
119,workers,1,7.0000,-5.0000,3.0000
119,workers,2,-3.0000,5.0000,3.0000
119,workers,3,7.0000,5.0000,3.0000
120,general,0,0.0000,0.0000,5.0000
120,nodes,0,-4.2414,-4.1854,3.0000
120,nodes,1,4.2413,-4.1850,3.0000
120,nodes,2,-5.7585,4.1849,3.0000
120,nodes,3,5.7589,4.1848,3.0000
120,scouts,0,-1.4133,-3.8449,3.0000
120,scouts,1,-3.5953,-1.5520,3.0000
120,scouts,2,-6.1086,-2.7845,3.0000
120,scouts,3,-3.2515,-5.3562,3.0000
120,scouts,4,6.1086,-2.7846,3.0000
120,scouts,5,3.5952,-1.5520,3.0000
120,scouts,6,1.4133,-3.8449,3.0000
120,scouts,7,3.2514,-5.3562,3.0000
120,scouts,8,-3.8914,2.7846,3.0000
120,scouts,9,-6.7486,5.3561,3.0000
120,scouts,10,-8.5867,3.8449,3.0000
120,scouts,11,-6.4048,1.5520,3.0000
120,scouts,12,8.5868,3.8449,3.0000
120,scouts,13,6.7486,5.3561,3.0000
120,scouts,14,3.8914,2.7846,3.0000
120,scouts,15,6.4048,1.5519,3.0000
120,workers,0,-3.0000,-5.0000,3.0000
120,workers,1,7.0000,-5.0000,3.0000
120,workers,2,-3.0000,5.0000,3.0000
120,workers,3,7.0000,5.0000,3.0000
121,general,0,0.0000,0.0000,5.0000
121,nodes,0,-4.2351,-4.1785,3.0000
121,nodes,1,4.2350,-4.1782,3.0000
121,nodes,2,-5.7649,4.1781,3.0000
121,nodes,3,5.7652,4.1780,3.0000
121,scouts,0,-1.3967,-3.8350,3.0000
121,scouts,1,-3.5837,-1.5361,3.0000
121,scouts,2,-6.1043,-2.7657,3.0000
121,scouts,3,-3.2369,-5.3457,3.0000
121,scouts,4,6.1043,-2.7657,3.0000
121,scouts,5,3.5836,-1.5361,3.0000
121,scouts,6,1.3967,-3.8351,3.0000
121,scouts,7,3.2369,-5.3457,3.0000
121,scouts,8,-3.8957,2.7658,3.0000
121,scouts,9,-6.7631,5.3456,3.0000
121,scouts,10,-8.6033,3.8351,3.0000
121,scouts,11,-6.4164,1.5361,3.0000
121,scouts,12,8.6034,3.8350,3.0000
121,scouts,13,6.7631,5.3456,3.0000
121,scouts,14,3.8957,2.7657,3.0000
121,scouts,15,6.4164,1.5361,3.0000
121,workers,0,-3.0000,-5.0000,3.0000
121,workers,1,7.0000,-5.0000,3.0000
121,workers,2,-3.0000,5.0000,3.0000
121,workers,3,7.0000,5.0000,3.0000
122,general,0,0.0000,0.0000,5.0000
122,nodes,0,-4.2287,-4.1716,3.0000
122,nodes,1,4.2286,-4.1713,3.0000
122,nodes,2,-5.7713,4.1713,3.0000
122,nodes,3,5.7716,4.1712,3.0000
122,scouts,0,-1.3801,-3.8252,3.0000
122,scouts,1,-3.5721,-1.5203,3.0000
122,scouts,2,-6.0999,-2.7469,3.0000
122,scouts,3,-3.2224,-5.3351,3.0000
122,scouts,4,6.0999,-2.7469,3.0000
122,scouts,5,3.5720,-1.5203,3.0000
122,scouts,6,1.3801,-3.8252,3.0000
122,scouts,7,3.2223,-5.3351,3.0000
122,scouts,8,-3.9001,2.7470,3.0000
122,scouts,9,-6.7777,5.3351,3.0000
122,scouts,10,-8.6199,3.8253,3.0000
122,scouts,11,-6.4280,1.5203,3.0000
122,scouts,12,8.6199,3.8252,3.0000
122,scouts,13,6.7777,5.3351,3.0000
122,scouts,14,3.9001,2.7469,3.0000
122,scouts,15,6.4280,1.5202,3.0000
122,workers,0,-3.0000,-5.0000,3.0000
122,workers,1,7.0000,-5.0000,3.0000
122,workers,2,-3.0000,5.0000,3.0000
122,workers,3,7.0000,5.0000,3.0000
123,general,0,0.0000,0.0000,5.0000
123,nodes,0,-4.2225,-4.1648,3.0000
123,nodes,1,4.2224,-4.1644,3.0000
123,nodes,2,-5.7776,4.1645,3.0000
123,nodes,3,5.7779,4.1643,3.0000
123,scouts,0,-1.3636,-3.8154,3.0000
123,scouts,1,-3.5605,-1.5045,3.0000
123,scouts,2,-6.0955,-2.7281,3.0000
123,scouts,3,-3.2078,-5.3246,3.0000
123,scouts,4,6.0955,-2.7282,3.0000
123,scouts,5,3.5604,-1.5045,3.0000
123,scouts,6,1.3636,-3.8154,3.0000
123,scouts,7,3.2078,-5.3246,3.0000
123,scouts,8,-3.9045,2.7282,3.0000
123,scouts,9,-6.7922,5.3246,3.0000
123,scouts,10,-8.6364,3.8154,3.0000
123,scouts,11,-6.4396,1.5045,3.0000
123,scouts,12,8.6365,3.8154,3.0000
123,scouts,13,6.7922,5.3246,3.0000
123,scouts,14,3.9045,2.7282,3.0000
123,scouts,15,6.4396,1.5044,3.0000
123,workers,0,-3.0000,-5.0000,3.0000
123,workers,1,7.0000,-5.0000,3.0000
123,workers,2,-3.0000,5.0000,3.0000
123,workers,3,7.0000,5.0000,3.0000
124,general,0,0.0000,0.0000,5.0000
124,nodes,0,-4.2160,-4.1579,3.0000
124,nodes,1,4.2160,-4.1576,3.0000
124,nodes,2,-5.7840,4.1576,3.0000
124,nodes,3,5.7842,4.1574,3.0000
124,scouts,0,-1.3471,-3.8056,3.0000
124,scouts,1,-3.5489,-1.4887,3.0000
124,scouts,2,-6.0911,-2.7094,3.0000
124,scouts,3,-3.1933,-5.3141,3.0000
124,scouts,4,6.0911,-2.7094,3.0000
124,scouts,5,3.5488,-1.4887,3.0000
124,scouts,6,1.3470,-3.8056,3.0000
124,scouts,7,3.1933,-5.3141,3.0000
124,scouts,8,-3.9089,2.7094,3.0000
124,scouts,9,-6.8067,5.3141,3.0000
124,scouts,10,-8.6529,3.8056,3.0000
124,scouts,11,-6.4512,1.4887,3.0000
124,scouts,12,8.6530,3.8056,3.0000
124,scouts,13,6.8067,5.3140,3.0000
124,scouts,14,3.9089,2.7094,3.0000
124,scouts,15,6.4512,1.4886,3.0000
124,workers,0,-3.0000,-5.0000,3.0000
124,workers,1,7.0000,-5.0000,3.0000
124,workers,2,-3.0000,5.0000,3.0000
124,workers,3,7.0000,5.0000,3.0000
125,general,0,0.0000,0.0000,5.0000
125,nodes,0,-4.2098,-4.1509,3.0000
125,nodes,1,4.2097,-4.1507,3.0000
125,nodes,2,-5.7904,4.1508,3.0000
125,nodes,3,5.7906,4.1506,3.0000
125,scouts,0,-1.3306,-3.7958,3.0000
125,scouts,1,-3.5373,-1.4729,3.0000
125,scouts,2,-6.0866,-2.6907,3.0000
125,scouts,3,-3.1788,-5.3035,3.0000
125,scouts,4,6.0866,-2.6907,3.0000
125,scouts,5,3.5372,-1.4729,3.0000
125,scouts,6,1.3305,-3.7958,3.0000
125,scouts,7,3.1788,-5.3035,3.0000
125,scouts,8,-3.9133,2.6907,3.0000
125,scouts,9,-6.8212,5.3035,3.0000
125,scouts,10,-8.6694,3.7958,3.0000
125,scouts,11,-6.4628,1.4729,3.0000
125,scouts,12,8.6695,3.7958,3.0000
125,scouts,13,6.8212,5.3035,3.0000
125,scouts,14,3.9134,2.6907,3.0000
125,scouts,15,6.4628,1.4729,3.0000
125,workers,0,-3.0000,-5.0000,3.0000
125,workers,1,7.0000,-5.0000,3.0000
125,workers,2,-3.0000,5.0000,3.0000
125,workers,3,7.0000,5.0000,3.0000
126,general,0,0.0000,0.0000,5.0000
126,nodes,0,-4.2034,-4.1441,3.0000
126,nodes,1,4.2034,-4.1439,3.0000
126,nodes,2,-5.7967,4.1440,3.0000
126,nodes,3,5.7969,4.1438,3.0000
126,scouts,0,-1.3141,-3.7860,3.0000
126,scouts,1,-3.5257,-1.4572,3.0000
126,scouts,2,-6.0822,-2.6719,3.0000
126,scouts,3,-3.1643,-5.2930,3.0000
126,scouts,4,6.0822,-2.6720,3.0000
126,scouts,5,3.5256,-1.4572,3.0000
126,scouts,6,1.3140,-3.7860,3.0000
126,scouts,7,3.1643,-5.2929,3.0000
126,scouts,8,-3.9178,2.6720,3.0000
126,scouts,9,-6.8357,5.2929,3.0000
126,scouts,10,-8.6859,3.7860,3.0000
126,scouts,11,-6.4743,1.4572,3.0000
126,scouts,12,8.6860,3.7860,3.0000
126,scouts,13,6.8357,5.2929,3.0000
126,scouts,14,3.9178,2.6720,3.0000
126,scouts,15,6.4744,1.4571,3.0000
126,workers,0,-3.0000,-5.0000,3.0000
126,workers,1,7.0000,-5.0000,3.0000
126,workers,2,-3.0000,5.0000,3.0000
126,workers,3,7.0000,5.0000,3.0000
127,general,0,0.0000,0.0000,5.0000
127,nodes,0,-4.1971,-4.1373,3.0000
127,nodes,1,4.1970,-4.1371,3.0000
127,nodes,2,-5.8030,4.1371,3.0000
127,nodes,3,5.8033,4.1370,3.0000
127,scouts,0,-1.2976,-3.7762,3.0000
127,scouts,1,-3.5141,-1.4415,3.0000
127,scouts,2,-6.0776,-2.6533,3.0000
127,scouts,3,-3.1499,-5.2824,3.0000
127,scouts,4,6.0776,-2.6533,3.0000
127,scouts,5,3.5141,-1.4415,3.0000
127,scouts,6,1.2976,-3.7762,3.0000
127,scouts,7,3.1498,-5.2824,3.0000
127,scouts,8,-3.9223,2.6533,3.0000
127,scouts,9,-6.8502,5.2824,3.0000
127,scouts,10,-8.7024,3.7762,3.0000
127,scouts,11,-6.4859,1.4415,3.0000
127,scouts,12,8.7024,3.7762,3.0000
127,scouts,13,6.8502,5.2823,3.0000
127,scouts,14,3.9224,2.6533,3.0000
127,scouts,15,6.4859,1.4414,3.0000
127,workers,0,-3.0000,-5.0000,3.0000
127,workers,1,7.0000,-5.0000,3.0000
127,workers,2,-3.0000,5.0000,3.0000
127,workers,3,7.0000,5.0000,3.0000
128,general,0,0.0000,0.0000,5.0000
128,nodes,0,-4.1907,-4.1305,3.0000
128,nodes,1,4.1906,-4.1303,3.0000
128,nodes,2,-5.8093,4.1303,3.0000
128,nodes,3,5.8096,4.1302,3.0000
128,scouts,0,-1.2812,-3.7664,3.0000
128,scouts,1,-3.5026,-1.4258,3.0000
128,scouts,2,-6.0731,-2.6346,3.0000
128,scouts,3,-3.1354,-5.2718,3.0000
128,scouts,4,6.0731,-2.6347,3.0000
128,scouts,5,3.5025,-1.4258,3.0000
128,scouts,6,1.2811,-3.7664,3.0000
128,scouts,7,3.1354,-5.2718,3.0000
128,scouts,8,-3.9269,2.6347,3.0000
128,scouts,9,-6.8646,5.2718,3.0000
128,scouts,10,-8.7188,3.7665,3.0000
128,scouts,11,-6.4975,1.4258,3.0000
128,scouts,12,8.7189,3.7664,3.0000
128,scouts,13,6.8646,5.2718,3.0000
128,scouts,14,3.9269,2.6347,3.0000
128,scouts,15,6.4975,1.4257,3.0000
128,workers,0,-3.0000,-5.0000,3.0000
128,workers,1,7.0000,-5.0000,3.0000
128,workers,2,-3.0000,5.0000,3.0000
128,workers,3,7.0000,5.0000,3.0000
129,general,0,0.0000,0.0000,5.0000
129,nodes,0,-4.1845,-4.1237,3.0000
129,nodes,1,4.1843,-4.1235,3.0000
129,nodes,2,-5.8157,4.1236,3.0000
129,nodes,3,5.8159,4.1234,3.0000
129,scouts,0,-1.2648,-3.7566,3.0000
129,scouts,1,-3.4910,-1.4101,3.0000
129,scouts,2,-6.0685,-2.6160,3.0000
129,scouts,3,-3.1209,-5.2612,3.0000
129,scouts,4,6.0685,-2.6160,3.0000
129,scouts,5,3.4909,-1.4101,3.0000
129,scouts,6,1.2647,-3.7567,3.0000
129,scouts,7,3.1209,-5.2612,3.0000
129,scouts,8,-3.9315,2.6160,3.0000
129,scouts,9,-6.8791,5.2612,3.0000
129,scouts,10,-8.7353,3.7567,3.0000
129,scouts,11,-6.5090,1.4101,3.0000
129,scouts,12,8.7353,3.7567,3.0000
129,scouts,13,6.8791,5.2612,3.0000
129,scouts,14,3.9315,2.6160,3.0000
129,scouts,15,6.5091,1.4100,3.0000
129,workers,0,-3.0000,-5.0000,3.0000
129,workers,1,7.0000,-5.0000,3.0000
129,workers,2,-3.0000,5.0000,3.0000
129,workers,3,7.0000,5.0000,3.0000
130,general,0,0.0000,0.0000,5.0000
130,nodes,0,-4.1781,-4.1168,3.0000
130,nodes,1,4.1779,-4.1167,3.0000
130,nodes,2,-5.8221,4.1167,3.0000
130,nodes,3,5.8223,4.1165,3.0000
130,scouts,0,-1.2484,-3.7469,3.0000
130,scouts,1,-3.4795,-1.3944,3.0000
130,scouts,2,-6.0639,-2.5974,3.0000
130,scouts,3,-3.1065,-5.2506,3.0000
130,scouts,4,6.0639,-2.5974,3.0000
130,scouts,5,3.4794,-1.3944,3.0000
130,scouts,6,1.2483,-3.7469,3.0000
130,scouts,7,3.1065,-5.2506,3.0000
130,scouts,8,-3.9361,2.5974,3.0000
130,scouts,9,-6.8935,5.2505,3.0000
130,scouts,10,-8.7517,3.7469,3.0000
130,scouts,11,-6.5206,1.3944,3.0000
130,scouts,12,8.7517,3.7469,3.0000
130,scouts,13,6.8935,5.2505,3.0000
130,scouts,14,3.9361,2.5974,3.0000
130,scouts,15,6.5206,1.3944,3.0000
130,workers,0,-3.0000,-5.0000,3.0000
130,workers,1,7.0000,-5.0000,3.0000
130,workers,2,-3.0000,5.0000,3.0000
130,workers,3,7.0000,5.0000,3.0000
131,general,0,0.0000,0.0000,5.0000
131,nodes,0,-4.1718,-4.1100,3.0000
131,nodes,1,4.1716,-4.1099,3.0000
131,nodes,2,-5.8284,4.1099,3.0000
131,nodes,3,5.8286,4.1097,3.0000
131,scouts,0,-1.2320,-3.7371,3.0000
131,scouts,1,-3.4679,-1.3788,3.0000
131,scouts,2,-6.0592,-2.5788,3.0000
131,scouts,3,-3.0921,-5.2399,3.0000
131,scouts,4,6.0592,-2.5789,3.0000
131,scouts,5,3.4678,-1.3788,3.0000
131,scouts,6,1.2319,-3.7372,3.0000
131,scouts,7,3.0921,-5.2399,3.0000
131,scouts,8,-3.9407,2.5789,3.0000
131,scouts,9,-6.9079,5.2399,3.0000
131,scouts,10,-8.7681,3.7372,3.0000
131,scouts,11,-6.5321,1.3788,3.0000
131,scouts,12,8.7681,3.7371,3.0000
131,scouts,13,6.9079,5.2399,3.0000
131,scouts,14,3.9408,2.5788,3.0000
131,scouts,15,6.5322,1.3787,3.0000
131,workers,0,-3.0000,-5.0000,3.0000
131,workers,1,7.0000,-5.0000,3.0000
131,workers,2,-3.0000,5.0000,3.0000
131,workers,3,7.0000,5.0000,3.0000
132,general,0,0.0000,0.0000,5.0000
132,nodes,0,-4.1655,-4.1032,3.0000
132,nodes,1,4.1652,-4.1031,3.0000
132,nodes,2,-5.8348,4.1032,3.0000
132,nodes,3,5.8351,4.1029,3.0000
132,scouts,0,-1.2156,-3.7274,3.0000
132,scouts,1,-3.4564,-1.3632,3.0000
132,scouts,2,-6.0546,-2.5603,3.0000
132,scouts,3,-3.0777,-5.2293,3.0000
132,scouts,4,6.0546,-2.5603,3.0000
132,scouts,5,3.4563,-1.3632,3.0000
132,scouts,6,1.2155,-3.7274,3.0000
132,scouts,7,3.0777,-5.2293,3.0000
132,scouts,8,-3.9454,2.5603,3.0000
132,scouts,9,-6.9223,5.2293,3.0000
132,scouts,10,-8.7844,3.7274,3.0000
132,scouts,11,-6.5437,1.3632,3.0000
132,scouts,12,8.7845,3.7274,3.0000
132,scouts,13,6.9223,5.2293,3.0000
132,scouts,14,3.9455,2.5603,3.0000
132,scouts,15,6.5437,1.3631,3.0000
132,workers,0,-3.0000,-5.0000,3.0000
132,workers,1,7.0000,-5.0000,3.0000
132,workers,2,-3.0000,5.0000,3.0000
132,workers,3,7.0000,5.0000,3.0000
133,general,0,0.0000,0.0000,5.0000
133,nodes,0,-4.1591,-4.0964,3.0000
133,nodes,1,4.1589,-4.0963,3.0000
133,nodes,2,-5.8411,4.0963,3.0000
133,nodes,3,5.8414,4.0961,3.0000
133,scouts,0,-1.1992,-3.7177,3.0000
133,scouts,1,-3.4448,-1.3476,3.0000
133,scouts,2,-6.0498,-2.5418,3.0000
133,scouts,3,-3.0633,-5.2186,3.0000
133,scouts,4,6.0498,-2.5418,3.0000
133,scouts,5,3.4447,-1.3476,3.0000
133,scouts,6,1.1992,-3.7177,3.0000
133,scouts,7,3.0633,-5.2186,3.0000
133,scouts,8,-3.9501,2.5418,3.0000
133,scouts,9,-6.9367,5.2186,3.0000
133,scouts,10,-8.8008,3.7177,3.0000
133,scouts,11,-6.5552,1.3476,3.0000
133,scouts,12,8.8008,3.7177,3.0000
133,scouts,13,6.9367,5.2186,3.0000
133,scouts,14,3.9502,2.5418,3.0000
133,scouts,15,6.5553,1.3475,3.0000
133,workers,0,-3.0000,-5.0000,3.0000
133,workers,1,7.0000,-5.0000,3.0000
133,workers,2,-3.0000,5.0000,3.0000
133,workers,3,7.0000,5.0000,3.0000
134,general,0,0.0000,0.0000,5.0000
134,nodes,0,-4.1530,-4.0895,3.0000
134,nodes,1,4.1525,-4.0895,3.0000
134,nodes,2,-5.8475,4.0895,3.0000
134,nodes,3,5.8480,4.0892,3.0000
134,scouts,0,-1.1829,-3.7079,3.0000
134,scouts,1,-3.4333,-1.3320,3.0000
134,scouts,2,-6.0451,-2.5233,3.0000
134,scouts,3,-3.0489,-5.2080,3.0000
134,scouts,4,6.0451,-2.5233,3.0000
134,scouts,5,3.4332,-1.3320,3.0000
134,scouts,6,1.1829,-3.7080,3.0000
134,scouts,7,3.0489,-5.2079,3.0000
134,scouts,8,-3.9549,2.5233,3.0000
134,scouts,9,-6.9511,5.2079,3.0000
134,scouts,10,-8.8171,3.7080,3.0000
134,scouts,11,-6.5668,1.3320,3.0000
134,scouts,12,8.8172,3.7079,3.0000
134,scouts,13,6.9511,5.2079,3.0000
134,scouts,14,3.9549,2.5233,3.0000
134,scouts,15,6.5668,1.3319,3.0000
134,workers,0,-3.0000,-5.0000,3.0000
134,workers,1,7.0000,-5.0000,3.0000
134,workers,2,-3.0000,5.0000,3.0000
134,workers,3,7.0000,5.0000,3.0000
135,general,0,0.0000,0.0000,5.0000
135,nodes,0,-4.1463,-4.0827,3.0000
135,nodes,1,4.1459,-4.0827,3.0000
135,nodes,2,-5.8538,4.0827,3.0000
135,nodes,3,5.8542,4.0824,3.0000
135,scouts,0,-1.1666,-3.6982,3.0000
135,scouts,1,-3.4218,-1.3165,3.0000
135,scouts,2,-6.0403,-2.5048,3.0000
135,scouts,3,-3.0346,-5.1973,3.0000
135,scouts,4,6.0403,-2.5048,3.0000
135,scouts,5,3.4217,-1.3165,3.0000
135,scouts,6,1.1665,-3.6982,3.0000
135,scouts,7,3.0345,-5.1973,3.0000
135,scouts,8,-3.9597,2.5048,3.0000
135,scouts,9,-6.9655,5.1973,3.0000
135,scouts,10,-8.8334,3.6983,3.0000
135,scouts,11,-6.5783,1.3165,3.0000
135,scouts,12,8.8335,3.6982,3.0000
135,scouts,13,6.9655,5.1972,3.0000
135,scouts,14,3.9597,2.5048,3.0000
135,scouts,15,6.5783,1.3164,3.0000
135,workers,0,-3.0000,-5.0000,3.0000
135,workers,1,7.0000,-5.0000,3.0000
135,workers,2,-3.0000,5.0000,3.0000
135,workers,3,7.0000,5.0000,3.0000
136,general,0,0.0000,0.0000,5.0000
136,nodes,0,-4.1399,-4.0759,3.0000
136,nodes,1,4.1394,-4.0759,3.0000
136,nodes,2,-5.8602,4.0759,3.0000
136,nodes,3,5.8606,4.0757,3.0000
136,scouts,0,-1.1503,-3.6885,3.0000
136,scouts,1,-3.4102,-1.3009,3.0000
136,scouts,2,-6.0354,-2.4864,3.0000
136,scouts,3,-3.0202,-5.1866,3.0000
136,scouts,4,6.0354,-2.4864,3.0000
136,scouts,5,3.4102,-1.3009,3.0000
136,scouts,6,1.1502,-3.6885,3.0000
136,scouts,7,3.0202,-5.1866,3.0000
136,scouts,8,-3.9645,2.4864,3.0000
136,scouts,9,-6.9798,5.1866,3.0000
136,scouts,10,-8.8497,3.6886,3.0000
136,scouts,11,-6.5898,1.3009,3.0000
136,scouts,12,8.8498,3.6885,3.0000
136,scouts,13,6.9798,5.1865,3.0000
136,scouts,14,3.9646,2.4864,3.0000
136,scouts,15,6.5899,1.3009,3.0000
136,workers,0,-3.0000,-5.0000,3.0000
136,workers,1,7.0000,-5.0000,3.0000
136,workers,2,-3.0000,5.0000,3.0000
136,workers,3,7.0000,5.0000,3.0000
137,general,0,0.0000,0.0000,5.0000
137,nodes,0,-4.1335,-4.0691,3.0000
137,nodes,1,4.1328,-4.0693,3.0000
137,nodes,2,-5.8663,4.0690,3.0000
137,nodes,3,5.8673,4.0689,3.0000
137,scouts,0,-1.1340,-3.6788,3.0000
137,scouts,1,-3.3987,-1.2854,3.0000
137,scouts,2,-6.0306,-2.4680,3.0000
137,scouts,3,-3.0059,-5.1759,3.0000
137,scouts,4,6.0306,-2.4680,3.0000
137,scouts,5,3.3986,-1.2854,3.0000
137,scouts,6,1.1340,-3.6788,3.0000
137,scouts,7,3.0058,-5.1758,3.0000
137,scouts,8,-3.9694,2.4680,3.0000
137,scouts,9,-6.9942,5.1758,3.0000
137,scouts,10,-8.8660,3.6789,3.0000
137,scouts,11,-6.6013,1.2854,3.0000
137,scouts,12,8.8661,3.6788,3.0000
137,scouts,13,6.9942,5.1758,3.0000
137,scouts,14,3.9695,2.4680,3.0000
137,scouts,15,6.6014,1.2854,3.0000
137,workers,0,-3.0000,-5.0000,3.0000
137,workers,1,7.0000,-5.0000,3.0000
137,workers,2,-3.0000,5.0000,3.0000
137,workers,3,7.0000,5.0000,3.0000
138,general,0,0.0000,0.0000,5.0000
138,nodes,0,-4.1271,-4.0624,3.0000
138,nodes,1,4.1266,-4.0624,3.0000
138,nodes,2,-5.8728,4.0623,3.0000
138,nodes,3,5.8734,4.0621,3.0000
138,scouts,0,-1.1178,-3.6691,3.0000
138,scouts,1,-3.3872,-1.2700,3.0000
138,scouts,2,-6.0256,-2.4496,3.0000
138,scouts,3,-2.9915,-5.1651,3.0000
138,scouts,4,6.0256,-2.4496,3.0000
138,scouts,5,3.3871,-1.2699,3.0000
138,scouts,6,1.1177,-3.6692,3.0000
138,scouts,7,2.9915,-5.1651,3.0000
138,scouts,8,-3.9743,2.4496,3.0000
138,scouts,9,-7.0085,5.1651,3.0000
138,scouts,10,-8.8823,3.6692,3.0000
138,scouts,11,-6.6129,1.2700,3.0000
138,scouts,12,8.8823,3.6691,3.0000
138,scouts,13,7.0085,5.1651,3.0000
138,scouts,14,3.9744,2.4496,3.0000
138,scouts,15,6.6129,1.2699,3.0000
138,workers,0,-3.0000,-5.0000,3.0000
138,workers,1,7.0000,-5.0000,3.0000
138,workers,2,-3.0000,5.0000,3.0000
138,workers,3,7.0000,5.0000,3.0000
139,general,0,0.0000,0.0000,5.0000
139,nodes,0,-4.1209,-4.0556,3.0000
139,nodes,1,4.1202,-4.0556,3.0000
139,nodes,2,-5.8790,4.0555,3.0000
139,nodes,3,5.8797,4.0554,3.0000
139,scouts,0,-1.1015,-3.6594,3.0000
139,scouts,1,-3.3757,-1.2545,3.0000
139,scouts,2,-6.0207,-2.4312,3.0000
139,scouts,3,-2.9772,-5.1544,3.0000
139,scouts,4,6.0207,-2.4313,3.0000
139,scouts,5,3.3756,-1.2545,3.0000
139,scouts,6,1.1015,-3.6595,3.0000
139,scouts,7,2.9772,-5.1544,3.0000
139,scouts,8,-3.9793,2.4313,3.0000
139,scouts,9,-7.0228,5.1544,3.0000
139,scouts,10,-8.8985,3.6595,3.0000
139,scouts,11,-6.6244,1.2545,3.0000
139,scouts,12,8.8986,3.6595,3.0000
139,scouts,13,7.0228,5.1544,3.0000
139,scouts,14,3.9793,2.4313,3.0000
139,scouts,15,6.6244,1.2544,3.0000
139,workers,0,-3.0000,-5.0000,3.0000
139,workers,1,7.0000,-5.0000,3.0000
139,workers,2,-3.0000,5.0000,3.0000
139,workers,3,7.0000,5.0000,3.0000
140,general,0,0.0000,0.0000,5.0000
140,nodes,0,-4.1146,-4.0489,3.0000
140,nodes,1,4.1138,-4.0489,3.0000
140,nodes,2,-5.8853,4.0487,3.0000
140,nodes,3,5.8861,4.0485,3.0000
140,scouts,0,-1.0853,-3.6498,3.0000
140,scouts,1,-3.3642,-1.2391,3.0000
140,scouts,2,-6.0157,-2.4129,3.0000
140,scouts,3,-2.9629,-5.1436,3.0000
140,scouts,4,6.0157,-2.4129,3.0000
140,scouts,5,3.3641,-1.2390,3.0000
140,scouts,6,1.0852,-3.6498,3.0000
140,scouts,7,2.9629,-5.1436,3.0000
140,scouts,8,-3.9843,2.4130,3.0000
140,scouts,9,-7.0371,5.1436,3.0000
140,scouts,10,-8.9147,3.6498,3.0000
140,scouts,11,-6.6359,1.2391,3.0000
140,scouts,12,8.9148,3.6498,3.0000
140,scouts,13,7.0371,5.1436,3.0000
140,scouts,14,3.9843,2.4129,3.0000
140,scouts,15,6.6359,1.2390,3.0000
140,workers,0,-3.0000,-5.0000,3.0000
140,workers,1,7.0000,-5.0000,3.0000
140,workers,2,-3.0000,5.0000,3.0000
140,workers,3,7.0000,5.0000,3.0000
141,general,0,0.0000,0.0000,5.0000
141,nodes,0,-4.1082,-4.0420,3.0000
141,nodes,1,4.1075,-4.0420,3.0000
141,nodes,2,-5.8915,4.0419,3.0000
141,nodes,3,5.8924,4.0417,3.0000
141,scouts,0,-1.0691,-3.6401,3.0000
141,scouts,1,-3.3527,-1.2236,3.0000
141,scouts,2,-6.0107,-2.3946,3.0000
141,scouts,3,-2.9487,-5.1329,3.0000
141,scouts,4,6.0107,-2.3947,3.0000
141,scouts,5,3.3526,-1.2236,3.0000
141,scouts,6,1.0690,-3.6401,3.0000
141,scouts,7,2.9486,-5.1329,3.0000
141,scouts,8,-3.9893,2.3947,3.0000
141,scouts,9,-7.0514,5.1329,3.0000
141,scouts,10,-8.9310,3.6402,3.0000
141,scouts,11,-6.6474,1.2236,3.0000
141,scouts,12,8.9310,3.6401,3.0000
141,scouts,13,7.0514,5.1328,3.0000
141,scouts,14,3.9894,2.3946,3.0000
141,scouts,15,6.6474,1.2236,3.0000
141,workers,0,-3.0000,-5.0000,3.0000
141,workers,1,7.0000,-5.0000,3.0000
141,workers,2,-3.0000,5.0000,3.0000
141,workers,3,7.0000,5.0000,3.0000
142,general,0,0.0000,0.0000,5.0000
142,nodes,0,-4.1019,-4.0353,3.0000
142,nodes,1,4.1011,-4.0353,3.0000
142,nodes,2,-5.8980,4.0352,3.0000
142,nodes,3,5.8987,4.0349,3.0000
142,scouts,0,-1.0529,-3.6305,3.0000
142,scouts,1,-3.3412,-1.2083,3.0000
142,scouts,2,-6.0056,-2.3764,3.0000
142,scouts,3,-2.9344,-5.1221,3.0000
142,scouts,4,6.0056,-2.3764,3.0000
142,scouts,5,3.3411,-1.2082,3.0000
142,scouts,6,1.0528,-3.6305,3.0000
142,scouts,7,2.9344,-5.1221,3.0000
142,scouts,8,-3.9944,2.3764,3.0000
142,scouts,9,-7.0656,5.1221,3.0000
142,scouts,10,-8.9472,3.6305,3.0000
142,scouts,11,-6.6589,1.2082,3.0000
142,scouts,12,8.9472,3.6305,3.0000
142,scouts,13,7.0656,5.1221,3.0000
142,scouts,14,3.9944,2.3764,3.0000
142,scouts,15,6.6589,1.2082,3.0000
142,workers,0,-3.0000,-5.0000,3.0000
142,workers,1,7.0000,-5.0000,3.0000
142,workers,2,-3.0000,5.0000,3.0000
142,workers,3,7.0000,5.0000,3.0000
143,general,0,0.0000,0.0000,5.0000
143,nodes,0,-4.0956,-4.0284,3.0000
143,nodes,1,4.0948,-4.0285,3.0000
143,nodes,2,-5.9043,4.0284,3.0000
143,nodes,3,5.9051,4.0282,3.0000
143,scouts,0,-1.0367,-3.6208,3.0000
143,scouts,1,-3.3296,-1.1929,3.0000
143,scouts,2,-6.0005,-2.3581,3.0000
143,scouts,3,-2.9201,-5.1113,3.0000
143,scouts,4,6.0005,-2.3582,3.0000
143,scouts,5,3.3296,-1.1928,3.0000
143,scouts,6,1.0366,-3.6208,3.0000
143,scouts,7,2.9201,-5.1113,3.0000
143,scouts,8,-3.9995,2.3582,3.0000
143,scouts,9,-7.0799,5.1113,3.0000
143,scouts,10,-8.9633,3.6209,3.0000
143,scouts,11,-6.6704,1.1929,3.0000
143,scouts,12,8.9634,3.6208,3.0000
143,scouts,13,7.0799,5.1113,3.0000
143,scouts,14,3.9996,2.3582,3.0000
143,scouts,15,6.6704,1.1928,3.0000
143,workers,0,-3.0000,-5.0000,3.0000
143,workers,1,7.0000,-5.0000,3.0000
143,workers,2,-3.0000,5.0000,3.0000
143,workers,3,7.0000,5.0000,3.0000
144,general,0,0.0000,0.0000,5.0000
144,nodes,0,-4.0892,-4.0217,3.0000
144,nodes,1,4.0885,-4.0217,3.0000
144,nodes,2,-5.9106,4.0216,3.0000
144,nodes,3,5.9114,4.0214,3.0000
144,scouts,0,-1.0205,-3.6112,3.0000
144,scouts,1,-3.3181,-1.1775,3.0000
144,scouts,2,-5.9953,-2.3400,3.0000
144,scouts,3,-2.9059,-5.1005,3.0000
144,scouts,4,5.9953,-2.3400,3.0000
144,scouts,5,3.3181,-1.1775,3.0000
144,scouts,6,1.0205,-3.6112,3.0000
144,scouts,7,2.9059,-5.1005,3.0000
144,scouts,8,-4.0047,2.3400,3.0000
144,scouts,9,-7.0941,5.1005,3.0000
144,scouts,10,-8.9795,3.6112,3.0000
144,scouts,11,-6.6819,1.1775,3.0000
144,scouts,12,8.9796,3.6112,3.0000
144,scouts,13,7.0941,5.1005,3.0000
144,scouts,14,4.0047,2.3400,3.0000
144,scouts,15,6.6819,1.1774,3.0000
144,workers,0,-3.0000,-5.0000,3.0000
144,workers,1,7.0000,-5.0000,3.0000
144,workers,2,-3.0000,5.0000,3.0000
144,workers,3,7.0000,5.0000,3.0000
145,general,0,0.0000,0.0000,5.0000
145,nodes,0,-4.0829,-4.0150,3.0000
145,nodes,1,4.0821,-4.0150,3.0000
145,nodes,2,-5.9170,4.0149,3.0000
145,nodes,3,5.9178,4.0146,3.0000
145,scouts,0,-1.0044,-3.6016,3.0000
145,scouts,1,-3.3066,-1.1622,3.0000
145,scouts,2,-5.9901,-2.3218,3.0000
145,scouts,3,-2.8917,-5.0897,3.0000
145,scouts,4,5.9901,-2.3218,3.0000
145,scouts,5,3.3066,-1.1622,3.0000
145,scouts,6,1.0043,-3.6016,3.0000
145,scouts,7,2.8916,-5.0896,3.0000
145,scouts,8,-4.0099,2.3218,3.0000
145,scouts,9,-7.1084,5.0896,3.0000
145,scouts,10,-8.9956,3.6016,3.0000
145,scouts,11,-6.6934,1.1622,3.0000
145,scouts,12,8.9957,3.6016,3.0000
145,scouts,13,7.1084,5.0896,3.0000
145,scouts,14,4.0099,2.3218,3.0000
145,scouts,15,6.6934,1.1621,3.0000
145,workers,0,-3.0000,-5.0000,3.0000
145,workers,1,7.0000,-5.0000,3.0000
145,workers,2,-3.0000,5.0000,3.0000
145,workers,3,7.0000,5.0000,3.0000
146,general,0,0.0000,0.0000,5.0000
146,nodes,0,-4.0766,-4.0082,3.0000
146,nodes,1,4.0757,-4.0083,3.0000
146,nodes,2,-5.9233,4.0081,3.0000
146,nodes,3,5.9242,4.0078,3.0000
146,scouts,0,-0.9882,-3.5919,3.0000
146,scouts,1,-3.2952,-1.1469,3.0000
146,scouts,2,-5.9848,-2.3037,3.0000
146,scouts,3,-2.8775,-5.0788,3.0000
146,scouts,4,5.9848,-2.3037,3.0000
146,scouts,5,3.2951,-1.1469,3.0000
146,scouts,6,0.9882,-3.5920,3.0000
146,scouts,7,2.8774,-5.0788,3.0000
146,scouts,8,-4.0151,2.3037,3.0000
146,scouts,9,-7.1226,5.0788,3.0000
146,scouts,10,-9.0118,3.5920,3.0000
146,scouts,11,-6.7049,1.1469,3.0000
146,scouts,12,9.0119,3.5919,3.0000
146,scouts,13,7.1226,5.0788,3.0000
146,scouts,14,4.0152,2.3037,3.0000
146,scouts,15,6.7049,1.1468,3.0000
146,workers,0,-3.0000,-5.0000,3.0000
146,workers,1,7.0000,-5.0000,3.0000
146,workers,2,-3.0000,5.0000,3.0000
146,workers,3,7.0000,5.0000,3.0000
147,general,0,0.0000,0.0000,5.0000
147,nodes,0,-4.0702,-4.0014,3.0000
147,nodes,1,4.0694,-4.0014,3.0000
147,nodes,2,-5.9297,4.0014,3.0000
147,nodes,3,5.9305,4.0010,3.0000
147,scouts,0,-0.9721,-3.5823,3.0000
147,scouts,1,-3.2837,-1.1316,3.0000
147,scouts,2,-5.9795,-2.2856,3.0000
147,scouts,3,-2.8633,-5.0680,3.0000
147,scouts,4,5.9795,-2.2856,3.0000
147,scouts,5,3.2836,-1.1316,3.0000
147,scouts,6,0.9721,-3.5824,3.0000
147,scouts,7,2.8632,-5.0680,3.0000
147,scouts,8,-4.0204,2.2856,3.0000
147,scouts,9,-7.1368,5.0680,3.0000
147,scouts,10,-9.0279,3.5824,3.0000
147,scouts,11,-6.7164,1.1316,3.0000
147,scouts,12,9.0280,3.5823,3.0000
147,scouts,13,7.1368,5.0679,3.0000
147,scouts,14,4.0205,2.2856,3.0000
147,scouts,15,6.7164,1.1315,3.0000
147,workers,0,-3.0000,-5.0000,3.0000
147,workers,1,7.0000,-5.0000,3.0000
147,workers,2,-3.0000,5.0000,3.0000
147,workers,3,7.0000,5.0000,3.0000
148,general,0,0.0000,0.0000,5.0000
148,nodes,0,-4.0639,-3.9947,3.0000
148,nodes,1,4.0631,-3.9947,3.0000
148,nodes,2,-5.9360,3.9946,3.0000
148,nodes,3,5.9368,3.9943,3.0000
148,scouts,0,-0.9560,-3.5727,3.0000
148,scouts,1,-3.2722,-1.1163,3.0000
148,scouts,2,-5.9742,-2.2675,3.0000
148,scouts,3,-2.8491,-5.0571,3.0000
148,scouts,4,5.9742,-2.2675,3.0000
148,scouts,5,3.2721,-1.1163,3.0000
148,scouts,6,0.9560,-3.5728,3.0000
148,scouts,7,2.8491,-5.0571,3.0000
148,scouts,8,-4.0258,2.2676,3.0000
148,scouts,9,-7.1510,5.0571,3.0000
148,scouts,10,-9.0440,3.5728,3.0000
148,scouts,11,-6.7279,1.1163,3.0000
148,scouts,12,9.0441,3.5727,3.0000
148,scouts,13,7.1510,5.0571,3.0000
148,scouts,14,4.0258,2.2675,3.0000
148,scouts,15,6.7279,1.1163,3.0000
148,workers,0,-3.0000,-5.0000,3.0000
148,workers,1,7.0000,-5.0000,3.0000
148,workers,2,-3.0000,5.0000,3.0000
148,workers,3,7.0000,5.0000,3.0000
149,general,0,0.0000,0.0000,5.0000
149,nodes,0,-4.0576,-3.9880,3.0000
149,nodes,1,4.0566,-3.9880,3.0000
149,nodes,2,-5.9423,3.9878,3.0000
149,nodes,3,5.9432,3.9875,3.0000
149,scouts,0,-0.9399,-3.5632,3.0000
149,scouts,1,-3.2607,-1.1011,3.0000
149,scouts,2,-5.9688,-2.2495,3.0000
149,scouts,3,-2.8349,-5.0462,3.0000
149,scouts,4,5.9688,-2.2495,3.0000
149,scouts,5,3.2606,-1.1011,3.0000
149,scouts,6,0.9399,-3.5632,3.0000
149,scouts,7,2.8349,-5.0462,3.0000
149,scouts,8,-4.0312,2.2495,3.0000
149,scouts,9,-7.1651,5.0462,3.0000
149,scouts,10,-9.0601,3.5632,3.0000
149,scouts,11,-6.7394,1.1011,3.0000
149,scouts,12,9.0602,3.5632,3.0000
149,scouts,13,7.1651,5.0462,3.0000
149,scouts,14,4.0312,2.2495,3.0000
149,scouts,15,6.7394,1.1010,3.0000
149,workers,0,-3.0000,-5.0000,3.0000
149,workers,1,7.0000,-5.0000,3.0000
149,workers,2,-3.0000,5.0000,3.0000
149,workers,3,7.0000,5.0000,3.0000
150,general,0,0.0000,0.0000,5.0000
150,nodes,0,-4.0512,-3.9812,3.0000
150,nodes,1,4.0503,-3.9812,3.0000
150,nodes,2,-5.9486,3.9812,3.0000
150,nodes,3,5.9496,3.9808,3.0000
150,scouts,0,-0.9239,-3.5536,3.0000
150,scouts,1,-3.2492,-1.0859,3.0000
150,scouts,2,-5.9634,-2.2315,3.0000
150,scouts,3,-2.8207,-5.0353,3.0000
150,scouts,4,5.9634,-2.2315,3.0000
150,scouts,5,3.2491,-1.0859,3.0000
150,scouts,6,0.9238,-3.5536,3.0000
150,scouts,7,2.8207,-5.0353,3.0000
150,scouts,8,-4.0366,2.2316,3.0000
150,scouts,9,-7.1793,5.0353,3.0000
150,scouts,10,-9.0762,3.5536,3.0000
150,scouts,11,-6.7509,1.0859,3.0000
150,scouts,12,9.0762,3.5536,3.0000
150,scouts,13,7.1793,5.0353,3.0000
150,scouts,14,4.0367,2.2315,3.0000
150,scouts,15,6.7509,1.0858,3.0000
150,workers,0,-3.0000,-5.0000,3.0000
150,workers,1,7.0000,-5.0000,3.0000
150,workers,2,-3.0000,5.0000,3.0000
150,workers,3,7.0000,5.0000,3.0000
151,general,0,0.0000,0.0000,5.0000
151,nodes,0,-4.0448,-3.9744,3.0000
151,nodes,1,4.0439,-3.9744,3.0000
151,nodes,2,-5.9549,3.9744,3.0000
151,nodes,3,5.9560,3.9740,3.0000
151,scouts,0,-0.9078,-3.5440,3.0000
151,scouts,1,-3.2377,-1.0707,3.0000
151,scouts,2,-5.9579,-2.2136,3.0000
151,scouts,3,-2.8066,-5.0244,3.0000
151,scouts,4,5.9579,-2.2136,3.0000
151,scouts,5,3.2376,-1.0707,3.0000
151,scouts,6,0.9077,-3.5440,3.0000
151,scouts,7,2.8066,-5.0244,3.0000
151,scouts,8,-4.0421,2.2136,3.0000
151,scouts,9,-7.1934,5.0244,3.0000
151,scouts,10,-9.0922,3.5441,3.0000
151,scouts,11,-6.7624,1.0707,3.0000
151,scouts,12,9.0923,3.5440,3.0000
151,scouts,13,7.1934,5.0244,3.0000
151,scouts,14,4.0421,2.2136,3.0000
151,scouts,15,6.7624,1.0706,3.0000
151,workers,0,-3.0000,-5.0000,3.0000
151,workers,1,7.0000,-5.0000,3.0000
151,workers,2,-3.0000,5.0000,3.0000
151,workers,3,7.0000,5.0000,3.0000
152,general,0,0.0000,0.0000,5.0000
152,nodes,0,-4.0385,-3.9677,3.0000
152,nodes,1,4.0376,-3.9677,3.0000
152,nodes,2,-5.9613,3.9677,3.0000
152,nodes,3,5.9624,3.9673,3.0000
152,scouts,0,-0.8917,-3.5345,3.0000
152,scouts,1,-3.2262,-1.0555,3.0000
152,scouts,2,-5.9523,-2.1956,3.0000
152,scouts,3,-2.7925,-5.0135,3.0000
152,scouts,4,5.9523,-2.1957,3.0000
152,scouts,5,3.2261,-1.0555,3.0000
152,scouts,6,0.8917,-3.5345,3.0000
152,scouts,7,2.7925,-5.0135,3.0000
152,scouts,8,-4.0476,2.1957,3.0000
152,scouts,9,-7.2075,5.0135,3.0000
152,scouts,10,-9.1083,3.5345,3.0000
152,scouts,11,-6.7739,1.0555,3.0000
152,scouts,12,9.1083,3.5344,3.0000
152,scouts,13,7.2075,5.0135,3.0000
152,scouts,14,4.0477,2.1957,3.0000
152,scouts,15,6.7739,1.0554,3.0000
152,workers,0,-3.0000,-5.0000,3.0000
152,workers,1,7.0000,-5.0000,3.0000
152,workers,2,-3.0000,5.0000,3.0000
152,workers,3,7.0000,5.0000,3.0000
153,general,0,0.0000,0.0000,5.0000
153,nodes,0,-4.0321,-3.9610,3.0000
153,nodes,1,4.0312,-3.9610,3.0000
153,nodes,2,-5.9675,3.9609,3.0000
153,nodes,3,5.9687,3.9606,3.0000
153,scouts,0,-0.8757,-3.5249,3.0000
153,scouts,1,-3.2147,-1.0404,3.0000
153,scouts,2,-5.9468,-2.1778,3.0000
153,scouts,3,-2.7784,-5.0026,3.0000
153,scouts,4,5.9467,-2.1778,3.0000
153,scouts,5,3.2146,-1.0403,3.0000
153,scouts,6,0.8757,-3.5249,3.0000
153,scouts,7,2.7783,-5.0026,3.0000
153,scouts,8,-4.0532,2.1778,3.0000
153,scouts,9,-7.2217,5.0026,3.0000
153,scouts,10,-9.1243,3.5250,3.0000
153,scouts,11,-6.7853,1.0404,3.0000
153,scouts,12,9.1244,3.5249,3.0000
153,scouts,13,7.2217,5.0026,3.0000
153,scouts,14,4.0533,2.1778,3.0000
153,scouts,15,6.7854,1.0403,3.0000
153,workers,0,-3.0000,-5.0000,3.0000
153,workers,1,7.0000,-5.0000,3.0000
153,workers,2,-3.0000,5.0000,3.0000
153,workers,3,7.0000,5.0000,3.0000
154,general,0,0.0000,0.0000,5.0000
154,nodes,0,-4.0258,-3.9543,3.0000
154,nodes,1,4.0249,-3.9543,3.0000
154,nodes,2,-5.9740,3.9542,3.0000
154,nodes,3,5.9751,3.9538,3.0000
154,scouts,0,-0.8597,-3.5154,3.0000
154,scouts,1,-3.2032,-1.0253,3.0000
154,scouts,2,-5.9411,-2.1599,3.0000
154,scouts,3,-2.7643,-4.9916,3.0000
154,scouts,4,5.9411,-2.1599,3.0000
154,scouts,5,3.2032,-1.0252,3.0000
154,scouts,6,0.8596,-3.5154,3.0000
154,scouts,7,2.7642,-4.9916,3.0000
154,scouts,8,-4.0589,2.1600,3.0000
154,scouts,9,-7.2358,4.9916,3.0000
154,scouts,10,-9.1403,3.5154,3.0000
154,scouts,11,-6.7968,1.0252,3.0000
154,scouts,12,9.1404,3.5154,3.0000
154,scouts,13,7.2358,4.9916,3.0000
154,scouts,14,4.0589,2.1599,3.0000
154,scouts,15,6.7969,1.0251,3.0000
154,workers,0,-3.0000,-5.0000,3.0000
154,workers,1,7.0000,-5.0000,3.0000
154,workers,2,-3.0000,5.0000,3.0000
154,workers,3,7.0000,5.0000,3.0000
155,general,0,0.0000,0.0000,5.0000
155,nodes,0,-4.0194,-3.9475,3.0000
155,nodes,1,4.0185,-3.9476,3.0000
155,nodes,2,-5.9803,3.9475,3.0000
155,nodes,3,5.9814,3.9471,3.0000
155,scouts,0,-0.8437,-3.5058,3.0000
155,scouts,1,-3.1917,-1.0101,3.0000
155,scouts,2,-5.9354,-2.1421,3.0000
155,scouts,3,-2.7502,-4.9807,3.0000
155,scouts,4,5.9354,-2.1421,3.0000
155,scouts,5,3.1917,-1.0101,3.0000
155,scouts,6,0.8436,-3.5058,3.0000
155,scouts,7,2.7502,-4.9807,3.0000
155,scouts,8,-4.0646,2.1422,3.0000
155,scouts,9,-7.2498,4.9807,3.0000
155,scouts,10,-9.1563,3.5059,3.0000
155,scouts,11,-6.8083,1.0101,3.0000
155,scouts,12,9.1564,3.5058,3.0000
155,scouts,13,7.2498,4.9806,3.0000
155,scouts,14,4.0646,2.1421,3.0000
155,scouts,15,6.8084,1.0100,3.0000
155,workers,0,-3.0000,-5.0000,3.0000
155,workers,1,7.0000,-5.0000,3.0000
155,workers,2,-3.0000,5.0000,3.0000
155,workers,3,7.0000,5.0000,3.0000
156,general,0,0.0000,0.0000,5.0000
156,nodes,0,-4.0132,-3.9407,3.0000
156,nodes,1,4.0122,-3.9409,3.0000
156,nodes,2,-5.9868,3.9407,3.0000
156,nodes,3,5.9879,3.9403,3.0000
156,scouts,0,-0.8277,-3.4963,3.0000
156,scouts,1,-3.1802,-0.9951,3.0000
156,scouts,2,-5.9297,-2.1244,3.0000
156,scouts,3,-2.7361,-4.9697,3.0000
156,scouts,4,5.9297,-2.1244,3.0000
156,scouts,5,3.1802,-0.9950,3.0000
156,scouts,6,0.8276,-3.4963,3.0000
156,scouts,7,2.7361,-4.9697,3.0000
156,scouts,8,-4.0703,2.1244,3.0000
156,scouts,9,-7.2639,4.9697,3.0000
156,scouts,10,-9.1723,3.4964,3.0000
156,scouts,11,-6.8198,0.9951,3.0000
156,scouts,12,9.1724,3.4963,3.0000
156,scouts,13,7.2639,4.9697,3.0000
156,scouts,14,4.0703,2.1244,3.0000
156,scouts,15,6.8198,0.9950,3.0000
156,workers,0,-3.0000,-5.0000,3.0000
156,workers,1,7.0000,-5.0000,3.0000
156,workers,2,-3.0000,5.0000,3.0000
156,workers,3,7.0000,5.0000,3.0000
157,general,0,0.0000,0.0000,5.0000
157,nodes,0,-4.0067,-3.9339,3.0000
157,nodes,1,4.0057,-3.9342,3.0000
157,nodes,2,-5.9932,3.9341,3.0000
157,nodes,3,5.9941,3.9337,3.0000
157,scouts,0,-0.8117,-3.4868,3.0000
157,scouts,1,-3.1688,-0.9800,3.0000
157,scouts,2,-5.9239,-2.1066,3.0000
157,scouts,3,-2.7220,-4.9587,3.0000
157,scouts,4,5.9239,-2.1067,3.0000
157,scouts,5,3.1687,-0.9800,3.0000
157,scouts,6,0.8117,-3.4868,3.0000
157,scouts,7,2.7220,-4.9587,3.0000
157,scouts,8,-4.0761,2.1067,3.0000
157,scouts,9,-7.2780,4.9587,3.0000
157,scouts,10,-9.1883,3.4869,3.0000
157,scouts,11,-6.8313,0.9800,3.0000
157,scouts,12,9.1884,3.4868,3.0000
157,scouts,13,7.2780,4.9587,3.0000
157,scouts,14,4.0761,2.1066,3.0000
157,scouts,15,6.8313,0.9799,3.0000
157,workers,0,-3.0000,-5.0000,3.0000
157,workers,1,7.0000,-5.0000,3.0000
157,workers,2,-3.0000,5.0000,3.0000
157,workers,3,7.0000,5.0000,3.0000
158,general,0,0.0000,0.0000,5.0000
158,nodes,0,-4.0004,-3.9273,3.0000
158,nodes,1,3.9993,-3.9275,3.0000
158,nodes,2,-5.9995,3.9273,3.0000
158,nodes,3,6.0005,3.9269,3.0000
158,scouts,0,-0.7958,-3.4773,3.0000
158,scouts,1,-3.1573,-0.9650,3.0000
158,scouts,2,-5.9180,-2.0890,3.0000
158,scouts,3,-2.7080,-4.9477,3.0000
158,scouts,4,5.9180,-2.0890,3.0000
158,scouts,5,3.1572,-0.9649,3.0000
158,scouts,6,0.7957,-3.4773,3.0000
158,scouts,7,2.7080,-4.9477,3.0000
158,scouts,8,-4.0819,2.0890,3.0000
158,scouts,9,-7.2920,4.9477,3.0000
158,scouts,10,-9.2043,3.4774,3.0000
158,scouts,11,-6.8428,0.9650,3.0000
158,scouts,12,9.2043,3.4773,3.0000
158,scouts,13,7.2920,4.9477,3.0000
158,scouts,14,4.0820,2.0890,3.0000
158,scouts,15,6.8428,0.9649,3.0000
158,workers,0,-3.0000,-5.0000,3.0000
158,workers,1,7.0000,-5.0000,3.0000
158,workers,2,-3.0000,5.0000,3.0000
158,workers,3,7.0000,5.0000,3.0000
159,general,0,0.0000,0.0000,5.0000
159,nodes,0,-3.9940,-3.9205,3.0000
159,nodes,1,3.9930,-3.9207,3.0000
159,nodes,2,-6.0058,3.9207,3.0000
159,nodes,3,6.0069,3.9201,3.0000
159,scouts,0,-0.7798,-3.4678,3.0000
159,scouts,1,-3.1458,-0.9500,3.0000
159,scouts,2,-5.9121,-2.0713,3.0000
159,scouts,3,-2.6940,-4.9367,3.0000
159,scouts,4,5.9121,-2.0713,3.0000
159,scouts,5,3.1457,-0.9499,3.0000
159,scouts,6,0.7797,-3.4678,3.0000
159,scouts,7,2.6940,-4.9367,3.0000
159,scouts,8,-4.0879,2.0714,3.0000
159,scouts,9,-7.3061,4.9367,3.0000
159,scouts,10,-9.2202,3.4679,3.0000
159,scouts,11,-6.8543,0.9500,3.0000
159,scouts,12,9.2203,3.4678,3.0000
159,scouts,13,7.3061,4.9366,3.0000
159,scouts,14,4.0879,2.0713,3.0000
159,scouts,15,6.8543,0.9498,3.0000
159,workers,0,-3.0000,-5.0000,3.0000
159,workers,1,7.0000,-5.0000,3.0000
159,workers,2,-3.0000,5.0000,3.0000
159,workers,3,7.0000,5.0000,3.0000
160,general,0,0.0000,0.0000,5.0000
160,nodes,0,-3.9878,-3.9139,3.0000
160,nodes,1,3.9866,-3.9141,3.0000
160,nodes,2,-6.0122,3.9140,3.0000
160,nodes,3,6.0133,3.9134,3.0000
160,scouts,0,-0.7639,-3.4583,3.0000
160,scouts,1,-3.1343,-0.9350,3.0000
160,scouts,2,-5.9062,-2.0537,3.0000
160,scouts,3,-2.6800,-4.9256,3.0000
160,scouts,4,5.9062,-2.0537,3.0000
160,scouts,5,3.1342,-0.9349,3.0000
160,scouts,6,0.7638,-3.4583,3.0000
160,scouts,7,2.6799,-4.9256,3.0000
160,scouts,8,-4.0938,2.0538,3.0000
160,scouts,9,-7.3201,4.9256,3.0000
160,scouts,10,-9.2362,3.4584,3.0000
160,scouts,11,-6.8658,0.9350,3.0000
160,scouts,12,9.2362,3.4583,3.0000
160,scouts,13,7.3201,4.9256,3.0000
160,scouts,14,4.0938,2.0537,3.0000
160,scouts,15,6.8658,0.9348,3.0000
160,workers,0,-3.0000,-5.0000,3.0000
160,workers,1,7.0000,-5.0000,3.0000
160,workers,2,-3.0000,5.0000,3.0000
160,workers,3,7.0000,5.0000,3.0000
161,general,0,0.0000,0.0000,5.0000
161,nodes,0,-3.9814,-3.9071,3.0000
161,nodes,1,3.9802,-3.9074,3.0000
161,nodes,2,-6.0186,3.9073,3.0000
161,nodes,3,6.0196,3.9068,3.0000
161,scouts,0,-0.7479,-3.4488,3.0000
161,scouts,1,-3.1228,-0.9200,3.0000
161,scouts,2,-5.9001,-2.0362,3.0000
161,scouts,3,-2.6660,-4.9146,3.0000
161,scouts,4,5.9001,-2.0362,3.0000
161,scouts,5,3.1227,-0.9199,3.0000
161,scouts,6,0.7479,-3.4488,3.0000
161,scouts,7,2.6659,-4.9146,3.0000
161,scouts,8,-4.0998,2.0362,3.0000
161,scouts,9,-7.3341,4.9146,3.0000
161,scouts,10,-9.2521,3.4489,3.0000
161,scouts,11,-6.8773,0.9200,3.0000
161,scouts,12,9.2522,3.4488,3.0000
161,scouts,13,7.3341,4.9146,3.0000
161,scouts,14,4.0999,2.0362,3.0000
161,scouts,15,6.8773,0.9199,3.0000
161,workers,0,-3.0000,-5.0000,3.0000
161,workers,1,7.0000,-5.0000,3.0000
161,workers,2,-3.0000,5.0000,3.0000
161,workers,3,7.0000,5.0000,3.0000
162,general,0,0.0000,0.0000,5.0000
162,nodes,0,-3.9751,-3.9004,3.0000
162,nodes,1,3.9739,-3.9007,3.0000
162,nodes,2,-6.0250,3.9006,3.0000
162,nodes,3,6.0261,3.9000,3.0000
162,scouts,0,-0.7320,-3.4394,3.0000
162,scouts,1,-3.1113,-0.9051,3.0000
162,scouts,2,-5.8941,-2.0187,3.0000
162,scouts,3,-2.6520,-4.9035,3.0000
162,scouts,4,5.8941,-2.0187,3.0000
162,scouts,5,3.1113,-0.9050,3.0000
162,scouts,6,0.7320,-3.4394,3.0000
162,scouts,7,2.6519,-4.9035,3.0000
162,scouts,8,-4.1059,2.0187,3.0000
162,scouts,9,-7.3481,4.9035,3.0000
162,scouts,10,-9.2680,3.4394,3.0000
162,scouts,11,-6.8887,0.9050,3.0000
162,scouts,12,9.2681,3.4394,3.0000
162,scouts,13,7.3481,4.9035,3.0000
162,scouts,14,4.1059,2.0187,3.0000
162,scouts,15,6.8888,0.9049,3.0000
162,workers,0,-3.0000,-5.0000,3.0000
162,workers,1,7.0000,-5.0000,3.0000
162,workers,2,-3.0000,5.0000,3.0000
162,workers,3,7.0000,5.0000,3.0000
163,general,0,0.0000,0.0000,5.0000
163,nodes,0,-3.9687,-3.8937,3.0000
163,nodes,1,3.9675,-3.8940,3.0000
163,nodes,2,-6.0314,3.8939,3.0000
163,nodes,3,6.0324,3.8934,3.0000
163,scouts,0,-0.7161,-3.4299,3.0000
163,scouts,1,-3.0998,-0.8901,3.0000
163,scouts,2,-5.8879,-2.0012,3.0000
163,scouts,3,-2.6380,-4.8925,3.0000
163,scouts,4,5.8879,-2.0012,3.0000
163,scouts,5,3.0998,-0.8901,3.0000
163,scouts,6,0.7161,-3.4299,3.0000
163,scouts,7,2.6380,-4.8924,3.0000
163,scouts,8,-4.1120,2.0012,3.0000
163,scouts,9,-7.3620,4.8924,3.0000
163,scouts,10,-9.2839,3.4300,3.0000
163,scouts,11,-6.9002,0.8901,3.0000
163,scouts,12,9.2840,3.4299,3.0000
163,scouts,13,7.3620,4.8924,3.0000
163,scouts,14,4.1121,2.0012,3.0000
163,scouts,15,6.9003,0.8900,3.0000
163,workers,0,-3.0000,-5.0000,3.0000
163,workers,1,7.0000,-5.0000,3.0000
163,workers,2,-3.0000,5.0000,3.0000
163,workers,3,7.0000,5.0000,3.0000
164,general,0,0.0000,0.0000,5.0000
164,nodes,0,-3.9624,-3.8870,3.0000
164,nodes,1,3.9611,-3.8873,3.0000
164,nodes,2,-6.0378,3.8872,3.0000
164,nodes,3,6.0388,3.8867,3.0000
164,scouts,0,-0.7002,-3.4205,3.0000
164,scouts,1,-3.0883,-0.8752,3.0000
164,scouts,2,-5.8817,-1.9838,3.0000
164,scouts,3,-2.6240,-4.8814,3.0000
164,scouts,4,5.8817,-1.9838,3.0000
164,scouts,5,3.0883,-0.8752,3.0000
164,scouts,6,0.7002,-3.4205,3.0000
164,scouts,7,2.6240,-4.8813,3.0000
164,scouts,8,-4.1182,1.9838,3.0000
164,scouts,9,-7.3760,4.8813,3.0000
164,scouts,10,-9.2998,3.4205,3.0000
164,scouts,11,-6.9117,0.8752,3.0000
164,scouts,12,9.2999,3.4205,3.0000
164,scouts,13,7.3760,4.8813,3.0000
164,scouts,14,4.1183,1.9838,3.0000
164,scouts,15,6.9118,0.8751,3.0000
164,workers,0,-3.0000,-5.0000,3.0000
164,workers,1,7.0000,-5.0000,3.0000
164,workers,2,-3.0000,5.0000,3.0000
164,workers,3,7.0000,5.0000,3.0000
165,general,0,0.0000,0.0000,5.0000
165,nodes,0,-3.9560,-3.8804,3.0000
165,nodes,1,3.9546,-3.8806,3.0000
165,nodes,2,-6.0441,3.8806,3.0000
165,nodes,3,6.0451,3.8800,3.0000
165,scouts,0,-0.6844,-3.4110,3.0000
165,scouts,1,-3.0768,-0.8604,3.0000
165,scouts,2,-5.8755,-1.9664,3.0000
165,scouts,3,-2.6101,-4.8703,3.0000
165,scouts,4,5.8755,-1.9664,3.0000
165,scouts,5,3.0768,-0.8603,3.0000
165,scouts,6,0.6843,-3.4110,3.0000
165,scouts,7,2.6101,-4.8702,3.0000
165,scouts,8,-4.1245,1.9664,3.0000
165,scouts,9,-7.3899,4.8702,3.0000
165,scouts,10,-9.3157,3.4111,3.0000
165,scouts,11,-6.9232,0.8603,3.0000
165,scouts,12,9.3157,3.4110,3.0000
165,scouts,13,7.3899,4.8702,3.0000
165,scouts,14,4.1245,1.9664,3.0000
165,scouts,15,6.9233,0.8602,3.0000
165,workers,0,-3.0000,-5.0000,3.0000
165,workers,1,7.0000,-5.0000,3.0000
165,workers,2,-3.0000,5.0000,3.0000
165,workers,3,7.0000,5.0000,3.0000
166,general,0,0.0000,0.0000,5.0000
166,nodes,0,-3.9497,-3.8738,3.0000
166,nodes,1,3.9483,-3.8740,3.0000
166,nodes,2,-6.0505,3.8739,3.0000
166,nodes,3,6.0516,3.8732,3.0000
166,scouts,0,-0.6685,-3.4016,3.0000
166,scouts,1,-3.0653,-0.8455,3.0000
166,scouts,2,-5.8692,-1.9491,3.0000
166,scouts,3,-2.5962,-4.8591,3.0000
166,scouts,4,5.8692,-1.9491,3.0000
166,scouts,5,3.0653,-0.8454,3.0000
166,scouts,6,0.6684,-3.4016,3.0000
166,scouts,7,2.5961,-4.8591,3.0000
166,scouts,8,-4.1308,1.9491,3.0000
166,scouts,9,-7.4039,4.8591,3.0000
166,scouts,10,-9.3315,3.4017,3.0000
166,scouts,11,-6.9347,0.8455,3.0000
166,scouts,12,9.3316,3.4016,3.0000
166,scouts,13,7.4039,4.8591,3.0000
166,scouts,14,4.1309,1.9491,3.0000
166,scouts,15,6.9348,0.8454,3.0000
166,workers,0,-3.0000,-5.0000,3.0000
166,workers,1,7.0000,-5.0000,3.0000
166,workers,2,-3.0000,5.0000,3.0000
166,workers,3,7.0000,5.0000,3.0000
167,general,0,0.0000,0.0000,5.0000
167,nodes,0,-3.9433,-3.8670,3.0000
167,nodes,1,3.9419,-3.8673,3.0000
167,nodes,2,-6.0569,3.8672,3.0000
167,nodes,3,6.0580,3.8666,3.0000
167,scouts,0,-0.6526,-3.3922,3.0000
167,scouts,1,-3.0538,-0.8307,3.0000
167,scouts,2,-5.8628,-1.9318,3.0000
167,scouts,3,-2.5822,-4.8480,3.0000
167,scouts,4,5.8628,-1.9318,3.0000
167,scouts,5,3.0538,-0.8306,3.0000
167,scouts,6,0.6526,-3.3922,3.0000
167,scouts,7,2.5822,-4.8480,3.0000
167,scouts,8,-4.1372,1.9318,3.0000
167,scouts,9,-7.4178,4.8480,3.0000
167,scouts,10,-9.3474,3.3923,3.0000
167,scouts,11,-6.9462,0.8307,3.0000
167,scouts,12,9.3475,3.3922,3.0000
167,scouts,13,7.4178,4.8480,3.0000
167,scouts,14,4.1372,1.9318,3.0000
167,scouts,15,6.9463,0.8305,3.0000
167,workers,0,-3.0000,-5.0000,3.0000
167,workers,1,7.0000,-5.0000,3.0000
167,workers,2,-3.0000,5.0000,3.0000
167,workers,3,7.0000,5.0000,3.0000
168,general,0,0.0000,0.0000,5.0000
168,nodes,0,-3.9370,-3.8605,3.0000
168,nodes,1,3.9355,-3.8607,3.0000
168,nodes,2,-6.0634,3.8605,3.0000
168,nodes,3,6.0643,3.8599,3.0000
168,scouts,0,-0.6368,-3.3828,3.0000
168,scouts,1,-3.0423,-0.8159,3.0000
168,scouts,2,-5.8563,-1.9145,3.0000
168,scouts,3,-2.5683,-4.8369,3.0000
168,scouts,4,5.8563,-1.9145,3.0000
168,scouts,5,3.0423,-0.8158,3.0000
168,scouts,6,0.6367,-3.3828,3.0000
168,scouts,7,2.5683,-4.8368,3.0000
168,scouts,8,-4.1437,1.9146,3.0000
168,scouts,9,-7.4317,4.8368,3.0000
168,scouts,10,-9.3632,3.3828,3.0000
168,scouts,11,-6.9577,0.8159,3.0000
168,scouts,12,9.3633,3.3828,3.0000
168,scouts,13,7.4317,4.8368,3.0000
168,scouts,14,4.1437,1.9145,3.0000
168,scouts,15,6.9578,0.8157,3.0000
168,workers,0,-3.0000,-5.0000,3.0000
168,workers,1,7.0000,-5.0000,3.0000
168,workers,2,-3.0000,5.0000,3.0000
168,workers,3,7.0000,5.0000,3.0000
169,general,0,0.0000,0.0000,5.0000
169,nodes,0,-3.9305,-3.8538,3.0000
169,nodes,1,3.9291,-3.8541,3.0000
169,nodes,2,-6.0698,3.8539,3.0000
169,nodes,3,6.0708,3.8532,3.0000
169,scouts,0,-0.6210,-3.3734,3.0000
169,scouts,1,-3.0308,-0.8011,3.0000
169,scouts,2,-5.8498,-1.8974,3.0000
169,scouts,3,-2.5545,-4.8257,3.0000
169,scouts,4,5.8498,-1.8974,3.0000
169,scouts,5,3.0308,-0.8010,3.0000
169,scouts,6,0.6209,-3.3734,3.0000
169,scouts,7,2.5544,-4.8257,3.0000
169,scouts,8,-4.1502,1.8974,3.0000
169,scouts,9,-7.4456,4.8257,3.0000
169,scouts,10,-9.3791,3.3735,3.0000
169,scouts,11,-6.9692,0.8011,3.0000
169,scouts,12,9.3791,3.3734,3.0000
169,scouts,13,7.4456,4.8257,3.0000
169,scouts,14,4.1502,1.8974,3.0000
169,scouts,15,6.9693,0.8009,3.0000
169,workers,0,-3.0000,-5.0000,3.0000
169,workers,1,7.0000,-5.0000,3.0000
169,workers,2,-3.0000,5.0000,3.0000
169,workers,3,7.0000,5.0000,3.0000
170,general,0,0.0000,0.0000,5.0000
170,nodes,0,-3.9242,-3.8471,3.0000
170,nodes,1,3.9227,-3.8474,3.0000
170,nodes,2,-6.0761,3.8472,3.0000
170,nodes,3,6.0771,3.8467,3.0000
170,scouts,0,-0.6051,-3.3640,3.0000
170,scouts,1,-3.0193,-0.7863,3.0000
170,scouts,2,-5.8432,-1.8802,3.0000
170,scouts,3,-2.5406,-4.8145,3.0000
170,scouts,4,5.8432,-1.8802,3.0000
170,scouts,5,3.0193,-0.7862,3.0000
170,scouts,6,0.6051,-3.3640,3.0000
170,scouts,7,2.5406,-4.8145,3.0000
170,scouts,8,-4.1567,1.8803,3.0000
170,scouts,9,-7.4594,4.8145,3.0000
170,scouts,10,-9.3949,3.3641,3.0000
170,scouts,11,-6.9807,0.7863,3.0000
170,scouts,12,9.3950,3.3640,3.0000
170,scouts,13,7.4594,4.8145,3.0000
170,scouts,14,4.1568,1.8802,3.0000
170,scouts,15,6.9808,0.7862,3.0000
170,workers,0,-3.0000,-5.0000,3.0000
170,workers,1,7.0000,-5.0000,3.0000
170,workers,2,-3.0000,5.0000,3.0000
170,workers,3,7.0000,5.0000,3.0000
171,general,0,0.0000,0.0000,5.0000
171,nodes,0,-3.9178,-3.8405,3.0000
171,nodes,1,3.9163,-3.8408,3.0000
171,nodes,2,-6.0826,3.8406,3.0000
171,nodes,3,6.0835,3.8400,3.0000
171,scouts,0,-0.5893,-3.3546,3.0000
171,scouts,1,-3.0078,-0.7716,3.0000
171,scouts,2,-5.8366,-1.8632,3.0000
171,scouts,3,-2.5267,-4.8033,3.0000
171,scouts,4,5.8366,-1.8632,3.0000
171,scouts,5,3.0078,-0.7715,3.0000
171,scouts,6,0.5893,-3.3546,3.0000
171,scouts,7,2.5267,-4.8033,3.0000
171,scouts,8,-4.1634,1.8632,3.0000
171,scouts,9,-7.4733,4.8033,3.0000
171,scouts,10,-9.4107,3.3547,3.0000
171,scouts,11,-6.9923,0.7716,3.0000
171,scouts,12,9.4108,3.3546,3.0000
171,scouts,13,7.4733,4.8033,3.0000
171,scouts,14,4.1634,1.8631,3.0000
171,scouts,15,6.9923,0.7714,3.0000
171,workers,0,-3.0000,-5.0000,3.0000
171,workers,1,7.0000,-5.0000,3.0000
171,workers,2,-3.0000,5.0000,3.0000
171,workers,3,7.0000,5.0000,3.0000
172,general,0,0.0000,0.0000,5.0000
172,nodes,0,-3.9113,-3.8338,3.0000
172,nodes,1,3.9098,-3.8341,3.0000
172,nodes,2,-6.0890,3.8340,3.0000
172,nodes,3,6.0899,3.8333,3.0000
172,scouts,0,-0.5735,-3.3453,3.0000
172,scouts,1,-2.9963,-0.7569,3.0000
172,scouts,2,-5.8299,-1.8461,3.0000
172,scouts,3,-2.5129,-4.7921,3.0000
172,scouts,4,5.8299,-1.8461,3.0000
172,scouts,5,2.9962,-0.7568,3.0000
172,scouts,6,0.5735,-3.3452,3.0000
172,scouts,7,2.5129,-4.7921,3.0000
172,scouts,8,-4.1701,1.8462,3.0000
172,scouts,9,-7.4871,4.7921,3.0000
172,scouts,10,-9.4265,3.3453,3.0000
172,scouts,11,-7.0038,0.7568,3.0000
172,scouts,12,9.4266,3.3452,3.0000
172,scouts,13,7.4871,4.7921,3.0000
172,scouts,14,4.1701,1.8461,3.0000
172,scouts,15,7.0038,0.7567,3.0000
172,workers,0,-3.0000,-5.0000,3.0000
172,workers,1,7.0000,-5.0000,3.0000
172,workers,2,-3.0000,5.0000,3.0000
172,workers,3,7.0000,5.0000,3.0000
173,general,0,0.0000,0.0000,5.0000
173,nodes,0,-3.9050,-3.8271,3.0000
173,nodes,1,3.9034,-3.8274,3.0000
173,nodes,2,-6.0953,3.8274,3.0000
173,nodes,3,6.0963,3.8266,3.0000
173,scouts,0,-0.5577,-3.3359,3.0000
173,scouts,1,-2.9848,-0.7422,3.0000
173,scouts,2,-5.8231,-1.8292,3.0000
173,scouts,3,-2.4991,-4.7809,3.0000
173,scouts,4,5.8231,-1.8292,3.0000
173,scouts,5,2.9847,-0.7421,3.0000
173,scouts,6,0.5577,-3.3359,3.0000
173,scouts,7,2.4990,-4.7809,3.0000
173,scouts,8,-4.1769,1.8292,3.0000
173,scouts,9,-7.5010,4.7809,3.0000
173,scouts,10,-9.4423,3.3359,3.0000
173,scouts,11,-7.0153,0.7421,3.0000
173,scouts,12,9.4424,3.3358,3.0000
173,scouts,13,7.5010,4.7808,3.0000
173,scouts,14,4.1769,1.8291,3.0000
173,scouts,15,7.0153,0.7420,3.0000
173,workers,0,-3.0000,-5.0000,3.0000
173,workers,1,7.0000,-5.0000,3.0000
173,workers,2,-3.0000,5.0000,3.0000
173,workers,3,7.0000,5.0000,3.0000
174,general,0,0.0000,0.0000,5.0000
174,nodes,0,-3.8985,-3.8206,3.0000
174,nodes,1,3.8969,-3.8208,3.0000
174,nodes,2,-6.1018,3.8207,3.0000
174,nodes,3,6.1027,3.8201,3.0000
174,scouts,0,-0.5420,-3.3265,3.0000
174,scouts,1,-2.9732,-0.7275,3.0000
174,scouts,2,-5.8162,-1.8122,3.0000
174,scouts,3,-2.4852,-4.7696,3.0000
174,scouts,4,5.8162,-1.8122,3.0000
174,scouts,5,2.9732,-0.7274,3.0000
174,scouts,6,0.5419,-3.3265,3.0000
174,scouts,7,2.4852,-4.7696,3.0000
174,scouts,8,-4.1838,1.8123,3.0000
174,scouts,9,-7.5148,4.7696,3.0000
174,scouts,10,-9.4580,3.3266,3.0000
174,scouts,11,-7.0268,0.7275,3.0000
174,scouts,12,9.4581,3.3265,3.0000
174,scouts,13,7.5148,4.7696,3.0000
174,scouts,14,4.1838,1.8122,3.0000
174,scouts,15,7.0268,0.7273,3.0000
174,workers,0,-3.0000,-5.0000,3.0000
174,workers,1,7.0000,-5.0000,3.0000
174,workers,2,-3.0000,5.0000,3.0000
174,workers,3,7.0000,5.0000,3.0000
175,general,0,0.0000,0.0000,5.0000
175,nodes,0,-3.8921,-3.8139,3.0000
175,nodes,1,3.8906,-3.8142,3.0000
175,nodes,2,-6.1082,3.8141,3.0000
175,nodes,3,6.1091,3.8134,3.0000
175,scouts,0,-0.5262,-3.3172,3.0000
175,scouts,1,-2.9617,-0.7128,3.0000
175,scouts,2,-5.8093,-1.7954,3.0000
175,scouts,3,-2.4714,-4.7584,3.0000
175,scouts,4,5.8093,-1.7954,3.0000
175,scouts,5,2.9617,-0.7127,3.0000
175,scouts,6,0.5261,-3.3172,3.0000
175,scouts,7,2.4714,-4.7584,3.0000
175,scouts,8,-4.1907,1.7954,3.0000
175,scouts,9,-7.5286,4.7584,3.0000
175,scouts,10,-9.4738,3.3173,3.0000
175,scouts,11,-7.0383,0.7128,3.0000
175,scouts,12,9.4739,3.3171,3.0000
175,scouts,13,7.5286,4.7584,3.0000
175,scouts,14,4.1907,1.7954,3.0000
175,scouts,15,7.0384,0.7127,3.0000
175,workers,0,-3.0000,-5.0000,3.0000
175,workers,1,7.0000,-5.0000,3.0000
175,workers,2,-3.0000,5.0000,3.0000
175,workers,3,7.0000,5.0000,3.0000
176,general,0,0.0000,0.0000,5.0000
176,nodes,0,-3.8858,-3.8073,3.0000
176,nodes,1,3.8842,-3.8076,3.0000
176,nodes,2,-6.1146,3.8075,3.0000
176,nodes,3,6.1156,3.8068,3.0000
176,scouts,0,-0.5104,-3.3079,3.0000
176,scouts,1,-2.9502,-0.6982,3.0000
176,scouts,2,-5.8023,-1.7786,3.0000
176,scouts,3,-2.4577,-4.7471,3.0000
176,scouts,4,5.8023,-1.7786,3.0000
176,scouts,5,2.9502,-0.6981,3.0000
176,scouts,6,0.5104,-3.3078,3.0000
176,scouts,7,2.4576,-4.7471,3.0000
176,scouts,8,-4.1977,1.7786,3.0000
176,scouts,9,-7.5424,4.7471,3.0000
176,scouts,10,-9.4896,3.3079,3.0000
176,scouts,11,-7.0499,0.6982,3.0000
176,scouts,12,9.4897,3.3078,3.0000
176,scouts,13,7.5424,4.7471,3.0000
176,scouts,14,4.1977,1.7786,3.0000
176,scouts,15,7.0499,0.6981,3.0000
176,workers,0,-3.0000,-5.0000,3.0000
176,workers,1,7.0000,-5.0000,3.0000
176,workers,2,-3.0000,5.0000,3.0000
176,workers,3,7.0000,5.0000,3.0000
177,general,0,0.0000,0.0000,5.0000
177,nodes,0,-3.8794,-3.8006,3.0000
177,nodes,1,3.8777,-3.8010,3.0000
177,nodes,2,-6.1210,3.8009,3.0000
177,nodes,3,6.1220,3.8001,3.0000
177,scouts,0,-0.4947,-3.2985,3.0000
177,scouts,1,-2.9387,-0.6836,3.0000
177,scouts,2,-5.7952,-1.7619,3.0000
177,scouts,3,-2.4439,-4.7358,3.0000
177,scouts,4,5.7952,-1.7618,3.0000
177,scouts,5,2.9386,-0.6835,3.0000
177,scouts,6,0.4946,-3.2985,3.0000
177,scouts,7,2.4439,-4.7358,3.0000
177,scouts,8,-4.2048,1.7619,3.0000
177,scouts,9,-7.5561,4.7358,3.0000
177,scouts,10,-9.5000,3.2986,3.0000
177,scouts,11,-7.0614,0.6836,3.0000
177,scouts,12,9.5000,3.2985,3.0000
177,scouts,13,7.5561,4.7358,3.0000
177,scouts,14,4.2048,1.7618,3.0000
177,scouts,15,7.0614,0.6835,3.0000
177,workers,0,-3.0000,-5.0000,3.0000
177,workers,1,7.0000,-5.0000,3.0000
177,workers,2,-3.0000,5.0000,3.0000
177,workers,3,7.0000,5.0000,3.0000
178,general,0,0.0000,0.0000,5.0000
178,nodes,0,-3.8729,-3.7940,3.0000
178,nodes,1,3.8714,-3.7944,3.0000
178,nodes,2,-6.1274,3.7942,3.0000
178,nodes,3,6.1284,3.7935,3.0000
178,scouts,0,-0.4790,-3.2892,3.0000
178,scouts,1,-2.9271,-0.6690,3.0000
178,scouts,2,-5.7880,-1.7452,3.0000
178,scouts,3,-2.4301,-4.7245,3.0000
178,scouts,4,5.7880,-1.7452,3.0000
178,scouts,5,2.9271,-0.6689,3.0000
178,scouts,6,0.4789,-3.2892,3.0000
178,scouts,7,2.4301,-4.7245,3.0000
178,scouts,8,-4.2120,1.7452,3.0000
178,scouts,9,-7.5699,4.7245,3.0000
178,scouts,10,-9.5000,3.2893,3.0000
178,scouts,11,-7.0729,0.6690,3.0000
178,scouts,12,9.5000,3.2892,3.0000
178,scouts,13,7.5699,4.7245,3.0000
178,scouts,14,4.2120,1.7451,3.0000
178,scouts,15,7.0730,0.6689,3.0000
178,workers,0,-3.0000,-5.0000,3.0000
178,workers,1,7.0000,-5.0000,3.0000
178,workers,2,-3.0000,5.0000,3.0000
178,workers,3,7.0000,5.0000,3.0000
179,general,0,0.0000,0.0000,5.0000
179,nodes,0,-3.8665,-3.7874,3.0000
179,nodes,1,3.8649,-3.7878,3.0000
179,nodes,2,-6.1338,3.7876,3.0000
179,nodes,3,6.1349,3.7869,3.0000
179,scouts,0,-0.4632,-3.2799,3.0000
179,scouts,1,-2.9156,-0.6545,3.0000
179,scouts,2,-5.7808,-1.7286,3.0000
179,scouts,3,-2.4164,-4.7132,3.0000
179,scouts,4,5.7808,-1.7285,3.0000
179,scouts,5,2.9156,-0.6544,3.0000
179,scouts,6,0.4632,-3.2799,3.0000
179,scouts,7,2.4164,-4.7132,3.0000
179,scouts,8,-4.2192,1.7286,3.0000
179,scouts,9,-7.5836,4.7132,3.0000
179,scouts,10,-9.5000,3.2800,3.0000
179,scouts,11,-7.0845,0.6545,3.0000
179,scouts,12,9.5000,3.2799,3.0000
179,scouts,13,7.5836,4.7132,3.0000
179,scouts,14,4.2192,1.7285,3.0000
179,scouts,15,7.0845,0.6543,3.0000
179,workers,0,-3.0000,-5.0000,3.0000
179,workers,1,7.0000,-5.0000,3.0000
179,workers,2,-3.0000,5.0000,3.0000
179,workers,3,7.0000,5.0000,3.0000
180,general,0,0.0000,0.0000,5.0000
180,nodes,0,-3.8600,-3.7807,3.0000
180,nodes,1,3.8584,-3.7812,3.0000
180,nodes,2,-6.1402,3.7810,3.0000
180,nodes,3,6.1413,3.7803,3.0000
180,scouts,0,-0.4475,-3.2706,3.0000
180,scouts,1,-2.9040,-0.6399,3.0000
180,scouts,2,-5.7734,-1.7120,3.0000
180,scouts,3,-2.4027,-4.7019,3.0000
180,scouts,4,5.7735,-1.7120,3.0000
180,scouts,5,2.9040,-0.6398,3.0000
180,scouts,6,0.4475,-3.2706,3.0000
180,scouts,7,2.4027,-4.7019,3.0000
180,scouts,8,-4.2265,1.7121,3.0000
180,scouts,9,-7.5973,4.7019,3.0000
180,scouts,10,-9.5000,3.2707,3.0000
180,scouts,11,-7.0960,0.6399,3.0000
180,scouts,12,9.5000,3.2706,3.0000
180,scouts,13,7.5973,4.7019,3.0000
180,scouts,14,4.2266,1.7120,3.0000
180,scouts,15,7.0960,0.6398,3.0000
180,workers,0,-3.0000,-5.0000,3.0000
180,workers,1,7.0000,-5.0000,3.0000
180,workers,2,-3.0000,5.0000,3.0000
180,workers,3,7.0000,5.0000,3.0000
181,general,0,0.0000,0.0000,5.0000
181,nodes,0,-3.8535,-3.7742,3.0000
181,nodes,1,3.8520,-3.7746,3.0000
181,nodes,2,-6.1467,3.7744,3.0000
181,nodes,3,6.1477,3.7737,3.0000
181,scouts,0,-0.4318,-3.2613,3.0000
181,scouts,1,-2.8925,-0.6254,3.0000
181,scouts,2,-5.7660,-1.6955,3.0000
181,scouts,3,-2.3890,-4.6906,3.0000
181,scouts,4,5.7661,-1.6955,3.0000
181,scouts,5,2.8925,-0.6253,3.0000
181,scouts,6,0.4318,-3.2613,3.0000
181,scouts,7,2.3889,-4.6905,3.0000
181,scouts,8,-4.2339,1.6956,3.0000
181,scouts,9,-7.6110,4.6905,3.0000
181,scouts,10,-9.5000,3.2615,3.0000
181,scouts,11,-7.1075,0.6254,3.0000
181,scouts,12,9.5000,3.2613,3.0000
181,scouts,13,7.6111,4.6905,3.0000
181,scouts,14,4.2340,1.6955,3.0000
181,scouts,15,7.1076,0.6253,3.0000
181,workers,0,-3.0000,-5.0000,3.0000
181,workers,1,7.0000,-5.0000,3.0000
181,workers,2,-3.0000,5.0000,3.0000
181,workers,3,7.0000,5.0000,3.0000
182,general,0,0.0000,0.0000,5.0000
182,nodes,0,-3.8471,-3.7676,3.0000
182,nodes,1,3.8456,-3.7680,3.0000
182,nodes,2,-6.1532,3.7678,3.0000
182,nodes,3,6.1542,3.7671,3.0000
182,scouts,0,-0.4161,-3.2521,3.0000
182,scouts,1,-2.8809,-0.6110,3.0000
182,scouts,2,-5.7585,-1.6791,3.0000
182,scouts,3,-2.3753,-4.6792,3.0000
182,scouts,4,5.7586,-1.6791,3.0000
182,scouts,5,2.8809,-0.6108,3.0000
182,scouts,6,0.4161,-3.2520,3.0000
182,scouts,7,2.3753,-4.6792,3.0000
182,scouts,8,-4.2414,1.6792,3.0000
182,scouts,9,-7.6247,4.6792,3.0000
182,scouts,10,-9.5000,3.2522,3.0000
182,scouts,11,-7.1191,0.6109,3.0000
182,scouts,12,9.5000,3.2521,3.0000
182,scouts,13,7.6247,4.6792,3.0000
182,scouts,14,4.2414,1.6791,3.0000
182,scouts,15,7.1191,0.6108,3.0000
182,workers,0,-3.0000,-5.0000,3.0000
182,workers,1,7.0000,-5.0000,3.0000
182,workers,2,-3.0000,5.0000,3.0000
182,workers,3,7.0000,5.0000,3.0000
183,general,0,0.0000,0.0000,5.0000
183,nodes,0,-3.8406,-3.7610,3.0000
183,nodes,1,3.8391,-3.7614,3.0000
183,nodes,2,-6.1597,3.7613,3.0000
183,nodes,3,6.1607,3.7605,3.0000
183,scouts,0,-0.4004,-3.2428,3.0000
183,scouts,1,-2.8694,-0.5965,3.0000
183,scouts,2,-5.7510,-1.6628,3.0000
183,scouts,3,-2.3616,-4.6678,3.0000
183,scouts,4,5.7510,-1.6627,3.0000
183,scouts,5,2.8694,-0.5964,3.0000
183,scouts,6,0.4004,-3.2427,3.0000
183,scouts,7,2.3616,-4.6678,3.0000
183,scouts,8,-4.2490,1.6628,3.0000
183,scouts,9,-7.6384,4.6678,3.0000
183,scouts,10,-9.5000,3.2430,3.0000
183,scouts,11,-7.1306,0.5965,3.0000
183,scouts,12,9.5000,3.2429,3.0000
183,scouts,13,7.6384,4.6678,3.0000
183,scouts,14,4.2490,1.6627,3.0000
183,scouts,15,7.1307,0.5963,3.0000
183,workers,0,-3.0000,-5.0000,3.0000
183,workers,1,7.0000,-5.0000,3.0000
183,workers,2,-3.0000,5.0000,3.0000
183,workers,3,7.0000,5.0000,3.0000
184,general,0,0.0000,0.0000,5.0000
184,nodes,0,-3.8340,-3.7545,3.0000
184,nodes,1,3.8326,-3.7548,3.0000
184,nodes,2,-6.1661,3.7548,3.0000
184,nodes,3,6.1671,3.7539,3.0000
184,scouts,0,-0.3847,-3.2335,3.0000
184,scouts,1,-2.8578,-0.5821,3.0000
184,scouts,2,-5.7433,-1.6465,3.0000
184,scouts,3,-2.3479,-4.6564,3.0000
184,scouts,4,5.7433,-1.6465,3.0000
184,scouts,5,2.8578,-0.5819,3.0000
184,scouts,6,0.3847,-3.2335,3.0000
184,scouts,7,2.3479,-4.6564,3.0000
184,scouts,8,-4.2566,1.6466,3.0000
184,scouts,9,-7.6521,4.6564,3.0000
184,scouts,10,-9.5000,3.2338,3.0000
184,scouts,11,-7.1422,0.5821,3.0000
184,scouts,12,9.5000,3.2337,3.0000
184,scouts,13,7.6521,4.6564,3.0000
184,scouts,14,4.2567,1.6465,3.0000
184,scouts,15,7.1422,0.5819,3.0000
184,workers,0,-3.0000,-5.0000,3.0000
184,workers,1,7.0000,-5.0000,3.0000
184,workers,2,-3.0000,5.0000,3.0000
184,workers,3,7.0000,5.0000,3.0000
185,general,0,0.0000,0.0000,5.0000
185,nodes,0,-3.8275,-3.7479,3.0000
185,nodes,1,3.8262,-3.7482,3.0000
185,nodes,2,-6.1726,3.7482,3.0000
185,nodes,3,6.1736,3.7474,3.0000
185,scouts,0,-0.3691,-3.2243,3.0000
185,scouts,1,-2.8463,-0.5676,3.0000
185,scouts,2,-5.7355,-1.6303,3.0000
185,scouts,3,-2.3343,-4.6450,3.0000
185,scouts,4,5.7355,-1.6303,3.0000
185,scouts,5,2.8462,-0.5675,3.0000
185,scouts,6,0.3690,-3.2242,3.0000
185,scouts,7,2.3343,-4.6450,3.0000
185,scouts,8,-4.2644,1.6304,3.0000
185,scouts,9,-7.6657,4.6450,3.0000
185,scouts,10,-9.5000,3.2247,3.0000
185,scouts,11,-7.1537,0.5676,3.0000
185,scouts,12,9.5000,3.2246,3.0000
185,scouts,13,7.6657,4.6450,3.0000
185,scouts,14,4.2644,1.6303,3.0000
185,scouts,15,7.1538,0.5675,3.0000
185,workers,0,-3.0000,-5.0000,3.0000
185,workers,1,7.0000,-5.0000,3.0000
185,workers,2,-3.0000,5.0000,3.0000
185,workers,3,7.0000,5.0000,3.0000
186,general,0,0.0000,0.0000,5.0000
186,nodes,0,-3.8210,-3.7414,3.0000
186,nodes,1,3.8197,-3.7415,3.0000
186,nodes,2,-6.1790,3.7416,3.0000
186,nodes,3,6.1800,3.7408,3.0000
186,scouts,0,-0.3534,-3.2151,3.0000
186,scouts,1,-2.8347,-0.5532,3.0000
186,scouts,2,-5.7277,-1.6142,3.0000
186,scouts,3,-2.3207,-4.6336,3.0000
186,scouts,4,5.7277,-1.6142,3.0000
186,scouts,5,2.8347,-0.5531,3.0000
186,scouts,6,0.3534,-3.2150,3.0000
186,scouts,7,2.3206,-4.6336,3.0000
186,scouts,8,-4.2722,1.6142,3.0000
186,scouts,9,-7.6793,4.6336,3.0000
186,scouts,10,-9.5000,3.2156,3.0000
186,scouts,11,-7.1653,0.5533,3.0000
186,scouts,12,9.5000,3.2155,3.0000
186,scouts,13,7.6793,4.6336,3.0000
186,scouts,14,4.2722,1.6142,3.0000
186,scouts,15,7.1653,0.5531,3.0000
186,workers,0,-3.0000,-5.0000,3.0000
186,workers,1,7.0000,-5.0000,3.0000
186,workers,2,-3.0000,5.0000,3.0000
186,workers,3,7.0000,5.0000,3.0000
187,general,0,0.0000,0.0000,5.0000
187,nodes,0,-3.8145,-3.7348,3.0000
187,nodes,1,3.8132,-3.7350,3.0000
187,nodes,2,-6.1855,3.7351,3.0000
187,nodes,3,6.1865,3.7343,3.0000
187,scouts,0,-0.3377,-3.2058,3.0000
187,scouts,1,-2.8231,-0.5389,3.0000
187,scouts,2,-5.7197,-1.5981,3.0000
187,scouts,3,-2.3070,-4.6222,3.0000
187,scouts,4,5.7197,-1.5981,3.0000
187,scouts,5,2.8231,-0.5388,3.0000
187,scouts,6,0.3377,-3.2058,3.0000
187,scouts,7,2.3070,-4.6221,3.0000
187,scouts,8,-4.2801,1.5982,3.0000
187,scouts,9,-7.6929,4.6222,3.0000
187,scouts,10,-9.5000,3.2065,3.0000
187,scouts,11,-7.1768,0.5389,3.0000
187,scouts,12,9.5000,3.2064,3.0000
187,scouts,13,7.6929,4.6222,3.0000
187,scouts,14,4.2802,1.5981,3.0000
187,scouts,15,7.1769,0.5387,3.0000
187,workers,0,-3.0000,-5.0000,3.0000
187,workers,1,7.0000,-5.0000,3.0000
187,workers,2,-3.0000,5.0000,3.0000
187,workers,3,7.0000,5.0000,3.0000
188,general,0,0.0000,0.0000,5.0000
188,nodes,0,-3.8081,-3.7282,3.0000
188,nodes,1,3.8066,-3.7284,3.0000
188,nodes,2,-6.1920,3.7286,3.0000
188,nodes,3,6.1930,3.7278,3.0000
188,scouts,0,-0.3221,-3.1966,3.0000
188,scouts,1,-2.8115,-0.5245,3.0000
188,scouts,2,-5.7117,-1.5822,3.0000
188,scouts,3,-2.2934,-4.6107,3.0000
188,scouts,4,5.7117,-1.5822,3.0000
188,scouts,5,2.8115,-0.5244,3.0000
188,scouts,6,0.3221,-3.1965,3.0000
188,scouts,7,2.2934,-4.6107,3.0000
188,scouts,8,-4.2882,1.5823,3.0000
188,scouts,9,-7.7065,4.6107,3.0000
188,scouts,10,-9.5000,3.1975,3.0000
188,scouts,11,-7.1884,0.5246,3.0000
188,scouts,12,9.5000,3.1973,3.0000
188,scouts,13,7.7065,4.6107,3.0000
188,scouts,14,4.2882,1.5822,3.0000
188,scouts,15,7.1884,0.5244,3.0000
188,workers,0,-3.0000,-5.0000,3.0000
188,workers,1,7.0000,-5.0000,3.0000
188,workers,2,-3.0000,5.0000,3.0000
188,workers,3,7.0000,5.0000,3.0000
189,general,0,0.0000,0.0000,5.0000
189,nodes,0,-3.8016,-3.7217,3.0000
189,nodes,1,3.8002,-3.7220,3.0000
189,nodes,2,-6.1985,3.7221,3.0000
189,nodes,3,6.1994,3.7213,3.0000
189,scouts,0,-0.3065,-3.1874,3.0000
189,scouts,1,-2.7999,-0.5102,3.0000
189,scouts,2,-5.7035,-1.5663,3.0000
189,scouts,3,-2.2799,-4.5992,3.0000
189,scouts,4,5.7035,-1.5663,3.0000
189,scouts,5,2.7999,-0.5101,3.0000
189,scouts,6,0.3064,-3.1873,3.0000
189,scouts,7,2.2798,-4.5992,3.0000
189,scouts,8,-4.2963,1.5664,3.0000
189,scouts,9,-7.7200,4.5993,3.0000
189,scouts,10,-9.5000,3.1885,3.0000
189,scouts,11,-7.1999,0.5102,3.0000
189,scouts,12,9.5000,3.1883,3.0000
189,scouts,13,7.7200,4.5993,3.0000
189,scouts,14,4.2963,1.5663,3.0000
189,scouts,15,7.2000,0.5101,3.0000
189,workers,0,-3.0000,-5.0000,3.0000
189,workers,1,7.0000,-5.0000,3.0000
189,workers,2,-3.0000,5.0000,3.0000
189,workers,3,7.0000,5.0000,3.0000
190,general,0,0.0000,0.0000,5.0000
190,nodes,0,-3.7951,-3.7152,3.0000
190,nodes,1,3.7937,-3.7154,3.0000
190,nodes,2,-6.2050,3.7156,3.0000
190,nodes,3,6.2058,3.7148,3.0000
190,scouts,0,-0.2908,-3.1782,3.0000
190,scouts,1,-2.7883,-0.4959,3.0000
190,scouts,2,-5.6953,-1.5505,3.0000
190,scouts,3,-2.2663,-4.5878,3.0000
190,scouts,4,5.6953,-1.5505,3.0000
190,scouts,5,2.7883,-0.4958,3.0000
190,scouts,6,0.2908,-3.1781,3.0000
190,scouts,7,2.2663,-4.5877,3.0000
190,scouts,8,-4.3045,1.5506,3.0000
190,scouts,9,-7.7335,4.5878,3.0000
190,scouts,10,-9.5000,3.1795,3.0000
190,scouts,11,-7.2115,0.4960,3.0000
190,scouts,12,9.5000,3.1794,3.0000
190,scouts,13,7.7335,4.5878,3.0000
190,scouts,14,4.3045,1.5505,3.0000
190,scouts,15,7.2116,0.4958,3.0000
190,workers,0,-3.0000,-5.0000,3.0000
190,workers,1,7.0000,-5.0000,3.0000
190,workers,2,-3.0000,5.0000,3.0000
190,workers,3,7.0000,5.0000,3.0000
191,general,0,0.0000,0.0000,5.0000
191,nodes,0,-3.7885,-3.7086,3.0000
191,nodes,1,3.7872,-3.7089,3.0000
191,nodes,2,-6.2115,3.7091,3.0000
191,nodes,3,6.2123,3.7083,3.0000
191,scouts,0,-0.2752,-3.1690,3.0000
191,scouts,1,-2.7767,-0.4816,3.0000
191,scouts,2,-5.6869,-1.5348,3.0000
191,scouts,3,-2.2527,-4.5763,3.0000
191,scouts,4,5.6869,-1.5348,3.0000
191,scouts,5,2.7767,-0.4815,3.0000
191,scouts,6,0.2752,-3.1689,3.0000
191,scouts,7,2.2527,-4.5762,3.0000
191,scouts,8,-4.3128,1.5350,3.0000
191,scouts,9,-7.7470,4.5763,3.0000
191,scouts,10,-9.5000,3.1706,3.0000
191,scouts,11,-7.2231,0.4817,3.0000
191,scouts,12,9.5000,3.1705,3.0000
191,scouts,13,7.7470,4.5763,3.0000
191,scouts,14,4.3128,1.5349,3.0000
191,scouts,15,7.2231,0.4815,3.0000
191,workers,0,-3.0000,-5.0000,3.0000
191,workers,1,7.0000,-5.0000,3.0000
191,workers,2,-3.0000,5.0000,3.0000
191,workers,3,7.0000,5.0000,3.0000
192,general,0,0.0000,0.0000,5.0000
192,nodes,0,-3.7821,-3.7021,3.0000
192,nodes,1,3.7807,-3.7024,3.0000
192,nodes,2,-6.2180,3.7026,3.0000
192,nodes,3,6.2188,3.7019,3.0000
192,scouts,0,-0.2596,-3.1598,3.0000
192,scouts,1,-2.7651,-0.4674,3.0000
192,scouts,2,-5.6785,-1.5192,3.0000
192,scouts,3,-2.2392,-4.5648,3.0000
192,scouts,4,5.6785,-1.5192,3.0000
192,scouts,5,2.7651,-0.4673,3.0000
192,scouts,6,0.2596,-3.1597,3.0000
192,scouts,7,2.2392,-4.5647,3.0000
192,scouts,8,-4.3212,1.5194,3.0000
192,scouts,9,-7.7605,4.5648,3.0000
192,scouts,10,-9.5000,3.1617,3.0000
192,scouts,11,-7.2346,0.4675,3.0000
192,scouts,12,9.5000,3.1616,3.0000
192,scouts,13,7.7605,4.5648,3.0000
192,scouts,14,4.3213,1.5193,3.0000
192,scouts,15,7.2347,0.4673,3.0000
192,workers,0,-3.0000,-5.0000,3.0000
192,workers,1,7.0000,-5.0000,3.0000
192,workers,2,-3.0000,5.0000,3.0000
192,workers,3,7.0000,5.0000,3.0000
193,general,0,0.0000,0.0000,5.0000
193,nodes,0,-3.7756,-3.6956,3.0000
193,nodes,1,3.7742,-3.6960,3.0000
193,nodes,2,-6.2246,3.6961,3.0000
193,nodes,3,6.2253,3.6954,3.0000
193,scouts,0,-0.2440,-3.1506,3.0000
193,scouts,1,-2.7535,-0.4532,3.0000
193,scouts,2,-5.6699,-1.5037,3.0000
193,scouts,3,-2.2257,-4.5532,3.0000
193,scouts,4,5.6699,-1.5037,3.0000
193,scouts,5,2.7535,-0.4530,3.0000
193,scouts,6,0.2440,-3.1506,3.0000
193,scouts,7,2.2257,-4.5532,3.0000
193,scouts,8,-4.3297,1.5039,3.0000
193,scouts,9,-7.7740,4.5533,3.0000
193,scouts,10,-9.5000,3.1528,3.0000
193,scouts,11,-7.2462,0.4533,3.0000
193,scouts,12,9.5000,3.1527,3.0000
193,scouts,13,7.7740,4.5533,3.0000
193,scouts,14,4.3298,1.5038,3.0000
193,scouts,15,7.2462,0.4531,3.0000
193,workers,0,-3.0000,-5.0000,3.0000
193,workers,1,7.0000,-5.0000,3.0000
193,workers,2,-3.0000,5.0000,3.0000
193,workers,3,7.0000,5.0000,3.0000
194,general,0,0.0000,0.0000,5.0000
194,nodes,0,-3.7691,-3.6891,3.0000
194,nodes,1,3.7676,-3.6894,3.0000
194,nodes,2,-6.2311,3.6896,3.0000
194,nodes,3,6.2318,3.6889,3.0000
194,scouts,0,-0.2284,-3.1415,3.0000
194,scouts,1,-2.7419,-0.4390,3.0000
194,scouts,2,-5.6612,-1.4883,3.0000
194,scouts,3,-2.2122,-4.5417,3.0000
194,scouts,4,5.6612,-1.4883,3.0000
194,scouts,5,2.7419,-0.4388,3.0000
194,scouts,6,0.2284,-3.1414,3.0000
194,scouts,7,2.2121,-4.5416,3.0000
194,scouts,8,-4.3384,1.4885,3.0000
194,scouts,9,-7.7874,4.5418,3.0000
194,scouts,10,-9.5000,3.1440,3.0000
194,scouts,11,-7.2577,0.4391,3.0000
194,scouts,12,9.5000,3.1439,3.0000
194,scouts,13,7.7875,4.5418,3.0000
194,scouts,14,4.3384,1.4884,3.0000
194,scouts,15,7.2578,0.4389,3.0000
194,workers,0,-3.0000,-5.0000,3.0000
194,workers,1,7.0000,-5.0000,3.0000
194,workers,2,-3.0000,5.0000,3.0000
194,workers,3,7.0000,5.0000,3.0000
195,general,0,0.0000,0.0000,5.0000
195,nodes,0,-3.7625,-3.6826,3.0000
195,nodes,1,3.7611,-3.6829,3.0000
195,nodes,2,-6.2376,3.6831,3.0000
195,nodes,3,6.2384,3.6824,3.0000
195,scouts,0,-0.2128,-3.1323,3.0000
195,scouts,1,-2.7303,-0.4248,3.0000
195,scouts,2,-5.6524,-1.4730,3.0000
195,scouts,3,-2.1987,-4.5301,3.0000
195,scouts,4,5.6524,-1.4730,3.0000
195,scouts,5,2.7302,-0.4246,3.0000
195,scouts,6,0.2128,-3.1322,3.0000
195,scouts,7,2.1987,-4.5301,3.0000
195,scouts,8,-4.3471,1.4732,3.0000
195,scouts,9,-7.8009,4.5302,3.0000
195,scouts,10,-9.5000,3.1353,3.0000
195,scouts,11,-7.2693,0.4249,3.0000
195,scouts,12,9.5000,3.1351,3.0000
195,scouts,13,7.8009,4.5302,3.0000
195,scouts,14,4.3472,1.4732,3.0000
195,scouts,15,7.2694,0.4247,3.0000
195,workers,0,-3.0000,-5.0000,3.0000
195,workers,1,7.0000,-5.0000,3.0000
195,workers,2,-3.0000,5.0000,3.0000
195,workers,3,7.0000,5.0000,3.0000
196,general,0,0.0000,0.0000,5.0000
196,nodes,0,-3.7560,-3.6762,3.0000
196,nodes,1,3.7546,-3.6765,3.0000
196,nodes,2,-6.2441,3.6767,3.0000
196,nodes,3,6.2449,3.6760,3.0000
196,scouts,0,-0.1972,-3.1232,3.0000
196,scouts,1,-2.7186,-0.4106,3.0000
196,scouts,2,-5.6434,-1.4579,3.0000
196,scouts,3,-2.1852,-4.5185,3.0000
196,scouts,4,5.6435,-1.4578,3.0000
196,scouts,5,2.7186,-0.4105,3.0000
196,scouts,6,0.1972,-3.1231,3.0000
196,scouts,7,2.1852,-4.5185,3.0000
196,scouts,8,-4.3560,1.4581,3.0000
196,scouts,9,-7.8143,4.5187,3.0000
196,scouts,10,-9.5000,3.1265,3.0000
196,scouts,11,-7.2809,0.4108,3.0000
196,scouts,12,9.5000,3.1264,3.0000
196,scouts,13,7.8143,4.5187,3.0000
196,scouts,14,4.3560,1.4580,3.0000
196,scouts,15,7.2809,0.4106,3.0000
196,workers,0,-3.0000,-5.0000,3.0000
196,workers,1,7.0000,-5.0000,3.0000
196,workers,2,-3.0000,5.0000,3.0000
196,workers,3,7.0000,5.0000,3.0000
197,general,0,0.0000,0.0000,5.0000
197,nodes,0,-3.7494,-3.6697,3.0000
197,nodes,1,3.7480,-3.6699,3.0000
197,nodes,2,-6.2506,3.6702,3.0000
197,nodes,3,6.2515,3.6695,3.0000
197,scouts,0,-0.1816,-3.1140,3.0000
197,scouts,1,-2.7070,-0.3965,3.0000
197,scouts,2,-5.6344,-1.4428,3.0000
197,scouts,3,-2.1718,-4.5069,3.0000
197,scouts,4,5.6344,-1.4428,3.0000
197,scouts,5,2.7070,-0.3963,3.0000
197,scouts,6,0.1816,-3.1139,3.0000
197,scouts,7,2.1717,-4.5069,3.0000
197,scouts,8,-4.3650,1.4431,3.0000
197,scouts,9,-7.8277,4.5071,3.0000
197,scouts,10,-9.5000,3.1179,3.0000
197,scouts,11,-7.2924,0.3967,3.0000
197,scouts,12,9.5000,3.1177,3.0000
197,scouts,13,7.8277,4.5071,3.0000
197,scouts,14,4.3650,1.4430,3.0000
197,scouts,15,7.2925,0.3965,3.0000
197,workers,0,-3.0000,-5.0000,3.0000
197,workers,1,7.0000,-5.0000,3.0000
197,workers,2,-3.0000,5.0000,3.0000
197,workers,3,7.0000,5.0000,3.0000
198,general,0,0.0000,0.0000,5.0000
198,nodes,0,-3.7428,-3.6632,3.0000
198,nodes,1,3.7415,-3.6634,3.0000
198,nodes,2,-6.2572,3.6638,3.0000
198,nodes,3,6.2580,3.6631,3.0000
198,scouts,0,-0.1661,-3.1049,3.0000
198,scouts,1,-2.6953,-0.3824,3.0000
198,scouts,2,-5.6252,-1.4279,3.0000
198,scouts,3,-2.1583,-4.4953,3.0000
198,scouts,4,5.6252,-1.4278,3.0000
198,scouts,5,2.6953,-0.3822,3.0000
198,scouts,6,0.1660,-3.1048,3.0000
198,scouts,7,2.1583,-4.4953,3.0000
198,scouts,8,-4.3741,1.4282,3.0000
198,scouts,9,-7.8410,4.4955,3.0000
198,scouts,10,-9.5000,3.1092,3.0000
198,scouts,11,-7.3040,0.3826,3.0000
198,scouts,12,9.5000,3.1091,3.0000
198,scouts,13,7.8410,4.4955,3.0000
198,scouts,14,4.3742,1.4281,3.0000
198,scouts,15,7.3041,0.3824,3.0000
198,workers,0,-3.0000,-5.0000,3.0000
198,workers,1,7.0000,-5.0000,3.0000
198,workers,2,-3.0000,5.0000,3.0000
198,workers,3,7.0000,5.0000,3.0000
199,general,0,0.0000,0.0000,5.0000
199,nodes,0,-3.7364,-3.6568,3.0000
199,nodes,1,3.7349,-3.6570,3.0000
199,nodes,2,-6.2637,3.6574,3.0000
199,nodes,3,6.2646,3.6567,3.0000
199,scouts,0,-0.1505,-3.0958,3.0000
199,scouts,1,-2.6837,-0.3683,3.0000
199,scouts,2,-5.6158,-1.4131,3.0000
199,scouts,3,-2.1449,-4.4837,3.0000
199,scouts,4,5.6159,-1.4130,3.0000
199,scouts,5,2.6837,-0.3681,3.0000
199,scouts,6,0.1505,-3.0957,3.0000
199,scouts,7,2.1449,-4.4837,3.0000
199,scouts,8,-4.3834,1.4134,3.0000
199,scouts,9,-7.8544,4.4839,3.0000
199,scouts,10,-9.5000,3.1006,3.0000
199,scouts,11,-7.3156,0.3685,3.0000
199,scouts,12,9.5000,3.1005,3.0000
199,scouts,13,7.8544,4.4839,3.0000
199,scouts,14,4.3834,1.4133,3.0000
199,scouts,15,7.3156,0.3683,3.0000
199,workers,0,-3.0000,-5.0000,3.0000
199,workers,1,7.0000,-5.0000,3.0000
199,workers,2,-3.0000,5.0000,3.0000
199,workers,3,7.0000,5.0000,3.0000
200,general,0,0.0000,0.0000,5.0000
200,nodes,0,-3.7297,-3.6502,3.0000
200,nodes,1,3.7284,-3.6505,3.0000
200,nodes,2,-6.2702,3.6511,3.0000
200,nodes,3,6.2711,3.6503,3.0000
200,scouts,0,-0.1350,-3.0867,3.0000
200,scouts,1,-2.6720,-0.3542,3.0000
200,scouts,2,-5.6064,-1.3984,3.0000
200,scouts,3,-2.1315,-4.4721,3.0000
200,scouts,4,5.6064,-1.3984,3.0000
200,scouts,5,2.6720,-0.3541,3.0000
200,scouts,6,0.1349,-3.0866,3.0000
200,scouts,7,2.1315,-4.4720,3.0000
200,scouts,8,-4.3928,1.3988,3.0000
200,scouts,9,-7.8677,4.4723,3.0000
200,scouts,10,-9.5000,3.0921,3.0000
200,scouts,11,-7.3272,0.3545,3.0000
200,scouts,12,9.5000,3.0919,3.0000
200,scouts,13,7.8677,4.4723,3.0000
200,scouts,14,4.3928,1.3987,3.0000
200,scouts,15,7.3272,0.3543,3.0000
200,workers,0,-3.0000,-5.0000,3.0000
200,workers,1,7.0000,-5.0000,3.0000
200,workers,2,-3.0000,5.0000,3.0000
200,workers,3,7.0000,5.0000,3.0000
201,general,0,0.0000,0.0000,5.0000
201,nodes,0,-3.7233,-3.6438,3.0000
201,nodes,1,3.7218,-3.6442,3.0000
201,nodes,2,-6.2768,3.6447,3.0000
201,nodes,3,6.2777,3.6439,3.0000
201,scouts,0,-0.1194,-3.0776,3.0000
201,scouts,1,-2.6603,-0.3402,3.0000
201,scouts,2,-5.5967,-1.3839,3.0000
201,scouts,3,-2.1181,-4.4604,3.0000
201,scouts,4,5.5968,-1.3838,3.0000
201,scouts,5,2.6603,-0.3401,3.0000
201,scouts,6,0.1194,-3.0775,3.0000
201,scouts,7,2.1181,-4.4604,3.0000
201,scouts,8,-4.4023,1.3843,3.0000
201,scouts,9,-7.8810,4.4607,3.0000
201,scouts,10,-9.5000,3.0835,3.0000
201,scouts,11,-7.3387,0.3405,3.0000
201,scouts,12,9.5000,3.0834,3.0000
201,scouts,13,7.8810,4.4607,3.0000
201,scouts,14,4.4023,1.3842,3.0000
201,scouts,15,7.3388,0.3403,3.0000
201,workers,0,-3.0000,-5.0000,3.0000
201,workers,1,7.0000,-5.0000,3.0000
201,workers,2,-3.0000,5.0000,3.0000
201,workers,3,7.0000,5.0000,3.0000
202,general,0,0.0000,0.0000,5.0000
202,nodes,0,-3.7166,-3.6374,3.0000
202,nodes,1,3.7152,-3.6377,3.0000
202,nodes,2,-6.2833,3.6384,3.0000
202,nodes,3,6.2843,3.6376,3.0000
202,scouts,0,-0.1039,-3.0685,3.0000
202,scouts,1,-2.6487,-0.3262,3.0000
202,scouts,2,-5.5870,-1.3695,3.0000
202,scouts,3,-2.1047,-4.4487,3.0000
202,scouts,4,5.5870,-1.3695,3.0000
202,scouts,5,2.6487,-0.3260,3.0000
202,scouts,6,0.1039,-3.0684,3.0000
202,scouts,7,2.1047,-4.4487,3.0000
202,scouts,8,-4.4120,1.3699,3.0000
202,scouts,9,-7.8942,4.4490,3.0000
202,scouts,10,-9.5000,3.0751,3.0000
202,scouts,11,-7.3503,0.3265,3.0000
202,scouts,12,9.5000,3.0749,3.0000
202,scouts,13,7.8942,4.4490,3.0000
202,scouts,14,4.4120,1.3699,3.0000
202,scouts,15,7.3504,0.3263,3.0000
202,workers,0,-3.0000,-5.0000,3.0000
202,workers,1,7.0000,-5.0000,3.0000
202,workers,2,-3.0000,5.0000,3.0000
202,workers,3,7.0000,5.0000,3.0000
203,general,0,0.0000,0.0000,5.0000
203,nodes,0,-3.7100,-3.6310,3.0000
203,nodes,1,3.7087,-3.6313,3.0000
203,nodes,2,-6.2899,3.6321,3.0000
203,nodes,3,6.2909,3.6312,3.0000
203,scouts,0,-0.0883,-3.0594,3.0000
203,scouts,1,-2.6370,-0.3122,3.0000
203,scouts,2,-5.5770,-1.3553,3.0000
203,scouts,3,-2.0914,-4.4370,3.0000
203,scouts,4,5.5770,-1.3553,3.0000
203,scouts,5,2.6370,-0.3120,3.0000
203,scouts,6,0.0883,-3.0593,3.0000
203,scouts,7,2.0914,-4.4370,3.0000
203,scouts,8,-4.4218,1.3558,3.0000
203,scouts,9,-7.9075,4.4374,3.0000
203,scouts,10,-9.5000,3.0666,3.0000
203,scouts,11,-7.3619,0.3126,3.0000
203,scouts,12,9.5000,3.0665,3.0000
203,scouts,13,7.9075,4.4374,3.0000
203,scouts,14,4.4219,1.3557,3.0000
203,scouts,15,7.3619,0.3124,3.0000
203,workers,0,-3.0000,-5.0000,3.0000
203,workers,1,7.0000,-5.0000,3.0000
203,workers,2,-3.0000,5.0000,3.0000
203,workers,3,7.0000,5.0000,3.0000
204,general,0,0.0000,0.0000,5.0000
204,nodes,0,-3.7033,-3.6245,3.0000
204,nodes,1,3.7021,-3.6249,3.0000
204,nodes,2,-6.2965,3.6257,3.0000
204,nodes,3,6.2975,3.6249,3.0000
204,scouts,0,-0.0728,-3.0503,3.0000
204,scouts,1,-2.6253,-0.2982,3.0000
204,scouts,2,-5.5669,-1.3413,3.0000
204,scouts,3,-2.0780,-4.4253,3.0000
204,scouts,4,5.5669,-1.3412,3.0000
204,scouts,5,2.6253,-0.2981,3.0000
204,scouts,6,0.0728,-3.0502,3.0000
204,scouts,7,2.0780,-4.4253,3.0000
204,scouts,8,-4.4318,1.3418,3.0000
204,scouts,9,-7.9207,4.4257,3.0000
204,scouts,10,-9.5000,3.0582,3.0000
204,scouts,11,-7.3735,0.2986,3.0000
204,scouts,12,9.5000,3.0581,3.0000
204,scouts,13,7.9207,4.4257,3.0000
204,scouts,14,4.4319,1.3417,3.0000
204,scouts,15,7.3735,0.2984,3.0000
204,workers,0,-3.0000,-5.0000,3.0000
204,workers,1,7.0000,-5.0000,3.0000
204,workers,2,-3.0000,5.0000,3.0000
204,workers,3,7.0000,5.0000,3.0000
205,general,0,0.0000,0.0000,5.0000
205,nodes,0,-3.6967,-3.6182,3.0000
205,nodes,1,3.6954,-3.6185,3.0000
205,nodes,2,-6.3031,3.6193,3.0000
205,nodes,3,6.3041,3.6185,3.0000
205,scouts,0,-0.0573,-3.0412,3.0000
205,scouts,1,-2.6136,-0.2843,3.0000
205,scouts,2,-5.5566,-1.3274,3.0000
205,scouts,3,-2.0647,-4.4136,3.0000
205,scouts,4,5.5567,-1.3274,3.0000
205,scouts,5,2.6136,-0.2841,3.0000
205,scouts,6,0.0573,-3.0411,3.0000
205,scouts,7,2.0647,-4.4136,3.0000
205,scouts,8,-4.4420,1.3280,3.0000
205,scouts,9,-7.9339,4.4140,3.0000
205,scouts,10,-9.5000,3.0499,3.0000
205,scouts,11,-7.3851,0.2847,3.0000
205,scouts,12,9.5000,3.0498,3.0000
205,scouts,13,7.9339,4.4140,3.0000
205,scouts,14,4.4421,1.3279,3.0000
205,scouts,15,7.3851,0.2845,3.0000
205,workers,0,-3.0000,-5.0000,3.0000
205,workers,1,7.0000,-5.0000,3.0000
205,workers,2,-3.0000,5.0000,3.0000
205,workers,3,7.0000,5.0000,3.0000
206,general,0,0.0000,0.0000,5.0000
206,nodes,0,-3.6900,-3.6118,3.0000
206,nodes,1,3.6888,-3.6122,3.0000
206,nodes,2,-6.3097,3.6130,3.0000
206,nodes,3,6.3108,3.6122,3.0000
206,scouts,0,-0.0418,-3.0322,3.0000
206,scouts,1,-2.6019,-0.2704,3.0000
206,scouts,2,-5.5462,-1.3138,3.0000
206,scouts,3,-2.0514,-4.4018,3.0000
206,scouts,4,5.5462,-1.3138,3.0000
206,scouts,5,2.6019,-0.2702,3.0000
206,scouts,6,0.0418,-3.0321,3.0000
206,scouts,7,2.0514,-4.4018,3.0000
206,scouts,8,-4.4524,1.3145,3.0000
206,scouts,9,-7.9471,4.4023,3.0000
206,scouts,10,-9.5000,3.0416,3.0000
206,scouts,11,-7.3966,0.2709,3.0000
206,scouts,12,9.5000,3.0414,3.0000
206,scouts,13,7.9471,4.4023,3.0000
206,scouts,14,4.4524,1.3144,3.0000
206,scouts,15,7.3967,0.2707,3.0000
206,workers,0,-3.0000,-5.0000,3.0000
206,workers,1,7.0000,-5.0000,3.0000
206,workers,2,-3.0000,5.0000,3.0000
206,workers,3,7.0000,5.0000,3.0000
207,general,0,0.0000,0.0000,5.0000
207,nodes,0,-3.6834,-3.6054,3.0000
207,nodes,1,3.6822,-3.6059,3.0000
207,nodes,2,-6.3164,3.6067,3.0000
207,nodes,3,6.3175,3.6059,3.0000
207,scouts,0,-0.0263,-3.0231,3.0000
207,scouts,1,-2.5901,-0.2565,3.0000
207,scouts,2,-5.5355,-1.3004,3.0000
207,scouts,3,-2.0381,-4.3901,3.0000
207,scouts,4,5.5355,-1.3004,3.0000
207,scouts,5,2.5901,-0.2563,3.0000
207,scouts,6,0.0263,-3.0230,3.0000
207,scouts,7,2.0381,-4.3900,3.0000
207,scouts,8,-4.4629,1.3011,3.0000
207,scouts,9,-7.9603,4.3906,3.0000
207,scouts,10,-9.5000,3.0333,3.0000
207,scouts,11,-7.4082,0.2570,3.0000
207,scouts,12,9.5000,3.0332,3.0000
207,scouts,13,7.9603,4.3906,3.0000
207,scouts,14,4.4630,1.3010,3.0000
207,scouts,15,7.4083,0.2568,3.0000
207,workers,0,-3.0000,-5.0000,3.0000
207,workers,1,7.0000,-5.0000,3.0000
207,workers,2,-3.0000,5.0000,3.0000
207,workers,3,7.0000,5.0000,3.0000
208,general,0,0.0000,0.0000,5.0000
208,nodes,0,-3.6768,-3.5992,3.0000
208,nodes,1,3.6756,-3.5995,3.0000
208,nodes,2,-6.3231,3.6004,3.0000
208,nodes,3,6.3241,3.5996,3.0000
208,scouts,0,-0.0108,-3.0141,3.0000
208,scouts,1,-2.5784,-0.2426,3.0000
208,scouts,2,-5.5246,-1.2872,3.0000
208,scouts,3,-2.0249,-4.3783,3.0000
208,scouts,4,5.5246,-1.2872,3.0000
208,scouts,5,2.5784,-0.2425,3.0000
208,scouts,6,0.0108,-3.0140,3.0000
208,scouts,7,2.0248,-4.3783,3.0000
208,scouts,8,-4.4737,1.2880,3.0000
208,scouts,9,-7.9734,4.3789,3.0000
208,scouts,10,-9.5000,3.0251,3.0000
208,scouts,11,-7.4198,0.2432,3.0000
208,scouts,12,9.5000,3.0250,3.0000
208,scouts,13,7.9734,4.3789,3.0000
208,scouts,14,4.4737,1.2879,3.0000
208,scouts,15,7.4199,0.2430,3.0000
208,workers,0,-3.0000,-5.0000,3.0000
208,workers,1,7.0000,-5.0000,3.0000
208,workers,2,-3.0000,5.0000,3.0000
208,workers,3,7.0000,5.0000,3.0000
209,general,0,0.0000,0.0000,5.0000
209,nodes,0,-3.6700,-3.5929,3.0000
209,nodes,1,3.6688,-3.5932,3.0000
209,nodes,2,-6.3298,3.5942,3.0000
209,nodes,3,6.3309,3.5934,3.0000
209,scouts,0,0.0047,-3.0051,3.0000
209,scouts,1,-2.5667,-0.2288,3.0000
209,scouts,2,-5.5135,-1.2743,3.0000
209,scouts,3,-2.0116,-4.3665,3.0000
209,scouts,4,5.5135,-1.2743,3.0000
209,scouts,5,2.5667,-0.2286,3.0000
209,scouts,6,-0.0047,-3.0050,3.0000
209,scouts,7,2.0116,-4.3665,3.0000
209,scouts,8,-4.4847,1.2752,3.0000
209,scouts,9,-7.9865,4.3672,3.0000
209,scouts,10,-9.5000,3.0169,3.0000
209,scouts,11,-7.4314,0.2294,3.0000
209,scouts,12,9.5000,3.0168,3.0000
209,scouts,13,7.9865,4.3671,3.0000
209,scouts,14,4.4847,1.2751,3.0000
209,scouts,15,7.4315,0.2292,3.0000
209,workers,0,-3.0000,-5.0000,3.0000
209,workers,1,7.0000,-5.0000,3.0000
209,workers,2,-3.0000,5.0000,3.0000
209,workers,3,7.0000,5.0000,3.0000
210,general,0,0.0000,0.0000,5.0000
210,nodes,0,-3.6634,-3.5866,3.0000
210,nodes,1,3.6622,-3.5870,3.0000
210,nodes,2,-6.3364,3.5879,3.0000
210,nodes,3,6.3376,3.5871,3.0000
210,scouts,0,0.0202,-2.9960,3.0000
210,scouts,1,-2.5549,-0.2150,3.0000
210,scouts,2,-5.5022,-1.2618,3.0000
210,scouts,3,-1.9984,-4.3547,3.0000
210,scouts,4,5.5022,-1.2617,3.0000
210,scouts,5,2.5549,-0.2148,3.0000
210,scouts,6,-0.0202,-2.9959,3.0000
210,scouts,7,1.9984,-4.3547,3.0000
210,scouts,8,-4.4959,1.2627,3.0000
210,scouts,9,-7.9996,4.3554,3.0000
210,scouts,10,-9.5000,3.0088,3.0000
210,scouts,11,-7.4430,0.2156,3.0000
210,scouts,12,9.5000,3.0087,3.0000
210,scouts,13,7.9996,4.3554,3.0000
210,scouts,14,4.4959,1.2626,3.0000
210,scouts,15,7.4431,0.2154,3.0000
210,workers,0,-3.0000,-5.0000,3.0000
210,workers,1,7.0000,-5.0000,3.0000
210,workers,2,-3.0000,5.0000,3.0000
210,workers,3,7.0000,5.0000,3.0000
211,general,0,0.0000,0.0000,5.0000
211,nodes,0,-3.6567,-3.5803,3.0000
211,nodes,1,3.6554,-3.5807,3.0000
211,nodes,2,-6.3431,3.5817,3.0000
211,nodes,3,6.3444,3.5809,3.0000
211,scouts,0,0.0357,-2.9870,3.0000
211,scouts,1,-2.5432,-0.2012,3.0000
211,scouts,2,-5.4906,-1.2495,3.0000
211,scouts,3,-1.9852,-4.3429,3.0000
211,scouts,4,5.4906,-1.2495,3.0000
211,scouts,5,2.5432,-0.2010,3.0000
211,scouts,6,-0.0357,-2.9869,3.0000
211,scouts,7,1.9852,-4.3428,3.0000
211,scouts,8,-4.5073,1.2505,3.0000
211,scouts,9,-8.0127,4.3436,3.0000
211,scouts,10,-9.5000,3.0007,3.0000
211,scouts,11,-7.4546,0.2019,3.0000
211,scouts,12,9.5000,3.0006,3.0000
211,scouts,13,8.0127,4.3436,3.0000
211,scouts,14,4.5074,1.2504,3.0000
211,scouts,15,7.4547,0.2017,3.0000
211,workers,0,-3.0000,-5.0000,3.0000
211,workers,1,7.0000,-5.0000,3.0000
211,workers,2,-3.0000,5.0000,3.0000
211,workers,3,7.0000,5.0000,3.0000
212,general,0,0.0000,0.0000,5.0000
212,nodes,0,-3.6499,-3.5741,3.0000
212,nodes,1,3.6487,-3.5744,3.0000
212,nodes,2,-6.3498,3.5755,3.0000
212,nodes,3,6.3511,3.5747,3.0000
212,scouts,0,0.0511,-2.9780,3.0000
212,scouts,1,-2.5314,-0.1874,3.0000
212,scouts,2,-5.4787,-1.2377,3.0000
212,scouts,3,-1.9720,-4.3310,3.0000
212,scouts,4,5.4787,-1.2377,3.0000
212,scouts,5,2.5314,-0.1873,3.0000
212,scouts,6,-0.0512,-2.9779,3.0000
212,scouts,7,1.9720,-4.3310,3.0000
212,scouts,8,-4.5191,1.2388,3.0000
212,scouts,9,-8.0257,4.3318,3.0000
212,scouts,10,-9.5000,2.9927,3.0000
212,scouts,11,-7.4663,0.1882,3.0000
212,scouts,12,9.5000,2.9925,3.0000
212,scouts,13,8.0257,4.3318,3.0000
212,scouts,14,4.5191,1.2387,3.0000
212,scouts,15,7.4663,0.1880,3.0000
212,workers,0,-3.0000,-5.0000,3.0000
212,workers,1,7.0000,-5.0000,3.0000
212,workers,2,-3.0000,5.0000,3.0000
212,workers,3,7.0000,5.0000,3.0000
213,general,0,0.0000,0.0000,5.0000
213,nodes,0,-3.6431,-3.5679,3.0000
213,nodes,1,3.6419,-3.5683,3.0000
213,nodes,2,-6.3566,3.5693,3.0000
213,nodes,3,6.3578,3.5685,3.0000
213,scouts,0,0.0666,-2.9690,3.0000
213,scouts,1,-2.5196,-0.1737,3.0000
213,scouts,2,-5.4665,-1.2263,3.0000
213,scouts,3,-1.9588,-4.3192,3.0000
213,scouts,4,5.4665,-1.2263,3.0000
213,scouts,5,2.5197,-0.1735,3.0000
213,scouts,6,-0.0666,-2.9689,3.0000
213,scouts,7,1.9588,-4.3191,3.0000
213,scouts,8,-4.5311,1.2275,3.0000
213,scouts,9,-8.0387,4.3200,3.0000
213,scouts,10,-9.5000,2.9847,3.0000
213,scouts,11,-7.4779,0.1745,3.0000
213,scouts,12,9.5000,2.9845,3.0000
213,scouts,13,8.0388,4.3200,3.0000
213,scouts,14,4.5312,1.2274,3.0000
213,scouts,15,7.4779,0.1743,3.0000
213,workers,0,-3.0000,-5.0000,3.0000
213,workers,1,7.0000,-5.0000,3.0000
213,workers,2,-3.0000,5.0000,3.0000
213,workers,3,7.0000,5.0000,3.0000
214,general,0,0.0000,0.0000,5.0000
214,nodes,0,-3.6364,-3.5618,3.0000
214,nodes,1,3.6352,-3.5621,3.0000
214,nodes,2,-6.3634,3.5632,3.0000
214,nodes,3,6.3647,3.5625,3.0000
214,scouts,0,0.0821,-2.9601,3.0000
214,scouts,1,-2.5079,-0.1600,3.0000
214,scouts,2,-5.4540,-1.2156,3.0000
214,scouts,3,-1.9457,-4.3073,3.0000
214,scouts,4,5.4540,-1.2156,3.0000
214,scouts,5,2.5079,-0.1598,3.0000
214,scouts,6,-0.0821,-2.9599,3.0000
214,scouts,7,1.9456,-4.3073,3.0000
214,scouts,8,-4.5435,1.2168,3.0000
214,scouts,9,-8.0517,4.3082,3.0000
214,scouts,10,-9.5000,2.9767,3.0000
214,scouts,11,-7.4895,0.1609,3.0000
214,scouts,12,9.5000,2.9765,3.0000
214,scouts,13,8.0518,4.3082,3.0000
214,scouts,14,4.5436,1.2167,3.0000
214,scouts,15,7.4896,0.1606,3.0000
214,workers,0,-3.0000,-5.0000,3.0000
214,workers,1,7.0000,-5.0000,3.0000
214,workers,2,-3.0000,5.0000,3.0000
214,workers,3,7.0000,5.0000,3.0000
215,general,0,0.0000,0.0000,5.0000
215,nodes,0,-3.6296,-3.5557,3.0000
215,nodes,1,3.6285,-3.5560,3.0000
215,nodes,2,-6.3701,3.5571,3.0000
215,nodes,3,6.3714,3.5564,3.0000
215,scouts,0,0.0975,-2.9511,3.0000
215,scouts,1,-2.4961,-0.1463,3.0000
215,scouts,2,-5.4411,-1.2055,3.0000
215,scouts,3,-1.9325,-4.2954,3.0000
215,scouts,4,5.4411,-1.2055,3.0000
215,scouts,5,2.4961,-0.1461,3.0000
215,scouts,6,-0.0975,-2.9510,3.0000
215,scouts,7,1.9325,-4.2954,3.0000
215,scouts,8,-4.5563,1.2068,3.0000
215,scouts,9,-8.0647,4.2964,3.0000
215,scouts,10,-9.5000,2.9688,3.0000
215,scouts,11,-7.5011,0.1472,3.0000
215,scouts,12,9.5000,2.9686,3.0000
215,scouts,13,8.0647,4.2964,3.0000
215,scouts,14,4.5563,1.2067,3.0000
215,scouts,15,7.5012,0.1470,3.0000
215,workers,0,-3.0000,-5.0000,3.0000
215,workers,1,7.0000,-5.0000,3.0000
215,workers,2,-3.0000,5.0000,3.0000
215,workers,3,7.0000,5.0000,3.0000
216,general,0,0.0000,0.0000,5.0000
216,nodes,0,-3.6228,-3.5496,3.0000
216,nodes,1,3.6217,-3.5499,3.0000
216,nodes,2,-6.3769,3.5511,3.0000
216,nodes,3,6.3782,3.5505,3.0000
216,scouts,0,0.1130,-2.9421,3.0000
216,scouts,1,-2.4843,-0.1326,3.0000
216,scouts,2,-5.4277,-1.1966,3.0000
216,scouts,3,-1.9194,-4.2835,3.0000
216,scouts,4,5.4278,-1.1966,3.0000
216,scouts,5,2.4843,-0.1324,3.0000
216,scouts,6,-0.1130,-2.9420,3.0000
216,scouts,7,1.9194,-4.2834,3.0000
216,scouts,8,-4.5694,1.1978,3.0000
216,scouts,9,-8.0777,4.2845,3.0000
216,scouts,10,-9.5000,2.9609,3.0000
216,scouts,11,-7.5127,0.1336,3.0000
216,scouts,12,9.5000,2.9607,3.0000
216,scouts,13,8.0777,4.2845,3.0000
216,scouts,14,4.5695,1.1977,3.0000
216,scouts,15,7.5128,0.1334,3.0000
216,workers,0,-3.0000,-5.0000,3.0000
216,workers,1,7.0000,-5.0000,3.0000
216,workers,2,-3.0000,5.0000,3.0000
216,workers,3,7.0000,5.0000,3.0000
217,general,0,0.0000,0.0000,5.0000
217,nodes,0,-3.6160,-3.5436,3.0000
217,nodes,1,3.6148,-3.5440,3.0000
217,nodes,2,-6.3838,3.5453,3.0000
217,nodes,3,6.3851,3.5445,3.0000
217,scouts,0,0.1284,-2.9332,3.0000
217,scouts,1,-2.4725,-0.1190,3.0000
217,scouts,2,-5.4141,-1.1892,3.0000
217,scouts,3,-1.9063,-4.2715,3.0000
217,scouts,4,5.4141,-1.1892,3.0000
217,scouts,5,2.4725,-0.1188,3.0000
217,scouts,6,-0.1284,-2.9330,3.0000
217,scouts,7,1.9063,-4.2715,3.0000
217,scouts,8,-4.5829,1.1903,3.0000
217,scouts,9,-8.0906,4.2727,3.0000
217,scouts,10,-9.5000,2.9531,3.0000
217,scouts,11,-7.5244,0.1201,3.0000
217,scouts,12,9.5000,2.9529,3.0000
217,scouts,13,8.0906,4.2727,3.0000
217,scouts,14,4.5830,1.1902,3.0000
217,scouts,15,7.5244,0.1198,3.0000
217,workers,0,-3.0000,-5.0000,3.0000
217,workers,1,7.0000,-5.0000,3.0000
217,workers,2,-3.0000,5.0000,3.0000
217,workers,3,7.0000,5.0000,3.0000
218,general,0,0.0000,0.0000,5.0000
218,nodes,0,-3.6091,-3.5378,3.0000
218,nodes,1,3.6079,-3.5381,3.0000
218,nodes,2,-6.3906,3.5394,3.0000
218,nodes,3,6.3920,3.5388,3.0000
218,scouts,0,0.1439,-2.9242,3.0000
218,scouts,1,-2.4606,-0.1054,3.0000
218,scouts,2,-5.4006,-1.1844,3.0000
218,scouts,3,-1.8932,-4.2596,3.0000
218,scouts,4,5.4006,-1.1844,3.0000
218,scouts,5,2.4607,-0.1052,3.0000
218,scouts,6,-0.1439,-2.9241,3.0000
218,scouts,7,1.8932,-4.2596,3.0000
218,scouts,8,-4.5964,1.1851,3.0000
218,scouts,9,-8.1035,4.2608,3.0000
218,scouts,10,-9.5000,2.9453,3.0000
218,scouts,11,-7.5360,0.1065,3.0000
218,scouts,12,9.5000,2.9451,3.0000
218,scouts,13,8.1035,4.2608,3.0000
218,scouts,14,4.5965,1.1851,3.0000
218,scouts,15,7.5361,0.1063,3.0000
218,workers,0,-3.0000,-5.0000,3.0000
218,workers,1,7.0000,-5.0000,3.0000
218,workers,2,-3.0000,5.0000,3.0000
218,workers,3,7.0000,5.0000,3.0000
219,general,0,0.0000,0.0000,5.0000
219,nodes,0,-3.6023,-3.5321,3.0000
219,nodes,1,3.6011,-3.5324,3.0000
219,nodes,2,-6.3975,3.5339,3.0000
219,nodes,3,6.3988,3.5333,3.0000
219,scouts,0,0.1593,-2.9153,3.0000
219,scouts,1,-2.4488,-0.0918,3.0000
219,scouts,2,-5.3893,-1.1830,3.0000
219,scouts,3,-1.8802,-4.2476,3.0000
219,scouts,4,5.3893,-1.1831,3.0000
219,scouts,5,2.4488,-0.0916,3.0000
219,scouts,6,-0.1593,-2.9152,3.0000
219,scouts,7,1.8802,-4.2476,3.0000
219,scouts,8,-4.6082,1.1833,3.0000
219,scouts,9,-8.1164,4.2489,3.0000
219,scouts,10,-9.5000,2.9375,3.0000
219,scouts,11,-7.5477,0.0930,3.0000
219,scouts,12,9.5000,2.9374,3.0000
219,scouts,13,8.1164,4.2489,3.0000
219,scouts,14,4.6082,1.1833,3.0000
219,scouts,15,7.5477,0.0928,3.0000
219,workers,0,-3.0000,-5.0000,3.0000
219,workers,1,7.0000,-5.0000,3.0000
219,workers,2,-3.0000,5.0000,3.0000
219,workers,3,7.0000,5.0000,3.0000
220,general,0,0.0000,0.0000,5.0000
220,nodes,0,-3.5957,-3.5268,3.0000
220,nodes,1,3.5945,-3.5271,3.0000
220,nodes,2,-6.4042,3.5285,3.0000
220,nodes,3,6.4056,3.5280,3.0000
220,scouts,0,0.1747,-2.9063,3.0000
220,scouts,1,-2.4370,-0.0782,3.0000
220,scouts,2,-5.3815,-1.1842,3.0000
220,scouts,3,-1.8671,-4.2356,3.0000
220,scouts,4,5.3815,-1.1842,3.0000
220,scouts,5,2.4370,-0.0781,3.0000
220,scouts,6,-0.1747,-2.9062,3.0000
220,scouts,7,1.8671,-4.2356,3.0000
220,scouts,8,-4.6167,1.1842,3.0000
220,scouts,9,-8.1292,4.2370,3.0000
220,scouts,10,-9.5000,2.9298,3.0000
220,scouts,11,-7.5593,0.0795,3.0000
220,scouts,12,9.5000,2.9297,3.0000
220,scouts,13,8.1292,4.2370,3.0000
220,scouts,14,4.6167,1.1842,3.0000
220,scouts,15,7.5594,0.0793,3.0000
220,workers,0,-3.0000,-5.0000,3.0000
220,workers,1,7.0000,-5.0000,3.0000
220,workers,2,-3.0000,5.0000,3.0000
220,workers,3,7.0000,5.0000,3.0000
221,general,0,0.0000,0.0000,5.0000
221,nodes,0,-3.5893,-3.5215,3.0000
221,nodes,1,3.5881,-3.5218,3.0000
221,nodes,2,-6.4107,3.5233,3.0000
221,nodes,3,6.4120,3.5228,3.0000
221,scouts,0,0.1902,-2.8974,3.0000
221,scouts,1,-2.4251,-0.0647,3.0000
221,scouts,2,-5.3773,-1.1869,3.0000
221,scouts,3,-1.8541,-4.2236,3.0000
221,scouts,4,5.3773,-1.1869,3.0000
221,scouts,5,2.4251,-0.0645,3.0000
221,scouts,6,-0.1902,-2.8973,3.0000
221,scouts,7,1.8541,-4.2236,3.0000
221,scouts,8,-4.6215,1.1869,3.0000
221,scouts,9,-8.1421,4.2251,3.0000
221,scouts,10,-9.5000,2.9222,3.0000
221,scouts,11,-7.5710,0.0661,3.0000
221,scouts,12,9.5000,2.9220,3.0000
221,scouts,13,8.1421,4.2251,3.0000
221,scouts,14,4.6216,1.1869,3.0000
221,scouts,15,7.5710,0.0658,3.0000
221,workers,0,-3.0000,-5.0000,3.0000
221,workers,1,7.0000,-5.0000,3.0000
221,workers,2,-3.0000,5.0000,3.0000
221,workers,3,7.0000,5.0000,3.0000
222,general,0,0.0000,0.0000,5.0000
222,nodes,0,-3.5832,-3.5164,3.0000
222,nodes,1,3.5821,-3.5167,3.0000
222,nodes,2,-6.4168,3.5182,3.0000
222,nodes,3,6.4181,3.5178,3.0000
222,scouts,0,0.2056,-2.8885,3.0000
222,scouts,1,-2.4132,-0.0512,3.0000
222,scouts,2,-5.3764,-1.1907,3.0000
222,scouts,3,-1.8411,-4.2116,3.0000
222,scouts,4,5.3764,-1.1907,3.0000
222,scouts,5,2.4133,-0.0510,3.0000
222,scouts,6,-0.2056,-2.8884,3.0000
222,scouts,7,1.8411,-4.2116,3.0000
222,scouts,8,-4.6230,1.1907,3.0000
222,scouts,9,-8.1549,4.2132,3.0000
222,scouts,10,-9.5000,2.9146,3.0000
222,scouts,11,-7.5826,0.0526,3.0000
222,scouts,12,9.5000,2.9144,3.0000
222,scouts,13,8.1549,4.2131,3.0000
222,scouts,14,4.6229,1.1907,3.0000
222,scouts,15,7.5827,0.0524,3.0000
222,workers,0,-3.0000,-5.0000,3.0000
222,workers,1,7.0000,-5.0000,3.0000
222,workers,2,-3.0000,5.0000,3.0000
222,workers,3,7.0000,5.0000,3.0000
223,general,0,0.0000,0.0000,5.0000
223,nodes,0,-3.5773,-3.5113,3.0000
223,nodes,1,3.5762,-3.5116,3.0000
223,nodes,2,-6.4227,3.5132,3.0000
223,nodes,3,6.4241,3.5128,3.0000
223,scouts,0,0.2210,-2.8796,3.0000
223,scouts,1,-2.4014,-0.0377,3.0000
223,scouts,2,-5.3786,-1.1950,3.0000
223,scouts,3,-1.8281,-4.1996,3.0000
223,scouts,4,5.3786,-1.1951,3.0000
223,scouts,5,2.4014,-0.0375,3.0000
223,scouts,6,-0.2210,-2.8795,3.0000
223,scouts,7,1.8281,-4.1995,3.0000
223,scouts,8,-4.6212,1.1951,3.0000
223,scouts,9,-8.1677,4.2012,3.0000
223,scouts,10,-9.5000,2.9070,3.0000
223,scouts,11,-7.5943,0.0392,3.0000
223,scouts,12,9.5000,2.9068,3.0000
223,scouts,13,8.1677,4.2012,3.0000
223,scouts,14,4.6211,1.1951,3.0000
223,scouts,15,7.5944,0.0390,3.0000
223,workers,0,-3.0000,-5.0000,3.0000
223,workers,1,7.0000,-5.0000,3.0000
223,workers,2,-3.0000,5.0000,3.0000
223,workers,3,7.0000,5.0000,3.0000
224,general,0,0.0000,0.0000,5.0000
224,nodes,0,-3.5717,-3.5063,3.0000
224,nodes,1,3.5706,-3.5065,3.0000
224,nodes,2,-6.4284,3.5084,3.0000
224,nodes,3,6.4298,3.5078,3.0000
224,scouts,0,0.2364,-2.8707,3.0000
224,scouts,1,-2.3895,-0.0242,3.0000
224,scouts,2,-5.3837,-1.1995,3.0000
224,scouts,3,-1.8152,-4.1875,3.0000
224,scouts,4,5.3837,-1.1995,3.0000
224,scouts,5,2.3895,-0.0241,3.0000
224,scouts,6,-0.2364,-2.8706,3.0000
224,scouts,7,1.8151,-4.1875,3.0000
224,scouts,8,-4.6165,1.1995,3.0000
224,scouts,9,-8.1804,4.1892,3.0000
224,scouts,10,-9.5000,2.8995,3.0000
224,scouts,11,-7.6060,0.0259,3.0000
224,scouts,12,9.5000,2.8993,3.0000
224,scouts,13,8.1804,4.1892,3.0000
224,scouts,14,4.6164,1.1995,3.0000
224,scouts,15,7.6061,0.0256,3.0000
224,workers,0,-3.0000,-5.0000,3.0000
224,workers,1,7.0000,-5.0000,3.0000
224,workers,2,-3.0000,5.0000,3.0000
224,workers,3,7.0000,5.0000,3.0000
225,general,0,0.0000,0.0000,5.0000
225,nodes,0,-3.5662,-3.5012,3.0000
225,nodes,1,3.5651,-3.5015,3.0000
225,nodes,2,-6.4338,3.5034,3.0000
225,nodes,3,6.4353,3.5029,3.0000
225,scouts,0,0.2519,-2.8619,3.0000
225,scouts,1,-2.3775,-0.0108,3.0000
225,scouts,2,-5.3912,-1.2034,3.0000
225,scouts,3,-1.8022,-4.1754,3.0000
225,scouts,4,5.3912,-1.2034,3.0000
225,scouts,5,2.3776,-0.0107,3.0000
225,scouts,6,-0.2519,-2.8617,3.0000
225,scouts,7,1.8022,-4.1754,3.0000
225,scouts,8,-4.6092,1.2035,3.0000
225,scouts,9,-8.1932,4.1773,3.0000
225,scouts,10,-9.5000,2.8920,3.0000
225,scouts,11,-7.6177,0.0125,3.0000
225,scouts,12,9.5000,2.8918,3.0000
225,scouts,13,8.1932,4.1772,3.0000
225,scouts,14,4.6091,1.2036,3.0000
225,scouts,15,7.6178,0.0123,3.0000
225,workers,0,-3.0000,-5.0000,3.0000
225,workers,1,7.0000,-5.0000,3.0000
225,workers,2,-3.0000,5.0000,3.0000
225,workers,3,7.0000,5.0000,3.0000
226,general,0,0.0000,0.0000,5.0000
226,nodes,0,-3.5610,-3.4961,3.0000
226,nodes,1,3.5598,-3.4964,3.0000
226,nodes,2,-6.4391,3.4986,3.0000
226,nodes,3,6.4405,3.4980,3.0000
226,scouts,0,0.2673,-2.8530,3.0000
226,scouts,1,-2.3656,0.0026,3.0000
226,scouts,2,-5.3983,-1.2070,3.0000
226,scouts,3,-1.7893,-4.1633,3.0000
226,scouts,4,5.3983,-1.2070,3.0000
226,scouts,5,2.3656,0.0027,3.0000
226,scouts,6,-0.2673,-2.8529,3.0000
226,scouts,7,1.7893,-4.1633,3.0000
226,scouts,8,-4.6023,1.2071,3.0000
226,scouts,9,-8.2059,4.1653,3.0000
226,scouts,10,-9.5000,2.8845,3.0000
226,scouts,11,-7.6294,-0.0008,3.0000
226,scouts,12,9.5000,2.8843,3.0000
226,scouts,13,8.2059,4.1652,3.0000
226,scouts,14,4.6023,1.2071,3.0000
226,scouts,15,7.6295,-0.0010,3.0000
226,workers,0,-3.0000,-5.0000,3.0000
226,workers,1,7.0000,-5.0000,3.0000
226,workers,2,-3.0000,5.0000,3.0000
226,workers,3,7.0000,5.0000,3.0000
227,general,0,0.0000,0.0000,5.0000
227,nodes,0,-3.5556,-3.4909,3.0000
227,nodes,1,3.5544,-3.4912,3.0000
227,nodes,2,-6.4446,3.4935,3.0000
227,nodes,3,6.4460,3.4929,3.0000
227,scouts,0,0.2827,-2.8441,3.0000
227,scouts,1,-2.3537,0.0160,3.0000
227,scouts,2,-5.4049,-1.2101,3.0000
227,scouts,3,-1.7764,-4.1512,3.0000
227,scouts,4,5.4049,-1.2101,3.0000
227,scouts,5,2.3537,0.0161,3.0000
227,scouts,6,-0.2827,-2.8440,3.0000
227,scouts,7,1.7763,-4.1512,3.0000
227,scouts,8,-4.5958,1.2103,3.0000
227,scouts,9,-8.2186,4.1532,3.0000
227,scouts,10,-9.5000,2.8771,3.0000
227,scouts,11,-7.6411,-0.0141,3.0000
227,scouts,12,9.5000,2.8769,3.0000
227,scouts,13,8.2186,4.1532,3.0000
227,scouts,14,4.5958,1.2103,3.0000
227,scouts,15,7.6412,-0.0143,3.0000
227,workers,0,-3.0000,-5.0000,3.0000
227,workers,1,7.0000,-5.0000,3.0000
227,workers,2,-3.0000,5.0000,3.0000
227,workers,3,7.0000,5.0000,3.0000
228,general,0,0.0000,0.0000,5.0000
228,nodes,0,-3.5502,-3.4858,3.0000
228,nodes,1,3.5491,-3.4861,3.0000
228,nodes,2,-6.4500,3.4885,3.0000
228,nodes,3,6.4513,3.4880,3.0000
228,scouts,0,0.2981,-2.8353,3.0000
228,scouts,1,-2.3417,0.0293,3.0000
228,scouts,2,-5.4100,-1.2104,3.0000
228,scouts,3,-1.7635,-4.1391,3.0000
228,scouts,4,5.4100,-1.2104,3.0000
228,scouts,5,2.3417,0.0295,3.0000
228,scouts,6,-0.2981,-2.8351,3.0000
228,scouts,7,1.7634,-4.1390,3.0000
228,scouts,8,-4.5907,1.2106,3.0000
228,scouts,9,-8.2313,4.1412,3.0000
228,scouts,10,-9.5000,2.8697,3.0000
228,scouts,11,-7.6528,-0.0274,3.0000
228,scouts,12,9.5000,2.8696,3.0000
228,scouts,13,8.2313,4.1412,3.0000
228,scouts,14,4.5906,1.2106,3.0000
228,scouts,15,7.6529,-0.0276,3.0000
228,workers,0,-3.0000,-5.0000,3.0000
228,workers,1,7.0000,-5.0000,3.0000
228,workers,2,-3.0000,5.0000,3.0000
228,workers,3,7.0000,5.0000,3.0000
229,general,0,0.0000,0.0000,5.0000
229,nodes,0,-3.5446,-3.4803,3.0000
229,nodes,1,3.5435,-3.4807,3.0000
229,nodes,2,-6.4556,3.4833,3.0000
229,nodes,3,6.4569,3.4827,3.0000
229,scouts,0,0.3136,-2.8264,3.0000
229,scouts,1,-2.3297,0.0426,3.0000
229,scouts,2,-5.4131,-1.2089,3.0000
229,scouts,3,-1.7506,-4.1269,3.0000
229,scouts,4,5.4131,-1.2089,3.0000
229,scouts,5,2.3297,0.0428,3.0000
229,scouts,6,-0.3136,-2.8263,3.0000
229,scouts,7,1.7505,-4.1268,3.0000
229,scouts,8,-4.5874,1.2090,3.0000
229,scouts,9,-8.2440,4.1291,3.0000
229,scouts,10,-9.5000,2.8624,3.0000
229,scouts,11,-7.6646,-0.0406,3.0000
229,scouts,12,9.5000,2.8622,3.0000
229,scouts,13,8.2440,4.1291,3.0000
229,scouts,14,4.5874,1.2090,3.0000
229,scouts,15,7.6647,-0.0408,3.0000
229,workers,0,-3.0000,-5.0000,3.0000
229,workers,1,7.0000,-5.0000,3.0000
229,workers,2,-3.0000,5.0000,3.0000
229,workers,3,7.0000,5.0000,3.0000
230,general,0,0.0000,0.0000,5.0000
230,nodes,0,-3.5390,-3.4748,3.0000
230,nodes,1,3.5378,-3.4751,3.0000
230,nodes,2,-6.4612,3.4779,3.0000
230,nodes,3,6.4626,3.4774,3.0000
230,scouts,0,0.3290,-2.8176,3.0000
230,scouts,1,-2.3177,0.0560,3.0000
230,scouts,2,-5.4140,-1.2061,3.0000
230,scouts,3,-1.7377,-4.1147,3.0000
230,scouts,4,5.4140,-1.2061,3.0000
230,scouts,5,2.3177,0.0561,3.0000
230,scouts,6,-0.3290,-2.8174,3.0000
230,scouts,7,1.7377,-4.1146,3.0000
230,scouts,8,-4.5862,1.2061,3.0000
230,scouts,9,-8.2566,4.1170,3.0000
230,scouts,10,-9.5000,2.8551,3.0000
230,scouts,11,-7.6763,-0.0538,3.0000
230,scouts,12,9.5000,2.8549,3.0000
230,scouts,13,8.2566,4.1170,3.0000
230,scouts,14,4.5862,1.2062,3.0000
230,scouts,15,7.6764,-0.0540,3.0000
230,workers,0,-3.0000,-5.0000,3.0000
230,workers,1,7.0000,-5.0000,3.0000
230,workers,2,-3.0000,5.0000,3.0000
230,workers,3,7.0000,5.0000,3.0000
231,general,0,0.0000,0.0000,5.0000
231,nodes,0,-3.5332,-3.4692,3.0000
231,nodes,1,3.5319,-3.4696,3.0000
231,nodes,2,-6.4672,3.4724,3.0000
231,nodes,3,6.4685,3.4719,3.0000
231,scouts,0,0.3444,-2.8087,3.0000
231,scouts,1,-2.3057,0.0692,3.0000
231,scouts,2,-5.4129,-1.2028,3.0000
231,scouts,3,-1.7249,-4.1024,3.0000
231,scouts,4,5.4129,-1.2028,3.0000
231,scouts,5,2.3057,0.0694,3.0000
231,scouts,6,-0.3444,-2.8086,3.0000
231,scouts,7,1.7248,-4.1024,3.0000
231,scouts,8,-4.5871,1.2027,3.0000
231,scouts,9,-8.2692,4.1049,3.0000
231,scouts,10,-9.5000,2.8479,3.0000
231,scouts,11,-7.6881,-0.0670,3.0000
231,scouts,12,9.5000,2.8477,3.0000
231,scouts,13,8.2693,4.1049,3.0000
231,scouts,14,4.5870,1.2027,3.0000
231,scouts,15,7.6882,-0.0672,3.0000
231,workers,0,-3.0000,-5.0000,3.0000
231,workers,1,7.0000,-5.0000,3.0000
231,workers,2,-3.0000,5.0000,3.0000
231,workers,3,7.0000,5.0000,3.0000
232,general,0,0.0000,0.0000,5.0000
232,nodes,0,-3.5272,-3.4636,3.0000
232,nodes,1,3.5259,-3.4640,3.0000
232,nodes,2,-6.4731,3.4668,3.0000
232,nodes,3,6.4744,3.4665,3.0000
232,scouts,0,0.3599,-2.7999,3.0000
232,scouts,1,-2.2937,0.0825,3.0000
232,scouts,2,-5.4098,-1.1993,3.0000
232,scouts,3,-1.7120,-4.0902,3.0000
232,scouts,4,5.4098,-1.1993,3.0000
232,scouts,5,2.2937,0.0827,3.0000
232,scouts,6,-0.3599,-2.7997,3.0000
232,scouts,7,1.7120,-4.0901,3.0000
232,scouts,8,-4.5899,1.1992,3.0000
232,scouts,9,-8.2818,4.0928,3.0000
232,scouts,10,-9.5000,2.8406,3.0000
232,scouts,11,-7.6999,-0.0801,3.0000
232,scouts,12,9.5000,2.8405,3.0000
232,scouts,13,8.2819,4.0928,3.0000
232,scouts,14,4.5898,1.1992,3.0000
232,scouts,15,7.7000,-0.0804,3.0000
232,workers,0,-3.0000,-5.0000,3.0000
232,workers,1,7.0000,-5.0000,3.0000
232,workers,2,-3.0000,5.0000,3.0000
232,workers,3,7.0000,5.0000,3.0000
233,general,0,0.0000,0.0000,5.0000
233,nodes,0,-3.5211,-3.4580,3.0000
233,nodes,1,3.5198,-3.4584,3.0000
233,nodes,2,-6.4792,3.4614,3.0000
233,nodes,3,6.4805,3.4609,3.0000
233,scouts,0,0.3753,-2.7910,3.0000
233,scouts,1,-2.2816,0.0957,3.0000
233,scouts,2,-5.4077,-1.1965,3.0000
233,scouts,3,-1.6992,-4.0779,3.0000
233,scouts,4,5.4077,-1.1964,3.0000
233,scouts,5,2.2816,0.0959,3.0000
233,scouts,6,-0.3753,-2.7909,3.0000
233,scouts,7,1.6992,-4.0779,3.0000
233,scouts,8,-4.5944,1.1965,3.0000
233,scouts,9,-8.2944,4.0806,3.0000
233,scouts,10,-9.5000,2.8335,3.0000
233,scouts,11,-7.7117,-0.0933,3.0000
233,scouts,12,9.5000,2.8333,3.0000
233,scouts,13,8.2944,4.0806,3.0000
233,scouts,14,4.5944,1.1965,3.0000
233,scouts,15,7.7118,-0.0935,3.0000
233,workers,0,-3.0000,-5.0000,3.0000
233,workers,1,7.0000,-5.0000,3.0000
233,workers,2,-3.0000,5.0000,3.0000
233,workers,3,7.0000,5.0000,3.0000
234,general,0,0.0000,0.0000,5.0000
234,nodes,0,-3.5151,-3.4525,3.0000
234,nodes,1,3.5138,-3.4529,3.0000
234,nodes,2,-6.4855,3.4559,3.0000
234,nodes,3,6.4868,3.4555,3.0000
234,scouts,0,0.3907,-2.7822,3.0000
234,scouts,1,-2.2695,0.1089,3.0000
234,scouts,2,-5.4063,-1.1940,3.0000
234,scouts,3,-1.6864,-4.0656,3.0000
234,scouts,4,5.4063,-1.1940,3.0000
234,scouts,5,2.2695,0.1091,3.0000
234,scouts,6,-0.3907,-2.7821,3.0000
234,scouts,7,1.6864,-4.0656,3.0000
234,scouts,8,-4.5978,1.1942,3.0000
234,scouts,9,-8.3070,4.0685,3.0000
234,scouts,10,-9.5000,2.8263,3.0000
234,scouts,11,-7.7235,-0.1064,3.0000
234,scouts,12,9.5000,2.8262,3.0000
234,scouts,13,8.3070,4.0684,3.0000
234,scouts,14,4.5978,1.1943,3.0000
234,scouts,15,7.7236,-0.1066,3.0000
234,workers,0,-3.0000,-5.0000,3.0000
234,workers,1,7.0000,-5.0000,3.0000
234,workers,2,-3.0000,5.0000,3.0000
234,workers,3,7.0000,5.0000,3.0000
235,general,0,0.0000,0.0000,5.0000
235,nodes,0,-3.5091,-3.4469,3.0000
235,nodes,1,3.5078,-3.4473,3.0000
235,nodes,2,-6.4916,3.4506,3.0000
235,nodes,3,6.4929,3.4501,3.0000
235,scouts,0,0.4062,-2.7734,3.0000
235,scouts,1,-2.2574,0.1221,3.0000
235,scouts,2,-5.4057,-1.1920,3.0000
235,scouts,3,-1.6737,-4.0533,3.0000
235,scouts,4,5.4057,-1.1920,3.0000
235,scouts,5,2.2574,0.1223,3.0000
235,scouts,6,-0.4062,-2.7733,3.0000
235,scouts,7,1.6736,-4.0532,3.0000
235,scouts,8,-4.6002,1.1924,3.0000
235,scouts,9,-8.3195,4.0563,3.0000
235,scouts,10,-9.5000,2.8192,3.0000
235,scouts,11,-7.7353,-0.1194,3.0000
235,scouts,12,9.5000,2.8191,3.0000
235,scouts,13,8.3195,4.0562,3.0000
235,scouts,14,4.6001,1.1924,3.0000
235,scouts,15,7.7354,-0.1197,3.0000
235,workers,0,-3.0000,-5.0000,3.0000
235,workers,1,7.0000,-5.0000,3.0000
235,workers,2,-3.0000,5.0000,3.0000
235,workers,3,7.0000,5.0000,3.0000
236,general,0,0.0000,0.0000,5.0000
236,nodes,0,-3.5032,-3.4414,3.0000
236,nodes,1,3.5020,-3.4419,3.0000
236,nodes,2,-6.4975,3.4454,3.0000
236,nodes,3,6.4989,3.4448,3.0000
236,scouts,0,0.4216,-2.7646,3.0000
236,scouts,1,-2.2453,0.1353,3.0000
236,scouts,2,-5.4056,-1.1903,3.0000
236,scouts,3,-1.6609,-4.0409,3.0000
236,scouts,4,5.4056,-1.1903,3.0000
236,scouts,5,2.2453,0.1355,3.0000
236,scouts,6,-0.4216,-2.7644,3.0000
236,scouts,7,1.6609,-4.0409,3.0000
236,scouts,8,-4.6017,1.1909,3.0000
236,scouts,9,-8.3320,4.0440,3.0000
236,scouts,10,-9.5000,2.8122,3.0000
236,scouts,11,-7.7472,-0.1325,3.0000
236,scouts,12,9.5000,2.8120,3.0000
236,scouts,13,8.3320,4.0440,3.0000
236,scouts,14,4.6017,1.1909,3.0000
236,scouts,15,7.7472,-0.1327,3.0000
236,workers,0,-3.0000,-5.0000,3.0000
236,workers,1,7.0000,-5.0000,3.0000
236,workers,2,-3.0000,5.0000,3.0000
236,workers,3,7.0000,5.0000,3.0000
237,general,0,0.0000,0.0000,5.0000
237,nodes,0,-3.4974,-3.4359,3.0000
237,nodes,1,3.4961,-3.4364,3.0000
237,nodes,2,-6.5036,3.4399,3.0000
237,nodes,3,6.5049,3.4395,3.0000
237,scouts,0,0.4371,-2.7558,3.0000
237,scouts,1,-2.2332,0.1484,3.0000
237,scouts,2,-5.4047,-1.1913,3.0000
237,scouts,3,-1.6482,-4.0285,3.0000
237,scouts,4,5.4047,-1.1913,3.0000
237,scouts,5,2.2332,0.1486,3.0000
237,scouts,6,-0.4371,-2.7556,3.0000
237,scouts,7,1.6482,-4.0285,3.0000
237,scouts,8,-4.6025,1.1896,3.0000
237,scouts,9,-8.3445,4.0318,3.0000
237,scouts,10,-9.5000,2.8052,3.0000
237,scouts,11,-7.7590,-0.1455,3.0000
237,scouts,12,9.5000,2.8050,3.0000
237,scouts,13,8.3445,4.0318,3.0000
237,scouts,14,4.6024,1.1896,3.0000
237,scouts,15,7.7591,-0.1457,3.0000
237,workers,0,-3.0000,-5.0000,3.0000
237,workers,1,7.0000,-5.0000,3.0000
237,workers,2,-3.0000,5.0000,3.0000
237,workers,3,7.0000,5.0000,3.0000
238,general,0,0.0000,0.0000,5.0000
238,nodes,0,-3.4915,-3.4307,3.0000
238,nodes,1,3.4901,-3.4312,3.0000
238,nodes,2,-6.5095,3.4347,3.0000
238,nodes,3,6.5108,3.4341,3.0000
238,scouts,0,0.4525,-2.7470,3.0000
238,scouts,1,-2.2210,0.1616,3.0000
238,scouts,2,-5.4044,-1.1922,3.0000
238,scouts,3,-1.6355,-4.0161,3.0000
238,scouts,4,5.4044,-1.1922,3.0000
238,scouts,5,2.2211,0.1617,3.0000
238,scouts,6,-0.4525,-2.7468,3.0000
238,scouts,7,1.6355,-4.0160,3.0000
238,scouts,8,-4.6020,1.1913,3.0000
238,scouts,9,-8.3570,4.0195,3.0000
238,scouts,10,-9.5000,2.7982,3.0000
238,scouts,11,-7.7709,-0.1585,3.0000
238,scouts,12,9.5000,2.7980,3.0000
238,scouts,13,8.3570,4.0195,3.0000
238,scouts,14,4.6019,1.1913,3.0000
238,scouts,15,7.7710,-0.1587,3.0000
238,workers,0,-3.0000,-5.0000,3.0000
238,workers,1,7.0000,-5.0000,3.0000
238,workers,2,-3.0000,5.0000,3.0000
238,workers,3,7.0000,5.0000,3.0000
239,general,0,0.0000,0.0000,5.0000
239,nodes,0,-3.4857,-3.4254,3.0000
239,nodes,1,3.4842,-3.4259,3.0000
239,nodes,2,-6.5153,3.4296,3.0000
239,nodes,3,6.5166,3.4291,3.0000
239,scouts,0,0.4679,-2.7382,3.0000
239,scouts,1,-2.2089,0.1747,3.0000
239,scouts,2,-5.4047,-1.1930,3.0000
239,scouts,3,-1.6228,-4.0036,3.0000
239,scouts,4,5.4047,-1.1930,3.0000
239,scouts,5,2.2089,0.1748,3.0000
239,scouts,6,-0.4680,-2.7380,3.0000
239,scouts,7,1.6228,-4.0036,3.0000
239,scouts,8,-4.6010,1.1928,3.0000
239,scouts,9,-8.3694,4.0072,3.0000
239,scouts,10,-9.5000,2.7912,3.0000
239,scouts,11,-7.7828,-0.1715,3.0000
239,scouts,12,9.5000,2.7910,3.0000
239,scouts,13,8.3694,4.0072,3.0000
239,scouts,14,4.6010,1.1928,3.0000
239,scouts,15,7.7828,-0.1717,3.0000
239,workers,0,-3.0000,-5.0000,3.0000
239,workers,1,7.0000,-5.0000,3.0000
239,workers,2,-3.0000,5.0000,3.0000
239,workers,3,7.0000,5.0000,3.0000
240,general,0,0.0000,0.0000,5.0000
240,nodes,0,-3.4798,-3.4201,3.0000
240,nodes,1,3.4785,-3.4206,3.0000
240,nodes,2,-6.5212,3.4245,3.0000
240,nodes,3,6.5224,3.4240,3.0000
240,scouts,0,0.4834,-2.7294,3.0000
240,scouts,1,-2.1967,0.1877,3.0000
240,scouts,2,-5.4054,-1.1938,3.0000
240,scouts,3,-1.6102,-3.9911,3.0000
240,scouts,4,5.4054,-1.1938,3.0000
240,scouts,5,2.1967,0.1879,3.0000
240,scouts,6,-0.4834,-2.7292,3.0000
240,scouts,7,1.6101,-3.9911,3.0000
240,scouts,8,-4.5996,1.1942,3.0000
240,scouts,9,-8.3818,3.9949,3.0000
240,scouts,10,-9.5000,2.7843,3.0000
240,scouts,11,-7.7947,-0.1844,3.0000
240,scouts,12,9.5000,2.7841,3.0000
240,scouts,13,8.3818,3.9949,3.0000
240,scouts,14,4.5996,1.1942,3.0000
240,scouts,15,7.7947,-0.1847,3.0000
240,workers,0,-3.0000,-5.0000,3.0000
240,workers,1,7.0000,-5.0000,3.0000
240,workers,2,-3.0000,5.0000,3.0000
240,workers,3,7.0000,5.0000,3.0000
241,general,0,0.0000,0.0000,5.0000
241,nodes,0,-3.4740,-3.4148,3.0000
241,nodes,1,3.4727,-3.4153,3.0000
241,nodes,2,-6.5270,3.4194,3.0000
241,nodes,3,6.5283,3.4188,3.0000
241,scouts,0,0.4988,-2.7206,3.0000
241,scouts,1,-2.1845,0.2008,3.0000
241,scouts,2,-5.4066,-1.1946,3.0000
241,scouts,3,-1.5975,-3.9786,3.0000
241,scouts,4,5.4066,-1.1946,3.0000
241,scouts,5,2.1845,0.2009,3.0000
241,scouts,6,-0.4988,-2.7204,3.0000
241,scouts,7,1.5975,-3.9786,3.0000
241,scouts,8,-4.5978,1.1955,3.0000
241,scouts,9,-8.3942,3.9825,3.0000
241,scouts,10,-9.5000,2.7774,3.0000
241,scouts,11,-7.8066,-0.1973,3.0000
241,scouts,12,9.5000,2.7773,3.0000
241,scouts,13,8.3942,3.9825,3.0000
241,scouts,14,4.5978,1.1955,3.0000
241,scouts,15,7.8067,-0.1976,3.0000
241,workers,0,-3.0000,-5.0000,3.0000
241,workers,1,7.0000,-5.0000,3.0000
241,workers,2,-3.0000,5.0000,3.0000
241,workers,3,7.0000,5.0000,3.0000
242,general,0,0.0000,0.0000,5.0000
242,nodes,0,-3.4683,-3.4095,3.0000
242,nodes,1,3.4670,-3.4100,3.0000
242,nodes,2,-6.5327,3.4144,3.0000
242,nodes,3,6.5341,3.4137,3.0000
242,scouts,0,0.5143,-2.7118,3.0000
242,scouts,1,-2.1723,0.2138,3.0000
242,scouts,2,-5.4081,-1.1954,3.0000
242,scouts,3,-1.5849,-3.9661,3.0000
242,scouts,4,5.4081,-1.1954,3.0000
242,scouts,5,2.1723,0.2140,3.0000
242,scouts,6,-0.5143,-2.7116,3.0000
242,scouts,7,1.5849,-3.9660,3.0000
242,scouts,8,-4.5957,1.1968,3.0000
242,scouts,9,-8.4065,3.9702,3.0000
242,scouts,10,-9.5000,2.7706,3.0000
242,scouts,11,-7.8185,-0.2102,3.0000
242,scouts,12,9.5000,2.7704,3.0000
242,scouts,13,8.4066,3.9702,3.0000
242,scouts,14,4.5957,1.1967,3.0000
242,scouts,15,7.8186,-0.2105,3.0000
242,workers,0,-3.0000,-5.0000,3.0000
242,workers,1,7.0000,-5.0000,3.0000
242,workers,2,-3.0000,5.0000,3.0000
242,workers,3,7.0000,5.0000,3.0000
243,general,0,0.0000,0.0000,5.0000
243,nodes,0,-3.4627,-3.4043,3.0000
243,nodes,1,3.4611,-3.4046,3.0000
243,nodes,2,-6.5386,3.4091,3.0000
243,nodes,3,6.5398,3.4086,3.0000
243,scouts,0,0.5298,-2.7030,3.0000
243,scouts,1,-2.1600,0.2268,3.0000
243,scouts,2,-5.4099,-1.1962,3.0000
243,scouts,3,-1.5723,-3.9535,3.0000
243,scouts,4,5.4099,-1.1962,3.0000
243,scouts,5,2.1600,0.2270,3.0000
243,scouts,6,-0.5298,-2.7029,3.0000
243,scouts,7,1.5723,-3.9535,3.0000
243,scouts,8,-4.5934,1.1980,3.0000
243,scouts,9,-8.4189,3.9578,3.0000
243,scouts,10,-9.5000,2.7638,3.0000
243,scouts,11,-7.8305,-0.2231,3.0000
243,scouts,12,9.5000,2.7636,3.0000
243,scouts,13,8.4189,3.9577,3.0000
243,scouts,14,4.5934,1.1979,3.0000
243,scouts,15,7.8305,-0.2233,3.0000
243,workers,0,-3.0000,-5.0000,3.0000
243,workers,1,7.0000,-5.0000,3.0000
243,workers,2,-3.0000,5.0000,3.0000
243,workers,3,7.0000,5.0000,3.0000
244,general,0,0.0000,0.0000,5.0000
244,nodes,0,-3.4570,-3.3989,3.0000
244,nodes,1,3.4555,-3.3993,3.0000
244,nodes,2,-6.5443,3.4041,3.0000
244,nodes,3,6.5457,3.4035,3.0000
244,scouts,0,0.5452,-2.6942,3.0000
244,scouts,1,-2.1477,0.2398,3.0000
244,scouts,2,-5.4094,-1.1979,3.0000
244,scouts,3,-1.5598,-3.9409,3.0000
244,scouts,4,5.4094,-1.1979,3.0000
244,scouts,5,2.1478,0.2399,3.0000
244,scouts,6,-0.5452,-2.6941,3.0000
244,scouts,7,1.5598,-3.9409,3.0000
244,scouts,8,-4.5908,1.1991,3.0000
244,scouts,9,-8.4312,3.9453,3.0000
244,scouts,10,-9.5000,2.7571,3.0000
244,scouts,11,-7.8424,-0.2359,3.0000
244,scouts,12,9.5000,2.7569,3.0000
244,scouts,13,8.4312,3.9453,3.0000
244,scouts,14,4.5908,1.1991,3.0000
244,scouts,15,7.8425,-0.2362,3.0000
244,workers,0,-3.0000,-5.0000,3.0000
244,workers,1,7.0000,-5.0000,3.0000
244,workers,2,-3.0000,5.0000,3.0000
244,workers,3,7.0000,5.0000,3.0000
245,general,0,0.0000,0.0000,5.0000
245,nodes,0,-3.4511,-3.3937,3.0000
245,nodes,1,3.4494,-3.3941,3.0000
245,nodes,2,-6.5500,3.3989,3.0000
245,nodes,3,6.5513,3.3985,3.0000
245,scouts,0,0.5607,-2.6854,3.0000
245,scouts,1,-2.1355,0.2527,3.0000
245,scouts,2,-5.4096,-1.1995,3.0000
245,scouts,3,-1.5473,-3.9283,3.0000
245,scouts,4,5.4096,-1.1995,3.0000
245,scouts,5,2.1355,0.2529,3.0000
245,scouts,6,-0.5607,-2.6853,3.0000
245,scouts,7,1.5472,-3.9282,3.0000
245,scouts,8,-4.5880,1.2002,3.0000
245,scouts,9,-8.4434,3.9329,3.0000
245,scouts,10,-9.5000,2.7503,3.0000
245,scouts,11,-7.8544,-0.2487,3.0000
245,scouts,12,9.5000,2.7501,3.0000
245,scouts,13,8.4434,3.9329,3.0000
245,scouts,14,4.5880,1.2001,3.0000
245,scouts,15,7.8544,-0.2490,3.0000
245,workers,0,-3.0000,-5.0000,3.0000
245,workers,1,7.0000,-5.0000,3.0000
245,workers,2,-3.0000,5.0000,3.0000
245,workers,3,7.0000,5.0000,3.0000
246,general,0,0.0000,0.0000,5.0000
246,nodes,0,-3.4451,-3.3884,3.0000
246,nodes,1,3.4437,-3.3888,3.0000
246,nodes,2,-6.5556,3.3938,3.0000
246,nodes,3,6.5570,3.3934,3.0000
246,scouts,0,0.5761,-2.6767,3.0000
246,scouts,1,-2.1232,0.2657,3.0000
246,scouts,2,-5.4102,-1.2009,3.0000
246,scouts,3,-1.5348,-3.9156,3.0000
246,scouts,4,5.4102,-1.2009,3.0000
246,scouts,5,2.1232,0.2658,3.0000
246,scouts,6,-0.5761,-2.6765,3.0000
246,scouts,7,1.5347,-3.9155,3.0000
246,scouts,8,-4.5877,1.2012,3.0000
246,scouts,9,-8.4557,3.9204,3.0000
246,scouts,10,-9.5000,2.7436,3.0000
246,scouts,11,-7.8664,-0.2615,3.0000
246,scouts,12,9.5000,2.7435,3.0000
246,scouts,13,8.4557,3.9204,3.0000
246,scouts,14,4.5877,1.2012,3.0000
246,scouts,15,7.8664,-0.2617,3.0000
246,workers,0,-3.0000,-5.0000,3.0000
246,workers,1,7.0000,-5.0000,3.0000
246,workers,2,-3.0000,5.0000,3.0000
246,workers,3,7.0000,5.0000,3.0000
247,general,0,0.0000,0.0000,5.0000
247,nodes,0,-3.4393,-3.3831,3.0000
247,nodes,1,3.4379,-3.3836,3.0000
247,nodes,2,-6.5616,3.3886,3.0000
247,nodes,3,6.5628,3.3883,3.0000
247,scouts,0,0.5916,-2.6679,3.0000
247,scouts,1,-2.1108,0.2786,3.0000
247,scouts,2,-5.4085,-1.2020,3.0000
247,scouts,3,-1.5223,-3.9029,3.0000
247,scouts,4,5.4086,-1.2020,3.0000
247,scouts,5,2.1109,0.2787,3.0000
247,scouts,6,-0.5916,-2.6678,3.0000
247,scouts,7,1.5223,-3.9028,3.0000
247,scouts,8,-4.5895,1.2019,3.0000
247,scouts,9,-8.4679,3.9079,3.0000
247,scouts,10,-9.5000,2.7370,3.0000
247,scouts,11,-7.8784,-0.2743,3.0000
247,scouts,12,9.5000,2.7368,3.0000
247,scouts,13,8.4679,3.9079,3.0000
247,scouts,14,4.5895,1.2019,3.0000
247,scouts,15,7.8784,-0.2745,3.0000
247,workers,0,-3.0000,-5.0000,3.0000
247,workers,1,7.0000,-5.0000,3.0000
247,workers,2,-3.0000,5.0000,3.0000
247,workers,3,7.0000,5.0000,3.0000
248,general,0,0.0000,0.0000,5.0000
248,nodes,0,-3.4333,-3.3777,3.0000
248,nodes,1,3.4319,-3.3783,3.0000
248,nodes,2,-6.5676,3.3835,3.0000
248,nodes,3,6.5689,3.3832,3.0000
248,scouts,0,0.6071,-2.6591,3.0000
248,scouts,1,-2.0985,0.2914,3.0000
248,scouts,2,-5.4076,-1.2031,3.0000
248,scouts,3,-1.5099,-3.8901,3.0000
248,scouts,4,5.4076,-1.2031,3.0000
248,scouts,5,2.0985,0.2916,3.0000
248,scouts,6,-0.6071,-2.6590,3.0000
248,scouts,7,1.5098,-3.8901,3.0000
248,scouts,8,-4.5932,1.2022,3.0000
248,scouts,9,-8.4801,3.8953,3.0000
248,scouts,10,-9.5000,2.7304,3.0000
248,scouts,11,-7.8904,-0.2870,3.0000
248,scouts,12,9.5000,2.7302,3.0000
248,scouts,13,8.4801,3.8953,3.0000
248,scouts,14,4.5932,1.2022,3.0000
248,scouts,15,7.8904,-0.2872,3.0000
248,workers,0,-3.0000,-5.0000,3.0000
248,workers,1,7.0000,-5.0000,3.0000
248,workers,2,-3.0000,5.0000,3.0000
248,workers,3,7.0000,5.0000,3.0000
249,general,0,0.0000,0.0000,5.0000
249,nodes,0,-3.4274,-3.3724,3.0000
249,nodes,1,3.4259,-3.3729,3.0000
249,nodes,2,-6.5739,3.3782,3.0000
249,nodes,3,6.5751,3.3780,3.0000
249,scouts,0,0.6225,-2.6504,3.0000
249,scouts,1,-2.0861,0.3043,3.0000
249,scouts,2,-5.4073,-1.2041,3.0000
249,scouts,3,-1.4975,-3.8773,3.0000
249,scouts,4,5.4074,-1.2041,3.0000
249,scouts,5,2.0862,0.3045,3.0000
249,scouts,6,-0.6225,-2.6502,3.0000
249,scouts,7,1.4974,-3.8773,3.0000
249,scouts,8,-4.5958,1.2025,3.0000
249,scouts,9,-8.4922,3.8827,3.0000
249,scouts,10,-9.5000,2.7238,3.0000
249,scouts,11,-7.9024,-0.2997,3.0000
249,scouts,12,9.5000,2.7236,3.0000
249,scouts,13,8.4922,3.8827,3.0000
249,scouts,14,4.5958,1.2025,3.0000
249,scouts,15,7.9025,-0.2999,3.0000
249,workers,0,-3.0000,-5.0000,3.0000
249,workers,1,7.0000,-5.0000,3.0000
249,workers,2,-3.0000,5.0000,3.0000
249,workers,3,7.0000,5.0000,3.0000
250,general,0,0.0000,0.0000,5.0000
250,nodes,0,-3.4215,-3.3672,3.0000
250,nodes,1,3.4201,-3.3677,3.0000
250,nodes,2,-6.5798,3.3730,3.0000
250,nodes,3,6.5811,3.3729,3.0000
250,scouts,0,0.6380,-2.6416,3.0000
250,scouts,1,-2.0737,0.3171,3.0000
250,scouts,2,-5.4076,-1.2051,3.0000
250,scouts,3,-1.4851,-3.8645,3.0000
250,scouts,4,5.4076,-1.2051,3.0000
250,scouts,5,2.0738,0.3173,3.0000
250,scouts,6,-0.6380,-2.6415,3.0000
250,scouts,7,1.4851,-3.8644,3.0000
250,scouts,8,-4.5975,1.2029,3.0000
250,scouts,9,-8.5043,3.8701,3.0000
250,scouts,10,-9.5000,2.7173,3.0000
250,scouts,11,-7.9145,-0.3124,3.0000
250,scouts,12,9.5000,2.7171,3.0000
250,scouts,13,8.5043,3.8701,3.0000
250,scouts,14,4.5975,1.2029,3.0000
250,scouts,15,7.9145,-0.3126,3.0000
250,workers,0,-3.0000,-5.0000,3.0000
250,workers,1,7.0000,-5.0000,3.0000
250,workers,2,-3.0000,5.0000,3.0000
250,workers,3,7.0000,5.0000,3.0000
251,general,0,0.0000,0.0000,5.0000
251,nodes,0,-3.4158,-3.3619,3.0000
251,nodes,1,3.4143,-3.3624,3.0000
251,nodes,2,-6.5858,3.3679,3.0000
251,nodes,3,6.5871,3.3677,3.0000
251,scouts,0,0.6535,-2.6329,3.0000
251,scouts,1,-2.0613,0.3300,3.0000
251,scouts,2,-5.4083,-1.2060,3.0000
251,scouts,3,-1.4728,-3.8516,3.0000
251,scouts,4,5.4083,-1.2060,3.0000
251,scouts,5,2.0614,0.3301,3.0000
251,scouts,6,-0.6535,-2.6327,3.0000
251,scouts,7,1.4728,-3.8516,3.0000
251,scouts,8,-4.5985,1.2034,3.0000
251,scouts,9,-8.5164,3.8575,3.0000
251,scouts,10,-9.5000,2.7108,3.0000
251,scouts,11,-7.9265,-0.3250,3.0000
251,scouts,12,9.5000,2.7106,3.0000
251,scouts,13,8.5164,3.8575,3.0000
251,scouts,14,4.5985,1.2034,3.0000
251,scouts,15,7.9266,-0.3253,3.0000
251,workers,0,-3.0000,-5.0000,3.0000
251,workers,1,7.0000,-5.0000,3.0000
251,workers,2,-3.0000,5.0000,3.0000
251,workers,3,7.0000,5.0000,3.0000
252,general,0,0.0000,0.0000,5.0000
252,nodes,0,-3.4099,-3.3566,3.0000
252,nodes,1,3.4085,-3.3571,3.0000
252,nodes,2,-6.5917,3.3629,3.0000
252,nodes,3,6.5930,3.3625,3.0000
252,scouts,0,0.6690,-2.6241,3.0000
252,scouts,1,-2.0489,0.3427,3.0000
252,scouts,2,-5.4073,-1.2054,3.0000
252,scouts,3,-1.4605,-3.8387,3.0000
252,scouts,4,5.4073,-1.2054,3.0000
252,scouts,5,2.0489,0.3429,3.0000
252,scouts,6,-0.6690,-2.6240,3.0000
252,scouts,7,1.4605,-3.8387,3.0000
252,scouts,8,-4.5987,1.2039,3.0000
252,scouts,9,-8.5284,3.8448,3.0000
252,scouts,10,-9.5000,2.7043,3.0000
252,scouts,11,-7.9386,-0.3376,3.0000
252,scouts,12,9.5000,2.7041,3.0000
252,scouts,13,8.5284,3.8448,3.0000
252,scouts,14,4.5987,1.2040,3.0000
252,scouts,15,7.9387,-0.3379,3.0000
252,workers,0,-3.0000,-5.0000,3.0000
252,workers,1,7.0000,-5.0000,3.0000
252,workers,2,-3.0000,5.0000,3.0000
252,workers,3,7.0000,5.0000,3.0000
253,general,0,0.0000,0.0000,5.0000
253,nodes,0,-3.4040,-3.3511,3.0000
253,nodes,1,3.4025,-3.3516,3.0000
253,nodes,2,-6.5976,3.3577,3.0000
253,nodes,3,6.5988,3.3574,3.0000
253,scouts,0,0.6844,-2.6154,3.0000
253,scouts,1,-2.0365,0.3555,3.0000
253,scouts,2,-5.4069,-1.2049,3.0000
253,scouts,3,-1.4483,-3.8258,3.0000
253,scouts,4,5.4069,-1.2049,3.0000
253,scouts,5,2.0365,0.3557,3.0000
253,scouts,6,-0.6844,-2.6152,3.0000
253,scouts,7,1.4482,-3.8257,3.0000
253,scouts,8,-4.5984,1.2045,3.0000
253,scouts,9,-8.5404,3.8321,3.0000
253,scouts,10,-9.5000,2.6978,3.0000
253,scouts,11,-7.9507,-0.3502,3.0000
253,scouts,12,9.5000,2.6977,3.0000
253,scouts,13,8.5404,3.8321,3.0000
253,scouts,14,4.5984,1.2045,3.0000
253,scouts,15,7.9508,-0.3505,3.0000
253,workers,0,-3.0000,-5.0000,3.0000
253,workers,1,7.0000,-5.0000,3.0000
253,workers,2,-3.0000,5.0000,3.0000
253,workers,3,7.0000,5.0000,3.0000
254,general,0,0.0000,0.0000,5.0000
254,nodes,0,-3.3982,-3.3458,3.0000
254,nodes,1,3.3967,-3.3463,3.0000
254,nodes,2,-6.6035,3.3525,3.0000
254,nodes,3,6.6047,3.3523,3.0000
254,scouts,0,0.6999,-2.6066,3.0000
254,scouts,1,-2.0240,0.3682,3.0000
254,scouts,2,-5.4070,-1.2046,3.0000
254,scouts,3,-1.4360,-3.8128,3.0000
254,scouts,4,5.4070,-1.2046,3.0000
254,scouts,5,2.0240,0.3684,3.0000
254,scouts,6,-0.6999,-2.6065,3.0000
254,scouts,7,1.4360,-3.8127,3.0000
254,scouts,8,-4.5975,1.2051,3.0000
254,scouts,9,-8.5524,3.8193,3.0000
254,scouts,10,-9.5000,2.6914,3.0000
254,scouts,11,-7.9628,-0.3628,3.0000
254,scouts,12,9.5000,2.6913,3.0000
254,scouts,13,8.5524,3.8193,3.0000
254,scouts,14,4.5976,1.2052,3.0000
254,scouts,15,7.9629,-0.3630,3.0000
254,workers,0,-3.0000,-5.0000,3.0000
254,workers,1,7.0000,-5.0000,3.0000
254,workers,2,-3.0000,5.0000,3.0000
254,workers,3,7.0000,5.0000,3.0000
255,general,0,0.0000,0.0000,5.0000
255,nodes,0,-3.3923,-3.3403,3.0000
255,nodes,1,3.3909,-3.3410,3.0000
255,nodes,2,-6.6093,3.3474,3.0000
255,nodes,3,6.6105,3.3471,3.0000
255,scouts,0,0.7154,-2.5979,3.0000
255,scouts,1,-2.0115,0.3810,3.0000
255,scouts,2,-5.4076,-1.2044,3.0000
255,scouts,3,-1.4239,-3.7997,3.0000
255,scouts,4,5.4077,-1.2044,3.0000
255,scouts,5,2.0116,0.3811,3.0000
255,scouts,6,-0.7154,-2.5977,3.0000
255,scouts,7,1.4238,-3.7997,3.0000
255,scouts,8,-4.5963,1.2058,3.0000
255,scouts,9,-8.5643,3.8066,3.0000
255,scouts,10,-9.5000,2.6851,3.0000
255,scouts,11,-7.9749,-0.3753,3.0000
255,scouts,12,9.5000,2.6849,3.0000
255,scouts,13,8.5643,3.8065,3.0000
255,scouts,14,4.5963,1.2058,3.0000
255,scouts,15,7.9750,-0.3756,3.0000
255,workers,0,-3.0000,-5.0000,3.0000
255,workers,1,7.0000,-5.0000,3.0000
255,workers,2,-3.0000,5.0000,3.0000
255,workers,3,7.0000,5.0000,3.0000
256,general,0,0.0000,0.0000,5.0000
256,nodes,0,-3.3865,-3.3349,3.0000
256,nodes,1,3.3851,-3.3355,3.0000
256,nodes,2,-6.6150,3.3423,3.0000
256,nodes,3,6.6163,3.3418,3.0000
256,scouts,0,0.7309,-2.5891,3.0000
256,scouts,1,-1.9990,0.3937,3.0000
256,scouts,2,-5.4087,-1.2044,3.0000
256,scouts,3,-1.4118,-3.7866,3.0000
256,scouts,4,5.4087,-1.2044,3.0000
256,scouts,5,1.9990,0.3938,3.0000
256,scouts,6,-0.7309,-2.5890,3.0000
256,scouts,7,1.4117,-3.7866,3.0000
256,scouts,8,-4.5946,1.2065,3.0000
256,scouts,9,-8.5762,3.7937,3.0000
256,scouts,10,-9.5000,2.6788,3.0000
256,scouts,11,-7.9871,-0.3878,3.0000
256,scouts,12,9.5000,2.6786,3.0000
256,scouts,13,8.5762,3.7937,3.0000
256,scouts,14,4.5946,1.2065,3.0000
256,scouts,15,7.9872,-0.3881,3.0000
256,workers,0,-3.0000,-5.0000,3.0000
256,workers,1,7.0000,-5.0000,3.0000
256,workers,2,-3.0000,5.0000,3.0000
256,workers,3,7.0000,5.0000,3.0000
257,general,0,0.0000,0.0000,5.0000
257,nodes,0,-3.3807,-3.3295,3.0000
257,nodes,1,3.3793,-3.3301,3.0000
257,nodes,2,-6.6208,3.3371,3.0000
257,nodes,3,6.6221,3.3367,3.0000
257,scouts,0,0.7464,-2.5804,3.0000
257,scouts,1,-1.9865,0.4063,3.0000
257,scouts,2,-5.4101,-1.2045,3.0000
257,scouts,3,-1.3997,-3.7735,3.0000
257,scouts,4,5.4101,-1.2045,3.0000
257,scouts,5,1.9865,0.4065,3.0000
257,scouts,6,-0.7464,-2.5803,3.0000
257,scouts,7,1.3997,-3.7735,3.0000
257,scouts,8,-4.5926,1.2072,3.0000
257,scouts,9,-8.5880,3.7809,3.0000
257,scouts,10,-9.5000,2.6725,3.0000
257,scouts,11,-7.9993,-0.4003,3.0000
257,scouts,12,9.5000,2.6723,3.0000
257,scouts,13,8.5880,3.7809,3.0000
257,scouts,14,4.5926,1.2072,3.0000
257,scouts,15,7.9993,-0.4006,3.0000
257,workers,0,-3.0000,-5.0000,3.0000
257,workers,1,7.0000,-5.0000,3.0000
257,workers,2,-3.0000,5.0000,3.0000
257,workers,3,7.0000,5.0000,3.0000
258,general,0,0.0000,0.0000,5.0000
258,nodes,0,-3.3750,-3.3242,3.0000
258,nodes,1,3.3737,-3.3248,3.0000
258,nodes,2,-6.6266,3.3321,3.0000
258,nodes,3,6.6277,3.3316,3.0000
258,scouts,0,0.7619,-2.5717,3.0000
258,scouts,1,-1.9739,0.4190,3.0000
258,scouts,2,-5.4093,-1.2036,3.0000
258,scouts,3,-1.3877,-3.7603,3.0000
258,scouts,4,5.4094,-1.2036,3.0000
258,scouts,5,1.9740,0.4191,3.0000
258,scouts,6,-0.7619,-2.5715,3.0000
258,scouts,7,1.3876,-3.7603,3.0000
258,scouts,8,-4.5922,1.2061,3.0000
258,scouts,9,-8.5998,3.7680,3.0000
258,scouts,10,-9.5000,2.6662,3.0000
258,scouts,11,-8.0114,-0.4128,3.0000
258,scouts,12,9.5000,2.6660,3.0000
258,scouts,13,8.5998,3.7680,3.0000
258,scouts,14,4.5922,1.2061,3.0000
258,scouts,15,8.0115,-0.4130,3.0000
258,workers,0,-3.0000,-5.0000,3.0000
258,workers,1,7.0000,-5.0000,3.0000
258,workers,2,-3.0000,5.0000,3.0000
258,workers,3,7.0000,5.0000,3.0000
259,general,0,0.0000,0.0000,5.0000
259,nodes,0,-3.3690,-3.3188,3.0000
259,nodes,1,3.3677,-3.3193,3.0000
259,nodes,2,-6.6325,3.3267,3.0000
259,nodes,3,6.6337,3.3263,3.0000
259,scouts,0,0.7774,-2.5629,3.0000
259,scouts,1,-1.9614,0.4316,3.0000
259,scouts,2,-5.4092,-1.2029,3.0000
259,scouts,3,-1.3757,-3.7471,3.0000
259,scouts,4,5.4067,-1.2019,3.0000
259,scouts,5,1.9614,0.4318,3.0000
259,scouts,6,-0.7774,-2.5628,3.0000
259,scouts,7,1.3757,-3.7470,3.0000
259,scouts,8,-4.5913,1.2052,3.0000
259,scouts,9,-8.6115,3.7550,3.0000
259,scouts,10,-9.5000,2.6600,3.0000
259,scouts,11,-8.0236,-0.4252,3.0000
259,scouts,12,9.5000,2.6598,3.0000
259,scouts,13,8.6115,3.7550,3.0000
259,scouts,14,4.5913,1.2053,3.0000
259,scouts,15,8.0237,-0.4254,3.0000
259,workers,0,-3.0000,-5.0000,3.0000
259,workers,1,7.0000,-5.0000,3.0000
259,workers,2,-3.0000,5.0000,3.0000
259,workers,3,7.0000,5.0000,3.0000
260,general,0,0.0000,0.0000,5.0000
260,nodes,0,-3.3632,-3.3133,3.0000
260,nodes,1,3.3616,-3.3138,3.0000
260,nodes,2,-6.6383,3.3215,3.0000
260,nodes,3,6.6395,3.3211,3.0000
260,scouts,0,0.7929,-2.5542,3.0000
260,scouts,1,-1.9488,0.4442,3.0000
260,scouts,2,-5.4096,-1.2024,3.0000
260,scouts,3,-1.3638,-3.7338,3.0000
260,scouts,4,5.4049,-1.2006,3.0000
260,scouts,5,1.9488,0.4444,3.0000
260,scouts,6,-0.7929,-2.5541,3.0000
260,scouts,7,1.3638,-3.7337,3.0000
260,scouts,8,-4.5923,1.2033,3.0000
260,scouts,9,-8.6232,3.7420,3.0000
260,scouts,10,-9.5000,2.6538,3.0000
260,scouts,11,-8.0358,-0.4376,3.0000
260,scouts,12,9.5000,2.6536,3.0000
260,scouts,13,8.6232,3.7420,3.0000
260,scouts,14,4.5923,1.2033,3.0000
260,scouts,15,8.0359,-0.4378,3.0000
260,workers,0,-3.0000,-5.0000,3.0000
260,workers,1,7.0000,-5.0000,3.0000
260,workers,2,-3.0000,5.0000,3.0000
260,workers,3,7.0000,5.0000,3.0000
261,general,0,0.0000,0.0000,5.0000
261,nodes,0,-3.3574,-3.3078,3.0000
261,nodes,1,3.3557,-3.3083,3.0000
261,nodes,2,-6.6443,3.3162,3.0000
261,nodes,3,6.6455,3.3158,3.0000
261,scouts,0,0.8084,-2.5455,3.0000
261,scouts,1,-1.9362,0.4568,3.0000
261,scouts,2,-5.4104,-1.2021,3.0000
261,scouts,3,-1.3520,-3.7204,3.0000
261,scouts,4,5.4039,-1.1996,3.0000
261,scouts,5,1.9362,0.4569,3.0000
261,scouts,6,-0.8084,-2.5453,3.0000
261,scouts,7,1.3519,-3.7204,3.0000
261,scouts,8,-4.5926,1.2017,3.0000
261,scouts,9,-8.6348,3.7290,3.0000
261,scouts,10,-9.5000,2.6476,3.0000
261,scouts,11,-8.0481,-0.4500,3.0000
261,scouts,12,9.5000,2.6474,3.0000
261,scouts,13,8.6349,3.7290,3.0000
261,scouts,14,4.5925,1.2017,3.0000
261,scouts,15,8.0481,-0.4502,3.0000
261,workers,0,-3.0000,-5.0000,3.0000
261,workers,1,7.0000,-5.0000,3.0000
261,workers,2,-3.0000,5.0000,3.0000
261,workers,3,7.0000,5.0000,3.0000
262,general,0,0.0000,0.0000,5.0000
262,nodes,0,-3.3516,-3.3024,3.0000
262,nodes,1,3.3498,-3.3029,3.0000
262,nodes,2,-6.6502,3.3110,3.0000
262,nodes,3,6.6514,3.3105,3.0000
262,scouts,0,0.8239,-2.5368,3.0000
262,scouts,1,-1.9235,0.4693,3.0000
262,scouts,2,-5.4090,-1.2014,3.0000
262,scouts,3,-1.3402,-3.7070,3.0000
262,scouts,4,5.4035,-1.1988,3.0000
262,scouts,5,1.9236,0.4695,3.0000
262,scouts,6,-0.8239,-2.5366,3.0000
262,scouts,7,1.3402,-3.7070,3.0000
262,scouts,8,-4.5923,1.2004,3.0000
262,scouts,9,-8.6464,3.7159,3.0000
262,scouts,10,-9.5000,2.6415,3.0000
262,scouts,11,-8.0603,-0.4623,3.0000
262,scouts,12,9.5000,2.6413,3.0000
262,scouts,13,8.6464,3.7159,3.0000
262,scouts,14,4.5922,1.2005,3.0000
262,scouts,15,8.0604,-0.4626,3.0000
262,workers,0,-3.0000,-5.0000,3.0000
262,workers,1,7.0000,-5.0000,3.0000
262,workers,2,-3.0000,5.0000,3.0000
262,workers,3,7.0000,5.0000,3.0000
263,general,0,0.0000,0.0000,5.0000
263,nodes,0,-3.3456,-3.2970,3.0000
263,nodes,1,3.3439,-3.2974,3.0000
263,nodes,2,-6.6561,3.3057,3.0000
263,nodes,3,6.6572,3.3052,3.0000
263,scouts,0,0.8394,-2.5280,3.0000
263,scouts,1,-1.9109,0.4819,3.0000
263,scouts,2,-5.4083,-1.2009,3.0000
263,scouts,3,-1.3285,-3.6935,3.0000
263,scouts,4,5.4036,-1.1982,3.0000
263,scouts,5,1.9109,0.4820,3.0000
263,scouts,6,-0.8394,-2.5279,3.0000
263,scouts,7,1.3285,-3.6935,3.0000
263,scouts,8,-4.5914,1.1995,3.0000
263,scouts,9,-8.6579,3.7028,3.0000
263,scouts,10,-9.5000,2.6354,3.0000
263,scouts,11,-8.0726,-0.4746,3.0000
263,scouts,12,9.5000,2.6352,3.0000
263,scouts,13,8.6579,3.7028,3.0000
263,scouts,14,4.5914,1.1995,3.0000
263,scouts,15,8.0726,-0.4749,3.0000
263,workers,0,-3.0000,-5.0000,3.0000
263,workers,1,7.0000,-5.0000,3.0000
263,workers,2,-3.0000,5.0000,3.0000
263,workers,3,7.0000,5.0000,3.0000
264,general,0,0.0000,0.0000,5.0000
264,nodes,0,-3.3398,-3.2915,3.0000
264,nodes,1,3.3381,-3.2920,3.0000
264,nodes,2,-6.6619,3.3005,3.0000
264,nodes,3,6.6631,3.3001,3.0000
264,scouts,0,0.8549,-2.5193,3.0000
264,scouts,1,-1.8982,0.4944,3.0000
264,scouts,2,-5.4081,-1.2006,3.0000
264,scouts,3,-1.3169,-3.6800,3.0000
264,scouts,4,5.4042,-1.1979,3.0000
264,scouts,5,1.8983,0.4945,3.0000
264,scouts,6,-0.8549,-2.5192,3.0000
264,scouts,7,1.3169,-3.6800,3.0000
264,scouts,8,-4.5902,1.1988,3.0000
264,scouts,9,-8.6694,3.6896,3.0000
264,scouts,10,-9.5000,2.6294,3.0000
264,scouts,11,-8.0849,-0.4869,3.0000
264,scouts,12,9.5000,2.6292,3.0000
264,scouts,13,8.6694,3.6896,3.0000
264,scouts,14,4.5901,1.1988,3.0000
264,scouts,15,8.0849,-0.4872,3.0000
264,workers,0,-3.0000,-5.0000,3.0000
264,workers,1,7.0000,-5.0000,3.0000
264,workers,2,-3.0000,5.0000,3.0000
264,workers,3,7.0000,5.0000,3.0000
265,general,0,0.0000,0.0000,5.0000
265,nodes,0,-3.3340,-3.2861,3.0000
265,nodes,1,3.3323,-3.2865,3.0000
265,nodes,2,-6.6677,3.2953,3.0000
265,nodes,3,6.6688,3.2948,3.0000
265,scouts,0,0.8704,-2.5106,3.0000
265,scouts,1,-1.8855,0.5069,3.0000
265,scouts,2,-5.4085,-1.2004,3.0000
265,scouts,3,-1.3054,-3.6664,3.0000
265,scouts,4,5.4052,-1.1976,3.0000
265,scouts,5,1.8856,0.5070,3.0000
265,scouts,6,-0.8704,-2.5105,3.0000
265,scouts,7,1.3053,-3.6663,3.0000
265,scouts,8,-4.5885,1.1984,3.0000
265,scouts,9,-8.6808,3.6764,3.0000
265,scouts,10,-9.5000,2.6234,3.0000
265,scouts,11,-8.0972,-0.4992,3.0000
265,scouts,12,9.5000,2.6232,3.0000
265,scouts,13,8.6808,3.6763,3.0000
265,scouts,14,4.5884,1.1984,3.0000
265,scouts,15,8.0972,-0.4994,3.0000
265,workers,0,-3.0000,-5.0000,3.0000
265,workers,1,7.0000,-5.0000,3.0000
265,workers,2,-3.0000,5.0000,3.0000
265,workers,3,7.0000,5.0000,3.0000
266,general,0,0.0000,0.0000,5.0000
266,nodes,0,-3.3282,-3.2807,3.0000
266,nodes,1,3.3266,-3.2812,3.0000
266,nodes,2,-6.6734,3.2901,3.0000
266,nodes,3,6.6745,3.2897,3.0000
266,scouts,0,0.8859,-2.5019,3.0000
266,scouts,1,-1.8728,0.5193,3.0000
266,scouts,2,-5.4093,-1.2004,3.0000
266,scouts,3,-1.2939,-3.6527,3.0000
266,scouts,4,5.4066,-1.1976,3.0000
266,scouts,5,1.8729,0.5195,3.0000
266,scouts,6,-0.8859,-2.5017,3.0000
266,scouts,7,1.2939,-3.6526,3.0000
266,scouts,8,-4.5891,1.1985,3.0000
266,scouts,9,-8.6921,3.6631,3.0000
266,scouts,10,-9.5000,2.6174,3.0000
266,scouts,11,-8.1095,-0.5114,3.0000
266,scouts,12,9.5000,2.6172,3.0000
266,scouts,13,8.6921,3.6630,3.0000
266,scouts,14,4.5891,1.1985,3.0000
266,scouts,15,8.1095,-0.5117,3.0000
266,workers,0,-3.0000,-5.0000,3.0000
266,workers,1,7.0000,-5.0000,3.0000
266,workers,2,-3.0000,5.0000,3.0000
266,workers,3,7.0000,5.0000,3.0000
267,general,0,0.0000,0.0000,5.0000
267,nodes,0,-3.3224,-3.2753,3.0000
267,nodes,1,3.3208,-3.2758,3.0000
267,nodes,2,-6.6793,3.2850,3.0000
267,nodes,3,6.6805,3.2845,3.0000
267,scouts,0,0.9015,-2.4932,3.0000
267,scouts,1,-1.8601,0.5318,3.0000
267,scouts,2,-5.4105,-1.2005,3.0000
267,scouts,3,-1.2826,-3.6389,3.0000
267,scouts,4,5.4083,-1.1976,3.0000
267,scouts,5,1.8601,0.5319,3.0000
267,scouts,6,-0.9014,-2.4930,3.0000
267,scouts,7,1.2826,-3.6389,3.0000
267,scouts,8,-4.5918,1.1991,3.0000
267,scouts,9,-8.7033,3.6497,3.0000
267,scouts,10,-9.5000,2.6114,3.0000
267,scouts,11,-8.1218,-0.5236,3.0000
267,scouts,12,9.5000,2.6112,3.0000
267,scouts,13,8.7033,3.6497,3.0000
267,scouts,14,4.5917,1.1991,3.0000
267,scouts,15,8.1219,-0.5239,3.0000
267,workers,0,-3.0000,-5.0000,3.0000
267,workers,1,7.0000,-5.0000,3.0000
267,workers,2,-3.0000,5.0000,3.0000
267,workers,3,7.0000,5.0000,3.0000
268,general,0,0.0000,0.0000,5.0000
268,nodes,0,-3.3167,-3.2698,3.0000
268,nodes,1,3.3152,-3.2703,3.0000
268,nodes,2,-6.6853,3.2799,3.0000
268,nodes,3,6.6866,3.2793,3.0000
268,scouts,0,0.9170,-2.4844,3.0000
268,scouts,1,-1.8473,0.5442,3.0000
268,scouts,2,-5.4094,-1.2006,3.0000
268,scouts,3,-1.2714,-3.6250,3.0000
268,scouts,4,5.4103,-1.1978,3.0000
268,scouts,5,1.8474,0.5443,3.0000
268,scouts,6,-0.9169,-2.4843,3.0000
268,scouts,7,1.2714,-3.6250,3.0000
268,scouts,8,-4.5935,1.1997,3.0000
268,scouts,9,-8.7144,3.6362,3.0000
268,scouts,10,-9.5000,2.6055,3.0000
268,scouts,11,-8.1341,-0.5358,3.0000
268,scouts,12,9.5000,2.6053,3.0000
268,scouts,13,8.7144,3.6362,3.0000
268,scouts,14,4.5934,1.1997,3.0000
268,scouts,15,8.1342,-0.5361,3.0000
268,workers,0,-3.0000,-5.0000,3.0000
268,workers,1,7.0000,-5.0000,3.0000
268,workers,2,-3.0000,5.0000,3.0000
268,workers,3,7.0000,5.0000,3.0000
269,general,0,0.0000,0.0000,5.0000
269,nodes,0,-3.3108,-3.2644,3.0000
269,nodes,1,3.3095,-3.2649,3.0000
269,nodes,2,-6.6913,3.2748,3.0000
269,nodes,3,6.6925,3.2742,3.0000
269,scouts,0,0.9325,-2.4757,3.0000
269,scouts,1,-1.8345,0.5566,3.0000
269,scouts,2,-5.4089,-1.2008,3.0000
269,scouts,3,-1.2603,-3.6111,3.0000
269,scouts,4,5.4098,-1.1986,3.0000
269,scouts,5,1.8346,0.5567,3.0000
269,scouts,6,-0.9325,-2.4756,3.0000
269,scouts,7,1.2603,-3.6110,3.0000
269,scouts,8,-4.5944,1.2005,3.0000
269,scouts,9,-8.7254,3.6227,3.0000
269,scouts,10,-9.5000,2.5996,3.0000
269,scouts,11,-8.1465,-0.5480,3.0000
269,scouts,12,9.5000,2.5994,3.0000
269,scouts,13,8.7254,3.6227,3.0000
269,scouts,14,4.5943,1.2004,3.0000
269,scouts,15,8.1466,-0.5482,3.0000
269,workers,0,-3.0000,-5.0000,3.0000
269,workers,1,7.0000,-5.0000,3.0000
269,workers,2,-3.0000,5.0000,3.0000
269,workers,3,7.0000,5.0000,3.0000
270,general,0,0.0000,0.0000,5.0000
270,nodes,0,-3.3050,-3.2590,3.0000
270,nodes,1,3.3036,-3.2595,3.0000
270,nodes,2,-6.6973,3.2696,3.0000
270,nodes,3,6.6984,3.2690,3.0000
270,scouts,0,0.9480,-2.4670,3.0000
270,scouts,1,-1.8218,0.5689,3.0000
270,scouts,2,-5.4089,-1.2010,3.0000
270,scouts,3,-1.2494,-3.5970,3.0000
270,scouts,4,5.4100,-1.1994,3.0000
270,scouts,5,1.8218,0.5691,3.0000
270,scouts,6,-0.9480,-2.4669,3.0000
270,scouts,7,1.2494,-3.5970,3.0000
270,scouts,8,-4.5947,1.2012,3.0000
270,scouts,9,-8.7363,3.6091,3.0000
270,scouts,10,-9.5000,2.5938,3.0000
270,scouts,11,-8.1589,-0.5601,3.0000
270,scouts,12,9.5000,2.5936,3.0000
270,scouts,13,8.7363,3.6091,3.0000
270,scouts,14,4.5946,1.2012,3.0000
270,scouts,15,8.1590,-0.5603,3.0000
270,workers,0,-3.0000,-5.0000,3.0000
270,workers,1,7.0000,-5.0000,3.0000
270,workers,2,-3.0000,5.0000,3.0000
270,workers,3,7.0000,5.0000,3.0000
271,general,0,0.0000,0.0000,5.0000
271,nodes,0,-3.2992,-3.2535,3.0000
271,nodes,1,3.2979,-3.2541,3.0000
271,nodes,2,-6.7031,3.2646,3.0000
271,nodes,3,6.7042,3.2639,3.0000
271,scouts,0,0.9635,-2.4583,3.0000
271,scouts,1,-1.8089,0.5813,3.0000
271,scouts,2,-5.4095,-1.2014,3.0000
271,scouts,3,-1.2387,-3.5828,3.0000
271,scouts,4,5.4106,-1.2003,3.0000
271,scouts,5,1.8090,0.5814,3.0000
271,scouts,6,-0.9635,-2.4582,3.0000
271,scouts,7,1.2386,-3.5827,3.0000
271,scouts,8,-4.5943,1.2020,3.0000
271,scouts,9,-8.7471,3.5955,3.0000
271,scouts,10,-9.5000,2.5880,3.0000
271,scouts,11,-8.1713,-0.5722,3.0000
271,scouts,12,9.5000,2.5878,3.0000
271,scouts,13,8.7471,3.5954,3.0000
271,scouts,14,4.5942,1.2020,3.0000
271,scouts,15,8.1714,-0.5724,3.0000
271,workers,0,-3.0000,-5.0000,3.0000
271,workers,1,7.0000,-5.0000,3.0000
271,workers,2,-3.0000,5.0000,3.0000
271,workers,3,7.0000,5.0000,3.0000
272,general,0,0.0000,0.0000,5.0000
272,nodes,0,-3.2935,-3.2482,3.0000
272,nodes,1,3.2921,-3.2488,3.0000
272,nodes,2,-6.7089,3.2594,3.0000
272,nodes,3,6.7100,3.2589,3.0000
272,scouts,0,0.9790,-2.4496,3.0000
272,scouts,1,-1.7961,0.5936,3.0000
272,scouts,2,-5.4104,-1.2018,3.0000
272,scouts,3,-1.2282,-3.5684,3.0000
272,scouts,4,5.4089,-1.2010,3.0000
272,scouts,5,1.7962,0.5937,3.0000
272,scouts,6,-0.9790,-2.4495,3.0000
272,scouts,7,1.2281,-3.5684,3.0000
272,scouts,8,-4.5935,1.2029,3.0000
272,scouts,9,-8.7578,3.5817,3.0000
272,scouts,10,-9.5000,2.5822,3.0000
272,scouts,11,-8.1837,-0.5842,3.0000
272,scouts,12,9.5000,2.5820,3.0000
272,scouts,13,8.7578,3.5816,3.0000
272,scouts,14,4.5934,1.2028,3.0000
272,scouts,15,8.1838,-0.5845,3.0000
272,workers,0,-3.0000,-5.0000,3.0000
272,workers,1,7.0000,-5.0000,3.0000
272,workers,2,-3.0000,5.0000,3.0000
272,workers,3,7.0000,5.0000,3.0000
273,general,0,0.0000,0.0000,5.0000
273,nodes,0,-3.2877,-3.2427,3.0000
273,nodes,1,3.2862,-3.2433,3.0000
273,nodes,2,-6.7147,3.2543,3.0000
273,nodes,3,6.7158,3.2538,3.0000
273,scouts,0,0.9946,-2.4409,3.0000
273,scouts,1,-1.7832,0.6059,3.0000
273,scouts,2,-5.4091,-1.2019,3.0000
273,scouts,3,-1.2179,-3.5539,3.0000
273,scouts,4,5.4080,-1.2018,3.0000
273,scouts,5,1.7833,0.6060,3.0000
273,scouts,6,-0.9945,-2.4408,3.0000
273,scouts,7,1.2179,-3.5539,3.0000
273,scouts,8,-4.5922,1.2037,3.0000
273,scouts,9,-8.7682,3.5678,3.0000
273,scouts,10,-9.5000,2.5764,3.0000
273,scouts,11,-8.1961,-0.5963,3.0000
273,scouts,12,9.5000,2.5762,3.0000
273,scouts,13,8.7682,3.5677,3.0000
273,scouts,14,4.5921,1.2037,3.0000
273,scouts,15,8.1962,-0.5965,3.0000
273,workers,0,-3.0000,-5.0000,3.0000
273,workers,1,7.0000,-5.0000,3.0000
273,workers,2,-3.0000,5.0000,3.0000
273,workers,3,7.0000,5.0000,3.0000
274,general,0,0.0000,0.0000,5.0000
274,nodes,0,-3.2819,-3.2373,3.0000
274,nodes,1,3.2805,-3.2379,3.0000
274,nodes,2,-6.7204,3.2491,3.0000
274,nodes,3,6.7215,3.2487,3.0000
274,scouts,0,1.0101,-2.4322,3.0000
274,scouts,1,-1.7704,0.6182,3.0000
274,scouts,2,-5.4085,-1.2020,3.0000
274,scouts,3,-1.2081,-3.5392,3.0000
274,scouts,4,5.4076,-1.2027,3.0000
274,scouts,5,1.7704,0.6183,3.0000
274,scouts,6,-1.0101,-2.4321,3.0000
274,scouts,7,1.2081,-3.5391,3.0000
274,scouts,8,-4.5905,1.2046,3.0000
274,scouts,9,-8.7785,3.5537,3.0000
274,scouts,10,-9.5000,2.5707,3.0000
274,scouts,11,-8.2086,-0.6083,3.0000
274,scouts,12,9.5000,2.5705,3.0000
274,scouts,13,8.7785,3.5537,3.0000
274,scouts,14,4.5904,1.2046,3.0000
274,scouts,15,8.2087,-0.6085,3.0000
274,workers,0,-3.0000,-5.0000,3.0000
274,workers,1,7.0000,-5.0000,3.0000
274,workers,2,-3.0000,5.0000,3.0000
274,workers,3,7.0000,5.0000,3.0000
275,general,0,0.0000,0.0000,5.0000
275,nodes,0,-3.2761,-3.2319,3.0000
275,nodes,1,3.2749,-3.2324,3.0000
275,nodes,2,-6.7262,3.2440,3.0000
275,nodes,3,6.7271,3.2435,3.0000
275,scouts,0,1.0256,-2.4235,3.0000
275,scouts,1,-1.7575,0.6304,3.0000
275,scouts,2,-5.4084,-1.2023,3.0000
275,scouts,3,-1.1989,-3.5241,3.0000
275,scouts,4,5.4078,-1.2035,3.0000
275,scouts,5,1.7575,0.6305,3.0000
275,scouts,6,-1.0256,-2.4233,3.0000
275,scouts,7,1.1989,-3.5241,3.0000
275,scouts,8,-4.5909,1.2044,3.0000
275,scouts,9,-8.7884,3.5395,3.0000
275,scouts,10,-9.5000,2.5650,3.0000
275,scouts,11,-8.2211,-0.6203,3.0000
275,scouts,12,9.5000,2.5648,3.0000
275,scouts,13,8.7884,3.5394,3.0000
275,scouts,14,4.5908,1.2044,3.0000
275,scouts,15,8.2211,-0.6205,3.0000
275,workers,0,-3.0000,-5.0000,3.0000
275,workers,1,7.0000,-5.0000,3.0000
275,workers,2,-3.0000,5.0000,3.0000
275,workers,3,7.0000,5.0000,3.0000
276,general,0,0.0000,0.0000,5.0000
276,nodes,0,-3.2705,-3.2264,3.0000
276,nodes,1,3.2691,-3.2271,3.0000
276,nodes,2,-6.7320,3.2386,3.0000
276,nodes,3,6.7331,3.2384,3.0000
276,scouts,0,1.0411,-2.4148,3.0000
276,scouts,1,-1.7445,0.6426,3.0000
276,scouts,2,-5.4089,-1.2026,3.0000
276,scouts,3,-1.1912,-3.5088,3.0000
276,scouts,4,5.4085,-1.2043,3.0000
276,scouts,5,1.7446,0.6427,3.0000
276,scouts,6,-1.0411,-2.4146,3.0000
276,scouts,7,1.1912,-3.5087,3.0000
276,scouts,8,-4.5930,1.2032,3.0000
276,scouts,9,-8.7979,3.5250,3.0000
276,scouts,10,-9.5000,2.5594,3.0000
276,scouts,11,-8.2336,-0.6322,3.0000
276,scouts,12,9.5000,2.5592,3.0000
276,scouts,13,8.7979,3.5250,3.0000
276,scouts,14,4.5929,1.2032,3.0000
276,scouts,15,8.2336,-0.6324,3.0000
276,workers,0,-3.0000,-5.0000,3.0000
276,workers,1,7.0000,-5.0000,3.0000
276,workers,2,-3.0000,5.0000,3.0000
276,workers,3,7.0000,5.0000,3.0000
277,general,0,0.0000,0.0000,5.0000
277,nodes,0,-3.2649,-3.2210,3.0000
277,nodes,1,3.2637,-3.2216,3.0000
277,nodes,2,-6.7380,3.2334,3.0000
277,nodes,3,6.7390,3.2330,3.0000
277,scouts,0,1.0567,-2.4061,3.0000
277,scouts,1,-1.7316,0.6548,3.0000
277,scouts,2,-5.4097,-1.2030,3.0000
277,scouts,3,-1.1846,-3.4957,3.0000
277,scouts,4,5.4096,-1.2052,3.0000
277,scouts,5,1.7317,0.6549,3.0000
277,scouts,6,-1.0566,-2.4059,3.0000
277,scouts,7,1.1845,-3.4957,3.0000
277,scouts,8,-4.5943,1.2023,3.0000
277,scouts,9,-8.8063,3.5101,3.0000
277,scouts,10,-9.5000,2.5538,3.0000
277,scouts,11,-8.2461,-0.6441,3.0000
277,scouts,12,9.5000,2.5536,3.0000
277,scouts,13,8.8064,3.5101,3.0000
277,scouts,14,4.5943,1.2023,3.0000
277,scouts,15,8.2461,-0.6444,3.0000
277,workers,0,-3.0000,-5.0000,3.0000
277,workers,1,7.0000,-5.0000,3.0000
277,workers,2,-3.0000,5.0000,3.0000
277,workers,3,7.0000,5.0000,3.0000
278,general,0,0.0000,0.0000,5.0000
278,nodes,0,-3.2596,-3.2158,3.0000
278,nodes,1,3.2583,-3.2164,3.0000
278,nodes,2,-6.7437,3.2281,3.0000
278,nodes,3,6.7447,3.2278,3.0000
278,scouts,0,1.0722,-2.3974,3.0000
278,scouts,1,-1.7186,0.6670,3.0000
278,scouts,2,-5.4084,-1.2027,3.0000
278,scouts,3,-1.1808,-3.4866,3.0000
278,scouts,4,5.4086,-1.2048,3.0000
278,scouts,5,1.7187,0.6671,3.0000
278,scouts,6,-1.0722,-2.3972,3.0000
278,scouts,7,1.1808,-3.4865,3.0000
278,scouts,8,-4.5949,1.2017,3.0000
278,scouts,9,-8.8136,3.4976,3.0000
278,scouts,10,-9.5000,2.5482,3.0000
278,scouts,11,-8.2586,-0.6560,3.0000
278,scouts,12,9.5000,2.5480,3.0000
278,scouts,13,8.8136,3.4976,3.0000
278,scouts,14,4.5948,1.2017,3.0000
278,scouts,15,8.2587,-0.6562,3.0000
278,workers,0,-3.0000,-5.0000,3.0000
278,workers,1,7.0000,-5.0000,3.0000
278,workers,2,-3.0000,5.0000,3.0000
278,workers,3,7.0000,5.0000,3.0000
279,general,0,0.0000,0.0000,5.0000
279,nodes,0,-3.2542,-3.2107,3.0000
279,nodes,1,3.2530,-3.2113,3.0000
279,nodes,2,-6.7493,3.2231,3.0000
279,nodes,3,6.7503,3.2228,3.0000
279,scouts,0,1.0877,-2.3886,3.0000
279,scouts,1,-1.7057,0.6791,3.0000
279,scouts,2,-5.4078,-1.2026,3.0000
279,scouts,3,-1.1793,-3.4810,3.0000
279,scouts,4,5.4083,-1.2046,3.0000
279,scouts,5,1.7057,0.6792,3.0000
279,scouts,6,-1.0877,-2.3885,3.0000
279,scouts,7,1.1793,-3.4810,3.0000
279,scouts,8,-4.5948,1.2013,3.0000
279,scouts,9,-8.8178,3.4889,3.0000
279,scouts,10,-9.5000,2.5426,3.0000
279,scouts,11,-8.2711,-0.6679,3.0000
279,scouts,12,9.5000,2.5424,3.0000
279,scouts,13,8.8178,3.4889,3.0000
279,scouts,14,4.5948,1.2013,3.0000
279,scouts,15,8.2712,-0.6681,3.0000
279,workers,0,-3.0000,-5.0000,3.0000
279,workers,1,7.0000,-5.0000,3.0000
279,workers,2,-3.0000,5.0000,3.0000
279,workers,3,7.0000,5.0000,3.0000
280,general,0,0.0000,0.0000,5.0000
280,nodes,0,-3.2491,-3.2060,3.0000
280,nodes,1,3.2480,-3.2065,3.0000
280,nodes,2,-6.7546,3.2183,3.0000
280,nodes,3,6.7556,3.2181,3.0000
280,scouts,0,1.1033,-2.3799,3.0000
280,scouts,1,-1.6927,0.6913,3.0000
280,scouts,2,-5.4077,-1.2026,3.0000
280,scouts,3,-1.1795,-3.4787,3.0000
280,scouts,4,5.4085,-1.2045,3.0000
280,scouts,5,1.6927,0.6914,3.0000
280,scouts,6,-1.1032,-2.3798,3.0000
280,scouts,7,1.1795,-3.4786,3.0000
280,scouts,8,-4.5942,1.2011,3.0000
280,scouts,9,-8.8196,3.4837,3.0000
280,scouts,10,-9.5000,2.5371,3.0000
280,scouts,11,-8.2837,-0.6797,3.0000
280,scouts,12,9.5000,2.5369,3.0000
280,scouts,13,8.8196,3.4837,3.0000
280,scouts,14,4.5942,1.2012,3.0000
280,scouts,15,8.2838,-0.6799,3.0000
280,workers,0,-3.0000,-5.0000,3.0000
280,workers,1,7.0000,-5.0000,3.0000
280,workers,2,-3.0000,5.0000,3.0000
280,workers,3,7.0000,5.0000,3.0000
281,general,0,0.0000,0.0000,5.0000
281,nodes,0,-3.2442,-3.2015,3.0000
281,nodes,1,3.2430,-3.2020,3.0000
281,nodes,2,-6.7597,3.2138,3.0000
281,nodes,3,6.7607,3.2136,3.0000
281,scouts,0,1.1188,-2.3712,3.0000
281,scouts,1,-1.6796,0.7034,3.0000
281,scouts,2,-5.4082,-1.2028,3.0000
281,scouts,3,-1.1812,-3.4792,3.0000
281,scouts,4,5.4092,-1.2046,3.0000
281,scouts,5,1.6797,0.7035,3.0000
281,scouts,6,-1.1187,-2.3711,3.0000
281,scouts,7,1.1812,-3.4791,3.0000
281,scouts,8,-4.5931,1.2011,3.0000
281,scouts,9,-8.8194,3.4817,3.0000
281,scouts,10,-9.5000,2.5316,3.0000
281,scouts,11,-8.2963,-0.6915,3.0000
281,scouts,12,9.5000,2.5314,3.0000
281,scouts,13,8.8194,3.4817,3.0000
281,scouts,14,4.5931,1.2012,3.0000
281,scouts,15,8.2963,-0.6917,3.0000
281,workers,0,-3.0000,-5.0000,3.0000
281,workers,1,7.0000,-5.0000,3.0000
281,workers,2,-3.0000,5.0000,3.0000
281,workers,3,7.0000,5.0000,3.0000
282,general,0,0.0000,0.0000,5.0000
282,nodes,0,-3.2393,-3.1972,3.0000
282,nodes,1,3.2382,-3.1977,3.0000
282,nodes,2,-6.7646,3.2095,3.0000
282,nodes,3,6.7657,3.2093,3.0000
282,scouts,0,1.1343,-2.3625,3.0000
282,scouts,1,-1.6666,0.7155,3.0000
282,scouts,2,-5.4090,-1.2030,3.0000
282,scouts,3,-1.1842,-3.4822,3.0000
282,scouts,4,5.4079,-1.2036,3.0000
282,scouts,5,1.6667,0.7156,3.0000
282,scouts,6,-1.1342,-2.3624,3.0000
282,scouts,7,1.1842,-3.4822,3.0000
282,scouts,8,-4.5916,1.2012,3.0000
282,scouts,9,-8.8177,3.4825,3.0000
282,scouts,10,-9.5000,2.5261,3.0000
282,scouts,11,-8.3089,-0.7033,3.0000
282,scouts,12,9.5000,2.5259,3.0000
282,scouts,13,8.8177,3.4824,3.0000
282,scouts,14,4.5915,1.2013,3.0000
282,scouts,15,8.3089,-0.7035,3.0000
282,workers,0,-3.0000,-5.0000,3.0000
282,workers,1,7.0000,-5.0000,3.0000
282,workers,2,-3.0000,5.0000,3.0000
282,workers,3,7.0000,5.0000,3.0000
283,general,0,0.0000,0.0000,5.0000
283,nodes,0,-3.2346,-3.1931,3.0000
283,nodes,1,3.2332,-3.1934,3.0000
283,nodes,2,-6.7695,3.2055,3.0000
283,nodes,3,6.7704,3.2053,3.0000
283,scouts,0,1.1498,-2.3538,3.0000
283,scouts,1,-1.6536,0.7275,3.0000
283,scouts,2,-5.4103,-1.2033,3.0000
283,scouts,3,-1.1881,-3.4874,3.0000
283,scouts,4,5.4072,-1.2028,3.0000
283,scouts,5,1.6536,0.7276,3.0000
283,scouts,6,-1.1498,-2.3537,3.0000
283,scouts,7,1.1880,-3.4874,3.0000
283,scouts,8,-4.5897,1.2015,3.0000
283,scouts,9,-8.8146,3.4857,3.0000
283,scouts,10,-9.5000,2.5207,3.0000
283,scouts,11,-8.3215,-0.7150,3.0000
283,scouts,12,9.5000,2.5205,3.0000
283,scouts,13,8.8146,3.4857,3.0000
283,scouts,14,4.5897,1.2016,3.0000
283,scouts,15,8.3215,-0.7152,3.0000
283,workers,0,-3.0000,-5.0000,3.0000
283,workers,1,7.0000,-5.0000,3.0000
283,workers,2,-3.0000,5.0000,3.0000
283,workers,3,7.0000,5.0000,3.0000
284,general,0,0.0000,0.0000,5.0000
284,nodes,0,-3.2299,-3.1892,3.0000
284,nodes,1,3.2286,-3.1894,3.0000
284,nodes,2,-6.7741,3.2016,3.0000
284,nodes,3,6.7752,3.2015,3.0000
284,scouts,0,1.1653,-2.3450,3.0000
284,scouts,1,-1.6405,0.7396,3.0000
284,scouts,2,-5.4093,-1.2029,3.0000
284,scouts,3,-1.1927,-3.4947,3.0000
284,scouts,4,5.4072,-1.2023,3.0000
284,scouts,5,1.6405,0.7397,3.0000
284,scouts,6,-1.1653,-2.3449,3.0000
284,scouts,7,1.1927,-3.4946,3.0000
284,scouts,8,-4.5901,1.2015,3.0000
284,scouts,9,-8.8104,3.4912,3.0000
284,scouts,10,-9.5000,2.5153,3.0000
284,scouts,11,-8.3341,-0.7267,3.0000
284,scouts,12,9.5000,2.5151,3.0000
284,scouts,13,8.8104,3.4912,3.0000
284,scouts,14,4.5901,1.2016,3.0000
284,scouts,15,8.3342,-0.7269,3.0000
284,workers,0,-3.0000,-5.0000,3.0000
284,workers,1,7.0000,-5.0000,3.0000
284,workers,2,-3.0000,5.0000,3.0000
284,workers,3,7.0000,5.0000,3.0000
285,general,0,0.0000,0.0000,5.0000
285,nodes,0,-3.2252,-3.1854,3.0000
285,nodes,1,3.2238,-3.1855,3.0000
285,nodes,2,-6.7791,3.1979,3.0000
285,nodes,3,6.7801,3.1977,3.0000
285,scouts,0,1.1808,-2.3363,3.0000
285,scouts,1,-1.6274,0.7516,3.0000
285,scouts,2,-5.4089,-1.2027,3.0000
285,scouts,3,-1.1979,-3.5036,3.0000
285,scouts,4,5.4076,-1.2020,3.0000
285,scouts,5,1.6274,0.7517,3.0000
285,scouts,6,-1.1808,-2.3362,3.0000
285,scouts,7,1.1979,-3.5036,3.0000
285,scouts,8,-4.5899,1.2017,3.0000
285,scouts,9,-8.8054,3.4986,3.0000
285,scouts,10,-9.5000,2.5099,3.0000
285,scouts,11,-8.3467,-0.7384,3.0000
285,scouts,12,9.5000,2.5097,3.0000
285,scouts,13,8.8054,3.4985,3.0000
285,scouts,14,4.5925,1.2013,3.0000
285,scouts,15,8.3468,-0.7386,3.0000
285,workers,0,-3.0000,-5.0000,3.0000
285,workers,1,7.0000,-5.0000,3.0000
285,workers,2,-3.0000,5.0000,3.0000
285,workers,3,7.0000,5.0000,3.0000
286,general,0,0.0000,0.0000,5.0000
286,nodes,0,-3.2205,-3.1815,3.0000
286,nodes,1,3.2193,-3.1818,3.0000
286,nodes,2,-6.7836,3.1943,3.0000
286,nodes,3,6.7849,3.1941,3.0000
286,scouts,0,1.1963,-2.3275,3.0000
286,scouts,1,-1.6143,0.7636,3.0000
286,scouts,2,-5.4091,-1.2026,3.0000
286,scouts,3,-1.2025,-3.5117,3.0000
286,scouts,4,5.4085,-1.2018,3.0000
286,scouts,5,1.6143,0.7637,3.0000
286,scouts,6,-1.1963,-2.3274,3.0000
286,scouts,7,1.2025,-3.5117,3.0000
286,scouts,8,-4.5918,1.2015,3.0000
286,scouts,9,-8.7998,3.5077,3.0000
286,scouts,10,-9.5000,2.5045,3.0000
286,scouts,11,-8.3594,-0.7501,3.0000
286,scouts,12,9.5000,2.5043,3.0000
286,scouts,13,8.7999,3.5077,3.0000
286,scouts,14,4.5940,1.2012,3.0000
286,scouts,15,8.3595,-0.7503,3.0000
286,workers,0,-3.0000,-5.0000,3.0000
286,workers,1,7.0000,-5.0000,3.0000
286,workers,2,-3.0000,5.0000,3.0000
286,workers,3,7.0000,5.0000,3.0000
287,general,0,0.0000,0.0000,5.0000
287,nodes,0,-3.2159,-3.1778,3.0000
287,nodes,1,3.2147,-3.1780,3.0000
287,nodes,2,-6.7885,3.1908,3.0000
287,nodes,3,6.7898,3.1907,3.0000
287,scouts,0,1.2118,-2.3188,3.0000
287,scouts,1,-1.6012,0.7757,3.0000
287,scouts,2,-5.4098,-1.2026,3.0000
287,scouts,3,-1.2065,-3.5190,3.0000
287,scouts,4,5.4097,-1.2017,3.0000
287,scouts,5,1.6012,0.7757,3.0000
287,scouts,6,-1.2118,-2.3186,3.0000
287,scouts,7,1.2064,-3.5190,3.0000
287,scouts,8,-4.5929,1.2015,3.0000
287,scouts,9,-8.7949,3.5160,3.0000
287,scouts,10,-9.5000,2.4991,3.0000
287,scouts,11,-8.3720,-0.7617,3.0000
287,scouts,12,9.5000,2.4989,3.0000
287,scouts,13,8.7949,3.5159,3.0000
287,scouts,14,4.5948,1.2013,3.0000
287,scouts,15,8.3721,-0.7620,3.0000
287,workers,0,-3.0000,-5.0000,3.0000
287,workers,1,7.0000,-5.0000,3.0000
287,workers,2,-3.0000,5.0000,3.0000
287,workers,3,7.0000,5.0000,3.0000
288,general,0,0.0000,0.0000,5.0000
288,nodes,0,-3.2112,-3.1739,3.0000
288,nodes,1,3.2101,-3.1741,3.0000
288,nodes,2,-6.7932,3.1872,3.0000
288,nodes,3,6.7946,3.1871,3.0000
288,scouts,0,1.2273,-2.3100,3.0000
288,scouts,1,-1.5880,0.7876,3.0000
288,scouts,2,-5.4083,-1.2021,3.0000
288,scouts,3,-1.2084,-3.5235,3.0000
288,scouts,4,5.4113,-1.2018,3.0000
288,scouts,5,1.5881,0.7877,3.0000
288,scouts,6,-1.2273,-2.3098,3.0000
288,scouts,7,1.2084,-3.5234,3.0000
288,scouts,8,-4.5932,1.2017,3.0000
288,scouts,9,-8.7905,3.5234,3.0000
288,scouts,10,-9.5000,2.4938,3.0000
288,scouts,11,-8.3847,-0.7734,3.0000
288,scouts,12,9.5000,2.4936,3.0000
288,scouts,13,8.7905,3.5234,3.0000
288,scouts,14,4.5949,1.2015,3.0000
288,scouts,15,8.3848,-0.7736,3.0000
288,workers,0,-3.0000,-5.0000,3.0000
288,workers,1,7.0000,-5.0000,3.0000
288,workers,2,-3.0000,5.0000,3.0000
288,workers,3,7.0000,5.0000,3.0000
289,general,0,0.0000,0.0000,5.0000
289,nodes,0,-3.2061,-3.1696,3.0000
289,nodes,1,3.2053,-3.1700,3.0000
289,nodes,2,-6.7981,3.1835,3.0000
289,nodes,3,6.7994,3.1836,3.0000
289,scouts,0,1.2428,-2.3011,3.0000
289,scouts,1,-1.5749,0.7996,3.0000
289,scouts,2,-5.4075,-1.2017,3.0000
289,scouts,3,-1.2087,-3.5254,3.0000
289,scouts,4,5.4105,-1.2016,3.0000
289,scouts,5,1.5749,0.7997,3.0000
289,scouts,6,-1.2427,-2.3010,3.0000
289,scouts,7,1.2087,-3.5254,3.0000
289,scouts,8,-4.5930,1.2020,3.0000
289,scouts,9,-8.7881,3.5281,3.0000
289,scouts,10,-9.5000,2.4885,3.0000
289,scouts,11,-8.3974,-0.7850,3.0000
289,scouts,12,9.5000,2.4883,3.0000
289,scouts,13,8.7881,3.5281,3.0000
289,scouts,14,4.5944,1.2018,3.0000
289,scouts,15,8.3975,-0.7852,3.0000
289,workers,0,-3.0000,-5.0000,3.0000
289,workers,1,7.0000,-5.0000,3.0000
289,workers,2,-3.0000,5.0000,3.0000
289,workers,3,7.0000,5.0000,3.0000
290,general,0,0.0000,0.0000,5.0000
290,nodes,0,-3.2011,-3.1653,3.0000
290,nodes,1,3.2001,-3.1656,3.0000
290,nodes,2,-6.8030,3.1797,3.0000
290,nodes,3,6.8044,3.1796,3.0000
290,scouts,0,1.2583,-2.2923,3.0000
290,scouts,1,-1.5617,0.8116,3.0000
290,scouts,2,-5.4073,-1.2015,3.0000
290,scouts,3,-1.2077,-3.5250,3.0000
290,scouts,4,5.4077,-1.2011,3.0000
290,scouts,5,1.5617,0.8117,3.0000
290,scouts,6,-1.2582,-2.2922,3.0000
290,scouts,7,1.2076,-3.5250,3.0000
290,scouts,8,-4.5921,1.2023,3.0000
290,scouts,9,-8.7873,3.5302,3.0000
290,scouts,10,-9.5000,2.4831,3.0000
290,scouts,11,-8.4101,-0.7966,3.0000
290,scouts,12,9.5000,2.4829,3.0000
290,scouts,13,8.7873,3.5302,3.0000
290,scouts,14,4.5934,1.2022,3.0000
290,scouts,15,8.4102,-0.7968,3.0000
290,workers,0,-3.0000,-5.0000,3.0000
290,workers,1,7.0000,-5.0000,3.0000
290,workers,2,-3.0000,5.0000,3.0000
290,workers,3,7.0000,5.0000,3.0000
291,general,0,0.0000,0.0000,5.0000
291,nodes,0,-3.1960,-3.1608,3.0000
291,nodes,1,3.1947,-3.1611,3.0000
291,nodes,2,-6.8079,3.1756,3.0000
291,nodes,3,6.8094,3.1756,3.0000
291,scouts,0,1.2737,-2.2835,3.0000
291,scouts,1,-1.5485,0.8236,3.0000
291,scouts,2,-5.4076,-1.2014,3.0000
291,scouts,3,-1.2056,-3.5226,3.0000
291,scouts,4,5.4058,-1.2007,3.0000
291,scouts,5,1.5485,0.8236,3.0000
291,scouts,6,-1.2737,-2.2833,3.0000
291,scouts,7,1.2056,-3.5226,3.0000
291,scouts,8,-4.5908,1.2028,3.0000
291,scouts,9,-8.7880,3.5302,3.0000
291,scouts,10,-9.5000,2.4778,3.0000
291,scouts,11,-8.4229,-0.8082,3.0000
291,scouts,12,9.5000,2.4776,3.0000
291,scouts,13,8.7880,3.5302,3.0000
291,scouts,14,4.5919,1.2027,3.0000
291,scouts,15,8.4230,-0.8084,3.0000
291,workers,0,-3.0000,-5.0000,3.0000
291,workers,1,7.0000,-5.0000,3.0000
291,workers,2,-3.0000,5.0000,3.0000
291,workers,3,7.0000,5.0000,3.0000
292,general,0,0.0000,0.0000,5.0000
292,nodes,0,-3.1909,-3.1562,3.0000
292,nodes,1,3.1894,-3.1565,3.0000
292,nodes,2,-6.8130,3.1715,3.0000
292,nodes,3,6.8145,3.1715,3.0000
292,scouts,0,1.2892,-2.2746,3.0000
292,scouts,1,-1.5353,0.8355,3.0000
292,scouts,2,-5.4084,-1.2015,3.0000
292,scouts,3,-1.2028,-3.5184,3.0000
292,scouts,4,5.4046,-1.2006,3.0000
292,scouts,5,1.5353,0.8356,3.0000
292,scouts,6,-1.2892,-2.2745,3.0000
292,scouts,7,1.2027,-3.5184,3.0000
292,scouts,8,-4.5892,1.2033,3.0000
292,scouts,9,-8.7898,3.5281,3.0000
292,scouts,10,-9.5000,2.4726,3.0000
292,scouts,11,-8.4356,-0.8198,3.0000
292,scouts,12,9.5000,2.4723,3.0000
292,scouts,13,8.7898,3.5281,3.0000
292,scouts,14,4.5901,1.2032,3.0000
292,scouts,15,8.4357,-0.8200,3.0000
292,workers,0,-3.0000,-5.0000,3.0000
292,workers,1,7.0000,-5.0000,3.0000
292,workers,2,-3.0000,5.0000,3.0000
292,workers,3,7.0000,5.0000,3.0000
293,general,0,0.0000,0.0000,5.0000
293,nodes,0,-3.1857,-3.1515,3.0000
293,nodes,1,3.1841,-3.1518,3.0000
293,nodes,2,-6.8182,3.1672,3.0000
293,nodes,3,6.8196,3.1671,3.0000
293,scouts,0,1.3047,-2.2657,3.0000
293,scouts,1,-1.5220,0.8475,3.0000
293,scouts,2,-5.4095,-1.2016,3.0000
293,scouts,3,-1.2003,-3.5151,3.0000
293,scouts,4,5.4041,-1.2005,3.0000
293,scouts,5,1.5221,0.8475,3.0000
293,scouts,6,-1.3046,-2.2656,3.0000
293,scouts,7,1.2003,-3.5151,3.0000
293,scouts,8,-4.5897,1.2032,3.0000
293,scouts,9,-8.7926,3.5244,3.0000
293,scouts,10,-9.5000,2.4673,3.0000
293,scouts,11,-8.4484,-0.8313,3.0000
293,scouts,12,9.5000,2.4671,3.0000
293,scouts,13,8.7926,3.5244,3.0000
293,scouts,14,4.5904,1.2030,3.0000
293,scouts,15,8.4485,-0.8315,3.0000
293,workers,0,-3.0000,-5.0000,3.0000
293,workers,1,7.0000,-5.0000,3.0000
293,workers,2,-3.0000,5.0000,3.0000
293,workers,3,7.0000,5.0000,3.0000
294,general,0,0.0000,0.0000,5.0000
294,nodes,0,-3.1806,-3.1469,3.0000
294,nodes,1,3.1789,-3.1472,3.0000
294,nodes,2,-6.8237,3.1627,3.0000
294,nodes,3,6.8250,3.1627,3.0000
294,scouts,0,1.3201,-2.2568,3.0000
294,scouts,1,-1.5088,0.8594,3.0000
294,scouts,2,-5.4110,-1.2018,3.0000
294,scouts,3,-1.1983,-3.5125,3.0000
294,scouts,4,5.4041,-1.2006,3.0000
294,scouts,5,1.5088,0.8594,3.0000
294,scouts,6,-1.3201,-2.2567,3.0000
294,scouts,7,1.1983,-3.5125,3.0000
294,scouts,8,-4.5921,1.2024,3.0000
294,scouts,9,-8.7961,3.5191,3.0000
294,scouts,10,-9.5000,2.4620,3.0000
294,scouts,11,-8.4612,-0.8428,3.0000
294,scouts,12,9.5000,2.4618,3.0000
294,scouts,13,8.7961,3.5191,3.0000
294,scouts,14,4.5927,1.2022,3.0000
294,scouts,15,8.4613,-0.8430,3.0000
294,workers,0,-3.0000,-5.0000,3.0000
294,workers,1,7.0000,-5.0000,3.0000
294,workers,2,-3.0000,5.0000,3.0000
294,workers,3,7.0000,5.0000,3.0000
295,general,0,0.0000,0.0000,5.0000
295,nodes,0,-3.1755,-3.1423,3.0000
295,nodes,1,3.1738,-3.1426,3.0000
295,nodes,2,-6.8292,3.1580,3.0000
295,nodes,3,6.8306,3.1581,3.0000
295,scouts,0,1.3356,-2.2479,3.0000
295,scouts,1,-1.4955,0.8713,3.0000
295,scouts,2,-5.4102,-1.2017,3.0000
295,scouts,3,-1.1965,-3.5105,3.0000
295,scouts,4,5.4047,-1.2007,3.0000
295,scouts,5,1.4956,0.8713,3.0000
295,scouts,6,-1.3355,-2.2478,3.0000
295,scouts,7,1.1965,-3.5105,3.0000
295,scouts,8,-4.5936,1.2018,3.0000
295,scouts,9,-8.7990,3.5148,3.0000
295,scouts,10,-9.5000,2.4568,3.0000
295,scouts,11,-8.4740,-0.8543,3.0000
295,scouts,12,9.5000,2.4566,3.0000
295,scouts,13,8.7990,3.5148,3.0000
295,scouts,14,4.5941,1.2016,3.0000
295,scouts,15,8.4741,-0.8545,3.0000
295,workers,0,-3.0000,-5.0000,3.0000
295,workers,1,7.0000,-5.0000,3.0000
295,workers,2,-3.0000,5.0000,3.0000
295,workers,3,7.0000,5.0000,3.0000
296,general,0,0.0000,0.0000,5.0000
296,nodes,0,-3.1702,-3.1377,3.0000
296,nodes,1,3.1687,-3.1380,3.0000
296,nodes,2,-6.8347,3.1536,3.0000
296,nodes,3,6.8360,3.1536,3.0000
296,scouts,0,1.3510,-2.2389,3.0000
296,scouts,1,-1.4822,0.8832,3.0000
296,scouts,2,-5.4074,-1.2012,3.0000
296,scouts,3,-1.1950,-3.5091,3.0000
296,scouts,4,5.4056,-1.2010,3.0000
296,scouts,5,1.4823,0.8832,3.0000
296,scouts,6,-1.3510,-2.2388,3.0000
296,scouts,7,1.1950,-3.5091,3.0000
296,scouts,8,-4.5943,1.2015,3.0000
296,scouts,9,-8.8015,3.5115,3.0000
296,scouts,10,-9.5000,2.4515,3.0000
296,scouts,11,-8.4868,-0.8658,3.0000
296,scouts,12,9.5000,2.4513,3.0000
296,scouts,13,8.8015,3.5115,3.0000
296,scouts,14,4.5947,1.2012,3.0000
296,scouts,15,8.4869,-0.8660,3.0000
296,workers,0,-3.0000,-5.0000,3.0000
296,workers,1,7.0000,-5.0000,3.0000
296,workers,2,-3.0000,5.0000,3.0000
296,workers,3,7.0000,5.0000,3.0000
297,general,0,0.0000,0.0000,5.0000
297,nodes,0,-3.1648,-3.1332,3.0000
297,nodes,1,3.1637,-3.1336,3.0000
297,nodes,2,-6.8400,3.1492,3.0000
297,nodes,3,6.8413,3.1492,3.0000
297,scouts,0,1.3665,-2.2300,3.0000
297,scouts,1,-1.4689,0.8950,3.0000
297,scouts,2,-5.4054,-1.2009,3.0000
297,scouts,3,-1.1937,-3.5082,3.0000
297,scouts,4,5.4069,-1.2013,3.0000
297,scouts,5,1.4689,0.8951,3.0000
297,scouts,6,-1.3664,-2.2299,3.0000
297,scouts,7,1.1937,-3.5082,3.0000
297,scouts,8,-4.5943,1.2013,3.0000
297,scouts,9,-8.8034,3.5089,3.0000
297,scouts,10,-9.5000,2.4463,3.0000
297,scouts,11,-8.4997,-0.8772,3.0000
297,scouts,12,9.5000,2.4461,3.0000
297,scouts,13,8.8034,3.5089,3.0000
297,scouts,14,4.5946,1.2010,3.0000
297,scouts,15,8.4998,-0.8774,3.0000
297,workers,0,-3.0000,-5.0000,3.0000
297,workers,1,7.0000,-5.0000,3.0000
297,workers,2,-3.0000,5.0000,3.0000
297,workers,3,7.0000,5.0000,3.0000
298,general,0,0.0000,0.0000,5.0000
298,nodes,0,-3.1597,-3.1286,3.0000
298,nodes,1,3.1588,-3.1291,3.0000
298,nodes,2,-6.8453,3.1448,3.0000
298,nodes,3,6.8465,3.1450,3.0000
298,scouts,0,1.3819,-2.2210,3.0000
298,scouts,1,-1.4555,0.9069,3.0000
298,scouts,2,-5.4042,-1.2008,3.0000
298,scouts,3,-1.1926,-3.5077,3.0000
298,scouts,4,5.4086,-1.2017,3.0000
298,scouts,5,1.4556,0.9069,3.0000
298,scouts,6,-1.3818,-2.2209,3.0000
298,scouts,7,1.1926,-3.5077,3.0000
298,scouts,8,-4.5938,1.2013,3.0000
298,scouts,9,-8.8050,3.5070,3.0000
298,scouts,10,-9.5000,2.4411,3.0000
298,scouts,11,-8.5125,-0.8886,3.0000
298,scouts,12,9.5000,2.4409,3.0000
298,scouts,13,8.8050,3.5070,3.0000
298,scouts,14,4.5940,1.2010,3.0000
298,scouts,15,8.5126,-0.8888,3.0000
298,workers,0,-3.0000,-5.0000,3.0000
298,workers,1,7.0000,-5.0000,3.0000
298,workers,2,-3.0000,5.0000,3.0000
298,workers,3,7.0000,5.0000,3.0000
299,general,0,0.0000,0.0000,5.0000
299,nodes,0,-3.1544,-3.1242,3.0000
299,nodes,1,3.1537,-3.1247,3.0000
299,nodes,2,-6.8505,3.1406,3.0000
299,nodes,3,6.8517,3.1408,3.0000
299,scouts,0,1.3973,-2.2120,3.0000
299,scouts,1,-1.4422,0.9187,3.0000
299,scouts,2,-5.4036,-1.2008,3.0000
299,scouts,3,-1.1917,-3.5076,3.0000
299,scouts,4,5.4105,-1.2021,3.0000
299,scouts,5,1.4422,0.9187,3.0000
299,scouts,6,-1.3973,-2.2119,3.0000
299,scouts,7,1.1917,-3.5076,3.0000
299,scouts,8,-4.5927,1.2014,3.0000
299,scouts,9,-8.8063,3.5057,3.0000
299,scouts,10,-9.5000,2.4359,3.0000
299,scouts,11,-8.5254,-0.9000,3.0000
299,scouts,12,9.5000,2.4357,3.0000
299,scouts,13,8.8063,3.5057,3.0000
299,scouts,14,4.5929,1.2011,3.0000
299,scouts,15,8.5255,-0.9002,3.0000
299,workers,0,-3.0000,-5.0000,3.0000
299,workers,1,7.0000,-5.0000,3.0000
299,workers,2,-3.0000,5.0000,3.0000
299,workers,3,7.0000,5.0000,3.0000
300,general,0,0.0000,0.0000,5.0000
300,nodes,0,-3.1493,-3.1198,3.0000
300,nodes,1,3.1585,-3.1225,3.0000
300,nodes,2,-6.8472,3.1448,3.0000
300,nodes,3,6.8545,3.1462,3.0000
300,scouts,0,1.4127,-2.2030,3.0000
300,scouts,1,-1.4288,0.9305,3.0000
300,scouts,2,-5.4036,-1.2008,3.0000
300,scouts,3,-1.1910,-3.5078,3.0000
300,scouts,4,5.4153,-1.2025,3.0000
300,scouts,5,1.4336,0.9289,3.0000
300,scouts,6,-1.4078,-2.2039,3.0000
300,scouts,7,1.1937,-3.5078,3.0000
300,scouts,8,-4.5893,1.2035,3.0000
300,scouts,9,-8.8054,3.5068,3.0000
300,scouts,10,-9.5000,2.4339,3.0000
300,scouts,11,-8.5344,-0.9078,3.0000
300,scouts,12,9.5000,2.4338,3.0000
300,scouts,13,8.8073,3.5075,3.0000
300,scouts,14,4.5913,1.2040,3.0000
300,scouts,15,8.5364,-0.9072,3.0000
300,workers,0,-3.0000,-5.0000,3.0000
300,workers,1,7.0000,-5.0000,3.0000
300,workers,2,-3.0000,5.0000,3.0000
300,workers,3,7.0000,5.0000,3.0000
301,general,0,0.0000,0.0000,5.0000
301,nodes,0,-3.1443,-3.1154,3.0000
301,nodes,1,3.1609,-3.1197,3.0000
301,nodes,2,-6.8463,3.1465,3.0000
301,nodes,3,6.8579,3.1492,3.0000
301,scouts,0,1.4281,-2.1940,3.0000
301,scouts,1,-1.4153,0.9422,3.0000
301,scouts,2,-5.4041,-1.2010,3.0000
301,scouts,3,-1.1904,-3.5083,3.0000
301,scouts,4,5.4227,-1.2030,3.0000
301,scouts,5,1.4290,0.9377,3.0000
301,scouts,6,-1.4141,-2.1967,3.0000
301,scouts,7,1.1980,-3.5082,3.0000
301,scouts,8,-4.5839,1.2074,3.0000
301,scouts,9,-8.8026,3.5099,3.0000
301,scouts,10,-9.5000,2.4346,3.0000
301,scouts,11,-8.5399,-0.9125,3.0000
301,scouts,12,9.5000,2.4347,3.0000
301,scouts,13,8.8080,3.5121,3.0000
301,scouts,14,4.5894,1.2093,3.0000
301,scouts,15,8.5456,-0.9105,3.0000
301,workers,0,-3.0000,-5.0000,3.0000
301,workers,1,7.0000,-5.0000,3.0000
301,workers,2,-3.0000,5.0000,3.0000
301,workers,3,7.0000,5.0000,3.0000
302,general,0,0.0000,0.0000,5.0000
302,nodes,0,-3.1392,-3.1110,3.0000
302,nodes,1,3.1656,-3.1174,3.0000
302,nodes,2,-6.8432,3.1503,3.0000
302,nodes,3,6.8608,3.1542,3.0000
302,scouts,0,1.4436,-2.1850,3.0000
302,scouts,1,-1.4018,0.9539,3.0000
302,scouts,2,-5.4051,-1.2012,3.0000
302,scouts,3,-1.1898,-3.5090,3.0000
302,scouts,4,5.4322,-1.2036,3.0000
302,scouts,5,1.4280,0.9453,3.0000
302,scouts,6,-1.4167,-2.1903,3.0000
302,scouts,7,1.2045,-3.5089,3.0000
302,scouts,8,-4.5767,1.2128,3.0000
302,scouts,9,-8.7982,3.5148,3.0000
302,scouts,10,-9.5000,2.4376,3.0000
302,scouts,11,-8.5424,-0.9146,3.0000
302,scouts,12,9.5000,2.4379,3.0000
302,scouts,13,8.8085,3.5191,3.0000
302,scouts,14,4.5871,1.2167,3.0000
302,scouts,15,8.5533,-0.9106,3.0000
302,workers,0,-3.0000,-5.0000,3.0000
302,workers,1,7.0000,-5.0000,3.0000
302,workers,2,-3.0000,5.0000,3.0000
302,workers,3,7.0000,5.0000,3.0000
303,general,0,0.0000,0.0000,5.0000
303,nodes,0,-3.1342,-3.1067,3.0000
303,nodes,1,3.1705,-3.1152,3.0000
303,nodes,2,-6.8401,3.1540,3.0000
303,nodes,3,6.8635,3.1596,3.0000
303,scouts,0,1.4590,-2.1760,3.0000
303,scouts,1,-1.3883,0.9656,3.0000
303,scouts,2,-5.4064,-1.2015,3.0000
303,scouts,3,-1.1921,-3.5101,3.0000
303,scouts,4,5.4437,-1.2041,3.0000
303,scouts,5,1.4301,0.9518,3.0000
303,scouts,6,-1.4161,-2.1845,3.0000
303,scouts,7,1.2128,-3.5098,3.0000
303,scouts,8,-4.5680,1.2195,3.0000
303,scouts,9,-8.7924,3.5213,3.0000
303,scouts,10,-9.5000,2.4427,3.0000
303,scouts,11,-8.5423,-0.9144,3.0000
303,scouts,12,9.5000,2.4434,3.0000
303,scouts,13,8.8089,3.5282,3.0000
303,scouts,14,4.5846,1.2259,3.0000
303,scouts,15,8.5596,-0.9078,3.0000
303,workers,0,-3.0000,-5.0000,3.0000
303,workers,1,7.0000,-5.0000,3.0000
303,workers,2,-3.0000,5.0000,3.0000
303,workers,3,7.0000,5.0000,3.0000
304,general,0,0.0000,0.0000,5.0000
304,nodes,0,-3.1296,-3.1024,3.0000
304,nodes,1,3.1762,-3.1131,3.0000
304,nodes,2,-6.8362,3.1584,3.0000
304,nodes,3,6.8660,3.1657,3.0000
304,scouts,0,1.4744,-2.1669,3.0000
304,scouts,1,-1.3748,0.9773,3.0000
304,scouts,2,-5.4080,-1.2019,3.0000
304,scouts,3,-1.1940,-3.5114,3.0000
304,scouts,4,5.4567,-1.2047,3.0000
304,scouts,5,1.4348,0.9575,3.0000
304,scouts,6,-1.4128,-2.1792,3.0000
304,scouts,7,1.2226,-3.5109,3.0000
304,scouts,8,-4.5580,1.2273,3.0000
304,scouts,9,-8.7853,3.5292,3.0000
304,scouts,10,-9.5000,2.4496,3.0000
304,scouts,11,-8.5400,-0.9122,3.0000
304,scouts,12,9.5000,2.4506,3.0000
304,scouts,13,8.8090,3.5390,3.0000
304,scouts,14,4.5818,1.2367,3.0000
304,scouts,15,8.5649,-0.9026,3.0000
304,workers,0,-3.0000,-5.0000,3.0000
304,workers,1,7.0000,-5.0000,3.0000
304,workers,2,-3.0000,5.0000,3.0000
304,workers,3,7.0000,5.0000,3.0000
305,general,0,0.0000,0.0000,5.0000
305,nodes,0,-3.1248,-3.0981,3.0000
305,nodes,1,3.1827,-3.1111,3.0000
305,nodes,2,-6.8319,3.1633,3.0000
305,nodes,3,6.8685,3.1721,3.0000
305,scouts,0,1.4898,-2.1578,3.0000
305,scouts,1,-1.3612,0.9889,3.0000
305,scouts,2,-5.4100,-1.2023,3.0000
305,scouts,3,-1.1957,-3.5129,3.0000
305,scouts,4,5.4712,-1.2053,3.0000
305,scouts,5,1.4419,0.9623,3.0000
305,scouts,6,-1.4071,-2.1744,3.0000
305,scouts,7,1.2339,-3.5121,3.0000
305,scouts,8,-4.5469,1.2360,3.0000
305,scouts,9,-8.7772,3.5382,3.0000
305,scouts,10,-9.5000,2.4580,3.0000
305,scouts,11,-8.5357,-0.9082,3.0000
305,scouts,12,9.5000,2.4594,3.0000
305,scouts,13,8.8090,3.5514,3.0000
305,scouts,14,4.5788,1.2488,3.0000
305,scouts,15,8.5691,-0.8953,3.0000
305,workers,0,-3.0000,-5.0000,3.0000
305,workers,1,7.0000,-5.0000,3.0000
305,workers,2,-3.0000,5.0000,3.0000
305,workers,3,7.0000,5.0000,3.0000
306,general,0,0.0000,0.0000,5.0000
306,nodes,0,-3.1200,-3.0939,3.0000
306,nodes,1,3.1894,-3.1093,3.0000
306,nodes,2,-6.8272,3.1685,3.0000
306,nodes,3,6.8707,3.1793,3.0000
306,scouts,0,1.5051,-2.1487,3.0000
306,scouts,1,-1.3476,1.0005,3.0000
306,scouts,2,-5.4095,-1.2021,3.0000
306,scouts,3,-1.1973,-3.5144,3.0000
306,scouts,4,5.4869,-1.2059,3.0000
306,scouts,5,1.4510,0.9664,3.0000
306,scouts,6,-1.3993,-2.1700,3.0000
306,scouts,7,1.2463,-3.5135,3.0000
306,scouts,8,-4.5348,1.2457,3.0000
306,scouts,9,-8.7682,3.5482,3.0000
306,scouts,10,-9.4985,2.4677,3.0000
306,scouts,11,-8.5298,-0.9028,3.0000
306,scouts,12,9.5000,2.4696,3.0000
306,scouts,13,8.8089,3.5651,3.0000
306,scouts,14,4.5756,1.2622,3.0000
306,scouts,15,8.5725,-0.8862,3.0000
306,workers,0,-3.0000,-5.0000,3.0000
306,workers,1,7.0000,-5.0000,3.0000
306,workers,2,-3.0000,5.0000,3.0000
306,workers,3,7.0000,5.0000,3.0000
307,general,0,0.0000,0.0000,5.0000
307,nodes,0,-3.1150,-3.0895,3.0000
307,nodes,1,3.1968,-3.1074,3.0000
307,nodes,2,-6.8221,3.1740,3.0000
307,nodes,3,6.8729,3.1865,3.0000
307,scouts,0,1.5205,-2.1396,3.0000
307,scouts,1,-1.3339,1.0120,3.0000
307,scouts,2,-5.4096,-1.2021,3.0000
307,scouts,3,-1.1986,-3.5160,3.0000
307,scouts,4,5.5037,-1.2065,3.0000
307,scouts,5,1.4618,0.9700,3.0000
307,scouts,6,-1.3897,-2.1660,3.0000
307,scouts,7,1.2598,-3.5149,3.0000
307,scouts,8,-4.5218,1.2560,3.0000
307,scouts,9,-8.7584,3.5591,3.0000
307,scouts,10,-9.4956,2.4786,3.0000
307,scouts,11,-8.5224,-0.8960,3.0000
307,scouts,12,9.5000,2.4809,3.0000
307,scouts,13,8.8087,3.5800,3.0000
307,scouts,14,4.5722,1.2765,3.0000
307,scouts,15,8.5751,-0.8755,3.0000
307,workers,0,-3.0000,-5.0000,3.0000
307,workers,1,7.0000,-5.0000,3.0000
307,workers,2,-3.0000,5.0000,3.0000
307,workers,3,7.0000,5.0000,3.0000
308,general,0,0.0000,0.0000,5.0000
308,nodes,0,-3.1101,-3.0851,3.0000
308,nodes,1,3.2045,-3.1058,3.0000
308,nodes,2,-6.8166,3.1798,3.0000
308,nodes,3,6.8750,3.1942,3.0000
308,scouts,0,1.5359,-2.1304,3.0000
308,scouts,1,-1.3202,1.0235,3.0000
308,scouts,2,-5.4103,-1.2021,3.0000
308,scouts,3,-1.1998,-3.5177,3.0000
308,scouts,4,5.5214,-1.2071,3.0000
308,scouts,5,1.4741,0.9730,3.0000
308,scouts,6,-1.3786,-2.1623,3.0000
308,scouts,7,1.2742,-3.5165,3.0000
308,scouts,8,-4.5081,1.2670,3.0000
308,scouts,9,-8.7478,3.5707,3.0000
308,scouts,10,-9.4913,2.4905,3.0000
308,scouts,11,-8.5138,-0.8881,3.0000
308,scouts,12,9.5000,2.4933,3.0000
308,scouts,13,8.8084,3.5959,3.0000
308,scouts,14,4.5687,1.2917,3.0000
308,scouts,15,8.5771,-0.8634,3.0000
308,workers,0,-3.0000,-5.0000,3.0000
308,workers,1,7.0000,-5.0000,3.0000
308,workers,2,-3.0000,5.0000,3.0000
308,workers,3,7.0000,5.0000,3.0000
309,general,0,0.0000,0.0000,5.0000
309,nodes,0,-3.1052,-3.0809,3.0000
309,nodes,1,3.2125,-3.1041,3.0000
309,nodes,2,-6.8110,3.1858,3.0000
309,nodes,3,6.8768,3.2023,3.0000
309,scouts,0,1.5513,-2.1213,3.0000
309,scouts,1,-1.3065,1.0349,3.0000
309,scouts,2,-5.4087,-1.2017,3.0000
309,scouts,3,-1.2008,-3.5195,3.0000
309,scouts,4,5.5400,-1.2077,3.0000
309,scouts,5,1.4877,0.9756,3.0000
309,scouts,6,-1.3661,-2.1589,3.0000
309,scouts,7,1.2893,-3.5181,3.0000
309,scouts,8,-4.4938,1.2786,3.0000
309,scouts,9,-8.7367,3.5830,3.0000
309,scouts,10,-9.4860,2.5032,3.0000
309,scouts,11,-8.5040,-0.8793,3.0000
309,scouts,12,9.5000,2.5066,3.0000
309,scouts,13,8.8081,3.6127,3.0000
309,scouts,14,4.5652,1.3077,3.0000
309,scouts,15,8.5786,-0.8502,3.0000
309,workers,0,-3.0000,-5.0000,3.0000
309,workers,1,7.0000,-5.0000,3.0000
309,workers,2,-3.0000,5.0000,3.0000
309,workers,3,7.0000,5.0000,3.0000
310,general,0,0.0000,0.0000,5.0000
310,nodes,0,-3.1000,-3.0766,3.0000
310,nodes,1,3.2208,-3.1025,3.0000
310,nodes,2,-6.8051,3.1920,3.0000
310,nodes,3,6.8788,3.2105,3.0000
310,scouts,0,1.5666,-2.1121,3.0000
310,scouts,1,-1.2926,1.0462,3.0000
310,scouts,2,-5.4078,-1.2014,3.0000
310,scouts,3,-1.2017,-3.5213,3.0000
310,scouts,4,5.5592,-1.2084,3.0000
310,scouts,5,1.5024,0.9777,3.0000
310,scouts,6,-1.3524,-2.1557,3.0000
310,scouts,7,1.3052,-3.5199,3.0000
310,scouts,8,-4.4789,1.2906,3.0000
310,scouts,9,-8.7251,3.5959,3.0000
310,scouts,10,-9.4798,2.5166,3.0000
310,scouts,11,-8.4933,-0.8696,3.0000
310,scouts,12,9.5000,2.5206,3.0000
310,scouts,13,8.8076,3.6302,3.0000
310,scouts,14,4.5615,1.3244,3.0000
310,scouts,15,8.5795,-0.8359,3.0000
310,workers,0,-3.0000,-5.0000,3.0000
310,workers,1,7.0000,-5.0000,3.0000
310,workers,2,-3.0000,5.0000,3.0000
310,workers,3,7.0000,5.0000,3.0000
311,general,0,0.0000,0.0000,5.0000
311,nodes,0,-3.0951,-3.0724,3.0000
311,nodes,1,3.2293,-3.1010,3.0000
311,nodes,2,-6.7990,3.1985,3.0000
311,nodes,3,6.8806,3.2189,3.0000
311,scouts,0,1.5820,-2.1029,3.0000
311,scouts,1,-1.2787,1.0575,3.0000
311,scouts,2,-5.4075,-1.2012,3.0000
311,scouts,3,-1.2022,-3.5205,3.0000
311,scouts,4,5.5790,-1.2090,3.0000
311,scouts,5,1.5182,0.9796,3.0000
311,scouts,6,-1.3378,-2.1527,3.0000
311,scouts,7,1.3216,-3.5216,3.0000
311,scouts,8,-4.4635,1.3030,3.0000
311,scouts,9,-8.7130,3.6092,3.0000
311,scouts,10,-9.4727,2.5307,3.0000
311,scouts,11,-8.4818,-0.8592,3.0000
311,scouts,12,9.5000,2.5353,3.0000
311,scouts,13,8.8071,3.6484,3.0000
311,scouts,14,4.5577,1.3416,3.0000
311,scouts,15,8.5801,-0.8207,3.0000
311,workers,0,-3.0000,-5.0000,3.0000
311,workers,1,7.0000,-5.0000,3.0000
311,workers,2,-3.0000,5.0000,3.0000
311,workers,3,7.0000,5.0000,3.0000
312,general,0,0.0000,0.0000,5.0000
312,nodes,0,-3.0899,-3.0678,3.0000
312,nodes,1,3.2381,-3.0995,3.0000
312,nodes,2,-6.7927,3.2051,3.0000
312,nodes,3,6.8824,3.2276,3.0000
312,scouts,0,1.5973,-2.0937,3.0000
312,scouts,1,-1.2647,1.0686,3.0000
312,scouts,2,-5.4078,-1.2012,3.0000
312,scouts,3,-1.2020,-3.5175,3.0000
312,scouts,4,5.5994,-1.2096,3.0000
312,scouts,5,1.5348,0.9812,3.0000
312,scouts,6,-1.3222,-2.1498,3.0000
312,scouts,7,1.3385,-3.5234,3.0000
312,scouts,8,-4.4477,1.3158,3.0000
312,scouts,9,-8.7005,3.6230,3.0000
312,scouts,10,-9.4649,2.5454,3.0000
312,scouts,11,-8.4696,-0.8481,3.0000
312,scouts,12,9.5000,2.5505,3.0000
312,scouts,13,8.8065,3.6671,3.0000
312,scouts,14,4.5538,1.3593,3.0000
312,scouts,15,8.5802,-0.8048,3.0000
312,workers,0,-3.0000,-5.0000,3.0000
312,workers,1,7.0000,-5.0000,3.0000
312,workers,2,-3.0000,5.0000,3.0000
312,workers,3,7.0000,5.0000,3.0000
313,general,0,0.0000,0.0000,5.0000
313,nodes,0,-3.0849,-3.0632,3.0000
313,nodes,1,3.2470,-3.0979,3.0000
313,nodes,2,-6.7862,3.2119,3.0000
313,nodes,3,6.8842,3.2364,3.0000
313,scouts,0,1.6127,-2.0845,3.0000
313,scouts,1,-1.2507,1.0796,3.0000
313,scouts,2,-5.4086,-1.2012,3.0000
313,scouts,3,-1.2019,-3.5152,3.0000
313,scouts,4,5.6202,-1.2103,3.0000
313,scouts,5,1.5521,0.9825,3.0000
313,scouts,6,-1.3058,-2.1471,3.0000
313,scouts,7,1.3558,-3.5253,3.0000
313,scouts,8,-4.4315,1.3289,3.0000
313,scouts,9,-8.6877,3.6371,3.0000
313,scouts,10,-9.4565,2.5605,3.0000
313,scouts,11,-8.4567,-0.8366,3.0000
313,scouts,12,9.5000,2.5662,3.0000
313,scouts,13,8.8059,3.6864,3.0000
313,scouts,14,4.5499,1.3774,3.0000
313,scouts,15,8.5801,-0.7882,3.0000
313,workers,0,-3.0000,-5.0000,3.0000
313,workers,1,7.0000,-5.0000,3.0000
313,workers,2,-3.0000,5.0000,3.0000
313,workers,3,7.0000,5.0000,3.0000
314,general,0,0.0000,0.0000,5.0000
314,nodes,0,-3.0799,-3.0588,3.0000
314,nodes,1,3.2562,-3.0964,3.0000
314,nodes,2,-6.7797,3.2187,3.0000
314,nodes,3,6.8859,3.2454,3.0000
314,scouts,0,1.6280,-2.0752,3.0000
314,scouts,1,-1.2364,1.0905,3.0000
314,scouts,2,-5.4097,-1.2013,3.0000
314,scouts,3,-1.2018,-3.5135,3.0000
314,scouts,4,5.6414,-1.2109,3.0000
314,scouts,5,1.5701,0.9836,3.0000
314,scouts,6,-1.2888,-2.1446,3.0000
314,scouts,7,1.3735,-3.5272,3.0000
314,scouts,8,-4.4150,1.3422,3.0000
314,scouts,9,-8.6746,3.6516,3.0000
314,scouts,10,-9.4475,2.5760,3.0000
314,scouts,11,-8.4433,-0.8245,3.0000
314,scouts,12,9.5000,2.5824,3.0000
314,scouts,13,8.8053,3.7060,3.0000
314,scouts,14,4.5459,1.3959,3.0000
314,scouts,15,8.5797,-0.7710,3.0000
314,workers,0,-3.0000,-5.0000,3.0000
314,workers,1,7.0000,-5.0000,3.0000
314,workers,2,-3.0000,5.0000,3.0000
314,workers,3,7.0000,5.0000,3.0000
315,general,0,0.0000,0.0000,5.0000
315,nodes,0,-3.0749,-3.0543,3.0000
315,nodes,1,3.2654,-3.0951,3.0000
315,nodes,2,-6.7730,3.2257,3.0000
315,nodes,3,6.8876,3.2544,3.0000
315,scouts,0,1.6434,-2.0659,3.0000
315,scouts,1,-1.2221,1.1010,3.0000
315,scouts,2,-5.4112,-1.2015,3.0000
315,scouts,3,-1.2018,-3.5123,3.0000
315,scouts,4,5.6629,-1.2115,3.0000
315,scouts,5,1.5886,0.9845,3.0000
315,scouts,6,-1.2713,-2.1421,3.0000
315,scouts,7,1.3916,-3.5291,3.0000
315,scouts,8,-4.3983,1.3558,3.0000
315,scouts,9,-8.6613,3.6663,3.0000
315,scouts,10,-9.4381,2.5919,3.0000
315,scouts,11,-8.4295,-0.8121,3.0000
315,scouts,12,9.5000,2.5989,3.0000
315,scouts,13,8.8046,3.7261,3.0000
315,scouts,14,4.5419,1.4148,3.0000
315,scouts,15,8.5790,-0.7534,3.0000
315,workers,0,-3.0000,-5.0000,3.0000
315,workers,1,7.0000,-5.0000,3.0000
315,workers,2,-3.0000,5.0000,3.0000
315,workers,3,7.0000,5.0000,3.0000
316,general,0,0.0000,0.0000,5.0000
316,nodes,0,-3.0699,-3.0500,3.0000
316,nodes,1,3.2748,-3.0937,3.0000
316,nodes,2,-6.7663,3.2327,3.0000
316,nodes,3,6.8892,3.2637,3.0000
316,scouts,0,1.6587,-2.0566,3.0000
316,scouts,1,-1.2074,1.1111,3.0000
316,scouts,2,-5.4104,-1.2014,3.0000
316,scouts,3,-1.2017,-3.5115,3.0000
316,scouts,4,5.6848,-1.2122,3.0000
316,scouts,5,1.6076,0.9853,3.0000
316,scouts,6,-1.2532,-2.1398,3.0000
316,scouts,7,1.4099,-3.5311,3.0000
316,scouts,8,-4.3813,1.3695,3.0000
316,scouts,9,-8.6477,3.6812,3.0000
316,scouts,10,-9.4283,2.6081,3.0000
316,scouts,11,-8.4153,-0.7993,3.0000
316,scouts,12,9.5000,2.6157,3.0000
316,scouts,13,8.8039,3.7464,3.0000
316,scouts,14,4.5379,1.4339,3.0000
316,scouts,15,8.5782,-0.7353,3.0000
316,workers,0,-3.0000,-5.0000,3.0000
316,workers,1,7.0000,-5.0000,3.0000
316,workers,2,-3.0000,5.0000,3.0000
316,workers,3,7.0000,5.0000,3.0000
317,general,0,0.0000,0.0000,5.0000
317,nodes,0,-3.0647,-3.0456,3.0000
317,nodes,1,3.2843,-3.0923,3.0000
317,nodes,2,-6.7594,3.2399,3.0000
317,nodes,3,6.8908,3.2729,3.0000
317,scouts,0,1.6740,-2.0473,3.0000
317,scouts,1,-1.1950,1.1198,3.0000
317,scouts,2,-5.4075,-1.2010,3.0000
317,scouts,3,-1.2017,-3.5112,3.0000
317,scouts,4,5.7069,-1.2128,3.0000
317,scouts,5,1.6270,0.9859,3.0000
317,scouts,6,-1.2347,-2.1375,3.0000
317,scouts,7,1.4285,-3.5330,3.0000
317,scouts,8,-4.3641,1.3835,3.0000
317,scouts,9,-8.6339,3.6964,3.0000
317,scouts,10,-9.4181,2.6246,3.0000
317,scouts,11,-8.4007,-0.7862,3.0000
317,scouts,12,9.5000,2.6328,3.0000
317,scouts,13,8.8032,3.7670,3.0000
317,scouts,14,4.5338,1.4532,3.0000
317,scouts,15,8.5771,-0.7169,3.0000
317,workers,0,-3.0000,-5.0000,3.0000
317,workers,1,7.0000,-5.0000,3.0000
317,workers,2,-3.0000,5.0000,3.0000
317,workers,3,7.0000,5.0000,3.0000
318,general,0,0.0000,0.0000,5.0000
318,nodes,0,-3.0596,-3.0414,3.0000
318,nodes,1,3.2939,-3.0910,3.0000
318,nodes,2,-6.7525,3.2469,3.0000
318,nodes,3,6.8923,3.2822,3.0000
318,scouts,0,1.6893,-2.0380,3.0000
318,scouts,1,-1.1857,1.1248,3.0000
318,scouts,2,-5.4056,-1.2007,3.0000
318,scouts,3,-1.2018,-3.5111,3.0000
318,scouts,4,5.7293,-1.2134,3.0000
318,scouts,5,1.6468,0.9864,3.0000
318,scouts,6,-1.2158,-2.1352,3.0000
318,scouts,7,1.4473,-3.5350,3.0000
318,scouts,8,-4.3468,1.3975,3.0000
318,scouts,9,-8.6200,3.7117,3.0000
318,scouts,10,-9.4077,2.6413,3.0000
318,scouts,11,-8.3858,-0.7729,3.0000
318,scouts,12,9.5000,2.6501,3.0000
318,scouts,13,8.8024,3.7879,3.0000
318,scouts,14,4.5297,1.4727,3.0000
318,scouts,15,8.5760,-0.6981,3.0000
318,workers,0,-3.0000,-5.0000,3.0000
318,workers,1,7.0000,-5.0000,3.0000
318,workers,2,-3.0000,5.0000,3.0000
318,workers,3,7.0000,5.0000,3.0000
319,general,0,0.0000,0.0000,5.0000
319,nodes,0,-3.0548,-3.0375,3.0000
319,nodes,1,3.3036,-3.0895,3.0000
319,nodes,2,-6.7454,3.2541,3.0000
319,nodes,3,6.8940,3.2915,3.0000
319,scouts,0,1.7046,-2.0287,3.0000
319,scouts,1,-1.1798,1.1272,3.0000
319,scouts,2,-5.4044,-1.2006,3.0000
319,scouts,3,-1.2018,-3.5114,3.0000
319,scouts,4,5.7518,-1.2141,3.0000
319,scouts,5,1.6670,0.9868,3.0000
319,scouts,6,-1.1966,-2.1331,3.0000
319,scouts,7,1.4663,-3.5370,3.0000
319,scouts,8,-4.3292,1.4117,3.0000
319,scouts,9,-8.6059,3.7272,3.0000
319,scouts,10,-9.3969,2.6581,3.0000
319,scouts,11,-8.3706,-0.7593,3.0000
319,scouts,12,9.5000,2.6676,3.0000
319,scouts,13,8.8017,3.8089,3.0000
319,scouts,14,4.5256,1.4924,3.0000
319,scouts,15,8.5747,-0.6791,3.0000
319,workers,0,-3.0000,-5.0000,3.0000
319,workers,1,7.0000,-5.0000,3.0000
319,workers,2,-3.0000,5.0000,3.0000
319,workers,3,7.0000,5.0000,3.0000
320,general,0,0.0000,0.0000,5.0000
320,nodes,0,-3.0504,-3.0338,3.0000
320,nodes,1,3.3134,-3.0882,3.0000
320,nodes,2,-6.7383,3.2614,3.0000
320,nodes,3,6.8955,3.3010,3.0000
320,scouts,0,1.7199,-2.0193,3.0000
320,scouts,1,-1.1770,1.1275,3.0000
320,scouts,2,-5.4038,-1.2005,3.0000
320,scouts,3,-1.2018,-3.5119,3.0000
320,scouts,4,5.7745,-1.2147,3.0000
320,scouts,5,1.6874,0.9871,3.0000
320,scouts,6,-1.1771,-2.1310,3.0000
320,scouts,7,1.4854,-3.5390,3.0000
320,scouts,8,-4.3116,1.4260,3.0000
320,scouts,9,-8.5917,3.7428,3.0000
320,scouts,10,-9.3860,2.6752,3.0000
320,scouts,11,-8.3552,-0.7456,3.0000
320,scouts,12,9.5000,2.6853,3.0000
320,scouts,13,8.8009,3.8302,3.0000
320,scouts,14,4.5214,1.5122,3.0000
320,scouts,15,8.5732,-0.6598,3.0000
320,workers,0,-3.0000,-5.0000,3.0000
320,workers,1,7.0000,-5.0000,3.0000
320,workers,2,-3.0000,5.0000,3.0000
320,workers,3,7.0000,5.0000,3.0000
321,general,0,0.0000,0.0000,5.0000
321,nodes,0,-3.0461,-3.0302,3.0000
321,nodes,1,3.3232,-3.0868,3.0000
321,nodes,2,-6.7312,3.2686,3.0000
321,nodes,3,6.8970,3.3105,3.0000
321,scouts,0,1.7352,-2.0100,3.0000
321,scouts,1,-1.1770,1.1260,3.0000
321,scouts,2,-5.4039,-1.2005,3.0000
321,scouts,3,-1.2019,-3.5126,3.0000
321,scouts,4,5.7974,-1.2153,3.0000
321,scouts,5,1.7080,0.9874,3.0000
321,scouts,6,-1.1573,-2.1289,3.0000
321,scouts,7,1.5047,-3.5411,3.0000
321,scouts,8,-4.2938,1.4404,3.0000
321,scouts,9,-8.5774,3.7585,3.0000
321,scouts,10,-9.3748,2.6923,3.0000
321,scouts,11,-8.3396,-0.7317,3.0000
321,scouts,12,9.5000,2.7031,3.0000
321,scouts,13,8.8001,3.8516,3.0000
321,scouts,14,4.5173,1.5322,3.0000
321,scouts,15,8.5717,-0.6404,3.0000
321,workers,0,-3.0000,-5.0000,3.0000
321,workers,1,7.0000,-5.0000,3.0000
321,workers,2,-3.0000,5.0000,3.0000
321,workers,3,7.0000,5.0000,3.0000
322,general,0,0.0000,0.0000,5.0000
322,nodes,0,-3.0423,-3.0267,3.0000
322,nodes,1,3.3330,-3.0855,3.0000
322,nodes,2,-6.7240,3.2761,3.0000
322,nodes,3,6.8984,3.3202,3.0000
322,scouts,0,1.7505,-2.0006,3.0000
322,scouts,1,-1.1794,1.1231,3.0000
322,scouts,2,-5.4044,-1.2006,3.0000
322,scouts,3,-1.2019,-3.5136,3.0000
322,scouts,4,5.8204,-1.2159,3.0000
322,scouts,5,1.7289,0.9876,3.0000
322,scouts,6,-1.1373,-2.1268,3.0000
322,scouts,7,1.5241,-3.5431,3.0000
322,scouts,8,-4.2760,1.4549,3.0000
322,scouts,9,-8.5630,3.7743,3.0000
322,scouts,10,-9.3635,2.7096,3.0000
322,scouts,11,-8.3238,-0.7177,3.0000
322,scouts,12,9.5000,2.7210,3.0000
322,scouts,13,8.7993,3.8731,3.0000
322,scouts,14,4.5131,1.5523,3.0000
322,scouts,15,8.5701,-0.6208,3.0000
322,workers,0,-3.0000,-5.0000,3.0000
322,workers,1,7.0000,-5.0000,3.0000
322,workers,2,-3.0000,5.0000,3.0000
322,workers,3,7.0000,5.0000,3.0000
323,general,0,0.0000,0.0000,5.0000
323,nodes,0,-3.0385,-3.0234,3.0000
323,nodes,1,3.3430,-3.0841,3.0000
323,nodes,2,-6.7168,3.2834,3.0000
323,nodes,3,6.9000,3.3298,3.0000
323,scouts,0,1.7658,-1.9912,3.0000
323,scouts,1,-1.1841,1.1191,3.0000
323,scouts,2,-5.4054,-1.2008,3.0000
323,scouts,3,-1.2020,-3.5146,3.0000
323,scouts,4,5.8435,-1.2165,3.0000
323,scouts,5,1.7499,0.9877,3.0000
323,scouts,6,-1.1172,-2.1248,3.0000
323,scouts,7,1.5436,-3.5451,3.0000
323,scouts,8,-4.2580,1.4694,3.0000
323,scouts,9,-8.5485,3.7902,3.0000
323,scouts,10,-9.3520,2.7270,3.0000
323,scouts,11,-8.3079,-0.7036,3.0000
323,scouts,12,9.5000,2.7390,3.0000
323,scouts,13,8.7985,3.8947,3.0000
323,scouts,14,4.5089,1.5724,3.0000
323,scouts,15,8.5685,-0.6010,3.0000
323,workers,0,-3.0000,-5.0000,3.0000
323,workers,1,7.0000,-5.0000,3.0000
323,workers,2,-3.0000,5.0000,3.0000
323,workers,3,7.0000,5.0000,3.0000
324,general,0,0.0000,0.0000,5.0000
324,nodes,0,-3.0349,-3.0202,3.0000
324,nodes,1,3.3529,-3.0828,3.0000
324,nodes,2,-6.7096,3.2907,3.0000
324,nodes,3,6.9016,3.3394,3.0000
324,scouts,0,1.7811,-1.9818,3.0000
324,scouts,1,-1.1907,1.1143,3.0000
324,scouts,2,-5.4067,-1.2009,3.0000
324,scouts,3,-1.2021,-3.5159,3.0000
324,scouts,4,5.8667,-1.2171,3.0000
324,scouts,5,1.7711,0.9879,3.0000
324,scouts,6,-1.0969,-2.1228,3.0000
324,scouts,7,1.5632,-3.5471,3.0000
324,scouts,8,-4.2400,1.4840,3.0000
324,scouts,9,-8.5339,3.8061,3.0000
324,scouts,10,-9.3404,2.7445,3.0000
324,scouts,11,-8.2919,-0.6893,3.0000
324,scouts,12,9.5000,2.7571,3.0000
324,scouts,13,8.7976,3.9164,3.0000
324,scouts,14,4.5047,1.5927,3.0000
324,scouts,15,8.5668,-0.5812,3.0000
324,workers,0,-3.0000,-5.0000,3.0000
324,workers,1,7.0000,-5.0000,3.0000
324,workers,2,-3.0000,5.0000,3.0000
324,workers,3,7.0000,5.0000,3.0000
325,general,0,0.0000,0.0000,5.0000
325,nodes,0,-3.0315,-3.0171,3.0000
325,nodes,1,3.3628,-3.0815,3.0000
325,nodes,2,-6.7024,3.2981,3.0000
325,nodes,3,6.9030,3.3491,3.0000
325,scouts,0,1.7964,-1.9723,3.0000
325,scouts,1,-1.1992,1.1089,3.0000
325,scouts,2,-5.4084,-1.2012,3.0000
325,scouts,3,-1.2022,-3.5172,3.0000
325,scouts,4,5.8900,-1.2177,3.0000
325,scouts,5,1.7925,0.9879,3.0000
325,scouts,6,-1.0764,-2.1207,3.0000
325,scouts,7,1.5829,-3.5492,3.0000
325,scouts,8,-4.2219,1.4986,3.0000
325,scouts,9,-8.5193,3.8221,3.0000
325,scouts,10,-9.3287,2.7620,3.0000
325,scouts,11,-8.2757,-0.6750,3.0000
325,scouts,12,9.5000,2.7752,3.0000
325,scouts,13,8.7968,3.9383,3.0000
325,scouts,14,4.5006,1.6130,3.0000
325,scouts,15,8.5650,-0.5612,3.0000
325,workers,0,-3.0000,-5.0000,3.0000
325,workers,1,7.0000,-5.0000,3.0000
325,workers,2,-3.0000,5.0000,3.0000
325,workers,3,7.0000,5.0000,3.0000
326,general,0,0.0000,0.0000,5.0000
326,nodes,0,-3.0282,-3.0141,3.0000
326,nodes,1,3.3729,-3.0802,3.0000
326,nodes,2,-6.6950,3.3055,3.0000
326,nodes,3,6.9045,3.3587,3.0000
326,scouts,0,1.8117,-1.9629,3.0000
326,scouts,1,-1.2068,1.1041,3.0000
326,scouts,2,-5.4104,-1.2015,3.0000
326,scouts,3,-1.2023,-3.5186,3.0000
326,scouts,4,5.9134,-1.2182,3.0000
326,scouts,5,1.8140,0.9880,3.0000
326,scouts,6,-1.0558,-2.1187,3.0000
326,scouts,7,1.6026,-3.5512,3.0000
326,scouts,8,-4.2037,1.5133,3.0000
326,scouts,9,-8.5046,3.8382,3.0000
326,scouts,10,-9.3168,2.7796,3.0000
326,scouts,11,-8.2595,-0.6607,3.0000
326,scouts,12,9.5000,2.7934,3.0000
326,scouts,13,8.7960,3.9601,3.0000
326,scouts,14,4.4964,1.6333,3.0000
326,scouts,15,8.5632,-0.5411,3.0000
326,workers,0,-3.0000,-5.0000,3.0000
326,workers,1,7.0000,-5.0000,3.0000
326,workers,2,-3.0000,5.0000,3.0000
326,workers,3,7.0000,5.0000,3.0000
327,general,0,0.0000,0.0000,5.0000
327,nodes,0,-3.0247,-3.0110,3.0000
327,nodes,1,3.3829,-3.0789,3.0000
327,nodes,2,-6.6878,3.3129,3.0000
327,nodes,3,6.9061,3.3684,3.0000
327,scouts,0,1.8269,-1.9534,3.0000
327,scouts,1,-1.2136,1.1000,3.0000
327,scouts,2,-5.4099,-1.2014,3.0000
327,scouts,3,-1.2023,-3.5202,3.0000
327,scouts,4,5.9369,-1.2188,3.0000
327,scouts,5,1.8356,0.9880,3.0000
327,scouts,6,-1.0351,-2.1168,3.0000
327,scouts,7,1.6225,-3.5532,3.0000
327,scouts,8,-4.1855,1.5279,3.0000
327,scouts,9,-8.4899,3.8543,3.0000
327,scouts,10,-9.3049,2.7973,3.0000
327,scouts,11,-8.2432,-0.6463,3.0000
327,scouts,12,9.5000,2.8117,3.0000
327,scouts,13,8.7951,3.9821,3.0000
327,scouts,14,4.4922,1.6537,3.0000
327,scouts,15,8.5614,-0.5210,3.0000
327,workers,0,-3.0000,-5.0000,3.0000
327,workers,1,7.0000,-5.0000,3.0000
327,workers,2,-3.0000,5.0000,3.0000
327,workers,3,7.0000,5.0000,3.0000
328,general,0,0.0000,0.0000,5.0000
328,nodes,0,-3.0211,-3.0078,3.0000
328,nodes,1,3.3929,-3.0776,3.0000
328,nodes,2,-6.6804,3.3203,3.0000
328,nodes,3,6.9076,3.3781,3.0000
328,scouts,0,1.8422,-1.9440,3.0000
328,scouts,1,-1.2177,1.0979,3.0000
328,scouts,2,-5.4074,-1.2010,3.0000
328,scouts,3,-1.2018,-3.5192,3.0000
328,scouts,4,5.9604,-1.2194,3.0000
328,scouts,5,1.8572,0.9880,3.0000
328,scouts,6,-1.0143,-2.1148,3.0000
328,scouts,7,1.6423,-3.5553,3.0000
328,scouts,8,-4.1673,1.5427,3.0000
328,scouts,9,-8.4751,3.8704,3.0000
328,scouts,10,-9.2930,2.8150,3.0000
328,scouts,11,-8.2268,-0.6318,3.0000
328,scouts,12,9.5000,2.8300,3.0000
328,scouts,13,8.7943,4.0041,3.0000
328,scouts,14,4.4880,1.6742,3.0000
328,scouts,15,8.5595,-0.5008,3.0000
328,workers,0,-3.0000,-5.0000,3.0000
328,workers,1,7.0000,-5.0000,3.0000
328,workers,2,-3.0000,5.0000,3.0000
328,workers,3,7.0000,5.0000,3.0000
329,general,0,0.0000,0.0000,5.0000
329,nodes,0,-3.0169,-3.0040,3.0000
329,nodes,1,3.4030,-3.0762,3.0000
329,nodes,2,-6.6731,3.3278,3.0000
329,nodes,3,6.9091,3.3877,3.0000
329,scouts,0,1.8574,-1.9345,3.0000
329,scouts,1,-1.2193,1.0975,3.0000
329,scouts,2,-5.4057,-1.2008,3.0000
329,scouts,3,-1.2014,-3.5186,3.0000
329,scouts,4,5.9840,-1.2199,3.0000
329,scouts,5,1.8790,0.9881,3.0000
329,scouts,6,-0.9934,-2.1128,3.0000
329,scouts,7,1.6622,-3.5573,3.0000
329,scouts,8,-4.1490,1.5574,3.0000
329,scouts,9,-8.4603,3.8865,3.0000
329,scouts,10,-9.2809,2.8327,3.0000
329,scouts,11,-8.2103,-0.6173,3.0000
329,scouts,12,9.5000,2.8483,3.0000
329,scouts,13,8.7934,4.0261,3.0000
329,scouts,14,4.4839,1.6946,3.0000
329,scouts,15,8.5576,-0.4806,3.0000
329,workers,0,-3.0000,-5.0000,3.0000
329,workers,1,7.0000,-5.0000,3.0000
329,workers,2,-3.0000,5.0000,3.0000
329,workers,3,7.0000,5.0000,3.0000
330,general,0,0.0000,0.0000,5.0000
330,nodes,0,-3.0129,-3.0005,3.0000
330,nodes,1,3.4131,-3.0750,3.0000
330,nodes,2,-6.6658,3.3352,3.0000
330,nodes,3,6.9105,3.3975,3.0000
330,scouts,0,1.8727,-1.9250,3.0000
330,scouts,1,-1.2188,1.0985,3.0000
330,scouts,2,-5.4048,-1.2006,3.0000
330,scouts,3,-1.2010,-3.5184,3.0000
330,scouts,4,6.0076,-1.2205,3.0000
330,scouts,5,1.9009,0.9881,3.0000
330,scouts,6,-0.9725,-2.1108,3.0000
330,scouts,7,1.6822,-3.5593,3.0000
330,scouts,8,-4.1307,1.5721,3.0000
330,scouts,9,-8.4455,3.9027,3.0000
330,scouts,10,-9.2688,2.8504,3.0000
330,scouts,11,-8.1938,-0.6028,3.0000
330,scouts,12,9.5000,2.8666,3.0000
330,scouts,13,8.7926,4.0482,3.0000
330,scouts,14,4.4797,1.7151,3.0000
330,scouts,15,8.5557,-0.4603,3.0000
330,workers,0,-3.0000,-5.0000,3.0000
330,workers,1,7.0000,-5.0000,3.0000
330,workers,2,-3.0000,5.0000,3.0000
330,workers,3,7.0000,5.0000,3.0000
331,general,0,0.0000,0.0000,5.0000
331,nodes,0,-3.0087,-2.9967,3.0000
331,nodes,1,3.4231,-3.0737,3.0000
331,nodes,2,-6.6584,3.3427,3.0000
331,nodes,3,6.9120,3.4072,3.0000
331,scouts,0,1.8880,-1.9155,3.0000
331,scouts,1,-1.2163,1.1008,3.0000
331,scouts,2,-5.4046,-1.2006,3.0000
331,scouts,3,-1.2006,-3.5186,3.0000
331,scouts,4,6.0313,-1.2210,3.0000
331,scouts,5,1.9228,0.9881,3.0000
331,scouts,6,-0.9514,-2.1088,3.0000
331,scouts,7,1.7021,-3.5613,3.0000
331,scouts,8,-4.1123,1.5869,3.0000
331,scouts,9,-8.4306,3.9189,3.0000
331,scouts,10,-9.2567,2.8682,3.0000
331,scouts,11,-8.1772,-0.5882,3.0000
331,scouts,12,9.5000,2.8849,3.0000
331,scouts,13,8.7917,4.0703,3.0000
331,scouts,14,4.4755,1.7356,3.0000
331,scouts,15,8.5538,-0.4400,3.0000
331,workers,0,-3.0000,-5.0000,3.0000
331,workers,1,7.0000,-5.0000,3.0000
331,workers,2,-3.0000,5.0000,3.0000
331,workers,3,7.0000,5.0000,3.0000
332,general,0,0.0000,0.0000,5.0000
332,nodes,0,-3.0043,-2.9930,3.0000
332,nodes,1,3.4332,-3.0724,3.0000
332,nodes,2,-6.6510,3.3502,3.0000
332,nodes,3,6.9135,3.4170,3.0000
332,scouts,0,1.9032,-1.9060,3.0000
332,scouts,1,-1.2120,1.1040,3.0000
332,scouts,2,-5.4049,-1.2005,3.0000
332,scouts,3,-1.2000,-3.5192,3.0000
332,scouts,4,6.0550,-1.2215,3.0000
332,scouts,5,1.9448,0.9880,3.0000
332,scouts,6,-0.9304,-2.1067,3.0000
332,scouts,7,1.7222,-3.5633,3.0000
332,scouts,8,-4.0940,1.6017,3.0000
332,scouts,9,-8.4157,3.9351,3.0000
332,scouts,10,-9.2445,2.8860,3.0000
332,scouts,11,-8.1606,-0.5737,3.0000
332,scouts,12,9.5000,2.9033,3.0000
332,scouts,13,8.7909,4.0924,3.0000
332,scouts,14,4.4714,1.7561,3.0000
332,scouts,15,8.5519,-0.4197,3.0000
332,workers,0,-3.0000,-5.0000,3.0000
332,workers,1,7.0000,-5.0000,3.0000
332,workers,2,-3.0000,5.0000,3.0000
332,workers,3,7.0000,5.0000,3.0000
333,general,0,0.0000,0.0000,5.0000
333,nodes,0,-3.0000,-2.9892,3.0000
333,nodes,1,3.4433,-3.0709,3.0000
333,nodes,2,-6.6435,3.3577,3.0000
333,nodes,3,6.9150,3.4267,3.0000
333,scouts,0,1.9185,-1.8964,3.0000
333,scouts,1,-1.2061,1.1079,3.0000
333,scouts,2,-5.4058,-1.2006,3.0000
333,scouts,3,-1.1993,-3.5201,3.0000
333,scouts,4,6.0787,-1.2221,3.0000
333,scouts,5,1.9668,0.9880,3.0000
333,scouts,6,-0.9092,-2.1047,3.0000
333,scouts,7,1.7422,-3.5653,3.0000
333,scouts,8,-4.0756,1.6164,3.0000
333,scouts,9,-8.4008,3.9513,3.0000
333,scouts,10,-9.2323,2.9038,3.0000
333,scouts,11,-8.1439,-0.5591,3.0000
333,scouts,12,9.5000,2.9216,3.0000
333,scouts,13,8.7900,4.1146,3.0000
333,scouts,14,4.4673,1.7767,3.0000
333,scouts,15,8.5500,-0.3994,3.0000
333,workers,0,-3.0000,-5.0000,3.0000
333,workers,1,7.0000,-5.0000,3.0000
333,workers,2,-3.0000,5.0000,3.0000
333,workers,3,7.0000,5.0000,3.0000
334,general,0,0.0000,0.0000,5.0000
334,nodes,0,-2.9955,-2.9854,3.0000
334,nodes,1,3.4535,-3.0696,3.0000
334,nodes,2,-6.6361,3.3653,3.0000
334,nodes,3,6.9165,3.4364,3.0000
334,scouts,0,1.9337,-1.8869,3.0000
334,scouts,1,-1.2013,1.1113,3.0000
334,scouts,2,-5.4072,-1.2007,3.0000
334,scouts,3,-1.1987,-3.5186,3.0000
334,scouts,4,6.1025,-1.2226,3.0000
334,scouts,5,1.9889,0.9880,3.0000
334,scouts,6,-0.8880,-2.1027,3.0000
334,scouts,7,1.7623,-3.5673,3.0000
334,scouts,8,-4.0572,1.6312,3.0000
334,scouts,9,-8.3858,3.9675,3.0000
334,scouts,10,-9.2201,2.9216,3.0000
334,scouts,11,-8.1272,-0.5445,3.0000
334,scouts,12,9.5000,2.9399,3.0000
334,scouts,13,8.7892,4.1368,3.0000
334,scouts,14,4.4631,1.7972,3.0000
334,scouts,15,8.5481,-0.3790,3.0000
334,workers,0,-3.0000,-5.0000,3.0000
334,workers,1,7.0000,-5.0000,3.0000
334,workers,2,-3.0000,5.0000,3.0000
334,workers,3,7.0000,5.0000,3.0000
335,general,0,0.0000,0.0000,5.0000
335,nodes,0,-2.9912,-2.9814,3.0000
335,nodes,1,3.4637,-3.0684,3.0000
335,nodes,2,-6.6287,3.3727,3.0000
335,nodes,3,6.9180,3.4462,3.0000
335,scouts,0,1.9489,-1.8774,3.0000
335,scouts,1,-1.1973,1.1142,3.0000
335,scouts,2,-5.4089,-1.2008,3.0000
335,scouts,3,-1.1981,-3.5177,3.0000
335,scouts,4,6.1263,-1.2231,3.0000
335,scouts,5,2.0110,0.9881,3.0000
335,scouts,6,-0.8668,-2.1006,3.0000
335,scouts,7,1.7823,-3.5693,3.0000
335,scouts,8,-4.0388,1.6460,3.0000
335,scouts,9,-8.3708,3.9838,3.0000
335,scouts,10,-9.2078,2.9394,3.0000
335,scouts,11,-8.1105,-0.5300,3.0000
335,scouts,12,9.5000,2.9583,3.0000
335,scouts,13,8.7883,4.1590,3.0000
335,scouts,14,4.4590,1.8177,3.0000
335,scouts,15,8.5461,-0.3587,3.0000
335,workers,0,-3.0000,-5.0000,3.0000
335,workers,1,7.0000,-5.0000,3.0000
335,workers,2,-3.0000,5.0000,3.0000
335,workers,3,7.0000,5.0000,3.0000
336,general,0,0.0000,0.0000,5.0000
336,nodes,0,-2.9870,-2.9776,3.0000
336,nodes,1,3.4738,-3.0669,3.0000
336,nodes,2,-6.6213,3.3802,3.0000
336,nodes,3,6.9194,3.4559,3.0000
336,scouts,0,1.9642,-1.8678,3.0000
336,scouts,1,-1.1941,1.1166,3.0000
336,scouts,2,-5.4110,-1.2010,3.0000
336,scouts,3,-1.1973,-3.5173,3.0000
336,scouts,4,6.1501,-1.2236,3.0000
336,scouts,5,2.0332,0.9881,3.0000
336,scouts,6,-0.8456,-2.0986,3.0000
336,scouts,7,1.8024,-3.5713,3.0000
336,scouts,8,-4.0203,1.6607,3.0000
336,scouts,9,-8.3559,4.0000,3.0000
336,scouts,10,-9.1956,2.9572,3.0000
336,scouts,11,-8.0938,-0.5154,3.0000
336,scouts,12,9.5000,2.9766,3.0000
336,scouts,13,8.7875,4.1812,3.0000
336,scouts,14,4.4549,1.8383,3.0000
336,scouts,15,8.5442,-0.3383,3.0000
336,workers,0,-3.0000,-5.0000,3.0000
336,workers,1,7.0000,-5.0000,3.0000
336,workers,2,-3.0000,5.0000,3.0000
336,workers,3,7.0000,5.0000,3.0000
337,general,0,0.0000,0.0000,5.0000
337,nodes,0,-2.9828,-2.9738,3.0000
337,nodes,1,3.4840,-3.0656,3.0000
337,nodes,2,-6.6140,3.3877,3.0000
337,nodes,3,6.9210,3.4656,3.0000
337,scouts,0,1.9794,-1.8582,3.0000
337,scouts,1,-1.1916,1.1187,3.0000
337,scouts,2,-5.4107,-1.2009,3.0000
337,scouts,3,-1.1965,-3.5173,3.0000
337,scouts,4,6.1740,-1.2240,3.0000
337,scouts,5,2.0554,0.9881,3.0000
337,scouts,6,-0.8243,-2.0965,3.0000
337,scouts,7,1.8225,-3.5732,3.0000
337,scouts,8,-4.0019,1.6755,3.0000
337,scouts,9,-8.3409,4.0162,3.0000
337,scouts,10,-9.1833,2.9750,3.0000
337,scouts,11,-8.0770,-0.5009,3.0000
337,scouts,12,9.5000,2.9949,3.0000
337,scouts,13,8.7866,4.2034,3.0000
337,scouts,14,4.4508,1.8588,3.0000
337,scouts,15,8.5423,-0.3180,3.0000
337,workers,0,-3.0000,-5.0000,3.0000
337,workers,1,7.0000,-5.0000,3.0000
337,workers,2,-3.0000,5.0000,3.0000
337,workers,3,7.0000,5.0000,3.0000
338,general,0,0.0000,0.0000,5.0000
338,nodes,0,-2.9784,-2.9700,3.0000
338,nodes,1,3.4941,-3.0642,3.0000
338,nodes,2,-6.6065,3.3952,3.0000
338,nodes,3,6.9224,3.4754,3.0000
338,scouts,0,1.9946,-1.8486,3.0000
338,scouts,1,-1.1915,1.1185,3.0000
338,scouts,2,-5.4084,-1.2007,3.0000
338,scouts,3,-1.1956,-3.5177,3.0000
338,scouts,4,6.1979,-1.2245,3.0000
338,scouts,5,2.0776,0.9881,3.0000
338,scouts,6,-0.8030,-2.0944,3.0000
338,scouts,7,1.8427,-3.5752,3.0000
338,scouts,8,-3.9834,1.6903,3.0000
338,scouts,9,-8.3259,4.0324,3.0000
338,scouts,10,-9.1710,2.9928,3.0000
338,scouts,11,-8.0602,-0.4863,3.0000
338,scouts,12,9.5000,3.0132,3.0000
338,scouts,13,8.7858,4.2256,3.0000
338,scouts,14,4.4467,1.8793,3.0000
338,scouts,15,8.5404,-0.2977,3.0000
338,workers,0,-3.0000,-5.0000,3.0000
338,workers,1,7.0000,-5.0000,3.0000
338,workers,2,-3.0000,5.0000,3.0000
338,workers,3,7.0000,5.0000,3.0000
339,general,0,0.0000,0.0000,5.0000
339,nodes,0,-2.9742,-2.9664,3.0000
339,nodes,1,3.5044,-3.0629,3.0000
339,nodes,2,-6.5991,3.4026,3.0000
339,nodes,3,6.9240,3.4851,3.0000
339,scouts,0,2.0099,-1.8390,3.0000
339,scouts,1,-1.1935,1.1165,3.0000
339,scouts,2,-5.4070,-1.2006,3.0000
339,scouts,3,-1.1947,-3.5184,3.0000
339,scouts,4,6.2218,-1.2250,3.0000
339,scouts,5,2.0999,0.9882,3.0000
339,scouts,6,-0.7816,-2.0923,3.0000
339,scouts,7,1.8628,-3.5772,3.0000
339,scouts,8,-3.9650,1.7050,3.0000
339,scouts,9,-8.3109,4.0487,3.0000
339,scouts,10,-9.1586,3.0106,3.0000
339,scouts,11,-8.0434,-0.4718,3.0000
339,scouts,12,9.5000,3.0314,3.0000
339,scouts,13,8.7849,4.2478,3.0000
339,scouts,14,4.4427,1.8999,3.0000
339,scouts,15,8.5385,-0.2773,3.0000
339,workers,0,-3.0000,-5.0000,3.0000
339,workers,1,7.0000,-5.0000,3.0000
339,workers,2,-3.0000,5.0000,3.0000
339,workers,3,7.0000,5.0000,3.0000
340,general,0,0.0000,0.0000,5.0000
340,nodes,0,-2.9703,-2.9631,3.0000
340,nodes,1,3.5146,-3.0616,3.0000
340,nodes,2,-6.5916,3.4101,3.0000
340,nodes,3,6.9255,3.4950,3.0000
340,scouts,0,2.0251,-1.8294,3.0000
340,scouts,1,-1.1955,1.1147,3.0000
340,scouts,2,-5.4063,-1.2005,3.0000
340,scouts,3,-1.1937,-3.5194,3.0000
340,scouts,4,6.2457,-1.2254,3.0000
340,scouts,5,2.1222,0.9882,3.0000
340,scouts,6,-0.7602,-2.0902,3.0000
340,scouts,7,1.8829,-3.5791,3.0000
340,scouts,8,-3.9465,1.7198,3.0000
340,scouts,9,-8.2958,4.0649,3.0000
340,scouts,10,-9.1463,3.0283,3.0000
340,scouts,11,-8.0266,-0.4573,3.0000
340,scouts,12,9.5000,3.0497,3.0000
340,scouts,13,8.7841,4.2700,3.0000
340,scouts,14,4.4386,1.9204,3.0000
340,scouts,15,8.5366,-0.2570,3.0000
340,workers,0,-3.0000,-5.0000,3.0000
340,workers,1,7.0000,-5.0000,3.0000
340,workers,2,-3.0000,5.0000,3.0000
340,workers,3,7.0000,5.0000,3.0000
341,general,0,0.0000,0.0000,5.0000
341,nodes,0,-2.9663,-2.9597,3.0000
341,nodes,1,3.5251,-3.0600,3.0000
341,nodes,2,-6.5842,3.4175,3.0000
341,nodes,3,6.9271,3.5048,3.0000
341,scouts,0,2.0403,-1.8198,3.0000
341,scouts,1,-1.1974,1.1131,3.0000
341,scouts,2,-5.4063,-1.2004,3.0000
341,scouts,3,-1.1941,-3.5185,3.0000
341,scouts,4,6.2696,-1.2259,3.0000
341,scouts,5,2.1445,0.9883,3.0000
341,scouts,6,-0.7388,-2.0880,3.0000
341,scouts,7,1.9031,-3.5811,3.0000
341,scouts,8,-3.9280,1.7345,3.0000
341,scouts,9,-8.2808,4.0811,3.0000
341,scouts,10,-9.1340,3.0461,3.0000
341,scouts,11,-8.0098,-0.4427,3.0000
341,scouts,12,9.5000,3.0679,3.0000
341,scouts,13,8.7832,4.2923,3.0000
341,scouts,14,4.4346,1.9409,3.0000
341,scouts,15,8.5347,-0.2367,3.0000
341,workers,0,-3.0000,-5.0000,3.0000
341,workers,1,7.0000,-5.0000,3.0000
341,workers,2,-3.0000,5.0000,3.0000
341,workers,3,7.0000,5.0000,3.0000
342,general,0,0.0000,0.0000,5.0000
342,nodes,0,-2.9624,-2.9561,3.0000
342,nodes,1,3.5352,-3.0587,3.0000
342,nodes,2,-6.5767,3.4250,3.0000
342,nodes,3,6.9283,3.5143,3.0000
342,scouts,0,2.0555,-1.8102,3.0000
342,scouts,1,-1.1993,1.1116,3.0000
342,scouts,2,-5.4069,-1.2005,3.0000
342,scouts,3,-1.1959,-3.5159,3.0000
342,scouts,4,6.2936,-1.2263,3.0000
342,scouts,5,2.1669,0.9884,3.0000
342,scouts,6,-0.7174,-2.0859,3.0000
342,scouts,7,1.9233,-3.5830,3.0000
342,scouts,8,-3.9095,1.7492,3.0000
342,scouts,9,-8.2657,4.0973,3.0000
342,scouts,10,-9.1216,3.0639,3.0000
342,scouts,11,-7.9930,-0.4283,3.0000
342,scouts,12,9.5000,3.0861,3.0000
342,scouts,13,8.7824,4.3145,3.0000
342,scouts,14,4.4305,1.9614,3.0000
342,scouts,15,8.5328,-0.2164,3.0000
342,workers,0,-3.0000,-5.0000,3.0000
342,workers,1,7.0000,-5.0000,3.0000
342,workers,2,-3.0000,5.0000,3.0000
342,workers,3,7.0000,5.0000,3.0000
343,general,0,0.0000,0.0000,5.0000
343,nodes,0,-2.9587,-2.9523,3.0000
343,nodes,1,3.5454,-3.0573,3.0000
343,nodes,2,-6.5693,3.4325,3.0000
343,nodes,3,6.9300,3.5242,3.0000
343,scouts,0,2.0708,-1.8005,3.0000
343,scouts,1,-1.2013,1.1104,3.0000
343,scouts,2,-5.4080,-1.2005,3.0000
343,scouts,3,-1.1972,-3.5140,3.0000
343,scouts,4,6.3176,-1.2267,3.0000
343,scouts,5,2.1892,0.9885,3.0000
343,scouts,6,-0.6960,-2.0837,3.0000
343,scouts,7,1.9434,-3.5849,3.0000
343,scouts,8,-3.8911,1.7639,3.0000
343,scouts,9,-8.2507,4.1135,3.0000
343,scouts,10,-9.1093,3.0816,3.0000
343,scouts,11,-7.9761,-0.4138,3.0000
343,scouts,12,9.5000,3.1043,3.0000
343,scouts,13,8.7815,4.3367,3.0000
343,scouts,14,4.4265,1.9819,3.0000
343,scouts,15,8.5310,-0.1961,3.0000
343,workers,0,-3.0000,-5.0000,3.0000
343,workers,1,7.0000,-5.0000,3.0000
343,workers,2,-3.0000,5.0000,3.0000
343,workers,3,7.0000,5.0000,3.0000
344,general,0,0.0000,0.0000,5.0000
344,nodes,0,-2.9551,-2.9486,3.0000
344,nodes,1,3.5557,-3.0560,3.0000
344,nodes,2,-6.5619,3.4399,3.0000
344,nodes,3,6.9316,3.5339,3.0000
344,scouts,0,2.0860,-1.7909,3.0000
344,scouts,1,-1.2031,1.1093,3.0000
344,scouts,2,-5.4095,-1.2006,3.0000
344,scouts,3,-1.1982,-3.5127,3.0000
344,scouts,4,6.3416,-1.2271,3.0000
344,scouts,5,2.2116,0.9886,3.0000
344,scouts,6,-0.6746,-2.0815,3.0000
344,scouts,7,1.9636,-3.5868,3.0000
344,scouts,8,-3.8726,1.7786,3.0000
344,scouts,9,-8.2356,4.1297,3.0000
344,scouts,10,-9.0969,3.0993,3.0000
344,scouts,11,-7.9593,-0.3993,3.0000
344,scouts,12,9.5000,3.1225,3.0000
344,scouts,13,8.7807,4.3589,3.0000
344,scouts,14,4.4225,2.0024,3.0000
344,scouts,15,8.5291,-0.1758,3.0000
344,workers,0,-3.0000,-5.0000,3.0000
344,workers,1,7.0000,-5.0000,3.0000
344,workers,2,-3.0000,5.0000,3.0000
344,workers,3,7.0000,5.0000,3.0000
345,general,0,0.0000,0.0000,5.0000
345,nodes,0,-2.9512,-2.9450,3.0000
345,nodes,1,3.5658,-3.0545,3.0000
345,nodes,2,-6.5544,3.4474,3.0000
345,nodes,3,6.9332,3.5435,3.0000
345,scouts,0,2.1012,-1.7812,3.0000
345,scouts,1,-1.2050,1.1083,3.0000
345,scouts,2,-5.4114,-1.2007,3.0000
345,scouts,3,-1.1989,-3.5120,3.0000
345,scouts,4,6.3656,-1.2275,3.0000
345,scouts,5,2.2340,0.9887,3.0000
345,scouts,6,-0.6531,-2.0793,3.0000
345,scouts,7,1.9838,-3.5888,3.0000
345,scouts,8,-3.8541,1.7933,3.0000
345,scouts,9,-8.2205,4.1459,3.0000
345,scouts,10,-9.0845,3.1171,3.0000
345,scouts,11,-7.9424,-0.3849,3.0000
345,scouts,12,9.5000,3.1406,3.0000
345,scouts,13,8.7799,4.3812,3.0000
345,scouts,14,4.4185,2.0229,3.0000
345,scouts,15,8.5273,-0.1555,3.0000
345,workers,0,-3.0000,-5.0000,3.0000
345,workers,1,7.0000,-5.0000,3.0000
345,workers,2,-3.0000,5.0000,3.0000
345,workers,3,7.0000,5.0000,3.0000
346,general,0,0.0000,0.0000,5.0000
346,nodes,0,-2.9475,-2.9414,3.0000
346,nodes,1,3.5758,-3.0534,3.0000
346,nodes,2,-6.5470,3.4547,3.0000
346,nodes,3,6.9348,3.5534,3.0000
346,scouts,0,2.1164,-1.7715,3.0000
346,scouts,1,-1.2069,1.1074,3.0000
346,scouts,2,-5.4110,-1.2007,3.0000
346,scouts,3,-1.1993,-3.5118,3.0000
346,scouts,4,6.3896,-1.2279,3.0000
346,scouts,5,2.2565,0.9889,3.0000
346,scouts,6,-0.6316,-2.0770,3.0000
346,scouts,7,2.0040,-3.5907,3.0000
346,scouts,8,-3.8356,1.8080,3.0000
346,scouts,9,-8.2055,4.1621,3.0000
346,scouts,10,-9.0722,3.1348,3.0000
346,scouts,11,-7.9256,-0.3705,3.0000
346,scouts,12,9.5000,3.1588,3.0000
346,scouts,13,8.7790,4.4034,3.0000
346,scouts,14,4.4146,2.0433,3.0000
346,scouts,15,8.5255,-0.1353,3.0000
346,workers,0,-3.0000,-5.0000,3.0000
346,workers,1,7.0000,-5.0000,3.0000
346,workers,2,-3.0000,5.0000,3.0000
346,workers,3,7.0000,5.0000,3.0000
347,general,0,0.0000,0.0000,5.0000
347,nodes,0,-2.9435,-2.9378,3.0000
347,nodes,1,3.5861,-3.0519,3.0000
347,nodes,2,-6.5396,3.4622,3.0000
347,nodes,3,6.9361,3.5628,3.0000
347,scouts,0,2.1316,-1.7618,3.0000
347,scouts,1,-1.2087,1.1066,3.0000
347,scouts,2,-5.4085,-1.2005,3.0000
347,scouts,3,-1.1995,-3.5120,3.0000
347,scouts,4,6.4136,-1.2283,3.0000
347,scouts,5,2.2789,0.9891,3.0000
347,scouts,6,-0.6101,-2.0748,3.0000
347,scouts,7,2.0242,-3.5926,3.0000
347,scouts,8,-3.8171,1.8227,3.0000
347,scouts,9,-8.1904,4.1783,3.0000
347,scouts,10,-9.0598,3.1525,3.0000
347,scouts,11,-7.9087,-0.3561,3.0000
347,scouts,12,9.5000,3.1769,3.0000
347,scouts,13,8.7782,4.4256,3.0000
347,scouts,14,4.4106,2.0638,3.0000
347,scouts,15,8.5236,-0.1150,3.0000
347,workers,0,-3.0000,-5.0000,3.0000
347,workers,1,7.0000,-5.0000,3.0000
347,workers,2,-3.0000,5.0000,3.0000
347,workers,3,7.0000,5.0000,3.0000
348,general,0,0.0000,0.0000,5.0000
348,nodes,0,-2.9394,-2.9343,3.0000
348,nodes,1,3.5963,-3.0505,3.0000
348,nodes,2,-6.5322,3.4697,3.0000
348,nodes,3,6.9378,3.5726,3.0000
348,scouts,0,2.1468,-1.7522,3.0000
348,scouts,1,-1.2106,1.1059,3.0000
348,scouts,2,-5.4070,-1.2004,3.0000
348,scouts,3,-1.1995,-3.5125,3.0000
348,scouts,4,6.4377,-1.2287,3.0000
348,scouts,5,2.3014,0.9892,3.0000
348,scouts,6,-0.5886,-2.0725,3.0000
348,scouts,7,2.0444,-3.5944,3.0000
348,scouts,8,-3.7987,1.8374,3.0000
348,scouts,9,-8.1753,4.1944,3.0000
348,scouts,10,-9.0475,3.1701,3.0000
348,scouts,11,-7.8919,-0.3417,3.0000
348,scouts,12,9.5000,3.1949,3.0000
348,scouts,13,8.7773,4.4478,3.0000
348,scouts,14,4.4067,2.0842,3.0000
348,scouts,15,8.5219,-0.0948,3.0000
348,workers,0,-3.0000,-5.0000,3.0000
348,workers,1,7.0000,-5.0000,3.0000
348,workers,2,-3.0000,5.0000,3.0000
348,workers,3,7.0000,5.0000,3.0000
349,general,0,0.0000,0.0000,5.0000
349,nodes,0,-2.9353,-2.9307,3.0000
349,nodes,1,3.6065,-3.0491,3.0000
349,nodes,2,-6.5245,3.4769,3.0000
349,nodes,3,6.9390,3.5820,3.0000
349,scouts,0,2.1620,-1.7424,3.0000
349,scouts,1,-1.2099,1.1062,3.0000
349,scouts,2,-5.4062,-1.2004,3.0000
349,scouts,3,-1.1993,-3.5134,3.0000
349,scouts,4,6.4617,-1.2290,3.0000
349,scouts,5,2.3239,0.9894,3.0000
349,scouts,6,-0.5671,-2.0702,3.0000
349,scouts,7,2.0646,-3.5963,3.0000
349,scouts,8,-3.7802,1.8520,3.0000
349,scouts,9,-8.1602,4.2106,3.0000
349,scouts,10,-9.0351,3.1878,3.0000
349,scouts,11,-7.8750,-0.3273,3.0000
349,scouts,12,9.5000,3.2130,3.0000
349,scouts,13,8.7765,4.4700,3.0000
349,scouts,14,4.4028,2.1046,3.0000
349,scouts,15,8.5201,-0.0746,3.0000
349,workers,0,-3.0000,-5.0000,3.0000
349,workers,1,7.0000,-5.0000,3.0000
349,workers,2,-3.0000,5.0000,3.0000
349,workers,3,7.0000,5.0000,3.0000
350,general,0,0.0000,0.0000,5.0000
350,nodes,0,-2.9311,-2.9271,3.0000
350,nodes,1,3.6168,-3.0477,3.0000
350,nodes,2,-6.5174,3.4845,3.0000
350,nodes,3,6.9410,3.5920,3.0000
350,scouts,0,2.1772,-1.7327,3.0000
350,scouts,1,-1.2071,1.1074,3.0000
350,scouts,2,-5.4061,-1.2004,3.0000
350,scouts,3,-1.1989,-3.5145,3.0000
350,scouts,4,6.4858,-1.2294,3.0000
350,scouts,5,2.3464,0.9897,3.0000
350,scouts,6,-0.5455,-2.0678,3.0000
350,scouts,7,2.0848,-3.5982,3.0000
350,scouts,8,-3.7617,1.8666,3.0000
350,scouts,9,-8.1451,4.2267,3.0000
350,scouts,10,-9.0228,3.2054,3.0000
350,scouts,11,-7.8581,-0.3130,3.0000
350,scouts,12,9.5000,3.2310,3.0000
350,scouts,13,8.7757,4.4922,3.0000
350,scouts,14,4.3989,2.1251,3.0000
350,scouts,15,8.5183,-0.0545,3.0000
350,workers,0,-3.0000,-5.0000,3.0000
350,workers,1,7.0000,-5.0000,3.0000
350,workers,2,-3.0000,5.0000,3.0000
350,workers,3,7.0000,5.0000,3.0000
351,general,0,0.0000,0.0000,5.0000
351,nodes,0,-2.9269,-2.9234,3.0000
351,nodes,1,3.6270,-3.0462,3.0000
351,nodes,2,-6.5099,3.4918,3.0000
351,nodes,3,6.9424,3.6016,3.0000
351,scouts,0,2.1924,-1.7230,3.0000
351,scouts,1,-1.2049,1.1085,3.0000
351,scouts,2,-5.4067,-1.2004,3.0000
351,scouts,3,-1.1985,-3.5159,3.0000
351,scouts,4,6.5099,-1.2297,3.0000
351,scouts,5,2.3690,0.9899,3.0000
351,scouts,6,-0.5240,-2.0655,3.0000
351,scouts,7,2.1050,-3.6001,3.0000
351,scouts,8,-3.7432,1.8812,3.0000
351,scouts,9,-8.1300,4.2429,3.0000
351,scouts,10,-9.0104,3.2231,3.0000
351,scouts,11,-7.8413,-0.2987,3.0000
351,scouts,12,9.5000,3.2490,3.0000
351,scouts,13,8.7748,4.5144,3.0000
351,scouts,14,4.3950,2.1455,3.0000
351,scouts,15,8.5166,-0.0343,3.0000
351,workers,0,-3.0000,-5.0000,3.0000
351,workers,1,7.0000,-5.0000,3.0000
351,workers,2,-3.0000,5.0000,3.0000
351,workers,3,7.0000,5.0000,3.0000
352,general,0,0.0000,0.0000,5.0000
352,nodes,0,-2.9227,-2.9198,3.0000
352,nodes,1,3.6369,-3.0449,3.0000
352,nodes,2,-6.5028,3.4994,3.0000
352,nodes,3,6.9442,3.6112,3.0000
352,scouts,0,2.2076,-1.7133,3.0000
352,scouts,1,-1.2032,1.1094,3.0000
352,scouts,2,-5.4077,-1.2005,3.0000
352,scouts,3,-1.1979,-3.5174,3.0000
352,scouts,4,6.5340,-1.2300,3.0000
352,scouts,5,2.3915,0.9901,3.0000
352,scouts,6,-0.5024,-2.0631,3.0000
352,scouts,7,2.1252,-3.6019,3.0000
352,scouts,8,-3.7248,1.8959,3.0000
352,scouts,9,-8.1148,4.2590,3.0000
352,scouts,10,-8.9981,3.2407,3.0000
352,scouts,11,-7.8244,-0.2844,3.0000
352,scouts,12,9.5000,3.2670,3.0000
352,scouts,13,8.7740,4.5366,3.0000
352,scouts,14,4.3911,2.1659,3.0000
352,scouts,15,8.5148,-0.0142,3.0000
352,workers,0,-3.0000,-5.0000,3.0000
352,workers,1,7.0000,-5.0000,3.0000
352,workers,2,-3.0000,5.0000,3.0000
352,workers,3,7.0000,5.0000,3.0000
353,general,0,0.0000,0.0000,5.0000
353,nodes,0,-2.9186,-2.9163,3.0000
353,nodes,1,3.6475,-3.0432,3.0000
353,nodes,2,-6.4949,3.5066,3.0000
353,nodes,3,6.9455,3.6207,3.0000
353,scouts,0,2.2227,-1.7035,3.0000
353,scouts,1,-1.2020,1.1102,3.0000
353,scouts,2,-5.4092,-1.2005,3.0000
353,scouts,3,-1.1972,-3.5192,3.0000
353,scouts,4,6.5581,-1.2303,3.0000
353,scouts,5,2.4141,0.9904,3.0000
353,scouts,6,-0.4809,-2.0607,3.0000
353,scouts,7,2.1455,-3.6038,3.0000
353,scouts,8,-3.7063,1.9104,3.0000
353,scouts,9,-8.0997,4.2751,3.0000
353,scouts,10,-8.9857,3.2583,3.0000
353,scouts,11,-7.8075,-0.2702,3.0000
353,scouts,12,9.5000,3.2849,3.0000
353,scouts,13,8.7732,4.5588,3.0000
353,scouts,14,4.3872,2.1862,3.0000
353,scouts,15,8.5131,0.0059,3.0000
353,workers,0,-3.0000,-5.0000,3.0000
353,workers,1,7.0000,-5.0000,3.0000
353,workers,2,-3.0000,5.0000,3.0000
353,workers,3,7.0000,5.0000,3.0000
354,general,0,0.0000,0.0000,5.0000
354,nodes,0,-2.9146,-2.9127,3.0000
354,nodes,1,3.6573,-3.0420,3.0000
354,nodes,2,-6.4873,3.5139,3.0000
354,nodes,3,6.9472,3.6305,3.0000
354,scouts,0,2.2379,-1.6938,3.0000
354,scouts,1,-1.2012,1.1108,3.0000
354,scouts,2,-5.4111,-1.2006,3.0000
354,scouts,3,-1.1964,-3.5211,3.0000
354,scouts,4,6.5822,-1.2306,3.0000
354,scouts,5,2.4367,0.9907,3.0000
354,scouts,6,-0.4593,-2.0583,3.0000
354,scouts,7,2.1657,-3.6056,3.0000
354,scouts,8,-3.6878,1.9250,3.0000
354,scouts,9,-8.0846,4.2912,3.0000
354,scouts,10,-8.9734,3.2758,3.0000
354,scouts,11,-7.7907,-0.2559,3.0000
354,scouts,12,9.5000,3.3028,3.0000
354,scouts,13,8.7724,4.5810,3.0000
354,scouts,14,4.3834,2.2066,3.0000
354,scouts,15,8.5114,0.0260,3.0000
354,workers,0,-3.0000,-5.0000,3.0000
354,workers,1,7.0000,-5.0000,3.0000
354,workers,2,-3.0000,5.0000,3.0000
354,workers,3,7.0000,5.0000,3.0000
355,general,0,0.0000,0.0000,5.0000
355,nodes,0,-2.9107,-2.9092,3.0000
355,nodes,1,3.6677,-3.0404,3.0000
355,nodes,2,-6.4799,3.5215,3.0000
355,nodes,3,6.9490,3.6402,3.0000
355,scouts,0,2.2531,-1.6840,3.0000
355,scouts,1,-1.2007,1.1114,3.0000
355,scouts,2,-5.4106,-1.2006,3.0000
355,scouts,3,-1.1964,-3.5205,3.0000
355,scouts,4,6.6064,-1.2309,3.0000
355,scouts,5,2.4593,0.9910,3.0000
355,scouts,6,-0.4377,-2.0559,3.0000
355,scouts,7,2.1859,-3.6074,3.0000
355,scouts,8,-3.6694,1.9396,3.0000
355,scouts,9,-8.0694,4.3073,3.0000
355,scouts,10,-8.9610,3.2934,3.0000
355,scouts,11,-7.7738,-0.2417,3.0000
355,scouts,12,9.5000,3.3207,3.0000
355,scouts,13,8.7715,4.6032,3.0000
355,scouts,14,4.3796,2.2270,3.0000
355,scouts,15,8.5097,0.0461,3.0000
355,workers,0,-3.0000,-5.0000,3.0000
355,workers,1,7.0000,-5.0000,3.0000
355,workers,2,-3.0000,5.0000,3.0000
355,workers,3,7.0000,5.0000,3.0000
356,general,0,0.0000,0.0000,5.0000
356,nodes,0,-2.9065,-2.9054,3.0000
356,nodes,1,3.6779,-3.0390,3.0000
356,nodes,2,-6.4727,3.5289,3.0000
356,nodes,3,6.9505,3.6499,3.0000
356,scouts,0,2.2683,-1.6742,3.0000
356,scouts,1,-1.2005,1.1119,3.0000
356,scouts,2,-5.4081,-1.2004,3.0000
356,scouts,3,-1.1971,-3.5179,3.0000
356,scouts,4,6.6305,-1.2311,3.0000
356,scouts,5,2.4819,0.9914,3.0000
356,scouts,6,-0.4161,-2.0534,3.0000
356,scouts,7,2.2061,-3.6093,3.0000
356,scouts,8,-3.6509,1.9541,3.0000
356,scouts,9,-8.0543,4.3234,3.0000
356,scouts,10,-8.9487,3.3109,3.0000
356,scouts,11,-7.7569,-0.2275,3.0000
356,scouts,12,9.5000,3.3385,3.0000
356,scouts,13,8.7707,4.6253,3.0000
356,scouts,14,4.3758,2.2473,3.0000
356,scouts,15,8.5081,0.0661,3.0000
356,workers,0,-3.0000,-5.0000,3.0000
356,workers,1,7.0000,-5.0000,3.0000
356,workers,2,-3.0000,5.0000,3.0000
356,workers,3,7.0000,5.0000,3.0000
357,general,0,0.0000,0.0000,5.0000
357,nodes,0,-2.9024,-2.9015,3.0000
357,nodes,1,3.6878,-3.0377,3.0000
357,nodes,2,-6.4651,3.5362,3.0000
357,nodes,3,6.9522,3.6597,3.0000
357,scouts,0,2.2835,-1.6644,3.0000
357,scouts,1,-1.2006,1.1123,3.0000
357,scouts,2,-5.4066,-1.2003,3.0000
357,scouts,3,-1.1975,-3.5161,3.0000
357,scouts,4,6.6547,-1.2314,3.0000
357,scouts,5,2.5045,0.9917,3.0000
357,scouts,6,-0.3945,-2.0509,3.0000
357,scouts,7,2.2264,-3.6111,3.0000
357,scouts,8,-3.6324,1.9687,3.0000
357,scouts,9,-8.0392,4.3395,3.0000
357,scouts,10,-8.9364,3.3285,3.0000
357,scouts,11,-7.7401,-0.2134,3.0000
357,scouts,12,9.5000,3.3564,3.0000
357,scouts,13,8.7699,4.6475,3.0000
357,scouts,14,4.3720,2.2676,3.0000
357,scouts,15,8.5064,0.0862,3.0000
357,workers,0,-3.0000,-5.0000,3.0000
357,workers,1,7.0000,-5.0000,3.0000
357,workers,2,-3.0000,5.0000,3.0000
357,workers,3,7.0000,5.0000,3.0000
358,general,0,0.0000,0.0000,5.0000
358,nodes,0,-2.8983,-2.8977,3.0000
358,nodes,1,3.6983,-3.0362,3.0000
358,nodes,2,-6.4578,3.5437,3.0000
358,nodes,3,6.9535,3.6690,3.0000
358,scouts,0,2.2987,-1.6546,3.0000
358,scouts,1,-1.2009,1.1127,3.0000
358,scouts,2,-5.4058,-1.2002,3.0000
358,scouts,3,-1.1976,-3.5148,3.0000
358,scouts,4,6.6788,-1.2316,3.0000
358,scouts,5,2.5272,0.9921,3.0000
358,scouts,6,-0.3729,-2.0484,3.0000
358,scouts,7,2.2466,-3.6129,3.0000
358,scouts,8,-3.6140,1.9832,3.0000
358,scouts,9,-8.0240,4.3555,3.0000
358,scouts,10,-8.9240,3.3460,3.0000
358,scouts,11,-7.7232,-0.1992,3.0000
358,scouts,12,9.5000,3.3742,3.0000
358,scouts,13,8.7691,4.6696,3.0000
358,scouts,14,4.3682,2.2879,3.0000
358,scouts,15,8.5048,0.1062,3.0000
358,workers,0,-3.0000,-5.0000,3.0000
358,workers,1,7.0000,-5.0000,3.0000
358,workers,2,-3.0000,5.0000,3.0000
358,workers,3,7.0000,5.0000,3.0000
359,general,0,0.0000,0.0000,5.0000
359,nodes,0,-2.8944,-2.8939,3.0000
359,nodes,1,3.7081,-3.0349,3.0000
359,nodes,2,-6.4500,3.5510,3.0000
359,nodes,3,6.9554,3.6787,3.0000
359,scouts,0,2.3138,-1.6448,3.0000
359,scouts,1,-1.2014,1.1130,3.0000
359,scouts,2,-5.4057,-1.2002,3.0000
359,scouts,3,-1.1976,-3.5142,3.0000
359,scouts,4,6.7030,-1.2318,3.0000
359,scouts,5,2.5498,0.9925,3.0000
359,scouts,6,-0.3512,-2.0459,3.0000
359,scouts,7,2.2668,-3.6147,3.0000
359,scouts,8,-3.5956,1.9977,3.0000
359,scouts,9,-8.0089,4.3716,3.0000
359,scouts,10,-8.9117,3.3635,3.0000
359,scouts,11,-7.7063,-0.1851,3.0000
359,scouts,12,9.5000,3.3919,3.0000
359,scouts,13,8.7683,4.6918,3.0000
359,scouts,14,4.3645,2.3082,3.0000
359,scouts,15,8.5032,0.1261,3.0000
359,workers,0,-3.0000,-5.0000,3.0000
359,workers,1,7.0000,-5.0000,3.0000
359,workers,2,-3.0000,5.0000,3.0000
359,workers,3,7.0000,5.0000,3.0000
360,general,0,0.0000,0.0000,5.0000
360,nodes,0,-2.8904,-2.8902,3.0000
360,nodes,1,3.7186,-3.0334,3.0000
360,nodes,2,-6.4427,3.5583,3.0000
360,nodes,3,6.9566,3.6882,3.0000
360,scouts,0,2.3290,-1.6350,3.0000
360,scouts,1,-1.2021,1.1133,3.0000
360,scouts,2,-5.4063,-1.2002,3.0000
360,scouts,3,-1.1974,-3.5140,3.0000
360,scouts,4,6.7272,-1.2320,3.0000
360,scouts,5,2.5725,0.9929,3.0000
360,scouts,6,-0.3296,-2.0433,3.0000
360,scouts,7,2.2871,-3.6165,3.0000
360,scouts,8,-3.5771,2.0122,3.0000
360,scouts,9,-7.9937,4.3876,3.0000
360,scouts,10,-8.8994,3.3809,3.0000
360,scouts,11,-7.6895,-0.1710,3.0000
360,scouts,12,9.5000,3.4097,3.0000
360,scouts,13,8.7675,4.7139,3.0000
360,scouts,14,4.3608,2.3285,3.0000
360,scouts,15,8.5016,0.1461,3.0000
360,workers,0,-3.0000,-5.0000,3.0000
360,workers,1,7.0000,-5.0000,3.0000
360,workers,2,-3.0000,5.0000,3.0000
360,workers,3,7.0000,5.0000,3.0000
361,general,0,0.0000,0.0000,5.0000
361,nodes,0,-2.8865,-2.8866,3.0000
361,nodes,1,3.7288,-3.0319,3.0000
361,nodes,2,-6.4353,3.5657,3.0000
361,nodes,3,6.9581,3.6978,3.0000
361,scouts,0,2.3442,-1.6252,3.0000
361,scouts,1,-1.2029,1.1136,3.0000
361,scouts,2,-5.4073,-1.2002,3.0000
361,scouts,3,-1.1971,-3.5142,3.0000
361,scouts,4,6.7514,-1.2322,3.0000
361,scouts,5,2.5952,0.9933,3.0000
361,scouts,6,-0.3079,-2.0407,3.0000
361,scouts,7,2.3073,-3.6183,3.0000
361,scouts,8,-3.5587,2.0266,3.0000
361,scouts,9,-7.9785,4.4036,3.0000
361,scouts,10,-8.8871,3.3984,3.0000
361,scouts,11,-7.6726,-0.1569,3.0000
361,scouts,12,9.5000,3.4274,3.0000
361,scouts,13,8.7666,4.7361,3.0000
361,scouts,14,4.3570,2.3488,3.0000
361,scouts,15,8.5000,0.1661,3.0000
361,workers,0,-3.0000,-5.0000,3.0000
361,workers,1,7.0000,-5.0000,3.0000
361,workers,2,-3.0000,5.0000,3.0000
361,workers,3,7.0000,5.0000,3.0000
362,general,0,0.0000,0.0000,5.0000
362,nodes,0,-2.8825,-2.8830,3.0000
362,nodes,1,3.7390,-3.0304,3.0000
362,nodes,2,-6.4279,3.5731,3.0000
362,nodes,3,6.9599,3.7074,3.0000
362,scouts,0,2.3593,-1.6153,3.0000
362,scouts,1,-1.2039,1.1138,3.0000
362,scouts,2,-5.4088,-1.2002,3.0000
362,scouts,3,-1.1966,-3.5147,3.0000
362,scouts,4,6.7756,-1.2324,3.0000
362,scouts,5,2.6179,0.9938,3.0000
362,scouts,6,-0.2863,-2.0381,3.0000
362,scouts,7,2.3275,-3.6201,3.0000
362,scouts,8,-3.5403,2.0411,3.0000
362,scouts,9,-7.9634,4.4197,3.0000
362,scouts,10,-8.8748,3.4158,3.0000
362,scouts,11,-7.6558,-0.1429,3.0000
362,scouts,12,9.5000,3.4451,3.0000
362,scouts,13,8.7658,4.7582,3.0000
362,scouts,14,4.3534,2.3690,3.0000
362,scouts,15,8.4984,0.1860,3.0000
362,workers,0,-3.0000,-5.0000,3.0000
362,workers,1,7.0000,-5.0000,3.0000
362,workers,2,-3.0000,5.0000,3.0000
362,workers,3,7.0000,5.0000,3.0000
363,general,0,0.0000,0.0000,5.0000
363,nodes,0,-2.8787,-2.8793,3.0000
363,nodes,1,3.7494,-3.0290,3.0000
363,nodes,2,-6.4205,3.5805,3.0000
363,nodes,3,6.9612,3.7169,3.0000
363,scouts,0,2.3745,-1.6055,3.0000
363,scouts,1,-1.2049,1.1140,3.0000
363,scouts,2,-5.4107,-1.2002,3.0000
363,scouts,3,-1.1960,-3.5156,3.0000
363,scouts,4,6.7999,-1.2326,3.0000
363,scouts,5,2.6406,0.9943,3.0000
363,scouts,6,-0.2646,-2.0355,3.0000
363,scouts,7,2.3478,-3.6218,3.0000
363,scouts,8,-3.5219,2.0555,3.0000
363,scouts,9,-7.9482,4.4357,3.0000
363,scouts,10,-8.8625,3.4332,3.0000
363,scouts,11,-7.6389,-0.1289,3.0000
363,scouts,12,9.5000,3.4627,3.0000
363,scouts,13,8.7650,4.7803,3.0000
363,scouts,14,4.3497,2.3893,3.0000
363,scouts,15,8.4969,0.2059,3.0000
363,workers,0,-3.0000,-5.0000,3.0000
363,workers,1,7.0000,-5.0000,3.0000
363,workers,2,-3.0000,5.0000,3.0000
363,workers,3,7.0000,5.0000,3.0000
364,general,0,0.0000,0.0000,5.0000
364,nodes,0,-2.8749,-2.8757,3.0000
364,nodes,1,3.7596,-3.0274,3.0000
364,nodes,2,-6.4130,3.5879,3.0000
364,nodes,3,6.9630,3.7266,3.0000
364,scouts,0,2.3897,-1.5956,3.0000
364,scouts,1,-1.2061,1.1142,3.0000
364,scouts,2,-5.4102,-1.2002,3.0000
364,scouts,3,-1.1953,-3.5167,3.0000
364,scouts,4,6.8241,-1.2327,3.0000
364,scouts,5,2.6634,0.9948,3.0000
364,scouts,6,-0.2429,-2.0328,3.0000
364,scouts,7,2.3680,-3.6236,3.0000
364,scouts,8,-3.5034,2.0700,3.0000
364,scouts,9,-7.9330,4.4517,3.0000
364,scouts,10,-8.8502,3.4506,3.0000
364,scouts,11,-7.6221,-0.1149,3.0000
364,scouts,12,9.5000,3.4803,3.0000
364,scouts,13,8.7642,4.8024,3.0000
364,scouts,14,4.3460,2.4095,3.0000
364,scouts,15,8.4954,0.2258,3.0000
364,workers,0,-3.0000,-5.0000,3.0000
364,workers,1,7.0000,-5.0000,3.0000
364,workers,2,-3.0000,5.0000,3.0000
364,workers,3,7.0000,5.0000,3.0000
365,general,0,0.0000,0.0000,5.0000
365,nodes,0,-2.8708,-2.8721,3.0000
365,nodes,1,3.7699,-3.0259,3.0000
365,nodes,2,-6.4053,3.5951,3.0000
365,nodes,3,6.9646,3.7362,3.0000
365,scouts,0,2.4049,-1.5857,3.0000
365,scouts,1,-1.2073,1.1144,3.0000
365,scouts,2,-5.4078,-1.2002,3.0000
365,scouts,3,-1.1945,-3.5181,3.0000
365,scouts,4,6.8483,-1.2329,3.0000
365,scouts,5,2.6861,0.9953,3.0000
365,scouts,6,-0.2212,-2.0301,3.0000
365,scouts,7,2.3883,-3.6254,3.0000
365,scouts,8,-3.4850,2.0844,3.0000
365,scouts,9,-7.9178,4.4676,3.0000
365,scouts,10,-8.8380,3.4680,3.0000
365,scouts,11,-7.6052,-0.1009,3.0000
365,scouts,12,9.5000,3.4979,3.0000
365,scouts,13,8.7634,4.8245,3.0000
365,scouts,14,4.3424,2.4298,3.0000
365,scouts,15,8.4939,0.2456,3.0000
365,workers,0,-3.0000,-5.0000,3.0000
365,workers,1,7.0000,-5.0000,3.0000
365,workers,2,-3.0000,5.0000,3.0000
365,workers,3,7.0000,5.0000,3.0000
366,general,0,0.0000,0.0000,5.0000
366,nodes,0,-2.8666,-2.8686,3.0000
366,nodes,1,3.7802,-3.0244,3.0000
366,nodes,2,-6.3980,3.6025,3.0000
366,nodes,3,6.9666,3.7460,3.0000
366,scouts,0,2.4200,-1.5759,3.0000
366,scouts,1,-1.2086,1.1146,3.0000
366,scouts,2,-5.4062,-1.2001,3.0000
366,scouts,3,-1.1936,-3.5196,3.0000
366,scouts,4,6.8726,-1.2330,3.0000
366,scouts,5,2.7089,0.9958,3.0000
366,scouts,6,-0.1995,-2.0274,3.0000
366,scouts,7,2.4085,-3.6271,3.0000
366,scouts,8,-3.4666,2.0988,3.0000
366,scouts,9,-7.9027,4.4836,3.0000
366,scouts,10,-8.8257,3.4854,3.0000
366,scouts,11,-7.5884,-0.0870,3.0000
366,scouts,12,9.5000,3.5155,3.0000
366,scouts,13,8.7626,4.8466,3.0000
366,scouts,14,4.3388,2.4500,3.0000
366,scouts,15,8.4924,0.2655,3.0000
366,workers,0,-3.0000,-5.0000,3.0000
366,workers,1,7.0000,-5.0000,3.0000
366,workers,2,-3.0000,5.0000,3.0000
366,workers,3,7.0000,5.0000,3.0000
367,general,0,0.0000,0.0000,5.0000
367,nodes,0,-2.8625,-2.8650,3.0000
367,nodes,1,3.7904,-3.0229,3.0000
367,nodes,2,-6.3906,3.6099,3.0000
367,nodes,3,6.9682,3.7555,3.0000
367,scouts,0,2.4352,-1.5660,3.0000
367,scouts,1,-1.2100,1.1148,3.0000
367,scouts,2,-5.4055,-1.2001,3.0000
367,scouts,3,-1.1942,-3.5191,3.0000
367,scouts,4,6.8969,-1.2331,3.0000
367,scouts,5,2.7317,0.9964,3.0000
367,scouts,6,-0.1778,-2.0247,3.0000
367,scouts,7,2.4288,-3.6288,3.0000
367,scouts,8,-3.4483,2.1131,3.0000
367,scouts,9,-7.8875,4.4996,3.0000
367,scouts,10,-8.8134,3.5027,3.0000
367,scouts,11,-7.5716,-0.0731,3.0000
367,scouts,12,9.5000,3.5331,3.0000
367,scouts,13,8.7618,4.8687,3.0000
367,scouts,14,4.3352,2.4702,3.0000
367,scouts,15,8.4909,0.2853,3.0000
367,workers,0,-3.0000,-5.0000,3.0000
367,workers,1,7.0000,-5.0000,3.0000
367,workers,2,-3.0000,5.0000,3.0000
367,workers,3,7.0000,5.0000,3.0000
368,general,0,0.0000,0.0000,5.0000
368,nodes,0,-2.8587,-2.8613,3.0000
368,nodes,1,3.8007,-3.0213,3.0000
368,nodes,2,-6.3831,3.6172,3.0000
368,nodes,3,6.9700,3.7650,3.0000
368,scouts,0,2.4504,-1.5561,3.0000
368,scouts,1,-1.2090,1.1138,3.0000
368,scouts,2,-5.4054,-1.2001,3.0000
368,scouts,3,-1.1959,-3.5168,3.0000
368,scouts,4,6.9211,-1.2332,3.0000
368,scouts,5,2.7545,0.9970,3.0000
368,scouts,6,-0.1561,-2.0219,3.0000
368,scouts,7,2.4490,-3.6306,3.0000
368,scouts,8,-3.4299,2.1275,3.0000
368,scouts,9,-7.8723,4.5155,3.0000
368,scouts,10,-8.8012,3.5201,3.0000
368,scouts,11,-7.5547,-0.0592,3.0000
368,scouts,12,9.5000,3.5506,3.0000
368,scouts,13,8.7610,4.8908,3.0000
368,scouts,14,4.3316,2.4904,3.0000
368,scouts,15,8.4895,0.3051,3.0000
368,workers,0,-3.0000,-5.0000,3.0000
368,workers,1,7.0000,-5.0000,3.0000
368,workers,2,-3.0000,5.0000,3.0000
368,workers,3,7.0000,5.0000,3.0000
369,general,0,0.0000,0.0000,5.0000
369,nodes,0,-2.8547,-2.8575,3.0000
369,nodes,1,3.8110,-3.0198,3.0000
369,nodes,2,-6.3757,3.6246,3.0000
369,nodes,3,6.9718,3.7746,3.0000
369,scouts,0,2.4655,-1.5462,3.0000
369,scouts,1,-1.2084,1.1130,3.0000
369,scouts,2,-5.4059,-1.2001,3.0000
369,scouts,3,-1.1972,-3.5152,3.0000
369,scouts,4,6.9454,-1.2333,3.0000
369,scouts,5,2.7773,0.9976,3.0000
369,scouts,6,-0.1344,-2.0191,3.0000
369,scouts,7,2.4693,-3.6323,3.0000
369,scouts,8,-3.4115,2.1419,3.0000
369,scouts,9,-7.8571,4.5314,3.0000
369,scouts,10,-8.7889,3.5374,3.0000
369,scouts,11,-7.5379,-0.0453,3.0000
369,scouts,12,9.5000,3.5681,3.0000
369,scouts,13,8.7602,4.9128,3.0000
369,scouts,14,4.3280,2.5105,3.0000
369,scouts,15,8.4881,0.3249,3.0000
369,workers,0,-3.0000,-5.0000,3.0000
369,workers,1,7.0000,-5.0000,3.0000
369,workers,2,-3.0000,5.0000,3.0000
369,workers,3,7.0000,5.0000,3.0000
370,general,0,0.0000,0.0000,5.0000
370,nodes,0,-2.8508,-2.8538,3.0000
370,nodes,1,3.8213,-3.0182,3.0000
370,nodes,2,-6.3683,3.6319,3.0000
370,nodes,3,6.9732,3.7840,3.0000
370,scouts,0,2.4807,-1.5363,3.0000
370,scouts,1,-1.2081,1.1123,3.0000
370,scouts,2,-5.4070,-1.2001,3.0000
370,scouts,3,-1.1982,-3.5142,3.0000
370,scouts,4,6.9697,-1.2333,3.0000
370,scouts,5,2.8001,0.9982,3.0000
370,scouts,6,-0.1127,-2.0163,3.0000
370,scouts,7,2.4896,-3.6340,3.0000
370,scouts,8,-3.3932,2.1562,3.0000
370,scouts,9,-7.8419,4.5474,3.0000
370,scouts,10,-8.7767,3.5547,3.0000
370,scouts,11,-7.5211,-0.0315,3.0000
370,scouts,12,9.5000,3.5855,3.0000
370,scouts,13,8.7594,4.9349,3.0000
370,scouts,14,4.3245,2.5307,3.0000
370,scouts,15,8.4866,0.3446,3.0000
370,workers,0,-3.0000,-5.0000,3.0000
370,workers,1,7.0000,-5.0000,3.0000
370,workers,2,-3.0000,5.0000,3.0000
370,workers,3,7.0000,5.0000,3.0000
371,general,0,0.0000,0.0000,5.0000
371,nodes,0,-2.8469,-2.8502,3.0000
371,nodes,1,3.8316,-3.0167,3.0000
371,nodes,2,-6.3610,3.6393,3.0000
371,nodes,3,6.9751,3.7937,3.0000
371,scouts,0,2.4959,-1.5263,3.0000
371,scouts,1,-1.2081,1.1117,3.0000
371,scouts,2,-5.4085,-1.2002,3.0000
371,scouts,3,-1.1988,-3.5137,3.0000
371,scouts,4,6.9940,-1.2333,3.0000
371,scouts,5,2.8230,0.9989,3.0000
371,scouts,6,-0.0909,-2.0135,3.0000
371,scouts,7,2.5098,-3.6357,3.0000
371,scouts,8,-3.3748,2.1705,3.0000
371,scouts,9,-7.8267,4.5633,3.0000
371,scouts,10,-8.7645,3.5720,3.0000
371,scouts,11,-7.5043,-0.0177,3.0000
371,scouts,12,9.5000,3.6029,3.0000
371,scouts,13,8.7586,4.9570,3.0000
371,scouts,14,4.3210,2.5508,3.0000
371,scouts,15,8.4852,0.3643,3.0000
371,workers,0,-3.0000,-5.0000,3.0000
371,workers,1,7.0000,-5.0000,3.0000
371,workers,2,-3.0000,5.0000,3.0000
371,workers,3,7.0000,5.0000,3.0000
