frame,tier,agent_idx,x,y,z
0,general,0,0.0000,0.0000,5.0000
0,nodes,0,-4.9958,-4.9958,3.0000
0,nodes,1,4.9959,-4.9959,3.0000
0,nodes,2,-5.0041,4.9958,3.0000
0,nodes,3,5.0042,4.9959,3.0000
0,scouts,0,-3.4974,-4.9987,3.0000
0,scouts,1,-4.9983,-3.4976,3.0000
0,scouts,2,-6.4996,-4.9974,3.0000
0,scouts,3,-4.9979,-6.4987,3.0000
0,scouts,4,6.4996,-4.9974,3.0000
0,scouts,5,4.9983,-3.4976,3.0000
0,scouts,6,3.4974,-4.9987,3.0000
0,scouts,7,4.9979,-6.4987,3.0000
0,scouts,8,-3.5004,4.9974,3.0000
0,scouts,9,-5.0021,6.4987,3.0000
0,scouts,10,-6.5026,4.9987,3.0000
0,scouts,11,-5.0017,3.4976,3.0000
0,scouts,12,6.5026,4.9987,3.0000
0,scouts,13,5.0021,6.4987,3.0000
0,scouts,14,3.5004,4.9974,3.0000
0,scouts,15,5.0017,3.4976,3.0000
0,workers,0,-3.0000,-5.0000,3.0000
0,workers,1,7.0000,-5.0000,3.0000
0,workers,2,-3.0000,5.0000,3.0000
0,workers,3,7.0000,5.0000,3.0000
1,general,0,0.0000,0.0000,5.0000
1,nodes,0,-4.9927,-4.9925,3.0000
1,nodes,1,4.9928,-4.9927,3.0000
1,nodes,2,-5.0072,4.9926,3.0000
1,nodes,3,5.0073,4.9927,3.0000
1,scouts,0,-3.4924,-4.9961,3.0000
1,scouts,1,-4.9951,-3.4931,3.0000
1,scouts,2,-6.4989,-4.9927,3.0000
1,scouts,3,-4.9940,-6.4963,3.0000
1,scouts,4,6.4989,-4.9927,3.0000
1,scouts,5,4.9951,-3.4931,3.0000
1,scouts,6,3.4924,-4.9961,3.0000
1,scouts,7,4.9940,-6.4963,3.0000
1,scouts,8,-3.5011,4.9927,3.0000
1,scouts,9,-5.0060,6.4963,3.0000
1,scouts,10,-6.5076,4.9961,3.0000
1,scouts,11,-5.0049,3.4931,3.0000
1,scouts,12,6.5076,4.9961,3.0000
1,scouts,13,5.0060,6.4963,3.0000
1,scouts,14,3.5011,4.9927,3.0000
1,scouts,15,5.0049,3.4931,3.0000
1,workers,0,-3.0000,-5.0000,3.0000
1,workers,1,7.0000,-5.0000,3.0000
1,workers,2,-3.0000,5.0000,3.0000
1,workers,3,7.0000,5.0000,3.0000
2,general,0,0.0000,0.0000,5.0000
2,nodes,0,-4.9885,-4.9883,3.0000
2,nodes,1,4.9887,-4.9884,3.0000
2,nodes,2,-5.0113,4.9884,3.0000
2,nodes,3,5.0115,4.9884,3.0000
2,scouts,0,-3.4855,-4.9926,3.0000
2,scouts,1,-4.9907,-3.4868,3.0000
2,scouts,2,-6.4978,-4.9860,3.0000
2,scouts,3,-4.9885,-6.4929,3.0000
2,scouts,4,6.4978,-4.9860,3.0000
2,scouts,5,4.9907,-3.4868,3.0000
2,scouts,6,3.4855,-4.9926,3.0000
2,scouts,7,4.9885,-6.4929,3.0000
2,scouts,8,-3.5022,4.9860,3.0000
2,scouts,9,-5.0115,6.4929,3.0000
2,scouts,10,-6.5145,4.9926,3.0000
2,scouts,11,-5.0093,3.4868,3.0000
2,scouts,12,6.5145,4.9926,3.0000
2,scouts,13,5.0115,6.4929,3.0000
2,scouts,14,3.5022,4.9860,3.0000
2,scouts,15,5.0093,3.4868,3.0000
2,workers,0,-3.0000,-5.0000,3.0000
2,workers,1,7.0000,-5.0000,3.0000
2,workers,2,-3.0000,5.0000,3.0000
2,workers,3,7.0000,5.0000,3.0000
3,general,0,0.0000,0.0000,5.0000
3,nodes,0,-4.9843,-4.9840,3.0000
3,nodes,1,4.9844,-4.9840,3.0000
3,nodes,2,-5.0155,4.9839,3.0000
3,nodes,3,5.0156,4.9841,3.0000
3,scouts,0,-3.4768,-4.9882,3.0000
3,scouts,1,-4.9852,-3.4790,3.0000
3,scouts,2,-6.4965,-4.9776,3.0000
3,scouts,3,-4.9817,-6.4886,3.0000
3,scouts,4,6.4965,-4.9776,3.0000
3,scouts,5,4.9852,-3.4790,3.0000
3,scouts,6,3.4768,-4.9882,3.0000
3,scouts,7,4.9817,-6.4886,3.0000
3,scouts,8,-3.5035,4.9776,3.0000
3,scouts,9,-5.0183,6.4886,3.0000
3,scouts,10,-6.5232,4.9882,3.0000
3,scouts,11,-5.0148,3.4790,3.0000
3,scouts,12,6.5232,4.9882,3.0000
3,scouts,13,5.0183,6.4886,3.0000
3,scouts,14,3.5035,4.9776,3.0000
3,scouts,15,5.0148,3.4790,3.0000
3,workers,0,-3.0000,-5.0000,3.0000
3,workers,1,7.0000,-5.0000,3.0000
3,workers,2,-3.0000,5.0000,3.0000
3,workers,3,7.0000,5.0000,3.0000
4,general,0,0.0000,0.0000,5.0000
4,nodes,0,-4.9797,-4.9791,3.0000
4,nodes,1,4.9797,-4.9792,3.0000
4,nodes,2,-5.0202,4.9790,3.0000
4,nodes,3,5.0203,4.9792,3.0000
4,scouts,0,-3.4667,-4.9831,3.0000
4,scouts,1,-4.9787,-3.4698,3.0000
4,scouts,2,-6.4950,-4.9678,3.0000
4,scouts,3,-4.9736,-6.4836,3.0000
4,scouts,4,6.4950,-4.9678,3.0000
4,scouts,5,4.9787,-3.4698,3.0000
4,scouts,6,3.4667,-4.9831,3.0000
4,scouts,7,4.9736,-6.4836,3.0000
4,scouts,8,-3.5050,4.9678,3.0000
4,scouts,9,-5.0264,6.4836,3.0000
4,scouts,10,-6.5333,4.9831,3.0000
4,scouts,11,-5.0213,3.4698,3.0000
4,scouts,12,6.5333,4.9831,3.0000
4,scouts,13,5.0264,6.4836,3.0000
4,scouts,14,3.5050,4.9678,3.0000
4,scouts,15,5.0213,3.4698,3.0000
4,workers,0,-3.0000,-5.0000,3.0000
4,workers,1,7.0000,-5.0000,3.0000
4,workers,2,-3.0000,5.0000,3.0000
4,workers,3,7.0000,5.0000,3.0000
5,general,0,0.0000,0.0000,5.0000
5,nodes,0,-4.9748,-4.9739,3.0000
5,nodes,1,4.9748,-4.9741,3.0000
5,nodes,2,-5.0251,4.9740,3.0000
5,nodes,3,5.0252,4.9741,3.0000
5,scouts,0,-3.4552,-4.9773,3.0000
5,scouts,1,-4.9713,-3.4594,3.0000
5,scouts,2,-6.4933,-4.9567,3.0000
5,scouts,3,-4.9646,-6.4780,3.0000
5,scouts,4,6.4933,-4.9567,3.0000
5,scouts,5,4.9713,-3.4594,3.0000
5,scouts,6,3.4552,-4.9773,3.0000
5,scouts,7,4.9646,-6.4780,3.0000
5,scouts,8,-3.5067,4.9567,3.0000
5,scouts,9,-5.0354,6.4780,3.0000
5,scouts,10,-6.5448,4.9773,3.0000
5,scouts,11,-5.0287,3.4594,3.0000
5,scouts,12,6.5448,4.9773,3.0000
5,scouts,13,5.0354,6.4780,3.0000
5,scouts,14,3.5067,4.9567,3.0000
5,scouts,15,5.0287,3.4594,3.0000
5,workers,0,-3.0000,-5.0000,3.0000
5,workers,1,7.0000,-5.0000,3.0000
5,workers,2,-3.0000,5.0000,3.0000
5,workers,3,7.0000,5.0000,3.0000
6,general,0,0.0000,0.0000,5.0000
6,nodes,0,-4.9697,-4.9686,3.0000
6,nodes,1,4.9698,-4.9686,3.0000
6,nodes,2,-5.0302,4.9686,3.0000
6,nodes,3,5.0303,4.9687,3.0000
6,scouts,0,-3.4427,-4.9709,3.0000
6,scouts,1,-4.9633,-3.4480,3.0000
6,scouts,2,-6.4914,-4.9445,3.0000
6,scouts,3,-4.9546,-6.4718,3.0000
6,scouts,4,6.4914,-4.9445,3.0000
6,scouts,5,4.9633,-3.4480,3.0000
6,scouts,6,3.4427,-4.9709,3.0000
6,scouts,7,4.9546,-6.4718,3.0000
6,scouts,8,-3.5086,4.9445,3.0000
6,scouts,9,-5.0454,6.4718,3.0000
6,scouts,10,-6.5573,4.9709,3.0000
6,scouts,11,-5.0367,3.4480,3.0000
6,scouts,12,6.5573,4.9709,3.0000
6,scouts,13,5.0454,6.4718,3.0000
6,scouts,14,3.5086,4.9445,3.0000
6,scouts,15,5.0367,3.4480,3.0000
6,workers,0,-3.0000,-5.0000,3.0000
6,workers,1,7.0000,-5.0000,3.0000
6,workers,2,-3.0000,5.0000,3.0000
6,workers,3,7.0000,5.0000,3.0000
7,general,0,0.0000,0.0000,5.0000
7,nodes,0,-4.9644,-4.9630,3.0000
7,nodes,1,4.9644,-4.9632,3.0000
7,nodes,2,-5.0355,4.9630,3.0000
7,nodes,3,5.0356,4.9631,3.0000
7,scouts,0,-3.4292,-4.9640,3.0000
7,scouts,1,-4.9546,-3.4357,3.0000
7,scouts,2,-6.4894,-4.9314,3.0000
7,scouts,3,-4.9439,-6.4651,3.0000
7,scouts,4,6.4894,-4.9314,3.0000
7,scouts,5,4.9546,-3.4357,3.0000
7,scouts,6,3.4292,-4.9640,3.0000
7,scouts,7,4.9439,-6.4651,3.0000
7,scouts,8,-3.5106,4.9314,3.0000
7,scouts,9,-5.0561,6.4651,3.0000
7,scouts,10,-6.5708,4.9640,3.0000
7,scouts,11,-5.0454,3.4357,3.0000
7,scouts,12,6.5708,4.9640,3.0000
7,scouts,13,5.0561,6.4651,3.0000
7,scouts,14,3.5106,4.9314,3.0000
7,scouts,15,5.0454,3.4357,3.0000
7,workers,0,-3.0000,-5.0000,3.0000
7,workers,1,7.0000,-5.0000,3.0000
7,workers,2,-3.0000,5.0000,3.0000
7,workers,3,7.0000,5.0000,3.0000
8,general,0,0.0000,0.0000,5.0000
8,nodes,0,-4.9589,-4.9572,3.0000
8,nodes,1,4.9589,-4.9573,3.0000
8,nodes,2,-5.0411,4.9572,3.0000
8,nodes,3,5.0412,4.9573,3.0000
8,scouts,0,-3.4148,-4.9567,3.0000
8,scouts,1,-4.9454,-3.4227,3.0000
8,scouts,2,-6.4872,-4.9175,3.0000
8,scouts,3,-4.9326,-6.4580,3.0000
8,scouts,4,6.4872,-4.9175,3.0000
8,scouts,5,4.9454,-3.4227,3.0000
8,scouts,6,3.4148,-4.9567,3.0000
8,scouts,7,4.9326,-6.4580,3.0000
8,scouts,8,-3.5128,4.9175,3.0000
8,scouts,9,-5.0674,6.4580,3.0000
8,scouts,10,-6.5852,4.9567,3.0000
8,scouts,11,-5.0546,3.4227,3.0000
8,scouts,12,6.5852,4.9567,3.0000
8,scouts,13,5.0674,6.4580,3.0000
8,scouts,14,3.5128,4.9175,3.0000
8,scouts,15,5.0546,3.4227,3.0000
8,workers,0,-3.0000,-5.0000,3.0000
8,workers,1,7.0000,-5.0000,3.0000
8,workers,2,-3.0000,5.0000,3.0000
8,workers,3,7.0000,5.0000,3.0000
9,general,0,0.0000,0.0000,5.0000
9,nodes,0,-4.9533,-4.9513,3.0000
9,nodes,1,4.9533,-4.9514,3.0000
9,nodes,2,-5.0467,4.9513,3.0000
9,nodes,3,5.0468,4.9513,3.0000
9,scouts,0,-3.3998,-4.9490,3.0000
9,scouts,1,-4.9357,-3.4090,3.0000
9,scouts,2,-6.4849,-4.9029,3.0000
9,scouts,3,-4.9206,-6.4506,3.0000
9,scouts,4,6.4849,-4.9029,3.0000
9,scouts,5,4.9357,-3.4090,3.0000
9,scouts,6,3.3998,-4.9490,3.0000
9,scouts,7,4.9206,-6.4506,3.0000
9,scouts,8,-3.5151,4.9029,3.0000
9,scouts,9,-5.0794,6.4506,3.0000
9,scouts,10,-6.6002,4.9490,3.0000
9,scouts,11,-5.0643,3.4090,3.0000
9,scouts,12,6.6002,4.9490,3.0000
9,scouts,13,5.0794,6.4506,3.0000
9,scouts,14,3.5151,4.9029,3.0000
9,scouts,15,5.0643,3.4090,3.0000
9,workers,0,-3.0000,-5.0000,3.0000
9,workers,1,7.0000,-5.0000,3.0000
9,workers,2,-3.0000,5.0000,3.0000
9,workers,3,7.0000,5.0000,3.0000
10,general,0,0.0000,0.0000,5.0000
10,nodes,0,-4.9476,-4.9452,3.0000
10,nodes,1,4.9476,-4.9453,3.0000
10,nodes,2,-5.0524,4.9451,3.0000
10,nodes,3,5.0526,4.9453,3.0000
10,scouts,0,-3.3841,-4.9410,3.0000
10,scouts,1,-4.9257,-3.3947,3.0000
10,scouts,2,-6.4825,-4.8876,3.0000
10,scouts,3,-4.9082,-6.4428,3.0000
10,scouts,4,6.4825,-4.8876,3.0000
10,scouts,5,4.9257,-3.3947,3.0000
10,scouts,6,3.3841,-4.9410,3.0000
10,scouts,7,4.9082,-6.4428,3.0000
10,scouts,8,-3.5175,4.8876,3.0000
10,scouts,9,-5.0918,6.4428,3.0000
10,scouts,10,-6.6159,4.9410,3.0000
10,scouts,11,-5.0743,3.3947,3.0000
10,scouts,12,6.6159,4.9410,3.0000
10,scouts,13,5.0918,6.4428,3.0000
10,scouts,14,3.5175,4.8876,3.0000
10,scouts,15,5.0743,3.3947,3.0000
10,workers,0,-3.0000,-5.0000,3.0000
10,workers,1,7.0000,-5.0000,3.0000
10,workers,2,-3.0000,5.0000,3.0000
10,workers,3,7.0000,5.0000,3.0000
11,general,0,0.0000,0.0000,5.0000
11,nodes,0,-4.9417,-4.9390,3.0000
11,nodes,1,4.9417,-4.9390,3.0000
11,nodes,2,-5.0583,4.9390,3.0000
11,nodes,3,5.0585,4.9390,3.0000
11,scouts,0,-3.3678,-4.9327,3.0000
11,scouts,1,-4.9152,-3.3800,3.0000
11,scouts,2,-6.4801,-4.8718,3.0000
11,scouts,3,-4.8953,-6.4348,3.0000
11,scouts,4,6.4801,-4.8718,3.0000
11,scouts,5,4.9152,-3.3800,3.0000
11,scouts,6,3.3678,-4.9327,3.0000
11,scouts,7,4.8953,-6.4348,3.0000
11,scouts,8,-3.5199,4.8718,3.0000
11,scouts,9,-5.1047,6.4348,3.0000
11,scouts,10,-6.6322,4.9327,3.0000
11,scouts,11,-5.0848,3.3800,3.0000
11,scouts,12,6.6322,4.9327,3.0000
11,scouts,13,5.1047,6.4348,3.0000
11,scouts,14,3.5199,4.8718,3.0000
11,scouts,15,5.0848,3.3800,3.0000
11,workers,0,-3.0000,-5.0000,3.0000
11,workers,1,7.0000,-5.0000,3.0000
11,workers,2,-3.0000,5.0000,3.0000
11,workers,3,7.0000,5.0000,3.0000
12,general,0,0.0000,0.0000,5.0000
12,nodes,0,-4.9358,-4.9327,3.0000
12,nodes,1,4.9358,-4.9327,3.0000
12,nodes,2,-5.0643,4.9326,3.0000
12,nodes,3,5.0645,4.9328,3.0000
12,scouts,0,-3.3512,-4.9242,3.0000
12,scouts,1,-4.9045,-3.3648,3.0000
12,scouts,2,-6.4775,-4.8556,3.0000
12,scouts,3,-4.8820,-6.4265,3.0000
12,scouts,4,6.4775,-4.8556,3.0000
12,scouts,5,4.9045,-3.3648,3.0000
12,scouts,6,3.3512,-4.9242,3.0000
12,scouts,7,4.8820,-6.4265,3.0000
12,scouts,8,-3.5225,4.8556,3.0000
12,scouts,9,-5.1180,6.4265,3.0000
12,scouts,10,-6.6488,4.9242,3.0000
12,scouts,11,-5.0955,3.3648,3.0000
12,scouts,12,6.6488,4.9242,3.0000
12,scouts,13,5.1180,6.4265,3.0000
12,scouts,14,3.5225,4.8556,3.0000
12,scouts,15,5.0955,3.3648,3.0000
12,workers,0,-3.0000,-5.0000,3.0000
12,workers,1,7.0000,-5.0000,3.0000
12,workers,2,-3.0000,5.0000,3.0000
12,workers,3,7.0000,5.0000,3.0000
13,general,0,0.0000,0.0000,5.0000
13,nodes,0,-4.9297,-4.9263,3.0000
13,nodes,1,4.9297,-4.9262,3.0000
13,nodes,2,-5.0703,4.9262,3.0000
13,nodes,3,5.0705,4.9263,3.0000
13,scouts,0,-3.3341,-4.9155,3.0000
13,scouts,1,-4.8935,-3.3493,3.0000
13,scouts,2,-6.4749,-4.8389,3.0000
13,scouts,3,-4.8684,-6.4181,3.0000
13,scouts,4,6.4749,-4.8389,3.0000
13,scouts,5,4.8935,-3.3493,3.0000
13,scouts,6,3.3341,-4.9155,3.0000
13,scouts,7,4.8684,-6.4181,3.0000
13,scouts,8,-3.5251,4.8389,3.0000
13,scouts,9,-5.1316,6.4181,3.0000
13,scouts,10,-6.6659,4.9155,3.0000
13,scouts,11,-5.1065,3.3493,3.0000
13,scouts,12,6.6659,4.9155,3.0000
13,scouts,13,5.1316,6.4181,3.0000
13,scouts,14,3.5251,4.8389,3.0000
13,scouts,15,5.1065,3.3493,3.0000
13,workers,0,-3.0000,-5.0000,3.0000
13,workers,1,7.0000,-5.0000,3.0000
13,workers,2,-3.0000,5.0000,3.0000
13,workers,3,7.0000,5.0000,3.0000
14,general,0,0.0000,0.0000,5.0000
14,nodes,0,-4.9236,-4.9199,3.0000
14,nodes,1,4.9236,-4.9198,3.0000
14,nodes,2,-5.0764,4.9197,3.0000
14,nodes,3,5.0767,4.9198,3.0000
14,scouts,0,-3.3167,-4.9065,3.0000
14,scouts,1,-4.8822,-3.3334,3.0000
14,scouts,2,-6.4723,-4.8219,3.0000
14,scouts,3,-4.8546,-6.4094,3.0000
14,scouts,4,6.4723,-4.8219,3.0000
14,scouts,5,4.8822,-3.3334,3.0000
14,scouts,6,3.3167,-4.9065,3.0000
14,scouts,7,4.8546,-6.4094,3.0000
14,scouts,8,-3.5277,4.8219,3.0000
14,scouts,9,-5.1454,6.4094,3.0000
14,scouts,10,-6.6833,4.9065,3.0000
14,scouts,11,-5.1178,3.3334,3.0000
14,scouts,12,6.6833,4.9065,3.0000
14,scouts,13,5.1454,6.4094,3.0000
14,scouts,14,3.5277,4.8219,3.0000
14,scouts,15,5.1178,3.3334,3.0000
14,workers,0,-3.0000,-5.0000,3.0000
14,workers,1,7.0000,-5.0000,3.0000
14,workers,2,-3.0000,5.0000,3.0000
14,workers,3,7.0000,5.0000,3.0000
15,general,0,0.0000,0.0000,5.0000
15,nodes,0,-4.9174,-4.9133,3.0000
15,nodes,1,4.9174,-4.9133,3.0000
15,nodes,2,-5.0826,4.9132,3.0000
15,nodes,3,5.0829,4.9133,3.0000
15,scouts,0,-3.2990,-4.8975,3.0000
15,scouts,1,-4.8708,-3.3173,3.0000
15,scouts,2,-6.4695,-4.8046,3.0000
15,scouts,3,-4.8405,-6.4006,3.0000
15,scouts,4,6.4695,-4.8046,3.0000
15,scouts,5,4.8708,-3.3173,3.0000
15,scouts,6,3.2990,-4.8975,3.0000
15,scouts,7,4.8405,-6.4006,3.0000
15,scouts,8,-3.5305,4.8046,3.0000
15,scouts,9,-5.1595,6.4006,3.0000
15,scouts,10,-6.7010,4.8975,3.0000
15,scouts,11,-5.1292,3.3173,3.0000
15,scouts,12,6.7010,4.8975,3.0000
15,scouts,13,5.1595,6.4006,3.0000
15,scouts,14,3.5305,4.8046,3.0000
15,scouts,15,5.1292,3.3173,3.0000
15,workers,0,-3.0000,-5.0000,3.0000
15,workers,1,7.0000,-5.0000,3.0000
15,workers,2,-3.0000,5.0000,3.0000
15,workers,3,7.0000,5.0000,3.0000
16,general,0,0.0000,0.0000,5.0000
16,nodes,0,-4.9111,-4.9067,3.0000
16,nodes,1,4.9112,-4.9067,3.0000
16,nodes,2,-5.0889,4.9065,3.0000
16,nodes,3,5.0891,4.9066,3.0000
16,scouts,0,-3.2810,-4.8882,3.0000
16,scouts,1,-4.8592,-3.3010,3.0000
16,scouts,2,-6.4668,-4.7870,3.0000
16,scouts,3,-4.8262,-6.3917,3.0000
16,scouts,4,6.4668,-4.7870,3.0000
16,scouts,5,4.8592,-3.3010,3.0000
16,scouts,6,3.2810,-4.8882,3.0000
16,scouts,7,4.8262,-6.3917,3.0000
16,scouts,8,-3.5332,4.7870,3.0000
16,scouts,9,-5.1738,6.3917,3.0000
16,scouts,10,-6.7190,4.8882,3.0000
16,scouts,11,-5.1408,3.3010,3.0000
16,scouts,12,6.7190,4.8882,3.0000
16,scouts,13,5.1738,6.3917,3.0000
16,scouts,14,3.5332,4.7870,3.0000
16,scouts,15,5.1408,3.3010,3.0000
16,workers,0,-3.0000,-5.0000,3.0000
16,workers,1,7.0000,-5.0000,3.0000
16,workers,2,-3.0000,5.0000,3.0000
16,workers,3,7.0000,5.0000,3.0000
17,general,0,0.0000,0.0000,5.0000
17,nodes,0,-4.9048,-4.9001,3.0000
17,nodes,1,4.9048,-4.8999,3.0000
17,nodes,2,-5.0953,4.8998,3.0000
17,nodes,3,5.0955,4.8999,3.0000
17,scouts,0,-3.2628,-4.8789,3.0000
17,scouts,1,-4.8475,-3.2844,3.0000
17,scouts,2,-6.4640,-4.7692,3.0000
17,scouts,3,-4.8117,-6.3827,3.0000
17,scouts,4,6.4640,-4.7692,3.0000
17,scouts,5,4.8475,-3.2845,3.0000
17,scouts,6,3.2628,-4.8789,3.0000
17,scouts,7,4.8117,-6.3827,3.0000
17,scouts,8,-3.5360,4.7692,3.0000
17,scouts,9,-5.1883,6.3827,3.0000
17,scouts,10,-6.7372,4.8789,3.0000
17,scouts,11,-5.1525,3.2844,3.0000
17,scouts,12,6.7372,4.8789,3.0000
17,scouts,13,5.1883,6.3827,3.0000
17,scouts,14,3.5360,4.7692,3.0000
17,scouts,15,5.1525,3.2845,3.0000
17,workers,0,-3.0000,-5.0000,3.0000
17,workers,1,7.0000,-5.0000,3.0000
17,workers,2,-3.0000,5.0000,3.0000
17,workers,3,7.0000,5.0000,3.0000
18,general,0,0.0000,0.0000,5.0000
18,nodes,0,-4.8985,-4.8933,3.0000
18,nodes,1,4.8985,-4.8932,3.0000
18,nodes,2,-5.1016,4.8931,3.0000
18,nodes,3,5.1019,4.8931,3.0000
18,scouts,0,-3.2445,-4.8695,3.0000
18,scouts,1,-4.8356,-3.2677,3.0000
18,scouts,2,-6.4611,-4.7512,3.0000
18,scouts,3,-4.7970,-6.3735,3.0000
18,scouts,4,6.4611,-4.7512,3.0000
18,scouts,5,4.8356,-3.2677,3.0000
18,scouts,6,3.2445,-4.8695,3.0000
18,scouts,7,4.7970,-6.3735,3.0000
18,scouts,8,-3.5389,4.7512,3.0000
18,scouts,9,-5.2030,6.3735,3.0000
18,scouts,10,-6.7555,4.8695,3.0000
18,scouts,11,-5.1644,3.2677,3.0000
18,scouts,12,6.7555,4.8695,3.0000
18,scouts,13,5.2030,6.3735,3.0000
18,scouts,14,3.5389,4.7512,3.0000
18,scouts,15,5.1644,3.2677,3.0000
18,workers,0,-3.0000,-5.0000,3.0000
18,workers,1,7.0000,-5.0000,3.0000
18,workers,2,-3.0000,5.0000,3.0000
18,workers,3,7.0000,5.0000,3.0000
19,general,0,0.0000,0.0000,5.0000
19,nodes,0,-4.8921,-4.8866,3.0000
19,nodes,1,4.8921,-4.8864,3.0000
19,nodes,2,-5.1080,4.8863,3.0000
19,nodes,3,5.1082,4.8864,3.0000
19,scouts,0,-3.2260,-4.8599,3.0000
19,scouts,1,-4.8236,-3.2509,3.0000
19,scouts,2,-6.4583,-4.7330,3.0000
19,scouts,3,-4.7822,-6.3643,3.0000
19,scouts,4,6.4583,-4.7330,3.0000
19,scouts,5,4.8236,-3.2509,3.0000
19,scouts,6,3.2260,-4.8599,3.0000
19,scouts,7,4.7822,-6.3643,3.0000
19,scouts,8,-3.5417,4.7330,3.0000
19,scouts,9,-5.2178,6.3643,3.0000
19,scouts,10,-6.7740,4.8599,3.0000
19,scouts,11,-5.1764,3.2509,3.0000
19,scouts,12,6.7740,4.8599,3.0000
19,scouts,13,5.2178,6.3643,3.0000
19,scouts,14,3.5417,4.7330,3.0000
19,scouts,15,5.1764,3.2509,3.0000
19,workers,0,-3.0000,-5.0000,3.0000
19,workers,1,7.0000,-5.0000,3.0000
19,workers,2,-3.0000,5.0000,3.0000
19,workers,3,7.0000,5.0000,3.0000
20,general,0,0.0000,0.0000,5.0000
20,nodes,0,-4.8857,-4.8798,3.0000
20,nodes,1,4.8857,-4.8796,3.0000
20,nodes,2,-5.1144,4.8796,3.0000
20,nodes,3,5.1146,4.8796,3.0000
20,scouts,0,-3.2074,-4.8503,3.0000
20,scouts,1,-4.8115,-3.2339,3.0000
20,scouts,2,-6.4554,-4.7146,3.0000
20,scouts,3,-4.7673,-6.3550,3.0000
20,scouts,4,6.4554,-4.7146,3.0000
20,scouts,5,4.8115,-3.2339,3.0000
20,scouts,6,3.2074,-4.8503,3.0000
20,scouts,7,4.7673,-6.3550,3.0000
20,scouts,8,-3.5446,4.7146,3.0000
20,scouts,9,-5.2327,6.3550,3.0000
20,scouts,10,-6.7926,4.8503,3.0000
20,scouts,11,-5.1885,3.2339,3.0000
20,scouts,12,6.7926,4.8503,3.0000
20,scouts,13,5.2327,6.3550,3.0000
20,scouts,14,3.5446,4.7146,3.0000
20,scouts,15,5.1885,3.2339,3.0000
20,workers,0,-3.0000,-5.0000,3.0000
20,workers,1,7.0000,-5.0000,3.0000
20,workers,2,-3.0000,5.0000,3.0000
20,workers,3,7.0000,5.0000,3.0000
21,general,0,0.0000,0.0000,5.0000
21,nodes,0,-4.8793,-4.8729,3.0000
21,nodes,1,4.8793,-4.8727,3.0000
21,nodes,2,-5.1208,4.8727,3.0000
21,nodes,3,5.1211,4.8728,3.0000
21,scouts,0,-3.1887,-4.8406,3.0000
21,scouts,1,-4.7993,-3.2169,3.0000
21,scouts,2,-6.4525,-4.6961,3.0000
21,scouts,3,-4.7523,-6.3457,3.0000
21,scouts,4,6.4525,-4.6961,3.0000
21,scouts,5,4.7993,-3.2169,3.0000
21,scouts,6,3.1887,-4.8406,3.0000
21,scouts,7,4.7523,-6.3457,3.0000
21,scouts,8,-3.5475,4.6961,3.0000
21,scouts,9,-5.2477,6.3457,3.0000
21,scouts,10,-6.8113,4.8406,3.0000
21,scouts,11,-5.2007,3.2169,3.0000
21,scouts,12,6.8113,4.8406,3.0000
21,scouts,13,5.2477,6.3457,3.0000
21,scouts,14,3.5475,4.6961,3.0000
21,scouts,15,5.2007,3.2169,3.0000
21,workers,0,-3.0000,-5.0000,3.0000
21,workers,1,7.0000,-5.0000,3.0000
21,workers,2,-3.0000,5.0000,3.0000
21,workers,3,7.0000,5.0000,3.0000
22,general,0,0.0000,0.0000,5.0000
22,nodes,0,-4.8728,-4.8662,3.0000
22,nodes,1,4.8729,-4.8659,3.0000
22,nodes,2,-5.1273,4.8659,3.0000
22,nodes,3,5.1275,4.8660,3.0000
22,scouts,0,-3.1699,-4.8309,3.0000
22,scouts,1,-4.7871,-3.1997,3.0000
22,scouts,2,-6.4495,-4.6775,3.0000
22,scouts,3,-4.7372,-6.3363,3.0000
22,scouts,4,6.4495,-4.6775,3.0000
22,scouts,5,4.7871,-3.1997,3.0000
22,scouts,6,3.1699,-4.8309,3.0000
22,scouts,7,4.7372,-6.3363,3.0000
22,scouts,8,-3.5505,4.6775,3.0000
22,scouts,9,-5.2628,6.3363,3.0000
22,scouts,10,-6.8301,4.8309,3.0000
22,scouts,11,-5.2129,3.1997,3.0000
22,scouts,12,6.8301,4.8309,3.0000
22,scouts,13,5.2628,6.3363,3.0000
22,scouts,14,3.5505,4.6775,3.0000
22,scouts,15,5.2129,3.1997,3.0000
22,workers,0,-3.0000,-5.0000,3.0000
22,workers,1,7.0000,-5.0000,3.0000
22,workers,2,-3.0000,5.0000,3.0000
22,workers,3,7.0000,5.0000,3.0000
23,general,0,0.0000,0.0000,5.0000
23,nodes,0,-4.8663,-4.8593,3.0000
23,nodes,1,4.8665,-4.8589,3.0000
23,nodes,2,-5.1338,4.8590,3.0000
23,nodes,3,5.1341,4.8591,3.0000
23,scouts,0,-3.1510,-4.8211,3.0000
23,scouts,1,-4.7748,-3.1825,3.0000
23,scouts,2,-6.4465,-4.6588,3.0000
23,scouts,3,-4.7220,-6.3268,3.0000
23,scouts,4,6.4465,-4.6588,3.0000
23,scouts,5,4.7748,-3.1825,3.0000
23,scouts,6,3.1510,-4.8211,3.0000
23,scouts,7,4.7220,-6.3268,3.0000
23,scouts,8,-3.5535,4.6588,3.0000
23,scouts,9,-5.2780,6.3268,3.0000
23,scouts,10,-6.8490,4.8211,3.0000
23,scouts,11,-5.2252,3.1825,3.0000
23,scouts,12,6.8490,4.8211,3.0000
23,scouts,13,5.2780,6.3268,3.0000
23,scouts,14,3.5535,4.6588,3.0000
23,scouts,15,5.2252,3.1825,3.0000
23,workers,0,-3.0000,-5.0000,3.0000
23,workers,1,7.0000,-5.0000,3.0000
23,workers,2,-3.0000,5.0000,3.0000
23,workers,3,7.0000,5.0000,3.0000
24,general,0,0.0000,0.0000,5.0000
24,nodes,0,-4.8598,-4.8524,3.0000
24,nodes,1,4.8600,-4.8521,3.0000
24,nodes,2,-5.1402,4.8521,3.0000
24,nodes,3,5.1405,4.8522,3.0000
24,scouts,0,-3.1320,-4.8112,3.0000
24,scouts,1,-4.7624,-3.1652,3.0000
24,scouts,2,-6.4436,-4.6400,3.0000
24,scouts,3,-4.7068,-6.3173,3.0000
24,scouts,4,6.4436,-4.6400,3.0000
24,scouts,5,4.7624,-3.1652,3.0000
24,scouts,6,3.1321,-4.8112,3.0000
24,scouts,7,4.7068,-6.3173,3.0000
24,scouts,8,-3.5564,4.6400,3.0000
24,scouts,9,-5.2932,6.3173,3.0000
24,scouts,10,-6.8679,4.8112,3.0000
24,scouts,11,-5.2376,3.1652,3.0000
24,scouts,12,6.8680,4.8112,3.0000
24,scouts,13,5.2932,6.3173,3.0000
24,scouts,14,3.5564,4.6400,3.0000
24,scouts,15,5.2376,3.1652,3.0000
24,workers,0,-3.0000,-5.0000,3.0000
24,workers,1,7.0000,-5.0000,3.0000
24,workers,2,-3.0000,5.0000,3.0000
24,workers,3,7.0000,5.0000,3.0000
25,general,0,0.0000,0.0000,5.0000
25,nodes,0,-4.8534,-4.8455,3.0000
25,nodes,1,4.8535,-4.8451,3.0000
25,nodes,2,-5.1468,4.8451,3.0000
25,nodes,3,5.1470,4.8453,3.0000
25,scouts,0,-3.1131,-4.8013,3.0000
25,scouts,1,-4.7500,-3.1479,3.0000
25,scouts,2,-6.4406,-4.6211,3.0000
25,scouts,3,-4.6915,-6.3077,3.0000
25,scouts,4,6.4406,-4.6211,3.0000
25,scouts,5,4.7500,-3.1479,3.0000
25,scouts,6,3.1131,-4.8013,3.0000
25,scouts,7,4.6915,-6.3077,3.0000
25,scouts,8,-3.5594,4.6211,3.0000
25,scouts,9,-5.3085,6.3077,3.0000
25,scouts,10,-6.8869,4.8013,3.0000
25,scouts,11,-5.2500,3.1479,3.0000
25,scouts,12,6.8869,4.8013,3.0000
25,scouts,13,5.3085,6.3077,3.0000
25,scouts,14,3.5594,4.6211,3.0000
25,scouts,15,5.2500,3.1479,3.0000
25,workers,0,-3.0000,-5.0000,3.0000
25,workers,1,7.0000,-5.0000,3.0000
25,workers,2,-3.0000,5.0000,3.0000
25,workers,3,7.0000,5.0000,3.0000
26,general,0,0.0000,0.0000,5.0000
26,nodes,0,-4.8468,-4.8387,3.0000
26,nodes,1,4.8471,-4.8382,3.0000
26,nodes,2,-5.1533,4.8382,3.0000
26,nodes,3,5.1535,4.8383,3.0000
26,scouts,0,-3.0941,-4.7914,3.0000
26,scouts,1,-4.7376,-3.1305,3.0000
26,scouts,2,-6.4376,-4.6021,3.0000
26,scouts,3,-4.6762,-6.2982,3.0000
26,scouts,4,6.4376,-4.6021,3.0000
26,scouts,5,4.7376,-3.1305,3.0000
26,scouts,6,3.0941,-4.7914,3.0000
26,scouts,7,4.6762,-6.2982,3.0000
26,scouts,8,-3.5624,4.6021,3.0000
26,scouts,9,-5.3238,6.2982,3.0000
26,scouts,10,-6.9059,4.7914,3.0000
26,scouts,11,-5.2624,3.1305,3.0000
26,scouts,12,6.9060,4.7914,3.0000
26,scouts,13,5.3238,6.2982,3.0000
26,scouts,14,3.5625,4.6021,3.0000
26,scouts,15,5.2624,3.1305,3.0000
26,workers,0,-3.0000,-5.0000,3.0000
26,workers,1,7.0000,-5.0000,3.0000
26,workers,2,-3.0000,5.0000,3.0000
26,workers,3,7.0000,5.0000,3.0000
27,general,0,0.0000,0.0000,5.0000
27,nodes,0,-4.8403,-4.8317,3.0000
27,nodes,1,4.8405,-4.8312,3.0000
27,nodes,2,-5.1598,4.8313,3.0000
27,nodes,3,5.1600,4.8314,3.0000
27,scouts,0,-3.0750,-4.7814,3.0000
27,scouts,1,-4.7251,-3.1131,3.0000
27,scouts,2,-6.4345,-4.5831,3.0000
27,scouts,3,-4.6608,-6.2886,3.0000
27,scouts,4,6.4345,-4.5831,3.0000
27,scouts,5,4.7251,-3.1131,3.0000
27,scouts,6,3.0750,-4.7814,3.0000
27,scouts,7,4.6608,-6.2886,3.0000
27,scouts,8,-3.5655,4.5831,3.0000
27,scouts,9,-5.3392,6.2886,3.0000
27,scouts,10,-6.9250,4.7814,3.0000
27,scouts,11,-5.2749,3.1131,3.0000
27,scouts,12,6.9250,4.7814,3.0000
27,scouts,13,5.3392,6.2886,3.0000
27,scouts,14,3.5655,4.5831,3.0000
27,scouts,15,5.2749,3.1131,3.0000
27,workers,0,-3.0000,-5.0000,3.0000
27,workers,1,7.0000,-5.0000,3.0000
27,workers,2,-3.0000,5.0000,3.0000
27,workers,3,7.0000,5.0000,3.0000
28,general,0,0.0000,0.0000,5.0000
28,nodes,0,-4.8337,-4.8248,3.0000
28,nodes,1,4.8340,-4.8243,3.0000
28,nodes,2,-5.1663,4.8244,3.0000
28,nodes,3,5.1665,4.8244,3.0000
28,scouts,0,-3.0560,-4.7715,3.0000
28,scouts,1,-4.7126,-3.0957,3.0000
28,scouts,2,-6.4315,-4.5640,3.0000
28,scouts,3,-4.6454,-6.2789,3.0000
28,scouts,4,6.4315,-4.5640,3.0000
28,scouts,5,4.7126,-3.0957,3.0000
28,scouts,6,3.0560,-4.7715,3.0000
28,scouts,7,4.6454,-6.2789,3.0000
28,scouts,8,-3.5685,4.5640,3.0000
28,scouts,9,-5.3546,6.2789,3.0000
28,scouts,10,-6.9440,4.7715,3.0000
28,scouts,11,-5.2874,3.0957,3.0000
28,scouts,12,6.9441,4.7715,3.0000
28,scouts,13,5.3546,6.2789,3.0000
28,scouts,14,3.5685,4.5640,3.0000
28,scouts,15,5.2874,3.0957,3.0000
28,workers,0,-3.0000,-5.0000,3.0000
28,workers,1,7.0000,-5.0000,3.0000
28,workers,2,-3.0000,5.0000,3.0000
28,workers,3,7.0000,5.0000,3.0000
29,general,0,0.0000,0.0000,5.0000
29,nodes,0,-4.8273,-4.8179,3.0000
29,nodes,1,4.8275,-4.8173,3.0000
29,nodes,2,-5.1728,4.8175,3.0000
29,nodes,3,5.1730,4.8174,3.0000
29,scouts,0,-3.0369,-4.7614,3.0000
29,scouts,1,-4.7001,-3.0782,3.0000
29,scouts,2,-6.4284,-4.5449,3.0000
29,scouts,3,-4.6300,-6.2693,3.0000
29,scouts,4,6.4284,-4.5449,3.0000
29,scouts,5,4.7001,-3.0782,3.0000
29,scouts,6,3.0369,-4.7615,3.0000
29,scouts,7,4.6300,-6.2693,3.0000
29,scouts,8,-3.5716,4.5449,3.0000
29,scouts,9,-5.3700,6.2693,3.0000
29,scouts,10,-6.9631,4.7615,3.0000
29,scouts,11,-5.2999,3.0782,3.0000
29,scouts,12,6.9631,4.7614,3.0000
29,scouts,13,5.3700,6.2693,3.0000
29,scouts,14,3.5716,4.5449,3.0000
29,scouts,15,5.2999,3.0782,3.0000
29,workers,0,-3.0000,-5.0000,3.0000
29,workers,1,7.0000,-5.0000,3.0000
29,workers,2,-3.0000,5.0000,3.0000
29,workers,3,7.0000,5.0000,3.0000
30,general,0,0.0000,0.0000,5.0000
30,nodes,0,-4.8207,-4.8109,3.0000
30,nodes,1,4.8209,-4.8104,3.0000
30,nodes,2,-5.1794,4.8105,3.0000
30,nodes,3,5.1796,4.8105,3.0000
30,scouts,0,-3.0178,-4.7514,3.0000
30,scouts,1,-4.6876,-3.0608,3.0000
30,scouts,2,-6.4254,-4.5257,3.0000
30,scouts,3,-4.6145,-6.2596,3.0000
30,scouts,4,6.4254,-4.5257,3.0000
30,scouts,5,4.6876,-3.0608,3.0000
30,scouts,6,3.0178,-4.7514,3.0000
30,scouts,7,4.6145,-6.2596,3.0000
30,scouts,8,-3.5746,4.5257,3.0000
30,scouts,9,-5.3855,6.2596,3.0000
30,scouts,10,-6.9822,4.7514,3.0000
30,scouts,11,-5.3124,3.0607,3.0000
30,scouts,12,6.9822,4.7514,3.0000
30,scouts,13,5.3855,6.2596,3.0000
30,scouts,14,3.5746,4.5257,3.0000
30,scouts,15,5.3124,3.0608,3.0000
30,workers,0,-3.0000,-5.0000,3.0000
30,workers,1,7.0000,-5.0000,3.0000
30,workers,2,-3.0000,5.0000,3.0000
30,workers,3,7.0000,5.0000,3.0000
31,general,0,0.0000,0.0000,5.0000
31,nodes,0,-4.8142,-4.8040,3.0000
31,nodes,1,4.8143,-4.8035,3.0000
31,nodes,2,-5.1859,4.8036,3.0000
31,nodes,3,5.1861,4.8035,3.0000
31,scouts,0,-2.9987,-4.7414,3.0000
31,scouts,1,-4.6750,-3.0433,3.0000
31,scouts,2,-6.4223,-4.5065,3.0000
31,scouts,3,-4.5990,-6.2500,3.0000
31,scouts,4,6.4223,-4.5065,3.0000
31,scouts,5,4.6750,-3.0433,3.0000
31,scouts,6,2.9987,-4.7414,3.0000
31,scouts,7,4.5990,-6.2500,3.0000
31,scouts,8,-3.5777,4.5065,3.0000
31,scouts,9,-5.4010,6.2500,3.0000
31,scouts,10,-7.0013,4.7414,3.0000
31,scouts,11,-5.3250,3.0433,3.0000
31,scouts,12,7.0013,4.7414,3.0000
31,scouts,13,5.4010,6.2500,3.0000
31,scouts,14,3.5777,4.5065,3.0000
31,scouts,15,5.3250,3.0433,3.0000
31,workers,0,-3.0000,-5.0000,3.0000
31,workers,1,7.0000,-5.0000,3.0000
31,workers,2,-3.0000,5.0000,3.0000
31,workers,3,7.0000,5.0000,3.0000
32,general,0,0.0000,0.0000,5.0000
32,nodes,0,-4.8077,-4.7970,3.0000
32,nodes,1,4.8078,-4.7965,3.0000
32,nodes,2,-5.1924,4.7966,3.0000
32,nodes,3,5.1927,4.7966,3.0000
32,scouts,0,-2.9797,-4.7313,3.0000
32,scouts,1,-4.6625,-3.0258,3.0000
32,scouts,2,-6.4192,-4.4873,3.0000
32,scouts,3,-4.5835,-6.2403,3.0000
32,scouts,4,6.4192,-4.4873,3.0000
32,scouts,5,4.6625,-3.0258,3.0000
32,scouts,6,2.9797,-4.7313,3.0000
32,scouts,7,4.5835,-6.2403,3.0000
32,scouts,8,-3.5808,4.4873,3.0000
32,scouts,9,-5.4165,6.2403,3.0000
32,scouts,10,-7.0203,4.7313,3.0000
32,scouts,11,-5.3375,3.0258,3.0000
32,scouts,12,7.0203,4.7313,3.0000
32,scouts,13,5.4165,6.2403,3.0000
32,scouts,14,3.5808,4.4873,3.0000
32,scouts,15,5.3375,3.0258,3.0000
32,workers,0,-3.0000,-5.0000,3.0000
32,workers,1,7.0000,-5.0000,3.0000
32,workers,2,-3.0000,5.0000,3.0000
32,workers,3,7.0000,5.0000,3.0000
33,general,0,0.0000,0.0000,5.0000
33,nodes,0,-4.8011,-4.7900,3.0000
33,nodes,1,4.8013,-4.7895,3.0000
33,nodes,2,-5.1990,4.7896,3.0000
33,nodes,3,5.1992,4.7896,3.0000
33,scouts,0,-2.9606,-4.7212,3.0000
33,scouts,1,-4.6499,-3.0083,3.0000
33,scouts,2,-6.4161,-4.4680,3.0000
33,scouts,3,-4.5680,-6.2305,3.0000
33,scouts,4,6.4161,-4.4680,3.0000
33,scouts,5,4.6499,-3.0083,3.0000
33,scouts,6,2.9606,-4.7212,3.0000
33,scouts,7,4.5680,-6.2305,3.0000
33,scouts,8,-3.5839,4.4680,3.0000
33,scouts,9,-5.4320,6.2305,3.0000
33,scouts,10,-7.0394,4.7212,3.0000
33,scouts,11,-5.3501,3.0083,3.0000
33,scouts,12,7.0394,4.7212,3.0000
33,scouts,13,5.4320,6.2305,3.0000
33,scouts,14,3.5839,4.4680,3.0000
33,scouts,15,5.3501,3.0083,3.0000
33,workers,0,-3.0000,-5.0000,3.0000
33,workers,1,7.0000,-5.0000,3.0000
33,workers,2,-3.0000,5.0000,3.0000
33,workers,3,7.0000,5.0000,3.0000
34,general,0,0.0000,0.0000,5.0000
34,nodes,0,-4.7946,-4.7831,3.0000
34,nodes,1,4.7947,-4.7826,3.0000
34,nodes,2,-5.2055,4.7827,3.0000
34,nodes,3,5.2058,4.7826,3.0000
34,scouts,0,-2.9416,-4.7111,3.0000
34,scouts,1,-4.6373,-2.9908,3.0000
34,scouts,2,-6.4130,-4.4487,3.0000
34,scouts,3,-4.5525,-6.2208,3.0000
34,scouts,4,6.4130,-4.4487,3.0000
34,scouts,5,4.6373,-2.9908,3.0000
34,scouts,6,2.9416,-4.7111,3.0000
34,scouts,7,4.5525,-6.2208,3.0000
34,scouts,8,-3.5870,4.4487,3.0000
34,scouts,9,-5.4475,6.2208,3.0000
34,scouts,10,-7.0584,4.7111,3.0000
34,scouts,11,-5.3627,2.9908,3.0000
34,scouts,12,7.0584,4.7111,3.0000
34,scouts,13,5.4475,6.2208,3.0000
34,scouts,14,3.5870,4.4487,3.0000
34,scouts,15,5.3627,2.9908,3.0000
34,workers,0,-3.0000,-5.0000,3.0000
34,workers,1,7.0000,-5.0000,3.0000
34,workers,2,-3.0000,5.0000,3.0000
34,workers,3,7.0000,5.0000,3.0000
35,general,0,0.0000,0.0000,5.0000
35,nodes,0,-4.7881,-4.7761,3.0000
35,nodes,1,4.7880,-4.7756,3.0000
35,nodes,2,-5.2120,4.7757,3.0000
35,nodes,3,5.2122,4.7757,3.0000
35,scouts,0,-2.9225,-4.7010,3.0000
35,scouts,1,-4.6247,-2.9734,3.0000
35,scouts,2,-6.4099,-4.4293,3.0000
35,scouts,3,-4.5370,-6.2111,3.0000
35,scouts,4,6.4099,-4.4293,3.0000
35,scouts,5,4.6247,-2.9734,3.0000
35,scouts,6,2.9225,-4.7010,3.0000
35,scouts,7,4.5370,-6.2111,3.0000
35,scouts,8,-3.5901,4.4293,3.0000
35,scouts,9,-5.4630,6.2111,3.0000
35,scouts,10,-7.0775,4.7010,3.0000
35,scouts,11,-5.3753,2.9734,3.0000
35,scouts,12,7.0775,4.7010,3.0000
35,scouts,13,5.4630,6.2111,3.0000
35,scouts,14,3.5901,4.4293,3.0000
35,scouts,15,5.3753,2.9734,3.0000
35,workers,0,-3.0000,-5.0000,3.0000
35,workers,1,7.0000,-5.0000,3.0000
35,workers,2,-3.0000,5.0000,3.0000
35,workers,3,7.0000,5.0000,3.0000
36,general,0,0.0000,0.0000,5.0000
36,nodes,0,-4.7815,-4.7691,3.0000
36,nodes,1,4.7815,-4.7686,3.0000
36,nodes,2,-5.2186,4.7687,3.0000
36,nodes,3,5.2187,4.7686,3.0000
36,scouts,0,-2.9035,-4.6909,3.0000
36,scouts,1,-4.6121,-2.9559,3.0000
36,scouts,2,-6.4068,-4.4100,3.0000
36,scouts,3,-4.5215,-6.2014,3.0000
36,scouts,4,6.4068,-4.4100,3.0000
36,scouts,5,4.6121,-2.9559,3.0000
36,scouts,6,2.9035,-4.6909,3.0000
36,scouts,7,4.5215,-6.2014,3.0000
36,scouts,8,-3.5932,4.4100,3.0000
36,scouts,9,-5.4785,6.2014,3.0000
36,scouts,10,-7.0965,4.6909,3.0000
36,scouts,11,-5.3879,2.9559,3.0000
36,scouts,12,7.0965,4.6909,3.0000
36,scouts,13,5.4785,6.2014,3.0000
36,scouts,14,3.5932,4.4100,3.0000
36,scouts,15,5.3879,2.9559,3.0000
36,workers,0,-3.0000,-5.0000,3.0000
36,workers,1,7.0000,-5.0000,3.0000
36,workers,2,-3.0000,5.0000,3.0000
36,workers,3,7.0000,5.0000,3.0000
37,general,0,0.0000,0.0000,5.0000
37,nodes,0,-4.7749,-4.7621,3.0000
37,nodes,1,4.7750,-4.7616,3.0000
37,nodes,2,-5.2251,4.7618,3.0000
37,nodes,3,5.2253,4.7616,3.0000
37,scouts,0,-2.8845,-4.6808,3.0000
37,scouts,1,-4.5996,-2.9384,3.0000
37,scouts,2,-6.4037,-4.3906,3.0000
37,scouts,3,-4.5059,-6.1916,3.0000
37,scouts,4,6.4037,-4.3906,3.0000
37,scouts,5,4.5996,-2.9384,3.0000
37,scouts,6,2.8845,-4.6808,3.0000
37,scouts,7,4.5059,-6.1916,3.0000
37,scouts,8,-3.5963,4.3906,3.0000
37,scouts,9,-5.4941,6.1916,3.0000
37,scouts,10,-7.1155,4.6808,3.0000
37,scouts,11,-5.4004,2.9384,3.0000
37,scouts,12,7.1155,4.6808,3.0000
37,scouts,13,5.4941,6.1916,3.0000
37,scouts,14,3.5963,4.3906,3.0000
37,scouts,15,5.4004,2.9384,3.0000
37,workers,0,-3.0000,-5.0000,3.0000
37,workers,1,7.0000,-5.0000,3.0000
37,workers,2,-3.0000,5.0000,3.0000
37,workers,3,7.0000,5.0000,3.0000
38,general,0,0.0000,0.0000,5.0000
38,nodes,0,-4.7684,-4.7551,3.0000
38,nodes,1,4.7684,-4.7546,3.0000
38,nodes,2,-5.2317,4.7548,3.0000
38,nodes,3,5.2319,4.7547,3.0000
38,scouts,0,-2.8656,-4.6707,3.0000
38,scouts,1,-4.5870,-2.9210,3.0000
38,scouts,2,-6.4006,-4.3712,3.0000
38,scouts,3,-4.4904,-6.1819,3.0000
38,scouts,4,6.4006,-4.3712,3.0000
38,scouts,5,4.5870,-2.9210,3.0000
38,scouts,6,2.8656,-4.6707,3.0000
38,scouts,7,4.4904,-6.1819,3.0000
38,scouts,8,-3.5994,4.3712,3.0000
38,scouts,9,-5.5096,6.1818,3.0000
38,scouts,10,-7.1345,4.6707,3.0000
38,scouts,11,-5.4130,2.9210,3.0000
38,scouts,12,7.1345,4.6707,3.0000
38,scouts,13,5.5096,6.1819,3.0000
38,scouts,14,3.5994,4.3712,3.0000
38,scouts,15,5.4130,2.9210,3.0000
38,workers,0,-3.0000,-5.0000,3.0000
38,workers,1,7.0000,-5.0000,3.0000
38,workers,2,-3.0000,5.0000,3.0000
38,workers,3,7.0000,5.0000,3.0000
39,general,0,0.0000,0.0000,5.0000
39,nodes,0,-4.7619,-4.7482,3.0000
39,nodes,1,4.7619,-4.7477,3.0000
39,nodes,2,-5.2382,4.7479,3.0000
39,nodes,3,5.2384,4.7476,3.0000
39,scouts,0,-2.8466,-4.6605,3.0000
39,scouts,1,-4.5744,-2.9035,3.0000
39,scouts,2,-6.3974,-4.3518,3.0000
39,scouts,3,-4.4749,-6.1721,3.0000
39,scouts,4,6.3974,-4.3518,3.0000
39,scouts,5,4.5744,-2.9035,3.0000
39,scouts,6,2.8466,-4.6605,3.0000
39,scouts,7,4.4749,-6.1721,3.0000
39,scouts,8,-3.6026,4.3518,3.0000
39,scouts,9,-5.5251,6.1721,3.0000
39,scouts,10,-7.1534,4.6605,3.0000
39,scouts,11,-5.4256,2.9035,3.0000
39,scouts,12,7.1534,4.6605,3.0000
39,scouts,13,5.5251,6.1721,3.0000
39,scouts,14,3.6026,4.3518,3.0000
39,scouts,15,5.4256,2.9035,3.0000
39,workers,0,-3.0000,-5.0000,3.0000
39,workers,1,7.0000,-5.0000,3.0000
39,workers,2,-3.0000,5.0000,3.0000
39,workers,3,7.0000,5.0000,3.0000
40,general,0,0.0000,0.0000,5.0000
40,nodes,0,-4.7553,-4.7412,3.0000
40,nodes,1,4.7554,-4.7407,3.0000
40,nodes,2,-5.2447,4.7409,3.0000
40,nodes,3,5.2450,4.7407,3.0000
40,scouts,0,-2.8277,-4.6504,3.0000
40,scouts,1,-4.5618,-2.8861,3.0000
40,scouts,2,-6.3943,-4.3324,3.0000
40,scouts,3,-4.4593,-6.1623,3.0000
40,scouts,4,6.3943,-4.3324,3.0000
40,scouts,5,4.5618,-2.8861,3.0000
40,scouts,6,2.8277,-4.6504,3.0000
40,scouts,7,4.4593,-6.1623,3.0000
40,scouts,8,-3.6057,4.3324,3.0000
40,scouts,9,-5.5407,6.1623,3.0000
40,scouts,10,-7.1723,4.6504,3.0000
40,scouts,11,-5.4382,2.8861,3.0000
40,scouts,12,7.1723,4.6504,3.0000
40,scouts,13,5.5407,6.1623,3.0000
40,scouts,14,3.6057,4.3324,3.0000
40,scouts,15,5.4382,2.8861,3.0000
40,workers,0,-3.0000,-5.0000,3.0000
40,workers,1,7.0000,-5.0000,3.0000
40,workers,2,-3.0000,5.0000,3.0000
40,workers,3,7.0000,5.0000,3.0000
41,general,0,0.0000,0.0000,5.0000
41,nodes,0,-4.7488,-4.7342,3.0000
41,nodes,1,4.7489,-4.7337,3.0000
41,nodes,2,-5.2513,4.7339,3.0000
41,nodes,3,5.2515,4.7336,3.0000
41,scouts,0,-2.8088,-4.6402,3.0000
41,scouts,1,-4.5492,-2.8687,3.0000
41,scouts,2,-6.3911,-4.3129,3.0000
41,scouts,3,-4.4438,-6.1525,3.0000
41,scouts,4,6.3911,-4.3129,3.0000
41,scouts,5,4.5492,-2.8687,3.0000
41,scouts,6,2.8088,-4.6403,3.0000
41,scouts,7,4.4438,-6.1525,3.0000
41,scouts,8,-3.6089,4.3129,3.0000
41,scouts,9,-5.5562,6.1525,3.0000
41,scouts,10,-7.1912,4.6403,3.0000
41,scouts,11,-5.4508,2.8687,3.0000
41,scouts,12,7.1912,4.6403,3.0000
41,scouts,13,5.5562,6.1525,3.0000
41,scouts,14,3.6089,4.3129,3.0000
41,scouts,15,5.4508,2.8687,3.0000
41,workers,0,-3.0000,-5.0000,3.0000
41,workers,1,7.0000,-5.0000,3.0000
41,workers,2,-3.0000,5.0000,3.0000
41,workers,3,7.0000,5.0000,3.0000
42,general,0,0.0000,0.0000,5.0000
42,nodes,0,-4.7422,-4.7271,3.0000
42,nodes,1,4.7423,-4.7268,3.0000
42,nodes,2,-5.2578,4.7269,3.0000
42,nodes,3,5.2580,4.7267,3.0000
42,scouts,0,-2.7899,-4.6301,3.0000
42,scouts,1,-4.5367,-2.8513,3.0000
42,scouts,2,-6.3880,-4.2935,3.0000
42,scouts,3,-4.4283,-6.1428,3.0000
42,scouts,4,6.3880,-4.2935,3.0000
42,scouts,5,4.5367,-2.8513,3.0000
42,scouts,6,2.7899,-4.6301,3.0000
42,scouts,7,4.4283,-6.1428,3.0000
42,scouts,8,-3.6120,4.2935,3.0000
42,scouts,9,-5.5717,6.1428,3.0000
42,scouts,10,-7.2101,4.6301,3.0000
42,scouts,11,-5.4633,2.8513,3.0000
42,scouts,12,7.2101,4.6301,3.0000
42,scouts,13,5.5717,6.1428,3.0000
42,scouts,14,3.6120,4.2935,3.0000
42,scouts,15,5.4633,2.8513,3.0000
42,workers,0,-3.0000,-5.0000,3.0000
42,workers,1,7.0000,-5.0000,3.0000
42,workers,2,-3.0000,5.0000,3.0000
42,workers,3,7.0000,5.0000,3.0000
43,general,0,0.0000,0.0000,5.0000
43,nodes,0,-4.7357,-4.7202,3.0000
43,nodes,1,4.7358,-4.7197,3.0000
43,nodes,2,-5.2643,4.7200,3.0000
43,nodes,3,5.2646,4.7196,3.0000
43,scouts,0,-2.7711,-4.6199,3.0000
43,scouts,1,-4.5241,-2.8339,3.0000
43,scouts,2,-6.3848,-4.2740,3.0000
43,scouts,3,-4.4127,-6.1330,3.0000
43,scouts,4,6.3848,-4.2740,3.0000
43,scouts,5,4.5241,-2.8339,3.0000
43,scouts,6,2.7711,-4.6200,3.0000
43,scouts,7,4.4127,-6.1330,3.0000
43,scouts,8,-3.6152,4.2740,3.0000
43,scouts,9,-5.5873,6.1330,3.0000
43,scouts,10,-7.2289,4.6200,3.0000
43,scouts,11,-5.4759,2.8339,3.0000
43,scouts,12,7.2289,4.6199,3.0000
43,scouts,13,5.5873,6.1330,3.0000
43,scouts,14,3.6152,4.2740,3.0000
43,scouts,15,5.4759,2.8339,3.0000
43,workers,0,-3.0000,-5.0000,3.0000
43,workers,1,7.0000,-5.0000,3.0000
43,workers,2,-3.0000,5.0000,3.0000
43,workers,3,7.0000,5.0000,3.0000
44,general,0,0.0000,0.0000,5.0000
44,nodes,0,-4.7292,-4.7133,3.0000
44,nodes,1,4.7292,-4.7126,3.0000
44,nodes,2,-5.2709,4.7130,3.0000
44,nodes,3,5.2712,4.7127,3.0000
44,scouts,0,-2.7523,-4.6098,3.0000
44,scouts,1,-4.5116,-2.8165,3.0000
44,scouts,2,-6.3816,-4.2545,3.0000
44,scouts,3,-4.3972,-6.1232,3.0000
44,scouts,4,6.3817,-4.2545,3.0000
44,scouts,5,4.5116,-2.8165,3.0000
44,scouts,6,2.7523,-4.6098,3.0000
44,scouts,7,4.3972,-6.1232,3.0000
44,scouts,8,-3.6184,4.2545,3.0000
44,scouts,9,-5.6028,6.1232,3.0000
44,scouts,10,-7.2477,4.6098,3.0000
44,scouts,11,-5.4884,2.8165,3.0000
44,scouts,12,7.2478,4.6098,3.0000
44,scouts,13,5.6028,6.1232,3.0000
44,scouts,14,3.6184,4.2545,3.0000
44,scouts,15,5.4884,2.8165,3.0000
44,workers,0,-3.0000,-5.0000,3.0000
44,workers,1,7.0000,-5.0000,3.0000
44,workers,2,-3.0000,5.0000,3.0000
44,workers,3,7.0000,5.0000,3.0000
45,general,0,0.0000,0.0000,5.0000
45,nodes,0,-4.7226,-4.7063,3.0000
45,nodes,1,4.7227,-4.7057,3.0000
45,nodes,2,-5.2774,4.7060,3.0000
45,nodes,3,5.2777,4.7056,3.0000
45,scouts,0,-2.7335,-4.5996,3.0000
45,scouts,1,-4.4990,-2.7992,3.0000
45,scouts,2,-6.3785,-4.2350,3.0000
45,scouts,3,-4.3817,-6.1134,3.0000
45,scouts,4,6.3785,-4.2351,3.0000
45,scouts,5,4.4990,-2.7992,3.0000
45,scouts,6,2.7335,-4.5996,3.0000
45,scouts,7,4.3817,-6.1134,3.0000
45,scouts,8,-3.6215,4.2351,3.0000
45,scouts,9,-5.6183,6.1134,3.0000
45,scouts,10,-7.2665,4.5996,3.0000
45,scouts,11,-5.5010,2.7992,3.0000
45,scouts,12,7.2665,4.5996,3.0000
45,scouts,13,5.6183,6.1134,3.0000
45,scouts,14,3.6215,4.2351,3.0000
45,scouts,15,5.5010,2.7992,3.0000
45,workers,0,-3.0000,-5.0000,3.0000
45,workers,1,7.0000,-5.0000,3.0000
45,workers,2,-3.0000,5.0000,3.0000
45,workers,3,7.0000,5.0000,3.0000
46,general,0,0.0000,0.0000,5.0000
46,nodes,0,-4.7161,-4.6993,3.0000
46,nodes,1,4.7161,-4.6987,3.0000
46,nodes,2,-5.2839,4.6989,3.0000
46,nodes,3,5.2843,4.6987,3.0000
46,scouts,0,-2.7147,-4.5895,3.0000
46,scouts,1,-4.4865,-2.7818,3.0000
46,scouts,2,-6.3753,-4.2156,3.0000
46,scouts,3,-4.3662,-6.1036,3.0000
46,scouts,4,6.3753,-4.2156,3.0000
46,scouts,5,4.4865,-2.7818,3.0000
46,scouts,6,2.7147,-4.5895,3.0000
46,scouts,7,4.3662,-6.1036,3.0000
46,scouts,8,-3.6247,4.2156,3.0000
46,scouts,9,-5.6338,6.1036,3.0000
46,scouts,10,-7.2853,4.5895,3.0000
46,scouts,11,-5.5135,2.7818,3.0000
46,scouts,12,7.2853,4.5895,3.0000
46,scouts,13,5.6338,6.1036,3.0000
46,scouts,14,3.6247,4.2156,3.0000
46,scouts,15,5.5135,2.7818,3.0000
46,workers,0,-3.0000,-5.0000,3.0000
46,workers,1,7.0000,-5.0000,3.0000
46,workers,2,-3.0000,5.0000,3.0000
46,workers,3,7.0000,5.0000,3.0000
47,general,0,0.0000,0.0000,5.0000
47,nodes,0,-4.7096,-4.6924,3.0000
47,nodes,1,4.7095,-4.6917,3.0000
47,nodes,2,-5.2904,4.6920,3.0000
47,nodes,3,5.2908,4.6917,3.0000
47,scouts,0,-2.6960,-4.5793,3.0000
47,scouts,1,-4.4740,-2.7645,3.0000
47,scouts,2,-6.3721,-4.1961,3.0000
47,scouts,3,-4.3507,-6.0938,3.0000
47,scouts,4,6.3721,-4.1961,3.0000
47,scouts,5,4.4740,-2.7645,3.0000
47,scouts,6,2.6960,-4.5793,3.0000
47,scouts,7,4.3507,-6.0938,3.0000
47,scouts,8,-3.6279,4.1961,3.0000
47,scouts,9,-5.6493,6.0938,3.0000
47,scouts,10,-7.3040,4.5793,3.0000
47,scouts,11,-5.5260,2.7645,3.0000
47,scouts,12,7.3040,4.5793,3.0000
47,scouts,13,5.6493,6.0938,3.0000
47,scouts,14,3.6279,4.1961,3.0000
47,scouts,15,5.5260,2.7645,3.0000
47,workers,0,-3.0000,-5.0000,3.0000
47,workers,1,7.0000,-5.0000,3.0000
47,workers,2,-3.0000,5.0000,3.0000
47,workers,3,7.0000,5.0000,3.0000
48,general,0,0.0000,0.0000,5.0000
48,nodes,0,-4.7030,-4.6853,3.0000
48,nodes,1,4.7030,-4.6847,3.0000
48,nodes,2,-5.2969,4.6849,3.0000
48,nodes,3,5.2973,4.6847,3.0000
48,scouts,0,-2.6773,-4.5691,3.0000
48,scouts,1,-4.4615,-2.7472,3.0000
48,scouts,2,-6.3689,-4.1765,3.0000
48,scouts,3,-4.3352,-6.0840,3.0000
48,scouts,4,6.3689,-4.1766,3.0000
48,scouts,5,4.4614,-2.7472,3.0000
48,scouts,6,2.6773,-4.5691,3.0000
48,scouts,7,4.3352,-6.0839,3.0000
48,scouts,8,-3.6311,4.1766,3.0000
48,scouts,9,-5.6648,6.0839,3.0000
48,scouts,10,-7.3227,4.5691,3.0000
48,scouts,11,-5.5386,2.7472,3.0000
48,scouts,12,7.3227,4.5691,3.0000
48,scouts,13,5.6648,6.0839,3.0000
48,scouts,14,3.6311,4.1766,3.0000
48,scouts,15,5.5385,2.7472,3.0000
48,workers,0,-3.0000,-5.0000,3.0000
48,workers,1,7.0000,-5.0000,3.0000
48,workers,2,-3.0000,5.0000,3.0000
48,workers,3,7.0000,5.0000,3.0000
49,general,0,0.0000,0.0000,5.0000
49,nodes,0,-4.6965,-4.6783,3.0000
49,nodes,1,4.6964,-4.6777,3.0000
49,nodes,2,-5.3035,4.6779,3.0000
49,nodes,3,5.3038,4.6777,3.0000
49,scouts,0,-2.6587,-4.5590,3.0000
49,scouts,1,-4.4489,-2.7299,3.0000
49,scouts,2,-6.3657,-4.1570,3.0000
49,scouts,3,-4.3197,-6.0741,3.0000
49,scouts,4,6.3657,-4.1571,3.0000
49,scouts,5,4.4489,-2.7299,3.0000
49,scouts,6,2.6587,-4.5590,3.0000
49,scouts,7,4.3197,-6.0741,3.0000
49,scouts,8,-3.6343,4.1571,3.0000
49,scouts,9,-5.6803,6.0741,3.0000
49,scouts,10,-7.3413,4.5590,3.0000
49,scouts,11,-5.5511,2.7299,3.0000
49,scouts,12,7.3414,4.5590,3.0000
49,scouts,13,5.6803,6.0741,3.0000
49,scouts,14,3.6343,4.1571,3.0000
49,scouts,15,5.5511,2.7299,3.0000
49,workers,0,-3.0000,-5.0000,3.0000
49,workers,1,7.0000,-5.0000,3.0000
49,workers,2,-3.0000,5.0000,3.0000
49,workers,3,7.0000,5.0000,3.0000
50,general,0,0.0000,0.0000,5.0000
50,nodes,0,-4.6899,-4.6713,3.0000
50,nodes,1,4.6899,-4.6706,3.0000
50,nodes,2,-5.3100,4.6709,3.0000
50,nodes,3,5.3104,4.6707,3.0000
50,scouts,0,-2.6400,-4.5488,3.0000
50,scouts,1,-4.4365,-2.7126,3.0000
50,scouts,2,-6.3625,-4.1375,3.0000
50,scouts,3,-4.3042,-6.0643,3.0000
50,scouts,4,6.3625,-4.1375,3.0000
50,scouts,5,4.4364,-2.7126,3.0000
50,scouts,6,2.6400,-4.5488,3.0000
50,scouts,7,4.3042,-6.0643,3.0000
50,scouts,8,-3.6375,4.1375,3.0000
50,scouts,9,-5.6958,6.0643,3.0000
50,scouts,10,-7.3600,4.5488,3.0000
50,scouts,11,-5.5636,2.7126,3.0000
50,scouts,12,7.3600,4.5488,3.0000
50,scouts,13,5.6957,6.0643,3.0000
50,scouts,14,3.6375,4.1375,3.0000
50,scouts,15,5.5635,2.7126,3.0000
50,workers,0,-3.0000,-5.0000,3.0000
50,workers,1,7.0000,-5.0000,3.0000
50,workers,2,-3.0000,5.0000,3.0000
50,workers,3,7.0000,5.0000,3.0000
51,general,0,0.0000,0.0000,5.0000
51,nodes,0,-4.6834,-4.6643,3.0000
51,nodes,1,4.6834,-4.6636,3.0000
51,nodes,2,-5.3165,4.6639,3.0000
51,nodes,3,5.3169,4.6637,3.0000
51,scouts,0,-2.6215,-4.5386,3.0000
51,scouts,1,-4.4240,-2.6954,3.0000
51,scouts,2,-6.3593,-4.1180,3.0000
51,scouts,3,-4.2888,-6.0545,3.0000
51,scouts,4,6.3593,-4.1180,3.0000
51,scouts,5,4.4240,-2.6954,3.0000
51,scouts,6,2.6215,-4.5386,3.0000
51,scouts,7,4.2888,-6.0545,3.0000
51,scouts,8,-3.6407,4.1180,3.0000
51,scouts,9,-5.7112,6.0545,3.0000
51,scouts,10,-7.3786,4.5386,3.0000
51,scouts,11,-5.5760,2.6954,3.0000
51,scouts,12,7.3786,4.5386,3.0000
51,scouts,13,5.7112,6.0545,3.0000
51,scouts,14,3.6407,4.1180,3.0000
51,scouts,15,5.5760,2.6954,3.0000
51,workers,0,-3.0000,-5.0000,3.0000
51,workers,1,7.0000,-5.0000,3.0000
51,workers,2,-3.0000,5.0000,3.0000
51,workers,3,7.0000,5.0000,3.0000
52,general,0,0.0000,0.0000,5.0000
52,nodes,0,-4.6770,-4.6572,3.0000
52,nodes,1,4.6768,-4.6566,3.0000
52,nodes,2,-5.3230,4.6569,3.0000
52,nodes,3,5.3234,4.6566,3.0000
52,scouts,0,-2.6029,-4.5284,3.0000
52,scouts,1,-4.4115,-2.6782,3.0000
52,scouts,2,-6.3561,-4.0985,3.0000
52,scouts,3,-4.2733,-6.0446,3.0000
52,scouts,4,6.3561,-4.0985,3.0000
52,scouts,5,4.4115,-2.6781,3.0000
52,scouts,6,2.6029,-4.5285,3.0000
52,scouts,7,4.2733,-6.0446,3.0000
52,scouts,8,-3.6439,4.0985,3.0000
52,scouts,9,-5.7267,6.0446,3.0000
52,scouts,10,-7.3971,4.5285,3.0000
52,scouts,11,-5.5885,2.6781,3.0000
52,scouts,12,7.3971,4.5284,3.0000
52,scouts,13,5.7267,6.0446,3.0000
52,scouts,14,3.6440,4.0985,3.0000
52,scouts,15,5.5885,2.6781,3.0000
52,workers,0,-3.0000,-5.0000,3.0000
52,workers,1,7.0000,-5.0000,3.0000
52,workers,2,-3.0000,5.0000,3.0000
52,workers,3,7.0000,5.0000,3.0000
53,general,0,0.0000,0.0000,5.0000
53,nodes,0,-4.6705,-4.6503,3.0000
53,nodes,1,4.6703,-4.6496,3.0000
53,nodes,2,-5.3294,4.6499,3.0000
53,nodes,3,5.3300,4.6496,3.0000
53,scouts,0,-2.5844,-4.5183,3.0000
53,scouts,1,-4.3990,-2.6609,3.0000
53,scouts,2,-6.3528,-4.0789,3.0000
53,scouts,3,-4.2579,-6.0348,3.0000
53,scouts,4,6.3528,-4.0790,3.0000
53,scouts,5,4.3990,-2.6609,3.0000
53,scouts,6,2.5844,-4.5183,3.0000
53,scouts,7,4.2579,-6.0348,3.0000
53,scouts,8,-3.6472,4.0790,3.0000
53,scouts,9,-5.7421,6.0348,3.0000
53,scouts,10,-7.4156,4.5183,3.0000
53,scouts,11,-5.6010,2.6609,3.0000
53,scouts,12,7.4157,4.5183,3.0000
53,scouts,13,5.7421,6.0348,3.0000
53,scouts,14,3.6472,4.0790,3.0000
53,scouts,15,5.6010,2.6609,3.0000
53,workers,0,-3.0000,-5.0000,3.0000
53,workers,1,7.0000,-5.0000,3.0000
53,workers,2,-3.0000,5.0000,3.0000
53,workers,3,7.0000,5.0000,3.0000
54,general,0,0.0000,0.0000,5.0000
54,nodes,0,-4.6639,-4.6433,3.0000
54,nodes,1,4.6638,-4.6427,3.0000
54,nodes,2,-5.3359,4.6429,3.0000
54,nodes,3,5.3365,4.6426,3.0000
54,scouts,0,-2.5659,-4.5081,3.0000
54,scouts,1,-4.3866,-2.6437,3.0000
54,scouts,2,-6.3496,-4.0594,3.0000
54,scouts,3,-4.2424,-6.0250,3.0000
54,scouts,4,6.3496,-4.0594,3.0000
54,scouts,5,4.3866,-2.6437,3.0000
54,scouts,6,2.5659,-4.5081,3.0000
54,scouts,7,4.2424,-6.0249,3.0000
54,scouts,8,-3.6504,4.0594,3.0000
54,scouts,9,-5.7576,6.0249,3.0000
54,scouts,10,-7.4341,4.5081,3.0000
54,scouts,11,-5.6134,2.6437,3.0000
54,scouts,12,7.4342,4.5081,3.0000
54,scouts,13,5.7576,6.0249,3.0000
54,scouts,14,3.6504,4.0594,3.0000
54,scouts,15,5.6134,2.6437,3.0000
54,workers,0,-3.0000,-5.0000,3.0000
54,workers,1,7.0000,-5.0000,3.0000
54,workers,2,-3.0000,5.0000,3.0000
54,workers,3,7.0000,5.0000,3.0000
55,general,0,0.0000,0.0000,5.0000
55,nodes,0,-4.6574,-4.6363,3.0000
55,nodes,1,4.6573,-4.6357,3.0000
55,nodes,2,-5.3424,4.6360,3.0000
55,nodes,3,5.3431,4.6357,3.0000
55,scouts,0,-2.5474,-4.4979,3.0000
55,scouts,1,-4.3742,-2.6266,3.0000
55,scouts,2,-6.3464,-4.0399,3.0000
55,scouts,3,-4.2270,-6.0151,3.0000
55,scouts,4,6.3464,-4.0399,3.0000
55,scouts,5,4.3742,-2.6265,3.0000
55,scouts,6,2.5474,-4.4979,3.0000
55,scouts,7,4.2270,-6.0151,3.0000
55,scouts,8,-3.6537,4.0399,3.0000
55,scouts,9,-5.7730,6.0151,3.0000
55,scouts,10,-7.4526,4.4979,3.0000
55,scouts,11,-5.6258,2.6265,3.0000
55,scouts,12,7.4526,4.4979,3.0000
55,scouts,13,5.7730,6.0151,3.0000
55,scouts,14,3.6537,4.0399,3.0000
55,scouts,15,5.6258,2.6265,3.0000
55,workers,0,-3.0000,-5.0000,3.0000
55,workers,1,7.0000,-5.0000,3.0000
55,workers,2,-3.0000,5.0000,3.0000
55,workers,3,7.0000,5.0000,3.0000
56,general,0,0.0000,0.0000,5.0000
56,nodes,0,-4.6509,-4.6294,3.0000
56,nodes,1,4.6508,-4.6287,3.0000
56,nodes,2,-5.3490,4.6289,3.0000
56,nodes,3,5.3495,4.6286,3.0000
56,scouts,0,-2.5290,-4.4878,3.0000
56,scouts,1,-4.3618,-2.6094,3.0000
56,scouts,2,-6.3431,-4.0203,3.0000
56,scouts,3,-4.2116,-6.0052,3.0000
56,scouts,4,6.3431,-4.0204,3.0000
56,scouts,5,4.3617,-2.6094,3.0000
56,scouts,6,2.5290,-4.4878,3.0000
56,scouts,7,4.2116,-6.0052,3.0000
56,scouts,8,-3.6569,4.0204,3.0000
56,scouts,9,-5.7884,6.0052,3.0000
56,scouts,10,-7.4710,4.4878,3.0000
56,scouts,11,-5.6383,2.6094,3.0000
56,scouts,12,7.4710,4.4878,3.0000
56,scouts,13,5.7884,6.0052,3.0000
56,scouts,14,3.6569,4.0204,3.0000
56,scouts,15,5.6383,2.6094,3.0000
56,workers,0,-3.0000,-5.0000,3.0000
56,workers,1,7.0000,-5.0000,3.0000
56,workers,2,-3.0000,5.0000,3.0000
56,workers,3,7.0000,5.0000,3.0000
57,general,0,0.0000,0.0000,5.0000
57,nodes,0,-4.6443,-4.6223,3.0000
57,nodes,1,4.6443,-4.6217,3.0000
57,nodes,2,-5.3555,4.6219,3.0000
57,nodes,3,5.3559,4.6217,3.0000
57,scouts,0,-2.5106,-4.4776,3.0000
57,scouts,1,-4.3493,-2.5922,3.0000
57,scouts,2,-6.3398,-4.0008,3.0000
57,scouts,3,-4.1962,-5.9954,3.0000
57,scouts,4,6.3398,-4.0008,3.0000
57,scouts,5,4.3493,-2.5922,3.0000
57,scouts,6,2.5106,-4.4776,3.0000
57,scouts,7,4.1962,-5.9954,3.0000
57,scouts,8,-3.6602,4.0008,3.0000
57,scouts,9,-5.8038,5.9954,3.0000
57,scouts,10,-7.4894,4.4776,3.0000
57,scouts,11,-5.6507,2.5922,3.0000
57,scouts,12,7.4894,4.4776,3.0000
57,scouts,13,5.8038,5.9954,3.0000
57,scouts,14,3.6602,4.0008,3.0000
57,scouts,15,5.6507,2.5922,3.0000
57,workers,0,-3.0000,-5.0000,3.0000
57,workers,1,7.0000,-5.0000,3.0000
57,workers,2,-3.0000,5.0000,3.0000
57,workers,3,7.0000,5.0000,3.0000
58,general,0,0.0000,0.0000,5.0000
58,nodes,0,-4.6379,-4.6154,3.0000
58,nodes,1,4.6379,-4.6147,3.0000
58,nodes,2,-5.3620,4.6149,3.0000
58,nodes,3,5.3624,4.6147,3.0000
58,scouts,0,-2.4922,-4.4674,3.0000
58,scouts,1,-4.3370,-2.5751,3.0000
58,scouts,2,-6.3366,-3.9813,3.0000
58,scouts,3,-4.1808,-5.9855,3.0000
58,scouts,4,6.3366,-3.9813,3.0000
58,scouts,5,4.3369,-2.5751,3.0000
58,scouts,6,2.4922,-4.4674,3.0000
58,scouts,7,4.1808,-5.9855,3.0000
58,scouts,8,-3.6634,3.9813,3.0000
58,scouts,9,-5.8192,5.9855,3.0000
58,scouts,10,-7.5078,4.4674,3.0000
58,scouts,11,-5.6631,2.5751,3.0000
58,scouts,12,7.5078,4.4674,3.0000
58,scouts,13,5.8192,5.9855,3.0000
58,scouts,14,3.6634,3.9813,3.0000
58,scouts,15,5.6631,2.5751,3.0000
58,workers,0,-3.0000,-5.0000,3.0000
58,workers,1,7.0000,-5.0000,3.0000
58,workers,2,-3.0000,5.0000,3.0000
58,workers,3,7.0000,5.0000,3.0000
59,general,0,0.0000,0.0000,5.0000
59,nodes,0,-4.6313,-4.6084,3.0000
59,nodes,1,4.6313,-4.6077,3.0000
59,nodes,2,-5.3685,4.6080,3.0000
59,nodes,3,5.3690,4.6077,3.0000
59,scouts,0,-2.4739,-4.4572,3.0000
59,scouts,1,-4.3246,-2.5580,3.0000
59,scouts,2,-6.3333,-3.9617,3.0000
59,scouts,3,-4.1654,-5.9756,3.0000
59,scouts,4,6.3333,-3.9617,3.0000
59,scouts,5,4.3246,-2.5580,3.0000
59,scouts,6,2.4739,-4.4573,3.0000
59,scouts,7,4.1654,-5.9756,3.0000
59,scouts,8,-3.6667,3.9617,3.0000
59,scouts,9,-5.8346,5.9756,3.0000
59,scouts,10,-7.5261,4.4573,3.0000
59,scouts,11,-5.6754,2.5580,3.0000
59,scouts,12,7.5261,4.4573,3.0000
59,scouts,13,5.8346,5.9756,3.0000
59,scouts,14,3.6667,3.9617,3.0000
59,scouts,15,5.6754,2.5580,3.0000
59,workers,0,-3.0000,-5.0000,3.0000
59,workers,1,7.0000,-5.0000,3.0000
59,workers,2,-3.0000,5.0000,3.0000
59,workers,3,7.0000,5.0000,3.0000
60,general,0,0.0000,0.0000,5.0000
60,nodes,0,-4.6249,-4.6014,3.0000
60,nodes,1,4.6249,-4.6008,3.0000
60,nodes,2,-5.3750,4.6011,3.0000
60,nodes,3,5.3754,4.6008,3.0000
60,scouts,0,-2.4556,-4.4471,3.0000
60,scouts,1,-4.3122,-2.5409,3.0000
60,scouts,2,-6.3300,-3.9422,3.0000
60,scouts,3,-4.1500,-5.9657,3.0000
60,scouts,4,6.3300,-3.9422,3.0000
60,scouts,5,4.3122,-2.5409,3.0000
60,scouts,6,2.4556,-4.4471,3.0000
60,scouts,7,4.1500,-5.9657,3.0000
60,scouts,8,-3.6700,3.9422,3.0000
60,scouts,9,-5.8500,5.9657,3.0000
60,scouts,10,-7.5444,4.4471,3.0000
60,scouts,11,-5.6878,2.5409,3.0000
60,scouts,12,7.5444,4.4471,3.0000
60,scouts,13,5.8500,5.9657,3.0000
60,scouts,14,3.6700,3.9422,3.0000
60,scouts,15,5.6878,2.5409,3.0000
60,workers,0,-3.0000,-5.0000,3.0000
60,workers,1,7.0000,-5.0000,3.0000
60,workers,2,-3.0000,5.0000,3.0000
60,workers,3,7.0000,5.0000,3.0000
61,general,0,0.0000,0.0000,5.0000
61,nodes,0,-4.6184,-4.5944,3.0000
61,nodes,1,4.6183,-4.5938,3.0000
61,nodes,2,-5.3814,4.5941,3.0000
61,nodes,3,5.3820,4.5938,3.0000
61,scouts,0,-2.4374,-4.4369,3.0000
61,scouts,1,-4.2999,-2.5239,3.0000
61,scouts,2,-6.3267,-3.9226,3.0000
61,scouts,3,-4.1347,-5.9559,3.0000
61,scouts,4,6.3267,-3.9227,3.0000
61,scouts,5,4.2998,-2.5238,3.0000
61,scouts,6,2.4374,-4.4369,3.0000
61,scouts,7,4.1347,-5.9558,3.0000
61,scouts,8,-3.6733,3.9227,3.0000
61,scouts,9,-5.8653,5.9558,3.0000
61,scouts,10,-7.5626,4.4369,3.0000
61,scouts,11,-5.7002,2.5238,3.0000
61,scouts,12,7.5627,4.4369,3.0000
61,scouts,13,5.8653,5.9558,3.0000
61,scouts,14,3.6733,3.9227,3.0000
61,scouts,15,5.7001,2.5238,3.0000
61,workers,0,-3.0000,-5.0000,3.0000
61,workers,1,7.0000,-5.0000,3.0000
61,workers,2,-3.0000,5.0000,3.0000
61,workers,3,7.0000,5.0000,3.0000
62,general,0,0.0000,0.0000,5.0000
62,nodes,0,-4.6120,-4.5874,3.0000
62,nodes,1,4.6118,-4.5868,3.0000
62,nodes,2,-5.3879,4.5871,3.0000
62,nodes,3,5.3885,4.5869,3.0000
62,scouts,0,-2.4191,-4.4267,3.0000
62,scouts,1,-4.2875,-2.5068,3.0000
62,scouts,2,-6.3234,-3.9031,3.0000
62,scouts,3,-4.1193,-5.9460,3.0000
62,scouts,4,6.3234,-3.9031,3.0000
62,scouts,5,4.2875,-2.5068,3.0000
62,scouts,6,2.4191,-4.4268,3.0000
62,scouts,7,4.1193,-5.9459,3.0000
62,scouts,8,-3.6766,3.9031,3.0000
62,scouts,9,-5.8807,5.9459,3.0000
62,scouts,10,-7.5809,4.4268,3.0000
62,scouts,11,-5.7125,2.5068,3.0000
62,scouts,12,7.5809,4.4268,3.0000
62,scouts,13,5.8807,5.9459,3.0000
62,scouts,14,3.6766,3.9031,3.0000
62,scouts,15,5.7125,2.5068,3.0000
62,workers,0,-3.0000,-5.0000,3.0000
62,workers,1,7.0000,-5.0000,3.0000
62,workers,2,-3.0000,5.0000,3.0000
62,workers,3,7.0000,5.0000,3.0000
63,general,0,0.0000,0.0000,5.0000
63,nodes,0,-4.6054,-4.5804,3.0000
63,nodes,1,4.6053,-4.5798,3.0000
63,nodes,2,-5.3944,4.5801,3.0000
63,nodes,3,5.3950,4.5799,3.0000
63,scouts,0,-2.4010,-4.4166,3.0000
63,scouts,1,-4.2752,-2.4898,3.0000
63,scouts,2,-6.3201,-3.8836,3.0000
63,scouts,3,-4.1040,-5.9361,3.0000
63,scouts,4,6.3201,-3.8836,3.0000
63,scouts,5,4.2752,-2.4898,3.0000
63,scouts,6,2.4009,-4.4166,3.0000
63,scouts,7,4.1040,-5.9360,3.0000
63,scouts,8,-3.6799,3.8836,3.0000
63,scouts,9,-5.8960,5.9360,3.0000
63,scouts,10,-7.5991,4.4166,3.0000
63,scouts,11,-5.7248,2.4898,3.0000
63,scouts,12,7.5991,4.4166,3.0000
63,scouts,13,5.8960,5.9360,3.0000
63,scouts,14,3.6799,3.8836,3.0000
63,scouts,15,5.7248,2.4898,3.0000
63,workers,0,-3.0000,-5.0000,3.0000
63,workers,1,7.0000,-5.0000,3.0000
63,workers,2,-3.0000,5.0000,3.0000
63,workers,3,7.0000,5.0000,3.0000
64,general,0,0.0000,0.0000,5.0000
64,nodes,0,-4.5991,-4.5734,3.0000
64,nodes,1,4.5989,-4.5728,3.0000
64,nodes,2,-5.4008,4.5731,3.0000
64,nodes,3,5.4014,4.5730,3.0000
64,scouts,0,-2.3828,-4.4064,3.0000
64,scouts,1,-4.2629,-2.4728,3.0000
64,scouts,2,-6.3168,-3.8640,3.0000
64,scouts,3,-4.0886,-5.9261,3.0000
64,scouts,4,6.3168,-3.8641,3.0000
64,scouts,5,4.2629,-2.4728,3.0000
64,scouts,6,2.3828,-4.4065,3.0000
64,scouts,7,4.0886,-5.9261,3.0000
64,scouts,8,-3.6832,3.8640,3.0000
64,scouts,9,-5.9114,5.9261,3.0000
64,scouts,10,-7.6172,4.4064,3.0000
64,scouts,11,-5.7371,2.4728,3.0000
64,scouts,12,7.6173,4.4064,3.0000
64,scouts,13,5.9113,5.9261,3.0000
64,scouts,14,3.6832,3.8640,3.0000
64,scouts,15,5.7371,2.4727,3.0000
64,workers,0,-3.0000,-5.0000,3.0000
64,workers,1,7.0000,-5.0000,3.0000
64,workers,2,-3.0000,5.0000,3.0000
64,workers,3,7.0000,5.0000,3.0000
65,general,0,0.0000,0.0000,5.0000
65,nodes,0,-4.5926,-4.5665,3.0000
65,nodes,1,4.5924,-4.5658,3.0000
65,nodes,2,-5.4073,4.5661,3.0000
65,nodes,3,5.4079,4.5659,3.0000
65,scouts,0,-2.3647,-4.3963,3.0000
65,scouts,1,-4.2506,-2.4558,3.0000
65,scouts,2,-6.3135,-3.8445,3.0000
65,scouts,3,-4.0733,-5.9162,3.0000
65,scouts,4,6.3135,-3.8445,3.0000
65,scouts,5,4.2506,-2.4558,3.0000
65,scouts,6,2.3646,-4.3963,3.0000
65,scouts,7,4.0733,-5.9162,3.0000
65,scouts,8,-3.6865,3.8445,3.0000
65,scouts,9,-5.9267,5.9162,3.0000
65,scouts,10,-7.6354,4.3963,3.0000
65,scouts,11,-5.7494,2.4558,3.0000
65,scouts,12,7.6354,4.3963,3.0000
65,scouts,13,5.9267,5.9162,3.0000
65,scouts,14,3.6865,3.8445,3.0000
65,scouts,15,5.7494,2.4557,3.0000
65,workers,0,-3.0000,-5.0000,3.0000
65,workers,1,7.0000,-5.0000,3.0000
65,workers,2,-3.0000,5.0000,3.0000
65,workers,3,7.0000,5.0000,3.0000
66,general,0,0.0000,0.0000,5.0000
66,nodes,0,-4.5861,-4.5595,3.0000
66,nodes,1,4.5860,-4.5588,3.0000
66,nodes,2,-5.4138,4.5591,3.0000
66,nodes,3,5.4144,4.5590,3.0000
66,scouts,0,-2.3466,-4.3861,3.0000
66,scouts,1,-4.2383,-2.4388,3.0000
66,scouts,2,-6.3102,-3.8250,3.0000
66,scouts,3,-4.0580,-5.9063,3.0000
66,scouts,4,6.3102,-3.8250,3.0000
66,scouts,5,4.2383,-2.4388,3.0000
66,scouts,6,2.3465,-4.3861,3.0000
66,scouts,7,4.0580,-5.9063,3.0000
66,scouts,8,-3.6898,3.8250,3.0000
66,scouts,9,-5.9420,5.9063,3.0000
66,scouts,10,-7.6534,4.3861,3.0000
66,scouts,11,-5.7617,2.4388,3.0000
66,scouts,12,7.6535,4.3861,3.0000
66,scouts,13,5.9420,5.9063,3.0000
66,scouts,14,3.6899,3.8250,3.0000
66,scouts,15,5.7617,2.4388,3.0000
66,workers,0,-3.0000,-5.0000,3.0000
66,workers,1,7.0000,-5.0000,3.0000
66,workers,2,-3.0000,5.0000,3.0000
66,workers,3,7.0000,5.0000,3.0000
67,general,0,0.0000,0.0000,5.0000
67,nodes,0,-4.5797,-4.5525,3.0000
67,nodes,1,4.5795,-4.5519,3.0000
67,nodes,2,-5.4203,4.5522,3.0000
67,nodes,3,5.4208,4.5520,3.0000
67,scouts,0,-2.3285,-4.3760,3.0000
67,scouts,1,-4.2261,-2.4219,3.0000
67,scouts,2,-6.3068,-3.8054,3.0000
67,scouts,3,-4.0427,-5.8964,3.0000
67,scouts,4,6.3068,-3.8055,3.0000
67,scouts,5,4.2260,-2.4218,3.0000
67,scouts,6,2.3285,-4.3760,3.0000
67,scouts,7,4.0427,-5.8964,3.0000
67,scouts,8,-3.6932,3.8055,3.0000
67,scouts,9,-5.9573,5.8964,3.0000
67,scouts,10,-7.6715,4.3760,3.0000
67,scouts,11,-5.7740,2.4218,3.0000
67,scouts,12,7.6715,4.3760,3.0000
67,scouts,13,5.9573,5.8964,3.0000
67,scouts,14,3.6932,3.8055,3.0000
67,scouts,15,5.7740,2.4218,3.0000
67,workers,0,-3.0000,-5.0000,3.0000
67,workers,1,7.0000,-5.0000,3.0000
67,workers,2,-3.0000,5.0000,3.0000
67,workers,3,7.0000,5.0000,3.0000
68,general,0,0.0000,0.0000,5.0000
68,nodes,0,-4.5733,-4.5455,3.0000
68,nodes,1,4.5732,-4.5449,3.0000
68,nodes,2,-5.4267,4.5451,3.0000
68,nodes,3,5.4273,4.5450,3.0000
68,scouts,0,-2.3105,-4.3658,3.0000
68,scouts,1,-4.2138,-2.4049,3.0000
68,scouts,2,-6.3035,-3.7859,3.0000
68,scouts,3,-4.0275,-5.8864,3.0000
68,scouts,4,6.3035,-3.7859,3.0000
68,scouts,5,4.2138,-2.4049,3.0000
68,scouts,6,2.3105,-4.3658,3.0000
68,scouts,7,4.0274,-5.8864,3.0000
68,scouts,8,-3.6965,3.7859,3.0000
68,scouts,9,-5.9725,5.8864,3.0000
68,scouts,10,-7.6895,4.3658,3.0000
68,scouts,11,-5.7862,2.4049,3.0000
68,scouts,12,7.6896,4.3658,3.0000
68,scouts,13,5.9725,5.8864,3.0000
68,scouts,14,3.6966,3.7859,3.0000
68,scouts,15,5.7862,2.4049,3.0000
68,workers,0,-3.0000,-5.0000,3.0000
68,workers,1,7.0000,-5.0000,3.0000
68,workers,2,-3.0000,5.0000,3.0000
68,workers,3,7.0000,5.0000,3.0000
69,general,0,0.0000,0.0000,5.0000
69,nodes,0,-4.5668,-4.5386,3.0000
69,nodes,1,4.5666,-4.5379,3.0000
69,nodes,2,-5.4332,4.5382,3.0000
69,nodes,3,5.4337,4.5381,3.0000
69,scouts,0,-2.2925,-4.3557,3.0000
69,scouts,1,-4.2016,-2.3880,3.0000
69,scouts,2,-6.3001,-3.7664,3.0000
69,scouts,3,-4.0122,-5.8765,3.0000
69,scouts,4,6.3001,-3.7664,3.0000
69,scouts,5,4.2015,-2.3880,3.0000
69,scouts,6,2.2925,-4.3557,3.0000
69,scouts,7,4.0122,-5.8765,3.0000
69,scouts,8,-3.6999,3.7664,3.0000
69,scouts,9,-5.9878,5.8765,3.0000
69,scouts,10,-7.7075,4.3557,3.0000
69,scouts,11,-5.7984,2.3880,3.0000
69,scouts,12,7.7076,4.3557,3.0000
69,scouts,13,5.9878,5.8765,3.0000
69,scouts,14,3.6999,3.7664,3.0000
69,scouts,15,5.7984,2.3880,3.0000
69,workers,0,-3.0000,-5.0000,3.0000
69,workers,1,7.0000,-5.0000,3.0000
69,workers,2,-3.0000,5.0000,3.0000
69,workers,3,7.0000,5.0000,3.0000
70,general,0,0.0000,0.0000,5.0000
70,nodes,0,-4.5603,-4.5316,3.0000
70,nodes,1,4.5603,-4.5309,3.0000
70,nodes,2,-5.4396,4.5312,3.0000
70,nodes,3,5.4402,4.5311,3.0000
70,scouts,0,-2.2745,-4.3455,3.0000
70,scouts,1,-4.1894,-2.3711,3.0000
70,scouts,2,-6.2967,-3.7469,3.0000
70,scouts,3,-3.9969,-5.8665,3.0000
70,scouts,4,6.2967,-3.7469,3.0000
70,scouts,5,4.1893,-2.3711,3.0000
70,scouts,6,2.2745,-4.3455,3.0000
70,scouts,7,3.9969,-5.8665,3.0000
70,scouts,8,-3.7033,3.7469,3.0000
70,scouts,9,-6.0031,5.8665,3.0000
70,scouts,10,-7.7255,4.3455,3.0000
70,scouts,11,-5.8107,2.3711,3.0000
70,scouts,12,7.7255,4.3455,3.0000
70,scouts,13,6.0031,5.8665,3.0000
70,scouts,14,3.7033,3.7469,3.0000
70,scouts,15,5.8107,2.3711,3.0000
70,workers,0,-3.0000,-5.0000,3.0000
70,workers,1,7.0000,-5.0000,3.0000
70,workers,2,-3.0000,5.0000,3.0000
70,workers,3,7.0000,5.0000,3.0000
71,general,0,0.0000,0.0000,5.0000
71,nodes,0,-4.5539,-4.5245,3.0000
71,nodes,1,4.5538,-4.5239,3.0000
71,nodes,2,-5.4460,4.5243,3.0000
71,nodes,3,5.4466,4.5241,3.0000
71,scouts,0,-2.2566,-4.3354,3.0000
71,scouts,1,-4.1772,-2.3542,3.0000
71,scouts,2,-6.2934,-3.7274,3.0000
71,scouts,3,-3.9817,-5.8566,3.0000
71,scouts,4,6.2934,-3.7274,3.0000
71,scouts,5,4.1771,-2.3542,3.0000
71,scouts,6,2.2566,-4.3354,3.0000
71,scouts,7,3.9817,-5.8565,3.0000
71,scouts,8,-3.7066,3.7274,3.0000
71,scouts,9,-6.0183,5.8566,3.0000
71,scouts,10,-7.7434,4.3354,3.0000
71,scouts,11,-5.8229,2.3542,3.0000
71,scouts,12,7.7435,4.3354,3.0000
71,scouts,13,6.0183,5.8565,3.0000
71,scouts,14,3.7067,3.7274,3.0000
71,scouts,15,5.8229,2.3542,3.0000
71,workers,0,-3.0000,-5.0000,3.0000
71,workers,1,7.0000,-5.0000,3.0000
71,workers,2,-3.0000,5.0000,3.0000
71,workers,3,7.0000,5.0000,3.0000
72,general,0,0.0000,0.0000,5.0000
72,nodes,0,-4.5476,-4.5176,3.0000
72,nodes,1,4.5473,-4.5169,3.0000
72,nodes,2,-5.4523,4.5173,3.0000
72,nodes,3,5.4532,4.5172,3.0000
72,scouts,0,-2.2387,-4.3252,3.0000
72,scouts,1,-4.1650,-2.3374,3.0000
72,scouts,2,-6.2900,-3.7078,3.0000
72,scouts,3,-3.9665,-5.8466,3.0000
72,scouts,4,6.2900,-3.7079,3.0000
72,scouts,5,4.1649,-2.3374,3.0000
72,scouts,6,2.2387,-4.3253,3.0000
72,scouts,7,3.9665,-5.8466,3.0000
72,scouts,8,-3.7100,3.7079,3.0000
72,scouts,9,-6.0335,5.8466,3.0000
72,scouts,10,-7.7613,4.3253,3.0000
72,scouts,11,-5.8351,2.3374,3.0000
72,scouts,12,7.7614,4.3252,3.0000
72,scouts,13,6.0335,5.8466,3.0000
72,scouts,14,3.7101,3.7079,3.0000
72,scouts,15,5.8351,2.3373,3.0000
72,workers,0,-3.0000,-5.0000,3.0000
72,workers,1,7.0000,-5.0000,3.0000
72,workers,2,-3.0000,5.0000,3.0000
72,workers,3,7.0000,5.0000,3.0000
73,general,0,0.0000,0.0000,5.0000
73,nodes,0,-4.5411,-4.5106,3.0000
73,nodes,1,4.5409,-4.5100,3.0000
73,nodes,2,-5.4588,4.5104,3.0000
73,nodes,3,5.4595,4.5102,3.0000
73,scouts,0,-2.2208,-4.3151,3.0000
73,scouts,1,-4.1528,-2.3205,3.0000
73,scouts,2,-6.2866,-3.6883,3.0000
73,scouts,3,-3.9513,-5.8366,3.0000
73,scouts,4,6.2866,-3.6884,3.0000
73,scouts,5,4.1528,-2.3205,3.0000
73,scouts,6,2.2208,-4.3151,3.0000
73,scouts,7,3.9512,-5.8366,3.0000
73,scouts,8,-3.7134,3.6884,3.0000
73,scouts,9,-6.0488,5.8366,3.0000
73,scouts,10,-7.7792,4.3151,3.0000
73,scouts,11,-5.8472,2.3205,3.0000
73,scouts,12,7.7792,4.3151,3.0000
73,scouts,13,6.0487,5.8366,3.0000
73,scouts,14,3.7135,3.6884,3.0000
73,scouts,15,5.8472,2.3205,3.0000
73,workers,0,-3.0000,-5.0000,3.0000
73,workers,1,7.0000,-5.0000,3.0000
73,workers,2,-3.0000,5.0000,3.0000
73,workers,3,7.0000,5.0000,3.0000
74,general,0,0.0000,0.0000,5.0000
74,nodes,0,-4.5347,-4.5036,3.0000
74,nodes,1,4.5344,-4.5029,3.0000
74,nodes,2,-5.4652,4.5034,3.0000
74,nodes,3,5.4660,4.5032,3.0000
74,scouts,0,-2.2030,-4.3050,3.0000
74,scouts,1,-4.1406,-2.3037,3.0000
74,scouts,2,-6.2832,-3.6689,3.0000
74,scouts,3,-3.9361,-5.8266,3.0000
74,scouts,4,6.2832,-3.6689,3.0000
74,scouts,5,4.1406,-2.3037,3.0000
74,scouts,6,2.2030,-4.3050,3.0000
74,scouts,7,3.9360,-5.8266,3.0000
74,scouts,8,-3.7168,3.6689,3.0000
74,scouts,9,-6.0640,5.8266,3.0000
74,scouts,10,-7.7970,4.3050,3.0000
74,scouts,11,-5.8594,2.3037,3.0000
74,scouts,12,7.7971,4.3050,3.0000
74,scouts,13,6.0639,5.8266,3.0000
74,scouts,14,3.7169,3.6689,3.0000
74,scouts,15,5.8594,2.3037,3.0000
74,workers,0,-3.0000,-5.0000,3.0000
74,workers,1,7.0000,-5.0000,3.0000
74,workers,2,-3.0000,5.0000,3.0000
74,workers,3,7.0000,5.0000,3.0000
75,general,0,0.0000,0.0000,5.0000
75,nodes,0,-4.5283,-4.4966,3.0000
75,nodes,1,4.5281,-4.4960,3.0000
75,nodes,2,-5.4716,4.4965,3.0000
75,nodes,3,5.4724,4.4962,3.0000
75,scouts,0,-2.1852,-4.2948,3.0000
75,scouts,1,-4.1285,-2.2869,3.0000
75,scouts,2,-6.2797,-3.6494,3.0000
75,scouts,3,-3.9209,-5.8166,3.0000
75,scouts,4,6.2797,-3.6494,3.0000
75,scouts,5,4.1284,-2.2869,3.0000
75,scouts,6,2.1852,-4.2949,3.0000
75,scouts,7,3.9209,-5.8166,3.0000
75,scouts,8,-3.7203,3.6494,3.0000
75,scouts,9,-6.0791,5.8166,3.0000
75,scouts,10,-7.8148,4.2949,3.0000
75,scouts,11,-5.8715,2.2869,3.0000
75,scouts,12,7.8149,4.2948,3.0000
75,scouts,13,6.0791,5.8166,3.0000
75,scouts,14,3.7203,3.6494,3.0000
75,scouts,15,5.8715,2.2869,3.0000
75,workers,0,-3.0000,-5.0000,3.0000
75,workers,1,7.0000,-5.0000,3.0000
75,workers,2,-3.0000,5.0000,3.0000
75,workers,3,7.0000,5.0000,3.0000
76,general,0,0.0000,0.0000,5.0000
76,nodes,0,-4.5219,-4.4896,3.0000
76,nodes,1,4.5216,-4.4890,3.0000
76,nodes,2,-5.4780,4.4895,3.0000
76,nodes,3,5.4788,4.4892,3.0000
76,scouts,0,-2.1674,-4.2847,3.0000
76,scouts,1,-4.1164,-2.2702,3.0000
76,scouts,2,-6.2763,-3.6299,3.0000
76,scouts,3,-3.9057,-5.8066,3.0000
76,scouts,4,6.2763,-3.6299,3.0000
76,scouts,5,4.1163,-2.2701,3.0000
76,scouts,6,2.1674,-4.2848,3.0000
76,scouts,7,3.9057,-5.8066,3.0000
76,scouts,8,-3.7237,3.6299,3.0000
76,scouts,9,-6.0943,5.8066,3.0000
76,scouts,10,-7.8326,4.2847,3.0000
76,scouts,11,-5.8837,2.2701,3.0000
76,scouts,12,7.8327,4.2847,3.0000
76,scouts,13,6.0943,5.8066,3.0000
76,scouts,14,3.7237,3.6299,3.0000
76,scouts,15,5.8837,2.2701,3.0000
76,workers,0,-3.0000,-5.0000,3.0000
76,workers,1,7.0000,-5.0000,3.0000
76,workers,2,-3.0000,5.0000,3.0000
76,workers,3,7.0000,5.0000,3.0000
77,general,0,0.0000,0.0000,5.0000
77,nodes,0,-4.5155,-4.4827,3.0000
77,nodes,1,4.5151,-4.4821,3.0000
77,nodes,2,-5.4845,4.4826,3.0000
77,nodes,3,5.4853,4.4822,3.0000
77,scouts,0,-2.1497,-4.2746,3.0000
77,scouts,1,-4.1042,-2.2534,3.0000
77,scouts,2,-6.2729,-3.6104,3.0000
77,scouts,3,-3.8905,-5.7966,3.0000
77,scouts,4,6.2729,-3.6104,3.0000
77,scouts,5,4.1042,-2.2534,3.0000
77,scouts,6,2.1496,-4.2746,3.0000
77,scouts,7,3.8905,-5.7966,3.0000
77,scouts,8,-3.7271,3.6104,3.0000
77,scouts,9,-6.1095,5.7966,3.0000
77,scouts,10,-7.8503,4.2746,3.0000
77,scouts,11,-5.8958,2.2534,3.0000
77,scouts,12,7.8504,4.2746,3.0000
77,scouts,13,6.1095,5.7966,3.0000
77,scouts,14,3.7272,3.6104,3.0000
77,scouts,15,5.8958,2.2534,3.0000
77,workers,0,-3.0000,-5.0000,3.0000
77,workers,1,7.0000,-5.0000,3.0000
77,workers,2,-3.0000,5.0000,3.0000
77,workers,3,7.0000,5.0000,3.0000
78,general,0,0.0000,0.0000,5.0000
78,nodes,0,-4.5090,-4.4758,3.0000
78,nodes,1,4.5088,-4.4751,3.0000
78,nodes,2,-5.4910,4.4756,3.0000
78,nodes,3,5.4917,4.4752,3.0000
78,scouts,0,-2.1320,-4.2645,3.0000
78,scouts,1,-4.0921,-2.2367,3.0000
78,scouts,2,-6.2694,-3.5909,3.0000
78,scouts,3,-3.8754,-5.7866,3.0000
78,scouts,4,6.2694,-3.5910,3.0000
78,scouts,5,4.0921,-2.2366,3.0000
78,scouts,6,2.1319,-4.2645,3.0000
78,scouts,7,3.8754,-5.7866,3.0000
78,scouts,8,-3.7306,3.5910,3.0000
78,scouts,9,-6.1246,5.7866,3.0000
78,scouts,10,-7.8681,4.2645,3.0000
78,scouts,11,-5.9079,2.2367,3.0000
78,scouts,12,7.8681,4.2645,3.0000
78,scouts,13,6.1246,5.7866,3.0000
78,scouts,14,3.7306,3.5910,3.0000
78,scouts,15,5.9079,2.2366,3.0000
78,workers,0,-3.0000,-5.0000,3.0000
78,workers,1,7.0000,-5.0000,3.0000
78,workers,2,-3.0000,5.0000,3.0000
78,workers,3,7.0000,5.0000,3.0000
79,general,0,0.0000,0.0000,5.0000
79,nodes,0,-4.5026,-4.4688,3.0000
79,nodes,1,4.5024,-4.4681,3.0000
79,nodes,2,-5.4973,4.4687,3.0000
79,nodes,3,5.4982,4.4683,3.0000
79,scouts,0,-2.1143,-4.2544,3.0000
79,scouts,1,-4.0800,-2.2199,3.0000
79,scouts,2,-6.2659,-3.5715,3.0000
79,scouts,3,-3.8602,-5.7766,3.0000
79,scouts,4,6.2659,-3.5715,3.0000
79,scouts,5,4.0800,-2.2199,3.0000
79,scouts,6,2.1142,-4.2544,3.0000
79,scouts,7,3.8602,-5.7765,3.0000
79,scouts,8,-3.7341,3.5715,3.0000
79,scouts,9,-6.1398,5.7765,3.0000
79,scouts,10,-7.8857,4.2544,3.0000
79,scouts,11,-5.9200,2.2199,3.0000
79,scouts,12,7.8858,4.2544,3.0000
79,scouts,13,6.1397,5.7765,3.0000
79,scouts,14,3.7341,3.5715,3.0000
79,scouts,15,5.9200,2.2199,3.0000
79,workers,0,-3.0000,-5.0000,3.0000
79,workers,1,7.0000,-5.0000,3.0000
79,workers,2,-3.0000,5.0000,3.0000
79,workers,3,7.0000,5.0000,3.0000
80,general,0,0.0000,0.0000,5.0000
80,nodes,0,-4.4962,-4.4619,3.0000
80,nodes,1,4.4959,-4.4611,3.0000
80,nodes,2,-5.5037,4.4618,3.0000
80,nodes,3,5.5045,4.4612,3.0000
80,scouts,0,-2.0966,-4.2443,3.0000
80,scouts,1,-4.0680,-2.2033,3.0000
80,scouts,2,-6.2624,-3.5520,3.0000
80,scouts,3,-3.8451,-5.7665,3.0000
80,scouts,4,6.2624,-3.5521,3.0000
80,scouts,5,4.0679,-2.2032,3.0000
80,scouts,6,2.0966,-4.2443,3.0000
80,scouts,7,3.8451,-5.7665,3.0000
80,scouts,8,-3.7376,3.5520,3.0000
80,scouts,9,-6.1549,5.7665,3.0000
80,scouts,10,-7.9034,4.2443,3.0000
80,scouts,11,-5.9321,2.2032,3.0000
80,scouts,12,7.9034,4.2443,3.0000
80,scouts,13,6.1549,5.7665,3.0000
80,scouts,14,3.7376,3.5520,3.0000
80,scouts,15,5.9321,2.2032,3.0000
80,workers,0,-3.0000,-5.0000,3.0000
80,workers,1,7.0000,-5.0000,3.0000
80,workers,2,-3.0000,5.0000,3.0000
80,workers,3,7.0000,5.0000,3.0000
81,general,0,0.0000,0.0000,5.0000
81,nodes,0,-4.4898,-4.4550,3.0000
81,nodes,1,4.4895,-4.4541,3.0000
81,nodes,2,-5.5102,4.4548,3.0000
81,nodes,3,5.5109,4.4543,3.0000
81,scouts,0,-2.0790,-4.2342,3.0000
81,scouts,1,-4.0559,-2.1866,3.0000
81,scouts,2,-6.2589,-3.5326,3.0000
81,scouts,3,-3.8300,-5.7565,3.0000
81,scouts,4,6.2589,-3.5326,3.0000
81,scouts,5,4.0559,-2.1865,3.0000
81,scouts,6,2.0790,-4.2342,3.0000
81,scouts,7,3.8300,-5.7564,3.0000
81,scouts,8,-3.7411,3.5326,3.0000
81,scouts,9,-6.1700,5.7565,3.0000
81,scouts,10,-7.9210,4.2342,3.0000
81,scouts,11,-5.9441,2.1866,3.0000
81,scouts,12,7.9211,4.2342,3.0000
81,scouts,13,6.1700,5.7564,3.0000
81,scouts,14,3.7411,3.5326,3.0000
81,scouts,15,5.9441,2.1865,3.0000
81,workers,0,-3.0000,-5.0000,3.0000
81,workers,1,7.0000,-5.0000,3.0000
81,workers,2,-3.0000,5.0000,3.0000
81,workers,3,7.0000,5.0000,3.0000
82,general,0,0.0000,0.0000,5.0000
82,nodes,0,-4.4834,-4.4480,3.0000
82,nodes,1,4.4832,-4.4471,3.0000
82,nodes,2,-5.5165,4.4479,3.0000
82,nodes,3,5.5173,4.4474,3.0000
82,scouts,0,-2.0614,-4.2241,3.0000
82,scouts,1,-4.0439,-2.1699,3.0000
82,scouts,2,-6.2554,-3.5131,3.0000
82,scouts,3,-3.8149,-5.7464,3.0000
82,scouts,4,6.2554,-3.5132,3.0000
82,scouts,5,4.0438,-2.1699,3.0000
82,scouts,6,2.0614,-4.2241,3.0000
82,scouts,7,3.8149,-5.7464,3.0000
82,scouts,8,-3.7446,3.5132,3.0000
82,scouts,9,-6.1851,5.7464,3.0000
82,scouts,10,-7.9386,4.2241,3.0000
82,scouts,11,-5.9562,2.1699,3.0000
82,scouts,12,7.9386,4.2241,3.0000
82,scouts,13,6.1851,5.7464,3.0000
82,scouts,14,3.7446,3.5132,3.0000
82,scouts,15,5.9562,2.1699,3.0000
82,workers,0,-3.0000,-5.0000,3.0000
82,workers,1,7.0000,-5.0000,3.0000
82,workers,2,-3.0000,5.0000,3.0000
82,workers,3,7.0000,5.0000,3.0000
83,general,0,0.0000,0.0000,5.0000
83,nodes,0,-4.4769,-4.4412,3.0000
83,nodes,1,4.4768,-4.4402,3.0000
83,nodes,2,-5.5230,4.4410,3.0000
83,nodes,3,5.5237,4.4405,3.0000
83,scouts,0,-2.0439,-4.2140,3.0000
83,scouts,1,-4.0318,-2.1533,3.0000
83,scouts,2,-6.2519,-3.4937,3.0000
83,scouts,3,-3.7998,-5.7363,3.0000
83,scouts,4,6.2519,-3.4937,3.0000
83,scouts,5,4.0318,-2.1533,3.0000
83,scouts,6,2.0438,-4.2140,3.0000
83,scouts,7,3.7998,-5.7363,3.0000
83,scouts,8,-3.7481,3.4937,3.0000
83,scouts,9,-6.2002,5.7363,3.0000
83,scouts,10,-7.9561,4.2140,3.0000
83,scouts,11,-5.9682,2.1533,3.0000
83,scouts,12,7.9562,4.2140,3.0000
83,scouts,13,6.2002,5.7363,3.0000
83,scouts,14,3.7481,3.4937,3.0000
83,scouts,15,5.9682,2.1532,3.0000
83,workers,0,-3.0000,-5.0000,3.0000
83,workers,1,7.0000,-5.0000,3.0000
83,workers,2,-3.0000,5.0000,3.0000
83,workers,3,7.0000,5.0000,3.0000
84,general,0,0.0000,0.0000,5.0000
84,nodes,0,-4.4706,-4.4342,3.0000
84,nodes,1,4.4704,-4.4332,3.0000
84,nodes,2,-5.5293,4.4340,3.0000
84,nodes,3,5.5301,4.4335,3.0000
84,scouts,0,-2.0264,-4.2039,3.0000
84,scouts,1,-4.0198,-2.1367,3.0000
84,scouts,2,-6.2484,-3.4743,3.0000
84,scouts,3,-3.7848,-5.7263,3.0000
84,scouts,4,6.2484,-3.4743,3.0000
84,scouts,5,4.0198,-2.1366,3.0000
84,scouts,6,2.0263,-4.2039,3.0000
84,scouts,7,3.7848,-5.7262,3.0000
84,scouts,8,-3.7516,3.4743,3.0000
84,scouts,9,-6.2152,5.7263,3.0000
84,scouts,10,-7.9737,4.2039,3.0000
84,scouts,11,-5.9802,2.1366,3.0000
84,scouts,12,7.9737,4.2039,3.0000
84,scouts,13,6.2152,5.7262,3.0000
84,scouts,14,3.7517,3.4743,3.0000
84,scouts,15,5.9802,2.1366,3.0000
84,workers,0,-3.0000,-5.0000,3.0000
84,workers,1,7.0000,-5.0000,3.0000
84,workers,2,-3.0000,5.0000,3.0000
84,workers,3,7.0000,5.0000,3.0000
85,general,0,0.0000,0.0000,5.0000
85,nodes,0,-4.4641,-4.4273,3.0000
85,nodes,1,4.4639,-4.4263,3.0000
85,nodes,2,-5.5357,4.4271,3.0000
85,nodes,3,5.5365,4.4265,3.0000
85,scouts,0,-2.0089,-4.1938,3.0000
85,scouts,1,-4.0078,-2.1201,3.0000
85,scouts,2,-6.2448,-3.4549,3.0000
85,scouts,3,-3.7697,-5.7162,3.0000
85,scouts,4,6.2448,-3.4549,3.0000
85,scouts,5,4.0078,-2.1200,3.0000
85,scouts,6,2.0088,-4.1938,3.0000
85,scouts,7,3.7697,-5.7162,3.0000
85,scouts,8,-3.7552,3.4549,3.0000
85,scouts,9,-6.2303,5.7162,3.0000
85,scouts,10,-7.9912,4.1938,3.0000
85,scouts,11,-5.9922,2.1200,3.0000
85,scouts,12,7.9912,4.1938,3.0000
85,scouts,13,6.2303,5.7162,3.0000
85,scouts,14,3.7552,3.4549,3.0000
85,scouts,15,5.9922,2.1200,3.0000
85,workers,0,-3.0000,-5.0000,3.0000
85,workers,1,7.0000,-5.0000,3.0000
85,workers,2,-3.0000,5.0000,3.0000
85,workers,3,7.0000,5.0000,3.0000
86,general,0,0.0000,0.0000,5.0000
86,nodes,0,-4.4577,-4.4203,3.0000
86,nodes,1,4.4575,-4.4194,3.0000
86,nodes,2,-5.5421,4.4202,3.0000
86,nodes,3,5.5429,4.4196,3.0000
86,scouts,0,-1.9914,-4.1837,3.0000
86,scouts,1,-3.9958,-2.1035,3.0000
86,scouts,2,-6.2413,-3.4355,3.0000
86,scouts,3,-3.7547,-5.7061,3.0000
86,scouts,4,6.2413,-3.4355,3.0000
86,scouts,5,3.9958,-2.1035,3.0000
86,scouts,6,1.9913,-4.1838,3.0000
86,scouts,7,3.7547,-5.7061,3.0000
86,scouts,8,-3.7587,3.4355,3.0000
86,scouts,9,-6.2453,5.7061,3.0000
86,scouts,10,-8.0086,4.1837,3.0000
86,scouts,11,-6.0042,2.1035,3.0000
86,scouts,12,8.0087,4.1837,3.0000
86,scouts,13,6.2453,5.7061,3.0000
86,scouts,14,3.7588,3.4355,3.0000
86,scouts,15,6.0042,2.1034,3.0000
86,workers,0,-3.0000,-5.0000,3.0000
86,workers,1,7.0000,-5.0000,3.0000
86,workers,2,-3.0000,5.0000,3.0000
86,workers,3,7.0000,5.0000,3.0000
87,general,0,0.0000,0.0000,5.0000
87,nodes,0,-4.4514,-4.4134,3.0000
87,nodes,1,4.4511,-4.4124,3.0000
87,nodes,2,-5.5485,4.4132,3.0000
87,nodes,3,5.5493,4.4128,3.0000
87,scouts,0,-1.9739,-4.1736,3.0000
87,scouts,1,-3.9839,-2.0869,3.0000
87,scouts,2,-6.2377,-3.4161,3.0000
87,scouts,3,-3.7396,-5.6960,3.0000
87,scouts,4,6.2377,-3.4161,3.0000
87,scouts,5,3.9838,-2.0869,3.0000
87,scouts,6,1.9739,-4.1737,3.0000
87,scouts,7,3.7396,-5.6959,3.0000
87,scouts,8,-3.7623,3.4161,3.0000
87,scouts,9,-6.2604,5.6960,3.0000
87,scouts,10,-8.0261,4.1737,3.0000
87,scouts,11,-6.0162,2.0869,3.0000
87,scouts,12,8.0261,4.1736,3.0000
87,scouts,13,6.2603,5.6959,3.0000
87,scouts,14,3.7624,3.4161,3.0000
87,scouts,15,6.0162,2.0869,3.0000
87,workers,0,-3.0000,-5.0000,3.0000
87,workers,1,7.0000,-5.0000,3.0000
87,workers,2,-3.0000,5.0000,3.0000
87,workers,3,7.0000,5.0000,3.0000
88,general,0,0.0000,0.0000,5.0000
88,nodes,0,-4.4450,-4.4064,3.0000
88,nodes,1,4.4447,-4.4055,3.0000
88,nodes,2,-5.5549,4.4063,3.0000
88,nodes,3,5.5557,4.4058,3.0000
88,scouts,0,-1.9565,-4.1636,3.0000
88,scouts,1,-3.9719,-2.0704,3.0000
88,scouts,2,-6.2341,-3.3967,3.0000
88,scouts,3,-3.7246,-5.6859,3.0000
88,scouts,4,6.2341,-3.3968,3.0000
88,scouts,5,3.9718,-2.0704,3.0000
88,scouts,6,1.9565,-4.1636,3.0000
88,scouts,7,3.7246,-5.6858,3.0000
88,scouts,8,-3.7659,3.3967,3.0000
88,scouts,9,-6.2754,5.6858,3.0000
88,scouts,10,-8.0435,4.1636,3.0000
88,scouts,11,-6.0281,2.0704,3.0000
88,scouts,12,8.0436,4.1636,3.0000
88,scouts,13,6.2754,5.6858,3.0000
88,scouts,14,3.7660,3.3967,3.0000
88,scouts,15,6.0281,2.0703,3.0000
88,workers,0,-3.0000,-5.0000,3.0000
88,workers,1,7.0000,-5.0000,3.0000
88,workers,2,-3.0000,5.0000,3.0000
88,workers,3,7.0000,5.0000,3.0000
89,general,0,0.0000,0.0000,5.0000
89,nodes,0,-4.4386,-4.3995,3.0000
89,nodes,1,4.4383,-4.3985,3.0000
89,nodes,2,-5.5613,4.3993,3.0000
89,nodes,3,5.5622,4.3989,3.0000
89,scouts,0,-1.9392,-4.1535,3.0000
89,scouts,1,-3.9599,-2.0539,3.0000
89,scouts,2,-6.2305,-3.3773,3.0000
89,scouts,3,-3.7096,-5.6757,3.0000
89,scouts,4,6.2305,-3.3774,3.0000
89,scouts,5,3.9599,-2.0538,3.0000
89,scouts,6,1.9391,-4.1536,3.0000
89,scouts,7,3.7096,-5.6757,3.0000
89,scouts,8,-3.7695,3.3774,3.0000
89,scouts,9,-6.2904,5.6757,3.0000
89,scouts,10,-8.0609,4.1535,3.0000
89,scouts,11,-6.0401,2.0539,3.0000
89,scouts,12,8.0609,4.1535,3.0000
89,scouts,13,6.2904,5.6757,3.0000
89,scouts,14,3.7696,3.3774,3.0000
89,scouts,15,6.0401,2.0538,3.0000
89,workers,0,-3.0000,-5.0000,3.0000
89,workers,1,7.0000,-5.0000,3.0000
89,workers,2,-3.0000,5.0000,3.0000
89,workers,3,7.0000,5.0000,3.0000
90,general,0,0.0000,0.0000,5.0000
90,nodes,0,-4.4323,-4.3925,3.0000
90,nodes,1,4.4319,-4.3916,3.0000
90,nodes,2,-5.5677,4.3923,3.0000
90,nodes,3,5.5685,4.3920,3.0000
90,scouts,0,-1.9218,-4.1435,3.0000
90,scouts,1,-3.9480,-2.0374,3.0000
90,scouts,2,-6.2268,-3.3580,3.0000
90,scouts,3,-3.6946,-5.6656,3.0000
90,scouts,4,6.2268,-3.3580,3.0000
90,scouts,5,3.9479,-2.0373,3.0000
90,scouts,6,1.9217,-4.1435,3.0000
90,scouts,7,3.6946,-5.6656,3.0000
90,scouts,8,-3.7732,3.3580,3.0000
90,scouts,9,-6.3054,5.6656,3.0000
90,scouts,10,-8.0782,4.1435,3.0000
90,scouts,11,-6.0520,2.0374,3.0000
90,scouts,12,8.0783,4.1435,3.0000
90,scouts,13,6.3053,5.6656,3.0000
90,scouts,14,3.7732,3.3580,3.0000
90,scouts,15,6.0520,2.0373,3.0000
90,workers,0,-3.0000,-5.0000,3.0000
90,workers,1,7.0000,-5.0000,3.0000
90,workers,2,-3.0000,5.0000,3.0000
90,workers,3,7.0000,5.0000,3.0000
91,general,0,0.0000,0.0000,5.0000
91,nodes,0,-4.4259,-4.3856,3.0000
91,nodes,1,4.4256,-4.3847,3.0000
91,nodes,2,-5.5741,4.3854,3.0000
91,nodes,3,5.5750,4.3851,3.0000
91,scouts,0,-1.9045,-4.1334,3.0000
91,scouts,1,-3.9361,-2.0209,3.0000
91,scouts,2,-6.2232,-3.3386,3.0000
91,scouts,3,-3.6797,-5.6554,3.0000
91,scouts,4,6.2232,-3.3387,3.0000
91,scouts,5,3.9360,-2.0209,3.0000
91,scouts,6,1.9044,-4.1334,3.0000
91,scouts,7,3.6797,-5.6554,3.0000
91,scouts,8,-3.7768,3.3387,3.0000
91,scouts,9,-6.3203,5.6554,3.0000
91,scouts,10,-8.0955,4.1334,3.0000
91,scouts,11,-6.0639,2.0209,3.0000
91,scouts,12,8.0956,4.1334,3.0000
91,scouts,13,6.3203,5.6554,3.0000
91,scouts,14,3.7768,3.3387,3.0000
91,scouts,15,6.0640,2.0208,3.0000
91,workers,0,-3.0000,-5.0000,3.0000
91,workers,1,7.0000,-5.0000,3.0000
91,workers,2,-3.0000,5.0000,3.0000
91,workers,3,7.0000,5.0000,3.0000
92,general,0,0.0000,0.0000,5.0000
92,nodes,0,-4.4194,-4.3787,3.0000
92,nodes,1,4.4192,-4.3777,3.0000
92,nodes,2,-5.5804,4.3785,3.0000
92,nodes,3,5.5814,4.3782,3.0000
92,scouts,0,-1.8872,-4.1234,3.0000
92,scouts,1,-3.9242,-2.0044,3.0000
92,scouts,2,-6.2195,-3.3193,3.0000
92,scouts,3,-3.6647,-5.6453,3.0000
92,scouts,4,6.2195,-3.3194,3.0000
92,scouts,5,3.9241,-2.0044,3.0000
92,scouts,6,1.8871,-4.1234,3.0000
92,scouts,7,3.6647,-5.6453,3.0000
92,scouts,8,-3.7805,3.3194,3.0000
92,scouts,9,-6.3353,5.6453,3.0000
92,scouts,10,-8.1128,4.1234,3.0000
92,scouts,11,-6.0759,2.0044,3.0000
92,scouts,12,8.1129,4.1234,3.0000
92,scouts,13,6.3353,5.6453,3.0000
92,scouts,14,3.7805,3.3193,3.0000
92,scouts,15,6.0759,2.0044,3.0000
92,workers,0,-3.0000,-5.0000,3.0000
92,workers,1,7.0000,-5.0000,3.0000
92,workers,2,-3.0000,5.0000,3.0000
92,workers,3,7.0000,5.0000,3.0000
93,general,0,0.0000,0.0000,5.0000
93,nodes,0,-4.4131,-4.3718,3.0000
93,nodes,1,4.4129,-4.3708,3.0000
93,nodes,2,-5.5869,4.3716,3.0000
93,nodes,3,5.5877,4.3713,3.0000
93,scouts,0,-1.8699,-4.1133,3.0000
93,scouts,1,-3.9123,-1.9880,3.0000
93,scouts,2,-6.2159,-3.3000,3.0000
93,scouts,3,-3.6498,-5.6351,3.0000
93,scouts,4,6.2159,-3.3000,3.0000
93,scouts,5,3.9122,-1.9880,3.0000
93,scouts,6,1.8699,-4.1134,3.0000
93,scouts,7,3.6497,-5.6351,3.0000
93,scouts,8,-3.7841,3.3000,3.0000
93,scouts,9,-6.3502,5.6351,3.0000
93,scouts,10,-8.1301,4.1134,3.0000
93,scouts,11,-6.0877,1.9880,3.0000
93,scouts,12,8.1302,4.1133,3.0000
93,scouts,13,6.3502,5.6351,3.0000
93,scouts,14,3.7842,3.3000,3.0000
93,scouts,15,6.0878,1.9879,3.0000
93,workers,0,-3.0000,-5.0000,3.0000
93,workers,1,7.0000,-5.0000,3.0000
93,workers,2,-3.0000,5.0000,3.0000
93,workers,3,7.0000,5.0000,3.0000
94,general,0,0.0000,0.0000,5.0000
94,nodes,0,-4.4067,-4.3649,3.0000
94,nodes,1,4.4065,-4.3639,3.0000
94,nodes,2,-5.5932,4.3647,3.0000
94,nodes,3,5.5941,4.3644,3.0000
94,scouts,0,-1.8527,-4.1033,3.0000
94,scouts,1,-3.9004,-1.9716,3.0000
94,scouts,2,-6.2122,-3.2807,3.0000
94,scouts,3,-3.6348,-5.6249,3.0000
94,scouts,4,6.2122,-3.2807,3.0000
94,scouts,5,3.9003,-1.9715,3.0000
94,scouts,6,1.8526,-4.1033,3.0000
94,scouts,7,3.6348,-5.6249,3.0000
94,scouts,8,-3.7878,3.2807,3.0000
94,scouts,9,-6.3652,5.6249,3.0000
94,scouts,10,-8.1473,4.1033,3.0000
94,scouts,11,-6.0996,1.9716,3.0000
94,scouts,12,8.1474,4.1033,3.0000
94,scouts,13,6.3652,5.6249,3.0000
94,scouts,14,3.7879,3.2807,3.0000
94,scouts,15,6.0996,1.9715,3.0000
94,workers,0,-3.0000,-5.0000,3.0000
94,workers,1,7.0000,-5.0000,3.0000
94,workers,2,-3.0000,5.0000,3.0000
94,workers,3,7.0000,5.0000,3.0000
95,general,0,0.0000,0.0000,5.0000
95,nodes,0,-4.4003,-4.3580,3.0000
95,nodes,1,4.4001,-4.3570,3.0000
95,nodes,2,-5.5996,4.3578,3.0000
95,nodes,3,5.6005,4.3574,3.0000
95,scouts,0,-1.8355,-4.0933,3.0000
95,scouts,1,-3.8885,-1.9552,3.0000
95,scouts,2,-6.2085,-3.2614,3.0000
95,scouts,3,-3.6199,-5.6147,3.0000
95,scouts,4,6.2084,-3.2615,3.0000
95,scouts,5,3.8885,-1.9552,3.0000
95,scouts,6,1.8354,-4.0933,3.0000
95,scouts,7,3.6199,-5.6147,3.0000
95,scouts,8,-3.7915,3.2614,3.0000
95,scouts,9,-6.3801,5.6147,3.0000
95,scouts,10,-8.1646,4.0933,3.0000
95,scouts,11,-6.1115,1.9552,3.0000
95,scouts,12,8.1646,4.0933,3.0000
95,scouts,13,6.3801,5.6147,3.0000
95,scouts,14,3.7916,3.2614,3.0000
95,scouts,15,6.1115,1.9551,3.0000
95,workers,0,-3.0000,-5.0000,3.0000
95,workers,1,7.0000,-5.0000,3.0000
95,workers,2,-3.0000,5.0000,3.0000
95,workers,3,7.0000,5.0000,3.0000
96,general,0,0.0000,0.0000,5.0000
96,nodes,0,-4.3939,-4.3512,3.0000
96,nodes,1,4.3938,-4.3501,3.0000
96,nodes,2,-5.6059,4.3509,3.0000
96,nodes,3,5.6069,4.3505,3.0000
96,scouts,0,-1.8183,-4.0832,3.0000
96,scouts,1,-3.8767,-1.9388,3.0000
96,scouts,2,-6.2047,-3.2421,3.0000
96,scouts,3,-3.6050,-5.6045,3.0000
96,scouts,4,6.2047,-3.2422,3.0000
96,scouts,5,3.8766,-1.9388,3.0000
96,scouts,6,1.8182,-4.0833,3.0000
96,scouts,7,3.6050,-5.6045,3.0000
96,scouts,8,-3.7953,3.2422,3.0000
96,scouts,9,-6.3950,5.6045,3.0000
96,scouts,10,-8.1817,4.0833,3.0000
96,scouts,11,-6.1234,1.9388,3.0000
96,scouts,12,8.1818,4.0832,3.0000
96,scouts,13,6.3950,5.6045,3.0000
96,scouts,14,3.7953,3.2421,3.0000
96,scouts,15,6.1234,1.9387,3.0000
96,workers,0,-3.0000,-5.0000,3.0000
96,workers,1,7.0000,-5.0000,3.0000
96,workers,2,-3.0000,5.0000,3.0000
96,workers,3,7.0000,5.0000,3.0000
97,general,0,0.0000,0.0000,5.0000
97,nodes,0,-4.3874,-4.3442,3.0000
97,nodes,1,4.3873,-4.3432,3.0000
97,nodes,2,-5.6123,4.3440,3.0000
97,nodes,3,5.6132,4.3435,3.0000
97,scouts,0,-1.8011,-4.0732,3.0000
97,scouts,1,-3.8648,-1.9225,3.0000
97,scouts,2,-6.2010,-3.2229,3.0000
97,scouts,3,-3.5901,-5.5943,3.0000
97,scouts,4,6.2010,-3.2229,3.0000
97,scouts,5,3.8648,-1.9224,3.0000
97,scouts,6,1.8011,-4.0733,3.0000
97,scouts,7,3.5901,-5.5943,3.0000
97,scouts,8,-3.7990,3.2229,3.0000
97,scouts,9,-6.4099,5.5943,3.0000
97,scouts,10,-8.1989,4.0733,3.0000
97,scouts,11,-6.1352,1.9224,3.0000
97,scouts,12,8.1990,4.0732,3.0000
97,scouts,13,6.4099,5.5943,3.0000
97,scouts,14,3.7991,3.2229,3.0000
97,scouts,15,6.1352,1.9224,3.0000
97,workers,0,-3.0000,-5.0000,3.0000
97,workers,1,7.0000,-5.0000,3.0000
97,workers,2,-3.0000,5.0000,3.0000
97,workers,3,7.0000,5.0000,3.0000
98,general,0,0.0000,0.0000,5.0000
98,nodes,0,-4.3810,-4.3373,3.0000
98,nodes,1,4.3810,-4.3362,3.0000
98,nodes,2,-5.6187,4.3371,3.0000
98,nodes,3,5.6196,4.3366,3.0000
98,scouts,0,-1.7840,-4.0632,3.0000
98,scouts,1,-3.8530,-1.9061,3.0000
98,scouts,2,-6.1972,-3.2036,3.0000
98,scouts,3,-3.5752,-5.5841,3.0000
98,scouts,4,6.1972,-3.2037,3.0000
98,scouts,5,3.8529,-1.9061,3.0000
98,scouts,6,1.7839,-4.0633,3.0000
98,scouts,7,3.5752,-5.5841,3.0000
98,scouts,8,-3.8028,3.2037,3.0000
98,scouts,9,-6.4248,5.5841,3.0000
98,scouts,10,-8.2160,4.0633,3.0000
98,scouts,11,-6.1470,1.9061,3.0000
98,scouts,12,8.2161,4.0632,3.0000
98,scouts,13,6.4247,5.5841,3.0000
98,scouts,14,3.8028,3.2036,3.0000
98,scouts,15,6.1471,1.9060,3.0000
98,workers,0,-3.0000,-5.0000,3.0000
98,workers,1,7.0000,-5.0000,3.0000
98,workers,2,-3.0000,5.0000,3.0000
98,workers,3,7.0000,5.0000,3.0000
99,general,0,0.0000,0.0000,5.0000
99,nodes,0,-4.3747,-4.3303,3.0000
99,nodes,1,4.3747,-4.3294,3.0000
99,nodes,2,-5.6251,4.3302,3.0000
99,nodes,3,5.6260,4.3297,3.0000
99,scouts,0,-1.7669,-4.0532,3.0000
99,scouts,1,-3.8412,-1.8898,3.0000
99,scouts,2,-6.1934,-3.1844,3.0000
99,scouts,3,-3.5604,-5.5739,3.0000
99,scouts,4,6.1934,-3.1844,3.0000
99,scouts,5,3.8411,-1.8898,3.0000
99,scouts,6,1.7668,-4.0533,3.0000
99,scouts,7,3.5604,-5.5738,3.0000
99,scouts,8,-3.8066,3.1844,3.0000
99,scouts,9,-6.4396,5.5738,3.0000
99,scouts,10,-8.2331,4.0532,3.0000
99,scouts,11,-6.1589,1.8898,3.0000
99,scouts,12,8.2332,4.0532,3.0000
99,scouts,13,6.4396,5.5738,3.0000
99,scouts,14,3.8066,3.1844,3.0000
99,scouts,15,6.1589,1.8897,3.0000
99,workers,0,-3.0000,-5.0000,3.0000
99,workers,1,7.0000,-5.0000,3.0000
99,workers,2,-3.0000,5.0000,3.0000
99,workers,3,7.0000,5.0000,3.0000
100,general,0,0.0000,0.0000,5.0000
100,nodes,0,-4.3683,-4.3233,3.0000
100,nodes,1,4.3683,-4.3224,3.0000
100,nodes,2,-5.6315,4.3233,3.0000
100,nodes,3,5.6324,4.3228,3.0000
100,scouts,0,-1.7498,-4.0432,3.0000
100,scouts,1,-3.8294,-1.8735,3.0000
100,scouts,2,-6.1896,-3.1652,3.0000
100,scouts,3,-3.5455,-5.5636,3.0000
100,scouts,4,6.1896,-3.1652,3.0000
100,scouts,5,3.8293,-1.8735,3.0000
100,scouts,6,1.7497,-4.0433,3.0000
100,scouts,7,3.5455,-5.5636,3.0000
100,scouts,8,-3.8104,3.1652,3.0000
100,scouts,9,-6.4545,5.5636,3.0000
100,scouts,10,-8.2502,4.0433,3.0000
100,scouts,11,-6.1707,1.8735,3.0000
100,scouts,12,8.2503,4.0432,3.0000
100,scouts,13,6.4545,5.5636,3.0000
100,scouts,14,3.8104,3.1652,3.0000
100,scouts,15,6.1707,1.8734,3.0000
100,workers,0,-3.0000,-5.0000,3.0000
100,workers,1,7.0000,-5.0000,3.0000
100,workers,2,-3.0000,5.0000,3.0000
100,workers,3,7.0000,5.0000,3.0000
101,general,0,0.0000,0.0000,5.0000
101,nodes,0,-4.3619,-4.3163,3.0000
101,nodes,1,4.3620,-4.3156,3.0000
101,nodes,2,-5.6379,4.3164,3.0000
101,nodes,3,5.6388,4.3159,3.0000
101,scouts,0,-1.7328,-4.0332,3.0000
101,scouts,1,-3.8176,-1.8572,3.0000
101,scouts,2,-6.1858,-3.1460,3.0000
101,scouts,3,-3.5307,-5.5534,3.0000
101,scouts,4,6.1858,-3.1460,3.0000
101,scouts,5,3.8175,-1.8572,3.0000
101,scouts,6,1.7327,-4.0333,3.0000
101,scouts,7,3.5307,-5.5533,3.0000
101,scouts,8,-3.8142,3.1460,3.0000
101,scouts,9,-6.4693,5.5533,3.0000
101,scouts,10,-8.2673,4.0333,3.0000
101,scouts,11,-6.1825,1.8572,3.0000
101,scouts,12,8.2674,4.0332,3.0000
101,scouts,13,6.4693,5.5533,3.0000
101,scouts,14,3.8143,3.1460,3.0000
101,scouts,15,6.1825,1.8572,3.0000
101,workers,0,-3.0000,-5.0000,3.0000
101,workers,1,7.0000,-5.0000,3.0000
101,workers,2,-3.0000,5.0000,3.0000
101,workers,3,7.0000,5.0000,3.0000
102,general,0,0.0000,0.0000,5.0000
102,nodes,0,-4.3556,-4.3094,3.0000
102,nodes,1,4.3557,-4.3086,3.0000
102,nodes,2,-5.6442,4.3094,3.0000
102,nodes,3,5.6452,4.3091,3.0000
102,scouts,0,-1.7157,-4.0232,3.0000
102,scouts,1,-3.8058,-1.8410,3.0000
102,scouts,2,-6.1819,-3.1268,3.0000
102,scouts,3,-3.5159,-5.5431,3.0000
102,scouts,4,6.1819,-3.1268,3.0000
102,scouts,5,3.8057,-1.8409,3.0000
102,scouts,6,1.7157,-4.0233,3.0000
102,scouts,7,3.5159,-5.5431,3.0000
102,scouts,8,-3.8181,3.1268,3.0000
102,scouts,9,-6.4841,5.5431,3.0000
102,scouts,10,-8.2843,4.0233,3.0000
102,scouts,11,-6.1943,1.8410,3.0000
102,scouts,12,8.2844,4.0232,3.0000
102,scouts,13,6.4841,5.5431,3.0000
102,scouts,14,3.8181,3.1268,3.0000
102,scouts,15,6.1943,1.8409,3.0000
102,workers,0,-3.0000,-5.0000,3.0000
102,workers,1,7.0000,-5.0000,3.0000
102,workers,2,-3.0000,5.0000,3.0000
102,workers,3,7.0000,5.0000,3.0000
103,general,0,0.0000,0.0000,5.0000
103,nodes,0,-4.3492,-4.3025,3.0000
103,nodes,1,4.3493,-4.3018,3.0000
103,nodes,2,-5.6506,4.3026,3.0000
103,nodes,3,5.6516,4.3022,3.0000
103,scouts,0,-1.6987,-4.0133,3.0000
103,scouts,1,-3.7940,-1.8248,3.0000
103,scouts,2,-6.1781,-3.1076,3.0000
103,scouts,3,-3.5011,-5.5328,3.0000
103,scouts,4,6.1780,-3.1077,3.0000
103,scouts,5,3.7939,-1.8247,3.0000
103,scouts,6,1.6986,-4.0133,3.0000
103,scouts,7,3.5011,-5.5328,3.0000
103,scouts,8,-3.8219,3.1076,3.0000
103,scouts,9,-6.4989,5.5328,3.0000
103,scouts,10,-8.3013,4.0133,3.0000
103,scouts,11,-6.2060,1.8247,3.0000
103,scouts,12,8.3014,4.0133,3.0000
103,scouts,13,6.4989,5.5328,3.0000
103,scouts,14,3.8220,3.1076,3.0000
103,scouts,15,6.2061,1.8247,3.0000
103,workers,0,-3.0000,-5.0000,3.0000
103,workers,1,7.0000,-5.0000,3.0000
103,workers,2,-3.0000,5.0000,3.0000
103,workers,3,7.0000,5.0000,3.0000
104,general,0,0.0000,0.0000,5.0000
104,nodes,0,-4.3429,-4.2956,3.0000
104,nodes,1,4.3430,-4.2949,3.0000
104,nodes,2,-5.6570,4.2957,3.0000
104,nodes,3,5.6581,4.2952,3.0000
104,scouts,0,-1.6818,-4.0033,3.0000
104,scouts,1,-3.7822,-1.8085,3.0000
104,scouts,2,-6.1742,-3.0884,3.0000
104,scouts,3,-3.4863,-5.5225,3.0000
104,scouts,4,6.1742,-3.0885,3.0000
104,scouts,5,3.7821,-1.8085,3.0000
104,scouts,6,1.6817,-4.0034,3.0000
104,scouts,7,3.4863,-5.5225,3.0000
104,scouts,8,-3.8258,3.0885,3.0000
104,scouts,9,-6.5137,5.5225,3.0000
104,scouts,10,-8.3183,4.0033,3.0000
104,scouts,11,-6.2178,1.8085,3.0000
104,scouts,12,8.3184,4.0033,3.0000
104,scouts,13,6.5137,5.5225,3.0000
104,scouts,14,3.8259,3.0885,3.0000
104,scouts,15,6.2178,1.8085,3.0000
104,workers,0,-3.0000,-5.0000,3.0000
104,workers,1,7.0000,-5.0000,3.0000
104,workers,2,-3.0000,5.0000,3.0000
104,workers,3,7.0000,5.0000,3.0000
105,general,0,0.0000,0.0000,5.0000
105,nodes,0,-4.3365,-4.2887,3.0000
105,nodes,1,4.3367,-4.2880,3.0000
105,nodes,2,-5.6634,4.2888,3.0000
105,nodes,3,5.6644,4.2884,3.0000
105,scouts,0,-1.6648,-3.9933,3.0000
105,scouts,1,-3.7705,-1.7924,3.0000
105,scouts,2,-6.1703,-3.0693,3.0000
105,scouts,3,-3.4715,-5.5122,3.0000
105,scouts,4,6.1702,-3.0694,3.0000
105,scouts,5,3.7704,-1.7923,3.0000
105,scouts,6,1.6647,-3.9934,3.0000
105,scouts,7,3.4715,-5.5122,3.0000
105,scouts,8,-3.8297,3.0693,3.0000
105,scouts,9,-6.5285,5.5122,3.0000
105,scouts,10,-8.3352,3.9934,3.0000
105,scouts,11,-6.2296,1.7923,3.0000
105,scouts,12,8.3353,3.9933,3.0000
105,scouts,13,6.5285,5.5122,3.0000
105,scouts,14,3.8298,3.0693,3.0000
105,scouts,15,6.2296,1.7923,3.0000
105,workers,0,-3.0000,-5.0000,3.0000
105,workers,1,7.0000,-5.0000,3.0000
105,workers,2,-3.0000,5.0000,3.0000
105,workers,3,7.0000,5.0000,3.0000
106,general,0,0.0000,0.0000,5.0000
106,nodes,0,-4.3301,-4.2818,3.0000
106,nodes,1,4.3303,-4.2811,3.0000
106,nodes,2,-5.6697,4.2818,3.0000
106,nodes,3,5.6708,4.2814,3.0000
106,scouts,0,-1.6479,-3.9834,3.0000
106,scouts,1,-3.7587,-1.7762,3.0000
106,scouts,2,-6.1663,-3.0502,3.0000
106,scouts,3,-3.4567,-5.5019,3.0000
106,scouts,4,6.1663,-3.0502,3.0000
106,scouts,5,3.7586,-1.7761,3.0000
106,scouts,6,1.6478,-3.9834,3.0000
106,scouts,7,3.4567,-5.5019,3.0000
106,scouts,8,-3.8337,3.0502,3.0000
106,scouts,9,-6.5433,5.5019,3.0000
106,scouts,10,-8.3521,3.9834,3.0000
106,scouts,11,-6.2413,1.7762,3.0000
106,scouts,12,8.3522,3.9834,3.0000
106,scouts,13,6.5433,5.5019,3.0000
106,scouts,14,3.8337,3.0502,3.0000
106,scouts,15,6.2413,1.7761,3.0000
106,workers,0,-3.0000,-5.0000,3.0000
106,workers,1,7.0000,-5.0000,3.0000
106,workers,2,-3.0000,5.0000,3.0000
106,workers,3,7.0000,5.0000,3.0000
107,general,0,0.0000,0.0000,5.0000
107,nodes,0,-4.3238,-4.2749,3.0000
107,nodes,1,4.3240,-4.2742,3.0000
107,nodes,2,-5.6760,4.2750,3.0000
107,nodes,3,5.6772,4.2745,3.0000
107,scouts,0,-1.6310,-3.9734,3.0000
107,scouts,1,-3.7470,-1.7600,3.0000
107,scouts,2,-6.1624,-3.0311,3.0000
107,scouts,3,-3.4420,-5.4916,3.0000
107,scouts,4,6.1623,-3.0311,3.0000
107,scouts,5,3.7469,-1.7600,3.0000
107,scouts,6,1.6309,-3.9735,3.0000
107,scouts,7,3.4420,-5.4915,3.0000
107,scouts,8,-3.8376,3.0311,3.0000
107,scouts,9,-6.5580,5.4915,3.0000
107,scouts,10,-8.3690,3.9735,3.0000
107,scouts,11,-6.2530,1.7600,3.0000
107,scouts,12,8.3691,3.9734,3.0000
107,scouts,13,6.5580,5.4915,3.0000
107,scouts,14,3.8377,3.0311,3.0000
107,scouts,15,6.2531,1.7599,3.0000
107,workers,0,-3.0000,-5.0000,3.0000
107,workers,1,7.0000,-5.0000,3.0000
107,workers,2,-3.0000,5.0000,3.0000
107,workers,3,7.0000,5.0000,3.0000
108,general,0,0.0000,0.0000,5.0000
108,nodes,0,-4.3175,-4.2681,3.0000
108,nodes,1,4.3176,-4.2673,3.0000
108,nodes,2,-5.6824,4.2681,3.0000
108,nodes,3,5.6835,4.2676,3.0000
108,scouts,0,-1.6141,-3.9635,3.0000
108,scouts,1,-3.7353,-1.7439,3.0000
108,scouts,2,-6.1584,-3.0120,3.0000
108,scouts,3,-3.4272,-5.4812,3.0000
108,scouts,4,6.1584,-3.0120,3.0000
108,scouts,5,3.7352,-1.7439,3.0000
108,scouts,6,1.6140,-3.9636,3.0000
108,scouts,7,3.4272,-5.4812,3.0000
108,scouts,8,-3.8416,3.0120,3.0000
108,scouts,9,-6.5728,5.4812,3.0000
108,scouts,10,-8.3859,3.9635,3.0000
108,scouts,11,-6.2648,1.7439,3.0000
108,scouts,12,8.3860,3.9635,3.0000
108,scouts,13,6.5727,5.4812,3.0000
108,scouts,14,3.8417,3.0120,3.0000
108,scouts,15,6.2648,1.7438,3.0000
108,workers,0,-3.0000,-5.0000,3.0000
108,workers,1,7.0000,-5.0000,3.0000
108,workers,2,-3.0000,5.0000,3.0000
108,workers,3,7.0000,5.0000,3.0000
109,general,0,0.0000,0.0000,5.0000
109,nodes,0,-4.3112,-4.2612,3.0000
109,nodes,1,4.3113,-4.2604,3.0000
109,nodes,2,-5.6888,4.2612,3.0000
109,nodes,3,5.6898,4.2607,3.0000
109,scouts,0,-1.5972,-3.9536,3.0000
109,scouts,1,-3.7236,-1.7278,3.0000
109,scouts,2,-6.1544,-2.9929,3.0000
109,scouts,3,-3.4125,-5.4709,3.0000
109,scouts,4,6.1544,-2.9930,3.0000
109,scouts,5,3.7235,-1.7278,3.0000
109,scouts,6,1.5972,-3.9536,3.0000
109,scouts,7,3.4125,-5.4708,3.0000
109,scouts,8,-3.8456,2.9930,3.0000
109,scouts,9,-6.5875,5.4709,3.0000
109,scouts,10,-8.4028,3.9536,3.0000
109,scouts,11,-6.2765,1.7278,3.0000
109,scouts,12,8.4029,3.9535,3.0000
109,scouts,13,6.5875,5.4708,3.0000
109,scouts,14,3.8457,2.9929,3.0000
109,scouts,15,6.2765,1.7277,3.0000
109,workers,0,-3.0000,-5.0000,3.0000
109,workers,1,7.0000,-5.0000,3.0000
109,workers,2,-3.0000,5.0000,3.0000
109,workers,3,7.0000,5.0000,3.0000
110,general,0,0.0000,0.0000,5.0000
110,nodes,0,-4.3049,-4.2543,3.0000
110,nodes,1,4.3049,-4.2535,3.0000
110,nodes,2,-5.6951,4.2543,3.0000
110,nodes,3,5.6962,4.2538,3.0000
110,scouts,0,-1.5804,-3.9437,3.0000
110,scouts,1,-3.7119,-1.7117,3.0000
110,scouts,2,-6.1503,-2.9739,3.0000
110,scouts,3,-3.3978,-5.4605,3.0000
110,scouts,4,6.1503,-2.9739,3.0000
110,scouts,5,3.7118,-1.7117,3.0000
110,scouts,6,1.5803,-3.9437,3.0000
110,scouts,7,3.3978,-5.4605,3.0000
110,scouts,8,-3.8496,2.9739,3.0000
110,scouts,9,-6.6022,5.4605,3.0000
110,scouts,10,-8.4196,3.9437,3.0000
110,scouts,11,-6.2882,1.7117,3.0000
110,scouts,12,8.4197,3.9436,3.0000
110,scouts,13,6.6022,5.4605,3.0000
110,scouts,14,3.8497,2.9739,3.0000
110,scouts,15,6.2882,1.7116,3.0000
110,workers,0,-3.0000,-5.0000,3.0000
110,workers,1,7.0000,-5.0000,3.0000
110,workers,2,-3.0000,5.0000,3.0000
110,workers,3,7.0000,5.0000,3.0000
111,general,0,0.0000,0.0000,5.0000
111,nodes,0,-4.2986,-4.2474,3.0000
111,nodes,1,4.2986,-4.2466,3.0000
111,nodes,2,-5.7015,4.2474,3.0000
111,nodes,3,5.7025,4.2470,3.0000
111,scouts,0,-1.5636,-3.9337,3.0000
111,scouts,1,-3.7002,-1.6957,3.0000
111,scouts,2,-6.1463,-2.9548,3.0000
111,scouts,3,-3.3831,-5.4501,3.0000
111,scouts,4,6.1463,-2.9549,3.0000
111,scouts,5,3.7001,-1.6956,3.0000
111,scouts,6,1.5635,-3.9338,3.0000
111,scouts,7,3.3831,-5.4501,3.0000
111,scouts,8,-3.8537,2.9549,3.0000
111,scouts,9,-6.6169,5.4501,3.0000
111,scouts,10,-8.4364,3.9338,3.0000
111,scouts,11,-6.2999,1.6956,3.0000
111,scouts,12,8.4365,3.9337,3.0000
111,scouts,13,6.6169,5.4501,3.0000
111,scouts,14,3.8538,2.9549,3.0000
111,scouts,15,6.2999,1.6955,3.0000
111,workers,0,-3.0000,-5.0000,3.0000
111,workers,1,7.0000,-5.0000,3.0000
111,workers,2,-3.0000,5.0000,3.0000
111,workers,3,7.0000,5.0000,3.0000
112,general,0,0.0000,0.0000,5.0000
112,nodes,0,-4.2922,-4.2405,3.0000
112,nodes,1,4.2923,-4.2397,3.0000
112,nodes,2,-5.7078,4.2406,3.0000
112,nodes,3,5.7088,4.2400,3.0000
112,scouts,0,-1.5468,-3.9238,3.0000
112,scouts,1,-3.6885,-1.6796,3.0000
112,scouts,2,-6.1422,-2.9358,3.0000
112,scouts,3,-3.3684,-5.4397,3.0000
112,scouts,4,6.1422,-2.9359,3.0000
112,scouts,5,3.6884,-1.6796,3.0000
112,scouts,6,1.5467,-3.9239,3.0000
112,scouts,7,3.3684,-5.4397,3.0000
112,scouts,8,-3.8578,2.9359,3.0000
112,scouts,9,-6.6316,5.4397,3.0000
112,scouts,10,-8.4532,3.9239,3.0000
112,scouts,11,-6.3116,1.6796,3.0000
112,scouts,12,8.4533,3.9238,3.0000
112,scouts,13,6.6316,5.4397,3.0000
112,scouts,14,3.8579,2.9358,3.0000
112,scouts,15,6.3116,1.6795,3.0000
112,workers,0,-3.0000,-5.0000,3.0000
112,workers,1,7.0000,-5.0000,3.0000
112,workers,2,-3.0000,5.0000,3.0000
112,workers,3,7.0000,5.0000,3.0000
113,general,0,0.0000,0.0000,5.0000
113,nodes,0,-4.2859,-4.2336,3.0000
113,nodes,1,4.2859,-4.2328,3.0000
113,nodes,2,-5.7141,4.2337,3.0000
113,nodes,3,5.7152,4.2332,3.0000
113,scouts,0,-1.5301,-3.9139,3.0000
113,scouts,1,-3.6768,-1.6636,3.0000
113,scouts,2,-6.1381,-2.9168,3.0000
113,scouts,3,-3.3538,-5.4293,3.0000
113,scouts,4,6.1381,-2.9169,3.0000
113,scouts,5,3.6767,-1.6635,3.0000
113,scouts,6,1.5300,-3.9140,3.0000
113,scouts,7,3.3537,-5.4293,3.0000
113,scouts,8,-3.8619,2.9169,3.0000
113,scouts,9,-6.6462,5.4293,3.0000
113,scouts,10,-8.4700,3.9140,3.0000
113,scouts,11,-6.3232,1.6636,3.0000
113,scouts,12,8.4701,3.9139,3.0000
113,scouts,13,6.6462,5.4293,3.0000
113,scouts,14,3.8620,2.9168,3.0000
113,scouts,15,6.3233,1.6635,3.0000
113,workers,0,-3.0000,-5.0000,3.0000
113,workers,1,7.0000,-5.0000,3.0000
113,workers,2,-3.0000,5.0000,3.0000
113,workers,3,7.0000,5.0000,3.0000
114,general,0,0.0000,0.0000,5.0000
114,nodes,0,-4.2795,-4.2267,3.0000
114,nodes,1,4.2796,-4.2259,3.0000
114,nodes,2,-5.7205,4.2269,3.0000
114,nodes,3,5.7216,4.2263,3.0000
114,scouts,0,-1.5133,-3.9040,3.0000
114,scouts,1,-3.6651,-1.6476,3.0000
114,scouts,2,-6.1340,-2.8979,3.0000
114,scouts,3,-3.3391,-5.4189,3.0000
114,scouts,4,6.1340,-2.8979,3.0000
114,scouts,5,3.6650,-1.6475,3.0000
114,scouts,6,1.5132,-3.9041,3.0000
114,scouts,7,3.3391,-5.4189,3.0000
114,scouts,8,-3.8660,2.8979,3.0000
114,scouts,9,-6.6609,5.4189,3.0000
114,scouts,10,-8.4867,3.9041,3.0000
114,scouts,11,-6.3349,1.6476,3.0000
114,scouts,12,8.4868,3.9040,3.0000
114,scouts,13,6.6609,5.4189,3.0000
114,scouts,14,3.8661,2.8979,3.0000
114,scouts,15,6.3349,1.6475,3.0000
114,workers,0,-3.0000,-5.0000,3.0000
114,workers,1,7.0000,-5.0000,3.0000
114,workers,2,-3.0000,5.0000,3.0000
114,workers,3,7.0000,5.0000,3.0000
115,general,0,0.0000,0.0000,5.0000
115,nodes,0,-4.2732,-4.2198,3.0000
115,nodes,1,4.2732,-4.2191,3.0000
115,nodes,2,-5.7268,4.2199,3.0000
115,nodes,3,5.7279,4.2195,3.0000
115,scouts,0,-1.4966,-3.8941,3.0000
115,scouts,1,-3.6535,-1.6316,3.0000
115,scouts,2,-6.1298,-2.8789,3.0000
115,scouts,3,-3.3245,-5.4085,3.0000
115,scouts,4,6.1298,-2.8790,3.0000
115,scouts,5,3.6534,-1.6316,3.0000
115,scouts,6,1.4965,-3.8942,3.0000
115,scouts,7,3.3244,-5.4085,3.0000
115,scouts,8,-3.8702,2.8790,3.0000
115,scouts,9,-6.6755,5.4085,3.0000
115,scouts,10,-8.5034,3.8942,3.0000
115,scouts,11,-6.3465,1.6316,3.0000
115,scouts,12,8.5035,3.8941,3.0000
115,scouts,13,6.6755,5.4085,3.0000
115,scouts,14,3.8702,2.8789,3.0000
115,scouts,15,6.3466,1.6315,3.0000
115,workers,0,-3.0000,-5.0000,3.0000
115,workers,1,7.0000,-5.0000,3.0000
115,workers,2,-3.0000,5.0000,3.0000
115,workers,3,7.0000,5.0000,3.0000
116,general,0,0.0000,0.0000,5.0000
116,nodes,0,-4.2668,-4.2131,3.0000
116,nodes,1,4.2669,-4.2122,3.0000
116,nodes,2,-5.7332,4.2131,3.0000
116,nodes,3,5.7343,4.2126,3.0000
116,scouts,0,-1.4799,-3.8843,3.0000
116,scouts,1,-3.6418,-1.6156,3.0000
116,scouts,2,-6.1256,-2.8600,3.0000
116,scouts,3,-3.3098,-5.3981,3.0000
116,scouts,4,6.1256,-2.8601,3.0000
116,scouts,5,3.6417,-1.6156,3.0000
116,scouts,6,1.4798,-3.8843,3.0000
116,scouts,7,3.3098,-5.3980,3.0000
116,scouts,8,-3.8744,2.8600,3.0000
116,scouts,9,-6.6902,5.3980,3.0000
116,scouts,10,-8.5201,3.8843,3.0000
116,scouts,11,-6.3582,1.6156,3.0000
116,scouts,12,8.5202,3.8842,3.0000
116,scouts,13,6.6902,5.3980,3.0000
116,scouts,14,3.8744,2.8600,3.0000
116,scouts,15,6.3582,1.6155,3.0000
116,workers,0,-3.0000,-5.0000,3.0000
116,workers,1,7.0000,-5.0000,3.0000
116,workers,2,-3.0000,5.0000,3.0000
116,workers,3,7.0000,5.0000,3.0000
117,general,0,0.0000,0.0000,5.0000
117,nodes,0,-4.2605,-4.2062,3.0000
117,nodes,1,4.2605,-4.2053,3.0000
117,nodes,2,-5.7395,4.2062,3.0000
117,nodes,3,5.7406,4.2057,3.0000
117,scouts,0,-1.4633,-3.8744,3.0000
117,scouts,1,-3.6302,-1.5997,3.0000
117,scouts,2,-6.1214,-2.8411,3.0000
117,scouts,3,-3.2952,-5.3876,3.0000
117,scouts,4,6.1214,-2.8411,3.0000
117,scouts,5,3.6301,-1.5997,3.0000
117,scouts,6,1.4631,-3.8745,3.0000
117,scouts,7,3.2952,-5.3876,3.0000
117,scouts,8,-3.8786,2.8411,3.0000
117,scouts,9,-6.7048,5.3876,3.0000
117,scouts,10,-8.5368,3.8744,3.0000
117,scouts,11,-6.3698,1.5997,3.0000
117,scouts,12,8.5369,3.8744,3.0000
117,scouts,13,6.7048,5.3876,3.0000
117,scouts,14,3.8786,2.8411,3.0000
117,scouts,15,6.3699,1.5996,3.0000
117,workers,0,-3.0000,-5.0000,3.0000
117,workers,1,7.0000,-5.0000,3.0000
117,workers,2,-3.0000,5.0000,3.0000
117,workers,3,7.0000,5.0000,3.0000
118,general,0,0.0000,0.0000,5.0000
118,nodes,0,-4.2541,-4.1993,3.0000
118,nodes,1,4.2541,-4.1985,3.0000
118,nodes,2,-5.7458,4.1994,3.0000
118,nodes,3,5.7469,4.1988,3.0000
118,scouts,0,-1.4466,-3.8645,3.0000
118,scouts,1,-3.6186,-1.5838,3.0000
118,scouts,2,-6.1172,-2.8222,3.0000
118,scouts,3,-3.2806,-5.3771,3.0000
118,scouts,4,6.1172,-2.8223,3.0000
118,scouts,5,3.6184,-1.5837,3.0000
118,scouts,6,1.4465,-3.8646,3.0000
118,scouts,7,3.2806,-5.3771,3.0000
118,scouts,8,-3.8828,2.8222,3.0000
118,scouts,9,-6.7194,5.3771,3.0000
118,scouts,10,-8.5534,3.8646,3.0000
118,scouts,11,-6.3815,1.5838,3.0000
118,scouts,12,8.5535,3.8645,3.0000
118,scouts,13,6.7194,5.3771,3.0000
118,scouts,14,3.8829,2.8222,3.0000
118,scouts,15,6.3815,1.5837,3.0000
118,workers,0,-3.0000,-5.0000,3.0000
118,workers,1,7.0000,-5.0000,3.0000
118,workers,2,-3.0000,5.0000,3.0000
118,workers,3,7.0000,5.0000,3.0000
119,general,0,0.0000,0.0000,5.0000
119,nodes,0,-4.2478,-4.1925,3.0000
119,nodes,1,4.2478,-4.1916,3.0000
119,nodes,2,-5.7521,4.1925,3.0000
119,nodes,3,5.7533,4.1919,3.0000
119,scouts,0,-1.4300,-3.8547,3.0000
119,scouts,1,-3.6069,-1.5679,3.0000
119,scouts,2,-6.1129,-2.8033,3.0000
119,scouts,3,-3.2660,-5.3667,3.0000
119,scouts,4,6.1129,-2.8034,3.0000
119,scouts,5,3.6068,-1.5678,3.0000
119,scouts,6,1.4299,-3.8547,3.0000
119,scouts,7,3.2660,-5.3666,3.0000
119,scouts,8,-3.8871,2.8034,3.0000
119,scouts,9,-6.7340,5.3667,3.0000
119,scouts,10,-8.5700,3.8547,3.0000
119,scouts,11,-6.3931,1.5679,3.0000
119,scouts,12,8.5702,3.8546,3.0000
119,scouts,13,6.7339,5.3666,3.0000
119,scouts,14,3.8872,2.8033,3.0000
119,scouts,15,6.3931,1.5678,3.0000
119,workers,0,-3.0000,-5.0000,3.0000
119,workers,1,7.0000,-5.0000,3.0000
119,workers,2,-3.0000,5.0000,3.0000
119,workers,3,7.0000,5.0000,3.0000
120,general,0,0.0000,0.0000,5.0000
120,nodes,0,-4.2414,-4.1855,3.0000
120,nodes,1,4.2414,-4.1847,3.0000
120,nodes,2,-5.7584,4.1857,3.0000
120,nodes,3,5.7596,4.1851,3.0000
120,scouts,0,-1.4134,-3.8448,3.0000
120,scouts,1,-3.5953,-1.5520,3.0000
120,scouts,2,-6.1086,-2.7845,3.0000
120,scouts,3,-3.2515,-5.3562,3.0000
120,scouts,4,6.1086,-2.7846,3.0000
120,scouts,5,3.5952,-1.5520,3.0000
120,scouts,6,1.4133,-3.8449,3.0000
120,scouts,7,3.2514,-5.3561,3.0000
120,scouts,8,-3.8914,2.7845,3.0000
120,scouts,9,-6.7485,5.3562,3.0000
120,scouts,10,-8.5866,3.8449,3.0000
120,scouts,11,-6.4047,1.5520,3.0000
120,scouts,12,8.5868,3.8448,3.0000
120,scouts,13,6.7485,5.3561,3.0000
120,scouts,14,3.8915,2.7845,3.0000
120,scouts,15,6.4048,1.5519,3.0000
120,workers,0,-3.0000,-5.0000,3.0000
120,workers,1,7.0000,-5.0000,3.0000
120,workers,2,-3.0000,5.0000,3.0000
120,workers,3,7.0000,5.0000,3.0000
121,general,0,0.0000,0.0000,5.0000
121,nodes,0,-4.2350,-4.1787,3.0000
121,nodes,1,4.2351,-4.1779,3.0000
121,nodes,2,-5.7647,4.1788,3.0000
121,nodes,3,5.7660,4.1782,3.0000
121,scouts,0,-1.3968,-3.8350,3.0000
121,scouts,1,-3.5837,-1.5362,3.0000
121,scouts,2,-6.1043,-2.7657,3.0000
121,scouts,3,-3.2369,-5.3457,3.0000
121,scouts,4,6.1043,-2.7657,3.0000
121,scouts,5,3.5836,-1.5361,3.0000
121,scouts,6,1.3967,-3.8351,3.0000
121,scouts,7,3.2369,-5.3456,3.0000
121,scouts,8,-3.8957,2.7657,3.0000
121,scouts,9,-6.7631,5.3457,3.0000
121,scouts,10,-8.6032,3.8350,3.0000
121,scouts,11,-6.4163,1.5362,3.0000
121,scouts,12,8.6034,3.8350,3.0000
121,scouts,13,6.7631,5.3456,3.0000
121,scouts,14,3.8958,2.7657,3.0000
121,scouts,15,6.4164,1.5360,3.0000
121,workers,0,-3.0000,-5.0000,3.0000
121,workers,1,7.0000,-5.0000,3.0000
121,workers,2,-3.0000,5.0000,3.0000
121,workers,3,7.0000,5.0000,3.0000
122,general,0,0.0000,0.0000,5.0000
122,nodes,0,-4.2287,-4.1718,3.0000
122,nodes,1,4.2288,-4.1710,3.0000
122,nodes,2,-5.7711,4.1719,3.0000
122,nodes,3,5.7723,4.1713,3.0000
122,scouts,0,-1.3802,-3.8252,3.0000
122,scouts,1,-3.5721,-1.5203,3.0000
122,scouts,2,-6.0999,-2.7469,3.0000
122,scouts,3,-3.2224,-5.3352,3.0000
122,scouts,4,6.0999,-2.7469,3.0000
122,scouts,5,3.5720,-1.5203,3.0000
122,scouts,6,1.3801,-3.8252,3.0000
122,scouts,7,3.2223,-5.3351,3.0000
122,scouts,8,-3.9001,2.7469,3.0000
122,scouts,9,-6.7776,5.3351,3.0000
122,scouts,10,-8.6198,3.8252,3.0000
122,scouts,11,-6.4279,1.5203,3.0000
122,scouts,12,8.6199,3.8251,3.0000
122,scouts,13,6.7776,5.3351,3.0000
122,scouts,14,3.9001,2.7469,3.0000
122,scouts,15,6.4280,1.5202,3.0000
122,workers,0,-3.0000,-5.0000,3.0000
122,workers,1,7.0000,-5.0000,3.0000
122,workers,2,-3.0000,5.0000,3.0000
122,workers,3,7.0000,5.0000,3.0000
123,general,0,0.0000,0.0000,5.0000
123,nodes,0,-4.2224,-4.1650,3.0000
123,nodes,1,4.2224,-4.1642,3.0000
123,nodes,2,-5.7775,4.1651,3.0000
123,nodes,3,5.7786,4.1645,3.0000
123,scouts,0,-1.3637,-3.8154,3.0000
123,scouts,1,-3.5605,-1.5045,3.0000
123,scouts,2,-6.0955,-2.7281,3.0000
123,scouts,3,-3.2078,-5.3246,3.0000
123,scouts,4,6.0955,-2.7282,3.0000
123,scouts,5,3.5604,-1.5045,3.0000
123,scouts,6,1.3636,-3.8154,3.0000
123,scouts,7,3.2078,-5.3246,3.0000
123,scouts,8,-3.9045,2.7281,3.0000
123,scouts,9,-6.7922,5.3246,3.0000
123,scouts,10,-8.6363,3.8154,3.0000
123,scouts,11,-6.4395,1.5045,3.0000
123,scouts,12,8.6365,3.8153,3.0000
123,scouts,13,6.7922,5.3246,3.0000
123,scouts,14,3.9045,2.7281,3.0000
123,scouts,15,6.4396,1.5044,3.0000
123,workers,0,-3.0000,-5.0000,3.0000
123,workers,1,7.0000,-5.0000,3.0000
123,workers,2,-3.0000,5.0000,3.0000
123,workers,3,7.0000,5.0000,3.0000
124,general,0,0.0000,0.0000,5.0000
124,nodes,0,-4.2161,-4.1582,3.0000
124,nodes,1,4.2161,-4.1573,3.0000
124,nodes,2,-5.7838,4.1582,3.0000
124,nodes,3,5.7850,4.1577,3.0000
124,scouts,0,-1.3472,-3.8055,3.0000
124,scouts,1,-3.5489,-1.4887,3.0000
124,scouts,2,-6.0911,-2.7094,3.0000
124,scouts,3,-3.1933,-5.3141,3.0000
124,scouts,4,6.0911,-2.7094,3.0000
124,scouts,5,3.5488,-1.4887,3.0000
124,scouts,6,1.3470,-3.8056,3.0000
124,scouts,7,3.1933,-5.3141,3.0000
124,scouts,8,-3.9089,2.7094,3.0000
124,scouts,9,-6.8067,5.3141,3.0000
124,scouts,10,-8.6529,3.8056,3.0000
124,scouts,11,-6.4511,1.4887,3.0000
124,scouts,12,8.6530,3.8055,3.0000
124,scouts,13,6.8067,5.3141,3.0000
124,scouts,14,3.9089,2.7093,3.0000
124,scouts,15,6.4512,1.4886,3.0000
124,workers,0,-3.0000,-5.0000,3.0000
124,workers,1,7.0000,-5.0000,3.0000
124,workers,2,-3.0000,5.0000,3.0000
124,workers,3,7.0000,5.0000,3.0000
125,general,0,0.0000,0.0000,5.0000
125,nodes,0,-4.2097,-4.1514,3.0000
125,nodes,1,4.2098,-4.1504,3.0000
125,nodes,2,-5.7901,4.1514,3.0000
125,nodes,3,5.7913,4.1508,3.0000
125,scouts,0,-1.3307,-3.7957,3.0000
125,scouts,1,-3.5373,-1.4730,3.0000
125,scouts,2,-6.0867,-2.6906,3.0000
125,scouts,3,-3.1788,-5.3035,3.0000
125,scouts,4,6.0866,-2.6907,3.0000
125,scouts,5,3.5372,-1.4729,3.0000
125,scouts,6,1.3305,-3.7958,3.0000
125,scouts,7,3.1788,-5.3035,3.0000
125,scouts,8,-3.9133,2.6907,3.0000
125,scouts,9,-6.8212,5.3035,3.0000
125,scouts,10,-8.6694,3.7958,3.0000
125,scouts,11,-6.4627,1.4730,3.0000
125,scouts,12,8.6695,3.7957,3.0000
125,scouts,13,6.8212,5.3035,3.0000
125,scouts,14,3.9134,2.6906,3.0000
125,scouts,15,6.4627,1.4728,3.0000
125,workers,0,-3.0000,-5.0000,3.0000
125,workers,1,7.0000,-5.0000,3.0000
125,workers,2,-3.0000,5.0000,3.0000
125,workers,3,7.0000,5.0000,3.0000
126,general,0,0.0000,0.0000,5.0000
126,nodes,0,-4.2034,-4.1446,3.0000
126,nodes,1,4.2034,-4.1437,3.0000
126,nodes,2,-5.7964,4.1445,3.0000
126,nodes,3,5.7977,4.1439,3.0000
126,scouts,0,-1.3142,-3.7859,3.0000
126,scouts,1,-3.5258,-1.4572,3.0000
126,scouts,2,-6.0822,-2.6719,3.0000
126,scouts,3,-3.1643,-5.2930,3.0000
126,scouts,4,6.0822,-2.6720,3.0000
126,scouts,5,3.5256,-1.4572,3.0000
126,scouts,6,1.3141,-3.7860,3.0000
126,scouts,7,3.1643,-5.2929,3.0000
126,scouts,8,-3.9178,2.6720,3.0000
126,scouts,9,-6.8357,5.2930,3.0000
126,scouts,10,-8.6858,3.7860,3.0000
126,scouts,11,-6.4743,1.4572,3.0000
126,scouts,12,8.6860,3.7859,3.0000
126,scouts,13,6.8357,5.2929,3.0000
126,scouts,14,3.9179,2.6719,3.0000
126,scouts,15,6.4743,1.4571,3.0000
126,workers,0,-3.0000,-5.0000,3.0000
126,workers,1,7.0000,-5.0000,3.0000
126,workers,2,-3.0000,5.0000,3.0000
126,workers,3,7.0000,5.0000,3.0000
127,general,0,0.0000,0.0000,5.0000
127,nodes,0,-4.1971,-4.1378,3.0000
127,nodes,1,4.1971,-4.1368,3.0000
127,nodes,2,-5.8027,4.1376,3.0000
127,nodes,3,5.8040,4.1371,3.0000
127,scouts,0,-1.2977,-3.7762,3.0000
127,scouts,1,-3.5142,-1.4415,3.0000
127,scouts,2,-6.0777,-2.6532,3.0000
127,scouts,3,-3.1499,-5.2824,3.0000
127,scouts,4,6.0776,-2.6533,3.0000
127,scouts,5,3.5141,-1.4415,3.0000
127,scouts,6,1.2976,-3.7762,3.0000
127,scouts,7,3.1498,-5.2824,3.0000
127,scouts,8,-3.9223,2.6533,3.0000
127,scouts,9,-6.8502,5.2824,3.0000
127,scouts,10,-8.7023,3.7762,3.0000
127,scouts,11,-6.4858,1.4415,3.0000
127,scouts,12,8.7025,3.7761,3.0000
127,scouts,13,6.8501,5.2824,3.0000
127,scouts,14,3.9224,2.6532,3.0000
127,scouts,15,6.4859,1.4414,3.0000
127,workers,0,-3.0000,-5.0000,3.0000
127,workers,1,7.0000,-5.0000,3.0000
127,workers,2,-3.0000,5.0000,3.0000
127,workers,3,7.0000,5.0000,3.0000
128,general,0,0.0000,0.0000,5.0000
128,nodes,0,-4.1908,-4.1310,3.0000
128,nodes,1,4.1908,-4.1299,3.0000
128,nodes,2,-5.8090,4.1308,3.0000
128,nodes,3,5.8104,4.1302,3.0000
128,scouts,0,-1.2813,-3.7664,3.0000
128,scouts,1,-3.5026,-1.4258,3.0000
128,scouts,2,-6.0731,-2.6346,3.0000
128,scouts,3,-3.1354,-5.2718,3.0000
128,scouts,4,6.0731,-2.6347,3.0000
128,scouts,5,3.5025,-1.4257,3.0000
128,scouts,6,1.2811,-3.7664,3.0000
128,scouts,7,3.1354,-5.2718,3.0000
128,scouts,8,-3.9269,2.6346,3.0000
128,scouts,9,-6.8646,5.2718,3.0000
128,scouts,10,-8.7188,3.7664,3.0000
128,scouts,11,-6.4974,1.4258,3.0000
128,scouts,12,8.7189,3.7663,3.0000
128,scouts,13,6.8646,5.2718,3.0000
128,scouts,14,3.9269,2.6346,3.0000
128,scouts,15,6.4975,1.4257,3.0000
128,workers,0,-3.0000,-5.0000,3.0000
128,workers,1,7.0000,-5.0000,3.0000
128,workers,2,-3.0000,5.0000,3.0000
128,workers,3,7.0000,5.0000,3.0000
129,general,0,0.0000,0.0000,5.0000
129,nodes,0,-4.1845,-4.1242,3.0000
129,nodes,1,4.1844,-4.1231,3.0000
129,nodes,2,-5.8153,4.1239,3.0000
129,nodes,3,5.8166,4.1234,3.0000
129,scouts,0,-1.2648,-3.7566,3.0000
129,scouts,1,-3.4911,-1.4101,3.0000
129,scouts,2,-6.0685,-2.6160,3.0000
129,scouts,3,-3.1210,-5.2612,3.0000
129,scouts,4,6.0685,-2.6160,3.0000
129,scouts,5,3.4909,-1.4101,3.0000
129,scouts,6,1.2647,-3.7567,3.0000
129,scouts,7,3.1209,-5.2612,3.0000
129,scouts,8,-3.9315,2.6160,3.0000
129,scouts,9,-6.8791,5.2612,3.0000
129,scouts,10,-8.7352,3.7567,3.0000
129,scouts,11,-6.5090,1.4101,3.0000
129,scouts,12,8.7353,3.7565,3.0000
129,scouts,13,6.8790,5.2612,3.0000
129,scouts,14,3.9315,2.6159,3.0000
129,scouts,15,6.5090,1.4100,3.0000
129,workers,0,-3.0000,-5.0000,3.0000
129,workers,1,7.0000,-5.0000,3.0000
129,workers,2,-3.0000,5.0000,3.0000
129,workers,3,7.0000,5.0000,3.0000
130,general,0,0.0000,0.0000,5.0000
130,nodes,0,-4.1781,-4.1173,3.0000
130,nodes,1,4.1781,-4.1163,3.0000
130,nodes,2,-5.8217,4.1171,3.0000
130,nodes,3,5.8230,4.1165,3.0000
130,scouts,0,-1.2484,-3.7469,3.0000
130,scouts,1,-3.4795,-1.3945,3.0000
130,scouts,2,-6.0639,-2.5974,3.0000
130,scouts,3,-3.1065,-5.2506,3.0000
130,scouts,4,6.0639,-2.5974,3.0000
130,scouts,5,3.4794,-1.3944,3.0000
130,scouts,6,1.2483,-3.7469,3.0000
130,scouts,7,3.1065,-5.2505,3.0000
130,scouts,8,-3.9361,2.5974,3.0000
130,scouts,9,-6.8935,5.2506,3.0000
130,scouts,10,-8.7516,3.7469,3.0000
130,scouts,11,-6.5205,1.3945,3.0000
130,scouts,12,8.7517,3.7468,3.0000
130,scouts,13,6.8935,5.2505,3.0000
130,scouts,14,3.9361,2.5973,3.0000
130,scouts,15,6.5206,1.3943,3.0000
130,workers,0,-3.0000,-5.0000,3.0000
130,workers,1,7.0000,-5.0000,3.0000
130,workers,2,-3.0000,5.0000,3.0000
130,workers,3,7.0000,5.0000,3.0000
131,general,0,0.0000,0.0000,5.0000
131,nodes,0,-4.1718,-4.1105,3.0000
131,nodes,1,4.1718,-4.1095,3.0000
131,nodes,2,-5.8280,4.1101,3.0000
131,nodes,3,5.8294,4.1098,3.0000
131,scouts,0,-1.2320,-3.7371,3.0000
131,scouts,1,-3.4680,-1.3788,3.0000
131,scouts,2,-6.0593,-2.5788,3.0000
131,scouts,3,-3.0921,-5.2399,3.0000
131,scouts,4,6.0592,-2.5789,3.0000
131,scouts,5,3.4678,-1.3788,3.0000
131,scouts,6,1.2319,-3.7372,3.0000
131,scouts,7,3.0921,-5.2399,3.0000
131,scouts,8,-3.9407,2.5788,3.0000
131,scouts,9,-6.9079,5.2399,3.0000
131,scouts,10,-8.7680,3.7371,3.0000
131,scouts,11,-6.5321,1.3788,3.0000
131,scouts,12,8.7681,3.7370,3.0000
131,scouts,13,6.9079,5.2399,3.0000
131,scouts,14,3.9408,2.5788,3.0000
131,scouts,15,6.5321,1.3787,3.0000
131,workers,0,-3.0000,-5.0000,3.0000
131,workers,1,7.0000,-5.0000,3.0000
131,workers,2,-3.0000,5.0000,3.0000
131,workers,3,7.0000,5.0000,3.0000
132,general,0,0.0000,0.0000,5.0000
132,nodes,0,-4.1655,-4.1036,3.0000
132,nodes,1,4.1654,-4.1027,3.0000
132,nodes,2,-5.8343,4.1034,3.0000
132,nodes,3,5.8357,4.1029,3.0000
132,scouts,0,-1.2157,-3.7274,3.0000
132,scouts,1,-3.4564,-1.3632,3.0000
132,scouts,2,-6.0546,-2.5602,3.0000
132,scouts,3,-3.0777,-5.2293,3.0000
132,scouts,4,6.0546,-2.5603,3.0000
132,scouts,5,3.4563,-1.3632,3.0000
132,scouts,6,1.2155,-3.7274,3.0000
132,scouts,7,3.0777,-5.2293,3.0000
132,scouts,8,-3.9454,2.5603,3.0000
132,scouts,9,-6.9223,5.2293,3.0000
132,scouts,10,-8.7843,3.7274,3.0000
132,scouts,11,-6.5436,1.3632,3.0000
132,scouts,12,8.7845,3.7273,3.0000
132,scouts,13,6.9223,5.2293,3.0000
132,scouts,14,3.9455,2.5602,3.0000
132,scouts,15,6.5437,1.3631,3.0000
132,workers,0,-3.0000,-5.0000,3.0000
132,workers,1,7.0000,-5.0000,3.0000
132,workers,2,-3.0000,5.0000,3.0000
132,workers,3,7.0000,5.0000,3.0000
133,general,0,0.0000,0.0000,5.0000
133,nodes,0,-4.1594,-4.0968,3.0000
133,nodes,1,4.1589,-4.0959,3.0000
133,nodes,2,-5.8406,4.0965,3.0000
133,nodes,3,5.8421,4.0962,3.0000
133,scouts,0,-1.1993,-3.7176,3.0000
133,scouts,1,-3.4449,-1.3476,3.0000
133,scouts,2,-6.0499,-2.5417,3.0000
133,scouts,3,-3.0633,-5.2186,3.0000
133,scouts,4,6.0498,-2.5418,3.0000
133,scouts,5,3.4447,-1.3476,3.0000
133,scouts,6,1.1992,-3.7177,3.0000
133,scouts,7,3.0633,-5.2186,3.0000
133,scouts,8,-3.9501,2.5418,3.0000
133,scouts,9,-6.9367,5.2186,3.0000
133,scouts,10,-8.8007,3.7177,3.0000
133,scouts,11,-6.5552,1.3476,3.0000
133,scouts,12,8.8008,3.7176,3.0000
133,scouts,13,6.9367,5.2186,3.0000
133,scouts,14,3.9502,2.5417,3.0000
133,scouts,15,6.5552,1.3475,3.0000
133,workers,0,-3.0000,-5.0000,3.0000
133,workers,1,7.0000,-5.0000,3.0000
133,workers,2,-3.0000,5.0000,3.0000
133,workers,3,7.0000,5.0000,3.0000
134,general,0,0.0000,0.0000,5.0000
134,nodes,0,-4.1531,-4.0900,3.0000
134,nodes,1,4.1529,-4.0889,3.0000
134,nodes,2,-5.8467,4.0897,3.0000
134,nodes,3,5.8486,4.0894,3.0000
134,scouts,0,-1.1830,-3.7079,3.0000
134,scouts,1,-3.4333,-1.3321,3.0000
134,scouts,2,-6.0451,-2.5232,3.0000
134,scouts,3,-3.0489,-5.2080,3.0000
134,scouts,4,6.0451,-2.5233,3.0000
134,scouts,5,3.4332,-1.3320,3.0000
134,scouts,6,1.1829,-3.7080,3.0000
134,scouts,7,3.0489,-5.2079,3.0000
134,scouts,8,-3.9549,2.5233,3.0000
134,scouts,9,-6.9511,5.2080,3.0000
134,scouts,10,-8.8170,3.7079,3.0000
134,scouts,11,-6.5667,1.3320,3.0000
134,scouts,12,8.8172,3.7078,3.0000
134,scouts,13,6.9511,5.2079,3.0000
134,scouts,14,3.9550,2.5232,3.0000
134,scouts,15,6.5667,1.3319,3.0000
134,workers,0,-3.0000,-5.0000,3.0000
134,workers,1,7.0000,-5.0000,3.0000
134,workers,2,-3.0000,5.0000,3.0000
134,workers,3,7.0000,5.0000,3.0000
135,general,0,0.0000,0.0000,5.0000
135,nodes,0,-4.1465,-4.0833,3.0000
135,nodes,1,4.1467,-4.0821,3.0000
135,nodes,2,-5.8531,4.0829,3.0000
135,nodes,3,5.8548,4.0826,3.0000
135,scouts,0,-1.1667,-3.6982,3.0000
135,scouts,1,-3.4218,-1.3165,3.0000
135,scouts,2,-6.0403,-2.5048,3.0000
135,scouts,3,-3.0346,-5.1973,3.0000
135,scouts,4,6.0403,-2.5048,3.0000
135,scouts,5,3.4217,-1.3164,3.0000
135,scouts,6,1.1665,-3.6983,3.0000
135,scouts,7,3.0345,-5.1973,3.0000
135,scouts,8,-3.9597,2.5048,3.0000
135,scouts,9,-6.9655,5.1973,3.0000
135,scouts,10,-8.8333,3.6982,3.0000
135,scouts,11,-6.5782,1.3165,3.0000
135,scouts,12,8.8335,3.6981,3.0000
135,scouts,13,6.9654,5.1972,3.0000
135,scouts,14,3.9598,2.5047,3.0000
135,scouts,15,6.5783,1.3163,3.0000
135,workers,0,-3.0000,-5.0000,3.0000
135,workers,1,7.0000,-5.0000,3.0000
135,workers,2,-3.0000,5.0000,3.0000
135,workers,3,7.0000,5.0000,3.0000
136,general,0,0.0000,0.0000,5.0000
136,nodes,0,-4.1400,-4.0765,3.0000
136,nodes,1,4.1401,-4.0754,3.0000
136,nodes,2,-5.8594,4.0761,3.0000
136,nodes,3,5.8610,4.0758,3.0000
136,scouts,0,-1.1504,-3.6885,3.0000
136,scouts,1,-3.4103,-1.3010,3.0000
136,scouts,2,-6.0355,-2.4863,3.0000
136,scouts,3,-3.0202,-5.1866,3.0000
136,scouts,4,6.0354,-2.4864,3.0000
136,scouts,5,3.4101,-1.3009,3.0000
136,scouts,6,1.1502,-3.6885,3.0000
136,scouts,7,3.0202,-5.1866,3.0000
136,scouts,8,-3.9645,2.4864,3.0000
136,scouts,9,-6.9798,5.1866,3.0000
136,scouts,10,-8.8496,3.6885,3.0000
136,scouts,11,-6.5897,1.3010,3.0000
136,scouts,12,8.8498,3.6884,3.0000
136,scouts,13,6.9798,5.1865,3.0000
136,scouts,14,3.9646,2.4863,3.0000
136,scouts,15,6.5898,1.3008,3.0000
136,workers,0,-3.0000,-5.0000,3.0000
136,workers,1,7.0000,-5.0000,3.0000
136,workers,2,-3.0000,5.0000,3.0000
136,workers,3,7.0000,5.0000,3.0000
137,general,0,0.0000,0.0000,5.0000
137,nodes,0,-4.1340,-4.0696,3.0000
137,nodes,1,4.1339,-4.0686,3.0000
137,nodes,2,-5.8658,4.0692,3.0000
137,nodes,3,5.8674,4.0691,3.0000
137,scouts,0,-1.1341,-3.6788,3.0000
137,scouts,1,-3.3988,-1.2855,3.0000
137,scouts,2,-6.0306,-2.4679,3.0000
137,scouts,3,-3.0059,-5.1759,3.0000
137,scouts,4,6.0306,-2.4680,3.0000
137,scouts,5,3.3986,-1.2854,3.0000
137,scouts,6,1.1340,-3.6788,3.0000
137,scouts,7,3.0058,-5.1758,3.0000
137,scouts,8,-3.9694,2.4680,3.0000
137,scouts,9,-6.9941,5.1759,3.0000
137,scouts,10,-8.8659,3.6788,3.0000
137,scouts,11,-6.6013,1.2855,3.0000
137,scouts,12,8.8661,3.6787,3.0000
137,scouts,13,6.9941,5.1758,3.0000
137,scouts,14,3.9695,2.4679,3.0000
137,scouts,15,6.6013,1.2853,3.0000
137,workers,0,-3.0000,-5.0000,3.0000
137,workers,1,7.0000,-5.0000,3.0000
137,workers,2,-3.0000,5.0000,3.0000
137,workers,3,7.0000,5.0000,3.0000
138,general,0,0.0000,0.0000,5.0000
138,nodes,0,-4.1276,-4.0629,3.0000
138,nodes,1,4.1275,-4.0618,3.0000
138,nodes,2,-5.8719,4.0624,3.0000
138,nodes,3,5.8737,4.0622,3.0000
138,scouts,0,-1.1178,-3.6691,3.0000
138,scouts,1,-3.3873,-1.2700,3.0000
138,scouts,2,-6.0257,-2.4496,3.0000
138,scouts,3,-2.9915,-5.1651,3.0000
138,scouts,4,6.0256,-2.4496,3.0000
138,scouts,5,3.3871,-1.2699,3.0000
138,scouts,6,1.1177,-3.6692,3.0000
138,scouts,7,2.9915,-5.1651,3.0000
138,scouts,8,-3.9743,2.4496,3.0000
138,scouts,9,-7.0085,5.1651,3.0000
138,scouts,10,-8.8822,3.6691,3.0000
138,scouts,11,-6.6128,1.2700,3.0000
138,scouts,12,8.8823,3.6690,3.0000
138,scouts,13,7.0084,5.1651,3.0000
138,scouts,14,3.9744,2.4495,3.0000
138,scouts,15,6.6128,1.2698,3.0000
138,workers,0,-3.0000,-5.0000,3.0000
138,workers,1,7.0000,-5.0000,3.0000
138,workers,2,-3.0000,5.0000,3.0000
138,workers,3,7.0000,5.0000,3.0000
139,general,0,0.0000,0.0000,5.0000
139,nodes,0,-4.1213,-4.0561,3.0000
139,nodes,1,4.1212,-4.0550,3.0000
139,nodes,2,-5.8784,4.0557,3.0000
139,nodes,3,5.8801,4.0554,3.0000
139,scouts,0,-1.1016,-3.6594,3.0000
139,scouts,1,-3.3757,-1.2545,3.0000
139,scouts,2,-6.0207,-2.4312,3.0000
139,scouts,3,-2.9772,-5.1544,3.0000
139,scouts,4,6.0207,-2.4313,3.0000
139,scouts,5,3.3756,-1.2545,3.0000
139,scouts,6,1.1015,-3.6595,3.0000
139,scouts,7,2.9772,-5.1544,3.0000
139,scouts,8,-3.9793,2.4312,3.0000
139,scouts,9,-7.0228,5.1544,3.0000
139,scouts,10,-8.8984,3.6595,3.0000
139,scouts,11,-6.6243,1.2545,3.0000
139,scouts,12,8.8986,3.6593,3.0000
139,scouts,13,7.0228,5.1544,3.0000
139,scouts,14,3.9794,2.4312,3.0000
139,scouts,15,6.6244,1.2544,3.0000
139,workers,0,-3.0000,-5.0000,3.0000
139,workers,1,7.0000,-5.0000,3.0000
139,workers,2,-3.0000,5.0000,3.0000
139,workers,3,7.0000,5.0000,3.0000
140,general,0,0.0000,0.0000,5.0000
140,nodes,0,-4.1149,-4.0494,3.0000
140,nodes,1,4.1149,-4.0482,3.0000
140,nodes,2,-5.8847,4.0489,3.0000
140,nodes,3,5.8864,4.0486,3.0000
140,scouts,0,-1.0854,-3.6498,3.0000
140,scouts,1,-3.3642,-1.2391,3.0000
140,scouts,2,-6.0157,-2.4129,3.0000
140,scouts,3,-2.9629,-5.1437,3.0000
140,scouts,4,6.0157,-2.4129,3.0000
140,scouts,5,3.3641,-1.2390,3.0000
140,scouts,6,1.0852,-3.6498,3.0000
140,scouts,7,2.9629,-5.1436,3.0000
140,scouts,8,-3.9843,2.4129,3.0000
140,scouts,9,-7.0371,5.1436,3.0000
140,scouts,10,-8.9147,3.6498,3.0000
140,scouts,11,-6.6358,1.2391,3.0000
140,scouts,12,8.9148,3.6497,3.0000
140,scouts,13,7.0371,5.1436,3.0000
140,scouts,14,3.9844,2.4128,3.0000
140,scouts,15,6.6359,1.2389,3.0000
140,workers,0,-3.0000,-5.0000,3.0000
140,workers,1,7.0000,-5.0000,3.0000
140,workers,2,-3.0000,5.0000,3.0000
140,workers,3,7.0000,5.0000,3.0000
141,general,0,0.0000,0.0000,5.0000
141,nodes,0,-4.1087,-4.0426,3.0000
141,nodes,1,4.1086,-4.0415,3.0000
141,nodes,2,-5.8910,4.0421,3.0000
141,nodes,3,5.8927,4.0418,3.0000
141,scouts,0,-1.0692,-3.6401,3.0000
141,scouts,1,-3.3527,-1.2237,3.0000
141,scouts,2,-6.0107,-2.3946,3.0000
141,scouts,3,-2.9487,-5.1329,3.0000
141,scouts,4,6.0107,-2.3947,3.0000
141,scouts,5,3.3526,-1.2236,3.0000
141,scouts,6,1.0690,-3.6402,3.0000
141,scouts,7,2.9486,-5.1329,3.0000
141,scouts,8,-3.9893,2.3946,3.0000
141,scouts,9,-7.0514,5.1329,3.0000
141,scouts,10,-8.9309,3.6401,3.0000
141,scouts,11,-6.6473,1.2237,3.0000
141,scouts,12,8.9310,3.6400,3.0000
141,scouts,13,7.0513,5.1328,3.0000
141,scouts,14,3.9894,2.3946,3.0000
141,scouts,15,6.6474,1.2235,3.0000
141,workers,0,-3.0000,-5.0000,3.0000
141,workers,1,7.0000,-5.0000,3.0000
141,workers,2,-3.0000,5.0000,3.0000
141,workers,3,7.0000,5.0000,3.0000
142,general,0,0.0000,0.0000,5.0000
142,nodes,0,-4.1019,-4.0351,3.0000
142,nodes,1,4.1017,-4.0339,3.0000
142,nodes,2,-5.8979,4.0347,3.0000
142,nodes,3,5.8996,4.0343,3.0000
142,scouts,0,-1.0530,-3.6304,3.0000
142,scouts,1,-3.3412,-1.2083,3.0000
142,scouts,2,-6.0056,-2.3763,3.0000
142,scouts,3,-2.9344,-5.1221,3.0000
142,scouts,4,6.0056,-2.3764,3.0000
142,scouts,5,3.3411,-1.2082,3.0000
142,scouts,6,1.0528,-3.6305,3.0000
142,scouts,7,2.9344,-5.1221,3.0000
142,scouts,8,-3.9944,2.3764,3.0000
142,scouts,9,-7.0656,5.1221,3.0000
142,scouts,10,-8.9471,3.6305,3.0000
142,scouts,11,-6.6588,1.2083,3.0000
142,scouts,12,8.9472,3.6303,3.0000
142,scouts,13,7.0656,5.1221,3.0000
142,scouts,14,3.9945,2.3763,3.0000
142,scouts,15,6.6589,1.2081,3.0000
142,workers,0,-3.0000,-5.0000,3.0000
142,workers,1,7.0000,-5.0000,3.0000
142,workers,2,-3.0000,5.0000,3.0000
142,workers,3,7.0000,5.0000,3.0000
143,general,0,0.0000,0.0000,5.0000
143,nodes,0,-4.0958,-4.0286,3.0000
143,nodes,1,4.0956,-4.0275,3.0000
143,nodes,2,-5.9039,4.0282,3.0000
143,nodes,3,5.9057,4.0278,3.0000
143,scouts,0,-1.0368,-3.6208,3.0000
143,scouts,1,-3.3297,-1.1929,3.0000
143,scouts,2,-6.0005,-2.3581,3.0000
143,scouts,3,-2.9201,-5.1113,3.0000
143,scouts,4,6.0005,-2.3582,3.0000
143,scouts,5,3.3296,-1.1928,3.0000
143,scouts,6,1.0366,-3.6209,3.0000
143,scouts,7,2.9201,-5.1113,3.0000
143,scouts,8,-3.9995,2.3582,3.0000
143,scouts,9,-7.0799,5.1113,3.0000
143,scouts,10,-8.9632,3.6208,3.0000
143,scouts,11,-6.6703,1.1929,3.0000
143,scouts,12,8.9634,3.6207,3.0000
143,scouts,13,7.0799,5.1113,3.0000
143,scouts,14,3.9996,2.3581,3.0000
143,scouts,15,6.6704,1.1927,3.0000
143,workers,0,-3.0000,-5.0000,3.0000
143,workers,1,7.0000,-5.0000,3.0000
143,workers,2,-3.0000,5.0000,3.0000
143,workers,3,7.0000,5.0000,3.0000
144,general,0,0.0000,0.0000,5.0000
144,nodes,0,-4.0893,-4.0217,3.0000
144,nodes,1,4.0892,-4.0206,3.0000
144,nodes,2,-5.9104,4.0214,3.0000
144,nodes,3,5.9122,4.0210,3.0000
144,scouts,0,-1.0206,-3.6112,3.0000
144,scouts,1,-3.3182,-1.1776,3.0000
144,scouts,2,-5.9953,-2.3399,3.0000
144,scouts,3,-2.9059,-5.1005,3.0000
144,scouts,4,5.9953,-2.3400,3.0000
144,scouts,5,3.3181,-1.1775,3.0000
144,scouts,6,1.0205,-3.6112,3.0000
144,scouts,7,2.9059,-5.1005,3.0000
144,scouts,8,-4.0047,2.3400,3.0000
144,scouts,9,-7.0941,5.1005,3.0000
144,scouts,10,-8.9794,3.6112,3.0000
144,scouts,11,-6.6818,1.1776,3.0000
144,scouts,12,8.9796,3.6111,3.0000
144,scouts,13,7.0941,5.1005,3.0000
144,scouts,14,4.0048,2.3399,3.0000
144,scouts,15,6.6819,1.1774,3.0000
144,workers,0,-3.0000,-5.0000,3.0000
144,workers,1,7.0000,-5.0000,3.0000
144,workers,2,-3.0000,5.0000,3.0000
144,workers,3,7.0000,5.0000,3.0000
145,general,0,0.0000,0.0000,5.0000
145,nodes,0,-4.0830,-4.0150,3.0000
145,nodes,1,4.0829,-4.0140,3.0000
145,nodes,2,-5.9167,4.0146,3.0000
145,nodes,3,5.9185,4.0143,3.0000
145,scouts,0,-1.0045,-3.6015,3.0000
145,scouts,1,-3.3067,-1.1622,3.0000
145,scouts,2,-5.9901,-2.3218,3.0000
145,scouts,3,-2.8917,-5.0897,3.0000
145,scouts,4,5.9901,-2.3218,3.0000
145,scouts,5,3.3066,-1.1622,3.0000
145,scouts,6,1.0043,-3.6016,3.0000
145,scouts,7,2.8916,-5.0896,3.0000
145,scouts,8,-4.0099,2.3218,3.0000
145,scouts,9,-7.1083,5.0897,3.0000
145,scouts,10,-8.9956,3.6016,3.0000
145,scouts,11,-6.6933,1.1622,3.0000
145,scouts,12,8.9957,3.6014,3.0000
145,scouts,13,7.1083,5.0896,3.0000
145,scouts,14,4.0100,2.3217,3.0000
145,scouts,15,6.6934,1.1620,3.0000
145,workers,0,-3.0000,-5.0000,3.0000
145,workers,1,7.0000,-5.0000,3.0000
145,workers,2,-3.0000,5.0000,3.0000
145,workers,3,7.0000,5.0000,3.0000
146,general,0,0.0000,0.0000,5.0000
146,nodes,0,-4.0766,-4.0082,3.0000
146,nodes,1,4.0766,-4.0071,3.0000
146,nodes,2,-5.9232,4.0079,3.0000
146,nodes,3,5.9248,4.0075,3.0000
146,scouts,0,-0.9883,-3.5919,3.0000
146,scouts,1,-3.2952,-1.1469,3.0000
146,scouts,2,-5.9849,-2.3037,3.0000
146,scouts,3,-2.8775,-5.0788,3.0000
146,scouts,4,5.9848,-2.3037,3.0000
146,scouts,5,3.2951,-1.1469,3.0000
146,scouts,6,0.9882,-3.5920,3.0000
146,scouts,7,2.8774,-5.0788,3.0000
146,scouts,8,-4.0151,2.3037,3.0000
146,scouts,9,-7.1226,5.0788,3.0000
146,scouts,10,-9.0117,3.5920,3.0000
146,scouts,11,-6.7048,1.1469,3.0000
146,scouts,12,9.0119,3.5918,3.0000
146,scouts,13,7.1225,5.0788,3.0000
146,scouts,14,4.0152,2.3036,3.0000
146,scouts,15,6.7049,1.1467,3.0000
146,workers,0,-3.0000,-5.0000,3.0000
146,workers,1,7.0000,-5.0000,3.0000
146,workers,2,-3.0000,5.0000,3.0000
146,workers,3,7.0000,5.0000,3.0000
147,general,0,0.0000,0.0000,5.0000
147,nodes,0,-4.0703,-4.0014,3.0000
147,nodes,1,4.0703,-4.0004,3.0000
147,nodes,2,-5.9295,4.0011,3.0000
147,nodes,3,5.9312,4.0008,3.0000
147,scouts,0,-0.9722,-3.5823,3.0000
147,scouts,1,-3.2837,-1.1317,3.0000
147,scouts,2,-5.9796,-2.2856,3.0000
147,scouts,3,-2.8633,-5.0680,3.0000
147,scouts,4,5.9795,-2.2856,3.0000
147,scouts,5,3.2836,-1.1316,3.0000
147,scouts,6,0.9721,-3.5824,3.0000
147,scouts,7,2.8632,-5.0680,3.0000
147,scouts,8,-4.0204,2.2856,3.0000
147,scouts,9,-7.1367,5.0680,3.0000
147,scouts,10,-9.0278,3.5824,3.0000
147,scouts,11,-6.7163,1.1316,3.0000
147,scouts,12,9.0280,3.5822,3.0000
147,scouts,13,7.1367,5.0680,3.0000
147,scouts,14,4.0205,2.2855,3.0000
147,scouts,15,6.7164,1.1314,3.0000
147,workers,0,-3.0000,-5.0000,3.0000
147,workers,1,7.0000,-5.0000,3.0000
147,workers,2,-3.0000,5.0000,3.0000
147,workers,3,7.0000,5.0000,3.0000
148,general,0,0.0000,0.0000,5.0000
148,nodes,0,-4.0639,-3.9946,3.0000
148,nodes,1,4.0639,-3.9936,3.0000
148,nodes,2,-5.9358,3.9944,3.0000
148,nodes,3,5.9374,3.9940,3.0000
148,scouts,0,-0.9561,-3.5727,3.0000
148,scouts,1,-3.2722,-1.1164,3.0000
148,scouts,2,-5.9742,-2.2675,3.0000
148,scouts,3,-2.8491,-5.0571,3.0000
148,scouts,4,5.9742,-2.2676,3.0000
148,scouts,5,3.2721,-1.1163,3.0000
148,scouts,6,0.9559,-3.5728,3.0000
148,scouts,7,2.8490,-5.0571,3.0000
148,scouts,8,-4.0258,2.2675,3.0000
148,scouts,9,-7.1509,5.0571,3.0000
148,scouts,10,-9.0439,3.5728,3.0000
148,scouts,11,-6.7278,1.1164,3.0000
148,scouts,12,9.0441,3.5726,3.0000
148,scouts,13,7.1509,5.0571,3.0000
148,scouts,14,4.0259,2.2674,3.0000
148,scouts,15,6.7279,1.1162,3.0000
148,workers,0,-3.0000,-5.0000,3.0000
148,workers,1,7.0000,-5.0000,3.0000
148,workers,2,-3.0000,5.0000,3.0000
148,workers,3,7.0000,5.0000,3.0000
149,general,0,0.0000,0.0000,5.0000
149,nodes,0,-4.0576,-3.9879,3.0000
149,nodes,1,4.0576,-3.9869,3.0000
149,nodes,2,-5.9422,3.9875,3.0000
149,nodes,3,5.9438,3.9873,3.0000
149,scouts,0,-0.9400,-3.5631,3.0000
149,scouts,1,-3.2607,-1.1012,3.0000
149,scouts,2,-5.9688,-2.2495,3.0000
149,scouts,3,-2.8349,-5.0463,3.0000
149,scouts,4,5.9688,-2.2495,3.0000
149,scouts,5,3.2606,-1.1011,3.0000
149,scouts,6,0.9399,-3.5632,3.0000
149,scouts,7,2.8349,-5.0462,3.0000
149,scouts,8,-4.0312,2.2495,3.0000
149,scouts,9,-7.1651,5.0462,3.0000
149,scouts,10,-9.0600,3.5632,3.0000
149,scouts,11,-6.7393,1.1012,3.0000
149,scouts,12,9.0602,3.5630,3.0000
149,scouts,13,7.1651,5.0462,3.0000
149,scouts,14,4.0312,2.2494,3.0000
149,scouts,15,6.7394,1.1009,3.0000
149,workers,0,-3.0000,-5.0000,3.0000
149,workers,1,7.0000,-5.0000,3.0000
149,workers,2,-3.0000,5.0000,3.0000
149,workers,3,7.0000,5.0000,3.0000
150,general,0,0.0000,0.0000,5.0000
150,nodes,0,-4.0512,-3.9812,3.0000
150,nodes,1,4.0512,-3.9800,3.0000
150,nodes,2,-5.9485,3.9808,3.0000
150,nodes,3,5.9501,3.9806,3.0000
150,scouts,0,-0.9239,-3.5536,3.0000
150,scouts,1,-3.2492,-1.0859,3.0000
150,scouts,2,-5.9634,-2.2315,3.0000
150,scouts,3,-2.8208,-5.0354,3.0000
150,scouts,4,5.9633,-2.2315,3.0000
150,scouts,5,3.2491,-1.0859,3.0000
150,scouts,6,0.9238,-3.5536,3.0000
150,scouts,7,2.8207,-5.0353,3.0000
150,scouts,8,-4.0366,2.2315,3.0000
150,scouts,9,-7.1793,5.0353,3.0000
150,scouts,10,-9.0761,3.5536,3.0000
150,scouts,11,-6.7508,1.0859,3.0000
150,scouts,12,9.0763,3.5534,3.0000
150,scouts,13,7.1792,5.0353,3.0000
150,scouts,14,4.0367,2.2314,3.0000
150,scouts,15,6.7509,1.0857,3.0000
150,workers,0,-3.0000,-5.0000,3.0000
150,workers,1,7.0000,-5.0000,3.0000
150,workers,2,-3.0000,5.0000,3.0000
150,workers,3,7.0000,5.0000,3.0000
151,general,0,0.0000,0.0000,5.0000
151,nodes,0,-4.0448,-3.9744,3.0000
151,nodes,1,4.0449,-3.9734,3.0000
151,nodes,2,-5.9549,3.9741,3.0000
151,nodes,3,5.9566,3.9738,3.0000
151,scouts,0,-0.9079,-3.5440,3.0000
151,scouts,1,-3.2378,-1.0707,3.0000
151,scouts,2,-5.9579,-2.2135,3.0000
151,scouts,3,-2.8066,-5.0245,3.0000
151,scouts,4,5.9579,-2.2136,3.0000
151,scouts,5,3.2376,-1.0707,3.0000
151,scouts,6,0.9077,-3.5441,3.0000
151,scouts,7,2.8066,-5.0244,3.0000
151,scouts,8,-4.0421,2.2136,3.0000
151,scouts,9,-7.1934,5.0244,3.0000
151,scouts,10,-9.0921,3.5440,3.0000
151,scouts,11,-6.7623,1.0707,3.0000
151,scouts,12,9.0923,3.5439,3.0000
151,scouts,13,7.1934,5.0244,3.0000
151,scouts,14,4.0422,2.2135,3.0000
151,scouts,15,6.7623,1.0705,3.0000
151,workers,0,-3.0000,-5.0000,3.0000
151,workers,1,7.0000,-5.0000,3.0000
151,workers,2,-3.0000,5.0000,3.0000
151,workers,3,7.0000,5.0000,3.0000
152,general,0,0.0000,0.0000,5.0000
152,nodes,0,-4.0385,-3.9677,3.0000
152,nodes,1,4.0385,-3.9666,3.0000
152,nodes,2,-5.9612,3.9674,3.0000
152,nodes,3,5.9630,3.9670,3.0000
152,scouts,0,-0.8918,-3.5344,3.0000
152,scouts,1,-3.2263,-1.0556,3.0000
152,scouts,2,-5.9524,-2.1956,3.0000
152,scouts,3,-2.7925,-5.0135,3.0000
152,scouts,4,5.9523,-2.1957,3.0000
152,scouts,5,3.2261,-1.0555,3.0000
152,scouts,6,0.8917,-3.5345,3.0000
152,scouts,7,2.7924,-5.0135,3.0000
152,scouts,8,-4.0476,2.1957,3.0000
152,scouts,9,-7.2075,5.0135,3.0000
152,scouts,10,-9.1082,3.5345,3.0000
152,scouts,11,-6.7738,1.0556,3.0000
152,scouts,12,9.1084,3.5343,3.0000
152,scouts,13,7.2075,5.0135,3.0000
152,scouts,14,4.0477,2.1956,3.0000
152,scouts,15,6.7738,1.0553,3.0000
152,workers,0,-3.0000,-5.0000,3.0000
152,workers,1,7.0000,-5.0000,3.0000
152,workers,2,-3.0000,5.0000,3.0000
152,workers,3,7.0000,5.0000,3.0000
153,general,0,0.0000,0.0000,5.0000
153,nodes,0,-4.0322,-3.9609,3.0000
153,nodes,1,4.0322,-3.9599,3.0000
153,nodes,2,-5.9676,3.9606,3.0000
153,nodes,3,5.9692,3.9603,3.0000
153,scouts,0,-0.8758,-3.5249,3.0000
153,scouts,1,-3.2148,-1.0404,3.0000
153,scouts,2,-5.9468,-2.1778,3.0000
153,scouts,3,-2.7784,-5.0026,3.0000
153,scouts,4,5.9467,-2.1778,3.0000
153,scouts,5,3.2146,-1.0403,3.0000
153,scouts,6,0.8756,-3.5249,3.0000
153,scouts,7,2.7783,-5.0026,3.0000
153,scouts,8,-4.0532,2.1778,3.0000
153,scouts,9,-7.2216,5.0026,3.0000
153,scouts,10,-9.1242,3.5249,3.0000
153,scouts,11,-6.7853,1.0404,3.0000
153,scouts,12,9.1244,3.5248,3.0000
153,scouts,13,7.2216,5.0026,3.0000
153,scouts,14,4.0533,2.1777,3.0000
153,scouts,15,6.7853,1.0402,3.0000
153,workers,0,-3.0000,-5.0000,3.0000
153,workers,1,7.0000,-5.0000,3.0000
153,workers,2,-3.0000,5.0000,3.0000
153,workers,3,7.0000,5.0000,3.0000
154,general,0,0.0000,0.0000,5.0000
154,nodes,0,-4.0259,-3.9541,3.0000
154,nodes,1,4.0259,-3.9533,3.0000
154,nodes,2,-5.9739,3.9539,3.0000
154,nodes,3,5.9756,3.9536,3.0000
154,scouts,0,-0.8598,-3.5154,3.0000
154,scouts,1,-3.2033,-1.0253,3.0000
154,scouts,2,-5.9411,-2.1599,3.0000
154,scouts,3,-2.7643,-4.9917,3.0000
154,scouts,4,5.9411,-2.1600,3.0000
154,scouts,5,3.2031,-1.0252,3.0000
154,scouts,6,0.8596,-3.5154,3.0000
154,scouts,7,2.7642,-4.9916,3.0000
154,scouts,8,-4.0589,2.1600,3.0000
154,scouts,9,-7.2357,4.9916,3.0000
154,scouts,10,-9.1402,3.5154,3.0000
154,scouts,11,-6.7968,1.0253,3.0000
154,scouts,12,9.1404,3.5152,3.0000
154,scouts,13,7.2357,4.9916,3.0000
154,scouts,14,4.0589,2.1598,3.0000
154,scouts,15,6.7968,1.0251,3.0000
154,workers,0,-3.0000,-5.0000,3.0000
154,workers,1,7.0000,-5.0000,3.0000
154,workers,2,-3.0000,5.0000,3.0000
154,workers,3,7.0000,5.0000,3.0000
155,general,0,0.0000,0.0000,5.0000
155,nodes,0,-4.0195,-3.9474,3.0000
155,nodes,1,4.0195,-3.9465,3.0000
155,nodes,2,-5.9802,3.9472,3.0000
155,nodes,3,5.9820,3.9469,3.0000
155,scouts,0,-0.8438,-3.5058,3.0000
155,scouts,1,-3.1918,-1.0102,3.0000
155,scouts,2,-5.9354,-2.1421,3.0000
155,scouts,3,-2.7502,-4.9807,3.0000
155,scouts,4,5.9354,-2.1422,3.0000
155,scouts,5,3.1916,-1.0101,3.0000
155,scouts,6,0.8436,-3.5059,3.0000
155,scouts,7,2.7501,-4.9807,3.0000
155,scouts,8,-4.0646,2.1422,3.0000
155,scouts,9,-7.2498,4.9807,3.0000
155,scouts,10,-9.1562,3.5059,3.0000
155,scouts,11,-6.8082,1.0102,3.0000
155,scouts,12,9.1564,3.5057,3.0000
155,scouts,13,7.2498,4.9806,3.0000
155,scouts,14,4.0646,2.1420,3.0000
155,scouts,15,6.8083,1.0100,3.0000
155,workers,0,-3.0000,-5.0000,3.0000
155,workers,1,7.0000,-5.0000,3.0000
155,workers,2,-3.0000,5.0000,3.0000
155,workers,3,7.0000,5.0000,3.0000
156,general,0,0.0000,0.0000,5.0000
156,nodes,0,-4.0131,-3.9407,3.0000
156,nodes,1,4.0131,-3.9399,3.0000
156,nodes,2,-5.9866,3.9405,3.0000
156,nodes,3,5.9884,3.9401,3.0000
156,scouts,0,-0.8278,-3.4963,3.0000
156,scouts,1,-3.1803,-0.9951,3.0000
156,scouts,2,-5.9297,-2.1244,3.0000
156,scouts,3,-2.7361,-4.9697,3.0000
156,scouts,4,5.9297,-2.1244,3.0000
156,scouts,5,3.1801,-0.9950,3.0000
156,scouts,6,0.8276,-3.4964,3.0000
156,scouts,7,2.7361,-4.9697,3.0000
156,scouts,8,-4.0703,2.1244,3.0000
156,scouts,9,-7.2639,4.9697,3.0000
156,scouts,10,-9.1722,3.4964,3.0000
156,scouts,11,-6.8197,0.9951,3.0000
156,scouts,12,9.1724,3.4962,3.0000
156,scouts,13,7.2639,4.9697,3.0000
156,scouts,14,4.0704,2.1243,3.0000
156,scouts,15,6.8198,0.9949,3.0000
156,workers,0,-3.0000,-5.0000,3.0000
156,workers,1,7.0000,-5.0000,3.0000
156,workers,2,-3.0000,5.0000,3.0000
156,workers,3,7.0000,5.0000,3.0000
157,general,0,0.0000,0.0000,5.0000
157,nodes,0,-4.0068,-3.9340,3.0000
157,nodes,1,4.0067,-3.9332,3.0000
157,nodes,2,-5.9930,3.9337,3.0000
157,nodes,3,5.9948,3.9334,3.0000
157,scouts,0,-0.8118,-3.4868,3.0000
157,scouts,1,-3.1688,-0.9801,3.0000
157,scouts,2,-5.9239,-2.1066,3.0000
157,scouts,3,-2.7221,-4.9587,3.0000
157,scouts,4,5.9239,-2.1067,3.0000
157,scouts,5,3.1686,-0.9800,3.0000
157,scouts,6,0.8116,-3.4868,3.0000
157,scouts,7,2.7220,-4.9587,3.0000
157,scouts,8,-4.0761,2.1067,3.0000
157,scouts,9,-7.2780,4.9587,3.0000
157,scouts,10,-9.1882,3.4868,3.0000
157,scouts,11,-6.8312,0.9801,3.0000
157,scouts,12,9.1884,3.4866,3.0000
157,scouts,13,7.2779,4.9587,3.0000
157,scouts,14,4.0762,2.1065,3.0000
157,scouts,15,6.8313,0.9798,3.0000
157,workers,0,-3.0000,-5.0000,3.0000
157,workers,1,7.0000,-5.0000,3.0000
157,workers,2,-3.0000,5.0000,3.0000
157,workers,3,7.0000,5.0000,3.0000
158,general,0,0.0000,0.0000,5.0000
158,nodes,0,-4.0003,-3.9272,3.0000
158,nodes,1,4.0004,-3.9264,3.0000
158,nodes,2,-5.9993,3.9270,3.0000
158,nodes,3,6.0011,3.9267,3.0000
158,scouts,0,-0.7959,-3.4773,3.0000
158,scouts,1,-3.1573,-0.9650,3.0000
158,scouts,2,-5.9181,-2.0889,3.0000
158,scouts,3,-2.7080,-4.9477,3.0000
158,scouts,4,5.9180,-2.0890,3.0000
158,scouts,5,3.1572,-0.9649,3.0000
158,scouts,6,0.7957,-3.4773,3.0000
158,scouts,7,2.7080,-4.9477,3.0000
158,scouts,8,-4.0819,2.0890,3.0000
158,scouts,9,-7.2920,4.9477,3.0000
158,scouts,10,-9.2042,3.4773,3.0000
158,scouts,11,-6.8427,0.9650,3.0000
158,scouts,12,9.2044,3.4771,3.0000
158,scouts,13,7.2920,4.9477,3.0000
158,scouts,14,4.0820,2.0889,3.0000
158,scouts,15,6.8428,0.9648,3.0000
158,workers,0,-3.0000,-5.0000,3.0000
158,workers,1,7.0000,-5.0000,3.0000
158,workers,2,-3.0000,5.0000,3.0000
158,workers,3,7.0000,5.0000,3.0000
159,general,0,0.0000,0.0000,5.0000
159,nodes,0,-3.9941,-3.9205,3.0000
159,nodes,1,3.9940,-3.9197,3.0000
159,nodes,2,-6.0057,3.9203,3.0000
159,nodes,3,6.0074,3.9200,3.0000
159,scouts,0,-0.7799,-3.4678,3.0000
159,scouts,1,-3.1459,-0.9500,3.0000
159,scouts,2,-5.9121,-2.0713,3.0000
159,scouts,3,-2.6940,-4.9367,3.0000
159,scouts,4,5.9121,-2.0714,3.0000
159,scouts,5,3.1457,-0.9499,3.0000
159,scouts,6,0.7797,-3.4678,3.0000
159,scouts,7,2.6939,-4.9367,3.0000
159,scouts,8,-4.0878,2.0714,3.0000
159,scouts,9,-7.3060,4.9367,3.0000
159,scouts,10,-9.2201,3.4678,3.0000
159,scouts,11,-6.8542,0.9500,3.0000
159,scouts,12,9.2203,3.4676,3.0000
159,scouts,13,7.3060,4.9367,3.0000
159,scouts,14,4.0879,2.0712,3.0000
159,scouts,15,6.8543,0.9498,3.0000
159,workers,0,-3.0000,-5.0000,3.0000
159,workers,1,7.0000,-5.0000,3.0000
159,workers,2,-3.0000,5.0000,3.0000
159,workers,3,7.0000,5.0000,3.0000
160,general,0,0.0000,0.0000,5.0000
160,nodes,0,-3.9877,-3.9138,3.0000
160,nodes,1,3.9877,-3.9130,3.0000
160,nodes,2,-6.0121,3.9136,3.0000
160,nodes,3,6.0138,3.9132,3.0000
160,scouts,0,-0.7640,-3.4583,3.0000
160,scouts,1,-3.1344,-0.9350,3.0000
160,scouts,2,-5.9062,-2.0537,3.0000
160,scouts,3,-2.6800,-4.9257,3.0000
160,scouts,4,5.9061,-2.0538,3.0000
160,scouts,5,3.1342,-0.9349,3.0000
160,scouts,6,0.7638,-3.4584,3.0000
160,scouts,7,2.6799,-4.9256,3.0000
160,scouts,8,-4.0938,2.0538,3.0000
160,scouts,9,-7.3201,4.9256,3.0000
160,scouts,10,-9.2361,3.4584,3.0000
160,scouts,11,-6.8657,0.9350,3.0000
160,scouts,12,9.2363,3.4582,3.0000
160,scouts,13,7.3200,4.9256,3.0000
160,scouts,14,4.0939,2.0536,3.0000
160,scouts,15,6.8657,0.9348,3.0000
160,workers,0,-3.0000,-5.0000,3.0000
160,workers,1,7.0000,-5.0000,3.0000
160,workers,2,-3.0000,5.0000,3.0000
160,workers,3,7.0000,5.0000,3.0000
161,general,0,0.0000,0.0000,5.0000
161,nodes,0,-3.9814,-3.9072,3.0000
161,nodes,1,3.9813,-3.9063,3.0000
161,nodes,2,-6.0184,3.9069,3.0000
161,nodes,3,6.0202,3.9066,3.0000
161,scouts,0,-0.7480,-3.4488,3.0000
161,scouts,1,-3.1229,-0.9200,3.0000
161,scouts,2,-5.9002,-2.0362,3.0000
161,scouts,3,-2.6660,-4.9146,3.0000
161,scouts,4,5.9001,-2.0362,3.0000
161,scouts,5,3.1227,-0.9200,3.0000
161,scouts,6,0.7479,-3.4489,3.0000
161,scouts,7,2.6659,-4.9146,3.0000
161,scouts,8,-4.0998,2.0362,3.0000
161,scouts,9,-7.3341,4.9146,3.0000
161,scouts,10,-9.2520,3.4489,3.0000
161,scouts,11,-6.8772,0.9200,3.0000
161,scouts,12,9.2522,3.4487,3.0000
161,scouts,13,7.3340,4.9146,3.0000
161,scouts,14,4.0999,2.0361,3.0000
161,scouts,15,6.8772,0.9198,3.0000
161,workers,0,-3.0000,-5.0000,3.0000
161,workers,1,7.0000,-5.0000,3.0000
161,workers,2,-3.0000,5.0000,3.0000
161,workers,3,7.0000,5.0000,3.0000
162,general,0,0.0000,0.0000,5.0000
162,nodes,0,-3.9750,-3.9005,3.0000
162,nodes,1,3.9749,-3.8996,3.0000
162,nodes,2,-6.0248,3.9002,3.0000
162,nodes,3,6.0266,3.8998,3.0000
162,scouts,0,-0.7321,-3.4394,3.0000
162,scouts,1,-3.1114,-0.9051,3.0000
162,scouts,2,-5.8941,-2.0186,3.0000
162,scouts,3,-2.6520,-4.9036,3.0000
162,scouts,4,5.8941,-2.0187,3.0000
162,scouts,5,3.1112,-0.9050,3.0000
162,scouts,6,0.7319,-3.4394,3.0000
162,scouts,7,2.6519,-4.9035,3.0000
162,scouts,8,-4.1059,2.0187,3.0000
162,scouts,9,-7.3480,4.9035,3.0000
162,scouts,10,-9.2679,3.4394,3.0000
162,scouts,11,-6.8887,0.9051,3.0000
162,scouts,12,9.2681,3.4392,3.0000
162,scouts,13,7.3480,4.9035,3.0000
162,scouts,14,4.1060,2.0185,3.0000
162,scouts,15,6.8887,0.9048,3.0000
162,workers,0,-3.0000,-5.0000,3.0000
162,workers,1,7.0000,-5.0000,3.0000
162,workers,2,-3.0000,5.0000,3.0000
162,workers,3,7.0000,5.0000,3.0000
163,general,0,0.0000,0.0000,5.0000
163,nodes,0,-3.9687,-3.8938,3.0000
163,nodes,1,3.9685,-3.8930,3.0000
163,nodes,2,-6.0311,3.8936,3.0000
163,nodes,3,6.0329,3.8932,3.0000
163,scouts,0,-0.7162,-3.4299,3.0000
163,scouts,1,-3.0999,-0.8902,3.0000
163,scouts,2,-5.8880,-2.0012,3.0000
163,scouts,3,-2.6380,-4.8925,3.0000
163,scouts,4,5.8879,-2.0012,3.0000
163,scouts,5,3.0997,-0.8901,3.0000
163,scouts,6,0.7160,-3.4300,3.0000
163,scouts,7,2.6380,-4.8924,3.0000
163,scouts,8,-4.1120,2.0012,3.0000
163,scouts,9,-7.3620,4.8925,3.0000
163,scouts,10,-9.2838,3.4300,3.0000
163,scouts,11,-6.9002,0.8902,3.0000
163,scouts,12,9.2840,3.4298,3.0000
163,scouts,13,7.3620,4.8924,3.0000
163,scouts,14,4.1121,2.0011,3.0000
163,scouts,15,6.9002,0.8899,3.0000
163,workers,0,-3.0000,-5.0000,3.0000
163,workers,1,7.0000,-5.0000,3.0000
163,workers,2,-3.0000,5.0000,3.0000
163,workers,3,7.0000,5.0000,3.0000
164,general,0,0.0000,0.0000,5.0000
164,nodes,0,-3.9623,-3.8871,3.0000
164,nodes,1,3.9621,-3.8862,3.0000
164,nodes,2,-6.0375,3.8868,3.0000
164,nodes,3,6.0393,3.8865,3.0000
164,scouts,0,-0.7003,-3.4205,3.0000
164,scouts,1,-3.0884,-0.8753,3.0000
164,scouts,2,-5.8818,-1.9838,3.0000
164,scouts,3,-2.6240,-4.8814,3.0000
164,scouts,4,5.8817,-1.9838,3.0000
164,scouts,5,3.0882,-0.8752,3.0000
164,scouts,6,0.7001,-3.4205,3.0000
164,scouts,7,2.6240,-4.8814,3.0000
164,scouts,8,-4.1182,1.9838,3.0000
164,scouts,9,-7.3760,4.8814,3.0000
164,scouts,10,-9.2997,3.4205,3.0000
164,scouts,11,-6.9117,0.8753,3.0000
164,scouts,12,9.2999,3.4203,3.0000
164,scouts,13,7.3760,4.8813,3.0000
164,scouts,14,4.1183,1.9837,3.0000
164,scouts,15,6.9117,0.8750,3.0000
164,workers,0,-3.0000,-5.0000,3.0000
164,workers,1,7.0000,-5.0000,3.0000
164,workers,2,-3.0000,5.0000,3.0000
164,workers,3,7.0000,5.0000,3.0000
165,general,0,0.0000,0.0000,5.0000
165,nodes,0,-3.9559,-3.8805,3.0000
165,nodes,1,3.9557,-3.8796,3.0000
165,nodes,2,-6.0439,3.8801,3.0000
165,nodes,3,6.0457,3.8798,3.0000
165,scouts,0,-0.6845,-3.4110,3.0000
165,scouts,1,-3.0769,-0.8604,3.0000
165,scouts,2,-5.8755,-1.9664,3.0000
165,scouts,3,-2.6101,-4.8703,3.0000
165,scouts,4,5.8755,-1.9664,3.0000
165,scouts,5,3.0767,-0.8603,3.0000
165,scouts,6,0.6843,-3.4111,3.0000
165,scouts,7,2.6101,-4.8702,3.0000
165,scouts,8,-4.1245,1.9664,3.0000
165,scouts,9,-7.3899,4.8703,3.0000
165,scouts,10,-9.3156,3.4111,3.0000
165,scouts,11,-6.9232,0.8604,3.0000
165,scouts,12,9.3158,3.4109,3.0000
165,scouts,13,7.3899,4.8702,3.0000
165,scouts,14,4.1246,1.9663,3.0000
165,scouts,15,6.9232,0.8601,3.0000
165,workers,0,-3.0000,-5.0000,3.0000
165,workers,1,7.0000,-5.0000,3.0000
165,workers,2,-3.0000,5.0000,3.0000
165,workers,3,7.0000,5.0000,3.0000
166,general,0,0.0000,0.0000,5.0000
166,nodes,0,-3.9496,-3.8738,3.0000
166,nodes,1,3.9494,-3.8729,3.0000
166,nodes,2,-6.0502,3.8735,3.0000
166,nodes,3,6.0519,3.8731,3.0000
166,scouts,0,-0.6686,-3.4016,3.0000
166,scouts,1,-3.0654,-0.8455,3.0000
166,scouts,2,-5.8692,-1.9490,3.0000
166,scouts,3,-2.5962,-4.8592,3.0000
166,scouts,4,5.8691,-1.9491,3.0000
166,scouts,5,3.0652,-0.8454,3.0000
166,scouts,6,0.6684,-3.4017,3.0000
166,scouts,7,2.5961,-4.8591,3.0000
166,scouts,8,-4.1308,1.9491,3.0000
166,scouts,9,-7.4038,4.8591,3.0000
166,scouts,10,-9.3315,3.4017,3.0000
166,scouts,11,-6.9347,0.8455,3.0000
166,scouts,12,9.3316,3.4014,3.0000
166,scouts,13,7.4038,4.8591,3.0000
166,scouts,14,4.1309,1.9489,3.0000
166,scouts,15,6.9347,0.8453,3.0000
166,workers,0,-3.0000,-5.0000,3.0000
166,workers,1,7.0000,-5.0000,3.0000
166,workers,2,-3.0000,5.0000,3.0000
166,workers,3,7.0000,5.0000,3.0000
167,general,0,0.0000,0.0000,5.0000
167,nodes,0,-3.9432,-3.8671,3.0000
167,nodes,1,3.9430,-3.8661,3.0000
167,nodes,2,-6.0567,3.8668,3.0000
167,nodes,3,6.0584,3.8665,3.0000
167,scouts,0,-0.6527,-3.3922,3.0000
167,scouts,1,-3.0539,-0.8307,3.0000
167,scouts,2,-5.8628,-1.9318,3.0000
167,scouts,3,-2.5823,-4.8480,3.0000
167,scouts,4,5.8628,-1.9318,3.0000
167,scouts,5,3.0537,-0.8306,3.0000
167,scouts,6,0.6525,-3.3922,3.0000
167,scouts,7,2.5822,-4.8480,3.0000
167,scouts,8,-4.1372,1.9318,3.0000
167,scouts,9,-7.4178,4.8480,3.0000
167,scouts,10,-9.3473,3.3922,3.0000
167,scouts,11,-6.9462,0.8307,3.0000
167,scouts,12,9.3475,3.3920,3.0000
167,scouts,13,7.4177,4.8480,3.0000
167,scouts,14,4.1373,1.9317,3.0000
167,scouts,15,6.9462,0.8304,3.0000
167,workers,0,-3.0000,-5.0000,3.0000
167,workers,1,7.0000,-5.0000,3.0000
167,workers,2,-3.0000,5.0000,3.0000
167,workers,3,7.0000,5.0000,3.0000
168,general,0,0.0000,0.0000,5.0000
168,nodes,0,-3.9368,-3.8604,3.0000
168,nodes,1,3.9367,-3.8595,3.0000
168,nodes,2,-6.0630,3.8602,3.0000
168,nodes,3,6.0648,3.8598,3.0000
168,scouts,0,-0.6369,-3.3828,3.0000
168,scouts,1,-3.0424,-0.8159,3.0000
168,scouts,2,-5.8563,-1.9145,3.0000
168,scouts,3,-2.5684,-4.8369,3.0000
168,scouts,4,5.8563,-1.9146,3.0000
168,scouts,5,3.0422,-0.8158,3.0000
168,scouts,6,0.6367,-3.3828,3.0000
168,scouts,7,2.5683,-4.8368,3.0000
168,scouts,8,-4.1437,1.9146,3.0000
168,scouts,9,-7.4317,4.8369,3.0000
168,scouts,10,-9.3631,3.3828,3.0000
168,scouts,11,-6.9577,0.8159,3.0000
168,scouts,12,9.3633,3.3826,3.0000
168,scouts,13,7.4316,4.8368,3.0000
168,scouts,14,4.1437,1.9144,3.0000
168,scouts,15,6.9577,0.8156,3.0000
168,workers,0,-3.0000,-5.0000,3.0000
168,workers,1,7.0000,-5.0000,3.0000
168,workers,2,-3.0000,5.0000,3.0000
168,workers,3,7.0000,5.0000,3.0000
169,general,0,0.0000,0.0000,5.0000
169,nodes,0,-3.9304,-3.8538,3.0000
169,nodes,1,3.9303,-3.8528,3.0000
169,nodes,2,-6.0695,3.8535,3.0000
169,nodes,3,6.0711,3.8531,3.0000
169,scouts,0,-0.6211,-3.3734,3.0000
169,scouts,1,-3.0309,-0.8011,3.0000
169,scouts,2,-5.8498,-1.8974,3.0000
169,scouts,3,-2.5545,-4.8257,3.0000
169,scouts,4,5.8498,-1.8974,3.0000
169,scouts,5,3.0307,-0.8010,3.0000
169,scouts,6,0.6209,-3.3734,3.0000
169,scouts,7,2.5544,-4.8257,3.0000
169,scouts,8,-4.1502,1.8974,3.0000
169,scouts,9,-7.4456,4.8257,3.0000
169,scouts,10,-9.3790,3.3734,3.0000
169,scouts,11,-6.9692,0.8011,3.0000
169,scouts,12,9.3792,3.3732,3.0000
169,scouts,13,7.4455,4.8257,3.0000
169,scouts,14,4.1502,1.8972,3.0000
169,scouts,15,6.9692,0.8008,3.0000
169,workers,0,-3.0000,-5.0000,3.0000
169,workers,1,7.0000,-5.0000,3.0000
169,workers,2,-3.0000,5.0000,3.0000
169,workers,3,7.0000,5.0000,3.0000
170,general,0,0.0000,0.0000,5.0000
170,nodes,0,-3.9241,-3.8471,3.0000
170,nodes,1,3.9238,-3.8462,3.0000
170,nodes,2,-6.0759,3.8468,3.0000
170,nodes,3,6.0776,3.8464,3.0000
170,scouts,0,-0.6052,-3.3640,3.0000
170,scouts,1,-3.0194,-0.7864,3.0000
170,scouts,2,-5.8432,-1.8802,3.0000
170,scouts,3,-2.5406,-4.8145,3.0000
170,scouts,4,5.8432,-1.8803,3.0000
170,scouts,5,3.0192,-0.7863,3.0000
170,scouts,6,0.6050,-3.3640,3.0000
170,scouts,7,2.5406,-4.8145,3.0000
170,scouts,8,-4.1567,1.8803,3.0000
170,scouts,9,-7.4594,4.8145,3.0000
170,scouts,10,-9.3948,3.3641,3.0000
170,scouts,11,-6.9807,0.7864,3.0000
170,scouts,12,9.3950,3.3638,3.0000
170,scouts,13,7.4594,4.8145,3.0000
170,scouts,14,4.1568,1.8801,3.0000
170,scouts,15,6.9807,0.7861,3.0000
170,workers,0,-3.0000,-5.0000,3.0000
170,workers,1,7.0000,-5.0000,3.0000
170,workers,2,-3.0000,5.0000,3.0000
170,workers,3,7.0000,5.0000,3.0000
171,general,0,0.0000,0.0000,5.0000
171,nodes,0,-3.9176,-3.8405,3.0000
171,nodes,1,3.9174,-3.8395,3.0000
171,nodes,2,-6.0823,3.8402,3.0000
171,nodes,3,6.0840,3.8399,3.0000
171,scouts,0,-0.5894,-3.3546,3.0000
171,scouts,1,-3.0079,-0.7716,3.0000
171,scouts,2,-5.8366,-1.8631,3.0000
171,scouts,3,-2.5267,-4.8033,3.0000
171,scouts,4,5.8366,-1.8632,3.0000
171,scouts,5,3.0077,-0.7715,3.0000
171,scouts,6,0.5892,-3.3547,3.0000
171,scouts,7,2.5267,-4.8033,3.0000
171,scouts,8,-4.1634,1.8632,3.0000
171,scouts,9,-7.4733,4.8033,3.0000
171,scouts,10,-9.4106,3.3547,3.0000
171,scouts,11,-6.9922,0.7716,3.0000
171,scouts,12,9.4108,3.3544,3.0000
171,scouts,13,7.4733,4.8033,3.0000
171,scouts,14,4.1635,1.8630,3.0000
171,scouts,15,6.9922,0.7713,3.0000
171,workers,0,-3.0000,-5.0000,3.0000
171,workers,1,7.0000,-5.0000,3.0000
171,workers,2,-3.0000,5.0000,3.0000
171,workers,3,7.0000,5.0000,3.0000
172,general,0,0.0000,0.0000,5.0000
172,nodes,0,-3.9112,-3.8339,3.0000
172,nodes,1,3.9111,-3.8329,3.0000
172,nodes,2,-6.0887,3.8335,3.0000
172,nodes,3,6.0904,3.8331,3.0000
172,scouts,0,-0.5736,-3.3452,3.0000
172,scouts,1,-2.9964,-0.7569,3.0000
172,scouts,2,-5.8299,-1.8461,3.0000
172,scouts,3,-2.5129,-4.7921,3.0000
172,scouts,4,5.8298,-1.8462,3.0000
172,scouts,5,2.9961,-0.7568,3.0000
172,scouts,6,0.5734,-3.3453,3.0000
172,scouts,7,2.5129,-4.7921,3.0000
172,scouts,8,-4.1701,1.8462,3.0000
172,scouts,9,-7.4871,4.7921,3.0000
172,scouts,10,-9.4264,3.3453,3.0000
172,scouts,11,-7.0037,0.7569,3.0000
172,scouts,12,9.4266,3.3451,3.0000
172,scouts,13,7.4871,4.7921,3.0000
172,scouts,14,4.1702,1.8460,3.0000
172,scouts,15,7.0038,0.7566,3.0000
172,workers,0,-3.0000,-5.0000,3.0000
172,workers,1,7.0000,-5.0000,3.0000
172,workers,2,-3.0000,5.0000,3.0000
172,workers,3,7.0000,5.0000,3.0000
173,general,0,0.0000,0.0000,5.0000
173,nodes,0,-3.9048,-3.8272,3.0000
173,nodes,1,3.9046,-3.8262,3.0000
173,nodes,2,-6.0952,3.8268,3.0000
173,nodes,3,6.0968,3.8266,3.0000
173,scouts,0,-0.5578,-3.3359,3.0000
173,scouts,1,-2.9848,-0.7422,3.0000
173,scouts,2,-5.8231,-1.8292,3.0000
173,scouts,3,-2.4991,-4.7809,3.0000
173,scouts,4,5.8231,-1.8292,3.0000
173,scouts,5,2.9846,-0.7421,3.0000
173,scouts,6,0.5576,-3.3359,3.0000
173,scouts,7,2.4990,-4.7809,3.0000
173,scouts,8,-4.1769,1.8292,3.0000
173,scouts,9,-7.5010,4.7809,3.0000
173,scouts,10,-9.4422,3.3359,3.0000
173,scouts,11,-7.0152,0.7422,3.0000
173,scouts,12,9.4424,3.3357,3.0000
173,scouts,13,7.5009,4.7809,3.0000
173,scouts,14,4.1770,1.8290,3.0000
173,scouts,15,7.0153,0.7419,3.0000
173,workers,0,-3.0000,-5.0000,3.0000
173,workers,1,7.0000,-5.0000,3.0000
173,workers,2,-3.0000,5.0000,3.0000
173,workers,3,7.0000,5.0000,3.0000
174,general,0,0.0000,0.0000,5.0000
174,nodes,0,-3.8984,-3.8206,3.0000
174,nodes,1,3.8982,-3.8195,3.0000
174,nodes,2,-6.1016,3.8202,3.0000
174,nodes,3,6.1032,3.8199,3.0000
174,scouts,0,-0.5421,-3.3265,3.0000
174,scouts,1,-2.9733,-0.7275,3.0000
174,scouts,2,-5.8162,-1.8122,3.0000
174,scouts,3,-2.4853,-4.7697,3.0000
174,scouts,4,5.8162,-1.8123,3.0000
174,scouts,5,2.9731,-0.7274,3.0000
174,scouts,6,0.5419,-3.3266,3.0000
174,scouts,7,2.4852,-4.7696,3.0000
174,scouts,8,-4.1838,1.8123,3.0000
174,scouts,9,-7.5148,4.7696,3.0000
174,scouts,10,-9.4580,3.3266,3.0000
174,scouts,11,-7.0267,0.7275,3.0000
174,scouts,12,9.4582,3.3263,3.0000
174,scouts,13,7.5148,4.7696,3.0000
174,scouts,14,4.1838,1.8121,3.0000
174,scouts,15,7.0268,0.7272,3.0000
174,workers,0,-3.0000,-5.0000,3.0000
174,workers,1,7.0000,-5.0000,3.0000
174,workers,2,-3.0000,5.0000,3.0000
174,workers,3,7.0000,5.0000,3.0000
175,general,0,0.0000,0.0000,5.0000
175,nodes,0,-3.8920,-3.8140,3.0000
175,nodes,1,3.8917,-3.8129,3.0000
175,nodes,2,-6.1081,3.8135,3.0000
175,nodes,3,6.1096,3.8134,3.0000
175,scouts,0,-0.5263,-3.3172,3.0000
175,scouts,1,-2.9618,-0.7129,3.0000
175,scouts,2,-5.8093,-1.7954,3.0000
175,scouts,3,-2.4715,-4.7584,3.0000
175,scouts,4,5.8093,-1.7954,3.0000
175,scouts,5,2.9616,-0.7128,3.0000
175,scouts,6,0.5261,-3.3172,3.0000
175,scouts,7,2.4714,-4.7584,3.0000
175,scouts,8,-4.1907,1.7954,3.0000
175,scouts,9,-7.5286,4.7584,3.0000
175,scouts,10,-9.4737,3.3172,3.0000
175,scouts,11,-7.0383,0.7129,3.0000
175,scouts,12,9.4739,3.3170,3.0000
175,scouts,13,7.5286,4.7584,3.0000
175,scouts,14,4.1908,1.7953,3.0000
175,scouts,15,7.0383,0.7126,3.0000
175,workers,0,-3.0000,-5.0000,3.0000
175,workers,1,7.0000,-5.0000,3.0000
175,workers,2,-3.0000,5.0000,3.0000
175,workers,3,7.0000,5.0000,3.0000
176,general,0,0.0000,0.0000,5.0000
176,nodes,0,-3.8856,-3.8074,3.0000
176,nodes,1,3.8853,-3.8062,3.0000
176,nodes,2,-6.1144,3.8069,3.0000
176,nodes,3,6.1161,3.8067,3.0000
176,scouts,0,-0.5105,-3.3079,3.0000
176,scouts,1,-2.9503,-0.6983,3.0000
176,scouts,2,-5.8023,-1.7786,3.0000
176,scouts,3,-2.4577,-4.7471,3.0000
176,scouts,4,5.8023,-1.7786,3.0000
176,scouts,5,2.9501,-0.6981,3.0000
176,scouts,6,0.5103,-3.3079,3.0000
176,scouts,7,2.4576,-4.7471,3.0000
176,scouts,8,-4.1977,1.7786,3.0000
176,scouts,9,-7.5423,4.7471,3.0000
176,scouts,10,-9.4895,3.3079,3.0000
176,scouts,11,-7.0498,0.6983,3.0000
176,scouts,12,9.4897,3.3077,3.0000
176,scouts,13,7.5423,4.7471,3.0000
176,scouts,14,4.1978,1.7785,3.0000
176,scouts,15,7.0499,0.6980,3.0000
176,workers,0,-3.0000,-5.0000,3.0000
176,workers,1,7.0000,-5.0000,3.0000
176,workers,2,-3.0000,5.0000,3.0000
176,workers,3,7.0000,5.0000,3.0000
177,general,0,0.0000,0.0000,5.0000
177,nodes,0,-3.8791,-3.8008,3.0000
177,nodes,1,3.8788,-3.7997,3.0000
177,nodes,2,-6.1209,3.8003,3.0000
177,nodes,3,6.1225,3.8001,3.0000
177,scouts,0,-0.4948,-3.2985,3.0000
177,scouts,1,-2.9387,-0.6837,3.0000
177,scouts,2,-5.7952,-1.7618,3.0000
177,scouts,3,-2.4439,-4.7359,3.0000
177,scouts,4,5.7952,-1.7619,3.0000
177,scouts,5,2.9385,-0.6835,3.0000
177,scouts,6,0.4946,-3.2986,3.0000
177,scouts,7,2.4439,-4.7358,3.0000
177,scouts,8,-4.2048,1.7619,3.0000
177,scouts,9,-7.5561,4.7358,3.0000
177,scouts,10,-9.5000,3.2986,3.0000
177,scouts,11,-7.0613,0.6837,3.0000
177,scouts,12,9.5000,3.2983,3.0000
177,scouts,13,7.5561,4.7358,3.0000
177,scouts,14,4.2049,1.7617,3.0000
177,scouts,15,7.0614,0.6834,3.0000
177,workers,0,-3.0000,-5.0000,3.0000
177,workers,1,7.0000,-5.0000,3.0000
177,workers,2,-3.0000,5.0000,3.0000
177,workers,3,7.0000,5.0000,3.0000
178,general,0,0.0000,0.0000,5.0000
178,nodes,0,-3.8728,-3.7942,3.0000
178,nodes,1,3.8724,-3.7930,3.0000
178,nodes,2,-6.1272,3.7937,3.0000
178,nodes,3,6.1289,3.7935,3.0000
178,scouts,0,-0.4790,-3.2892,3.0000
178,scouts,1,-2.9272,-0.6691,3.0000
178,scouts,2,-5.7880,-1.7452,3.0000
178,scouts,3,-2.4302,-4.7246,3.0000
178,scouts,4,5.7880,-1.7452,3.0000
178,scouts,5,2.9270,-0.6690,3.0000
178,scouts,6,0.4788,-3.2893,3.0000
178,scouts,7,2.4301,-4.7245,3.0000
178,scouts,8,-4.2120,1.7452,3.0000
178,scouts,9,-7.5699,4.7245,3.0000
178,scouts,10,-9.5000,3.2893,3.0000
178,scouts,11,-7.0729,0.6691,3.0000
178,scouts,12,9.5000,3.2890,3.0000
178,scouts,13,7.5699,4.7245,3.0000
178,scouts,14,4.2120,1.7450,3.0000
178,scouts,15,7.0729,0.6688,3.0000
178,workers,0,-3.0000,-5.0000,3.0000
178,workers,1,7.0000,-5.0000,3.0000
178,workers,2,-3.0000,5.0000,3.0000
178,workers,3,7.0000,5.0000,3.0000
179,general,0,0.0000,0.0000,5.0000
179,nodes,0,-3.8663,-3.7875,3.0000
179,nodes,1,3.8660,-3.7864,3.0000
179,nodes,2,-6.1337,3.7871,3.0000
179,nodes,3,6.1355,3.7869,3.0000
179,scouts,0,-0.4633,-3.2799,3.0000
179,scouts,1,-2.9157,-0.6545,3.0000
179,scouts,2,-5.7808,-1.7285,3.0000
179,scouts,3,-2.4164,-4.7132,3.0000
179,scouts,4,5.7808,-1.7286,3.0000
179,scouts,5,2.9154,-0.6544,3.0000
179,scouts,6,0.4631,-3.2800,3.0000
179,scouts,7,2.4164,-4.7132,3.0000
179,scouts,8,-4.2192,1.7286,3.0000
179,scouts,9,-7.5836,4.7132,3.0000
179,scouts,10,-9.5000,3.2800,3.0000
179,scouts,11,-7.0844,0.6545,3.0000
179,scouts,12,9.5000,3.2797,3.0000
179,scouts,13,7.5836,4.7132,3.0000
179,scouts,14,4.2193,1.7284,3.0000
179,scouts,15,7.0845,0.6542,3.0000
179,workers,0,-3.0000,-5.0000,3.0000
179,workers,1,7.0000,-5.0000,3.0000
179,workers,2,-3.0000,5.0000,3.0000
179,workers,3,7.0000,5.0000,3.0000
180,general,0,0.0000,0.0000,5.0000
180,nodes,0,-3.8599,-3.7809,3.0000
180,nodes,1,3.8597,-3.7798,3.0000
180,nodes,2,-6.1401,3.7805,3.0000
180,nodes,3,6.1419,3.7803,3.0000
180,scouts,0,-0.4476,-3.2706,3.0000
180,scouts,1,-2.9041,-0.6400,3.0000
180,scouts,2,-5.7735,-1.7120,3.0000
180,scouts,3,-2.4027,-4.7019,3.0000
180,scouts,4,5.7734,-1.7120,3.0000
180,scouts,5,2.9039,-0.6399,3.0000
180,scouts,6,0.4474,-3.2707,3.0000
180,scouts,7,2.4026,-4.7019,3.0000
180,scouts,8,-4.2265,1.7120,3.0000
180,scouts,9,-7.5973,4.7019,3.0000
180,scouts,10,-9.5000,3.2707,3.0000
180,scouts,11,-7.0959,0.6400,3.0000
180,scouts,12,9.5000,3.2704,3.0000
180,scouts,13,7.5973,4.7019,3.0000
180,scouts,14,4.2266,1.7119,3.0000
180,scouts,15,7.0960,0.6397,3.0000
180,workers,0,-3.0000,-5.0000,3.0000
180,workers,1,7.0000,-5.0000,3.0000
180,workers,2,-3.0000,5.0000,3.0000
180,workers,3,7.0000,5.0000,3.0000
181,general,0,0.0000,0.0000,5.0000
181,nodes,0,-3.8535,-3.7744,3.0000
181,nodes,1,3.8531,-3.7732,3.0000
181,nodes,2,-6.1467,3.7739,3.0000
181,nodes,3,6.1484,3.7737,3.0000
181,scouts,0,-0.4319,-3.2613,3.0000
181,scouts,1,-2.8926,-0.6255,3.0000
181,scouts,2,-5.7660,-1.6955,3.0000
181,scouts,3,-2.3890,-4.6906,3.0000
181,scouts,4,5.7660,-1.6955,3.0000
181,scouts,5,2.8924,-0.6254,3.0000
181,scouts,6,0.4317,-3.2614,3.0000
181,scouts,7,2.3889,-4.6905,3.0000
181,scouts,8,-4.2339,1.6956,3.0000
181,scouts,9,-7.6110,4.6906,3.0000
181,scouts,10,-9.5000,3.2614,3.0000
181,scouts,11,-7.1075,0.6255,3.0000
181,scouts,12,9.5000,3.2612,3.0000
181,scouts,13,7.6110,4.6905,3.0000
181,scouts,14,4.2340,1.6954,3.0000
181,scouts,15,7.1075,0.6252,3.0000
181,workers,0,-3.0000,-5.0000,3.0000
181,workers,1,7.0000,-5.0000,3.0000
181,workers,2,-3.0000,5.0000,3.0000
181,workers,3,7.0000,5.0000,3.0000
182,general,0,0.0000,0.0000,5.0000
182,nodes,0,-3.8470,-3.7678,3.0000
182,nodes,1,3.8467,-3.7667,3.0000
182,nodes,2,-6.1531,3.7673,3.0000
182,nodes,3,6.1548,3.7671,3.0000
182,scouts,0,-0.4162,-3.2521,3.0000
182,scouts,1,-2.8810,-0.6110,3.0000
182,scouts,2,-5.7586,-1.6791,3.0000
182,scouts,3,-2.3753,-4.6792,3.0000
182,scouts,4,5.7585,-1.6791,3.0000
182,scouts,5,2.8808,-0.6109,3.0000
182,scouts,6,0.4160,-3.2521,3.0000
182,scouts,7,2.3752,-4.6792,3.0000
182,scouts,8,-4.2414,1.6791,3.0000
182,scouts,9,-7.6247,4.6792,3.0000
182,scouts,10,-9.5000,3.2522,3.0000
182,scouts,11,-7.1190,0.6110,3.0000
182,scouts,12,9.5000,3.2520,3.0000
182,scouts,13,7.6247,4.6792,3.0000
182,scouts,14,4.2415,1.6790,3.0000
182,scouts,15,7.1191,0.6107,3.0000
182,workers,0,-3.0000,-5.0000,3.0000
182,workers,1,7.0000,-5.0000,3.0000
182,workers,2,-3.0000,5.0000,3.0000
182,workers,3,7.0000,5.0000,3.0000
183,general,0,0.0000,0.0000,5.0000
183,nodes,0,-3.8405,-3.7612,3.0000
183,nodes,1,3.8402,-3.7601,3.0000
183,nodes,2,-6.1596,3.7607,3.0000
183,nodes,3,6.1612,3.7605,3.0000
183,scouts,0,-0.4005,-3.2428,3.0000
183,scouts,1,-2.8695,-0.5965,3.0000
183,scouts,2,-5.7510,-1.6628,3.0000
183,scouts,3,-2.3616,-4.6678,3.0000
183,scouts,4,5.7509,-1.6628,3.0000
183,scouts,5,2.8692,-0.5964,3.0000
183,scouts,6,0.4003,-3.2428,3.0000
183,scouts,7,2.3616,-4.6678,3.0000
183,scouts,8,-4.2490,1.6628,3.0000
183,scouts,9,-7.6384,4.6678,3.0000
183,scouts,10,-9.5000,3.2430,3.0000
183,scouts,11,-7.1306,0.5965,3.0000
183,scouts,12,9.5000,3.2427,3.0000
183,scouts,13,7.6384,4.6678,3.0000
183,scouts,14,4.2491,1.6626,3.0000
183,scouts,15,7.1306,0.5962,3.0000
183,workers,0,-3.0000,-5.0000,3.0000
183,workers,1,7.0000,-5.0000,3.0000
183,workers,2,-3.0000,5.0000,3.0000
183,workers,3,7.0000,5.0000,3.0000
184,general,0,0.0000,0.0000,5.0000
184,nodes,0,-3.8340,-3.7546,3.0000
184,nodes,1,3.8338,-3.7536,3.0000
184,nodes,2,-6.1660,3.7542,3.0000
184,nodes,3,6.1677,3.7539,3.0000
184,scouts,0,-0.3848,-3.2335,3.0000
184,scouts,1,-2.8579,-0.5821,3.0000
184,scouts,2,-5.7433,-1.6465,3.0000
184,scouts,3,-2.3479,-4.6564,3.0000
184,scouts,4,5.7433,-1.6465,3.0000
184,scouts,5,2.8577,-0.5820,3.0000
184,scouts,6,0.3846,-3.2336,3.0000
184,scouts,7,2.3479,-4.6564,3.0000
184,scouts,8,-4.2566,1.6465,3.0000
184,scouts,9,-7.6520,4.6564,3.0000
184,scouts,10,-9.5000,3.2338,3.0000
184,scouts,11,-7.1421,0.5821,3.0000
184,scouts,12,9.5000,3.2336,3.0000
184,scouts,13,7.6520,4.6564,3.0000
184,scouts,14,4.2567,1.6464,3.0000
184,scouts,15,7.1422,0.5818,3.0000
184,workers,0,-3.0000,-5.0000,3.0000
184,workers,1,7.0000,-5.0000,3.0000
184,workers,2,-3.0000,5.0000,3.0000
184,workers,3,7.0000,5.0000,3.0000
185,general,0,0.0000,0.0000,5.0000
185,nodes,0,-3.8276,-3.7481,3.0000
185,nodes,1,3.8272,-3.7470,3.0000
185,nodes,2,-6.1724,3.7476,3.0000
185,nodes,3,6.1741,3.7473,3.0000
185,scouts,0,-0.3691,-3.2243,3.0000
185,scouts,1,-2.8463,-0.5677,3.0000
185,scouts,2,-5.7355,-1.6303,3.0000
185,scouts,3,-2.3343,-4.6450,3.0000
185,scouts,4,5.7355,-1.6303,3.0000
185,scouts,5,2.8461,-0.5676,3.0000
185,scouts,6,0.3689,-3.2243,3.0000
185,scouts,7,2.3343,-4.6450,3.0000
185,scouts,8,-4.2644,1.6303,3.0000
185,scouts,9,-7.6657,4.6450,3.0000
185,scouts,10,-9.5000,3.2247,3.0000
185,scouts,11,-7.1537,0.5677,3.0000
185,scouts,12,9.5000,3.2244,3.0000
185,scouts,13,7.6657,4.6450,3.0000
185,scouts,14,4.2645,1.6302,3.0000
185,scouts,15,7.1537,0.5674,3.0000
185,workers,0,-3.0000,-5.0000,3.0000
185,workers,1,7.0000,-5.0000,3.0000
185,workers,2,-3.0000,5.0000,3.0000
185,workers,3,7.0000,5.0000,3.0000
186,general,0,0.0000,0.0000,5.0000
186,nodes,0,-3.8211,-3.7416,3.0000
186,nodes,1,3.8208,-3.7404,3.0000
186,nodes,2,-6.1789,3.7411,3.0000
186,nodes,3,6.1806,3.7408,3.0000
186,scouts,0,-0.3535,-3.2150,3.0000
186,scouts,1,-2.8347,-0.5533,3.0000
186,scouts,2,-5.7277,-1.6142,3.0000
186,scouts,3,-2.3207,-4.6336,3.0000
186,scouts,4,5.7277,-1.6142,3.0000
186,scouts,5,2.8345,-0.5532,3.0000
186,scouts,6,0.3533,-3.2151,3.0000
186,scouts,7,2.3206,-4.6336,3.0000
186,scouts,8,-4.2722,1.6142,3.0000
186,scouts,9,-7.6793,4.6336,3.0000
186,scouts,10,-9.5000,3.2156,3.0000
186,scouts,11,-7.1652,0.5533,3.0000
186,scouts,12,9.5000,3.2153,3.0000
186,scouts,13,7.6793,4.6336,3.0000
186,scouts,14,4.2723,1.6140,3.0000
186,scouts,15,7.1653,0.5530,3.0000
186,workers,0,-3.0000,-5.0000,3.0000
186,workers,1,7.0000,-5.0000,3.0000
186,workers,2,-3.0000,5.0000,3.0000
186,workers,3,7.0000,5.0000,3.0000
187,general,0,0.0000,0.0000,5.0000
187,nodes,0,-3.8148,-3.7350,3.0000
187,nodes,1,3.8143,-3.7339,3.0000
187,nodes,2,-6.1854,3.7345,3.0000
187,nodes,3,6.1871,3.7341,3.0000
187,scouts,0,-0.3378,-3.2058,3.0000
187,scouts,1,-2.8232,-0.5389,3.0000
187,scouts,2,-5.7197,-1.5981,3.0000
187,scouts,3,-2.3070,-4.6222,3.0000
187,scouts,4,5.7197,-1.5981,3.0000
187,scouts,5,2.8229,-0.5388,3.0000
187,scouts,6,0.3376,-3.2058,3.0000
187,scouts,7,2.3070,-4.6222,3.0000
187,scouts,8,-4.2801,1.5982,3.0000
187,scouts,9,-7.6929,4.6222,3.0000
187,scouts,10,-9.5000,3.2065,3.0000
187,scouts,11,-7.1768,0.5389,3.0000
187,scouts,12,9.5000,3.2062,3.0000
187,scouts,13,7.6929,4.6222,3.0000
187,scouts,14,4.2802,1.5980,3.0000
187,scouts,15,7.1768,0.5386,3.0000
187,workers,0,-3.0000,-5.0000,3.0000
187,workers,1,7.0000,-5.0000,3.0000
187,workers,2,-3.0000,5.0000,3.0000
187,workers,3,7.0000,5.0000,3.0000
188,general,0,0.0000,0.0000,5.0000
188,nodes,0,-3.8082,-3.7285,3.0000
188,nodes,1,3.8079,-3.7274,3.0000
188,nodes,2,-6.1919,3.7280,3.0000
188,nodes,3,6.1936,3.7277,3.0000
188,scouts,0,-0.3222,-3.1966,3.0000
188,scouts,1,-2.8116,-0.5246,3.0000
188,scouts,2,-5.7117,-1.5822,3.0000
188,scouts,3,-2.2934,-4.6107,3.0000
188,scouts,4,5.7117,-1.5822,3.0000
188,scouts,5,2.8114,-0.5244,3.0000
188,scouts,6,0.3220,-3.1966,3.0000
188,scouts,7,2.2934,-4.6107,3.0000
188,scouts,8,-4.2882,1.5823,3.0000
188,scouts,9,-7.7064,4.6108,3.0000
188,scouts,10,-9.5000,3.1975,3.0000
188,scouts,11,-7.1883,0.5246,3.0000
188,scouts,12,9.5000,3.1972,3.0000
188,scouts,13,7.7064,4.6107,3.0000
188,scouts,14,4.2882,1.5821,3.0000
188,scouts,15,7.1884,0.5243,3.0000
188,workers,0,-3.0000,-5.0000,3.0000
188,workers,1,7.0000,-5.0000,3.0000
188,workers,2,-3.0000,5.0000,3.0000
188,workers,3,7.0000,5.0000,3.0000
189,general,0,0.0000,0.0000,5.0000
189,nodes,0,-3.8017,-3.7219,3.0000
189,nodes,1,3.8013,-3.7208,3.0000
189,nodes,2,-6.1984,3.7215,3.0000
189,nodes,3,6.2002,3.7212,3.0000
189,scouts,0,-0.3065,-3.1874,3.0000
189,scouts,1,-2.8000,-0.5103,3.0000
189,scouts,2,-5.7035,-1.5663,3.0000
189,scouts,3,-2.2799,-4.5993,3.0000
189,scouts,4,5.7035,-1.5663,3.0000
189,scouts,5,2.7998,-0.5101,3.0000
189,scouts,6,0.3063,-3.1874,3.0000
189,scouts,7,2.2798,-4.5992,3.0000
189,scouts,8,-4.2963,1.5664,3.0000
189,scouts,9,-7.7200,4.5993,3.0000
189,scouts,10,-9.5000,3.1885,3.0000
189,scouts,11,-7.1999,0.5103,3.0000
189,scouts,12,9.5000,3.1882,3.0000
189,scouts,13,7.7200,4.5993,3.0000
189,scouts,14,4.2964,1.5662,3.0000
189,scouts,15,7.2000,0.5100,3.0000
189,workers,0,-3.0000,-5.0000,3.0000
189,workers,1,7.0000,-5.0000,3.0000
189,workers,2,-3.0000,5.0000,3.0000
189,workers,3,7.0000,5.0000,3.0000
190,general,0,0.0000,0.0000,5.0000
190,nodes,0,-3.7953,-3.7154,3.0000
190,nodes,1,3.7948,-3.7142,3.0000
190,nodes,2,-6.2050,3.7149,3.0000
190,nodes,3,6.2066,3.7146,3.0000
190,scouts,0,-0.2909,-3.1782,3.0000
190,scouts,1,-2.7884,-0.4960,3.0000
190,scouts,2,-5.6953,-1.5505,3.0000
190,scouts,3,-2.2663,-4.5878,3.0000
190,scouts,4,5.6953,-1.5505,3.0000
190,scouts,5,2.7882,-0.4958,3.0000
190,scouts,6,0.2907,-3.1782,3.0000
190,scouts,7,2.2662,-4.5878,3.0000
190,scouts,8,-4.3045,1.5506,3.0000
190,scouts,9,-7.7335,4.5878,3.0000
190,scouts,10,-9.5000,3.1795,3.0000
190,scouts,11,-7.2115,0.4960,3.0000
190,scouts,12,9.5000,3.1792,3.0000
190,scouts,13,7.7335,4.5878,3.0000
190,scouts,14,4.3046,1.5504,3.0000
190,scouts,15,7.2115,0.4957,3.0000
190,workers,0,-3.0000,-5.0000,3.0000
190,workers,1,7.0000,-5.0000,3.0000
190,workers,2,-3.0000,5.0000,3.0000
190,workers,3,7.0000,5.0000,3.0000
191,general,0,0.0000,0.0000,5.0000
191,nodes,0,-3.7888,-3.7089,3.0000
191,nodes,1,3.7883,-3.7077,3.0000
191,nodes,2,-6.2114,3.7084,3.0000
191,nodes,3,6.2132,3.7082,3.0000
191,scouts,0,-0.2753,-3.1690,3.0000
191,scouts,1,-2.7768,-0.4817,3.0000
191,scouts,2,-5.6869,-1.5348,3.0000
191,scouts,3,-2.2527,-4.5763,3.0000
191,scouts,4,5.6869,-1.5348,3.0000
191,scouts,5,2.7766,-0.4815,3.0000
191,scouts,6,0.2751,-3.1690,3.0000
191,scouts,7,2.2527,-4.5763,3.0000
191,scouts,8,-4.3128,1.5349,3.0000
191,scouts,9,-7.7470,4.5763,3.0000
191,scouts,10,-9.5000,3.1706,3.0000
191,scouts,11,-7.2230,0.4817,3.0000
191,scouts,12,9.5000,3.1703,3.0000
191,scouts,13,7.7470,4.5763,3.0000
191,scouts,14,4.3129,1.5348,3.0000
191,scouts,15,7.2231,0.4814,3.0000
191,workers,0,-3.0000,-5.0000,3.0000
191,workers,1,7.0000,-5.0000,3.0000
191,workers,2,-3.0000,5.0000,3.0000
191,workers,3,7.0000,5.0000,3.0000
192,general,0,0.0000,0.0000,5.0000
192,nodes,0,-3.7822,-3.7023,3.0000
192,nodes,1,3.7818,-3.7012,3.0000
192,nodes,2,-6.2179,3.7020,3.0000
192,nodes,3,6.2196,3.7016,3.0000
192,scouts,0,-0.2597,-3.1598,3.0000
192,scouts,1,-2.7652,-0.4674,3.0000
192,scouts,2,-5.6785,-1.5192,3.0000
192,scouts,3,-2.2392,-4.5648,3.0000
192,scouts,4,5.6784,-1.5192,3.0000
192,scouts,5,2.7650,-0.4673,3.0000
192,scouts,6,0.2595,-3.1598,3.0000
192,scouts,7,2.2392,-4.5647,3.0000
192,scouts,8,-4.3212,1.5194,3.0000
192,scouts,9,-7.7605,4.5648,3.0000
192,scouts,10,-9.5000,3.1617,3.0000
192,scouts,11,-7.2346,0.4675,3.0000
192,scouts,12,9.5000,3.1614,3.0000
192,scouts,13,7.7605,4.5648,3.0000
192,scouts,14,4.3213,1.5192,3.0000
192,scouts,15,7.2346,0.4672,3.0000
192,workers,0,-3.0000,-5.0000,3.0000
192,workers,1,7.0000,-5.0000,3.0000
192,workers,2,-3.0000,5.0000,3.0000
192,workers,3,7.0000,5.0000,3.0000
193,general,0,0.0000,0.0000,5.0000
193,nodes,0,-3.7758,-3.6958,3.0000
193,nodes,1,3.7753,-3.6947,3.0000
193,nodes,2,-6.2245,3.6954,3.0000
193,nodes,3,6.2262,3.6952,3.0000
193,scouts,0,-0.2441,-3.1506,3.0000
193,scouts,1,-2.7536,-0.4532,3.0000
193,scouts,2,-5.6699,-1.5037,3.0000
193,scouts,3,-2.2257,-4.5532,3.0000
193,scouts,4,5.6699,-1.5037,3.0000
193,scouts,5,2.7533,-0.4531,3.0000
193,scouts,6,0.2439,-3.1507,3.0000
193,scouts,7,2.2256,-4.5532,3.0000
193,scouts,8,-4.3298,1.5039,3.0000
193,scouts,9,-7.7740,4.5533,3.0000
193,scouts,10,-9.5000,3.1528,3.0000
193,scouts,11,-7.2461,0.4533,3.0000
193,scouts,12,9.5000,3.1526,3.0000
193,scouts,13,7.7740,4.5533,3.0000
193,scouts,14,4.3298,1.5037,3.0000
193,scouts,15,7.2462,0.4530,3.0000
193,workers,0,-3.0000,-5.0000,3.0000
193,workers,1,7.0000,-5.0000,3.0000
193,workers,2,-3.0000,5.0000,3.0000
193,workers,3,7.0000,5.0000,3.0000
194,general,0,0.0000,0.0000,5.0000
194,nodes,0,-3.7692,-3.6893,3.0000
194,nodes,1,3.7688,-3.6883,3.0000
194,nodes,2,-6.2310,3.6889,3.0000
194,nodes,3,6.2327,3.6887,3.0000
194,scouts,0,-0.2285,-3.1415,3.0000
194,scouts,1,-2.7420,-0.4390,3.0000
194,scouts,2,-5.6612,-1.4883,3.0000
194,scouts,3,-2.2122,-4.5417,3.0000
194,scouts,4,5.6612,-1.4883,3.0000
194,scouts,5,2.7417,-0.4389,3.0000
194,scouts,6,0.2283,-3.1415,3.0000
194,scouts,7,2.2121,-4.5417,3.0000
194,scouts,8,-4.3384,1.4885,3.0000
194,scouts,9,-7.7874,4.5418,3.0000
194,scouts,10,-9.5000,3.1440,3.0000
194,scouts,11,-7.2577,0.4391,3.0000
194,scouts,12,9.5000,3.1437,3.0000
194,scouts,13,7.7874,4.5418,3.0000
194,scouts,14,4.3385,1.4883,3.0000
194,scouts,15,7.2578,0.4388,3.0000
194,workers,0,-3.0000,-5.0000,3.0000
194,workers,1,7.0000,-5.0000,3.0000
194,workers,2,-3.0000,5.0000,3.0000
194,workers,3,7.0000,5.0000,3.0000
195,general,0,0.0000,0.0000,5.0000
195,nodes,0,-3.7627,-3.6828,3.0000
195,nodes,1,3.7623,-3.6818,3.0000
195,nodes,2,-6.2374,3.6824,3.0000
195,nodes,3,6.2392,3.6823,3.0000
195,scouts,0,-0.2129,-3.1323,3.0000
195,scouts,1,-2.7303,-0.4248,3.0000
195,scouts,2,-5.6524,-1.4730,3.0000
195,scouts,3,-2.1987,-4.5301,3.0000
195,scouts,4,5.6523,-1.4730,3.0000
195,scouts,5,2.7301,-0.4247,3.0000
195,scouts,6,0.2127,-3.1323,3.0000
195,scouts,7,2.1986,-4.5301,3.0000
195,scouts,8,-4.3472,1.4732,3.0000
195,scouts,9,-7.8009,4.5303,3.0000
195,scouts,10,-9.5000,3.1353,3.0000
195,scouts,11,-7.2693,0.4250,3.0000
195,scouts,12,9.5000,3.1350,3.0000
195,scouts,13,7.8008,4.5302,3.0000
195,scouts,14,4.3472,1.4730,3.0000
195,scouts,15,7.2693,0.4246,3.0000
195,workers,0,-3.0000,-5.0000,3.0000
195,workers,1,7.0000,-5.0000,3.0000
195,workers,2,-3.0000,5.0000,3.0000
195,workers,3,7.0000,5.0000,3.0000
196,general,0,0.0000,0.0000,5.0000
196,nodes,0,-3.7561,-3.6763,3.0000
196,nodes,1,3.7557,-3.6754,3.0000
196,nodes,2,-6.2440,3.6760,3.0000
196,nodes,3,6.2457,3.6758,3.0000
196,scouts,0,-0.1973,-3.1232,3.0000
196,scouts,1,-2.7187,-0.4107,3.0000
196,scouts,2,-5.6434,-1.4579,3.0000
196,scouts,3,-2.1852,-4.5185,3.0000
196,scouts,4,5.6434,-1.4579,3.0000
196,scouts,5,2.7185,-0.4105,3.0000
196,scouts,6,0.1971,-3.1232,3.0000
196,scouts,7,2.1852,-4.5185,3.0000
196,scouts,8,-4.3560,1.4581,3.0000
196,scouts,9,-7.8143,4.5187,3.0000
196,scouts,10,-9.5000,3.1265,3.0000
196,scouts,11,-7.2808,0.4108,3.0000
196,scouts,12,9.5000,3.1263,3.0000
196,scouts,13,7.8143,4.5187,3.0000
196,scouts,14,4.3561,1.4579,3.0000
196,scouts,15,7.2809,0.4105,3.0000
196,workers,0,-3.0000,-5.0000,3.0000
196,workers,1,7.0000,-5.0000,3.0000
196,workers,2,-3.0000,5.0000,3.0000
196,workers,3,7.0000,5.0000,3.0000
197,general,0,0.0000,0.0000,5.0000
197,nodes,0,-3.7496,-3.6698,3.0000
197,nodes,1,3.7492,-3.6689,3.0000
197,nodes,2,-6.2506,3.6695,3.0000
197,nodes,3,6.2523,3.6695,3.0000
197,scouts,0,-0.1817,-3.1140,3.0000
197,scouts,1,-2.7070,-0.3965,3.0000
197,scouts,2,-5.6344,-1.4428,3.0000
197,scouts,3,-2.1718,-4.5070,3.0000
197,scouts,4,5.6343,-1.4428,3.0000
197,scouts,5,2.7068,-0.3964,3.0000
197,scouts,6,0.1815,-3.1140,3.0000
197,scouts,7,2.1717,-4.5069,3.0000
197,scouts,8,-4.3650,1.4430,3.0000
197,scouts,9,-7.8276,4.5071,3.0000
197,scouts,10,-9.5000,3.1179,3.0000
197,scouts,11,-7.2924,0.3967,3.0000
197,scouts,12,9.5000,3.1176,3.0000
197,scouts,13,7.8276,4.5071,3.0000
197,scouts,14,4.3651,1.4429,3.0000
197,scouts,15,7.2924,0.3964,3.0000
197,workers,0,-3.0000,-5.0000,3.0000
197,workers,1,7.0000,-5.0000,3.0000
197,workers,2,-3.0000,5.0000,3.0000
197,workers,3,7.0000,5.0000,3.0000
198,general,0,0.0000,0.0000,5.0000
198,nodes,0,-3.7430,-3.6633,3.0000
198,nodes,1,3.7426,-3.6624,3.0000
198,nodes,2,-6.2571,3.6630,3.0000
198,nodes,3,6.2588,3.6630,3.0000
198,scouts,0,-0.1662,-3.1049,3.0000
198,scouts,1,-2.6954,-0.3824,3.0000
198,scouts,2,-5.6252,-1.4279,3.0000
198,scouts,3,-2.1583,-4.4953,3.0000
198,scouts,4,5.6252,-1.4279,3.0000
198,scouts,5,2.6952,-0.3823,3.0000
198,scouts,6,0.1659,-3.1049,3.0000
198,scouts,7,2.1583,-4.4953,3.0000
198,scouts,8,-4.3741,1.4281,3.0000
198,scouts,9,-7.8410,4.4956,3.0000
198,scouts,10,-9.5000,3.1092,3.0000
198,scouts,11,-7.3040,0.3826,3.0000
198,scouts,12,9.5000,3.1089,3.0000
198,scouts,13,7.8410,4.4955,3.0000
198,scouts,14,4.3742,1.4280,3.0000
198,scouts,15,7.3040,0.3823,3.0000
198,workers,0,-3.0000,-5.0000,3.0000
198,workers,1,7.0000,-5.0000,3.0000
198,workers,2,-3.0000,5.0000,3.0000
198,workers,3,7.0000,5.0000,3.0000
199,general,0,0.0000,0.0000,5.0000
199,nodes,0,-3.7364,-3.6569,3.0000
199,nodes,1,3.7361,-3.6559,3.0000
199,nodes,2,-6.2637,3.6565,3.0000
199,nodes,3,6.2654,3.6567,3.0000
199,scouts,0,-0.1506,-3.0958,3.0000
199,scouts,1,-2.6837,-0.3683,3.0000
199,scouts,2,-5.6158,-1.4131,3.0000
199,scouts,3,-2.1449,-4.4837,3.0000
199,scouts,4,5.6158,-1.4130,3.0000
199,scouts,5,2.6835,-0.3682,3.0000
199,scouts,6,0.1504,-3.0958,3.0000
199,scouts,7,2.1449,-4.4837,3.0000
199,scouts,8,-4.3834,1.4134,3.0000
199,scouts,9,-7.8543,4.4840,3.0000
199,scouts,10,-9.5000,3.1006,3.0000
199,scouts,11,-7.3155,0.3686,3.0000
199,scouts,12,9.5000,3.1003,3.0000
199,scouts,13,7.8543,4.4839,3.0000
199,scouts,14,4.3835,1.4132,3.0000
199,scouts,15,7.3156,0.3682,3.0000
199,workers,0,-3.0000,-5.0000,3.0000
199,workers,1,7.0000,-5.0000,3.0000
199,workers,2,-3.0000,5.0000,3.0000
199,workers,3,7.0000,5.0000,3.0000
200,general,0,0.0000,0.0000,5.0000
200,nodes,0,-3.7299,-3.6505,3.0000
200,nodes,1,3.7295,-3.6495,3.0000
200,nodes,2,-6.2702,3.6501,3.0000
200,nodes,3,6.2720,3.6503,3.0000
200,scouts,0,-0.1351,-3.0867,3.0000
200,scouts,1,-2.6721,-0.3543,3.0000
200,scouts,2,-5.6064,-1.3984,3.0000
200,scouts,3,-2.1315,-4.4721,3.0000
200,scouts,4,5.6063,-1.3984,3.0000
200,scouts,5,2.6718,-0.3541,3.0000
200,scouts,6,0.1348,-3.0867,3.0000
200,scouts,7,2.1315,-4.4720,3.0000
200,scouts,8,-4.3928,1.3987,3.0000
200,scouts,9,-7.8677,4.4723,3.0000
200,scouts,10,-9.5000,3.0921,3.0000
200,scouts,11,-7.3271,0.3545,3.0000
200,scouts,12,9.5000,3.0918,3.0000
200,scouts,13,7.8677,4.4723,3.0000
200,scouts,14,4.3929,1.3986,3.0000
200,scouts,15,7.3272,0.3542,3.0000
200,workers,0,-3.0000,-5.0000,3.0000
200,workers,1,7.0000,-5.0000,3.0000
200,workers,2,-3.0000,5.0000,3.0000
200,workers,3,7.0000,5.0000,3.0000
201,general,0,0.0000,0.0000,5.0000
201,nodes,0,-3.7234,-3.6440,3.0000
201,nodes,1,3.7229,-3.6431,3.0000
201,nodes,2,-6.2768,3.6437,3.0000
201,nodes,3,6.2786,3.6439,3.0000
201,scouts,0,-0.1195,-3.0776,3.0000
201,scouts,1,-2.6604,-0.3402,3.0000
201,scouts,2,-5.5967,-1.3839,3.0000
201,scouts,3,-2.1181,-4.4604,3.0000
201,scouts,4,5.5967,-1.3839,3.0000
201,scouts,5,2.6602,-0.3401,3.0000
201,scouts,6,0.1193,-3.0776,3.0000
201,scouts,7,2.1181,-4.4604,3.0000
201,scouts,8,-4.4023,1.3843,3.0000
201,scouts,9,-7.8810,4.4607,3.0000
201,scouts,10,-9.5000,3.0835,3.0000
201,scouts,11,-7.3387,0.3405,3.0000
201,scouts,12,9.5000,3.0832,3.0000
201,scouts,13,7.8809,4.4607,3.0000
201,scouts,14,4.4024,1.3841,3.0000
201,scouts,15,7.3387,0.3402,3.0000
201,workers,0,-3.0000,-5.0000,3.0000
201,workers,1,7.0000,-5.0000,3.0000
201,workers,2,-3.0000,5.0000,3.0000
201,workers,3,7.0000,5.0000,3.0000
202,general,0,0.0000,0.0000,5.0000
202,nodes,0,-3.7168,-3.6376,3.0000
202,nodes,1,3.7163,-3.6366,3.0000
202,nodes,2,-6.2833,3.6375,3.0000
202,nodes,3,6.2850,3.6376,3.0000
202,scouts,0,-0.1040,-3.0685,3.0000
202,scouts,1,-2.6487,-0.3262,3.0000
202,scouts,2,-5.5870,-1.3695,3.0000
202,scouts,3,-2.1047,-4.4487,3.0000
202,scouts,4,5.5869,-1.3695,3.0000
202,scouts,5,2.6485,-0.3261,3.0000
202,scouts,6,0.1037,-3.0685,3.0000
202,scouts,7,2.1047,-4.4487,3.0000
202,scouts,8,-4.4120,1.3699,3.0000
202,scouts,9,-7.8942,4.4491,3.0000
202,scouts,10,-9.5000,3.0751,3.0000
202,scouts,11,-7.3503,0.3266,3.0000
202,scouts,12,9.5000,3.0748,3.0000
202,scouts,13,7.8942,4.4490,3.0000
202,scouts,14,4.4121,1.3697,3.0000
202,scouts,15,7.3503,0.3262,3.0000
202,workers,0,-3.0000,-5.0000,3.0000
202,workers,1,7.0000,-5.0000,3.0000
202,workers,2,-3.0000,5.0000,3.0000
202,workers,3,7.0000,5.0000,3.0000
203,general,0,0.0000,0.0000,5.0000
203,nodes,0,-3.7104,-3.6312,3.0000
203,nodes,1,3.7097,-3.6302,3.0000
203,nodes,2,-6.2900,3.6311,3.0000
203,nodes,3,6.2917,3.6312,3.0000
203,scouts,0,-0.0884,-3.0594,3.0000
203,scouts,1,-2.6370,-0.3122,3.0000
203,scouts,2,-5.5770,-1.3553,3.0000
203,scouts,3,-2.0914,-4.4370,3.0000
203,scouts,4,5.5770,-1.3553,3.0000
203,scouts,5,2.6368,-0.3121,3.0000
203,scouts,6,0.0882,-3.0594,3.0000
203,scouts,7,2.0913,-4.4370,3.0000
203,scouts,8,-4.4218,1.3558,3.0000
203,scouts,9,-7.9075,4.4374,3.0000
203,scouts,10,-9.5000,3.0666,3.0000
203,scouts,11,-7.3619,0.3126,3.0000
203,scouts,12,9.5000,3.0663,3.0000
203,scouts,13,7.9075,4.4374,3.0000
203,scouts,14,4.4219,1.3556,3.0000
203,scouts,15,7.3619,0.3123,3.0000
203,workers,0,-3.0000,-5.0000,3.0000
203,workers,1,7.0000,-5.0000,3.0000
203,workers,2,-3.0000,5.0000,3.0000
203,workers,3,7.0000,5.0000,3.0000
204,general,0,0.0000,0.0000,5.0000
204,nodes,0,-3.7037,-3.6248,3.0000
204,nodes,1,3.7032,-3.6239,3.0000
204,nodes,2,-6.2966,3.6247,3.0000
204,nodes,3,6.2983,3.6248,3.0000
204,scouts,0,-0.0729,-3.0503,3.0000
204,scouts,1,-2.6253,-0.2983,3.0000
204,scouts,2,-5.5669,-1.3413,3.0000
204,scouts,3,-2.0780,-4.4253,3.0000
204,scouts,4,5.5669,-1.3413,3.0000
204,scouts,5,2.6251,-0.2981,3.0000
204,scouts,6,0.0727,-3.0503,3.0000
204,scouts,7,2.0780,-4.4253,3.0000
204,scouts,8,-4.4319,1.3418,3.0000
204,scouts,9,-7.9207,4.4258,3.0000
204,scouts,10,-9.5000,3.0582,3.0000
204,scouts,11,-7.3734,0.2987,3.0000
204,scouts,12,9.5000,3.0579,3.0000
204,scouts,13,7.9207,4.4257,3.0000
204,scouts,14,4.4319,1.3416,3.0000
204,scouts,15,7.3735,0.2983,3.0000
204,workers,0,-3.0000,-5.0000,3.0000
204,workers,1,7.0000,-5.0000,3.0000
204,workers,2,-3.0000,5.0000,3.0000
204,workers,3,7.0000,5.0000,3.0000
205,general,0,0.0000,0.0000,5.0000
205,nodes,0,-3.6971,-3.6184,3.0000
205,nodes,1,3.6966,-3.6174,3.0000
205,nodes,2,-6.3033,3.6184,3.0000
205,nodes,3,6.3050,3.6185,3.0000
205,scouts,0,-0.0574,-3.0412,3.0000
205,scouts,1,-2.6136,-0.2843,3.0000
205,scouts,2,-5.5566,-1.3274,3.0000
205,scouts,3,-2.0647,-4.4136,3.0000
205,scouts,4,5.5566,-1.3274,3.0000
205,scouts,5,2.6134,-0.2842,3.0000
205,scouts,6,0.0572,-3.0412,3.0000
205,scouts,7,2.0647,-4.4136,3.0000
205,scouts,8,-4.4420,1.3280,3.0000
205,scouts,9,-7.9339,4.4141,3.0000
205,scouts,10,-9.5000,3.0499,3.0000
205,scouts,11,-7.3850,0.2848,3.0000
205,scouts,12,9.5000,3.0496,3.0000
205,scouts,13,7.9339,4.4140,3.0000
205,scouts,14,4.4421,1.3278,3.0000
205,scouts,15,7.3851,0.2844,3.0000
205,workers,0,-3.0000,-5.0000,3.0000
205,workers,1,7.0000,-5.0000,3.0000
205,workers,2,-3.0000,5.0000,3.0000
205,workers,3,7.0000,5.0000,3.0000
206,general,0,0.0000,0.0000,5.0000
206,nodes,0,-3.6905,-3.6121,3.0000
206,nodes,1,3.6899,-3.6110,3.0000
206,nodes,2,-6.3099,3.6121,3.0000
206,nodes,3,6.3116,3.6121,3.0000
206,scouts,0,-0.0419,-3.0322,3.0000
206,scouts,1,-2.6019,-0.2704,3.0000
206,scouts,2,-5.5462,-1.3138,3.0000
206,scouts,3,-2.0514,-4.4019,3.0000
206,scouts,4,5.5462,-1.3138,3.0000
206,scouts,5,2.6017,-0.2703,3.0000
206,scouts,6,0.0417,-3.0322,3.0000
206,scouts,7,2.0514,-4.4018,3.0000
206,scouts,8,-4.4524,1.3144,3.0000
206,scouts,9,-7.9471,4.4024,3.0000
206,scouts,10,-9.5000,3.0416,3.0000
206,scouts,11,-7.3966,0.2709,3.0000
206,scouts,12,9.5000,3.0413,3.0000
206,scouts,13,7.9471,4.4023,3.0000
206,scouts,14,4.4525,1.3143,3.0000
206,scouts,15,7.3967,0.2706,3.0000
206,workers,0,-3.0000,-5.0000,3.0000
206,workers,1,7.0000,-5.0000,3.0000
206,workers,2,-3.0000,5.0000,3.0000
206,workers,3,7.0000,5.0000,3.0000
207,general,0,0.0000,0.0000,5.0000
207,nodes,0,-3.6839,-3.6057,3.0000
207,nodes,1,3.6833,-3.6047,3.0000
207,nodes,2,-6.3166,3.6058,3.0000
207,nodes,3,6.3183,3.6058,3.0000
207,scouts,0,-0.0264,-3.0231,3.0000
207,scouts,1,-2.5902,-0.2565,3.0000
207,scouts,2,-5.5355,-1.3004,3.0000
207,scouts,3,-2.0381,-4.3901,3.0000
207,scouts,4,5.5355,-1.3004,3.0000
207,scouts,5,2.5900,-0.2564,3.0000
207,scouts,6,0.0262,-3.0231,3.0000
207,scouts,7,2.0381,-4.3901,3.0000
207,scouts,8,-4.4629,1.3011,3.0000
207,scouts,9,-7.9603,4.3907,3.0000
207,scouts,10,-9.5000,3.0333,3.0000
207,scouts,11,-7.4082,0.2571,3.0000
207,scouts,12,9.5000,3.0330,3.0000
207,scouts,13,7.9602,4.3906,3.0000
207,scouts,14,4.4630,1.3009,3.0000
207,scouts,15,7.4083,0.2567,3.0000
207,workers,0,-3.0000,-5.0000,3.0000
207,workers,1,7.0000,-5.0000,3.0000
207,workers,2,-3.0000,5.0000,3.0000
207,workers,3,7.0000,5.0000,3.0000
208,general,0,0.0000,0.0000,5.0000
208,nodes,0,-3.6772,-3.5994,3.0000
208,nodes,1,3.6766,-3.5983,3.0000
208,nodes,2,-6.3231,3.5996,3.0000
208,nodes,3,6.3250,3.5996,3.0000
208,scouts,0,-0.0109,-3.0141,3.0000
208,scouts,1,-2.5785,-0.2427,3.0000
208,scouts,2,-5.5246,-1.2872,3.0000
208,scouts,3,-2.0249,-4.3783,3.0000
208,scouts,4,5.5246,-1.2872,3.0000
208,scouts,5,2.5783,-0.2425,3.0000
208,scouts,6,0.0107,-3.0141,3.0000
208,scouts,7,2.0248,-4.3783,3.0000
208,scouts,8,-4.4737,1.2880,3.0000
208,scouts,9,-7.9734,4.3789,3.0000
208,scouts,10,-9.5000,3.0251,3.0000
208,scouts,11,-7.4198,0.2432,3.0000
208,scouts,12,9.5000,3.0248,3.0000
208,scouts,13,7.9734,4.3789,3.0000
208,scouts,14,4.4738,1.2878,3.0000
208,scouts,15,7.4199,0.2429,3.0000
208,workers,0,-3.0000,-5.0000,3.0000
208,workers,1,7.0000,-5.0000,3.0000
208,workers,2,-3.0000,5.0000,3.0000
208,workers,3,7.0000,5.0000,3.0000
209,general,0,0.0000,0.0000,5.0000
209,nodes,0,-3.6705,-3.5931,3.0000
209,nodes,1,3.6700,-3.5920,3.0000
209,nodes,2,-6.3298,3.5933,3.0000
209,nodes,3,6.3317,3.5934,3.0000
209,scouts,0,0.0046,-3.0051,3.0000
209,scouts,1,-2.5668,-0.2288,3.0000
209,scouts,2,-5.5135,-1.2743,3.0000
209,scouts,3,-2.0116,-4.3665,3.0000
209,scouts,4,5.5135,-1.2743,3.0000
209,scouts,5,2.5665,-0.2287,3.0000
209,scouts,6,-0.0048,-3.0051,3.0000
209,scouts,7,2.0116,-4.3665,3.0000
209,scouts,8,-4.4847,1.2752,3.0000
209,scouts,9,-7.9865,4.3672,3.0000
209,scouts,10,-9.5000,3.0169,3.0000
209,scouts,11,-7.4314,0.2294,3.0000
209,scouts,12,9.5000,3.0166,3.0000
209,scouts,13,7.9865,4.3672,3.0000
209,scouts,14,4.4848,1.2750,3.0000
209,scouts,15,7.4315,0.2291,3.0000
209,workers,0,-3.0000,-5.0000,3.0000
209,workers,1,7.0000,-5.0000,3.0000
209,workers,2,-3.0000,5.0000,3.0000
209,workers,3,7.0000,5.0000,3.0000
210,general,0,0.0000,0.0000,5.0000
210,nodes,0,-3.6638,-3.5868,3.0000
210,nodes,1,3.6633,-3.5856,3.0000
210,nodes,2,-6.3365,3.5871,3.0000
210,nodes,3,6.3383,3.5871,3.0000
210,scouts,0,0.0201,-2.9960,3.0000
210,scouts,1,-2.5550,-0.2150,3.0000
210,scouts,2,-5.5022,-1.2618,3.0000
210,scouts,3,-1.9984,-4.3547,3.0000
210,scouts,4,5.5022,-1.2617,3.0000
210,scouts,5,2.5548,-0.2148,3.0000
210,scouts,6,-0.0203,-2.9960,3.0000
210,scouts,7,1.9984,-4.3547,3.0000
210,scouts,8,-4.4959,1.2627,3.0000
210,scouts,9,-7.9996,4.3554,3.0000
210,scouts,10,-9.5000,3.0088,3.0000
210,scouts,11,-7.4430,0.2157,3.0000
210,scouts,12,9.5000,3.0085,3.0000
210,scouts,13,7.9996,4.3554,3.0000
210,scouts,14,4.4960,1.2625,3.0000
210,scouts,15,7.4431,0.2153,3.0000
210,workers,0,-3.0000,-5.0000,3.0000
210,workers,1,7.0000,-5.0000,3.0000
210,workers,2,-3.0000,5.0000,3.0000
210,workers,3,7.0000,5.0000,3.0000
211,general,0,0.0000,0.0000,5.0000
211,nodes,0,-3.6571,-3.5805,3.0000
211,nodes,1,3.6566,-3.5794,3.0000
211,nodes,2,-6.3431,3.5809,3.0000
211,nodes,3,6.3451,3.5808,3.0000
211,scouts,0,0.0356,-2.9870,3.0000
211,scouts,1,-2.5433,-0.2012,3.0000
211,scouts,2,-5.4906,-1.2495,3.0000
211,scouts,3,-1.9852,-4.3429,3.0000
211,scouts,4,5.4906,-1.2495,3.0000
211,scouts,5,2.5430,-0.2011,3.0000
211,scouts,6,-0.0358,-2.9870,3.0000
211,scouts,7,1.9851,-4.3429,3.0000
211,scouts,8,-4.5074,1.2505,3.0000
211,scouts,9,-8.0127,4.3437,3.0000
211,scouts,10,-9.5000,3.0007,3.0000
211,scouts,11,-7.4546,0.2019,3.0000
211,scouts,12,9.5000,3.0004,3.0000
211,scouts,13,8.0127,4.3436,3.0000
211,scouts,14,4.5075,1.2503,3.0000
211,scouts,15,7.4547,0.2016,3.0000
211,workers,0,-3.0000,-5.0000,3.0000
211,workers,1,7.0000,-5.0000,3.0000
211,workers,2,-3.0000,5.0000,3.0000
211,workers,3,7.0000,5.0000,3.0000
212,general,0,0.0000,0.0000,5.0000
212,nodes,0,-3.6504,-3.5742,3.0000
212,nodes,1,3.6499,-3.5732,3.0000
212,nodes,2,-6.3499,3.5747,3.0000
212,nodes,3,6.3517,3.5747,3.0000
212,scouts,0,0.0510,-2.9780,3.0000
212,scouts,1,-2.5315,-0.1875,3.0000
212,scouts,2,-5.4787,-1.2377,3.0000
212,scouts,3,-1.9720,-4.3310,3.0000
212,scouts,4,5.4787,-1.2377,3.0000
212,scouts,5,2.5313,-0.1873,3.0000
212,scouts,6,-0.0513,-2.9780,3.0000
212,scouts,7,1.9720,-4.3310,3.0000
212,scouts,8,-4.5191,1.2387,3.0000
212,scouts,9,-8.0257,4.3319,3.0000
212,scouts,10,-9.5000,2.9927,3.0000
212,scouts,11,-7.4662,0.1882,3.0000
212,scouts,12,9.5000,2.9923,3.0000
212,scouts,13,8.0257,4.3318,3.0000
212,scouts,14,4.5192,1.2386,3.0000
212,scouts,15,7.4663,0.1879,3.0000
212,workers,0,-3.0000,-5.0000,3.0000
212,workers,1,7.0000,-5.0000,3.0000
212,workers,2,-3.0000,5.0000,3.0000
212,workers,3,7.0000,5.0000,3.0000
213,general,0,0.0000,0.0000,5.0000
213,nodes,0,-3.6437,-3.5680,3.0000
213,nodes,1,3.6432,-3.5670,3.0000
213,nodes,2,-6.3566,3.5686,3.0000
213,nodes,3,6.3585,3.5686,3.0000
213,scouts,0,0.0665,-2.9690,3.0000
213,scouts,1,-2.5197,-0.1737,3.0000
213,scouts,2,-5.4665,-1.2263,3.0000
213,scouts,3,-1.9588,-4.3192,3.0000
213,scouts,4,5.4665,-1.2263,3.0000
213,scouts,5,2.5195,-0.1735,3.0000
213,scouts,6,-0.0668,-2.9690,3.0000
213,scouts,7,1.9588,-4.3192,3.0000
213,scouts,8,-4.5312,1.2274,3.0000
213,scouts,9,-8.0387,4.3201,3.0000
213,scouts,10,-9.5000,2.9847,3.0000
213,scouts,11,-7.4778,0.1745,3.0000
213,scouts,12,9.5000,2.9843,3.0000
213,scouts,13,8.0387,4.3200,3.0000
213,scouts,14,4.5313,1.2273,3.0000
213,scouts,15,7.4779,0.1742,3.0000
213,workers,0,-3.0000,-5.0000,3.0000
213,workers,1,7.0000,-5.0000,3.0000
213,workers,2,-3.0000,5.0000,3.0000
213,workers,3,7.0000,5.0000,3.0000
214,general,0,0.0000,0.0000,5.0000
214,nodes,0,-3.6370,-3.5618,3.0000
214,nodes,1,3.6365,-3.5609,3.0000
214,nodes,2,-6.3633,3.5625,3.0000
214,nodes,3,6.3653,3.5625,3.0000
214,scouts,0,0.0820,-2.9601,3.0000
214,scouts,1,-2.5079,-0.1600,3.0000
214,scouts,2,-5.4540,-1.2156,3.0000
214,scouts,3,-1.9457,-4.3073,3.0000
214,scouts,4,5.4540,-1.2155,3.0000
214,scouts,5,2.5077,-0.1598,3.0000
214,scouts,6,-0.0822,-2.9600,3.0000
214,scouts,7,1.9456,-4.3073,3.0000
214,scouts,8,-4.5435,1.2167,3.0000
214,scouts,9,-8.0517,4.3082,3.0000
214,scouts,10,-9.5000,2.9767,3.0000
214,scouts,11,-7.4895,0.1609,3.0000
214,scouts,12,9.5000,2.9764,3.0000
214,scouts,13,8.0517,4.3082,3.0000
214,scouts,14,4.5437,1.2166,3.0000
214,scouts,15,7.4895,0.1605,3.0000
214,workers,0,-3.0000,-5.0000,3.0000
214,workers,1,7.0000,-5.0000,3.0000
214,workers,2,-3.0000,5.0000,3.0000
214,workers,3,7.0000,5.0000,3.0000
215,general,0,0.0000,0.0000,5.0000
215,nodes,0,-3.6303,-3.5557,3.0000
215,nodes,1,3.6297,-3.5547,3.0000
215,nodes,2,-6.3702,3.5566,3.0000
215,nodes,3,6.3721,3.5564,3.0000
215,scouts,0,0.0974,-2.9511,3.0000
215,scouts,1,-2.4961,-0.1463,3.0000
215,scouts,2,-5.4411,-1.2056,3.0000
215,scouts,3,-1.9325,-4.2954,3.0000
215,scouts,4,5.4410,-1.2055,3.0000
215,scouts,5,2.4959,-0.1461,3.0000
215,scouts,6,-0.0977,-2.9511,3.0000
215,scouts,7,1.9325,-4.2954,3.0000
215,scouts,8,-4.5563,1.2068,3.0000
215,scouts,9,-8.0647,4.2964,3.0000
215,scouts,10,-9.5000,2.9688,3.0000
215,scouts,11,-7.5011,0.1473,3.0000
215,scouts,12,9.5000,2.9685,3.0000
215,scouts,13,8.0647,4.2964,3.0000
215,scouts,14,4.5564,1.2067,3.0000
215,scouts,15,7.5011,0.1469,3.0000
215,workers,0,-3.0000,-5.0000,3.0000
215,workers,1,7.0000,-5.0000,3.0000
215,workers,2,-3.0000,5.0000,3.0000
215,workers,3,7.0000,5.0000,3.0000
216,general,0,0.0000,0.0000,5.0000
216,nodes,0,-3.6235,-3.5496,3.0000
216,nodes,1,3.6229,-3.5487,3.0000
216,nodes,2,-6.3769,3.5505,3.0000
216,nodes,3,6.3789,3.5504,3.0000
216,scouts,0,0.1129,-2.9421,3.0000
216,scouts,1,-2.4843,-0.1327,3.0000
216,scouts,2,-5.4277,-1.1966,3.0000
216,scouts,3,-1.9194,-4.2835,3.0000
216,scouts,4,5.4277,-1.1965,3.0000
216,scouts,5,2.4841,-0.1325,3.0000
216,scouts,6,-0.1131,-2.9421,3.0000
216,scouts,7,1.9194,-4.2835,3.0000
216,scouts,8,-4.5694,1.1978,3.0000
216,scouts,9,-8.0777,4.2846,3.0000
216,scouts,10,-9.5000,2.9609,3.0000
216,scouts,11,-7.5127,0.1337,3.0000
216,scouts,12,9.5000,2.9606,3.0000
216,scouts,13,8.0777,4.2845,3.0000
216,scouts,14,4.5696,1.1977,3.0000
216,scouts,15,7.5128,0.1333,3.0000
216,workers,0,-3.0000,-5.0000,3.0000
216,workers,1,7.0000,-5.0000,3.0000
216,workers,2,-3.0000,5.0000,3.0000
216,workers,3,7.0000,5.0000,3.0000
217,general,0,0.0000,0.0000,5.0000
217,nodes,0,-3.6167,-3.5436,3.0000
217,nodes,1,3.6160,-3.5427,3.0000
217,nodes,2,-6.3839,3.5446,3.0000
217,nodes,3,6.3857,3.5445,3.0000
217,scouts,0,0.1283,-2.9332,3.0000
217,scouts,1,-2.4725,-0.1190,3.0000
217,scouts,2,-5.4141,-1.1892,3.0000
217,scouts,3,-1.9063,-4.2716,3.0000
217,scouts,4,5.4140,-1.1891,3.0000
217,scouts,5,2.4723,-0.1188,3.0000
217,scouts,6,-0.1286,-2.9332,3.0000
217,scouts,7,1.9063,-4.2715,3.0000
217,scouts,8,-4.5829,1.1903,3.0000
217,scouts,9,-8.0906,4.2727,3.0000
217,scouts,10,-9.5000,2.9531,3.0000
217,scouts,11,-7.5244,0.1201,3.0000
217,scouts,12,9.5000,2.9527,3.0000
217,scouts,13,8.0906,4.2727,3.0000
217,scouts,14,4.5831,1.1902,3.0000
217,scouts,15,7.5244,0.1197,3.0000
217,workers,0,-3.0000,-5.0000,3.0000
217,workers,1,7.0000,-5.0000,3.0000
217,workers,2,-3.0000,5.0000,3.0000
217,workers,3,7.0000,5.0000,3.0000
218,general,0,0.0000,0.0000,5.0000
218,nodes,0,-3.6098,-3.5377,3.0000
218,nodes,1,3.6092,-3.5368,3.0000
218,nodes,2,-6.3906,3.5388,3.0000
218,nodes,3,6.3924,3.5388,3.0000
218,scouts,0,0.1438,-2.9242,3.0000
218,scouts,1,-2.4607,-0.1054,3.0000
218,scouts,2,-5.4006,-1.1844,3.0000
218,scouts,3,-1.8933,-4.2596,3.0000
218,scouts,4,5.4006,-1.1844,3.0000
218,scouts,5,2.4605,-0.1052,3.0000
218,scouts,6,-0.1440,-2.9242,3.0000
218,scouts,7,1.8932,-4.2596,3.0000
218,scouts,8,-4.5964,1.1851,3.0000
218,scouts,9,-8.1035,4.2608,3.0000
218,scouts,10,-9.5000,2.9453,3.0000
218,scouts,11,-7.5360,0.1065,3.0000
218,scouts,12,9.5000,2.9449,3.0000
218,scouts,13,8.1035,4.2608,3.0000
218,scouts,14,4.5966,1.1851,3.0000
218,scouts,15,7.5360,0.1062,3.0000
218,workers,0,-3.0000,-5.0000,3.0000
218,workers,1,7.0000,-5.0000,3.0000
218,workers,2,-3.0000,5.0000,3.0000
218,workers,3,7.0000,5.0000,3.0000
219,general,0,0.0000,0.0000,5.0000
219,nodes,0,-3.6029,-3.5321,3.0000
219,nodes,1,3.6024,-3.5312,3.0000
219,nodes,2,-6.3975,3.5333,3.0000
219,nodes,3,6.3994,3.5332,3.0000
219,scouts,0,0.1592,-2.9153,3.0000
219,scouts,1,-2.4489,-0.0918,3.0000
219,scouts,2,-5.3893,-1.1831,3.0000
219,scouts,3,-1.8802,-4.2476,3.0000
219,scouts,4,5.3893,-1.1830,3.0000
219,scouts,5,2.4486,-0.0916,3.0000
219,scouts,6,-0.1594,-2.9153,3.0000
219,scouts,7,1.8801,-4.2476,3.0000
219,scouts,8,-4.6082,1.1833,3.0000
219,scouts,9,-8.1164,4.2489,3.0000
219,scouts,10,-9.5000,2.9375,3.0000
219,scouts,11,-7.5476,0.0930,3.0000
219,scouts,12,9.5000,2.9372,3.0000
219,scouts,13,8.1164,4.2489,3.0000
219,scouts,14,4.6083,1.1833,3.0000
219,scouts,15,7.5477,0.0927,3.0000
219,workers,0,-3.0000,-5.0000,3.0000
219,workers,1,7.0000,-5.0000,3.0000
219,workers,2,-3.0000,5.0000,3.0000
219,workers,3,7.0000,5.0000,3.0000
220,general,0,0.0000,0.0000,5.0000
220,nodes,0,-3.5963,-3.5267,3.0000
220,nodes,1,3.5957,-3.5258,3.0000
220,nodes,2,-6.4042,3.5280,3.0000
220,nodes,3,6.4060,3.5279,3.0000
220,scouts,0,0.1746,-2.9064,3.0000
220,scouts,1,-2.4370,-0.0783,3.0000
220,scouts,2,-5.3815,-1.1842,3.0000
220,scouts,3,-1.8672,-4.2357,3.0000
220,scouts,4,5.3815,-1.1842,3.0000
220,scouts,5,2.4368,-0.0781,3.0000
220,scouts,6,-0.1749,-2.9063,3.0000
220,scouts,7,1.8671,-4.2356,3.0000
220,scouts,8,-4.6167,1.1842,3.0000
220,scouts,9,-8.1292,4.2370,3.0000
220,scouts,10,-9.5000,2.9298,3.0000
220,scouts,11,-7.5593,0.0795,3.0000
220,scouts,12,9.5000,2.9295,3.0000
220,scouts,13,8.1292,4.2370,3.0000
220,scouts,14,4.6167,1.1843,3.0000
220,scouts,15,7.5593,0.0792,3.0000
220,workers,0,-3.0000,-5.0000,3.0000
220,workers,1,7.0000,-5.0000,3.0000
220,workers,2,-3.0000,5.0000,3.0000
220,workers,3,7.0000,5.0000,3.0000
221,general,0,0.0000,0.0000,5.0000
221,nodes,0,-3.5900,-3.5215,3.0000
221,nodes,1,3.5893,-3.5205,3.0000
221,nodes,2,-6.4106,3.5229,3.0000
221,nodes,3,6.4124,3.5227,3.0000
221,scouts,0,0.1901,-2.8974,3.0000
221,scouts,1,-2.4252,-0.0647,3.0000
221,scouts,2,-5.3773,-1.1869,3.0000
221,scouts,3,-1.8541,-4.2237,3.0000
221,scouts,4,5.3773,-1.1869,3.0000
221,scouts,5,2.4249,-0.0645,3.0000
221,scouts,6,-0.1903,-2.8974,3.0000
221,scouts,7,1.8541,-4.2236,3.0000
221,scouts,8,-4.6216,1.1869,3.0000
221,scouts,9,-8.1420,4.2251,3.0000
221,scouts,10,-9.5000,2.9222,3.0000
221,scouts,11,-7.5709,0.0661,3.0000
221,scouts,12,9.5000,2.9218,3.0000
221,scouts,13,8.1421,4.2251,3.0000
221,scouts,14,4.6216,1.1870,3.0000
221,scouts,15,7.5710,0.0657,3.0000
221,workers,0,-3.0000,-5.0000,3.0000
221,workers,1,7.0000,-5.0000,3.0000
221,workers,2,-3.0000,5.0000,3.0000
221,workers,3,7.0000,5.0000,3.0000
222,general,0,0.0000,0.0000,5.0000
222,nodes,0,-3.5839,-3.5164,3.0000
222,nodes,1,3.5832,-3.5154,3.0000
222,nodes,2,-6.4168,3.5179,3.0000
222,nodes,3,6.4186,3.5177,3.0000
222,scouts,0,0.2055,-2.8885,3.0000
222,scouts,1,-2.4133,-0.0512,3.0000
222,scouts,2,-5.3764,-1.1907,3.0000
222,scouts,3,-1.8411,-4.2116,3.0000
222,scouts,4,5.3764,-1.1907,3.0000
222,scouts,5,2.4131,-0.0510,3.0000
222,scouts,6,-0.2057,-2.8885,3.0000
222,scouts,7,1.8411,-4.2116,3.0000
222,scouts,8,-4.6230,1.1907,3.0000
222,scouts,9,-8.1549,4.2132,3.0000
222,scouts,10,-9.5000,2.9145,3.0000
222,scouts,11,-7.5826,0.0526,3.0000
222,scouts,12,9.5000,2.9142,3.0000
222,scouts,13,8.1549,4.2132,3.0000
222,scouts,14,4.6229,1.1908,3.0000
222,scouts,15,7.5827,0.0523,3.0000
222,workers,0,-3.0000,-5.0000,3.0000
222,workers,1,7.0000,-5.0000,3.0000
222,workers,2,-3.0000,5.0000,3.0000
222,workers,3,7.0000,5.0000,3.0000
223,general,0,0.0000,0.0000,5.0000
223,nodes,0,-3.5780,-3.5113,3.0000
223,nodes,1,3.5774,-3.5103,3.0000
223,nodes,2,-6.4227,3.5129,3.0000
223,nodes,3,6.4244,3.5127,3.0000
223,scouts,0,0.2209,-2.8796,3.0000
223,scouts,1,-2.4014,-0.0378,3.0000
223,scouts,2,-5.3786,-1.1950,3.0000
223,scouts,3,-1.8281,-4.1996,3.0000
223,scouts,4,5.3786,-1.1951,3.0000
223,scouts,5,2.4012,-0.0376,3.0000
223,scouts,6,-0.2212,-2.8796,3.0000
223,scouts,7,1.8281,-4.1996,3.0000
223,scouts,8,-4.6211,1.1951,3.0000
223,scouts,9,-8.1677,4.2012,3.0000
223,scouts,10,-9.5000,2.9070,3.0000
223,scouts,11,-7.5943,0.0392,3.0000
223,scouts,12,9.5000,2.9066,3.0000
223,scouts,13,8.1677,4.2012,3.0000
223,scouts,14,4.6211,1.1951,3.0000
223,scouts,15,7.5943,0.0389,3.0000
223,workers,0,-3.0000,-5.0000,3.0000
223,workers,1,7.0000,-5.0000,3.0000
223,workers,2,-3.0000,5.0000,3.0000
223,workers,3,7.0000,5.0000,3.0000
224,general,0,0.0000,0.0000,5.0000
224,nodes,0,-3.5723,-3.5062,3.0000
224,nodes,1,3.5718,-3.5053,3.0000
224,nodes,2,-6.4284,3.5080,3.0000
224,nodes,3,6.4302,3.5078,3.0000
224,scouts,0,0.2363,-2.8708,3.0000
224,scouts,1,-2.3895,-0.0243,3.0000
224,scouts,2,-5.3837,-1.1995,3.0000
224,scouts,3,-1.8152,-4.1875,3.0000
224,scouts,4,5.3837,-1.1995,3.0000
224,scouts,5,2.3893,-0.0241,3.0000
224,scouts,6,-0.2366,-2.8707,3.0000
224,scouts,7,1.8151,-4.1875,3.0000
224,scouts,8,-4.6164,1.1995,3.0000
224,scouts,9,-8.1804,4.1893,3.0000
224,scouts,10,-9.5000,2.8994,3.0000
224,scouts,11,-7.6060,0.0259,3.0000
224,scouts,12,9.5000,2.8991,3.0000
224,scouts,13,8.1804,4.1892,3.0000
224,scouts,14,4.6164,1.1996,3.0000
224,scouts,15,7.6060,0.0255,3.0000
224,workers,0,-3.0000,-5.0000,3.0000
224,workers,1,7.0000,-5.0000,3.0000
224,workers,2,-3.0000,5.0000,3.0000
224,workers,3,7.0000,5.0000,3.0000
225,general,0,0.0000,0.0000,5.0000
225,nodes,0,-3.5668,-3.5012,3.0000
225,nodes,1,3.5664,-3.5002,3.0000
225,nodes,2,-6.4339,3.5031,3.0000
225,nodes,3,6.4357,3.5028,3.0000
225,scouts,0,0.2518,-2.8619,3.0000
225,scouts,1,-2.3776,-0.0109,3.0000
225,scouts,2,-5.3912,-1.2034,3.0000
225,scouts,3,-1.8022,-4.1755,3.0000
225,scouts,4,5.3913,-1.2034,3.0000
225,scouts,5,2.3774,-0.0107,3.0000
225,scouts,6,-0.2520,-2.8618,3.0000
225,scouts,7,1.8022,-4.1754,3.0000
225,scouts,8,-4.6092,1.2035,3.0000
225,scouts,9,-8.1932,4.1773,3.0000
225,scouts,10,-9.5000,2.8920,3.0000
225,scouts,11,-7.6177,0.0125,3.0000
225,scouts,12,9.5000,2.8916,3.0000
225,scouts,13,8.1932,4.1773,3.0000
225,scouts,14,4.6091,1.2036,3.0000
225,scouts,15,7.6177,0.0122,3.0000
225,workers,0,-3.0000,-5.0000,3.0000
225,workers,1,7.0000,-5.0000,3.0000
225,workers,2,-3.0000,5.0000,3.0000
225,workers,3,7.0000,5.0000,3.0000
226,general,0,0.0000,0.0000,5.0000
226,nodes,0,-3.5616,-3.4961,3.0000
226,nodes,1,3.5611,-3.4951,3.0000
226,nodes,2,-6.4392,3.4981,3.0000
226,nodes,3,6.4410,3.4979,3.0000
226,scouts,0,0.2672,-2.8530,3.0000
226,scouts,1,-2.3657,0.0025,3.0000
226,scouts,2,-5.3983,-1.2069,3.0000
226,scouts,3,-1.7893,-4.1634,3.0000
226,scouts,4,5.3983,-1.2070,3.0000
226,scouts,5,2.3654,0.0027,3.0000
226,scouts,6,-0.2674,-2.8530,3.0000
226,scouts,7,1.7892,-4.1633,3.0000
226,scouts,8,-4.6023,1.2071,3.0000
226,scouts,9,-8.2059,4.1653,3.0000
226,scouts,10,-9.5000,2.8845,3.0000
226,scouts,11,-7.6294,-0.0008,3.0000
226,scouts,12,9.5000,2.8842,3.0000
226,scouts,13,8.2059,4.1653,3.0000
226,scouts,14,4.6022,1.2071,3.0000
226,scouts,15,7.6294,-0.0012,3.0000
226,workers,0,-3.0000,-5.0000,3.0000
226,workers,1,7.0000,-5.0000,3.0000
226,workers,2,-3.0000,5.0000,3.0000
226,workers,3,7.0000,5.0000,3.0000
227,general,0,0.0000,0.0000,5.0000
227,nodes,0,-3.5561,-3.4909,3.0000
227,nodes,1,3.5557,-3.4899,3.0000
227,nodes,2,-6.4447,3.4931,3.0000
227,nodes,3,6.4464,3.4929,3.0000
227,scouts,0,0.2826,-2.8441,3.0000
227,scouts,1,-2.3537,0.0159,3.0000
227,scouts,2,-5.4049,-1.2101,3.0000
227,scouts,3,-1.7764,-4.1512,3.0000
227,scouts,4,5.4049,-1.2101,3.0000
227,scouts,5,2.3535,0.0161,3.0000
227,scouts,6,-0.2829,-2.8441,3.0000
227,scouts,7,1.7763,-4.1512,3.0000
227,scouts,8,-4.5958,1.2103,3.0000
227,scouts,9,-8.2186,4.1533,3.0000
227,scouts,10,-9.5000,2.8771,3.0000
227,scouts,11,-7.6411,-0.0141,3.0000
227,scouts,12,9.5000,2.8768,3.0000
227,scouts,13,8.2186,4.1532,3.0000
227,scouts,14,4.5957,1.2103,3.0000
227,scouts,15,7.6411,-0.0144,3.0000
227,workers,0,-3.0000,-5.0000,3.0000
227,workers,1,7.0000,-5.0000,3.0000
227,workers,2,-3.0000,5.0000,3.0000
227,workers,3,7.0000,5.0000,3.0000
228,general,0,0.0000,0.0000,5.0000
228,nodes,0,-3.5508,-3.4858,3.0000
228,nodes,1,3.5502,-3.4848,3.0000
228,nodes,2,-6.4501,3.4881,3.0000
228,nodes,3,6.4518,3.4879,3.0000
228,scouts,0,0.2980,-2.8353,3.0000
228,scouts,1,-2.3418,0.0292,3.0000
228,scouts,2,-5.4100,-1.2104,3.0000
228,scouts,3,-1.7635,-4.1391,3.0000
228,scouts,4,5.4100,-1.2104,3.0000
228,scouts,5,2.3415,0.0295,3.0000
228,scouts,6,-0.2983,-2.8352,3.0000
228,scouts,7,1.7634,-4.1390,3.0000
228,scouts,8,-4.5907,1.2106,3.0000
228,scouts,9,-8.2313,4.1412,3.0000
228,scouts,10,-9.5000,2.8697,3.0000
228,scouts,11,-7.6528,-0.0273,3.0000
228,scouts,12,9.5000,2.8694,3.0000
228,scouts,13,8.2313,4.1412,3.0000
228,scouts,14,4.5905,1.2107,3.0000
228,scouts,15,7.6529,-0.0277,3.0000
228,workers,0,-3.0000,-5.0000,3.0000
228,workers,1,7.0000,-5.0000,3.0000
228,workers,2,-3.0000,5.0000,3.0000
228,workers,3,7.0000,5.0000,3.0000
229,general,0,0.0000,0.0000,5.0000
229,nodes,0,-3.5453,-3.4804,3.0000
229,nodes,1,3.5447,-3.4794,3.0000
229,nodes,2,-6.4557,3.4828,3.0000
229,nodes,3,6.4574,3.4826,3.0000
229,scouts,0,0.3135,-2.8264,3.0000
229,scouts,1,-2.3298,0.0426,3.0000
229,scouts,2,-5.4131,-1.2089,3.0000
229,scouts,3,-1.7506,-4.1269,3.0000
229,scouts,4,5.4131,-1.2089,3.0000
229,scouts,5,2.3295,0.0428,3.0000
229,scouts,6,-0.3137,-2.8264,3.0000
229,scouts,7,1.7505,-4.1269,3.0000
229,scouts,8,-4.5874,1.2090,3.0000
229,scouts,9,-8.2440,4.1292,3.0000
229,scouts,10,-9.5000,2.8624,3.0000
229,scouts,11,-7.6646,-0.0406,3.0000
229,scouts,12,9.5000,2.8621,3.0000
229,scouts,13,8.2440,4.1291,3.0000
229,scouts,14,4.5873,1.2091,3.0000
229,scouts,15,7.6646,-0.0409,3.0000
229,workers,0,-3.0000,-5.0000,3.0000
229,workers,1,7.0000,-5.0000,3.0000
229,workers,2,-3.0000,5.0000,3.0000
229,workers,3,7.0000,5.0000,3.0000
230,general,0,0.0000,0.0000,5.0000
230,nodes,0,-3.5396,-3.4749,3.0000
230,nodes,1,3.5391,-3.4739,3.0000
230,nodes,2,-6.4614,3.4774,3.0000
230,nodes,3,6.4630,3.4772,3.0000
230,scouts,0,0.3289,-2.8176,3.0000
230,scouts,1,-2.3178,0.0559,3.0000
230,scouts,2,-5.4140,-1.2061,3.0000
230,scouts,3,-1.7377,-4.1147,3.0000
230,scouts,4,5.4140,-1.2062,3.0000
230,scouts,5,2.3175,0.0561,3.0000
230,scouts,6,-0.3292,-2.8175,3.0000
230,scouts,7,1.7377,-4.1147,3.0000
230,scouts,8,-4.5862,1.2062,3.0000
230,scouts,9,-8.2566,4.1171,3.0000
230,scouts,10,-9.5000,2.8551,3.0000
230,scouts,11,-7.6763,-0.0538,3.0000
230,scouts,12,9.5000,2.8548,3.0000
230,scouts,13,8.2566,4.1170,3.0000
230,scouts,14,4.5861,1.2062,3.0000
230,scouts,15,7.6764,-0.0541,3.0000
230,workers,0,-3.0000,-5.0000,3.0000
230,workers,1,7.0000,-5.0000,3.0000
230,workers,2,-3.0000,5.0000,3.0000
230,workers,3,7.0000,5.0000,3.0000
231,general,0,0.0000,0.0000,5.0000
231,nodes,0,-3.5337,-3.4693,3.0000
231,nodes,1,3.5332,-3.4683,3.0000
231,nodes,2,-6.4674,3.4719,3.0000
231,nodes,3,6.4689,3.4716,3.0000
231,scouts,0,0.3443,-2.8087,3.0000
231,scouts,1,-2.3058,0.0692,3.0000
231,scouts,2,-5.4129,-1.2028,3.0000
231,scouts,3,-1.7249,-4.1025,3.0000
231,scouts,4,5.4129,-1.2028,3.0000
231,scouts,5,2.3055,0.0694,3.0000
231,scouts,6,-0.3446,-2.8087,3.0000
231,scouts,7,1.7248,-4.1024,3.0000
231,scouts,8,-4.5870,1.2027,3.0000
231,scouts,9,-8.2692,4.1050,3.0000
231,scouts,10,-9.5000,2.8479,3.0000
231,scouts,11,-7.6881,-0.0670,3.0000
231,scouts,12,9.5000,2.8475,3.0000
231,scouts,13,8.2692,4.1049,3.0000
231,scouts,14,4.5870,1.2027,3.0000
231,scouts,15,7.6881,-0.0673,3.0000
231,workers,0,-3.0000,-5.0000,3.0000
231,workers,1,7.0000,-5.0000,3.0000
231,workers,2,-3.0000,5.0000,3.0000
231,workers,3,7.0000,5.0000,3.0000
232,general,0,0.0000,0.0000,5.0000
232,nodes,0,-3.5278,-3.4637,3.0000
232,nodes,1,3.5272,-3.4627,3.0000
232,nodes,2,-6.4734,3.4664,3.0000
232,nodes,3,6.4748,3.4662,3.0000
232,scouts,0,0.3598,-2.7999,3.0000
232,scouts,1,-2.2937,0.0824,3.0000
232,scouts,2,-5.4098,-1.1993,3.0000
232,scouts,3,-1.7120,-4.0902,3.0000
232,scouts,4,5.4099,-1.1993,3.0000
232,scouts,5,2.2935,0.0826,3.0000
232,scouts,6,-0.3600,-2.7999,3.0000
232,scouts,7,1.7120,-4.0902,3.0000
232,scouts,8,-4.5898,1.1992,3.0000
232,scouts,9,-8.2818,4.0928,3.0000
232,scouts,10,-9.5000,2.8406,3.0000
232,scouts,11,-7.6999,-0.0801,3.0000
232,scouts,12,9.5000,2.8403,3.0000
232,scouts,13,8.2818,4.0928,3.0000
232,scouts,14,4.5898,1.1993,3.0000
232,scouts,15,7.6999,-0.0805,3.0000
232,workers,0,-3.0000,-5.0000,3.0000
232,workers,1,7.0000,-5.0000,3.0000
232,workers,2,-3.0000,5.0000,3.0000
232,workers,3,7.0000,5.0000,3.0000
233,general,0,0.0000,0.0000,5.0000
233,nodes,0,-3.5216,-3.4581,3.0000
233,nodes,1,3.5210,-3.4571,3.0000
233,nodes,2,-6.4795,3.4610,3.0000
233,nodes,3,6.4811,3.4608,3.0000
233,scouts,0,0.3752,-2.7911,3.0000
233,scouts,1,-2.2817,0.0957,3.0000
233,scouts,2,-5.4077,-1.1964,3.0000
233,scouts,3,-1.6992,-4.0779,3.0000
233,scouts,4,5.4077,-1.1965,3.0000
233,scouts,5,2.2814,0.0959,3.0000
233,scouts,6,-0.3755,-2.7910,3.0000
233,scouts,7,1.6992,-4.0779,3.0000
233,scouts,8,-4.5944,1.1965,3.0000
233,scouts,9,-8.2944,4.0807,3.0000
233,scouts,10,-9.5000,2.8335,3.0000
233,scouts,11,-7.7117,-0.0932,3.0000
233,scouts,12,9.5000,2.8331,3.0000
233,scouts,13,8.2944,4.0806,3.0000
233,scouts,14,4.5943,1.1965,3.0000
233,scouts,15,7.7117,-0.0936,3.0000
233,workers,0,-3.0000,-5.0000,3.0000
233,workers,1,7.0000,-5.0000,3.0000
233,workers,2,-3.0000,5.0000,3.0000
233,workers,3,7.0000,5.0000,3.0000
234,general,0,0.0000,0.0000,5.0000
234,nodes,0,-3.5156,-3.4525,3.0000
234,nodes,1,3.5151,-3.4515,3.0000
234,nodes,2,-6.4858,3.4555,3.0000
234,nodes,3,6.4872,3.4554,3.0000
234,scouts,0,0.3907,-2.7822,3.0000
234,scouts,1,-2.2696,0.1089,3.0000
234,scouts,2,-5.4063,-1.1940,3.0000
234,scouts,3,-1.6864,-4.0656,3.0000
234,scouts,4,5.4064,-1.1940,3.0000
234,scouts,5,2.2693,0.1091,3.0000
234,scouts,6,-0.3909,-2.7822,3.0000
234,scouts,7,1.6864,-4.0656,3.0000
234,scouts,8,-4.5978,1.1942,3.0000
234,scouts,9,-8.3070,4.0685,3.0000
234,scouts,10,-9.5000,2.8263,3.0000
234,scouts,11,-7.7235,-0.1063,3.0000
234,scouts,12,9.5000,2.8260,3.0000
234,scouts,13,8.3070,4.0685,3.0000
234,scouts,14,4.5977,1.1943,3.0000
234,scouts,15,7.7235,-0.1067,3.0000
234,workers,0,-3.0000,-5.0000,3.0000
234,workers,1,7.0000,-5.0000,3.0000
234,workers,2,-3.0000,5.0000,3.0000
234,workers,3,7.0000,5.0000,3.0000
235,general,0,0.0000,0.0000,5.0000
235,nodes,0,-3.5097,-3.4470,3.0000
235,nodes,1,3.5090,-3.4461,3.0000
235,nodes,2,-6.4920,3.4501,3.0000
235,nodes,3,6.4933,3.4500,3.0000
235,scouts,0,0.4061,-2.7734,3.0000
235,scouts,1,-2.2575,0.1221,3.0000
235,scouts,2,-5.4057,-1.1920,3.0000
235,scouts,3,-1.6737,-4.0533,3.0000
235,scouts,4,5.4057,-1.1920,3.0000
235,scouts,5,2.2572,0.1223,3.0000
235,scouts,6,-0.4063,-2.7734,3.0000
235,scouts,7,1.6736,-4.0533,3.0000
235,scouts,8,-4.6002,1.1924,3.0000
235,scouts,9,-8.3195,4.0563,3.0000
235,scouts,10,-9.5000,2.8192,3.0000
235,scouts,11,-7.7353,-0.1194,3.0000
235,scouts,12,9.5000,2.8189,3.0000
235,scouts,13,8.3195,4.0563,3.0000
235,scouts,14,4.6001,1.1924,3.0000
235,scouts,15,7.7354,-0.1198,3.0000
235,workers,0,-3.0000,-5.0000,3.0000
235,workers,1,7.0000,-5.0000,3.0000
235,workers,2,-3.0000,5.0000,3.0000
235,workers,3,7.0000,5.0000,3.0000
236,general,0,0.0000,0.0000,5.0000
236,nodes,0,-3.5037,-3.4416,3.0000
236,nodes,1,3.5032,-3.4405,3.0000
236,nodes,2,-6.4980,3.4448,3.0000
236,nodes,3,6.4994,3.4446,3.0000
236,scouts,0,0.4215,-2.7646,3.0000
236,scouts,1,-2.2454,0.1352,3.0000
236,scouts,2,-5.4056,-1.1903,3.0000
236,scouts,3,-1.6609,-4.0409,3.0000
236,scouts,4,5.4056,-1.1903,3.0000
236,scouts,5,2.2451,0.1354,3.0000
236,scouts,6,-0.4218,-2.7646,3.0000
236,scouts,7,1.6609,-4.0409,3.0000
236,scouts,8,-4.6017,1.1909,3.0000
236,scouts,9,-8.3320,4.0441,3.0000
236,scouts,10,-9.5000,2.8122,3.0000
236,scouts,11,-7.7472,-0.1325,3.0000
236,scouts,12,9.5000,2.8118,3.0000
236,scouts,13,8.3320,4.0440,3.0000
236,scouts,14,4.6016,1.1909,3.0000
236,scouts,15,7.7472,-0.1328,3.0000
236,workers,0,-3.0000,-5.0000,3.0000
236,workers,1,7.0000,-5.0000,3.0000
236,workers,2,-3.0000,5.0000,3.0000
236,workers,3,7.0000,5.0000,3.0000
237,general,0,0.0000,0.0000,5.0000
237,nodes,0,-3.4979,-3.4361,3.0000
237,nodes,1,3.4973,-3.4350,3.0000
237,nodes,2,-6.5040,3.4395,3.0000
237,nodes,3,6.5053,3.4393,3.0000
237,scouts,0,0.4370,-2.7558,3.0000
237,scouts,1,-2.2332,0.1484,3.0000
237,scouts,2,-5.4047,-1.1913,3.0000
237,scouts,3,-1.6482,-4.0285,3.0000
237,scouts,4,5.4047,-1.1913,3.0000
237,scouts,5,2.2330,0.1486,3.0000
237,scouts,6,-0.4372,-2.7557,3.0000
237,scouts,7,1.6482,-4.0285,3.0000
237,scouts,8,-4.6024,1.1896,3.0000
237,scouts,9,-8.3445,4.0318,3.0000
237,scouts,10,-9.5000,2.8051,3.0000
237,scouts,11,-7.7590,-0.1455,3.0000
237,scouts,12,9.5000,2.8048,3.0000
237,scouts,13,8.3445,4.0318,3.0000
237,scouts,14,4.6024,1.1896,3.0000
237,scouts,15,7.7591,-0.1459,3.0000
237,workers,0,-3.0000,-5.0000,3.0000
237,workers,1,7.0000,-5.0000,3.0000
237,workers,2,-3.0000,5.0000,3.0000
237,workers,3,7.0000,5.0000,3.0000
238,general,0,0.0000,0.0000,5.0000
238,nodes,0,-3.4919,-3.4309,3.0000
238,nodes,1,3.4914,-3.4298,3.0000
238,nodes,2,-6.5099,3.4342,3.0000
238,nodes,3,6.5113,3.4340,3.0000
238,scouts,0,0.4524,-2.7470,3.0000
238,scouts,1,-2.2211,0.1615,3.0000
238,scouts,2,-5.4044,-1.1922,3.0000
238,scouts,3,-1.6355,-4.0161,3.0000
238,scouts,4,5.4044,-1.1922,3.0000
238,scouts,5,2.2208,0.1617,3.0000
238,scouts,6,-0.4527,-2.7469,3.0000
238,scouts,7,1.6355,-4.0161,3.0000
238,scouts,8,-4.6020,1.1913,3.0000
238,scouts,9,-8.3569,4.0195,3.0000
238,scouts,10,-9.5000,2.7982,3.0000
238,scouts,11,-7.7709,-0.1585,3.0000
238,scouts,12,9.5000,2.7978,3.0000
238,scouts,13,8.3570,4.0195,3.0000
238,scouts,14,4.6019,1.1912,3.0000
238,scouts,15,7.7709,-0.1589,3.0000
238,workers,0,-3.0000,-5.0000,3.0000
238,workers,1,7.0000,-5.0000,3.0000
238,workers,2,-3.0000,5.0000,3.0000
238,workers,3,7.0000,5.0000,3.0000
239,general,0,0.0000,0.0000,5.0000
239,nodes,0,-3.4861,-3.4256,3.0000
239,nodes,1,3.4854,-3.4245,3.0000
239,nodes,2,-6.5157,3.4292,3.0000
239,nodes,3,6.5171,3.4289,3.0000
239,scouts,0,0.4679,-2.7382,3.0000
239,scouts,1,-2.2089,0.1746,3.0000
239,scouts,2,-5.4047,-1.1930,3.0000
239,scouts,3,-1.6228,-4.0036,3.0000
239,scouts,4,5.4047,-1.1930,3.0000
239,scouts,5,2.2087,0.1748,3.0000
239,scouts,6,-0.4681,-2.7381,3.0000
239,scouts,7,1.6228,-4.0036,3.0000
239,scouts,8,-4.6010,1.1928,3.0000
239,scouts,9,-8.3694,4.0072,3.0000
239,scouts,10,-9.5000,2.7912,3.0000
239,scouts,11,-7.7828,-0.1715,3.0000
239,scouts,12,9.5000,2.7909,3.0000
239,scouts,13,8.3694,4.0072,3.0000
239,scouts,14,4.6010,1.1928,3.0000
239,scouts,15,7.7828,-0.1718,3.0000
239,workers,0,-3.0000,-5.0000,3.0000
239,workers,1,7.0000,-5.0000,3.0000
239,workers,2,-3.0000,5.0000,3.0000
239,workers,3,7.0000,5.0000,3.0000
240,general,0,0.0000,0.0000,5.0000
240,nodes,0,-3.4803,-3.4203,3.0000
240,nodes,1,3.4796,-3.4191,3.0000
240,nodes,2,-6.5215,3.4240,3.0000
240,nodes,3,6.5230,3.4239,3.0000
240,scouts,0,0.4833,-2.7294,3.0000
240,scouts,1,-2.1967,0.1876,3.0000
240,scouts,2,-5.4054,-1.1938,3.0000
240,scouts,3,-1.6102,-3.9912,3.0000
240,scouts,4,5.4054,-1.1938,3.0000
240,scouts,5,2.1965,0.1879,3.0000
240,scouts,6,-0.4836,-2.7293,3.0000
240,scouts,7,1.6101,-3.9911,3.0000
240,scouts,8,-4.5996,1.1942,3.0000
240,scouts,9,-8.3818,3.9949,3.0000
240,scouts,10,-9.5000,2.7843,3.0000
240,scouts,11,-7.7947,-0.1844,3.0000
240,scouts,12,9.5000,2.7840,3.0000
240,scouts,13,8.3818,3.9949,3.0000
240,scouts,14,4.5996,1.1942,3.0000
240,scouts,15,7.7947,-0.1848,3.0000
240,workers,0,-3.0000,-5.0000,3.0000
240,workers,1,7.0000,-5.0000,3.0000
240,workers,2,-3.0000,5.0000,3.0000
240,workers,3,7.0000,5.0000,3.0000
241,general,0,0.0000,0.0000,5.0000
241,nodes,0,-3.4745,-3.4150,3.0000
241,nodes,1,3.4739,-3.4138,3.0000
241,nodes,2,-6.5274,3.4188,3.0000
241,nodes,3,6.5287,3.4188,3.0000
241,scouts,0,0.4988,-2.7206,3.0000
241,scouts,1,-2.1845,0.2007,3.0000
241,scouts,2,-5.4066,-1.1946,3.0000
241,scouts,3,-1.5975,-3.9787,3.0000
241,scouts,4,5.4066,-1.1946,3.0000
241,scouts,5,2.1843,0.2009,3.0000
241,scouts,6,-0.4990,-2.7205,3.0000
241,scouts,7,1.5975,-3.9786,3.0000
241,scouts,8,-4.5978,1.1955,3.0000
241,scouts,9,-8.3942,3.9826,3.0000
241,scouts,10,-9.5000,2.7774,3.0000
241,scouts,11,-7.8066,-0.1973,3.0000
241,scouts,12,9.5000,2.7771,3.0000
241,scouts,13,8.3942,3.9825,3.0000
241,scouts,14,4.5978,1.1955,3.0000
241,scouts,15,7.8066,-0.1977,3.0000
241,workers,0,-3.0000,-5.0000,3.0000
241,workers,1,7.0000,-5.0000,3.0000
241,workers,2,-3.0000,5.0000,3.0000
241,workers,3,7.0000,5.0000,3.0000
242,general,0,0.0000,0.0000,5.0000
242,nodes,0,-3.4687,-3.4097,3.0000
242,nodes,1,3.4681,-3.4085,3.0000
242,nodes,2,-6.5330,3.4137,3.0000
242,nodes,3,6.5345,3.4137,3.0000
242,scouts,0,0.5142,-2.7118,3.0000
242,scouts,1,-2.1723,0.2137,3.0000
242,scouts,2,-5.4081,-1.1954,3.0000
242,scouts,3,-1.5849,-3.9661,3.0000
242,scouts,4,5.4081,-1.1954,3.0000
242,scouts,5,2.1721,0.2139,3.0000
242,scouts,6,-0.5145,-2.7117,3.0000
242,scouts,7,1.5849,-3.9661,3.0000
242,scouts,8,-4.5957,1.1968,3.0000
242,scouts,9,-8.4065,3.9702,3.0000
242,scouts,10,-9.5000,2.7706,3.0000
242,scouts,11,-7.8185,-0.2102,3.0000
242,scouts,12,9.5000,2.7703,3.0000
242,scouts,13,8.4065,3.9702,3.0000
242,scouts,14,4.5957,1.1967,3.0000
242,scouts,15,7.8185,-0.2106,3.0000
242,workers,0,-3.0000,-5.0000,3.0000
242,workers,1,7.0000,-5.0000,3.0000
242,workers,2,-3.0000,5.0000,3.0000
242,workers,3,7.0000,5.0000,3.0000
243,general,0,0.0000,0.0000,5.0000
243,nodes,0,-3.4630,-3.4044,3.0000
243,nodes,1,3.4623,-3.4031,3.0000
243,nodes,2,-6.5388,3.4087,3.0000
243,nodes,3,6.5403,3.4085,3.0000
243,scouts,0,0.5297,-2.7030,3.0000
243,scouts,1,-2.1601,0.2267,3.0000
243,scouts,2,-5.4099,-1.1962,3.0000
243,scouts,3,-1.5724,-3.9535,3.0000
243,scouts,4,5.4098,-1.1962,3.0000
243,scouts,5,2.1598,0.2270,3.0000
243,scouts,6,-0.5299,-2.7030,3.0000
243,scouts,7,1.5723,-3.9535,3.0000
243,scouts,8,-4.5934,1.1979,3.0000
243,scouts,9,-8.4188,3.9578,3.0000
243,scouts,10,-9.5000,2.7638,3.0000
243,scouts,11,-7.8304,-0.2231,3.0000
243,scouts,12,9.5000,2.7635,3.0000
243,scouts,13,8.4189,3.9578,3.0000
243,scouts,14,4.5934,1.1979,3.0000
243,scouts,15,7.8305,-0.2234,3.0000
243,workers,0,-3.0000,-5.0000,3.0000
243,workers,1,7.0000,-5.0000,3.0000
243,workers,2,-3.0000,5.0000,3.0000
243,workers,3,7.0000,5.0000,3.0000
244,general,0,0.0000,0.0000,5.0000
244,nodes,0,-3.4572,-3.3991,3.0000
244,nodes,1,3.4566,-3.3979,3.0000
244,nodes,2,-6.5445,3.4035,3.0000
244,nodes,3,6.5459,3.4036,3.0000
244,scouts,0,0.5451,-2.6942,3.0000
244,scouts,1,-2.1478,0.2397,3.0000
244,scouts,2,-5.4094,-1.1979,3.0000
244,scouts,3,-1.5598,-3.9409,3.0000
244,scouts,4,5.4094,-1.1979,3.0000
244,scouts,5,2.1475,0.2399,3.0000
244,scouts,6,-0.5454,-2.6942,3.0000
244,scouts,7,1.5598,-3.9409,3.0000
244,scouts,8,-4.5908,1.1991,3.0000
244,scouts,9,-8.4311,3.9454,3.0000
244,scouts,10,-9.5000,2.7570,3.0000
244,scouts,11,-7.8424,-0.2359,3.0000
244,scouts,12,9.5000,2.7567,3.0000
244,scouts,13,8.4312,3.9453,3.0000
244,scouts,14,4.5908,1.1990,3.0000
244,scouts,15,7.8424,-0.2363,3.0000
244,workers,0,-3.0000,-5.0000,3.0000
244,workers,1,7.0000,-5.0000,3.0000
244,workers,2,-3.0000,5.0000,3.0000
244,workers,3,7.0000,5.0000,3.0000
245,general,0,0.0000,0.0000,5.0000
245,nodes,0,-3.4514,-3.3938,3.0000
245,nodes,1,3.4506,-3.3927,3.0000
245,nodes,2,-6.5502,3.3986,3.0000
245,nodes,3,6.5517,3.3984,3.0000
245,scouts,0,0.5606,-2.6855,3.0000
245,scouts,1,-2.1355,0.2526,3.0000
245,scouts,2,-5.4095,-1.1995,3.0000
245,scouts,3,-1.5473,-3.9283,3.0000
245,scouts,4,5.4095,-1.1995,3.0000
245,scouts,5,2.1353,0.2529,3.0000
245,scouts,6,-0.5608,-2.6854,3.0000
245,scouts,7,1.5472,-3.9282,3.0000
245,scouts,8,-4.5880,1.2002,3.0000
245,scouts,9,-8.4434,3.9329,3.0000
245,scouts,10,-9.5000,2.7503,3.0000
245,scouts,11,-7.8544,-0.2487,3.0000
245,scouts,12,9.5000,2.7500,3.0000
245,scouts,13,8.4434,3.9329,3.0000
245,scouts,14,4.5880,1.2001,3.0000
245,scouts,15,7.8544,-0.2491,3.0000
245,workers,0,-3.0000,-5.0000,3.0000
245,workers,1,7.0000,-5.0000,3.0000
245,workers,2,-3.0000,5.0000,3.0000
245,workers,3,7.0000,5.0000,3.0000
246,general,0,0.0000,0.0000,5.0000
246,nodes,0,-3.4454,-3.3886,3.0000
246,nodes,1,3.4448,-3.3874,3.0000
246,nodes,2,-6.5559,3.3934,3.0000
246,nodes,3,6.5573,3.3933,3.0000
246,scouts,0,0.5761,-2.6767,3.0000
246,scouts,1,-2.1232,0.2656,3.0000
246,scouts,2,-5.4102,-1.2009,3.0000
246,scouts,3,-1.5348,-3.9156,3.0000
246,scouts,4,5.4102,-1.2009,3.0000
246,scouts,5,2.1230,0.2658,3.0000
246,scouts,6,-0.5763,-2.6766,3.0000
246,scouts,7,1.5347,-3.9156,3.0000
246,scouts,8,-4.5877,1.2012,3.0000
246,scouts,9,-8.4557,3.9204,3.0000
246,scouts,10,-9.5000,2.7436,3.0000
246,scouts,11,-7.8664,-0.2615,3.0000
246,scouts,12,9.5000,2.7433,3.0000
246,scouts,13,8.4557,3.9204,3.0000
246,scouts,14,4.5877,1.2011,3.0000
246,scouts,15,7.8664,-0.2619,3.0000
246,workers,0,-3.0000,-5.0000,3.0000
246,workers,1,7.0000,-5.0000,3.0000
246,workers,2,-3.0000,5.0000,3.0000
246,workers,3,7.0000,5.0000,3.0000
247,general,0,0.0000,0.0000,5.0000
247,nodes,0,-3.4396,-3.3833,3.0000
247,nodes,1,3.4391,-3.3822,3.0000
247,nodes,2,-6.5618,3.3883,3.0000
247,nodes,3,6.5633,3.3882,3.0000
247,scouts,0,0.5915,-2.6679,3.0000
247,scouts,1,-2.1109,0.2785,3.0000
247,scouts,2,-5.4085,-1.2020,3.0000
247,scouts,3,-1.5223,-3.9029,3.0000
247,scouts,4,5.4085,-1.2020,3.0000
247,scouts,5,2.1106,0.2787,3.0000
247,scouts,6,-0.5918,-2.6679,3.0000
247,scouts,7,1.5223,-3.9028,3.0000
247,scouts,8,-4.5895,1.2019,3.0000
247,scouts,9,-8.4679,3.9079,3.0000
247,scouts,10,-9.5000,2.7370,3.0000
247,scouts,11,-7.8784,-0.2742,3.0000
247,scouts,12,9.5000,2.7366,3.0000
247,scouts,13,8.4679,3.9079,3.0000
247,scouts,14,4.5896,1.2019,3.0000
247,scouts,15,7.8784,-0.2746,3.0000
247,workers,0,-3.0000,-5.0000,3.0000
247,workers,1,7.0000,-5.0000,3.0000
247,workers,2,-3.0000,5.0000,3.0000
247,workers,3,7.0000,5.0000,3.0000
248,general,0,0.0000,0.0000,5.0000
248,nodes,0,-3.4336,-3.3780,3.0000
248,nodes,1,3.4331,-3.3770,3.0000
248,nodes,2,-6.5679,3.3832,3.0000
248,nodes,3,6.5694,3.3830,3.0000
248,scouts,0,0.6070,-2.6592,3.0000
248,scouts,1,-2.0985,0.2914,3.0000
248,scouts,2,-5.4076,-1.2031,3.0000
248,scouts,3,-1.5099,-3.8901,3.0000
248,scouts,4,5.4076,-1.2031,3.0000
248,scouts,5,2.0983,0.2916,3.0000
248,scouts,6,-0.6072,-2.6591,3.0000
248,scouts,7,1.5098,-3.8901,3.0000
248,scouts,8,-4.5932,1.2022,3.0000
248,scouts,9,-8.4800,3.8953,3.0000
248,scouts,10,-9.5000,2.7304,3.0000
248,scouts,11,-7.8904,-0.2870,3.0000
248,scouts,12,9.5000,2.7300,3.0000
248,scouts,13,8.4800,3.8953,3.0000
248,scouts,14,4.5932,1.2022,3.0000
248,scouts,15,7.8904,-0.2873,3.0000
248,workers,0,-3.0000,-5.0000,3.0000
248,workers,1,7.0000,-5.0000,3.0000
248,workers,2,-3.0000,5.0000,3.0000
248,workers,3,7.0000,5.0000,3.0000
249,general,0,0.0000,0.0000,5.0000
249,nodes,0,-3.4277,-3.3727,3.0000
249,nodes,1,3.4271,-3.3716,3.0000
249,nodes,2,-6.5741,3.3779,3.0000
249,nodes,3,6.5755,3.3778,3.0000
249,scouts,0,0.6225,-2.6504,3.0000
249,scouts,1,-2.0862,0.3042,3.0000
249,scouts,2,-5.4073,-1.2041,3.0000
249,scouts,3,-1.4975,-3.8773,3.0000
249,scouts,4,5.4073,-1.2041,3.0000
249,scouts,5,2.0859,0.3045,3.0000
249,scouts,6,-0.6227,-2.6503,3.0000
249,scouts,7,1.4974,-3.8773,3.0000
249,scouts,8,-4.5958,1.2025,3.0000
249,scouts,9,-8.4922,3.8828,3.0000
249,scouts,10,-9.5000,2.7238,3.0000
249,scouts,11,-7.9024,-0.2997,3.0000
249,scouts,12,9.5000,2.7234,3.0000
249,scouts,13,8.4922,3.8827,3.0000
249,scouts,14,4.5958,1.2025,3.0000
249,scouts,15,7.9024,-0.3000,3.0000
249,workers,0,-3.0000,-5.0000,3.0000
249,workers,1,7.0000,-5.0000,3.0000
249,workers,2,-3.0000,5.0000,3.0000
249,workers,3,7.0000,5.0000,3.0000
250,general,0,0.0000,0.0000,5.0000
250,nodes,0,-3.4218,-3.3674,3.0000
250,nodes,1,3.4213,-3.3664,3.0000
250,nodes,2,-6.5802,3.3727,3.0000
250,nodes,3,6.5816,3.3727,3.0000
250,scouts,0,0.6379,-2.6416,3.0000
250,scouts,1,-2.0738,0.3171,3.0000
250,scouts,2,-5.4076,-1.2051,3.0000
250,scouts,3,-1.4851,-3.8645,3.0000
250,scouts,4,5.4076,-1.2051,3.0000
250,scouts,5,2.0735,0.3173,3.0000
250,scouts,6,-0.6382,-2.6416,3.0000
250,scouts,7,1.4851,-3.8645,3.0000
250,scouts,8,-4.5975,1.2029,3.0000
250,scouts,9,-8.5043,3.8702,3.0000
250,scouts,10,-9.5000,2.7172,3.0000
250,scouts,11,-7.9145,-0.3124,3.0000
250,scouts,12,9.5000,2.7169,3.0000
250,scouts,13,8.5043,3.8701,3.0000
250,scouts,14,4.5976,1.2030,3.0000
250,scouts,15,7.9145,-0.3127,3.0000
250,workers,0,-3.0000,-5.0000,3.0000
250,workers,1,7.0000,-5.0000,3.0000
250,workers,2,-3.0000,5.0000,3.0000
250,workers,3,7.0000,5.0000,3.0000
251,general,0,0.0000,0.0000,5.0000
251,nodes,0,-3.4160,-3.3620,3.0000
251,nodes,1,3.4153,-3.3610,3.0000
251,nodes,2,-6.5861,3.3676,3.0000
251,nodes,3,6.5875,3.3675,3.0000
251,scouts,0,0.6534,-2.6329,3.0000
251,scouts,1,-2.0614,0.3299,3.0000
251,scouts,2,-5.4083,-1.2060,3.0000
251,scouts,3,-1.4728,-3.8516,3.0000
251,scouts,4,5.4083,-1.2060,3.0000
251,scouts,5,2.0611,0.3301,3.0000
251,scouts,6,-0.6537,-2.6328,3.0000
251,scouts,7,1.4728,-3.8516,3.0000
251,scouts,8,-4.5985,1.2034,3.0000
251,scouts,9,-8.5164,3.8575,3.0000
251,scouts,10,-9.5000,2.7107,3.0000
251,scouts,11,-7.9265,-0.3250,3.0000
251,scouts,12,9.5000,2.7104,3.0000
251,scouts,13,8.5164,3.8575,3.0000
251,scouts,14,4.5985,1.2035,3.0000
251,scouts,15,7.9266,-0.3254,3.0000
251,workers,0,-3.0000,-5.0000,3.0000
251,workers,1,7.0000,-5.0000,3.0000
251,workers,2,-3.0000,5.0000,3.0000
251,workers,3,7.0000,5.0000,3.0000
252,general,0,0.0000,0.0000,5.0000
252,nodes,0,-3.4102,-3.3568,3.0000
252,nodes,1,3.4096,-3.3558,3.0000
252,nodes,2,-6.5921,3.3623,3.0000
252,nodes,3,6.5934,3.3624,3.0000
252,scouts,0,0.6689,-2.6241,3.0000
252,scouts,1,-2.0490,0.3427,3.0000
252,scouts,2,-5.4073,-1.2054,3.0000
252,scouts,3,-1.4605,-3.8387,3.0000
252,scouts,4,5.4073,-1.2054,3.0000
252,scouts,5,2.0487,0.3429,3.0000
252,scouts,6,-0.6691,-2.6241,3.0000
252,scouts,7,1.4605,-3.8387,3.0000
252,scouts,8,-4.5987,1.2039,3.0000
252,scouts,9,-8.5284,3.8448,3.0000
252,scouts,10,-9.5000,2.7043,3.0000
252,scouts,11,-7.9386,-0.3376,3.0000
252,scouts,12,9.5000,2.7039,3.0000
252,scouts,13,8.5284,3.8448,3.0000
252,scouts,14,4.5988,1.2040,3.0000
252,scouts,15,7.9386,-0.3380,3.0000
252,workers,0,-3.0000,-5.0000,3.0000
252,workers,1,7.0000,-5.0000,3.0000
252,workers,2,-3.0000,5.0000,3.0000
252,workers,3,7.0000,5.0000,3.0000
253,general,0,0.0000,0.0000,5.0000
253,nodes,0,-3.4043,-3.3513,3.0000
253,nodes,1,3.4036,-3.3503,3.0000
253,nodes,2,-6.5981,3.3572,3.0000
253,nodes,3,6.5992,3.3572,3.0000
253,scouts,0,0.6844,-2.6154,3.0000
253,scouts,1,-2.0365,0.3554,3.0000
253,scouts,2,-5.4069,-1.2049,3.0000
253,scouts,3,-1.4483,-3.8258,3.0000
253,scouts,4,5.4069,-1.2049,3.0000
253,scouts,5,2.0363,0.3557,3.0000
253,scouts,6,-0.6846,-2.6153,3.0000
253,scouts,7,1.4482,-3.8257,3.0000
253,scouts,8,-4.5984,1.2045,3.0000
253,scouts,9,-8.5404,3.8321,3.0000
253,scouts,10,-9.5000,2.6978,3.0000
253,scouts,11,-7.9507,-0.3502,3.0000
253,scouts,12,9.5000,2.6975,3.0000
253,scouts,13,8.5404,3.8321,3.0000
253,scouts,14,4.5984,1.2046,3.0000
253,scouts,15,7.9507,-0.3506,3.0000
253,workers,0,-3.0000,-5.0000,3.0000
253,workers,1,7.0000,-5.0000,3.0000
253,workers,2,-3.0000,5.0000,3.0000
253,workers,3,7.0000,5.0000,3.0000
254,general,0,0.0000,0.0000,5.0000
254,nodes,0,-3.3984,-3.3459,3.0000
254,nodes,1,3.3978,-3.3449,3.0000
254,nodes,2,-6.6039,3.3520,3.0000
254,nodes,3,6.6051,3.3521,3.0000
254,scouts,0,0.6999,-2.6067,3.0000
254,scouts,1,-2.0241,0.3682,3.0000
254,scouts,2,-5.4070,-1.2046,3.0000
254,scouts,3,-1.4361,-3.8128,3.0000
254,scouts,4,5.4070,-1.2046,3.0000
254,scouts,5,2.0238,0.3684,3.0000
254,scouts,6,-0.7001,-2.6066,3.0000
254,scouts,7,1.4360,-3.8127,3.0000
254,scouts,8,-4.5975,1.2051,3.0000
254,scouts,9,-8.5524,3.8194,3.0000
254,scouts,10,-9.5000,2.6914,3.0000
254,scouts,11,-7.9628,-0.3628,3.0000
254,scouts,12,9.5000,2.6911,3.0000
254,scouts,13,8.5524,3.8193,3.0000
254,scouts,14,4.5976,1.2052,3.0000
254,scouts,15,7.9629,-0.3631,3.0000
254,workers,0,-3.0000,-5.0000,3.0000
254,workers,1,7.0000,-5.0000,3.0000
254,workers,2,-3.0000,5.0000,3.0000
254,workers,3,7.0000,5.0000,3.0000
255,general,0,0.0000,0.0000,5.0000
255,nodes,0,-3.3925,-3.3405,3.0000
255,nodes,1,3.3919,-3.3395,3.0000
255,nodes,2,-6.6097,3.3470,3.0000
255,nodes,3,6.6109,3.3469,3.0000
255,scouts,0,0.7153,-2.5979,3.0000
255,scouts,1,-2.0116,0.3809,3.0000
255,scouts,2,-5.4076,-1.2044,3.0000
255,scouts,3,-1.4239,-3.7997,3.0000
255,scouts,4,5.4076,-1.2044,3.0000
255,scouts,5,2.0113,0.3811,3.0000
255,scouts,6,-0.7156,-2.5978,3.0000
255,scouts,7,1.4238,-3.7997,3.0000
255,scouts,8,-4.5963,1.2058,3.0000
255,scouts,9,-8.5643,3.8066,3.0000
255,scouts,10,-9.5000,2.6851,3.0000
255,scouts,11,-7.9749,-0.3753,3.0000
255,scouts,12,9.5000,2.6847,3.0000
255,scouts,13,8.5643,3.8066,3.0000
255,scouts,14,4.5963,1.2059,3.0000
255,scouts,15,7.9750,-0.3757,3.0000
255,workers,0,-3.0000,-5.0000,3.0000
255,workers,1,7.0000,-5.0000,3.0000
255,workers,2,-3.0000,5.0000,3.0000
255,workers,3,7.0000,5.0000,3.0000
256,general,0,0.0000,0.0000,5.0000
256,nodes,0,-3.3868,-3.3350,3.0000
256,nodes,1,3.3862,-3.3341,3.0000
256,nodes,2,-6.6156,3.3418,3.0000
256,nodes,3,6.6167,3.3418,3.0000
256,scouts,0,0.7308,-2.5892,3.0000
256,scouts,1,-1.9991,0.3936,3.0000
256,scouts,2,-5.4087,-1.2044,3.0000
256,scouts,3,-1.4118,-3.7867,3.0000
256,scouts,4,5.4087,-1.2044,3.0000
256,scouts,5,1.9988,0.3938,3.0000
256,scouts,6,-0.7311,-2.5891,3.0000
256,scouts,7,1.4117,-3.7866,3.0000
256,scouts,8,-4.5946,1.2065,3.0000
256,scouts,9,-8.5762,3.7938,3.0000
256,scouts,10,-9.5000,2.6787,3.0000
256,scouts,11,-7.9871,-0.3878,3.0000
256,scouts,12,9.5000,2.6784,3.0000
256,scouts,13,8.5762,3.7937,3.0000
256,scouts,14,4.5946,1.2066,3.0000
256,scouts,15,7.9871,-0.3882,3.0000
256,workers,0,-3.0000,-5.0000,3.0000
256,workers,1,7.0000,-5.0000,3.0000
256,workers,2,-3.0000,5.0000,3.0000
256,workers,3,7.0000,5.0000,3.0000
257,general,0,0.0000,0.0000,5.0000
257,nodes,0,-3.3810,-3.3296,3.0000
257,nodes,1,3.3804,-3.3287,3.0000
257,nodes,2,-6.6213,3.3368,3.0000
257,nodes,3,6.6225,3.3368,3.0000
257,scouts,0,0.7463,-2.5804,3.0000
257,scouts,1,-1.9865,0.4062,3.0000
257,scouts,2,-5.4101,-1.2045,3.0000
257,scouts,3,-1.3997,-3.7735,3.0000
257,scouts,4,5.4101,-1.2045,3.0000
257,scouts,5,1.9863,0.4065,3.0000
257,scouts,6,-0.7466,-2.5804,3.0000
257,scouts,7,1.3997,-3.7735,3.0000
257,scouts,8,-4.5926,1.2072,3.0000
257,scouts,9,-8.5880,3.7809,3.0000
257,scouts,10,-9.5000,2.6724,3.0000
257,scouts,11,-7.9992,-0.4003,3.0000
257,scouts,12,9.5000,2.6721,3.0000
257,scouts,13,8.5880,3.7809,3.0000
257,scouts,14,4.5926,1.2073,3.0000
257,scouts,15,7.9993,-0.4007,3.0000
257,workers,0,-3.0000,-5.0000,3.0000
257,workers,1,7.0000,-5.0000,3.0000
257,workers,2,-3.0000,5.0000,3.0000
257,workers,3,7.0000,5.0000,3.0000
258,general,0,0.0000,0.0000,5.0000
258,nodes,0,-3.3753,-3.3243,3.0000
258,nodes,1,3.3746,-3.3234,3.0000
258,nodes,2,-6.6270,3.3316,3.0000
258,nodes,3,6.6281,3.3317,3.0000
258,scouts,0,0.7618,-2.5717,3.0000
258,scouts,1,-1.9740,0.4189,3.0000
258,scouts,2,-5.4093,-1.2035,3.0000
258,scouts,3,-1.3877,-3.7603,3.0000
258,scouts,4,5.4093,-1.2035,3.0000
258,scouts,5,1.9737,0.4192,3.0000
258,scouts,6,-0.7621,-2.5716,3.0000
258,scouts,7,1.3877,-3.7603,3.0000
258,scouts,8,-4.5922,1.2061,3.0000
258,scouts,9,-8.5998,3.7680,3.0000
258,scouts,10,-9.5000,2.6662,3.0000
258,scouts,11,-8.0114,-0.4128,3.0000
258,scouts,12,9.5000,2.6658,3.0000
258,scouts,13,8.5998,3.7680,3.0000
258,scouts,14,4.5922,1.2062,3.0000
258,scouts,15,8.0115,-0.4131,3.0000
258,workers,0,-3.0000,-5.0000,3.0000
258,workers,1,7.0000,-5.0000,3.0000
258,workers,2,-3.0000,5.0000,3.0000
258,workers,3,7.0000,5.0000,3.0000
259,general,0,0.0000,0.0000,5.0000
259,nodes,0,-3.3694,-3.3189,3.0000
259,nodes,1,3.3688,-3.3179,3.0000
259,nodes,2,-6.6329,3.3262,3.0000
259,nodes,3,6.6341,3.3264,3.0000
259,scouts,0,0.7773,-2.5630,3.0000
259,scouts,1,-1.9614,0.4315,3.0000
259,scouts,2,-5.4092,-1.2029,3.0000
259,scouts,3,-1.3757,-3.7471,3.0000
259,scouts,4,5.4092,-1.2029,3.0000
259,scouts,5,1.9612,0.4318,3.0000
259,scouts,6,-0.7776,-2.5629,3.0000
259,scouts,7,1.3757,-3.7471,3.0000
259,scouts,8,-4.5913,1.2053,3.0000
259,scouts,9,-8.6115,3.7551,3.0000
259,scouts,10,-9.5000,2.6600,3.0000
259,scouts,11,-8.0236,-0.4252,3.0000
259,scouts,12,9.5000,2.6596,3.0000
259,scouts,13,8.6115,3.7550,3.0000
259,scouts,14,4.5913,1.2053,3.0000
259,scouts,15,8.0237,-0.4255,3.0000
259,workers,0,-3.0000,-5.0000,3.0000
259,workers,1,7.0000,-5.0000,3.0000
259,workers,2,-3.0000,5.0000,3.0000
259,workers,3,7.0000,5.0000,3.0000
260,general,0,0.0000,0.0000,5.0000
260,nodes,0,-3.3635,-3.3134,3.0000
260,nodes,1,3.3629,-3.3124,3.0000
260,nodes,2,-6.6387,3.3210,3.0000
260,nodes,3,6.6399,3.3213,3.0000
260,scouts,0,0.7928,-2.5542,3.0000
260,scouts,1,-1.9488,0.4441,3.0000
260,scouts,2,-5.4096,-1.2024,3.0000
260,scouts,3,-1.3638,-3.7338,3.0000
260,scouts,4,5.4096,-1.2024,3.0000
260,scouts,5,1.9486,0.4444,3.0000
260,scouts,6,-0.7931,-2.5542,3.0000
260,scouts,7,1.3638,-3.7338,3.0000
260,scouts,8,-4.5923,1.2033,3.0000
260,scouts,9,-8.6232,3.7421,3.0000
260,scouts,10,-9.5000,2.6538,3.0000
260,scouts,11,-8.0358,-0.4376,3.0000
260,scouts,12,9.5000,2.6534,3.0000
260,scouts,13,8.6232,3.7420,3.0000
260,scouts,14,4.5923,1.2033,3.0000
260,scouts,15,8.0359,-0.4379,3.0000
260,workers,0,-3.0000,-5.0000,3.0000
260,workers,1,7.0000,-5.0000,3.0000
260,workers,2,-3.0000,5.0000,3.0000
260,workers,3,7.0000,5.0000,3.0000
261,general,0,0.0000,0.0000,5.0000
261,nodes,0,-3.3576,-3.3081,3.0000
261,nodes,1,3.3571,-3.3071,3.0000
261,nodes,2,-6.6447,3.3157,3.0000
261,nodes,3,6.6460,3.3159,3.0000
261,scouts,0,0.8083,-2.5455,3.0000
261,scouts,1,-1.9362,0.4567,3.0000
261,scouts,2,-5.4104,-1.2021,3.0000
261,scouts,3,-1.3520,-3.7205,3.0000
261,scouts,4,5.4104,-1.2021,3.0000
261,scouts,5,1.9360,0.4570,3.0000
261,scouts,6,-0.8086,-2.5454,3.0000
261,scouts,7,1.3520,-3.7204,3.0000
261,scouts,8,-4.5926,1.2017,3.0000
261,scouts,9,-8.6348,3.7290,3.0000
261,scouts,10,-9.5000,2.6476,3.0000
261,scouts,11,-8.0481,-0.4500,3.0000
261,scouts,12,9.5000,2.6473,3.0000
261,scouts,13,8.6348,3.7290,3.0000
261,scouts,14,4.5925,1.2017,3.0000
261,scouts,15,8.0481,-0.4503,3.0000
261,workers,0,-3.0000,-5.0000,3.0000
261,workers,1,7.0000,-5.0000,3.0000
261,workers,2,-3.0000,5.0000,3.0000
261,workers,3,7.0000,5.0000,3.0000
262,general,0,0.0000,0.0000,5.0000
262,nodes,0,-3.3519,-3.3026,3.0000
262,nodes,1,3.3513,-3.3016,3.0000
262,nodes,2,-6.6506,3.3103,3.0000
262,nodes,3,6.6519,3.3106,3.0000
262,scouts,0,0.8238,-2.5368,3.0000
262,scouts,1,-1.9236,0.4693,3.0000
262,scouts,2,-5.4090,-1.2014,3.0000
262,scouts,3,-1.3402,-3.7070,3.0000
262,scouts,4,5.4090,-1.2014,3.0000
262,scouts,5,1.9233,0.4695,3.0000
262,scouts,6,-0.8241,-2.5367,3.0000
262,scouts,7,1.3402,-3.7070,3.0000
262,scouts,8,-4.5922,1.2005,3.0000
262,scouts,9,-8.6464,3.7160,3.0000
262,scouts,10,-9.5000,2.6415,3.0000
262,scouts,11,-8.0603,-0.4623,3.0000
262,scouts,12,9.5000,2.6412,3.0000
262,scouts,13,8.6464,3.7159,3.0000
262,scouts,14,4.5922,1.2005,3.0000
262,scouts,15,8.0604,-0.4627,3.0000
262,workers,0,-3.0000,-5.0000,3.0000
262,workers,1,7.0000,-5.0000,3.0000
262,workers,2,-3.0000,5.0000,3.0000
262,workers,3,7.0000,5.0000,3.0000
263,general,0,0.0000,0.0000,5.0000
263,nodes,0,-3.3459,-3.2972,3.0000
263,nodes,1,3.3453,-3.2963,3.0000
263,nodes,2,-6.6565,3.3051,3.0000
263,nodes,3,6.6578,3.3054,3.0000
263,scouts,0,0.8393,-2.5281,3.0000
263,scouts,1,-1.9109,0.4818,3.0000
263,scouts,2,-5.4082,-1.2009,3.0000
263,scouts,3,-1.3285,-3.6936,3.0000
263,scouts,4,5.4082,-1.2009,3.0000
263,scouts,5,1.9107,0.4821,3.0000
263,scouts,6,-0.8396,-2.5280,3.0000
263,scouts,7,1.3285,-3.6935,3.0000
263,scouts,8,-4.5914,1.1995,3.0000
263,scouts,9,-8.6579,3.7028,3.0000
263,scouts,10,-9.5000,2.6354,3.0000
263,scouts,11,-8.0726,-0.4746,3.0000
263,scouts,12,9.5000,2.6351,3.0000
263,scouts,13,8.6579,3.7028,3.0000
263,scouts,14,4.5914,1.1995,3.0000
263,scouts,15,8.0726,-0.4750,3.0000
263,workers,0,-3.0000,-5.0000,3.0000
263,workers,1,7.0000,-5.0000,3.0000
263,workers,2,-3.0000,5.0000,3.0000
263,workers,3,7.0000,5.0000,3.0000
264,general,0,0.0000,0.0000,5.0000
264,nodes,0,-3.3401,-3.2918,3.0000
264,nodes,1,3.3395,-3.2909,3.0000
264,nodes,2,-6.6623,3.2999,3.0000
264,nodes,3,6.6636,3.3002,3.0000
264,scouts,0,0.8548,-2.5194,3.0000
264,scouts,1,-1.8983,0.4943,3.0000
264,scouts,2,-5.4081,-1.2006,3.0000
264,scouts,3,-1.3169,-3.6800,3.0000
264,scouts,4,5.4081,-1.2006,3.0000
264,scouts,5,1.8980,0.4946,3.0000
264,scouts,6,-0.8551,-2.5193,3.0000
264,scouts,7,1.3169,-3.6800,3.0000
264,scouts,8,-4.5901,1.1988,3.0000
264,scouts,9,-8.6694,3.6896,3.0000
264,scouts,10,-9.5000,2.6294,3.0000
264,scouts,11,-8.0848,-0.4869,3.0000
264,scouts,12,9.5000,2.6290,3.0000
264,scouts,13,8.6694,3.6896,3.0000
264,scouts,14,4.5901,1.1988,3.0000
264,scouts,15,8.0849,-0.4873,3.0000
264,workers,0,-3.0000,-5.0000,3.0000
264,workers,1,7.0000,-5.0000,3.0000
264,workers,2,-3.0000,5.0000,3.0000
264,workers,3,7.0000,5.0000,3.0000
265,general,0,0.0000,0.0000,5.0000
265,nodes,0,-3.3343,-3.2864,3.0000
265,nodes,1,3.3337,-3.2854,3.0000
265,nodes,2,-6.6680,3.2947,3.0000
265,nodes,3,6.6694,3.2949,3.0000
265,scouts,0,0.8703,-2.5106,3.0000
265,scouts,1,-1.8856,0.5068,3.0000
265,scouts,2,-5.4085,-1.2004,3.0000
265,scouts,3,-1.3054,-3.6664,3.0000
265,scouts,4,5.4085,-1.2004,3.0000
265,scouts,5,1.8853,0.5071,3.0000
265,scouts,6,-0.8706,-2.5105,3.0000
265,scouts,7,1.3053,-3.6664,3.0000
265,scouts,8,-4.5885,1.1984,3.0000
265,scouts,9,-8.6807,3.6764,3.0000
265,scouts,10,-9.5000,2.6233,3.0000
265,scouts,11,-8.0971,-0.4992,3.0000
265,scouts,12,9.5000,2.6230,3.0000
265,scouts,13,8.6807,3.6764,3.0000
265,scouts,14,4.5910,1.1986,3.0000
265,scouts,15,8.0972,-0.4995,3.0000
265,workers,0,-3.0000,-5.0000,3.0000
265,workers,1,7.0000,-5.0000,3.0000
265,workers,2,-3.0000,5.0000,3.0000
265,workers,3,7.0000,5.0000,3.0000
266,general,0,0.0000,0.0000,5.0000
266,nodes,0,-3.3285,-3.2810,3.0000
266,nodes,1,3.3278,-3.2800,3.0000
266,nodes,2,-6.6738,3.2895,3.0000
266,nodes,3,6.6753,3.2897,3.0000
266,scouts,0,0.8859,-2.5019,3.0000
266,scouts,1,-1.8729,0.5192,3.0000
266,scouts,2,-5.4093,-1.2004,3.0000
266,scouts,3,-1.2940,-3.6527,3.0000
266,scouts,4,5.4093,-1.2004,3.0000
266,scouts,5,1.8726,0.5195,3.0000
266,scouts,6,-0.8861,-2.5018,3.0000
266,scouts,7,1.2939,-3.6527,3.0000
266,scouts,8,-4.5891,1.1985,3.0000
266,scouts,9,-8.6920,3.6631,3.0000
266,scouts,10,-9.5000,2.6174,3.0000
266,scouts,11,-8.1095,-0.5114,3.0000
266,scouts,12,9.5000,2.6170,3.0000
266,scouts,13,8.6920,3.6631,3.0000
266,scouts,14,4.5913,1.1986,3.0000
266,scouts,15,8.1095,-0.5118,3.0000
266,workers,0,-3.0000,-5.0000,3.0000
266,workers,1,7.0000,-5.0000,3.0000
266,workers,2,-3.0000,5.0000,3.0000
266,workers,3,7.0000,5.0000,3.0000
267,general,0,0.0000,0.0000,5.0000
267,nodes,0,-3.3227,-3.2757,3.0000
267,nodes,1,3.3222,-3.2747,3.0000
267,nodes,2,-6.6797,3.2844,3.0000
267,nodes,3,6.6811,3.2846,3.0000
267,scouts,0,0.9014,-2.4932,3.0000
267,scouts,1,-1.8601,0.5317,3.0000
267,scouts,2,-5.4105,-1.2005,3.0000
267,scouts,3,-1.2826,-3.6389,3.0000
267,scouts,4,5.4105,-1.2005,3.0000
267,scouts,5,1.8599,0.5320,3.0000
267,scouts,6,-0.9016,-2.4931,3.0000
267,scouts,7,1.2826,-3.6389,3.0000
267,scouts,8,-4.5917,1.1991,3.0000
267,scouts,9,-8.7032,3.6497,3.0000
267,scouts,10,-9.5000,2.6114,3.0000
267,scouts,11,-8.1218,-0.5236,3.0000
267,scouts,12,9.5000,2.6111,3.0000
267,scouts,13,8.7033,3.6497,3.0000
267,scouts,14,4.5910,1.1988,3.0000
267,scouts,15,8.1218,-0.5240,3.0000
267,workers,0,-3.0000,-5.0000,3.0000
267,workers,1,7.0000,-5.0000,3.0000
267,workers,2,-3.0000,5.0000,3.0000
267,workers,3,7.0000,5.0000,3.0000
268,general,0,0.0000,0.0000,5.0000
268,nodes,0,-3.3170,-3.2703,3.0000
268,nodes,1,3.3165,-3.2692,3.0000
268,nodes,2,-6.6858,3.2793,3.0000
268,nodes,3,6.6870,3.2794,3.0000
268,scouts,0,0.9169,-2.4845,3.0000
268,scouts,1,-1.8474,0.5441,3.0000
268,scouts,2,-5.4094,-1.2006,3.0000
268,scouts,3,-1.2714,-3.6251,3.0000
268,scouts,4,5.4094,-1.2006,3.0000
268,scouts,5,1.8471,0.5444,3.0000
268,scouts,6,-0.9171,-2.4844,3.0000
268,scouts,7,1.2714,-3.6250,3.0000
268,scouts,8,-4.5935,1.1997,3.0000
268,scouts,9,-8.7144,3.6363,3.0000
268,scouts,10,-9.5000,2.6055,3.0000
268,scouts,11,-8.1341,-0.5358,3.0000
268,scouts,12,9.5000,2.6052,3.0000
268,scouts,13,8.7144,3.6363,3.0000
268,scouts,14,4.5902,1.1991,3.0000
268,scouts,15,8.1342,-0.5361,3.0000
268,workers,0,-3.0000,-5.0000,3.0000
268,workers,1,7.0000,-5.0000,3.0000
268,workers,2,-3.0000,5.0000,3.0000
268,workers,3,7.0000,5.0000,3.0000
269,general,0,0.0000,0.0000,5.0000
269,nodes,0,-3.3110,-3.2649,3.0000
269,nodes,1,3.3106,-3.2638,3.0000
269,nodes,2,-6.6918,3.2741,3.0000
269,nodes,3,6.6927,3.2742,3.0000
269,scouts,0,0.9324,-2.4758,3.0000
269,scouts,1,-1.8346,0.5565,3.0000
269,scouts,2,-5.4089,-1.2008,3.0000
269,scouts,3,-1.2603,-3.6111,3.0000
269,scouts,4,5.4089,-1.2008,3.0000
269,scouts,5,1.8343,0.5568,3.0000
269,scouts,6,-0.9327,-2.4757,3.0000
269,scouts,7,1.2603,-3.6111,3.0000
269,scouts,8,-4.5944,1.2005,3.0000
269,scouts,9,-8.7254,3.6228,3.0000
269,scouts,10,-9.5000,2.5996,3.0000
269,scouts,11,-8.1465,-0.5480,3.0000
269,scouts,12,9.5000,2.5993,3.0000
269,scouts,13,8.7254,3.6227,3.0000
269,scouts,14,4.5889,1.1994,3.0000
269,scouts,15,8.1466,-0.5483,3.0000
269,workers,0,-3.0000,-5.0000,3.0000
269,workers,1,7.0000,-5.0000,3.0000
269,workers,2,-3.0000,5.0000,3.0000
269,workers,3,7.0000,5.0000,3.0000
270,general,0,0.0000,0.0000,5.0000
270,nodes,0,-3.3053,-3.2594,3.0000
270,nodes,1,3.3049,-3.2585,3.0000
270,nodes,2,-6.6978,3.2689,3.0000
270,nodes,3,6.6985,3.2691,3.0000
270,scouts,0,0.9479,-2.4671,3.0000
270,scouts,1,-1.8218,0.5689,3.0000
270,scouts,2,-5.4089,-1.2010,3.0000
270,scouts,3,-1.2494,-3.5970,3.0000
270,scouts,4,5.4089,-1.2010,3.0000
270,scouts,5,1.8216,0.5691,3.0000
270,scouts,6,-0.9482,-2.4670,3.0000
270,scouts,7,1.2494,-3.5970,3.0000
270,scouts,8,-4.5946,1.2012,3.0000
270,scouts,9,-8.7363,3.6092,3.0000
270,scouts,10,-9.5000,2.5938,3.0000
270,scouts,11,-8.1589,-0.5601,3.0000
270,scouts,12,9.5000,2.5934,3.0000
270,scouts,13,8.7363,3.6091,3.0000
270,scouts,14,4.5899,1.2000,3.0000
270,scouts,15,8.1589,-0.5604,3.0000
270,workers,0,-3.0000,-5.0000,3.0000
270,workers,1,7.0000,-5.0000,3.0000
270,workers,2,-3.0000,5.0000,3.0000
270,workers,3,7.0000,5.0000,3.0000
271,general,0,0.0000,0.0000,5.0000
271,nodes,0,-3.2991,-3.2537,3.0000
271,nodes,1,3.2987,-3.2528,3.0000
271,nodes,2,-6.7039,3.2635,3.0000
271,nodes,3,6.7049,3.2636,3.0000
271,scouts,0,0.9634,-2.4584,3.0000
271,scouts,1,-1.8090,0.5812,3.0000
271,scouts,2,-5.4095,-1.2014,3.0000
271,scouts,3,-1.2387,-3.5828,3.0000
271,scouts,4,5.4095,-1.2014,3.0000
271,scouts,5,1.8087,0.5815,3.0000
271,scouts,6,-0.9637,-2.4582,3.0000
271,scouts,7,1.2387,-3.5828,3.0000
271,scouts,8,-4.5943,1.2020,3.0000
271,scouts,9,-8.7471,3.5955,3.0000
271,scouts,10,-9.5000,2.5879,3.0000
271,scouts,11,-8.1713,-0.5722,3.0000
271,scouts,12,9.5000,2.5876,3.0000
271,scouts,13,8.7471,3.5955,3.0000
271,scouts,14,4.5928,1.2007,3.0000
271,scouts,15,8.1713,-0.5725,3.0000
271,workers,0,-3.0000,-5.0000,3.0000
271,workers,1,7.0000,-5.0000,3.0000
271,workers,2,-3.0000,5.0000,3.0000
271,workers,3,7.0000,5.0000,3.0000
272,general,0,0.0000,0.0000,5.0000
272,nodes,0,-3.2936,-3.2485,3.0000
272,nodes,1,3.2931,-3.2475,3.0000
272,nodes,2,-6.7097,3.2585,3.0000
272,nodes,3,6.7108,3.2586,3.0000
272,scouts,0,0.9790,-2.4496,3.0000
272,scouts,1,-1.7962,0.5935,3.0000
272,scouts,2,-5.4104,-1.2018,3.0000
272,scouts,3,-1.2282,-3.5685,3.0000
272,scouts,4,5.4104,-1.2018,3.0000
272,scouts,5,1.7959,0.5938,3.0000
272,scouts,6,-0.9792,-2.4495,3.0000
272,scouts,7,1.2281,-3.5684,3.0000
272,scouts,8,-4.5935,1.2029,3.0000
272,scouts,9,-8.7577,3.5817,3.0000
272,scouts,10,-9.5000,2.5822,3.0000
272,scouts,11,-8.1837,-0.5843,3.0000
272,scouts,12,9.5000,2.5818,3.0000
272,scouts,13,8.7577,3.5817,3.0000
272,scouts,14,4.5949,1.2014,3.0000
272,scouts,15,8.1838,-0.5846,3.0000
272,workers,0,-3.0000,-5.0000,3.0000
272,workers,1,7.0000,-5.0000,3.0000
272,workers,2,-3.0000,5.0000,3.0000
272,workers,3,7.0000,5.0000,3.0000
273,general,0,0.0000,0.0000,5.0000
273,nodes,0,-3.2879,-3.2429,3.0000
273,nodes,1,3.2874,-3.2420,3.0000
273,nodes,2,-6.7155,3.2532,3.0000
273,nodes,3,6.7168,3.2534,3.0000
273,scouts,0,0.9945,-2.4409,3.0000
273,scouts,1,-1.7833,0.6058,3.0000
273,scouts,2,-5.4091,-1.2019,3.0000
273,scouts,3,-1.2180,-3.5539,3.0000
273,scouts,4,5.4091,-1.2019,3.0000
273,scouts,5,1.7830,0.6061,3.0000
273,scouts,6,-0.9947,-2.4408,3.0000
273,scouts,7,1.2179,-3.5539,3.0000
273,scouts,8,-4.5921,1.2037,3.0000
273,scouts,9,-8.7682,3.5678,3.0000
273,scouts,10,-9.5000,2.5764,3.0000
273,scouts,11,-8.1961,-0.5963,3.0000
273,scouts,12,9.5000,2.5761,3.0000
273,scouts,13,8.7682,3.5678,3.0000
273,scouts,14,4.5960,1.2022,3.0000
273,scouts,15,8.1962,-0.5966,3.0000
273,workers,0,-3.0000,-5.0000,3.0000
273,workers,1,7.0000,-5.0000,3.0000
273,workers,2,-3.0000,5.0000,3.0000
273,workers,3,7.0000,5.0000,3.0000
274,general,0,0.0000,0.0000,5.0000
274,nodes,0,-3.2821,-3.2375,3.0000
274,nodes,1,3.2814,-3.2366,3.0000
274,nodes,2,-6.7211,3.2481,3.0000
274,nodes,3,6.7227,3.2483,3.0000
274,scouts,0,1.0100,-2.4322,3.0000
274,scouts,1,-1.7704,0.6181,3.0000
274,scouts,2,-5.4085,-1.2020,3.0000
274,scouts,3,-1.2081,-3.5392,3.0000
274,scouts,4,5.4085,-1.2020,3.0000
274,scouts,5,1.7702,0.6184,3.0000
274,scouts,6,-1.0103,-2.4321,3.0000
274,scouts,7,1.2081,-3.5391,3.0000
274,scouts,8,-4.5905,1.2046,3.0000
274,scouts,9,-8.7784,3.5537,3.0000
274,scouts,10,-9.5000,2.5707,3.0000
274,scouts,11,-8.2086,-0.6083,3.0000
274,scouts,12,9.5000,2.5703,3.0000
274,scouts,13,8.7784,3.5537,3.0000
274,scouts,14,4.5965,1.2030,3.0000
274,scouts,15,8.2086,-0.6086,3.0000
274,workers,0,-3.0000,-5.0000,3.0000
274,workers,1,7.0000,-5.0000,3.0000
274,workers,2,-3.0000,5.0000,3.0000
274,workers,3,7.0000,5.0000,3.0000
275,general,0,0.0000,0.0000,5.0000
275,nodes,0,-3.2763,-3.2320,3.0000
275,nodes,1,3.2758,-3.2312,3.0000
275,nodes,2,-6.7267,3.2429,3.0000
275,nodes,3,6.7286,3.2432,3.0000
275,scouts,0,1.0255,-2.4235,3.0000
275,scouts,1,-1.7575,0.6303,3.0000
275,scouts,2,-5.4084,-1.2023,3.0000
275,scouts,3,-1.1989,-3.5242,3.0000
275,scouts,4,5.4084,-1.2023,3.0000
275,scouts,5,1.7573,0.6306,3.0000
275,scouts,6,-1.0258,-2.4234,3.0000
275,scouts,7,1.1989,-3.5241,3.0000
275,scouts,8,-4.5908,1.2044,3.0000
275,scouts,9,-8.7884,3.5395,3.0000
275,scouts,10,-9.5000,2.5650,3.0000
275,scouts,11,-8.2211,-0.6203,3.0000
275,scouts,12,9.5000,2.5647,3.0000
275,scouts,13,8.7884,3.5395,3.0000
275,scouts,14,4.5963,1.2038,3.0000
275,scouts,15,8.2211,-0.6206,3.0000
275,workers,0,-3.0000,-5.0000,3.0000
275,workers,1,7.0000,-5.0000,3.0000
275,workers,2,-3.0000,5.0000,3.0000
275,workers,3,7.0000,5.0000,3.0000
276,general,0,0.0000,0.0000,5.0000
276,nodes,0,-3.2706,-3.2266,3.0000
276,nodes,1,3.2701,-3.2257,3.0000
276,nodes,2,-6.7325,3.2377,3.0000
276,nodes,3,6.7343,3.2380,3.0000
276,scouts,0,1.0411,-2.4148,3.0000
276,scouts,1,-1.7446,0.6425,3.0000
276,scouts,2,-5.4089,-1.2026,3.0000
276,scouts,3,-1.1912,-3.5088,3.0000
276,scouts,4,5.4089,-1.2026,3.0000
276,scouts,5,1.7443,0.6428,3.0000
276,scouts,6,-1.0413,-2.4147,3.0000
276,scouts,7,1.1912,-3.5087,3.0000
276,scouts,8,-4.5930,1.2032,3.0000
276,scouts,9,-8.7978,3.5250,3.0000
276,scouts,10,-9.5000,2.5593,3.0000
276,scouts,11,-8.2335,-0.6322,3.0000
276,scouts,12,9.5000,2.5590,3.0000
276,scouts,13,8.7979,3.5250,3.0000
276,scouts,14,4.5956,1.2047,3.0000
276,scouts,15,8.2336,-0.6325,3.0000
276,workers,0,-3.0000,-5.0000,3.0000
276,workers,1,7.0000,-5.0000,3.0000
276,workers,2,-3.0000,5.0000,3.0000
276,workers,3,7.0000,5.0000,3.0000
277,general,0,0.0000,0.0000,5.0000
277,nodes,0,-3.2652,-3.2211,3.0000
277,nodes,1,3.2646,-3.2202,3.0000
277,nodes,2,-6.7386,3.2324,3.0000
277,nodes,3,6.7400,3.2329,3.0000
277,scouts,0,1.0566,-2.4061,3.0000
277,scouts,1,-1.7317,0.6547,3.0000
277,scouts,2,-5.4097,-1.2030,3.0000
277,scouts,3,-1.1846,-3.4958,3.0000
277,scouts,4,5.4097,-1.2030,3.0000
277,scouts,5,1.7314,0.6550,3.0000
277,scouts,6,-1.0568,-2.4060,3.0000
277,scouts,7,1.1846,-3.4957,3.0000
277,scouts,8,-4.5943,1.2023,3.0000
277,scouts,9,-8.8063,3.5102,3.0000
277,scouts,10,-9.5000,2.5537,3.0000
277,scouts,11,-8.2460,-0.6441,3.0000
277,scouts,12,9.5000,2.5534,3.0000
277,scouts,13,8.8063,3.5101,3.0000
277,scouts,14,4.5945,1.2056,3.0000
277,scouts,15,8.2461,-0.6444,3.0000
277,workers,0,-3.0000,-5.0000,3.0000
277,workers,1,7.0000,-5.0000,3.0000
277,workers,2,-3.0000,5.0000,3.0000
277,workers,3,7.0000,5.0000,3.0000
278,general,0,0.0000,0.0000,5.0000
278,nodes,0,-3.2598,-3.2159,3.0000
278,nodes,1,3.2592,-3.2150,3.0000
278,nodes,2,-6.7443,3.2270,3.0000
278,nodes,3,6.7456,3.2277,3.0000
278,scouts,0,1.0721,-2.3974,3.0000
278,scouts,1,-1.7187,0.6669,3.0000
278,scouts,2,-5.4084,-1.2027,3.0000
278,scouts,3,-1.1808,-3.4866,3.0000
278,scouts,4,5.4084,-1.2027,3.0000
278,scouts,5,1.7184,0.6672,3.0000
278,scouts,6,-1.0724,-2.3973,3.0000
278,scouts,7,1.1808,-3.4865,3.0000
278,scouts,8,-4.5949,1.2017,3.0000
278,scouts,9,-8.8136,3.4976,3.0000
278,scouts,10,-9.5000,2.5481,3.0000
278,scouts,11,-8.2586,-0.6560,3.0000
278,scouts,12,9.5000,2.5478,3.0000
278,scouts,13,8.8136,3.4976,3.0000
278,scouts,14,4.5929,1.2066,3.0000
278,scouts,15,8.2586,-0.6563,3.0000
278,workers,0,-3.0000,-5.0000,3.0000
278,workers,1,7.0000,-5.0000,3.0000
278,workers,2,-3.0000,5.0000,3.0000
278,workers,3,7.0000,5.0000,3.0000
279,general,0,0.0000,0.0000,5.0000
279,nodes,0,-3.2544,-3.2109,3.0000
279,nodes,1,3.2538,-3.2100,3.0000
279,nodes,2,-6.7498,3.2220,3.0000
279,nodes,3,6.7510,3.2229,3.0000
279,scouts,0,1.0877,-2.3887,3.0000
279,scouts,1,-1.7057,0.6791,3.0000
279,scouts,2,-5.4078,-1.2026,3.0000
279,scouts,3,-1.1793,-3.4810,3.0000
279,scouts,4,5.4078,-1.2026,3.0000
279,scouts,5,1.7055,0.6793,3.0000
279,scouts,6,-1.0879,-2.3886,3.0000
279,scouts,7,1.1793,-3.4810,3.0000
279,scouts,8,-4.5948,1.2013,3.0000
279,scouts,9,-8.8177,3.4889,3.0000
279,scouts,10,-9.5000,2.5426,3.0000
279,scouts,11,-8.2711,-0.6679,3.0000
279,scouts,12,9.5000,2.5422,3.0000
279,scouts,13,8.8178,3.4889,3.0000
279,scouts,14,4.5910,1.2075,3.0000
279,scouts,15,8.2712,-0.6682,3.0000
279,workers,0,-3.0000,-5.0000,3.0000
279,workers,1,7.0000,-5.0000,3.0000
279,workers,2,-3.0000,5.0000,3.0000
279,workers,3,7.0000,5.0000,3.0000
280,general,0,0.0000,0.0000,5.0000
280,nodes,0,-3.2494,-3.2061,3.0000
280,nodes,1,3.2487,-3.2053,3.0000
280,nodes,2,-6.7551,3.2174,3.0000
280,nodes,3,6.7562,3.2182,3.0000
280,scouts,0,1.1032,-2.3800,3.0000
280,scouts,1,-1.6927,0.6912,3.0000
280,scouts,2,-5.4077,-1.2026,3.0000
280,scouts,3,-1.1795,-3.4787,3.0000
280,scouts,4,5.4077,-1.2026,3.0000
280,scouts,5,1.6925,0.6915,3.0000
280,scouts,6,-1.1034,-2.3799,3.0000
280,scouts,7,1.1795,-3.4786,3.0000
280,scouts,8,-4.5942,1.2011,3.0000
280,scouts,9,-8.8195,3.4837,3.0000
280,scouts,10,-9.5000,2.5371,3.0000
280,scouts,11,-8.2837,-0.6797,3.0000
280,scouts,12,9.5000,2.5367,3.0000
280,scouts,13,8.8196,3.4837,3.0000
280,scouts,14,4.5908,1.2068,3.0000
280,scouts,15,8.2837,-0.6800,3.0000
280,workers,0,-3.0000,-5.0000,3.0000
280,workers,1,7.0000,-5.0000,3.0000
280,workers,2,-3.0000,5.0000,3.0000
280,workers,3,7.0000,5.0000,3.0000
281,general,0,0.0000,0.0000,5.0000
281,nodes,0,-3.2444,-3.2016,3.0000
281,nodes,1,3.2438,-3.2008,3.0000
281,nodes,2,-6.7602,3.2127,3.0000
281,nodes,3,6.7613,3.2138,3.0000
281,scouts,0,1.1187,-2.3713,3.0000
281,scouts,1,-1.6797,0.7033,3.0000
281,scouts,2,-5.4081,-1.2028,3.0000
281,scouts,3,-1.1813,-3.4792,3.0000
281,scouts,4,5.4082,-1.2028,3.0000
281,scouts,5,1.6794,0.7036,3.0000
281,scouts,6,-1.1189,-2.3712,3.0000
281,scouts,7,1.1812,-3.4791,3.0000
281,scouts,8,-4.5931,1.2011,3.0000
281,scouts,9,-8.8194,3.4817,3.0000
281,scouts,10,-9.5000,2.5316,3.0000
281,scouts,11,-8.2962,-0.6915,3.0000
281,scouts,12,9.5000,2.5312,3.0000
281,scouts,13,8.8194,3.4817,3.0000
281,scouts,14,4.5922,1.2048,3.0000
281,scouts,15,8.2963,-0.6918,3.0000
281,workers,0,-3.0000,-5.0000,3.0000
281,workers,1,7.0000,-5.0000,3.0000
281,workers,2,-3.0000,5.0000,3.0000
281,workers,3,7.0000,5.0000,3.0000
282,general,0,0.0000,0.0000,5.0000
282,nodes,0,-3.2397,-3.1973,3.0000
282,nodes,1,3.2390,-3.1965,3.0000
282,nodes,2,-6.7651,3.2086,3.0000
282,nodes,3,6.7665,3.2092,3.0000
282,scouts,0,1.1342,-2.3626,3.0000
282,scouts,1,-1.6667,0.7154,3.0000
282,scouts,2,-5.4090,-1.2030,3.0000
282,scouts,3,-1.1842,-3.4822,3.0000
282,scouts,4,5.4090,-1.2030,3.0000
282,scouts,5,1.6664,0.7157,3.0000
282,scouts,6,-1.1345,-2.3624,3.0000
282,scouts,7,1.1842,-3.4822,3.0000
282,scouts,8,-4.5916,1.2013,3.0000
282,scouts,9,-8.8176,3.4825,3.0000
282,scouts,10,-9.5000,2.5261,3.0000
282,scouts,11,-8.3088,-0.7033,3.0000
282,scouts,12,9.5000,2.5258,3.0000
282,scouts,13,8.8177,3.4825,3.0000
282,scouts,14,4.5928,1.2032,3.0000
282,scouts,15,8.3089,-0.7036,3.0000
282,workers,0,-3.0000,-5.0000,3.0000
282,workers,1,7.0000,-5.0000,3.0000
282,workers,2,-3.0000,5.0000,3.0000
282,workers,3,7.0000,5.0000,3.0000
283,general,0,0.0000,0.0000,5.0000
283,nodes,0,-3.2349,-3.1932,3.0000
283,nodes,1,3.2342,-3.1924,3.0000
283,nodes,2,-6.7700,3.2045,3.0000
283,nodes,3,6.7713,3.2052,3.0000
283,scouts,0,1.1497,-2.3538,3.0000
283,scouts,1,-1.6536,0.7274,3.0000
283,scouts,2,-5.4103,-1.2033,3.0000
283,scouts,3,-1.1881,-3.4875,3.0000
283,scouts,4,5.4103,-1.2033,3.0000
283,scouts,5,1.6533,0.7277,3.0000
283,scouts,6,-1.1500,-2.3537,3.0000
283,scouts,7,1.1880,-3.4874,3.0000
283,scouts,8,-4.5897,1.2015,3.0000
283,scouts,9,-8.8146,3.4857,3.0000
283,scouts,10,-9.5000,2.5206,3.0000
283,scouts,11,-8.3214,-0.7150,3.0000
283,scouts,12,9.5000,2.5203,3.0000
283,scouts,13,8.8146,3.4857,3.0000
283,scouts,14,4.5928,1.2019,3.0000
283,scouts,15,8.3215,-0.7153,3.0000
283,workers,0,-3.0000,-5.0000,3.0000
283,workers,1,7.0000,-5.0000,3.0000
283,workers,2,-3.0000,5.0000,3.0000
283,workers,3,7.0000,5.0000,3.0000
284,general,0,0.0000,0.0000,5.0000
284,nodes,0,-3.2303,-3.1892,3.0000
284,nodes,1,3.2296,-3.1883,3.0000
284,nodes,2,-6.7746,3.2006,3.0000
284,nodes,3,6.7762,3.2012,3.0000
284,scouts,0,1.1652,-2.3451,3.0000
284,scouts,1,-1.6405,0.7395,3.0000
284,scouts,2,-5.4093,-1.2029,3.0000
284,scouts,3,-1.1927,-3.4947,3.0000
284,scouts,4,5.4093,-1.2029,3.0000
284,scouts,5,1.6403,0.7398,3.0000
284,scouts,6,-1.1655,-2.3450,3.0000
284,scouts,7,1.1927,-3.4946,3.0000
284,scouts,8,-4.5901,1.2015,3.0000
284,scouts,9,-8.8104,3.4912,3.0000
284,scouts,10,-9.5000,2.5152,3.0000
284,scouts,11,-8.3341,-0.7268,3.0000
284,scouts,12,9.5000,2.5149,3.0000
284,scouts,13,8.8104,3.4912,3.0000
284,scouts,14,4.5923,1.2010,3.0000
284,scouts,15,8.3341,-0.7270,3.0000
284,workers,0,-3.0000,-5.0000,3.0000
284,workers,1,7.0000,-5.0000,3.0000
284,workers,2,-3.0000,5.0000,3.0000
284,workers,3,7.0000,5.0000,3.0000
285,general,0,0.0000,0.0000,5.0000
285,nodes,0,-3.2255,-3.1853,3.0000
285,nodes,1,3.2248,-3.1845,3.0000
285,nodes,2,-6.7796,3.1968,3.0000
285,nodes,3,6.7808,3.1975,3.0000
285,scouts,0,1.1808,-2.3363,3.0000
285,scouts,1,-1.6275,0.7515,3.0000
285,scouts,2,-5.4089,-1.2027,3.0000
285,scouts,3,-1.1979,-3.5036,3.0000
285,scouts,4,5.4090,-1.2027,3.0000
285,scouts,5,1.6272,0.7518,3.0000
285,scouts,6,-1.1810,-2.3362,3.0000
285,scouts,7,1.1979,-3.5036,3.0000
285,scouts,8,-4.5925,1.2013,3.0000
285,scouts,9,-8.8054,3.4986,3.0000
285,scouts,10,-9.5000,2.5098,3.0000
285,scouts,11,-8.3467,-0.7385,3.0000
285,scouts,12,9.5000,2.5095,3.0000
285,scouts,13,8.8054,3.4986,3.0000
285,scouts,14,4.5912,1.2003,3.0000
285,scouts,15,8.3468,-0.7387,3.0000
285,workers,0,-3.0000,-5.0000,3.0000
285,workers,1,7.0000,-5.0000,3.0000
285,workers,2,-3.0000,5.0000,3.0000
285,workers,3,7.0000,5.0000,3.0000
286,general,0,0.0000,0.0000,5.0000
286,nodes,0,-3.2209,-3.1816,3.0000
286,nodes,1,3.2202,-3.1807,3.0000
286,nodes,2,-6.7844,3.1931,3.0000
286,nodes,3,6.7853,3.1937,3.0000
286,scouts,0,1.1963,-2.3276,3.0000
286,scouts,1,-1.6143,0.7636,3.0000
286,scouts,2,-5.4091,-1.2026,3.0000
286,scouts,3,-1.2025,-3.5117,3.0000
286,scouts,4,5.4091,-1.2026,3.0000
286,scouts,5,1.6141,0.7638,3.0000
286,scouts,6,-1.1965,-2.3275,3.0000
286,scouts,7,1.2025,-3.5117,3.0000
286,scouts,8,-4.5941,1.2012,3.0000
286,scouts,9,-8.7998,3.5077,3.0000
286,scouts,10,-9.5000,2.5045,3.0000
286,scouts,11,-8.3594,-0.7501,3.0000
286,scouts,12,9.5000,2.5041,3.0000
286,scouts,13,8.7998,3.5077,3.0000
286,scouts,14,4.5897,1.1999,3.0000
286,scouts,15,8.3594,-0.7504,3.0000
286,workers,0,-3.0000,-5.0000,3.0000
286,workers,1,7.0000,-5.0000,3.0000
286,workers,2,-3.0000,5.0000,3.0000
286,workers,3,7.0000,5.0000,3.0000
287,general,0,0.0000,0.0000,5.0000
287,nodes,0,-3.2161,-3.1777,3.0000
287,nodes,1,3.2154,-3.1769,3.0000
287,nodes,2,-6.7892,3.1896,3.0000
287,nodes,3,6.7899,3.1903,3.0000
287,scouts,0,1.2118,-2.3188,3.0000
287,scouts,1,-1.6012,0.7756,3.0000
287,scouts,2,-5.4098,-1.2026,3.0000
287,scouts,3,-1.2065,-3.5190,3.0000
287,scouts,4,5.4098,-1.2026,3.0000
287,scouts,5,1.6010,0.7759,3.0000
287,scouts,6,-1.2120,-2.3187,3.0000
287,scouts,7,1.2064,-3.5190,3.0000
287,scouts,8,-4.5948,1.2013,3.0000
287,scouts,9,-8.7949,3.5160,3.0000
287,scouts,10,-9.5000,2.4991,3.0000
287,scouts,11,-8.3720,-0.7618,3.0000
287,scouts,12,9.5000,2.4988,3.0000
287,scouts,13,8.7949,3.5160,3.0000
287,scouts,14,4.5905,1.1997,3.0000
287,scouts,15,8.3721,-0.7620,3.0000
287,workers,0,-3.0000,-5.0000,3.0000
287,workers,1,7.0000,-5.0000,3.0000
287,workers,2,-3.0000,5.0000,3.0000
287,workers,3,7.0000,5.0000,3.0000
288,general,0,0.0000,0.0000,5.0000
288,nodes,0,-3.2115,-3.1739,3.0000
288,nodes,1,3.2108,-3.1730,3.0000
288,nodes,2,-6.7939,3.1861,3.0000
288,nodes,3,6.7947,3.1866,3.0000
288,scouts,0,1.2272,-2.3100,3.0000
288,scouts,1,-1.5881,0.7876,3.0000
288,scouts,2,-5.4083,-1.2021,3.0000
288,scouts,3,-1.2084,-3.5235,3.0000
288,scouts,4,5.4083,-1.2021,3.0000
288,scouts,5,1.5878,0.7879,3.0000
288,scouts,6,-1.2275,-2.3099,3.0000
288,scouts,7,1.2084,-3.5235,3.0000
288,scouts,8,-4.5949,1.2015,3.0000
288,scouts,9,-8.7904,3.5235,3.0000
288,scouts,10,-9.5000,2.4937,3.0000
288,scouts,11,-8.3847,-0.7734,3.0000
288,scouts,12,9.5000,2.4934,3.0000
288,scouts,13,8.7905,3.5235,3.0000
288,scouts,14,4.5906,1.1997,3.0000
288,scouts,15,8.3848,-0.7737,3.0000
288,workers,0,-3.0000,-5.0000,3.0000
288,workers,1,7.0000,-5.0000,3.0000
288,workers,2,-3.0000,5.0000,3.0000
288,workers,3,7.0000,5.0000,3.0000
289,general,0,0.0000,0.0000,5.0000
289,nodes,0,-3.2064,-3.1696,3.0000
289,nodes,1,3.2058,-3.1688,3.0000
289,nodes,2,-6.7988,3.1824,3.0000
289,nodes,3,6.7995,3.1830,3.0000
289,scouts,0,1.2427,-2.3012,3.0000
289,scouts,1,-1.5749,0.7996,3.0000
289,scouts,2,-5.4075,-1.2017,3.0000
289,scouts,3,-1.2087,-3.5254,3.0000
289,scouts,4,5.4075,-1.2017,3.0000
289,scouts,5,1.5747,0.7998,3.0000
289,scouts,6,-1.2430,-2.3011,3.0000
289,scouts,7,1.2087,-3.5254,3.0000
289,scouts,8,-4.5944,1.2018,3.0000
289,scouts,9,-8.7880,3.5281,3.0000
289,scouts,10,-9.5000,2.4884,3.0000
289,scouts,11,-8.3974,-0.7850,3.0000
289,scouts,12,9.5000,2.4881,3.0000
289,scouts,13,8.7881,3.5281,3.0000
289,scouts,14,4.5901,1.1998,3.0000
289,scouts,15,8.3975,-0.7853,3.0000
289,workers,0,-3.0000,-5.0000,3.0000
289,workers,1,7.0000,-5.0000,3.0000
289,workers,2,-3.0000,5.0000,3.0000
289,workers,3,7.0000,5.0000,3.0000
290,general,0,0.0000,0.0000,5.0000
290,nodes,0,-3.2012,-3.1653,3.0000
290,nodes,1,3.2007,-3.1645,3.0000
290,nodes,2,-6.8037,3.1786,3.0000
290,nodes,3,6.8044,3.1791,3.0000
290,scouts,0,1.2582,-2.2924,3.0000
290,scouts,1,-1.5618,0.8115,3.0000
290,scouts,2,-5.4073,-1.2015,3.0000
290,scouts,3,-1.2077,-3.5250,3.0000
290,scouts,4,5.4073,-1.2015,3.0000
290,scouts,5,1.5615,0.8118,3.0000
290,scouts,6,-1.2584,-2.2922,3.0000
290,scouts,7,1.2076,-3.5250,3.0000
290,scouts,8,-4.5934,1.2022,3.0000
290,scouts,9,-8.7873,3.5303,3.0000
290,scouts,10,-9.5000,2.4831,3.0000
290,scouts,11,-8.4101,-0.7966,3.0000
290,scouts,12,9.5000,2.4828,3.0000
290,scouts,13,8.7873,3.5302,3.0000
290,scouts,14,4.5892,1.2000,3.0000
290,scouts,15,8.4102,-0.7969,3.0000
290,workers,0,-3.0000,-5.0000,3.0000
290,workers,1,7.0000,-5.0000,3.0000
290,workers,2,-3.0000,5.0000,3.0000
290,workers,3,7.0000,5.0000,3.0000
291,general,0,0.0000,0.0000,5.0000
291,nodes,0,-3.1962,-3.1609,3.0000
291,nodes,1,3.1956,-3.1600,3.0000
291,nodes,2,-6.8086,3.1746,3.0000
291,nodes,3,6.8095,3.1751,3.0000
291,scouts,0,1.2737,-2.2835,3.0000
291,scouts,1,-1.5486,0.8235,3.0000
291,scouts,2,-5.4076,-1.2014,3.0000
291,scouts,3,-1.2056,-3.5226,3.0000
291,scouts,4,5.4076,-1.2014,3.0000
291,scouts,5,1.5483,0.8238,3.0000
291,scouts,6,-1.2739,-2.2834,3.0000
291,scouts,7,1.2056,-3.5226,3.0000
291,scouts,8,-4.5919,1.2027,3.0000
291,scouts,9,-8.7880,3.5302,3.0000
291,scouts,10,-9.5000,2.4778,3.0000
291,scouts,11,-8.4229,-0.8082,3.0000
291,scouts,12,9.5000,2.4775,3.0000
291,scouts,13,8.7880,3.5302,3.0000
291,scouts,14,4.5904,1.2004,3.0000
291,scouts,15,8.4230,-0.8085,3.0000
291,workers,0,-3.0000,-5.0000,3.0000
291,workers,1,7.0000,-5.0000,3.0000
291,workers,2,-3.0000,5.0000,3.0000
291,workers,3,7.0000,5.0000,3.0000
292,general,0,0.0000,0.0000,5.0000
292,nodes,0,-3.1910,-3.1563,3.0000
292,nodes,1,3.1905,-3.1554,3.0000
292,nodes,2,-6.8136,3.1705,3.0000
292,nodes,3,6.8148,3.1710,3.0000
292,scouts,0,1.2891,-2.2746,3.0000
292,scouts,1,-1.5353,0.8354,3.0000
292,scouts,2,-5.4084,-1.2015,3.0000
292,scouts,3,-1.2028,-3.5184,3.0000
292,scouts,4,5.4084,-1.2015,3.0000
292,scouts,5,1.5351,0.8357,3.0000
292,scouts,6,-1.2894,-2.2745,3.0000
292,scouts,7,1.2028,-3.5184,3.0000
292,scouts,8,-4.5901,1.2033,3.0000
292,scouts,9,-8.7898,3.5282,3.0000
292,scouts,10,-9.5000,2.4725,3.0000
292,scouts,11,-8.4356,-0.8198,3.0000
292,scouts,12,9.5000,2.4722,3.0000
292,scouts,13,8.7898,3.5281,3.0000
292,scouts,14,4.5909,1.2008,3.0000
292,scouts,15,8.4357,-0.8200,3.0000
292,workers,0,-3.0000,-5.0000,3.0000
292,workers,1,7.0000,-5.0000,3.0000
292,workers,2,-3.0000,5.0000,3.0000
292,workers,3,7.0000,5.0000,3.0000
293,general,0,0.0000,0.0000,5.0000
293,nodes,0,-3.1858,-3.1515,3.0000
293,nodes,1,3.1853,-3.1506,3.0000
293,nodes,2,-6.8188,3.1662,3.0000
293,nodes,3,6.8201,3.1665,3.0000
293,scouts,0,1.3046,-2.2658,3.0000
293,scouts,1,-1.5221,0.8474,3.0000
293,scouts,2,-5.4095,-1.2016,3.0000
293,scouts,3,-1.2003,-3.5151,3.0000
293,scouts,4,5.4095,-1.2016,3.0000
293,scouts,5,1.5218,0.8477,3.0000
293,scouts,6,-1.3048,-2.2656,3.0000
293,scouts,7,1.2003,-3.5151,3.0000
293,scouts,8,-4.5905,1.2031,3.0000
293,scouts,9,-8.7926,3.5244,3.0000
293,scouts,10,-9.5000,2.4672,3.0000
293,scouts,11,-8.4484,-0.8313,3.0000
293,scouts,12,9.5000,2.4669,3.0000
293,scouts,13,8.7926,3.5244,3.0000
293,scouts,14,4.5907,1.2013,3.0000
293,scouts,15,8.4485,-0.8316,3.0000
293,workers,0,-3.0000,-5.0000,3.0000
293,workers,1,7.0000,-5.0000,3.0000
293,workers,2,-3.0000,5.0000,3.0000
293,workers,3,7.0000,5.0000,3.0000
294,general,0,0.0000,0.0000,5.0000
294,nodes,0,-3.1807,-3.1469,3.0000
294,nodes,1,3.1803,-3.1460,3.0000
294,nodes,2,-6.8241,3.1618,3.0000
294,nodes,3,6.8255,3.1622,3.0000
294,scouts,0,1.3200,-2.2569,3.0000
294,scouts,1,-1.5089,0.8593,3.0000
294,scouts,2,-5.4110,-1.2018,3.0000
294,scouts,3,-1.1983,-3.5125,3.0000
294,scouts,4,5.4110,-1.2018,3.0000
294,scouts,5,1.5086,0.8596,3.0000
294,scouts,6,-1.3203,-2.2567,3.0000
294,scouts,7,1.1983,-3.5125,3.0000
294,scouts,8,-4.5927,1.2022,3.0000
294,scouts,9,-8.7961,3.5191,3.0000
294,scouts,10,-9.5000,2.4620,3.0000
294,scouts,11,-8.4612,-0.8429,3.0000
294,scouts,12,9.5000,2.4616,3.0000
294,scouts,13,8.7961,3.5191,3.0000
294,scouts,14,4.5900,1.2019,3.0000
294,scouts,15,8.4613,-0.8431,3.0000
294,workers,0,-3.0000,-5.0000,3.0000
294,workers,1,7.0000,-5.0000,3.0000
294,workers,2,-3.0000,5.0000,3.0000
294,workers,3,7.0000,5.0000,3.0000
295,general,0,0.0000,0.0000,5.0000
295,nodes,0,-3.1757,-3.1424,3.0000
295,nodes,1,3.1753,-3.1415,3.0000
295,nodes,2,-6.8297,3.1572,3.0000
295,nodes,3,6.8307,3.1577,3.0000
295,scouts,0,1.3355,-2.2479,3.0000
295,scouts,1,-1.4956,0.8712,3.0000
295,scouts,2,-5.4102,-1.2017,3.0000
295,scouts,3,-1.1965,-3.5105,3.0000
295,scouts,4,5.4102,-1.2017,3.0000
295,scouts,5,1.4953,0.8715,3.0000
295,scouts,6,-1.3357,-2.2478,3.0000
295,scouts,7,1.1965,-3.5105,3.0000
295,scouts,8,-4.5941,1.2016,3.0000
295,scouts,9,-8.7990,3.5149,3.0000
295,scouts,10,-9.5000,2.4567,3.0000
295,scouts,11,-8.4740,-0.8543,3.0000
295,scouts,12,9.5000,2.4564,3.0000
295,scouts,13,8.7990,3.5148,3.0000
295,scouts,14,4.5914,1.2020,3.0000
295,scouts,15,8.4741,-0.8546,3.0000
295,workers,0,-3.0000,-5.0000,3.0000
295,workers,1,7.0000,-5.0000,3.0000
295,workers,2,-3.0000,5.0000,3.0000
295,workers,3,7.0000,5.0000,3.0000
296,general,0,0.0000,0.0000,5.0000
296,nodes,0,-3.1703,-3.1378,3.0000
296,nodes,1,3.1700,-3.1370,3.0000
296,nodes,2,-6.8351,3.1528,3.0000
296,nodes,3,6.8362,3.1533,3.0000
296,scouts,0,1.3509,-2.2390,3.0000
296,scouts,1,-1.4823,0.8831,3.0000
296,scouts,2,-5.4073,-1.2012,3.0000
296,scouts,3,-1.1950,-3.5091,3.0000
296,scouts,4,5.4074,-1.2012,3.0000
296,scouts,5,1.4820,0.8834,3.0000
296,scouts,6,-1.3512,-2.2389,3.0000
296,scouts,7,1.1950,-3.5091,3.0000
296,scouts,8,-4.5947,1.2012,3.0000
296,scouts,9,-8.8014,3.5115,3.0000
296,scouts,10,-9.5000,2.4515,3.0000
296,scouts,11,-8.4868,-0.8658,3.0000
296,scouts,12,9.5000,2.4512,3.0000
296,scouts,13,8.8015,3.5115,3.0000
296,scouts,14,4.5920,1.2023,3.0000
296,scouts,15,8.4869,-0.8660,3.0000
296,workers,0,-3.0000,-5.0000,3.0000
296,workers,1,7.0000,-5.0000,3.0000
296,workers,2,-3.0000,5.0000,3.0000
296,workers,3,7.0000,5.0000,3.0000
297,general,0,0.0000,0.0000,5.0000
297,nodes,0,-3.1650,-3.1332,3.0000
297,nodes,1,3.1646,-3.1325,3.0000
297,nodes,2,-6.8403,3.1485,3.0000
297,nodes,3,6.8413,3.1491,3.0000
297,scouts,0,1.3664,-2.2300,3.0000
297,scouts,1,-1.4690,0.8949,3.0000
297,scouts,2,-5.4054,-1.2009,3.0000
297,scouts,3,-1.1937,-3.5082,3.0000
297,scouts,4,5.4054,-1.2009,3.0000
297,scouts,5,1.4687,0.8952,3.0000
297,scouts,6,-1.3666,-2.2299,3.0000
297,scouts,7,1.1937,-3.5082,3.0000
297,scouts,8,-4.5946,1.2010,3.0000
297,scouts,9,-8.8034,3.5089,3.0000
297,scouts,10,-9.5000,2.4463,3.0000
297,scouts,11,-8.4997,-0.8772,3.0000
297,scouts,12,9.5000,2.4459,3.0000
297,scouts,13,8.8034,3.5089,3.0000
297,scouts,14,4.5920,1.2026,3.0000
297,scouts,15,8.4998,-0.8775,3.0000
297,workers,0,-3.0000,-5.0000,3.0000
297,workers,1,7.0000,-5.0000,3.0000
297,workers,2,-3.0000,5.0000,3.0000
297,workers,3,7.0000,5.0000,3.0000
298,general,0,0.0000,0.0000,5.0000
298,nodes,0,-3.1598,-3.1288,3.0000
298,nodes,1,3.1594,-3.1279,3.0000
298,nodes,2,-6.8455,3.1442,3.0000
298,nodes,3,6.8467,3.1448,3.0000
298,scouts,0,1.3818,-2.2211,3.0000
298,scouts,1,-1.4556,0.9068,3.0000
298,scouts,2,-5.4041,-1.2008,3.0000
298,scouts,3,-1.1926,-3.5077,3.0000
298,scouts,4,5.4042,-1.2008,3.0000
298,scouts,5,1.4553,0.9071,3.0000
298,scouts,6,-1.3821,-2.2209,3.0000
298,scouts,7,1.1926,-3.5077,3.0000
298,scouts,8,-4.5940,1.2009,3.0000
298,scouts,9,-8.8050,3.5070,3.0000
298,scouts,10,-9.5000,2.4411,3.0000
298,scouts,11,-8.5125,-0.8886,3.0000
298,scouts,12,9.5000,2.4407,3.0000
298,scouts,13,8.8050,3.5070,3.0000
298,scouts,14,4.5914,1.2031,3.0000
298,scouts,15,8.5126,-0.8889,3.0000
298,workers,0,-3.0000,-5.0000,3.0000
298,workers,1,7.0000,-5.0000,3.0000
298,workers,2,-3.0000,5.0000,3.0000
298,workers,3,7.0000,5.0000,3.0000
299,general,0,0.0000,0.0000,5.0000
299,nodes,0,-3.1546,-3.1244,3.0000
299,nodes,1,3.1542,-3.1235,3.0000
299,nodes,2,-6.8507,3.1399,3.0000
299,nodes,3,6.8518,3.1406,3.0000
299,scouts,0,1.3972,-2.2121,3.0000
299,scouts,1,-1.4422,0.9186,3.0000
299,scouts,2,-5.4036,-1.2008,3.0000
299,scouts,3,-1.1917,-3.5076,3.0000
299,scouts,4,5.4036,-1.2008,3.0000
299,scouts,5,1.4419,0.9189,3.0000
299,scouts,6,-1.3975,-2.2120,3.0000
299,scouts,7,1.1917,-3.5076,3.0000
299,scouts,8,-4.5929,1.2010,3.0000
299,scouts,9,-8.8063,3.5057,3.0000
299,scouts,10,-9.5000,2.4359,3.0000
299,scouts,11,-8.5254,-0.9000,3.0000
299,scouts,12,9.5000,2.4356,3.0000
299,scouts,13,8.8063,3.5057,3.0000
299,scouts,14,4.5903,1.2036,3.0000
299,scouts,15,8.5255,-0.9002,3.0000
299,workers,0,-3.0000,-5.0000,3.0000
299,workers,1,7.0000,-5.0000,3.0000
299,workers,2,-3.0000,5.0000,3.0000
299,workers,3,7.0000,5.0000,3.0000
300,general,0,0.0000,0.0000,5.0000
300,nodes,0,-3.1494,-3.1199,3.0000
300,nodes,1,3.1588,-3.1213,3.0000
300,nodes,2,-6.8476,3.1438,3.0000
300,nodes,3,6.8546,3.1461,3.0000
300,scouts,0,1.4127,-2.2031,3.0000
300,scouts,1,-1.4288,0.9304,3.0000
300,scouts,2,-5.4036,-1.2008,3.0000
300,scouts,3,-1.1910,-3.5078,3.0000
300,scouts,4,5.4063,-1.2008,3.0000
300,scouts,5,1.4333,0.9291,3.0000
300,scouts,6,-1.4080,-2.2039,3.0000
300,scouts,7,1.1936,-3.5078,3.0000
300,scouts,8,-4.5894,1.2031,3.0000
300,scouts,9,-8.8054,3.5068,3.0000
300,scouts,10,-9.5000,2.4338,3.0000
300,scouts,11,-8.5344,-0.9078,3.0000
300,scouts,12,9.5000,2.4336,3.0000
300,scouts,13,8.8073,3.5075,3.0000
300,scouts,14,4.5887,1.2069,3.0000
300,scouts,15,8.5364,-0.9073,3.0000
300,workers,0,-3.0000,-5.0000,3.0000
300,workers,1,7.0000,-5.0000,3.0000
300,workers,2,-3.0000,5.0000,3.0000
300,workers,3,7.0000,5.0000,3.0000
301,general,0,0.0000,0.0000,5.0000
301,nodes,0,-3.1443,-3.1155,3.0000
301,nodes,1,3.1610,-3.1185,3.0000
301,nodes,2,-6.8466,3.1457,3.0000
301,nodes,3,6.8581,3.1489,3.0000
301,scouts,0,1.4281,-2.1941,3.0000
301,scouts,1,-1.4154,0.9421,3.0000
301,scouts,2,-5.4041,-1.2010,3.0000
301,scouts,3,-1.1904,-3.5083,3.0000
301,scouts,4,5.4118,-1.2010,3.0000
301,scouts,5,1.4287,0.9379,3.0000
301,scouts,6,-1.4143,-2.1968,3.0000
301,scouts,7,1.1980,-3.5082,3.0000
301,scouts,8,-4.5840,1.2070,3.0000
301,scouts,9,-8.8026,3.5099,3.0000
301,scouts,10,-9.5000,2.4345,3.0000
301,scouts,11,-8.5399,-0.9126,3.0000
301,scouts,12,9.5000,2.4345,3.0000
301,scouts,13,8.8080,3.5121,3.0000
301,scouts,14,4.5868,1.2125,3.0000
301,scouts,15,8.5456,-0.9106,3.0000
301,workers,0,-3.0000,-5.0000,3.0000
301,workers,1,7.0000,-5.0000,3.0000
301,workers,2,-3.0000,5.0000,3.0000
301,workers,3,7.0000,5.0000,3.0000
302,general,0,0.0000,0.0000,5.0000
302,nodes,0,-3.1394,-3.1112,3.0000
302,nodes,1,3.1655,-3.1162,3.0000
302,nodes,2,-6.8435,3.1494,3.0000
302,nodes,3,6.8609,3.1541,3.0000
302,scouts,0,1.4435,-2.1851,3.0000
302,scouts,1,-1.4019,0.9539,3.0000
302,scouts,2,-5.4051,-1.2012,3.0000
302,scouts,3,-1.1898,-3.5090,3.0000
302,scouts,4,5.4197,-1.2012,3.0000
302,scouts,5,1.4277,0.9455,3.0000
302,scouts,6,-1.4169,-2.1903,3.0000
302,scouts,7,1.2045,-3.5089,3.0000
302,scouts,8,-4.5767,1.2123,3.0000
302,scouts,9,-8.7982,3.5149,3.0000
302,scouts,10,-9.5000,2.4376,3.0000
302,scouts,11,-8.5424,-0.9147,3.0000
302,scouts,12,9.5000,2.4378,3.0000
302,scouts,13,8.8085,3.5191,3.0000
302,scouts,14,4.5845,1.2202,3.0000
302,scouts,15,8.5533,-0.9106,3.0000
302,workers,0,-3.0000,-5.0000,3.0000
302,workers,1,7.0000,-5.0000,3.0000
302,workers,2,-3.0000,5.0000,3.0000
302,workers,3,7.0000,5.0000,3.0000
303,general,0,0.0000,0.0000,5.0000
303,nodes,0,-3.1343,-3.1068,3.0000
303,nodes,1,3.1703,-3.1140,3.0000
303,nodes,2,-6.8405,3.1532,3.0000
303,nodes,3,6.8636,3.1594,3.0000
303,scouts,0,1.4589,-2.1760,3.0000
303,scouts,1,-1.3884,0.9656,3.0000
303,scouts,2,-5.4064,-1.2015,3.0000
303,scouts,3,-1.1921,-3.5101,3.0000
303,scouts,4,5.4297,-1.2015,3.0000
303,scouts,5,1.4298,0.9520,3.0000
303,scouts,6,-1.4164,-2.1845,3.0000
303,scouts,7,1.2128,-3.5098,3.0000
303,scouts,8,-4.5680,1.2190,3.0000
303,scouts,9,-8.7924,3.5213,3.0000
303,scouts,10,-9.5000,2.4427,3.0000
303,scouts,11,-8.5423,-0.9144,3.0000
303,scouts,12,9.5000,2.4432,3.0000
303,scouts,13,8.8089,3.5282,3.0000
303,scouts,14,4.5820,1.2296,3.0000
303,scouts,15,8.5596,-0.9079,3.0000
303,workers,0,-3.0000,-5.0000,3.0000
303,workers,1,7.0000,-5.0000,3.0000
303,workers,2,-3.0000,5.0000,3.0000
303,workers,3,7.0000,5.0000,3.0000
304,general,0,0.0000,0.0000,5.0000
304,nodes,0,-3.1297,-3.1026,3.0000
304,nodes,1,3.1761,-3.1118,3.0000
304,nodes,2,-6.8365,3.1576,3.0000
304,nodes,3,6.8661,3.1654,3.0000
304,scouts,0,1.4743,-2.1669,3.0000
304,scouts,1,-1.3749,0.9772,3.0000
304,scouts,2,-5.4080,-1.2019,3.0000
304,scouts,3,-1.1940,-3.5114,3.0000
304,scouts,4,5.4416,-1.2019,3.0000
304,scouts,5,1.4346,0.9576,3.0000
304,scouts,6,-1.4131,-2.1792,3.0000
304,scouts,7,1.2226,-3.5109,3.0000
304,scouts,8,-4.5580,1.2268,3.0000
304,scouts,9,-8.7853,3.5292,3.0000
304,scouts,10,-9.5000,2.4495,3.0000
304,scouts,11,-8.5400,-0.9122,3.0000
304,scouts,12,9.5000,2.4504,3.0000
304,scouts,13,8.8090,3.5390,3.0000
304,scouts,14,4.5792,1.2406,3.0000
304,scouts,15,8.5649,-0.9027,3.0000
304,workers,0,-3.0000,-5.0000,3.0000
304,workers,1,7.0000,-5.0000,3.0000
304,workers,2,-3.0000,5.0000,3.0000
304,workers,3,7.0000,5.0000,3.0000
305,general,0,0.0000,0.0000,5.0000
305,nodes,0,-3.1248,-3.0983,3.0000
305,nodes,1,3.1822,-3.1098,3.0000
305,nodes,2,-6.8323,3.1625,3.0000
305,nodes,3,6.8684,3.1719,3.0000
305,scouts,0,1.4897,-2.1579,3.0000
305,scouts,1,-1.3613,0.9888,3.0000
305,scouts,2,-5.4099,-1.2023,3.0000
305,scouts,3,-1.1957,-3.5129,3.0000
305,scouts,4,5.4550,-1.2023,3.0000
305,scouts,5,1.4416,0.9624,3.0000
305,scouts,6,-1.4074,-2.1744,3.0000
305,scouts,7,1.2339,-3.5121,3.0000
305,scouts,8,-4.5468,1.2355,3.0000
305,scouts,9,-8.7772,3.5382,3.0000
305,scouts,10,-9.5000,2.4579,3.0000
305,scouts,11,-8.5357,-0.9083,3.0000
305,scouts,12,9.5000,2.4592,3.0000
305,scouts,13,8.8090,3.5514,3.0000
305,scouts,14,4.5762,1.2529,3.0000
305,scouts,15,8.5691,-0.8954,3.0000
305,workers,0,-3.0000,-5.0000,3.0000
305,workers,1,7.0000,-5.0000,3.0000
305,workers,2,-3.0000,5.0000,3.0000
305,workers,3,7.0000,5.0000,3.0000
306,general,0,0.0000,0.0000,5.0000
306,nodes,0,-3.1201,-3.0940,3.0000
306,nodes,1,3.1890,-3.1079,3.0000
306,nodes,2,-6.8275,3.1677,3.0000
306,nodes,3,6.8708,3.1789,3.0000
306,scouts,0,1.5051,-2.1488,3.0000
306,scouts,1,-1.3477,1.0004,3.0000
306,scouts,2,-5.4095,-1.2021,3.0000
306,scouts,3,-1.1973,-3.5144,3.0000
306,scouts,4,5.4698,-1.2027,3.0000
306,scouts,5,1.4507,0.9666,3.0000
306,scouts,6,-1.3996,-2.1701,3.0000
306,scouts,7,1.2463,-3.5135,3.0000
306,scouts,8,-4.5347,1.2451,3.0000
306,scouts,9,-8.7682,3.5482,3.0000
306,scouts,10,-9.4985,2.4677,3.0000
306,scouts,11,-8.5298,-0.9028,3.0000
306,scouts,12,9.5000,2.4694,3.0000
306,scouts,13,8.8089,3.5651,3.0000
306,scouts,14,4.5731,1.2664,3.0000
306,scouts,15,8.5725,-0.8863,3.0000
306,workers,0,-3.0000,-5.0000,3.0000
306,workers,1,7.0000,-5.0000,3.0000
306,workers,2,-3.0000,5.0000,3.0000
306,workers,3,7.0000,5.0000,3.0000
307,general,0,0.0000,0.0000,5.0000
307,nodes,0,-3.1151,-3.0896,3.0000
307,nodes,1,3.1962,-3.1062,3.0000
307,nodes,2,-6.8224,3.1732,3.0000
307,nodes,3,6.8729,3.1862,3.0000
307,scouts,0,1.5205,-2.1396,3.0000
307,scouts,1,-1.3340,1.0119,3.0000
307,scouts,2,-5.4096,-1.2021,3.0000
307,scouts,3,-1.1986,-3.5160,3.0000
307,scouts,4,5.4858,-1.2032,3.0000
307,scouts,5,1.4615,0.9701,3.0000
307,scouts,6,-1.3900,-2.1660,3.0000
307,scouts,7,1.2598,-3.5150,3.0000
307,scouts,8,-4.5217,1.2555,3.0000
307,scouts,9,-8.7584,3.5591,3.0000
307,scouts,10,-9.4956,2.4785,3.0000
307,scouts,11,-8.5224,-0.8960,3.0000
307,scouts,12,9.5000,2.4807,3.0000
307,scouts,13,8.8087,3.5800,3.0000
307,scouts,14,4.5697,1.2809,3.0000
307,scouts,15,8.5751,-0.8756,3.0000
307,workers,0,-3.0000,-5.0000,3.0000
307,workers,1,7.0000,-5.0000,3.0000
307,workers,2,-3.0000,5.0000,3.0000
307,workers,3,7.0000,5.0000,3.0000
308,general,0,0.0000,0.0000,5.0000
308,nodes,0,-3.1102,-3.0854,3.0000
308,nodes,1,3.2038,-3.1044,3.0000
308,nodes,2,-6.8172,3.1790,3.0000
308,nodes,3,6.8749,3.1940,3.0000
308,scouts,0,1.5358,-2.1305,3.0000
308,scouts,1,-1.3203,1.0234,3.0000
308,scouts,2,-5.4102,-1.2021,3.0000
308,scouts,3,-1.1998,-3.5177,3.0000
308,scouts,4,5.5029,-1.2037,3.0000
308,scouts,5,1.4738,0.9731,3.0000
308,scouts,6,-1.3788,-2.1623,3.0000
308,scouts,7,1.2742,-3.5165,3.0000
308,scouts,8,-4.5080,1.2665,3.0000
308,scouts,9,-8.7478,3.5707,3.0000
308,scouts,10,-9.4913,2.4904,3.0000
308,scouts,11,-8.5138,-0.8882,3.0000
308,scouts,12,9.5000,2.4931,3.0000
308,scouts,13,8.8084,3.5959,3.0000
308,scouts,14,4.5663,1.2962,3.0000
308,scouts,15,8.5771,-0.8635,3.0000
308,workers,0,-3.0000,-5.0000,3.0000
308,workers,1,7.0000,-5.0000,3.0000
308,workers,2,-3.0000,5.0000,3.0000
308,workers,3,7.0000,5.0000,3.0000
309,general,0,0.0000,0.0000,5.0000
309,nodes,0,-3.1053,-3.0811,3.0000
309,nodes,1,3.2118,-3.1028,3.0000
309,nodes,2,-6.8115,3.1851,3.0000
309,nodes,3,6.8768,3.2019,3.0000
309,scouts,0,1.5512,-2.1213,3.0000
309,scouts,1,-1.3065,1.0348,3.0000
309,scouts,2,-5.4087,-1.2017,3.0000
309,scouts,3,-1.2008,-3.5195,3.0000
309,scouts,4,5.5208,-1.2042,3.0000
309,scouts,5,1.4874,0.9757,3.0000
309,scouts,6,-1.3663,-2.1589,3.0000
309,scouts,7,1.2893,-3.5182,3.0000
309,scouts,8,-4.4936,1.2780,3.0000
309,scouts,9,-8.7367,3.5830,3.0000
309,scouts,10,-9.4860,2.5031,3.0000
309,scouts,11,-8.5040,-0.8793,3.0000
309,scouts,12,9.5000,2.5064,3.0000
309,scouts,13,8.8081,3.6127,3.0000
309,scouts,14,4.5627,1.3123,3.0000
309,scouts,15,8.5786,-0.8502,3.0000
309,workers,0,-3.0000,-5.0000,3.0000
309,workers,1,7.0000,-5.0000,3.0000
309,workers,2,-3.0000,5.0000,3.0000
309,workers,3,7.0000,5.0000,3.0000
310,general,0,0.0000,0.0000,5.0000
310,nodes,0,-3.1001,-3.0768,3.0000
310,nodes,1,3.2201,-3.1012,3.0000
310,nodes,2,-6.8056,3.1913,3.0000
310,nodes,3,6.8787,3.2102,3.0000
310,scouts,0,1.5666,-2.1122,3.0000
310,scouts,1,-1.2927,1.0462,3.0000
310,scouts,2,-5.4078,-1.2014,3.0000
310,scouts,3,-1.2017,-3.5213,3.0000
310,scouts,4,5.5395,-1.2048,3.0000
310,scouts,5,1.5022,0.9779,3.0000
310,scouts,6,-1.3527,-2.1557,3.0000
310,scouts,7,1.3052,-3.5199,3.0000
310,scouts,8,-4.4787,1.2900,3.0000
310,scouts,9,-8.7251,3.5959,3.0000
310,scouts,10,-9.4798,2.5166,3.0000
310,scouts,11,-8.4933,-0.8696,3.0000
310,scouts,12,9.5000,2.5204,3.0000
310,scouts,13,8.8076,3.6302,3.0000
310,scouts,14,4.5590,1.3290,3.0000
310,scouts,15,8.5795,-0.8360,3.0000
310,workers,0,-3.0000,-5.0000,3.0000
310,workers,1,7.0000,-5.0000,3.0000
310,workers,2,-3.0000,5.0000,3.0000
310,workers,3,7.0000,5.0000,3.0000
311,general,0,0.0000,0.0000,5.0000
311,nodes,0,-3.0951,-3.0725,3.0000
311,nodes,1,3.2286,-3.0997,3.0000
311,nodes,2,-6.7995,3.1978,3.0000
311,nodes,3,6.8805,3.2186,3.0000
311,scouts,0,1.5819,-2.1030,3.0000
311,scouts,1,-1.2788,1.0574,3.0000
311,scouts,2,-5.4075,-1.2012,3.0000
311,scouts,3,-1.2022,-3.5205,3.0000
311,scouts,4,5.5589,-1.2053,3.0000
311,scouts,5,1.5179,0.9797,3.0000
311,scouts,6,-1.3380,-2.1527,3.0000
311,scouts,7,1.3216,-3.5217,3.0000
311,scouts,8,-4.4633,1.3024,3.0000
311,scouts,9,-8.7130,3.6092,3.0000
311,scouts,10,-9.4727,2.5307,3.0000
311,scouts,11,-8.4818,-0.8592,3.0000
311,scouts,12,9.5000,2.5351,3.0000
311,scouts,13,8.8071,3.6484,3.0000
311,scouts,14,4.5552,1.3463,3.0000
311,scouts,15,8.5801,-0.8208,3.0000
311,workers,0,-3.0000,-5.0000,3.0000
311,workers,1,7.0000,-5.0000,3.0000
311,workers,2,-3.0000,5.0000,3.0000
311,workers,3,7.0000,5.0000,3.0000
312,general,0,0.0000,0.0000,5.0000
312,nodes,0,-3.0901,-3.0680,3.0000
312,nodes,1,3.2373,-3.0981,3.0000
312,nodes,2,-6.7932,3.2044,3.0000
312,nodes,3,6.8823,3.2274,3.0000
312,scouts,0,1.5973,-2.0937,3.0000
312,scouts,1,-1.2648,1.0686,3.0000
312,scouts,2,-5.4078,-1.2012,3.0000
312,scouts,3,-1.2020,-3.5175,3.0000
312,scouts,4,5.5789,-1.2059,3.0000
312,scouts,5,1.5345,0.9813,3.0000
312,scouts,6,-1.3224,-2.1499,3.0000
312,scouts,7,1.3385,-3.5235,3.0000
312,scouts,8,-4.4475,1.3152,3.0000
312,scouts,9,-8.7005,3.6230,3.0000
312,scouts,10,-9.4649,2.5453,3.0000
312,scouts,11,-8.4696,-0.8482,3.0000
312,scouts,12,9.5000,2.5503,3.0000
312,scouts,13,8.8066,3.6671,3.0000
312,scouts,14,4.5514,1.3641,3.0000
312,scouts,15,8.5802,-0.8049,3.0000
312,workers,0,-3.0000,-5.0000,3.0000
312,workers,1,7.0000,-5.0000,3.0000
312,workers,2,-3.0000,5.0000,3.0000
312,workers,3,7.0000,5.0000,3.0000
313,general,0,0.0000,0.0000,5.0000
313,nodes,0,-3.0850,-3.0634,3.0000
313,nodes,1,3.2462,-3.0967,3.0000
313,nodes,2,-6.7868,3.2112,3.0000
313,nodes,3,6.8841,3.2361,3.0000
313,scouts,0,1.6126,-2.0845,3.0000
313,scouts,1,-1.2507,1.0796,3.0000
313,scouts,2,-5.4086,-1.2012,3.0000
313,scouts,3,-1.2019,-3.5152,3.0000
313,scouts,4,5.5993,-1.2065,3.0000
313,scouts,5,1.5518,0.9826,3.0000
313,scouts,6,-1.3061,-2.1472,3.0000
313,scouts,7,1.3558,-3.5254,3.0000
313,scouts,8,-4.4313,1.3283,3.0000
313,scouts,9,-8.6877,3.6371,3.0000
313,scouts,10,-9.4565,2.5605,3.0000
313,scouts,11,-8.4567,-0.8366,3.0000
313,scouts,12,9.5000,2.5660,3.0000
313,scouts,13,8.8060,3.6863,3.0000
313,scouts,14,4.5475,1.3823,3.0000
313,scouts,15,8.5801,-0.7883,3.0000
313,workers,0,-3.0000,-5.0000,3.0000
313,workers,1,7.0000,-5.0000,3.0000
313,workers,2,-3.0000,5.0000,3.0000
313,workers,3,7.0000,5.0000,3.0000
314,general,0,0.0000,0.0000,5.0000
314,nodes,0,-3.0801,-3.0588,3.0000
314,nodes,1,3.2553,-3.0952,3.0000
314,nodes,2,-6.7803,3.2179,3.0000
314,nodes,3,6.8857,3.2450,3.0000
314,scouts,0,1.6280,-2.0753,3.0000
314,scouts,1,-1.2365,1.0904,3.0000
314,scouts,2,-5.4097,-1.2013,3.0000
314,scouts,3,-1.2018,-3.5135,3.0000
314,scouts,4,5.6203,-1.2071,3.0000
314,scouts,5,1.5698,0.9837,3.0000
314,scouts,6,-1.2891,-2.1446,3.0000
314,scouts,7,1.3735,-3.5273,3.0000
314,scouts,8,-4.4148,1.3416,3.0000
314,scouts,9,-8.6746,3.6516,3.0000
314,scouts,10,-9.4475,2.5760,3.0000
314,scouts,11,-8.4433,-0.8246,3.0000
314,scouts,12,9.5000,2.5822,3.0000
314,scouts,13,8.8053,3.7060,3.0000
314,scouts,14,4.5435,1.4009,3.0000
314,scouts,15,8.5797,-0.7711,3.0000
314,workers,0,-3.0000,-5.0000,3.0000
314,workers,1,7.0000,-5.0000,3.0000
314,workers,2,-3.0000,5.0000,3.0000
314,workers,3,7.0000,5.0000,3.0000
315,general,0,0.0000,0.0000,5.0000
315,nodes,0,-3.0751,-3.0543,3.0000
315,nodes,1,3.2645,-3.0938,3.0000
315,nodes,2,-6.7736,3.2248,3.0000
315,nodes,3,6.8874,3.2541,3.0000
315,scouts,0,1.6433,-2.0660,3.0000
315,scouts,1,-1.2221,1.1010,3.0000
315,scouts,2,-5.4112,-1.2015,3.0000
315,scouts,3,-1.2018,-3.5123,3.0000
315,scouts,4,5.6416,-1.2077,3.0000
315,scouts,5,1.5883,0.9846,3.0000
315,scouts,6,-1.2715,-2.1422,3.0000
315,scouts,7,1.3916,-3.5292,3.0000
315,scouts,8,-4.3981,1.3552,3.0000
315,scouts,9,-8.6613,3.6663,3.0000
315,scouts,10,-9.4381,2.5919,3.0000
315,scouts,11,-8.4295,-0.8121,3.0000
315,scouts,12,9.5000,2.5987,3.0000
315,scouts,13,8.8046,3.7260,3.0000
315,scouts,14,4.5395,1.4197,3.0000
315,scouts,15,8.5790,-0.7535,3.0000
315,workers,0,-3.0000,-5.0000,3.0000
315,workers,1,7.0000,-5.0000,3.0000
315,workers,2,-3.0000,5.0000,3.0000
315,workers,3,7.0000,5.0000,3.0000
316,general,0,0.0000,0.0000,5.0000
316,nodes,0,-3.0701,-3.0500,3.0000
316,nodes,1,3.2739,-3.0923,3.0000
316,nodes,2,-6.7668,3.2318,3.0000
316,nodes,3,6.8890,3.2632,3.0000
316,scouts,0,1.6586,-2.0567,3.0000
316,scouts,1,-1.2075,1.1111,3.0000
316,scouts,2,-5.4104,-1.2014,3.0000
316,scouts,3,-1.2017,-3.5115,3.0000
316,scouts,4,5.6632,-1.2083,3.0000
316,scouts,5,1.6073,0.9854,3.0000
316,scouts,6,-1.2534,-2.1398,3.0000
316,scouts,7,1.4099,-3.5312,3.0000
316,scouts,8,-4.3811,1.3689,3.0000
316,scouts,9,-8.6477,3.6812,3.0000
316,scouts,10,-9.4283,2.6081,3.0000
316,scouts,11,-8.4152,-0.7994,3.0000
316,scouts,12,9.5000,2.6155,3.0000
316,scouts,13,8.8039,3.7464,3.0000
316,scouts,14,4.5355,1.4389,3.0000
316,scouts,15,8.5782,-0.7354,3.0000
316,workers,0,-3.0000,-5.0000,3.0000
316,workers,1,7.0000,-5.0000,3.0000
316,workers,2,-3.0000,5.0000,3.0000
316,workers,3,7.0000,5.0000,3.0000
317,general,0,0.0000,0.0000,5.0000
317,nodes,0,-3.0648,-3.0455,3.0000
317,nodes,1,3.2834,-3.0910,3.0000
317,nodes,2,-6.7599,3.2388,3.0000
317,nodes,3,6.8906,3.2726,3.0000
317,scouts,0,1.6739,-2.0474,3.0000
317,scouts,1,-1.1951,1.1197,3.0000
317,scouts,2,-5.4075,-1.2010,3.0000
317,scouts,3,-1.2017,-3.5112,3.0000
317,scouts,4,5.6851,-1.2089,3.0000
317,scouts,5,1.6268,0.9860,3.0000
317,scouts,6,-1.2349,-2.1376,3.0000
317,scouts,7,1.4285,-3.5332,3.0000
317,scouts,8,-4.3639,1.3829,3.0000
317,scouts,9,-8.6339,3.6964,3.0000
317,scouts,10,-9.4181,2.6245,3.0000
317,scouts,11,-8.4006,-0.7863,3.0000
317,scouts,12,9.5000,2.6326,3.0000
317,scouts,13,8.8032,3.7670,3.0000
317,scouts,14,4.5314,1.4582,3.0000
317,scouts,15,8.5772,-0.7169,3.0000
317,workers,0,-3.0000,-5.0000,3.0000
317,workers,1,7.0000,-5.0000,3.0000
317,workers,2,-3.0000,5.0000,3.0000
317,workers,3,7.0000,5.0000,3.0000
318,general,0,0.0000,0.0000,5.0000
318,nodes,0,-3.0598,-3.0414,3.0000
318,nodes,1,3.2930,-3.0895,3.0000
318,nodes,2,-6.7530,3.2460,3.0000
318,nodes,3,6.8921,3.2819,3.0000
318,scouts,0,1.6893,-2.0381,3.0000
318,scouts,1,-1.1858,1.1248,3.0000
318,scouts,2,-5.4055,-1.2007,3.0000
318,scouts,3,-1.2017,-3.5111,3.0000
318,scouts,4,5.7073,-1.2095,3.0000
318,scouts,5,1.6466,0.9865,3.0000
318,scouts,6,-1.2160,-2.1353,3.0000
318,scouts,7,1.4473,-3.5351,3.0000
318,scouts,8,-4.3465,1.3969,3.0000
318,scouts,9,-8.6200,3.7117,3.0000
318,scouts,10,-9.4077,2.6412,3.0000
318,scouts,11,-8.3857,-0.7729,3.0000
318,scouts,12,9.5000,2.6499,3.0000
318,scouts,13,8.8025,3.7879,3.0000
318,scouts,14,4.5273,1.4778,3.0000
318,scouts,15,8.5760,-0.6982,3.0000
318,workers,0,-3.0000,-5.0000,3.0000
318,workers,1,7.0000,-5.0000,3.0000
318,workers,2,-3.0000,5.0000,3.0000
318,workers,3,7.0000,5.0000,3.0000
319,general,0,0.0000,0.0000,5.0000
319,nodes,0,-3.0550,-3.0374,3.0000
319,nodes,1,3.3027,-3.0882,3.0000
319,nodes,2,-6.7459,3.2533,3.0000
319,nodes,3,6.8937,3.2913,3.0000
319,scouts,0,1.7046,-2.0287,3.0000
319,scouts,1,-1.1799,1.1271,3.0000
319,scouts,2,-5.4043,-1.2006,3.0000
319,scouts,3,-1.2018,-3.5114,3.0000
319,scouts,4,5.7297,-1.2101,3.0000
319,scouts,5,1.6667,0.9869,3.0000
319,scouts,6,-1.1968,-2.1332,3.0000
319,scouts,7,1.4663,-3.5372,3.0000
319,scouts,8,-4.3290,1.4111,3.0000
319,scouts,9,-8.6059,3.7272,3.0000
319,scouts,10,-9.3969,2.6581,3.0000
319,scouts,11,-8.3706,-0.7594,3.0000
319,scouts,12,9.5000,2.6674,3.0000
319,scouts,13,8.8017,3.8089,3.0000
319,scouts,14,4.5232,1.4975,3.0000
319,scouts,15,8.5747,-0.6792,3.0000
319,workers,0,-3.0000,-5.0000,3.0000
319,workers,1,7.0000,-5.0000,3.0000
319,workers,2,-3.0000,5.0000,3.0000
319,workers,3,7.0000,5.0000,3.0000
320,general,0,0.0000,0.0000,5.0000
320,nodes,0,-3.0505,-3.0337,3.0000
320,nodes,1,3.3124,-3.0868,3.0000
320,nodes,2,-6.7389,3.2605,3.0000
320,nodes,3,6.8953,3.3008,3.0000
320,scouts,0,1.7199,-2.0194,3.0000
320,scouts,1,-1.1771,1.1274,3.0000
320,scouts,2,-5.4038,-1.2005,3.0000
320,scouts,3,-1.2018,-3.5119,3.0000
320,scouts,4,5.7523,-1.2107,3.0000
320,scouts,5,1.6871,0.9872,3.0000
320,scouts,6,-1.1773,-2.1311,3.0000
320,scouts,7,1.4854,-3.5392,3.0000
320,scouts,8,-4.3113,1.4254,3.0000
320,scouts,9,-8.5917,3.7428,3.0000
320,scouts,10,-9.3860,2.6751,3.0000
320,scouts,11,-8.3552,-0.7457,3.0000
320,scouts,12,9.5000,2.6851,3.0000
320,scouts,13,8.8009,3.8301,3.0000
320,scouts,14,4.5190,1.5173,3.0000
320,scouts,15,8.5733,-0.6599,3.0000
320,workers,0,-3.0000,-5.0000,3.0000
320,workers,1,7.0000,-5.0000,3.0000
320,workers,2,-3.0000,5.0000,3.0000
320,workers,3,7.0000,5.0000,3.0000
321,general,0,0.0000,0.0000,5.0000
321,nodes,0,-3.0462,-3.0301,3.0000
321,nodes,1,3.3222,-3.0854,3.0000
321,nodes,2,-6.7318,3.2678,3.0000
321,nodes,3,6.8968,3.3103,3.0000
321,scouts,0,1.7352,-2.0100,3.0000
321,scouts,1,-1.1770,1.1259,3.0000
321,scouts,2,-5.4038,-1.2005,3.0000
321,scouts,3,-1.2019,-3.5126,3.0000
321,scouts,4,5.7751,-1.2113,3.0000
321,scouts,5,1.7077,0.9875,3.0000
321,scouts,6,-1.1576,-2.1290,3.0000
321,scouts,7,1.5047,-3.5412,3.0000
321,scouts,8,-4.2936,1.4398,3.0000
321,scouts,9,-8.5774,3.7585,3.0000
321,scouts,10,-9.3748,2.6923,3.0000
321,scouts,11,-8.3396,-0.7318,3.0000
321,scouts,12,9.5000,2.7029,3.0000
321,scouts,13,8.8001,3.8515,3.0000
321,scouts,14,4.5149,1.5373,3.0000
321,scouts,15,8.5718,-0.6405,3.0000
321,workers,0,-3.0000,-5.0000,3.0000
321,workers,1,7.0000,-5.0000,3.0000
321,workers,2,-3.0000,5.0000,3.0000
321,workers,3,7.0000,5.0000,3.0000
322,general,0,0.0000,0.0000,5.0000
322,nodes,0,-3.0423,-3.0267,3.0000
322,nodes,1,3.3321,-3.0841,3.0000
322,nodes,2,-6.7246,3.2752,3.0000
322,nodes,3,6.8983,3.3198,3.0000
322,scouts,0,1.7505,-2.0006,3.0000
322,scouts,1,-1.1795,1.1231,3.0000
322,scouts,2,-5.4044,-1.2006,3.0000
322,scouts,3,-1.2019,-3.5136,3.0000
322,scouts,4,5.7980,-1.2119,3.0000
322,scouts,5,1.7286,0.9877,3.0000
322,scouts,6,-1.1376,-2.1269,3.0000
322,scouts,7,1.5241,-3.5432,3.0000
322,scouts,8,-4.2757,1.4543,3.0000
322,scouts,9,-8.5630,3.7743,3.0000
322,scouts,10,-9.3635,2.7096,3.0000
322,scouts,11,-8.3238,-0.7178,3.0000
322,scouts,12,9.5000,2.7208,3.0000
322,scouts,13,8.7993,3.8731,3.0000
322,scouts,14,4.5107,1.5574,3.0000
322,scouts,15,8.5702,-0.6209,3.0000
322,workers,0,-3.0000,-5.0000,3.0000
322,workers,1,7.0000,-5.0000,3.0000
322,workers,2,-3.0000,5.0000,3.0000
322,workers,3,7.0000,5.0000,3.0000
323,general,0,0.0000,0.0000,5.0000
323,nodes,0,-3.0385,-3.0233,3.0000
323,nodes,1,3.3420,-3.0828,3.0000
323,nodes,2,-6.7174,3.2824,3.0000
323,nodes,3,6.8999,3.3294,3.0000
323,scouts,0,1.7657,-1.9912,3.0000
323,scouts,1,-1.1841,1.1191,3.0000
323,scouts,2,-5.4054,-1.2008,3.0000
323,scouts,3,-1.2020,-3.5146,3.0000
323,scouts,4,5.8210,-1.2125,3.0000
323,scouts,5,1.7496,0.9878,3.0000
323,scouts,6,-1.1174,-2.1249,3.0000
323,scouts,7,1.5436,-3.5453,3.0000
323,scouts,8,-4.2577,1.4688,3.0000
323,scouts,9,-8.5485,3.7902,3.0000
323,scouts,10,-9.3520,2.7269,3.0000
323,scouts,11,-8.3079,-0.7036,3.0000
323,scouts,12,9.5000,2.7388,3.0000
323,scouts,13,8.7985,3.8947,3.0000
323,scouts,14,4.5065,1.5776,3.0000
323,scouts,15,8.5685,-0.6011,3.0000
323,workers,0,-3.0000,-5.0000,3.0000
323,workers,1,7.0000,-5.0000,3.0000
323,workers,2,-3.0000,5.0000,3.0000
323,workers,3,7.0000,5.0000,3.0000
324,general,0,0.0000,0.0000,5.0000
324,nodes,0,-3.0350,-3.0202,3.0000
324,nodes,1,3.3519,-3.0814,3.0000
324,nodes,2,-6.7103,3.2899,3.0000
324,nodes,3,6.9014,3.3391,3.0000
324,scouts,0,1.7810,-1.9818,3.0000
324,scouts,1,-1.1908,1.1142,3.0000
324,scouts,2,-5.4067,-1.2009,3.0000
324,scouts,3,-1.2021,-3.5158,3.0000
324,scouts,4,5.8442,-1.2131,3.0000
324,scouts,5,1.7709,0.9879,3.0000
324,scouts,6,-1.0971,-2.1229,3.0000
324,scouts,7,1.5632,-3.5473,3.0000
324,scouts,8,-4.2397,1.4834,3.0000
324,scouts,9,-8.5339,3.8061,3.0000
324,scouts,10,-9.3404,2.7444,3.0000
324,scouts,11,-8.2919,-0.6894,3.0000
324,scouts,12,9.5000,2.7569,3.0000
324,scouts,13,8.7977,3.9164,3.0000
324,scouts,14,4.5024,1.5978,3.0000
324,scouts,15,8.5668,-0.5813,3.0000
324,workers,0,-3.0000,-5.0000,3.0000
324,workers,1,7.0000,-5.0000,3.0000
324,workers,2,-3.0000,5.0000,3.0000
324,workers,3,7.0000,5.0000,3.0000
325,general,0,0.0000,0.0000,5.0000
325,nodes,0,-3.0316,-3.0170,3.0000
325,nodes,1,3.3619,-3.0801,3.0000
325,nodes,2,-6.7031,3.2973,3.0000
325,nodes,3,6.9029,3.3487,3.0000
325,scouts,0,1.7963,-1.9724,3.0000
325,scouts,1,-1.1992,1.1088,3.0000
325,scouts,2,-5.4084,-1.2012,3.0000
325,scouts,3,-1.2022,-3.5172,3.0000
325,scouts,4,5.8674,-1.2136,3.0000
325,scouts,5,1.7922,0.9880,3.0000
325,scouts,6,-1.0766,-2.1209,3.0000
325,scouts,7,1.5829,-3.5494,3.0000
325,scouts,8,-4.2216,1.4980,3.0000
325,scouts,9,-8.5193,3.8221,3.0000
325,scouts,10,-9.3287,2.7620,3.0000
325,scouts,11,-8.2757,-0.6751,3.0000
325,scouts,12,9.5000,2.7750,3.0000
325,scouts,13,8.7969,3.9382,3.0000
325,scouts,14,4.4982,1.6182,3.0000
325,scouts,15,8.5650,-0.5613,3.0000
325,workers,0,-3.0000,-5.0000,3.0000
325,workers,1,7.0000,-5.0000,3.0000
325,workers,2,-3.0000,5.0000,3.0000
325,workers,3,7.0000,5.0000,3.0000
326,general,0,0.0000,0.0000,5.0000
326,nodes,0,-3.0283,-3.0139,3.0000
326,nodes,1,3.3719,-3.0789,3.0000
326,nodes,2,-6.6958,3.3047,3.0000
326,nodes,3,6.9044,3.3584,3.0000
326,scouts,0,1.8116,-1.9629,3.0000
326,scouts,1,-1.2068,1.1041,3.0000
326,scouts,2,-5.4103,-1.2015,3.0000
326,scouts,3,-1.2023,-3.5186,3.0000
326,scouts,4,5.8907,-1.2142,3.0000
326,scouts,5,1.8137,0.9880,3.0000
326,scouts,6,-1.0561,-2.1189,3.0000
326,scouts,7,1.6026,-3.5514,3.0000
326,scouts,8,-4.2035,1.5126,3.0000
326,scouts,9,-8.5046,3.8382,3.0000
326,scouts,10,-9.3168,2.7796,3.0000
326,scouts,11,-8.2595,-0.6607,3.0000
326,scouts,12,9.5000,2.7932,3.0000
326,scouts,13,8.7960,3.9601,3.0000
326,scouts,14,4.4940,1.6385,3.0000
326,scouts,15,8.5632,-0.5412,3.0000
326,workers,0,-3.0000,-5.0000,3.0000
326,workers,1,7.0000,-5.0000,3.0000
326,workers,2,-3.0000,5.0000,3.0000
326,workers,3,7.0000,5.0000,3.0000
327,general,0,0.0000,0.0000,5.0000
327,nodes,0,-3.0249,-3.0108,3.0000
327,nodes,1,3.3819,-3.0776,3.0000
327,nodes,2,-6.6885,3.3121,3.0000
327,nodes,3,6.9060,3.3681,3.0000
327,scouts,0,1.8268,-1.9535,3.0000
327,scouts,1,-1.2137,1.0999,3.0000
327,scouts,2,-5.4099,-1.2014,3.0000
327,scouts,3,-1.2023,-3.5202,3.0000
327,scouts,4,5.9142,-1.2148,3.0000
327,scouts,5,1.8353,0.9881,3.0000
327,scouts,6,-1.0354,-2.1169,3.0000
327,scouts,7,1.6224,-3.5534,3.0000
327,scouts,8,-4.1853,1.5273,3.0000
327,scouts,9,-8.4899,3.8543,3.0000
327,scouts,10,-9.3049,2.7972,3.0000
327,scouts,11,-8.2431,-0.6463,3.0000
327,scouts,12,9.5000,2.8115,3.0000
327,scouts,13,8.7952,3.9820,3.0000
327,scouts,14,4.4899,1.6589,3.0000
327,scouts,15,8.5614,-0.5211,3.0000
327,workers,0,-3.0000,-5.0000,3.0000
327,workers,1,7.0000,-5.0000,3.0000
327,workers,2,-3.0000,5.0000,3.0000
327,workers,3,7.0000,5.0000,3.0000
328,general,0,0.0000,0.0000,5.0000
328,nodes,0,-3.0212,-3.0075,3.0000
328,nodes,1,3.3920,-3.0762,3.0000
328,nodes,2,-6.6812,3.3195,3.0000
328,nodes,3,6.9075,3.3777,3.0000
328,scouts,0,1.8421,-1.9440,3.0000
328,scouts,1,-1.2178,1.0978,3.0000
328,scouts,2,-5.4074,-1.2010,3.0000
328,scouts,3,-1.2018,-3.5192,3.0000
328,scouts,4,5.9376,-1.2154,3.0000
328,scouts,5,1.8570,0.9881,3.0000
328,scouts,6,-1.0146,-2.1149,3.0000
328,scouts,7,1.6423,-3.5555,3.0000
328,scouts,8,-4.1670,1.5420,3.0000
328,scouts,9,-8.4751,3.8704,3.0000
328,scouts,10,-9.2930,2.8149,3.0000
328,scouts,11,-8.2267,-0.6319,3.0000
328,scouts,12,9.5000,2.8297,3.0000
328,scouts,13,8.7943,4.0040,3.0000
328,scouts,14,4.4857,1.6794,3.0000
328,scouts,15,8.5596,-0.5009,3.0000
328,workers,0,-3.0000,-5.0000,3.0000
328,workers,1,7.0000,-5.0000,3.0000
328,workers,2,-3.0000,5.0000,3.0000
328,workers,3,7.0000,5.0000,3.0000
329,general,0,0.0000,0.0000,5.0000
329,nodes,0,-3.0171,-3.0039,3.0000
329,nodes,1,3.4021,-3.0749,3.0000
329,nodes,2,-6.6738,3.3270,3.0000
329,nodes,3,6.9090,3.3875,3.0000
329,scouts,0,1.8574,-1.9345,3.0000
329,scouts,1,-1.2194,1.0975,3.0000
329,scouts,2,-5.4057,-1.2008,3.0000
329,scouts,3,-1.2014,-3.5186,3.0000
329,scouts,4,5.9612,-1.2159,3.0000
329,scouts,5,1.8787,0.9881,3.0000
329,scouts,6,-0.9937,-2.1129,3.0000
329,scouts,7,1.6622,-3.5575,3.0000
329,scouts,8,-4.1487,1.5568,3.0000
329,scouts,9,-8.4603,3.8866,3.0000
329,scouts,10,-9.2809,2.8326,3.0000
329,scouts,11,-8.2103,-0.6174,3.0000
329,scouts,12,9.5000,2.8481,3.0000
329,scouts,13,8.7935,4.0261,3.0000
329,scouts,14,4.4815,1.6998,3.0000
329,scouts,15,8.5577,-0.4807,3.0000
329,workers,0,-3.0000,-5.0000,3.0000
329,workers,1,7.0000,-5.0000,3.0000
329,workers,2,-3.0000,5.0000,3.0000
329,workers,3,7.0000,5.0000,3.0000
330,general,0,0.0000,0.0000,5.0000
330,nodes,0,-3.0129,-3.0002,3.0000
330,nodes,1,3.4122,-3.0735,3.0000
330,nodes,2,-6.6666,3.3344,3.0000
330,nodes,3,6.9105,3.3972,3.0000
330,scouts,0,1.8726,-1.9250,3.0000
330,scouts,1,-1.2188,1.0985,3.0000
330,scouts,2,-5.4048,-1.2006,3.0000
330,scouts,3,-1.2010,-3.5184,3.0000
330,scouts,4,5.9848,-1.2165,3.0000
330,scouts,5,1.9006,0.9881,3.0000
330,scouts,6,-0.9727,-2.1110,3.0000
330,scouts,7,1.6821,-3.5595,3.0000
330,scouts,8,-4.1304,1.5715,3.0000
330,scouts,9,-8.4454,3.9027,3.0000
330,scouts,10,-9.2688,2.8504,3.0000
330,scouts,11,-8.1937,-0.6029,3.0000
330,scouts,12,9.5000,2.8664,3.0000
330,scouts,13,8.7926,4.0482,3.0000
330,scouts,14,4.4774,1.7203,3.0000
330,scouts,15,8.5558,-0.4604,3.0000
330,workers,0,-3.0000,-5.0000,3.0000
330,workers,1,7.0000,-5.0000,3.0000
330,workers,2,-3.0000,5.0000,3.0000
330,workers,3,7.0000,5.0000,3.0000
331,general,0,0.0000,0.0000,5.0000
331,nodes,0,-3.0088,-2.9965,3.0000
331,nodes,1,3.4223,-3.0721,3.0000
331,nodes,2,-6.6592,3.3418,3.0000
331,nodes,3,6.9120,3.4070,3.0000
331,scouts,0,1.8879,-1.9155,3.0000
331,scouts,1,-1.2163,1.1008,3.0000
331,scouts,2,-5.4045,-1.2006,3.0000
331,scouts,3,-1.2006,-3.5186,3.0000
331,scouts,4,6.0084,-1.2170,3.0000
331,scouts,5,1.9225,0.9880,3.0000
331,scouts,6,-0.9517,-2.1090,3.0000
331,scouts,7,1.7021,-3.5615,3.0000
331,scouts,8,-4.1121,1.5863,3.0000
331,scouts,9,-8.4306,3.9189,3.0000
331,scouts,10,-9.2567,2.8681,3.0000
331,scouts,11,-8.1772,-0.5883,3.0000
331,scouts,12,9.5000,2.8847,3.0000
331,scouts,13,8.7918,4.0703,3.0000
331,scouts,14,4.4732,1.7408,3.0000
331,scouts,15,8.5539,-0.4402,3.0000
331,workers,0,-3.0000,-5.0000,3.0000
331,workers,1,7.0000,-5.0000,3.0000
331,workers,2,-3.0000,5.0000,3.0000
331,workers,3,7.0000,5.0000,3.0000
332,general,0,0.0000,0.0000,5.0000
332,nodes,0,-3.0044,-2.9927,3.0000
332,nodes,1,3.4324,-3.0708,3.0000
332,nodes,2,-6.6518,3.3493,3.0000
332,nodes,3,6.9136,3.4167,3.0000
332,scouts,0,1.9031,-1.9060,3.0000
332,scouts,1,-1.2120,1.1040,3.0000
332,scouts,2,-5.4049,-1.2005,3.0000
332,scouts,3,-1.2000,-3.5192,3.0000
332,scouts,4,6.0321,-1.2175,3.0000
332,scouts,5,1.9445,0.9880,3.0000
332,scouts,6,-0.9306,-2.1070,3.0000
332,scouts,7,1.7221,-3.5636,3.0000
332,scouts,8,-4.0937,1.6010,3.0000
332,scouts,9,-8.4157,3.9351,3.0000
332,scouts,10,-9.2445,2.8859,3.0000
332,scouts,11,-8.1605,-0.5738,3.0000
332,scouts,12,9.5000,2.9030,3.0000
332,scouts,13,8.7909,4.0924,3.0000
332,scouts,14,4.4691,1.7613,3.0000
332,scouts,15,8.5520,-0.4198,3.0000
332,workers,0,-3.0000,-5.0000,3.0000
332,workers,1,7.0000,-5.0000,3.0000
332,workers,2,-3.0000,5.0000,3.0000
332,workers,3,7.0000,5.0000,3.0000
333,general,0,0.0000,0.0000,5.0000
333,nodes,0,-3.0001,-2.9889,3.0000
333,nodes,1,3.4426,-3.0695,3.0000
333,nodes,2,-6.6443,3.3568,3.0000
333,nodes,3,6.9150,3.4265,3.0000
333,scouts,0,1.9184,-1.8965,3.0000
333,scouts,1,-1.2062,1.1079,3.0000
333,scouts,2,-5.4058,-1.2006,3.0000
333,scouts,3,-1.1993,-3.5201,3.0000
333,scouts,4,6.0558,-1.2181,3.0000
333,scouts,5,1.9665,0.9880,3.0000
333,scouts,6,-0.9095,-2.1049,3.0000
333,scouts,7,1.7422,-3.5656,3.0000
333,scouts,8,-4.0753,1.6158,3.0000
333,scouts,9,-8.4007,3.9513,3.0000
333,scouts,10,-9.2323,2.9037,3.0000
333,scouts,11,-8.1439,-0.5592,3.0000
333,scouts,12,9.5000,2.9214,3.0000
333,scouts,13,8.7901,4.1145,3.0000
333,scouts,14,4.4650,1.7819,3.0000
333,scouts,15,8.5501,-0.3995,3.0000
333,workers,0,-3.0000,-5.0000,3.0000
333,workers,1,7.0000,-5.0000,3.0000
333,workers,2,-3.0000,5.0000,3.0000
333,workers,3,7.0000,5.0000,3.0000
334,general,0,0.0000,0.0000,5.0000
334,nodes,0,-2.9956,-2.9850,3.0000
334,nodes,1,3.4527,-3.0681,3.0000
334,nodes,2,-6.6369,3.3642,3.0000
334,nodes,3,6.9166,3.4362,3.0000
334,scouts,0,1.9336,-1.8870,3.0000
334,scouts,1,-1.2013,1.1113,3.0000
334,scouts,2,-5.4071,-1.2007,3.0000
334,scouts,3,-1.1987,-3.5186,3.0000
334,scouts,4,6.0796,-1.2186,3.0000
334,scouts,5,1.9886,0.9880,3.0000
334,scouts,6,-0.8883,-2.1029,3.0000
334,scouts,7,1.7622,-3.5676,3.0000
334,scouts,8,-4.0569,1.6306,3.0000
334,scouts,9,-8.3858,3.9676,3.0000
334,scouts,10,-9.2201,2.9215,3.0000
334,scouts,11,-8.1272,-0.5446,3.0000
334,scouts,12,9.5000,2.9397,3.0000
334,scouts,13,8.7892,4.1367,3.0000
334,scouts,14,4.4608,1.8024,3.0000
334,scouts,15,8.5481,-0.3792,3.0000
334,workers,0,-3.0000,-5.0000,3.0000
334,workers,1,7.0000,-5.0000,3.0000
334,workers,2,-3.0000,5.0000,3.0000
334,workers,3,7.0000,5.0000,3.0000
335,general,0,0.0000,0.0000,5.0000
335,nodes,0,-2.9913,-2.9810,3.0000
335,nodes,1,3.4629,-3.0668,3.0000
335,nodes,2,-6.6294,3.3717,3.0000
335,nodes,3,6.9181,3.4459,3.0000
335,scouts,0,1.9489,-1.8774,3.0000
335,scouts,1,-1.1973,1.1141,3.0000
335,scouts,2,-5.4089,-1.2008,3.0000
335,scouts,3,-1.1981,-3.5177,3.0000
335,scouts,4,6.1034,-1.2191,3.0000
335,scouts,5,2.0107,0.9880,3.0000
335,scouts,6,-0.8671,-2.1009,3.0000
335,scouts,7,1.7823,-3.5696,3.0000
335,scouts,8,-4.0385,1.6453,3.0000
335,scouts,9,-8.3708,3.9838,3.0000
335,scouts,10,-9.2078,2.9393,3.0000
335,scouts,11,-8.1105,-0.5301,3.0000
335,scouts,12,9.5000,2.9580,3.0000
335,scouts,13,8.7884,4.1589,3.0000
335,scouts,14,4.4567,1.8230,3.0000
335,scouts,15,8.5462,-0.3588,3.0000
335,workers,0,-3.0000,-5.0000,3.0000
335,workers,1,7.0000,-5.0000,3.0000
335,workers,2,-3.0000,5.0000,3.0000
335,workers,3,7.0000,5.0000,3.0000
336,general,0,0.0000,0.0000,5.0000
336,nodes,0,-2.9870,-2.9771,3.0000
336,nodes,1,3.4730,-3.0654,3.0000
336,nodes,2,-6.6220,3.3792,3.0000
336,nodes,3,6.9196,3.4557,3.0000
336,scouts,0,1.9641,-1.8678,3.0000
336,scouts,1,-1.1941,1.1166,3.0000
336,scouts,2,-5.4110,-1.2010,3.0000
336,scouts,3,-1.1973,-3.5172,3.0000
336,scouts,4,6.1272,-1.2196,3.0000
336,scouts,5,2.0329,0.9880,3.0000
336,scouts,6,-0.8458,-2.0988,3.0000
336,scouts,7,1.8024,-3.5716,3.0000
336,scouts,8,-4.0200,1.6601,3.0000
336,scouts,9,-8.3558,4.0000,3.0000
336,scouts,10,-9.1956,2.9571,3.0000
336,scouts,11,-8.0937,-0.5155,3.0000
336,scouts,12,9.5000,2.9763,3.0000
336,scouts,13,8.7876,4.1811,3.0000
336,scouts,14,4.4526,1.8435,3.0000
336,scouts,15,8.5443,-0.3385,3.0000
336,workers,0,-3.0000,-5.0000,3.0000
336,workers,1,7.0000,-5.0000,3.0000
336,workers,2,-3.0000,5.0000,3.0000
336,workers,3,7.0000,5.0000,3.0000
337,general,0,0.0000,0.0000,5.0000
337,nodes,0,-2.9829,-2.9733,3.0000
337,nodes,1,3.4832,-3.0641,3.0000
337,nodes,2,-6.6146,3.3867,3.0000
337,nodes,3,6.9212,3.4653,3.0000
337,scouts,0,1.9793,-1.8583,3.0000
337,scouts,1,-1.1916,1.1187,3.0000
337,scouts,2,-5.4107,-1.2009,3.0000
337,scouts,3,-1.1965,-3.5173,3.0000
337,scouts,4,6.1511,-1.2201,3.0000
337,scouts,5,2.0551,0.9880,3.0000
337,scouts,6,-0.8245,-2.0967,3.0000
337,scouts,7,1.8225,-3.5735,3.0000
337,scouts,8,-4.0016,1.6749,3.0000
337,scouts,9,-8.3408,4.0162,3.0000
337,scouts,10,-9.1833,2.9749,3.0000
337,scouts,11,-8.0770,-0.5010,3.0000
337,scouts,12,9.5000,2.9946,3.0000
337,scouts,13,8.7867,4.2033,3.0000
337,scouts,14,4.4485,1.8640,3.0000
337,scouts,15,8.5424,-0.3181,3.0000
337,workers,0,-3.0000,-5.0000,3.0000
337,workers,1,7.0000,-5.0000,3.0000
337,workers,2,-3.0000,5.0000,3.0000
337,workers,3,7.0000,5.0000,3.0000
338,general,0,0.0000,0.0000,5.0000
338,nodes,0,-2.9785,-2.9695,3.0000
338,nodes,1,3.4931,-3.0630,3.0000
338,nodes,2,-6.6073,3.3940,3.0000
338,nodes,3,6.9227,3.4751,3.0000
338,scouts,0,1.9946,-1.8487,3.0000
338,scouts,1,-1.1915,1.1185,3.0000
338,scouts,2,-5.4084,-1.2007,3.0000
338,scouts,3,-1.1956,-3.5177,3.0000
338,scouts,4,6.1749,-1.2206,3.0000
338,scouts,5,2.0773,0.9881,3.0000
338,scouts,6,-0.8032,-2.0947,3.0000
338,scouts,7,1.8426,-3.5755,3.0000
338,scouts,8,-3.9832,1.6896,3.0000
338,scouts,9,-8.3258,4.0325,3.0000
338,scouts,10,-9.1710,2.9927,3.0000
338,scouts,11,-8.0602,-0.4864,3.0000
338,scouts,12,9.5000,3.0129,3.0000
338,scouts,13,8.7859,4.2255,3.0000
338,scouts,14,4.4445,1.8846,3.0000
338,scouts,15,8.5405,-0.2978,3.0000
338,workers,0,-3.0000,-5.0000,3.0000
338,workers,1,7.0000,-5.0000,3.0000
338,workers,2,-3.0000,5.0000,3.0000
338,workers,3,7.0000,5.0000,3.0000
339,general,0,0.0000,0.0000,5.0000
339,nodes,0,-2.9745,-2.9659,3.0000
339,nodes,1,3.5034,-3.0615,3.0000
339,nodes,2,-6.5998,3.4016,3.0000
339,nodes,3,6.9243,3.4848,3.0000
339,scouts,0,2.0098,-1.8391,3.0000
339,scouts,1,-1.1935,1.1165,3.0000
339,scouts,2,-5.4070,-1.2006,3.0000
339,scouts,3,-1.1947,-3.5184,3.0000
339,scouts,4,6.1988,-1.2210,3.0000
339,scouts,5,2.0996,0.9881,3.0000
339,scouts,6,-0.7819,-2.0926,3.0000
339,scouts,7,1.8628,-3.5775,3.0000
339,scouts,8,-3.9647,1.7044,3.0000
339,scouts,9,-8.3108,4.0487,3.0000
339,scouts,10,-9.1586,3.0105,3.0000
339,scouts,11,-8.0434,-0.4719,3.0000
339,scouts,12,9.5000,3.0312,3.0000
339,scouts,13,8.7850,4.2477,3.0000
339,scouts,14,4.4404,1.9051,3.0000
339,scouts,15,8.5386,-0.2774,3.0000
339,workers,0,-3.0000,-5.0000,3.0000
339,workers,1,7.0000,-5.0000,3.0000
339,workers,2,-3.0000,5.0000,3.0000
339,workers,3,7.0000,5.0000,3.0000
340,general,0,0.0000,0.0000,5.0000
340,nodes,0,-2.9704,-2.9625,3.0000
340,nodes,1,3.5135,-3.0602,3.0000
340,nodes,2,-6.5924,3.4090,3.0000
340,nodes,3,6.9257,3.4945,3.0000
340,scouts,0,2.0250,-1.8295,3.0000
340,scouts,1,-1.1955,1.1146,3.0000
340,scouts,2,-5.4063,-1.2005,3.0000
340,scouts,3,-1.1937,-3.5194,3.0000
340,scouts,4,6.2227,-1.2215,3.0000
340,scouts,5,2.1219,0.9882,3.0000
340,scouts,6,-0.7605,-2.0904,3.0000
340,scouts,7,1.8829,-3.5794,3.0000
340,scouts,8,-3.9462,1.7191,3.0000
340,scouts,9,-8.2958,4.0649,3.0000
340,scouts,10,-9.1463,3.0282,3.0000
340,scouts,11,-8.0266,-0.4574,3.0000
340,scouts,12,9.5000,3.0495,3.0000
340,scouts,13,8.7842,4.2700,3.0000
340,scouts,14,4.4364,1.9256,3.0000
340,scouts,15,8.5367,-0.2571,3.0000
340,workers,0,-3.0000,-5.0000,3.0000
340,workers,1,7.0000,-5.0000,3.0000
340,workers,2,-3.0000,5.0000,3.0000
340,workers,3,7.0000,5.0000,3.0000
341,general,0,0.0000,0.0000,5.0000
341,nodes,0,-2.9664,-2.9590,3.0000
341,nodes,1,3.5239,-3.0589,3.0000
341,nodes,2,-6.5850,3.4165,3.0000
341,nodes,3,6.9273,3.5044,3.0000
341,scouts,0,2.0403,-1.8199,3.0000
341,scouts,1,-1.1974,1.1130,3.0000
341,scouts,2,-5.4063,-1.2004,3.0000
341,scouts,3,-1.1941,-3.5185,3.0000
341,scouts,4,6.2467,-1.2219,3.0000
341,scouts,5,2.1442,0.9882,3.0000
341,scouts,6,-0.7391,-2.0883,3.0000
341,scouts,7,1.9031,-3.5814,3.0000
341,scouts,8,-3.9278,1.7339,3.0000
341,scouts,9,-8.2808,4.0811,3.0000
341,scouts,10,-9.1340,3.0460,3.0000
341,scouts,11,-8.0098,-0.4429,3.0000
341,scouts,12,9.5000,3.0677,3.0000
341,scouts,13,8.7833,4.2922,3.0000
341,scouts,14,4.4323,1.9461,3.0000
341,scouts,15,8.5348,-0.2368,3.0000
341,workers,0,-3.0000,-5.0000,3.0000
341,workers,1,7.0000,-5.0000,3.0000
341,workers,2,-3.0000,5.0000,3.0000
341,workers,3,7.0000,5.0000,3.0000
342,general,0,0.0000,0.0000,5.0000
342,nodes,0,-2.9626,-2.9554,3.0000
342,nodes,1,3.5341,-3.0575,3.0000
342,nodes,2,-6.5775,3.4241,3.0000
342,nodes,3,6.9289,3.5141,3.0000
342,scouts,0,2.0555,-1.8102,3.0000
342,scouts,1,-1.1994,1.1116,3.0000
342,scouts,2,-5.4069,-1.2005,3.0000
342,scouts,3,-1.1959,-3.5159,3.0000
342,scouts,4,6.2706,-1.2224,3.0000
342,scouts,5,2.1665,0.9883,3.0000
342,scouts,6,-0.7177,-2.0861,3.0000
342,scouts,7,1.9232,-3.5833,3.0000
342,scouts,8,-3.9093,1.7486,3.0000
342,scouts,9,-8.2657,4.0973,3.0000
342,scouts,10,-9.1216,3.0638,3.0000
342,scouts,11,-7.9929,-0.4284,3.0000
342,scouts,12,9.5000,3.0859,3.0000
342,scouts,13,8.7825,4.3144,3.0000
342,scouts,14,4.4283,1.9666,3.0000
342,scouts,15,8.5329,-0.2165,3.0000
342,workers,0,-3.0000,-5.0000,3.0000
342,workers,1,7.0000,-5.0000,3.0000
342,workers,2,-3.0000,5.0000,3.0000
342,workers,3,7.0000,5.0000,3.0000
343,general,0,0.0000,0.0000,5.0000
343,nodes,0,-2.9589,-2.9517,3.0000
343,nodes,1,3.5443,-3.0561,3.0000
343,nodes,2,-6.5701,3.4314,3.0000
343,nodes,3,6.9304,3.5238,3.0000
343,scouts,0,2.0707,-1.8006,3.0000
343,scouts,1,-1.2013,1.1103,3.0000
343,scouts,2,-5.4080,-1.2005,3.0000
343,scouts,3,-1.1972,-3.5140,3.0000
343,scouts,4,6.2946,-1.2228,3.0000
343,scouts,5,2.1889,0.9884,3.0000
343,scouts,6,-0.6963,-2.0840,3.0000
343,scouts,7,1.9434,-3.5853,3.0000
343,scouts,8,-3.8908,1.7633,3.0000
343,scouts,9,-8.2506,4.1135,3.0000
343,scouts,10,-9.1093,3.0815,3.0000
343,scouts,11,-7.9761,-0.4139,3.0000
343,scouts,12,9.5000,3.1041,3.0000
343,scouts,13,8.7816,4.3366,3.0000
343,scouts,14,4.4243,1.9871,3.0000
343,scouts,15,8.5311,-0.1962,3.0000
343,workers,0,-3.0000,-5.0000,3.0000
343,workers,1,7.0000,-5.0000,3.0000
343,workers,2,-3.0000,5.0000,3.0000
343,workers,3,7.0000,5.0000,3.0000
344,general,0,0.0000,0.0000,5.0000
344,nodes,0,-2.9552,-2.9480,3.0000
344,nodes,1,3.5546,-3.0548,3.0000
344,nodes,2,-6.5626,3.4390,3.0000
344,nodes,3,6.9319,3.5335,3.0000
344,scouts,0,2.0859,-1.7909,3.0000
344,scouts,1,-1.2032,1.1092,3.0000
344,scouts,2,-5.4095,-1.2006,3.0000
344,scouts,3,-1.1982,-3.5127,3.0000
344,scouts,4,6.3186,-1.2232,3.0000
344,scouts,5,2.2113,0.9885,3.0000
344,scouts,6,-0.6748,-2.0818,3.0000
344,scouts,7,1.9636,-3.5872,3.0000
344,scouts,8,-3.8723,1.7780,3.0000
344,scouts,9,-8.2356,4.1297,3.0000
344,scouts,10,-9.0969,3.0992,3.0000
344,scouts,11,-7.9593,-0.3994,3.0000
344,scouts,12,9.5000,3.1223,3.0000
344,scouts,13,8.7808,4.3589,3.0000
344,scouts,14,4.4203,2.0076,3.0000
344,scouts,15,8.5292,-0.1759,3.0000
344,workers,0,-3.0000,-5.0000,3.0000
344,workers,1,7.0000,-5.0000,3.0000
344,workers,2,-3.0000,5.0000,3.0000
344,workers,3,7.0000,5.0000,3.0000
345,general,0,0.0000,0.0000,5.0000
345,nodes,0,-2.9515,-2.9444,3.0000
345,nodes,1,3.5647,-3.0534,3.0000
345,nodes,2,-6.5553,3.4463,3.0000
345,nodes,3,6.9334,3.5433,3.0000
345,scouts,0,2.1011,-1.7813,3.0000
345,scouts,1,-1.2050,1.1082,3.0000
345,scouts,2,-5.4114,-1.2007,3.0000
345,scouts,3,-1.1989,-3.5120,3.0000
345,scouts,4,6.3426,-1.2236,3.0000
345,scouts,5,2.2337,0.9886,3.0000
345,scouts,6,-0.6534,-2.0796,3.0000
345,scouts,7,1.9838,-3.5891,3.0000
345,scouts,8,-3.8538,1.7927,3.0000
345,scouts,9,-8.2205,4.1459,3.0000
345,scouts,10,-9.0845,3.1169,3.0000
345,scouts,11,-7.9424,-0.3850,3.0000
345,scouts,12,9.5000,3.1404,3.0000
345,scouts,13,8.7799,4.3811,3.0000
345,scouts,14,4.4163,2.0281,3.0000
345,scouts,15,8.5274,-0.1557,3.0000
345,workers,0,-3.0000,-5.0000,3.0000
345,workers,1,7.0000,-5.0000,3.0000
345,workers,2,-3.0000,5.0000,3.0000
345,workers,3,7.0000,5.0000,3.0000
346,general,0,0.0000,0.0000,5.0000
346,nodes,0,-2.9477,-2.9408,3.0000
346,nodes,1,3.5749,-3.0520,3.0000
346,nodes,2,-6.5479,3.4538,3.0000
346,nodes,3,6.9351,3.5529,3.0000
346,scouts,0,2.1163,-1.7716,3.0000
346,scouts,1,-1.2069,1.1073,3.0000
346,scouts,2,-5.4109,-1.2007,3.0000
346,scouts,3,-1.1993,-3.5118,3.0000
346,scouts,4,6.3666,-1.2240,3.0000
346,scouts,5,2.2562,0.9888,3.0000
346,scouts,6,-0.6319,-2.0773,3.0000
346,scouts,7,2.0039,-3.5910,3.0000
346,scouts,8,-3.8354,1.8074,3.0000
346,scouts,9,-8.2054,4.1621,3.0000
346,scouts,10,-9.0722,3.1347,3.0000
346,scouts,11,-7.9256,-0.3706,3.0000
346,scouts,12,9.5000,3.1585,3.0000
346,scouts,13,8.7791,4.4033,3.0000
346,scouts,14,4.4124,2.0485,3.0000
346,scouts,15,8.5256,-0.1354,3.0000
346,workers,0,-3.0000,-5.0000,3.0000
346,workers,1,7.0000,-5.0000,3.0000
346,workers,2,-3.0000,5.0000,3.0000
346,workers,3,7.0000,5.0000,3.0000
347,general,0,0.0000,0.0000,5.0000
347,nodes,0,-2.9437,-2.9372,3.0000
347,nodes,1,3.5851,-3.0506,3.0000
347,nodes,2,-6.5404,3.4612,3.0000
347,nodes,3,6.9367,3.5628,3.0000
347,scouts,0,2.1315,-1.7619,3.0000
347,scouts,1,-1.2087,1.1065,3.0000
347,scouts,2,-5.4085,-1.2005,3.0000
347,scouts,3,-1.1995,-3.5120,3.0000
347,scouts,4,6.3907,-1.2244,3.0000
347,scouts,5,2.2786,0.9889,3.0000
347,scouts,6,-0.6104,-2.0751,3.0000
347,scouts,7,2.0241,-3.5929,3.0000
347,scouts,8,-3.8169,1.8221,3.0000
347,scouts,9,-8.1903,4.1783,3.0000
347,scouts,10,-9.0598,3.1523,3.0000
347,scouts,11,-7.9087,-0.3562,3.0000
347,scouts,12,9.5000,3.1766,3.0000
347,scouts,13,8.7783,4.4255,3.0000
347,scouts,14,4.4084,2.0690,3.0000
347,scouts,15,8.5237,-0.1152,3.0000
347,workers,0,-3.0000,-5.0000,3.0000
347,workers,1,7.0000,-5.0000,3.0000
347,workers,2,-3.0000,5.0000,3.0000
347,workers,3,7.0000,5.0000,3.0000
348,general,0,0.0000,0.0000,5.0000
348,nodes,0,-2.9397,-2.9337,3.0000
348,nodes,1,3.5957,-3.0490,3.0000
348,nodes,2,-6.5330,3.4686,3.0000
348,nodes,3,6.9382,3.5724,3.0000
348,scouts,0,2.1467,-1.7522,3.0000
348,scouts,1,-1.2106,1.1058,3.0000
348,scouts,2,-5.4069,-1.2004,3.0000
348,scouts,3,-1.1995,-3.5125,3.0000
348,scouts,4,6.4147,-1.2248,3.0000
348,scouts,5,2.3011,0.9891,3.0000
348,scouts,6,-0.5889,-2.0728,3.0000
348,scouts,7,2.0443,-3.5948,3.0000
348,scouts,8,-3.7984,1.8367,3.0000
348,scouts,9,-8.1752,4.1945,3.0000
348,scouts,10,-9.0475,3.1700,3.0000
348,scouts,11,-7.8918,-0.3418,3.0000
348,scouts,12,9.5000,3.1947,3.0000
348,scouts,13,8.7774,4.4477,3.0000
348,scouts,14,4.4045,2.0894,3.0000
348,scouts,15,8.5220,-0.0950,3.0000
348,workers,0,-3.0000,-5.0000,3.0000
348,workers,1,7.0000,-5.0000,3.0000
348,workers,2,-3.0000,5.0000,3.0000
348,workers,3,7.0000,5.0000,3.0000
349,general,0,0.0000,0.0000,5.0000
349,nodes,0,-2.9357,-2.9301,3.0000
349,nodes,1,3.6055,-3.0478,3.0000
349,nodes,2,-6.5256,3.4760,3.0000
349,nodes,3,6.9397,3.5822,3.0000
349,scouts,0,2.1619,-1.7425,3.0000
349,scouts,1,-1.2099,1.1062,3.0000
349,scouts,2,-5.4062,-1.2004,3.0000
349,scouts,3,-1.1993,-3.5134,3.0000
349,scouts,4,6.4388,-1.2251,3.0000
349,scouts,5,2.3236,0.9893,3.0000
349,scouts,6,-0.5674,-2.0705,3.0000
349,scouts,7,2.0645,-3.5967,3.0000
349,scouts,8,-3.7799,1.8514,3.0000
349,scouts,9,-8.1601,4.2106,3.0000
349,scouts,10,-9.0351,3.1877,3.0000
349,scouts,11,-7.8750,-0.3275,3.0000
349,scouts,12,9.5000,3.2127,3.0000
349,scouts,13,8.7766,4.4699,3.0000
349,scouts,14,4.4006,2.1099,3.0000
349,scouts,15,8.5202,-0.0748,3.0000
349,workers,0,-3.0000,-5.0000,3.0000
349,workers,1,7.0000,-5.0000,3.0000
349,workers,2,-3.0000,5.0000,3.0000
349,workers,3,7.0000,5.0000,3.0000
350,general,0,0.0000,0.0000,5.0000
350,nodes,0,-2.9314,-2.9265,3.0000
350,nodes,1,3.6159,-3.0463,3.0000
350,nodes,2,-6.5182,3.4834,3.0000
350,nodes,3,6.9413,3.5919,3.0000
350,scouts,0,2.1771,-1.7328,3.0000
350,scouts,1,-1.2071,1.1074,3.0000
350,scouts,2,-5.4061,-1.2004,3.0000
350,scouts,3,-1.1989,-3.5145,3.0000
350,scouts,4,6.4628,-1.2255,3.0000
350,scouts,5,2.3461,0.9895,3.0000
350,scouts,6,-0.5458,-2.0682,3.0000
350,scouts,7,2.0848,-3.5986,3.0000
350,scouts,8,-3.7614,1.8660,3.0000
350,scouts,9,-8.1450,4.2268,3.0000
350,scouts,10,-9.0228,3.2053,3.0000
350,scouts,11,-7.8581,-0.3131,3.0000
350,scouts,12,9.5000,3.2307,3.0000
350,scouts,13,8.7758,4.4921,3.0000
350,scouts,14,4.3967,2.1303,3.0000
350,scouts,15,8.5184,-0.0546,3.0000
350,workers,0,-3.0000,-5.0000,3.0000
350,workers,1,7.0000,-5.0000,3.0000
350,workers,2,-3.0000,5.0000,3.0000
350,workers,3,7.0000,5.0000,3.0000
351,general,0,0.0000,0.0000,5.0000
351,nodes,0,-2.9272,-2.9228,3.0000
351,nodes,1,3.6262,-3.0449,3.0000
351,nodes,2,-6.5111,3.4910,3.0000
351,nodes,3,6.9429,3.6015,3.0000
351,scouts,0,2.1923,-1.7231,3.0000
351,scouts,1,-1.2049,1.1085,3.0000
351,scouts,2,-5.4066,-1.2004,3.0000
351,scouts,3,-1.1985,-3.5159,3.0000
351,scouts,4,6.4869,-1.2258,3.0000
351,scouts,5,2.3686,0.9898,3.0000
351,scouts,6,-0.5243,-2.0658,3.0000
351,scouts,7,2.1050,-3.6005,3.0000
351,scouts,8,-3.7430,1.8806,3.0000
351,scouts,9,-8.1299,4.2429,3.0000
351,scouts,10,-9.0104,3.2229,3.0000
351,scouts,11,-7.8412,-0.2988,3.0000
351,scouts,12,9.5000,3.2487,3.0000
351,scouts,13,8.7749,4.5143,3.0000
351,scouts,14,4.3928,2.1507,3.0000
351,scouts,15,8.5167,-0.0345,3.0000
351,workers,0,-3.0000,-5.0000,3.0000
351,workers,1,7.0000,-5.0000,3.0000
351,workers,2,-3.0000,5.0000,3.0000
351,workers,3,7.0000,5.0000,3.0000
352,general,0,0.0000,0.0000,5.0000
352,nodes,0,-2.9231,-2.9192,3.0000
352,nodes,1,3.6361,-3.0436,3.0000
352,nodes,2,-6.5035,3.4985,3.0000
352,nodes,3,6.9442,3.6110,3.0000
352,scouts,0,2.2075,-1.7133,3.0000
352,scouts,1,-1.2032,1.1094,3.0000
352,scouts,2,-5.4077,-1.2005,3.0000
352,scouts,3,-1.1979,-3.5174,3.0000
352,scouts,4,6.5110,-1.2262,3.0000
352,scouts,5,2.3912,0.9900,3.0000
352,scouts,6,-0.5027,-2.0635,3.0000
352,scouts,7,2.1252,-3.6024,3.0000
352,scouts,8,-3.7245,1.8952,3.0000
352,scouts,9,-8.1148,4.2590,3.0000
352,scouts,10,-8.9981,3.2405,3.0000
352,scouts,11,-7.8244,-0.2846,3.0000
352,scouts,12,9.5000,3.2667,3.0000
352,scouts,13,8.7741,4.5365,3.0000
352,scouts,14,4.3889,2.1711,3.0000
352,scouts,15,8.5149,-0.0144,3.0000
352,workers,0,-3.0000,-5.0000,3.0000
352,workers,1,7.0000,-5.0000,3.0000
352,workers,2,-3.0000,5.0000,3.0000
352,workers,3,7.0000,5.0000,3.0000
353,general,0,0.0000,0.0000,5.0000
353,nodes,0,-2.9189,-2.9156,3.0000
353,nodes,1,3.6467,-3.0420,3.0000
353,nodes,2,-6.4965,3.5060,3.0000
353,nodes,3,6.9459,3.6209,3.0000
353,scouts,0,2.2227,-1.7036,3.0000
353,scouts,1,-1.2020,1.1102,3.0000
353,scouts,2,-5.4092,-1.2005,3.0000
353,scouts,3,-1.1972,-3.5192,3.0000
353,scouts,4,6.5351,-1.2265,3.0000
353,scouts,5,2.4137,0.9903,3.0000
353,scouts,6,-0.4812,-2.0611,3.0000
353,scouts,7,2.1454,-3.6042,3.0000
353,scouts,8,-3.7060,1.9098,3.0000
353,scouts,9,-8.0997,4.2751,3.0000
353,scouts,10,-8.9857,3.2581,3.0000
353,scouts,11,-7.8075,-0.2703,3.0000
353,scouts,12,9.5000,3.2846,3.0000
353,scouts,13,8.7733,4.5587,3.0000
353,scouts,14,4.3851,2.1915,3.0000
353,scouts,15,8.5132,0.0057,3.0000
353,workers,0,-3.0000,-5.0000,3.0000
353,workers,1,7.0000,-5.0000,3.0000
353,workers,2,-3.0000,5.0000,3.0000
353,workers,3,7.0000,5.0000,3.0000
354,general,0,0.0000,0.0000,5.0000
354,nodes,0,-2.9150,-2.9121,3.0000
354,nodes,1,3.6568,-3.0406,3.0000
354,nodes,2,-6.4890,3.5134,3.0000
354,nodes,3,6.9475,3.6305,3.0000
354,scouts,0,2.2379,-1.6938,3.0000
354,scouts,1,-1.2012,1.1109,3.0000
354,scouts,2,-5.4110,-1.2006,3.0000
354,scouts,3,-1.1964,-3.5211,3.0000
354,scouts,4,6.5593,-1.2268,3.0000
354,scouts,5,2.4363,0.9906,3.0000
354,scouts,6,-0.4596,-2.0587,3.0000
354,scouts,7,2.1656,-3.6061,3.0000
354,scouts,8,-3.6875,1.9244,3.0000
354,scouts,9,-8.0845,4.2912,3.0000
354,scouts,10,-8.9734,3.2757,3.0000
354,scouts,11,-7.7906,-0.2561,3.0000
354,scouts,12,9.5000,3.3025,3.0000
354,scouts,13,8.7725,4.5809,3.0000
354,scouts,14,4.3813,2.2118,3.0000
354,scouts,15,8.5115,0.0258,3.0000
354,workers,0,-3.0000,-5.0000,3.0000
354,workers,1,7.0000,-5.0000,3.0000
354,workers,2,-3.0000,5.0000,3.0000
354,workers,3,7.0000,5.0000,3.0000
355,general,0,0.0000,0.0000,5.0000
355,nodes,0,-2.9111,-2.9084,3.0000
355,nodes,1,3.6668,-3.0393,3.0000
355,nodes,2,-6.4818,3.5209,3.0000
355,nodes,3,6.9491,3.6402,3.0000
355,scouts,0,2.2531,-1.6840,3.0000
355,scouts,1,-1.2007,1.1114,3.0000
355,scouts,2,-5.4106,-1.2006,3.0000
355,scouts,3,-1.1964,-3.5205,3.0000
355,scouts,4,6.5834,-1.2270,3.0000
355,scouts,5,2.4589,0.9909,3.0000
355,scouts,6,-0.4380,-2.0562,3.0000
355,scouts,7,2.1858,-3.6079,3.0000
355,scouts,8,-3.6691,1.9389,3.0000
355,scouts,9,-8.0694,4.3073,3.0000
355,scouts,10,-8.9610,3.2933,3.0000
355,scouts,11,-7.7737,-0.2419,3.0000
355,scouts,12,9.5000,3.3204,3.0000
355,scouts,13,8.7716,4.6031,3.0000
355,scouts,14,4.3774,2.2322,3.0000
355,scouts,15,8.5098,0.0459,3.0000
355,workers,0,-3.0000,-5.0000,3.0000
355,workers,1,7.0000,-5.0000,3.0000
355,workers,2,-3.0000,5.0000,3.0000
355,workers,3,7.0000,5.0000,3.0000
356,general,0,0.0000,0.0000,5.0000
356,nodes,0,-2.9069,-2.9047,3.0000
356,nodes,1,3.6775,-3.0377,3.0000
356,nodes,2,-6.4739,3.5281,3.0000
356,nodes,3,6.9510,3.6500,3.0000
356,scouts,0,2.2682,-1.6743,3.0000
356,scouts,1,-1.2005,1.1119,3.0000
356,scouts,2,-5.4081,-1.2004,3.0000
356,scouts,3,-1.1971,-3.5179,3.0000
356,scouts,4,6.6075,-1.2273,3.0000
356,scouts,5,2.4815,0.9912,3.0000
356,scouts,6,-0.4164,-2.0538,3.0000
356,scouts,7,2.2061,-3.6097,3.0000
356,scouts,8,-3.6506,1.9535,3.0000
356,scouts,9,-8.0543,4.3234,3.0000
356,scouts,10,-8.9487,3.3108,3.0000
356,scouts,11,-7.7569,-0.2277,3.0000
356,scouts,12,9.5000,3.3382,3.0000
356,scouts,13,8.7708,4.6252,3.0000
356,scouts,14,4.3736,2.2525,3.0000
356,scouts,15,8.5082,0.0659,3.0000
356,workers,0,-3.0000,-5.0000,3.0000
356,workers,1,7.0000,-5.0000,3.0000
356,workers,2,-3.0000,5.0000,3.0000
356,workers,3,7.0000,5.0000,3.0000
357,general,0,0.0000,0.0000,5.0000
357,nodes,0,-2.9027,-2.9007,3.0000
357,nodes,1,3.6875,-3.0363,3.0000
357,nodes,2,-6.4664,3.5353,3.0000
357,nodes,3,6.9526,3.6595,3.0000
357,scouts,0,2.2834,-1.6645,3.0000
357,scouts,1,-1.2006,1.1124,3.0000
357,scouts,2,-5.4065,-1.2003,3.0000
357,scouts,3,-1.1975,-3.5161,3.0000
357,scouts,4,6.6317,-1.2276,3.0000
357,scouts,5,2.5042,0.9916,3.0000
357,scouts,6,-0.3948,-2.0513,3.0000
357,scouts,7,2.2263,-3.6116,3.0000
357,scouts,8,-3.6322,1.9680,3.0000
357,scouts,9,-8.0391,4.3395,3.0000
357,scouts,10,-8.9364,3.3283,3.0000
357,scouts,11,-7.7400,-0.2135,3.0000
357,scouts,12,9.5000,3.3561,3.0000
357,scouts,13,8.7700,4.6474,3.0000
357,scouts,14,4.3699,2.2728,3.0000
357,scouts,15,8.5065,0.0860,3.0000
357,workers,0,-3.0000,-5.0000,3.0000
357,workers,1,7.0000,-5.0000,3.0000
357,workers,2,-3.0000,5.0000,3.0000
357,workers,3,7.0000,5.0000,3.0000
358,general,0,0.0000,0.0000,5.0000
358,nodes,0,-2.8986,-2.8970,3.0000
358,nodes,1,3.6975,-3.0349,3.0000
358,nodes,2,-6.4587,3.5427,3.0000
358,nodes,3,6.9543,3.6692,3.0000
358,scouts,0,2.2986,-1.6547,3.0000
358,scouts,1,-1.2009,1.1127,3.0000
358,scouts,2,-5.4058,-1.2002,3.0000
358,scouts,3,-1.1976,-3.5148,3.0000
358,scouts,4,6.6559,-1.2278,3.0000
358,scouts,5,2.5268,0.9919,3.0000
358,scouts,6,-0.3732,-2.0488,3.0000
358,scouts,7,2.2465,-3.6134,3.0000
358,scouts,8,-3.6137,1.9825,3.0000
358,scouts,9,-8.0240,4.3555,3.0000
358,scouts,10,-8.9240,3.3458,3.0000
358,scouts,11,-7.7231,-0.1994,3.0000
358,scouts,12,9.5000,3.3739,3.0000
358,scouts,13,8.7692,4.6695,3.0000
358,scouts,14,4.3661,2.2931,3.0000
358,scouts,15,8.5049,0.1060,3.0000
358,workers,0,-3.0000,-5.0000,3.0000
358,workers,1,7.0000,-5.0000,3.0000
358,workers,2,-3.0000,5.0000,3.0000
358,workers,3,7.0000,5.0000,3.0000
359,general,0,0.0000,0.0000,5.0000
359,nodes,0,-2.8946,-2.8931,3.0000
359,nodes,1,3.7079,-3.0334,3.0000
359,nodes,2,-6.4516,3.5502,3.0000
359,nodes,3,6.9562,3.6791,3.0000
359,scouts,0,2.3138,-1.6449,3.0000
359,scouts,1,-1.2014,1.1131,3.0000
359,scouts,2,-5.4057,-1.2002,3.0000
359,scouts,3,-1.1976,-3.5142,3.0000
359,scouts,4,6.6800,-1.2281,3.0000
359,scouts,5,2.5495,0.9923,3.0000
359,scouts,6,-0.3516,-2.0462,3.0000
359,scouts,7,2.2667,-3.6152,3.0000
359,scouts,8,-3.5953,1.9970,3.0000
359,scouts,9,-8.0088,4.3716,3.0000
359,scouts,10,-8.9117,3.3633,3.0000
359,scouts,11,-7.7063,-0.1853,3.0000
359,scouts,12,9.5000,3.3916,3.0000
359,scouts,13,8.7684,4.6917,3.0000
359,scouts,14,4.3624,2.3134,3.0000
359,scouts,15,8.5033,0.1260,3.0000
359,workers,0,-3.0000,-5.0000,3.0000
359,workers,1,7.0000,-5.0000,3.0000
359,workers,2,-3.0000,5.0000,3.0000
359,workers,3,7.0000,5.0000,3.0000
360,general,0,0.0000,0.0000,5.0000
360,nodes,0,-2.8906,-2.8895,3.0000
360,nodes,1,3.7181,-3.0319,3.0000
360,nodes,2,-6.4444,3.5577,3.0000
360,nodes,3,6.9580,3.6888,3.0000
360,scouts,0,2.3289,-1.6350,3.0000
360,scouts,1,-1.2021,1.1134,3.0000
360,scouts,2,-5.4062,-1.2002,3.0000
360,scouts,3,-1.1974,-3.5140,3.0000
360,scouts,4,6.7042,-1.2283,3.0000
360,scouts,5,2.5721,0.9927,3.0000
360,scouts,6,-0.3299,-2.0437,3.0000
360,scouts,7,2.2870,-3.6170,3.0000
360,scouts,8,-3.5768,2.0115,3.0000
360,scouts,9,-7.9937,4.3876,3.0000
360,scouts,10,-8.8994,3.3808,3.0000
360,scouts,11,-7.6894,-0.1712,3.0000
360,scouts,12,9.5000,3.4094,3.0000
360,scouts,13,8.7676,4.7138,3.0000
360,scouts,14,4.3586,2.3337,3.0000
360,scouts,15,8.5017,0.1459,3.0000
360,workers,0,-3.0000,-5.0000,3.0000
360,workers,1,7.0000,-5.0000,3.0000
360,workers,2,-3.0000,5.0000,3.0000
360,workers,3,7.0000,5.0000,3.0000
361,general,0,0.0000,0.0000,5.0000
361,nodes,0,-2.8867,-2.8858,3.0000
361,nodes,1,3.7286,-3.0302,3.0000
361,nodes,2,-6.4369,3.5650,3.0000
361,nodes,3,6.9593,3.6982,3.0000
361,scouts,0,2.3441,-1.6252,3.0000
361,scouts,1,-1.2029,1.1136,3.0000
361,scouts,2,-5.4073,-1.2002,3.0000
361,scouts,3,-1.1971,-3.5142,3.0000
361,scouts,4,6.7284,-1.2285,3.0000
361,scouts,5,2.5948,0.9931,3.0000
361,scouts,6,-0.3083,-2.0411,3.0000
361,scouts,7,2.3072,-3.6188,3.0000
361,scouts,8,-3.5584,2.0260,3.0000
361,scouts,9,-7.9785,4.4037,3.0000
361,scouts,10,-8.8871,3.3982,3.0000
361,scouts,11,-7.6726,-0.1571,3.0000
361,scouts,12,9.5000,3.4271,3.0000
361,scouts,13,8.7667,4.7359,3.0000
361,scouts,14,4.3549,2.3540,3.0000
361,scouts,15,8.5001,0.1659,3.0000
361,workers,0,-3.0000,-5.0000,3.0000
361,workers,1,7.0000,-5.0000,3.0000
361,workers,2,-3.0000,5.0000,3.0000
361,workers,3,7.0000,5.0000,3.0000
362,general,0,0.0000,0.0000,5.0000
362,nodes,0,-2.8828,-2.8821,3.0000
362,nodes,1,3.7390,-3.0286,3.0000
362,nodes,2,-6.4298,3.5726,3.0000
362,nodes,3,6.9611,3.7079,3.0000
362,scouts,0,2.3593,-1.6154,3.0000
362,scouts,1,-1.2039,1.1139,3.0000
362,scouts,2,-5.4088,-1.2002,3.0000
362,scouts,3,-1.1966,-3.5147,3.0000
362,scouts,4,6.7527,-1.2287,3.0000
362,scouts,5,2.6175,0.9936,3.0000
362,scouts,6,-0.2866,-2.0385,3.0000
362,scouts,7,2.3275,-3.6206,3.0000
362,scouts,8,-3.5400,2.0404,3.0000
362,scouts,9,-7.9633,4.4197,3.0000
362,scouts,10,-8.8748,3.4157,3.0000
362,scouts,11,-7.6557,-0.1431,3.0000
362,scouts,12,9.5000,3.4448,3.0000
362,scouts,13,8.7659,4.7581,3.0000
362,scouts,14,4.3513,2.3743,3.0000
362,scouts,15,8.4986,0.1858,3.0000
362,workers,0,-3.0000,-5.0000,3.0000
362,workers,1,7.0000,-5.0000,3.0000
362,workers,2,-3.0000,5.0000,3.0000
362,workers,3,7.0000,5.0000,3.0000
363,general,0,0.0000,0.0000,5.0000
363,nodes,0,-2.8788,-2.8785,3.0000
363,nodes,1,3.7493,-3.0272,3.0000
363,nodes,2,-6.4222,3.5800,3.0000
363,nodes,3,6.9627,3.7175,3.0000
363,scouts,0,2.3745,-1.6055,3.0000
363,scouts,1,-1.2049,1.1141,3.0000
363,scouts,2,-5.4106,-1.2002,3.0000
363,scouts,3,-1.1960,-3.5156,3.0000
363,scouts,4,6.7769,-1.2288,3.0000
363,scouts,5,2.6403,0.9941,3.0000
363,scouts,6,-0.2649,-2.0359,3.0000
363,scouts,7,2.3477,-3.6224,3.0000
363,scouts,8,-3.5216,2.0549,3.0000
363,scouts,9,-7.9482,4.4357,3.0000
363,scouts,10,-8.8625,3.4331,3.0000
363,scouts,11,-7.6389,-0.1291,3.0000
363,scouts,12,9.5000,3.4624,3.0000
363,scouts,13,8.7651,4.7802,3.0000
363,scouts,14,4.3476,2.3945,3.0000
363,scouts,15,8.4970,0.2057,3.0000
363,workers,0,-3.0000,-5.0000,3.0000
363,workers,1,7.0000,-5.0000,3.0000
363,workers,2,-3.0000,5.0000,3.0000
363,workers,3,7.0000,5.0000,3.0000
364,general,0,0.0000,0.0000,5.0000
364,nodes,0,-2.8749,-2.8750,3.0000
364,nodes,1,3.7595,-3.0257,3.0000
364,nodes,2,-6.4149,3.5873,3.0000
364,nodes,3,6.9644,3.7271,3.0000
364,scouts,0,2.3896,-1.5957,3.0000
364,scouts,1,-1.2061,1.1143,3.0000
364,scouts,2,-5.4102,-1.2002,3.0000
364,scouts,3,-1.1953,-3.5167,3.0000
364,scouts,4,6.8011,-1.2290,3.0000
364,scouts,5,2.6630,0.9946,3.0000
364,scouts,6,-0.2433,-2.0332,3.0000
364,scouts,7,2.3679,-3.6241,3.0000
364,scouts,8,-3.5032,2.0693,3.0000
364,scouts,9,-7.9330,4.4517,3.0000
364,scouts,10,-8.8502,3.4505,3.0000
364,scouts,11,-7.6220,-0.1151,3.0000
364,scouts,12,9.5000,3.4800,3.0000
364,scouts,13,8.7643,4.8023,3.0000
364,scouts,14,4.3439,2.4147,3.0000
364,scouts,15,8.4955,0.2256,3.0000
364,workers,0,-3.0000,-5.0000,3.0000
364,workers,1,7.0000,-5.0000,3.0000
364,workers,2,-3.0000,5.0000,3.0000
364,workers,3,7.0000,5.0000,3.0000
365,general,0,0.0000,0.0000,5.0000
365,nodes,0,-2.8708,-2.8713,3.0000
365,nodes,1,3.7698,-3.0242,3.0000
365,nodes,2,-6.4074,3.5946,3.0000
365,nodes,3,6.9658,3.7367,3.0000
365,scouts,0,2.4048,-1.5858,3.0000
365,scouts,1,-1.2073,1.1145,3.0000
365,scouts,2,-5.4077,-1.2002,3.0000
365,scouts,3,-1.1945,-3.5181,3.0000
365,scouts,4,6.8254,-1.2291,3.0000
365,scouts,5,2.6857,0.9951,3.0000
365,scouts,6,-0.2216,-2.0305,3.0000
365,scouts,7,2.3882,-3.6259,3.0000
365,scouts,8,-3.4848,2.0837,3.0000
365,scouts,9,-7.9178,4.4676,3.0000
365,scouts,10,-8.8380,3.4679,3.0000
365,scouts,11,-7.6052,-0.1011,3.0000
365,scouts,12,9.5000,3.4976,3.0000
365,scouts,13,8.7635,4.8244,3.0000
365,scouts,14,4.3403,2.4350,3.0000
365,scouts,15,8.4940,0.2454,3.0000
365,workers,0,-3.0000,-5.0000,3.0000
365,workers,1,7.0000,-5.0000,3.0000
365,workers,2,-3.0000,5.0000,3.0000
365,workers,3,7.0000,5.0000,3.0000
366,general,0,0.0000,0.0000,5.0000
366,nodes,0,-2.8665,-2.8678,3.0000
366,nodes,1,3.7802,-3.0227,3.0000
366,nodes,2,-6.3999,3.6021,3.0000
366,nodes,3,6.9677,3.7463,3.0000
366,scouts,0,2.4200,-1.5759,3.0000
366,scouts,1,-1.2086,1.1147,3.0000
366,scouts,2,-5.4062,-1.2001,3.0000
366,scouts,3,-1.1936,-3.5196,3.0000
366,scouts,4,6.8496,-1.2293,3.0000
366,scouts,5,2.7085,0.9956,3.0000
366,scouts,6,-0.1999,-2.0278,3.0000
366,scouts,7,2.4084,-3.6276,3.0000
366,scouts,8,-3.4664,2.0981,3.0000
366,scouts,9,-7.9026,4.4836,3.0000
366,scouts,10,-8.8257,3.4852,3.0000
366,scouts,11,-7.5883,-0.0872,3.0000
366,scouts,12,9.5000,3.5152,3.0000
366,scouts,13,8.7627,4.8465,3.0000
366,scouts,14,4.3367,2.4552,3.0000
366,scouts,15,8.4925,0.2652,3.0000
366,workers,0,-3.0000,-5.0000,3.0000
366,workers,1,7.0000,-5.0000,3.0000
366,workers,2,-3.0000,5.0000,3.0000
366,workers,3,7.0000,5.0000,3.0000
367,general,0,0.0000,0.0000,5.0000
367,nodes,0,-2.8625,-2.8643,3.0000
367,nodes,1,3.7904,-3.0212,3.0000
367,nodes,2,-6.3925,3.6094,3.0000
367,nodes,3,6.9693,3.7560,3.0000
367,scouts,0,2.4351,-1.5660,3.0000
367,scouts,1,-1.2100,1.1148,3.0000
367,scouts,2,-5.4054,-1.2001,3.0000
367,scouts,3,-1.1942,-3.5191,3.0000
367,scouts,4,6.8739,-1.2294,3.0000
367,scouts,5,2.7313,0.9962,3.0000
367,scouts,6,-0.1782,-2.0251,3.0000
367,scouts,7,2.4287,-3.6294,3.0000
367,scouts,8,-3.4480,2.1125,3.0000
367,scouts,9,-7.8874,4.4996,3.0000
367,scouts,10,-8.8134,3.5026,3.0000
367,scouts,11,-7.5715,-0.0733,3.0000
367,scouts,12,9.5000,3.5327,3.0000
367,scouts,13,8.7619,4.8686,3.0000
367,scouts,14,4.3331,2.4754,3.0000
367,scouts,15,8.4910,0.2851,3.0000
367,workers,0,-3.0000,-5.0000,3.0000
367,workers,1,7.0000,-5.0000,3.0000
367,workers,2,-3.0000,5.0000,3.0000
367,workers,3,7.0000,5.0000,3.0000
368,general,0,0.0000,0.0000,5.0000
368,nodes,0,-2.8586,-2.8605,3.0000
368,nodes,1,3.8007,-3.0196,3.0000
368,nodes,2,-6.3851,3.6167,3.0000
368,nodes,3,6.9707,3.7655,3.0000
368,scouts,0,2.4503,-1.5561,3.0000
368,scouts,1,-1.2090,1.1139,3.0000
368,scouts,2,-5.4054,-1.2001,3.0000
368,scouts,3,-1.1959,-3.5168,3.0000
368,scouts,4,6.8982,-1.2295,3.0000
368,scouts,5,2.7541,0.9968,3.0000
368,scouts,6,-0.1565,-2.0224,3.0000
368,scouts,7,2.4489,-3.6311,3.0000
368,scouts,8,-3.4296,2.1269,3.0000
368,scouts,9,-7.8722,4.5155,3.0000
368,scouts,10,-8.8012,3.5199,3.0000
368,scouts,11,-7.5547,-0.0594,3.0000
368,scouts,12,9.5000,3.5503,3.0000
368,scouts,13,8.7611,4.8906,3.0000
368,scouts,14,4.3295,2.4956,3.0000
368,scouts,15,8.4896,0.3049,3.0000
368,workers,0,-3.0000,-5.0000,3.0000
368,workers,1,7.0000,-5.0000,3.0000
368,workers,2,-3.0000,5.0000,3.0000
368,workers,3,7.0000,5.0000,3.0000
369,general,0,0.0000,0.0000,5.0000
369,nodes,0,-2.8546,-2.8567,3.0000
369,nodes,1,3.8110,-3.0181,3.0000
369,nodes,2,-6.3776,3.6241,3.0000
369,nodes,3,6.9724,3.7752,3.0000
369,scouts,0,2.4655,-1.5462,3.0000
369,scouts,1,-1.2084,1.1130,3.0000
369,scouts,2,-5.4059,-1.2001,3.0000
369,scouts,3,-1.1972,-3.5152,3.0000
369,scouts,4,6.9224,-1.2296,3.0000
369,scouts,5,2.7769,0.9974,3.0000
369,scouts,6,-0.1348,-2.0196,3.0000
369,scouts,7,2.4692,-3.6329,3.0000
369,scouts,8,-3.4112,2.1412,3.0000
369,scouts,9,-7.8570,4.5315,3.0000
369,scouts,10,-8.7889,3.5372,3.0000
369,scouts,11,-7.5378,-0.0455,3.0000
369,scouts,12,9.5000,3.5677,3.0000
369,scouts,13,8.7603,4.9127,3.0000
369,scouts,14,4.3260,2.5157,3.0000
369,scouts,15,8.4882,0.3246,3.0000
369,workers,0,-3.0000,-5.0000,3.0000
369,workers,1,7.0000,-5.0000,3.0000
369,workers,2,-3.0000,5.0000,3.0000
369,workers,3,7.0000,5.0000,3.0000
370,general,0,0.0000,0.0000,5.0000
370,nodes,0,-2.8507,-2.8530,3.0000
370,nodes,1,3.8212,-3.0166,3.0000
370,nodes,2,-6.3703,3.6313,3.0000
370,nodes,3,6.9741,3.7848,3.0000
370,scouts,0,2.4807,-1.5363,3.0000
370,scouts,1,-1.2081,1.1123,3.0000
370,scouts,2,-5.4070,-1.2001,3.0000
370,scouts,3,-1.1982,-3.5142,3.0000
370,scouts,4,6.9467,-1.2296,3.0000
370,scouts,5,2.7997,0.9980,3.0000
370,scouts,6,-0.1130,-2.0168,3.0000
370,scouts,7,2.4894,-3.6346,3.0000
370,scouts,8,-3.3929,2.1555,3.0000
370,scouts,9,-7.8418,4.5474,3.0000
370,scouts,10,-8.7767,3.5545,3.0000
370,scouts,11,-7.5210,-0.0317,3.0000
370,scouts,12,9.5000,3.5852,3.0000
370,scouts,13,8.7595,4.9348,3.0000
370,scouts,14,4.3224,2.5359,3.0000
370,scouts,15,8.4867,0.3444,3.0000
370,workers,0,-3.0000,-5.0000,3.0000
370,workers,1,7.0000,-5.0000,3.0000
370,workers,2,-3.0000,5.0000,3.0000
370,workers,3,7.0000,5.0000,3.0000
371,general,0,0.0000,0.0000,5.0000
371,nodes,0,-2.8467,-2.8494,3.0000
371,nodes,1,3.8315,-3.0150,3.0000
371,nodes,2,-6.3628,3.6387,3.0000
371,nodes,3,6.9759,3.7944,3.0000
371,scouts,0,2.4958,-1.5264,3.0000
371,scouts,1,-1.2081,1.1118,3.0000
371,scouts,2,-5.4085,-1.2002,3.0000
371,scouts,3,-1.1988,-3.5137,3.0000
371,scouts,4,6.9710,-1.2297,3.0000
371,scouts,5,2.8226,0.9986,3.0000
371,scouts,6,-0.0913,-2.0139,3.0000
371,scouts,7,2.5097,-3.6363,3.0000
371,scouts,8,-3.3745,2.1698,3.0000
371,scouts,9,-7.8266,4.5633,3.0000
371,scouts,10,-8.7645,3.5718,3.0000
371,scouts,11,-7.5042,-0.0179,3.0000
371,scouts,12,9.5000,3.6026,3.0000
371,scouts,13,8.7587,4.9568,3.0000
371,scouts,14,4.3189,2.5561,3.0000
371,scouts,15,8.4854,0.3641,3.0000
371,workers,0,-3.0000,-5.0000,3.0000
371,workers,1,7.0000,-5.0000,3.0000
371,workers,2,-3.0000,5.0000,3.0000
371,workers,3,7.0000,5.0000,3.0000
372,general,0,0.0000,0.0000,5.0000
372,nodes,0,-2.8428,-2.8457,3.0000
372,nodes,1,3.8417,-3.0134,3.0000
372,nodes,2,-6.3553,3.6461,3.0000
372,nodes,3,6.9776,3.8039,3.0000
372,scouts,0,2.5110,-1.5165,3.0000
372,scouts,1,-1.2083,1.1113,3.0000
372,scouts,2,-5.4104,-1.2002,3.0000
372,scouts,3,-1.1992,-3.5137,3.0000
372,scouts,4,6.9954,-1.2297,3.0000
372,scouts,5,2.8454,0.9993,3.0000
372,scouts,6,-0.0696,-2.0111,3.0000
372,scouts,7,2.5300,-3.6380,3.0000
372,scouts,8,-3.3562,2.1842,3.0000
372,scouts,9,-7.8114,4.5792,3.0000
372,scouts,10,-8.7523,3.5891,3.0000
372,scouts,11,-7.4874,-0.0041,3.0000
372,scouts,12,9.5000,3.6200,3.0000
372,scouts,13,8.7579,4.9789,3.0000
372,scouts,14,4.3154,2.5762,3.0000
372,scouts,15,8.4840,0.3838,3.0000
372,workers,0,-3.0000,-5.0000,3.0000
372,workers,1,7.0000,-5.0000,3.0000
372,workers,2,-3.0000,5.0000,3.0000
372,workers,3,7.0000,5.0000,3.0000
373,general,0,0.0000,0.0000,5.0000
373,nodes,0,-2.8391,-2.8422,3.0000
373,nodes,1,3.8520,-3.0119,3.0000
373,nodes,2,-6.3479,3.6535,3.0000
373,nodes,3,6.9794,3.8136,3.0000
373,scouts,0,2.5262,-1.5065,3.0000
373,scouts,1,-1.2088,1.1109,3.0000
373,scouts,2,-5.4099,-1.2001,3.0000
373,scouts,3,-1.1994,-3.5140,3.0000
373,scouts,4,7.0197,-1.2297,3.0000
373,scouts,5,2.8683,1.0000,3.0000
373,scouts,6,-0.0478,-2.0082,3.0000
373,scouts,7,2.5502,-3.6397,3.0000
373,scouts,8,-3.3379,2.1984,3.0000
373,scouts,9,-7.7962,4.5951,3.0000
373,scouts,10,-8.7400,3.6063,3.0000
373,scouts,11,-7.4706,0.0097,3.0000
373,scouts,12,9.5000,3.6374,3.0000
373,scouts,13,8.7571,5.0009,3.0000
373,scouts,14,4.3120,2.5963,3.0000
373,scouts,15,8.4826,0.4035,3.0000
373,workers,0,-3.0000,-5.0000,3.0000
373,workers,1,7.0000,-5.0000,3.0000
373,workers,2,-3.0000,5.0000,3.0000
373,workers,3,7.0000,5.0000,3.0000
374,general,0,0.0000,0.0000,5.0000
374,nodes,0,-2.8349,-2.8386,3.0000
374,nodes,1,3.8623,-3.0103,3.0000
374,nodes,2,-6.3405,3.6608,3.0000
374,nodes,3,6.9811,3.8230,3.0000
374,scouts,0,2.5413,-1.4966,3.0000
374,scouts,1,-1.2094,1.1107,3.0000
374,scouts,2,-5.4101,-1.2001,3.0000
374,scouts,3,-1.1993,-3.5147,3.0000
374,scouts,4,7.0440,-1.2297,3.0000
374,scouts,5,2.8912,1.0007,3.0000
374,scouts,6,-0.0261,-2.0053,3.0000
374,scouts,7,2.5705,-3.6414,3.0000
374,scouts,8,-3.3195,2.2127,3.0000
374,scouts,9,-7.7810,4.6109,3.0000
374,scouts,10,-8.7279,3.6235,3.0000
374,scouts,11,-7.4538,0.0234,3.0000
374,scouts,12,9.5000,3.6547,3.0000
374,scouts,13,8.7563,5.0229,3.0000
374,scouts,14,4.3085,2.6164,3.0000
374,scouts,15,8.4813,0.4232,3.0000
374,workers,0,-3.0000,-5.0000,3.0000
374,workers,1,7.0000,-5.0000,3.0000
374,workers,2,-3.0000,5.0000,3.0000
374,workers,3,7.0000,5.0000,3.0000
375,general,0,0.0000,0.0000,5.0000
375,nodes,0,-2.8310,-2.8350,3.0000
375,nodes,1,3.8725,-3.0087,3.0000
375,nodes,2,-6.3331,3.6682,3.0000
375,nodes,3,6.9829,3.8326,3.0000
375,scouts,0,2.5565,-1.4866,3.0000
375,scouts,1,-1.2102,1.1105,3.0000
375,scouts,2,-5.4083,-1.2001,3.0000
375,scouts,3,-1.1991,-3.5157,3.0000
375,scouts,4,7.0684,-1.2297,3.0000
375,scouts,5,2.9140,1.0015,3.0000
375,scouts,6,-0.0043,-2.0023,3.0000
375,scouts,7,2.5907,-3.6431,3.0000
375,scouts,8,-3.3012,2.2270,3.0000
375,scouts,9,-7.7658,4.6268,3.0000
375,scouts,10,-8.7157,3.6407,3.0000
375,scouts,11,-7.4370,0.0371,3.0000
375,scouts,12,9.5000,3.6721,3.0000
375,scouts,13,8.7556,5.0449,3.0000
375,scouts,14,4.3051,2.6365,3.0000
375,scouts,15,8.4800,0.4428,3.0000
375,workers,0,-3.0000,-5.0000,3.0000
375,workers,1,7.0000,-5.0000,3.0000
375,workers,2,-3.0000,5.0000,3.0000
375,workers,3,7.0000,5.0000,3.0000
376,general,0,0.0000,0.0000,5.0000
376,nodes,0,-2.8268,-2.8315,3.0000
376,nodes,1,3.8828,-3.0071,3.0000
376,nodes,2,-6.3257,3.6754,3.0000
376,nodes,3,6.9847,3.8422,3.0000
376,scouts,0,2.5717,-1.4767,3.0000
376,scouts,1,-1.2084,1.1102,3.0000
376,scouts,2,-5.4072,-1.2000,3.0000
376,scouts,3,-1.1987,-3.5169,3.0000
376,scouts,4,7.0927,-1.2297,3.0000
376,scouts,5,2.9370,1.0022,3.0000
376,scouts,6,0.0175,-1.9993,3.0000
376,scouts,7,2.6110,-3.6448,3.0000
376,scouts,8,-3.2829,2.2412,3.0000
376,scouts,9,-7.7505,4.6427,3.0000
376,scouts,10,-8.7035,3.6579,3.0000
376,scouts,11,-7.4202,0.0508,3.0000
376,scouts,12,9.5000,3.6893,3.0000
376,scouts,13,8.7548,5.0670,3.0000
376,scouts,14,4.3016,2.6566,3.0000
376,scouts,15,8.4787,0.4625,3.0000
376,workers,0,-3.0000,-5.0000,3.0000
376,workers,1,7.0000,-5.0000,3.0000
376,workers,2,-3.0000,5.0000,3.0000
376,workers,3,7.0000,5.0000,3.0000
377,general,0,0.0000,0.0000,5.0000
377,nodes,0,-2.8225,-2.8279,3.0000
377,nodes,1,3.8932,-3.0055,3.0000
377,nodes,2,-6.3183,3.6827,3.0000
377,nodes,3,6.9864,3.8517,3.0000
377,scouts,0,2.5868,-1.4667,3.0000
377,scouts,1,-1.2071,1.1100,3.0000
377,scouts,2,-5.4069,-1.2000,3.0000
377,scouts,3,-1.1982,-3.5184,3.0000
377,scouts,4,7.1171,-1.2296,3.0000
377,scouts,5,2.9599,1.0030,3.0000
377,scouts,6,0.0393,-1.9963,3.0000
377,scouts,7,2.6313,-3.6465,3.0000
377,scouts,8,-3.2646,2.2554,3.0000
377,scouts,9,-7.7353,4.6585,3.0000
377,scouts,10,-8.6913,3.6751,3.0000
377,scouts,11,-7.4034,0.0645,3.0000
377,scouts,12,9.5000,3.7066,3.0000
377,scouts,13,8.7540,5.0890,3.0000
377,scouts,14,4.2982,2.6767,3.0000
377,scouts,15,8.4774,0.4821,3.0000
377,workers,0,-3.0000,-5.0000,3.0000
377,workers,1,7.0000,-5.0000,3.0000
377,workers,2,-3.0000,5.0000,3.0000
377,workers,3,7.0000,5.0000,3.0000
378,general,0,0.0000,0.0000,5.0000
378,nodes,0,-2.8184,-2.8244,3.0000
378,nodes,1,3.9035,-3.0039,3.0000
378,nodes,2,-6.3109,3.6901,3.0000
378,nodes,3,6.9881,3.8614,3.0000
378,scouts,0,2.6020,-1.4567,3.0000
378,scouts,1,-1.2062,1.1099,3.0000
378,scouts,2,-5.4072,-1.2000,3.0000
378,scouts,3,-1.1976,-3.5200,3.0000
378,scouts,4,7.1414,-1.2295,3.0000
378,scouts,5,2.9828,1.0038,3.0000
378,scouts,6,0.0610,-1.9933,3.0000
378,scouts,7,2.6515,-3.6481,3.0000
378,scouts,8,-3.2464,2.2696,3.0000
378,scouts,9,-7.7201,4.6743,3.0000
378,scouts,10,-8.6792,3.6923,3.0000
378,scouts,11,-7.3867,0.0781,3.0000
378,scouts,12,9.5000,3.7238,3.0000
378,scouts,13,8.7532,5.1110,3.0000
378,scouts,14,4.2949,2.6968,3.0000
378,scouts,15,8.4761,0.5017,3.0000
378,workers,0,-3.0000,-5.0000,3.0000
378,workers,1,7.0000,-5.0000,3.0000
378,workers,2,-3.0000,5.0000,3.0000
378,workers,3,7.0000,5.0000,3.0000
379,general,0,0.0000,0.0000,5.0000
379,nodes,0,-2.8143,-2.8208,3.0000
379,nodes,1,3.9137,-3.0024,3.0000
379,nodes,2,-6.3033,3.6974,3.0000
379,nodes,3,6.9899,3.8709,3.0000
379,scouts,0,2.6172,-1.4467,3.0000
379,scouts,1,-1.2057,1.1099,3.0000
379,scouts,2,-5.4081,-1.1999,3.0000
379,scouts,3,-1.1975,-3.5192,3.0000
379,scouts,4,7.1658,-1.2294,3.0000
379,scouts,5,3.0058,1.0046,3.0000
379,scouts,6,0.0828,-1.9903,3.0000
379,scouts,7,2.6718,-3.6498,3.0000
379,scouts,8,-3.2281,2.2838,3.0000
379,scouts,9,-7.7048,4.6902,3.0000
379,scouts,10,-8.6670,3.7094,3.0000
379,scouts,11,-7.3699,0.0918,3.0000
379,scouts,12,9.5000,3.7410,3.0000
379,scouts,13,8.7524,5.1330,3.0000
379,scouts,14,4.2915,2.7169,3.0000
379,scouts,15,8.4749,0.5213,3.0000
379,workers,0,-3.0000,-5.0000,3.0000
379,workers,1,7.0000,-5.0000,3.0000
379,workers,2,-3.0000,5.0000,3.0000
379,workers,3,7.0000,5.0000,3.0000
380,general,0,0.0000,0.0000,5.0000
380,nodes,0,-2.8103,-2.8171,3.0000
380,nodes,1,3.9240,-3.0007,3.0000
380,nodes,2,-6.2960,3.7047,3.0000
380,nodes,3,6.9917,3.8805,3.0000
380,scouts,0,2.6324,-1.4367,3.0000
380,scouts,1,-1.2055,1.1099,3.0000
380,scouts,2,-5.4095,-1.1999,3.0000
380,scouts,3,-1.1972,-3.5189,3.0000
380,scouts,4,7.1902,-1.2293,3.0000
380,scouts,5,3.0287,1.0055,3.0000
380,scouts,6,0.1046,-1.9872,3.0000
380,scouts,7,2.6921,-3.6514,3.0000
380,scouts,8,-3.2099,2.2980,3.0000
380,scouts,9,-7.6896,4.7060,3.0000
380,scouts,10,-8.6549,3.7265,3.0000
380,scouts,11,-7.3532,0.1053,3.0000
380,scouts,12,9.5000,3.7582,3.0000
380,scouts,13,8.7516,5.1549,3.0000
380,scouts,14,4.2882,2.7369,3.0000
380,scouts,15,8.4737,0.5408,3.0000
380,workers,0,-3.0000,-5.0000,3.0000
380,workers,1,7.0000,-5.0000,3.0000
380,workers,2,-3.0000,5.0000,3.0000
380,workers,3,7.0000,5.0000,3.0000
381,general,0,0.0000,0.0000,5.0000
381,nodes,0,-2.8064,-2.8135,3.0000
381,nodes,1,3.9343,-2.9991,3.0000
381,nodes,2,-6.2885,3.7119,3.0000
381,nodes,3,6.9935,3.8900,3.0000
381,scouts,0,2.6475,-1.4268,3.0000
381,scouts,1,-1.2056,1.1099,3.0000
381,scouts,2,-5.4112,-1.1998,3.0000
381,scouts,3,-1.1968,-3.5190,3.0000
381,scouts,4,7.2146,-1.2292,3.0000
381,scouts,5,3.0517,1.0064,3.0000
381,scouts,6,0.1265,-1.9841,3.0000
381,scouts,7,2.7124,-3.6531,3.0000
381,scouts,8,-3.1916,2.3122,3.0000
381,scouts,9,-7.6743,4.7218,3.0000
381,scouts,10,-8.6428,3.7436,3.0000
381,scouts,11,-7.3364,0.1189,3.0000
381,scouts,12,9.5000,3.7754,3.0000
381,scouts,13,8.7509,5.1769,3.0000
381,scouts,14,4.2849,2.7569,3.0000
381,scouts,15,8.4724,0.5603,3.0000
381,workers,0,-3.0000,-5.0000,3.0000
381,workers,1,7.0000,-5.0000,3.0000
381,workers,2,-3.0000,5.0000,3.0000
381,workers,3,7.0000,5.0000,3.0000
382,general,0,0.0000,0.0000,5.0000
382,nodes,0,-2.8024,-2.8098,3.0000
382,nodes,1,3.9445,-2.9975,3.0000
382,nodes,2,-6.2811,3.7192,3.0000
382,nodes,3,6.9952,3.8996,3.0000
382,scouts,0,2.6627,-1.4168,3.0000
382,scouts,1,-1.2058,1.1101,3.0000
382,scouts,2,-5.4107,-1.1998,3.0000
382,scouts,3,-1.1963,-3.5194,3.0000
382,scouts,4,7.2390,-1.2290,3.0000
382,scouts,5,3.0747,1.0073,3.0000
382,scouts,6,0.1483,-1.9809,3.0000
382,scouts,7,2.7326,-3.6547,3.0000
382,scouts,8,-3.1734,2.3263,3.0000
382,scouts,9,-7.6591,4.7375,3.0000
382,scouts,10,-8.6306,3.7607,3.0000
382,scouts,11,-7.3197,0.1325,3.0000
382,scouts,12,9.5000,3.7925,3.0000
382,scouts,13,8.7501,5.1989,3.0000
382,scouts,14,4.2816,2.7770,3.0000
382,scouts,15,8.4713,0.5799,3.0000
382,workers,0,-3.0000,-5.0000,3.0000
382,workers,1,7.0000,-5.0000,3.0000
382,workers,2,-3.0000,5.0000,3.0000
382,workers,3,7.0000,5.0000,3.0000
383,general,0,0.0000,0.0000,5.0000
383,nodes,0,-2.7982,-2.8062,3.0000
383,nodes,1,3.9549,-2.9959,3.0000
383,nodes,2,-6.2737,3.7265,3.0000
383,nodes,3,6.9972,3.9091,3.0000
383,scouts,0,2.6779,-1.4067,3.0000
383,scouts,1,-1.2063,1.1102,3.0000
383,scouts,2,-5.4082,-1.1999,3.0000
383,scouts,3,-1.1966,-3.5178,3.0000
383,scouts,4,7.2634,-1.2289,3.0000
383,scouts,5,3.0977,1.0082,3.0000
383,scouts,6,0.1701,-1.9777,3.0000
383,scouts,7,2.7529,-3.6563,3.0000
383,scouts,8,-3.1552,2.3405,3.0000
383,scouts,9,-7.6439,4.7533,3.0000
383,scouts,10,-8.6185,3.7778,3.0000
383,scouts,11,-7.3030,0.1460,3.0000
383,scouts,12,9.5000,3.8096,3.0000
383,scouts,13,8.7493,5.2208,3.0000
383,scouts,14,4.2783,2.7970,3.0000
383,scouts,15,8.4701,0.5994,3.0000
383,workers,0,-3.0000,-5.0000,3.0000
383,workers,1,7.0000,-5.0000,3.0000
383,workers,2,-3.0000,5.0000,3.0000
383,workers,3,7.0000,5.0000,3.0000
384,general,0,0.0000,0.0000,5.0000
384,nodes,0,-2.7941,-2.8023,3.0000
384,nodes,1,3.9652,-2.9943,3.0000
384,nodes,2,-6.2663,3.7338,3.0000
384,nodes,3,6.9989,3.9185,3.0000
384,scouts,0,2.6931,-1.3967,3.0000
384,scouts,1,-1.2070,1.1104,3.0000
384,scouts,2,-5.4066,-1.1999,3.0000
384,scouts,3,-1.1967,-3.5167,3.0000
384,scouts,4,7.2879,-1.2287,3.0000
384,scouts,5,3.1207,1.0092,3.0000
384,scouts,6,0.1919,-1.9745,3.0000
384,scouts,7,2.7732,-3.6580,3.0000
384,scouts,8,-3.1370,2.3546,3.0000
384,scouts,9,-7.6286,4.7691,3.0000
384,scouts,10,-8.6065,3.7949,3.0000
384,scouts,11,-7.2863,0.1595,3.0000
384,scouts,12,9.5000,3.8266,3.0000
384,scouts,13,8.7485,5.2428,3.0000
384,scouts,14,4.2751,2.8170,3.0000
384,scouts,15,8.4689,0.6188,3.0000
384,workers,0,-3.0000,-5.0000,3.0000
384,workers,1,7.0000,-5.0000,3.0000
384,workers,2,-3.0000,5.0000,3.0000
384,workers,3,7.0000,5.0000,3.0000
385,general,0,0.0000,0.0000,5.0000
385,nodes,0,-2.7900,-2.7986,3.0000
385,nodes,1,3.9754,-2.9926,3.0000
385,nodes,2,-6.2589,3.7410,3.0000
385,nodes,3,7.0008,3.9281,3.0000
385,scouts,0,2.7083,-1.3867,3.0000
385,scouts,1,-1.2078,1.1106,3.0000
385,scouts,2,-5.4058,-1.1999,3.0000
385,scouts,3,-1.1966,-3.5161,3.0000
385,scouts,4,7.3123,-1.2285,3.0000
385,scouts,5,3.1438,1.0102,3.0000
385,scouts,6,0.2138,-1.9713,3.0000
385,scouts,7,2.7935,-3.6596,3.0000
385,scouts,8,-3.1188,2.3687,3.0000
385,scouts,9,-7.6133,4.7848,3.0000
385,scouts,10,-8.5944,3.8119,3.0000
385,scouts,11,-7.2696,0.1729,3.0000
385,scouts,12,9.5000,3.8437,3.0000
385,scouts,13,8.7478,5.2647,3.0000
385,scouts,14,4.2718,2.8370,3.0000
385,scouts,15,8.4678,0.6383,3.0000
385,workers,0,-3.0000,-5.0000,3.0000
385,workers,1,7.0000,-5.0000,3.0000
385,workers,2,-3.0000,5.0000,3.0000
385,workers,3,7.0000,5.0000,3.0000
386,general,0,0.0000,0.0000,5.0000
386,nodes,0,-2.7860,-2.7948,3.0000
386,nodes,1,3.9858,-2.9910,3.0000
386,nodes,2,-6.2516,3.7482,3.0000
386,nodes,3,7.0026,3.9377,3.0000
386,scouts,0,2.7235,-1.3767,3.0000
386,scouts,1,-1.2087,1.1109,3.0000
386,scouts,2,-5.4057,-1.1998,3.0000
386,scouts,3,-1.1963,-3.5160,3.0000
386,scouts,4,7.3367,-1.2282,3.0000
386,scouts,5,3.1668,1.0112,3.0000
386,scouts,6,0.2356,-1.9680,3.0000
386,scouts,7,2.8138,-3.6612,3.0000
386,scouts,8,-3.1006,2.3828,3.0000
386,scouts,9,-7.5981,4.8006,3.0000
386,scouts,10,-8.5823,3.8289,3.0000
386,scouts,11,-7.2529,0.1864,3.0000
386,scouts,12,9.5000,3.8607,3.0000
386,scouts,13,8.7470,5.2866,3.0000
386,scouts,14,4.2686,2.8570,3.0000
386,scouts,15,8.4667,0.6577,3.0000
386,workers,0,-3.0000,-5.0000,3.0000
386,workers,1,7.0000,-5.0000,3.0000
386,workers,2,-3.0000,5.0000,3.0000
386,workers,3,7.0000,5.0000,3.0000
387,general,0,0.0000,0.0000,5.0000
387,nodes,0,-2.7820,-2.7911,3.0000
387,nodes,1,3.9961,-2.9894,3.0000
387,nodes,2,-6.2443,3.7554,3.0000
387,nodes,3,7.0044,3.9472,3.0000
387,scouts,0,2.7387,-1.3667,3.0000
387,scouts,1,-1.2098,1.1112,3.0000
387,scouts,2,-5.4062,-1.1998,3.0000
387,scouts,3,-1.1959,-3.5163,3.0000
387,scouts,4,7.3612,-1.2280,3.0000
387,scouts,5,3.1899,1.0122,3.0000
387,scouts,6,0.2575,-1.9647,3.0000
387,scouts,7,2.8340,-3.6628,3.0000
387,scouts,8,-3.0825,2.3969,3.0000
387,scouts,9,-7.5828,4.8163,3.0000
387,scouts,10,-8.5703,3.8460,3.0000
387,scouts,11,-7.2362,0.1998,3.0000
387,scouts,12,9.5000,3.8777,3.0000
387,scouts,13,8.7462,5.3086,3.0000
387,scouts,14,4.2654,2.8770,3.0000
387,scouts,15,8.4656,0.6771,3.0000
387,workers,0,-3.0000,-5.0000,3.0000
387,workers,1,7.0000,-5.0000,3.0000
387,workers,2,-3.0000,5.0000,3.0000
387,workers,3,7.0000,5.0000,3.0000
388,general,0,0.0000,0.0000,5.0000
388,nodes,0,-2.7781,-2.7874,3.0000
388,nodes,1,4.0064,-2.9877,3.0000
388,nodes,2,-6.2370,3.7626,3.0000
388,nodes,3,7.0062,3.9567,3.0000
388,scouts,0,2.7539,-1.3567,3.0000
388,scouts,1,-1.2109,1.1115,3.0000
388,scouts,2,-5.4072,-1.1998,3.0000
388,scouts,3,-1.1954,-3.5169,3.0000
388,scouts,4,7.3856,-1.2277,3.0000
388,scouts,5,3.2129,1.0133,3.0000
388,scouts,6,0.2793,-1.9614,3.0000
388,scouts,7,2.8543,-3.6644,3.0000
388,scouts,8,-3.0643,2.4109,3.0000
388,scouts,9,-7.5676,4.8320,3.0000
388,scouts,10,-8.5582,3.8630,3.0000
388,scouts,11,-7.2195,0.2132,3.0000
388,scouts,12,9.5000,3.8946,3.0000
388,scouts,13,8.7455,5.3305,3.0000
388,scouts,14,4.2623,2.8969,3.0000
388,scouts,15,8.4645,0.6965,3.0000
388,workers,0,-3.0000,-5.0000,3.0000
388,workers,1,7.0000,-5.0000,3.0000
388,workers,2,-3.0000,5.0000,3.0000
388,workers,3,7.0000,5.0000,3.0000
389,general,0,0.0000,0.0000,5.0000
389,nodes,0,-2.7742,-2.7838,3.0000
389,nodes,1,4.0167,-2.9860,3.0000
389,nodes,2,-6.2296,3.7699,3.0000
389,nodes,3,7.0081,3.9662,3.0000
389,scouts,0,2.7691,-1.3467,3.0000
389,scouts,1,-1.2095,1.1115,3.0000
389,scouts,2,-5.4087,-1.1997,3.0000
389,scouts,3,-1.1947,-3.5178,3.0000
389,scouts,4,7.4101,-1.2274,3.0000
389,scouts,5,3.2360,1.0143,3.0000
389,scouts,6,0.3012,-1.9581,3.0000
389,scouts,7,2.8746,-3.6660,3.0000
389,scouts,8,-3.0462,2.4250,3.0000
389,scouts,9,-7.5523,4.8477,3.0000
389,scouts,10,-8.5462,3.8799,3.0000
389,scouts,11,-7.2028,0.2266,3.0000
389,scouts,12,9.5000,3.9116,3.0000
389,scouts,13,8.7447,5.3524,3.0000
389,scouts,14,4.2591,2.9169,3.0000
389,scouts,15,8.4635,0.7159,3.0000
389,workers,0,-3.0000,-5.0000,3.0000
389,workers,1,7.0000,-5.0000,3.0000
389,workers,2,-3.0000,5.0000,3.0000
389,workers,3,7.0000,5.0000,3.0000
390,general,0,0.0000,0.0000,5.0000
390,nodes,0,-2.7700,-2.7802,3.0000
390,nodes,1,4.0270,-2.9844,3.0000
390,nodes,2,-6.2222,3.7771,3.0000
390,nodes,3,7.0099,3.9756,3.0000
390,scouts,0,2.7843,-1.3367,3.0000
390,scouts,1,-1.2085,1.1115,3.0000
390,scouts,2,-5.4106,-1.1996,3.0000
390,scouts,3,-1.1939,-3.5190,3.0000
390,scouts,4,7.4346,-1.2271,3.0000
390,scouts,5,3.2591,1.0155,3.0000
390,scouts,6,0.3230,-1.9547,3.0000
390,scouts,7,2.8949,-3.6675,3.0000
390,scouts,8,-3.0281,2.4390,3.0000
390,scouts,9,-7.5370,4.8634,3.0000
390,scouts,10,-8.5342,3.8969,3.0000
390,scouts,11,-7.1862,0.2400,3.0000
390,scouts,12,9.5000,3.9285,3.0000
390,scouts,13,8.7439,5.3743,3.0000
390,scouts,14,4.2560,2.9369,3.0000
390,scouts,15,8.4624,0.7353,3.0000
390,workers,0,-3.0000,-5.0000,3.0000
390,workers,1,7.0000,-5.0000,3.0000
390,workers,2,-3.0000,5.0000,3.0000
390,workers,3,7.0000,5.0000,3.0000
391,general,0,0.0000,0.0000,5.0000
391,nodes,0,-2.7660,-2.7767,3.0000
391,nodes,1,4.0373,-2.9826,3.0000
391,nodes,2,-6.2149,3.7843,3.0000
391,nodes,3,7.0117,3.9852,3.0000
391,scouts,0,2.7996,-1.3266,3.0000
391,scouts,1,-1.2079,1.1117,3.0000
391,scouts,2,-5.4101,-1.1996,3.0000
391,scouts,3,-1.1946,-3.5182,3.0000
391,scouts,4,7.4590,-1.2268,3.0000
391,scouts,5,3.2822,1.0166,3.0000
391,scouts,6,0.3449,-1.9513,3.0000
391,scouts,7,2.9152,-3.6691,3.0000
391,scouts,8,-3.0100,2.4531,3.0000
391,scouts,9,-7.5217,4.8791,3.0000
391,scouts,10,-8.5222,3.9139,3.0000
391,scouts,11,-7.1695,0.2533,3.0000
391,scouts,12,9.5000,3.9453,3.0000
391,scouts,13,8.7432,5.3962,3.0000
391,scouts,14,4.2529,2.9568,3.0000
391,scouts,15,8.4614,0.7546,3.0000
391,workers,0,-3.0000,-5.0000,3.0000
391,workers,1,7.0000,-5.0000,3.0000
391,workers,2,-3.0000,5.0000,3.0000
391,workers,3,7.0000,5.0000,3.0000
392,general,0,0.0000,0.0000,5.0000
392,nodes,0,-2.7620,-2.7729,3.0000
392,nodes,1,4.0477,-2.9809,3.0000
392,nodes,2,-6.2076,3.7915,3.0000
392,nodes,3,7.0137,3.9948,3.0000
392,scouts,0,2.8148,-1.3166,3.0000
392,scouts,1,-1.2076,1.1118,3.0000
392,scouts,2,-5.4077,-1.1997,3.0000
392,scouts,3,-1.1950,-3.5179,3.0000
392,scouts,4,7.4835,-1.2264,3.0000
392,scouts,5,3.3053,1.0177,3.0000
392,scouts,6,0.3668,-1.9478,3.0000
392,scouts,7,2.9355,-3.6707,3.0000
392,scouts,8,-2.9919,2.4671,3.0000
392,scouts,9,-7.5065,4.8947,3.0000
392,scouts,10,-8.5102,3.9308,3.0000
392,scouts,11,-7.1529,0.2666,3.0000
392,scouts,12,9.5000,3.9622,3.0000
392,scouts,13,8.7424,5.4181,3.0000
392,scouts,14,4.2498,2.9767,3.0000
392,scouts,15,8.4604,0.7740,3.0000
392,workers,0,-3.0000,-5.0000,3.0000
392,workers,1,7.0000,-5.0000,3.0000
392,workers,2,-3.0000,5.0000,3.0000
392,workers,3,7.0000,5.0000,3.0000
393,general,0,0.0000,0.0000,5.0000
393,nodes,0,-2.7578,-2.7692,3.0000
393,nodes,1,4.0580,-2.9792,3.0000
393,nodes,2,-6.2002,3.7987,3.0000
393,nodes,3,7.0155,4.0043,3.0000
393,scouts,0,2.8301,-1.3066,3.0000
393,scouts,1,-1.2075,1.1121,3.0000
393,scouts,2,-5.4062,-1.1998,3.0000
393,scouts,3,-1.1951,-3.5180,3.0000
393,scouts,4,7.5080,-1.2260,3.0000
393,scouts,5,3.3285,1.0189,3.0000
393,scouts,6,0.3887,-1.9443,3.0000
393,scouts,7,2.9558,-3.6722,3.0000
393,scouts,8,-2.9739,2.4811,3.0000
393,scouts,9,-7.4912,4.9104,3.0000
393,scouts,10,-8.4982,3.9477,3.0000
393,scouts,11,-7.1363,0.2799,3.0000
393,scouts,12,9.5000,3.9790,3.0000
393,scouts,13,8.7416,5.4399,3.0000
393,scouts,14,4.2467,2.9967,3.0000
393,scouts,15,8.4594,0.7933,3.0000
393,workers,0,-3.0000,-5.0000,3.0000
393,workers,1,7.0000,-5.0000,3.0000
393,workers,2,-3.0000,5.0000,3.0000
393,workers,3,7.0000,5.0000,3.0000
394,general,0,0.0000,0.0000,5.0000
394,nodes,0,-2.7537,-2.7656,3.0000
394,nodes,1,4.0683,-2.9775,3.0000
394,nodes,2,-6.1929,3.8060,3.0000
394,nodes,3,7.0174,4.0138,3.0000
394,scouts,0,2.8453,-1.2966,3.0000
394,scouts,1,-1.2078,1.1124,3.0000
394,scouts,2,-5.4055,-1.1998,3.0000
394,scouts,3,-1.1950,-3.5184,3.0000
394,scouts,4,7.5325,-1.2256,3.0000
394,scouts,5,3.3516,1.0202,3.0000
394,scouts,6,0.4106,-1.9408,3.0000
394,scouts,7,2.9761,-3.6738,3.0000
394,scouts,8,-2.9558,2.4950,3.0000
394,scouts,9,-7.4759,4.9260,3.0000
394,scouts,10,-8.4863,3.9646,3.0000
394,scouts,11,-7.1197,0.2932,3.0000
394,scouts,12,9.5000,3.9958,3.0000
394,scouts,13,8.7409,5.4618,3.0000
394,scouts,14,4.2437,3.0166,3.0000
394,scouts,15,8.4585,0.8126,3.0000
394,workers,0,-3.0000,-5.0000,3.0000
394,workers,1,7.0000,-5.0000,3.0000
394,workers,2,-3.0000,5.0000,3.0000
394,workers,3,7.0000,5.0000,3.0000
395,general,0,0.0000,0.0000,5.0000
395,nodes,0,-2.7497,-2.7620,3.0000
395,nodes,1,4.0786,-2.9758,3.0000
395,nodes,2,-6.1855,3.8131,3.0000
395,nodes,3,7.0193,4.0232,3.0000
395,scouts,0,2.8606,-1.2866,3.0000
395,scouts,1,-1.2082,1.1127,3.0000
395,scouts,2,-5.4054,-1.1998,3.0000
395,scouts,3,-1.1948,-3.5192,3.0000
395,scouts,4,7.5570,-1.2252,3.0000
395,scouts,5,3.3748,1.0214,3.0000
395,scouts,6,0.4324,-1.9373,3.0000
395,scouts,7,2.9964,-3.6753,3.0000
395,scouts,8,-2.9378,2.5090,3.0000
395,scouts,9,-7.4606,4.9417,3.0000
395,scouts,10,-8.4743,3.9815,3.0000
395,scouts,11,-7.1031,0.3064,3.0000
395,scouts,12,9.5000,4.0126,3.0000
395,scouts,13,8.7401,5.4837,3.0000
395,scouts,14,4.2407,3.0365,3.0000
395,scouts,15,8.4575,0.8318,3.0000
395,workers,0,-3.0000,-5.0000,3.0000
395,workers,1,7.0000,-5.0000,3.0000
395,workers,2,-3.0000,5.0000,3.0000
395,workers,3,7.0000,5.0000,3.0000
396,general,0,0.0000,0.0000,5.0000
396,nodes,0,-2.7457,-2.7583,3.0000
396,nodes,1,4.0890,-2.9741,3.0000
396,nodes,2,-6.1781,3.8204,3.0000
396,nodes,3,7.0212,4.0327,3.0000
396,scouts,0,2.8759,-1.2767,3.0000
396,scouts,1,-1.2088,1.1131,3.0000
396,scouts,2,-5.4060,-1.1997,3.0000
396,scouts,3,-1.1957,-3.5180,3.0000
396,scouts,4,7.5815,-1.2247,3.0000
396,scouts,5,3.3979,1.0227,3.0000
396,scouts,6,0.4543,-1.9337,3.0000
396,scouts,7,3.0167,-3.6769,3.0000
396,scouts,8,-2.9198,2.5229,3.0000
396,scouts,9,-7.4453,4.9573,3.0000
396,scouts,10,-8.4624,3.9984,3.0000
396,scouts,11,-7.0865,0.3196,3.0000
396,scouts,12,9.5000,4.0293,3.0000
396,scouts,13,8.7394,5.5055,3.0000
396,scouts,14,4.2377,3.0564,3.0000
396,scouts,15,8.4566,0.8511,3.0000
396,workers,0,-3.0000,-5.0000,3.0000
396,workers,1,7.0000,-5.0000,3.0000
396,workers,2,-3.0000,5.0000,3.0000
396,workers,3,7.0000,5.0000,3.0000
397,general,0,0.0000,0.0000,5.0000
397,nodes,0,-2.7418,-2.7545,3.0000
397,nodes,1,4.0993,-2.9723,3.0000
397,nodes,2,-6.1707,3.8276,3.0000
397,nodes,3,7.0230,4.0421,3.0000
397,scouts,0,2.8912,-1.2667,3.0000
397,scouts,1,-1.2095,1.1135,3.0000
397,scouts,2,-5.4071,-1.1996,3.0000
397,scouts,3,-1.1963,-3.5172,3.0000
397,scouts,4,7.6060,-1.2243,3.0000
397,scouts,5,3.4211,1.0240,3.0000
397,scouts,6,0.4762,-1.9301,3.0000
397,scouts,7,3.0370,-3.6784,3.0000
397,scouts,8,-2.9018,2.5369,3.0000
397,scouts,9,-7.4300,4.9729,3.0000
397,scouts,10,-8.4505,4.0153,3.0000
397,scouts,11,-7.0699,0.3328,3.0000
397,scouts,12,9.5000,4.0460,3.0000
397,scouts,13,8.7386,5.5274,3.0000
397,scouts,14,4.2347,3.0763,3.0000
397,scouts,15,8.4557,0.8703,3.0000
397,workers,0,-3.0000,-5.0000,3.0000
397,workers,1,7.0000,-5.0000,3.0000
397,workers,2,-3.0000,5.0000,3.0000
397,workers,3,7.0000,5.0000,3.0000
398,general,0,0.0000,0.0000,5.0000
398,nodes,0,-2.7379,-2.7507,3.0000
398,nodes,1,4.1096,-2.9706,3.0000
398,nodes,2,-6.1633,3.8348,3.0000
398,nodes,3,7.0250,4.0516,3.0000
398,scouts,0,2.9065,-1.2568,3.0000
398,scouts,1,-1.2079,1.1130,3.0000
398,scouts,2,-5.4086,-1.1996,3.0000
398,scouts,3,-1.1966,-3.5170,3.0000
398,scouts,4,7.6305,-1.2238,3.0000
398,scouts,5,3.4443,1.0253,3.0000
398,scouts,6,0.4981,-1.9265,3.0000
398,scouts,7,3.0573,-3.6799,3.0000
398,scouts,8,-2.8838,2.5508,3.0000
398,scouts,9,-7.4147,4.9885,3.0000
398,scouts,10,-8.4386,4.0321,3.0000
398,scouts,11,-7.0534,0.3460,3.0000
398,scouts,12,9.5000,4.0627,3.0000
398,scouts,13,8.7379,5.5492,3.0000
398,scouts,14,4.2317,3.0962,3.0000
398,scouts,15,8.4548,0.8896,3.0000
398,workers,0,-3.0000,-5.0000,3.0000
398,workers,1,7.0000,-5.0000,3.0000
398,workers,2,-3.0000,5.0000,3.0000
398,workers,3,7.0000,5.0000,3.0000
399,general,0,0.0000,0.0000,5.0000
399,nodes,0,-2.7339,-2.7471,3.0000
399,nodes,1,4.1199,-2.9689,3.0000
399,nodes,2,-6.1560,3.8420,3.0000
399,nodes,3,7.0268,4.0611,3.0000
399,scouts,0,2.9218,-1.2468,3.0000
399,scouts,1,-1.2067,1.1127,3.0000
399,scouts,2,-5.4105,-1.1994,3.0000
399,scouts,3,-1.1967,-3.5172,3.0000
399,scouts,4,7.6550,-1.2232,3.0000
399,scouts,5,3.4675,1.0266,3.0000
399,scouts,6,0.5200,-1.9228,3.0000
399,scouts,7,3.0776,-3.6814,3.0000
399,scouts,8,-2.8659,2.5647,3.0000
399,scouts,9,-7.3994,5.0041,3.0000
399,scouts,10,-8.4267,4.0490,3.0000
399,scouts,11,-7.0368,0.3591,3.0000
399,scouts,12,9.5000,4.0794,3.0000
399,scouts,13,8.7371,5.5710,3.0000
399,scouts,14,4.2288,3.1160,3.0000
399,scouts,15,8.4539,0.9088,3.0000
399,workers,0,-3.0000,-5.0000,3.0000
399,workers,1,7.0000,-5.0000,3.0000
399,workers,2,-3.0000,5.0000,3.0000
399,workers,3,7.0000,5.0000,3.0000
400,general,0,0.0000,0.0000,5.0000
400,nodes,0,-2.7300,-2.7435,3.0000
400,nodes,1,4.1301,-2.9671,3.0000
400,nodes,2,-6.1486,3.8491,3.0000
400,nodes,3,7.0287,4.0706,3.0000
400,scouts,0,2.9372,-1.2370,3.0000
400,scouts,1,-1.2060,1.1126,3.0000
400,scouts,2,-5.4101,-1.1994,3.0000
400,scouts,3,-1.1966,-3.5177,3.0000
400,scouts,4,7.6796,-1.2227,3.0000
400,scouts,5,3.4907,1.0280,3.0000
400,scouts,6,0.5420,-1.9191,3.0000
400,scouts,7,3.0979,-3.6829,3.0000
400,scouts,8,-2.8479,2.5786,3.0000
400,scouts,9,-7.3842,5.0196,3.0000
400,scouts,10,-8.4148,4.0658,3.0000
400,scouts,11,-7.0203,0.3723,3.0000
400,scouts,12,9.5000,4.0960,3.0000
400,scouts,13,8.7363,5.5928,3.0000
400,scouts,14,4.2259,3.1359,3.0000
400,scouts,15,8.4531,0.9280,3.0000
400,workers,0,-3.0000,-5.0000,3.0000
400,workers,1,7.0000,-5.0000,3.0000
400,workers,2,-3.0000,5.0000,3.0000
400,workers,3,7.0000,5.0000,3.0000
401,general,0,0.0000,0.0000,5.0000
401,nodes,0,-2.7257,-2.7399,3.0000
401,nodes,1,4.1405,-2.9654,3.0000
401,nodes,2,-6.1413,3.8564,3.0000
401,nodes,3,7.0306,4.0800,3.0000
401,scouts,0,2.9526,-1.2271,3.0000
401,scouts,1,-1.2055,1.1125,3.0000
401,scouts,2,-5.4077,-1.1996,3.0000
401,scouts,3,-1.1964,-3.5185,3.0000
401,scouts,4,7.7041,-1.2221,3.0000
401,scouts,5,3.5139,1.0294,3.0000
401,scouts,6,0.5639,-1.9153,3.0000
401,scouts,7,3.1182,-3.6844,3.0000
401,scouts,8,-2.8300,2.5925,3.0000
401,scouts,9,-7.3689,5.0352,3.0000
401,scouts,10,-8.4030,4.0826,3.0000
401,scouts,11,-7.0038,0.3854,3.0000
401,scouts,12,9.5000,4.1126,3.0000
401,scouts,13,8.7356,5.6146,3.0000
401,scouts,14,4.2230,3.1558,3.0000
401,scouts,15,8.4522,0.9471,3.0000
401,workers,0,-3.0000,-5.0000,3.0000
401,workers,1,7.0000,-5.0000,3.0000
401,workers,2,-3.0000,5.0000,3.0000
401,workers,3,7.0000,5.0000,3.0000
402,general,0,0.0000,0.0000,5.0000
402,nodes,0,-2.7215,-2.7362,3.0000
402,nodes,1,4.1508,-2.9636,3.0000
402,nodes,2,-6.1340,3.8634,3.0000
402,nodes,3,7.0325,4.0894,3.0000
402,scouts,0,2.9681,-1.2174,3.0000
402,scouts,1,-1.2054,1.1126,3.0000
402,scouts,2,-5.4062,-1.1996,3.0000
402,scouts,3,-1.1960,-3.5196,3.0000
402,scouts,4,7.7286,-1.2215,3.0000
402,scouts,5,3.5371,1.0309,3.0000
402,scouts,6,0.5858,-1.9116,3.0000
402,scouts,7,3.1385,-3.6859,3.0000
402,scouts,8,-2.8121,2.6064,3.0000
402,scouts,9,-7.3536,5.0507,3.0000
402,scouts,10,-8.3911,4.0994,3.0000
402,scouts,11,-6.9873,0.3985,3.0000
402,scouts,12,9.5000,4.1292,3.0000
402,scouts,13,8.7348,5.6364,3.0000
402,scouts,14,4.2201,3.1756,3.0000
402,scouts,15,8.4514,0.9663,3.0000
402,workers,0,-3.0000,-5.0000,3.0000
402,workers,1,7.0000,-5.0000,3.0000
402,workers,2,-3.0000,5.0000,3.0000
402,workers,3,7.0000,5.0000,3.0000
403,general,0,0.0000,0.0000,5.0000
403,nodes,0,-2.7173,-2.7327,3.0000
403,nodes,1,4.1612,-2.9619,3.0000
403,nodes,2,-6.1266,3.8707,3.0000
403,nodes,3,7.0343,4.0988,3.0000
403,scouts,0,2.9836,-1.2077,3.0000
403,scouts,1,-1.2055,1.1127,3.0000
403,scouts,2,-5.4055,-1.1996,3.0000
403,scouts,3,-1.1964,-3.5185,3.0000
403,scouts,4,7.7532,-1.2209,3.0000
403,scouts,5,3.5604,1.0323,3.0000
403,scouts,6,0.6077,-1.9077,3.0000
403,scouts,7,3.1589,-3.6874,3.0000
403,scouts,8,-2.7942,2.6202,3.0000
403,scouts,9,-7.3383,5.0663,3.0000
403,scouts,10,-8.3793,4.1162,3.0000
403,scouts,11,-6.9708,0.4116,3.0000
403,scouts,12,9.5000,4.1457,3.0000
403,scouts,13,8.7341,5.6582,3.0000
403,scouts,14,4.2172,3.1954,3.0000
403,scouts,15,8.4506,0.9854,3.0000
403,workers,0,-3.0000,-5.0000,3.0000
403,workers,1,7.0000,-5.0000,3.0000
403,workers,2,-3.0000,5.0000,3.0000
403,workers,3,7.0000,5.0000,3.0000
404,general,0,0.0000,0.0000,5.0000
404,nodes,0,-2.7134,-2.7288,3.0000
404,nodes,1,4.1715,-2.9600,3.0000
404,nodes,2,-6.1192,3.8779,3.0000
404,nodes,3,7.0364,4.1083,3.0000
404,scouts,0,2.9992,-1.1983,3.0000
404,scouts,1,-1.2058,1.1129,3.0000
404,scouts,2,-5.4055,-1.1996,3.0000
404,scouts,3,-1.1967,-3.5179,3.0000
404,scouts,4,7.7777,-1.2203,3.0000
404,scouts,5,3.5836,1.0338,3.0000
404,scouts,6,0.6296,-1.9039,3.0000
404,scouts,7,3.1792,-3.6889,3.0000
404,scouts,8,-2.7764,2.6341,3.0000
404,scouts,9,-7.3229,5.0818,3.0000
404,scouts,10,-8.3675,4.1330,3.0000
404,scouts,11,-6.9543,0.4246,3.0000
404,scouts,12,9.5000,4.1622,3.0000
404,scouts,13,8.7334,5.6800,3.0000
404,scouts,14,4.2144,3.2153,3.0000
404,scouts,15,8.4498,1.0045,3.0000
404,workers,0,-3.0000,-5.0000,3.0000
404,workers,1,7.0000,-5.0000,3.0000
404,workers,2,-3.0000,5.0000,3.0000
404,workers,3,7.0000,5.0000,3.0000
405,general,0,0.0000,0.0000,5.0000
405,nodes,0,-2.7093,-2.7252,3.0000
405,nodes,1,4.1818,-2.9581,3.0000
405,nodes,2,-6.1119,3.8850,3.0000
405,nodes,3,7.0383,4.1178,3.0000
405,scouts,0,3.0126,-1.1902,3.0000
405,scouts,1,-1.2063,1.1133,3.0000
405,scouts,2,-5.4061,-1.1995,3.0000
405,scouts,3,-1.1967,-3.5177,3.0000
405,scouts,4,7.8022,-1.2196,3.0000
405,scouts,5,3.6068,1.0353,3.0000
405,scouts,6,0.6515,-1.9000,3.0000
405,scouts,7,3.1995,-3.6904,3.0000
405,scouts,8,-2.7585,2.6479,3.0000
405,scouts,9,-7.3076,5.0973,3.0000
405,scouts,10,-8.3557,4.1498,3.0000
405,scouts,11,-6.9379,0.4376,3.0000
405,scouts,12,9.5000,4.1787,3.0000
405,scouts,13,8.7326,5.7018,3.0000
405,scouts,14,4.2116,3.2351,3.0000
405,scouts,15,8.4491,1.0236,3.0000
405,workers,0,-3.0000,-5.0000,3.0000
405,workers,1,7.0000,-5.0000,3.0000
405,workers,2,-3.0000,5.0000,3.0000
405,workers,3,7.0000,5.0000,3.0000
406,general,0,0.0000,0.0000,5.0000
406,nodes,0,-2.7056,-2.7216,3.0000
406,nodes,1,4.1921,-2.9563,3.0000
406,nodes,2,-6.1045,3.8921,3.0000
406,nodes,3,7.0403,4.1271,3.0000
406,scouts,0,3.0218,-1.1849,3.0000
406,scouts,1,-1.2070,1.1136,3.0000
406,scouts,2,-5.4072,-1.1994,3.0000
406,scouts,3,-1.1965,-3.5180,3.0000
406,scouts,4,7.8268,-1.2189,3.0000
406,scouts,5,3.6301,1.0369,3.0000
406,scouts,6,0.6734,-1.8961,3.0000
406,scouts,7,3.2198,-3.6919,3.0000
406,scouts,8,-2.7407,2.6617,3.0000
406,scouts,9,-7.2923,5.1128,3.0000
406,scouts,10,-8.3439,4.1665,3.0000
406,scouts,11,-6.9214,0.4506,3.0000
406,scouts,12,9.5000,4.1952,3.0000
406,scouts,13,8.7319,5.7236,3.0000
406,scouts,14,4.2088,3.2549,3.0000
406,scouts,15,8.4483,1.0427,3.0000
406,workers,0,-3.0000,-5.0000,3.0000
406,workers,1,7.0000,-5.0000,3.0000
406,workers,2,-3.0000,5.0000,3.0000
406,workers,3,7.0000,5.0000,3.0000
407,general,0,0.0000,0.0000,5.0000
407,nodes,0,-2.7022,-2.7184,3.0000
407,nodes,1,4.2024,-2.9545,3.0000
407,nodes,2,-6.0972,3.8993,3.0000
407,nodes,3,7.0422,4.1366,3.0000
407,scouts,0,3.0275,-1.1819,3.0000
407,scouts,1,-1.2079,1.1141,3.0000
407,scouts,2,-5.4088,-1.1993,3.0000
407,scouts,3,-1.1961,-3.5186,3.0000
407,scouts,4,7.8513,-1.2182,3.0000
407,scouts,5,3.6534,1.0385,3.0000
407,scouts,6,0.6954,-1.8922,3.0000
407,scouts,7,3.2401,-3.6933,3.0000
407,scouts,8,-2.7229,2.6756,3.0000
407,scouts,9,-7.2770,5.1283,3.0000
407,scouts,10,-8.3322,4.1832,3.0000
407,scouts,11,-6.9050,0.4636,3.0000
407,scouts,12,9.5000,4.2117,3.0000
407,scouts,13,8.7311,5.7453,3.0000
407,scouts,14,4.2060,3.2747,3.0000
407,scouts,15,8.4476,1.0618,3.0000
407,workers,0,-3.0000,-5.0000,3.0000
407,workers,1,7.0000,-5.0000,3.0000
407,workers,2,-3.0000,5.0000,3.0000
407,workers,3,7.0000,5.0000,3.0000
408,general,0,0.0000,0.0000,5.0000
408,nodes,0,-2.6991,-2.7153,3.0000
408,nodes,1,4.2128,-2.9527,3.0000
408,nodes,2,-6.0898,3.9066,3.0000
408,nodes,3,7.0443,4.1460,3.0000
408,scouts,0,3.0299,-1.1808,3.0000
408,scouts,1,-1.2088,1.1146,3.0000
408,scouts,2,-5.4107,-1.1991,3.0000
408,scouts,3,-1.1957,-3.5195,3.0000
408,scouts,4,7.8759,-1.2174,3.0000
408,scouts,5,3.6766,1.0401,3.0000
408,scouts,6,0.7173,-1.8882,3.0000
408,scouts,7,3.2605,-3.6948,3.0000
408,scouts,8,-2.7051,2.6894,3.0000
408,scouts,9,-7.2617,5.1438,3.0000
408,scouts,10,-8.3204,4.2000,3.0000
408,scouts,11,-6.8886,0.4766,3.0000
408,scouts,12,9.5000,4.2281,3.0000
408,scouts,13,8.7304,5.7671,3.0000
408,scouts,14,4.2033,3.2946,3.0000
408,scouts,15,8.4469,1.0809,3.0000
408,workers,0,-3.0000,-5.0000,3.0000
408,workers,1,7.0000,-5.0000,3.0000
408,workers,2,-3.0000,5.0000,3.0000
408,workers,3,7.0000,5.0000,3.0000
409,general,0,0.0000,0.0000,5.0000
409,nodes,0,-2.6962,-2.7122,3.0000
409,nodes,1,4.2230,-2.9508,3.0000
409,nodes,2,-6.0825,3.9137,3.0000
409,nodes,3,7.0462,4.1555,3.0000
409,scouts,0,3.0295,-1.1814,3.0000
409,scouts,1,-1.2099,1.1151,3.0000
409,scouts,2,-5.4103,-1.1991,3.0000
409,scouts,3,-1.1961,-3.5182,3.0000
409,scouts,4,7.9004,-1.2166,3.0000
409,scouts,5,3.6999,1.0417,3.0000
409,scouts,6,0.7392,-1.8842,3.0000
409,scouts,7,3.2808,-3.6962,3.0000
409,scouts,8,-2.6874,2.7031,3.0000
409,scouts,9,-7.2464,5.1593,3.0000
409,scouts,10,-8.3087,4.2167,3.0000
409,scouts,11,-6.8722,0.4896,3.0000
409,scouts,12,9.5000,4.2445,3.0000
409,scouts,13,8.7296,5.7888,3.0000
409,scouts,14,4.2006,3.3144,3.0000
409,scouts,15,8.4462,1.0999,3.0000
409,workers,0,-3.0000,-5.0000,3.0000
409,workers,1,7.0000,-5.0000,3.0000
409,workers,2,-3.0000,5.0000,3.0000
409,workers,3,7.0000,5.0000,3.0000
410,general,0,0.0000,0.0000,5.0000
410,nodes,0,-2.6933,-2.7091,3.0000
410,nodes,1,4.2335,-2.9488,3.0000
410,nodes,2,-6.0751,3.9210,3.0000
410,nodes,3,7.0482,4.1650,3.0000
410,scouts,0,3.0268,-1.1834,3.0000
410,scouts,1,-1.2086,1.1145,3.0000
410,scouts,2,-5.4079,-1.1993,3.0000
410,scouts,3,-1.1964,-3.5175,3.0000
410,scouts,4,7.9250,-1.2158,3.0000
410,scouts,5,3.7232,1.0434,3.0000
410,scouts,6,0.7611,-1.8801,3.0000
410,scouts,7,3.3011,-3.6977,3.0000
410,scouts,8,-2.6696,2.7169,3.0000
410,scouts,9,-7.2311,5.1747,3.0000
410,scouts,10,-8.2970,4.2334,3.0000
410,scouts,11,-6.8558,0.5025,3.0000
410,scouts,12,9.5000,4.2608,3.0000
410,scouts,13,8.7289,5.8106,3.0000
410,scouts,14,4.1979,3.3341,3.0000
410,scouts,15,8.4455,1.1189,3.0000
410,workers,0,-3.0000,-5.0000,3.0000
410,workers,1,7.0000,-5.0000,3.0000
410,workers,2,-3.0000,5.0000,3.0000
410,workers,3,7.0000,5.0000,3.0000
411,general,0,0.0000,0.0000,5.0000
411,nodes,0,-2.6903,-2.7064,3.0000
411,nodes,1,4.2437,-2.9470,3.0000
411,nodes,2,-6.0677,3.9281,3.0000
411,nodes,3,7.0501,4.1744,3.0000
411,scouts,0,3.0219,-1.1866,3.0000
411,scouts,1,-1.2078,1.1141,3.0000
411,scouts,2,-5.4065,-1.1994,3.0000
411,scouts,3,-1.1964,-3.5172,3.0000
411,scouts,4,7.9495,-1.2150,3.0000
411,scouts,5,3.7465,1.0451,3.0000
411,scouts,6,0.7830,-1.8760,3.0000
411,scouts,7,3.3214,-3.6991,3.0000
411,scouts,8,-2.6519,2.7307,3.0000
411,scouts,9,-7.2158,5.1902,3.0000
411,scouts,10,-8.2853,4.2501,3.0000
411,scouts,11,-6.8395,0.5154,3.0000
411,scouts,12,9.5000,4.2772,3.0000
411,scouts,13,8.7282,5.8323,3.0000
411,scouts,14,4.1952,3.3539,3.0000
411,scouts,15,8.4448,1.1379,3.0000
411,workers,0,-3.0000,-5.0000,3.0000
411,workers,1,7.0000,-5.0000,3.0000
411,workers,2,-3.0000,5.0000,3.0000
411,workers,3,7.0000,5.0000,3.0000
412,general,0,0.0000,0.0000,5.0000
412,nodes,0,-2.6877,-2.7036,3.0000
412,nodes,1,4.2541,-2.9451,3.0000
412,nodes,2,-6.0604,3.9354,3.0000
412,nodes,3,7.0521,4.1839,3.0000
412,scouts,0,3.0152,-1.1908,3.0000
412,scouts,1,-1.2073,1.1138,3.0000
412,scouts,2,-5.4058,-1.1995,3.0000
412,scouts,3,-1.1962,-3.5174,3.0000
412,scouts,4,7.9740,-1.2141,3.0000
412,scouts,5,3.7698,1.0468,3.0000
412,scouts,6,0.8050,-1.8719,3.0000
412,scouts,7,3.3418,-3.7005,3.0000
412,scouts,8,-2.6342,2.7444,3.0000
412,scouts,9,-7.2005,5.2056,3.0000
412,scouts,10,-8.2736,4.2668,3.0000
412,scouts,11,-6.8231,0.5283,3.0000
412,scouts,12,9.5000,4.2935,3.0000
412,scouts,13,8.7274,5.8540,3.0000
412,scouts,14,4.1925,3.3737,3.0000
412,scouts,15,8.4442,1.1569,3.0000
412,workers,0,-3.0000,-5.0000,3.0000
412,workers,1,7.0000,-5.0000,3.0000
412,workers,2,-3.0000,5.0000,3.0000
412,workers,3,7.0000,5.0000,3.0000
413,general,0,0.0000,0.0000,5.0000
413,nodes,0,-2.6852,-2.7010,3.0000
413,nodes,1,4.2644,-2.9433,3.0000
413,nodes,2,-6.0531,3.9425,3.0000
413,nodes,3,7.0540,4.1932,3.0000
413,scouts,0,3.0069,-1.1960,3.0000
413,scouts,1,-1.2071,1.1137,3.0000
413,scouts,2,-5.4058,-1.1995,3.0000
413,scouts,3,-1.1959,-3.5179,3.0000
413,scouts,4,7.9986,-1.2133,3.0000
413,scouts,5,3.7931,1.0485,3.0000
413,scouts,6,0.8269,-1.8677,3.0000
413,scouts,7,3.3621,-3.7019,3.0000
413,scouts,8,-2.6165,2.7582,3.0000
413,scouts,9,-7.1852,5.2211,3.0000
413,scouts,10,-8.2619,4.2834,3.0000
413,scouts,11,-6.8068,0.5412,3.0000
413,scouts,12,9.5000,4.3098,3.0000
413,scouts,13,8.7267,5.8757,3.0000
413,scouts,14,4.1899,3.3935,3.0000
413,scouts,15,8.4436,1.1759,3.0000
413,workers,0,-3.0000,-5.0000,3.0000
413,workers,1,7.0000,-5.0000,3.0000
413,workers,2,-3.0000,5.0000,3.0000
413,workers,3,7.0000,5.0000,3.0000
414,general,0,0.0000,0.0000,5.0000
414,nodes,0,-2.6828,-2.6985,3.0000
414,nodes,1,4.2747,-2.9414,3.0000
414,nodes,2,-6.0458,3.9497,3.0000
414,nodes,3,7.0561,4.2026,3.0000
414,scouts,0,2.9994,-1.2005,3.0000
414,scouts,1,-1.2072,1.1138,3.0000
414,scouts,2,-5.4064,-1.1994,3.0000
414,scouts,3,-1.1954,-3.5187,3.0000
414,scouts,4,8.0231,-1.2123,3.0000
414,scouts,5,3.8164,1.0503,3.0000
414,scouts,6,0.8488,-1.8635,3.0000
414,scouts,7,3.3824,-3.7033,3.0000
414,scouts,8,-2.5989,2.7719,3.0000
414,scouts,9,-7.1698,5.2365,3.0000
414,scouts,10,-8.2503,4.3001,3.0000
414,scouts,11,-6.7905,0.5540,3.0000
414,scouts,12,9.5000,4.3260,3.0000
414,scouts,13,8.7259,5.8974,3.0000
414,scouts,14,4.1873,3.4133,3.0000
414,scouts,15,8.4430,1.1949,3.0000
414,workers,0,-3.0000,-5.0000,3.0000
414,workers,1,7.0000,-5.0000,3.0000
414,workers,2,-3.0000,5.0000,3.0000
414,workers,3,7.0000,5.0000,3.0000
415,general,0,0.0000,0.0000,5.0000
415,nodes,0,-2.6804,-2.6959,3.0000
415,nodes,1,4.2850,-2.9395,3.0000
415,nodes,2,-6.0384,3.9569,3.0000
415,nodes,3,7.0581,4.2119,3.0000
415,scouts,0,2.9928,-1.2044,3.0000
415,scouts,1,-1.2075,1.1139,3.0000
415,scouts,2,-5.4075,-1.1993,3.0000
415,scouts,3,-1.1948,-3.5198,3.0000
415,scouts,4,8.0477,-1.2114,3.0000
415,scouts,5,3.8397,1.0521,3.0000
415,scouts,6,0.8707,-1.8593,3.0000
415,scouts,7,3.4027,-3.7048,3.0000
415,scouts,8,-2.5813,2.7856,3.0000
415,scouts,9,-7.1545,5.2519,3.0000
415,scouts,10,-8.2387,4.3168,3.0000
415,scouts,11,-6.7742,0.5669,3.0000
415,scouts,12,9.5000,4.3422,3.0000
415,scouts,13,8.7252,5.9191,3.0000
415,scouts,14,4.1847,3.4330,3.0000
415,scouts,15,8.4424,1.2138,3.0000
415,workers,0,-3.0000,-5.0000,3.0000
415,workers,1,7.0000,-5.0000,3.0000
415,workers,2,-3.0000,5.0000,3.0000
415,workers,3,7.0000,5.0000,3.0000
416,general,0,0.0000,0.0000,5.0000
416,nodes,0,-2.6780,-2.6933,3.0000
416,nodes,1,4.2954,-2.9377,3.0000
416,nodes,2,-6.0312,3.9640,3.0000
416,nodes,3,7.0602,4.2213,3.0000
416,scouts,0,2.9868,-1.2079,3.0000
416,scouts,1,-1.2080,1.1142,3.0000
416,scouts,2,-5.4090,-1.1992,3.0000
416,scouts,3,-1.1953,-3.5188,3.0000
416,scouts,4,8.0722,-1.2104,3.0000
416,scouts,5,3.8630,1.0540,3.0000
416,scouts,6,0.8926,-1.8550,3.0000
416,scouts,7,3.4231,-3.7062,3.0000
416,scouts,8,-2.5637,2.7993,3.0000
416,scouts,9,-7.1392,5.2673,3.0000
416,scouts,10,-8.2271,4.3334,3.0000
416,scouts,11,-6.7579,0.5797,3.0000
416,scouts,12,9.5000,4.3585,3.0000
416,scouts,13,8.7245,5.9408,3.0000
416,scouts,14,4.1821,3.4528,3.0000
416,scouts,15,8.4418,1.2327,3.0000
416,workers,0,-3.0000,-5.0000,3.0000
416,workers,1,7.0000,-5.0000,3.0000
416,workers,2,-3.0000,5.0000,3.0000
416,workers,3,7.0000,5.0000,3.0000
417,general,0,0.0000,0.0000,5.0000
417,nodes,0,-2.6756,-2.6904,3.0000
417,nodes,1,4.3056,-2.9357,3.0000
417,nodes,2,-6.0240,3.9711,3.0000
417,nodes,3,7.0622,4.2307,3.0000
417,scouts,0,2.9837,-1.2097,3.0000
417,scouts,1,-1.2086,1.1146,3.0000
417,scouts,2,-5.4110,-1.1990,3.0000
417,scouts,3,-1.1956,-3.5183,3.0000
417,scouts,4,8.0967,-1.2094,3.0000
417,scouts,5,3.8863,1.0559,3.0000
417,scouts,6,0.9145,-1.8507,3.0000
417,scouts,7,3.4434,-3.7076,3.0000
417,scouts,8,-2.5461,2.8130,3.0000
417,scouts,9,-7.1239,5.2826,3.0000
417,scouts,10,-8.2155,4.3500,3.0000
417,scouts,11,-6.7416,0.5925,3.0000
417,scouts,12,9.5000,4.3746,3.0000
417,scouts,13,8.7237,5.9625,3.0000
417,scouts,14,4.1796,3.4725,3.0000
417,scouts,15,8.4413,1.2516,3.0000
417,workers,0,-3.0000,-5.0000,3.0000
417,workers,1,7.0000,-5.0000,3.0000
417,workers,2,-3.0000,5.0000,3.0000
417,workers,3,7.0000,5.0000,3.0000
418,general,0,0.0000,0.0000,5.0000
418,nodes,0,-2.6730,-2.6874,3.0000
418,nodes,1,4.3159,-2.9339,3.0000
418,nodes,2,-6.0166,3.9784,3.0000
418,nodes,3,7.0642,4.2400,3.0000
418,scouts,0,2.9831,-1.2099,3.0000
418,scouts,1,-1.2094,1.1150,3.0000
418,scouts,2,-5.4106,-1.1990,3.0000
418,scouts,3,-1.1956,-3.5182,3.0000
418,scouts,4,8.1213,-1.2084,3.0000
418,scouts,5,3.9096,1.0578,3.0000
418,scouts,6,0.9364,-1.8464,3.0000
418,scouts,7,3.4638,-3.7089,3.0000
418,scouts,8,-2.5285,2.8267,3.0000
418,scouts,9,-7.1086,5.2980,3.0000
418,scouts,10,-8.2039,4.3667,3.0000
418,scouts,11,-6.7254,0.6053,3.0000
418,scouts,12,9.5000,4.3908,3.0000
418,scouts,13,8.7230,5.9842,3.0000
418,scouts,14,4.1770,3.4923,3.0000
418,scouts,15,8.4407,1.2705,3.0000
418,workers,0,-3.0000,-5.0000,3.0000
418,workers,1,7.0000,-5.0000,3.0000
418,workers,2,-3.0000,5.0000,3.0000
418,workers,3,7.0000,5.0000,3.0000
419,general,0,0.0000,0.0000,5.0000
419,nodes,0,-2.6700,-2.6844,3.0000
419,nodes,1,4.3262,-2.9320,3.0000
419,nodes,2,-6.0093,3.9855,3.0000
419,nodes,3,7.0663,4.2493,3.0000
419,scouts,0,2.9847,-1.2087,3.0000
419,scouts,1,-1.2080,1.1143,3.0000
419,scouts,2,-5.4082,-1.1992,3.0000
419,scouts,3,-1.1955,-3.5185,3.0000
419,scouts,4,8.1458,-1.2074,3.0000
419,scouts,5,3.9329,1.0597,3.0000
419,scouts,6,0.9583,-1.8420,3.0000
419,scouts,7,3.4841,-3.7103,3.0000
419,scouts,8,-2.5110,2.8404,3.0000
419,scouts,9,-7.0933,5.3134,3.0000
419,scouts,10,-8.1923,4.3833,3.0000
419,scouts,11,-6.7092,0.6180,3.0000
419,scouts,12,9.5000,4.4069,3.0000
419,scouts,13,8.7223,6.0058,3.0000
419,scouts,14,4.1745,3.5120,3.0000
419,scouts,15,8.4402,1.2894,3.0000
419,workers,0,-3.0000,-5.0000,3.0000
419,workers,1,7.0000,-5.0000,3.0000
419,workers,2,-3.0000,5.0000,3.0000
419,workers,3,7.0000,5.0000,3.0000
420,general,0,0.0000,0.0000,5.0000
420,nodes,0,-2.6666,-2.6815,3.0000
420,nodes,1,4.3366,-2.9301,3.0000
420,nodes,2,-6.0021,3.9925,3.0000
420,nodes,3,7.0683,4.2586,3.0000
420,scouts,0,2.9882,-1.2065,3.0000
420,scouts,1,-1.2069,1.1138,3.0000
420,scouts,2,-5.4067,-1.1993,3.0000
420,scouts,3,-1.1952,-3.5192,3.0000
420,scouts,4,8.1703,-1.2063,3.0000
420,scouts,5,3.9563,1.0617,3.0000
420,scouts,6,0.9802,-1.8376,3.0000
420,scouts,7,3.5044,-3.7117,3.0000
420,scouts,8,-2.4935,2.8541,3.0000
420,scouts,9,-7.0779,5.3287,3.0000
420,scouts,10,-8.1808,4.3999,3.0000
420,scouts,11,-6.6930,0.6308,3.0000
420,scouts,12,9.5000,4.4230,3.0000
420,scouts,13,8.7216,6.0275,3.0000
420,scouts,14,4.1720,3.5317,3.0000
420,scouts,15,8.4397,1.3083,3.0000
420,workers,0,-3.0000,-5.0000,3.0000
420,workers,1,7.0000,-5.0000,3.0000
420,workers,2,-3.0000,5.0000,3.0000
420,workers,3,7.0000,5.0000,3.0000
421,general,0,0.0000,0.0000,5.0000
421,nodes,0,-2.6632,-2.6784,3.0000
421,nodes,1,4.3469,-2.9281,3.0000
421,nodes,2,-5.9947,3.9996,3.0000
421,nodes,3,7.0704,4.2679,3.0000
421,scouts,0,2.9933,-1.2033,3.0000
421,scouts,1,-1.2063,1.1135,3.0000
421,scouts,2,-5.4060,-1.1994,3.0000
421,scouts,3,-1.1959,-3.5177,3.0000
421,scouts,4,8.1948,-1.2052,3.0000
421,scouts,5,3.9796,1.0637,3.0000
421,scouts,6,1.0020,-1.8332,3.0000
421,scouts,7,3.5248,-3.7131,3.0000
421,scouts,8,-2.4760,2.8677,3.0000
421,scouts,9,-7.0626,5.3441,3.0000
421,scouts,10,-8.1693,4.4165,3.0000
421,scouts,11,-6.6768,0.6435,3.0000
421,scouts,12,9.5000,4.4391,3.0000
421,scouts,13,8.7208,6.0491,3.0000
421,scouts,14,4.1696,3.5515,3.0000
421,scouts,15,8.4392,1.3272,3.0000
421,workers,0,-3.0000,-5.0000,3.0000
421,workers,1,7.0000,-5.0000,3.0000
421,workers,2,-3.0000,5.0000,3.0000
421,workers,3,7.0000,5.0000,3.0000
422,general,0,0.0000,0.0000,5.0000
422,nodes,0,-2.6599,-2.6750,3.0000
422,nodes,1,4.3573,-2.9262,3.0000
422,nodes,2,-5.9875,4.0067,3.0000
422,nodes,3,7.0724,4.2772,3.0000
422,scouts,0,2.9975,-1.2007,3.0000
422,scouts,1,-1.2059,1.1134,3.0000
422,scouts,2,-5.4060,-1.1994,3.0000
422,scouts,3,-1.1964,-3.5169,3.0000
422,scouts,4,8.2193,-1.2040,3.0000
422,scouts,5,4.0029,1.0657,3.0000
422,scouts,6,1.0239,-1.8287,3.0000
422,scouts,7,3.5451,-3.7144,3.0000
422,scouts,8,-2.4585,2.8814,3.0000
422,scouts,9,-7.0473,5.3594,3.0000
422,scouts,10,-8.1578,4.4331,3.0000
422,scouts,11,-6.6606,0.6562,3.0000
422,scouts,12,9.5000,4.4551,3.0000
422,scouts,13,8.7201,6.0708,3.0000
422,scouts,14,4.1671,3.5712,3.0000
422,scouts,15,8.4388,1.3460,3.0000
422,workers,0,-3.0000,-5.0000,3.0000
422,workers,1,7.0000,-5.0000,3.0000
422,workers,2,-3.0000,5.0000,3.0000
422,workers,3,7.0000,5.0000,3.0000
423,general,0,0.0000,0.0000,5.0000
423,nodes,0,-2.6567,-2.6719,3.0000
423,nodes,1,4.3675,-2.9242,3.0000
423,nodes,2,-5.9802,4.0139,3.0000
423,nodes,3,7.0746,4.2866,3.0000
423,scouts,0,3.0010,-1.1984,3.0000
423,scouts,1,-1.2059,1.1134,3.0000
423,scouts,2,-5.4066,-1.1993,3.0000
423,scouts,3,-1.1966,-3.5165,3.0000
423,scouts,4,8.2438,-1.2029,3.0000
423,scouts,5,4.0262,1.0677,3.0000
423,scouts,6,1.0458,-1.8241,3.0000
423,scouts,7,3.5655,-3.7158,3.0000
423,scouts,8,-2.4411,2.8950,3.0000
423,scouts,9,-7.0320,5.3747,3.0000
423,scouts,10,-8.1463,4.4496,3.0000
423,scouts,11,-6.6444,0.6689,3.0000
423,scouts,12,9.5000,4.4711,3.0000
423,scouts,13,8.7194,6.0924,3.0000
423,scouts,14,4.1647,3.5909,3.0000
423,scouts,15,8.4383,1.3648,3.0000
423,workers,0,-3.0000,-5.0000,3.0000
423,workers,1,7.0000,-5.0000,3.0000
423,workers,2,-3.0000,5.0000,3.0000
423,workers,3,7.0000,5.0000,3.0000
424,general,0,0.0000,0.0000,5.0000
424,nodes,0,-2.6537,-2.6686,3.0000
424,nodes,1,4.3778,-2.9223,3.0000
424,nodes,2,-5.9729,4.0210,3.0000
424,nodes,3,7.0766,4.2959,3.0000
424,scouts,0,3.0038,-1.1965,3.0000
424,scouts,1,-1.2060,1.1136,3.0000
424,scouts,2,-5.4077,-1.1991,3.0000
424,scouts,3,-1.1966,-3.5166,3.0000
424,scouts,4,8.2683,-1.2017,3.0000
424,scouts,5,4.0495,1.0698,3.0000
424,scouts,6,1.0676,-1.8196,3.0000
424,scouts,7,3.5858,-3.7171,3.0000
424,scouts,8,-2.4237,2.9087,3.0000
424,scouts,9,-7.0167,5.3900,3.0000
424,scouts,10,-8.1348,4.4662,3.0000
424,scouts,11,-6.6283,0.6816,3.0000
424,scouts,12,9.5000,4.4871,3.0000
424,scouts,13,8.7187,6.1140,3.0000
424,scouts,14,4.1623,3.6106,3.0000
424,scouts,15,8.4379,1.3836,3.0000
424,workers,0,-3.0000,-5.0000,3.0000
424,workers,1,7.0000,-5.0000,3.0000
424,workers,2,-3.0000,5.0000,3.0000
424,workers,3,7.0000,5.0000,3.0000
425,general,0,0.0000,0.0000,5.0000
425,nodes,0,-2.6507,-2.6656,3.0000
425,nodes,1,4.3882,-2.9203,3.0000
425,nodes,2,-5.9656,4.0282,3.0000
425,nodes,3,7.0787,4.3053,3.0000
425,scouts,0,3.0060,-1.1949,3.0000
425,scouts,1,-1.2064,1.1139,3.0000
425,scouts,2,-5.4093,-1.1990,3.0000
425,scouts,3,-1.1964,-3.5170,3.0000
425,scouts,4,8.2928,-1.2005,3.0000
425,scouts,5,4.0728,1.0720,3.0000
425,scouts,6,1.0895,-1.8150,3.0000
425,scouts,7,3.6062,-3.7185,3.0000
425,scouts,8,-2.4063,2.9223,3.0000
425,scouts,9,-7.0013,5.4053,3.0000
425,scouts,10,-8.1234,4.4828,3.0000
425,scouts,11,-6.6122,0.6943,3.0000
425,scouts,12,9.5000,4.5031,3.0000
425,scouts,13,8.7179,6.1356,3.0000
425,scouts,14,4.1599,3.6303,3.0000
425,scouts,15,8.4374,1.4024,3.0000
425,workers,0,-3.0000,-5.0000,3.0000
425,workers,1,7.0000,-5.0000,3.0000
425,workers,2,-3.0000,5.0000,3.0000
425,workers,3,7.0000,5.0000,3.0000
426,general,0,0.0000,0.0000,5.0000
426,nodes,0,-2.6477,-2.6625,3.0000
426,nodes,1,4.3984,-2.9183,3.0000
426,nodes,2,-5.9584,4.0351,3.0000
426,nodes,3,7.0809,4.3146,3.0000
426,scouts,0,3.0077,-1.1936,3.0000
426,scouts,1,-1.2070,1.1143,3.0000
426,scouts,2,-5.4112,-1.1987,3.0000
426,scouts,3,-1.1961,-3.5178,3.0000
426,scouts,4,8.3173,-1.1992,3.0000
426,scouts,5,4.0962,1.0741,3.0000
426,scouts,6,1.1113,-1.8103,3.0000
426,scouts,7,3.6265,-3.7198,3.0000
426,scouts,8,-2.3889,2.9359,3.0000
426,scouts,9,-6.9860,5.4206,3.0000
426,scouts,10,-8.1119,4.4993,3.0000
426,scouts,11,-6.5961,0.7069,3.0000
426,scouts,12,9.5000,4.5191,3.0000
426,scouts,13,8.7172,6.1573,3.0000
426,scouts,14,4.1575,3.6500,3.0000
426,scouts,15,8.4370,1.4212,3.0000
426,workers,0,-3.0000,-5.0000,3.0000
426,workers,1,7.0000,-5.0000,3.0000
426,workers,2,-3.0000,5.0000,3.0000
426,workers,3,7.0000,5.0000,3.0000
427,general,0,0.0000,0.0000,5.0000
427,nodes,0,-2.6448,-2.6595,3.0000
427,nodes,1,4.4087,-2.9163,3.0000
427,nodes,2,-5.9511,4.0423,3.0000
427,nodes,3,7.0829,4.3239,3.0000
427,scouts,0,3.0069,-1.1942,3.0000
427,scouts,1,-1.2077,1.1148,3.0000
427,scouts,2,-5.4108,-1.1988,3.0000
427,scouts,3,-1.1956,-3.5188,3.0000
427,scouts,4,8.3418,-1.1979,3.0000
427,scouts,5,4.1195,1.0763,3.0000
427,scouts,6,1.1331,-1.8057,3.0000
427,scouts,7,3.6469,-3.7211,3.0000
427,scouts,8,-2.3716,2.9495,3.0000
427,scouts,9,-6.9707,5.4359,3.0000
427,scouts,10,-8.1005,4.5159,3.0000
427,scouts,11,-6.5800,0.7196,3.0000
427,scouts,12,9.5000,4.5350,3.0000
427,scouts,13,8.7165,6.1789,3.0000
427,scouts,14,4.1552,3.6697,3.0000
427,scouts,15,8.4367,1.4400,3.0000
427,workers,0,-3.0000,-5.0000,3.0000
427,workers,1,7.0000,-5.0000,3.0000
427,workers,2,-3.0000,5.0000,3.0000
427,workers,3,7.0000,5.0000,3.0000
428,general,0,0.0000,0.0000,5.0000
428,nodes,0,-2.6419,-2.6567,3.0000
428,nodes,1,4.4190,-2.9142,3.0000
428,nodes,2,-5.9439,4.0494,3.0000
428,nodes,3,7.0850,4.3334,3.0000
428,scouts,0,3.0060,-1.1947,3.0000
428,scouts,1,-1.2085,1.1154,3.0000
428,scouts,2,-5.4084,-1.1990,3.0000
428,scouts,3,-1.1950,-3.5200,3.0000
428,scouts,4,8.3662,-1.1966,3.0000
428,scouts,5,4.1428,1.0785,3.0000
428,scouts,6,1.1550,-1.8010,3.0000
428,scouts,7,3.6672,-3.7224,3.0000
428,scouts,8,-2.3542,2.9631,3.0000
428,scouts,9,-6.9554,5.4511,3.0000
428,scouts,10,-8.0891,4.5324,3.0000
428,scouts,11,-6.5640,0.7322,3.0000
428,scouts,12,9.5000,4.5509,3.0000
428,scouts,13,8.7158,6.2004,3.0000
428,scouts,14,4.1529,3.6894,3.0000
428,scouts,15,8.4363,1.4587,3.0000
428,workers,0,-3.0000,-5.0000,3.0000
428,workers,1,7.0000,-5.0000,3.0000
428,workers,2,-3.0000,5.0000,3.0000
428,workers,3,7.0000,5.0000,3.0000
429,general,0,0.0000,0.0000,5.0000
429,nodes,0,-2.6388,-2.6538,3.0000
429,nodes,1,4.4293,-2.9122,3.0000
429,nodes,2,-5.9367,4.0565,3.0000
429,nodes,3,7.0871,4.3425,3.0000
429,scouts,0,3.0051,-1.1953,3.0000
429,scouts,1,-1.2072,1.1146,3.0000
429,scouts,2,-5.4070,-1.1992,3.0000
429,scouts,3,-1.1954,-3.5191,3.0000
429,scouts,4,8.3907,-1.1953,3.0000
429,scouts,5,4.1661,1.0807,3.0000
429,scouts,6,1.1768,-1.7962,3.0000
429,scouts,7,3.6876,-3.7238,3.0000
429,scouts,8,-2.3369,2.9767,3.0000
429,scouts,9,-6.9401,5.4664,3.0000
429,scouts,10,-8.0777,4.5490,3.0000
429,scouts,11,-6.5479,0.7448,3.0000
429,scouts,12,9.5000,4.5667,3.0000
429,scouts,13,8.7150,6.2220,3.0000
429,scouts,14,4.1506,3.7091,3.0000
429,scouts,15,8.4359,1.4775,3.0000
429,workers,0,-3.0000,-5.0000,3.0000
429,workers,1,7.0000,-5.0000,3.0000
429,workers,2,-3.0000,5.0000,3.0000
429,workers,3,7.0000,5.0000,3.0000
430,general,0,0.0000,0.0000,5.0000
430,nodes,0,-2.6358,-2.6509,3.0000
430,nodes,1,4.4396,-2.9102,3.0000
430,nodes,2,-5.9295,4.0636,3.0000
430,nodes,3,7.0892,4.3521,3.0000
430,scouts,0,3.0040,-1.1958,3.0000
430,scouts,1,-1.2063,1.1141,3.0000
430,scouts,2,-5.4063,-1.1992,3.0000
430,scouts,3,-1.1968,-3.5163,3.0000
430,scouts,4,8.4151,-1.1939,3.0000
430,scouts,5,4.1894,1.0830,3.0000
430,scouts,6,1.1986,-1.7914,3.0000
430,scouts,7,3.7079,-3.7251,3.0000
430,scouts,8,-2.3197,2.9903,3.0000
430,scouts,9,-6.9248,5.4816,3.0000
430,scouts,10,-8.0664,4.5655,3.0000
430,scouts,11,-6.5319,0.7574,3.0000
430,scouts,12,9.5000,4.5826,3.0000
430,scouts,13,8.7143,6.2436,3.0000
430,scouts,14,4.1483,3.7288,3.0000
430,scouts,15,8.4356,1.4962,3.0000
430,workers,0,-3.0000,-5.0000,3.0000
430,workers,1,7.0000,-5.0000,3.0000
430,workers,2,-3.0000,5.0000,3.0000
430,workers,3,7.0000,5.0000,3.0000
431,general,0,0.0000,0.0000,5.0000
431,nodes,0,-2.6330,-2.6477,3.0000
431,nodes,1,4.4499,-2.9082,3.0000
431,nodes,2,-5.9223,4.0707,3.0000
431,nodes,3,7.0914,4.3613,3.0000
431,scouts,0,3.0029,-1.1963,3.0000
431,scouts,1,-1.2057,1.1138,3.0000
431,scouts,2,-5.4063,-1.1992,3.0000
431,scouts,3,-1.1978,-3.5143,3.0000
431,scouts,4,8.4395,-1.1925,3.0000
431,scouts,5,4.2126,1.0853,3.0000
431,scouts,6,1.2203,-1.7866,3.0000
431,scouts,7,3.7283,-3.7264,3.0000
431,scouts,8,-2.3024,3.0039,3.0000
431,scouts,9,-6.9095,5.4968,3.0000
431,scouts,10,-8.0551,4.5820,3.0000
431,scouts,11,-6.5159,0.7700,3.0000
431,scouts,12,9.5000,4.5984,3.0000
431,scouts,13,8.7136,6.2652,3.0000
431,scouts,14,4.1461,3.7484,3.0000
431,scouts,15,8.4353,1.5149,3.0000
431,workers,0,-3.0000,-5.0000,3.0000
431,workers,1,7.0000,-5.0000,3.0000
431,workers,2,-3.0000,5.0000,3.0000
431,workers,3,7.0000,5.0000,3.0000
432,general,0,0.0000,0.0000,5.0000
432,nodes,0,-2.6302,-2.6447,3.0000
432,nodes,1,4.4602,-2.9061,3.0000
432,nodes,2,-5.9152,4.0777,3.0000
432,nodes,3,7.0935,4.3706,3.0000
432,scouts,0,3.0017,-1.1968,3.0000
432,scouts,1,-1.2055,1.1137,3.0000
432,scouts,2,-5.4068,-1.1991,3.0000
432,scouts,3,-1.1985,-3.5129,3.0000
432,scouts,4,8.4639,-1.1911,3.0000
432,scouts,5,4.2359,1.0876,3.0000
432,scouts,6,1.2421,-1.7818,3.0000
432,scouts,7,3.7486,-3.7277,3.0000
432,scouts,8,-2.2852,3.0174,3.0000
432,scouts,9,-6.8941,5.5120,3.0000
432,scouts,10,-8.0437,4.5985,3.0000
432,scouts,11,-6.5000,0.7826,3.0000
432,scouts,12,9.5000,4.6141,3.0000
432,scouts,13,8.7129,6.2867,3.0000
432,scouts,14,4.1438,3.7681,3.0000
432,scouts,15,8.4350,1.5336,3.0000
432,workers,0,-3.0000,-5.0000,3.0000
432,workers,1,7.0000,-5.0000,3.0000
432,workers,2,-3.0000,5.0000,3.0000
432,workers,3,7.0000,5.0000,3.0000
433,general,0,0.0000,0.0000,5.0000
433,nodes,0,-2.6275,-2.6416,3.0000
433,nodes,1,4.4705,-2.9041,3.0000
433,nodes,2,-5.9080,4.0849,3.0000
433,nodes,3,7.0956,4.3799,3.0000
433,scouts,0,3.0005,-1.1973,3.0000
433,scouts,1,-1.2055,1.1138,3.0000
433,scouts,2,-5.4079,-1.1990,3.0000
433,scouts,3,-1.1989,-3.5121,3.0000
433,scouts,4,8.4883,-1.1896,3.0000
433,scouts,5,4.2592,1.0900,3.0000
433,scouts,6,1.2639,-1.7769,3.0000
433,scouts,7,3.7690,-3.7289,3.0000
433,scouts,8,-2.2680,3.0310,3.0000
433,scouts,9,-6.8788,5.5273,3.0000
433,scouts,10,-8.0324,4.6150,3.0000
433,scouts,11,-6.4840,0.7951,3.0000
433,scouts,12,9.5000,4.6299,3.0000
433,scouts,13,8.7122,6.3083,3.0000
433,scouts,14,4.1416,3.7878,3.0000
433,scouts,15,8.4347,1.5523,3.0000
433,workers,0,-3.0000,-5.0000,3.0000
433,workers,1,7.0000,-5.0000,3.0000
433,workers,2,-3.0000,5.0000,3.0000
433,workers,3,7.0000,5.0000,3.0000
434,general,0,0.0000,0.0000,5.0000
434,nodes,0,-2.6247,-2.6387,3.0000
434,nodes,1,4.4808,-2.9020,3.0000
434,nodes,2,-5.9007,4.0918,3.0000
434,nodes,3,7.0977,4.3891,3.0000
434,scouts,0,2.9992,-1.1977,3.0000
434,scouts,1,-1.2057,1.1141,3.0000
434,scouts,2,-5.4095,-1.1988,3.0000
434,scouts,3,-1.1991,-3.5117,3.0000
434,scouts,4,8.5127,-1.1881,3.0000
434,scouts,5,4.2825,1.0924,3.0000
434,scouts,6,1.2856,-1.7719,3.0000
434,scouts,7,3.7893,-3.7302,3.0000
434,scouts,8,-2.2509,3.0446,3.0000
434,scouts,9,-6.8635,5.5425,3.0000
434,scouts,10,-8.0211,4.6315,3.0000
434,scouts,11,-6.4681,0.8077,3.0000
434,scouts,12,9.5000,4.6456,3.0000
434,scouts,13,8.7115,6.3298,3.0000
434,scouts,14,4.1394,3.8074,3.0000
434,scouts,15,8.4344,1.5710,3.0000
434,workers,0,-3.0000,-5.0000,3.0000
434,workers,1,7.0000,-5.0000,3.0000
434,workers,2,-3.0000,5.0000,3.0000
434,workers,3,7.0000,5.0000,3.0000
435,general,0,0.0000,0.0000,5.0000
435,nodes,0,-2.6220,-2.6357,3.0000
435,nodes,1,4.4911,-2.8999,3.0000
435,nodes,2,-5.8936,4.0988,3.0000
435,nodes,3,7.0998,4.3984,3.0000
435,scouts,0,2.9979,-1.1982,3.0000
435,scouts,1,-1.2061,1.1144,3.0000
435,scouts,2,-5.4114,-1.1985,3.0000
435,scouts,3,-1.1991,-3.5118,3.0000
435,scouts,4,8.5371,-1.1866,3.0000
435,scouts,5,4.3057,1.0948,3.0000
435,scouts,6,1.3073,-1.7670,3.0000
435,scouts,7,3.8097,-3.7315,3.0000
435,scouts,8,-2.2337,3.0581,3.0000
435,scouts,9,-6.8482,5.5576,3.0000
435,scouts,10,-8.0099,4.6480,3.0000
435,scouts,11,-6.4522,0.8202,3.0000
435,scouts,12,9.5000,4.6613,3.0000
435,scouts,13,8.7107,6.3514,3.0000
435,scouts,14,4.1373,3.8271,3.0000
435,scouts,15,8.4342,1.5896,3.0000
435,workers,0,-3.0000,-5.0000,3.0000
435,workers,1,7.0000,-5.0000,3.0000
435,workers,2,-3.0000,5.0000,3.0000
435,workers,3,7.0000,5.0000,3.0000
436,general,0,0.0000,0.0000,5.0000
436,nodes,0,-2.6194,-2.6327,3.0000
436,nodes,1,4.5014,-2.8978,3.0000
436,nodes,2,-5.8864,4.1059,3.0000
436,nodes,3,7.1021,4.4076,3.0000
436,scouts,0,2.9966,-1.1986,3.0000
436,scouts,1,-1.2067,1.1149,3.0000
436,scouts,2,-5.4110,-1.1985,3.0000
436,scouts,3,-1.1988,-3.5122,3.0000
436,scouts,4,8.5614,-1.1851,3.0000
436,scouts,5,4.3290,1.0972,3.0000
436,scouts,6,1.3290,-1.7620,3.0000
436,scouts,7,3.8301,-3.7328,3.0000
436,scouts,8,-2.2166,3.0717,3.0000
436,scouts,9,-6.8329,5.5728,3.0000
436,scouts,10,-7.9986,4.6645,3.0000
436,scouts,11,-6.4363,0.8327,3.0000
436,scouts,12,9.5000,4.6770,3.0000
436,scouts,13,8.7100,6.3729,3.0000
436,scouts,14,4.1351,3.8468,3.0000
436,scouts,15,8.4339,1.6083,3.0000
436,workers,0,-3.0000,-5.0000,3.0000
436,workers,1,7.0000,-5.0000,3.0000
436,workers,2,-3.0000,5.0000,3.0000
436,workers,3,7.0000,5.0000,3.0000
437,general,0,0.0000,0.0000,5.0000
437,nodes,0,-2.6165,-2.6298,3.0000
437,nodes,1,4.5118,-2.8957,3.0000
437,nodes,2,-5.8792,4.1131,3.0000
437,nodes,3,7.1043,4.4168,3.0000
437,scouts,0,2.9952,-1.1990,3.0000
437,scouts,1,-1.2074,1.1155,3.0000
437,scouts,2,-5.4087,-1.1988,3.0000
437,scouts,3,-1.1984,-3.5130,3.0000
437,scouts,4,8.5858,-1.1835,3.0000
437,scouts,5,4.3522,1.0997,3.0000
437,scouts,6,1.3507,-1.7569,3.0000
437,scouts,7,3.8504,-3.7340,3.0000
437,scouts,8,-2.1995,3.0852,3.0000
437,scouts,9,-6.8176,5.5880,3.0000
437,scouts,10,-7.9874,4.6810,3.0000
437,scouts,11,-6.4204,0.8452,3.0000
437,scouts,12,9.5000,4.6927,3.0000
437,scouts,13,8.7093,6.3944,3.0000
437,scouts,14,4.1330,3.8664,3.0000
437,scouts,15,8.4337,1.6269,3.0000
437,workers,0,-3.0000,-5.0000,3.0000
437,workers,1,7.0000,-5.0000,3.0000
437,workers,2,-3.0000,5.0000,3.0000
437,workers,3,7.0000,5.0000,3.0000
438,general,0,0.0000,0.0000,5.0000
438,nodes,0,-2.6135,-2.6270,3.0000
438,nodes,1,4.5220,-2.8937,3.0000
438,nodes,2,-5.8721,4.1201,3.0000
438,nodes,3,7.1064,4.4261,3.0000
438,scouts,0,2.9938,-1.1994,3.0000
438,scouts,1,-1.2083,1.1162,3.0000
438,scouts,2,-5.4072,-1.1990,3.0000
438,scouts,3,-1.1979,-3.5140,3.0000
438,scouts,4,8.6101,-1.1819,3.0000
438,scouts,5,4.3754,1.1022,3.0000
438,scouts,6,1.3724,-1.7519,3.0000
438,scouts,7,3.8708,-3.7353,3.0000
438,scouts,8,-2.1825,3.0987,3.0000
438,scouts,9,-6.8023,5.6031,3.0000
438,scouts,10,-7.9762,4.6975,3.0000
438,scouts,11,-6.4046,0.8577,3.0000
438,scouts,12,9.5000,4.7083,3.0000
438,scouts,13,8.7086,6.4160,3.0000
438,scouts,14,4.1309,3.8861,3.0000
438,scouts,15,8.4335,1.6455,3.0000
438,workers,0,-3.0000,-5.0000,3.0000
438,workers,1,7.0000,-5.0000,3.0000
438,workers,2,-3.0000,5.0000,3.0000
438,workers,3,7.0000,5.0000,3.0000
439,general,0,0.0000,0.0000,5.0000
439,nodes,0,-2.6106,-2.6240,3.0000
439,nodes,1,4.5322,-2.8916,3.0000
439,nodes,2,-5.8648,4.1273,3.0000
439,nodes,3,7.1085,4.4354,3.0000
439,scouts,0,2.9924,-1.1998,3.0000
439,scouts,1,-1.2071,1.1153,3.0000
439,scouts,2,-5.4065,-1.1991,3.0000
439,scouts,3,-1.1972,-3.5153,3.0000
439,scouts,4,8.6344,-1.1803,3.0000
439,scouts,5,4.3986,1.1047,3.0000
439,scouts,6,1.3940,-1.7468,3.0000
439,scouts,7,3.8912,-3.7365,3.0000
439,scouts,8,-2.1655,3.1122,3.0000
439,scouts,9,-6.7870,5.6183,3.0000
439,scouts,10,-7.9650,4.7139,3.0000
439,scouts,11,-6.3887,0.8702,3.0000
439,scouts,12,9.5000,4.7239,3.0000
439,scouts,13,8.7079,6.4375,3.0000
439,scouts,14,4.1288,3.9057,3.0000
439,scouts,15,8.4333,1.6642,3.0000
439,workers,0,-3.0000,-5.0000,3.0000
439,workers,1,7.0000,-5.0000,3.0000
439,workers,2,-3.0000,5.0000,3.0000
439,workers,3,7.0000,5.0000,3.0000
440,general,0,0.0000,0.0000,5.0000
440,nodes,0,-2.6075,-2.6213,3.0000
440,nodes,1,4.5425,-2.8894,3.0000
440,nodes,2,-5.8576,4.1342,3.0000
440,nodes,3,7.1108,4.4446,3.0000
440,scouts,0,2.9910,-1.2001,3.0000
440,scouts,1,-1.2063,1.1148,3.0000
440,scouts,2,-5.4065,-1.1991,3.0000
440,scouts,3,-1.1964,-3.5167,3.0000
440,scouts,4,8.6587,-1.1786,3.0000
440,scouts,5,4.4218,1.1073,3.0000
440,scouts,6,1.4157,-1.7416,3.0000
440,scouts,7,3.9115,-3.7378,3.0000
440,scouts,8,-2.1485,3.1258,3.0000
440,scouts,9,-6.7717,5.6334,3.0000
440,scouts,10,-7.9538,4.7304,3.0000
440,scouts,11,-6.3729,0.8826,3.0000
440,scouts,12,9.5000,4.7395,3.0000
440,scouts,13,8.7072,6.4590,3.0000
440,scouts,14,4.1267,3.9253,3.0000
440,scouts,15,8.4331,1.6827,3.0000
440,workers,0,-3.0000,-5.0000,3.0000
440,workers,1,7.0000,-5.0000,3.0000
440,workers,2,-3.0000,5.0000,3.0000
440,workers,3,7.0000,5.0000,3.0000
441,general,0,0.0000,0.0000,5.0000
441,nodes,0,-2.6047,-2.6185,3.0000
441,nodes,1,4.5527,-2.8873,3.0000
441,nodes,2,-5.8505,4.1413,3.0000
441,nodes,3,7.1130,4.4538,3.0000
441,scouts,0,2.9895,-1.2005,3.0000
441,scouts,1,-1.2058,1.1145,3.0000
441,scouts,2,-5.4071,-1.1990,3.0000
441,scouts,3,-1.1956,-3.5184,3.0000
441,scouts,4,8.6829,-1.1770,3.0000
441,scouts,5,4.4450,1.1099,3.0000
441,scouts,6,1.4373,-1.7365,3.0000
441,scouts,7,3.9319,-3.7390,3.0000
441,scouts,8,-2.1315,3.1393,3.0000
441,scouts,9,-6.7564,5.6485,3.0000
441,scouts,10,-7.9427,4.7469,3.0000
441,scouts,11,-6.3571,0.8951,3.0000
441,scouts,12,9.5000,4.7550,3.0000
441,scouts,13,8.7065,6.4805,3.0000
441,scouts,14,4.1247,3.9450,3.0000
441,scouts,15,8.4329,1.7013,3.0000
441,workers,0,-3.0000,-5.0000,3.0000
441,workers,1,7.0000,-5.0000,3.0000
441,workers,2,-3.0000,5.0000,3.0000
441,workers,3,7.0000,5.0000,3.0000
442,general,0,0.0000,0.0000,5.0000
442,nodes,0,-2.6018,-2.6157,3.0000
442,nodes,1,4.5630,-2.8851,3.0000
442,nodes,2,-5.8433,4.1483,3.0000
442,nodes,3,7.1152,4.4631,3.0000
442,scouts,0,2.9907,-1.2007,3.0000
442,scouts,1,-1.2056,1.1144,3.0000
442,scouts,2,-5.4082,-1.1988,3.0000
442,scouts,3,-1.1946,-3.5202,3.0000
442,scouts,4,8.7071,-1.1753,3.0000
442,scouts,5,4.4682,1.1125,3.0000
442,scouts,6,1.4589,-1.7313,3.0000
442,scouts,7,3.9523,-3.7402,3.0000
442,scouts,8,-2.1145,3.1528,3.0000
442,scouts,9,-6.7411,5.6637,3.0000
442,scouts,10,-7.9316,4.7633,3.0000
442,scouts,11,-6.3414,0.9075,3.0000
442,scouts,12,9.5000,4.7705,3.0000
442,scouts,13,8.7058,6.5019,3.0000
442,scouts,14,4.1227,3.9646,3.0000
442,scouts,15,8.4328,1.7199,3.0000
442,workers,0,-3.0000,-5.0000,3.0000
442,workers,1,7.0000,-5.0000,3.0000
442,workers,2,-3.0000,5.0000,3.0000
442,workers,3,7.0000,5.0000,3.0000
443,general,0,0.0000,0.0000,5.0000
443,nodes,0,-2.5987,-2.6128,3.0000
443,nodes,1,4.5732,-2.8830,3.0000
443,nodes,2,-5.8361,4.1554,3.0000
443,nodes,3,7.1174,4.4723,3.0000
443,scouts,0,2.9916,-1.2010,3.0000
443,scouts,1,-1.2057,1.1145,3.0000
443,scouts,2,-5.4097,-1.1986,3.0000
443,scouts,3,-1.1949,-3.5198,3.0000
443,scouts,4,8.7314,-1.1735,3.0000
443,scouts,5,4.4913,1.1151,3.0000
443,scouts,6,1.4804,-1.7260,3.0000
443,scouts,7,3.9726,-3.7414,3.0000
443,scouts,8,-2.0976,3.1663,3.0000
443,scouts,9,-6.7258,5.6788,3.0000
443,scouts,10,-7.9204,4.7798,3.0000
443,scouts,11,-6.3256,0.9199,3.0000
443,scouts,12,9.5000,4.7860,3.0000
443,scouts,13,8.7051,6.5234,3.0000
443,scouts,14,4.1207,3.9842,3.0000
443,scouts,15,8.4327,1.7385,3.0000
443,workers,0,-3.0000,-5.0000,3.0000
443,workers,1,7.0000,-5.0000,3.0000
443,workers,2,-3.0000,5.0000,3.0000
443,workers,3,7.0000,5.0000,3.0000
444,general,0,0.0000,0.0000,5.0000
444,nodes,0,-2.5959,-2.6098,3.0000
444,nodes,1,4.5834,-2.8808,3.0000
444,nodes,2,-5.8290,4.1625,3.0000
444,nodes,3,7.1196,4.4816,3.0000
444,scouts,0,2.9921,-1.2012,3.0000
444,scouts,1,-1.2059,1.1148,3.0000
444,scouts,2,-5.4116,-1.1983,3.0000
444,scouts,3,-1.1961,-3.5174,3.0000
444,scouts,4,8.7555,-1.1718,3.0000
444,scouts,5,4.5144,1.1178,3.0000
444,scouts,6,1.5020,-1.7207,3.0000
444,scouts,7,3.9930,-3.7427,3.0000
444,scouts,8,-2.0807,3.1798,3.0000
444,scouts,9,-6.7106,5.6938,3.0000
444,scouts,10,-7.9094,4.7962,3.0000
444,scouts,11,-6.3099,0.9324,3.0000
444,scouts,12,9.5000,4.8015,3.0000
444,scouts,13,8.7044,6.5449,3.0000
444,scouts,14,4.1187,4.0039,3.0000
444,scouts,15,8.4325,1.7570,3.0000
444,workers,0,-3.0000,-5.0000,3.0000
444,workers,1,7.0000,-5.0000,3.0000
444,workers,2,-3.0000,5.0000,3.0000
444,workers,3,7.0000,5.0000,3.0000
445,general,0,0.0000,0.0000,5.0000
445,nodes,0,-2.5932,-2.6066,3.0000
445,nodes,1,4.5937,-2.8787,3.0000
445,nodes,2,-5.8218,4.1695,3.0000
445,nodes,3,7.1218,4.4909,3.0000
445,scouts,0,2.9924,-1.2014,3.0000
445,scouts,1,-1.2064,1.1152,3.0000
445,scouts,2,-5.4112,-1.1983,3.0000
445,scouts,3,-1.1970,-3.5158,3.0000
445,scouts,4,8.7797,-1.1700,3.0000
445,scouts,5,4.5375,1.1205,3.0000
445,scouts,6,1.5235,-1.7154,3.0000
445,scouts,7,4.0134,-3.7439,3.0000
445,scouts,8,-2.0639,3.1933,3.0000
445,scouts,9,-6.6953,5.7089,3.0000
445,scouts,10,-7.8983,4.8127,3.0000
445,scouts,11,-6.2942,0.9448,3.0000
445,scouts,12,9.5000,4.8169,3.0000
445,scouts,13,8.7037,6.5664,3.0000
445,scouts,14,4.1167,4.0235,3.0000
445,scouts,15,8.4324,1.7755,3.0000
445,workers,0,-3.0000,-5.0000,3.0000
445,workers,1,7.0000,-5.0000,3.0000
445,workers,2,-3.0000,5.0000,3.0000
445,workers,3,7.0000,5.0000,3.0000
446,general,0,0.0000,0.0000,5.0000
446,nodes,0,-2.5902,-2.6035,3.0000
446,nodes,1,4.6039,-2.8766,3.0000
446,nodes,2,-5.8147,4.1766,3.0000
446,nodes,3,7.1241,4.5001,3.0000
446,scouts,0,2.9924,-1.2017,3.0000
446,scouts,1,-1.2070,1.1157,3.0000
446,scouts,2,-5.4088,-1.1987,3.0000
446,scouts,3,-1.1976,-3.5147,3.0000
446,scouts,4,8.8038,-1.1682,3.0000
446,scouts,5,4.5606,1.1232,3.0000
446,scouts,6,1.5450,-1.7101,3.0000
446,scouts,7,4.0338,-3.7451,3.0000
446,scouts,8,-2.0470,3.2068,3.0000
446,scouts,9,-6.6800,5.7240,3.0000
446,scouts,10,-7.8872,4.8291,3.0000
446,scouts,11,-6.2786,0.9572,3.0000
446,scouts,12,9.5000,4.8323,3.0000
446,scouts,13,8.7030,6.5878,3.0000
446,scouts,14,4.1148,4.0431,3.0000
446,scouts,15,8.4324,1.7940,3.0000
446,workers,0,-3.0000,-5.0000,3.0000
446,workers,1,7.0000,-5.0000,3.0000
446,workers,2,-3.0000,5.0000,3.0000
446,workers,3,7.0000,5.0000,3.0000
447,general,0,0.0000,0.0000,5.0000
447,nodes,0,-2.5873,-2.6005,3.0000
447,nodes,1,4.6141,-2.8744,3.0000
447,nodes,2,-5.8075,4.1836,3.0000
447,nodes,3,7.1263,4.5093,3.0000
447,scouts,0,2.9922,-1.2019,3.0000
447,scouts,1,-1.2077,1.1164,3.0000
447,scouts,2,-5.4073,-1.1989,3.0000
447,scouts,3,-1.1979,-3.5141,3.0000
447,scouts,4,8.8280,-1.1663,3.0000
447,scouts,5,4.5837,1.1259,3.0000
447,scouts,6,1.5665,-1.7047,3.0000
447,scouts,7,4.0541,-3.7463,3.0000
447,scouts,8,-2.0302,3.2203,3.0000
447,scouts,9,-6.6647,5.7391,3.0000
447,scouts,10,-7.8762,4.8456,3.0000
447,scouts,11,-6.2629,0.9696,3.0000
447,scouts,12,9.5000,4.8477,3.0000
447,scouts,13,8.7023,6.6093,3.0000
447,scouts,14,4.1129,4.0627,3.0000
447,scouts,15,8.4323,1.8126,3.0000
447,workers,0,-3.0000,-5.0000,3.0000
447,workers,1,7.0000,-5.0000,3.0000
447,workers,2,-3.0000,5.0000,3.0000
447,workers,3,7.0000,5.0000,3.0000
448,general,0,0.0000,0.0000,5.0000
448,nodes,0,-2.5843,-2.5974,3.0000
448,nodes,1,4.6243,-2.8722,3.0000
448,nodes,2,-5.8003,4.1907,3.0000
448,nodes,3,7.1285,4.5185,3.0000
448,scouts,0,2.9919,-1.2021,3.0000
448,scouts,1,-1.2065,1.1154,3.0000
448,scouts,2,-5.4066,-1.1990,3.0000
448,scouts,3,-1.1979,-3.5140,3.0000
448,scouts,4,8.8520,-1.1645,3.0000
448,scouts,5,4.6068,1.1287,3.0000
448,scouts,6,1.5879,-1.6993,3.0000
448,scouts,7,4.0745,-3.7475,3.0000
448,scouts,8,-2.0134,3.2337,3.0000
448,scouts,9,-6.6494,5.7541,3.0000
448,scouts,10,-7.8652,4.8620,3.0000
448,scouts,11,-6.2473,0.9819,3.0000
448,scouts,12,9.5000,4.8631,3.0000
448,scouts,13,8.7016,6.6307,3.0000
448,scouts,14,4.1110,4.0823,3.0000
448,scouts,15,8.4322,1.8310,3.0000
448,workers,0,-3.0000,-5.0000,3.0000
448,workers,1,7.0000,-5.0000,3.0000
448,workers,2,-3.0000,5.0000,3.0000
448,workers,3,7.0000,5.0000,3.0000
449,general,0,0.0000,0.0000,5.0000
449,nodes,0,-2.5812,-2.5945,3.0000
449,nodes,1,4.6346,-2.8700,3.0000
449,nodes,2,-5.7932,4.1977,3.0000
449,nodes,3,7.1308,4.5277,3.0000
449,scouts,0,2.9913,-1.2024,3.0000
449,scouts,1,-1.2057,1.1148,3.0000
449,scouts,2,-5.4066,-1.1989,3.0000
449,scouts,3,-1.1978,-3.5143,3.0000
449,scouts,4,8.8761,-1.1626,3.0000
449,scouts,5,4.6298,1.1315,3.0000
449,scouts,6,1.6093,-1.6939,3.0000
449,scouts,7,4.0949,-3.7486,3.0000
449,scouts,8,-1.9967,3.2472,3.0000
449,scouts,9,-6.6342,5.7692,3.0000
449,scouts,10,-7.8542,4.8785,3.0000
449,scouts,11,-6.2317,0.9943,3.0000
449,scouts,12,9.5000,4.8784,3.0000
449,scouts,13,8.7009,6.6521,3.0000
449,scouts,14,4.1091,4.1019,3.0000
449,scouts,15,8.4322,1.8495,3.0000
449,workers,0,-3.0000,-5.0000,3.0000
449,workers,1,7.0000,-5.0000,3.0000
449,workers,2,-3.0000,5.0000,3.0000
449,workers,3,7.0000,5.0000,3.0000
450,general,0,0.0000,0.0000,5.0000
450,nodes,0,-2.5784,-2.5917,3.0000
450,nodes,1,4.6447,-2.8678,3.0000
450,nodes,2,-5.7860,4.2048,3.0000
450,nodes,3,7.1330,4.5369,3.0000
450,scouts,0,2.9907,-1.2026,3.0000
450,scouts,1,-1.2052,1.1145,3.0000
450,scouts,2,-5.4071,-1.1988,3.0000
450,scouts,3,-1.1975,-3.5150,3.0000
450,scouts,4,8.9001,-1.1607,3.0000
450,scouts,5,4.6528,1.1343,3.0000
450,scouts,6,1.6307,-1.6884,3.0000
450,scouts,7,4.1153,-3.7498,3.0000
450,scouts,8,-1.9800,3.2607,3.0000
450,scouts,9,-6.6189,5.7842,3.0000
450,scouts,10,-7.8432,4.8949,3.0000
450,scouts,11,-6.2161,1.0067,3.0000
450,scouts,12,9.5000,4.8937,3.0000
450,scouts,13,8.7002,6.6736,3.0000
450,scouts,14,4.1073,4.1215,3.0000
450,scouts,15,8.4321,1.8680,3.0000
450,workers,0,-3.0000,-5.0000,3.0000
450,workers,1,7.0000,-5.0000,3.0000
450,workers,2,-3.0000,5.0000,3.0000
450,workers,3,7.0000,5.0000,3.0000
451,general,0,0.0000,0.0000,5.0000
451,nodes,0,-2.5754,-2.5888,3.0000
451,nodes,1,4.6550,-2.8656,3.0000
451,nodes,2,-5.7789,4.2119,3.0000
451,nodes,3,7.1354,4.5460,3.0000
451,scouts,0,2.9899,-1.2028,3.0000
451,scouts,1,-1.2050,1.1144,3.0000
451,scouts,2,-5.4082,-1.1986,3.0000
451,scouts,3,-1.1970,-3.5159,3.0000
451,scouts,4,8.9241,-1.1587,3.0000
451,scouts,5,4.6758,1.1371,3.0000
451,scouts,6,1.6521,-1.6830,3.0000
451,scouts,7,4.1356,-3.7510,3.0000
451,scouts,8,-1.9633,3.2742,3.0000
451,scouts,9,-6.6036,5.7992,3.0000
451,scouts,10,-7.8322,4.9113,3.0000
451,scouts,11,-6.2005,1.0190,3.0000
451,scouts,12,9.5000,4.9090,3.0000
451,scouts,13,8.6995,6.6950,3.0000
451,scouts,14,4.1054,4.1411,3.0000
451,scouts,15,8.4321,1.8865,3.0000
451,workers,0,-3.0000,-5.0000,3.0000
451,workers,1,7.0000,-5.0000,3.0000
451,workers,2,-3.0000,5.0000,3.0000
451,workers,3,7.0000,5.0000,3.0000
452,general,0,0.0000,0.0000,5.0000
452,nodes,0,-2.5725,-2.5860,3.0000
452,nodes,1,4.6652,-2.8634,3.0000
452,nodes,2,-5.7718,4.2189,3.0000
452,nodes,3,7.1375,4.5553,3.0000
452,scouts,0,2.9916,-1.2023,3.0000
452,scouts,1,-1.2050,1.1145,3.0000
452,scouts,2,-5.4097,-1.1984,3.0000
452,scouts,3,-1.1964,-3.5170,3.0000
452,scouts,4,8.9481,-1.1568,3.0000
452,scouts,5,4.6987,1.1399,3.0000
452,scouts,6,1.6734,-1.6774,3.0000
452,scouts,7,4.1560,-3.7521,3.0000
452,scouts,8,-1.9466,3.2876,3.0000
452,scouts,9,-6.5884,5.8142,3.0000
452,scouts,10,-7.8213,4.9278,3.0000
452,scouts,11,-6.1850,1.0314,3.0000
452,scouts,12,9.5000,4.9242,3.0000
452,scouts,13,8.6988,6.7164,3.0000
452,scouts,14,4.1036,4.1607,3.0000
452,scouts,15,8.4321,1.9049,3.0000
452,workers,0,-3.0000,-5.0000,3.0000
452,workers,1,7.0000,-5.0000,3.0000
452,workers,2,-3.0000,5.0000,3.0000
452,workers,3,7.0000,5.0000,3.0000
453,general,0,0.0000,0.0000,5.0000
453,nodes,0,-2.5695,-2.5830,3.0000
453,nodes,1,4.6754,-2.8612,3.0000
453,nodes,2,-5.7647,4.2260,3.0000
453,nodes,3,7.1398,4.5645,3.0000
453,scouts,0,2.9929,-1.2019,3.0000
453,scouts,1,-1.2053,1.1147,3.0000
453,scouts,2,-5.4116,-1.1980,3.0000
453,scouts,3,-1.1957,-3.5184,3.0000
453,scouts,4,8.9720,-1.1548,3.0000
453,scouts,5,4.7217,1.1428,3.0000
453,scouts,6,1.6947,-1.6719,3.0000
453,scouts,7,4.1764,-3.7533,3.0000
453,scouts,8,-1.9300,3.3011,3.0000
453,scouts,9,-6.5731,5.8292,3.0000
453,scouts,10,-7.8103,4.9442,3.0000
453,scouts,11,-6.1695,1.0437,3.0000
453,scouts,12,9.5000,4.9395,3.0000
453,scouts,13,8.6981,6.7378,3.0000
453,scouts,14,4.1018,4.1803,3.0000
453,scouts,15,8.4321,1.9233,3.0000
453,workers,0,-3.0000,-5.0000,3.0000
453,workers,1,7.0000,-5.0000,3.0000
453,workers,2,-3.0000,5.0000,3.0000
453,workers,3,7.0000,5.0000,3.0000
454,general,0,0.0000,0.0000,5.0000
454,nodes,0,-2.5666,-2.5801,3.0000
454,nodes,1,4.6856,-2.8590,3.0000
454,nodes,2,-5.7576,4.2331,3.0000
454,nodes,3,7.1421,4.5737,3.0000
454,scouts,0,2.9938,-1.2016,3.0000
454,scouts,1,-1.2057,1.1152,3.0000
454,scouts,2,-5.4112,-1.1981,3.0000
454,scouts,3,-1.1949,-3.5200,3.0000
454,scouts,4,8.9960,-1.1528,3.0000
454,scouts,5,4.7446,1.1457,3.0000
454,scouts,6,1.7160,-1.6663,3.0000
454,scouts,7,4.1968,-3.7544,3.0000
454,scouts,8,-1.9134,3.3146,3.0000
454,scouts,9,-6.5579,5.8442,3.0000
454,scouts,10,-7.7994,4.9606,3.0000
454,scouts,11,-6.1540,1.0560,3.0000
454,scouts,12,9.5000,4.9547,3.0000
454,scouts,13,8.6974,6.7592,3.0000
454,scouts,14,4.1001,4.1999,3.0000
454,scouts,15,8.4322,1.9418,3.0000
454,workers,0,-3.0000,-5.0000,3.0000
454,workers,1,7.0000,-5.0000,3.0000
454,workers,2,-3.0000,5.0000,3.0000
454,workers,3,7.0000,5.0000,3.0000
455,general,0,0.0000,0.0000,5.0000
455,nodes,0,-2.5635,-2.5773,3.0000
455,nodes,1,4.6958,-2.8568,3.0000
455,nodes,2,-5.7503,4.2402,3.0000
455,nodes,3,7.1444,4.5829,3.0000
455,scouts,0,2.9944,-1.2014,3.0000
455,scouts,1,-1.2062,1.1158,3.0000
455,scouts,2,-5.4088,-1.1985,3.0000
455,scouts,3,-1.1952,-3.5194,3.0000
455,scouts,4,9.0198,-1.1508,3.0000
455,scouts,5,4.7675,1.1486,3.0000
455,scouts,6,1.7372,-1.6607,3.0000
455,scouts,7,4.2172,-3.7556,3.0000
455,scouts,8,-1.8968,3.3280,3.0000
455,scouts,9,-6.5426,5.8592,3.0000
455,scouts,10,-7.7886,4.9770,3.0000
455,scouts,11,-6.1385,1.0683,3.0000
455,scouts,12,9.5000,4.9698,3.0000
455,scouts,13,8.6967,6.7806,3.0000
455,scouts,14,4.0983,4.2195,3.0000
455,scouts,15,8.4322,1.9602,3.0000
455,workers,0,-3.0000,-5.0000,3.0000
455,workers,1,7.0000,-5.0000,3.0000
455,workers,2,-3.0000,5.0000,3.0000
455,workers,3,7.0000,5.0000,3.0000
456,general,0,0.0000,0.0000,5.0000
456,nodes,0,-2.5604,-2.5741,3.0000
456,nodes,1,4.7060,-2.8545,3.0000
456,nodes,2,-5.7433,4.2473,3.0000
456,nodes,3,7.1467,4.5922,3.0000
456,scouts,0,2.9947,-1.2012,3.0000
456,scouts,1,-1.2069,1.1165,3.0000
456,scouts,2,-5.4073,-1.1987,3.0000
456,scouts,3,-1.1965,-3.5168,3.0000
456,scouts,4,9.0437,-1.1487,3.0000
456,scouts,5,4.7903,1.1516,3.0000
456,scouts,6,1.7584,-1.6551,3.0000
456,scouts,7,4.2375,-3.7567,3.0000
456,scouts,8,-1.8802,3.3415,3.0000
456,scouts,9,-6.5274,5.8742,3.0000
456,scouts,10,-7.7777,4.9935,3.0000
456,scouts,11,-6.1231,1.0807,3.0000
456,scouts,12,9.5000,4.9850,3.0000
456,scouts,13,8.6960,6.8020,3.0000
456,scouts,14,4.0966,4.2391,3.0000
456,scouts,15,8.4323,1.9786,3.0000
456,workers,0,-3.0000,-5.0000,3.0000
456,workers,1,7.0000,-5.0000,3.0000
456,workers,2,-3.0000,5.0000,3.0000
456,workers,3,7.0000,5.0000,3.0000
457,general,0,0.0000,0.0000,5.0000
457,nodes,0,-2.5575,-2.5709,3.0000
457,nodes,1,4.7162,-2.8523,3.0000
457,nodes,2,-5.7363,4.2544,3.0000
457,nodes,3,7.1489,4.6013,3.0000
457,scouts,0,2.9948,-1.2010,3.0000
457,scouts,1,-1.2078,1.1173,3.0000
457,scouts,2,-5.4066,-1.1988,3.0000
457,scouts,3,-1.1974,-3.5150,3.0000
457,scouts,4,9.0675,-1.1467,3.0000
457,scouts,5,4.8132,1.1545,3.0000
457,scouts,6,1.7796,-1.6495,3.0000
457,scouts,7,4.2579,-3.7578,3.0000
457,scouts,8,-1.8637,3.3550,3.0000
457,scouts,9,-6.5121,5.8892,3.0000
457,scouts,10,-7.7668,5.0099,3.0000
457,scouts,11,-6.1077,1.0930,3.0000
457,scouts,12,9.5000,5.0001,3.0000
457,scouts,13,8.6953,6.8234,3.0000
457,scouts,14,4.0949,4.2587,3.0000
457,scouts,15,8.4323,1.9970,3.0000
457,workers,0,-3.0000,-5.0000,3.0000
457,workers,1,7.0000,-5.0000,3.0000
457,workers,2,-3.0000,5.0000,3.0000
457,workers,3,7.0000,5.0000,3.0000
458,general,0,0.0000,0.0000,5.0000
458,nodes,0,-2.5547,-2.5677,3.0000
458,nodes,1,4.7263,-2.8500,3.0000
458,nodes,2,-5.7293,4.2613,3.0000
458,nodes,3,7.1512,4.6105,3.0000
458,scouts,0,2.9946,-1.2009,3.0000
458,scouts,1,-1.2067,1.1164,3.0000
458,scouts,2,-5.4066,-1.1988,3.0000
458,scouts,3,-1.1980,-3.5138,3.0000
458,scouts,4,9.0912,-1.1446,3.0000
458,scouts,5,4.8359,1.1575,3.0000
458,scouts,6,1.8007,-1.6438,3.0000
458,scouts,7,4.2783,-3.7590,3.0000
458,scouts,8,-1.8472,3.3684,3.0000
458,scouts,9,-6.4969,5.9041,3.0000
458,scouts,10,-7.7560,5.0263,3.0000
458,scouts,11,-6.0923,1.1053,3.0000
458,scouts,12,9.5000,5.0152,3.0000
458,scouts,13,8.6946,6.8447,3.0000
458,scouts,14,4.0932,4.2783,3.0000
458,scouts,15,8.4324,2.0153,3.0000
458,workers,0,-3.0000,-5.0000,3.0000
458,workers,1,7.0000,-5.0000,3.0000
458,workers,2,-3.0000,5.0000,3.0000
458,workers,3,7.0000,5.0000,3.0000
459,general,0,0.0000,0.0000,5.0000
459,nodes,0,-2.5517,-2.5648,3.0000
459,nodes,1,4.7365,-2.8478,3.0000
459,nodes,2,-5.7221,4.2684,3.0000
459,nodes,3,7.1535,4.6197,3.0000
459,scouts,0,2.9943,-1.2008,3.0000
459,scouts,1,-1.2061,1.1158,3.0000
459,scouts,2,-5.4071,-1.1987,3.0000
459,scouts,3,-1.1983,-3.5131,3.0000
459,scouts,4,9.1150,-1.1425,3.0000
459,scouts,5,4.8587,1.1605,3.0000
459,scouts,6,1.8218,-1.6381,3.0000
459,scouts,7,4.2987,-3.7601,3.0000
459,scouts,8,-1.8308,3.3819,3.0000
459,scouts,9,-6.4816,5.9191,3.0000
459,scouts,10,-7.7452,5.0427,3.0000
459,scouts,11,-6.0769,1.1175,3.0000
459,scouts,12,9.5000,5.0302,3.0000
459,scouts,13,8.6939,6.8661,3.0000
459,scouts,14,4.0915,4.2979,3.0000
459,scouts,15,8.4325,2.0337,3.0000
459,workers,0,-3.0000,-5.0000,3.0000
459,workers,1,7.0000,-5.0000,3.0000
459,workers,2,-3.0000,5.0000,3.0000
459,workers,3,7.0000,5.0000,3.0000
460,general,0,0.0000,0.0000,5.0000
460,nodes,0,-2.5488,-2.5617,3.0000
460,nodes,1,4.7466,-2.8455,3.0000
460,nodes,2,-5.7151,4.2754,3.0000
460,nodes,3,7.1558,4.6289,3.0000
460,scouts,0,2.9939,-1.2008,3.0000
460,scouts,1,-1.2057,1.1155,3.0000
460,scouts,2,-5.4081,-1.1985,3.0000
460,scouts,3,-1.1984,-3.5129,3.0000
460,scouts,4,9.1387,-1.1404,3.0000
460,scouts,5,4.8814,1.1635,3.0000
460,scouts,6,1.8429,-1.6324,3.0000
460,scouts,7,4.3191,-3.7612,3.0000
460,scouts,8,-1.8143,3.3953,3.0000
460,scouts,9,-6.4664,5.9340,3.0000
460,scouts,10,-7.7344,5.0591,3.0000
460,scouts,11,-6.0615,1.1298,3.0000
460,scouts,12,9.5000,5.0453,3.0000
460,scouts,13,8.6932,6.8875,3.0000
460,scouts,14,4.0899,4.3174,3.0000
460,scouts,15,8.4326,2.0520,3.0000
460,workers,0,-3.0000,-5.0000,3.0000
460,workers,1,7.0000,-5.0000,3.0000
460,workers,2,-3.0000,5.0000,3.0000
460,workers,3,7.0000,5.0000,3.0000
461,general,0,0.0000,0.0000,5.0000
461,nodes,0,-2.5460,-2.5588,3.0000
461,nodes,1,4.7568,-2.8433,3.0000
461,nodes,2,-5.7080,4.2825,3.0000
461,nodes,3,7.1581,4.6381,3.0000
461,scouts,0,2.9932,-1.2008,3.0000
461,scouts,1,-1.2056,1.1155,3.0000
461,scouts,2,-5.4096,-1.1982,3.0000
461,scouts,3,-1.1983,-3.5131,3.0000
461,scouts,4,9.1623,-1.1382,3.0000
461,scouts,5,4.9041,1.1665,3.0000
461,scouts,6,1.8639,-1.6267,3.0000
461,scouts,7,4.3395,-3.7623,3.0000
461,scouts,8,-1.7979,3.4088,3.0000
461,scouts,9,-6.4512,5.9489,3.0000
461,scouts,10,-7.7236,5.0756,3.0000
461,scouts,11,-6.0462,1.1421,3.0000
461,scouts,12,9.5000,5.0603,3.0000
461,scouts,13,8.6925,6.9088,3.0000
461,scouts,14,4.0883,4.3370,3.0000
461,scouts,15,8.4327,2.0704,3.0000
461,workers,0,-3.0000,-5.0000,3.0000
461,workers,1,7.0000,-5.0000,3.0000
461,workers,2,-3.0000,5.0000,3.0000
461,workers,3,7.0000,5.0000,3.0000
462,general,0,0.0000,0.0000,5.0000
462,nodes,0,-2.5431,-2.5558,3.0000
462,nodes,1,4.7669,-2.8410,3.0000
462,nodes,2,-5.7009,4.2894,3.0000
462,nodes,3,7.1605,4.6473,3.0000
462,scouts,0,2.9925,-1.2008,3.0000
462,scouts,1,-1.2057,1.1156,3.0000
462,scouts,2,-5.4115,-1.1978,3.0000
462,scouts,3,-1.1980,-3.5136,3.0000
462,scouts,4,9.1859,-1.1361,3.0000
462,scouts,5,4.9268,1.1695,3.0000
462,scouts,6,1.8849,-1.6209,3.0000
462,scouts,7,4.3598,-3.7634,3.0000
462,scouts,8,-1.7816,3.4222,3.0000
462,scouts,9,-6.4360,5.9639,3.0000
462,scouts,10,-7.7128,5.0920,3.0000
462,scouts,11,-6.0309,1.1544,3.0000
462,scouts,12,9.5000,5.0753,3.0000
462,scouts,13,8.6918,6.9302,3.0000
462,scouts,14,4.0867,4.3566,3.0000
462,scouts,15,8.4329,2.0887,3.0000
462,workers,0,-3.0000,-5.0000,3.0000
462,workers,1,7.0000,-5.0000,3.0000
462,workers,2,-3.0000,5.0000,3.0000
462,workers,3,7.0000,5.0000,3.0000
463,general,0,0.0000,0.0000,5.0000
463,nodes,0,-2.5404,-2.5529,3.0000
463,nodes,1,4.7770,-2.8387,3.0000
463,nodes,2,-5.6939,4.2965,3.0000
463,nodes,3,7.1628,4.6564,3.0000
463,scouts,0,2.9917,-1.2008,3.0000
463,scouts,1,-1.2060,1.1160,3.0000
463,scouts,2,-5.4111,-1.1979,3.0000
463,scouts,3,-1.1975,-3.5144,3.0000
463,scouts,4,9.2095,-1.1339,3.0000
463,scouts,5,4.9494,1.1725,3.0000
463,scouts,6,1.9059,-1.6151,3.0000
463,scouts,7,4.3802,-3.7644,3.0000
463,scouts,8,-1.7652,3.4357,3.0000
463,scouts,9,-6.4208,5.9788,3.0000
463,scouts,10,-7.7021,5.1084,3.0000
463,scouts,11,-6.0156,1.1666,3.0000
463,scouts,12,9.5000,5.0902,3.0000
463,scouts,13,8.6912,6.9515,3.0000
463,scouts,14,4.0851,4.3761,3.0000
463,scouts,15,8.4330,2.1070,3.0000
463,workers,0,-3.0000,-5.0000,3.0000
463,workers,1,7.0000,-5.0000,3.0000
463,workers,2,-3.0000,5.0000,3.0000
463,workers,3,7.0000,5.0000,3.0000
464,general,0,0.0000,0.0000,5.0000
464,nodes,0,-2.5374,-2.5500,3.0000
464,nodes,1,4.7871,-2.8365,3.0000
464,nodes,2,-5.6869,4.3034,3.0000
464,nodes,3,7.1651,4.6656,3.0000
464,scouts,0,2.9908,-1.2008,3.0000
464,scouts,1,-1.2064,1.1165,3.0000
464,scouts,2,-5.4087,-1.1984,3.0000
464,scouts,3,-1.1969,-3.5155,3.0000
464,scouts,4,9.2330,-1.1318,3.0000
464,scouts,5,4.9720,1.1756,3.0000
464,scouts,6,1.9268,-1.6093,3.0000
464,scouts,7,4.4006,-3.7655,3.0000
464,scouts,8,-1.7489,3.4491,3.0000
464,scouts,9,-6.4055,5.9937,3.0000
464,scouts,10,-7.6914,5.1248,3.0000
464,scouts,11,-6.0004,1.1789,3.0000
464,scouts,12,9.5000,5.1051,3.0000
464,scouts,13,8.6905,6.9728,3.0000
464,scouts,14,4.0835,4.3957,3.0000
464,scouts,15,8.4332,2.1253,3.0000
464,workers,0,-3.0000,-5.0000,3.0000
464,workers,1,7.0000,-5.0000,3.0000
464,workers,2,-3.0000,5.0000,3.0000
464,workers,3,7.0000,5.0000,3.0000
465,general,0,0.0000,0.0000,5.0000
465,nodes,0,-2.5344,-2.5470,3.0000
465,nodes,1,4.7971,-2.8342,3.0000
465,nodes,2,-5.6798,4.3105,3.0000
465,nodes,3,7.1675,4.6747,3.0000
465,scouts,0,2.9898,-1.2008,3.0000
465,scouts,1,-1.2071,1.1172,3.0000
465,scouts,2,-5.4072,-1.1986,3.0000
465,scouts,3,-1.1962,-3.5169,3.0000
465,scouts,4,9.2565,-1.1296,3.0000
465,scouts,5,4.9946,1.1787,3.0000
465,scouts,6,1.9476,-1.6035,3.0000
465,scouts,7,4.4210,-3.7666,3.0000
465,scouts,8,-1.7326,3.4626,3.0000
465,scouts,9,-6.3903,6.0086,3.0000
465,scouts,10,-7.6807,5.1412,3.0000
465,scouts,11,-5.9851,1.1912,3.0000
465,scouts,12,9.5000,5.1200,3.0000
465,scouts,13,8.6898,6.9942,3.0000
465,scouts,14,4.0820,4.4153,3.0000
465,scouts,15,8.4334,2.1436,3.0000
465,workers,0,-3.0000,-5.0000,3.0000
465,workers,1,7.0000,-5.0000,3.0000
465,workers,2,-3.0000,5.0000,3.0000
465,workers,3,7.0000,5.0000,3.0000
466,general,0,0.0000,0.0000,5.0000
466,nodes,0,-2.5315,-2.5442,3.0000
466,nodes,1,4.8073,-2.8319,3.0000
466,nodes,2,-5.6728,4.3175,3.0000
466,nodes,3,7.1698,4.6840,3.0000
466,scouts,0,2.9914,-1.2007,3.0000
466,scouts,1,-1.2059,1.1161,3.0000
466,scouts,2,-5.4064,-1.1987,3.0000
466,scouts,3,-1.1954,-3.5184,3.0000
466,scouts,4,9.2800,-1.1274,3.0000
466,scouts,5,5.0171,1.1817,3.0000
466,scouts,6,1.9685,-1.5977,3.0000
466,scouts,7,4.4414,-3.7677,3.0000
466,scouts,8,-1.7163,3.4760,3.0000
466,scouts,9,-6.3751,6.0235,3.0000
466,scouts,10,-7.6700,5.1577,3.0000
466,scouts,11,-5.9699,1.2034,3.0000
466,scouts,12,9.5000,5.1349,3.0000
466,scouts,13,8.6891,7.0155,3.0000
466,scouts,14,4.0805,4.4348,3.0000
466,scouts,15,8.4336,2.1619,3.0000
466,workers,0,-3.0000,-5.0000,3.0000
466,workers,1,7.0000,-5.0000,3.0000
466,workers,2,-3.0000,5.0000,3.0000
466,workers,3,7.0000,5.0000,3.0000
467,general,0,0.0000,0.0000,5.0000
467,nodes,0,-2.5281,-2.5414,3.0000
467,nodes,1,4.8173,-2.8296,3.0000
467,nodes,2,-5.6658,4.3246,3.0000
467,nodes,3,7.1722,4.6931,3.0000
467,scouts,0,2.9926,-1.2005,3.0000
467,scouts,1,-1.2051,1.1154,3.0000
467,scouts,2,-5.4064,-1.1987,3.0000
467,scouts,3,-1.1945,-3.5201,3.0000
467,scouts,4,9.3034,-1.1252,3.0000
467,scouts,5,5.0396,1.1848,3.0000
467,scouts,6,1.9893,-1.5919,3.0000
467,scouts,7,4.4618,-3.7687,3.0000
467,scouts,8,-1.7001,3.4895,3.0000
467,scouts,9,-6.3599,6.0383,3.0000
467,scouts,10,-7.6593,5.1741,3.0000
467,scouts,11,-5.9547,1.2156,3.0000
467,scouts,12,9.5000,5.1498,3.0000
467,scouts,13,8.6884,7.0368,3.0000
467,scouts,14,4.0790,4.4544,3.0000
467,scouts,15,8.4338,2.1802,3.0000
467,workers,0,-3.0000,-5.0000,3.0000
467,workers,1,7.0000,-5.0000,3.0000
467,workers,2,-3.0000,5.0000,3.0000
467,workers,3,7.0000,5.0000,3.0000
468,general,0,0.0000,0.0000,5.0000
468,nodes,0,-2.5251,-2.5386,3.0000
468,nodes,1,4.8275,-2.8269,3.0000
468,nodes,2,-5.6586,4.3316,3.0000
468,nodes,3,7.1744,4.7023,3.0000
468,scouts,0,2.9935,-1.2004,3.0000
468,scouts,1,-1.2047,1.1150,3.0000
468,scouts,2,-5.4069,-1.1986,3.0000
468,scouts,3,-1.1948,-3.5196,3.0000
468,scouts,4,9.3268,-1.1229,3.0000
468,scouts,5,5.0621,1.1879,3.0000
468,scouts,6,2.0100,-1.5860,3.0000
468,scouts,7,4.4822,-3.7698,3.0000
468,scouts,8,-1.6839,3.5029,3.0000
468,scouts,9,-6.3448,6.0532,3.0000
468,scouts,10,-7.6487,5.1905,3.0000
468,scouts,11,-5.9396,1.2279,3.0000
468,scouts,12,9.5000,5.1646,3.0000
468,scouts,13,8.6877,7.0581,3.0000
468,scouts,14,4.0775,4.4740,3.0000
468,scouts,15,8.4340,2.1985,3.0000
468,workers,0,-3.0000,-5.0000,3.0000
468,workers,1,7.0000,-5.0000,3.0000
468,workers,2,-3.0000,5.0000,3.0000
468,workers,3,7.0000,5.0000,3.0000
469,general,0,0.0000,0.0000,5.0000
469,nodes,0,-2.5221,-2.5356,3.0000
469,nodes,1,4.8375,-2.8243,3.0000
469,nodes,2,-5.6515,4.3387,3.0000
469,nodes,3,7.1768,4.7114,3.0000
469,scouts,0,2.9940,-1.2003,3.0000
469,scouts,1,-1.2045,1.1149,3.0000
469,scouts,2,-5.4079,-1.1984,3.0000
469,scouts,3,-1.1961,-3.5172,3.0000
469,scouts,4,9.3501,-1.1207,3.0000
469,scouts,5,5.0845,1.1910,3.0000
469,scouts,6,2.0307,-1.5802,3.0000
469,scouts,7,4.5026,-3.7708,3.0000
469,scouts,8,-1.6677,3.5164,3.0000
469,scouts,9,-6.3296,6.0681,3.0000
469,scouts,10,-7.6380,5.2069,3.0000
469,scouts,11,-5.9244,1.2401,3.0000
469,scouts,12,9.5000,5.1794,3.0000
469,scouts,13,8.6871,7.0794,3.0000
469,scouts,14,4.0760,4.4935,3.0000
469,scouts,15,8.4342,2.2167,3.0000
469,workers,0,-3.0000,-5.0000,3.0000
469,workers,1,7.0000,-5.0000,3.0000
469,workers,2,-3.0000,5.0000,3.0000
469,workers,3,7.0000,5.0000,3.0000
470,general,0,0.0000,0.0000,5.0000
470,nodes,0,-2.5194,-2.5324,3.0000
470,nodes,1,4.8477,-2.8217,3.0000
470,nodes,2,-5.6445,4.3457,3.0000
470,nodes,3,7.1791,4.7207,3.0000
470,scouts,0,2.9943,-1.2003,3.0000
470,scouts,1,-1.2045,1.1150,3.0000
470,scouts,2,-5.4094,-1.1981,3.0000
470,scouts,3,-1.1971,-3.5155,3.0000
470,scouts,4,9.3734,-1.1185,3.0000
470,scouts,5,5.1069,1.1941,3.0000
470,scouts,6,2.0514,-1.5743,3.0000
470,scouts,7,4.5230,-3.7718,3.0000
470,scouts,8,-1.6516,3.5298,3.0000
470,scouts,9,-6.3144,6.0829,3.0000
470,scouts,10,-7.6274,5.2233,3.0000
470,scouts,11,-5.9093,1.2524,3.0000
470,scouts,12,9.5000,5.1941,3.0000
470,scouts,13,8.6864,7.1007,3.0000
470,scouts,14,4.0746,4.5131,3.0000
470,scouts,15,8.4345,2.2350,3.0000
470,workers,0,-3.0000,-5.0000,3.0000
470,workers,1,7.0000,-5.0000,3.0000
470,workers,2,-3.0000,5.0000,3.0000
470,workers,3,7.0000,5.0000,3.0000
471,general,0,0.0000,0.0000,5.0000
471,nodes,0,-2.5166,-2.5293,3.0000
471,nodes,1,4.8576,-2.8194,3.0000
471,nodes,2,-5.6374,4.3527,3.0000
471,nodes,3,7.1815,4.7298,3.0000
471,scouts,0,2.9943,-1.2002,3.0000
471,scouts,1,-1.2047,1.1153,3.0000
471,scouts,2,-5.4112,-1.1977,3.0000
471,scouts,3,-1.1977,-3.5144,3.0000
471,scouts,4,9.3966,-1.1162,3.0000
471,scouts,5,5.1292,1.1972,3.0000
471,scouts,6,2.0720,-1.5685,3.0000
471,scouts,7,4.5433,-3.7729,3.0000
471,scouts,8,-1.6355,3.5433,3.0000
471,scouts,9,-6.2992,6.0977,3.0000
471,scouts,10,-7.6168,5.2398,3.0000
471,scouts,11,-5.8942,1.2646,3.0000
471,scouts,12,9.5000,5.2089,3.0000
471,scouts,13,8.6857,7.1220,3.0000
471,scouts,14,4.0732,4.5326,3.0000
471,scouts,15,8.4347,2.2532,3.0000
471,workers,0,-3.0000,-5.0000,3.0000
471,workers,1,7.0000,-5.0000,3.0000
471,workers,2,-3.0000,5.0000,3.0000
471,workers,3,7.0000,5.0000,3.0000
472,general,0,0.0000,0.0000,5.0000
472,nodes,0,-2.5142,-2.5264,3.0000
472,nodes,1,4.8688,-2.8175,3.0000
472,nodes,2,-5.6298,4.3605,3.0000
472,nodes,3,7.1839,4.7399,3.0000
472,scouts,0,2.9942,-1.2002,3.0000
472,scouts,1,-1.2051,1.1158,3.0000
472,scouts,2,-5.4108,-1.1978,3.0000
472,scouts,3,-1.1981,-3.5138,3.0000
472,scouts,4,9.4198,-1.1140,3.0000
472,scouts,5,5.1515,1.2003,3.0000
472,scouts,6,2.0926,-1.5626,3.0000
472,scouts,7,4.5637,-3.7739,3.0000
472,scouts,8,-1.6194,3.5568,3.0000
472,scouts,9,-6.2841,6.1126,3.0000
472,scouts,10,-7.6062,5.2562,3.0000
472,scouts,11,-5.8792,1.2768,3.0000
472,scouts,12,9.5000,5.2236,3.0000
472,scouts,13,8.6850,7.1432,3.0000
472,scouts,14,4.0718,4.5522,3.0000
472,scouts,15,8.4350,2.2714,3.0000
472,workers,0,-3.0000,-5.0000,3.0000
472,workers,1,7.0000,-5.0000,3.0000
472,workers,2,-3.0000,5.0000,3.0000
472,workers,3,7.0000,5.0000,3.0000
473,general,0,0.0000,0.0000,5.0000
473,nodes,0,-2.5111,-2.5233,3.0000
473,nodes,1,4.8783,-2.8150,3.0000
473,nodes,2,-5.6230,4.3672,3.0000
473,nodes,3,7.1863,4.7487,3.0000
473,scouts,0,2.9939,-1.2002,3.0000
473,scouts,1,-1.2056,1.1165,3.0000
473,scouts,2,-5.4084,-1.1983,3.0000
473,scouts,3,-1.1982,-3.5137,3.0000
473,scouts,4,9.4429,-1.1118,3.0000
473,scouts,5,5.1737,1.2034,3.0000
473,scouts,6,2.1131,-1.5567,3.0000
473,scouts,7,4.5841,-3.7749,3.0000
473,scouts,8,-1.6034,3.5702,3.0000
473,scouts,9,-6.2689,6.1274,3.0000
473,scouts,10,-7.5956,5.2726,3.0000
473,scouts,11,-5.8641,1.2890,3.0000
473,scouts,12,9.5000,5.2383,3.0000
473,scouts,13,8.6843,7.1645,3.0000
473,scouts,14,4.0704,4.5717,3.0000
473,scouts,15,8.4353,2.2896,3.0000
473,workers,0,-3.0000,-5.0000,3.0000
473,workers,1,7.0000,-5.0000,3.0000
473,workers,2,-3.0000,5.0000,3.0000
473,workers,3,7.0000,5.0000,3.0000
474,general,0,0.0000,0.0000,5.0000
474,nodes,0,-2.5080,-2.5204,3.0000
474,nodes,1,4.8885,-2.8128,3.0000
474,nodes,2,-5.6159,4.3743,3.0000
474,nodes,3,7.1887,4.7578,3.0000
474,scouts,0,2.9934,-1.2002,3.0000
474,scouts,1,-1.2063,1.1174,3.0000
474,scouts,2,-5.4068,-1.1986,3.0000
474,scouts,3,-1.1981,-3.5139,3.0000
474,scouts,4,9.4660,-1.1095,3.0000
474,scouts,5,5.1959,1.2065,3.0000
474,scouts,6,2.1336,-1.5508,3.0000
474,scouts,7,4.6045,-3.7759,3.0000
474,scouts,8,-1.5873,3.5837,3.0000
474,scouts,9,-6.2537,6.1422,3.0000
474,scouts,10,-7.5851,5.2890,3.0000
474,scouts,11,-5.8491,1.3012,3.0000
474,scouts,12,9.5000,5.2529,3.0000
474,scouts,13,8.6837,7.1858,3.0000
474,scouts,14,4.0690,4.5913,3.0000
474,scouts,15,8.4356,2.3078,3.0000
474,workers,0,-3.0000,-5.0000,3.0000
474,workers,1,7.0000,-5.0000,3.0000
474,workers,2,-3.0000,5.0000,3.0000
474,workers,3,7.0000,5.0000,3.0000
475,general,0,0.0000,0.0000,5.0000
475,nodes,0,-2.5051,-2.5174,3.0000
475,nodes,1,4.8984,-2.8104,3.0000
475,nodes,2,-5.6089,4.3813,3.0000
475,nodes,3,7.1911,4.7669,3.0000
475,scouts,0,2.9928,-1.2002,3.0000
475,scouts,1,-1.2071,1.1183,3.0000
475,scouts,2,-5.4061,-1.1987,3.0000
475,scouts,3,-1.1978,-3.5145,3.0000
475,scouts,4,9.4890,-1.1073,3.0000
475,scouts,5,5.2181,1.2096,3.0000
475,scouts,6,2.1540,-1.5449,3.0000
475,scouts,7,4.6249,-3.7769,3.0000
475,scouts,8,-1.5713,3.5971,3.0000
475,scouts,9,-6.2386,6.1570,3.0000
475,scouts,10,-7.5746,5.3055,3.0000
475,scouts,11,-5.8341,1.3135,3.0000
475,scouts,12,9.5000,5.2675,3.0000
475,scouts,13,8.6830,7.2070,3.0000
475,scouts,14,4.0677,4.6108,3.0000
475,scouts,15,8.4359,2.3260,3.0000
475,workers,0,-3.0000,-5.0000,3.0000
475,workers,1,7.0000,-5.0000,3.0000
475,workers,2,-3.0000,5.0000,3.0000
475,workers,3,7.0000,5.0000,3.0000
476,general,0,0.0000,0.0000,5.0000
476,nodes,0,-2.5022,-2.5144,3.0000
476,nodes,1,4.9085,-2.8081,3.0000
476,nodes,2,-5.6019,4.3884,3.0000
476,nodes,3,7.1935,4.7760,3.0000
476,scouts,0,2.9921,-1.2002,3.0000
476,scouts,1,-1.2062,1.1174,3.0000
476,scouts,2,-5.4060,-1.1987,3.0000
476,scouts,3,-1.1973,-3.5154,3.0000
476,scouts,4,9.5000,-1.1050,3.0000
476,scouts,5,5.2402,1.2127,3.0000
476,scouts,6,2.1744,-1.5390,3.0000
476,scouts,7,4.6453,-3.7779,3.0000
476,scouts,8,-1.5554,3.6106,3.0000
476,scouts,9,-6.2234,6.1718,3.0000
476,scouts,10,-7.5640,5.3219,3.0000
476,scouts,11,-5.8191,1.3257,3.0000
476,scouts,12,9.5000,5.2821,3.0000
476,scouts,13,8.6823,7.2283,3.0000
476,scouts,14,4.0664,4.6304,3.0000
476,scouts,15,8.4362,2.3442,3.0000
476,workers,0,-3.0000,-5.0000,3.0000
476,workers,1,7.0000,-5.0000,3.0000
476,workers,2,-3.0000,5.0000,3.0000
476,workers,3,7.0000,5.0000,3.0000
477,general,0,0.0000,0.0000,5.0000
477,nodes,0,-2.4993,-2.5116,3.0000
477,nodes,1,4.9185,-2.8058,3.0000
477,nodes,2,-5.5948,4.3954,3.0000
477,nodes,3,7.1959,4.7851,3.0000
477,scouts,0,2.9913,-1.2002,3.0000
477,scouts,1,-1.2057,1.1168,3.0000
477,scouts,2,-5.4065,-1.1986,3.0000
477,scouts,3,-1.1967,-3.5165,3.0000
477,scouts,4,9.5000,-1.1028,3.0000
477,scouts,5,5.2623,1.2158,3.0000
477,scouts,6,2.1948,-1.5331,3.0000
477,scouts,7,4.6657,-3.7789,3.0000
477,scouts,8,-1.5394,3.6241,3.0000
477,scouts,9,-6.2083,6.1866,3.0000
477,scouts,10,-7.5535,5.3383,3.0000
477,scouts,11,-5.8042,1.3379,3.0000
477,scouts,12,9.5000,5.2967,3.0000
477,scouts,13,8.6816,7.2495,3.0000
477,scouts,14,4.0651,4.6499,3.0000
477,scouts,15,8.4365,2.3624,3.0000
477,workers,0,-3.0000,-5.0000,3.0000
477,workers,1,7.0000,-5.0000,3.0000
477,workers,2,-3.0000,5.0000,3.0000
477,workers,3,7.0000,5.0000,3.0000
478,general,0,0.0000,0.0000,5.0000
478,nodes,0,-2.4963,-2.5087,3.0000
478,nodes,1,4.9284,-2.8034,3.0000
478,nodes,2,-5.5878,4.4025,3.0000
478,nodes,3,7.1983,4.7942,3.0000
478,scouts,0,2.9904,-1.2002,3.0000
478,scouts,1,-1.2054,1.1165,3.0000
478,scouts,2,-5.4075,-1.1983,3.0000
478,scouts,3,-1.1960,-3.5179,3.0000
478,scouts,4,9.5000,-1.1005,3.0000
478,scouts,5,5.2843,1.2189,3.0000
478,scouts,6,2.2151,-1.5272,3.0000
478,scouts,7,4.6861,-3.7799,3.0000
478,scouts,8,-1.5235,3.6375,3.0000
478,scouts,9,-6.1932,6.2014,3.0000
478,scouts,10,-7.5431,5.3548,3.0000
478,scouts,11,-5.7892,1.3501,3.0000
478,scouts,12,9.5000,5.3112,3.0000
478,scouts,13,8.6810,7.2708,3.0000
478,scouts,14,4.0638,4.6695,3.0000
478,scouts,15,8.4368,2.3805,3.0000
478,workers,0,-3.0000,-5.0000,3.0000
478,workers,1,7.0000,-5.0000,3.0000
478,workers,2,-3.0000,5.0000,3.0000
478,workers,3,7.0000,5.0000,3.0000
479,general,0,0.0000,0.0000,5.0000
479,nodes,0,-2.4935,-2.5058,3.0000
479,nodes,1,4.9383,-2.8011,3.0000
479,nodes,2,-5.5808,4.4096,3.0000
479,nodes,3,7.2008,4.8033,3.0000
479,scouts,0,2.9895,-1.2002,3.0000
479,scouts,1,-1.2054,1.1165,3.0000
479,scouts,2,-5.4089,-1.1980,3.0000
479,scouts,3,-1.1952,-3.5195,3.0000
479,scouts,4,9.5000,-1.0983,3.0000
479,scouts,5,5.3063,1.2220,3.0000
479,scouts,6,2.2353,-1.5213,3.0000
479,scouts,7,4.7065,-3.7808,3.0000
479,scouts,8,-1.5077,3.6510,3.0000
479,scouts,9,-6.1781,6.2162,3.0000
479,scouts,10,-7.5326,5.3712,3.0000
479,scouts,11,-5.7743,1.3623,3.0000
479,scouts,12,9.5000,5.3257,3.0000
479,scouts,13,8.6803,7.2920,3.0000
479,scouts,14,4.0625,4.6890,3.0000
479,scouts,15,8.4372,2.3987,3.0000
479,workers,0,-3.0000,-5.0000,3.0000
479,workers,1,7.0000,-5.0000,3.0000
479,workers,2,-3.0000,5.0000,3.0000
479,workers,3,7.0000,5.0000,3.0000
480,general,0,0.0000,0.0000,5.0000
480,nodes,0,-2.4906,-2.5029,3.0000
480,nodes,1,4.9483,-2.7992,3.0000
480,nodes,2,-5.5739,4.4165,3.0000
480,nodes,3,7.2032,4.8125,3.0000
480,scouts,0,2.9911,-1.2001,3.0000
480,scouts,1,-1.2055,1.1168,3.0000
480,scouts,2,-5.4107,-1.1976,3.0000
480,scouts,3,-1.1955,-3.5188,3.0000
480,scouts,4,9.5000,-1.0960,3.0000
480,scouts,5,5.3282,1.2250,3.0000
480,scouts,6,2.2555,-1.5155,3.0000
480,scouts,7,4.7269,-3.7818,3.0000
480,scouts,8,-1.4918,3.6645,3.0000
480,scouts,9,-6.1629,6.2310,3.0000
480,scouts,10,-7.5221,5.3876,3.0000
480,scouts,11,-5.7595,1.3745,3.0000
480,scouts,12,9.5000,5.3402,3.0000
480,scouts,13,8.6796,7.3132,3.0000
480,scouts,14,4.0613,4.7085,3.0000
480,scouts,15,8.4376,2.4168,3.0000
480,workers,0,-3.0000,-5.0000,3.0000
480,workers,1,7.0000,-5.0000,3.0000
480,workers,2,-3.0000,5.0000,3.0000
480,workers,3,7.0000,5.0000,3.0000
481,general,0,0.0000,0.0000,5.0000
481,nodes,0,-2.4878,-2.4997,3.0000
481,nodes,1,4.9582,-2.7967,3.0000
481,nodes,2,-5.5669,4.4235,3.0000
481,nodes,3,7.2056,4.8216,3.0000
481,scouts,0,2.9924,-1.2001,3.0000
481,scouts,1,-1.2058,1.1172,3.0000
481,scouts,2,-5.4103,-1.1977,3.0000
481,scouts,3,-1.1956,-3.5186,3.0000
481,scouts,4,9.5000,-1.0938,3.0000
481,scouts,5,5.3501,1.2281,3.0000
481,scouts,6,2.2757,-1.5096,3.0000
481,scouts,7,4.7473,-3.7828,3.0000
481,scouts,8,-1.4760,3.6780,3.0000
481,scouts,9,-6.1478,6.2457,3.0000
481,scouts,10,-7.5117,5.4041,3.0000
481,scouts,11,-5.7446,1.3867,3.0000
481,scouts,12,9.5000,5.3547,3.0000
481,scouts,13,8.6790,7.3345,3.0000
481,scouts,14,4.0601,4.7281,3.0000
481,scouts,15,8.4379,2.4350,3.0000
481,workers,0,-3.0000,-5.0000,3.0000
481,workers,1,7.0000,-5.0000,3.0000
481,workers,2,-3.0000,5.0000,3.0000
481,workers,3,7.0000,5.0000,3.0000
482,general,0,0.0000,0.0000,5.0000
482,nodes,0,-2.4847,-2.4968,3.0000
482,nodes,1,4.9682,-2.7945,3.0000
482,nodes,2,-5.5599,4.4306,3.0000
482,nodes,3,7.2085,4.8304,3.0000
482,scouts,0,2.9933,-1.2000,3.0000
482,scouts,1,-1.2063,1.1179,3.0000
482,scouts,2,-5.4078,-1.1982,3.0000
482,scouts,3,-1.1954,-3.5188,3.0000
482,scouts,4,9.5000,-1.0915,3.0000
482,scouts,5,5.3720,1.2311,3.0000
482,scouts,6,2.2958,-1.5037,3.0000
482,scouts,7,4.7676,-3.7837,3.0000
482,scouts,8,-1.4602,3.6914,3.0000
482,scouts,9,-6.1327,6.2605,3.0000
482,scouts,10,-7.5013,5.4205,3.0000
482,scouts,11,-5.7298,1.3989,3.0000
482,scouts,12,9.5000,5.3691,3.0000
482,scouts,13,8.6783,7.3557,3.0000
482,scouts,14,4.0589,4.7476,3.0000
482,scouts,15,8.4383,2.4531,3.0000
482,workers,0,-3.0000,-5.0000,3.0000
482,workers,1,7.0000,-5.0000,3.0000
482,workers,2,-3.0000,5.0000,3.0000
482,workers,3,7.0000,5.0000,3.0000
483,general,0,0.0000,0.0000,5.0000
483,nodes,0,-2.4815,-2.4939,3.0000
483,nodes,1,4.9780,-2.7921,3.0000
483,nodes,2,-5.5529,4.4376,3.0000
483,nodes,3,7.2107,4.8395,3.0000
483,scouts,0,2.9938,-1.2000,3.0000
483,scouts,1,-1.2052,1.1166,3.0000
483,scouts,2,-5.4063,-1.1985,3.0000
483,scouts,3,-1.1951,-3.5194,3.0000
483,scouts,4,9.5000,-1.0893,3.0000
483,scouts,5,5.3938,1.2342,3.0000
483,scouts,6,2.3158,-1.4979,3.0000
483,scouts,7,4.7880,-3.7847,3.0000
483,scouts,8,-1.4444,3.7049,3.0000
483,scouts,9,-6.1176,6.2752,3.0000
483,scouts,10,-7.4909,5.4370,3.0000
483,scouts,11,-5.7150,1.4111,3.0000
483,scouts,12,9.5000,5.3835,3.0000
483,scouts,13,8.6776,7.3769,3.0000
483,scouts,14,4.0577,4.7672,3.0000
483,scouts,15,8.4387,2.4712,3.0000
483,workers,0,-3.0000,-5.0000,3.0000
483,workers,1,7.0000,-5.0000,3.0000
483,workers,2,-3.0000,5.0000,3.0000
483,workers,3,7.0000,5.0000,3.0000
484,general,0,0.0000,0.0000,5.0000
484,nodes,0,-2.4783,-2.4911,3.0000
484,nodes,1,4.9880,-2.7898,3.0000
484,nodes,2,-5.5461,4.4446,3.0000
484,nodes,3,7.2133,4.8486,3.0000
484,scouts,0,2.9942,-1.2000,3.0000
484,scouts,1,-1.2045,1.1158,3.0000
484,scouts,2,-5.4055,-1.1987,3.0000
484,scouts,3,-1.1959,-3.5179,3.0000
484,scouts,4,9.5000,-1.0871,3.0000
484,scouts,5,5.4155,1.2372,3.0000
484,scouts,6,2.3359,-1.4920,3.0000
484,scouts,7,4.8084,-3.7856,3.0000
484,scouts,8,-1.4287,3.7184,3.0000
484,scouts,9,-6.1025,6.2900,3.0000
484,scouts,10,-7.4805,5.4534,3.0000
484,scouts,11,-5.7002,1.4233,3.0000
484,scouts,12,9.5000,5.3979,3.0000
484,scouts,13,8.6770,7.3981,3.0000
484,scouts,14,4.0566,4.7867,3.0000
484,scouts,15,8.4391,2.4893,3.0000
484,workers,0,-3.0000,-5.0000,3.0000
484,workers,1,7.0000,-5.0000,3.0000
484,workers,2,-3.0000,5.0000,3.0000
484,workers,3,7.0000,5.0000,3.0000
485,general,0,0.0000,0.0000,5.0000
485,nodes,0,-2.4754,-2.4881,3.0000
485,nodes,1,4.9978,-2.7875,3.0000
485,nodes,2,-5.5391,4.4517,3.0000
485,nodes,3,7.2157,4.8576,3.0000
485,scouts,0,2.9943,-1.2000,3.0000
485,scouts,1,-1.2041,1.1153,3.0000
485,scouts,2,-5.4054,-1.1987,3.0000
485,scouts,3,-1.1963,-3.5169,3.0000
485,scouts,4,9.5000,-1.0849,3.0000
485,scouts,5,5.4372,1.2402,3.0000
485,scouts,6,2.3558,-1.4862,3.0000
485,scouts,7,4.8288,-3.7866,3.0000
485,scouts,8,-1.4130,3.7319,3.0000
485,scouts,9,-6.0874,6.3047,3.0000
485,scouts,10,-7.4701,5.4699,3.0000
485,scouts,11,-5.6854,1.4355,3.0000
485,scouts,12,9.5000,5.4122,3.0000
485,scouts,13,8.6763,7.4193,3.0000
485,scouts,14,4.0554,4.8062,3.0000
485,scouts,15,8.4396,2.5074,3.0000
485,workers,0,-3.0000,-5.0000,3.0000
485,workers,1,7.0000,-5.0000,3.0000
485,workers,2,-3.0000,5.0000,3.0000
485,workers,3,7.0000,5.0000,3.0000
486,general,0,0.0000,0.0000,5.0000
486,nodes,0,-2.4724,-2.4851,3.0000
486,nodes,1,5.0076,-2.7851,3.0000
486,nodes,2,-5.5321,4.4586,3.0000
486,nodes,3,7.2182,4.8667,3.0000
486,scouts,0,2.9942,-1.1999,3.0000
486,scouts,1,-1.2039,1.1151,3.0000
486,scouts,2,-5.4059,-1.1986,3.0000
486,scouts,3,-1.1965,-3.5165,3.0000
486,scouts,4,9.5000,-1.0826,3.0000
486,scouts,5,5.4589,1.2432,3.0000
486,scouts,6,2.3757,-1.4804,3.0000
486,scouts,7,4.8492,-3.7875,3.0000
486,scouts,8,-1.3973,3.7454,3.0000
486,scouts,9,-6.0724,6.3194,3.0000
486,scouts,10,-7.4597,5.4863,3.0000
486,scouts,11,-5.6707,1.4477,3.0000
486,scouts,12,9.5000,5.4265,3.0000
486,scouts,13,8.6757,7.4405,3.0000
486,scouts,14,4.0543,4.8258,3.0000
486,scouts,15,8.4400,2.5255,3.0000
486,workers,0,-3.0000,-5.0000,3.0000
486,workers,1,7.0000,-5.0000,3.0000
486,workers,2,-3.0000,5.0000,3.0000
486,workers,3,7.0000,5.0000,3.0000
487,general,0,0.0000,0.0000,5.0000
487,nodes,0,-2.4695,-2.4821,3.0000
487,nodes,1,5.0175,-2.7827,3.0000
487,nodes,2,-5.5252,4.4657,3.0000
487,nodes,3,7.2207,4.8758,3.0000
487,scouts,0,2.9939,-1.1999,3.0000
487,scouts,1,-1.2039,1.1153,3.0000
487,scouts,2,-5.4068,-1.1983,3.0000
487,scouts,3,-1.1965,-3.5165,3.0000
487,scouts,4,9.5000,-1.0804,3.0000
487,scouts,5,5.4805,1.2462,3.0000
487,scouts,6,2.3956,-1.4746,3.0000
487,scouts,7,4.8695,-3.7884,3.0000
487,scouts,8,-1.3817,3.7589,3.0000
487,scouts,9,-6.0573,6.3341,3.0000
487,scouts,10,-7.4494,5.5028,3.0000
487,scouts,11,-5.6560,1.4599,3.0000
487,scouts,12,9.5000,5.4408,3.0000
487,scouts,13,8.6750,7.4617,3.0000
487,scouts,14,4.0532,4.8453,3.0000
487,scouts,15,8.4405,2.5435,3.0000
487,workers,0,-3.0000,-5.0000,3.0000
487,workers,1,7.0000,-5.0000,3.0000
487,workers,2,-3.0000,5.0000,3.0000
487,workers,3,7.0000,5.0000,3.0000
488,general,0,0.0000,0.0000,5.0000
488,nodes,0,-2.4667,-2.4792,3.0000
488,nodes,1,5.0275,-2.7804,3.0000
488,nodes,2,-5.5183,4.4727,3.0000
488,nodes,3,7.2231,4.8850,3.0000
488,scouts,0,2.9935,-1.1998,3.0000
488,scouts,1,-1.2041,1.1156,3.0000
488,scouts,2,-5.4082,-1.1980,3.0000
488,scouts,3,-1.1963,-3.5168,3.0000
488,scouts,4,9.5000,-1.0783,3.0000
488,scouts,5,5.5020,1.2491,3.0000
488,scouts,6,2.4153,-1.4688,3.0000
488,scouts,7,4.8899,-3.7893,3.0000
488,scouts,8,-1.3661,3.7724,3.0000
488,scouts,9,-6.0422,6.3488,3.0000
488,scouts,10,-7.4391,5.5192,3.0000
488,scouts,11,-5.6413,1.4721,3.0000
488,scouts,12,9.5000,5.4551,3.0000
488,scouts,13,8.6743,7.4829,3.0000
488,scouts,14,4.0522,4.8648,3.0000
488,scouts,15,8.4409,2.5616,3.0000
488,workers,0,-3.0000,-5.0000,3.0000
488,workers,1,7.0000,-5.0000,3.0000
488,workers,2,-3.0000,5.0000,3.0000
488,workers,3,7.0000,5.0000,3.0000
489,general,0,0.0000,0.0000,5.0000
489,nodes,0,-2.4638,-2.4761,3.0000
489,nodes,1,5.0372,-2.7780,3.0000
489,nodes,2,-5.5113,4.4796,3.0000
489,nodes,3,7.2256,4.8939,3.0000
489,scouts,0,2.9929,-1.1998,3.0000
489,scouts,1,-1.2044,1.1162,3.0000
489,scouts,2,-5.4100,-1.1975,3.0000
489,scouts,3,-1.1959,-3.5175,3.0000
489,scouts,4,9.5000,-1.0761,3.0000
489,scouts,5,5.5235,1.2521,3.0000
489,scouts,6,2.4351,-1.4630,3.0000
489,scouts,7,4.9103,-3.7902,3.0000
489,scouts,8,-1.3505,3.7859,3.0000
489,scouts,9,-6.0272,6.3635,3.0000
489,scouts,10,-7.4288,5.5357,3.0000
489,scouts,11,-5.6266,1.4843,3.0000
489,scouts,12,9.5000,5.4693,3.0000
489,scouts,13,8.6737,7.5040,3.0000
489,scouts,14,4.0511,4.8843,3.0000
489,scouts,15,8.4414,2.5797,3.0000
489,workers,0,-3.0000,-5.0000,3.0000
489,workers,1,7.0000,-5.0000,3.0000
489,workers,2,-3.0000,5.0000,3.0000
489,workers,3,7.0000,5.0000,3.0000
490,general,0,0.0000,0.0000,5.0000
490,nodes,0,-2.4611,-2.4732,3.0000
490,nodes,1,5.0471,-2.7758,3.0000
490,nodes,2,-5.5044,4.4866,3.0000
490,nodes,3,7.2284,4.9029,3.0000
490,scouts,0,2.9923,-1.1998,3.0000
490,scouts,1,-1.2049,1.1170,3.0000
490,scouts,2,-5.4095,-1.1977,3.0000
490,scouts,3,-1.1953,-3.5185,3.0000
490,scouts,4,9.5000,-1.0739,3.0000
490,scouts,5,5.5450,1.2550,3.0000
490,scouts,6,2.4548,-1.4573,3.0000
490,scouts,7,4.9306,-3.7912,3.0000
490,scouts,8,-1.3350,3.7994,3.0000
490,scouts,9,-6.0121,6.3782,3.0000
490,scouts,10,-7.4185,5.5521,3.0000
490,scouts,11,-5.6120,1.4965,3.0000
490,scouts,12,9.5000,5.4835,3.0000
490,scouts,13,8.6730,7.5252,3.0000
490,scouts,14,4.0501,4.9039,3.0000
490,scouts,15,8.4419,2.5977,3.0000
490,workers,0,-3.0000,-5.0000,3.0000
490,workers,1,7.0000,-5.0000,3.0000
490,workers,2,-3.0000,5.0000,3.0000
490,workers,3,7.0000,5.0000,3.0000
491,general,0,0.0000,0.0000,5.0000
491,nodes,0,-2.4581,-2.4703,3.0000
491,nodes,1,5.0569,-2.7734,3.0000
491,nodes,2,-5.4976,4.4935,3.0000
491,nodes,3,7.2308,4.9121,3.0000
491,scouts,0,2.9915,-1.1997,3.0000
491,scouts,1,-1.2056,1.1179,3.0000
491,scouts,2,-5.4096,-1.1976,3.0000
491,scouts,3,-1.1946,-3.5197,3.0000
491,scouts,4,9.5000,-1.0718,3.0000
491,scouts,5,5.5664,1.2578,3.0000
491,scouts,6,2.4744,-1.4516,3.0000
491,scouts,7,4.9510,-3.7921,3.0000
491,scouts,8,-1.3194,3.8129,3.0000
491,scouts,9,-5.9971,6.3929,3.0000
491,scouts,10,-7.4082,5.5686,3.0000
491,scouts,11,-5.5974,1.5087,3.0000
491,scouts,12,9.5000,5.4977,3.0000
491,scouts,13,8.6724,7.5464,3.0000
491,scouts,14,4.0491,4.9234,3.0000
491,scouts,15,8.4424,2.6157,3.0000
491,workers,0,-3.0000,-5.0000,3.0000
491,workers,1,7.0000,-5.0000,3.0000
491,workers,2,-3.0000,5.0000,3.0000
491,workers,3,7.0000,5.0000,3.0000
492,general,0,0.0000,0.0000,5.0000
492,nodes,0,-2.4552,-2.4674,3.0000
492,nodes,1,5.0667,-2.7711,3.0000
492,nodes,2,-5.4906,4.5006,3.0000
492,nodes,3,7.2333,4.9212,3.0000
492,scouts,0,2.9907,-1.1996,3.0000
492,scouts,1,-1.2063,1.1190,3.0000
492,scouts,2,-5.4103,-1.1974,3.0000
492,scouts,3,-1.1952,-3.5188,3.0000
492,scouts,4,9.5000,-1.0696,3.0000
492,scouts,5,5.5877,1.2607,3.0000
492,scouts,6,2.4940,-1.4459,3.0000
492,scouts,7,4.9714,-3.7930,3.0000
492,scouts,8,-1.3039,3.8264,3.0000
492,scouts,9,-5.9821,6.4076,3.0000
492,scouts,10,-7.3979,5.5851,3.0000
492,scouts,11,-5.5828,1.5209,3.0000
492,scouts,12,9.5000,5.5118,3.0000
492,scouts,13,8.6717,7.5675,3.0000
492,scouts,14,4.0481,4.9429,3.0000
492,scouts,15,8.4429,2.6338,3.0000
492,workers,0,-3.0000,-5.0000,3.0000
492,workers,1,7.0000,-5.0000,3.0000
492,workers,2,-3.0000,5.0000,3.0000
492,workers,3,7.0000,5.0000,3.0000
493,general,0,0.0000,0.0000,5.0000
493,nodes,0,-2.4526,-2.4641,3.0000
493,nodes,1,5.0766,-2.7688,3.0000
493,nodes,2,-5.4838,4.5075,3.0000
493,nodes,3,7.2358,4.9302,3.0000
493,scouts,0,2.9898,-1.1996,3.0000
493,scouts,1,-1.2056,1.1180,3.0000
493,scouts,2,-5.4089,-1.1978,3.0000
493,scouts,3,-1.1967,-3.5161,3.0000
493,scouts,4,9.5000,-1.0675,3.0000
493,scouts,5,5.6090,1.2635,3.0000
493,scouts,6,2.5135,-1.4402,3.0000
493,scouts,7,4.9917,-3.7938,3.0000
493,scouts,8,-1.2885,3.8399,3.0000
493,scouts,9,-5.9670,6.4223,3.0000
493,scouts,10,-7.3876,5.6016,3.0000
493,scouts,11,-5.5682,1.5331,3.0000
493,scouts,12,9.5000,5.5260,3.0000
493,scouts,13,8.6711,7.5887,3.0000
493,scouts,14,4.0471,4.9624,3.0000
493,scouts,15,8.4434,2.6518,3.0000
493,workers,0,-3.0000,-5.0000,3.0000
493,workers,1,7.0000,-5.0000,3.0000
493,workers,2,-3.0000,5.0000,3.0000
493,workers,3,7.0000,5.0000,3.0000
494,general,0,0.0000,0.0000,5.0000
494,nodes,0,-2.4495,-2.4611,3.0000
494,nodes,1,5.0863,-2.7665,3.0000
494,nodes,2,-5.4769,4.5145,3.0000
494,nodes,3,7.2383,4.9388,3.0000
494,scouts,0,2.9915,-1.1996,3.0000
494,scouts,1,-1.2051,1.1174,3.0000
494,scouts,2,-5.4082,-1.1979,3.0000
494,scouts,3,-1.1978,-3.5140,3.0000
494,scouts,4,9.5000,-1.0654,3.0000
494,scouts,5,5.6302,1.2663,3.0000
494,scouts,6,2.5330,-1.4346,3.0000
494,scouts,7,5.0121,-3.7947,3.0000
494,scouts,8,-1.2730,3.8535,3.0000
494,scouts,9,-5.9520,6.4369,3.0000
494,scouts,10,-7.3774,5.6180,3.0000
494,scouts,11,-5.5536,1.5453,3.0000
494,scouts,12,9.5000,5.5400,3.0000
494,scouts,13,8.6704,7.6098,3.0000
494,scouts,14,4.0462,4.9820,3.0000
494,scouts,15,8.4439,2.6698,3.0000
494,workers,0,-3.0000,-5.0000,3.0000
494,workers,1,7.0000,-5.0000,3.0000
494,workers,2,-3.0000,5.0000,3.0000
494,workers,3,7.0000,5.0000,3.0000
495,general,0,0.0000,0.0000,5.0000
495,nodes,0,-2.4465,-2.4581,3.0000
495,nodes,1,5.0961,-2.7642,3.0000
495,nodes,2,-5.4700,4.5216,3.0000
495,nodes,3,7.2409,4.9480,3.0000
495,scouts,0,2.9928,-1.1996,3.0000
495,scouts,1,-1.2049,1.1172,3.0000
495,scouts,2,-5.4081,-1.1979,3.0000
495,scouts,3,-1.1986,-3.5127,3.0000
495,scouts,4,9.5000,-1.0633,3.0000
495,scouts,5,5.6514,1.2691,3.0000
495,scouts,6,2.5525,-1.4290,3.0000
495,scouts,7,5.0324,-3.7956,3.0000
495,scouts,8,-1.2576,3.8670,3.0000
495,scouts,9,-5.9370,6.4516,3.0000
495,scouts,10,-7.3672,5.6345,3.0000
495,scouts,11,-5.5391,1.5575,3.0000
495,scouts,12,9.5000,5.5541,3.0000
495,scouts,13,8.6698,7.6310,3.0000
495,scouts,14,4.0452,5.0015,3.0000
495,scouts,15,8.4444,2.6878,3.0000
495,workers,0,-3.0000,-5.0000,3.0000
495,workers,1,7.0000,-5.0000,3.0000
495,workers,2,-3.0000,5.0000,3.0000
495,workers,3,7.0000,5.0000,3.0000
496,general,0,0.0000,0.0000,5.0000
496,nodes,0,-2.4435,-2.4550,3.0000
496,nodes,1,5.1058,-2.7619,3.0000
496,nodes,2,-5.4631,4.5286,3.0000
496,nodes,3,7.2434,4.9570,3.0000
496,scouts,0,2.9938,-1.1996,3.0000
496,scouts,1,-1.2049,1.1173,3.0000
496,scouts,2,-5.4086,-1.1978,3.0000
496,scouts,3,-1.1990,-3.5119,3.0000
496,scouts,4,9.5000,-1.0612,3.0000
496,scouts,5,5.6726,1.2719,3.0000
496,scouts,6,2.5718,-1.4234,3.0000
496,scouts,7,5.0528,-3.7965,3.0000
496,scouts,8,-1.2422,3.8805,3.0000
496,scouts,9,-5.9220,6.4663,3.0000
496,scouts,10,-7.3570,5.6510,3.0000
496,scouts,11,-5.5246,1.5697,3.0000
496,scouts,12,9.5000,5.5681,3.0000
496,scouts,13,8.6691,7.6521,3.0000
496,scouts,14,4.0443,5.0210,3.0000
496,scouts,15,8.4450,2.7058,3.0000
496,workers,0,-3.0000,-5.0000,3.0000
496,workers,1,7.0000,-5.0000,3.0000
496,workers,2,-3.0000,5.0000,3.0000
496,workers,3,7.0000,5.0000,3.0000
497,general,0,0.0000,0.0000,5.0000
497,nodes,0,-2.4406,-2.4519,3.0000
497,nodes,1,5.1156,-2.7596,3.0000
497,nodes,2,-5.4563,4.5356,3.0000
497,nodes,3,7.2455,4.9668,3.0000
497,scouts,0,2.9944,-1.1996,3.0000
497,scouts,1,-1.2051,1.1176,3.0000
497,scouts,2,-5.4096,-1.1975,3.0000
497,scouts,3,-1.1992,-3.5115,3.0000
497,scouts,4,9.5000,-1.0592,3.0000
497,scouts,5,5.6937,1.2746,3.0000
497,scouts,6,2.5912,-1.4179,3.0000
497,scouts,7,5.0731,-3.7974,3.0000
497,scouts,8,-1.2269,3.8941,3.0000
497,scouts,9,-5.9070,6.4809,3.0000
497,scouts,10,-7.3468,5.6675,3.0000
497,scouts,11,-5.5101,1.5819,3.0000
497,scouts,12,9.5000,5.5821,3.0000
497,scouts,13,8.6685,7.6733,3.0000
497,scouts,14,4.0434,5.0405,3.0000
497,scouts,15,8.4455,2.7237,3.0000
497,workers,0,-3.0000,-5.0000,3.0000
497,workers,1,7.0000,-5.0000,3.0000
497,workers,2,-3.0000,5.0000,3.0000
497,workers,3,7.0000,5.0000,3.0000
498,general,0,0.0000,0.0000,5.0000
498,nodes,0,-2.4378,-2.4488,3.0000
498,nodes,1,5.1253,-2.7573,3.0000
498,nodes,2,-5.4494,4.5426,3.0000
498,nodes,3,7.2481,4.9756,3.0000
498,scouts,0,2.9948,-1.1996,3.0000
498,scouts,1,-1.2055,1.1182,3.0000
498,scouts,2,-5.4110,-1.1971,3.0000
498,scouts,3,-1.1992,-3.5116,3.0000
498,scouts,4,9.5000,-1.0571,3.0000
498,scouts,5,5.7147,1.2772,3.0000
498,scouts,6,2.6104,-1.4123,3.0000
498,scouts,7,5.0934,-3.7982,3.0000
498,scouts,8,-1.2116,3.9076,3.0000
498,scouts,9,-5.8920,6.4955,3.0000
498,scouts,10,-7.3366,5.6840,3.0000
498,scouts,11,-5.4957,1.5941,3.0000
498,scouts,12,9.5000,5.5961,3.0000
498,scouts,13,8.6678,7.6944,3.0000
498,scouts,14,4.0426,5.0600,3.0000
498,scouts,15,8.4461,2.7417,3.0000
498,workers,0,-3.0000,-5.0000,3.0000
498,workers,1,7.0000,-5.0000,3.0000
498,workers,2,-3.0000,5.0000,3.0000
498,workers,3,7.0000,5.0000,3.0000
499,general,0,0.0000,0.0000,5.0000
499,nodes,0,-2.4349,-2.4458,3.0000
499,nodes,1,5.1351,-2.7549,3.0000
499,nodes,2,-5.4425,4.5498,3.0000
499,nodes,3,7.2505,4.9847,3.0000
499,scouts,0,2.9949,-1.1996,3.0000
499,scouts,1,-1.2059,1.1189,3.0000
499,scouts,2,-5.4103,-1.1973,3.0000
499,scouts,3,-1.1990,-3.5121,3.0000
499,scouts,4,9.5000,-1.0551,3.0000
499,scouts,5,5.7357,1.2799,3.0000
499,scouts,6,2.6296,-1.4069,3.0000
499,scouts,7,5.1138,-3.7991,3.0000
499,scouts,8,-1.1963,3.9212,3.0000
499,scouts,9,-5.8771,6.5102,3.0000
499,scouts,10,-7.3264,5.7005,3.0000
499,scouts,11,-5.4812,1.6063,3.0000
499,scouts,12,9.5000,5.6100,3.0000
499,scouts,13,8.6672,7.7155,3.0000
499,scouts,14,4.0417,5.0796,3.0000
499,scouts,15,8.4467,2.7597,3.0000
499,workers,0,-3.0000,-5.0000,3.0000
499,workers,1,7.0000,-5.0000,3.0000
499,workers,2,-3.0000,5.0000,3.0000
499,workers,3,7.0000,5.0000,3.0000
500,general,0,0.0000,0.0000,5.0000
500,nodes,0,-2.4319,-2.4428,3.0000
500,nodes,1,5.1448,-2.7527,3.0000
500,nodes,2,-5.4356,4.5568,3.0000
500,nodes,3,7.2534,4.9934,3.0000
500,scouts,0,2.9949,-1.1995,3.0000
500,scouts,1,-1.2051,1.1177,3.0000
500,scouts,2,-5.4075,-1.1980,3.0000
500,scouts,3,-1.1986,-3.5128,3.0000
500,scouts,4,9.5000,-1.0531,3.0000
500,scouts,5,5.7566,1.2825,3.0000
500,scouts,6,2.6488,-1.4014,3.0000
500,scouts,7,5.1341,-3.7999,3.0000
500,scouts,8,-1.1810,3.9348,3.0000
500,scouts,9,-5.8621,6.5248,3.0000
500,scouts,10,-7.3162,5.7170,3.0000
500,scouts,11,-5.4668,1.6185,3.0000
500,scouts,12,9.5000,5.6239,3.0000
500,scouts,13,8.6665,7.7366,3.0000
500,scouts,14,4.0409,5.0991,3.0000
500,scouts,15,8.4473,2.7776,3.0000
500,workers,0,-3.0000,-5.0000,3.0000
500,workers,1,7.0000,-5.0000,3.0000
500,workers,2,-3.0000,5.0000,3.0000
500,workers,3,7.0000,5.0000,3.0000
501,general,0,0.0000,0.0000,5.0000
501,nodes,0,-2.4286,-2.4402,3.0000
501,nodes,1,5.1545,-2.7503,3.0000
501,nodes,2,-5.4287,4.5638,3.0000
501,nodes,3,7.2562,5.0024,3.0000
501,scouts,0,2.9947,-1.1994,3.0000
501,scouts,1,-1.2045,1.1169,3.0000
501,scouts,2,-5.4057,-1.1984,3.0000
501,scouts,3,-1.1981,-3.5138,3.0000
501,scouts,4,9.5000,-1.0511,3.0000
501,scouts,5,5.7775,1.2851,3.0000
501,scouts,6,2.6679,-1.3960,3.0000
501,scouts,7,5.1544,-3.8008,3.0000
501,scouts,8,-1.1658,3.9483,3.0000
501,scouts,9,-5.8471,6.5394,3.0000
501,scouts,10,-7.3061,5.7335,3.0000
501,scouts,11,-5.4524,1.6308,3.0000
501,scouts,12,9.5000,5.6378,3.0000
501,scouts,13,8.6659,7.7577,3.0000
501,scouts,14,4.0401,5.1186,3.0000
501,scouts,15,8.4479,2.7956,3.0000
501,workers,0,-3.0000,-5.0000,3.0000
501,workers,1,7.0000,-5.0000,3.0000
501,workers,2,-3.0000,5.0000,3.0000
501,workers,3,7.0000,5.0000,3.0000
502,general,0,0.0000,0.0000,5.0000
502,nodes,0,-2.4255,-2.4373,3.0000
502,nodes,1,5.1642,-2.7482,3.0000
502,nodes,2,-5.4218,4.5708,3.0000
502,nodes,3,7.2591,5.0112,3.0000
502,scouts,0,2.9943,-1.1993,3.0000
502,scouts,1,-1.2041,1.1164,3.0000
502,scouts,2,-5.4047,-1.1987,3.0000
502,scouts,3,-1.1974,-3.5151,3.0000
502,scouts,4,9.5000,-1.0492,3.0000
502,scouts,5,5.7983,1.2876,3.0000
502,scouts,6,2.6870,-1.3907,3.0000
502,scouts,7,5.1747,-3.8016,3.0000
502,scouts,8,-1.1505,3.9619,3.0000
502,scouts,9,-5.8322,6.5540,3.0000
502,scouts,10,-7.2960,5.7500,3.0000
502,scouts,11,-5.4381,1.6430,3.0000
502,scouts,12,9.5000,5.6517,3.0000
502,scouts,13,8.6653,7.7788,3.0000
502,scouts,14,4.0393,5.1381,3.0000
502,scouts,15,8.4485,2.8135,3.0000
502,workers,0,-3.0000,-5.0000,3.0000
502,workers,1,7.0000,-5.0000,3.0000
502,workers,2,-3.0000,5.0000,3.0000
502,workers,3,7.0000,5.0000,3.0000
503,general,0,0.0000,0.0000,5.0000
503,nodes,0,-2.4224,-2.4345,3.0000
503,nodes,1,5.1738,-2.7459,3.0000
503,nodes,2,-5.4149,4.5778,3.0000
503,nodes,3,7.2615,5.0203,3.0000
503,scouts,0,2.9938,-1.1992,3.0000
503,scouts,1,-1.2040,1.1164,3.0000
503,scouts,2,-5.4044,-1.1987,3.0000
503,scouts,3,-1.1966,-3.5166,3.0000
503,scouts,4,9.5000,-1.0473,3.0000
503,scouts,5,5.8191,1.2901,3.0000
503,scouts,6,2.7060,-1.3853,3.0000
503,scouts,7,5.1950,-3.8025,3.0000
503,scouts,8,-1.1354,3.9755,3.0000
503,scouts,9,-5.8172,6.5686,3.0000
503,scouts,10,-7.2858,5.7665,3.0000
503,scouts,11,-5.4237,1.6552,3.0000
503,scouts,12,9.5000,5.6655,3.0000
503,scouts,13,8.6646,7.7999,3.0000
503,scouts,14,4.0385,5.1576,3.0000
503,scouts,15,8.4491,2.8314,3.0000
503,workers,0,-3.0000,-5.0000,3.0000
503,workers,1,7.0000,-5.0000,3.0000
503,workers,2,-3.0000,5.0000,3.0000
503,workers,3,7.0000,5.0000,3.0000
504,general,0,0.0000,0.0000,5.0000
504,nodes,0,-2.4195,-2.4316,3.0000
504,nodes,1,5.1835,-2.7436,3.0000
504,nodes,2,-5.4080,4.5848,3.0000
504,nodes,3,7.2641,5.0293,3.0000
504,scouts,0,2.9932,-1.1991,3.0000
504,scouts,1,-1.2041,1.1166,3.0000
504,scouts,2,-5.4047,-1.1986,3.0000
504,scouts,3,-1.1958,-3.5182,3.0000
504,scouts,4,9.5000,-1.0454,3.0000
504,scouts,5,5.8398,1.2926,3.0000
504,scouts,6,2.7250,-1.3801,3.0000
504,scouts,7,5.2154,-3.8033,3.0000
504,scouts,8,-1.1202,3.9891,3.0000
504,scouts,9,-5.8023,6.5832,3.0000
504,scouts,10,-7.2757,5.7830,3.0000
504,scouts,11,-5.4094,1.6674,3.0000
504,scouts,12,9.5000,5.6793,3.0000
504,scouts,13,8.6640,7.8210,3.0000
504,scouts,14,4.0378,5.1771,3.0000
504,scouts,15,8.4497,2.8493,3.0000
504,workers,0,-3.0000,-5.0000,3.0000
504,workers,1,7.0000,-5.0000,3.0000
504,workers,2,-3.0000,5.0000,3.0000
504,workers,3,7.0000,5.0000,3.0000
505,general,0,0.0000,0.0000,5.0000
505,nodes,0,-2.4165,-2.4287,3.0000
505,nodes,1,5.1932,-2.7413,3.0000
505,nodes,2,-5.4012,4.5919,3.0000
505,nodes,3,7.2667,5.0383,3.0000
505,scouts,0,2.9925,-1.1990,3.0000
505,scouts,1,-1.2043,1.1171,3.0000
505,scouts,2,-5.4055,-1.1984,3.0000
505,scouts,3,-1.1948,-3.5200,3.0000
505,scouts,4,9.5000,-1.0435,3.0000
505,scouts,5,5.8605,1.2950,3.0000
505,scouts,6,2.7439,-1.3748,3.0000
505,scouts,7,5.2357,-3.8041,3.0000
505,scouts,8,-1.1051,4.0026,3.0000
505,scouts,9,-5.7874,6.5978,3.0000
505,scouts,10,-7.2656,5.7996,3.0000
505,scouts,11,-5.3951,1.6796,3.0000
505,scouts,12,9.5000,5.6931,3.0000
505,scouts,13,8.6634,7.8421,3.0000
505,scouts,14,4.0370,5.1966,3.0000
505,scouts,15,8.4504,2.8673,3.0000
505,workers,0,-3.0000,-5.0000,3.0000
505,workers,1,7.0000,-5.0000,3.0000
505,workers,2,-3.0000,5.0000,3.0000
505,workers,3,7.0000,5.0000,3.0000
506,general,0,0.0000,0.0000,5.0000
506,nodes,0,-2.4138,-2.4258,3.0000
506,nodes,1,5.2027,-2.7391,3.0000
506,nodes,2,-5.3944,4.5989,3.0000
506,nodes,3,7.2692,5.0473,3.0000
506,scouts,0,2.9917,-1.1989,3.0000
506,scouts,1,-1.2047,1.1178,3.0000
506,scouts,2,-5.4067,-1.1980,3.0000
506,scouts,3,-1.1950,-3.5196,3.0000
506,scouts,4,9.5000,-1.0417,3.0000
506,scouts,5,5.8812,1.2973,3.0000
506,scouts,6,2.7628,-1.3696,3.0000
506,scouts,7,5.2560,-3.8049,3.0000
506,scouts,8,-1.0900,4.0162,3.0000
506,scouts,9,-5.7725,6.6124,3.0000
506,scouts,10,-7.2555,5.8161,3.0000
506,scouts,11,-5.3808,1.6919,3.0000
506,scouts,12,9.5000,5.7068,3.0000
506,scouts,13,8.6627,7.8632,3.0000
506,scouts,14,4.0363,5.2162,3.0000
506,scouts,15,8.4510,2.8851,3.0000
506,workers,0,-3.0000,-5.0000,3.0000
506,workers,1,7.0000,-5.0000,3.0000
506,workers,2,-3.0000,5.0000,3.0000
506,workers,3,7.0000,5.0000,3.0000
507,general,0,0.0000,0.0000,5.0000
507,nodes,0,-2.4110,-2.4227,3.0000
507,nodes,1,5.2124,-2.7368,3.0000
507,nodes,2,-5.3876,4.6060,3.0000
507,nodes,3,7.2718,5.0564,3.0000
507,scouts,0,2.9909,-1.1988,3.0000
507,scouts,1,-1.2052,1.1187,3.0000
507,scouts,2,-5.4083,-1.1975,3.0000
507,scouts,3,-1.1962,-3.5172,3.0000
507,scouts,4,9.5000,-1.0398,3.0000
507,scouts,5,5.9018,1.2997,3.0000
507,scouts,6,2.7816,-1.3645,3.0000
507,scouts,7,5.2763,-3.8057,3.0000
507,scouts,8,-1.0749,4.0298,3.0000
507,scouts,9,-5.7575,6.6270,3.0000
507,scouts,10,-7.2455,5.8326,3.0000
507,scouts,11,-5.3666,1.7041,3.0000
507,scouts,12,9.5000,5.7205,3.0000
507,scouts,13,8.6621,7.8843,3.0000
507,scouts,14,4.0356,5.2357,3.0000
507,scouts,15,8.4517,2.9030,3.0000
507,workers,0,-3.0000,-5.0000,3.0000
507,workers,1,7.0000,-5.0000,3.0000
507,workers,2,-3.0000,5.0000,3.0000
507,workers,3,7.0000,5.0000,3.0000
508,general,0,0.0000,0.0000,5.0000
508,nodes,0,-2.4084,-2.4194,3.0000
508,nodes,1,5.2220,-2.7345,3.0000
508,nodes,2,-5.3807,4.6130,3.0000
508,nodes,3,7.2743,5.0655,3.0000
508,scouts,0,2.9900,-1.1986,3.0000
508,scouts,1,-1.2044,1.1175,3.0000
508,scouts,2,-5.4102,-1.1969,3.0000
508,scouts,3,-1.1970,-3.5156,3.0000
508,scouts,4,9.5000,-1.0381,3.0000
508,scouts,5,5.9223,1.3020,3.0000
508,scouts,6,2.8004,-1.3594,3.0000
508,scouts,7,5.2966,-3.8065,3.0000
508,scouts,8,-1.0599,4.0435,3.0000
508,scouts,9,-5.7426,6.6416,3.0000
508,scouts,10,-7.2354,5.8492,3.0000
508,scouts,11,-5.3523,1.7163,3.0000
508,scouts,12,9.5000,5.7342,3.0000
508,scouts,13,8.6615,7.9054,3.0000
508,scouts,14,4.0350,5.2552,3.0000
508,scouts,15,8.4524,2.9209,3.0000
508,workers,0,-3.0000,-5.0000,3.0000
508,workers,1,7.0000,-5.0000,3.0000
508,workers,2,-3.0000,5.0000,3.0000
508,workers,3,7.0000,5.0000,3.0000
509,general,0,0.0000,0.0000,5.0000
509,nodes,0,-2.4056,-2.4164,3.0000
509,nodes,1,5.2316,-2.7323,3.0000
509,nodes,2,-5.3739,4.6201,3.0000
509,nodes,3,7.2769,5.0744,3.0000
509,scouts,0,2.9917,-1.1988,3.0000
509,scouts,1,-1.2039,1.1167,3.0000
509,scouts,2,-5.4099,-1.1971,3.0000
509,scouts,3,-1.1976,-3.5145,3.0000
509,scouts,4,9.5000,-1.0363,3.0000
509,scouts,5,5.9428,1.3042,3.0000
509,scouts,6,2.8191,-1.3543,3.0000
509,scouts,7,5.3169,-3.8073,3.0000
509,scouts,8,-1.0449,4.0571,3.0000
509,scouts,9,-5.7277,6.6562,3.0000
509,scouts,10,-7.2254,5.8657,3.0000
509,scouts,11,-5.3381,1.7286,3.0000
509,scouts,12,9.5000,5.7478,3.0000
509,scouts,13,8.6609,7.9265,3.0000
509,scouts,14,4.0343,5.2747,3.0000
509,scouts,15,8.4531,2.9388,3.0000
509,workers,0,-3.0000,-5.0000,3.0000
509,workers,1,7.0000,-5.0000,3.0000
509,workers,2,-3.0000,5.0000,3.0000
509,workers,3,7.0000,5.0000,3.0000
510,general,0,0.0000,0.0000,5.0000
510,nodes,0,-2.4023,-2.4134,3.0000
510,nodes,1,5.2415,-2.7299,3.0000
510,nodes,2,-5.3671,4.6271,3.0000
510,nodes,3,7.2795,5.0839,3.0000
510,scouts,0,2.9930,-1.1990,3.0000
510,scouts,1,-1.2037,1.1164,3.0000
510,scouts,2,-5.4076,-1.1977,3.0000
510,scouts,3,-1.1978,-3.5139,3.0000
510,scouts,4,9.5000,-1.0346,3.0000
510,scouts,5,5.9632,1.3064,3.0000
510,scouts,6,2.8378,-1.3493,3.0000
510,scouts,7,5.3371,-3.8081,3.0000
510,scouts,8,-1.0299,4.0707,3.0000
510,scouts,9,-5.7129,6.6707,3.0000
510,scouts,10,-7.2153,5.8822,3.0000
510,scouts,11,-5.3239,1.7408,3.0000
510,scouts,12,9.5000,5.7614,3.0000
510,scouts,13,8.6602,7.9475,3.0000
510,scouts,14,4.0337,5.2942,3.0000
510,scouts,15,8.4537,2.9567,3.0000
510,workers,0,-3.0000,-5.0000,3.0000
510,workers,1,7.0000,-5.0000,3.0000
510,workers,2,-3.0000,5.0000,3.0000
510,workers,3,7.0000,5.0000,3.0000
511,general,0,0.0000,0.0000,5.0000
511,nodes,0,-2.3992,-2.4105,3.0000
511,nodes,1,5.2506,-2.7280,3.0000
511,nodes,2,-5.3603,4.6342,3.0000
511,nodes,3,7.2817,5.0929,3.0000
511,scouts,0,2.9939,-1.1991,3.0000
511,scouts,1,-1.2036,1.1164,3.0000
511,scouts,2,-5.4061,-1.1982,3.0000
511,scouts,3,-1.1978,-3.5138,3.0000
511,scouts,4,9.5000,-1.0329,3.0000
511,scouts,5,5.9836,1.3086,3.0000
511,scouts,6,2.8564,-1.3444,3.0000
511,scouts,7,5.3574,-3.8089,3.0000
511,scouts,8,-1.0149,4.0843,3.0000
511,scouts,9,-5.6980,6.6853,3.0000
511,scouts,10,-7.2053,5.8988,3.0000
511,scouts,11,-5.3098,1.7531,3.0000
511,scouts,12,9.5000,5.7750,3.0000
511,scouts,13,8.6596,7.9686,3.0000
511,scouts,14,4.0331,5.3137,3.0000
511,scouts,15,8.4544,2.9745,3.0000
511,workers,0,-3.0000,-5.0000,3.0000
511,workers,1,7.0000,-5.0000,3.0000
511,workers,2,-3.0000,5.0000,3.0000
511,workers,3,7.0000,5.0000,3.0000
512,general,0,0.0000,0.0000,5.0000
512,nodes,0,-2.3961,-2.4075,3.0000
512,nodes,1,5.2604,-2.7256,3.0000
512,nodes,2,-5.3536,4.6416,3.0000
512,nodes,3,7.2848,5.1012,3.0000
512,scouts,0,2.9946,-1.1992,3.0000
512,scouts,1,-1.2037,1.1167,3.0000
512,scouts,2,-5.4054,-1.1984,3.0000
512,scouts,3,-1.1976,-3.5141,3.0000
512,scouts,4,9.5000,-1.0312,3.0000
512,scouts,5,6.0040,1.3107,3.0000
512,scouts,6,2.8750,-1.3395,3.0000
512,scouts,7,5.3777,-3.8097,3.0000
512,scouts,8,-1.0000,4.0980,3.0000
512,scouts,9,-5.6831,6.6999,3.0000
512,scouts,10,-7.1953,5.9153,3.0000
512,scouts,11,-5.2956,1.7653,3.0000
512,scouts,12,9.5000,5.7886,3.0000
512,scouts,13,8.6590,7.9896,3.0000
512,scouts,14,4.0325,5.3332,3.0000
512,scouts,15,8.4552,2.9924,3.0000
512,workers,0,-3.0000,-5.0000,3.0000
512,workers,1,7.0000,-5.0000,3.0000
512,workers,2,-3.0000,5.0000,3.0000
512,workers,3,7.0000,5.0000,3.0000
513,general,0,0.0000,0.0000,5.0000
513,nodes,0,-2.3931,-2.4046,3.0000
513,nodes,1,5.2698,-2.7234,3.0000
513,nodes,2,-5.3467,4.6485,3.0000
513,nodes,3,7.2876,5.1103,3.0000
513,scouts,0,2.9950,-1.1992,3.0000
513,scouts,1,-1.2040,1.1172,3.0000
513,scouts,2,-5.4054,-1.1984,3.0000
513,scouts,3,-1.1973,-3.5147,3.0000
513,scouts,4,9.5000,-1.0295,3.0000
513,scouts,5,6.0243,1.3127,3.0000
513,scouts,6,2.8935,-1.3346,3.0000
513,scouts,7,5.3980,-3.8104,3.0000
513,scouts,8,-0.9851,4.1116,3.0000
513,scouts,9,-5.6683,6.7144,3.0000
513,scouts,10,-7.1853,5.9319,3.0000
513,scouts,11,-5.2815,1.7776,3.0000
513,scouts,12,9.5000,5.8021,3.0000
513,scouts,13,8.6584,8.0107,3.0000
513,scouts,14,4.0319,5.3527,3.0000
513,scouts,15,8.4559,3.0102,3.0000
513,workers,0,-3.0000,-5.0000,3.0000
513,workers,1,7.0000,-5.0000,3.0000
513,workers,2,-3.0000,5.0000,3.0000
513,workers,3,7.0000,5.0000,3.0000
514,general,0,0.0000,0.0000,5.0000
514,nodes,0,-2.3901,-2.4016,3.0000
514,nodes,1,5.2793,-2.7212,3.0000
514,nodes,2,-5.3400,4.6555,3.0000
514,nodes,3,7.2902,5.1187,3.0000
514,scouts,0,2.9952,-1.1992,3.0000
514,scouts,1,-1.2044,1.1180,3.0000
514,scouts,2,-5.4058,-1.1983,3.0000
514,scouts,3,-1.1968,-3.5156,3.0000
514,scouts,4,9.5000,-1.0279,3.0000
514,scouts,5,6.0445,1.3147,3.0000
514,scouts,6,2.9120,-1.3298,3.0000
514,scouts,7,5.4183,-3.8112,3.0000
514,scouts,8,-0.9702,4.1253,3.0000
514,scouts,9,-5.6534,6.7290,3.0000
514,scouts,10,-7.1753,5.9485,3.0000
514,scouts,11,-5.2674,1.7898,3.0000
514,scouts,12,9.5000,5.8156,3.0000
514,scouts,13,8.6578,8.0317,3.0000
514,scouts,14,4.0314,5.3722,3.0000
514,scouts,15,8.4566,3.0280,3.0000
514,workers,0,-3.0000,-5.0000,3.0000
514,workers,1,7.0000,-5.0000,3.0000
514,workers,2,-3.0000,5.0000,3.0000
514,workers,3,7.0000,5.0000,3.0000
515,general,0,0.0000,0.0000,5.0000
515,nodes,0,-2.3871,-2.3987,3.0000
515,nodes,1,5.2889,-2.7189,3.0000
515,nodes,2,-5.3331,4.6625,3.0000
515,nodes,3,7.2934,5.1276,3.0000
515,scouts,0,2.9952,-1.1991,3.0000
515,scouts,1,-1.2049,1.1190,3.0000
515,scouts,2,-5.4068,-1.1980,3.0000
515,scouts,3,-1.1961,-3.5167,3.0000
515,scouts,4,9.5000,-1.0264,3.0000
515,scouts,5,6.0647,1.3167,3.0000
515,scouts,6,2.9305,-1.3251,3.0000
515,scouts,7,5.4385,-3.8119,3.0000
515,scouts,8,-0.9554,4.1389,3.0000
515,scouts,9,-5.6386,6.7435,3.0000
515,scouts,10,-7.1653,5.9650,3.0000
515,scouts,11,-5.2533,1.8021,3.0000
515,scouts,12,9.5000,5.8291,3.0000
515,scouts,13,8.6572,8.0528,3.0000
515,scouts,14,4.0309,5.3917,3.0000
515,scouts,15,8.4574,3.0459,3.0000
515,workers,0,-3.0000,-5.0000,3.0000
515,workers,1,7.0000,-5.0000,3.0000
515,workers,2,-3.0000,5.0000,3.0000
515,workers,3,7.0000,5.0000,3.0000
516,general,0,0.0000,0.0000,5.0000
516,nodes,0,-2.3843,-2.3958,3.0000
516,nodes,1,5.2984,-2.7168,3.0000
516,nodes,2,-5.3264,4.6695,3.0000
516,nodes,3,7.2957,5.1361,3.0000
516,scouts,0,2.9950,-1.1991,3.0000
516,scouts,1,-1.2042,1.1178,3.0000
516,scouts,2,-5.4081,-1.1976,3.0000
516,scouts,3,-1.1954,-3.5181,3.0000
516,scouts,4,9.5000,-1.0248,3.0000
516,scouts,5,6.0849,1.3186,3.0000
516,scouts,6,2.9489,-1.3204,3.0000
516,scouts,7,5.4588,-3.8127,3.0000
516,scouts,8,-0.9405,4.1526,3.0000
516,scouts,9,-5.6237,6.7581,3.0000
516,scouts,10,-7.1553,5.9816,3.0000
516,scouts,11,-5.2393,1.8143,3.0000
516,scouts,12,9.5000,5.8425,3.0000
516,scouts,13,8.6565,8.0738,3.0000
516,scouts,14,4.0304,5.4112,3.0000
516,scouts,15,8.4581,3.0637,3.0000
516,workers,0,-3.0000,-5.0000,3.0000
516,workers,1,7.0000,-5.0000,3.0000
516,workers,2,-3.0000,5.0000,3.0000
516,workers,3,7.0000,5.0000,3.0000
517,general,0,0.0000,0.0000,5.0000
517,nodes,0,-2.3813,-2.3930,3.0000
517,nodes,1,5.3079,-2.7146,3.0000
517,nodes,2,-5.3196,4.6766,3.0000
517,nodes,3,7.2989,5.1450,3.0000
517,scouts,0,2.9947,-1.1990,3.0000
517,scouts,1,-1.2038,1.1171,3.0000
517,scouts,2,-5.4099,-1.1971,3.0000
517,scouts,3,-1.1945,-3.5197,3.0000
517,scouts,4,9.5000,-1.0233,3.0000
517,scouts,5,6.1050,1.3204,3.0000
517,scouts,6,2.9672,-1.3158,3.0000
517,scouts,7,5.4790,-3.8134,3.0000
517,scouts,8,-0.9257,4.1663,3.0000
517,scouts,9,-5.6089,6.7726,3.0000
517,scouts,10,-7.1454,5.9982,3.0000
517,scouts,11,-5.2252,1.8266,3.0000
517,scouts,12,9.5000,5.8559,3.0000
517,scouts,13,8.6559,8.0949,3.0000
517,scouts,14,4.0299,5.4308,3.0000
517,scouts,15,8.4589,3.0815,3.0000
517,workers,0,-3.0000,-5.0000,3.0000
517,workers,1,7.0000,-5.0000,3.0000
517,workers,2,-3.0000,5.0000,3.0000
517,workers,3,7.0000,5.0000,3.0000
518,general,0,0.0000,0.0000,5.0000
518,nodes,0,-2.3785,-2.3901,3.0000
518,nodes,1,5.3174,-2.7125,3.0000
518,nodes,2,-5.3128,4.6836,3.0000
518,nodes,3,7.3013,5.1541,3.0000
518,scouts,0,2.9942,-1.1988,3.0000
518,scouts,1,-1.2036,1.1168,3.0000
518,scouts,2,-5.4093,-1.1972,3.0000
518,scouts,3,-1.1949,-3.5191,3.0000
518,scouts,4,9.5000,-1.0218,3.0000
518,scouts,5,6.1251,1.3223,3.0000
518,scouts,6,2.9855,-1.3112,3.0000
518,scouts,7,5.4993,-3.8142,3.0000
518,scouts,8,-0.9110,4.1800,3.0000
518,scouts,9,-5.5941,6.7871,3.0000
518,scouts,10,-7.1354,6.0147,3.0000
518,scouts,11,-5.2112,1.8389,3.0000
518,scouts,12,9.5000,5.8693,3.0000
518,scouts,13,8.6553,8.1159,3.0000
518,scouts,14,4.0294,5.4503,3.0000
518,scouts,15,8.4596,3.0993,3.0000
518,workers,0,-3.0000,-5.0000,3.0000
518,workers,1,7.0000,-5.0000,3.0000
518,workers,2,-3.0000,5.0000,3.0000
518,workers,3,7.0000,5.0000,3.0000
519,general,0,0.0000,0.0000,5.0000
519,nodes,0,-2.3755,-2.3871,3.0000
519,nodes,1,5.3269,-2.7102,3.0000
519,nodes,2,-5.3061,4.6907,3.0000
519,nodes,3,7.3045,5.1628,3.0000
519,scouts,0,2.9937,-1.1987,3.0000
519,scouts,1,-1.2036,1.1169,3.0000
519,scouts,2,-5.4094,-1.1972,3.0000
519,scouts,3,-1.1963,-3.5166,3.0000
519,scouts,4,9.5000,-1.0204,3.0000
519,scouts,5,6.1452,1.3240,3.0000
519,scouts,6,3.0038,-1.3067,3.0000
519,scouts,7,5.5195,-3.8149,3.0000
519,scouts,8,-0.8962,4.1937,3.0000
519,scouts,9,-5.5793,6.8016,3.0000
519,scouts,10,-7.1255,6.0313,3.0000
519,scouts,11,-5.1972,1.8512,3.0000
519,scouts,12,9.5000,5.8826,3.0000
519,scouts,13,8.6547,8.1369,3.0000
519,scouts,14,4.0290,5.4698,3.0000
519,scouts,15,8.4604,3.1171,3.0000
519,workers,0,-3.0000,-5.0000,3.0000
519,workers,1,7.0000,-5.0000,3.0000
519,workers,2,-3.0000,5.0000,3.0000
519,workers,3,7.0000,5.0000,3.0000
520,general,0,0.0000,0.0000,5.0000
520,nodes,0,-2.3728,-2.3839,3.0000
520,nodes,1,5.3364,-2.7080,3.0000
520,nodes,2,-5.2993,4.6977,3.0000
520,nodes,3,7.3063,5.1722,3.0000
520,scouts,0,2.9930,-1.1985,3.0000
520,scouts,1,-1.2037,1.1172,3.0000
520,scouts,2,-5.4100,-1.1970,3.0000
520,scouts,3,-1.1973,-3.5149,3.0000
520,scouts,4,9.5000,-1.0190,3.0000
520,scouts,5,6.1652,1.3257,3.0000
520,scouts,6,3.0221,-1.3022,3.0000
520,scouts,7,5.5398,-3.8156,3.0000
520,scouts,8,-0.8815,4.2074,3.0000
520,scouts,9,-5.5645,6.8162,3.0000
520,scouts,10,-7.1156,6.0479,3.0000
520,scouts,11,-5.1833,1.8635,3.0000
520,scouts,12,9.5000,5.8959,3.0000
520,scouts,13,8.6541,8.1579,3.0000
520,scouts,14,4.0285,5.4893,3.0000
520,scouts,15,8.4612,3.1348,3.0000
520,workers,0,-3.0000,-5.0000,3.0000
520,workers,1,7.0000,-5.0000,3.0000
520,workers,2,-3.0000,5.0000,3.0000
520,workers,3,7.0000,5.0000,3.0000
521,general,0,0.0000,0.0000,5.0000
521,nodes,0,-2.3700,-2.3807,3.0000
521,nodes,1,5.3458,-2.7059,3.0000
521,nodes,2,-5.2926,4.7048,3.0000
521,nodes,3,7.3093,5.1811,3.0000
521,scouts,0,2.9923,-1.1984,3.0000
521,scouts,1,-1.2040,1.1179,3.0000
521,scouts,2,-5.4085,-1.1974,3.0000
521,scouts,3,-1.1980,-3.5137,3.0000
521,scouts,4,9.5000,-1.0176,3.0000
521,scouts,5,6.1851,1.3274,3.0000
521,scouts,6,3.0402,-1.2978,3.0000
521,scouts,7,5.5600,-3.8163,3.0000
521,scouts,8,-0.8668,4.2211,3.0000
521,scouts,9,-5.5497,6.8307,3.0000
521,scouts,10,-7.1056,6.0645,3.0000
521,scouts,11,-5.1693,1.8758,3.0000
521,scouts,12,9.5000,5.9092,3.0000
521,scouts,13,8.6535,8.1790,3.0000
521,scouts,14,4.0281,5.5088,3.0000
521,scouts,15,8.4620,3.1526,3.0000
521,workers,0,-3.0000,-5.0000,3.0000
521,workers,1,7.0000,-5.0000,3.0000
521,workers,2,-3.0000,5.0000,3.0000
521,workers,3,7.0000,5.0000,3.0000
522,general,0,0.0000,0.0000,5.0000
522,nodes,0,-2.3669,-2.3777,3.0000
522,nodes,1,5.3554,-2.7038,3.0000
522,nodes,2,-5.2858,4.7118,3.0000
522,nodes,3,7.3123,5.1899,3.0000
522,scouts,0,2.9916,-1.1982,3.0000
522,scouts,1,-1.2044,1.1187,3.0000
522,scouts,2,-5.4077,-1.1976,3.0000
522,scouts,3,-1.1984,-3.5131,3.0000
522,scouts,4,9.5000,-1.0163,3.0000
522,scouts,5,6.2050,1.3290,3.0000
522,scouts,6,3.0584,-1.2935,3.0000
522,scouts,7,5.5803,-3.8170,3.0000
522,scouts,8,-0.8522,4.2348,3.0000
522,scouts,9,-5.5349,6.8452,3.0000
522,scouts,10,-7.0957,6.0811,3.0000
522,scouts,11,-5.1554,1.8880,3.0000
522,scouts,12,9.5000,5.9225,3.0000
522,scouts,13,8.6529,8.2000,3.0000
522,scouts,14,4.0278,5.5283,3.0000
522,scouts,15,8.4628,3.1704,3.0000
522,workers,0,-3.0000,-5.0000,3.0000
522,workers,1,7.0000,-5.0000,3.0000
522,workers,2,-3.0000,5.0000,3.0000
522,workers,3,7.0000,5.0000,3.0000
523,general,0,0.0000,0.0000,5.0000
523,nodes,0,-2.3641,-2.3746,3.0000
523,nodes,1,5.3648,-2.7016,3.0000
523,nodes,2,-5.2791,4.7184,3.0000
523,nodes,3,7.3147,5.1989,3.0000
523,scouts,0,2.9907,-1.1980,3.0000
523,scouts,1,-1.2049,1.1198,3.0000
523,scouts,2,-5.4076,-1.1976,3.0000
523,scouts,3,-1.1986,-3.5129,3.0000
523,scouts,4,9.5000,-1.0150,3.0000
523,scouts,5,6.2249,1.3305,3.0000
523,scouts,6,3.0765,-1.2892,3.0000
523,scouts,7,5.6005,-3.8177,3.0000
523,scouts,8,-0.8375,4.2485,3.0000
523,scouts,9,-5.5202,6.8597,3.0000
523,scouts,10,-7.0858,6.0977,3.0000
523,scouts,11,-5.1415,1.9004,3.0000
523,scouts,12,9.5000,5.9357,3.0000
523,scouts,13,8.6523,8.2210,3.0000
523,scouts,14,4.0274,5.5478,3.0000
523,scouts,15,8.4636,3.1881,3.0000
523,workers,0,-3.0000,-5.0000,3.0000
523,workers,1,7.0000,-5.0000,3.0000
523,workers,2,-3.0000,5.0000,3.0000
523,workers,3,7.0000,5.0000,3.0000
524,general,0,0.0000,0.0000,5.0000
524,nodes,0,-2.3612,-2.3715,3.0000
524,nodes,1,5.3742,-2.6996,3.0000
524,nodes,2,-5.2724,4.7260,3.0000
524,nodes,3,7.3174,5.2072,3.0000
524,scouts,0,2.9898,-1.1978,3.0000
524,scouts,1,-1.2043,1.1187,3.0000
524,scouts,2,-5.4080,-1.1974,3.0000
524,scouts,3,-1.1985,-3.5131,3.0000
524,scouts,4,9.5000,-1.0137,3.0000
524,scouts,5,6.2447,1.3320,3.0000
524,scouts,6,3.0946,-1.2850,3.0000
524,scouts,7,5.6207,-3.8184,3.0000
524,scouts,8,-0.8229,4.2623,3.0000
524,scouts,9,-5.5054,6.8742,3.0000
524,scouts,10,-7.0759,6.1143,3.0000
524,scouts,11,-5.1276,1.9127,3.0000
524,scouts,12,9.5000,5.9489,3.0000
524,scouts,13,8.6517,8.2420,3.0000
524,scouts,14,4.0271,5.5673,3.0000
524,scouts,15,8.4644,3.2059,3.0000
524,workers,0,-3.0000,-5.0000,3.0000
524,workers,1,7.0000,-5.0000,3.0000
524,workers,2,-3.0000,5.0000,3.0000
524,workers,3,7.0000,5.0000,3.0000
525,general,0,0.0000,0.0000,5.0000
525,nodes,0,-2.3583,-2.3687,3.0000
525,nodes,1,5.3837,-2.6975,3.0000
525,nodes,2,-5.2657,4.7332,3.0000
525,nodes,3,7.3195,5.2167,3.0000
525,scouts,0,2.9915,-1.1981,3.0000
525,scouts,1,-1.2039,1.1180,3.0000
525,scouts,2,-5.4089,-1.1971,3.0000
525,scouts,3,-1.1982,-3.5137,3.0000
525,scouts,4,9.5000,-1.0125,3.0000
525,scouts,5,6.2645,1.3334,3.0000
525,scouts,6,3.1126,-1.2809,3.0000
525,scouts,7,5.6409,-3.8190,3.0000
525,scouts,8,-0.8084,4.2760,3.0000
525,scouts,9,-5.4907,6.8887,3.0000
525,scouts,10,-7.0661,6.1309,3.0000
525,scouts,11,-5.1137,1.9250,3.0000
525,scouts,12,9.5000,5.9621,3.0000
525,scouts,13,8.6512,8.2630,3.0000
525,scouts,14,4.0267,5.5868,3.0000
525,scouts,15,8.4653,3.2236,3.0000
525,workers,0,-3.0000,-5.0000,3.0000
525,workers,1,7.0000,-5.0000,3.0000
525,workers,2,-3.0000,5.0000,3.0000
525,workers,3,7.0000,5.0000,3.0000
526,general,0,0.0000,0.0000,5.0000
526,nodes,0,-2.3552,-2.3658,3.0000
526,nodes,1,5.3932,-2.6953,3.0000
526,nodes,2,-5.2589,4.7397,3.0000
526,nodes,3,7.3230,5.2251,3.0000
526,scouts,0,2.9928,-1.1984,3.0000
526,scouts,1,-1.2038,1.1178,3.0000
526,scouts,2,-5.4102,-1.1966,3.0000
526,scouts,3,-1.1978,-3.5146,3.0000
526,scouts,4,9.5000,-1.0113,3.0000
526,scouts,5,6.2843,1.3348,3.0000
526,scouts,6,3.1306,-1.2768,3.0000
526,scouts,7,5.6611,-3.8197,3.0000
526,scouts,8,-0.7938,4.2897,3.0000
526,scouts,9,-5.4759,6.9032,3.0000
526,scouts,10,-7.0562,6.1475,3.0000
526,scouts,11,-5.0999,1.9373,3.0000
526,scouts,12,9.5000,5.9752,3.0000
526,scouts,13,8.6506,8.2840,3.0000
526,scouts,14,4.0264,5.6063,3.0000
526,scouts,15,8.4661,3.2414,3.0000
526,workers,0,-3.0000,-5.0000,3.0000
526,workers,1,7.0000,-5.0000,3.0000
526,workers,2,-3.0000,5.0000,3.0000
526,workers,3,7.0000,5.0000,3.0000
527,general,0,0.0000,0.0000,5.0000
527,nodes,0,-2.3523,-2.3630,3.0000
527,nodes,1,5.4026,-2.6932,3.0000
527,nodes,2,-5.2523,4.7473,3.0000
527,nodes,3,7.3259,5.2340,3.0000
527,scouts,0,2.9938,-1.1985,3.0000
527,scouts,1,-1.2038,1.1179,3.0000
527,scouts,2,-5.4093,-1.1969,3.0000
527,scouts,3,-1.1972,-3.5157,3.0000
527,scouts,4,9.5000,-1.0101,3.0000
527,scouts,5,6.3040,1.3361,3.0000
527,scouts,6,3.1485,-1.2728,3.0000
527,scouts,7,5.6814,-3.8204,3.0000
527,scouts,8,-0.7793,4.3035,3.0000
527,scouts,9,-5.4612,6.9177,3.0000
527,scouts,10,-7.0463,6.1641,3.0000
527,scouts,11,-5.0861,1.9496,3.0000
527,scouts,12,9.5000,5.9883,3.0000
527,scouts,13,8.6500,8.3050,3.0000
527,scouts,14,4.0262,5.6258,3.0000
527,scouts,15,8.4670,3.2591,3.0000
527,workers,0,-3.0000,-5.0000,3.0000
527,workers,1,7.0000,-5.0000,3.0000
527,workers,2,-3.0000,5.0000,3.0000
527,workers,3,7.0000,5.0000,3.0000
528,general,0,0.0000,0.0000,5.0000
528,nodes,0,-2.3491,-2.3602,3.0000
528,nodes,1,5.4120,-2.6912,3.0000
528,nodes,2,-5.2455,4.7541,3.0000
528,nodes,3,7.3280,5.2433,3.0000
528,scouts,0,2.9944,-1.1986,3.0000
528,scouts,1,-1.2039,1.1183,3.0000
528,scouts,2,-5.4091,-1.1970,3.0000
528,scouts,3,-1.1965,-3.5170,3.0000
528,scouts,4,9.5000,-1.0090,3.0000
528,scouts,5,6.3237,1.3374,3.0000
528,scouts,6,3.1665,-1.2688,3.0000
528,scouts,7,5.7016,-3.8210,3.0000
528,scouts,8,-0.7648,4.3173,3.0000
528,scouts,9,-5.4465,6.9321,3.0000
528,scouts,10,-7.0365,6.1808,3.0000
528,scouts,11,-5.0723,1.9620,3.0000
528,scouts,12,9.5000,6.0014,3.0000
528,scouts,13,8.6494,8.3260,3.0000
528,scouts,14,4.0259,5.6453,3.0000
528,scouts,15,8.4678,3.2768,3.0000
528,workers,0,-3.0000,-5.0000,3.0000
528,workers,1,7.0000,-5.0000,3.0000
528,workers,2,-3.0000,5.0000,3.0000
528,workers,3,7.0000,5.0000,3.0000
529,general,0,0.0000,0.0000,5.0000
529,nodes,0,-2.3461,-2.3573,3.0000
529,nodes,1,5.4213,-2.6891,3.0000
529,nodes,2,-5.2388,4.7612,3.0000
529,nodes,3,7.3304,5.2523,3.0000
529,scouts,0,2.9949,-1.1987,3.0000
529,scouts,1,-1.2042,1.1190,3.0000
529,scouts,2,-5.4094,-1.1968,3.0000
529,scouts,3,-1.1957,-3.5186,3.0000
529,scouts,4,9.5000,-1.0079,3.0000
529,scouts,5,6.3433,1.3386,3.0000
529,scouts,6,3.1843,-1.2650,3.0000
529,scouts,7,5.7218,-3.8216,3.0000
529,scouts,8,-0.7503,4.3311,3.0000
529,scouts,9,-5.4318,6.9466,3.0000
529,scouts,10,-7.0266,6.1974,3.0000
529,scouts,11,-5.0585,1.9743,3.0000
529,scouts,12,9.5000,6.0144,3.0000
529,scouts,13,8.6488,8.3470,3.0000
529,scouts,14,4.0257,5.6648,3.0000
529,scouts,15,8.4687,3.2945,3.0000
529,workers,0,-3.0000,-5.0000,3.0000
529,workers,1,7.0000,-5.0000,3.0000
529,workers,2,-3.0000,5.0000,3.0000
529,workers,3,7.0000,5.0000,3.0000
530,general,0,0.0000,0.0000,5.0000
530,nodes,0,-2.3431,-2.3544,3.0000
530,nodes,1,5.4307,-2.6871,3.0000
530,nodes,2,-5.2322,4.7681,3.0000
530,nodes,3,7.3332,5.2613,3.0000
530,scouts,0,2.9951,-1.1987,3.0000
530,scouts,1,-1.2046,1.1199,3.0000
530,scouts,2,-5.4102,-1.1965,3.0000
530,scouts,3,-1.1948,-3.5203,3.0000
530,scouts,4,9.5000,-1.0069,3.0000
530,scouts,5,6.3629,1.3397,3.0000
530,scouts,6,3.2022,-1.2611,3.0000
530,scouts,7,5.7420,-3.8223,3.0000
530,scouts,8,-0.7358,4.3448,3.0000
530,scouts,9,-5.4171,6.9611,3.0000
530,scouts,10,-7.0168,6.2140,3.0000
530,scouts,11,-5.0447,1.9866,3.0000
530,scouts,12,9.5000,6.0274,3.0000
530,scouts,13,8.6483,8.3679,3.0000
530,scouts,14,4.0254,5.6843,3.0000
530,scouts,15,8.4696,3.3122,3.0000
530,workers,0,-3.0000,-5.0000,3.0000
530,workers,1,7.0000,-5.0000,3.0000
530,workers,2,-3.0000,5.0000,3.0000
530,workers,3,7.0000,5.0000,3.0000
531,general,0,0.0000,0.0000,5.0000
531,nodes,0,-2.3402,-2.3514,3.0000
531,nodes,1,5.4400,-2.6851,3.0000
531,nodes,2,-5.2254,4.7748,3.0000
531,nodes,3,7.3358,5.2702,3.0000
531,scouts,0,2.9951,-1.1986,3.0000
531,scouts,1,-1.2040,1.1186,3.0000
531,scouts,2,-5.4089,-1.1970,3.0000
531,scouts,3,-1.1950,-3.5198,3.0000
531,scouts,4,9.5000,-1.0059,3.0000
531,scouts,5,6.3825,1.3408,3.0000
531,scouts,6,3.2200,-1.2574,3.0000
531,scouts,7,5.7622,-3.8229,3.0000
531,scouts,8,-0.7214,4.3586,3.0000
531,scouts,9,-5.4024,6.9756,3.0000
531,scouts,10,-7.0069,6.2306,3.0000
531,scouts,11,-5.0310,1.9990,3.0000
531,scouts,12,9.5000,6.0404,3.0000
531,scouts,13,8.6477,8.3889,3.0000
531,scouts,14,4.0252,5.7038,3.0000
531,scouts,15,8.4705,3.3299,3.0000
531,workers,0,-3.0000,-5.0000,3.0000
531,workers,1,7.0000,-5.0000,3.0000
531,workers,2,-3.0000,5.0000,3.0000
531,workers,3,7.0000,5.0000,3.0000
532,general,0,0.0000,0.0000,5.0000
532,nodes,0,-2.3370,-2.3486,3.0000
532,nodes,1,5.4494,-2.6830,3.0000
532,nodes,2,-5.2188,4.7824,3.0000
532,nodes,3,7.3385,5.2792,3.0000
532,scouts,0,2.9950,-1.1986,3.0000
532,scouts,1,-1.2036,1.1179,3.0000
532,scouts,2,-5.4083,-1.1972,3.0000
532,scouts,3,-1.1962,-3.5173,3.0000
532,scouts,4,9.5000,-1.0049,3.0000
532,scouts,5,6.4020,1.3419,3.0000
532,scouts,6,3.2378,-1.2537,3.0000
532,scouts,7,5.7823,-3.8235,3.0000
532,scouts,8,-0.7070,4.3724,3.0000
532,scouts,9,-5.3877,6.9900,3.0000
532,scouts,10,-6.9971,6.2473,3.0000
532,scouts,11,-5.0173,2.0113,3.0000
532,scouts,12,9.5000,6.0533,3.0000
532,scouts,13,8.6471,8.4099,3.0000
532,scouts,14,4.0251,5.7233,3.0000
532,scouts,15,8.4714,3.3476,3.0000
532,workers,0,-3.0000,-5.0000,3.0000
532,workers,1,7.0000,-5.0000,3.0000
532,workers,2,-3.0000,5.0000,3.0000
532,workers,3,7.0000,5.0000,3.0000
533,general,0,0.0000,0.0000,5.0000
533,nodes,0,-2.3342,-2.3454,3.0000
533,nodes,1,5.4587,-2.6810,3.0000
533,nodes,2,-5.2120,4.7892,3.0000
533,nodes,3,7.3413,5.2882,3.0000
533,scouts,0,2.9947,-1.1984,3.0000
533,scouts,1,-1.2034,1.1175,3.0000
533,scouts,2,-5.4082,-1.1972,3.0000
533,scouts,3,-1.1970,-3.5156,3.0000
533,scouts,4,9.5000,-1.0040,3.0000
533,scouts,5,6.4215,1.3428,3.0000
533,scouts,6,3.2555,-1.2501,3.0000
533,scouts,7,5.8025,-3.8241,3.0000
533,scouts,8,-0.6927,4.3862,3.0000
533,scouts,9,-5.3730,7.0045,3.0000
533,scouts,10,-6.9873,6.2639,3.0000
533,scouts,11,-5.0036,2.0237,3.0000
533,scouts,12,9.5000,6.0662,3.0000
533,scouts,13,8.6466,8.4309,3.0000
533,scouts,14,4.0249,5.7428,3.0000
533,scouts,15,8.4723,3.3653,3.0000
533,workers,0,-3.0000,-5.0000,3.0000
533,workers,1,7.0000,-5.0000,3.0000
533,workers,2,-3.0000,5.0000,3.0000
533,workers,3,7.0000,5.0000,3.0000
534,general,0,0.0000,0.0000,5.0000
534,nodes,0,-2.3313,-2.3424,3.0000
534,nodes,1,5.4681,-2.6790,3.0000
534,nodes,2,-5.2053,4.7959,3.0000
534,nodes,3,7.3434,5.2973,3.0000
534,scouts,0,2.9943,-1.1983,3.0000
534,scouts,1,-1.2033,1.1176,3.0000
534,scouts,2,-5.4088,-1.1970,3.0000
534,scouts,3,-1.1976,-3.5144,3.0000
534,scouts,4,9.5000,-1.0031,3.0000
534,scouts,5,6.4410,1.3438,3.0000
534,scouts,6,3.2732,-1.2465,3.0000
534,scouts,7,5.8227,-3.8247,3.0000
534,scouts,8,-0.6783,4.4001,3.0000
534,scouts,9,-5.3584,7.0189,3.0000
534,scouts,10,-6.9775,6.2806,3.0000
534,scouts,11,-4.9899,2.0361,3.0000
534,scouts,12,9.5000,6.0791,3.0000
534,scouts,13,8.6460,8.4518,3.0000
534,scouts,14,4.0248,5.7623,3.0000
534,scouts,15,8.4732,3.3830,3.0000
534,workers,0,-3.0000,-5.0000,3.0000
534,workers,1,7.0000,-5.0000,3.0000
534,workers,2,-3.0000,5.0000,3.0000
534,workers,3,7.0000,5.0000,3.0000
535,general,0,0.0000,0.0000,5.0000
535,nodes,0,-2.3286,-2.3393,3.0000
535,nodes,1,5.4775,-2.6769,3.0000
535,nodes,2,-5.1987,4.8034,3.0000
535,nodes,3,7.3463,5.3062,3.0000
535,scouts,0,2.9938,-1.1981,3.0000
535,scouts,1,-1.2034,1.1180,3.0000
535,scouts,2,-5.4097,-1.1966,3.0000
535,scouts,3,-1.1978,-3.5138,3.0000
535,scouts,4,9.5000,-1.0022,3.0000
535,scouts,5,6.4604,1.3446,3.0000
535,scouts,6,3.2909,-1.2431,3.0000
535,scouts,7,5.8429,-3.8252,3.0000
535,scouts,8,-0.6640,4.4139,3.0000
535,scouts,9,-5.3437,7.0334,3.0000
535,scouts,10,-6.9677,6.2972,3.0000
535,scouts,11,-4.9762,2.0485,3.0000
535,scouts,12,9.5000,6.0920,3.0000
535,scouts,13,8.6454,8.4728,3.0000
535,scouts,14,4.0247,5.7818,3.0000
535,scouts,15,8.4741,3.4006,3.0000
535,workers,0,-3.0000,-5.0000,3.0000
535,workers,1,7.0000,-5.0000,3.0000
535,workers,2,-3.0000,5.0000,3.0000
535,workers,3,7.0000,5.0000,3.0000
536,general,0,0.0000,0.0000,5.0000
536,nodes,0,-2.3258,-2.3362,3.0000
536,nodes,1,5.4868,-2.6749,3.0000
536,nodes,2,-5.1921,4.8103,3.0000
536,nodes,3,7.3490,5.3151,3.0000
536,scouts,0,2.9933,-1.1979,3.0000
536,scouts,1,-1.2037,1.1186,3.0000
536,scouts,2,-5.4086,-1.1970,3.0000
536,scouts,3,-1.1978,-3.5136,3.0000
536,scouts,4,9.5000,-1.0014,3.0000
536,scouts,5,6.4798,1.3454,3.0000
536,scouts,6,3.3085,-1.2396,3.0000
536,scouts,7,5.8630,-3.8258,3.0000
536,scouts,8,-0.6497,4.4277,3.0000
536,scouts,9,-5.3291,7.0478,3.0000
536,scouts,10,-6.9579,6.3139,3.0000
536,scouts,11,-4.9626,2.0608,3.0000
536,scouts,12,9.5000,6.1048,3.0000
536,scouts,13,8.6449,8.4938,3.0000
536,scouts,14,4.0246,5.8013,3.0000
536,scouts,15,8.4750,3.4183,3.0000
536,workers,0,-3.0000,-5.0000,3.0000
536,workers,1,7.0000,-5.0000,3.0000
536,workers,2,-3.0000,5.0000,3.0000
536,workers,3,7.0000,5.0000,3.0000
537,general,0,0.0000,0.0000,5.0000
537,nodes,0,-2.3228,-2.3333,3.0000
537,nodes,1,5.4961,-2.6729,3.0000
537,nodes,2,-5.1854,4.8174,3.0000
537,nodes,3,7.3518,5.3240,3.0000
537,scouts,0,2.9926,-1.1977,3.0000
537,scouts,1,-1.2040,1.1196,3.0000
537,scouts,2,-5.4081,-1.1972,3.0000
537,scouts,3,-1.1976,-3.5138,3.0000
537,scouts,4,9.5000,-1.0006,3.0000
537,scouts,5,6.4992,1.3462,3.0000
537,scouts,6,3.3261,-1.2363,3.0000
537,scouts,7,5.8832,-3.8264,3.0000
537,scouts,8,-0.6354,4.4416,3.0000
537,scouts,9,-5.3144,7.0623,3.0000
537,scouts,10,-6.9481,6.3305,3.0000
537,scouts,11,-4.9490,2.0732,3.0000
537,scouts,12,9.5000,6.1176,3.0000
537,scouts,13,8.6443,8.5147,3.0000
537,scouts,14,4.0245,5.8208,3.0000
537,scouts,15,8.4760,3.4359,3.0000
537,workers,0,-3.0000,-5.0000,3.0000
537,workers,1,7.0000,-5.0000,3.0000
537,workers,2,-3.0000,5.0000,3.0000
537,workers,3,7.0000,5.0000,3.0000
538,general,0,0.0000,0.0000,5.0000
538,nodes,0,-2.3198,-2.3302,3.0000
538,nodes,1,5.5055,-2.6708,3.0000
538,nodes,2,-5.1788,4.8248,3.0000
538,nodes,3,7.3544,5.3329,3.0000
538,scouts,0,2.9919,-1.1974,3.0000
538,scouts,1,-1.2034,1.1183,3.0000
538,scouts,2,-5.4081,-1.1971,3.0000
538,scouts,3,-1.1972,-3.5144,3.0000
538,scouts,4,9.5000,-0.9999,3.0000
538,scouts,5,6.5185,1.3469,3.0000
538,scouts,6,3.3437,-1.2330,3.0000
538,scouts,7,5.9034,-3.8269,3.0000
538,scouts,8,-0.6212,4.4554,3.0000
538,scouts,9,-5.2998,7.0767,3.0000
538,scouts,10,-6.9383,6.3472,3.0000
538,scouts,11,-4.9354,2.0856,3.0000
538,scouts,12,9.5000,6.1303,3.0000
538,scouts,13,8.6438,8.5357,3.0000
538,scouts,14,4.0244,5.8403,3.0000
538,scouts,15,8.4769,3.4536,3.0000
538,workers,0,-3.0000,-5.0000,3.0000
538,workers,1,7.0000,-5.0000,3.0000
538,workers,2,-3.0000,5.0000,3.0000
538,workers,3,7.0000,5.0000,3.0000
539,general,0,0.0000,0.0000,5.0000
539,nodes,0,-2.3168,-2.3275,3.0000
539,nodes,1,5.5148,-2.6688,3.0000
539,nodes,2,-5.1720,4.8314,3.0000
539,nodes,3,7.3576,5.3415,3.0000
539,scouts,0,2.9912,-1.1971,3.0000
539,scouts,1,-1.2031,1.1175,3.0000
539,scouts,2,-5.4087,-1.1969,3.0000
539,scouts,3,-1.1967,-3.5153,3.0000
539,scouts,4,9.5000,-0.9992,3.0000
539,scouts,5,6.5379,1.3475,3.0000
539,scouts,6,3.3612,-1.2298,3.0000
539,scouts,7,5.9235,-3.8274,3.0000
539,scouts,8,-0.6069,4.4693,3.0000
539,scouts,9,-5.2852,7.0912,3.0000
539,scouts,10,-6.9286,6.3639,3.0000
539,scouts,11,-4.9218,2.0980,3.0000
539,scouts,12,9.5000,6.1430,3.0000
539,scouts,13,8.6432,8.5566,3.0000
539,scouts,14,4.0244,5.8597,3.0000
539,scouts,15,8.4779,3.4712,3.0000
539,workers,0,-3.0000,-5.0000,3.0000
539,workers,1,7.0000,-5.0000,3.0000
539,workers,2,-3.0000,5.0000,3.0000
539,workers,3,7.0000,5.0000,3.0000
540,general,0,0.0000,0.0000,5.0000
540,nodes,0,-2.3140,-2.3246,3.0000
540,nodes,1,5.5242,-2.6668,3.0000
540,nodes,2,-5.1654,4.8386,3.0000
540,nodes,3,7.3601,5.3506,3.0000
540,scouts,0,2.9903,-1.1968,3.0000
540,scouts,1,-1.2029,1.1171,3.0000
540,scouts,2,-5.4098,-1.1965,3.0000
540,scouts,3,-1.1961,-3.5164,3.0000
540,scouts,4,9.5000,-0.9985,3.0000
540,scouts,5,6.5571,1.3481,3.0000
540,scouts,6,3.3787,-1.2267,3.0000
540,scouts,7,5.9437,-3.8280,3.0000
540,scouts,8,-0.5927,4.4832,3.0000
540,scouts,9,-5.2706,7.1056,3.0000
540,scouts,10,-6.9188,6.3805,3.0000
540,scouts,11,-4.9082,2.1104,3.0000
540,scouts,12,9.5000,6.1557,3.0000
540,scouts,13,8.6427,8.5776,3.0000
540,scouts,14,4.0244,5.8792,3.0000
540,scouts,15,8.4788,3.4888,3.0000
540,workers,0,-3.0000,-5.0000,3.0000
540,workers,1,7.0000,-5.0000,3.0000
540,workers,2,-3.0000,5.0000,3.0000
540,workers,3,7.0000,5.0000,3.0000
541,general,0,0.0000,0.0000,5.0000
541,nodes,0,-2.3111,-2.3217,3.0000
541,nodes,1,5.5335,-2.6648,3.0000
541,nodes,2,-5.1587,4.8456,3.0000
541,nodes,3,7.3630,5.3593,3.0000
541,scouts,0,2.9920,-1.1974,3.0000
541,scouts,1,-1.2028,1.1172,3.0000
541,scouts,2,-5.4087,-1.1969,3.0000
541,scouts,3,-1.1953,-3.5177,3.0000
541,scouts,4,9.5000,-0.9978,3.0000
541,scouts,5,6.5764,1.3486,3.0000
541,scouts,6,3.3962,-1.2236,3.0000
541,scouts,7,5.9638,-3.8285,3.0000
541,scouts,8,-0.5786,4.4971,3.0000
541,scouts,9,-5.2560,7.1200,3.0000
541,scouts,10,-6.9090,6.3972,3.0000
541,scouts,11,-4.8947,2.1229,3.0000
541,scouts,12,9.5000,6.1684,3.0000
541,scouts,13,8.6422,8.5985,3.0000
541,scouts,14,4.0244,5.8987,3.0000
541,scouts,15,8.4798,3.5065,3.0000
541,workers,0,-3.0000,-5.0000,3.0000
541,workers,1,7.0000,-5.0000,3.0000
541,workers,2,-2.9900,5.0211,3.0000
541,workers,3,7.0000,5.0000,3.0000
542,general,0,0.0000,0.0000,5.0000
542,nodes,0,-2.3078,-2.3190,3.0000
542,nodes,1,5.5428,-2.6630,3.0000
542,nodes,2,-5.1520,4.8524,3.0000
542,nodes,3,7.3657,5.3683,3.0000
542,scouts,0,2.9933,-1.1978,3.0000
542,scouts,1,-1.2030,1.1176,3.0000
542,scouts,2,-5.4082,-1.1970,3.0000
542,scouts,3,-1.1944,-3.5193,3.0000
542,scouts,4,9.5000,-0.9973,3.0000
542,scouts,5,6.5956,1.3490,3.0000
542,scouts,6,3.4137,-1.2207,3.0000
542,scouts,7,5.9839,-3.8290,3.0000
542,scouts,8,-0.5644,4.5110,3.0000
542,scouts,9,-5.2414,7.1345,3.0000
542,scouts,10,-6.8993,6.4139,3.0000
542,scouts,11,-4.8812,2.1353,3.0000
542,scouts,12,9.5000,6.1810,3.0000
542,scouts,13,8.6416,8.6195,3.0000
542,scouts,14,4.0244,5.9182,3.0000
542,scouts,15,8.4808,3.5241,3.0000
542,workers,0,-3.0000,-5.0000,3.0000
542,workers,1,7.0000,-5.0000,3.0000
542,workers,2,-2.9770,5.0485,3.0000
542,workers,3,7.0000,5.0000,3.0000
543,general,0,0.0000,0.0000,5.0000
543,nodes,0,-2.3048,-2.3161,3.0000
543,nodes,1,5.5521,-2.6609,3.0000
543,nodes,2,-5.1453,4.8592,3.0000
543,nodes,3,7.3684,5.3771,3.0000
543,scouts,0,2.9943,-1.1981,3.0000
543,scouts,1,-1.2032,1.1183,3.0000
543,scouts,2,-5.4083,-1.1970,3.0000
543,scouts,3,-1.1948,-3.5187,3.0000
543,scouts,4,9.5000,-0.9967,3.0000
543,scouts,5,6.6148,1.3494,3.0000
543,scouts,6,3.4311,-1.2177,3.0000
543,scouts,7,6.0041,-3.8295,3.0000
543,scouts,8,-0.5503,4.5249,3.0000
543,scouts,9,-5.2268,7.1489,3.0000
543,scouts,10,-6.8895,6.4306,3.0000
543,scouts,11,-4.8676,2.1477,3.0000
543,scouts,12,9.5000,6.1936,3.0000
543,scouts,13,8.6411,8.6404,3.0000
543,scouts,14,4.0245,5.9377,3.0000
543,scouts,15,8.4818,3.5417,3.0000
543,workers,0,-3.0000,-5.0000,3.0000
543,workers,1,7.0000,-5.0000,3.0000
543,workers,2,-2.9631,5.0778,3.0000
543,workers,3,7.0000,5.0000,3.0000
544,general,0,0.0000,0.0000,5.0000
544,nodes,0,-2.3018,-2.3130,3.0000
544,nodes,1,5.5614,-2.6590,3.0000
544,nodes,2,-5.1386,4.8659,3.0000
544,nodes,3,7.3712,5.3861,3.0000
544,scouts,0,2.9950,-1.1983,3.0000
544,scouts,1,-1.2035,1.1192,3.0000
544,scouts,2,-5.4089,-1.1967,3.0000
544,scouts,3,-1.1963,-3.5163,3.0000
544,scouts,4,9.5000,-0.9962,3.0000
544,scouts,5,6.6340,1.3498,3.0000
544,scouts,6,3.4485,-1.2149,3.0000
544,scouts,7,6.0242,-3.8300,3.0000
544,scouts,8,-0.5362,4.5388,3.0000
544,scouts,9,-5.2122,7.1633,3.0000
544,scouts,10,-6.8798,6.4473,3.0000
544,scouts,11,-4.8542,2.1602,3.0000
544,scouts,12,9.5000,6.2062,3.0000
544,scouts,13,8.6406,8.6613,3.0000
544,scouts,14,4.0246,5.9572,3.0000
544,scouts,15,8.4828,3.5593,3.0000
544,workers,0,-3.0000,-5.0000,3.0000
544,workers,1,7.0000,-5.0000,3.0000
544,workers,2,-2.9490,5.1077,3.0000
544,workers,3,7.0000,5.0000,3.0000
545,general,0,0.0000,0.0000,5.0000
545,nodes,0,-2.2991,-2.3098,3.0000
545,nodes,1,5.5706,-2.6570,3.0000
545,nodes,2,-5.1320,4.8735,3.0000
545,nodes,3,7.3740,5.3949,3.0000
545,scouts,0,2.9955,-1.1984,3.0000
545,scouts,1,-1.2039,1.1204,3.0000
545,scouts,2,-5.4100,-1.1963,3.0000
545,scouts,3,-1.1974,-3.5146,3.0000
545,scouts,4,9.5000,-0.9957,3.0000
545,scouts,5,6.6531,1.3501,3.0000
545,scouts,6,3.4659,-1.2121,3.0000
545,scouts,7,6.0443,-3.8304,3.0000
545,scouts,8,-0.5221,4.5527,3.0000
545,scouts,9,-5.1977,7.1778,3.0000
545,scouts,10,-6.8701,6.4640,3.0000
545,scouts,11,-4.8407,2.1726,3.0000
545,scouts,12,9.5000,6.2187,3.0000
545,scouts,13,8.6401,8.6823,3.0000
545,scouts,14,4.0247,5.9767,3.0000
545,scouts,15,8.4838,3.5769,3.0000
545,workers,0,-3.0000,-5.0000,3.0000
545,workers,1,7.0000,-5.0000,3.0000
545,workers,2,-2.9348,5.1377,3.0000
545,workers,3,7.0000,5.0000,3.0000
546,general,0,0.0000,0.0000,5.0000
546,nodes,0,-2.2963,-2.3066,3.0000
546,nodes,1,5.5799,-2.6551,3.0000
546,nodes,2,-5.1254,4.8803,3.0000
546,nodes,3,7.3767,5.4038,3.0000
546,scouts,0,2.9958,-1.1984,3.0000
546,scouts,1,-1.2035,1.1193,3.0000
546,scouts,2,-5.4089,-1.1967,3.0000
546,scouts,3,-1.1982,-3.5135,3.0000
546,scouts,4,9.5000,-0.9952,3.0000
546,scouts,5,6.6722,1.3503,3.0000
546,scouts,6,3.4832,-1.2094,3.0000
546,scouts,7,6.0645,-3.8309,3.0000
546,scouts,8,-0.5081,4.5667,3.0000
546,scouts,9,-5.1831,7.1922,3.0000
546,scouts,10,-6.8603,6.4807,3.0000
546,scouts,11,-4.8272,2.1851,3.0000
546,scouts,12,9.5000,6.2312,3.0000
546,scouts,13,8.6396,8.7032,3.0000
546,scouts,14,4.0248,5.9962,3.0000
546,scouts,15,8.4848,3.5945,3.0000
546,workers,0,-3.0000,-5.0000,3.0000
546,workers,1,7.0000,-5.0000,3.0000
546,workers,2,-2.9205,5.1678,3.0000
546,workers,3,7.0000,5.0000,3.0000
547,general,0,0.0000,0.0000,5.0000
547,nodes,0,-2.2932,-2.3039,3.0000
547,nodes,1,5.5891,-2.6531,3.0000
547,nodes,2,-5.1187,4.8875,3.0000
547,nodes,3,7.3795,5.4126,3.0000
547,scouts,0,2.9959,-1.1984,3.0000
547,scouts,1,-1.2032,1.1187,3.0000
547,scouts,2,-5.4084,-1.1969,3.0000
547,scouts,3,-1.1987,-3.5129,3.0000
547,scouts,4,9.5000,-0.9948,3.0000
547,scouts,5,6.6913,1.3505,3.0000
547,scouts,6,3.5005,-1.2068,3.0000
547,scouts,7,6.0846,-3.8313,3.0000
547,scouts,8,-0.4940,4.5806,3.0000
547,scouts,9,-5.1686,7.2066,3.0000
547,scouts,10,-6.8506,6.4974,3.0000
547,scouts,11,-4.8138,2.1975,3.0000
547,scouts,12,9.5000,6.2437,3.0000
547,scouts,13,8.6391,8.7241,3.0000
547,scouts,14,4.0249,6.0157,3.0000
547,scouts,15,8.4858,3.6121,3.0000
547,workers,0,-3.0000,-5.0000,3.0000
547,workers,1,7.0000,-5.0000,3.0000
547,workers,2,-2.9062,5.1980,3.0000
547,workers,3,7.0000,5.0000,3.0000
548,general,0,0.0000,0.0000,5.0000
548,nodes,0,-2.2904,-2.3008,3.0000
548,nodes,1,5.5984,-2.6512,3.0000
548,nodes,2,-5.1120,4.8945,3.0000
548,nodes,3,7.3823,5.4215,3.0000
548,scouts,0,2.9958,-1.1983,3.0000
548,scouts,1,-1.2031,1.1185,3.0000
548,scouts,2,-5.4085,-1.1968,3.0000
548,scouts,3,-1.1989,-3.5127,3.0000
548,scouts,4,9.5000,-0.9945,3.0000
548,scouts,5,6.7104,1.3506,3.0000
548,scouts,6,3.5178,-1.2042,3.0000
548,scouts,7,6.1047,-3.8318,3.0000
548,scouts,8,-0.4800,4.5946,3.0000
548,scouts,9,-5.1541,7.2210,3.0000
548,scouts,10,-6.8409,6.5141,3.0000
548,scouts,11,-4.8004,2.2100,3.0000
548,scouts,12,9.5000,6.2561,3.0000
548,scouts,13,8.6386,8.7450,3.0000
548,scouts,14,4.0251,6.0352,3.0000
548,scouts,15,8.4868,3.6296,3.0000
548,workers,0,-3.0000,-5.0000,3.0000
548,workers,1,7.0000,-5.0000,3.0000
548,workers,2,-2.8920,5.2281,3.0000
548,workers,3,7.0000,5.0000,3.0000
549,general,0,0.0000,0.0000,5.0000
549,nodes,0,-2.2874,-2.2978,3.0000
549,nodes,1,5.6076,-2.6493,3.0000
549,nodes,2,-5.1054,4.9016,3.0000
549,nodes,3,7.3851,5.4304,3.0000
549,scouts,0,2.9956,-1.1982,3.0000
549,scouts,1,-1.2032,1.1187,3.0000
549,scouts,2,-5.4091,-1.1965,3.0000
549,scouts,3,-1.1988,-3.5130,3.0000
549,scouts,4,9.5000,-0.9941,3.0000
549,scouts,5,6.7294,1.3506,3.0000
549,scouts,6,3.5351,-1.2018,3.0000
549,scouts,7,6.1248,-3.8322,3.0000
549,scouts,8,-0.4661,4.6085,3.0000
549,scouts,9,-5.1395,7.2354,3.0000
549,scouts,10,-6.8312,6.5308,3.0000
549,scouts,11,-4.7870,2.2225,3.0000
549,scouts,12,9.5000,6.2685,3.0000
549,scouts,13,8.6381,8.7659,3.0000
549,scouts,14,4.0253,6.0547,3.0000
549,scouts,15,8.4879,3.6472,3.0000
549,workers,0,-3.0000,-5.0000,3.0000
549,workers,1,7.0000,-5.0000,3.0000
549,workers,2,-2.8777,5.2582,3.0000
549,workers,3,7.0000,5.0000,3.0000
550,general,0,0.0000,0.0000,5.0000
550,nodes,0,-2.2846,-2.2948,3.0000
550,nodes,1,5.6169,-2.6475,3.0000
550,nodes,2,-5.0988,4.9086,3.0000
550,nodes,3,7.3879,5.4393,3.0000
550,scouts,0,2.9953,-1.1980,3.0000
550,scouts,1,-1.2033,1.1193,3.0000
550,scouts,2,-5.4102,-1.1961,3.0000
550,scouts,3,-1.1986,-3.5136,3.0000
550,scouts,4,9.5000,-0.9938,3.0000
550,scouts,5,6.7484,1.3506,3.0000
550,scouts,6,3.5523,-1.1994,3.0000
550,scouts,7,6.1449,-3.8326,3.0000
550,scouts,8,-0.4521,4.6225,3.0000
550,scouts,9,-5.1250,7.2498,3.0000
550,scouts,10,-6.8215,6.5475,3.0000
550,scouts,11,-4.7736,2.2350,3.0000
550,scouts,12,9.5000,6.2809,3.0000
550,scouts,13,8.6376,8.7869,3.0000
550,scouts,14,4.0255,6.0741,3.0000
550,scouts,15,8.4889,3.6648,3.0000
550,workers,0,-3.0000,-5.0000,3.0000
550,workers,1,7.0000,-5.0000,3.0000
550,workers,2,-2.8634,5.2883,3.0000
550,workers,3,7.0000,5.0000,3.0000
551,general,0,0.0000,0.0000,5.0000
551,nodes,0,-2.2817,-2.2919,3.0000
551,nodes,1,5.6261,-2.6456,3.0000
551,nodes,2,-5.0921,4.9156,3.0000
551,nodes,3,7.3912,5.4479,3.0000
551,scouts,0,2.9949,-1.1978,3.0000
551,scouts,1,-1.2036,1.1201,3.0000
551,scouts,2,-5.4091,-1.1965,3.0000
551,scouts,3,-1.1982,-3.5144,3.0000
551,scouts,4,9.5000,-0.9936,3.0000
551,scouts,5,6.7674,1.3505,3.0000
551,scouts,6,3.5695,-1.1970,3.0000
551,scouts,7,6.1650,-3.8330,3.0000
551,scouts,8,-0.4382,4.6365,3.0000
551,scouts,9,-5.1105,7.2642,3.0000
551,scouts,10,-6.8118,6.5642,3.0000
551,scouts,11,-4.7603,2.2475,3.0000
551,scouts,12,9.5000,6.2933,3.0000
551,scouts,13,8.6371,8.8078,3.0000
551,scouts,14,4.0257,6.0936,3.0000
551,scouts,15,8.4900,3.6823,3.0000
551,workers,0,-3.0000,-5.0000,3.0000
551,workers,1,7.0000,-5.0000,3.0000
551,workers,2,-2.8492,5.3185,3.0000
551,workers,3,7.0000,5.0000,3.0000
552,general,0,0.0000,0.0000,5.0000
552,nodes,0,-2.2787,-2.2889,3.0000
552,nodes,1,5.6353,-2.6437,3.0000
552,nodes,2,-5.0855,4.9227,3.0000
552,nodes,3,7.3937,5.4569,3.0000
552,scouts,0,2.9944,-1.1975,3.0000
552,scouts,1,-1.2031,1.1187,3.0000
552,scouts,2,-5.4086,-1.1967,3.0000
552,scouts,3,-1.1976,-3.5156,3.0000
552,scouts,4,9.5000,-0.9933,3.0000
552,scouts,5,6.7864,1.3504,3.0000
552,scouts,6,3.5867,-1.1948,3.0000
552,scouts,7,6.1850,-3.8334,3.0000
552,scouts,8,-0.4243,4.6505,3.0000
552,scouts,9,-5.0960,7.2786,3.0000
552,scouts,10,-6.8021,6.5809,3.0000
552,scouts,11,-4.7469,2.2600,3.0000
552,scouts,12,9.5000,6.3056,3.0000
552,scouts,13,8.6366,8.8287,3.0000
552,scouts,14,4.0260,6.1131,3.0000
552,scouts,15,8.4910,3.6999,3.0000
552,workers,0,-3.0000,-5.0000,3.0000
552,workers,1,7.0000,-5.0000,3.0000
552,workers,2,-2.8349,5.3486,3.0000
552,workers,3,7.0000,5.0000,3.0000
553,general,0,0.0000,0.0000,5.0000
553,nodes,0,-2.2757,-2.2862,3.0000
553,nodes,1,5.6446,-2.6419,3.0000
553,nodes,2,-5.0789,4.9297,3.0000
553,nodes,3,7.3967,5.4657,3.0000
553,scouts,0,2.9938,-1.1973,3.0000
553,scouts,1,-1.2027,1.1178,3.0000
553,scouts,2,-5.4087,-1.1966,3.0000
553,scouts,3,-1.1969,-3.5169,3.0000
553,scouts,4,9.5000,-0.9931,3.0000
553,scouts,5,6.8054,1.3502,3.0000
553,scouts,6,3.6039,-1.1926,3.0000
553,scouts,7,6.2051,-3.8337,3.0000
553,scouts,8,-0.4104,4.6645,3.0000
553,scouts,9,-5.0816,7.2930,3.0000
553,scouts,10,-6.7924,6.5976,3.0000
553,scouts,11,-4.7336,2.2725,3.0000
553,scouts,12,9.5000,6.3178,3.0000
553,scouts,13,8.6361,8.8496,3.0000
553,scouts,14,4.0262,6.1326,3.0000
553,scouts,15,8.4921,3.7174,3.0000
553,workers,0,-3.0000,-5.0000,3.0000
553,workers,1,7.0000,-5.0000,3.0000
553,workers,2,-2.8206,5.3787,3.0000
553,workers,3,7.0000,5.0000,3.0000
554,general,0,0.0000,0.0000,5.0000
554,nodes,0,-2.2727,-2.2834,3.0000
554,nodes,1,5.6537,-2.6400,3.0000
554,nodes,2,-5.0722,4.9364,3.0000
554,nodes,3,7.3994,5.4746,3.0000
554,scouts,0,2.9932,-1.1970,3.0000
554,scouts,1,-1.2025,1.1175,3.0000
554,scouts,2,-5.4093,-1.1963,3.0000
554,scouts,3,-1.1961,-3.5185,3.0000
554,scouts,4,9.5000,-0.9930,3.0000
554,scouts,5,6.8243,1.3500,3.0000
554,scouts,6,3.6210,-1.1905,3.0000
554,scouts,7,6.2252,-3.8341,3.0000
554,scouts,8,-0.3965,4.6785,3.0000
554,scouts,9,-5.0671,7.3074,3.0000
554,scouts,10,-6.7827,6.6143,3.0000
554,scouts,11,-4.7203,2.2850,3.0000
554,scouts,12,9.5000,6.3301,3.0000
554,scouts,13,8.6356,8.8705,3.0000
554,scouts,14,4.0265,6.1521,3.0000
554,scouts,15,8.4932,3.7349,3.0000
554,workers,0,-3.0000,-5.0000,3.0000
554,workers,1,7.0000,-5.0000,3.0000
554,workers,2,-2.8063,5.4088,3.0000
554,workers,3,7.0000,5.0000,3.0000
555,general,0,0.0000,0.0000,5.0000
555,nodes,0,-2.2697,-2.2806,3.0000
555,nodes,1,5.6628,-2.6382,3.0000
555,nodes,2,-5.0661,4.9433,3.0000
555,nodes,3,7.4023,5.4834,3.0000
555,scouts,0,2.9925,-1.1966,3.0000
555,scouts,1,-1.2025,1.1175,3.0000
555,scouts,2,-5.4078,-1.1969,3.0000
555,scouts,3,-1.1952,-3.5202,3.0000
555,scouts,4,9.5000,-0.9928,3.0000
555,scouts,5,6.8432,1.3497,3.0000
555,scouts,6,3.6382,-1.1884,3.0000
555,scouts,7,6.2453,-3.8344,3.0000
555,scouts,8,-0.3827,4.6925,3.0000
555,scouts,9,-5.0526,7.3218,3.0000
555,scouts,10,-6.7730,6.6311,3.0000
555,scouts,11,-4.7070,2.2975,3.0000
555,scouts,12,9.5000,6.3423,3.0000
555,scouts,13,8.6352,8.8914,3.0000
555,scouts,14,4.0268,6.1716,3.0000
555,scouts,15,8.4943,3.7524,3.0000
555,workers,0,-3.0000,-5.0000,3.0000
555,workers,1,7.0000,-5.0000,3.0000
555,workers,2,-2.7921,5.4390,3.0000
555,workers,3,7.0000,5.0000,3.0000
556,general,0,0.0000,0.0000,5.0000
556,nodes,0,-2.2667,-2.2778,3.0000
556,nodes,1,5.6721,-2.6364,3.0000
556,nodes,2,-5.0594,4.9504,3.0000
556,nodes,3,7.4051,5.4923,3.0000
556,scouts,0,2.9917,-1.1963,3.0000
556,scouts,1,-1.2026,1.1179,3.0000
556,scouts,2,-5.4071,-1.1972,3.0000
556,scouts,3,-1.1954,-3.5197,3.0000
556,scouts,4,9.5000,-0.9928,3.0000
556,scouts,5,6.8621,1.3494,3.0000
556,scouts,6,3.6552,-1.1864,3.0000
556,scouts,7,6.2653,-3.8348,3.0000
556,scouts,8,-0.3688,4.7065,3.0000
556,scouts,9,-5.0382,7.3362,3.0000
556,scouts,10,-6.7633,6.6478,3.0000
556,scouts,11,-4.6938,2.3101,3.0000
556,scouts,12,9.5000,6.3545,3.0000
556,scouts,13,8.6347,8.9123,3.0000
556,scouts,14,4.0272,6.1910,3.0000
556,scouts,15,8.4953,3.7700,3.0000
556,workers,0,-3.0000,-5.0000,3.0000
556,workers,1,7.0000,-5.0000,3.0000
556,workers,2,-2.7778,5.4691,3.0000
556,workers,3,7.0000,5.0000,3.0000
557,general,0,0.0000,0.0000,5.0000
557,nodes,0,-2.2638,-2.2746,3.0000
557,nodes,1,5.6813,-2.6345,3.0000
557,nodes,2,-5.0529,4.9574,3.0000
557,nodes,3,7.4079,5.5013,3.0000
557,scouts,0,2.9910,-1.1959,3.0000
557,scouts,1,-1.2028,1.1186,3.0000
557,scouts,2,-5.4069,-1.1972,3.0000
557,scouts,3,-1.1964,-3.5172,3.0000
557,scouts,4,9.5000,-0.9927,3.0000
557,scouts,5,6.8809,1.3490,3.0000
557,scouts,6,3.6723,-1.1845,3.0000
557,scouts,7,6.2854,-3.8351,3.0000
557,scouts,8,-0.3550,4.7206,3.0000
557,scouts,9,-5.0237,7.3506,3.0000
557,scouts,10,-6.7536,6.6645,3.0000
557,scouts,11,-4.6805,2.3226,3.0000
557,scouts,12,9.5000,6.3666,3.0000
557,scouts,13,8.6343,8.9332,3.0000
557,scouts,14,4.0275,6.2105,3.0000
557,scouts,15,8.4964,3.7875,3.0000
557,workers,0,-3.0000,-5.0000,3.0000
557,workers,1,7.0000,-5.0000,3.0000
557,workers,2,-2.7635,5.4992,3.0000
557,workers,3,7.0000,5.0000,3.0000
558,general,0,0.0000,0.0000,5.0000
558,nodes,0,-2.2610,-2.2714,3.0000
558,nodes,1,5.6905,-2.6328,3.0000
558,nodes,2,-5.0462,4.9645,3.0000
558,nodes,3,7.4107,5.5100,3.0000
558,scouts,0,2.9902,-1.1955,3.0000
558,scouts,1,-1.2031,1.1196,3.0000
558,scouts,2,-5.4072,-1.1971,3.0000
558,scouts,3,-1.1972,-3.5154,3.0000
558,scouts,4,9.5000,-0.9927,3.0000
558,scouts,5,6.8998,1.3485,3.0000
558,scouts,6,3.6894,-1.1827,3.0000
558,scouts,7,6.3054,-3.8354,3.0000
558,scouts,8,-0.3413,4.7346,3.0000
558,scouts,9,-5.0093,7.3650,3.0000
558,scouts,10,-6.7440,6.6813,3.0000
558,scouts,11,-4.6673,2.3352,3.0000
558,scouts,12,9.5000,6.3787,3.0000
558,scouts,13,8.6338,8.9541,3.0000
558,scouts,14,4.0279,6.2300,3.0000
558,scouts,15,8.4975,3.8050,3.0000
558,workers,0,-3.0000,-5.0000,3.0000
558,workers,1,7.0000,-5.0000,3.0000
558,workers,2,-2.7493,5.5293,3.0000
558,workers,3,7.0000,5.0000,3.0000
559,general,0,0.0000,0.0000,5.0000
559,nodes,0,-2.2582,-2.2683,3.0000
559,nodes,1,5.6997,-2.6309,3.0000
559,nodes,2,-5.0396,4.9716,3.0000
559,nodes,3,7.4135,5.5190,3.0000
559,scouts,0,2.9918,-1.1962,3.0000
559,scouts,1,-1.2026,1.1183,3.0000
559,scouts,2,-5.4080,-1.1968,3.0000
559,scouts,3,-1.1976,-3.5142,3.0000
559,scouts,4,9.5000,-0.9927,3.0000
559,scouts,5,6.9186,1.3480,3.0000
559,scouts,6,3.7064,-1.1810,3.0000
559,scouts,7,6.3255,-3.8357,3.0000
559,scouts,8,-0.3275,4.7487,3.0000
559,scouts,9,-4.9949,7.3793,3.0000
559,scouts,10,-6.7343,6.6980,3.0000
559,scouts,11,-4.6541,2.3477,3.0000
559,scouts,12,9.5000,6.3908,3.0000
559,scouts,13,8.6334,8.9749,3.0000
559,scouts,14,4.0283,6.2495,3.0000
559,scouts,15,8.4987,3.8225,3.0000
559,workers,0,-3.0000,-5.0000,3.0000
559,workers,1,7.0000,-5.0000,3.0000
559,workers,2,-2.7350,5.5595,3.0000
559,workers,3,7.0000,5.0000,3.0000
560,general,0,0.0000,0.0000,5.0000
560,nodes,0,-2.2551,-2.2654,3.0000
560,nodes,1,5.7089,-2.6291,3.0000
560,nodes,2,-5.0330,4.9787,3.0000
560,nodes,3,7.4163,5.5278,3.0000
560,scouts,0,2.9930,-1.1968,3.0000
560,scouts,1,-1.2023,1.1176,3.0000
560,scouts,2,-5.4091,-1.1963,3.0000
560,scouts,3,-1.1978,-3.5135,3.0000
560,scouts,4,9.5000,-0.9927,3.0000
560,scouts,5,6.9374,1.3474,3.0000
560,scouts,6,3.7234,-1.1793,3.0000
560,scouts,7,6.3455,-3.8359,3.0000
560,scouts,8,-0.3138,4.7628,3.0000
560,scouts,9,-4.9805,7.3937,3.0000
560,scouts,10,-6.7246,6.7148,3.0000
560,scouts,11,-4.6409,2.3603,3.0000
560,scouts,12,9.5000,6.4029,3.0000
560,scouts,13,8.6329,8.9958,3.0000
560,scouts,14,4.0287,6.2690,3.0000
560,scouts,15,8.4998,3.8400,3.0000
560,workers,0,-3.0000,-5.0000,3.0000
560,workers,1,7.0000,-5.0000,3.0000
560,workers,2,-2.7207,5.5896,3.0000
560,workers,3,7.0000,5.0000,3.0000
561,general,0,0.0000,0.0000,5.0000
561,nodes,0,-2.2522,-2.2624,3.0000
561,nodes,1,5.7180,-2.6274,3.0000
561,nodes,2,-5.0264,4.9858,3.0000
561,nodes,3,7.4191,5.5367,3.0000
561,scouts,0,2.9940,-1.1972,3.0000
561,scouts,1,-1.2022,1.1173,3.0000
561,scouts,2,-5.4106,-1.1956,3.0000
561,scouts,3,-1.1977,-3.5133,3.0000
561,scouts,4,9.5000,-0.9928,3.0000
561,scouts,5,6.9562,1.3468,3.0000
561,scouts,6,3.7404,-1.1777,3.0000
561,scouts,7,6.3656,-3.8362,3.0000
561,scouts,8,-0.3001,4.7769,3.0000
561,scouts,9,-4.9661,7.4081,3.0000
561,scouts,10,-6.7150,6.7315,3.0000
561,scouts,11,-4.6277,2.3729,3.0000
561,scouts,12,9.5000,6.4149,3.0000
561,scouts,13,8.6325,9.0167,3.0000
561,scouts,14,4.0292,6.2884,3.0000
561,scouts,15,8.5009,3.8575,3.0000
561,workers,0,-3.0000,-5.0000,3.0000
561,workers,1,7.0000,-5.0000,3.0000
561,workers,2,-2.7065,5.6197,3.0000
561,workers,3,7.0000,5.0000,3.0000
562,general,0,0.0000,0.0000,5.0000
562,nodes,0,-2.2493,-2.2594,3.0000
562,nodes,1,5.7271,-2.6256,3.0000
562,nodes,2,-5.0198,4.9928,3.0000
562,nodes,3,7.4220,5.5455,3.0000
562,scouts,0,2.9947,-1.1975,3.0000
562,scouts,1,-1.2022,1.1174,3.0000
562,scouts,2,-5.4099,-1.1959,3.0000
562,scouts,3,-1.1974,-3.5135,3.0000
562,scouts,4,9.5000,-0.9929,3.0000
562,scouts,5,6.9750,1.3461,3.0000
562,scouts,6,3.7574,-1.1762,3.0000
562,scouts,7,6.3856,-3.8364,3.0000
562,scouts,8,-0.2864,4.7909,3.0000
562,scouts,9,-4.9517,7.4225,3.0000
562,scouts,10,-6.7053,6.7482,3.0000
562,scouts,11,-4.6146,2.3855,3.0000
562,scouts,12,9.5000,6.4269,3.0000
562,scouts,13,8.6321,9.0376,3.0000
562,scouts,14,4.0297,6.3079,3.0000
562,scouts,15,8.5020,3.8749,3.0000
562,workers,0,-3.0000,-5.0000,3.0000
562,workers,1,7.0000,-5.0000,3.0000
562,workers,2,-2.6922,5.6498,3.0000
562,workers,3,7.0000,5.0000,3.0000
563,general,0,0.0000,0.0000,5.0000
563,nodes,0,-2.2462,-2.2566,3.0000
563,nodes,1,5.7363,-2.6238,3.0000
563,nodes,2,-5.0132,4.9995,3.0000
563,nodes,3,7.4249,5.5544,3.0000
563,scouts,0,2.9952,-1.1976,3.0000
563,scouts,1,-1.2023,1.1179,3.0000
563,scouts,2,-5.4074,-1.1970,3.0000
563,scouts,3,-1.1970,-3.5141,3.0000
563,scouts,4,9.5000,-0.9931,3.0000
563,scouts,5,6.9937,1.3454,3.0000
563,scouts,6,3.7743,-1.1747,3.0000
563,scouts,7,6.4056,-3.8367,3.0000
563,scouts,8,-0.2728,4.8050,3.0000
563,scouts,9,-4.9373,7.4369,3.0000
563,scouts,10,-6.6956,6.7650,3.0000
563,scouts,11,-4.6014,2.3981,3.0000
563,scouts,12,9.5000,6.4388,3.0000
563,scouts,13,8.6317,9.0585,3.0000
563,scouts,14,4.0302,6.3274,3.0000
563,scouts,15,8.5032,3.8924,3.0000
563,workers,0,-3.0000,-5.0000,3.0000
563,workers,1,7.0000,-5.0000,3.0000
563,workers,2,-2.6779,5.6800,3.0000
563,workers,3,7.0000,5.0000,3.0000
564,general,0,0.0000,0.0000,5.0000
564,nodes,0,-2.2431,-2.2537,3.0000
564,nodes,1,5.7455,-2.6220,3.0000
564,nodes,2,-5.0066,5.0067,3.0000
564,nodes,3,7.4278,5.5632,3.0000
564,scouts,0,2.9954,-1.1977,3.0000
564,scouts,1,-1.2025,1.1188,3.0000
564,scouts,2,-5.4056,-1.1977,3.0000
564,scouts,3,-1.1964,-3.5149,3.0000
564,scouts,4,9.5000,-0.9933,3.0000
564,scouts,5,7.0125,1.3446,3.0000
564,scouts,6,3.7913,-1.1733,3.0000
564,scouts,7,6.4257,-3.8369,3.0000
564,scouts,8,-0.2591,4.8192,3.0000
564,scouts,9,-4.9229,7.4512,3.0000
564,scouts,10,-6.6860,6.7817,3.0000
564,scouts,11,-4.5883,2.4107,3.0000
564,scouts,12,9.5000,6.4507,3.0000
564,scouts,13,8.6312,9.0793,3.0000
564,scouts,14,4.0307,6.3469,3.0000
564,scouts,15,8.5043,3.9099,3.0000
564,workers,0,-3.0000,-5.0000,3.0000
564,workers,1,7.0000,-5.0000,3.0000
564,workers,2,-2.6636,5.7101,3.0000
564,workers,3,7.0000,5.0000,3.0000
565,general,0,0.0000,0.0000,5.0000
565,nodes,0,-2.2400,-2.2508,3.0000
565,nodes,1,5.7546,-2.6203,3.0000
565,nodes,2,-5.0000,5.0137,3.0000
565,nodes,3,7.4306,5.5720,3.0000
565,scouts,0,2.9956,-1.1977,3.0000
565,scouts,1,-1.2028,1.1199,3.0000
565,scouts,2,-5.4046,-1.1981,3.0000
565,scouts,3,-1.1957,-3.5161,3.0000
565,scouts,4,9.5000,-0.9935,3.0000
565,scouts,5,7.0312,1.3437,3.0000
565,scouts,6,3.8082,-1.1720,3.0000
565,scouts,7,6.4457,-3.8371,3.0000
565,scouts,8,-0.2455,4.8333,3.0000
565,scouts,9,-4.9085,7.4656,3.0000
565,scouts,10,-6.6763,6.7985,3.0000
565,scouts,11,-4.5752,2.4233,3.0000
565,scouts,12,9.5000,6.4626,3.0000
565,scouts,13,8.6308,9.1002,3.0000
565,scouts,14,4.0312,6.3663,3.0000
565,scouts,15,8.5055,3.9273,3.0000
565,workers,0,-3.0000,-5.0000,3.0000
565,workers,1,7.0000,-5.0000,3.0000
565,workers,2,-2.6494,5.7402,3.0000
565,workers,3,7.0000,5.0000,3.0000
566,general,0,0.0000,0.0000,5.0000
566,nodes,0,-2.2370,-2.2479,3.0000
566,nodes,1,5.7638,-2.6185,3.0000
566,nodes,2,-4.9935,5.0208,3.0000
566,nodes,3,7.4335,5.5808,3.0000
566,scouts,0,2.9955,-1.1976,3.0000
566,scouts,1,-1.2024,1.1186,3.0000
566,scouts,2,-5.4042,-1.1982,3.0000
566,scouts,3,-1.1949,-3.5174,3.0000
566,scouts,4,9.5000,-0.9937,3.0000
566,scouts,5,7.0499,1.3428,3.0000
566,scouts,6,3.8251,-1.1708,3.0000
566,scouts,7,6.4657,-3.8373,3.0000
566,scouts,8,-0.2319,4.8474,3.0000
566,scouts,9,-4.8942,7.4800,3.0000
566,scouts,10,-6.6667,6.8153,3.0000
566,scouts,11,-4.5621,2.4359,3.0000
566,scouts,12,9.5000,6.4745,3.0000
566,scouts,13,8.6304,9.1211,3.0000
566,scouts,14,4.0318,6.3858,3.0000
566,scouts,15,8.5067,3.9448,3.0000
566,workers,0,-3.0000,-5.0000,3.0000
566,workers,1,7.0000,-5.0000,3.0000
566,workers,2,-2.6351,5.7703,3.0000
566,workers,3,7.0000,5.0000,3.0000
567,general,0,0.0000,0.0000,5.0000
567,nodes,0,-2.2339,-2.2451,3.0000
567,nodes,1,5.7729,-2.6168,3.0000
567,nodes,2,-4.9869,5.0278,3.0000
567,nodes,3,7.4365,5.5896,3.0000
567,scouts,0,2.9954,-1.1975,3.0000
567,scouts,1,-1.2022,1.1179,3.0000
567,scouts,2,-5.4043,-1.1981,3.0000
567,scouts,3,-1.1940,-3.5189,3.0000
567,scouts,4,9.5000,-0.9940,3.0000
567,scouts,5,7.0686,1.3419,3.0000
567,scouts,6,3.8419,-1.1696,3.0000
567,scouts,7,6.4857,-3.8374,3.0000
567,scouts,8,-0.2183,4.8616,3.0000
567,scouts,9,-4.8798,7.4943,3.0000
567,scouts,10,-6.6570,6.8320,3.0000
567,scouts,11,-4.5490,2.4485,3.0000
567,scouts,12,9.5000,6.4863,3.0000
567,scouts,13,8.6301,9.1419,3.0000
567,scouts,14,4.0324,6.4053,3.0000
567,scouts,15,8.5078,3.9622,3.0000
567,workers,0,-3.0000,-5.0000,3.0000
567,workers,1,7.0000,-5.0000,3.0000
567,workers,2,-2.6208,5.8005,3.0000
567,workers,3,7.0000,5.0000,3.0000
568,general,0,0.0000,0.0000,5.0000
568,nodes,0,-2.2309,-2.2423,3.0000
568,nodes,1,5.7821,-2.6151,3.0000
568,nodes,2,-4.9803,5.0350,3.0000
568,nodes,3,7.4395,5.5984,3.0000
568,scouts,0,2.9951,-1.1973,3.0000
568,scouts,1,-1.2021,1.1177,3.0000
568,scouts,2,-5.4049,-1.1979,3.0000
568,scouts,3,-1.1945,-3.5184,3.0000
568,scouts,4,9.5000,-0.9943,3.0000
568,scouts,5,7.0873,1.3409,3.0000
568,scouts,6,3.8588,-1.1686,3.0000
568,scouts,7,6.5057,-3.8376,3.0000
568,scouts,8,-0.2048,4.8757,3.0000
568,scouts,9,-4.8655,7.5087,3.0000
568,scouts,10,-6.6474,6.8488,3.0000
568,scouts,11,-4.5359,2.4612,3.0000
568,scouts,12,9.5000,6.4981,3.0000
568,scouts,13,8.6297,9.1628,3.0000
568,scouts,14,4.0330,6.4247,3.0000
568,scouts,15,8.5090,3.9797,3.0000
568,workers,0,-3.0000,-5.0000,3.0000
568,workers,1,7.0000,-5.0000,3.0000
568,workers,2,-2.6066,5.8306,3.0000
568,workers,3,7.0000,5.0000,3.0000
569,general,0,0.0000,0.0000,5.0000
569,nodes,0,-2.2282,-2.2392,3.0000
569,nodes,1,5.7913,-2.6133,3.0000
569,nodes,2,-4.9738,5.0420,3.0000
569,nodes,3,7.4423,5.6072,3.0000
569,scouts,0,2.9948,-1.1971,3.0000
569,scouts,1,-1.2021,1.1179,3.0000
569,scouts,2,-5.4059,-1.1974,3.0000
569,scouts,3,-1.1962,-3.5161,3.0000
569,scouts,4,9.5000,-0.9946,3.0000
569,scouts,5,7.1059,1.3398,3.0000
569,scouts,6,3.8756,-1.1675,3.0000
569,scouts,7,6.5257,-3.8377,3.0000
569,scouts,8,-0.1912,4.8899,3.0000
569,scouts,9,-4.8512,7.5231,3.0000
569,scouts,10,-6.6377,6.8655,3.0000
569,scouts,11,-4.5229,2.4738,3.0000
569,scouts,12,9.5000,6.5098,3.0000
569,scouts,13,8.6293,9.1837,3.0000
569,scouts,14,4.0336,6.4442,3.0000
569,scouts,15,8.5102,3.9971,3.0000
569,workers,0,-3.0000,-5.0000,3.0000
569,workers,1,7.0000,-5.0000,3.0000
569,workers,2,-2.5923,5.8607,3.0000
569,workers,3,7.0000,5.0000,3.0000
570,general,0,0.0000,0.0000,5.0000
570,nodes,0,-2.2255,-2.2361,3.0000
570,nodes,1,5.8004,-2.6116,3.0000
570,nodes,2,-4.9672,5.0491,3.0000
570,nodes,3,7.4453,5.6161,3.0000
570,scouts,0,2.9943,-1.1968,3.0000
570,scouts,1,-1.2023,1.1185,3.0000
570,scouts,2,-5.4073,-1.1968,3.0000
570,scouts,3,-1.1974,-3.5145,3.0000
570,scouts,4,9.5000,-0.9950,3.0000
570,scouts,5,7.1246,1.3387,3.0000
570,scouts,6,3.8924,-1.1666,3.0000
570,scouts,7,6.5456,-3.8378,3.0000
570,scouts,8,-0.1777,4.9040,3.0000
570,scouts,9,-4.8368,7.5374,3.0000
570,scouts,10,-6.6281,6.8823,3.0000
570,scouts,11,-4.5099,2.4865,3.0000
570,scouts,12,9.5000,6.5215,3.0000
570,scouts,13,8.6289,9.2045,3.0000
570,scouts,14,4.0343,6.4636,3.0000
570,scouts,15,8.5114,4.0145,3.0000
570,workers,0,-3.0000,-5.0000,3.0000
570,workers,1,7.0000,-5.0000,3.0000
570,workers,2,-2.5780,5.8908,3.0000
570,workers,3,7.0000,5.0000,3.0000
571,general,0,0.0000,0.0000,5.0000
571,nodes,0,-2.2227,-2.2329,3.0000
571,nodes,1,5.8095,-2.6098,3.0000
571,nodes,2,-4.9606,5.0562,3.0000
571,nodes,3,7.4482,5.6249,3.0000
571,scouts,0,2.9939,-1.1965,3.0000
571,scouts,1,-1.2025,1.1194,3.0000
571,scouts,2,-5.4089,-1.1961,3.0000
571,scouts,3,-1.1983,-3.5135,3.0000
571,scouts,4,9.5000,-0.9954,3.0000
571,scouts,5,7.1432,1.3376,3.0000
571,scouts,6,3.9092,-1.1657,3.0000
571,scouts,7,6.5656,-3.8379,3.0000
571,scouts,8,-0.1642,4.9182,3.0000
571,scouts,9,-4.8225,7.5518,3.0000
571,scouts,10,-6.6184,6.8991,3.0000
571,scouts,11,-4.4969,2.4991,3.0000
571,scouts,12,9.5000,6.5332,3.0000
571,scouts,13,8.6286,9.2254,3.0000
571,scouts,14,4.0349,6.4831,3.0000
571,scouts,15,8.5126,4.0320,3.0000
571,workers,0,-3.0000,-5.0000,3.0000
571,workers,1,7.0000,-5.0000,3.0000
571,workers,2,-2.5638,5.9210,3.0000
571,workers,3,7.0000,5.0000,3.0000
572,general,0,0.0000,0.0000,5.0000
572,nodes,0,-2.2201,-2.2298,3.0000
572,nodes,1,5.8186,-2.6080,3.0000
572,nodes,2,-4.9545,5.0630,3.0000
572,nodes,3,7.4510,5.6337,3.0000
572,scouts,0,2.9933,-1.1961,3.0000
572,scouts,1,-1.2027,1.1206,3.0000
572,scouts,2,-5.4108,-1.1953,3.0000
572,scouts,3,-1.1988,-3.5130,3.0000
572,scouts,4,9.5000,-0.9958,3.0000
572,scouts,5,7.1619,1.3364,3.0000
572,scouts,6,3.9260,-1.1649,3.0000
572,scouts,7,6.5856,-3.8380,3.0000
572,scouts,8,-0.1508,4.9324,3.0000
572,scouts,9,-4.8082,7.5661,3.0000
572,scouts,10,-6.6088,6.9158,3.0000
572,scouts,11,-4.4839,2.5118,3.0000
572,scouts,12,9.5000,6.5449,3.0000
572,scouts,13,8.6282,9.2462,3.0000
572,scouts,14,4.0356,6.5026,3.0000
572,scouts,15,8.5138,4.0494,3.0000
572,workers,0,-3.0000,-5.0000,3.0000
572,workers,1,7.0000,-5.0000,3.0000
572,workers,2,-2.5495,5.9511,3.0000
572,workers,3,7.0000,5.0000,3.0000
573,general,0,0.0000,0.0000,5.0000
573,nodes,0,-2.2173,-2.2265,3.0000
573,nodes,1,5.8277,-2.6064,3.0000
573,nodes,2,-4.9478,5.0702,3.0000
573,nodes,3,7.4539,5.6425,3.0000
573,scouts,0,2.9927,-1.1958,3.0000
573,scouts,1,-1.2024,1.1194,3.0000
573,scouts,2,-5.4104,-1.1954,3.0000
573,scouts,3,-1.1991,-3.5129,3.0000
573,scouts,4,9.5000,-0.9963,3.0000
573,scouts,5,7.1805,1.3351,3.0000
573,scouts,6,3.9428,-1.1642,3.0000
573,scouts,7,6.6056,-3.8381,3.0000
573,scouts,8,-0.1373,4.9466,3.0000
573,scouts,9,-4.7939,7.5805,3.0000
573,scouts,10,-6.5992,6.9326,3.0000
573,scouts,11,-4.4709,2.5244,3.0000
573,scouts,12,9.5000,6.5565,3.0000
573,scouts,13,8.6279,9.2671,3.0000
573,scouts,14,4.0364,6.5220,3.0000
573,scouts,15,8.5150,4.0668,3.0000
573,workers,0,-3.0000,-5.0000,3.0000
573,workers,1,7.0000,-5.0000,3.0000
573,workers,2,-2.5352,5.9812,3.0000
573,workers,3,7.0000,5.0000,3.0000
574,general,0,0.0000,0.0000,5.0000
574,nodes,0,-2.2144,-2.2237,3.0000
574,nodes,1,5.8368,-2.6047,3.0000
574,nodes,2,-4.9409,5.0775,3.0000
574,nodes,3,7.4568,5.6512,3.0000
574,scouts,0,2.9921,-1.1953,3.0000
574,scouts,1,-1.2022,1.1188,3.0000
574,scouts,2,-5.4082,-1.1964,3.0000
574,scouts,3,-1.1992,-3.5132,3.0000
574,scouts,4,9.5000,-0.9968,3.0000
574,scouts,5,7.1991,1.3338,3.0000
574,scouts,6,3.9595,-1.1636,3.0000
574,scouts,7,6.6255,-3.8381,3.0000
574,scouts,8,-0.1239,4.9608,3.0000
574,scouts,9,-4.7797,7.5948,3.0000
574,scouts,10,-6.5895,6.9494,3.0000
574,scouts,11,-4.4579,2.5371,3.0000
574,scouts,12,9.5000,6.5681,3.0000
574,scouts,13,8.6276,9.2879,3.0000
574,scouts,14,4.0371,6.5415,3.0000
574,scouts,15,8.5163,4.0842,3.0000
574,workers,0,-3.0000,-5.0000,3.0000
574,workers,1,7.0000,-5.0000,3.0000
574,workers,2,-2.5210,6.0113,3.0000
574,workers,3,7.0000,5.0000,3.0000
575,general,0,0.0000,0.0000,5.0000
575,nodes,0,-2.2113,-2.2209,3.0000
575,nodes,1,5.8459,-2.6030,3.0000
575,nodes,2,-4.9350,5.0842,3.0000
575,nodes,3,7.4596,5.6599,3.0000
575,scouts,0,2.9914,-1.1949,3.0000
575,scouts,1,-1.2022,1.1186,3.0000
575,scouts,2,-5.4067,-1.1971,3.0000
575,scouts,3,-1.1990,-3.5138,3.0000
575,scouts,4,9.5000,-0.9973,3.0000
575,scouts,5,7.2176,1.3324,3.0000
575,scouts,6,3.9763,-1.1630,3.0000
575,scouts,7,6.6455,-3.8381,3.0000
575,scouts,8,-0.1105,4.9750,3.0000
575,scouts,9,-4.7654,7.6092,3.0000
575,scouts,10,-6.5799,6.9662,3.0000
575,scouts,11,-4.4450,2.5498,3.0000
575,scouts,12,9.5000,6.5796,3.0000
575,scouts,13,8.6273,9.3088,3.0000
575,scouts,14,4.0379,6.5609,3.0000
575,scouts,15,8.5175,4.1016,3.0000
575,workers,0,-3.0000,-5.0000,3.0000
575,workers,1,7.0000,-5.0000,3.0000
575,workers,2,-2.5067,6.0415,3.0000
575,workers,3,7.0000,5.0000,3.0000
576,general,0,0.0000,0.0000,5.0000
576,nodes,0,-2.2083,-2.2180,3.0000
576,nodes,1,5.8551,-2.6013,3.0000
576,nodes,2,-4.9287,5.0912,3.0000
576,nodes,3,7.4625,5.6687,3.0000
576,scouts,0,2.9907,-1.1945,3.0000
576,scouts,1,-1.2022,1.1189,3.0000
576,scouts,2,-5.4059,-1.1974,3.0000
576,scouts,3,-1.1986,-3.5148,3.0000
576,scouts,4,9.5000,-0.9978,3.0000
576,scouts,5,7.2362,1.3310,3.0000
576,scouts,6,3.9930,-1.1625,3.0000
576,scouts,7,6.6654,-3.8381,3.0000
576,scouts,8,-0.0971,4.9893,3.0000
576,scouts,9,-4.7511,7.6235,3.0000
576,scouts,10,-6.5703,6.9829,3.0000
576,scouts,11,-4.4320,2.5625,3.0000
576,scouts,12,9.5000,6.5912,3.0000
576,scouts,13,8.6270,9.3296,3.0000
576,scouts,14,4.0387,6.5804,3.0000
576,scouts,15,8.5187,4.1190,3.0000
576,workers,0,-3.0000,-5.0000,3.0000
576,workers,1,7.0000,-5.0000,3.0000
576,workers,2,-2.4924,6.0716,3.0000
576,workers,3,7.0000,5.0000,3.0000
577,general,0,0.0000,0.0000,5.0000
577,nodes,0,-2.2053,-2.2151,3.0000
577,nodes,1,5.8641,-2.5997,3.0000
577,nodes,2,-4.9216,5.0986,3.0000
577,nodes,3,7.4655,5.6776,3.0000
577,scouts,0,2.9923,-1.1954,3.0000
577,scouts,1,-1.2023,1.1195,3.0000
577,scouts,2,-5.4056,-1.1975,3.0000
577,scouts,3,-1.1981,-3.5160,3.0000
577,scouts,4,9.5000,-0.9984,3.0000
577,scouts,5,7.2548,1.3295,3.0000
577,scouts,6,4.0097,-1.1621,3.0000
577,scouts,7,6.6854,-3.8381,3.0000
577,scouts,8,-0.0837,5.0035,3.0000
577,scouts,9,-4.7369,7.6379,3.0000
577,scouts,10,-6.5607,6.9997,3.0000
577,scouts,11,-4.4191,2.5752,3.0000
577,scouts,12,9.5000,6.6027,3.0000
577,scouts,13,8.6267,9.3505,3.0000
577,scouts,14,4.0395,6.5998,3.0000
577,scouts,15,8.5200,4.1363,3.0000
577,workers,0,-3.0000,-5.0000,3.0000
577,workers,1,7.0000,-5.0000,3.0000
577,workers,2,-2.4781,6.1017,3.0000
577,workers,3,7.0000,5.0000,3.0000
578,general,0,0.0000,0.0000,5.0000
578,nodes,0,-2.2022,-2.2123,3.0000
578,nodes,1,5.8733,-2.5981,3.0000
578,nodes,2,-4.9152,5.1053,3.0000
578,nodes,3,7.4685,5.6862,3.0000
578,scouts,0,2.9935,-1.1961,3.0000
578,scouts,1,-1.2025,1.1205,3.0000
578,scouts,2,-5.4059,-1.1974,3.0000
578,scouts,3,-1.1974,-3.5174,3.0000
578,scouts,4,9.5000,-0.9990,3.0000
578,scouts,5,7.2733,1.3280,3.0000
578,scouts,6,4.0264,-1.1617,3.0000
578,scouts,7,6.7053,-3.8381,3.0000
578,scouts,8,-0.0704,5.0177,3.0000
578,scouts,9,-4.7226,7.6522,3.0000
578,scouts,10,-6.5510,7.0165,3.0000
578,scouts,11,-4.4062,2.5879,3.0000
578,scouts,12,9.5000,6.6141,3.0000
578,scouts,13,8.6264,9.3713,3.0000
578,scouts,14,4.0404,6.6193,3.0000
578,scouts,15,8.5212,4.1537,3.0000
578,workers,0,-3.0000,-5.0000,3.0000
578,workers,1,7.0000,-5.0000,3.0000
578,workers,2,-2.4639,6.1318,3.0000
578,workers,3,7.0000,5.0000,3.0000
579,general,0,0.0000,0.0000,5.0000
579,nodes,0,-2.1993,-2.2094,3.0000
579,nodes,1,5.8823,-2.5964,3.0000
579,nodes,2,-4.9086,5.1125,3.0000
579,nodes,3,7.4714,5.6950,3.0000
579,scouts,0,2.9944,-1.1966,3.0000
579,scouts,1,-1.2021,1.1191,3.0000
579,scouts,2,-5.4066,-1.1970,3.0000
579,scouts,3,-1.1967,-3.5190,3.0000
579,scouts,4,9.5000,-0.9997,3.0000
579,scouts,5,7.2919,1.3265,3.0000
579,scouts,6,4.0430,-1.1615,3.0000
579,scouts,7,6.7252,-3.8381,3.0000
579,scouts,8,-0.0570,5.0320,3.0000
579,scouts,9,-4.7084,7.6666,3.0000
579,scouts,10,-6.5414,7.0333,3.0000
579,scouts,11,-4.3933,2.6006,3.0000
579,scouts,12,9.5000,6.6255,3.0000
579,scouts,13,8.6261,9.3921,3.0000
579,scouts,14,4.0412,6.6387,3.0000
579,scouts,15,8.5225,4.1711,3.0000
579,workers,0,-3.0000,-5.0000,3.0000
579,workers,1,7.0000,-5.0000,3.0000
579,workers,2,-2.4496,6.1619,3.0000
579,workers,3,7.0000,5.0000,3.0000
580,general,0,0.0000,0.0000,5.0000
580,nodes,0,-2.1961,-2.2067,3.0000
580,nodes,1,5.8914,-2.5947,3.0000
580,nodes,2,-4.9022,5.1195,3.0000
580,nodes,3,7.4743,5.7038,3.0000
580,scouts,0,2.9952,-1.1970,3.0000
580,scouts,1,-1.2019,1.1183,3.0000
580,scouts,2,-5.4077,-1.1965,3.0000
580,scouts,3,-1.1958,-3.5207,3.0000
580,scouts,4,9.5000,-1.0003,3.0000
580,scouts,5,7.3104,1.3249,3.0000
580,scouts,6,4.0597,-1.1613,3.0000
580,scouts,7,6.7452,-3.8380,3.0000
580,scouts,8,-0.0437,5.0462,3.0000
580,scouts,9,-4.6942,7.6809,3.0000
580,scouts,10,-6.5318,7.0500,3.0000
580,scouts,11,-4.3805,2.6133,3.0000
580,scouts,12,9.5000,6.6369,3.0000
580,scouts,13,8.6258,9.4130,3.0000
580,scouts,14,4.0421,6.6581,3.0000
580,scouts,15,8.5238,4.1885,3.0000
580,workers,0,-3.0000,-5.0000,3.0000
580,workers,1,7.0000,-5.0000,3.0000
580,workers,2,-2.4353,6.1921,3.0000
580,workers,3,7.0000,5.0000,3.0000
581,general,0,0.0000,0.0000,5.0000
581,nodes,0,-2.1932,-2.2039,3.0000
581,nodes,1,5.9005,-2.5930,3.0000
581,nodes,2,-4.8956,5.1267,3.0000
581,nodes,3,7.4773,5.7125,3.0000
581,scouts,0,2.9957,-1.1972,3.0000
581,scouts,1,-1.2018,1.1180,3.0000
581,scouts,2,-5.4090,-1.1959,3.0000
581,scouts,3,-1.1958,-3.5201,3.0000
581,scouts,4,9.5000,-1.0010,3.0000
581,scouts,5,7.3289,1.3232,3.0000
581,scouts,6,4.0763,-1.1611,3.0000
581,scouts,7,6.7651,-3.8379,3.0000
581,scouts,8,-0.0304,5.0605,3.0000
581,scouts,9,-4.6799,7.6953,3.0000
581,scouts,10,-6.5222,7.0668,3.0000
581,scouts,11,-4.3676,2.6260,3.0000
581,scouts,12,9.5000,6.6483,3.0000
581,scouts,13,8.6256,9.4338,3.0000
581,scouts,14,4.0431,6.6776,3.0000
581,scouts,15,8.5250,4.2058,3.0000
581,workers,0,-3.0000,-5.0000,3.0000
581,workers,1,7.0000,-5.0000,3.0000
581,workers,2,-2.4211,6.2222,3.0000
581,workers,3,7.0000,5.0000,3.0000
582,general,0,0.0000,0.0000,5.0000
582,nodes,0,-2.1904,-2.2008,3.0000
582,nodes,1,5.9096,-2.5914,3.0000
582,nodes,2,-4.8891,5.1337,3.0000
582,nodes,3,7.4802,5.7213,3.0000
582,scouts,0,2.9960,-1.1973,3.0000
582,scouts,1,-1.2018,1.1182,3.0000
582,scouts,2,-5.4107,-1.1951,3.0000
582,scouts,3,-1.1966,-3.5175,3.0000
582,scouts,4,9.5000,-1.0017,3.0000
582,scouts,5,7.3475,1.3215,3.0000
582,scouts,6,4.0929,-1.1611,3.0000
582,scouts,7,6.7850,-3.8378,3.0000
582,scouts,8,-0.0172,5.0748,3.0000
582,scouts,9,-4.6657,7.7096,3.0000
582,scouts,10,-6.5125,7.0836,3.0000
582,scouts,11,-4.3548,2.6387,3.0000
582,scouts,12,9.5000,6.6596,3.0000
582,scouts,13,8.6253,9.4546,3.0000
582,scouts,14,4.0440,6.6970,3.0000
582,scouts,15,8.5263,4.2232,3.0000
582,workers,0,-3.0000,-5.0000,3.0000
582,workers,1,7.0000,-5.0000,3.0000
582,workers,2,-2.4068,6.2523,3.0000
582,workers,3,7.0000,5.0000,3.0000
583,general,0,0.0000,0.0000,5.0000
583,nodes,0,-2.1876,-2.1975,3.0000
583,nodes,1,5.9186,-2.5897,3.0000
583,nodes,2,-4.8825,5.1408,3.0000
583,nodes,3,7.4833,5.7301,3.0000
583,scouts,0,2.9962,-1.1974,3.0000
583,scouts,1,-1.2019,1.1188,3.0000
583,scouts,2,-5.4102,-1.1953,3.0000
583,scouts,3,-1.1971,-3.5156,3.0000
583,scouts,4,9.5000,-1.0025,3.0000
583,scouts,5,7.3660,1.3197,3.0000
583,scouts,6,4.1095,-1.1611,3.0000
583,scouts,7,6.8049,-3.8377,3.0000
583,scouts,8,-0.0039,5.0891,3.0000
583,scouts,9,-4.6515,7.7240,3.0000
583,scouts,10,-6.5029,7.1004,3.0000
583,scouts,11,-4.3419,2.6515,3.0000
583,scouts,12,9.5000,6.6709,3.0000
583,scouts,13,8.6251,9.4754,3.0000
583,scouts,14,4.0450,6.7164,3.0000
583,scouts,15,8.5276,4.2405,3.0000
583,workers,0,-3.0000,-5.0000,3.0000
583,workers,1,7.0000,-5.0000,3.0000
583,workers,2,-2.3925,6.2824,3.0000
583,workers,3,7.0000,5.0000,3.0000
584,general,0,0.0000,0.0000,5.0000
584,nodes,0,-2.1846,-2.1945,3.0000
584,nodes,1,5.9277,-2.5880,3.0000
584,nodes,2,-4.8760,5.1479,3.0000
584,nodes,3,7.4862,5.7388,3.0000
584,scouts,0,2.9962,-1.1973,3.0000
584,scouts,1,-1.2020,1.1197,3.0000
584,scouts,2,-5.4077,-1.1964,3.0000
584,scouts,3,-1.1974,-3.5144,3.0000
584,scouts,4,9.5000,-1.0032,3.0000
584,scouts,5,7.3845,1.3179,3.0000
584,scouts,6,4.1261,-1.1612,3.0000
584,scouts,7,6.8248,-3.8375,3.0000
584,scouts,8,0.0093,5.1034,3.0000
584,scouts,9,-4.6373,7.7383,3.0000
584,scouts,10,-6.4933,7.1172,3.0000
584,scouts,11,-4.3291,2.6642,3.0000
584,scouts,12,9.5000,6.6821,3.0000
584,scouts,13,8.6249,9.4962,3.0000
584,scouts,14,4.0460,6.7359,3.0000
584,scouts,15,8.5289,4.2579,3.0000
584,workers,0,-3.0000,-5.0000,3.0000
584,workers,1,7.0000,-5.0000,3.0000
584,workers,2,-2.3783,6.3126,3.0000
584,workers,3,7.0000,5.0000,3.0000
585,general,0,0.0000,0.0000,5.0000
585,nodes,0,-2.1815,-2.1914,3.0000
585,nodes,1,5.9368,-2.5864,3.0000
585,nodes,2,-4.8699,5.1548,3.0000
585,nodes,3,7.4891,5.7475,3.0000
585,scouts,0,2.9961,-1.1972,3.0000
585,scouts,1,-1.2022,1.1208,3.0000
585,scouts,2,-5.4061,-1.1972,3.0000
585,scouts,3,-1.1974,-3.5137,3.0000
585,scouts,4,9.5000,-1.0040,3.0000
585,scouts,5,7.4030,1.3161,3.0000
585,scouts,6,4.1427,-1.1613,3.0000
585,scouts,7,6.8447,-3.8374,3.0000
585,scouts,8,0.0225,5.1177,3.0000
585,scouts,9,-4.6232,7.7526,3.0000
585,scouts,10,-6.4837,7.1339,3.0000
585,scouts,11,-4.3163,2.6769,3.0000
585,scouts,12,9.5000,6.6934,3.0000
585,scouts,13,8.6247,9.5000,3.0000
585,scouts,14,4.0470,6.7553,3.0000
585,scouts,15,8.5302,4.2752,3.0000
585,workers,0,-3.0000,-5.0000,3.0000
585,workers,1,7.0000,-5.0000,3.0000
585,workers,2,-2.3640,6.3427,3.0000
585,workers,3,7.0000,5.0000,3.0000
586,general,0,0.0000,0.0000,5.0000
586,nodes,0,-2.1784,-2.1883,3.0000
586,nodes,1,5.9459,-2.5847,3.0000
586,nodes,2,-4.8636,5.1618,3.0000
586,nodes,3,7.4921,5.7562,3.0000
586,scouts,0,2.9959,-1.1970,3.0000
586,scouts,1,-1.2020,1.1196,3.0000
586,scouts,2,-5.4051,-1.1976,3.0000
586,scouts,3,-1.1972,-3.5134,3.0000
586,scouts,4,9.5000,-1.0048,3.0000
586,scouts,5,7.4214,1.3142,3.0000
586,scouts,6,4.1593,-1.1616,3.0000
586,scouts,7,6.8646,-3.8372,3.0000
586,scouts,8,0.0357,5.1320,3.0000
586,scouts,9,-4.6090,7.7670,3.0000
586,scouts,10,-6.4741,7.1507,3.0000
586,scouts,11,-4.3036,2.6897,3.0000
586,scouts,12,9.5000,6.7045,3.0000
586,scouts,13,8.6245,9.5000,3.0000
586,scouts,14,4.0481,6.7747,3.0000
586,scouts,15,8.5315,4.2925,3.0000
586,workers,0,-3.0000,-5.0000,3.0000
586,workers,1,7.0000,-5.0000,3.0000
586,workers,2,-2.3497,6.3728,3.0000
586,workers,3,7.0000,5.0000,3.0000
587,general,0,0.0000,0.0000,5.0000
587,nodes,0,-2.1754,-2.1855,3.0000
587,nodes,1,5.9549,-2.5831,3.0000
587,nodes,2,-4.8575,5.1686,3.0000
587,nodes,3,7.4950,5.7651,3.0000
587,scouts,0,2.9957,-1.1967,3.0000
587,scouts,1,-1.2018,1.1190,3.0000
587,scouts,2,-5.4047,-1.1977,3.0000
587,scouts,3,-1.1968,-3.5136,3.0000
587,scouts,4,9.5000,-1.0057,3.0000
587,scouts,5,7.4399,1.3123,3.0000
587,scouts,6,4.1758,-1.1619,3.0000
587,scouts,7,6.8844,-3.8370,3.0000
587,scouts,8,0.0489,5.1463,3.0000
587,scouts,9,-4.5948,7.7813,3.0000
587,scouts,10,-6.4645,7.1675,3.0000
587,scouts,11,-4.2908,2.7024,3.0000
587,scouts,12,9.5000,6.7157,3.0000
587,scouts,13,8.6243,9.5000,3.0000
587,scouts,14,4.0491,6.7941,3.0000
587,scouts,15,8.5328,4.3098,3.0000
587,workers,0,-3.0000,-5.0000,3.0000
587,workers,1,7.0000,-5.0000,3.0000
587,workers,2,-2.3354,6.4029,3.0000
587,workers,3,7.0000,5.0000,3.0000
588,general,0,0.0000,0.0000,5.0000
588,nodes,0,-2.1725,-2.1826,3.0000
588,nodes,1,5.9640,-2.5815,3.0000
588,nodes,2,-4.8508,5.1758,3.0000
588,nodes,3,7.4980,5.7737,3.0000
588,scouts,0,2.9953,-1.1964,3.0000
588,scouts,1,-1.2017,1.1189,3.0000
588,scouts,2,-5.4049,-1.1977,3.0000
588,scouts,3,-1.1962,-3.5141,3.0000
588,scouts,4,9.5000,-1.0065,3.0000
588,scouts,5,7.4584,1.3103,3.0000
588,scouts,6,4.1923,-1.1623,3.0000
588,scouts,7,6.9043,-3.8367,3.0000
588,scouts,8,0.0621,5.1606,3.0000
588,scouts,9,-4.5807,7.7956,3.0000
588,scouts,10,-6.4548,7.1843,3.0000
588,scouts,11,-4.2780,2.7152,3.0000
588,scouts,12,9.5000,6.7268,3.0000
588,scouts,13,8.6241,9.5000,3.0000
588,scouts,14,4.0502,6.8135,3.0000
588,scouts,15,8.5341,4.3272,3.0000
588,workers,0,-3.0000,-5.0000,3.0000
588,workers,1,7.0000,-5.0000,3.0000
588,workers,2,-2.3212,6.4331,3.0000
588,workers,3,7.0000,5.0000,3.0000
589,general,0,0.0000,0.0000,5.0000
589,nodes,0,-2.1695,-2.1796,3.0000
589,nodes,1,5.9731,-2.5799,3.0000
589,nodes,2,-4.8439,5.1831,3.0000
589,nodes,3,7.5009,5.7826,3.0000
589,scouts,0,2.9949,-1.1961,3.0000
589,scouts,1,-1.2018,1.1192,3.0000
589,scouts,2,-5.4054,-1.1974,3.0000
589,scouts,3,-1.1955,-3.5150,3.0000
589,scouts,4,9.5000,-1.0074,3.0000
589,scouts,5,7.4769,1.3083,3.0000
589,scouts,6,4.2088,-1.1627,3.0000
589,scouts,7,6.9242,-3.8365,3.0000
589,scouts,8,0.0752,5.1749,3.0000
589,scouts,9,-4.5665,7.8100,3.0000
589,scouts,10,-6.4452,7.2011,3.0000
589,scouts,11,-4.2653,2.7280,3.0000
589,scouts,12,9.5000,6.7379,3.0000
589,scouts,13,8.6239,9.5000,3.0000
589,scouts,14,4.0514,6.8329,3.0000
589,scouts,15,8.5355,4.3445,3.0000
589,workers,0,-3.0000,-5.0000,3.0000
589,workers,1,7.0000,-5.0000,3.0000
589,workers,2,-2.3069,6.4632,3.0000
589,workers,3,7.0000,5.0000,3.0000
590,general,0,0.0000,0.0000,5.0000
590,nodes,0,-2.1666,-2.1767,3.0000
590,nodes,1,5.9821,-2.5783,3.0000
590,nodes,2,-4.8374,5.1897,3.0000
590,nodes,3,7.5041,5.7912,3.0000
590,scouts,0,2.9945,-1.1957,3.0000
590,scouts,1,-1.2019,1.1199,3.0000
590,scouts,2,-5.4064,-1.1969,3.0000
590,scouts,3,-1.1947,-3.5161,3.0000
590,scouts,4,9.5000,-1.0083,3.0000
590,scouts,5,7.4953,1.3062,3.0000
590,scouts,6,4.2253,-1.1633,3.0000
590,scouts,7,6.9440,-3.8362,3.0000
590,scouts,8,0.0883,5.1893,3.0000
590,scouts,9,-4.5524,7.8243,3.0000
590,scouts,10,-6.4356,7.2179,3.0000
590,scouts,11,-4.2526,2.7407,3.0000
590,scouts,12,9.5000,6.7489,3.0000
590,scouts,13,8.6237,9.5000,3.0000
590,scouts,14,4.0525,6.8523,3.0000
590,scouts,15,8.5368,4.3618,3.0000
590,workers,0,-3.0000,-5.0000,3.0000
590,workers,1,7.0000,-5.0000,3.0000
590,workers,2,-2.2926,6.4933,3.0000
590,workers,3,7.0000,5.0000,3.0000
591,general,0,0.0000,0.0000,5.0000
591,nodes,0,-2.1637,-2.1737,3.0000
591,nodes,1,5.9911,-2.5766,3.0000
591,nodes,2,-4.8309,5.1970,3.0000
591,nodes,3,7.5070,5.8000,3.0000
591,scouts,0,2.9940,-1.1953,3.0000
591,scouts,1,-1.2015,1.1183,3.0000
591,scouts,2,-5.4076,-1.1963,3.0000
591,scouts,3,-1.1939,-3.5174,3.0000
591,scouts,4,9.5000,-1.0093,3.0000
591,scouts,5,7.5138,1.3041,3.0000
591,scouts,6,4.2418,-1.1639,3.0000
591,scouts,7,6.9639,-3.8359,3.0000
591,scouts,8,0.1014,5.2036,3.0000
591,scouts,9,-4.5383,7.8386,3.0000
591,scouts,10,-6.4260,7.2346,3.0000
591,scouts,11,-4.2399,2.7535,3.0000
591,scouts,12,9.5000,6.7599,3.0000
591,scouts,13,8.6236,9.5000,3.0000
591,scouts,14,4.0537,6.8717,3.0000
591,scouts,15,8.5381,4.3790,3.0000
591,workers,0,-3.0000,-5.0000,3.0000
591,workers,1,7.0000,-5.0000,3.0000
591,workers,2,-2.2784,6.5234,3.0000
591,workers,3,7.0000,5.0000,3.0000
592,general,0,0.0000,0.0000,5.0000
592,nodes,0,-2.1608,-2.1710,3.0000
592,nodes,1,6.0002,-2.5750,3.0000
592,nodes,2,-4.8244,5.2040,3.0000
592,nodes,3,7.5100,5.8086,3.0000
592,scouts,0,2.9934,-1.1948,3.0000
592,scouts,1,-1.2013,1.1173,3.0000
592,scouts,2,-5.4092,-1.1955,3.0000
592,scouts,3,-1.1929,-3.5189,3.0000
592,scouts,4,9.5000,-1.0102,3.0000
592,scouts,5,7.5322,1.3020,3.0000
592,scouts,6,4.2583,-1.1646,3.0000
592,scouts,7,6.9837,-3.8356,3.0000
592,scouts,8,0.1145,5.2180,3.0000
592,scouts,9,-4.5242,7.8530,3.0000
592,scouts,10,-6.4164,7.2514,3.0000
592,scouts,11,-4.2272,2.7663,3.0000
592,scouts,12,9.5000,6.7709,3.0000
592,scouts,13,8.6234,9.5000,3.0000
592,scouts,14,4.0549,6.8911,3.0000
592,scouts,15,8.5395,4.3963,3.0000
592,workers,0,-3.0000,-5.0000,3.0000
592,workers,1,7.0000,-5.0000,3.0000
592,workers,2,-2.2641,6.5536,3.0000
592,workers,3,7.0000,5.0000,3.0000
593,general,0,0.0000,0.0000,5.0000
593,nodes,0,-2.1580,-2.1680,3.0000
593,nodes,1,6.0092,-2.5734,3.0000
593,nodes,2,-4.8184,5.2109,3.0000
593,nodes,3,7.5130,5.8174,3.0000
593,scouts,0,2.9929,-1.1943,3.0000
593,scouts,1,-1.2012,1.1169,3.0000
593,scouts,2,-5.4086,-1.1958,3.0000
593,scouts,3,-1.1935,-3.5185,3.0000
593,scouts,4,9.5000,-1.0112,3.0000
593,scouts,5,7.5506,1.2998,3.0000
593,scouts,6,4.2748,-1.1653,3.0000
593,scouts,7,7.0035,-3.8352,3.0000
593,scouts,8,0.1276,5.2323,3.0000
593,scouts,9,-4.5101,7.8673,3.0000
593,scouts,10,-6.4068,7.2682,3.0000
593,scouts,11,-4.2145,2.7791,3.0000
593,scouts,12,9.5000,6.7818,3.0000
593,scouts,13,8.6232,9.5000,3.0000
593,scouts,14,4.0561,6.9105,3.0000
593,scouts,15,8.5408,4.4136,3.0000
593,workers,0,-3.0000,-5.0000,3.0000
593,workers,1,7.0000,-5.0000,3.0000
593,workers,2,-2.2498,6.5837,3.0000
593,workers,3,7.0000,5.0000,3.0000
594,general,0,0.0000,0.0000,5.0000
594,nodes,0,-2.1551,-2.1651,3.0000
594,nodes,1,6.0182,-2.5718,3.0000
594,nodes,2,-4.8117,5.2180,3.0000
594,nodes,3,7.5159,5.8260,3.0000
594,scouts,0,2.9923,-1.1938,3.0000
594,scouts,1,-1.2012,1.1169,3.0000
594,scouts,2,-5.4085,-1.1959,3.0000
594,scouts,3,-1.1954,-3.5164,3.0000
594,scouts,4,9.5000,-1.0122,3.0000
594,scouts,5,7.5691,1.2975,3.0000
594,scouts,6,4.2912,-1.1662,3.0000
594,scouts,7,7.0234,-3.8349,3.0000
594,scouts,8,0.1406,5.2467,3.0000
594,scouts,9,-4.4960,7.8816,3.0000
594,scouts,10,-6.3971,7.2850,3.0000
594,scouts,11,-4.2018,2.7918,3.0000
594,scouts,12,9.5000,6.7927,3.0000
594,scouts,13,8.6230,9.5000,3.0000
594,scouts,14,4.0574,6.9298,3.0000
594,scouts,15,8.5422,4.4309,3.0000
594,workers,0,-3.0000,-5.0000,3.0000
594,workers,1,7.0000,-5.0000,3.0000
594,workers,2,-2.2356,6.6138,3.0000
594,workers,3,7.0000,5.0000,3.0000
595,general,0,0.0000,0.0000,5.0000
595,nodes,0,-2.1524,-2.1618,3.0000
595,nodes,1,6.0272,-2.5703,3.0000
595,nodes,2,-4.8053,5.2251,3.0000
595,nodes,3,7.5189,5.8349,3.0000
595,scouts,0,2.9916,-1.1933,3.0000
595,scouts,1,-1.2012,1.1174,3.0000
595,scouts,2,-5.4088,-1.1957,3.0000
595,scouts,3,-1.1969,-3.5150,3.0000
595,scouts,4,9.5000,-1.0133,3.0000
595,scouts,5,7.5875,1.2952,3.0000
595,scouts,6,4.3076,-1.1671,3.0000
595,scouts,7,7.0432,-3.8345,3.0000
595,scouts,8,0.1536,5.2611,3.0000
595,scouts,9,-4.4819,7.8960,3.0000
595,scouts,10,-6.3875,7.3017,3.0000
595,scouts,11,-4.1892,2.8046,3.0000
595,scouts,12,9.5000,6.8036,3.0000
595,scouts,13,8.6228,9.5000,3.0000
595,scouts,14,4.0587,6.9492,3.0000
595,scouts,15,8.5435,4.4481,3.0000
595,workers,0,-3.0000,-5.0000,3.0000
595,workers,1,7.0000,-5.0000,3.0000
595,workers,2,-2.2213,6.6439,3.0000
595,workers,3,7.0000,5.0000,3.0000
596,general,0,0.0000,0.0000,5.0000
596,nodes,0,-2.1496,-2.1588,3.0000
596,nodes,1,6.0362,-2.5687,3.0000
596,nodes,2,-4.7991,5.2329,3.0000
596,nodes,3,7.5219,5.8434,3.0000
596,scouts,0,2.9931,-1.1945,3.0000
596,scouts,1,-1.2013,1.1182,3.0000
596,scouts,2,-5.4096,-1.1953,3.0000
596,scouts,3,-1.1980,-3.5142,3.0000
596,scouts,4,9.5000,-1.0143,3.0000
596,scouts,5,7.6059,1.2929,3.0000
596,scouts,6,4.3240,-1.1681,3.0000
596,scouts,7,7.0630,-3.8341,3.0000
596,scouts,8,0.1666,5.2755,3.0000
596,scouts,9,-4.4678,7.9103,3.0000
596,scouts,10,-6.3779,7.3185,3.0000
596,scouts,11,-4.1766,2.8174,3.0000
596,scouts,12,9.5000,6.8144,3.0000
596,scouts,13,8.6226,9.5000,3.0000
596,scouts,14,4.0600,6.9685,3.0000
596,scouts,15,8.5449,4.4653,3.0000
596,workers,0,-3.0000,-5.0000,3.0000
596,workers,1,7.0000,-5.0000,3.0000
596,workers,2,-2.2070,6.6741,3.0000
596,workers,3,7.0000,5.0000,3.0000
597,general,0,0.0000,0.0000,5.0000
597,nodes,0,-2.1466,-2.1558,3.0000
597,nodes,1,6.0452,-2.5671,3.0000
597,nodes,2,-4.7932,5.2393,3.0000
597,nodes,3,7.5249,5.8528,3.0000
597,scouts,0,2.9942,-1.1953,3.0000
597,scouts,1,-1.2015,1.1193,3.0000
597,scouts,2,-5.4083,-1.1959,3.0000
597,scouts,3,-1.1987,-3.5138,3.0000
597,scouts,4,9.5000,-1.0154,3.0000
597,scouts,5,7.6243,1.2906,3.0000
597,scouts,6,4.3404,-1.1691,3.0000
597,scouts,7,7.0828,-3.8336,3.0000
597,scouts,8,0.1796,5.2899,3.0000
597,scouts,9,-4.4537,7.9246,3.0000
597,scouts,10,-6.3683,7.3353,3.0000
597,scouts,11,-4.1639,2.8303,3.0000
597,scouts,12,9.5000,6.8252,3.0000
597,scouts,13,8.6223,9.5000,3.0000
597,scouts,14,4.0613,6.9879,3.0000
597,scouts,15,8.5462,4.4826,3.0000
597,workers,0,-3.0000,-5.0000,3.0000
597,workers,1,7.0000,-5.0000,3.0000
597,workers,2,-2.1928,6.7042,3.0000
597,workers,3,7.0000,5.0000,3.0000
598,general,0,0.0000,0.0000,5.0000
598,nodes,0,-2.1435,-2.1528,3.0000
598,nodes,1,6.0542,-2.5655,3.0000
598,nodes,2,-4.7862,5.2463,3.0000
598,nodes,3,7.5279,5.8612,3.0000
598,scouts,0,2.9951,-1.1960,3.0000
598,scouts,1,-1.2017,1.1208,3.0000
598,scouts,2,-5.4076,-1.1963,3.0000
598,scouts,3,-1.1991,-3.5139,3.0000
598,scouts,4,9.5000,-1.0165,3.0000
598,scouts,5,7.6428,1.2882,3.0000
598,scouts,6,4.3568,-1.1703,3.0000
598,scouts,7,7.1026,-3.8332,3.0000
598,scouts,8,0.1926,5.3043,3.0000
598,scouts,9,-4.4397,7.9389,3.0000
598,scouts,10,-6.3587,7.3521,3.0000
598,scouts,11,-4.1513,2.8431,3.0000
598,scouts,12,9.5000,6.8359,3.0000
598,scouts,13,8.6221,9.5000,3.0000
598,scouts,14,4.0627,7.0072,3.0000
598,scouts,15,8.5476,4.4998,3.0000
598,workers,0,-3.0000,-5.0000,3.0000
598,workers,1,7.0000,-5.0000,3.0000
598,workers,2,-2.1785,6.7343,3.0000
598,workers,3,7.0000,5.0000,3.0000
599,general,0,0.0000,0.0000,5.0000
599,nodes,0,-2.1406,-2.1498,3.0000
599,nodes,1,6.0633,-2.5641,3.0000
599,nodes,2,-4.7796,5.2530,3.0000
599,nodes,3,7.5309,5.8701,3.0000
599,scouts,0,2.9958,-1.1965,3.0000
599,scouts,1,-1.2015,1.1198,3.0000
599,scouts,2,-5.4075,-1.1963,3.0000
599,scouts,3,-1.1993,-3.5143,3.0000
599,scouts,4,9.5000,-1.0176,3.0000
599,scouts,5,7.6612,1.2857,3.0000
599,scouts,6,4.3732,-1.1715,3.0000
599,scouts,7,7.1224,-3.8327,3.0000
599,scouts,8,0.2056,5.3187,3.0000
599,scouts,9,-4.4256,7.9533,3.0000
599,scouts,10,-6.3490,7.3688,3.0000
599,scouts,11,-4.1387,2.8559,3.0000
599,scouts,12,9.5000,6.8466,3.0000
599,scouts,13,8.6219,9.5000,3.0000
599,scouts,14,4.0640,7.0265,3.0000
599,scouts,15,8.5490,4.5170,3.0000
599,workers,0,-3.0000,-5.0000,3.0000
599,workers,1,7.0000,-5.0000,3.0000
599,workers,2,-2.1642,6.7644,3.0000
599,workers,3,7.0000,5.0000,3.0000
600,general,0,0.0000,0.0000,5.0000
600,nodes,0,-2.1376,-2.1471,3.0000
600,nodes,1,6.0723,-2.5625,3.0000
600,nodes,2,-4.7729,5.2612,3.0000
600,nodes,3,7.5340,5.8787,3.0000
600,scouts,0,2.9963,-1.1969,3.0000
600,scouts,1,-1.2014,1.1193,3.0000
600,scouts,2,-5.4078,-1.1962,3.0000
600,scouts,3,-1.1992,-3.5150,3.0000
600,scouts,4,9.5000,-1.0187,3.0000
600,scouts,5,7.6796,1.2833,3.0000
600,scouts,6,4.3895,-1.1728,3.0000
600,scouts,7,7.1422,-3.8321,3.0000
600,scouts,8,0.2185,5.3331,3.0000
600,scouts,9,-4.4116,7.9676,3.0000
600,scouts,10,-6.3394,7.3856,3.0000
600,scouts,11,-4.1262,2.8687,3.0000
600,scouts,12,9.5000,6.8573,3.0000
600,scouts,13,8.6216,9.5000,3.0000
600,scouts,14,4.0655,7.0458,3.0000
600,scouts,15,8.5504,4.5342,3.0000
600,workers,0,-3.0000,-5.0000,3.0000
600,workers,1,7.0000,-5.0000,3.0000
600,workers,2,-2.1499,6.7946,3.0000
600,workers,3,7.0000,5.0000,3.0000
601,general,0,0.0000,0.0000,5.0000
601,nodes,0,-2.1446,-2.1474,3.0000
601,nodes,1,6.0704,-2.5620,3.0000
601,nodes,2,-4.7758,5.2671,3.0000
601,nodes,3,7.5294,5.8852,3.0000
601,scouts,0,2.9940,-1.1971,3.0000
601,scouts,1,-1.2041,1.1194,3.0000
601,scouts,2,-5.4111,-1.1958,3.0000
601,scouts,3,-1.2016,-3.5161,3.0000
601,scouts,4,9.5000,-1.0199,3.0000
601,scouts,5,7.6927,1.2811,3.0000
601,scouts,6,4.4006,-1.1739,3.0000
601,scouts,7,7.1567,-3.8320,3.0000
601,scouts,8,0.2276,5.3471,3.0000
601,scouts,9,-4.4016,7.9816,3.0000
601,scouts,10,-6.3338,7.4007,3.0000
601,scouts,11,-4.1174,2.8811,3.0000
601,scouts,12,9.5000,6.8678,3.0000
601,scouts,13,8.6184,9.5000,3.0000
601,scouts,14,4.0635,7.0632,3.0000
601,scouts,15,8.5488,4.5494,3.0000
601,workers,0,-3.0000,-5.0000,3.0000
601,workers,1,7.0000,-5.0000,3.0000
601,workers,2,-2.1680,6.8103,3.0000
601,workers,3,7.0000,5.0000,3.0000
602,general,0,0.0000,0.0000,5.0000
602,nodes,0,-2.1486,-2.1465,3.0000
602,nodes,1,6.0708,-2.5610,3.0000
602,nodes,2,-4.7756,5.2742,3.0000
602,nodes,3,7.5264,5.8912,3.0000
602,scouts,0,2.9892,-1.1972,3.0000
602,scouts,1,-1.2091,1.1199,3.0000
602,scouts,2,-5.4172,-1.1953,3.0000
602,scouts,3,-1.2061,-3.5173,3.0000
602,scouts,4,9.5000,-1.0210,3.0000
602,scouts,5,7.7012,1.2792,3.0000
602,scouts,6,4.4070,-1.1747,3.0000
602,scouts,7,7.1666,-3.8321,3.0000
602,scouts,8,0.2333,5.3605,3.0000
602,scouts,9,-4.3951,7.9954,3.0000
602,scouts,10,-6.3318,7.4144,3.0000
602,scouts,11,-4.1117,2.8929,3.0000
602,scouts,12,9.5000,6.8781,3.0000
602,scouts,13,8.6127,9.5000,3.0000
602,scouts,14,4.0587,7.0789,3.0000
602,scouts,15,8.5448,4.5629,3.0000
602,workers,0,-3.0000,-5.0000,3.0000
602,workers,1,7.0000,-5.0000,3.0000
602,workers,2,-2.1958,6.8218,3.0000
602,workers,3,7.0000,5.0000,3.0000
603,general,0,0.0000,0.0000,5.0000
603,nodes,0,-2.1548,-2.1462,3.0000
603,nodes,1,6.0685,-2.5601,3.0000
603,nodes,2,-4.7778,5.2798,3.0000
603,nodes,3,7.5217,5.8968,3.0000
603,scouts,0,2.9823,-1.1971,3.0000
603,scouts,1,-1.2162,1.1207,3.0000
603,scouts,2,-5.4255,-1.1946,3.0000
603,scouts,3,-1.2125,-3.5188,3.0000
603,scouts,4,9.5000,-1.0222,3.0000
603,scouts,5,7.7057,1.2775,3.0000
603,scouts,6,4.4094,-1.1754,3.0000
603,scouts,7,7.1725,-3.8324,3.0000
603,scouts,8,0.2361,5.3736,3.0000
603,scouts,9,-4.3915,8.0089,3.0000
603,scouts,10,-6.3327,7.4268,3.0000
603,scouts,11,-4.1088,2.9043,3.0000
603,scouts,12,9.5000,6.8882,3.0000
603,scouts,13,8.6049,9.5000,3.0000
603,scouts,14,4.0514,7.0931,3.0000
603,scouts,15,8.5385,4.5749,3.0000
603,workers,0,-3.0000,-5.0000,3.0000
603,workers,1,7.0000,-5.0000,3.0000
603,workers,2,-2.2265,6.8319,3.0000
603,workers,3,7.0000,5.0000,3.0000
604,general,0,0.0000,0.0000,5.0000
604,nodes,0,-2.1609,-2.1455,3.0000
604,nodes,1,6.0656,-2.5593,3.0000
604,nodes,2,-4.7812,5.2861,3.0000
604,nodes,3,7.5166,5.9022,3.0000
604,scouts,0,2.9735,-1.1970,3.0000
604,scouts,1,-1.2250,1.1218,3.0000
604,scouts,2,-5.4358,-1.1938,3.0000
604,scouts,3,-1.2205,-3.5204,3.0000
604,scouts,4,9.5000,-1.0233,3.0000
604,scouts,5,7.7068,1.2759,3.0000
604,scouts,6,4.4083,-1.1759,3.0000
604,scouts,7,7.1750,-3.8330,3.0000
604,scouts,8,0.2365,5.3863,3.0000
604,scouts,9,-4.3905,8.0222,3.0000
604,scouts,10,-6.3363,7.4381,3.0000
604,scouts,11,-4.1083,2.9152,3.0000
604,scouts,12,9.5000,6.8982,3.0000
604,scouts,13,8.5951,9.5000,3.0000
604,scouts,14,4.0418,7.1061,3.0000
604,scouts,15,8.5304,4.5857,3.0000
604,workers,0,-3.0000,-5.0000,3.0000
604,workers,1,7.0000,-5.0000,3.0000
604,workers,2,-2.2580,6.8416,3.0000
604,workers,3,7.0000,5.0000,3.0000
605,general,0,0.0000,0.0000,5.0000
605,nodes,0,-2.1679,-2.1449,3.0000
605,nodes,1,6.0616,-2.5584,3.0000
605,nodes,2,-4.7835,5.2920,3.0000
605,nodes,3,7.5107,5.9072,3.0000
605,scouts,0,2.9632,-1.1969,3.0000
605,scouts,1,-1.2355,1.1232,3.0000
605,scouts,2,-5.4478,-1.1928,3.0000
605,scouts,3,-1.2299,-3.5222,3.0000
605,scouts,4,9.4989,-1.0245,3.0000
605,scouts,5,7.7049,1.2746,3.0000
605,scouts,6,4.4043,-1.1762,3.0000
605,scouts,7,7.1745,-3.8338,3.0000
605,scouts,8,0.2346,5.3987,3.0000
605,scouts,9,-4.3917,8.0354,3.0000
605,scouts,10,-6.3421,7.4485,3.0000
605,scouts,11,-4.1098,2.9257,3.0000
605,scouts,12,9.4984,6.9081,3.0000
605,scouts,13,8.5837,9.5000,3.0000
605,scouts,14,4.0304,7.1180,3.0000
605,scouts,15,8.5206,4.5953,3.0000
605,workers,0,-3.0000,-5.0000,3.0000
605,workers,1,7.0000,-5.0000,3.0000
605,workers,2,-2.2898,6.8512,3.0000
605,workers,3,7.0000,5.0000,3.0000
606,general,0,0.0000,0.0000,5.0000
606,nodes,0,-2.1751,-2.1443,3.0000
606,nodes,1,6.0568,-2.5577,3.0000
606,nodes,2,-4.7880,5.2981,3.0000
606,nodes,3,7.5043,5.9121,3.0000
606,scouts,0,2.9514,-1.1966,3.0000
606,scouts,1,-1.2472,1.1249,3.0000
606,scouts,2,-5.4614,-1.1918,3.0000
606,scouts,3,-1.2405,-3.5242,3.0000
606,scouts,4,9.4952,-1.0257,3.0000
606,scouts,5,7.7004,1.2734,3.0000
606,scouts,6,4.3976,-1.1765,3.0000
606,scouts,7,7.1715,-3.8348,3.0000
606,scouts,8,0.2308,5.4108,3.0000
606,scouts,9,-4.3948,8.0483,3.0000
606,scouts,10,-6.3499,7.4580,3.0000
606,scouts,11,-4.1131,2.9360,3.0000
606,scouts,12,9.4944,6.9179,3.0000
606,scouts,13,8.5708,9.5000,3.0000
606,scouts,14,4.0174,7.1290,3.0000
606,scouts,15,8.5094,4.6039,3.0000
606,workers,0,-3.0000,-5.0000,3.0000
606,workers,1,7.0000,-5.0000,3.0000
606,workers,2,-2.3217,6.8608,3.0000
606,workers,3,7.0000,5.0000,3.0000
607,general,0,0.0000,0.0000,5.0000
607,nodes,0,-2.1827,-2.1436,3.0000
607,nodes,1,6.0513,-2.5567,3.0000
607,nodes,2,-4.7924,5.3041,3.0000
607,nodes,3,7.4975,5.9168,3.0000
607,scouts,0,2.9385,-1.1963,3.0000
607,scouts,1,-1.2601,1.1267,3.0000
607,scouts,2,-5.4762,-1.1907,3.0000
607,scouts,3,-1.2522,-3.5262,3.0000
607,scouts,4,9.4893,-1.0269,3.0000
607,scouts,5,7.6936,1.2723,3.0000
607,scouts,6,4.3886,-1.1766,3.0000
607,scouts,7,7.1661,-3.8358,3.0000
607,scouts,8,0.2254,5.4228,3.0000
607,scouts,9,-4.3997,8.0612,3.0000
607,scouts,10,-6.3594,7.4668,3.0000
607,scouts,11,-4.1180,2.9459,3.0000
607,scouts,12,9.4884,6.9276,3.0000
607,scouts,13,8.5567,9.5000,3.0000
607,scouts,14,4.0029,7.1391,3.0000
607,scouts,15,8.4969,4.6117,3.0000
607,workers,0,-3.0000,-5.0000,3.0000
607,workers,1,7.0000,-5.0000,3.0000
607,workers,2,-2.3537,6.8704,3.0000
607,workers,3,7.0000,5.0000,3.0000
608,general,0,0.0000,0.0000,5.0000
608,nodes,0,-2.1907,-2.1429,3.0000
608,nodes,1,6.0452,-2.5558,3.0000
608,nodes,2,-4.7982,5.3095,3.0000
608,nodes,3,7.4902,5.9212,3.0000
608,scouts,0,2.9246,-1.1960,3.0000
608,scouts,1,-1.2740,1.1288,3.0000
608,scouts,2,-5.4921,-1.1896,3.0000
608,scouts,3,-1.2647,-3.5283,3.0000
608,scouts,4,9.4814,-1.0280,3.0000
608,scouts,5,7.6849,1.2713,3.0000
608,scouts,6,4.3778,-1.1767,3.0000
608,scouts,7,7.1589,-3.8371,3.0000
608,scouts,8,0.2185,5.4345,3.0000
608,scouts,9,-4.4060,8.0739,3.0000
608,scouts,10,-6.3704,7.4750,3.0000
608,scouts,11,-4.1242,2.9556,3.0000
608,scouts,12,9.4807,6.9372,3.0000
608,scouts,13,8.5416,9.5000,3.0000
608,scouts,14,3.9872,7.1485,3.0000
608,scouts,15,8.4834,4.6187,3.0000
608,workers,0,-3.0000,-5.0000,3.0000
608,workers,1,7.0000,-5.0000,3.0000
608,workers,2,-2.3856,6.8799,3.0000
608,workers,3,7.0000,5.0000,3.0000
609,general,0,0.0000,0.0000,5.0000
609,nodes,0,-2.1989,-2.1422,3.0000
609,nodes,1,6.0386,-2.5549,3.0000
609,nodes,2,-4.8041,5.3151,3.0000
609,nodes,3,7.4826,5.9254,3.0000
609,scouts,0,2.9097,-1.1956,3.0000
609,scouts,1,-1.2888,1.1309,3.0000
609,scouts,2,-5.5090,-1.1883,3.0000
609,scouts,3,-1.2781,-3.5306,3.0000
609,scouts,4,9.4718,-1.0292,3.0000
609,scouts,5,7.6745,1.2704,3.0000
609,scouts,6,4.3652,-1.1766,3.0000
609,scouts,7,7.1500,-3.8384,3.0000
609,scouts,8,0.2104,5.4460,3.0000
609,scouts,9,-4.4135,8.0865,3.0000
609,scouts,10,-6.3826,7.4827,3.0000
609,scouts,11,-4.1315,2.9651,3.0000
609,scouts,12,9.4714,6.9467,3.0000
609,scouts,13,8.5255,9.5000,3.0000
609,scouts,14,3.9705,7.1573,3.0000
609,scouts,15,8.4690,4.6251,3.0000
609,workers,0,-3.0000,-5.0000,3.0000
609,workers,1,7.0000,-5.0000,3.0000
609,workers,2,-2.4175,6.8895,3.0000
609,workers,3,7.0000,5.0000,3.0000
610,general,0,0.0000,0.0000,5.0000
610,nodes,0,-2.2074,-2.1415,3.0000
610,nodes,1,6.0314,-2.5541,3.0000
610,nodes,2,-4.8097,5.3207,3.0000
610,nodes,3,7.4747,5.9296,3.0000
610,scouts,0,2.8941,-1.1952,3.0000
610,scouts,1,-1.3043,1.1333,3.0000
610,scouts,2,-5.5268,-1.1871,3.0000
610,scouts,3,-1.2921,-3.5329,3.0000
610,scouts,4,9.4608,-1.0304,3.0000
610,scouts,5,7.6626,1.2696,3.0000
610,scouts,6,4.3511,-1.1766,3.0000
610,scouts,7,7.1396,-3.8398,3.0000
610,scouts,8,0.2013,5.4574,3.0000
610,scouts,9,-4.4222,8.0991,3.0000
610,scouts,10,-6.3960,7.4899,3.0000
610,scouts,11,-4.1399,2.9744,3.0000
610,scouts,12,9.4609,6.9561,3.0000
610,scouts,13,8.5086,9.5000,3.0000
610,scouts,14,3.9528,7.1655,3.0000
610,scouts,15,8.4537,4.6310,3.0000
610,workers,0,-3.0000,-5.0000,3.0000
610,workers,1,7.0000,-5.0000,3.0000
610,workers,2,-2.4494,6.8991,3.0000
610,workers,3,7.0000,5.0000,3.0000
611,general,0,0.0000,0.0000,5.0000
611,nodes,0,-2.2161,-2.1408,3.0000
611,nodes,1,6.0239,-2.5532,3.0000
611,nodes,2,-4.8165,5.3260,3.0000
611,nodes,3,7.4665,5.9336,3.0000
611,scouts,0,2.8778,-1.1947,3.0000
611,scouts,1,-1.3205,1.1357,3.0000
611,scouts,2,-5.5452,-1.1857,3.0000
611,scouts,3,-1.3067,-3.5352,3.0000
611,scouts,4,9.4484,-1.0316,3.0000
611,scouts,5,7.6495,1.2688,3.0000
611,scouts,6,4.3358,-1.1764,3.0000
611,scouts,7,7.1279,-3.8413,3.0000
611,scouts,8,0.1911,5.4686,3.0000
611,scouts,9,-4.4318,8.1115,3.0000
611,scouts,10,-6.4103,7.4966,3.0000
611,scouts,11,-4.1491,2.9835,3.0000
611,scouts,12,9.4491,6.9655,3.0000
611,scouts,13,8.4911,9.5000,3.0000
611,scouts,14,3.9343,7.1733,3.0000
611,scouts,15,8.4378,4.6363,3.0000
611,workers,0,-3.0000,-5.0000,3.0000
611,workers,1,7.0000,-5.0000,3.0000
611,workers,2,-2.4814,6.9086,3.0000
611,workers,3,7.0000,5.0000,3.0000
