frame,tier,agent_idx,x,y,z
0,general,0,0.0000,0.0000,5.0000
0,nodes,0,-5.0008,-4.9966,3.0000
0,nodes,1,5.0008,-4.9966,3.0000
0,nodes,2,-4.9975,4.9975,3.0000
0,nodes,3,4.9974,4.9976,3.0000
0,scouts,0,-3.5001,-4.9995,3.0000
0,scouts,1,-5.0001,-3.4995,3.0000
0,scouts,2,-6.5001,-4.9995,3.0000
0,scouts,3,-5.0001,-6.4995,3.0000
0,scouts,4,6.5001,-4.9995,3.0000
0,scouts,5,5.0001,-3.4995,3.0000
0,scouts,6,3.5001,-4.9995,3.0000
0,scouts,7,5.0001,-6.4995,3.0000
0,scouts,8,-3.4997,4.9997,3.0000
0,scouts,9,-4.9997,6.4997,3.0000
0,scouts,10,-6.4997,4.9997,3.0000
0,scouts,11,-4.9997,3.4997,3.0000
0,scouts,12,6.4997,4.9997,3.0000
0,scouts,13,4.9997,6.4997,3.0000
0,scouts,14,3.4997,4.9997,3.0000
0,scouts,15,4.9997,3.4997,3.0000
0,workers,0,-3.0000,-5.0000,3.0000
0,workers,1,7.0000,-5.0000,3.0000
0,workers,2,-3.0000,5.0000,3.0000
0,workers,3,7.0000,5.0000,3.0000
1,general,0,0.0000,0.0000,5.0000
1,nodes,0,-5.0017,-4.9925,3.0000
1,nodes,1,5.0018,-4.9926,3.0000
1,nodes,2,-4.9946,4.9945,3.0000
1,nodes,3,4.9944,4.9946,3.0000
1,scouts,0,-3.5003,-4.9986,3.0000
1,scouts,1,-5.0003,-3.4986,3.0000
1,scouts,2,-6.5003,-4.9986,3.0000
1,scouts,3,-5.0003,-6.4986,3.0000
1,scouts,4,6.5003,-4.9986,3.0000
1,scouts,5,5.0003,-3.4986,3.0000
1,scouts,6,3.5003,-4.9986,3.0000
1,scouts,7,5.0003,-6.4986,3.0000
1,scouts,8,-3.4990,4.9990,3.0000
1,scouts,9,-4.9990,6.4990,3.0000
1,scouts,10,-6.4990,4.9990,3.0000
1,scouts,11,-4.9990,3.4990,3.0000
1,scouts,12,6.4990,4.9990,3.0000
1,scouts,13,4.9990,6.4990,3.0000
1,scouts,14,3.4990,4.9990,3.0000
1,scouts,15,4.9990,3.4990,3.0000
1,workers,0,-3.0000,-5.0000,3.0000
1,workers,1,7.0000,-5.0000,3.0000
1,workers,2,-3.0000,5.0000,3.0000
1,workers,3,7.0000,5.0000,3.0000
2,general,0,0.0000,0.0000,5.0000
2,nodes,0,-5.0027,-4.9883,3.0000
2,nodes,1,5.0028,-4.9883,3.0000
2,nodes,2,-4.9915,4.9914,3.0000
2,nodes,3,4.9913,4.9915,3.0000
2,scouts,0,-3.5006,-4.9972,3.0000
2,scouts,1,-5.0006,-3.4972,3.0000
2,scouts,2,-6.5006,-4.9972,3.0000
2,scouts,3,-5.0006,-6.4972,3.0000
2,scouts,4,6.5007,-4.9972,3.0000
2,scouts,5,5.0007,-3.4972,3.0000
2,scouts,6,3.5007,-4.9972,3.0000
2,scouts,7,5.0007,-6.4972,3.0000
2,scouts,8,-3.4980,4.9980,3.0000
2,scouts,9,-4.9980,6.4980,3.0000
2,scouts,10,-6.4980,4.9980,3.0000
2,scouts,11,-4.9980,3.4980,3.0000
2,scouts,12,6.4979,4.9980,3.0000
2,scouts,13,4.9979,6.4980,3.0000
2,scouts,14,3.4979,4.9980,3.0000
2,scouts,15,4.9979,3.4980,3.0000
2,workers,0,-3.0000,-5.0000,3.0000
2,workers,1,7.0000,-5.0000,3.0000
2,workers,2,-3.0000,5.0000,3.0000
2,workers,3,7.0000,5.0000,3.0000
3,general,0,0.0000,0.0000,5.0000
3,nodes,0,-5.0038,-4.9838,3.0000
3,nodes,1,5.0039,-4.9839,3.0000
3,nodes,2,-4.9883,4.9882,3.0000
3,nodes,3,4.9881,4.9882,3.0000
3,scouts,0,-3.5011,-4.9954,3.0000
3,scouts,1,-5.0011,-3.4954,3.0000
3,scouts,2,-6.5011,-4.9954,3.0000
3,scouts,3,-5.0011,-6.4954,3.0000
3,scouts,4,6.5011,-4.9955,3.0000
3,scouts,5,5.0011,-3.4955,3.0000
3,scouts,6,3.5011,-4.9955,3.0000
3,scouts,7,5.0011,-6.4955,3.0000
3,scouts,8,-3.4967,4.9967,3.0000
3,scouts,9,-4.9967,6.4967,3.0000
3,scouts,10,-6.4967,4.9967,3.0000
3,scouts,11,-4.9967,3.4967,3.0000
3,scouts,12,6.4966,4.9967,3.0000
3,scouts,13,4.9966,6.4967,3.0000
3,scouts,14,3.4966,4.9967,3.0000
3,scouts,15,4.9966,3.4967,3.0000
3,workers,0,-3.0000,-5.0000,3.0000
3,workers,1,7.0000,-5.0000,3.0000
3,workers,2,-3.0000,5.0000,3.0000
3,workers,3,7.0000,5.0000,3.0000
4,general,0,0.0000,0.0000,5.0000
4,nodes,0,-5.0048,-4.9793,3.0000
4,nodes,1,5.0050,-4.9793,3.0000
4,nodes,2,-4.9850,4.9848,3.0000
4,nodes,3,4.9847,4.9849,3.0000
4,scouts,0,-3.5016,-4.9933,3.0000
4,scouts,1,-5.0016,-3.4933,3.0000
4,scouts,2,-6.5016,-4.9933,3.0000
4,scouts,3,-5.0016,-6.4933,3.0000
4,scouts,4,6.5016,-4.9933,3.0000
4,scouts,5,5.0016,-3.4933,3.0000
4,scouts,6,3.5016,-4.9933,3.0000
4,scouts,7,5.0016,-6.4933,3.0000
4,scouts,8,-3.4951,4.9951,3.0000
4,scouts,9,-4.9951,6.4951,3.0000
4,scouts,10,-6.4951,4.9951,3.0000
4,scouts,11,-4.9951,3.4951,3.0000
4,scouts,12,6.4950,4.9951,3.0000
4,scouts,13,4.9950,6.4951,3.0000
4,scouts,14,3.4950,4.9951,3.0000
4,scouts,15,4.9950,3.4951,3.0000
4,workers,0,-3.0000,-5.0000,3.0000
4,workers,1,7.0000,-5.0000,3.0000
4,workers,2,-3.0000,5.0000,3.0000
4,workers,3,7.0000,5.0000,3.0000
5,general,0,0.0000,0.0000,5.0000
5,nodes,0,-5.0059,-4.9746,3.0000
5,nodes,1,5.0061,-4.9748,3.0000
5,nodes,2,-4.9817,4.9814,3.0000
5,nodes,3,4.9813,4.9815,3.0000
5,scouts,0,-3.5021,-4.9908,3.0000
5,scouts,1,-5.0021,-3.4908,3.0000
5,scouts,2,-6.5021,-4.9908,3.0000
5,scouts,3,-5.0021,-6.4908,3.0000
5,scouts,4,6.5022,-4.9908,3.0000
5,scouts,5,5.0022,-3.4908,3.0000
5,scouts,6,3.5022,-4.9908,3.0000
5,scouts,7,5.0022,-6.4908,3.0000
5,scouts,8,-3.4933,4.9933,3.0000
5,scouts,9,-4.9933,6.4933,3.0000
5,scouts,10,-6.4933,4.9933,3.0000
5,scouts,11,-4.9933,3.4933,3.0000
5,scouts,12,6.4932,4.9933,3.0000
5,scouts,13,4.9932,6.4933,3.0000
5,scouts,14,3.4932,4.9933,3.0000
5,scouts,15,4.9932,3.4933,3.0000
5,workers,0,-3.0000,-5.0000,3.0000
5,workers,1,7.0000,-5.0000,3.0000
5,workers,2,-3.0000,5.0000,3.0000
5,workers,3,7.0000,5.0000,3.0000
6,general,0,0.0000,0.0000,5.0000
6,nodes,0,-5.0070,-4.9698,3.0000
6,nodes,1,5.0071,-4.9701,3.0000
6,nodes,2,-4.9782,4.9779,3.0000
6,nodes,3,4.9778,4.9780,3.0000
6,scouts,0,-3.5028,-4.9880,3.0000
6,scouts,1,-5.0028,-3.4880,3.0000
6,scouts,2,-6.5028,-4.9880,3.0000
6,scouts,3,-5.0028,-6.4880,3.0000
6,scouts,4,6.5028,-4.9881,3.0000
6,scouts,5,5.0028,-3.4881,3.0000
6,scouts,6,3.5028,-4.9881,3.0000
6,scouts,7,5.0028,-6.4881,3.0000
6,scouts,8,-3.4913,4.9912,3.0000
6,scouts,9,-4.9913,6.4912,3.0000
6,scouts,10,-6.4913,4.9912,3.0000
6,scouts,11,-4.9913,3.4912,3.0000
6,scouts,12,6.4912,4.9913,3.0000
6,scouts,13,4.9912,6.4913,3.0000
6,scouts,14,3.4912,4.9913,3.0000
6,scouts,15,4.9912,3.4913,3.0000
6,workers,0,-3.0000,-5.0000,3.0000
6,workers,1,7.0000,-5.0000,3.0000
6,workers,2,-3.0000,5.0000,3.0000
6,workers,3,7.0000,5.0000,3.0000
7,general,0,0.0000,0.0000,5.0000
7,nodes,0,-5.0081,-4.9649,3.0000
7,nodes,1,5.0082,-4.9653,3.0000
7,nodes,2,-4.9747,4.9745,3.0000
7,nodes,3,4.9744,4.9745,3.0000
7,scouts,0,-3.5035,-4.9849,3.0000
7,scouts,1,-5.0035,-3.4849,3.0000
7,scouts,2,-6.5035,-4.9849,3.0000
7,scouts,3,-5.0035,-6.4849,3.0000
7,scouts,4,6.5036,-4.9850,3.0000
7,scouts,5,5.0036,-3.4850,3.0000
7,scouts,6,3.5036,-4.9850,3.0000
7,scouts,7,5.0036,-6.4850,3.0000
7,scouts,8,-3.4891,4.9890,3.0000
7,scouts,9,-4.9891,6.4890,3.0000
7,scouts,10,-6.4891,4.9890,3.0000
7,scouts,11,-4.9891,3.4890,3.0000
7,scouts,12,6.4889,4.9890,3.0000
7,scouts,13,4.9889,6.4890,3.0000
7,scouts,14,3.4889,4.9890,3.0000
7,scouts,15,4.9889,3.4890,3.0000
7,workers,0,-3.0000,-5.0000,3.0000
7,workers,1,7.0000,-5.0000,3.0000
7,workers,2,-3.0000,5.0000,3.0000
7,workers,3,7.0000,5.0000,3.0000
8,general,0,0.0000,0.0000,5.0000
8,nodes,0,-5.0092,-4.9600,3.0000
8,nodes,1,5.0093,-4.9604,3.0000
8,nodes,2,-4.9712,4.9710,3.0000
8,nodes,3,4.9708,4.9709,3.0000
8,scouts,0,-3.5043,-4.9816,3.0000
8,scouts,1,-5.0043,-3.4816,3.0000
8,scouts,2,-6.5043,-4.9816,3.0000
8,scouts,3,-5.0043,-6.4816,3.0000
8,scouts,4,6.5043,-4.9817,3.0000
8,scouts,5,5.0043,-3.4817,3.0000
8,scouts,6,3.5043,-4.9817,3.0000
8,scouts,7,5.0043,-6.4817,3.0000
8,scouts,8,-3.4867,4.9866,3.0000
8,scouts,9,-4.9867,6.4866,3.0000
8,scouts,10,-6.4867,4.9866,3.0000
8,scouts,11,-4.9867,3.4866,3.0000
8,scouts,12,6.4865,4.9866,3.0000
8,scouts,13,4.9865,6.4866,3.0000
8,scouts,14,3.4865,4.9866,3.0000
8,scouts,15,4.9865,3.4866,3.0000
8,workers,0,-3.0000,-5.0000,3.0000
8,workers,1,7.0000,-5.0000,3.0000
8,workers,2,-3.0000,5.0000,3.0000
8,workers,3,7.0000,5.0000,3.0000
9,general,0,0.0000,0.0000,5.0000
9,nodes,0,-5.0103,-4.9550,3.0000
9,nodes,1,5.0105,-4.9554,3.0000
9,nodes,2,-4.9675,4.9673,3.0000
9,nodes,3,4.9672,4.9673,3.0000
9,scouts,0,-3.5051,-4.9780,3.0000
9,scouts,1,-5.0051,-3.4780,3.0000
9,scouts,2,-6.5051,-4.9780,3.0000
9,scouts,3,-5.0051,-6.4780,3.0000
9,scouts,4,6.5051,-4.9782,3.0000
9,scouts,5,5.0051,-3.4782,3.0000
9,scouts,6,3.5051,-4.9782,3.0000
9,scouts,7,5.0051,-6.4782,3.0000
9,scouts,8,-3.4842,4.9840,3.0000
9,scouts,9,-4.9842,6.4840,3.0000
9,scouts,10,-6.4842,4.9840,3.0000
9,scouts,11,-4.9842,3.4840,3.0000
9,scouts,12,6.4839,4.9840,3.0000
9,scouts,13,4.9839,6.4840,3.0000
9,scouts,14,3.4839,4.9840,3.0000
9,scouts,15,4.9839,3.4840,3.0000
9,workers,0,-3.0000,-5.0000,3.0000
9,workers,1,7.0000,-5.0000,3.0000
9,workers,2,-3.0000,5.0000,3.0000
9,workers,3,7.0000,5.0000,3.0000
10,general,0,0.0000,0.0000,5.0000
10,nodes,0,-5.0114,-4.9499,3.0000
10,nodes,1,5.0117,-4.9504,3.0000
10,nodes,2,-4.9638,4.9636,3.0000
10,nodes,3,4.9635,4.9636,3.0000
10,scouts,0,-3.5059,-4.9743,3.0000
10,scouts,1,-5.0059,-3.4743,3.0000
10,scouts,2,-6.5059,-4.9743,3.0000
10,scouts,3,-5.0059,-6.4743,3.0000
10,scouts,4,6.5060,-4.9745,3.0000
10,scouts,5,5.0060,-3.4745,3.0000
10,scouts,6,3.5060,-4.9745,3.0000
10,scouts,7,5.0060,-6.4745,3.0000
10,scouts,8,-3.4814,4.9813,3.0000
10,scouts,9,-4.9814,6.4813,3.0000
10,scouts,10,-6.4814,4.9813,3.0000
10,scouts,11,-4.9814,3.4813,3.0000
10,scouts,12,6.4812,4.9813,3.0000
10,scouts,13,4.9812,6.4813,3.0000
10,scouts,14,3.4812,4.9813,3.0000
10,scouts,15,4.9812,3.4813,3.0000
10,workers,0,-3.0000,-5.0000,3.0000
10,workers,1,7.0000,-5.0000,3.0000
10,workers,2,-3.0000,5.0000,3.0000
10,workers,3,7.0000,5.0000,3.0000
11,general,0,0.0000,0.0000,5.0000
11,nodes,0,-5.0126,-4.9447,3.0000
11,nodes,1,5.0128,-4.9453,3.0000
11,nodes,2,-4.9601,4.9599,3.0000
11,nodes,3,4.9598,4.9599,3.0000
11,scouts,0,-3.5068,-4.9703,3.0000
11,scouts,1,-5.0068,-3.4703,3.0000
11,scouts,2,-6.5068,-4.9703,3.0000
11,scouts,3,-5.0068,-6.4703,3.0000
11,scouts,4,6.5069,-4.9706,3.0000
11,scouts,5,5.0069,-3.4706,3.0000
11,scouts,6,3.5069,-4.9706,3.0000
11,scouts,7,5.0069,-6.4706,3.0000
11,scouts,8,-3.4786,4.9784,3.0000
11,scouts,9,-4.9786,6.4784,3.0000
11,scouts,10,-6.4786,4.9784,3.0000
11,scouts,11,-4.9786,3.4784,3.0000
11,scouts,12,6.4784,4.9785,3.0000
11,scouts,13,4.9784,6.4785,3.0000
11,scouts,14,3.4784,4.9785,3.0000
11,scouts,15,4.9784,3.4785,3.0000
11,workers,0,-3.0000,-5.0000,3.0000
11,workers,1,7.0000,-5.0000,3.0000
11,workers,2,-3.0000,5.0000,3.0000
11,workers,3,7.0000,5.0000,3.0000
12,general,0,0.0000,0.0000,5.0000
12,nodes,0,-5.0138,-4.9396,3.0000
12,nodes,1,5.0140,-4.9402,3.0000
12,nodes,2,-4.9564,4.9561,3.0000
12,nodes,3,4.9561,4.9561,3.0000
12,scouts,0,-3.5077,-4.9662,3.0000
12,scouts,1,-5.0077,-3.4662,3.0000
12,scouts,2,-6.5077,-4.9662,3.0000
12,scouts,3,-5.0077,-6.4662,3.0000
12,scouts,4,6.5079,-4.9666,3.0000
12,scouts,5,5.0079,-3.4666,3.0000
12,scouts,6,3.5079,-4.9666,3.0000
12,scouts,7,5.0079,-6.4666,3.0000
12,scouts,8,-3.4756,4.9755,3.0000
12,scouts,9,-4.9756,6.4755,3.0000
12,scouts,10,-6.4756,4.9755,3.0000
12,scouts,11,-4.9756,3.4755,3.0000
12,scouts,12,6.4754,4.9755,3.0000
12,scouts,13,4.9754,6.4755,3.0000
12,scouts,14,3.4754,4.9755,3.0000
12,scouts,15,4.9754,3.4755,3.0000
12,workers,0,-3.0000,-5.0000,3.0000
12,workers,1,7.0000,-5.0000,3.0000
12,workers,2,-3.0000,5.0000,3.0000
12,workers,3,7.0000,5.0000,3.0000
13,general,0,0.0000,0.0000,5.0000
13,nodes,0,-5.0149,-4.9343,3.0000
13,nodes,1,5.0153,-4.9349,3.0000
13,nodes,2,-4.9526,4.9523,3.0000
13,nodes,3,4.9525,4.9523,3.0000
13,scouts,0,-3.5087,-4.9620,3.0000
13,scouts,1,-5.0087,-3.4620,3.0000
13,scouts,2,-6.5087,-4.9620,3.0000
13,scouts,3,-5.0087,-6.4620,3.0000
13,scouts,4,6.5089,-4.9624,3.0000
13,scouts,5,5.0089,-3.4624,3.0000
13,scouts,6,3.5089,-4.9624,3.0000
13,scouts,7,5.0089,-6.4624,3.0000
13,scouts,8,-3.4726,4.9724,3.0000
13,scouts,9,-4.9726,6.4724,3.0000
13,scouts,10,-6.4726,4.9724,3.0000
13,scouts,11,-4.9726,3.4724,3.0000
13,scouts,12,6.4723,4.9724,3.0000
13,scouts,13,4.9723,6.4724,3.0000
13,scouts,14,3.4723,4.9724,3.0000
13,scouts,15,4.9723,3.4724,3.0000
13,workers,0,-3.0000,-5.0000,3.0000
13,workers,1,7.0000,-5.0000,3.0000
13,workers,2,-3.0000,5.0000,3.0000
13,workers,3,7.0000,5.0000,3.0000
14,general,0,0.0000,0.0000,5.0000
14,nodes,0,-5.0162,-4.9291,3.0000
14,nodes,1,5.0165,-4.9297,3.0000
14,nodes,2,-4.9488,4.9484,3.0000
14,nodes,3,4.9487,4.9485,3.0000
14,scouts,0,-3.5097,-4.9576,3.0000
14,scouts,1,-5.0097,-3.4576,3.0000
14,scouts,2,-6.5097,-4.9576,3.0000
14,scouts,3,-5.0097,-6.4576,3.0000
14,scouts,4,6.5099,-4.9580,3.0000
14,scouts,5,5.0099,-3.4580,3.0000
14,scouts,6,3.5099,-4.9580,3.0000
14,scouts,7,5.0099,-6.4580,3.0000
14,scouts,8,-3.4694,4.9692,3.0000
14,scouts,9,-4.9694,6.4692,3.0000
14,scouts,10,-6.4694,4.9692,3.0000
14,scouts,11,-4.9694,3.4692,3.0000
14,scouts,12,6.4692,4.9692,3.0000
14,scouts,13,4.9692,6.4692,3.0000
14,scouts,14,3.4692,4.9692,3.0000
14,scouts,15,4.9692,3.4692,3.0000
14,workers,0,-3.0000,-5.0000,3.0000
14,workers,1,7.0000,-5.0000,3.0000
14,workers,2,-3.0000,5.0000,3.0000
14,workers,3,7.0000,5.0000,3.0000
15,general,0,0.0000,0.0000,5.0000
15,nodes,0,-5.0174,-4.9237,3.0000
15,nodes,1,5.0178,-4.9244,3.0000
15,nodes,2,-4.9449,4.9446,3.0000
15,nodes,3,4.9449,4.9446,3.0000
15,scouts,0,-3.5107,-4.9531,3.0000
15,scouts,1,-5.0107,-3.4531,3.0000
15,scouts,2,-6.5107,-4.9531,3.0000
15,scouts,3,-5.0107,-6.4531,3.0000
15,scouts,4,6.5109,-4.9535,3.0000
15,scouts,5,5.0109,-3.4535,3.0000
15,scouts,6,3.5109,-4.9535,3.0000
15,scouts,7,5.0109,-6.4535,3.0000
15,scouts,8,-3.4661,4.9659,3.0000
15,scouts,9,-4.9661,6.4659,3.0000
15,scouts,10,-6.4661,4.9659,3.0000
15,scouts,11,-4.9661,3.4659,3.0000
15,scouts,12,6.4659,4.9659,3.0000
15,scouts,13,4.9659,6.4659,3.0000
15,scouts,14,3.4659,4.9659,3.0000
15,scouts,15,4.9659,3.4659,3.0000
15,workers,0,-3.0000,-5.0000,3.0000
15,workers,1,7.0000,-5.0000,3.0000
15,workers,2,-3.0000,5.0000,3.0000
15,workers,3,7.0000,5.0000,3.0000
16,general,0,0.0000,0.0000,5.0000
16,nodes,0,-5.0186,-4.9184,3.0000
16,nodes,1,5.0190,-4.9190,3.0000
16,nodes,2,-4.9411,4.9407,3.0000
16,nodes,3,4.9410,4.9408,3.0000
16,scouts,0,-3.5118,-4.9485,3.0000
16,scouts,1,-5.0118,-3.4485,3.0000
16,scouts,2,-6.5118,-4.9485,3.0000
16,scouts,3,-5.0118,-6.4485,3.0000
16,scouts,4,6.5120,-4.9489,3.0000
16,scouts,5,5.0120,-3.4489,3.0000
16,scouts,6,3.5120,-4.9489,3.0000
16,scouts,7,5.0120,-6.4489,3.0000
16,scouts,8,-3.4628,4.9625,3.0000
16,scouts,9,-4.9628,6.4625,3.0000
16,scouts,10,-6.4628,4.9625,3.0000
16,scouts,11,-4.9628,3.4625,3.0000
16,scouts,12,6.4626,4.9626,3.0000
16,scouts,13,4.9626,6.4626,3.0000
16,scouts,14,3.4626,4.9626,3.0000
16,scouts,15,4.9626,3.4626,3.0000
16,workers,0,-3.0000,-5.0000,3.0000
16,workers,1,7.0000,-5.0000,3.0000
16,workers,2,-3.0000,5.0000,3.0000
16,workers,3,7.0000,5.0000,3.0000
17,general,0,0.0000,0.0000,5.0000
17,nodes,0,-5.0198,-4.9129,3.0000
17,nodes,1,5.0203,-4.9136,3.0000
17,nodes,2,-4.9372,4.9368,3.0000
17,nodes,3,4.9372,4.9370,3.0000
17,scouts,0,-3.5128,-4.9437,3.0000
17,scouts,1,-5.0128,-3.4437,3.0000
17,scouts,2,-6.5128,-4.9437,3.0000
17,scouts,3,-5.0128,-6.4437,3.0000
17,scouts,4,6.5131,-4.9442,3.0000
17,scouts,5,5.0131,-3.4442,3.0000
17,scouts,6,3.5131,-4.9442,3.0000
17,scouts,7,5.0131,-6.4442,3.0000
17,scouts,8,-3.4594,4.9591,3.0000
17,scouts,9,-4.9594,6.4591,3.0000
17,scouts,10,-6.4594,4.9591,3.0000
17,scouts,11,-4.9594,3.4591,3.0000
17,scouts,12,6.4592,4.9592,3.0000
17,scouts,13,4.9592,6.4592,3.0000
17,scouts,14,3.4592,4.9592,3.0000
17,scouts,15,4.9592,3.4592,3.0000
17,workers,0,-3.0000,-5.0000,3.0000
17,workers,1,7.0000,-5.0000,3.0000
17,workers,2,-3.0000,5.0000,3.0000
17,workers,3,7.0000,5.0000,3.0000
18,general,0,0.0000,0.0000,5.0000
18,nodes,0,-5.0211,-4.9076,3.0000
18,nodes,1,5.0215,-4.9083,3.0000
18,nodes,2,-4.9333,4.9328,3.0000
18,nodes,3,4.9333,4.9331,3.0000
18,scouts,0,-3.5139,-4.9389,3.0000
18,scouts,1,-5.0139,-3.4389,3.0000
18,scouts,2,-6.5139,-4.9389,3.0000
18,scouts,3,-5.0139,-6.4389,3.0000
18,scouts,4,6.5142,-4.9394,3.0000
18,scouts,5,5.0142,-3.4394,3.0000
18,scouts,6,3.5142,-4.9394,3.0000
18,scouts,7,5.0142,-6.4394,3.0000
18,scouts,8,-3.4559,4.9556,3.0000
18,scouts,9,-4.9559,6.4556,3.0000
18,scouts,10,-6.4559,4.9556,3.0000
18,scouts,11,-4.9559,3.4556,3.0000
18,scouts,12,6.4558,4.9557,3.0000
18,scouts,13,4.9558,6.4557,3.0000
18,scouts,14,3.4558,4.9557,3.0000
18,scouts,15,4.9558,3.4557,3.0000
18,workers,0,-3.0000,-5.0000,3.0000
18,workers,1,7.0000,-5.0000,3.0000
18,workers,2,-3.0000,5.0000,3.0000
18,workers,3,7.0000,5.0000,3.0000
19,general,0,0.0000,0.0000,5.0000
19,nodes,0,-5.0223,-4.9022,3.0000
19,nodes,1,5.0228,-4.9028,3.0000
19,nodes,2,-4.9293,4.9289,3.0000
19,nodes,3,4.9294,4.9292,3.0000
19,scouts,0,-3.5151,-4.9340,3.0000
19,scouts,1,-5.0151,-3.4340,3.0000
19,scouts,2,-6.5151,-4.9340,3.0000
19,scouts,3,-5.0151,-6.4340,3.0000
19,scouts,4,6.5154,-4.9345,3.0000
19,scouts,5,5.0154,-3.4345,3.0000
19,scouts,6,3.5154,-4.9345,3.0000
19,scouts,7,5.0154,-6.4345,3.0000
19,scouts,8,-3.4524,4.9520,3.0000
19,scouts,9,-4.9524,6.4520,3.0000
19,scouts,10,-6.4524,4.9520,3.0000
19,scouts,11,-4.9524,3.4520,3.0000
19,scouts,12,6.4523,4.9522,3.0000
19,scouts,13,4.9523,6.4522,3.0000
19,scouts,14,3.4523,4.9522,3.0000
19,scouts,15,4.9523,3.4522,3.0000
19,workers,0,-3.0000,-5.0000,3.0000
19,workers,1,7.0000,-5.0000,3.0000
19,workers,2,-3.0000,5.0000,3.0000
19,workers,3,7.0000,5.0000,3.0000
20,general,0,0.0000,0.0000,5.0000
20,nodes,0,-5.0236,-4.8967,3.0000
20,nodes,1,5.0240,-4.8974,3.0000
20,nodes,2,-4.9255,4.9248,3.0000
20,nodes,3,4.9254,4.9253,3.0000
20,scouts,0,-3.5162,-4.9290,3.0000
20,scouts,1,-5.0162,-3.4290,3.0000
20,scouts,2,-6.5162,-4.9290,3.0000
20,scouts,3,-5.0162,-6.4290,3.0000
20,scouts,4,6.5165,-4.9296,3.0000
20,scouts,5,5.0165,-3.4296,3.0000
20,scouts,6,3.5165,-4.9296,3.0000
20,scouts,7,5.0165,-6.4296,3.0000
20,scouts,8,-3.4488,4.9484,3.0000
20,scouts,9,-4.9488,6.4484,3.0000
20,scouts,10,-6.4488,4.9484,3.0000
20,scouts,11,-4.9488,3.4484,3.0000
20,scouts,12,6.4487,4.9486,3.0000
20,scouts,13,4.9487,6.4486,3.0000
20,scouts,14,3.4487,4.9486,3.0000
20,scouts,15,4.9487,3.4486,3.0000
20,workers,0,-3.0000,-5.0000,3.0000
20,workers,1,7.0000,-5.0000,3.0000
20,workers,2,-3.0000,5.0000,3.0000
20,workers,3,7.0000,5.0000,3.0000
21,general,0,0.0000,0.0000,5.0000
21,nodes,0,-5.0249,-4.8912,3.0000
21,nodes,1,5.0253,-4.8919,3.0000
21,nodes,2,-4.9215,4.9208,3.0000
21,nodes,3,4.9215,4.9214,3.0000
21,scouts,0,-3.5174,-4.9240,3.0000
21,scouts,1,-5.0174,-3.4240,3.0000
21,scouts,2,-6.5174,-4.9240,3.0000
21,scouts,3,-5.0174,-6.4240,3.0000
21,scouts,4,6.5177,-4.9246,3.0000
21,scouts,5,5.0177,-3.4246,3.0000
21,scouts,6,3.5177,-4.9246,3.0000
21,scouts,7,5.0177,-6.4246,3.0000
21,scouts,8,-3.4451,4.9447,3.0000
21,scouts,9,-4.9451,6.4447,3.0000
21,scouts,10,-6.4451,4.9447,3.0000
21,scouts,11,-4.9451,3.4447,3.0000
21,scouts,12,6.4451,4.9449,3.0000
21,scouts,13,4.9451,6.4449,3.0000
21,scouts,14,3.4451,4.9449,3.0000
21,scouts,15,4.9451,3.4449,3.0000
21,workers,0,-3.0000,-5.0000,3.0000
21,workers,1,7.0000,-5.0000,3.0000
21,workers,2,-3.0000,5.0000,3.0000
21,workers,3,7.0000,5.0000,3.0000
22,general,0,0.0000,0.0000,5.0000
22,nodes,0,-5.0261,-4.8858,3.0000
22,nodes,1,5.0266,-4.8865,3.0000
22,nodes,2,-4.9176,4.9168,3.0000
22,nodes,3,4.9175,4.9174,3.0000
22,scouts,0,-3.5185,-4.9189,3.0000
22,scouts,1,-5.0185,-3.4189,3.0000
22,scouts,2,-6.5185,-4.9189,3.0000
22,scouts,3,-5.0185,-6.4189,3.0000
22,scouts,4,6.5189,-4.9195,3.0000
22,scouts,5,5.0189,-3.4195,3.0000
22,scouts,6,3.5189,-4.9195,3.0000
22,scouts,7,5.0189,-6.4195,3.0000
22,scouts,8,-3.4415,4.9410,3.0000
22,scouts,9,-4.9415,6.4410,3.0000
22,scouts,10,-6.4415,4.9410,3.0000
22,scouts,11,-4.9415,3.4410,3.0000
22,scouts,12,6.4414,4.9413,3.0000
22,scouts,13,4.9414,6.4413,3.0000
22,scouts,14,3.4414,4.9413,3.0000
22,scouts,15,4.9414,3.4413,3.0000
22,workers,0,-3.0000,-5.0000,3.0000
22,workers,1,7.0000,-5.0000,3.0000
22,workers,2,-3.0000,5.0000,3.0000
22,workers,3,7.0000,5.0000,3.0000
23,general,0,0.0000,0.0000,5.0000
23,nodes,0,-5.0274,-4.8803,3.0000
23,nodes,1,5.0278,-4.8809,3.0000
23,nodes,2,-4.9136,4.9128,3.0000
23,nodes,3,4.9135,4.9134,3.0000
23,scouts,0,-3.5197,-4.9138,3.0000
23,scouts,1,-5.0197,-3.4138,3.0000
23,scouts,2,-6.5197,-4.9138,3.0000
23,scouts,3,-5.0197,-6.4138,3.0000
23,scouts,4,6.5201,-4.9143,3.0000
23,scouts,5,5.0201,-3.4143,3.0000
23,scouts,6,3.5201,-4.9143,3.0000
23,scouts,7,5.0201,-6.4143,3.0000
23,scouts,8,-3.4378,4.9373,3.0000
23,scouts,9,-4.9378,6.4373,3.0000
23,scouts,10,-6.4378,4.9373,3.0000
23,scouts,11,-4.9378,3.4373,3.0000
23,scouts,12,6.4377,4.9376,3.0000
23,scouts,13,4.9377,6.4376,3.0000
23,scouts,14,3.4377,4.9376,3.0000
23,scouts,15,4.9377,3.4376,3.0000
23,workers,0,-3.0000,-5.0000,3.0000
23,workers,1,7.0000,-5.0000,3.0000
23,workers,2,-3.0000,5.0000,3.0000
23,workers,3,7.0000,5.0000,3.0000
24,general,0,0.0000,0.0000,5.0000
24,nodes,0,-5.0286,-4.8748,3.0000
24,nodes,1,5.0290,-4.8754,3.0000
24,nodes,2,-4.9096,4.9089,3.0000
24,nodes,3,4.9095,4.9094,3.0000
24,scouts,0,-3.5209,-4.9086,3.0000
24,scouts,1,-5.0209,-3.4086,3.0000
24,scouts,2,-6.5209,-4.9086,3.0000
24,scouts,3,-5.0209,-6.4086,3.0000
24,scouts,4,6.5213,-4.9092,3.0000
24,scouts,5,5.0213,-3.4092,3.0000
24,scouts,6,3.5213,-4.9092,3.0000
24,scouts,7,5.0213,-6.4092,3.0000
24,scouts,8,-3.4340,4.9335,3.0000
24,scouts,9,-4.9340,6.4335,3.0000
24,scouts,10,-6.4340,4.9335,3.0000
24,scouts,11,-4.9340,3.4335,3.0000
24,scouts,12,6.4339,4.9338,3.0000
24,scouts,13,4.9339,6.4338,3.0000
24,scouts,14,3.4339,4.9338,3.0000
24,scouts,15,4.9339,3.4338,3.0000
24,workers,0,-3.0000,-5.0000,3.0000
24,workers,1,7.0000,-5.0000,3.0000
24,workers,2,-3.0000,5.0000,3.0000
24,workers,3,7.0000,5.0000,3.0000
25,general,0,0.0000,0.0000,5.0000
25,nodes,0,-5.0299,-4.8693,3.0000
25,nodes,1,5.0303,-4.8699,3.0000
25,nodes,2,-4.9055,4.9048,3.0000
25,nodes,3,4.9054,4.9054,3.0000
25,scouts,0,-3.5221,-4.9033,3.0000
25,scouts,1,-5.0221,-3.4033,3.0000
25,scouts,2,-6.5221,-4.9033,3.0000
25,scouts,3,-5.0221,-6.4033,3.0000
25,scouts,4,6.5225,-4.9039,3.0000
25,scouts,5,5.0225,-3.4039,3.0000
25,scouts,6,3.5225,-4.9039,3.0000
25,scouts,7,5.0225,-6.4039,3.0000
25,scouts,8,-3.4302,4.9297,3.0000
25,scouts,9,-4.9302,6.4297,3.0000
25,scouts,10,-6.4302,4.9297,3.0000
25,scouts,11,-4.9302,3.4297,3.0000
25,scouts,12,6.4301,4.9300,3.0000
25,scouts,13,4.9301,6.4300,3.0000
25,scouts,14,3.4301,4.9300,3.0000
25,scouts,15,4.9301,3.4300,3.0000
25,workers,0,-3.0000,-5.0000,3.0000
25,workers,1,7.0000,-5.0000,3.0000
25,workers,2,-3.0000,5.0000,3.0000
25,workers,3,7.0000,5.0000,3.0000
26,general,0,0.0000,0.0000,5.0000
26,nodes,0,-5.0312,-4.8638,3.0000
26,nodes,1,5.0316,-4.8644,3.0000
26,nodes,2,-4.9015,4.9008,3.0000
26,nodes,3,4.9014,4.9014,3.0000
26,scouts,0,-3.5233,-4.8981,3.0000
26,scouts,1,-5.0233,-3.3981,3.0000
26,scouts,2,-6.5233,-4.8981,3.0000
26,scouts,3,-5.0233,-6.3981,3.0000
26,scouts,4,6.5237,-4.8986,3.0000
26,scouts,5,5.0237,-3.3986,3.0000
26,scouts,6,3.5237,-4.8986,3.0000
26,scouts,7,5.0237,-6.3986,3.0000
26,scouts,8,-3.4264,4.9258,3.0000
26,scouts,9,-4.9264,6.4258,3.0000
26,scouts,10,-6.4264,4.9258,3.0000
26,scouts,11,-4.9264,3.4258,3.0000
26,scouts,12,6.4263,4.9262,3.0000
26,scouts,13,4.9263,6.4262,3.0000
26,scouts,14,3.4263,4.9262,3.0000
26,scouts,15,4.9263,3.4262,3.0000
26,workers,0,-3.0000,-5.0000,3.0000
26,workers,1,7.0000,-5.0000,3.0000
26,workers,2,-3.0000,5.0000,3.0000
26,workers,3,7.0000,5.0000,3.0000
27,general,0,0.0000,0.0000,5.0000
27,nodes,0,-5.0326,-4.8581,3.0000
27,nodes,1,5.0329,-4.8587,3.0000
27,nodes,2,-4.8975,4.8967,3.0000
27,nodes,3,4.8973,4.8973,3.0000
27,scouts,0,-3.5245,-4.8927,3.0000
27,scouts,1,-5.0245,-3.3927,3.0000
27,scouts,2,-6.5245,-4.8927,3.0000
27,scouts,3,-5.0245,-6.3927,3.0000
27,scouts,4,6.5249,-4.8933,3.0000
27,scouts,5,5.0249,-3.3933,3.0000
27,scouts,6,3.5249,-4.8933,3.0000
27,scouts,7,5.0249,-6.3933,3.0000
27,scouts,8,-3.4225,4.9219,3.0000
27,scouts,9,-4.9225,6.4219,3.0000
27,scouts,10,-6.4225,4.9219,3.0000
27,scouts,11,-4.9225,3.4219,3.0000
27,scouts,12,6.4224,4.9224,3.0000
27,scouts,13,4.9224,6.4224,3.0000
27,scouts,14,3.4224,4.9224,3.0000
27,scouts,15,4.9224,3.4224,3.0000
27,workers,0,-3.0000,-5.0000,3.0000
27,workers,1,7.0000,-5.0000,3.0000
27,workers,2,-3.0000,5.0000,3.0000
27,workers,3,7.0000,5.0000,3.0000
28,general,0,0.0000,0.0000,5.0000
28,nodes,0,-5.0339,-4.8525,3.0000
28,nodes,1,5.0342,-4.8532,3.0000
28,nodes,2,-4.8935,4.8927,3.0000
28,nodes,3,4.8932,4.8933,3.0000
28,scouts,0,-3.5258,-4.8874,3.0000
28,scouts,1,-5.0258,-3.3874,3.0000
28,scouts,2,-6.5258,-4.8874,3.0000
28,scouts,3,-5.0258,-6.3874,3.0000
28,scouts,4,6.5261,-4.8880,3.0000
28,scouts,5,5.0261,-3.3880,3.0000
28,scouts,6,3.5261,-4.8880,3.0000
28,scouts,7,5.0261,-6.3880,3.0000
28,scouts,8,-3.4187,4.9180,3.0000
28,scouts,9,-4.9187,6.4180,3.0000
28,scouts,10,-6.4187,4.9180,3.0000
28,scouts,11,-4.9187,3.4180,3.0000
28,scouts,12,6.4185,4.9185,3.0000
28,scouts,13,4.9185,6.4185,3.0000
28,scouts,14,3.4185,4.9185,3.0000
28,scouts,15,4.9185,3.4185,3.0000
28,workers,0,-3.0000,-5.0000,3.0000
28,workers,1,7.0000,-5.0000,3.0000
28,workers,2,-3.0000,5.0000,3.0000
28,workers,3,7.0000,5.0000,3.0000
29,general,0,0.0000,0.0000,5.0000
29,nodes,0,-5.0353,-4.8469,3.0000
29,nodes,1,5.0354,-4.8476,3.0000
29,nodes,2,-4.8894,4.8886,3.0000
29,nodes,3,4.8891,4.8893,3.0000
29,scouts,0,-3.5271,-4.8820,3.0000
29,scouts,1,-5.0271,-3.3820,3.0000
29,scouts,2,-6.5271,-4.8820,3.0000
29,scouts,3,-5.0271,-6.3820,3.0000
29,scouts,4,6.5274,-4.8826,3.0000
29,scouts,5,5.0274,-3.3826,3.0000
29,scouts,6,3.5274,-4.8826,3.0000
29,scouts,7,5.0274,-6.3826,3.0000
29,scouts,8,-3.4148,4.9141,3.0000
29,scouts,9,-4.9148,6.4141,3.0000
29,scouts,10,-6.4148,4.9141,3.0000
29,scouts,11,-4.9148,3.4141,3.0000
29,scouts,12,6.4146,4.9146,3.0000
29,scouts,13,4.9146,6.4146,3.0000
29,scouts,14,3.4146,4.9146,3.0000
29,scouts,15,4.9146,3.4146,3.0000
29,workers,0,-3.0000,-5.0000,3.0000
29,workers,1,7.0000,-5.0000,3.0000
29,workers,2,-3.0000,5.0000,3.0000
29,workers,3,7.0000,5.0000,3.0000
30,general,0,0.0000,0.0000,5.0000
30,nodes,0,-5.0365,-4.8413,3.0000
30,nodes,1,5.0367,-4.8420,3.0000
30,nodes,2,-4.8853,4.8845,3.0000
30,nodes,3,4.8850,4.8852,3.0000
30,scouts,0,-3.5283,-4.8766,3.0000
30,scouts,1,-5.0283,-3.3766,3.0000
30,scouts,2,-6.5283,-4.8766,3.0000
30,scouts,3,-5.0283,-6.3766,3.0000
30,scouts,4,6.5286,-4.8772,3.0000
30,scouts,5,5.0286,-3.3772,3.0000
30,scouts,6,3.5286,-4.8772,3.0000
30,scouts,7,5.0286,-6.3772,3.0000
30,scouts,8,-3.4108,4.9102,3.0000
30,scouts,9,-4.9108,6.4102,3.0000
30,scouts,10,-6.4108,4.9102,3.0000
30,scouts,11,-4.9108,3.4102,3.0000
30,scouts,12,6.4107,4.9107,3.0000
30,scouts,13,4.9107,6.4107,3.0000
30,scouts,14,3.4107,4.9107,3.0000
30,scouts,15,4.9107,3.4107,3.0000
30,workers,0,-3.0000,-5.0000,3.0000
30,workers,1,7.0000,-5.0000,3.0000
30,workers,2,-3.0000,5.0000,3.0000
30,workers,3,7.0000,5.0000,3.0000
31,general,0,0.0000,0.0000,5.0000
31,nodes,0,-5.0378,-4.8357,3.0000
31,nodes,1,5.0380,-4.8365,3.0000
31,nodes,2,-4.8812,4.8804,3.0000
31,nodes,3,4.8810,4.8812,3.0000
31,scouts,0,-3.5296,-4.8711,3.0000
31,scouts,1,-5.0296,-3.3711,3.0000
31,scouts,2,-6.5296,-4.8711,3.0000
31,scouts,3,-5.0296,-6.3711,3.0000
31,scouts,4,6.5299,-4.8718,3.0000
31,scouts,5,5.0299,-3.3718,3.0000
31,scouts,6,3.5299,-4.8718,3.0000
31,scouts,7,5.0299,-6.3718,3.0000
31,scouts,8,-3.4069,4.9062,3.0000
31,scouts,9,-4.9069,6.4062,3.0000
31,scouts,10,-6.4069,4.9062,3.0000
31,scouts,11,-4.9069,3.4062,3.0000
31,scouts,12,6.4067,4.9067,3.0000
31,scouts,13,4.9067,6.4067,3.0000
31,scouts,14,3.4067,4.9067,3.0000
31,scouts,15,4.9067,3.4067,3.0000
31,workers,0,-3.0000,-5.0000,3.0000
31,workers,1,7.0000,-5.0000,3.0000
31,workers,2,-3.0000,5.0000,3.0000
31,workers,3,7.0000,5.0000,3.0000
32,general,0,0.0000,0.0000,5.0000
32,nodes,0,-5.0392,-4.8301,3.0000
32,nodes,1,5.0392,-4.8309,3.0000
32,nodes,2,-4.8771,4.8763,3.0000
32,nodes,3,4.8769,4.8771,3.0000
32,scouts,0,-3.5309,-4.8656,3.0000
32,scouts,1,-5.0309,-3.3656,3.0000
32,scouts,2,-6.5309,-4.8656,3.0000
32,scouts,3,-5.0309,-6.3656,3.0000
32,scouts,4,6.5311,-4.8663,3.0000
32,scouts,5,5.0311,-3.3663,3.0000
32,scouts,6,3.5311,-4.8663,3.0000
32,scouts,7,5.0311,-6.3663,3.0000
32,scouts,8,-3.4029,4.9022,3.0000
32,scouts,9,-4.9029,6.4022,3.0000
32,scouts,10,-6.4029,4.9022,3.0000
32,scouts,11,-4.9029,3.4022,3.0000
32,scouts,12,6.4027,4.9028,3.0000
32,scouts,13,4.9027,6.4028,3.0000
32,scouts,14,3.4027,4.9028,3.0000
32,scouts,15,4.9027,3.4028,3.0000
32,workers,0,-3.0000,-5.0000,3.0000
32,workers,1,7.0000,-5.0000,3.0000
32,workers,2,-3.0000,5.0000,3.0000
32,workers,3,7.0000,5.0000,3.0000
33,general,0,0.0000,0.0000,5.0000
33,nodes,0,-5.0405,-4.8244,3.0000
33,nodes,1,5.0405,-4.8253,3.0000
33,nodes,2,-4.8731,4.8723,3.0000
33,nodes,3,4.8729,4.8730,3.0000
33,scouts,0,-3.5321,-4.8601,3.0000
33,scouts,1,-5.0321,-3.3601,3.0000
33,scouts,2,-6.5321,-4.8601,3.0000
33,scouts,3,-5.0321,-6.3601,3.0000
33,scouts,4,6.5324,-4.8608,3.0000
33,scouts,5,5.0324,-3.3608,3.0000
33,scouts,6,3.5324,-4.8608,3.0000
33,scouts,7,5.0324,-6.3608,3.0000
33,scouts,8,-3.3989,4.8982,3.0000
33,scouts,9,-4.8989,6.3982,3.0000
33,scouts,10,-6.3989,4.8982,3.0000
33,scouts,11,-4.8989,3.3982,3.0000
33,scouts,12,6.3987,4.8988,3.0000
33,scouts,13,4.8987,6.3988,3.0000
33,scouts,14,3.3987,4.8988,3.0000
33,scouts,15,4.8987,3.3988,3.0000
33,workers,0,-3.0000,-5.0000,3.0000
33,workers,1,7.0000,-5.0000,3.0000
33,workers,2,-3.0000,5.0000,3.0000
33,workers,3,7.0000,5.0000,3.0000
34,general,0,0.0000,0.0000,5.0000
34,nodes,0,-5.0419,-4.8187,3.0000
34,nodes,1,5.0418,-4.8197,3.0000
34,nodes,2,-4.8691,4.8682,3.0000
34,nodes,3,4.8688,4.8688,3.0000
34,scouts,0,-3.5334,-4.8546,3.0000
34,scouts,1,-5.0334,-3.3546,3.0000
34,scouts,2,-6.5334,-4.8546,3.0000
34,scouts,3,-5.0334,-6.3546,3.0000
34,scouts,4,6.5336,-4.8554,3.0000
34,scouts,5,5.0336,-3.3554,3.0000
34,scouts,6,3.5336,-4.8554,3.0000
34,scouts,7,5.0336,-6.3554,3.0000
34,scouts,8,-3.3950,4.8942,3.0000
34,scouts,9,-4.8950,6.3942,3.0000
34,scouts,10,-6.3950,4.8942,3.0000
34,scouts,11,-4.8950,3.3942,3.0000
34,scouts,12,6.3948,4.8948,3.0000
34,scouts,13,4.8948,6.3948,3.0000
34,scouts,14,3.3948,4.8948,3.0000
34,scouts,15,4.8948,3.3948,3.0000
34,workers,0,-3.0000,-5.0000,3.0000
34,workers,1,7.0000,-5.0000,3.0000
34,workers,2,-3.0000,5.0000,3.0000
34,workers,3,7.0000,5.0000,3.0000
35,general,0,0.0000,0.0000,5.0000
35,nodes,0,-5.0432,-4.8131,3.0000
35,nodes,1,5.0431,-4.8141,3.0000
35,nodes,2,-4.8650,4.8642,3.0000
35,nodes,3,4.8648,4.8647,3.0000
35,scouts,0,-3.5347,-4.8491,3.0000
35,scouts,1,-5.0347,-3.3491,3.0000
35,scouts,2,-6.5347,-4.8491,3.0000
35,scouts,3,-5.0347,-6.3491,3.0000
35,scouts,4,6.5349,-4.8498,3.0000
35,scouts,5,5.0349,-3.3498,3.0000
35,scouts,6,3.5349,-4.8498,3.0000
35,scouts,7,5.0349,-6.3498,3.0000
35,scouts,8,-3.3910,4.8902,3.0000
35,scouts,9,-4.8910,6.3902,3.0000
35,scouts,10,-6.3910,4.8902,3.0000
35,scouts,11,-4.8910,3.3902,3.0000
35,scouts,12,6.3908,4.8908,3.0000
35,scouts,13,4.8908,6.3908,3.0000
35,scouts,14,3.3908,4.8908,3.0000
35,scouts,15,4.8908,3.3908,3.0000
35,workers,0,-3.0000,-5.0000,3.0000
35,workers,1,7.0000,-5.0000,3.0000
35,workers,2,-3.0000,5.0000,3.0000
35,workers,3,7.0000,5.0000,3.0000
36,general,0,0.0000,0.0000,5.0000
36,nodes,0,-5.0445,-4.8075,3.0000
36,nodes,1,5.0444,-4.8084,3.0000
36,nodes,2,-4.8609,4.8600,3.0000
36,nodes,3,4.8607,4.8605,3.0000
36,scouts,0,-3.5360,-4.8435,3.0000
36,scouts,1,-5.0360,-3.3435,3.0000
36,scouts,2,-6.5360,-4.8435,3.0000
36,scouts,3,-5.0360,-6.3435,3.0000
36,scouts,4,6.5362,-4.8443,3.0000
36,scouts,5,5.0362,-3.3443,3.0000
36,scouts,6,3.5362,-4.8443,3.0000
36,scouts,7,5.0362,-6.3443,3.0000
36,scouts,8,-3.3869,4.8862,3.0000
36,scouts,9,-4.8869,6.3862,3.0000
36,scouts,10,-6.3869,4.8862,3.0000
36,scouts,11,-4.8869,3.3862,3.0000
36,scouts,12,6.3868,4.8868,3.0000
36,scouts,13,4.8868,6.3868,3.0000
36,scouts,14,3.3868,4.8868,3.0000
36,scouts,15,4.8868,3.3868,3.0000
36,workers,0,-3.0000,-5.0000,3.0000
36,workers,1,7.0000,-5.0000,3.0000
36,workers,2,-3.0000,5.0000,3.0000
36,workers,3,7.0000,5.0000,3.0000
37,general,0,0.0000,0.0000,5.0000
37,nodes,0,-5.0458,-4.8018,3.0000
37,nodes,1,5.0457,-4.8028,3.0000
37,nodes,2,-4.8568,4.8559,3.0000
37,nodes,3,4.8566,4.8564,3.0000
37,scouts,0,-3.5373,-4.8380,3.0000
37,scouts,1,-5.0373,-3.3380,3.0000
37,scouts,2,-6.5373,-4.8380,3.0000
37,scouts,3,-5.0373,-6.3380,3.0000
37,scouts,4,6.5374,-4.8388,3.0000
37,scouts,5,5.0374,-3.3388,3.0000
37,scouts,6,3.5374,-4.8388,3.0000
37,scouts,7,5.0374,-6.3388,3.0000
37,scouts,8,-3.3829,4.8821,3.0000
37,scouts,9,-4.8829,6.3821,3.0000
37,scouts,10,-6.3829,4.8821,3.0000
37,scouts,11,-4.8829,3.3821,3.0000
37,scouts,12,6.3827,4.8827,3.0000
37,scouts,13,4.8827,6.3827,3.0000
37,scouts,14,3.3827,4.8827,3.0000
37,scouts,15,4.8827,3.3827,3.0000
37,workers,0,-3.0000,-5.0000,3.0000
37,workers,1,7.0000,-5.0000,3.0000
37,workers,2,-3.0000,5.0000,3.0000
37,workers,3,7.0000,5.0000,3.0000
38,general,0,0.0000,0.0000,5.0000
38,nodes,0,-5.0471,-4.7962,3.0000
38,nodes,1,5.0470,-4.7972,3.0000
38,nodes,2,-4.8528,4.8518,3.0000
38,nodes,3,4.8525,4.8523,3.0000
38,scouts,0,-3.5386,-4.8324,3.0000
38,scouts,1,-5.0386,-3.3324,3.0000
38,scouts,2,-6.5386,-4.8324,3.0000
38,scouts,3,-5.0386,-6.3324,3.0000
38,scouts,4,6.5387,-4.8332,3.0000
38,scouts,5,5.0387,-3.3332,3.0000
38,scouts,6,3.5387,-4.8332,3.0000
38,scouts,7,5.0387,-6.3332,3.0000
38,scouts,8,-3.3789,4.8781,3.0000
38,scouts,9,-4.8789,6.3781,3.0000
38,scouts,10,-6.3789,4.8781,3.0000
38,scouts,11,-4.8789,3.3781,3.0000
38,scouts,12,6.3787,4.8787,3.0000
38,scouts,13,4.8787,6.3787,3.0000
38,scouts,14,3.3787,4.8787,3.0000
38,scouts,15,4.8787,3.3787,3.0000
38,workers,0,-3.0000,-5.0000,3.0000
38,workers,1,7.0000,-5.0000,3.0000
38,workers,2,-3.0000,5.0000,3.0000
38,workers,3,7.0000,5.0000,3.0000
39,general,0,0.0000,0.0000,5.0000
39,nodes,0,-5.0484,-4.7905,3.0000
39,nodes,1,5.0483,-4.7915,3.0000
39,nodes,2,-4.8487,4.8477,3.0000
39,nodes,3,4.8484,4.8482,3.0000
39,scouts,0,-3.5399,-4.8268,3.0000
39,scouts,1,-5.0399,-3.3268,3.0000
39,scouts,2,-6.5399,-4.8268,3.0000
39,scouts,3,-5.0399,-6.3268,3.0000
39,scouts,4,6.5400,-4.8277,3.0000
39,scouts,5,5.0400,-3.3277,3.0000
39,scouts,6,3.5400,-4.8277,3.0000
39,scouts,7,5.0400,-6.3277,3.0000
39,scouts,8,-3.3749,4.8741,3.0000
39,scouts,9,-4.8749,6.3741,3.0000
39,scouts,10,-6.3749,4.8741,3.0000
39,scouts,11,-4.8749,3.3741,3.0000
39,scouts,12,6.3747,4.8746,3.0000
39,scouts,13,4.8747,6.3746,3.0000
39,scouts,14,3.3747,4.8746,3.0000
39,scouts,15,4.8747,3.3746,3.0000
39,workers,0,-3.0000,-5.0000,3.0000
39,workers,1,7.0000,-5.0000,3.0000
39,workers,2,-3.0000,5.0000,3.0000
39,workers,3,7.0000,5.0000,3.0000
40,general,0,0.0000,0.0000,5.0000
40,nodes,0,-5.0498,-4.7848,3.0000
40,nodes,1,5.0496,-4.7858,3.0000
40,nodes,2,-4.8446,4.8436,3.0000
40,nodes,3,4.8444,4.8442,3.0000
40,scouts,0,-3.5413,-4.8212,3.0000
40,scouts,1,-5.0413,-3.3212,3.0000
40,scouts,2,-6.5413,-4.8212,3.0000
40,scouts,3,-5.0413,-6.3212,3.0000
40,scouts,4,6.5413,-4.8221,3.0000
40,scouts,5,5.0413,-3.3221,3.0000
40,scouts,6,3.5413,-4.8221,3.0000
40,scouts,7,5.0413,-6.3221,3.0000
40,scouts,8,-3.3708,4.8700,3.0000
40,scouts,9,-4.8708,6.3700,3.0000
40,scouts,10,-6.3708,4.8700,3.0000
40,scouts,11,-4.8708,3.3700,3.0000
40,scouts,12,6.3706,4.8705,3.0000
40,scouts,13,4.8706,6.3705,3.0000
40,scouts,14,3.3706,4.8705,3.0000
40,scouts,15,4.8706,3.3705,3.0000
40,workers,0,-3.0000,-5.0000,3.0000
40,workers,1,7.0000,-5.0000,3.0000
40,workers,2,-3.0000,5.0000,3.0000
40,workers,3,7.0000,5.0000,3.0000
41,general,0,0.0000,0.0000,5.0000
41,nodes,0,-5.0511,-4.7791,3.0000
41,nodes,1,5.0509,-4.7801,3.0000
41,nodes,2,-4.8406,4.8395,3.0000
41,nodes,3,4.8403,4.8401,3.0000
41,scouts,0,-3.5426,-4.8156,3.0000
41,scouts,1,-5.0426,-3.3156,3.0000
41,scouts,2,-6.5426,-4.8156,3.0000
41,scouts,3,-5.0426,-6.3156,3.0000
41,scouts,4,6.5426,-4.8165,3.0000
41,scouts,5,5.0426,-3.3165,3.0000
41,scouts,6,3.5426,-4.8165,3.0000
41,scouts,7,5.0426,-6.3165,3.0000
41,scouts,8,-3.3668,4.8659,3.0000
41,scouts,9,-4.8668,6.3659,3.0000
41,scouts,10,-6.3668,4.8659,3.0000
41,scouts,11,-4.8668,3.3659,3.0000
41,scouts,12,6.3666,4.8665,3.0000
41,scouts,13,4.8666,6.3665,3.0000
41,scouts,14,3.3666,4.8665,3.0000
41,scouts,15,4.8666,3.3665,3.0000
41,workers,0,-3.0000,-5.0000,3.0000
41,workers,1,7.0000,-5.0000,3.0000
41,workers,2,-3.0000,5.0000,3.0000
41,workers,3,7.0000,5.0000,3.0000
42,general,0,0.0000,0.0000,5.0000
42,nodes,0,-5.0524,-4.7735,3.0000
42,nodes,1,5.0522,-4.7745,3.0000
42,nodes,2,-4.8365,4.8354,3.0000
42,nodes,3,4.8362,4.8360,3.0000
42,scouts,0,-3.5439,-4.8100,3.0000
42,scouts,1,-5.0439,-3.3100,3.0000
42,scouts,2,-6.5439,-4.8100,3.0000
42,scouts,3,-5.0439,-6.3100,3.0000
42,scouts,4,6.5438,-4.8109,3.0000
42,scouts,5,5.0438,-3.3109,3.0000
42,scouts,6,3.5438,-4.8109,3.0000
42,scouts,7,5.0438,-6.3109,3.0000
42,scouts,8,-3.3628,4.8619,3.0000
42,scouts,9,-4.8628,6.3619,3.0000
42,scouts,10,-6.3628,4.8619,3.0000
42,scouts,11,-4.8628,3.3619,3.0000
42,scouts,12,6.3625,4.8624,3.0000
42,scouts,13,4.8625,6.3624,3.0000
42,scouts,14,3.3625,4.8624,3.0000
42,scouts,15,4.8625,3.3624,3.0000
42,workers,0,-3.0000,-5.0000,3.0000
42,workers,1,7.0000,-5.0000,3.0000
42,workers,2,-3.0000,5.0000,3.0000
42,workers,3,7.0000,5.0000,3.0000
43,general,0,0.0000,0.0000,5.0000
43,nodes,0,-5.0537,-4.7678,3.0000
43,nodes,1,5.0535,-4.7689,3.0000
43,nodes,2,-4.8325,4.8313,3.0000
43,nodes,3,4.8321,4.8320,3.0000
43,scouts,0,-3.5452,-4.8044,3.0000
43,scouts,1,-5.0452,-3.3044,3.0000
43,scouts,2,-6.5452,-4.8044,3.0000
43,scouts,3,-5.0452,-6.3044,3.0000
43,scouts,4,6.5451,-4.8053,3.0000
43,scouts,5,5.0451,-3.3053,3.0000
43,scouts,6,3.5451,-4.8053,3.0000
43,scouts,7,5.0451,-6.3053,3.0000
43,scouts,8,-3.3587,4.8578,3.0000
43,scouts,9,-4.8587,6.3578,3.0000
43,scouts,10,-6.3587,4.8578,3.0000
43,scouts,11,-4.8587,3.3578,3.0000
43,scouts,12,6.3585,4.8584,3.0000
43,scouts,13,4.8585,6.3584,3.0000
43,scouts,14,3.3585,4.8584,3.0000
43,scouts,15,4.8585,3.3584,3.0000
43,workers,0,-3.0000,-5.0000,3.0000
43,workers,1,7.0000,-5.0000,3.0000
43,workers,2,-3.0000,5.0000,3.0000
43,workers,3,7.0000,5.0000,3.0000
44,general,0,0.0000,0.0000,5.0000
44,nodes,0,-5.0550,-4.7622,3.0000
44,nodes,1,5.0548,-4.7632,3.0000
44,nodes,2,-4.8283,4.8271,3.0000
44,nodes,3,4.8280,4.8278,3.0000
44,scouts,0,-3.5465,-4.7987,3.0000
44,scouts,1,-5.0465,-3.2987,3.0000
44,scouts,2,-6.5465,-4.7987,3.0000
44,scouts,3,-5.0465,-6.2987,3.0000
44,scouts,4,6.5464,-4.7997,3.0000
44,scouts,5,5.0464,-3.2997,3.0000
44,scouts,6,3.5464,-4.7997,3.0000
44,scouts,7,5.0464,-6.2997,3.0000
44,scouts,8,-3.3547,4.8537,3.0000
44,scouts,9,-4.8547,6.3537,3.0000
44,scouts,10,-6.3547,4.8537,3.0000
44,scouts,11,-4.8547,3.3537,3.0000
44,scouts,12,6.3544,4.8543,3.0000
44,scouts,13,4.8544,6.3543,3.0000
44,scouts,14,3.3544,4.8543,3.0000
44,scouts,15,4.8544,3.3543,3.0000
44,workers,0,-3.0000,-5.0000,3.0000
44,workers,1,7.0000,-5.0000,3.0000
44,workers,2,-3.0000,5.0000,3.0000
44,workers,3,7.0000,5.0000,3.0000
45,general,0,0.0000,0.0000,5.0000
45,nodes,0,-5.0563,-4.7565,3.0000
45,nodes,1,5.0561,-4.7576,3.0000
45,nodes,2,-4.8241,4.8230,3.0000
45,nodes,3,4.8239,4.8237,3.0000
45,scouts,0,-3.5478,-4.7931,3.0000
45,scouts,1,-5.0478,-3.2931,3.0000
45,scouts,2,-6.5478,-4.7931,3.0000
45,scouts,3,-5.0478,-6.2931,3.0000
45,scouts,4,6.5477,-4.7941,3.0000
45,scouts,5,5.0477,-3.2941,3.0000
45,scouts,6,3.5477,-4.7941,3.0000
45,scouts,7,5.0477,-6.2941,3.0000
45,scouts,8,-3.3506,4.8496,3.0000
45,scouts,9,-4.8506,6.3496,3.0000
45,scouts,10,-6.3506,4.8496,3.0000
45,scouts,11,-4.8506,3.3496,3.0000
45,scouts,12,6.3503,4.8502,3.0000
45,scouts,13,4.8503,6.3502,3.0000
45,scouts,14,3.3503,4.8502,3.0000
45,scouts,15,4.8503,3.3502,3.0000
45,workers,0,-3.0000,-5.0000,3.0000
45,workers,1,7.0000,-5.0000,3.0000
45,workers,2,-3.0000,5.0000,3.0000
45,workers,3,7.0000,5.0000,3.0000
46,general,0,0.0000,0.0000,5.0000
46,nodes,0,-5.0576,-4.7508,3.0000
46,nodes,1,5.0574,-4.7519,3.0000
46,nodes,2,-4.8201,4.8190,3.0000
46,nodes,3,4.8199,4.8196,3.0000
46,scouts,0,-3.5491,-4.7875,3.0000
46,scouts,1,-5.0491,-3.2875,3.0000
46,scouts,2,-6.5491,-4.7875,3.0000
46,scouts,3,-5.0491,-6.2875,3.0000
46,scouts,4,6.5490,-4.7885,3.0000
46,scouts,5,5.0490,-3.2885,3.0000
46,scouts,6,3.5490,-4.7885,3.0000
46,scouts,7,5.0490,-6.2885,3.0000
46,scouts,8,-3.3465,4.8455,3.0000
46,scouts,9,-4.8465,6.3455,3.0000
46,scouts,10,-6.3465,4.8455,3.0000
46,scouts,11,-4.8465,3.3455,3.0000
46,scouts,12,6.3463,4.8461,3.0000
46,scouts,13,4.8463,6.3461,3.0000
46,scouts,14,3.3463,4.8461,3.0000
46,scouts,15,4.8463,3.3461,3.0000
46,workers,0,-3.0000,-5.0000,3.0000
46,workers,1,7.0000,-5.0000,3.0000
46,workers,2,-3.0000,5.0000,3.0000
46,workers,3,7.0000,5.0000,3.0000
47,general,0,0.0000,0.0000,5.0000
47,nodes,0,-5.0588,-4.7451,3.0000
47,nodes,1,5.0587,-4.7463,3.0000
47,nodes,2,-4.8160,4.8149,3.0000
47,nodes,3,4.8158,4.8154,3.0000
47,scouts,0,-3.5504,-4.7818,3.0000
47,scouts,1,-5.0504,-3.2818,3.0000
47,scouts,2,-6.5504,-4.7818,3.0000
47,scouts,3,-5.0504,-6.2818,3.0000
47,scouts,4,6.5503,-4.7828,3.0000
47,scouts,5,5.0503,-3.2828,3.0000
47,scouts,6,3.5503,-4.7828,3.0000
47,scouts,7,5.0503,-6.2828,3.0000
47,scouts,8,-3.3425,4.8414,3.0000
47,scouts,9,-4.8425,6.3414,3.0000
47,scouts,10,-6.3425,4.8414,3.0000
47,scouts,11,-4.8425,3.3414,3.0000
47,scouts,12,6.3422,4.8420,3.0000
47,scouts,13,4.8422,6.3420,3.0000
47,scouts,14,3.3422,4.8420,3.0000
47,scouts,15,4.8422,3.3420,3.0000
47,workers,0,-3.0000,-5.0000,3.0000
47,workers,1,7.0000,-5.0000,3.0000
47,workers,2,-3.0000,5.0000,3.0000
47,workers,3,7.0000,5.0000,3.0000
48,general,0,0.0000,0.0000,5.0000
48,nodes,0,-5.0601,-4.7395,3.0000
48,nodes,1,5.0601,-4.7407,3.0000
48,nodes,2,-4.8119,4.8108,3.0000
48,nodes,3,4.8117,4.8113,3.0000
48,scouts,0,-3.5517,-4.7762,3.0000
48,scouts,1,-5.0517,-3.2762,3.0000
48,scouts,2,-6.5517,-4.7762,3.0000
48,scouts,3,-5.0517,-6.2762,3.0000
48,scouts,4,6.5516,-4.7772,3.0000
48,scouts,5,5.0516,-3.2772,3.0000
48,scouts,6,3.5516,-4.7772,3.0000
48,scouts,7,5.0516,-6.2772,3.0000
48,scouts,8,-3.3384,4.8374,3.0000
48,scouts,9,-4.8384,6.3374,3.0000
48,scouts,10,-6.3384,4.8374,3.0000
48,scouts,11,-4.8384,3.3374,3.0000
48,scouts,12,6.3381,4.8379,3.0000
48,scouts,13,4.8381,6.3379,3.0000
48,scouts,14,3.3381,4.8379,3.0000
48,scouts,15,4.8381,3.3379,3.0000
48,workers,0,-3.0000,-5.0000,3.0000
48,workers,1,7.0000,-5.0000,3.0000
48,workers,2,-3.0000,5.0000,3.0000
48,workers,3,7.0000,5.0000,3.0000
49,general,0,0.0000,0.0000,5.0000
49,nodes,0,-5.0613,-4.7337,3.0000
49,nodes,1,5.0613,-4.7350,3.0000
49,nodes,2,-4.8077,4.8067,3.0000
49,nodes,3,4.8076,4.8072,3.0000
49,scouts,0,-3.5530,-4.7705,3.0000
49,scouts,1,-5.0530,-3.2705,3.0000
49,scouts,2,-6.5530,-4.7705,3.0000
49,scouts,3,-5.0530,-6.2705,3.0000
49,scouts,4,6.5529,-4.7716,3.0000
49,scouts,5,5.0529,-3.2716,3.0000
49,scouts,6,3.5529,-4.7716,3.0000
49,scouts,7,5.0529,-6.2716,3.0000
49,scouts,8,-3.3343,4.8333,3.0000
49,scouts,9,-4.8343,6.3333,3.0000
49,scouts,10,-6.3343,4.8333,3.0000
49,scouts,11,-4.8343,3.3333,3.0000
49,scouts,12,6.3341,4.8338,3.0000
49,scouts,13,4.8341,6.3338,3.0000
49,scouts,14,3.3341,4.8338,3.0000
49,scouts,15,4.8341,3.3338,3.0000
49,workers,0,-3.0000,-5.0000,3.0000
49,workers,1,7.0000,-5.0000,3.0000
49,workers,2,-3.0000,5.0000,3.0000
49,workers,3,7.0000,5.0000,3.0000
50,general,0,0.0000,0.0000,5.0000
50,nodes,0,-5.0626,-4.7280,3.0000
50,nodes,1,5.0626,-4.7294,3.0000
50,nodes,2,-4.8036,4.8025,3.0000
50,nodes,3,4.8034,4.8031,3.0000
50,scouts,0,-3.5543,-4.7648,3.0000
50,scouts,1,-5.0543,-3.2648,3.0000
50,scouts,2,-6.5543,-4.7648,3.0000
50,scouts,3,-5.0543,-6.2648,3.0000
50,scouts,4,6.5542,-4.7660,3.0000
50,scouts,5,5.0542,-3.2660,3.0000
50,scouts,6,3.5542,-4.7660,3.0000
50,scouts,7,5.0542,-6.2660,3.0000
50,scouts,8,-3.3302,4.8292,3.0000
50,scouts,9,-4.8302,6.3292,3.0000
50,scouts,10,-6.3302,4.8292,3.0000
50,scouts,11,-4.8302,3.3292,3.0000
50,scouts,12,6.3300,4.8297,3.0000
50,scouts,13,4.8300,6.3297,3.0000
50,scouts,14,3.3300,4.8297,3.0000
50,scouts,15,4.8300,3.3297,3.0000
50,workers,0,-3.0000,-5.0000,3.0000
50,workers,1,7.0000,-5.0000,3.0000
50,workers,2,-3.0000,5.0000,3.0000
50,workers,3,7.0000,5.0000,3.0000
51,general,0,0.0000,0.0000,5.0000
51,nodes,0,-5.0639,-4.7224,3.0000
51,nodes,1,5.0639,-4.7236,3.0000
51,nodes,2,-4.7995,4.7984,3.0000
51,nodes,3,4.7993,4.7989,3.0000
51,scouts,0,-3.5555,-4.7592,3.0000
51,scouts,1,-5.0555,-3.2592,3.0000
51,scouts,2,-6.5555,-4.7592,3.0000
51,scouts,3,-5.0555,-6.2592,3.0000
51,scouts,4,6.5555,-4.7603,3.0000
51,scouts,5,5.0555,-3.2603,3.0000
51,scouts,6,3.5555,-4.7603,3.0000
51,scouts,7,5.0555,-6.2603,3.0000
51,scouts,8,-3.3261,4.8251,3.0000
51,scouts,9,-4.8261,6.3251,3.0000
51,scouts,10,-6.3261,4.8251,3.0000
51,scouts,11,-4.8261,3.3251,3.0000
51,scouts,12,6.3259,4.8256,3.0000
51,scouts,13,4.8259,6.3256,3.0000
51,scouts,14,3.3259,4.8256,3.0000
51,scouts,15,4.8259,3.3256,3.0000
51,workers,0,-3.0000,-5.0000,3.0000
51,workers,1,7.0000,-5.0000,3.0000
51,workers,2,-3.0000,5.0000,3.0000
51,workers,3,7.0000,5.0000,3.0000
52,general,0,0.0000,0.0000,5.0000
52,nodes,0,-5.0652,-4.7167,3.0000
52,nodes,1,5.0652,-4.7179,3.0000
52,nodes,2,-4.7954,4.7943,3.0000
52,nodes,3,4.7952,4.7949,3.0000
52,scouts,0,-3.5568,-4.7535,3.0000
52,scouts,1,-5.0568,-3.2535,3.0000
52,scouts,2,-6.5568,-4.7535,3.0000
52,scouts,3,-5.0568,-6.2535,3.0000
52,scouts,4,6.5568,-4.7547,3.0000
52,scouts,5,5.0568,-3.2547,3.0000
52,scouts,6,3.5568,-4.7547,3.0000
52,scouts,7,5.0568,-6.2547,3.0000
52,scouts,8,-3.3220,4.8210,3.0000
52,scouts,9,-4.8220,6.3210,3.0000
52,scouts,10,-6.3220,4.8210,3.0000
52,scouts,11,-4.8220,3.3210,3.0000
52,scouts,12,6.3218,4.8215,3.0000
52,scouts,13,4.8218,6.3215,3.0000
52,scouts,14,3.3218,4.8215,3.0000
52,scouts,15,4.8218,3.3215,3.0000
52,workers,0,-3.0000,-5.0000,3.0000
52,workers,1,7.0000,-5.0000,3.0000
52,workers,2,-3.0000,5.0000,3.0000
52,workers,3,7.0000,5.0000,3.0000
53,general,0,0.0000,0.0000,5.0000
53,nodes,0,-5.0665,-4.7110,3.0000
53,nodes,1,5.0666,-4.7122,3.0000
53,nodes,2,-4.7911,4.7902,3.0000
53,nodes,3,4.7911,4.7907,3.0000
53,scouts,0,-3.5581,-4.7478,3.0000
53,scouts,1,-5.0581,-3.2478,3.0000
53,scouts,2,-6.5581,-4.7478,3.0000
53,scouts,3,-5.0581,-6.2478,3.0000
53,scouts,4,6.5581,-4.7490,3.0000
53,scouts,5,5.0581,-3.2490,3.0000
53,scouts,6,3.5581,-4.7490,3.0000
53,scouts,7,5.0581,-6.2490,3.0000
53,scouts,8,-3.3179,4.8169,3.0000
53,scouts,9,-4.8179,6.3169,3.0000
53,scouts,10,-6.3179,4.8169,3.0000
53,scouts,11,-4.8179,3.3169,3.0000
53,scouts,12,6.3177,4.8174,3.0000
53,scouts,13,4.8177,6.3174,3.0000
53,scouts,14,3.3177,4.8174,3.0000
53,scouts,15,4.8177,3.3174,3.0000
53,workers,0,-3.0000,-5.0000,3.0000
53,workers,1,7.0000,-5.0000,3.0000
53,workers,2,-3.0000,5.0000,3.0000
53,workers,3,7.0000,5.0000,3.0000
54,general,0,0.0000,0.0000,5.0000
54,nodes,0,-5.0678,-4.7053,3.0000
54,nodes,1,5.0679,-4.7066,3.0000
54,nodes,2,-4.7870,4.7861,3.0000
54,nodes,3,4.7869,4.7866,3.0000
54,scouts,0,-3.5594,-4.7422,3.0000
54,scouts,1,-5.0594,-3.2422,3.0000
54,scouts,2,-6.5594,-4.7422,3.0000
54,scouts,3,-5.0594,-6.2422,3.0000
54,scouts,4,6.5594,-4.7433,3.0000
54,scouts,5,5.0594,-3.2433,3.0000
54,scouts,6,3.5594,-4.7433,3.0000
54,scouts,7,5.0594,-6.2433,3.0000
54,scouts,8,-3.3138,4.8128,3.0000
54,scouts,9,-4.8138,6.3128,3.0000
54,scouts,10,-6.3138,4.8128,3.0000
54,scouts,11,-4.8138,3.3128,3.0000
54,scouts,12,6.3136,4.8133,3.0000
54,scouts,13,4.8136,6.3133,3.0000
54,scouts,14,3.3136,4.8133,3.0000
54,scouts,15,4.8136,3.3133,3.0000
54,workers,0,-3.0000,-5.0000,3.0000
54,workers,1,7.0000,-5.0000,3.0000
54,workers,2,-3.0000,5.0000,3.0000
54,workers,3,7.0000,5.0000,3.0000
55,general,0,0.0000,0.0000,5.0000
55,nodes,0,-5.0691,-4.6995,3.0000
55,nodes,1,5.0692,-4.7009,3.0000
55,nodes,2,-4.7828,4.7820,3.0000
55,nodes,3,4.7828,4.7825,3.0000
55,scouts,0,-3.5607,-4.7365,3.0000
55,scouts,1,-5.0607,-3.2365,3.0000
55,scouts,2,-6.5607,-4.7365,3.0000
55,scouts,3,-5.0607,-6.2365,3.0000
55,scouts,4,6.5607,-4.7377,3.0000
55,scouts,5,5.0607,-3.2377,3.0000
55,scouts,6,3.5607,-4.7377,3.0000
55,scouts,7,5.0607,-6.2377,3.0000
55,scouts,8,-3.3097,4.8086,3.0000
55,scouts,9,-4.8097,6.3086,3.0000
55,scouts,10,-6.3097,4.8086,3.0000
55,scouts,11,-4.8097,3.3086,3.0000
55,scouts,12,6.3095,4.8092,3.0000
55,scouts,13,4.8095,6.3092,3.0000
55,scouts,14,3.3095,4.8092,3.0000
55,scouts,15,4.8095,3.3092,3.0000
55,workers,0,-3.0000,-5.0000,3.0000
55,workers,1,7.0000,-5.0000,3.0000
55,workers,2,-3.0000,5.0000,3.0000
55,workers,3,7.0000,5.0000,3.0000
56,general,0,0.0000,0.0000,5.0000
56,nodes,0,-5.0704,-4.6938,3.0000
56,nodes,1,5.0705,-4.6952,3.0000
56,nodes,2,-4.7787,4.7779,3.0000
56,nodes,3,4.7787,4.7784,3.0000
56,scouts,0,-3.5620,-4.7308,3.0000
56,scouts,1,-5.0620,-3.2308,3.0000
56,scouts,2,-6.5620,-4.7308,3.0000
56,scouts,3,-5.0620,-6.2308,3.0000
56,scouts,4,6.5620,-4.7320,3.0000
56,scouts,5,5.0620,-3.2320,3.0000
56,scouts,6,3.5620,-4.7320,3.0000
56,scouts,7,5.0620,-6.2320,3.0000
56,scouts,8,-3.3055,4.8045,3.0000
56,scouts,9,-4.8055,6.3045,3.0000
56,scouts,10,-6.3055,4.8045,3.0000
56,scouts,11,-4.8055,3.3045,3.0000
56,scouts,12,6.3054,4.8051,3.0000
56,scouts,13,4.8054,6.3051,3.0000
56,scouts,14,3.3054,4.8051,3.0000
56,scouts,15,4.8054,3.3051,3.0000
56,workers,0,-3.0000,-5.0000,3.0000
56,workers,1,7.0000,-5.0000,3.0000
56,workers,2,-3.0000,5.0000,3.0000
56,workers,3,7.0000,5.0000,3.0000
57,general,0,0.0000,0.0000,5.0000
57,nodes,0,-5.0717,-4.6882,3.0000
57,nodes,1,5.0718,-4.6895,3.0000
57,nodes,2,-4.7746,4.7737,3.0000
57,nodes,3,4.7746,4.7743,3.0000
57,scouts,0,-3.5633,-4.7251,3.0000
57,scouts,1,-5.0633,-3.2251,3.0000
57,scouts,2,-6.5633,-4.7251,3.0000
57,scouts,3,-5.0633,-6.2251,3.0000
57,scouts,4,6.5633,-4.7263,3.0000
57,scouts,5,5.0633,-3.2263,3.0000
57,scouts,6,3.5633,-4.7263,3.0000
57,scouts,7,5.0633,-6.2263,3.0000
57,scouts,8,-3.3014,4.8004,3.0000
57,scouts,9,-4.8014,6.3004,3.0000
57,scouts,10,-6.3014,4.8004,3.0000
57,scouts,11,-4.8014,3.3004,3.0000
57,scouts,12,6.3013,4.8010,3.0000
57,scouts,13,4.8013,6.3010,3.0000
57,scouts,14,3.3013,4.8010,3.0000
57,scouts,15,4.8013,3.3010,3.0000
57,workers,0,-3.0000,-5.0000,3.0000
57,workers,1,7.0000,-5.0000,3.0000
57,workers,2,-3.0000,5.0000,3.0000
57,workers,3,7.0000,5.0000,3.0000
58,general,0,0.0000,0.0000,5.0000
58,nodes,0,-5.0730,-4.6825,3.0000
58,nodes,1,5.0730,-4.6838,3.0000
58,nodes,2,-4.7706,4.7696,3.0000
58,nodes,3,4.7704,4.7702,3.0000
58,scouts,0,-3.5646,-4.7194,3.0000
58,scouts,1,-5.0646,-3.2194,3.0000
58,scouts,2,-6.5646,-4.7194,3.0000
58,scouts,3,-5.0646,-6.2194,3.0000
58,scouts,4,6.5646,-4.7207,3.0000
58,scouts,5,5.0646,-3.2207,3.0000
58,scouts,6,3.5646,-4.7207,3.0000
58,scouts,7,5.0646,-6.2207,3.0000
58,scouts,8,-3.2973,4.7963,3.0000
58,scouts,9,-4.7973,6.2963,3.0000
58,scouts,10,-6.2973,4.7963,3.0000
58,scouts,11,-4.7973,3.2963,3.0000
58,scouts,12,6.2972,4.7969,3.0000
58,scouts,13,4.7972,6.2969,3.0000
58,scouts,14,3.2972,4.7969,3.0000
58,scouts,15,4.7972,3.2969,3.0000
58,workers,0,-3.0000,-5.0000,3.0000
58,workers,1,7.0000,-5.0000,3.0000
58,workers,2,-3.0000,5.0000,3.0000
58,workers,3,7.0000,5.0000,3.0000
59,general,0,0.0000,0.0000,5.0000
59,nodes,0,-5.0744,-4.6769,3.0000
59,nodes,1,5.0743,-4.6781,3.0000
59,nodes,2,-4.7664,4.7655,3.0000
59,nodes,3,4.7662,4.7660,3.0000
59,scouts,0,-3.5659,-4.7138,3.0000
59,scouts,1,-5.0659,-3.2138,3.0000
59,scouts,2,-6.5659,-4.7138,3.0000
59,scouts,3,-5.0659,-6.2138,3.0000
59,scouts,4,6.5659,-4.7150,3.0000
59,scouts,5,5.0659,-3.2150,3.0000
59,scouts,6,3.5659,-4.7150,3.0000
59,scouts,7,5.0659,-6.2150,3.0000
59,scouts,8,-3.2932,4.7922,3.0000
59,scouts,9,-4.7932,6.2922,3.0000
59,scouts,10,-6.2932,4.7922,3.0000
59,scouts,11,-4.7932,3.2922,3.0000
59,scouts,12,6.2930,4.7928,3.0000
59,scouts,13,4.7930,6.2928,3.0000
59,scouts,14,3.2930,4.7928,3.0000
59,scouts,15,4.7930,3.2928,3.0000
59,workers,0,-3.0016,-4.9959,3.0000
59,workers,1,7.0003,-4.9956,3.0000
59,workers,2,-2.9971,4.9966,3.0000
59,workers,3,6.9966,4.9971,3.0000
60,general,0,0.0000,0.0000,5.0000
60,nodes,0,-5.0757,-4.6712,3.0000
60,nodes,1,5.0756,-4.6725,3.0000
60,nodes,2,-4.7622,4.7614,3.0000
60,nodes,3,4.7621,4.7619,3.0000
60,scouts,0,-3.5672,-4.7081,3.0000
60,scouts,1,-5.0672,-3.2081,3.0000
60,scouts,2,-6.5672,-4.7081,3.0000
60,scouts,3,-5.0672,-6.2081,3.0000
60,scouts,4,6.5672,-4.7093,3.0000
60,scouts,5,5.0672,-3.2093,3.0000
60,scouts,6,3.5672,-4.7093,3.0000
60,scouts,7,5.0672,-6.2093,3.0000
60,scouts,8,-3.2891,4.7881,3.0000
60,scouts,9,-4.7891,6.2881,3.0000
60,scouts,10,-6.2891,4.7881,3.0000
60,scouts,11,-4.7891,3.2881,3.0000
60,scouts,12,6.2889,4.7887,3.0000
60,scouts,13,4.7889,6.2887,3.0000
60,scouts,14,3.2889,4.7887,3.0000
60,scouts,15,4.7889,3.2887,3.0000
60,workers,0,-3.0046,-4.9881,3.0000
60,workers,1,7.0010,-4.9873,3.0000
60,workers,2,-2.9918,4.9903,3.0000
60,workers,3,6.9904,4.9917,3.0000
61,general,0,0.0000,0.0000,5.0000
61,nodes,0,-5.0770,-4.6655,3.0000
61,nodes,1,5.0769,-4.6668,3.0000
61,nodes,2,-4.7581,4.7572,3.0000
61,nodes,3,4.7580,4.7577,3.0000
61,scouts,0,-3.5685,-4.7024,3.0000
61,scouts,1,-5.0685,-3.2024,3.0000
61,scouts,2,-6.5685,-4.7024,3.0000
61,scouts,3,-5.0685,-6.2024,3.0000
61,scouts,4,6.5685,-4.7037,3.0000
61,scouts,5,5.0685,-3.2037,3.0000
61,scouts,6,3.5685,-4.7037,3.0000
61,scouts,7,5.0685,-6.2037,3.0000
61,scouts,8,-3.2849,4.7840,3.0000
61,scouts,9,-4.7849,6.2840,3.0000
61,scouts,10,-6.2849,4.7840,3.0000
61,scouts,11,-4.7849,3.2840,3.0000
61,scouts,12,6.2848,4.7845,3.0000
61,scouts,13,4.7848,6.2845,3.0000
61,scouts,14,3.2848,4.7845,3.0000
61,scouts,15,4.7848,3.2845,3.0000
61,workers,0,-3.0088,-4.9772,3.0000
61,workers,1,7.0019,-4.9757,3.0000
61,workers,2,-2.9843,4.9814,3.0000
61,workers,3,6.9816,4.9840,3.0000
62,general,0,0.0000,0.0000,5.0000
62,nodes,0,-5.0783,-4.6598,3.0000
62,nodes,1,5.0782,-4.6611,3.0000
62,nodes,2,-4.7539,4.7531,3.0000
62,nodes,3,4.7538,4.7535,3.0000
62,scouts,0,-3.5698,-4.6967,3.0000
62,scouts,1,-5.0698,-3.1967,3.0000
62,scouts,2,-6.5698,-4.6967,3.0000
62,scouts,3,-5.0698,-6.1967,3.0000
62,scouts,4,6.5698,-4.6980,3.0000
62,scouts,5,5.0698,-3.1980,3.0000
62,scouts,6,3.5698,-4.6980,3.0000
62,scouts,7,5.0698,-6.1980,3.0000
62,scouts,8,-3.2808,4.7799,3.0000
62,scouts,9,-4.7808,6.2799,3.0000
62,scouts,10,-6.2808,4.7799,3.0000
62,scouts,11,-4.7808,3.2799,3.0000
62,scouts,12,6.2807,4.7804,3.0000
62,scouts,13,4.7807,6.2804,3.0000
62,scouts,14,3.2807,4.7804,3.0000
62,scouts,15,4.7807,3.2804,3.0000
62,workers,0,-3.0140,-4.9637,3.0000
62,workers,1,7.0030,-4.9612,3.0000
62,workers,2,-2.9749,4.9703,3.0000
62,workers,3,6.9706,4.9745,3.0000
63,general,0,0.0000,0.0000,5.0000
63,nodes,0,-5.0795,-4.6541,3.0000
63,nodes,1,5.0795,-4.6555,3.0000
63,nodes,2,-4.7498,4.7490,3.0000
63,nodes,3,4.7497,4.7495,3.0000
63,scouts,0,-3.5711,-4.6910,3.0000
63,scouts,1,-5.0711,-3.1910,3.0000
63,scouts,2,-6.5711,-4.6910,3.0000
63,scouts,3,-5.0711,-6.1910,3.0000
63,scouts,4,6.5711,-4.6923,3.0000
63,scouts,5,5.0711,-3.1923,3.0000
63,scouts,6,3.5711,-4.6923,3.0000
63,scouts,7,5.0711,-6.1923,3.0000
63,scouts,8,-3.2767,4.7758,3.0000
63,scouts,9,-4.7767,6.2758,3.0000
63,scouts,10,-6.2767,4.7758,3.0000
63,scouts,11,-4.7767,3.2758,3.0000
63,scouts,12,6.2765,4.7763,3.0000
63,scouts,13,4.7765,6.2763,3.0000
63,scouts,14,3.2765,4.7763,3.0000
63,scouts,15,4.7765,3.2763,3.0000
63,workers,0,-3.0201,-4.9478,3.0000
63,workers,1,7.0043,-4.9442,3.0000
63,workers,2,-2.9639,4.9573,3.0000
63,workers,3,6.9577,4.9634,3.0000
64,general,0,0.0000,0.0000,5.0000
64,nodes,0,-5.0808,-4.6484,3.0000
64,nodes,1,5.0808,-4.6498,3.0000
64,nodes,2,-4.7457,4.7448,3.0000
64,nodes,3,4.7456,4.7453,3.0000
64,scouts,0,-3.5724,-4.6854,3.0000
64,scouts,1,-5.0724,-3.1854,3.0000
64,scouts,2,-6.5724,-4.6854,3.0000
64,scouts,3,-5.0724,-6.1854,3.0000
64,scouts,4,6.5724,-4.6867,3.0000
64,scouts,5,5.0724,-3.1867,3.0000
64,scouts,6,3.5724,-4.6867,3.0000
64,scouts,7,5.0724,-6.1867,3.0000
64,scouts,8,-3.2725,4.7716,3.0000
64,scouts,9,-4.7725,6.2716,3.0000
64,scouts,10,-6.2725,4.7716,3.0000
64,scouts,11,-4.7725,3.2716,3.0000
64,scouts,12,6.2724,4.7721,3.0000
64,scouts,13,4.7724,6.2721,3.0000
64,scouts,14,3.2724,4.7721,3.0000
64,scouts,15,4.7724,3.2721,3.0000
64,workers,0,-3.0270,-4.9299,3.0000
64,workers,1,7.0058,-4.9251,3.0000
64,workers,2,-2.9515,4.9426,3.0000
64,workers,3,6.9432,4.9508,3.0000
65,general,0,0.0000,0.0000,5.0000
65,nodes,0,-5.0821,-4.6427,3.0000
65,nodes,1,5.0821,-4.6442,3.0000
65,nodes,2,-4.7416,4.7406,3.0000
65,nodes,3,4.7415,4.7412,3.0000
65,scouts,0,-3.5737,-4.6797,3.0000
65,scouts,1,-5.0737,-3.1797,3.0000
65,scouts,2,-6.5737,-4.6797,3.0000
65,scouts,3,-5.0737,-6.1797,3.0000
65,scouts,4,6.5737,-4.6810,3.0000
65,scouts,5,5.0737,-3.1810,3.0000
65,scouts,6,3.5737,-4.6810,3.0000
65,scouts,7,5.0737,-6.1810,3.0000
65,scouts,8,-3.2684,4.7675,3.0000
65,scouts,9,-4.7684,6.2675,3.0000
65,scouts,10,-6.2684,4.7675,3.0000
65,scouts,11,-4.7684,3.2675,3.0000
65,scouts,12,6.2683,4.7680,3.0000
65,scouts,13,4.7683,6.2680,3.0000
65,scouts,14,3.2683,4.7680,3.0000
65,scouts,15,4.7683,3.2680,3.0000
65,workers,0,-3.0345,-4.9102,3.0000
65,workers,1,7.0074,-4.9040,3.0000
65,workers,2,-2.9378,4.9265,3.0000
65,workers,3,6.9273,4.9370,3.0000
66,general,0,0.0000,0.0000,5.0000
66,nodes,0,-5.0834,-4.6371,3.0000
66,nodes,1,5.0834,-4.6385,3.0000
66,nodes,2,-4.7374,4.7364,3.0000
66,nodes,3,4.7374,4.7371,3.0000
66,scouts,0,-3.5750,-4.6740,3.0000
66,scouts,1,-5.0750,-3.1740,3.0000
66,scouts,2,-6.5750,-4.6740,3.0000
66,scouts,3,-5.0750,-6.1740,3.0000
66,scouts,4,6.5750,-4.6753,3.0000
66,scouts,5,5.0750,-3.1753,3.0000
66,scouts,6,3.5750,-4.6753,3.0000
66,scouts,7,5.0750,-6.1753,3.0000
66,scouts,8,-3.2643,4.7634,3.0000
66,scouts,9,-4.7643,6.2634,3.0000
66,scouts,10,-6.2643,4.7634,3.0000
66,scouts,11,-4.7643,3.2634,3.0000
66,scouts,12,6.2642,4.7639,3.0000
66,scouts,13,4.7642,6.2639,3.0000
66,scouts,14,3.2642,4.7639,3.0000
66,scouts,15,4.7642,3.2639,3.0000
66,workers,0,-3.0427,-4.8890,3.0000
66,workers,1,7.0091,-4.8814,3.0000
66,workers,2,-2.9232,4.9092,3.0000
66,workers,3,6.9101,4.9221,3.0000
67,general,0,0.0000,0.0000,5.0000
67,nodes,0,-5.0847,-4.6314,3.0000
67,nodes,1,5.0847,-4.6328,3.0000
67,nodes,2,-4.7333,4.7323,3.0000
67,nodes,3,4.7333,4.7330,3.0000
67,scouts,0,-3.5763,-4.6683,3.0000
67,scouts,1,-5.0763,-3.1683,3.0000
67,scouts,2,-6.5763,-4.6683,3.0000
67,scouts,3,-5.0763,-6.1683,3.0000
67,scouts,4,6.5763,-4.6696,3.0000
67,scouts,5,5.0763,-3.1696,3.0000
67,scouts,6,3.5763,-4.6696,3.0000
67,scouts,7,5.0763,-6.1696,3.0000
67,scouts,8,-3.2601,4.7592,3.0000
67,scouts,9,-4.7601,6.2592,3.0000
67,scouts,10,-6.2601,4.7592,3.0000
67,scouts,11,-4.7601,3.2592,3.0000
67,scouts,12,6.2601,4.7598,3.0000
67,scouts,13,4.7601,6.2598,3.0000
67,scouts,14,3.2601,4.7598,3.0000
67,scouts,15,4.7601,3.2598,3.0000
67,workers,0,-3.0514,-4.8664,3.0000
67,workers,1,7.0110,-4.8573,3.0000
67,workers,2,-2.9076,4.8908,3.0000
67,workers,3,6.8919,4.9063,3.0000
68,general,0,0.0000,0.0000,5.0000
68,nodes,0,-5.0860,-4.6257,3.0000
68,nodes,1,5.0859,-4.6270,3.0000
68,nodes,2,-4.7292,4.7281,3.0000
68,nodes,3,4.7293,4.7289,3.0000
68,scouts,0,-3.5776,-4.6626,3.0000
68,scouts,1,-5.0776,-3.1626,3.0000
68,scouts,2,-6.5776,-4.6626,3.0000
68,scouts,3,-5.0776,-6.1626,3.0000
68,scouts,4,6.5775,-4.6640,3.0000
68,scouts,5,5.0775,-3.1640,3.0000
68,scouts,6,3.5775,-4.6640,3.0000
68,scouts,7,5.0775,-6.1640,3.0000
68,scouts,8,-3.2560,4.7551,3.0000
68,scouts,9,-4.7560,6.2551,3.0000
68,scouts,10,-6.2560,4.7551,3.0000
68,scouts,11,-4.7560,3.2551,3.0000
68,scouts,12,6.2559,4.7557,3.0000
68,scouts,13,4.7559,6.2557,3.0000
68,scouts,14,3.2559,4.7557,3.0000
68,scouts,15,4.7559,3.2557,3.0000
68,workers,0,-3.0605,-4.8428,3.0000
68,workers,1,7.0129,-4.8320,3.0000
68,workers,2,-2.8912,4.8714,3.0000
68,workers,3,6.8727,4.8897,3.0000
69,general,0,0.0000,0.0000,5.0000
69,nodes,0,-5.0873,-4.6201,3.0000
69,nodes,1,5.0873,-4.6212,3.0000
69,nodes,2,-4.7252,4.7241,3.0000
69,nodes,3,4.7251,4.7247,3.0000
69,scouts,0,-3.5789,-4.6570,3.0000
69,scouts,1,-5.0789,-3.1570,3.0000
69,scouts,2,-6.5789,-4.6570,3.0000
69,scouts,3,-5.0789,-6.1570,3.0000
69,scouts,4,6.5788,-4.6583,3.0000
69,scouts,5,5.0788,-3.1583,3.0000
69,scouts,6,3.5788,-4.6583,3.0000
69,scouts,7,5.0788,-6.1583,3.0000
69,scouts,8,-3.2519,4.7509,3.0000
69,scouts,9,-4.7519,6.2509,3.0000
69,scouts,10,-6.2519,4.7509,3.0000
69,scouts,11,-4.7519,3.2509,3.0000
69,scouts,12,6.2518,4.7515,3.0000
69,scouts,13,4.7518,6.2515,3.0000
69,scouts,14,3.2518,4.7515,3.0000
69,scouts,15,4.7518,3.2515,3.0000
69,workers,0,-3.0700,-4.8181,3.0000
69,workers,1,7.0149,-4.8057,3.0000
69,workers,2,-2.8741,4.8512,3.0000
69,workers,3,6.8527,4.8724,3.0000
70,general,0,0.0000,0.0000,5.0000
70,nodes,0,-5.0886,-4.6144,3.0000
70,nodes,1,5.0886,-4.6155,3.0000
70,nodes,2,-4.7210,4.7200,3.0000
70,nodes,3,4.7211,4.7206,3.0000
70,scouts,0,-3.5802,-4.6513,3.0000
70,scouts,1,-5.0802,-3.1513,3.0000
70,scouts,2,-6.5802,-4.6513,3.0000
70,scouts,3,-5.0802,-6.1513,3.0000
70,scouts,4,6.5801,-4.6526,3.0000
70,scouts,5,5.0801,-3.1526,3.0000
70,scouts,6,3.5801,-4.6526,3.0000
70,scouts,7,5.0801,-6.1526,3.0000
70,scouts,8,-3.2478,4.7468,3.0000
70,scouts,9,-4.7478,6.2468,3.0000
70,scouts,10,-6.2478,4.7468,3.0000
70,scouts,11,-4.7478,3.2468,3.0000
70,scouts,12,6.2477,4.7474,3.0000
70,scouts,13,4.7477,6.2474,3.0000
70,scouts,14,3.2477,4.7474,3.0000
70,scouts,15,4.7477,3.2474,3.0000
70,workers,0,-3.0798,-4.7926,3.0000
70,workers,1,7.0170,-4.7784,3.0000
70,workers,2,-2.8564,4.8303,3.0000
70,workers,3,6.8321,4.8544,3.0000
71,general,0,0.0000,0.0000,5.0000
71,nodes,0,-5.0899,-4.6087,3.0000
71,nodes,1,5.0900,-4.6098,3.0000
71,nodes,2,-4.7169,4.7158,3.0000
71,nodes,3,4.7170,4.7165,3.0000
71,scouts,0,-3.5815,-4.6456,3.0000
71,scouts,1,-5.0815,-3.1456,3.0000
71,scouts,2,-6.5815,-4.6456,3.0000
71,scouts,3,-5.0815,-6.1456,3.0000
71,scouts,4,6.5815,-4.6469,3.0000
71,scouts,5,5.0815,-3.1469,3.0000
71,scouts,6,3.5815,-4.6469,3.0000
71,scouts,7,5.0815,-6.1469,3.0000
71,scouts,8,-3.2437,4.7427,3.0000
71,scouts,9,-4.7437,6.2427,3.0000
71,scouts,10,-6.2437,4.7427,3.0000
71,scouts,11,-4.7437,3.2427,3.0000
71,scouts,12,6.2436,4.7433,3.0000
71,scouts,13,4.7436,6.2433,3.0000
71,scouts,14,3.2436,4.7433,3.0000
71,scouts,15,4.7436,3.2433,3.0000
71,workers,0,-3.0899,-4.7663,3.0000
71,workers,1,7.0192,-4.7504,3.0000
71,workers,2,-2.8383,4.8089,3.0000
71,workers,3,6.8108,4.8360,3.0000
72,general,0,0.0000,0.0000,5.0000
72,nodes,0,-5.0913,-4.6030,3.0000
72,nodes,1,5.0913,-4.6042,3.0000
72,nodes,2,-4.7128,4.7117,3.0000
72,nodes,3,4.7129,4.7123,3.0000
72,scouts,0,-3.5828,-4.6399,3.0000
72,scouts,1,-5.0828,-3.1399,3.0000
72,scouts,2,-6.5828,-4.6399,3.0000
72,scouts,3,-5.0828,-6.1399,3.0000
72,scouts,4,6.5828,-4.6412,3.0000
72,scouts,5,5.0828,-3.1412,3.0000
72,scouts,6,3.5828,-4.6412,3.0000
72,scouts,7,5.0828,-6.1412,3.0000
72,scouts,8,-3.2395,4.7385,3.0000
72,scouts,9,-4.7395,6.2385,3.0000
72,scouts,10,-6.2395,4.7385,3.0000
72,scouts,11,-4.7395,3.2385,3.0000
72,scouts,12,6.2395,4.7392,3.0000
72,scouts,13,4.7395,6.2392,3.0000
72,scouts,14,3.2395,4.7392,3.0000
72,scouts,15,4.7395,3.2392,3.0000
72,workers,0,-3.1002,-4.7394,3.0000
72,workers,1,7.0214,-4.7216,3.0000
72,workers,2,-2.8196,4.7868,3.0000
72,workers,3,6.7890,4.8171,3.0000
73,general,0,0.0000,0.0000,5.0000
73,nodes,0,-5.0926,-4.5974,3.0000
73,nodes,1,5.0926,-4.5986,3.0000
73,nodes,2,-4.7087,4.7075,3.0000
73,nodes,3,4.7089,4.7082,3.0000
73,scouts,0,-3.5841,-4.6343,3.0000
73,scouts,1,-5.0841,-3.1343,3.0000
73,scouts,2,-6.5841,-4.6343,3.0000
73,scouts,3,-5.0841,-6.1343,3.0000
73,scouts,4,6.5841,-4.6355,3.0000
73,scouts,5,5.0841,-3.1355,3.0000
73,scouts,6,3.5841,-4.6355,3.0000
73,scouts,7,5.0841,-6.1355,3.0000
73,scouts,8,-3.2354,4.7344,3.0000
73,scouts,9,-4.7354,6.2344,3.0000
73,scouts,10,-6.2354,4.7344,3.0000
73,scouts,11,-4.7354,3.2344,3.0000
73,scouts,12,6.2355,4.7350,3.0000
73,scouts,13,4.7355,6.2350,3.0000
73,scouts,14,3.2355,4.7350,3.0000
73,scouts,15,4.7355,3.2350,3.0000
73,workers,0,-3.1108,-4.7119,3.0000
73,workers,1,7.0237,-4.6922,3.0000
73,workers,2,-2.8006,4.7644,3.0000
73,workers,3,6.7667,4.7978,3.0000
74,general,0,0.0000,0.0000,5.0000
74,nodes,0,-5.0939,-4.5918,3.0000
74,nodes,1,5.0939,-4.5929,3.0000
74,nodes,2,-4.7045,4.7034,3.0000
74,nodes,3,4.7048,4.7041,3.0000
74,scouts,0,-3.5854,-4.6286,3.0000
74,scouts,1,-5.0854,-3.1286,3.0000
74,scouts,2,-6.5854,-4.6286,3.0000
74,scouts,3,-5.0854,-6.1286,3.0000
74,scouts,4,6.5854,-4.6298,3.0000
74,scouts,5,5.0854,-3.1298,3.0000
74,scouts,6,3.5854,-4.6298,3.0000
74,scouts,7,5.0854,-6.1298,3.0000
74,scouts,8,-3.2313,4.7303,3.0000
74,scouts,9,-4.7313,6.2303,3.0000
74,scouts,10,-6.2313,4.7303,3.0000
74,scouts,11,-4.7313,3.2303,3.0000
74,scouts,12,6.2314,4.7309,3.0000
74,scouts,13,4.7314,6.2309,3.0000
74,scouts,14,3.2314,4.7309,3.0000
74,scouts,15,4.7314,3.2309,3.0000
74,workers,0,-3.1216,-4.6840,3.0000
74,workers,1,7.0260,-4.6624,3.0000
74,workers,2,-2.7813,4.7415,3.0000
74,workers,3,6.7441,4.7782,3.0000
75,general,0,0.0000,0.0000,5.0000
75,nodes,0,-5.0953,-4.5861,3.0000
75,nodes,1,5.0952,-4.5872,3.0000
75,nodes,2,-4.7003,4.6992,3.0000
75,nodes,3,4.7006,4.6999,3.0000
75,scouts,0,-3.5867,-4.6229,3.0000
75,scouts,1,-5.0867,-3.1229,3.0000
75,scouts,2,-6.5867,-4.6229,3.0000
75,scouts,3,-5.0867,-6.1229,3.0000
75,scouts,4,6.5867,-4.6241,3.0000
75,scouts,5,5.0867,-3.1241,3.0000
75,scouts,6,3.5867,-4.6241,3.0000
75,scouts,7,5.0867,-6.1241,3.0000
75,scouts,8,-3.2272,4.7261,3.0000
75,scouts,9,-4.7272,6.2261,3.0000
75,scouts,10,-6.2272,4.7261,3.0000
75,scouts,11,-4.7272,3.2261,3.0000
75,scouts,12,6.2273,4.7268,3.0000
75,scouts,13,4.7273,6.2268,3.0000
75,scouts,14,3.2273,4.7268,3.0000
75,scouts,15,4.7273,3.2268,3.0000
75,workers,0,-3.1325,-4.6556,3.0000
75,workers,1,7.0283,-4.6321,3.0000
75,workers,2,-2.7616,4.7183,3.0000
75,workers,3,6.7211,4.7583,3.0000
76,general,0,0.0000,0.0000,5.0000
76,nodes,0,-5.0966,-4.5804,3.0000
76,nodes,1,5.0966,-4.5815,3.0000
76,nodes,2,-4.6961,4.6950,3.0000
76,nodes,3,4.6965,4.6958,3.0000
76,scouts,0,-3.5880,-4.6173,3.0000
76,scouts,1,-5.0880,-3.1173,3.0000
76,scouts,2,-6.5880,-4.6173,3.0000
76,scouts,3,-5.0880,-6.1173,3.0000
76,scouts,4,6.5880,-4.6184,3.0000
76,scouts,5,5.0880,-3.1184,3.0000
76,scouts,6,3.5880,-4.6184,3.0000
76,scouts,7,5.0880,-6.1184,3.0000
76,scouts,8,-3.2230,4.7220,3.0000
76,scouts,9,-4.7230,6.2220,3.0000
76,scouts,10,-6.2230,4.7220,3.0000
76,scouts,11,-4.7230,3.2220,3.0000
76,scouts,12,6.2232,4.7226,3.0000
76,scouts,13,4.7232,6.2226,3.0000
76,scouts,14,3.2232,4.7226,3.0000
76,scouts,15,4.7232,3.2226,3.0000
76,workers,0,-3.1435,-4.6268,3.0000
76,workers,1,7.0307,-4.6014,3.0000
76,workers,2,-2.7417,4.6948,3.0000
76,workers,3,6.6979,4.7381,3.0000
77,general,0,0.0000,0.0000,5.0000
77,nodes,0,-5.0979,-4.5748,3.0000
77,nodes,1,5.0978,-4.5758,3.0000
77,nodes,2,-4.6920,4.6909,3.0000
77,nodes,3,4.6924,4.6917,3.0000
77,scouts,0,-3.5893,-4.6116,3.0000
77,scouts,1,-5.0893,-3.1116,3.0000
77,scouts,2,-6.5893,-4.6116,3.0000
77,scouts,3,-5.0893,-6.1116,3.0000
77,scouts,4,6.5893,-4.6128,3.0000
77,scouts,5,5.0893,-3.1128,3.0000
77,scouts,6,3.5893,-4.6128,3.0000
77,scouts,7,5.0893,-6.1128,3.0000
77,scouts,8,-3.2189,4.7178,3.0000
77,scouts,9,-4.7189,6.2178,3.0000
77,scouts,10,-6.2189,4.7178,3.0000
77,scouts,11,-4.7189,3.2178,3.0000
77,scouts,12,6.2191,4.7185,3.0000
77,scouts,13,4.7191,6.2185,3.0000
77,scouts,14,3.2191,4.7185,3.0000
77,scouts,15,4.7191,3.2185,3.0000
77,workers,0,-3.1547,-4.5978,3.0000
77,workers,1,7.0331,-4.5703,3.0000
77,workers,2,-2.7216,4.6710,3.0000
77,workers,3,6.6743,4.7178,3.0000
78,general,0,0.0000,0.0000,5.0000
78,nodes,0,-5.0992,-4.5691,3.0000
78,nodes,1,5.0991,-4.5701,3.0000
78,nodes,2,-4.6879,4.6867,3.0000
78,nodes,3,4.6883,4.6876,3.0000
78,scouts,0,-3.5906,-4.6059,3.0000
78,scouts,1,-5.0906,-3.1059,3.0000
78,scouts,2,-6.5906,-4.6059,3.0000
78,scouts,3,-5.0906,-6.1059,3.0000
78,scouts,4,6.5906,-4.6071,3.0000
78,scouts,5,5.0906,-3.1071,3.0000
78,scouts,6,3.5906,-4.6071,3.0000
78,scouts,7,5.0906,-6.1071,3.0000
78,scouts,8,-3.2148,4.7137,3.0000
78,scouts,9,-4.7148,6.2137,3.0000
78,scouts,10,-6.2148,4.7137,3.0000
78,scouts,11,-4.7148,3.2137,3.0000
78,scouts,12,6.2150,4.7144,3.0000
78,scouts,13,4.7150,6.2144,3.0000
78,scouts,14,3.2150,4.7144,3.0000
78,scouts,15,4.7150,3.2144,3.0000
78,workers,0,-3.1660,-4.5684,3.0000
78,workers,1,7.0355,-4.5390,3.0000
78,workers,2,-2.7013,4.6470,3.0000
78,workers,3,6.6506,4.6972,3.0000
79,general,0,0.0000,0.0000,5.0000
79,nodes,0,-5.1005,-4.5633,3.0000
79,nodes,1,5.1004,-4.5644,3.0000
79,nodes,2,-4.6837,4.6826,3.0000
79,nodes,3,4.6842,4.6835,3.0000
79,scouts,0,-3.5920,-4.6003,3.0000
79,scouts,1,-5.0920,-3.1003,3.0000
79,scouts,2,-6.5920,-4.6003,3.0000
79,scouts,3,-5.0920,-6.1003,3.0000
79,scouts,4,6.5919,-4.6014,3.0000
79,scouts,5,5.0919,-3.1014,3.0000
79,scouts,6,3.5919,-4.6014,3.0000
79,scouts,7,5.0919,-6.1014,3.0000
79,scouts,8,-3.2106,4.7095,3.0000
79,scouts,9,-4.7106,6.2095,3.0000
79,scouts,10,-6.2106,4.7095,3.0000
79,scouts,11,-4.7106,3.2095,3.0000
79,scouts,12,6.2109,4.7103,3.0000
79,scouts,13,4.7109,6.2103,3.0000
79,scouts,14,3.2109,4.7103,3.0000
79,scouts,15,4.7109,3.2103,3.0000
79,workers,0,-3.1774,-4.5389,3.0000
79,workers,1,7.0379,-4.5074,3.0000
79,workers,2,-2.6809,4.6228,3.0000
79,workers,3,6.6266,4.6764,3.0000
80,general,0,0.0000,0.0000,5.0000
80,nodes,0,-5.1019,-4.5577,3.0000
80,nodes,1,5.1017,-4.5587,3.0000
80,nodes,2,-4.6796,4.6784,3.0000
80,nodes,3,4.6802,4.6794,3.0000
80,scouts,0,-3.5933,-4.5946,3.0000
80,scouts,1,-5.0933,-3.0946,3.0000
80,scouts,2,-6.5933,-4.5946,3.0000
80,scouts,3,-5.0933,-6.0946,3.0000
80,scouts,4,6.5932,-4.5957,3.0000
80,scouts,5,5.0932,-3.0957,3.0000
80,scouts,6,3.5932,-4.5957,3.0000
80,scouts,7,5.0932,-6.0957,3.0000
80,scouts,8,-3.2065,4.7054,3.0000
80,scouts,9,-4.7065,6.2054,3.0000
80,scouts,10,-6.2065,4.7054,3.0000
80,scouts,11,-4.7065,3.2054,3.0000
80,scouts,12,6.2068,4.7062,3.0000
80,scouts,13,4.7068,6.2062,3.0000
80,scouts,14,3.2068,4.7062,3.0000
80,scouts,15,4.7068,3.2062,3.0000
80,workers,0,-3.1888,-4.5091,3.0000
80,workers,1,7.0403,-4.4756,3.0000
80,workers,2,-2.6603,4.5985,3.0000
80,workers,3,6.6025,4.6555,3.0000
81,general,0,0.0000,0.0000,5.0000
81,nodes,0,-5.1032,-4.5521,3.0000
81,nodes,1,5.1031,-4.5530,3.0000
81,nodes,2,-4.6755,4.6743,3.0000
81,nodes,3,4.6761,4.6752,3.0000
81,scouts,0,-3.5946,-4.5889,3.0000
81,scouts,1,-5.0946,-3.0889,3.0000
81,scouts,2,-6.5946,-4.5889,3.0000
81,scouts,3,-5.0946,-6.0889,3.0000
81,scouts,4,6.5946,-4.5900,3.0000
81,scouts,5,5.0946,-3.0900,3.0000
81,scouts,6,3.5946,-4.5900,3.0000
81,scouts,7,5.0946,-6.0900,3.0000
81,scouts,8,-3.2024,4.7012,3.0000
81,scouts,9,-4.7024,6.2012,3.0000
81,scouts,10,-6.2024,4.7012,3.0000
81,scouts,11,-4.7024,3.2012,3.0000
81,scouts,12,6.2027,4.7020,3.0000
81,scouts,13,4.7027,6.2020,3.0000
81,scouts,14,3.2027,4.7020,3.0000
81,scouts,15,4.7027,3.2020,3.0000
81,workers,0,-3.2003,-4.4791,3.0000
81,workers,1,7.0428,-4.4436,3.0000
81,workers,2,-2.6395,4.5740,3.0000
81,workers,3,6.5783,4.6345,3.0000
82,general,0,0.0000,0.0000,5.0000
82,nodes,0,-5.1046,-4.5464,3.0000
82,nodes,1,5.1044,-4.5473,3.0000
82,nodes,2,-4.6714,4.6701,3.0000
82,nodes,3,4.6720,4.6710,3.0000
82,scouts,0,-3.5959,-4.5832,3.0000
82,scouts,1,-5.0959,-3.0832,3.0000
82,scouts,2,-6.5959,-4.5832,3.0000
82,scouts,3,-5.0959,-6.0832,3.0000
82,scouts,4,6.5959,-4.5843,3.0000
82,scouts,5,5.0959,-3.0843,3.0000
82,scouts,6,3.5959,-4.5843,3.0000
82,scouts,7,5.0959,-6.0843,3.0000
82,scouts,8,-3.1982,4.6971,3.0000
82,scouts,9,-4.6982,6.1971,3.0000
82,scouts,10,-6.1982,4.6971,3.0000
82,scouts,11,-4.6982,3.1971,3.0000
82,scouts,12,6.1986,4.6979,3.0000
82,scouts,13,4.6986,6.1979,3.0000
82,scouts,14,3.1986,4.6979,3.0000
82,scouts,15,4.6986,3.1979,3.0000
82,workers,0,-3.2119,-4.4490,3.0000
82,workers,1,7.0453,-4.4114,3.0000
82,workers,2,-2.6187,4.5494,3.0000
82,workers,3,6.5539,4.6134,3.0000
83,general,0,0.0000,0.0000,5.0000
83,nodes,0,-5.1059,-4.5407,3.0000
83,nodes,1,5.1057,-4.5416,3.0000
83,nodes,2,-4.6673,4.6660,3.0000
83,nodes,3,4.6678,4.6669,3.0000
83,scouts,0,-3.5973,-4.5776,3.0000
83,scouts,1,-5.0973,-3.0776,3.0000
83,scouts,2,-6.5973,-4.5776,3.0000
83,scouts,3,-5.0973,-6.0776,3.0000
83,scouts,4,6.5972,-4.5786,3.0000
83,scouts,5,5.0972,-3.0786,3.0000
83,scouts,6,3.5972,-4.5786,3.0000
83,scouts,7,5.0972,-6.0786,3.0000
83,scouts,8,-3.1941,4.6930,3.0000
83,scouts,9,-4.6941,6.1930,3.0000
83,scouts,10,-6.1941,4.6930,3.0000
83,scouts,11,-4.6941,3.1930,3.0000
83,scouts,12,6.1945,4.6938,3.0000
83,scouts,13,4.6945,6.1938,3.0000
83,scouts,14,3.1945,4.6938,3.0000
83,scouts,15,4.6945,3.1938,3.0000
83,workers,0,-3.2235,-4.4188,3.0000
83,workers,1,7.0478,-4.3791,3.0000
83,workers,2,-2.5978,4.5246,3.0000
83,workers,3,6.5294,4.5922,3.0000
84,general,0,0.0000,0.0000,5.0000
84,nodes,0,-5.1072,-4.5350,3.0000
84,nodes,1,5.1070,-4.5359,3.0000
84,nodes,2,-4.6632,4.6619,3.0000
84,nodes,3,4.6636,4.6628,3.0000
84,scouts,0,-3.5986,-4.5719,3.0000
84,scouts,1,-5.0986,-3.0719,3.0000
84,scouts,2,-6.5986,-4.5719,3.0000
84,scouts,3,-5.0986,-6.0719,3.0000
84,scouts,4,6.5985,-4.5729,3.0000
84,scouts,5,5.0985,-3.0729,3.0000
84,scouts,6,3.5985,-4.5729,3.0000
84,scouts,7,5.0985,-6.0729,3.0000
84,scouts,8,-3.1900,4.6888,3.0000
84,scouts,9,-4.6900,6.1888,3.0000
84,scouts,10,-6.1900,4.6888,3.0000
84,scouts,11,-4.6900,3.1888,3.0000
84,scouts,12,6.1904,4.6896,3.0000
84,scouts,13,4.6904,6.1896,3.0000
84,scouts,14,3.1904,4.6896,3.0000
84,scouts,15,4.6904,3.1896,3.0000
84,workers,0,-3.2352,-4.3884,3.0000
84,workers,1,7.0503,-4.3467,3.0000
84,workers,2,-2.5767,4.4998,3.0000
84,workers,3,6.5048,4.5709,3.0000
85,general,0,0.0000,0.0000,5.0000
85,nodes,0,-5.1086,-4.5293,3.0000
85,nodes,1,5.1083,-4.5303,3.0000
85,nodes,2,-4.6591,4.6579,3.0000
85,nodes,3,4.6595,4.6586,3.0000
85,scouts,0,-3.5999,-4.5662,3.0000
85,scouts,1,-5.0999,-3.0662,3.0000
85,scouts,2,-6.5999,-4.5662,3.0000
85,scouts,3,-5.0999,-6.0662,3.0000
85,scouts,4,6.5998,-4.5672,3.0000
85,scouts,5,5.0998,-3.0672,3.0000
85,scouts,6,3.5998,-4.5672,3.0000
85,scouts,7,5.0998,-6.0672,3.0000
85,scouts,8,-3.1859,4.6847,3.0000
85,scouts,9,-4.6859,6.1847,3.0000
85,scouts,10,-6.1859,4.6847,3.0000
85,scouts,11,-4.6859,3.1847,3.0000
85,scouts,12,6.1863,4.6855,3.0000
85,scouts,13,4.6863,6.1855,3.0000
85,scouts,14,3.1863,4.6855,3.0000
85,scouts,15,4.6863,3.1855,3.0000
85,workers,0,-3.2469,-4.3580,3.0000
85,workers,1,7.0528,-4.3141,3.0000
85,workers,2,-2.5557,4.4749,3.0000
85,workers,3,6.4802,4.5495,3.0000
86,general,0,0.0000,0.0000,5.0000
86,nodes,0,-5.1099,-4.5236,3.0000
86,nodes,1,5.1097,-4.5246,3.0000
86,nodes,2,-4.6550,4.6538,3.0000
86,nodes,3,4.6554,4.6545,3.0000
86,scouts,0,-3.6013,-4.5605,3.0000
86,scouts,1,-5.1013,-3.0605,3.0000
86,scouts,2,-6.6013,-4.5605,3.0000
86,scouts,3,-5.1013,-6.0605,3.0000
86,scouts,4,6.6011,-4.5616,3.0000
86,scouts,5,5.1011,-3.0616,3.0000
86,scouts,6,3.6011,-4.5616,3.0000
86,scouts,7,5.1011,-6.0616,3.0000
86,scouts,8,-3.1817,4.6806,3.0000
86,scouts,9,-4.6817,6.1806,3.0000
86,scouts,10,-6.1817,4.6806,3.0000
86,scouts,11,-4.6817,3.1806,3.0000
86,scouts,12,6.1821,4.6814,3.0000
86,scouts,13,4.6821,6.1814,3.0000
86,scouts,14,3.1821,4.6814,3.0000
86,scouts,15,4.6821,3.1814,3.0000
86,workers,0,-3.2587,-4.3274,3.0000
86,workers,1,7.0553,-4.2815,3.0000
86,workers,2,-2.5345,4.4499,3.0000
86,workers,3,6.4554,4.5281,3.0000
87,general,0,0.0000,0.0000,5.0000
87,nodes,0,-5.1112,-4.5179,3.0000
87,nodes,1,5.1109,-4.5189,3.0000
87,nodes,2,-4.6508,4.6497,3.0000
87,nodes,3,4.6513,4.6503,3.0000
87,scouts,0,-3.6026,-4.5549,3.0000
87,scouts,1,-5.1026,-3.0549,3.0000
87,scouts,2,-6.6026,-4.5549,3.0000
87,scouts,3,-5.1026,-6.0549,3.0000
87,scouts,4,6.6024,-4.5559,3.0000
87,scouts,5,5.1024,-3.0559,3.0000
87,scouts,6,3.6024,-4.5559,3.0000
87,scouts,7,5.1024,-6.0559,3.0000
87,scouts,8,-3.1776,4.6764,3.0000
87,scouts,9,-4.6776,6.1764,3.0000
87,scouts,10,-6.1776,4.6764,3.0000
87,scouts,11,-4.6776,3.1764,3.0000
87,scouts,12,6.1780,4.6772,3.0000
87,scouts,13,4.6780,6.1772,3.0000
87,scouts,14,3.1780,4.6772,3.0000
87,scouts,15,4.6780,3.1772,3.0000
87,workers,0,-3.2705,-4.2968,3.0000
87,workers,1,7.0578,-4.2488,3.0000
87,workers,2,-2.5133,4.4249,3.0000
87,workers,3,6.4307,4.5066,3.0000
88,general,0,0.0000,0.0000,5.0000
88,nodes,0,-5.1125,-4.5122,3.0000
88,nodes,1,5.1122,-4.5131,3.0000
88,nodes,2,-4.6467,4.6456,3.0000
88,nodes,3,4.6471,4.6462,3.0000
88,scouts,0,-3.6039,-4.5492,3.0000
88,scouts,1,-5.1039,-3.0492,3.0000
88,scouts,2,-6.6039,-4.5492,3.0000
88,scouts,3,-5.1039,-6.0492,3.0000
88,scouts,4,6.6037,-4.5502,3.0000
88,scouts,5,5.1037,-3.0502,3.0000
88,scouts,6,3.6037,-4.5502,3.0000
88,scouts,7,5.1037,-6.0502,3.0000
88,scouts,8,-3.1735,4.6723,3.0000
88,scouts,9,-4.6735,6.1723,3.0000
88,scouts,10,-6.1735,4.6723,3.0000
88,scouts,11,-4.6735,3.1723,3.0000
88,scouts,12,6.1739,4.6731,3.0000
88,scouts,13,4.6739,6.1731,3.0000
88,scouts,14,3.1739,4.6731,3.0000
88,scouts,15,4.6739,3.1731,3.0000
88,workers,0,-3.2823,-4.2661,3.0000
88,workers,1,7.0603,-4.2160,3.0000
88,workers,2,-2.4921,4.3998,3.0000
88,workers,3,6.4058,4.4850,3.0000
89,general,0,0.0000,0.0000,5.0000
89,nodes,0,-5.1139,-4.5065,3.0000
89,nodes,1,5.1135,-4.5074,3.0000
89,nodes,2,-4.6427,4.6415,3.0000
89,nodes,3,4.6431,4.6421,3.0000
89,scouts,0,-3.6052,-4.5435,3.0000
89,scouts,1,-5.1052,-3.0435,3.0000
89,scouts,2,-6.6052,-4.5435,3.0000
89,scouts,3,-5.1052,-6.0435,3.0000
89,scouts,4,6.6050,-4.5445,3.0000
89,scouts,5,5.1050,-3.0445,3.0000
89,scouts,6,3.6050,-4.5445,3.0000
89,scouts,7,5.1050,-6.0445,3.0000
89,scouts,8,-3.1694,4.6682,3.0000
89,scouts,9,-4.6694,6.1682,3.0000
89,scouts,10,-6.1694,4.6682,3.0000
89,scouts,11,-4.6694,3.1682,3.0000
89,scouts,12,6.1698,4.6690,3.0000
89,scouts,13,4.6698,6.1690,3.0000
89,scouts,14,3.1698,4.6690,3.0000
89,scouts,15,4.6698,3.1690,3.0000
89,workers,0,-3.2941,-4.2354,3.0000
89,workers,1,7.0628,-4.1832,3.0000
89,workers,2,-2.4708,4.3746,3.0000
89,workers,3,6.3809,4.4635,3.0000
90,general,0,0.0000,0.0000,5.0000
90,nodes,0,-5.1152,-4.5008,3.0000
90,nodes,1,5.1147,-4.5019,3.0000
90,nodes,2,-4.6386,4.6374,3.0000
90,nodes,3,4.6390,4.6379,3.0000
90,scouts,0,-3.6066,-4.5378,3.0000
90,scouts,1,-5.1066,-3.0378,3.0000
90,scouts,2,-6.6066,-4.5378,3.0000
90,scouts,3,-5.1066,-6.0378,3.0000
90,scouts,4,6.6063,-4.5388,3.0000
90,scouts,5,5.1063,-3.0388,3.0000
90,scouts,6,3.6063,-4.5388,3.0000
90,scouts,7,5.1063,-6.0388,3.0000
90,scouts,8,-3.1653,4.6641,3.0000
90,scouts,9,-4.6653,6.1641,3.0000
90,scouts,10,-6.1653,4.6641,3.0000
90,scouts,11,-4.6653,3.1641,3.0000
90,scouts,12,6.1657,4.6648,3.0000
90,scouts,13,4.6657,6.1648,3.0000
90,scouts,14,3.1657,4.6648,3.0000
90,scouts,15,4.6657,3.1648,3.0000
90,workers,0,-3.3059,-4.2046,3.0000
90,workers,1,7.0654,-4.1503,3.0000
90,workers,2,-2.4495,4.3494,3.0000
90,workers,3,6.3560,4.4419,3.0000
91,general,0,0.0000,0.0000,5.0000
91,nodes,0,-5.1166,-4.4951,3.0000
91,nodes,1,5.1160,-4.4962,3.0000
91,nodes,2,-4.6345,4.6333,3.0000
91,nodes,3,4.6349,4.6338,3.0000
91,scouts,0,-3.6079,-4.5321,3.0000
91,scouts,1,-5.1079,-3.0321,3.0000
91,scouts,2,-6.6079,-4.5321,3.0000
91,scouts,3,-5.1079,-6.0321,3.0000
91,scouts,4,6.6076,-4.5331,3.0000
91,scouts,5,5.1076,-3.0331,3.0000
91,scouts,6,3.6076,-4.5331,3.0000
91,scouts,7,5.1076,-6.0331,3.0000
91,scouts,8,-3.1612,4.6600,3.0000
91,scouts,9,-4.6612,6.1600,3.0000
91,scouts,10,-6.1612,4.6600,3.0000
91,scouts,11,-4.6612,3.1600,3.0000
91,scouts,12,6.1616,4.6607,3.0000
91,scouts,13,4.6616,6.1607,3.0000
91,scouts,14,3.1616,4.6607,3.0000
91,scouts,15,4.6616,3.1607,3.0000
91,workers,0,-3.3178,-4.1737,3.0000
91,workers,1,7.0679,-4.1173,3.0000
91,workers,2,-2.4282,4.3242,3.0000
91,workers,3,6.3310,4.4202,3.0000
92,general,0,0.0000,0.0000,5.0000
92,nodes,0,-5.1180,-4.4894,3.0000
92,nodes,1,5.1174,-4.4905,3.0000
92,nodes,2,-4.6303,4.6292,3.0000
92,nodes,3,4.6308,4.6296,3.0000
92,scouts,0,-3.6092,-4.5264,3.0000
92,scouts,1,-5.1092,-3.0264,3.0000
92,scouts,2,-6.6092,-4.5264,3.0000
92,scouts,3,-5.1092,-6.0264,3.0000
92,scouts,4,6.6089,-4.5274,3.0000
92,scouts,5,5.1089,-3.0274,3.0000
92,scouts,6,3.6089,-4.5274,3.0000
92,scouts,7,5.1089,-6.0274,3.0000
92,scouts,8,-3.1571,4.6559,3.0000
92,scouts,9,-4.6571,6.1559,3.0000
92,scouts,10,-6.1571,4.6559,3.0000
92,scouts,11,-4.6571,3.1559,3.0000
92,scouts,12,6.1575,4.6565,3.0000
92,scouts,13,4.6575,6.1565,3.0000
92,scouts,14,3.1575,4.6565,3.0000
92,scouts,15,4.6575,3.1565,3.0000
92,workers,0,-3.3297,-4.1429,3.0000
92,workers,1,7.0704,-4.0844,3.0000
92,workers,2,-2.4068,4.2990,3.0000
92,workers,3,6.3060,4.3986,3.0000
93,general,0,0.0000,0.0000,5.0000
93,nodes,0,-5.1193,-4.4837,3.0000
93,nodes,1,5.1187,-4.4847,3.0000
93,nodes,2,-4.6262,4.6250,3.0000
93,nodes,3,4.6267,4.6255,3.0000
93,scouts,0,-3.6106,-4.5207,3.0000
93,scouts,1,-5.1106,-3.0207,3.0000
93,scouts,2,-6.6106,-4.5207,3.0000
93,scouts,3,-5.1106,-6.0207,3.0000
93,scouts,4,6.6102,-4.5217,3.0000
93,scouts,5,5.1102,-3.0217,3.0000
93,scouts,6,3.6102,-4.5217,3.0000
93,scouts,7,5.1102,-6.0217,3.0000
93,scouts,8,-3.1529,4.6518,3.0000
93,scouts,9,-4.6529,6.1518,3.0000
93,scouts,10,-6.1529,4.6518,3.0000
93,scouts,11,-4.6529,3.1518,3.0000
93,scouts,12,6.1534,4.6524,3.0000
93,scouts,13,4.6534,6.1524,3.0000
93,scouts,14,3.1534,4.6524,3.0000
93,scouts,15,4.6534,3.1524,3.0000
93,workers,0,-3.3415,-4.1120,3.0000
93,workers,1,7.0730,-4.0514,3.0000
93,workers,2,-2.3854,4.2737,3.0000
93,workers,3,6.2810,4.3769,3.0000
94,general,0,0.0000,0.0000,5.0000
94,nodes,0,-5.1207,-4.4780,3.0000
94,nodes,1,5.1200,-4.4791,3.0000
94,nodes,2,-4.6221,4.6210,3.0000
94,nodes,3,4.6226,4.6214,3.0000
94,scouts,0,-3.6119,-4.5150,3.0000
94,scouts,1,-5.1119,-3.0150,3.0000
94,scouts,2,-6.6119,-4.5150,3.0000
94,scouts,3,-5.1119,-6.0150,3.0000
94,scouts,4,6.6115,-4.5160,3.0000
94,scouts,5,5.1115,-3.0160,3.0000
94,scouts,6,3.6115,-4.5160,3.0000
94,scouts,7,5.1115,-6.0160,3.0000
94,scouts,8,-3.1488,4.6477,3.0000
94,scouts,9,-4.6488,6.1477,3.0000
94,scouts,10,-6.1488,4.6477,3.0000
94,scouts,11,-4.6488,3.1477,3.0000
94,scouts,12,6.1493,4.6483,3.0000
94,scouts,13,4.6493,6.1483,3.0000
94,scouts,14,3.1493,4.6483,3.0000
94,scouts,15,4.6493,3.1483,3.0000
94,workers,0,-3.3534,-4.0810,3.0000
94,workers,1,7.0755,-4.0183,3.0000
94,workers,2,-2.3640,4.2484,3.0000
94,workers,3,6.2560,4.3552,3.0000
95,general,0,0.0000,0.0000,5.0000
95,nodes,0,-5.1220,-4.4723,3.0000
95,nodes,1,5.1213,-4.4734,3.0000
95,nodes,2,-4.6180,4.6167,3.0000
95,nodes,3,4.6186,4.6172,3.0000
95,scouts,0,-3.6133,-4.5093,3.0000
95,scouts,1,-5.1133,-3.0093,3.0000
95,scouts,2,-6.6133,-4.5093,3.0000
95,scouts,3,-5.1133,-6.0093,3.0000
95,scouts,4,6.6128,-4.5104,3.0000
95,scouts,5,5.1128,-3.0104,3.0000
95,scouts,6,3.6128,-4.5104,3.0000
95,scouts,7,5.1128,-6.0104,3.0000
95,scouts,8,-3.1447,4.6435,3.0000
95,scouts,9,-4.6447,6.1435,3.0000
95,scouts,10,-6.1447,4.6435,3.0000
95,scouts,11,-4.6447,3.1435,3.0000
95,scouts,12,6.1452,4.6441,3.0000
95,scouts,13,4.6452,6.1441,3.0000
95,scouts,14,3.1452,4.6441,3.0000
95,scouts,15,4.6452,3.1441,3.0000
95,workers,0,-3.3654,-4.0501,3.0000
95,workers,1,7.0781,-3.9852,3.0000
95,workers,2,-2.3426,4.2231,3.0000
95,workers,3,6.2309,4.3334,3.0000
96,general,0,0.0000,0.0000,5.0000
96,nodes,0,-5.1234,-4.4666,3.0000
96,nodes,1,5.1226,-4.4677,3.0000
96,nodes,2,-4.6139,4.6126,3.0000
96,nodes,3,4.6144,4.6131,3.0000
96,scouts,0,-3.6146,-4.5036,3.0000
96,scouts,1,-5.1146,-3.0036,3.0000
96,scouts,2,-6.6146,-4.5036,3.0000
96,scouts,3,-5.1146,-6.0036,3.0000
96,scouts,4,6.6141,-4.5047,3.0000
96,scouts,5,5.1141,-3.0047,3.0000
96,scouts,6,3.6141,-4.5047,3.0000
96,scouts,7,5.1141,-6.0047,3.0000
96,scouts,8,-3.1406,4.6394,3.0000
96,scouts,9,-4.6406,6.1394,3.0000
96,scouts,10,-6.1406,4.6394,3.0000
96,scouts,11,-4.6406,3.1394,3.0000
96,scouts,12,6.1411,4.6400,3.0000
96,scouts,13,4.6411,6.1400,3.0000
96,scouts,14,3.1411,4.6400,3.0000
96,scouts,15,4.6411,3.1400,3.0000
96,workers,0,-3.3773,-4.0191,3.0000
96,workers,1,7.0806,-3.9522,3.0000
96,workers,2,-2.3212,4.1977,3.0000
96,workers,3,6.2058,4.3117,3.0000
97,general,0,0.0000,0.0000,5.0000
97,nodes,0,-5.1247,-4.4609,3.0000
97,nodes,1,5.1238,-4.4620,3.0000
97,nodes,2,-4.6099,4.6084,3.0000
97,nodes,3,4.6103,4.6089,3.0000
97,scouts,0,-3.6160,-4.4979,3.0000
97,scouts,1,-5.1160,-2.9979,3.0000
97,scouts,2,-6.6160,-4.4979,3.0000
97,scouts,3,-5.1160,-5.9979,3.0000
97,scouts,4,6.6154,-4.4990,3.0000
97,scouts,5,5.1154,-2.9990,3.0000
97,scouts,6,3.6154,-4.4990,3.0000
97,scouts,7,5.1154,-5.9990,3.0000
97,scouts,8,-3.1365,4.6353,3.0000
97,scouts,9,-4.6365,6.1353,3.0000
97,scouts,10,-6.1365,4.6353,3.0000
97,scouts,11,-4.6365,3.1353,3.0000
97,scouts,12,6.1370,4.6359,3.0000
97,scouts,13,4.6370,6.1359,3.0000
97,scouts,14,3.1370,4.6359,3.0000
97,scouts,15,4.6370,3.1359,3.0000
97,workers,0,-3.3892,-3.9881,3.0000
97,workers,1,7.0832,-3.9190,3.0000
97,workers,2,-2.2997,4.1724,3.0000
97,workers,3,6.1807,4.2900,3.0000
98,general,0,0.0000,0.0000,5.0000
98,nodes,0,-5.1261,-4.4552,3.0000
98,nodes,1,5.1252,-4.4565,3.0000
98,nodes,2,-4.6057,4.6043,3.0000
98,nodes,3,4.6062,4.6048,3.0000
98,scouts,0,-3.6173,-4.4922,3.0000
98,scouts,1,-5.1173,-2.9922,3.0000
98,scouts,2,-6.6173,-4.4922,3.0000
98,scouts,3,-5.1173,-5.9922,3.0000
98,scouts,4,6.6167,-4.4933,3.0000
98,scouts,5,5.1167,-2.9933,3.0000
98,scouts,6,3.6167,-4.4933,3.0000
98,scouts,7,5.1167,-5.9933,3.0000
98,scouts,8,-3.1324,4.6312,3.0000
98,scouts,9,-4.6324,6.1312,3.0000
98,scouts,10,-6.1324,4.6312,3.0000
98,scouts,11,-4.6324,3.1312,3.0000
98,scouts,12,6.1329,4.6317,3.0000
98,scouts,13,4.6329,6.1317,3.0000
98,scouts,14,3.1329,4.6317,3.0000
98,scouts,15,4.6329,3.1317,3.0000
98,workers,0,-3.4011,-3.9571,3.0000
98,workers,1,7.0857,-3.8859,3.0000
98,workers,2,-2.2782,4.1470,3.0000
98,workers,3,6.1556,4.2682,3.0000
99,general,0,0.0000,0.0000,5.0000
99,nodes,0,-5.1274,-4.4495,3.0000
99,nodes,1,5.1265,-4.4509,3.0000
99,nodes,2,-4.6016,4.6002,3.0000
99,nodes,3,4.6020,4.6007,3.0000
99,scouts,0,-3.6187,-4.4865,3.0000
99,scouts,1,-5.1187,-2.9865,3.0000
99,scouts,2,-6.6187,-4.4865,3.0000
99,scouts,3,-5.1187,-5.9865,3.0000
99,scouts,4,6.6180,-4.4877,3.0000
99,scouts,5,5.1180,-2.9877,3.0000
99,scouts,6,3.6180,-4.4877,3.0000
99,scouts,7,5.1180,-5.9877,3.0000
99,scouts,8,-3.1283,4.6270,3.0000
99,scouts,9,-4.6283,6.1270,3.0000
99,scouts,10,-6.1283,4.6270,3.0000
99,scouts,11,-4.6283,3.1270,3.0000
99,scouts,12,6.1288,4.6276,3.0000
99,scouts,13,4.6288,6.1276,3.0000
99,scouts,14,3.1288,4.6276,3.0000
99,scouts,15,4.6288,3.1276,3.0000
99,workers,0,-3.4130,-3.9261,3.0000
99,workers,1,7.0882,-3.8528,3.0000
99,workers,2,-2.2568,4.1216,3.0000
99,workers,3,6.1305,4.2464,3.0000
100,general,0,0.0000,0.0000,5.0000
100,nodes,0,-5.1287,-4.4438,3.0000
100,nodes,1,5.1278,-4.4452,3.0000
100,nodes,2,-4.5975,4.5960,3.0000
100,nodes,3,4.5978,4.5966,3.0000
100,scouts,0,-3.6200,-4.4808,3.0000
100,scouts,1,-5.1200,-2.9808,3.0000
100,scouts,2,-6.6200,-4.4808,3.0000
100,scouts,3,-5.1200,-5.9808,3.0000
100,scouts,4,6.6193,-4.4820,3.0000
100,scouts,5,5.1193,-2.9820,3.0000
100,scouts,6,3.6193,-4.4820,3.0000
100,scouts,7,5.1193,-5.9820,3.0000
100,scouts,8,-3.1242,4.6229,3.0000
100,scouts,9,-4.6242,6.1229,3.0000
100,scouts,10,-6.1242,4.6229,3.0000
100,scouts,11,-4.6242,3.1229,3.0000
100,scouts,12,6.1246,4.6234,3.0000
100,scouts,13,4.6246,6.1234,3.0000
100,scouts,14,3.1246,4.6234,3.0000
100,scouts,15,4.6246,3.1234,3.0000
100,workers,0,-3.4250,-3.8950,3.0000
100,workers,1,7.0908,-3.8196,3.0000
100,workers,2,-2.2353,4.0963,3.0000
100,workers,3,6.1054,4.2247,3.0000
101,general,0,0.0000,0.0000,5.0000
101,nodes,0,-5.1301,-4.4381,3.0000
101,nodes,1,5.1290,-4.4395,3.0000
101,nodes,2,-4.5933,4.5920,3.0000
101,nodes,3,4.5937,4.5924,3.0000
101,scouts,0,-3.6213,-4.4751,3.0000
101,scouts,1,-5.1213,-2.9751,3.0000
101,scouts,2,-6.6213,-4.4751,3.0000
101,scouts,3,-5.1213,-5.9751,3.0000
101,scouts,4,6.6206,-4.4763,3.0000
101,scouts,5,5.1206,-2.9763,3.0000
101,scouts,6,3.6206,-4.4763,3.0000
101,scouts,7,5.1206,-5.9763,3.0000
101,scouts,8,-3.1201,4.6188,3.0000
101,scouts,9,-4.6201,6.1188,3.0000
101,scouts,10,-6.1201,4.6188,3.0000
101,scouts,11,-4.6201,3.1188,3.0000
101,scouts,12,6.1205,4.6193,3.0000
101,scouts,13,4.6205,6.1193,3.0000
101,scouts,14,3.1205,4.6193,3.0000
101,scouts,15,4.6205,3.1193,3.0000
101,workers,0,-3.4369,-3.8640,3.0000
101,workers,1,7.0933,-3.7865,3.0000
101,workers,2,-2.2138,4.0709,3.0000
101,workers,3,6.0802,4.2029,3.0000
102,general,0,0.0000,0.0000,5.0000
102,nodes,0,-5.1315,-4.4325,3.0000
102,nodes,1,5.1303,-4.4338,3.0000
102,nodes,2,-4.5892,4.5879,3.0000
102,nodes,3,4.5896,4.5882,3.0000
102,scouts,0,-3.6227,-4.4695,3.0000
102,scouts,1,-5.1227,-2.9695,3.0000
102,scouts,2,-6.6227,-4.4695,3.0000
102,scouts,3,-5.1227,-5.9695,3.0000
102,scouts,4,6.6219,-4.4707,3.0000
102,scouts,5,5.1219,-2.9707,3.0000
102,scouts,6,3.6219,-4.4707,3.0000
102,scouts,7,5.1219,-5.9707,3.0000
102,scouts,8,-3.1160,4.6146,3.0000
102,scouts,9,-4.6160,6.1146,3.0000
102,scouts,10,-6.1160,4.6146,3.0000
102,scouts,11,-4.6160,3.1146,3.0000
102,scouts,12,6.1164,4.6152,3.0000
102,scouts,13,4.6164,6.1152,3.0000
102,scouts,14,3.1164,4.6152,3.0000
102,scouts,15,4.6164,3.1152,3.0000
102,workers,0,-3.4489,-3.8329,3.0000
102,workers,1,7.0959,-3.7533,3.0000
102,workers,2,-2.1923,4.0455,3.0000
102,workers,3,6.0551,4.1811,3.0000
103,general,0,0.0000,0.0000,5.0000
103,nodes,0,-5.1328,-4.4269,3.0000
103,nodes,1,5.1316,-4.4282,3.0000
103,nodes,2,-4.5850,4.5837,3.0000
103,nodes,3,4.5854,4.5841,3.0000
103,scouts,0,-3.6240,-4.4638,3.0000
103,scouts,1,-5.1240,-2.9638,3.0000
103,scouts,2,-6.6240,-4.4638,3.0000
103,scouts,3,-5.1240,-5.9638,3.0000
103,scouts,4,6.6232,-4.4650,3.0000
103,scouts,5,5.1232,-2.9650,3.0000
103,scouts,6,3.6232,-4.4650,3.0000
103,scouts,7,5.1232,-5.9650,3.0000
103,scouts,8,-3.1118,4.6105,3.0000
103,scouts,9,-4.6118,6.1105,3.0000
103,scouts,10,-6.1118,4.6105,3.0000
103,scouts,11,-4.6118,3.1105,3.0000
103,scouts,12,6.1123,4.6110,3.0000
103,scouts,13,4.6123,6.1110,3.0000
103,scouts,14,3.1123,4.6110,3.0000
103,scouts,15,4.6123,3.1110,3.0000
103,workers,0,-3.4608,-3.8019,3.0000
103,workers,1,7.0985,-3.7201,3.0000
103,workers,2,-2.1708,4.0201,3.0000
103,workers,3,6.0299,4.1593,3.0000
104,general,0,0.0000,0.0000,5.0000
104,nodes,0,-5.1341,-4.4212,3.0000
104,nodes,1,5.1329,-4.4226,3.0000
104,nodes,2,-4.5809,4.5796,3.0000
104,nodes,3,4.5814,4.5800,3.0000
104,scouts,0,-3.6254,-4.4581,3.0000
104,scouts,1,-5.1254,-2.9581,3.0000
104,scouts,2,-6.6254,-4.4581,3.0000
104,scouts,3,-5.1254,-5.9581,3.0000
104,scouts,4,6.6245,-4.4593,3.0000
104,scouts,5,5.1245,-2.9593,3.0000
104,scouts,6,3.6245,-4.4593,3.0000
104,scouts,7,5.1245,-5.9593,3.0000
104,scouts,8,-3.1077,4.6064,3.0000
104,scouts,9,-4.6077,6.1064,3.0000
104,scouts,10,-6.1077,4.6064,3.0000
104,scouts,11,-4.6077,3.1064,3.0000
104,scouts,12,6.1081,4.6069,3.0000
104,scouts,13,4.6081,6.1069,3.0000
104,scouts,14,3.1081,4.6069,3.0000
104,scouts,15,4.6081,3.1069,3.0000
104,workers,0,-3.4728,-3.7708,3.0000
104,workers,1,7.1010,-3.6869,3.0000
104,workers,2,-2.1493,3.9946,3.0000
104,workers,3,6.0048,4.1375,3.0000
105,general,0,0.0000,0.0000,5.0000
105,nodes,0,-5.1355,-4.4155,3.0000
105,nodes,1,5.1343,-4.4169,3.0000
105,nodes,2,-4.5768,4.5754,3.0000
105,nodes,3,4.5773,4.5759,3.0000
105,scouts,0,-3.6267,-4.4524,3.0000
105,scouts,1,-5.1267,-2.9524,3.0000
105,scouts,2,-6.6267,-4.4524,3.0000
105,scouts,3,-5.1267,-5.9524,3.0000
105,scouts,4,6.6258,-4.4537,3.0000
105,scouts,5,5.1258,-2.9537,3.0000
105,scouts,6,3.6258,-4.4537,3.0000
105,scouts,7,5.1258,-5.9537,3.0000
105,scouts,8,-3.1036,4.6023,3.0000
105,scouts,9,-4.6036,6.1023,3.0000
105,scouts,10,-6.1036,4.6023,3.0000
105,scouts,11,-4.6036,3.1023,3.0000
105,scouts,12,6.1040,4.6027,3.0000
105,scouts,13,4.6040,6.1027,3.0000
105,scouts,14,3.1040,4.6027,3.0000
105,scouts,15,4.6040,3.1027,3.0000
105,workers,0,-3.4847,-3.7397,3.0000
105,workers,1,7.1036,-3.6537,3.0000
105,workers,2,-2.1278,3.9692,3.0000
105,workers,3,5.9796,4.1157,3.0000
106,general,0,0.0000,0.0000,5.0000
106,nodes,0,-5.1368,-4.4099,3.0000
106,nodes,1,5.1356,-4.4113,3.0000
106,nodes,2,-4.5728,4.5713,3.0000
106,nodes,3,4.5731,4.5718,3.0000
106,scouts,0,-3.6281,-4.4467,3.0000
106,scouts,1,-5.1281,-2.9467,3.0000
106,scouts,2,-6.6281,-4.4467,3.0000
106,scouts,3,-5.1281,-5.9467,3.0000
106,scouts,4,6.6271,-4.4480,3.0000
106,scouts,5,5.1271,-2.9480,3.0000
106,scouts,6,3.6271,-4.4480,3.0000
106,scouts,7,5.1271,-5.9480,3.0000
106,scouts,8,-3.0995,4.5981,3.0000
106,scouts,9,-4.5995,6.0981,3.0000
106,scouts,10,-6.0995,4.5981,3.0000
106,scouts,11,-4.5995,3.0981,3.0000
106,scouts,12,6.0999,4.5986,3.0000
106,scouts,13,4.5999,6.0986,3.0000
106,scouts,14,3.0999,4.5986,3.0000
106,scouts,15,4.5999,3.0986,3.0000
106,workers,0,-3.4967,-3.7087,3.0000
106,workers,1,7.1061,-3.6205,3.0000
106,workers,2,-2.1063,3.9438,3.0000
106,workers,3,5.9545,4.0939,3.0000
107,general,0,0.0000,0.0000,5.0000
107,nodes,0,-5.1381,-4.4041,3.0000
107,nodes,1,5.1369,-4.4056,3.0000
107,nodes,2,-4.5687,4.5672,3.0000
107,nodes,3,4.5690,4.5678,3.0000
107,scouts,0,-3.6294,-4.4411,3.0000
107,scouts,1,-5.1294,-2.9411,3.0000
107,scouts,2,-6.6294,-4.4411,3.0000
107,scouts,3,-5.1294,-5.9411,3.0000
107,scouts,4,6.6284,-4.4424,3.0000
107,scouts,5,5.1284,-2.9424,3.0000
107,scouts,6,3.6284,-4.4424,3.0000
107,scouts,7,5.1284,-5.9424,3.0000
107,scouts,8,-3.0954,4.5940,3.0000
107,scouts,9,-4.5954,6.0940,3.0000
107,scouts,10,-6.0954,4.5940,3.0000
107,scouts,11,-4.5954,3.0940,3.0000
107,scouts,12,6.0958,4.5945,3.0000
107,scouts,13,4.5958,6.0945,3.0000
107,scouts,14,3.0958,4.5945,3.0000
107,scouts,15,4.5958,3.0945,3.0000
107,workers,0,-3.5086,-3.6776,3.0000
107,workers,1,7.1087,-3.5873,3.0000
107,workers,2,-2.0848,3.9184,3.0000
107,workers,3,5.9293,4.0721,3.0000
108,general,0,0.0000,0.0000,5.0000
108,nodes,0,-5.1394,-4.3984,3.0000
108,nodes,1,5.1383,-4.4000,3.0000
108,nodes,2,-4.5646,4.5630,3.0000
108,nodes,3,4.5648,4.5637,3.0000
108,scouts,0,-3.6307,-4.4354,3.0000
108,scouts,1,-5.1307,-2.9354,3.0000
108,scouts,2,-6.6307,-4.4354,3.0000
108,scouts,3,-5.1307,-5.9354,3.0000
108,scouts,4,6.6297,-4.4367,3.0000
108,scouts,5,5.1297,-2.9367,3.0000
108,scouts,6,3.6297,-4.4367,3.0000
108,scouts,7,5.1297,-5.9367,3.0000
108,scouts,8,-3.0913,4.5899,3.0000
108,scouts,9,-4.5913,6.0899,3.0000
108,scouts,10,-6.0913,4.5899,3.0000
108,scouts,11,-4.5913,3.0899,3.0000
108,scouts,12,6.0916,4.5904,3.0000
108,scouts,13,4.5916,6.0904,3.0000
108,scouts,14,3.0916,4.5904,3.0000
108,scouts,15,4.5916,3.0904,3.0000
108,workers,0,-3.5206,-3.6465,3.0000
108,workers,1,7.1112,-3.5541,3.0000
108,workers,2,-2.0633,3.8930,3.0000
108,workers,3,5.9041,4.0502,3.0000
109,general,0,0.0000,0.0000,5.0000
109,nodes,0,-5.1407,-4.3927,3.0000
109,nodes,1,5.1396,-4.3943,3.0000
109,nodes,2,-4.5605,4.5589,3.0000
109,nodes,3,4.5607,4.5597,3.0000
109,scouts,0,-3.6321,-4.4297,3.0000
109,scouts,1,-5.1321,-2.9297,3.0000
109,scouts,2,-6.6321,-4.4297,3.0000
109,scouts,3,-5.1321,-5.9297,3.0000
109,scouts,4,6.6311,-4.4311,3.0000
109,scouts,5,5.1311,-2.9311,3.0000
109,scouts,6,3.6311,-4.4311,3.0000
109,scouts,7,5.1311,-5.9311,3.0000
109,scouts,8,-3.0872,4.5857,3.0000
109,scouts,9,-4.5872,6.0857,3.0000
109,scouts,10,-6.0872,4.5857,3.0000
109,scouts,11,-4.5872,3.0857,3.0000
109,scouts,12,6.0875,4.5863,3.0000
109,scouts,13,4.5875,6.0863,3.0000
109,scouts,14,3.0875,4.5863,3.0000
109,scouts,15,4.5875,3.0863,3.0000
109,workers,0,-3.5325,-3.6154,3.0000
109,workers,1,7.1138,-3.5209,3.0000
109,workers,2,-2.0418,3.8675,3.0000
109,workers,3,5.8790,4.0284,3.0000
110,general,0,0.0000,0.0000,5.0000
110,nodes,0,-5.1420,-4.3870,3.0000
110,nodes,1,5.1410,-4.3887,3.0000
110,nodes,2,-4.5565,4.5548,3.0000
110,nodes,3,4.5566,4.5556,3.0000
110,scouts,0,-3.6334,-4.4240,3.0000
110,scouts,1,-5.1334,-2.9240,3.0000
110,scouts,2,-6.6334,-4.4240,3.0000
110,scouts,3,-5.1334,-5.9240,3.0000
110,scouts,4,6.6324,-4.4254,3.0000
110,scouts,5,5.1324,-2.9254,3.0000
110,scouts,6,3.6324,-4.4254,3.0000
110,scouts,7,5.1324,-5.9254,3.0000
110,scouts,8,-3.0831,4.5816,3.0000
110,scouts,9,-4.5831,6.0816,3.0000
110,scouts,10,-6.0831,4.5816,3.0000
110,scouts,11,-4.5831,3.0816,3.0000
110,scouts,12,6.0834,4.5822,3.0000
110,scouts,13,4.5834,6.0822,3.0000
110,scouts,14,3.0834,4.5822,3.0000
110,scouts,15,4.5834,3.0822,3.0000
110,workers,0,-3.5445,-3.5843,3.0000
110,workers,1,7.1163,-3.4877,3.0000
110,workers,2,-2.0202,3.8421,3.0000
110,workers,3,5.8538,4.0066,3.0000
111,general,0,0.0000,0.0000,5.0000
111,nodes,0,-5.1433,-4.3813,3.0000
111,nodes,1,5.1422,-4.3830,3.0000
111,nodes,2,-4.5524,4.5507,3.0000
111,nodes,3,4.5525,4.5514,3.0000
111,scouts,0,-3.6347,-4.4183,3.0000
111,scouts,1,-5.1347,-2.9183,3.0000
111,scouts,2,-6.6347,-4.4183,3.0000
111,scouts,3,-5.1347,-5.9183,3.0000
111,scouts,4,6.6337,-4.4198,3.0000
111,scouts,5,5.1337,-2.9198,3.0000
111,scouts,6,3.6337,-4.4198,3.0000
111,scouts,7,5.1337,-5.9198,3.0000
111,scouts,8,-3.0790,4.5775,3.0000
111,scouts,9,-4.5790,6.0775,3.0000
111,scouts,10,-6.0790,4.5775,3.0000
111,scouts,11,-4.5790,3.0775,3.0000
111,scouts,12,6.0793,4.5781,3.0000
111,scouts,13,4.5793,6.0781,3.0000
111,scouts,14,3.0793,4.5781,3.0000
111,scouts,15,4.5793,3.0781,3.0000
111,workers,0,-3.5565,-3.5532,3.0000
111,workers,1,7.1189,-3.4545,3.0000
111,workers,2,-1.9987,3.8167,3.0000
111,workers,3,5.8286,3.9848,3.0000
112,general,0,0.0000,0.0000,5.0000
112,nodes,0,-5.1446,-4.3756,3.0000
112,nodes,1,5.1435,-4.3773,3.0000
112,nodes,2,-4.5482,4.5466,3.0000
112,nodes,3,4.5484,4.5473,3.0000
112,scouts,0,-3.6360,-4.4126,3.0000
112,scouts,1,-5.1360,-2.9126,3.0000
112,scouts,2,-6.6360,-4.4126,3.0000
112,scouts,3,-5.1360,-5.9126,3.0000
112,scouts,4,6.6350,-4.4141,3.0000
112,scouts,5,5.1350,-2.9141,3.0000
112,scouts,6,3.6350,-4.4141,3.0000
112,scouts,7,5.1350,-5.9141,3.0000
112,scouts,8,-3.0749,4.5734,3.0000
112,scouts,9,-4.5749,6.0734,3.0000
112,scouts,10,-6.0749,4.5734,3.0000
112,scouts,11,-4.5749,3.0734,3.0000
112,scouts,12,6.0752,4.5740,3.0000
112,scouts,13,4.5752,6.0740,3.0000
112,scouts,14,3.0752,4.5740,3.0000
112,scouts,15,4.5752,3.0740,3.0000
112,workers,0,-3.5684,-3.5221,3.0000
112,workers,1,7.1214,-3.4212,3.0000
112,workers,2,-1.9772,3.7912,3.0000
112,workers,3,5.8034,3.9630,3.0000
113,general,0,0.0000,0.0000,5.0000
113,nodes,0,-5.1459,-4.3699,3.0000
113,nodes,1,5.1449,-4.3716,3.0000
113,nodes,2,-4.5441,4.5426,3.0000
113,nodes,3,4.5444,4.5432,3.0000
113,scouts,0,-3.6374,-4.4069,3.0000
113,scouts,1,-5.1374,-2.9069,3.0000
113,scouts,2,-6.6374,-4.4069,3.0000
113,scouts,3,-5.1374,-5.9069,3.0000
113,scouts,4,6.6363,-4.4084,3.0000
113,scouts,5,5.1363,-2.9084,3.0000
113,scouts,6,3.6363,-4.4084,3.0000
113,scouts,7,5.1363,-5.9084,3.0000
113,scouts,8,-3.0708,4.5693,3.0000
113,scouts,9,-4.5708,6.0693,3.0000
113,scouts,10,-6.0708,4.5693,3.0000
113,scouts,11,-4.5708,3.0693,3.0000
113,scouts,12,6.0711,4.5699,3.0000
113,scouts,13,4.5711,6.0699,3.0000
113,scouts,14,3.0711,4.5699,3.0000
113,scouts,15,4.5711,3.0699,3.0000
113,workers,0,-3.5804,-3.4910,3.0000
113,workers,1,7.1240,-3.3880,3.0000
113,workers,2,-1.9557,3.7658,3.0000
113,workers,3,5.7782,3.9411,3.0000
114,general,0,0.0000,0.0000,5.0000
114,nodes,0,-5.1472,-4.3642,3.0000
114,nodes,1,5.1462,-4.3659,3.0000
114,nodes,2,-4.5400,4.5384,3.0000
114,nodes,3,4.5403,4.5390,3.0000
114,scouts,0,-3.6387,-4.4012,3.0000
114,scouts,1,-5.1387,-2.9012,3.0000
114,scouts,2,-6.6387,-4.4012,3.0000
114,scouts,3,-5.1387,-5.9012,3.0000
114,scouts,4,6.6376,-4.4028,3.0000
114,scouts,5,5.1376,-2.9028,3.0000
114,scouts,6,3.6376,-4.4028,3.0000
114,scouts,7,5.1376,-5.9028,3.0000
114,scouts,8,-3.0667,4.5652,3.0000
114,scouts,9,-4.5667,6.0652,3.0000
114,scouts,10,-6.0667,4.5652,3.0000
114,scouts,11,-4.5667,3.0652,3.0000
114,scouts,12,6.0670,4.5658,3.0000
114,scouts,13,4.5670,6.0658,3.0000
114,scouts,14,3.0670,4.5658,3.0000
114,scouts,15,4.5670,3.0658,3.0000
114,workers,0,-3.5923,-3.4599,3.0000
114,workers,1,7.1266,-3.3548,3.0000
114,workers,2,-1.9341,3.7404,3.0000
114,workers,3,5.7531,3.9193,3.0000
115,general,0,0.0000,0.0000,5.0000
115,nodes,0,-5.1484,-4.3585,3.0000
115,nodes,1,5.1475,-4.3602,3.0000
115,nodes,2,-4.5359,4.5343,3.0000
115,nodes,3,4.5362,4.5349,3.0000
115,scouts,0,-3.6400,-4.3955,3.0000
115,scouts,1,-5.1400,-2.8955,3.0000
115,scouts,2,-6.6400,-4.3955,3.0000
115,scouts,3,-5.1400,-5.8955,3.0000
115,scouts,4,6.6390,-4.3971,3.0000
115,scouts,5,5.1390,-2.8971,3.0000
115,scouts,6,3.6390,-4.3971,3.0000
115,scouts,7,5.1390,-5.8971,3.0000
115,scouts,8,-3.0626,4.5610,3.0000
115,scouts,9,-4.5626,6.0610,3.0000
115,scouts,10,-6.0626,4.5610,3.0000
115,scouts,11,-4.5626,3.0610,3.0000
115,scouts,12,6.0629,4.5617,3.0000
115,scouts,13,4.5629,6.0617,3.0000
115,scouts,14,3.0629,4.5617,3.0000
115,scouts,15,4.5629,3.0617,3.0000
115,workers,0,-3.6043,-3.4288,3.0000
115,workers,1,7.1291,-3.3216,3.0000
115,workers,2,-1.9126,3.7149,3.0000
115,workers,3,5.7279,3.8975,3.0000
116,general,0,0.0000,0.0000,5.0000
116,nodes,0,-5.1498,-4.3528,3.0000
116,nodes,1,5.1488,-4.3545,3.0000
116,nodes,2,-4.5318,4.5301,3.0000
116,nodes,3,4.5320,4.5308,3.0000
116,scouts,0,-3.6413,-4.3898,3.0000
116,scouts,1,-5.1413,-2.8898,3.0000
116,scouts,2,-6.6413,-4.3898,3.0000
116,scouts,3,-5.1413,-5.8898,3.0000
116,scouts,4,6.6403,-4.3914,3.0000
116,scouts,5,5.1403,-2.8914,3.0000
116,scouts,6,3.6403,-4.3914,3.0000
116,scouts,7,5.1403,-5.8914,3.0000
116,scouts,8,-3.0585,4.5569,3.0000
116,scouts,9,-4.5585,6.0569,3.0000
116,scouts,10,-6.0585,4.5569,3.0000
116,scouts,11,-4.5585,3.0569,3.0000
116,scouts,12,6.0587,4.5575,3.0000
116,scouts,13,4.5587,6.0575,3.0000
116,scouts,14,3.0587,4.5575,3.0000
116,scouts,15,4.5587,3.0575,3.0000
116,workers,0,-3.6163,-3.3977,3.0000
116,workers,1,7.1317,-3.2883,3.0000
116,workers,2,-1.8911,3.6895,3.0000
116,workers,3,5.7027,3.8757,3.0000
117,general,0,0.0000,0.0000,5.0000
117,nodes,0,-5.1510,-4.3471,3.0000
117,nodes,1,5.1502,-4.3488,3.0000
117,nodes,2,-4.5277,4.5259,3.0000
117,nodes,3,4.5279,4.5268,3.0000
117,scouts,0,-3.6426,-4.3841,3.0000
117,scouts,1,-5.1426,-2.8841,3.0000
117,scouts,2,-6.6426,-4.3841,3.0000
117,scouts,3,-5.1426,-5.8841,3.0000
117,scouts,4,6.6416,-4.3857,3.0000
117,scouts,5,5.1416,-2.8857,3.0000
117,scouts,6,3.6416,-4.3857,3.0000
117,scouts,7,5.1416,-5.8857,3.0000
117,scouts,8,-3.0544,4.5528,3.0000
117,scouts,9,-4.5544,6.0528,3.0000
117,scouts,10,-6.0544,4.5528,3.0000
117,scouts,11,-4.5544,3.0528,3.0000
117,scouts,12,6.0546,4.5534,3.0000
117,scouts,13,4.5546,6.0534,3.0000
117,scouts,14,3.0546,4.5534,3.0000
117,scouts,15,4.5546,3.0534,3.0000
117,workers,0,-3.6282,-3.3666,3.0000
117,workers,1,7.1342,-3.2551,3.0000
117,workers,2,-1.8696,3.6640,3.0000
117,workers,3,5.6775,3.8538,3.0000
118,general,0,0.0000,0.0000,5.0000
118,nodes,0,-5.1523,-4.3414,3.0000
118,nodes,1,5.1515,-4.3431,3.0000
118,nodes,2,-4.5236,4.5218,3.0000
118,nodes,3,4.5238,4.5226,3.0000
118,scouts,0,-3.6439,-4.3784,3.0000
118,scouts,1,-5.1439,-2.8784,3.0000
118,scouts,2,-6.6439,-4.3784,3.0000
118,scouts,3,-5.1439,-5.8784,3.0000
118,scouts,4,6.6429,-4.3800,3.0000
118,scouts,5,5.1429,-2.8800,3.0000
118,scouts,6,3.6429,-4.3800,3.0000
118,scouts,7,5.1429,-5.8800,3.0000
118,scouts,8,-3.0502,4.5486,3.0000
118,scouts,9,-4.5502,6.0486,3.0000
118,scouts,10,-6.0502,4.5486,3.0000
118,scouts,11,-4.5502,3.0486,3.0000
118,scouts,12,6.0505,4.5493,3.0000
118,scouts,13,4.5505,6.0493,3.0000
118,scouts,14,3.0505,4.5493,3.0000
118,scouts,15,4.5505,3.0493,3.0000
118,workers,0,-3.6402,-3.3355,3.0000
118,workers,1,7.1368,-3.2219,3.0000
118,workers,2,-1.8480,3.6386,3.0000
118,workers,3,5.6523,3.8320,3.0000
119,general,0,0.0000,0.0000,5.0000
119,nodes,0,-5.1536,-4.3357,3.0000
119,nodes,1,5.1528,-4.3374,3.0000
119,nodes,2,-4.5195,4.5178,3.0000
119,nodes,3,4.5196,4.5186,3.0000
119,scouts,0,-3.6452,-4.3727,3.0000
119,scouts,1,-5.1452,-2.8727,3.0000
119,scouts,2,-6.6452,-4.3727,3.0000
119,scouts,3,-5.1452,-5.8727,3.0000
119,scouts,4,6.6442,-4.3744,3.0000
119,scouts,5,5.1442,-2.8744,3.0000
119,scouts,6,3.6442,-4.3744,3.0000
119,scouts,7,5.1442,-5.8744,3.0000
119,scouts,8,-3.0461,4.5445,3.0000
119,scouts,9,-4.5461,6.0445,3.0000
119,scouts,10,-6.0461,4.5445,3.0000
119,scouts,11,-4.5461,3.0445,3.0000
119,scouts,12,6.0464,4.5452,3.0000
119,scouts,13,4.5464,6.0452,3.0000
119,scouts,14,3.0464,4.5452,3.0000
119,scouts,15,4.5464,3.0452,3.0000
119,workers,0,-3.6522,-3.3044,3.0000
119,workers,1,7.1393,-3.1886,3.0000
119,workers,2,-1.8265,3.6132,3.0000
119,workers,3,5.6271,3.8102,3.0000
120,general,0,0.0000,0.0000,5.0000
120,nodes,0,-5.1549,-4.3300,3.0000
120,nodes,1,5.1541,-4.3318,3.0000
120,nodes,2,-4.5153,4.5136,3.0000
120,nodes,3,4.5155,4.5144,3.0000
120,scouts,0,-3.6465,-4.3670,3.0000
120,scouts,1,-5.1465,-2.8670,3.0000
120,scouts,2,-6.6465,-4.3670,3.0000
120,scouts,3,-5.1465,-5.8670,3.0000
120,scouts,4,6.6455,-4.3687,3.0000
120,scouts,5,5.1455,-2.8687,3.0000
120,scouts,6,3.6455,-4.3687,3.0000
120,scouts,7,5.1455,-5.8687,3.0000
120,scouts,8,-3.0420,4.5404,3.0000
120,scouts,9,-4.5420,6.0404,3.0000
120,scouts,10,-6.0420,4.5404,3.0000
120,scouts,11,-4.5420,3.0404,3.0000
120,scouts,12,6.0423,4.5411,3.0000
120,scouts,13,4.5423,6.0411,3.0000
120,scouts,14,3.0423,4.5411,3.0000
120,scouts,15,4.5423,3.0411,3.0000
120,workers,0,-3.6641,-3.2733,3.0000
120,workers,1,7.1419,-3.1554,3.0000
120,workers,2,-1.8050,3.5877,3.0000
120,workers,3,5.6020,3.7884,3.0000
121,general,0,0.0000,0.0000,5.0000
121,nodes,0,-5.1561,-4.3244,3.0000
121,nodes,1,5.1554,-4.3261,3.0000
121,nodes,2,-4.5112,4.5095,3.0000
121,nodes,3,4.5113,4.5103,3.0000
121,scouts,0,-3.6478,-4.3613,3.0000
121,scouts,1,-5.1478,-2.8613,3.0000
121,scouts,2,-6.6478,-4.3613,3.0000
121,scouts,3,-5.1478,-5.8613,3.0000
121,scouts,4,6.6469,-4.3630,3.0000
121,scouts,5,5.1469,-2.8630,3.0000
121,scouts,6,3.6469,-4.3630,3.0000
121,scouts,7,5.1469,-5.8630,3.0000
121,scouts,8,-3.0379,4.5363,3.0000
121,scouts,9,-4.5379,6.0363,3.0000
121,scouts,10,-6.0379,4.5363,3.0000
121,scouts,11,-4.5379,3.0363,3.0000
121,scouts,12,6.0381,4.5370,3.0000
121,scouts,13,4.5381,6.0370,3.0000
121,scouts,14,3.0381,4.5370,3.0000
121,scouts,15,4.5381,3.0370,3.0000
121,workers,0,-3.6761,-3.2422,3.0000
121,workers,1,7.1444,-3.1222,3.0000
121,workers,2,-1.7835,3.5623,3.0000
121,workers,3,5.5768,3.7665,3.0000
122,general,0,0.0000,0.0000,5.0000
122,nodes,0,-5.1575,-4.3186,3.0000
122,nodes,1,5.1567,-4.3205,3.0000
122,nodes,2,-4.5071,4.5053,3.0000
122,nodes,3,4.5072,4.5062,3.0000
122,scouts,0,-3.6490,-4.3557,3.0000
122,scouts,1,-5.1490,-2.8557,3.0000
122,scouts,2,-6.6490,-4.3557,3.0000
122,scouts,3,-5.1490,-5.8557,3.0000
122,scouts,4,6.6482,-4.3573,3.0000
122,scouts,5,5.1482,-2.8573,3.0000
122,scouts,6,3.6482,-4.3573,3.0000
122,scouts,7,5.1482,-5.8573,3.0000
122,scouts,8,-3.0338,4.5322,3.0000
122,scouts,9,-4.5338,6.0322,3.0000
122,scouts,10,-6.0338,4.5322,3.0000
122,scouts,11,-4.5338,3.0322,3.0000
122,scouts,12,6.0340,4.5329,3.0000
122,scouts,13,4.5340,6.0329,3.0000
122,scouts,14,3.0340,4.5329,3.0000
122,scouts,15,4.5340,3.0329,3.0000
122,workers,0,-3.6881,-3.2111,3.0000
122,workers,1,7.1470,-3.0890,3.0000
122,workers,2,-1.7619,3.5368,3.0000
122,workers,3,5.5516,3.7447,3.0000
123,general,0,0.0000,0.0000,5.0000
123,nodes,0,-5.1587,-4.3129,3.0000
123,nodes,1,5.1580,-4.3147,3.0000
123,nodes,2,-4.5030,4.5012,3.0000
123,nodes,3,4.5030,4.5021,3.0000
123,scouts,0,-3.6503,-4.3500,3.0000
123,scouts,1,-5.1503,-2.8500,3.0000
123,scouts,2,-6.6503,-4.3500,3.0000
123,scouts,3,-5.1503,-5.8500,3.0000
123,scouts,4,6.6495,-4.3516,3.0000
123,scouts,5,5.1495,-2.8516,3.0000
123,scouts,6,3.6495,-4.3516,3.0000
123,scouts,7,5.1495,-5.8516,3.0000
123,scouts,8,-3.0297,4.5280,3.0000
123,scouts,9,-4.5297,6.0280,3.0000
123,scouts,10,-6.0297,4.5280,3.0000
123,scouts,11,-4.5297,3.0280,3.0000
123,scouts,12,6.0299,4.5288,3.0000
123,scouts,13,4.5299,6.0288,3.0000
123,scouts,14,3.0299,4.5288,3.0000
123,scouts,15,4.5299,3.0288,3.0000
123,workers,0,-3.7000,-3.1800,3.0000
123,workers,1,7.1496,-3.0557,3.0000
123,workers,2,-1.7404,3.5114,3.0000
123,workers,3,5.5264,3.7229,3.0000
124,general,0,0.0000,0.0000,5.0000
124,nodes,0,-5.1600,-4.3071,3.0000
124,nodes,1,5.1593,-4.3089,3.0000
124,nodes,2,-4.4990,4.4971,3.0000
124,nodes,3,4.4989,4.4980,3.0000
124,scouts,0,-3.6516,-4.3442,3.0000
124,scouts,1,-5.1516,-2.8442,3.0000
124,scouts,2,-6.6516,-4.3442,3.0000
124,scouts,3,-5.1516,-5.8442,3.0000
124,scouts,4,6.6508,-4.3459,3.0000
124,scouts,5,5.1508,-2.8459,3.0000
124,scouts,6,3.6508,-4.3459,3.0000
124,scouts,7,5.1508,-5.8459,3.0000
124,scouts,8,-3.0256,4.5239,3.0000
124,scouts,9,-4.5256,6.0239,3.0000
124,scouts,10,-6.0256,4.5239,3.0000
124,scouts,11,-4.5256,3.0239,3.0000
124,scouts,12,6.0257,4.5247,3.0000
124,scouts,13,4.5257,6.0247,3.0000
124,scouts,14,3.0257,4.5247,3.0000
124,scouts,15,4.5257,3.0247,3.0000
124,workers,0,-3.7120,-3.1488,3.0000
124,workers,1,7.1521,-3.0225,3.0000
124,workers,2,-1.7189,3.4859,3.0000
124,workers,3,5.5012,3.7010,3.0000
125,general,0,0.0000,0.0000,5.0000
125,nodes,0,-5.1613,-4.3015,3.0000
125,nodes,1,5.1606,-4.3032,3.0000
125,nodes,2,-4.4948,4.4930,3.0000
125,nodes,3,4.4947,4.4939,3.0000
125,scouts,0,-3.6529,-4.3386,3.0000
125,scouts,1,-5.1529,-2.8386,3.0000
125,scouts,2,-6.6529,-4.3386,3.0000
125,scouts,3,-5.1529,-5.8386,3.0000
125,scouts,4,6.6521,-4.3403,3.0000
125,scouts,5,5.1521,-2.8403,3.0000
125,scouts,6,3.6521,-4.3403,3.0000
125,scouts,7,5.1521,-5.8403,3.0000
125,scouts,8,-3.0215,4.5198,3.0000
125,scouts,9,-4.5215,6.0198,3.0000
125,scouts,10,-6.0215,4.5198,3.0000
125,scouts,11,-4.5215,3.0198,3.0000
125,scouts,12,6.0216,4.5206,3.0000
125,scouts,13,4.5216,6.0206,3.0000
125,scouts,14,3.0216,4.5206,3.0000
125,scouts,15,4.5216,3.0206,3.0000
125,workers,0,-3.7239,-3.1177,3.0000
125,workers,1,7.1547,-2.9893,3.0000
125,workers,2,-1.6973,3.4605,3.0000
125,workers,3,5.4760,3.6792,3.0000
126,general,0,0.0000,0.0000,5.0000
126,nodes,0,-5.1626,-4.2959,3.0000
126,nodes,1,5.1619,-4.2976,3.0000
126,nodes,2,-4.4907,4.4888,3.0000
126,nodes,3,4.4906,4.4898,3.0000
126,scouts,0,-3.6542,-4.3329,3.0000
126,scouts,1,-5.1542,-2.8329,3.0000
126,scouts,2,-6.6542,-4.3329,3.0000
126,scouts,3,-5.1542,-5.8329,3.0000
126,scouts,4,6.6534,-4.3346,3.0000
126,scouts,5,5.1534,-2.8346,3.0000
126,scouts,6,3.6534,-4.3346,3.0000
126,scouts,7,5.1534,-5.8346,3.0000
126,scouts,8,-3.0174,4.5157,3.0000
126,scouts,9,-4.5174,6.0157,3.0000
126,scouts,10,-6.0174,4.5157,3.0000
126,scouts,11,-4.5174,3.0157,3.0000
126,scouts,12,6.0175,4.5165,3.0000
126,scouts,13,4.5175,6.0165,3.0000
126,scouts,14,3.0175,4.5165,3.0000
126,scouts,15,4.5175,3.0165,3.0000
126,workers,0,-3.7359,-3.0866,3.0000
126,workers,1,7.1572,-2.9560,3.0000
126,workers,2,-1.6758,3.4350,3.0000
126,workers,3,5.4508,3.6574,3.0000
127,general,0,0.0000,0.0000,5.0000
127,nodes,0,-5.1639,-4.2903,3.0000
127,nodes,1,5.1633,-4.2919,3.0000
127,nodes,2,-4.4865,4.4848,3.0000
127,nodes,3,4.4864,4.4857,3.0000
127,scouts,0,-3.6555,-4.3272,3.0000
127,scouts,1,-5.1555,-2.8272,3.0000
127,scouts,2,-6.6555,-4.3272,3.0000
127,scouts,3,-5.1555,-5.8272,3.0000
127,scouts,4,6.6547,-4.3289,3.0000
127,scouts,5,5.1547,-2.8289,3.0000
127,scouts,6,3.6547,-4.3289,3.0000
127,scouts,7,5.1547,-5.8289,3.0000
127,scouts,8,-3.0133,4.5115,3.0000
127,scouts,9,-4.5133,6.0115,3.0000
127,scouts,10,-6.0133,4.5115,3.0000
127,scouts,11,-4.5133,3.0115,3.0000
127,scouts,12,6.0133,4.5124,3.0000
127,scouts,13,4.5133,6.0124,3.0000
127,scouts,14,3.0133,4.5124,3.0000
127,scouts,15,4.5133,3.0124,3.0000
127,workers,0,-3.7479,-3.0555,3.0000
127,workers,1,7.1598,-2.9228,3.0000
127,workers,2,-1.6543,3.4096,3.0000
127,workers,3,5.4256,3.6356,3.0000
128,general,0,0.0000,0.0000,5.0000
128,nodes,0,-5.1651,-4.2846,3.0000
128,nodes,1,5.1646,-4.2862,3.0000
128,nodes,2,-4.4823,4.4807,3.0000
128,nodes,3,4.4822,4.4816,3.0000
128,scouts,0,-3.6568,-4.3215,3.0000
128,scouts,1,-5.1568,-2.8215,3.0000
128,scouts,2,-6.6568,-4.3215,3.0000
128,scouts,3,-5.1568,-5.8215,3.0000
128,scouts,4,6.6561,-4.3232,3.0000
128,scouts,5,5.1561,-2.8232,3.0000
128,scouts,6,3.6561,-4.3232,3.0000
128,scouts,7,5.1561,-5.8232,3.0000
128,scouts,8,-3.0091,4.5074,3.0000
128,scouts,9,-4.5091,6.0074,3.0000
128,scouts,10,-6.0091,4.5074,3.0000
128,scouts,11,-4.5091,3.0074,3.0000
128,scouts,12,6.0092,4.5083,3.0000
128,scouts,13,4.5092,6.0083,3.0000
128,scouts,14,3.0092,4.5083,3.0000
128,scouts,15,4.5092,3.0083,3.0000
128,workers,0,-3.7598,-3.0244,3.0000
128,workers,1,7.1623,-2.8896,3.0000
128,workers,2,-1.6327,3.3842,3.0000
128,workers,3,5.4005,3.6137,3.0000
129,general,0,0.0000,0.0000,5.0000
129,nodes,0,-5.1664,-4.2790,3.0000
129,nodes,1,5.1660,-4.2805,3.0000
129,nodes,2,-4.4782,4.4766,3.0000
129,nodes,3,4.4781,4.4775,3.0000
129,scouts,0,-3.6581,-4.3158,3.0000
129,scouts,1,-5.1581,-2.8158,3.0000
129,scouts,2,-6.6581,-4.3158,3.0000
129,scouts,3,-5.1581,-5.8158,3.0000
129,scouts,4,6.6574,-4.3175,3.0000
129,scouts,5,5.1574,-2.8175,3.0000
129,scouts,6,3.6574,-4.3175,3.0000
129,scouts,7,5.1574,-5.8175,3.0000
129,scouts,8,-3.0050,4.5033,3.0000
129,scouts,9,-4.5050,6.0033,3.0000
129,scouts,10,-6.0050,4.5033,3.0000
129,scouts,11,-4.5050,3.0033,3.0000
129,scouts,12,6.0050,4.5042,3.0000
129,scouts,13,4.5050,6.0042,3.0000
129,scouts,14,3.0050,4.5042,3.0000
129,scouts,15,4.5050,3.0042,3.0000
129,workers,0,-3.7718,-2.9933,3.0000
129,workers,1,7.1649,-2.8563,3.0000
129,workers,2,-1.6112,3.3587,3.0000
129,workers,3,5.3753,3.5919,3.0000
130,general,0,0.0000,0.0000,5.0000
130,nodes,0,-5.1677,-4.2732,3.0000
130,nodes,1,5.1674,-4.2748,3.0000
130,nodes,2,-4.4741,4.4725,3.0000
130,nodes,3,4.4739,4.4733,3.0000
130,scouts,0,-3.6593,-4.3102,3.0000
130,scouts,1,-5.1593,-2.8102,3.0000
130,scouts,2,-6.6593,-4.3102,3.0000
130,scouts,3,-5.1593,-5.8102,3.0000
130,scouts,4,6.6587,-4.3118,3.0000
130,scouts,5,5.1587,-2.8118,3.0000
130,scouts,6,3.6587,-4.3118,3.0000
130,scouts,7,5.1587,-5.8118,3.0000
130,scouts,8,-3.0009,4.4992,3.0000
130,scouts,9,-4.5009,5.9992,3.0000
130,scouts,10,-6.0009,4.4992,3.0000
130,scouts,11,-4.5009,2.9992,3.0000
130,scouts,12,6.0009,4.5001,3.0000
130,scouts,13,4.5009,6.0001,3.0000
130,scouts,14,3.0009,4.5001,3.0000
130,scouts,15,4.5009,3.0001,3.0000
130,workers,0,-3.7838,-2.9622,3.0000
130,workers,1,7.1675,-2.8231,3.0000
130,workers,2,-1.5897,3.3333,3.0000
130,workers,3,5.3501,3.5701,3.0000
131,general,0,0.0000,0.0000,5.0000
131,nodes,0,-5.1690,-4.2675,3.0000
131,nodes,1,5.1686,-4.2690,3.0000
131,nodes,2,-4.4700,4.4683,3.0000
131,nodes,3,4.4697,4.4692,3.0000
131,scouts,0,-3.6606,-4.3045,3.0000
131,scouts,1,-5.1606,-2.8045,3.0000
131,scouts,2,-6.6606,-4.3045,3.0000
131,scouts,3,-5.1606,-5.8045,3.0000
131,scouts,4,6.6600,-4.3061,3.0000
131,scouts,5,5.1600,-2.8061,3.0000
131,scouts,6,3.6600,-4.3061,3.0000
131,scouts,7,5.1600,-5.8061,3.0000
131,scouts,8,-2.9968,4.4951,3.0000
131,scouts,9,-4.4968,5.9951,3.0000
131,scouts,10,-5.9968,4.4951,3.0000
131,scouts,11,-4.4968,2.9951,3.0000
131,scouts,12,5.9967,4.4959,3.0000
131,scouts,13,4.4967,5.9959,3.0000
131,scouts,14,2.9967,4.4959,3.0000
131,scouts,15,4.4967,2.9959,3.0000
131,workers,0,-3.7957,-2.9311,3.0000
131,workers,1,7.1700,-2.7899,3.0000
131,workers,2,-1.5682,3.3078,3.0000
131,workers,3,5.3249,3.5482,3.0000
132,general,0,0.0000,0.0000,5.0000
132,nodes,0,-5.1703,-4.2619,3.0000
132,nodes,1,5.1700,-4.2633,3.0000
132,nodes,2,-4.4659,4.4642,3.0000
132,nodes,3,4.4655,4.4650,3.0000
132,scouts,0,-3.6619,-4.2988,3.0000
132,scouts,1,-5.1619,-2.7988,3.0000
132,scouts,2,-6.6619,-4.2988,3.0000
132,scouts,3,-5.1619,-5.7988,3.0000
132,scouts,4,6.6614,-4.3004,3.0000
132,scouts,5,5.1614,-2.8004,3.0000
132,scouts,6,3.6614,-4.3004,3.0000
132,scouts,7,5.1614,-5.8004,3.0000
132,scouts,8,-2.9927,4.4910,3.0000
132,scouts,9,-4.4927,5.9910,3.0000
132,scouts,10,-5.9927,4.4910,3.0000
132,scouts,11,-4.4927,2.9910,3.0000
132,scouts,12,5.9926,4.4918,3.0000
132,scouts,13,4.4926,5.9918,3.0000
132,scouts,14,2.9926,4.4918,3.0000
132,scouts,15,4.4926,2.9918,3.0000
132,workers,0,-3.8077,-2.9000,3.0000
132,workers,1,7.1726,-2.7566,3.0000
132,workers,2,-1.5466,3.2824,3.0000
132,workers,3,5.2997,3.5264,3.0000
133,general,0,0.0000,0.0000,5.0000
133,nodes,0,-5.1716,-4.2562,3.0000
133,nodes,1,5.1713,-4.2577,3.0000
133,nodes,2,-4.4617,4.4599,3.0000
133,nodes,3,4.4613,4.4610,3.0000
133,scouts,0,-3.6632,-4.2931,3.0000
133,scouts,1,-5.1632,-2.7931,3.0000
133,scouts,2,-6.6632,-4.2931,3.0000
133,scouts,3,-5.1632,-5.7931,3.0000
133,scouts,4,6.6627,-4.2947,3.0000
133,scouts,5,5.1627,-2.7947,3.0000
133,scouts,6,3.6627,-4.2947,3.0000
133,scouts,7,5.1627,-5.7947,3.0000
133,scouts,8,-2.9885,4.4868,3.0000
133,scouts,9,-4.4885,5.9868,3.0000
133,scouts,10,-5.9885,4.4868,3.0000
133,scouts,11,-4.4885,2.9868,3.0000
133,scouts,12,5.9884,4.4877,3.0000
133,scouts,13,4.4884,5.9877,3.0000
133,scouts,14,2.9884,4.4877,3.0000
133,scouts,15,4.4884,2.9877,3.0000
133,workers,0,-3.8197,-2.8689,3.0000
133,workers,1,7.1751,-2.7234,3.0000
133,workers,2,-1.5251,3.2569,3.0000
133,workers,3,5.2745,3.5046,3.0000
134,general,0,0.0000,0.0000,5.0000
134,nodes,0,-5.1728,-4.2506,3.0000
134,nodes,1,5.1727,-4.2520,3.0000
134,nodes,2,-4.4575,4.4557,3.0000
134,nodes,3,4.4572,4.4569,3.0000
134,scouts,0,-3.6645,-4.2875,3.0000
134,scouts,1,-5.1645,-2.7875,3.0000
134,scouts,2,-6.6645,-4.2875,3.0000
134,scouts,3,-5.1645,-5.7875,3.0000
134,scouts,4,6.6640,-4.2890,3.0000
134,scouts,5,5.1640,-2.7890,3.0000
134,scouts,6,3.6640,-4.2890,3.0000
134,scouts,7,5.1640,-5.7890,3.0000
134,scouts,8,-2.9844,4.4827,3.0000
134,scouts,9,-4.4844,5.9827,3.0000
134,scouts,10,-5.9844,4.4827,3.0000
134,scouts,11,-4.4844,2.9827,3.0000
134,scouts,12,5.9842,4.4836,3.0000
134,scouts,13,4.4842,5.9836,3.0000
134,scouts,14,2.9842,4.4836,3.0000
134,scouts,15,4.4842,2.9836,3.0000
134,workers,0,-3.8316,-2.8377,3.0000
134,workers,1,7.1777,-2.6902,3.0000
134,workers,2,-1.5036,3.2315,3.0000
134,workers,3,5.2493,3.4827,3.0000
135,general,0,0.0000,0.0000,5.0000
135,nodes,0,-5.1742,-4.2450,3.0000
135,nodes,1,5.1740,-4.2463,3.0000
135,nodes,2,-4.4534,4.4515,3.0000
135,nodes,3,4.4530,4.4527,3.0000
135,scouts,0,-3.6658,-4.2818,3.0000
135,scouts,1,-5.1658,-2.7818,3.0000
135,scouts,2,-6.6658,-4.2818,3.0000
135,scouts,3,-5.1658,-5.7818,3.0000
135,scouts,4,6.6653,-4.2833,3.0000
135,scouts,5,5.1653,-2.7833,3.0000
135,scouts,6,3.6653,-4.2833,3.0000
135,scouts,7,5.1653,-5.7833,3.0000
135,scouts,8,-2.9803,4.4785,3.0000
135,scouts,9,-4.4803,5.9785,3.0000
135,scouts,10,-5.9803,4.4785,3.0000
135,scouts,11,-4.4803,2.9785,3.0000
135,scouts,12,5.9801,4.4795,3.0000
135,scouts,13,4.4801,5.9795,3.0000
135,scouts,14,2.9801,4.4795,3.0000
135,scouts,15,4.4801,2.9795,3.0000
135,workers,0,-3.8436,-2.8066,3.0000
135,workers,1,7.1802,-2.6569,3.0000
135,workers,2,-1.4820,3.2060,3.0000
135,workers,3,5.2241,3.4609,3.0000
136,general,0,0.0000,0.0000,5.0000
136,nodes,0,-5.1755,-4.2393,3.0000
136,nodes,1,5.1753,-4.2407,3.0000
136,nodes,2,-4.4493,4.4474,3.0000
136,nodes,3,4.4490,4.4486,3.0000
136,scouts,0,-3.6671,-4.2761,3.0000
136,scouts,1,-5.1671,-2.7761,3.0000
136,scouts,2,-6.6671,-4.2761,3.0000
136,scouts,3,-5.1671,-5.7761,3.0000
136,scouts,4,6.6667,-4.2776,3.0000
136,scouts,5,5.1667,-2.7776,3.0000
136,scouts,6,3.6667,-4.2776,3.0000
136,scouts,7,5.1667,-5.7776,3.0000
136,scouts,8,-2.9761,4.4744,3.0000
136,scouts,9,-4.4761,5.9744,3.0000
136,scouts,10,-5.9761,4.4744,3.0000
136,scouts,11,-4.4761,2.9744,3.0000
136,scouts,12,5.9759,4.4754,3.0000
136,scouts,13,4.4759,5.9754,3.0000
136,scouts,14,2.9759,4.4754,3.0000
136,scouts,15,4.4759,2.9754,3.0000
136,workers,0,-3.8556,-2.7755,3.0000
136,workers,1,7.1828,-2.6237,3.0000
136,workers,2,-1.4605,3.1806,3.0000
136,workers,3,5.1989,3.4391,3.0000
137,general,0,0.0000,0.0000,5.0000
137,nodes,0,-5.1768,-4.2337,3.0000
137,nodes,1,5.1766,-4.2350,3.0000
137,nodes,2,-4.4451,4.4432,3.0000
137,nodes,3,4.4448,4.4444,3.0000
137,scouts,0,-3.6684,-4.2705,3.0000
137,scouts,1,-5.1684,-2.7705,3.0000
137,scouts,2,-6.6684,-4.2705,3.0000
137,scouts,3,-5.1684,-5.7705,3.0000
137,scouts,4,6.6680,-4.2719,3.0000
137,scouts,5,5.1680,-2.7719,3.0000
137,scouts,6,3.6680,-4.2719,3.0000
137,scouts,7,5.1680,-5.7719,3.0000
137,scouts,8,-2.9720,4.4702,3.0000
137,scouts,9,-4.4720,5.9702,3.0000
137,scouts,10,-5.9720,4.4702,3.0000
137,scouts,11,-4.4720,2.9702,3.0000
137,scouts,12,5.9718,4.4712,3.0000
137,scouts,13,4.4718,5.9712,3.0000
137,scouts,14,2.9718,4.4712,3.0000
137,scouts,15,4.4718,2.9712,3.0000
137,workers,0,-3.8675,-2.7444,3.0000
137,workers,1,7.1854,-2.5904,3.0000
137,workers,2,-1.4390,3.1551,3.0000
137,workers,3,5.1737,3.4172,3.0000
138,general,0,0.0000,0.0000,5.0000
138,nodes,0,-5.1781,-4.2280,3.0000
138,nodes,1,5.1779,-4.2294,3.0000
138,nodes,2,-4.4410,4.4391,3.0000
138,nodes,3,4.4407,4.4403,3.0000
138,scouts,0,-3.6697,-4.2648,3.0000
138,scouts,1,-5.1697,-2.7648,3.0000
138,scouts,2,-6.6697,-4.2648,3.0000
138,scouts,3,-5.1697,-5.7648,3.0000
138,scouts,4,6.6693,-4.2663,3.0000
138,scouts,5,5.1693,-2.7663,3.0000
138,scouts,6,3.6693,-4.2663,3.0000
138,scouts,7,5.1693,-5.7663,3.0000
138,scouts,8,-2.9679,4.4661,3.0000
138,scouts,9,-4.4679,5.9661,3.0000
138,scouts,10,-5.9679,4.4661,3.0000
138,scouts,11,-4.4679,2.9661,3.0000
138,scouts,12,5.9676,4.4671,3.0000
138,scouts,13,4.4676,5.9671,3.0000
138,scouts,14,2.9676,4.4671,3.0000
138,scouts,15,4.4676,2.9671,3.0000
138,workers,0,-3.8795,-2.7133,3.0000
138,workers,1,7.1879,-2.5572,3.0000
138,workers,2,-1.4174,3.1297,3.0000
138,workers,3,5.1486,3.3954,3.0000
139,general,0,0.0000,0.0000,5.0000
139,nodes,0,-5.1794,-4.2224,3.0000
139,nodes,1,5.1792,-4.2236,3.0000
139,nodes,2,-4.4368,4.4350,3.0000
139,nodes,3,4.4365,4.4362,3.0000
139,scouts,0,-3.6710,-4.2592,3.0000
139,scouts,1,-5.1710,-2.7592,3.0000
139,scouts,2,-6.6710,-4.2592,3.0000
139,scouts,3,-5.1710,-5.7592,3.0000
139,scouts,4,6.6706,-4.2606,3.0000
139,scouts,5,5.1706,-2.7606,3.0000
139,scouts,6,3.6706,-4.2606,3.0000
139,scouts,7,5.1706,-5.7606,3.0000
139,scouts,8,-2.9637,4.4619,3.0000
139,scouts,9,-4.4637,5.9619,3.0000
139,scouts,10,-5.9637,4.4619,3.0000
139,scouts,11,-4.4637,2.9619,3.0000
139,scouts,12,5.9635,4.4630,3.0000
139,scouts,13,4.4635,5.9630,3.0000
139,scouts,14,2.9635,4.4630,3.0000
139,scouts,15,4.4635,2.9630,3.0000
139,workers,0,-3.8915,-2.6822,3.0000
139,workers,1,7.1905,-2.5240,3.0000
139,workers,2,-1.3959,3.1043,3.0000
139,workers,3,5.1234,3.3736,3.0000
140,general,0,0.0000,0.0000,5.0000
140,nodes,0,-5.1807,-4.2168,3.0000
140,nodes,1,5.1806,-4.2179,3.0000
140,nodes,2,-4.4327,4.4308,3.0000
140,nodes,3,4.4325,4.4321,3.0000
140,scouts,0,-3.6723,-4.2535,3.0000
140,scouts,1,-5.1723,-2.7535,3.0000
140,scouts,2,-6.6723,-4.2535,3.0000
140,scouts,3,-5.1723,-5.7535,3.0000
140,scouts,4,6.6720,-4.2549,3.0000
140,scouts,5,5.1720,-2.7549,3.0000
140,scouts,6,3.6720,-4.2549,3.0000
140,scouts,7,5.1720,-5.7549,3.0000
140,scouts,8,-2.9596,4.4578,3.0000
140,scouts,9,-4.4596,5.9578,3.0000
140,scouts,10,-5.9596,4.4578,3.0000
140,scouts,11,-4.4596,2.9578,3.0000
140,scouts,12,5.9593,4.4589,3.0000
140,scouts,13,4.4593,5.9589,3.0000
140,scouts,14,2.9593,4.4589,3.0000
140,scouts,15,4.4593,2.9589,3.0000
140,workers,0,-3.9034,-2.6511,3.0000
140,workers,1,7.1930,-2.4907,3.0000
140,workers,2,-1.3744,3.0788,3.0000
140,workers,3,5.0982,3.3518,3.0000
141,general,0,0.0000,0.0000,5.0000
141,nodes,0,-5.1820,-4.2111,3.0000
141,nodes,1,5.1819,-4.2124,3.0000
141,nodes,2,-4.4286,4.4267,3.0000
141,nodes,3,4.4284,4.4280,3.0000
141,scouts,0,-3.6736,-4.2479,3.0000
141,scouts,1,-5.1736,-2.7479,3.0000
141,scouts,2,-6.6736,-4.2479,3.0000
141,scouts,3,-5.1736,-5.7479,3.0000
141,scouts,4,6.6733,-4.2492,3.0000
141,scouts,5,5.1733,-2.7492,3.0000
141,scouts,6,3.6733,-4.2492,3.0000
141,scouts,7,5.1733,-5.7492,3.0000
141,scouts,8,-2.9555,4.4536,3.0000
141,scouts,9,-4.4555,5.9536,3.0000
141,scouts,10,-5.9555,4.4536,3.0000
141,scouts,11,-4.4555,2.9536,3.0000
141,scouts,12,5.9552,4.4547,3.0000
141,scouts,13,4.4552,5.9547,3.0000
141,scouts,14,2.9552,4.4547,3.0000
141,scouts,15,4.4552,2.9547,3.0000
141,workers,0,-3.9154,-2.6200,3.0000
141,workers,1,7.1956,-2.4575,3.0000
141,workers,2,-1.3528,3.0534,3.0000
141,workers,3,5.0730,3.3299,3.0000
142,general,0,0.0000,0.0000,5.0000
142,nodes,0,-5.1832,-4.2054,3.0000
142,nodes,1,5.1833,-4.2067,3.0000
142,nodes,2,-4.4245,4.4226,3.0000
142,nodes,3,4.4242,4.4239,3.0000
142,scouts,0,-3.6749,-4.2422,3.0000
142,scouts,1,-5.1749,-2.7422,3.0000
142,scouts,2,-6.6749,-4.2422,3.0000
142,scouts,3,-5.1749,-5.7422,3.0000
142,scouts,4,6.6746,-4.2436,3.0000
142,scouts,5,5.1746,-2.7436,3.0000
142,scouts,6,3.6746,-4.2436,3.0000
142,scouts,7,5.1746,-5.7436,3.0000
142,scouts,8,-2.9513,4.4495,3.0000
142,scouts,9,-4.4513,5.9495,3.0000
142,scouts,10,-5.9513,4.4495,3.0000
142,scouts,11,-4.4513,2.9495,3.0000
142,scouts,12,5.9511,4.4506,3.0000
142,scouts,13,4.4511,5.9506,3.0000
142,scouts,14,2.9511,4.4506,3.0000
142,scouts,15,4.4511,2.9506,3.0000
142,workers,0,-3.9274,-2.5889,3.0000
142,workers,1,7.1981,-2.4243,3.0000
142,workers,2,-1.3313,3.0279,3.0000
142,workers,3,5.0478,3.3081,3.0000
143,general,0,0.0000,0.0000,5.0000
143,nodes,0,-5.1845,-4.1998,3.0000
143,nodes,1,5.1846,-4.2011,3.0000
143,nodes,2,-4.4204,4.4185,3.0000
143,nodes,3,4.4201,4.4198,3.0000
143,scouts,0,-3.6761,-4.2365,3.0000
143,scouts,1,-5.1761,-2.7365,3.0000
143,scouts,2,-6.6761,-4.2365,3.0000
143,scouts,3,-5.1761,-5.7365,3.0000
143,scouts,4,6.6759,-4.2379,3.0000
143,scouts,5,5.1759,-2.7379,3.0000
143,scouts,6,3.6759,-4.2379,3.0000
143,scouts,7,5.1759,-5.7379,3.0000
143,scouts,8,-2.9472,4.4454,3.0000
143,scouts,9,-4.4472,5.9454,3.0000
143,scouts,10,-5.9472,4.4454,3.0000
143,scouts,11,-4.4472,2.9454,3.0000
143,scouts,12,5.9470,4.4465,3.0000
143,scouts,13,4.4470,5.9465,3.0000
143,scouts,14,2.9470,4.4465,3.0000
143,scouts,15,4.4470,2.9465,3.0000
143,workers,0,-3.9393,-2.5577,3.0000
143,workers,1,7.2007,-2.3910,3.0000
143,workers,2,-1.3098,3.0025,3.0000
143,workers,3,5.0226,3.2863,3.0000
144,general,0,0.0000,0.0000,5.0000
144,nodes,0,-5.1858,-4.1941,3.0000
144,nodes,1,5.1859,-4.1954,3.0000
144,nodes,2,-4.4163,4.4143,3.0000
144,nodes,3,4.4160,4.4157,3.0000
144,scouts,0,-3.6774,-4.2309,3.0000
144,scouts,1,-5.1774,-2.7309,3.0000
144,scouts,2,-6.6774,-4.2309,3.0000
144,scouts,3,-5.1774,-5.7309,3.0000
144,scouts,4,6.6773,-4.2322,3.0000
144,scouts,5,5.1773,-2.7322,3.0000
144,scouts,6,3.6773,-4.2322,3.0000
144,scouts,7,5.1773,-5.7322,3.0000
144,scouts,8,-2.9431,4.4412,3.0000
144,scouts,9,-4.4431,5.9412,3.0000
144,scouts,10,-5.9431,4.4412,3.0000
144,scouts,11,-4.4431,2.9412,3.0000
144,scouts,12,5.9428,4.4424,3.0000
144,scouts,13,4.4428,5.9424,3.0000
144,scouts,14,2.9428,4.4424,3.0000
144,scouts,15,4.4428,2.9424,3.0000
144,workers,0,-3.9513,-2.5266,3.0000
144,workers,1,7.2032,-2.3578,3.0000
144,workers,2,-1.2883,2.9770,3.0000
144,workers,3,4.9974,3.2644,3.0000
145,general,0,0.0000,0.0000,5.0000
145,nodes,0,-5.1872,-4.1884,3.0000
145,nodes,1,5.1873,-4.1897,3.0000
145,nodes,2,-4.4122,4.4101,3.0000
145,nodes,3,4.4119,4.4116,3.0000
145,scouts,0,-3.6787,-4.2252,3.0000
145,scouts,1,-5.1787,-2.7252,3.0000
145,scouts,2,-6.6787,-4.2252,3.0000
145,scouts,3,-5.1787,-5.7252,3.0000
145,scouts,4,6.6786,-4.2266,3.0000
145,scouts,5,5.1786,-2.7266,3.0000
145,scouts,6,3.6786,-4.2266,3.0000
145,scouts,7,5.1786,-5.7266,3.0000
145,scouts,8,-2.9390,4.4371,3.0000
145,scouts,9,-4.4390,5.9371,3.0000
145,scouts,10,-5.9390,4.4371,3.0000
145,scouts,11,-4.4390,2.9371,3.0000
145,scouts,12,5.9387,4.4383,3.0000
145,scouts,13,4.4387,5.9383,3.0000
145,scouts,14,2.9387,4.4383,3.0000
145,scouts,15,4.4387,2.9383,3.0000
145,workers,0,-3.9633,-2.4955,3.0000
145,workers,1,7.2058,-2.3246,3.0000
145,workers,2,-1.2667,2.9516,3.0000
145,workers,3,4.9722,3.2426,3.0000
146,general,0,0.0000,0.0000,5.0000
146,nodes,0,-5.1885,-4.1826,3.0000
146,nodes,1,5.1886,-4.1840,3.0000
146,nodes,2,-4.4080,4.4060,3.0000
146,nodes,3,4.4078,4.4075,3.0000
146,scouts,0,-3.6800,-4.2195,3.0000
146,scouts,1,-5.1800,-2.7195,3.0000
146,scouts,2,-6.6800,-4.2195,3.0000
146,scouts,3,-5.1800,-5.7195,3.0000
146,scouts,4,6.6799,-4.2209,3.0000
146,scouts,5,5.1799,-2.7209,3.0000
146,scouts,6,3.6799,-4.2209,3.0000
146,scouts,7,5.1799,-5.7209,3.0000
146,scouts,8,-2.9348,4.4329,3.0000
146,scouts,9,-4.4348,5.9329,3.0000
146,scouts,10,-5.9348,4.4329,3.0000
146,scouts,11,-4.4348,2.9329,3.0000
146,scouts,12,5.9346,4.4342,3.0000
146,scouts,13,4.4346,5.9342,3.0000
146,scouts,14,2.9346,4.4342,3.0000
146,scouts,15,4.4346,2.9342,3.0000
146,workers,0,-3.9752,-2.4644,3.0000
146,workers,1,7.2084,-2.2913,3.0000
146,workers,2,-1.2452,2.9261,3.0000
146,workers,3,4.9470,3.2208,3.0000
147,general,0,0.0000,0.0000,5.0000
147,nodes,0,-5.1898,-4.1770,3.0000
147,nodes,1,5.1899,-4.1783,3.0000
147,nodes,2,-4.4039,4.4018,3.0000
147,nodes,3,4.4037,4.4033,3.0000
147,scouts,0,-3.6813,-4.2139,3.0000
147,scouts,1,-5.1813,-2.7139,3.0000
147,scouts,2,-6.6813,-4.2139,3.0000
147,scouts,3,-5.1813,-5.7139,3.0000
147,scouts,4,6.6813,-4.2152,3.0000
147,scouts,5,5.1813,-2.7152,3.0000
147,scouts,6,3.6813,-4.2152,3.0000
147,scouts,7,5.1813,-5.7152,3.0000
147,scouts,8,-2.9307,4.4288,3.0000
147,scouts,9,-4.4307,5.9288,3.0000
147,scouts,10,-5.9307,4.4288,3.0000
147,scouts,11,-4.4307,2.9288,3.0000
147,scouts,12,5.9305,4.4301,3.0000
147,scouts,13,4.4305,5.9301,3.0000
147,scouts,14,2.9305,4.4301,3.0000
147,scouts,15,4.4305,2.9301,3.0000
147,workers,0,-3.9872,-2.4333,3.0000
147,workers,1,7.2109,-2.2581,3.0000
147,workers,2,-1.2237,2.9007,3.0000
147,workers,3,4.9219,3.1989,3.0000
148,general,0,0.0000,0.0000,5.0000
148,nodes,0,-5.1912,-4.1714,3.0000
148,nodes,1,5.1912,-4.1726,3.0000
148,nodes,2,-4.3998,4.3977,3.0000
148,nodes,3,4.3995,4.3991,3.0000
148,scouts,0,-3.6827,-4.2082,3.0000
148,scouts,1,-5.1827,-2.7082,3.0000
148,scouts,2,-6.6827,-4.2082,3.0000
148,scouts,3,-5.1827,-5.7082,3.0000
148,scouts,4,6.6826,-4.2095,3.0000
148,scouts,5,5.1826,-2.7095,3.0000
148,scouts,6,3.6826,-4.2095,3.0000
148,scouts,7,5.1826,-5.7095,3.0000
148,scouts,8,-2.9266,4.4246,3.0000
148,scouts,9,-4.4266,5.9246,3.0000
148,scouts,10,-5.9266,4.4246,3.0000
148,scouts,11,-4.4266,2.9246,3.0000
148,scouts,12,5.9263,4.4259,3.0000
148,scouts,13,4.4263,5.9259,3.0000
148,scouts,14,2.9263,4.4259,3.0000
148,scouts,15,4.4263,2.9259,3.0000
148,workers,0,-3.9992,-2.4022,3.0000
148,workers,1,7.2135,-2.2249,3.0000
148,workers,2,-1.2021,2.8752,3.0000
148,workers,3,4.8967,3.1771,3.0000
149,general,0,0.0000,0.0000,5.0000
149,nodes,0,-5.1925,-4.1657,3.0000
149,nodes,1,5.1925,-4.1669,3.0000
149,nodes,2,-4.3957,4.3936,3.0000
149,nodes,3,4.3953,4.3950,3.0000
149,scouts,0,-3.6840,-4.2025,3.0000
149,scouts,1,-5.1840,-2.7025,3.0000
149,scouts,2,-6.6840,-4.2025,3.0000
149,scouts,3,-5.1840,-5.7025,3.0000
149,scouts,4,6.6839,-4.2038,3.0000
149,scouts,5,5.1839,-2.7038,3.0000
149,scouts,6,3.6839,-4.2038,3.0000
149,scouts,7,5.1839,-5.7038,3.0000
149,scouts,8,-2.9225,4.4205,3.0000
149,scouts,9,-4.4225,5.9205,3.0000
149,scouts,10,-5.9225,4.4205,3.0000
149,scouts,11,-4.4225,2.9205,3.0000
149,scouts,12,5.9222,4.4218,3.0000
149,scouts,13,4.4222,5.9218,3.0000
149,scouts,14,2.9222,4.4218,3.0000
149,scouts,15,4.4222,2.9218,3.0000
149,workers,0,-4.0111,-2.3711,3.0000
149,workers,1,7.2160,-2.1916,3.0000
149,workers,2,-1.1806,2.8498,3.0000
149,workers,3,4.8715,3.1553,3.0000
150,general,0,0.0000,0.0000,5.0000
150,nodes,0,-5.1937,-4.1600,3.0000
150,nodes,1,5.1938,-4.1612,3.0000
150,nodes,2,-4.3914,4.3895,3.0000
150,nodes,3,4.3912,4.3908,3.0000
150,scouts,0,-3.6853,-4.1969,3.0000
150,scouts,1,-5.1853,-2.6969,3.0000
150,scouts,2,-6.6853,-4.1969,3.0000
150,scouts,3,-5.1853,-5.6969,3.0000
150,scouts,4,6.6852,-4.1982,3.0000
150,scouts,5,5.1852,-2.6982,3.0000
150,scouts,6,3.6852,-4.1982,3.0000
150,scouts,7,5.1852,-5.6982,3.0000
150,scouts,8,-2.9183,4.4164,3.0000
150,scouts,9,-4.4183,5.9164,3.0000
150,scouts,10,-5.9183,4.4164,3.0000
150,scouts,11,-4.4183,2.9164,3.0000
150,scouts,12,5.9181,4.4177,3.0000
150,scouts,13,4.4181,5.9177,3.0000
150,scouts,14,2.9181,4.4177,3.0000
150,scouts,15,4.4181,2.9177,3.0000
150,workers,0,-4.0231,-2.3400,3.0000
150,workers,1,7.2186,-2.1584,3.0000
150,workers,2,-1.1591,2.8243,3.0000
150,workers,3,4.8463,3.1334,3.0000
151,general,0,0.0000,0.0000,5.0000
151,nodes,0,-5.1949,-4.1543,3.0000
151,nodes,1,5.1952,-4.1556,3.0000
151,nodes,2,-4.3874,4.3853,3.0000
151,nodes,3,4.3872,4.3867,3.0000
151,scouts,0,-3.6865,-4.1912,3.0000
151,scouts,1,-5.1865,-2.6912,3.0000
151,scouts,2,-6.6865,-4.1912,3.0000
151,scouts,3,-5.1865,-5.6912,3.0000
151,scouts,4,6.6866,-4.1925,3.0000
151,scouts,5,5.1866,-2.6925,3.0000
151,scouts,6,3.6866,-4.1925,3.0000
151,scouts,7,5.1866,-5.6925,3.0000
151,scouts,8,-2.9142,4.4122,3.0000
151,scouts,9,-4.4142,5.9122,3.0000
151,scouts,10,-5.9142,4.4122,3.0000
151,scouts,11,-4.4142,2.9122,3.0000
151,scouts,12,5.9140,4.4135,3.0000
151,scouts,13,4.4140,5.9135,3.0000
151,scouts,14,2.9140,4.4135,3.0000
151,scouts,15,4.4140,2.9135,3.0000
151,workers,0,-4.0351,-2.3089,3.0000
151,workers,1,7.2211,-2.1252,3.0000
151,workers,2,-1.1375,2.7989,3.0000
151,workers,3,4.8211,3.1116,3.0000
152,general,0,0.0000,0.0000,5.0000
152,nodes,0,-5.1963,-4.1486,3.0000
152,nodes,1,5.1965,-4.1499,3.0000
152,nodes,2,-4.3834,4.3811,3.0000
152,nodes,3,4.3831,4.3826,3.0000
152,scouts,0,-3.6878,-4.1855,3.0000
152,scouts,1,-5.1878,-2.6855,3.0000
152,scouts,2,-6.6878,-4.1855,3.0000
152,scouts,3,-5.1878,-5.6855,3.0000
152,scouts,4,6.6879,-4.1868,3.0000
152,scouts,5,5.1879,-2.6868,3.0000
152,scouts,6,3.6879,-4.1868,3.0000
152,scouts,7,5.1879,-5.6868,3.0000
152,scouts,8,-2.9101,4.4081,3.0000
152,scouts,9,-4.4101,5.9081,3.0000
152,scouts,10,-5.9101,4.4081,3.0000
152,scouts,11,-4.4101,2.9081,3.0000
152,scouts,12,5.9098,4.4094,3.0000
152,scouts,13,4.4098,5.9094,3.0000
152,scouts,14,2.9098,4.4094,3.0000
152,scouts,15,4.4098,2.9094,3.0000
152,workers,0,-4.0470,-2.2777,3.0000
152,workers,1,7.2237,-2.0919,3.0000
152,workers,2,-1.1160,2.7735,3.0000
152,workers,3,4.7959,3.0898,3.0000
153,general,0,0.0000,0.0000,5.0000
153,nodes,0,-5.1975,-4.1430,3.0000
153,nodes,1,5.1979,-4.1442,3.0000
153,nodes,2,-4.3792,4.3770,3.0000
153,nodes,3,4.3790,4.3784,3.0000
153,scouts,0,-3.6891,-4.1798,3.0000
153,scouts,1,-5.1891,-2.6798,3.0000
153,scouts,2,-6.6891,-4.1798,3.0000
153,scouts,3,-5.1891,-5.6798,3.0000
153,scouts,4,6.6892,-4.1811,3.0000
153,scouts,5,5.1892,-2.6811,3.0000
153,scouts,6,3.6892,-4.1811,3.0000
153,scouts,7,5.1892,-5.6811,3.0000
153,scouts,8,-2.9060,4.4039,3.0000
153,scouts,9,-4.4060,5.9039,3.0000
153,scouts,10,-5.9060,4.4039,3.0000
153,scouts,11,-4.4060,2.9039,3.0000
153,scouts,12,5.9057,4.4053,3.0000
153,scouts,13,4.4057,5.9053,3.0000
153,scouts,14,2.9057,4.4053,3.0000
153,scouts,15,4.4057,2.9053,3.0000
153,workers,0,-4.0590,-2.2466,3.0000
153,workers,1,7.2263,-2.0587,3.0000
153,workers,2,-1.0945,2.7480,3.0000
153,workers,3,4.7707,3.0680,3.0000
154,general,0,0.0000,0.0000,5.0000
154,nodes,0,-5.1988,-4.1373,3.0000
154,nodes,1,5.1992,-4.1385,3.0000
154,nodes,2,-4.3751,4.3729,3.0000
154,nodes,3,4.3748,4.3742,3.0000
154,scouts,0,-3.6904,-4.1742,3.0000
154,scouts,1,-5.1904,-2.6742,3.0000
154,scouts,2,-6.6904,-4.1742,3.0000
154,scouts,3,-5.1904,-5.6742,3.0000
154,scouts,4,6.6906,-4.1754,3.0000
154,scouts,5,5.1906,-2.6754,3.0000
154,scouts,6,3.6906,-4.1754,3.0000
154,scouts,7,5.1906,-5.6754,3.0000
154,scouts,8,-2.9019,4.3998,3.0000
154,scouts,9,-4.4019,5.8998,3.0000
154,scouts,10,-5.9019,4.3998,3.0000
154,scouts,11,-4.4019,2.8998,3.0000
154,scouts,12,5.9016,4.4011,3.0000
154,scouts,13,4.4016,5.9011,3.0000
154,scouts,14,2.9016,4.4011,3.0000
154,scouts,15,4.4016,2.9011,3.0000
154,workers,0,-4.0710,-2.2155,3.0000
154,workers,1,7.2288,-2.0255,3.0000
154,workers,2,-1.0729,2.7226,3.0000
154,workers,3,4.7455,3.0461,3.0000
155,general,0,0.0000,0.0000,5.0000
155,nodes,0,-5.2001,-4.1316,3.0000
155,nodes,1,5.2006,-4.1327,3.0000
155,nodes,2,-4.3708,4.3688,3.0000
155,nodes,3,4.3708,4.3700,3.0000
155,scouts,0,-3.6917,-4.1685,3.0000
155,scouts,1,-5.1917,-2.6685,3.0000
155,scouts,2,-6.6917,-4.1685,3.0000
155,scouts,3,-5.1917,-5.6685,3.0000
155,scouts,4,6.6919,-4.1697,3.0000
155,scouts,5,5.1919,-2.6697,3.0000
155,scouts,6,3.6919,-4.1697,3.0000
155,scouts,7,5.1919,-5.6697,3.0000
155,scouts,8,-2.8977,4.3957,3.0000
155,scouts,9,-4.3977,5.8957,3.0000
155,scouts,10,-5.8977,4.3957,3.0000
155,scouts,11,-4.3977,2.8957,3.0000
155,scouts,12,5.8975,4.3970,3.0000
155,scouts,13,4.3975,5.8970,3.0000
155,scouts,14,2.8975,4.3970,3.0000
155,scouts,15,4.3975,2.8970,3.0000
155,workers,0,-4.0829,-2.1844,3.0000
155,workers,1,7.2314,-1.9922,3.0000
155,workers,2,-1.0514,2.6971,3.0000
155,workers,3,4.7203,3.0243,3.0000
156,general,0,0.0000,0.0000,5.0000
156,nodes,0,-5.2014,-4.1260,3.0000
156,nodes,1,5.2020,-4.1270,3.0000
156,nodes,2,-4.3666,4.3647,3.0000
156,nodes,3,4.3666,4.3659,3.0000
156,scouts,0,-3.6930,-4.1628,3.0000
156,scouts,1,-5.1930,-2.6628,3.0000
156,scouts,2,-6.6930,-4.1628,3.0000
156,scouts,3,-5.1930,-5.6628,3.0000
156,scouts,4,6.6932,-4.1640,3.0000
156,scouts,5,5.1932,-2.6640,3.0000
156,scouts,6,3.6932,-4.1640,3.0000
156,scouts,7,5.1932,-5.6640,3.0000
156,scouts,8,-2.8936,4.3915,3.0000
156,scouts,9,-4.3936,5.8915,3.0000
156,scouts,10,-5.8936,4.3915,3.0000
156,scouts,11,-4.3936,2.8915,3.0000
156,scouts,12,5.8934,4.3928,3.0000
156,scouts,13,4.3934,5.8928,3.0000
156,scouts,14,2.8934,4.3928,3.0000
156,scouts,15,4.3934,2.8928,3.0000
156,workers,0,-4.0949,-2.1533,3.0000
156,workers,1,7.2339,-1.9590,3.0000
156,workers,2,-1.0299,2.6717,3.0000
156,workers,3,4.6951,3.0025,3.0000
157,general,0,0.0000,0.0000,5.0000
157,nodes,0,-5.2027,-4.1204,3.0000
157,nodes,1,5.2033,-4.1214,3.0000
157,nodes,2,-4.3625,4.3604,3.0000
157,nodes,3,4.3625,4.3617,3.0000
157,scouts,0,-3.6943,-4.1572,3.0000
157,scouts,1,-5.1943,-2.6572,3.0000
157,scouts,2,-6.6943,-4.1572,3.0000
157,scouts,3,-5.1943,-5.6572,3.0000
157,scouts,4,6.6946,-4.1584,3.0000
157,scouts,5,5.1946,-2.6584,3.0000
157,scouts,6,3.6946,-4.1584,3.0000
157,scouts,7,5.1946,-5.6584,3.0000
157,scouts,8,-2.8894,4.3874,3.0000
157,scouts,9,-4.3894,5.8874,3.0000
157,scouts,10,-5.8894,4.3874,3.0000
157,scouts,11,-4.3894,2.8874,3.0000
157,scouts,12,5.8893,4.3887,3.0000
157,scouts,13,4.3893,5.8887,3.0000
157,scouts,14,2.8893,4.3887,3.0000
157,scouts,15,4.3893,2.8887,3.0000
157,workers,0,-4.1069,-2.1222,3.0000
157,workers,1,7.2365,-1.9257,3.0000
157,workers,2,-1.0083,2.6462,3.0000
157,workers,3,4.6700,2.9806,3.0000
158,general,0,0.0000,0.0000,5.0000
158,nodes,0,-5.2040,-4.1148,3.0000
158,nodes,1,5.2046,-4.1157,3.0000
158,nodes,2,-4.3584,4.3562,3.0000
158,nodes,3,4.3583,4.3576,3.0000
158,scouts,0,-3.6956,-4.1515,3.0000
158,scouts,1,-5.1956,-2.6515,3.0000
158,scouts,2,-6.6956,-4.1515,3.0000
158,scouts,3,-5.1956,-5.6515,3.0000
158,scouts,4,6.6959,-4.1527,3.0000
158,scouts,5,5.1959,-2.6527,3.0000
158,scouts,6,3.6959,-4.1527,3.0000
158,scouts,7,5.1959,-5.6527,3.0000
158,scouts,8,-2.8853,4.3832,3.0000
158,scouts,9,-4.3853,5.8832,3.0000
158,scouts,10,-5.8853,4.3832,3.0000
158,scouts,11,-4.3853,2.8832,3.0000
158,scouts,12,5.8851,4.3845,3.0000
158,scouts,13,4.3851,5.8845,3.0000
158,scouts,14,2.8851,4.3845,3.0000
158,scouts,15,4.3851,2.8845,3.0000
158,workers,0,-4.1188,-2.0911,3.0000
158,workers,1,7.2390,-1.8925,3.0000
158,workers,2,-0.9868,2.6208,3.0000
158,workers,3,4.6448,2.9588,3.0000
159,general,0,0.0000,0.0000,5.0000
159,nodes,0,-5.2053,-4.1091,3.0000
159,nodes,1,5.2059,-4.1099,3.0000
159,nodes,2,-4.3542,4.3520,3.0000
159,nodes,3,4.3541,4.3534,3.0000
159,scouts,0,-3.6969,-4.1459,3.0000
159,scouts,1,-5.1969,-2.6459,3.0000
159,scouts,2,-6.6969,-4.1459,3.0000
159,scouts,3,-5.1969,-5.6459,3.0000
159,scouts,4,6.6972,-4.1470,3.0000
159,scouts,5,5.1972,-2.6470,3.0000
159,scouts,6,3.6972,-4.1470,3.0000
159,scouts,7,5.1972,-5.6470,3.0000
159,scouts,8,-2.8811,4.3791,3.0000
159,scouts,9,-4.3811,5.8791,3.0000
159,scouts,10,-5.8811,4.3791,3.0000
159,scouts,11,-4.3811,2.8791,3.0000
159,scouts,12,5.8810,4.3804,3.0000
159,scouts,13,4.3810,5.8804,3.0000
159,scouts,14,2.8810,4.3804,3.0000
159,scouts,15,4.3810,2.8804,3.0000
159,workers,0,-4.1308,-2.0600,3.0000
159,workers,1,7.2416,-1.8593,3.0000
159,workers,2,-0.9653,2.5953,3.0000
159,workers,3,4.6196,2.9370,3.0000
160,general,0,0.0000,0.0000,5.0000
160,nodes,0,-5.2066,-4.1035,3.0000
160,nodes,1,5.2072,-4.1043,3.0000
160,nodes,2,-4.3501,4.3478,3.0000
160,nodes,3,4.3499,4.3493,3.0000
160,scouts,0,-3.6982,-4.1402,3.0000
160,scouts,1,-5.1982,-2.6402,3.0000
160,scouts,2,-6.6982,-4.1402,3.0000
160,scouts,3,-5.1982,-5.6402,3.0000
160,scouts,4,6.6986,-4.1413,3.0000
160,scouts,5,5.1986,-2.6413,3.0000
160,scouts,6,3.6986,-4.1413,3.0000
160,scouts,7,5.1986,-5.6413,3.0000
160,scouts,8,-2.8770,4.3749,3.0000
160,scouts,9,-4.3770,5.8749,3.0000
160,scouts,10,-5.8770,4.3749,3.0000
160,scouts,11,-4.3770,2.8749,3.0000
160,scouts,12,5.8768,4.3763,3.0000
160,scouts,13,4.3768,5.8763,3.0000
160,scouts,14,2.8768,4.3763,3.0000
160,scouts,15,4.3768,2.8763,3.0000
160,workers,0,-4.1428,-2.0288,3.0000
160,workers,1,7.2442,-1.8260,3.0000
160,workers,2,-0.9438,2.5699,3.0000
160,workers,3,4.5944,2.9151,3.0000
161,general,0,0.0000,0.0000,5.0000
161,nodes,0,-5.2078,-4.0978,3.0000
161,nodes,1,5.2085,-4.0986,3.0000
161,nodes,2,-4.3460,4.3437,3.0000
161,nodes,3,4.3457,4.3452,3.0000
161,scouts,0,-3.6995,-4.1346,3.0000
161,scouts,1,-5.1995,-2.6346,3.0000
161,scouts,2,-6.6995,-4.1346,3.0000
161,scouts,3,-5.1995,-5.6346,3.0000
161,scouts,4,6.6999,-4.1356,3.0000
161,scouts,5,5.1999,-2.6356,3.0000
161,scouts,6,3.6999,-4.1356,3.0000
161,scouts,7,5.1999,-5.6356,3.0000
161,scouts,8,-2.8729,4.3707,3.0000
161,scouts,9,-4.3729,5.8707,3.0000
161,scouts,10,-5.8729,4.3707,3.0000
161,scouts,11,-4.3729,2.8707,3.0000
161,scouts,12,5.8727,4.3721,3.0000
161,scouts,13,4.3727,5.8721,3.0000
161,scouts,14,2.8727,4.3721,3.0000
161,scouts,15,4.3727,2.8721,3.0000
161,workers,0,-4.1547,-1.9977,3.0000
161,workers,1,7.2467,-1.7928,3.0000
161,workers,2,-0.9222,2.5444,3.0000
161,workers,3,4.5692,2.8933,3.0000
162,general,0,0.0000,0.0000,5.0000
162,nodes,0,-5.2092,-4.0921,3.0000
162,nodes,1,5.2099,-4.0930,3.0000
162,nodes,2,-4.3419,4.3395,3.0000
162,nodes,3,4.3416,4.3411,3.0000
162,scouts,0,-3.7008,-4.1289,3.0000
162,scouts,1,-5.2008,-2.6289,3.0000
162,scouts,2,-6.7008,-4.1289,3.0000
162,scouts,3,-5.2008,-5.6289,3.0000
162,scouts,4,6.7012,-4.1299,3.0000
162,scouts,5,5.2012,-2.6299,3.0000
162,scouts,6,3.7012,-4.1299,3.0000
162,scouts,7,5.2012,-5.6299,3.0000
162,scouts,8,-2.8687,4.3666,3.0000
162,scouts,9,-4.3687,5.8666,3.0000
162,scouts,10,-5.8687,4.3666,3.0000
162,scouts,11,-4.3687,2.8666,3.0000
162,scouts,12,5.8686,4.3680,3.0000
162,scouts,13,4.3686,5.8680,3.0000
162,scouts,14,2.8686,4.3680,3.0000
162,scouts,15,4.3686,2.8680,3.0000
162,workers,0,-4.1667,-1.9666,3.0000
162,workers,1,7.2493,-1.7596,3.0000
162,workers,2,-0.9007,2.5190,3.0000
162,workers,3,4.5440,2.8715,3.0000
163,general,0,0.0000,0.0000,5.0000
163,nodes,0,-5.2105,-4.0865,3.0000
163,nodes,1,5.2113,-4.0873,3.0000
163,nodes,2,-4.3378,4.3354,3.0000
163,nodes,3,4.3375,4.3370,3.0000
163,scouts,0,-3.7021,-4.1232,3.0000
163,scouts,1,-5.2021,-2.6232,3.0000
163,scouts,2,-6.7021,-4.1232,3.0000
163,scouts,3,-5.2021,-5.6232,3.0000
163,scouts,4,6.7026,-4.1242,3.0000
163,scouts,5,5.2026,-2.6242,3.0000
163,scouts,6,3.7026,-4.1242,3.0000
163,scouts,7,5.2026,-5.6242,3.0000
163,scouts,8,-2.8646,4.3624,3.0000
163,scouts,9,-4.3646,5.8624,3.0000
163,scouts,10,-5.8646,4.3624,3.0000
163,scouts,11,-4.3646,2.8624,3.0000
163,scouts,12,5.8644,4.3638,3.0000
163,scouts,13,4.3644,5.8638,3.0000
163,scouts,14,2.8644,4.3638,3.0000
163,scouts,15,4.3644,2.8638,3.0000
163,workers,0,-4.1786,-1.9355,3.0000
163,workers,1,7.2518,-1.7263,3.0000
163,workers,2,-0.8792,2.4935,3.0000
163,workers,3,4.5188,2.8496,3.0000
164,general,0,0.0000,0.0000,5.0000
164,nodes,0,-5.2118,-4.0808,3.0000
164,nodes,1,5.2126,-4.0817,3.0000
164,nodes,2,-4.3337,4.3313,3.0000
164,nodes,3,4.3334,4.3329,3.0000
164,scouts,0,-3.7034,-4.1176,3.0000
164,scouts,1,-5.2034,-2.6176,3.0000
164,scouts,2,-6.7034,-4.1176,3.0000
164,scouts,3,-5.2034,-5.6176,3.0000
164,scouts,4,6.7039,-4.1186,3.0000
164,scouts,5,5.2039,-2.6186,3.0000
164,scouts,6,3.7039,-4.1186,3.0000
164,scouts,7,5.2039,-5.6186,3.0000
164,scouts,8,-2.8605,4.3583,3.0000
164,scouts,9,-4.3605,5.8583,3.0000
164,scouts,10,-5.8605,4.3583,3.0000
164,scouts,11,-4.3605,2.8583,3.0000
164,scouts,12,5.8603,4.3597,3.0000
164,scouts,13,4.3603,5.8597,3.0000
164,scouts,14,2.8603,4.3597,3.0000
164,scouts,15,4.3603,2.8597,3.0000
164,workers,0,-4.1906,-1.9044,3.0000
164,workers,1,7.2544,-1.6931,3.0000
164,workers,2,-0.8576,2.4681,3.0000
164,workers,3,4.4936,2.8278,3.0000
165,general,0,0.0000,0.0000,5.0000
165,nodes,0,-5.2132,-4.0751,3.0000
165,nodes,1,5.2139,-4.0760,3.0000
165,nodes,2,-4.3295,4.3271,3.0000
165,nodes,3,4.3293,4.3288,3.0000
165,scouts,0,-3.7047,-4.1119,3.0000
165,scouts,1,-5.2047,-2.6119,3.0000
165,scouts,2,-6.7047,-4.1119,3.0000
165,scouts,3,-5.2047,-5.6119,3.0000
165,scouts,4,6.7052,-4.1129,3.0000
165,scouts,5,5.2052,-2.6129,3.0000
165,scouts,6,3.7052,-4.1129,3.0000
165,scouts,7,5.2052,-5.6129,3.0000
165,scouts,8,-2.8563,4.3541,3.0000
165,scouts,9,-4.3563,5.8541,3.0000
165,scouts,10,-5.8563,4.3541,3.0000
165,scouts,11,-4.3563,2.8541,3.0000
165,scouts,12,5.8562,4.3556,3.0000
165,scouts,13,4.3562,5.8556,3.0000
165,scouts,14,2.8562,4.3556,3.0000
165,scouts,15,4.3562,2.8556,3.0000
165,workers,0,-4.2026,-1.8733,3.0000
165,workers,1,7.2569,-1.6599,3.0000
165,workers,2,-0.8361,2.4427,3.0000
165,workers,3,4.4684,2.8060,3.0000
166,general,0,0.0000,0.0000,5.0000
166,nodes,0,-5.2144,-4.0694,3.0000
166,nodes,1,5.2152,-4.0703,3.0000
166,nodes,2,-4.3253,4.3230,3.0000
166,nodes,3,4.3252,4.3247,3.0000
166,scouts,0,-3.7060,-4.1063,3.0000
166,scouts,1,-5.2060,-2.6063,3.0000
166,scouts,2,-6.7060,-4.1063,3.0000
166,scouts,3,-5.2060,-5.6063,3.0000
166,scouts,4,6.7066,-4.1072,3.0000
166,scouts,5,5.2066,-2.6072,3.0000
166,scouts,6,3.7066,-4.1072,3.0000
166,scouts,7,5.2066,-5.6072,3.0000
166,scouts,8,-2.8522,4.3500,3.0000
166,scouts,9,-4.3522,5.8500,3.0000
166,scouts,10,-5.8522,4.3500,3.0000
166,scouts,11,-4.3522,2.8500,3.0000
166,scouts,12,5.8520,4.3515,3.0000
166,scouts,13,4.3520,5.8515,3.0000
166,scouts,14,2.8520,4.3515,3.0000
166,scouts,15,4.3520,2.8515,3.0000
166,workers,0,-4.2145,-1.8422,3.0000
166,workers,1,7.2595,-1.6266,3.0000
166,workers,2,-0.8146,2.4172,3.0000
166,workers,3,4.4433,2.7842,3.0000
167,general,0,0.0000,0.0000,5.0000
167,nodes,0,-5.2157,-4.0637,3.0000
167,nodes,1,5.2165,-4.0646,3.0000
167,nodes,2,-4.3212,4.3189,3.0000
167,nodes,3,4.3211,4.3206,3.0000
167,scouts,0,-3.7073,-4.1006,3.0000
167,scouts,1,-5.2073,-2.6006,3.0000
167,scouts,2,-6.7073,-4.1006,3.0000
167,scouts,3,-5.2073,-5.6006,3.0000
167,scouts,4,6.7079,-4.1015,3.0000
167,scouts,5,5.2079,-2.6015,3.0000
167,scouts,6,3.7079,-4.1015,3.0000
167,scouts,7,5.2079,-5.6015,3.0000
167,scouts,8,-2.8481,4.3458,3.0000
167,scouts,9,-4.3481,5.8458,3.0000
167,scouts,10,-5.8481,4.3458,3.0000
167,scouts,11,-4.3481,2.8458,3.0000
167,scouts,12,5.8479,4.3473,3.0000
167,scouts,13,4.3479,5.8473,3.0000
167,scouts,14,2.8479,4.3473,3.0000
167,scouts,15,4.3479,2.8473,3.0000
167,workers,0,-4.2265,-1.8111,3.0000
167,workers,1,7.2620,-1.5934,3.0000
167,workers,2,-0.7930,2.3918,3.0000
167,workers,3,4.4181,2.7623,3.0000
168,general,0,0.0000,0.0000,5.0000
168,nodes,0,-5.2171,-4.0581,3.0000
168,nodes,1,5.2178,-4.0589,3.0000
168,nodes,2,-4.3171,4.3148,3.0000
168,nodes,3,4.3170,4.3164,3.0000
168,scouts,0,-3.7086,-4.0949,3.0000
168,scouts,1,-5.2086,-2.5949,3.0000
168,scouts,2,-6.7086,-4.0949,3.0000
168,scouts,3,-5.2086,-5.5949,3.0000
168,scouts,4,6.7092,-4.0958,3.0000
168,scouts,5,5.2092,-2.5958,3.0000
168,scouts,6,3.7092,-4.0958,3.0000
168,scouts,7,5.2092,-5.5958,3.0000
168,scouts,8,-2.8439,4.3417,3.0000
168,scouts,9,-4.3439,5.8417,3.0000
168,scouts,10,-5.8439,4.3417,3.0000
168,scouts,11,-4.3439,2.8417,3.0000
168,scouts,12,5.8438,4.3432,3.0000
168,scouts,13,4.3438,5.8432,3.0000
168,scouts,14,2.8438,4.3432,3.0000
168,scouts,15,4.3438,2.8432,3.0000
168,workers,0,-4.2385,-1.7800,3.0000
168,workers,1,7.2646,-1.5602,3.0000
168,workers,2,-0.7715,2.3663,3.0000
168,workers,3,4.3929,2.7405,3.0000
169,general,0,0.0000,0.0000,5.0000
169,nodes,0,-5.2183,-4.0524,3.0000
169,nodes,1,5.2191,-4.0532,3.0000
169,nodes,2,-4.3130,4.3107,3.0000
169,nodes,3,4.3128,4.3124,3.0000
169,scouts,0,-3.7099,-4.0893,3.0000
169,scouts,1,-5.2099,-2.5893,3.0000
169,scouts,2,-6.7099,-4.0893,3.0000
169,scouts,3,-5.2099,-5.5893,3.0000
169,scouts,4,6.7105,-4.0902,3.0000
169,scouts,5,5.2105,-2.5902,3.0000
169,scouts,6,3.7105,-4.0902,3.0000
169,scouts,7,5.2105,-5.5902,3.0000
169,scouts,8,-2.8398,4.3376,3.0000
169,scouts,9,-4.3398,5.8376,3.0000
169,scouts,10,-5.8398,4.3376,3.0000
169,scouts,11,-4.3398,2.8376,3.0000
169,scouts,12,5.8396,4.3391,3.0000
169,scouts,13,4.3396,5.8391,3.0000
169,scouts,14,2.8396,4.3391,3.0000
169,scouts,15,4.3396,2.8391,3.0000
169,workers,0,-4.2504,-1.7488,3.0000
169,workers,1,7.2672,-1.5269,3.0000
169,workers,2,-0.7500,2.3409,3.0000
169,workers,3,4.3677,2.7187,3.0000
170,general,0,0.0000,0.0000,5.0000
170,nodes,0,-5.2194,-4.0466,3.0000
170,nodes,1,5.2204,-4.0475,3.0000
170,nodes,2,-4.3089,4.3066,3.0000
170,nodes,3,4.3087,4.3082,3.0000
170,scouts,0,-3.7111,-4.0836,3.0000
170,scouts,1,-5.2111,-2.5836,3.0000
170,scouts,2,-6.7111,-4.0836,3.0000
170,scouts,3,-5.2111,-5.5836,3.0000
170,scouts,4,6.7118,-4.0845,3.0000
170,scouts,5,5.2118,-2.5845,3.0000
170,scouts,6,3.7118,-4.0845,3.0000
170,scouts,7,5.2118,-5.5845,3.0000
170,scouts,8,-2.8357,4.3334,3.0000
170,scouts,9,-4.3357,5.8334,3.0000
170,scouts,10,-5.8357,4.3334,3.0000
170,scouts,11,-4.3357,2.8334,3.0000
170,scouts,12,5.8355,4.3350,3.0000
170,scouts,13,4.3355,5.8350,3.0000
170,scouts,14,2.8355,4.3350,3.0000
170,scouts,15,4.3355,2.8350,3.0000
170,workers,0,-4.2624,-1.7177,3.0000
170,workers,1,7.2697,-1.4937,3.0000
170,workers,2,-0.7284,2.3154,3.0000
170,workers,3,4.3425,2.6968,3.0000
171,general,0,0.0000,0.0000,5.0000
171,nodes,0,-5.2208,-4.0410,3.0000
171,nodes,1,5.2218,-4.0419,3.0000
171,nodes,2,-4.3047,4.3025,3.0000
171,nodes,3,4.3045,4.3041,3.0000
171,scouts,0,-3.7124,-4.0779,3.0000
171,scouts,1,-5.2124,-2.5779,3.0000
171,scouts,2,-6.7124,-4.0779,3.0000
171,scouts,3,-5.2124,-5.5779,3.0000
171,scouts,4,6.7132,-4.0788,3.0000
171,scouts,5,5.2132,-2.5788,3.0000
171,scouts,6,3.7132,-4.0788,3.0000
171,scouts,7,5.2132,-5.5788,3.0000
171,scouts,8,-2.8316,4.3293,3.0000
171,scouts,9,-4.3316,5.8293,3.0000
171,scouts,10,-5.8316,4.3293,3.0000
171,scouts,11,-4.3316,2.8293,3.0000
171,scouts,12,5.8314,4.3309,3.0000
171,scouts,13,4.3314,5.8309,3.0000
171,scouts,14,2.8314,4.3309,3.0000
171,scouts,15,4.3314,2.8309,3.0000
171,workers,0,-4.2744,-1.6866,3.0000
171,workers,1,7.2723,-1.4605,3.0000
171,workers,2,-0.7069,2.2900,3.0000
171,workers,3,4.3173,2.6750,3.0000
172,general,0,0.0000,0.0000,5.0000
172,nodes,0,-5.2221,-4.0353,3.0000
172,nodes,1,5.2231,-4.0363,3.0000
172,nodes,2,-4.3006,4.2984,3.0000
172,nodes,3,4.3003,4.2999,3.0000
172,scouts,0,-3.7137,-4.0722,3.0000
172,scouts,1,-5.2137,-2.5722,3.0000
172,scouts,2,-6.7137,-4.0722,3.0000
172,scouts,3,-5.2137,-5.5722,3.0000
172,scouts,4,6.7145,-4.0731,3.0000
172,scouts,5,5.2145,-2.5731,3.0000
172,scouts,6,3.7145,-4.0731,3.0000
172,scouts,7,5.2145,-5.5731,3.0000
172,scouts,8,-2.8274,4.3252,3.0000
172,scouts,9,-4.3274,5.8252,3.0000
172,scouts,10,-5.8274,4.3252,3.0000
172,scouts,11,-4.3274,2.8252,3.0000
172,scouts,12,5.8272,4.3268,3.0000
172,scouts,13,4.3272,5.8268,3.0000
172,scouts,14,2.8272,4.3268,3.0000
172,scouts,15,4.3272,2.8268,3.0000
172,workers,0,-4.2863,-1.6555,3.0000
172,workers,1,7.2748,-1.4272,3.0000
172,workers,2,-0.6854,2.2645,3.0000
172,workers,3,4.2921,2.6532,3.0000
173,general,0,0.0000,0.0000,5.0000
173,nodes,0,-5.2234,-4.0297,3.0000
173,nodes,1,5.2244,-4.0306,3.0000
173,nodes,2,-4.2965,4.2942,3.0000
173,nodes,3,4.2961,4.2957,3.0000
173,scouts,0,-3.7150,-4.0665,3.0000
173,scouts,1,-5.2150,-2.5665,3.0000
173,scouts,2,-6.7150,-4.0665,3.0000
173,scouts,3,-5.2150,-5.5665,3.0000
173,scouts,4,6.7158,-4.0675,3.0000
173,scouts,5,5.2158,-2.5675,3.0000
173,scouts,6,3.7158,-4.0675,3.0000
173,scouts,7,5.2158,-5.5675,3.0000
173,scouts,8,-2.8233,4.3210,3.0000
173,scouts,9,-4.3233,5.8210,3.0000
173,scouts,10,-5.8233,4.3210,3.0000
173,scouts,11,-4.3233,2.8210,3.0000
173,scouts,12,5.8231,4.3226,3.0000
173,scouts,13,4.3231,5.8226,3.0000
173,scouts,14,2.8231,4.3226,3.0000
173,scouts,15,4.3231,2.8226,3.0000
173,workers,0,-4.2983,-1.6244,3.0000
173,workers,1,7.2774,-1.3940,3.0000
173,workers,2,-0.6638,2.2391,3.0000
173,workers,3,4.2669,2.6313,3.0000
174,general,0,0.0000,0.0000,5.0000
174,nodes,0,-5.2247,-4.0241,3.0000
174,nodes,1,5.2258,-4.0250,3.0000
174,nodes,2,-4.2923,4.2900,3.0000
174,nodes,3,4.2919,4.2915,3.0000
174,scouts,0,-3.7163,-4.0609,3.0000
174,scouts,1,-5.2163,-2.5609,3.0000
174,scouts,2,-6.7163,-4.0609,3.0000
174,scouts,3,-5.2163,-5.5609,3.0000
174,scouts,4,6.7171,-4.0618,3.0000
174,scouts,5,5.2171,-2.5618,3.0000
174,scouts,6,3.7171,-4.0618,3.0000
174,scouts,7,5.2171,-5.5618,3.0000
174,scouts,8,-2.8192,4.3169,3.0000
174,scouts,9,-4.3192,5.8169,3.0000
174,scouts,10,-5.8192,4.3169,3.0000
174,scouts,11,-4.3192,2.8169,3.0000
174,scouts,12,5.8189,4.3185,3.0000
174,scouts,13,4.3189,5.8185,3.0000
174,scouts,14,2.8189,4.3185,3.0000
174,scouts,15,4.3189,2.8185,3.0000
174,workers,0,-4.3103,-1.5933,3.0000
174,workers,1,7.2799,-1.3608,3.0000
174,workers,2,-0.6423,2.2136,3.0000
174,workers,3,4.2417,2.6095,3.0000
175,general,0,0.0000,0.0000,5.0000
175,nodes,0,-5.2259,-4.0184,3.0000
175,nodes,1,5.2271,-4.0192,3.0000
175,nodes,2,-4.2883,4.2860,3.0000
175,nodes,3,4.2878,4.2874,3.0000
175,scouts,0,-3.7176,-4.0552,3.0000
175,scouts,1,-5.2176,-2.5552,3.0000
175,scouts,2,-6.7176,-4.0552,3.0000
175,scouts,3,-5.2176,-5.5552,3.0000
175,scouts,4,6.7185,-4.0561,3.0000
175,scouts,5,5.2185,-2.5561,3.0000
175,scouts,6,3.7185,-4.0561,3.0000
175,scouts,7,5.2185,-5.5561,3.0000
175,scouts,8,-2.8151,4.3128,3.0000
175,scouts,9,-4.3151,5.8128,3.0000
175,scouts,10,-5.8151,4.3128,3.0000
175,scouts,11,-4.3151,2.8128,3.0000
175,scouts,12,5.8148,4.3143,3.0000
175,scouts,13,4.3148,5.8143,3.0000
175,scouts,14,2.8148,4.3143,3.0000
175,scouts,15,4.3148,2.8143,3.0000
175,workers,0,-4.3222,-1.5622,3.0000
175,workers,1,7.2825,-1.3275,3.0000
175,workers,2,-0.6208,2.1882,3.0000
175,workers,3,4.2165,2.5877,3.0000
176,general,0,0.0000,0.0000,5.0000
176,nodes,0,-5.2272,-4.0127,3.0000
176,nodes,1,5.2284,-4.0135,3.0000
176,nodes,2,-4.2842,4.2818,3.0000
176,nodes,3,4.2836,4.2832,3.0000
176,scouts,0,-3.7189,-4.0496,3.0000
176,scouts,1,-5.2189,-2.5496,3.0000
176,scouts,2,-6.7189,-4.0496,3.0000
176,scouts,3,-5.2189,-5.5496,3.0000
176,scouts,4,6.7198,-4.0504,3.0000
176,scouts,5,5.2198,-2.5504,3.0000
176,scouts,6,3.7198,-4.0504,3.0000
176,scouts,7,5.2198,-5.5504,3.0000
176,scouts,8,-2.8109,4.3087,3.0000
176,scouts,9,-4.3109,5.8087,3.0000
176,scouts,10,-5.8109,4.3087,3.0000
176,scouts,11,-4.3109,2.8087,3.0000
176,scouts,12,5.8106,4.3102,3.0000
176,scouts,13,4.3106,5.8102,3.0000
176,scouts,14,2.8106,4.3102,3.0000
176,scouts,15,4.3106,2.8102,3.0000
176,workers,0,-4.3342,-1.5311,3.0000
176,workers,1,7.2851,-1.2943,3.0000
176,workers,2,-0.5992,2.1627,3.0000
176,workers,3,4.1914,2.5658,3.0000
177,general,0,0.0000,0.0000,5.0000
177,nodes,0,-5.2285,-4.0071,3.0000
177,nodes,1,5.2297,-4.0078,3.0000
177,nodes,2,-4.2800,4.2777,3.0000
177,nodes,3,4.2795,4.2790,3.0000
177,scouts,0,-3.7201,-4.0439,3.0000
177,scouts,1,-5.2201,-2.5439,3.0000
177,scouts,2,-6.7201,-4.0439,3.0000
177,scouts,3,-5.2201,-5.5439,3.0000
177,scouts,4,6.7211,-4.0448,3.0000
177,scouts,5,5.2211,-2.5448,3.0000
177,scouts,6,3.7211,-4.0448,3.0000
177,scouts,7,5.2211,-5.5448,3.0000
177,scouts,8,-2.8068,4.3045,3.0000
177,scouts,9,-4.3068,5.8045,3.0000
177,scouts,10,-5.8068,4.3045,3.0000
177,scouts,11,-4.3068,2.8045,3.0000
177,scouts,12,5.8065,4.3060,3.0000
177,scouts,13,4.3065,5.8060,3.0000
177,scouts,14,2.8065,4.3060,3.0000
177,scouts,15,4.3065,2.8060,3.0000
177,workers,0,-4.3462,-1.5000,3.0000
177,workers,1,7.2876,-1.2610,3.0000
177,workers,2,-0.5777,2.1373,3.0000
177,workers,3,4.1662,2.5440,3.0000
178,general,0,0.0000,0.0000,5.0000
178,nodes,0,-5.2298,-4.0014,3.0000
178,nodes,1,5.2310,-4.0022,3.0000
178,nodes,2,-4.2759,4.2736,3.0000
178,nodes,3,4.2754,4.2749,3.0000
178,scouts,0,-3.7214,-4.0382,3.0000
178,scouts,1,-5.2214,-2.5382,3.0000
178,scouts,2,-6.7214,-4.0382,3.0000
178,scouts,3,-5.2214,-5.5382,3.0000
178,scouts,4,6.7224,-4.0391,3.0000
178,scouts,5,5.2224,-2.5391,3.0000
178,scouts,6,3.7224,-4.0391,3.0000
178,scouts,7,5.2224,-5.5391,3.0000
178,scouts,8,-2.8027,4.3004,3.0000
178,scouts,9,-4.3027,5.8004,3.0000
178,scouts,10,-5.8027,4.3004,3.0000
178,scouts,11,-4.3027,2.8004,3.0000
178,scouts,12,5.8023,4.3019,3.0000
178,scouts,13,4.3023,5.8019,3.0000
178,scouts,14,2.8023,4.3019,3.0000
178,scouts,15,4.3023,2.8019,3.0000
178,workers,0,-4.3581,-1.4688,3.0000
178,workers,1,7.2902,-1.2278,3.0000
178,workers,2,-0.5562,2.1119,3.0000
178,workers,3,4.1410,2.5222,3.0000
179,general,0,0.0000,0.0000,5.0000
179,nodes,0,-5.2312,-3.9957,3.0000
179,nodes,1,5.2323,-3.9964,3.0000
179,nodes,2,-4.2718,4.2695,3.0000
179,nodes,3,4.2713,4.2707,3.0000
179,scouts,0,-3.7227,-4.0326,3.0000
179,scouts,1,-5.2227,-2.5326,3.0000
179,scouts,2,-6.7227,-4.0326,3.0000
179,scouts,3,-5.2227,-5.5326,3.0000
179,scouts,4,6.7237,-4.0334,3.0000
179,scouts,5,5.2237,-2.5334,3.0000
179,scouts,6,3.7237,-4.0334,3.0000
179,scouts,7,5.2237,-5.5334,3.0000
179,scouts,8,-2.7986,4.2963,3.0000
179,scouts,9,-4.2986,5.7963,3.0000
179,scouts,10,-5.7986,4.2963,3.0000
179,scouts,11,-4.2986,2.7963,3.0000
179,scouts,12,5.7982,4.2977,3.0000
179,scouts,13,4.2982,5.7977,3.0000
179,scouts,14,2.7982,4.2977,3.0000
179,scouts,15,4.2982,2.7977,3.0000
179,workers,0,-4.3701,-1.4377,3.0000
179,workers,1,7.2927,-1.1946,3.0000
179,workers,2,-0.5347,2.0864,3.0000
179,workers,3,4.1158,2.5003,3.0000
180,general,0,0.0000,0.0000,5.0000
180,nodes,0,-5.2325,-3.9900,3.0000
180,nodes,1,5.2335,-3.9908,3.0000
180,nodes,2,-4.2676,4.2654,3.0000
180,nodes,3,4.2671,4.2667,3.0000
180,scouts,0,-3.7240,-4.0269,3.0000
180,scouts,1,-5.2240,-2.5269,3.0000
180,scouts,2,-6.7240,-4.0269,3.0000
180,scouts,3,-5.2240,-5.5269,3.0000
180,scouts,4,6.7250,-4.0277,3.0000
180,scouts,5,5.2250,-2.5277,3.0000
180,scouts,6,3.7250,-4.0277,3.0000
180,scouts,7,5.2250,-5.5277,3.0000
180,scouts,8,-2.7945,4.2922,3.0000
180,scouts,9,-4.2945,5.7922,3.0000
180,scouts,10,-5.7945,4.2922,3.0000
180,scouts,11,-4.2945,2.7922,3.0000
180,scouts,12,5.7940,4.2936,3.0000
180,scouts,13,4.2940,5.7936,3.0000
180,scouts,14,2.7940,4.2936,3.0000
180,scouts,15,4.2940,2.7936,3.0000
180,workers,0,-4.3821,-1.4066,3.0000
180,workers,1,7.2953,-1.1613,3.0000
180,workers,2,-0.5131,2.0610,3.0000
180,workers,3,4.0906,2.4785,3.0000
181,general,0,0.0000,0.0000,5.0000
181,nodes,0,-5.2339,-3.9843,3.0000
181,nodes,1,5.2348,-3.9851,3.0000
181,nodes,2,-4.2635,4.2612,3.0000
181,nodes,3,4.2630,4.2625,3.0000
181,scouts,0,-3.7254,-4.0212,3.0000
181,scouts,1,-5.2254,-2.5212,3.0000
181,scouts,2,-6.7254,-4.0212,3.0000
181,scouts,3,-5.2254,-5.5212,3.0000
181,scouts,4,6.7263,-4.0220,3.0000
181,scouts,5,5.2263,-2.5220,3.0000
181,scouts,6,3.7263,-4.0220,3.0000
181,scouts,7,5.2263,-5.5220,3.0000
181,scouts,8,-2.7903,4.2880,3.0000
181,scouts,9,-4.2903,5.7880,3.0000
181,scouts,10,-5.7903,4.2880,3.0000
181,scouts,11,-4.2903,2.7880,3.0000
181,scouts,12,5.7899,4.2894,3.0000
181,scouts,13,4.2899,5.7894,3.0000
181,scouts,14,2.7899,4.2894,3.0000
181,scouts,15,4.2899,2.7894,3.0000
181,workers,0,-4.3940,-1.3755,3.0000
181,workers,1,7.2978,-1.1281,3.0000
181,workers,2,-0.4916,2.0355,3.0000
181,workers,3,4.0654,2.4567,3.0000
182,general,0,0.0000,0.0000,5.0000
182,nodes,0,-5.2352,-3.9786,3.0000
182,nodes,1,5.2361,-3.9793,3.0000
182,nodes,2,-4.2593,4.2571,3.0000
182,nodes,3,4.2589,4.2584,3.0000
182,scouts,0,-3.7267,-4.0155,3.0000
182,scouts,1,-5.2267,-2.5155,3.0000
182,scouts,2,-6.7267,-4.0155,3.0000
182,scouts,3,-5.2267,-5.5155,3.0000
182,scouts,4,6.7276,-4.0163,3.0000
182,scouts,5,5.2276,-2.5163,3.0000
182,scouts,6,3.7276,-4.0163,3.0000
182,scouts,7,5.2276,-5.5163,3.0000
182,scouts,8,-2.7862,4.2839,3.0000
182,scouts,9,-4.2862,5.7839,3.0000
182,scouts,10,-5.7862,4.2839,3.0000
182,scouts,11,-4.2862,2.7839,3.0000
182,scouts,12,5.7858,4.2853,3.0000
182,scouts,13,4.2858,5.7853,3.0000
182,scouts,14,2.7858,4.2853,3.0000
182,scouts,15,4.2858,2.7853,3.0000
182,workers,0,-4.4060,-1.3444,3.0000
182,workers,1,7.3004,-1.0949,3.0000
182,workers,2,-0.4701,2.0101,3.0000
182,workers,3,4.0402,2.4349,3.0000
183,general,0,0.0000,0.0000,5.0000
183,nodes,0,-5.2365,-3.9729,3.0000
183,nodes,1,5.2375,-3.9736,3.0000
183,nodes,2,-4.2553,4.2530,3.0000
183,nodes,3,4.2548,4.2542,3.0000
183,scouts,0,-3.7280,-4.0098,3.0000
183,scouts,1,-5.2280,-2.5098,3.0000
183,scouts,2,-6.7280,-4.0098,3.0000
183,scouts,3,-5.2280,-5.5098,3.0000
183,scouts,4,6.7289,-4.0106,3.0000
183,scouts,5,5.2289,-2.5106,3.0000
183,scouts,6,3.7289,-4.0106,3.0000
183,scouts,7,5.2289,-5.5106,3.0000
183,scouts,8,-2.7821,4.2798,3.0000
183,scouts,9,-4.2821,5.7798,3.0000
183,scouts,10,-5.7821,4.2798,3.0000
183,scouts,11,-4.2821,2.7798,3.0000
183,scouts,12,5.7816,4.2812,3.0000
183,scouts,13,4.2816,5.7812,3.0000
183,scouts,14,2.7816,4.2812,3.0000
183,scouts,15,4.2816,2.7812,3.0000
183,workers,0,-4.4180,-1.3133,3.0000
183,workers,1,7.3030,-1.0616,3.0000
183,workers,2,-0.4485,1.9846,3.0000
183,workers,3,4.0150,2.4130,3.0000
184,general,0,0.0000,0.0000,5.0000
184,nodes,0,-5.2379,-3.9672,3.0000
184,nodes,1,5.2388,-3.9679,3.0000
184,nodes,2,-4.2512,4.2489,3.0000
184,nodes,3,4.2507,4.2502,3.0000
184,scouts,0,-3.7293,-4.0041,3.0000
184,scouts,1,-5.2293,-2.5041,3.0000
184,scouts,2,-6.7293,-4.0041,3.0000
184,scouts,3,-5.2293,-5.5041,3.0000
184,scouts,4,6.7303,-4.0049,3.0000
184,scouts,5,5.2303,-2.5049,3.0000
184,scouts,6,3.7303,-4.0049,3.0000
184,scouts,7,5.2303,-5.5049,3.0000
184,scouts,8,-2.7780,4.2757,3.0000
184,scouts,9,-4.2780,5.7757,3.0000
184,scouts,10,-5.7780,4.2757,3.0000
184,scouts,11,-4.2780,2.7757,3.0000
184,scouts,12,5.7775,4.2770,3.0000
184,scouts,13,4.2775,5.7770,3.0000
184,scouts,14,2.7775,4.2770,3.0000
184,scouts,15,4.2775,2.7770,3.0000
184,workers,0,-4.4299,-1.2822,3.0000
184,workers,1,7.3055,-1.0284,3.0000
184,workers,2,-0.4270,1.9592,3.0000
184,workers,3,3.9898,2.3912,3.0000
185,general,0,0.0000,0.0000,5.0000
185,nodes,0,-5.2392,-3.9615,3.0000
185,nodes,1,5.2401,-3.9623,3.0000
185,nodes,2,-4.2470,4.2448,3.0000
185,nodes,3,4.2466,4.2462,3.0000
185,scouts,0,-3.7306,-3.9985,3.0000
185,scouts,1,-5.2306,-2.4985,3.0000
185,scouts,2,-6.7306,-3.9985,3.0000
185,scouts,3,-5.2306,-5.4985,3.0000
185,scouts,4,6.7316,-3.9992,3.0000
185,scouts,5,5.2316,-2.4992,3.0000
185,scouts,6,3.7316,-3.9992,3.0000
185,scouts,7,5.2316,-5.4992,3.0000
185,scouts,8,-2.7738,4.2715,3.0000
185,scouts,9,-4.2738,5.7715,3.0000
185,scouts,10,-5.7738,4.2715,3.0000
185,scouts,11,-4.2738,2.7715,3.0000
185,scouts,12,5.7734,4.2729,3.0000
185,scouts,13,4.2734,5.7729,3.0000
185,scouts,14,2.7734,4.2729,3.0000
185,scouts,15,4.2734,2.7729,3.0000
185,workers,0,-4.4419,-1.2511,3.0000
185,workers,1,7.3081,-0.9952,3.0000
185,workers,2,-0.4055,1.9337,3.0000
185,workers,3,3.9646,2.3694,3.0000
186,general,0,0.0000,0.0000,5.0000
186,nodes,0,-5.2405,-3.9558,3.0000
186,nodes,1,5.2414,-3.9566,3.0000
186,nodes,2,-4.2428,4.2406,3.0000
186,nodes,3,4.2424,4.2421,3.0000
186,scouts,0,-3.7319,-3.9928,3.0000
186,scouts,1,-5.2319,-2.4928,3.0000
186,scouts,2,-6.7319,-3.9928,3.0000
186,scouts,3,-5.2319,-5.4928,3.0000
186,scouts,4,6.7329,-3.9936,3.0000
186,scouts,5,5.2329,-2.4936,3.0000
186,scouts,6,3.7329,-3.9936,3.0000
186,scouts,7,5.2329,-5.4936,3.0000
186,scouts,8,-2.7697,4.2674,3.0000
186,scouts,9,-4.2697,5.7674,3.0000
186,scouts,10,-5.7697,4.2674,3.0000
186,scouts,11,-4.2697,2.7674,3.0000
186,scouts,12,5.7693,4.2688,3.0000
186,scouts,13,4.2693,5.7688,3.0000
186,scouts,14,2.7693,4.2688,3.0000
186,scouts,15,4.2693,2.7688,3.0000
186,workers,0,-4.4539,-1.2200,3.0000
186,workers,1,7.3106,-0.9619,3.0000
186,workers,2,-0.3839,1.9083,3.0000
186,workers,3,3.9395,2.3475,3.0000
187,general,0,0.0000,0.0000,5.0000
187,nodes,0,-5.2417,-3.9501,3.0000
187,nodes,1,5.2427,-3.9510,3.0000
187,nodes,2,-4.2386,4.2365,3.0000
187,nodes,3,4.2382,4.2380,3.0000
187,scouts,0,-3.7332,-3.9871,3.0000
187,scouts,1,-5.2332,-2.4871,3.0000
187,scouts,2,-6.7332,-3.9871,3.0000
187,scouts,3,-5.2332,-5.4871,3.0000
187,scouts,4,6.7342,-3.9879,3.0000
187,scouts,5,5.2342,-2.4879,3.0000
187,scouts,6,3.7342,-3.9879,3.0000
187,scouts,7,5.2342,-5.4879,3.0000
187,scouts,8,-2.7656,4.2633,3.0000
187,scouts,9,-4.2656,5.7633,3.0000
187,scouts,10,-5.7656,4.2633,3.0000
187,scouts,11,-4.2656,2.7633,3.0000
187,scouts,12,5.7651,4.2647,3.0000
187,scouts,13,4.2651,5.7647,3.0000
187,scouts,14,2.7651,4.2647,3.0000
187,scouts,15,4.2651,2.7647,3.0000
187,workers,0,-4.4658,-1.1888,3.0000
187,workers,1,7.3132,-0.9287,3.0000
187,workers,2,-0.3624,1.8828,3.0000
187,workers,3,3.9143,2.3257,3.0000
188,general,0,0.0000,0.0000,5.0000
188,nodes,0,-5.2430,-3.9443,3.0000
188,nodes,1,5.2440,-3.9453,3.0000
188,nodes,2,-4.2345,4.2324,3.0000
188,nodes,3,4.2341,4.2338,3.0000
188,scouts,0,-3.7346,-3.9814,3.0000
188,scouts,1,-5.2346,-2.4814,3.0000
188,scouts,2,-6.7346,-3.9814,3.0000
188,scouts,3,-5.2346,-5.4814,3.0000
188,scouts,4,6.7355,-3.9822,3.0000
188,scouts,5,5.2355,-2.4822,3.0000
188,scouts,6,3.7355,-3.9822,3.0000
188,scouts,7,5.2355,-5.4822,3.0000
188,scouts,8,-2.7614,4.2592,3.0000
188,scouts,9,-4.2614,5.7592,3.0000
188,scouts,10,-5.7614,4.2592,3.0000
188,scouts,11,-4.2614,2.7592,3.0000
188,scouts,12,5.7610,4.2606,3.0000
188,scouts,13,4.2610,5.7606,3.0000
188,scouts,14,2.7610,4.2606,3.0000
188,scouts,15,4.2610,2.7606,3.0000
188,workers,0,-4.4778,-1.1577,3.0000
188,workers,1,7.3157,-0.8955,3.0000
188,workers,2,-0.3409,1.8574,3.0000
188,workers,3,3.8891,2.3039,3.0000
189,general,0,0.0000,0.0000,5.0000
189,nodes,0,-5.2443,-3.9386,3.0000
189,nodes,1,5.2454,-3.9396,3.0000
189,nodes,2,-4.2304,4.2282,3.0000
189,nodes,3,4.2299,4.2298,3.0000
189,scouts,0,-3.7358,-3.9757,3.0000
189,scouts,1,-5.2358,-2.4757,3.0000
189,scouts,2,-6.7358,-3.9757,3.0000
189,scouts,3,-5.2358,-5.4757,3.0000
189,scouts,4,6.7368,-3.9765,3.0000
189,scouts,5,5.2368,-2.4765,3.0000
189,scouts,6,3.7368,-3.9765,3.0000
189,scouts,7,5.2368,-5.4765,3.0000
189,scouts,8,-2.7573,4.2551,3.0000
189,scouts,9,-4.2573,5.7551,3.0000
189,scouts,10,-5.7573,4.2551,3.0000
189,scouts,11,-4.2573,2.7551,3.0000
189,scouts,12,5.7568,4.2565,3.0000
189,scouts,13,4.2568,5.7565,3.0000
189,scouts,14,2.7568,4.2565,3.0000
189,scouts,15,4.2568,2.7565,3.0000
189,workers,0,-4.4898,-1.1266,3.0000
189,workers,1,7.3183,-0.8622,3.0000
189,workers,2,-0.3193,1.8319,3.0000
189,workers,3,3.8639,2.2820,3.0000
190,general,0,0.0000,0.0000,5.0000
190,nodes,0,-5.2455,-3.9329,3.0000
190,nodes,1,5.2467,-3.9340,3.0000
190,nodes,2,-4.2263,4.2241,3.0000
190,nodes,3,4.2257,4.2257,3.0000
190,scouts,0,-3.7371,-3.9700,3.0000
190,scouts,1,-5.2371,-2.4700,3.0000
190,scouts,2,-6.7371,-3.9700,3.0000
190,scouts,3,-5.2371,-5.4700,3.0000
190,scouts,4,6.7381,-3.9709,3.0000
190,scouts,5,5.2381,-2.4709,3.0000
190,scouts,6,3.7381,-3.9709,3.0000
190,scouts,7,5.2381,-5.4709,3.0000
190,scouts,8,-2.7532,4.2509,3.0000
190,scouts,9,-4.2532,5.7509,3.0000
190,scouts,10,-5.7532,4.2509,3.0000
190,scouts,11,-4.2532,2.7509,3.0000
190,scouts,12,5.7527,4.2524,3.0000
190,scouts,13,4.2527,5.7524,3.0000
190,scouts,14,2.7527,4.2524,3.0000
190,scouts,15,4.2527,2.7524,3.0000
190,workers,0,-4.5017,-1.0955,3.0000
190,workers,1,7.3208,-0.8290,3.0000
190,workers,2,-0.2978,1.8065,3.0000
190,workers,3,3.8387,2.2602,3.0000
191,general,0,0.0000,0.0000,5.0000
191,nodes,0,-5.2468,-3.9272,3.0000
191,nodes,1,5.2481,-3.9282,3.0000
191,nodes,2,-4.2221,4.2199,3.0000
191,nodes,3,4.2215,4.2216,3.0000
191,scouts,0,-3.7384,-3.9643,3.0000
191,scouts,1,-5.2384,-2.4643,3.0000
191,scouts,2,-6.7384,-3.9643,3.0000
191,scouts,3,-5.2384,-5.4643,3.0000
191,scouts,4,6.7395,-3.9652,3.0000
191,scouts,5,5.2395,-2.4652,3.0000
191,scouts,6,3.7395,-3.9652,3.0000
191,scouts,7,5.2395,-5.4652,3.0000
191,scouts,8,-2.7490,4.2468,3.0000
191,scouts,9,-4.2490,5.7468,3.0000
191,scouts,10,-5.7490,4.2468,3.0000
191,scouts,11,-4.2490,2.7468,3.0000
191,scouts,12,5.7485,4.2483,3.0000
191,scouts,13,4.2485,5.7483,3.0000
191,scouts,14,2.7485,4.2483,3.0000
191,scouts,15,4.2485,2.7483,3.0000
191,workers,0,-4.5137,-1.0644,3.0000
191,workers,1,7.3234,-0.7958,3.0000
191,workers,2,-0.2763,1.7811,3.0000
191,workers,3,3.8135,2.2384,3.0000
192,general,0,0.0000,0.0000,5.0000
192,nodes,0,-5.2481,-3.9215,3.0000
192,nodes,1,5.2494,-3.9225,3.0000
192,nodes,2,-4.2180,4.2158,3.0000
192,nodes,3,4.2174,4.2174,3.0000
192,scouts,0,-3.7397,-3.9586,3.0000
192,scouts,1,-5.2397,-2.4586,3.0000
192,scouts,2,-6.7397,-3.9586,3.0000
192,scouts,3,-5.2397,-5.4586,3.0000
192,scouts,4,6.7408,-3.9595,3.0000
192,scouts,5,5.2408,-2.4595,3.0000
192,scouts,6,3.7408,-3.9595,3.0000
192,scouts,7,5.2408,-5.4595,3.0000
192,scouts,8,-2.7449,4.2427,3.0000
192,scouts,9,-4.2449,5.7427,3.0000
192,scouts,10,-5.7449,4.2427,3.0000
192,scouts,11,-4.2449,2.7427,3.0000
192,scouts,12,5.7444,4.2442,3.0000
192,scouts,13,4.2444,5.7442,3.0000
192,scouts,14,2.7444,4.2442,3.0000
192,scouts,15,4.2444,2.7442,3.0000
192,workers,0,-4.5257,-1.0333,3.0000
192,workers,1,7.3260,-0.7625,3.0000
192,workers,2,-0.2547,1.7556,3.0000
192,workers,3,3.7883,2.2165,3.0000
193,general,0,0.0000,0.0000,5.0000
193,nodes,0,-5.2493,-3.9158,3.0000
193,nodes,1,5.2507,-3.9168,3.0000
193,nodes,2,-4.2139,4.2117,3.0000
193,nodes,3,4.2133,4.2133,3.0000
193,scouts,0,-3.7410,-3.9529,3.0000
193,scouts,1,-5.2410,-2.4529,3.0000
193,scouts,2,-6.7410,-3.9529,3.0000
193,scouts,3,-5.2410,-5.4529,3.0000
193,scouts,4,6.7421,-3.9538,3.0000
193,scouts,5,5.2421,-2.4538,3.0000
193,scouts,6,3.7421,-3.9538,3.0000
193,scouts,7,5.2421,-5.4538,3.0000
193,scouts,8,-2.7407,4.2385,3.0000
193,scouts,9,-4.2407,5.7385,3.0000
193,scouts,10,-5.7407,4.2385,3.0000
193,scouts,11,-4.2407,2.7385,3.0000
193,scouts,12,5.7402,4.2400,3.0000
193,scouts,13,4.2402,5.7400,3.0000
193,scouts,14,2.7402,4.2400,3.0000
193,scouts,15,4.2402,2.7400,3.0000
193,workers,0,-4.5376,-1.0022,3.0000
193,workers,1,7.3285,-0.7293,3.0000
193,workers,2,-0.2332,1.7302,3.0000
193,workers,3,3.7631,2.1947,3.0000
194,general,0,0.0000,0.0000,5.0000
194,nodes,0,-5.2506,-3.9101,3.0000
194,nodes,1,5.2520,-3.9111,3.0000
194,nodes,2,-4.2097,4.2076,3.0000
194,nodes,3,4.2092,4.2092,3.0000
194,scouts,0,-3.7423,-3.9472,3.0000
194,scouts,1,-5.2423,-2.4472,3.0000
194,scouts,2,-6.7423,-3.9472,3.0000
194,scouts,3,-5.2423,-5.4472,3.0000
194,scouts,4,6.7434,-3.9481,3.0000
194,scouts,5,5.2434,-2.4481,3.0000
194,scouts,6,3.7434,-3.9481,3.0000
194,scouts,7,5.2434,-5.4481,3.0000
194,scouts,8,-2.7366,4.2344,3.0000
194,scouts,9,-4.2366,5.7344,3.0000
194,scouts,10,-5.7366,4.2344,3.0000
194,scouts,11,-4.2366,2.7344,3.0000
194,scouts,12,5.7361,4.2359,3.0000
194,scouts,13,4.2361,5.7359,3.0000
194,scouts,14,2.7361,4.2359,3.0000
194,scouts,15,4.2361,2.7359,3.0000
194,workers,0,-4.5496,-0.9711,3.0000
194,workers,1,7.3311,-0.6960,3.0000
194,workers,2,-0.2117,1.7047,3.0000
194,workers,3,3.7379,2.1729,3.0000
195,general,0,0.0000,0.0000,5.0000
195,nodes,0,-5.2519,-3.9044,3.0000
195,nodes,1,5.2533,-3.9054,3.0000
195,nodes,2,-4.2057,4.2034,3.0000
195,nodes,3,4.2051,4.2050,3.0000
195,scouts,0,-3.7436,-3.9415,3.0000
195,scouts,1,-5.2436,-2.4415,3.0000
195,scouts,2,-6.7436,-3.9415,3.0000
195,scouts,3,-5.2436,-5.4415,3.0000
195,scouts,4,6.7447,-3.9424,3.0000
195,scouts,5,5.2447,-2.4424,3.0000
195,scouts,6,3.7447,-3.9424,3.0000
195,scouts,7,5.2447,-5.4424,3.0000
195,scouts,8,-2.7325,4.2303,3.0000
195,scouts,9,-4.2325,5.7303,3.0000
195,scouts,10,-5.7325,4.2303,3.0000
195,scouts,11,-4.2325,2.7303,3.0000
195,scouts,12,5.7320,4.2318,3.0000
195,scouts,13,4.2320,5.7318,3.0000
195,scouts,14,2.7320,4.2318,3.0000
195,scouts,15,4.2320,2.7318,3.0000
195,workers,0,-4.5616,-0.9399,3.0000
195,workers,1,7.3336,-0.6628,3.0000
195,workers,2,-0.1902,1.6793,3.0000
195,workers,3,3.7128,2.1511,3.0000
196,general,0,0.0000,0.0000,5.0000
196,nodes,0,-5.2532,-3.8987,3.0000
196,nodes,1,5.2546,-3.8997,3.0000
196,nodes,2,-4.2016,4.1993,3.0000
196,nodes,3,4.2009,4.2009,3.0000
196,scouts,0,-3.7448,-3.9358,3.0000
196,scouts,1,-5.2448,-2.4358,3.0000
196,scouts,2,-6.7448,-3.9358,3.0000
196,scouts,3,-5.2448,-5.4358,3.0000
196,scouts,4,6.7461,-3.9367,3.0000
196,scouts,5,5.2461,-2.4367,3.0000
196,scouts,6,3.7461,-3.9367,3.0000
196,scouts,7,5.2461,-5.4367,3.0000
196,scouts,8,-2.7284,4.2261,3.0000
196,scouts,9,-4.2284,5.7261,3.0000
196,scouts,10,-5.7284,4.2261,3.0000
196,scouts,11,-4.2284,2.7261,3.0000
196,scouts,12,5.7278,4.2277,3.0000
196,scouts,13,4.2278,5.7277,3.0000
196,scouts,14,2.7278,4.2277,3.0000
196,scouts,15,4.2278,2.7277,3.0000
196,workers,0,-4.5735,-0.9088,3.0000
196,workers,1,7.3362,-0.6296,3.0000
196,workers,2,-0.1686,1.6538,3.0000
196,workers,3,3.6876,2.1292,3.0000
197,general,0,0.0000,0.0000,5.0000
197,nodes,0,-5.2545,-3.8930,3.0000
197,nodes,1,5.2559,-3.8940,3.0000
197,nodes,2,-4.1975,4.1951,3.0000
197,nodes,3,4.1967,4.1968,3.0000
197,scouts,0,-3.7461,-3.9301,3.0000
197,scouts,1,-5.2461,-2.4301,3.0000
197,scouts,2,-6.7461,-3.9301,3.0000
197,scouts,3,-5.2461,-5.4301,3.0000
197,scouts,4,6.7474,-3.9310,3.0000
197,scouts,5,5.2474,-2.4310,3.0000
197,scouts,6,3.7474,-3.9310,3.0000
197,scouts,7,5.2474,-5.4310,3.0000
197,scouts,8,-2.7243,4.2220,3.0000
197,scouts,9,-4.2243,5.7220,3.0000
197,scouts,10,-5.7243,4.2220,3.0000
197,scouts,11,-4.2243,2.7220,3.0000
197,scouts,12,5.7237,4.2236,3.0000
197,scouts,13,4.2237,5.7236,3.0000
197,scouts,14,2.7237,4.2236,3.0000
197,scouts,15,4.2237,2.7236,3.0000
197,workers,0,-4.5855,-0.8777,3.0000
197,workers,1,7.3387,-0.5963,3.0000
197,workers,2,-0.1471,1.6284,3.0000
197,workers,3,3.6624,2.1074,3.0000
198,general,0,0.0000,0.0000,5.0000
198,nodes,0,-5.2558,-3.8874,3.0000
198,nodes,1,5.2572,-3.8883,3.0000
198,nodes,2,-4.1934,4.1909,3.0000
198,nodes,3,4.1926,4.1926,3.0000
198,scouts,0,-3.7474,-3.9244,3.0000
198,scouts,1,-5.2474,-2.4244,3.0000
198,scouts,2,-6.7474,-3.9244,3.0000
198,scouts,3,-5.2474,-5.4244,3.0000
198,scouts,4,6.7487,-3.9253,3.0000
198,scouts,5,5.2487,-2.4253,3.0000
198,scouts,6,3.7487,-3.9253,3.0000
198,scouts,7,5.2487,-5.4253,3.0000
198,scouts,8,-2.7201,4.2179,3.0000
198,scouts,9,-4.2201,5.7179,3.0000
198,scouts,10,-5.7201,4.2179,3.0000
198,scouts,11,-4.2201,2.7179,3.0000
198,scouts,12,5.7195,4.2194,3.0000
198,scouts,13,4.2195,5.7194,3.0000
198,scouts,14,2.7195,4.2194,3.0000
198,scouts,15,4.2195,2.7194,3.0000
198,workers,0,-4.5975,-0.8466,3.0000
198,workers,1,7.3413,-0.5631,3.0000
198,workers,2,-0.1256,1.6029,3.0000
198,workers,3,3.6372,2.0856,3.0000
199,general,0,0.0000,0.0000,5.0000
199,nodes,0,-5.2571,-3.8817,3.0000
199,nodes,1,5.2585,-3.8825,3.0000
199,nodes,2,-4.1893,4.1867,3.0000
199,nodes,3,4.1885,4.1885,3.0000
199,scouts,0,-3.7487,-3.9187,3.0000
199,scouts,1,-5.2487,-2.4187,3.0000
199,scouts,2,-6.7487,-3.9187,3.0000
199,scouts,3,-5.2487,-5.4187,3.0000
199,scouts,4,6.7500,-3.9196,3.0000
199,scouts,5,5.2500,-2.4196,3.0000
199,scouts,6,3.7500,-3.9196,3.0000
199,scouts,7,5.2500,-5.4196,3.0000
199,scouts,8,-2.7160,4.2137,3.0000
199,scouts,9,-4.2160,5.7137,3.0000
199,scouts,10,-5.7160,4.2137,3.0000
199,scouts,11,-4.2160,2.7137,3.0000
199,scouts,12,5.7154,4.2153,3.0000
199,scouts,13,4.2154,5.7153,3.0000
199,scouts,14,2.7154,4.2153,3.0000
199,scouts,15,4.2154,2.7153,3.0000
199,workers,0,-4.6094,-0.8155,3.0000
199,workers,1,7.3439,-0.5299,3.0000
199,workers,2,-0.1040,1.5775,3.0000
199,workers,3,3.6120,2.0637,3.0000
200,general,0,0.0000,0.0000,5.0000
200,nodes,0,-5.2585,-3.8760,3.0000
200,nodes,1,5.2598,-3.8769,3.0000
200,nodes,2,-4.1852,4.1826,3.0000
200,nodes,3,4.1844,4.1844,3.0000
200,scouts,0,-3.7500,-3.9130,3.0000
200,scouts,1,-5.2500,-2.4130,3.0000
200,scouts,2,-6.7500,-3.9130,3.0000
200,scouts,3,-5.2500,-5.4130,3.0000
200,scouts,4,6.7513,-3.9139,3.0000
200,scouts,5,5.2513,-2.4139,3.0000
200,scouts,6,3.7513,-3.9139,3.0000
200,scouts,7,5.2513,-5.4139,3.0000
200,scouts,8,-2.7119,4.2096,3.0000
200,scouts,9,-4.2119,5.7096,3.0000
200,scouts,10,-5.7119,4.2096,3.0000
200,scouts,11,-4.2119,2.7096,3.0000
200,scouts,12,5.7113,4.2112,3.0000
200,scouts,13,4.2113,5.7112,3.0000
200,scouts,14,2.7113,4.2112,3.0000
200,scouts,15,4.2113,2.7112,3.0000
200,workers,0,-4.6214,-0.7844,3.0000
200,workers,1,7.3464,-0.4966,3.0000
200,workers,2,-0.0825,1.5520,3.0000
200,workers,3,3.5868,2.0419,3.0000
201,general,0,0.0000,0.0000,5.0000
201,nodes,0,-5.2597,-3.8703,3.0000
201,nodes,1,5.2612,-3.8712,3.0000
201,nodes,2,-4.1811,4.1784,3.0000
201,nodes,3,4.1802,4.1802,3.0000
201,scouts,0,-3.7513,-3.9073,3.0000
201,scouts,1,-5.2513,-2.4073,3.0000
201,scouts,2,-6.7513,-3.9073,3.0000
201,scouts,3,-5.2513,-5.4073,3.0000
201,scouts,4,6.7526,-3.9082,3.0000
201,scouts,5,5.2526,-2.4082,3.0000
201,scouts,6,3.7526,-3.9082,3.0000
201,scouts,7,5.2526,-5.4082,3.0000
201,scouts,8,-2.7078,4.2054,3.0000
201,scouts,9,-4.2078,5.7054,3.0000
201,scouts,10,-5.7078,4.2054,3.0000
201,scouts,11,-4.2078,2.7054,3.0000
201,scouts,12,5.7071,4.2071,3.0000
201,scouts,13,4.2071,5.7071,3.0000
201,scouts,14,2.7071,4.2071,3.0000
201,scouts,15,4.2071,2.7071,3.0000
201,workers,0,-4.6334,-0.7533,3.0000
201,workers,1,7.3490,-0.4634,3.0000
201,workers,2,-0.0610,1.5266,3.0000
201,workers,3,3.5616,2.0201,3.0000
202,general,0,0.0000,0.0000,5.0000
202,nodes,0,-5.2611,-3.8647,3.0000
202,nodes,1,5.2625,-3.8655,3.0000
202,nodes,2,-4.1770,4.1743,3.0000
202,nodes,3,4.1761,4.1761,3.0000
202,scouts,0,-3.7526,-3.9016,3.0000
202,scouts,1,-5.2526,-2.4016,3.0000
202,scouts,2,-6.7526,-3.9016,3.0000
202,scouts,3,-5.2526,-5.4016,3.0000
202,scouts,4,6.7539,-3.9025,3.0000
202,scouts,5,5.2539,-2.4025,3.0000
202,scouts,6,3.7539,-3.9025,3.0000
202,scouts,7,5.2539,-5.4025,3.0000
202,scouts,8,-2.7037,4.2013,3.0000
202,scouts,9,-4.2037,5.7013,3.0000
202,scouts,10,-5.7037,4.2013,3.0000
202,scouts,11,-4.2037,2.7013,3.0000
202,scouts,12,5.7030,4.2029,3.0000
202,scouts,13,4.2030,5.7029,3.0000
202,scouts,14,2.7030,4.2029,3.0000
202,scouts,15,4.2030,2.7029,3.0000
202,workers,0,-4.6453,-0.7222,3.0000
202,workers,1,7.3515,-0.4302,3.0000
202,workers,2,-0.0394,1.5011,3.0000
202,workers,3,3.5364,1.9982,3.0000
203,general,0,0.0000,0.0000,5.0000
203,nodes,0,-5.2624,-3.8590,3.0000
203,nodes,1,5.2638,-3.8598,3.0000
203,nodes,2,-4.1730,4.1701,3.0000
203,nodes,3,4.1720,4.1719,3.0000
203,scouts,0,-3.7539,-3.8959,3.0000
203,scouts,1,-5.2539,-2.3959,3.0000
203,scouts,2,-6.7539,-3.8959,3.0000
203,scouts,3,-5.2539,-5.3959,3.0000
203,scouts,4,6.7552,-3.8968,3.0000
203,scouts,5,5.2552,-2.3968,3.0000
203,scouts,6,3.7552,-3.8968,3.0000
203,scouts,7,5.2552,-5.3968,3.0000
203,scouts,8,-2.6996,4.1971,3.0000
203,scouts,9,-4.1996,5.6971,3.0000
203,scouts,10,-5.6996,4.1971,3.0000
203,scouts,11,-4.1996,2.6971,3.0000
203,scouts,12,5.6988,4.1988,3.0000
203,scouts,13,4.1988,5.6988,3.0000
203,scouts,14,2.6988,4.1988,3.0000
203,scouts,15,4.1988,2.6988,3.0000
203,workers,0,-4.6573,-0.6911,3.0000
203,workers,1,7.3541,-0.3969,3.0000
203,workers,2,-0.0179,1.4757,3.0000
203,workers,3,3.5112,1.9764,3.0000
204,general,0,0.0000,0.0000,5.0000
204,nodes,0,-5.2637,-3.8533,3.0000
204,nodes,1,5.2652,-3.8540,3.0000
204,nodes,2,-4.1688,4.1659,3.0000
204,nodes,3,4.1679,4.1677,3.0000
204,scouts,0,-3.7552,-3.8903,3.0000
204,scouts,1,-5.2552,-2.3903,3.0000
204,scouts,2,-6.7552,-3.8903,3.0000
204,scouts,3,-5.2552,-5.3903,3.0000
204,scouts,4,6.7566,-3.8911,3.0000
204,scouts,5,5.2566,-2.3911,3.0000
204,scouts,6,3.7566,-3.8911,3.0000
204,scouts,7,5.2566,-5.3911,3.0000
204,scouts,8,-2.6955,4.1929,3.0000
204,scouts,9,-4.1955,5.6929,3.0000
204,scouts,10,-5.6955,4.1929,3.0000
204,scouts,11,-4.1955,2.6929,3.0000
204,scouts,12,5.6947,4.1946,3.0000
204,scouts,13,4.1947,5.6946,3.0000
204,scouts,14,2.6947,4.1946,3.0000
204,scouts,15,4.1947,2.6946,3.0000
204,workers,0,-4.6693,-0.6599,3.0000
204,workers,1,7.3566,-0.3637,3.0000
204,workers,2,0.0036,1.4503,3.0000
204,workers,3,3.4860,1.9546,3.0000
205,general,0,0.0000,0.0000,5.0000
205,nodes,0,-5.2651,-3.8477,3.0000
205,nodes,1,5.2665,-3.8484,3.0000
205,nodes,2,-4.1646,4.1618,3.0000
205,nodes,3,4.1637,4.1635,3.0000
205,scouts,0,-3.7565,-3.8846,3.0000
205,scouts,1,-5.2565,-2.3846,3.0000
205,scouts,2,-6.7565,-3.8846,3.0000
205,scouts,3,-5.2565,-5.3846,3.0000
205,scouts,4,6.7579,-3.8854,3.0000
205,scouts,5,5.2579,-2.3854,3.0000
205,scouts,6,3.7579,-3.8854,3.0000
205,scouts,7,5.2579,-5.3854,3.0000
205,scouts,8,-2.6914,4.1888,3.0000
205,scouts,9,-4.1914,5.6888,3.0000
205,scouts,10,-5.6914,4.1888,3.0000
205,scouts,11,-4.1914,2.6888,3.0000
205,scouts,12,5.6906,4.1905,3.0000
205,scouts,13,4.1906,5.6905,3.0000
205,scouts,14,2.6906,4.1905,3.0000
205,scouts,15,4.1906,2.6905,3.0000
205,workers,0,-4.6812,-0.6288,3.0000
205,workers,1,7.3592,-0.3305,3.0000
205,workers,2,0.0252,1.4248,3.0000
205,workers,3,3.4609,1.9327,3.0000
206,general,0,0.0000,0.0000,5.0000
206,nodes,0,-5.2664,-3.8420,3.0000
206,nodes,1,5.2678,-3.8427,3.0000
206,nodes,2,-4.1605,4.1577,3.0000
206,nodes,3,4.1595,4.1594,3.0000
206,scouts,0,-3.7579,-3.8789,3.0000
206,scouts,1,-5.2579,-2.3789,3.0000
206,scouts,2,-6.7579,-3.8789,3.0000
206,scouts,3,-5.2579,-5.3789,3.0000
206,scouts,4,6.7592,-3.8797,3.0000
206,scouts,5,5.2592,-2.3797,3.0000
206,scouts,6,3.7592,-3.8797,3.0000
206,scouts,7,5.2592,-5.3797,3.0000
206,scouts,8,-2.6873,4.1846,3.0000
206,scouts,9,-4.1873,5.6846,3.0000
206,scouts,10,-5.6873,4.1846,3.0000
206,scouts,11,-4.1873,2.6846,3.0000
206,scouts,12,5.6864,4.1863,3.0000
206,scouts,13,4.1864,5.6863,3.0000
206,scouts,14,2.6864,4.1863,3.0000
206,scouts,15,4.1864,2.6863,3.0000
206,workers,0,-4.6932,-0.5977,3.0000
206,workers,1,7.3618,-0.2972,3.0000
206,workers,2,0.0467,1.3994,3.0000
206,workers,3,3.4357,1.9109,3.0000
207,general,0,0.0000,0.0000,5.0000
207,nodes,0,-5.2678,-3.8365,3.0000
207,nodes,1,5.2692,-3.8370,3.0000
207,nodes,2,-4.1564,4.1535,3.0000
207,nodes,3,4.1554,4.1553,3.0000
207,scouts,0,-3.7592,-3.8733,3.0000
207,scouts,1,-5.2592,-2.3733,3.0000
207,scouts,2,-6.7592,-3.8733,3.0000
207,scouts,3,-5.2592,-5.3733,3.0000
207,scouts,4,6.7605,-3.8740,3.0000
207,scouts,5,5.2605,-2.3740,3.0000
207,scouts,6,3.7605,-3.8740,3.0000
207,scouts,7,5.2605,-5.3740,3.0000
207,scouts,8,-2.6831,4.1805,3.0000
207,scouts,9,-4.1831,5.6805,3.0000
207,scouts,10,-5.6831,4.1805,3.0000
207,scouts,11,-4.1831,2.6805,3.0000
207,scouts,12,5.6823,4.1822,3.0000
207,scouts,13,4.1823,5.6822,3.0000
207,scouts,14,2.6823,4.1822,3.0000
207,scouts,15,4.1823,2.6822,3.0000
207,workers,0,-4.7052,-0.5666,3.0000
207,workers,1,7.3643,-0.2640,3.0000
207,workers,2,0.0682,1.3739,3.0000
207,workers,3,3.4105,1.8891,3.0000
208,general,0,0.0000,0.0000,5.0000
208,nodes,0,-5.2691,-3.8308,3.0000
208,nodes,1,5.2705,-3.8314,3.0000
208,nodes,2,-4.1522,4.1493,3.0000
208,nodes,3,4.1513,4.1511,3.0000
208,scouts,0,-3.7605,-3.8676,3.0000
208,scouts,1,-5.2605,-2.3676,3.0000
208,scouts,2,-6.7605,-3.8676,3.0000
208,scouts,3,-5.2605,-5.3676,3.0000
208,scouts,4,6.7619,-3.8683,3.0000
208,scouts,5,5.2619,-2.3683,3.0000
208,scouts,6,3.7619,-3.8683,3.0000
208,scouts,7,5.2619,-5.3683,3.0000
208,scouts,8,-2.6790,4.1763,3.0000
208,scouts,9,-4.1790,5.6763,3.0000
208,scouts,10,-5.6790,4.1763,3.0000
208,scouts,11,-4.1790,2.6763,3.0000
208,scouts,12,5.6782,4.1781,3.0000
208,scouts,13,4.1782,5.6781,3.0000
208,scouts,14,2.6782,4.1781,3.0000
208,scouts,15,4.1782,2.6781,3.0000
208,workers,0,-4.7171,-0.5355,3.0000
208,workers,1,7.3669,-0.2308,3.0000
208,workers,2,0.0898,1.3485,3.0000
208,workers,3,3.3853,1.8672,3.0000
209,general,0,0.0000,0.0000,5.0000
209,nodes,0,-5.2704,-3.8251,3.0000
209,nodes,1,5.2718,-3.8257,3.0000
209,nodes,2,-4.1480,4.1452,3.0000
209,nodes,3,4.1471,4.1470,3.0000
209,scouts,0,-3.7618,-3.8619,3.0000
209,scouts,1,-5.2618,-2.3619,3.0000
209,scouts,2,-6.7618,-3.8619,3.0000
209,scouts,3,-5.2618,-5.3619,3.0000
209,scouts,4,6.7632,-3.8627,3.0000
209,scouts,5,5.2632,-2.3627,3.0000
209,scouts,6,3.7632,-3.8627,3.0000
209,scouts,7,5.2632,-5.3627,3.0000
209,scouts,8,-2.6749,4.1722,3.0000
209,scouts,9,-4.1749,5.6722,3.0000
209,scouts,10,-5.6749,4.1722,3.0000
209,scouts,11,-4.1749,2.6722,3.0000
209,scouts,12,5.6740,4.1739,3.0000
209,scouts,13,4.1740,5.6739,3.0000
209,scouts,14,2.6740,4.1739,3.0000
209,scouts,15,4.1740,2.6739,3.0000
209,workers,0,-4.7291,-0.5044,3.0000
209,workers,1,7.3694,-0.1975,3.0000
209,workers,2,0.1113,1.3230,3.0000
209,workers,3,3.3601,1.8454,3.0000
210,general,0,0.0000,0.0000,5.0000
210,nodes,0,-5.2717,-3.8195,3.0000
210,nodes,1,5.2732,-3.8200,3.0000
210,nodes,2,-4.1439,4.1412,3.0000
210,nodes,3,4.1430,4.1428,3.0000
210,scouts,0,-3.7631,-3.8563,3.0000
210,scouts,1,-5.2631,-2.3563,3.0000
210,scouts,2,-6.7631,-3.8563,3.0000
210,scouts,3,-5.2631,-5.3563,3.0000
210,scouts,4,6.7645,-3.8570,3.0000
210,scouts,5,5.2645,-2.3570,3.0000
210,scouts,6,3.7645,-3.8570,3.0000
210,scouts,7,5.2645,-5.3570,3.0000
210,scouts,8,-2.6707,4.1681,3.0000
210,scouts,9,-4.1707,5.6681,3.0000
210,scouts,10,-5.6707,4.1681,3.0000
210,scouts,11,-4.1707,2.6681,3.0000
210,scouts,12,5.6699,4.1698,3.0000
210,scouts,13,4.1699,5.6698,3.0000
210,scouts,14,2.6699,4.1698,3.0000
210,scouts,15,4.1699,2.6698,3.0000
210,workers,0,-4.7410,-0.4733,3.0000
210,workers,1,7.3720,-0.1643,3.0000
210,workers,2,0.1328,1.2976,3.0000
210,workers,3,3.3349,1.8236,3.0000
211,general,0,0.0000,0.0000,5.0000
211,nodes,0,-5.2729,-3.8138,3.0000
211,nodes,1,5.2745,-3.8144,3.0000
211,nodes,2,-4.1397,4.1370,3.0000
211,nodes,3,4.1389,4.1387,3.0000
211,scouts,0,-3.7644,-3.8506,3.0000
211,scouts,1,-5.2644,-2.3506,3.0000
211,scouts,2,-6.7644,-3.8506,3.0000
211,scouts,3,-5.2644,-5.3506,3.0000
211,scouts,4,6.7658,-3.8513,3.0000
211,scouts,5,5.2658,-2.3513,3.0000
211,scouts,6,3.7658,-3.8513,3.0000
211,scouts,7,5.2658,-5.3513,3.0000
211,scouts,8,-2.6666,4.1639,3.0000
211,scouts,9,-4.1666,5.6639,3.0000
211,scouts,10,-5.6666,4.1639,3.0000
211,scouts,11,-4.1666,2.6639,3.0000
211,scouts,12,5.6658,4.1656,3.0000
211,scouts,13,4.1658,5.6656,3.0000
211,scouts,14,2.6658,4.1656,3.0000
211,scouts,15,4.1658,2.6656,3.0000
211,workers,0,-4.7530,-0.4422,3.0000
211,workers,1,7.3745,-0.1311,3.0000
211,workers,2,0.1544,1.2721,3.0000
211,workers,3,3.3097,1.8018,3.0000
212,general,0,0.0000,0.0000,5.0000
212,nodes,0,-5.2742,-3.8082,3.0000
212,nodes,1,5.2758,-3.8087,3.0000
212,nodes,2,-4.1356,4.1329,3.0000
212,nodes,3,4.1348,4.1345,3.0000
212,scouts,0,-3.7657,-3.8449,3.0000
212,scouts,1,-5.2657,-2.3449,3.0000
212,scouts,2,-6.7657,-3.8449,3.0000
212,scouts,3,-5.2657,-5.3449,3.0000
212,scouts,4,6.7672,-3.8456,3.0000
212,scouts,5,5.2672,-2.3456,3.0000
212,scouts,6,3.7672,-3.8456,3.0000
212,scouts,7,5.2672,-5.3456,3.0000
212,scouts,8,-2.6625,4.1598,3.0000
212,scouts,9,-4.1625,5.6598,3.0000
212,scouts,10,-5.6625,4.1598,3.0000
212,scouts,11,-4.1625,2.6598,3.0000
212,scouts,12,5.6616,4.1615,3.0000
212,scouts,13,4.1616,5.6615,3.0000
212,scouts,14,2.6616,4.1615,3.0000
212,scouts,15,4.1616,2.6615,3.0000
212,workers,0,-4.7650,-0.4111,3.0000
212,workers,1,7.3771,-0.0978,3.0000
212,workers,2,0.1759,1.2467,3.0000
212,workers,3,3.2845,1.7799,3.0000
213,general,0,0.0000,0.0000,5.0000
213,nodes,0,-5.2755,-3.8026,3.0000
213,nodes,1,5.2771,-3.8031,3.0000
213,nodes,2,-4.1314,4.1288,3.0000
213,nodes,3,4.1307,4.1304,3.0000
213,scouts,0,-3.7670,-3.8393,3.0000
213,scouts,1,-5.2670,-2.3393,3.0000
213,scouts,2,-6.7670,-3.8393,3.0000
213,scouts,3,-5.2670,-5.3393,3.0000
213,scouts,4,6.7685,-3.8400,3.0000
213,scouts,5,5.2685,-2.3400,3.0000
213,scouts,6,3.7685,-3.8400,3.0000
213,scouts,7,5.2685,-5.3400,3.0000
213,scouts,8,-2.6583,4.1556,3.0000
213,scouts,9,-4.1583,5.6556,3.0000
213,scouts,10,-5.6583,4.1556,3.0000
213,scouts,11,-4.1583,2.6556,3.0000
213,scouts,12,5.6575,4.1573,3.0000
213,scouts,13,4.1575,5.6573,3.0000
213,scouts,14,2.6575,4.1573,3.0000
213,scouts,15,4.1575,2.6573,3.0000
213,workers,0,-4.7769,-0.3799,3.0000
213,workers,1,7.3796,-0.0646,3.0000
213,workers,2,0.1974,1.2212,3.0000
213,workers,3,3.2593,1.7581,3.0000
214,general,0,0.0000,0.0000,5.0000
214,nodes,0,-5.2768,-3.7969,3.0000
214,nodes,1,5.2785,-3.7974,3.0000
214,nodes,2,-4.1273,4.1246,3.0000
214,nodes,3,4.1266,4.1263,3.0000
214,scouts,0,-3.7683,-3.8336,3.0000
214,scouts,1,-5.2683,-2.3336,3.0000
214,scouts,2,-6.7683,-3.8336,3.0000
214,scouts,3,-5.2683,-5.3336,3.0000
214,scouts,4,6.7698,-3.8343,3.0000
214,scouts,5,5.2698,-2.3343,3.0000
214,scouts,6,3.7698,-3.8343,3.0000
214,scouts,7,5.2698,-5.3343,3.0000
214,scouts,8,-2.6542,4.1515,3.0000
214,scouts,9,-4.1542,5.6515,3.0000
214,scouts,10,-5.6542,4.1515,3.0000
214,scouts,11,-4.1542,2.6515,3.0000
214,scouts,12,5.6534,4.1532,3.0000
214,scouts,13,4.1534,5.6532,3.0000
214,scouts,14,2.6534,4.1532,3.0000
214,scouts,15,4.1534,2.6532,3.0000
214,workers,0,-4.7889,-0.3488,3.0000
214,workers,1,7.3822,-0.0313,3.0000
214,workers,2,0.2189,1.1958,3.0000
214,workers,3,3.2341,1.7363,3.0000
215,general,0,0.0000,0.0000,5.0000
215,nodes,0,-5.2781,-3.7912,3.0000
215,nodes,1,5.2798,-3.7917,3.0000
215,nodes,2,-4.1232,4.1205,3.0000
215,nodes,3,4.1225,4.1221,3.0000
215,scouts,0,-3.7696,-3.8280,3.0000
215,scouts,1,-5.2696,-2.3280,3.0000
215,scouts,2,-6.7696,-3.8280,3.0000
215,scouts,3,-5.2696,-5.3280,3.0000
215,scouts,4,6.7712,-3.8286,3.0000
215,scouts,5,5.2712,-2.3286,3.0000
215,scouts,6,3.7712,-3.8286,3.0000
215,scouts,7,5.2712,-5.3286,3.0000
215,scouts,8,-2.6501,4.1474,3.0000
215,scouts,9,-4.1501,5.6474,3.0000
215,scouts,10,-5.6501,4.1474,3.0000
215,scouts,11,-4.1501,2.6474,3.0000
215,scouts,12,5.6493,4.1490,3.0000
215,scouts,13,4.1493,5.6490,3.0000
215,scouts,14,2.6493,4.1490,3.0000
215,scouts,15,4.1493,2.6490,3.0000
215,workers,0,-4.8009,-0.3177,3.0000
215,workers,1,7.3848,0.0019,3.0000
215,workers,2,0.2405,1.1703,3.0000
215,workers,3,3.2090,1.7144,3.0000
216,general,0,0.0000,0.0000,5.0000
216,nodes,0,-5.2794,-3.7856,3.0000
216,nodes,1,5.2812,-3.7860,3.0000
216,nodes,2,-4.1190,4.1164,3.0000
216,nodes,3,4.1183,4.1180,3.0000
216,scouts,0,-3.7710,-3.8223,3.0000
216,scouts,1,-5.2710,-2.3223,3.0000
216,scouts,2,-6.7710,-3.8223,3.0000
216,scouts,3,-5.2710,-5.3223,3.0000
216,scouts,4,6.7725,-3.8229,3.0000
216,scouts,5,5.2725,-2.3229,3.0000
216,scouts,6,3.7725,-3.8229,3.0000
216,scouts,7,5.2725,-5.3229,3.0000
216,scouts,8,-2.6459,4.1432,3.0000
216,scouts,9,-4.1459,5.6432,3.0000
216,scouts,10,-5.6459,4.1432,3.0000
216,scouts,11,-4.1459,2.6432,3.0000
216,scouts,12,5.6451,4.1449,3.0000
216,scouts,13,4.1451,5.6449,3.0000
216,scouts,14,2.6451,4.1449,3.0000
216,scouts,15,4.1451,2.6449,3.0000
216,workers,0,-4.8128,-0.2866,3.0000
216,workers,1,7.3873,0.0351,3.0000
216,workers,2,0.2620,1.1449,3.0000
216,workers,3,3.1838,1.6926,3.0000
217,general,0,0.0000,0.0000,5.0000
217,nodes,0,-5.2808,-3.7799,3.0000
217,nodes,1,5.2825,-3.7803,3.0000
217,nodes,2,-4.1149,4.1123,3.0000
217,nodes,3,4.1142,4.1138,3.0000
217,scouts,0,-3.7723,-3.8167,3.0000
217,scouts,1,-5.2723,-2.3167,3.0000
217,scouts,2,-6.7723,-3.8167,3.0000
217,scouts,3,-5.2723,-5.3167,3.0000
217,scouts,4,6.7738,-3.8172,3.0000
217,scouts,5,5.2738,-2.3172,3.0000
217,scouts,6,3.7738,-3.8172,3.0000
217,scouts,7,5.2738,-5.3172,3.0000
217,scouts,8,-2.6418,4.1391,3.0000
217,scouts,9,-4.1418,5.6391,3.0000
217,scouts,10,-5.6418,4.1391,3.0000
217,scouts,11,-4.1418,2.6391,3.0000
217,scouts,12,5.6410,4.1408,3.0000
217,scouts,13,4.1410,5.6408,3.0000
217,scouts,14,2.6410,4.1408,3.0000
217,scouts,15,4.1410,2.6408,3.0000
217,workers,0,-4.8248,-0.2555,3.0000
217,workers,1,7.3899,0.0684,3.0000
217,workers,2,0.2835,1.1195,3.0000
217,workers,3,3.1586,1.6708,3.0000
218,general,0,0.0000,0.0000,5.0000
218,nodes,0,-5.2821,-3.7743,3.0000
218,nodes,1,5.2838,-3.7746,3.0000
218,nodes,2,-4.1108,4.1081,3.0000
218,nodes,3,4.1101,4.1097,3.0000
218,scouts,0,-3.7736,-3.8110,3.0000
218,scouts,1,-5.2736,-2.3110,3.0000
218,scouts,2,-6.7736,-3.8110,3.0000
218,scouts,3,-5.2736,-5.3110,3.0000
218,scouts,4,6.7752,-3.8116,3.0000
218,scouts,5,5.2752,-2.3116,3.0000
218,scouts,6,3.7752,-3.8116,3.0000
218,scouts,7,5.2752,-5.3116,3.0000
218,scouts,8,-2.6377,4.1350,3.0000
218,scouts,9,-4.1377,5.6350,3.0000
218,scouts,10,-5.6377,4.1350,3.0000
218,scouts,11,-4.1377,2.6350,3.0000
218,scouts,12,5.6369,4.1366,3.0000
218,scouts,13,4.1369,5.6366,3.0000
218,scouts,14,2.6369,4.1366,3.0000
218,scouts,15,4.1369,2.6366,3.0000
218,workers,0,-4.8368,-0.2244,3.0000
218,workers,1,7.3924,0.1016,3.0000
218,workers,2,0.3051,1.0940,3.0000
218,workers,3,3.1334,1.6489,3.0000
219,general,0,0.0000,0.0000,5.0000
219,nodes,0,-5.2835,-3.7686,3.0000
219,nodes,1,5.2851,-3.7689,3.0000
219,nodes,2,-4.1067,4.1040,3.0000
219,nodes,3,4.1059,4.1056,3.0000
219,scouts,0,-3.7749,-3.8054,3.0000
219,scouts,1,-5.2749,-2.3054,3.0000
219,scouts,2,-6.7749,-3.8054,3.0000
219,scouts,3,-5.2749,-5.3054,3.0000
219,scouts,4,6.7765,-3.8059,3.0000
219,scouts,5,5.2765,-2.3059,3.0000
219,scouts,6,3.7765,-3.8059,3.0000
219,scouts,7,5.2765,-5.3059,3.0000
219,scouts,8,-2.6335,4.1309,3.0000
219,scouts,9,-4.1335,5.6309,3.0000
219,scouts,10,-5.6335,4.1309,3.0000
219,scouts,11,-4.1335,2.6309,3.0000
219,scouts,12,5.6328,4.1325,3.0000
219,scouts,13,4.1328,5.6325,3.0000
219,scouts,14,2.6328,4.1325,3.0000
219,scouts,15,4.1328,2.6325,3.0000
219,workers,0,-4.8487,-0.1933,3.0000
219,workers,1,7.3950,0.1348,3.0000
219,workers,2,0.3266,1.0686,3.0000
219,workers,3,3.1082,1.6271,3.0000
220,general,0,0.0000,0.0000,5.0000
220,nodes,0,-5.2848,-3.7629,3.0000
220,nodes,1,5.2864,-3.7633,3.0000
220,nodes,2,-4.1025,4.0998,3.0000
220,nodes,3,4.1018,4.1014,3.0000
220,scouts,0,-3.7762,-3.7997,3.0000
220,scouts,1,-5.2762,-2.2997,3.0000
220,scouts,2,-6.7762,-3.7997,3.0000
220,scouts,3,-5.2762,-5.2997,3.0000
220,scouts,4,6.7778,-3.8002,3.0000
220,scouts,5,5.2778,-2.3002,3.0000
220,scouts,6,3.7778,-3.8002,3.0000
220,scouts,7,5.2778,-5.3002,3.0000
220,scouts,8,-2.6294,4.1267,3.0000
220,scouts,9,-4.1294,5.6267,3.0000
220,scouts,10,-5.6294,4.1267,3.0000
220,scouts,11,-4.1294,2.6267,3.0000
220,scouts,12,5.6286,4.1283,3.0000
220,scouts,13,4.1286,5.6283,3.0000
220,scouts,14,2.6286,4.1283,3.0000
220,scouts,15,4.1286,2.6283,3.0000
220,workers,0,-4.8607,-0.1622,3.0000
220,workers,1,7.3975,0.1681,3.0000
220,workers,2,0.3481,1.0431,3.0000
220,workers,3,3.0830,1.6053,3.0000
221,general,0,0.0000,0.0000,5.0000
221,nodes,0,-5.2862,-3.7573,3.0000
221,nodes,1,5.2878,-3.7575,3.0000
221,nodes,2,-4.0984,4.0957,3.0000
221,nodes,3,4.0977,4.0972,3.0000
221,scouts,0,-3.7776,-3.7940,3.0000
221,scouts,1,-5.2776,-2.2940,3.0000
221,scouts,2,-6.7776,-3.7940,3.0000
221,scouts,3,-5.2776,-5.2940,3.0000
221,scouts,4,6.7791,-3.7945,3.0000
221,scouts,5,5.2791,-2.2945,3.0000
221,scouts,6,3.7791,-3.7945,3.0000
221,scouts,7,5.2791,-5.2945,3.0000
221,scouts,8,-2.6253,4.1226,3.0000
221,scouts,9,-4.1253,5.6226,3.0000
221,scouts,10,-5.6253,4.1226,3.0000
221,scouts,11,-4.1253,2.6226,3.0000
221,scouts,12,5.6245,4.1242,3.0000
221,scouts,13,4.1245,5.6242,3.0000
221,scouts,14,2.6245,4.1242,3.0000
221,scouts,15,4.1245,2.6242,3.0000
221,workers,0,-4.8727,-0.1310,3.0000
221,workers,1,7.4001,0.2013,3.0000
221,workers,2,0.3697,1.0177,3.0000
221,workers,3,3.0578,1.5834,3.0000
222,general,0,0.0000,0.0000,5.0000
222,nodes,0,-5.2875,-3.7517,3.0000
222,nodes,1,5.2890,-3.7518,3.0000
222,nodes,2,-4.0944,4.0917,3.0000
222,nodes,3,4.0936,4.0931,3.0000
222,scouts,0,-3.7789,-3.7884,3.0000
222,scouts,1,-5.2789,-2.2884,3.0000
222,scouts,2,-6.7789,-3.7884,3.0000
222,scouts,3,-5.2789,-5.2884,3.0000
222,scouts,4,6.7805,-3.7888,3.0000
222,scouts,5,5.2805,-2.2888,3.0000
222,scouts,6,3.7805,-3.7888,3.0000
222,scouts,7,5.2805,-5.2888,3.0000
222,scouts,8,-2.6211,4.1185,3.0000
222,scouts,9,-4.1211,5.6185,3.0000
222,scouts,10,-5.6211,4.1185,3.0000
222,scouts,11,-4.1211,2.6185,3.0000
222,scouts,12,5.6204,4.1200,3.0000
222,scouts,13,4.1204,5.6200,3.0000
222,scouts,14,2.6204,4.1200,3.0000
222,scouts,15,4.1204,2.6200,3.0000
222,workers,0,-4.8846,-0.0999,3.0000
222,workers,1,7.4027,0.2345,3.0000
222,workers,2,0.3912,0.9922,3.0000
222,workers,3,3.0326,1.5616,3.0000
223,general,0,0.0000,0.0000,5.0000
223,nodes,0,-5.2888,-3.7460,3.0000
223,nodes,1,5.2903,-3.7462,3.0000
223,nodes,2,-4.0902,4.0876,3.0000
223,nodes,3,4.0895,4.0889,3.0000
223,scouts,0,-3.7802,-3.7827,3.0000
223,scouts,1,-5.2802,-2.2827,3.0000
223,scouts,2,-6.7802,-3.7827,3.0000
223,scouts,3,-5.2802,-5.2827,3.0000
223,scouts,4,6.7818,-3.7831,3.0000
223,scouts,5,5.2818,-2.2831,3.0000
223,scouts,6,3.7818,-3.7831,3.0000
223,scouts,7,5.2818,-5.2831,3.0000
223,scouts,8,-2.6170,4.1143,3.0000
223,scouts,9,-4.1170,5.6143,3.0000
223,scouts,10,-5.6170,4.1143,3.0000
223,scouts,11,-4.1170,2.6143,3.0000
223,scouts,12,5.6163,4.1159,3.0000
223,scouts,13,4.1163,5.6159,3.0000
223,scouts,14,2.6163,4.1159,3.0000
223,scouts,15,4.1163,2.6159,3.0000
223,workers,0,-4.8966,-0.0688,3.0000
223,workers,1,7.4052,0.2678,3.0000
223,workers,2,0.4127,0.9668,3.0000
223,workers,3,3.0074,1.5398,3.0000
224,general,0,0.0000,0.0000,5.0000
224,nodes,0,-5.2902,-3.7403,3.0000
224,nodes,1,5.2917,-3.7405,3.0000
224,nodes,2,-4.0861,4.0834,3.0000
224,nodes,3,4.0854,4.0848,3.0000
224,scouts,0,-3.7815,-3.7771,3.0000
224,scouts,1,-5.2815,-2.2771,3.0000
224,scouts,2,-6.7815,-3.7771,3.0000
224,scouts,3,-5.2815,-5.2771,3.0000
224,scouts,4,6.7831,-3.7774,3.0000
224,scouts,5,5.2831,-2.2774,3.0000
224,scouts,6,3.7831,-3.7774,3.0000
224,scouts,7,5.2831,-5.2774,3.0000
224,scouts,8,-2.6129,4.1102,3.0000
224,scouts,9,-4.1129,5.6102,3.0000
224,scouts,10,-5.6129,4.1102,3.0000
224,scouts,11,-4.1129,2.6102,3.0000
224,scouts,12,5.6121,4.1118,3.0000
224,scouts,13,4.1121,5.6118,3.0000
224,scouts,14,2.6121,4.1118,3.0000
224,scouts,15,4.1121,2.6118,3.0000
224,workers,0,-4.9086,-0.0377,3.0000
224,workers,1,7.4078,0.3010,3.0000
224,workers,2,0.4343,0.9413,3.0000
224,workers,3,2.9823,1.5180,3.0000
225,general,0,0.0000,0.0000,5.0000
225,nodes,0,-5.2915,-3.7346,3.0000
225,nodes,1,5.2930,-3.7348,3.0000
225,nodes,2,-4.0820,4.0792,3.0000
225,nodes,3,4.0813,4.0807,3.0000
225,scouts,0,-3.7829,-3.7714,3.0000
225,scouts,1,-5.2829,-2.2714,3.0000
225,scouts,2,-6.7829,-3.7714,3.0000
225,scouts,3,-5.2829,-5.2714,3.0000
225,scouts,4,6.7844,-3.7718,3.0000
225,scouts,5,5.2844,-2.2718,3.0000
225,scouts,6,3.7844,-3.7718,3.0000
225,scouts,7,5.2844,-5.2718,3.0000
225,scouts,8,-2.6088,4.1061,3.0000
225,scouts,9,-4.1088,5.6061,3.0000
225,scouts,10,-5.6088,4.1061,3.0000
225,scouts,11,-4.1088,2.6061,3.0000
225,scouts,12,5.6080,4.1076,3.0000
225,scouts,13,4.1080,5.6076,3.0000
225,scouts,14,2.6080,4.1076,3.0000
225,scouts,15,4.1080,2.6076,3.0000
225,workers,0,-4.9205,-0.0066,3.0000
225,workers,1,7.4103,0.3342,3.0000
225,workers,2,0.4558,0.9159,3.0000
225,workers,3,2.9571,1.4961,3.0000
226,general,0,0.0000,0.0000,5.0000
226,nodes,0,-5.2927,-3.7290,3.0000
226,nodes,1,5.2942,-3.7291,3.0000
226,nodes,2,-4.0779,4.0751,3.0000
226,nodes,3,4.0771,4.0765,3.0000
226,scouts,0,-3.7842,-3.7658,3.0000
226,scouts,1,-5.2842,-2.2658,3.0000
226,scouts,2,-6.7842,-3.7658,3.0000
226,scouts,3,-5.2842,-5.2658,3.0000
226,scouts,4,6.7857,-3.7661,3.0000
226,scouts,5,5.2857,-2.2661,3.0000
226,scouts,6,3.7857,-3.7661,3.0000
226,scouts,7,5.2857,-5.2661,3.0000
226,scouts,8,-2.6047,4.1020,3.0000
226,scouts,9,-4.1047,5.6020,3.0000
226,scouts,10,-5.6047,4.1020,3.0000
226,scouts,11,-4.1047,2.6020,3.0000
226,scouts,12,5.6039,4.1035,3.0000
226,scouts,13,4.1039,5.6035,3.0000
226,scouts,14,2.6039,4.1035,3.0000
226,scouts,15,4.1039,2.6035,3.0000
226,workers,0,-4.9325,0.0245,3.0000
226,workers,1,7.4129,0.3675,3.0000
226,workers,2,0.4773,0.8904,3.0000
226,workers,3,2.9319,1.4743,3.0000
227,general,0,0.0000,0.0000,5.0000
227,nodes,0,-5.2941,-3.7233,3.0000
227,nodes,1,5.2955,-3.7234,3.0000
227,nodes,2,-4.0738,4.0710,3.0000
227,nodes,3,4.0730,4.0725,3.0000
227,scouts,0,-3.7855,-3.7601,3.0000
227,scouts,1,-5.2855,-2.2601,3.0000
227,scouts,2,-6.7855,-3.7601,3.0000
227,scouts,3,-5.2855,-5.2601,3.0000
227,scouts,4,6.7870,-3.7604,3.0000
227,scouts,5,5.2870,-2.2604,3.0000
227,scouts,6,3.7870,-3.7604,3.0000
227,scouts,7,5.2870,-5.2604,3.0000
227,scouts,8,-2.6005,4.0978,3.0000
227,scouts,9,-4.1005,5.5978,3.0000
227,scouts,10,-5.6005,4.0978,3.0000
227,scouts,11,-4.1005,2.5978,3.0000
227,scouts,12,5.5998,4.0993,3.0000
227,scouts,13,4.0998,5.5993,3.0000
227,scouts,14,2.5998,4.0993,3.0000
227,scouts,15,4.0998,2.5993,3.0000
227,workers,0,-4.9445,0.0556,3.0000
227,workers,1,7.4154,0.4007,3.0000
227,workers,2,0.4989,0.8650,3.0000
227,workers,3,2.9067,1.4525,3.0000
228,general,0,0.0000,0.0000,5.0000
228,nodes,0,-5.2954,-3.7176,3.0000
228,nodes,1,5.2969,-3.7177,3.0000
228,nodes,2,-4.0697,4.0669,3.0000
228,nodes,3,4.0688,4.0683,3.0000
228,scouts,0,-3.7868,-3.7544,3.0000
228,scouts,1,-5.2868,-2.2544,3.0000
228,scouts,2,-6.7868,-3.7544,3.0000
228,scouts,3,-5.2868,-5.2544,3.0000
228,scouts,4,6.7883,-3.7547,3.0000
228,scouts,5,5.2883,-2.2547,3.0000
228,scouts,6,3.7883,-3.7547,3.0000
228,scouts,7,5.2883,-5.2547,3.0000
228,scouts,8,-2.5964,4.0937,3.0000
228,scouts,9,-4.0964,5.5937,3.0000
228,scouts,10,-5.5964,4.0937,3.0000
228,scouts,11,-4.0964,2.5937,3.0000
228,scouts,12,5.5957,4.0952,3.0000
228,scouts,13,4.0957,5.5952,3.0000
228,scouts,14,2.5957,4.0952,3.0000
228,scouts,15,4.0957,2.5952,3.0000
228,workers,0,-4.9564,0.0867,3.0000
228,workers,1,7.4180,0.4339,3.0000
228,workers,2,0.5204,0.8395,3.0000
228,workers,3,2.8815,1.4306,3.0000
229,general,0,0.0000,0.0000,5.0000
229,nodes,0,-5.2968,-3.7119,3.0000
229,nodes,1,5.2982,-3.7119,3.0000
229,nodes,2,-4.0656,4.0627,3.0000
229,nodes,3,4.0647,4.0641,3.0000
229,scouts,0,-3.7882,-3.7488,3.0000
229,scouts,1,-5.2882,-2.2488,3.0000
229,scouts,2,-6.7882,-3.7488,3.0000
229,scouts,3,-5.2882,-5.2488,3.0000
229,scouts,4,6.7897,-3.7490,3.0000
229,scouts,5,5.2897,-2.2490,3.0000
229,scouts,6,3.7897,-3.7490,3.0000
229,scouts,7,5.2897,-5.2490,3.0000
229,scouts,8,-2.5923,4.0896,3.0000
229,scouts,9,-4.0923,5.5896,3.0000
229,scouts,10,-5.5923,4.0896,3.0000
229,scouts,11,-4.0923,2.5896,3.0000
229,scouts,12,5.5915,4.0911,3.0000
229,scouts,13,4.0915,5.5911,3.0000
229,scouts,14,2.5915,4.0911,3.0000
229,scouts,15,4.0915,2.5911,3.0000
229,workers,0,-4.9684,0.1178,3.0000
229,workers,1,7.4206,0.4672,3.0000
229,workers,2,0.5419,0.8141,3.0000
229,workers,3,2.8563,1.4088,3.0000
230,general,0,0.0000,0.0000,5.0000
230,nodes,0,-5.2982,-3.7062,3.0000
230,nodes,1,5.2997,-3.7062,3.0000
230,nodes,2,-4.0615,4.0585,3.0000
230,nodes,3,4.0606,4.0600,3.0000
230,scouts,0,-3.7895,-3.7431,3.0000
230,scouts,1,-5.2895,-2.2431,3.0000
230,scouts,2,-6.7895,-3.7431,3.0000
230,scouts,3,-5.2895,-5.2431,3.0000
230,scouts,4,6.7910,-3.7433,3.0000
230,scouts,5,5.2910,-2.2433,3.0000
230,scouts,6,3.7910,-3.7433,3.0000
230,scouts,7,5.2910,-5.2433,3.0000
230,scouts,8,-2.5882,4.0854,3.0000
230,scouts,9,-4.0882,5.5854,3.0000
230,scouts,10,-5.5882,4.0854,3.0000
230,scouts,11,-4.0882,2.5854,3.0000
230,scouts,12,5.5874,4.0869,3.0000
230,scouts,13,4.0874,5.5869,3.0000
230,scouts,14,2.5874,4.0869,3.0000
230,scouts,15,4.0874,2.5869,3.0000
230,workers,0,-4.9804,0.1490,3.0000
230,workers,1,7.4231,0.5004,3.0000
230,workers,2,0.5634,0.7887,3.0000
230,workers,3,2.8311,1.3870,3.0000
231,general,0,0.0000,0.0000,5.0000
231,nodes,0,-5.2995,-3.7005,3.0000
231,nodes,1,5.3009,-3.7005,3.0000
231,nodes,2,-4.0575,4.0544,3.0000
231,nodes,3,4.0564,4.0558,3.0000
231,scouts,0,-3.7908,-3.7374,3.0000
231,scouts,1,-5.2908,-2.2374,3.0000
231,scouts,2,-6.7908,-3.7374,3.0000
231,scouts,3,-5.2908,-5.2374,3.0000
231,scouts,4,6.7923,-3.7376,3.0000
231,scouts,5,5.2923,-2.2376,3.0000
231,scouts,6,3.7923,-3.7376,3.0000
231,scouts,7,5.2923,-5.2376,3.0000
231,scouts,8,-2.5841,4.0813,3.0000
231,scouts,9,-4.0841,5.5813,3.0000
231,scouts,10,-5.5841,4.0813,3.0000
231,scouts,11,-4.0841,2.5813,3.0000
231,scouts,12,5.5833,4.0828,3.0000
231,scouts,13,4.0833,5.5828,3.0000
231,scouts,14,2.5833,4.0828,3.0000
231,scouts,15,4.0833,2.5828,3.0000
231,workers,0,-4.9923,0.1801,3.0000
231,workers,1,7.4257,0.5337,3.0000
231,workers,2,0.5850,0.7632,3.0000
231,workers,3,2.8059,1.3651,3.0000
232,general,0,0.0000,0.0000,5.0000
232,nodes,0,-5.3008,-3.6947,3.0000
232,nodes,1,5.3022,-3.6948,3.0000
232,nodes,2,-4.0534,4.0502,3.0000
232,nodes,3,4.0523,4.0517,3.0000
232,scouts,0,-3.7921,-3.7317,3.0000
232,scouts,1,-5.2921,-2.2317,3.0000
232,scouts,2,-6.7921,-3.7317,3.0000
232,scouts,3,-5.2921,-5.2317,3.0000
232,scouts,4,6.7936,-3.7319,3.0000
232,scouts,5,5.2936,-2.2319,3.0000
232,scouts,6,3.7936,-3.7319,3.0000
232,scouts,7,5.2936,-5.2319,3.0000
232,scouts,8,-2.5800,4.0771,3.0000
232,scouts,9,-4.0800,5.5771,3.0000
232,scouts,10,-5.5800,4.0771,3.0000
232,scouts,11,-4.0800,2.5771,3.0000
232,scouts,12,5.5791,4.0786,3.0000
232,scouts,13,4.0791,5.5786,3.0000
232,scouts,14,2.5791,4.0786,3.0000
232,scouts,15,4.0791,2.5786,3.0000
232,workers,0,-5.0043,0.2112,3.0000
232,workers,1,7.4282,0.5669,3.0000
232,workers,2,0.6065,0.7378,3.0000
232,workers,3,2.7807,1.3433,3.0000
233,general,0,0.0000,0.0000,5.0000
233,nodes,0,-5.3021,-3.6890,3.0000
233,nodes,1,5.3036,-3.6891,3.0000
233,nodes,2,-4.0493,4.0460,3.0000
233,nodes,3,4.0481,4.0477,3.0000
233,scouts,0,-3.7935,-3.7260,3.0000
233,scouts,1,-5.2935,-2.2260,3.0000
233,scouts,2,-6.7935,-3.7260,3.0000
233,scouts,3,-5.2935,-5.2260,3.0000
233,scouts,4,6.7950,-3.7262,3.0000
233,scouts,5,5.2950,-2.2262,3.0000
233,scouts,6,3.7950,-3.7262,3.0000
233,scouts,7,5.2950,-5.2262,3.0000
233,scouts,8,-2.5759,4.0730,3.0000
233,scouts,9,-4.0759,5.5730,3.0000
233,scouts,10,-5.5759,4.0730,3.0000
233,scouts,11,-4.0759,2.5730,3.0000
233,scouts,12,5.5750,4.0745,3.0000
233,scouts,13,4.0750,5.5745,3.0000
233,scouts,14,2.5750,4.0745,3.0000
233,scouts,15,4.0750,2.5745,3.0000
233,workers,0,-5.0163,0.2423,3.0000
233,workers,1,7.4308,0.6001,3.0000
233,workers,2,0.6280,0.7123,3.0000
233,workers,3,2.7555,1.3215,3.0000
234,general,0,0.0000,0.0000,5.0000
234,nodes,0,-5.3035,-3.6833,3.0000
234,nodes,1,5.3049,-3.6834,3.0000
234,nodes,2,-4.0451,4.0418,3.0000
234,nodes,3,4.0440,4.0436,3.0000
234,scouts,0,-3.7948,-3.7203,3.0000
234,scouts,1,-5.2948,-2.2203,3.0000
234,scouts,2,-6.7948,-3.7203,3.0000
234,scouts,3,-5.2948,-5.2203,3.0000
234,scouts,4,6.7963,-3.7205,3.0000
234,scouts,5,5.2963,-2.2205,3.0000
234,scouts,6,3.7963,-3.7205,3.0000
234,scouts,7,5.2963,-5.2205,3.0000
234,scouts,8,-2.5718,4.0688,3.0000
234,scouts,9,-4.0718,5.5688,3.0000
234,scouts,10,-5.5718,4.0688,3.0000
234,scouts,11,-4.0718,2.5688,3.0000
234,scouts,12,5.5709,4.0704,3.0000
234,scouts,13,4.0709,5.5704,3.0000
234,scouts,14,2.5709,4.0704,3.0000
234,scouts,15,4.0709,2.5704,3.0000
234,workers,0,-5.0282,0.2734,3.0000
234,workers,1,7.4333,0.6334,3.0000
234,workers,2,0.6496,0.6869,3.0000
234,workers,3,2.7304,1.2996,3.0000
235,general,0,0.0000,0.0000,5.0000
235,nodes,0,-5.3049,-3.6776,3.0000
235,nodes,1,5.3061,-3.6778,3.0000
235,nodes,2,-4.0410,4.0377,3.0000
235,nodes,3,4.0399,4.0395,3.0000
235,scouts,0,-3.7962,-3.7146,3.0000
235,scouts,1,-5.2962,-2.2146,3.0000
235,scouts,2,-6.7962,-3.7146,3.0000
235,scouts,3,-5.2962,-5.2146,3.0000
235,scouts,4,6.7976,-3.7148,3.0000
235,scouts,5,5.2976,-2.2148,3.0000
235,scouts,6,3.7976,-3.7148,3.0000
235,scouts,7,5.2976,-5.2148,3.0000
235,scouts,8,-2.5677,4.0647,3.0000
235,scouts,9,-4.0677,5.5647,3.0000
235,scouts,10,-5.5677,4.0647,3.0000
235,scouts,11,-4.0677,2.5647,3.0000
235,scouts,12,5.5667,4.0663,3.0000
235,scouts,13,4.0667,5.5663,3.0000
235,scouts,14,2.5667,4.0663,3.0000
235,scouts,15,4.0667,2.5663,3.0000
235,workers,0,-5.0402,0.3045,3.0000
235,workers,1,7.4359,0.6666,3.0000
235,workers,2,0.6711,0.6614,3.0000
235,workers,3,2.7052,1.2778,3.0000
236,general,0,0.0000,0.0000,5.0000
236,nodes,0,-5.3062,-3.6719,3.0000
236,nodes,1,5.3074,-3.6721,3.0000
236,nodes,2,-4.0369,4.0336,3.0000
236,nodes,3,4.0358,4.0355,3.0000
236,scouts,0,-3.7975,-3.7089,3.0000
236,scouts,1,-5.2975,-2.2089,3.0000
236,scouts,2,-6.7975,-3.7089,3.0000
236,scouts,3,-5.2975,-5.2089,3.0000
236,scouts,4,6.7989,-3.7091,3.0000
236,scouts,5,5.2989,-2.2091,3.0000
236,scouts,6,3.7989,-3.7091,3.0000
236,scouts,7,5.2989,-5.2091,3.0000
236,scouts,8,-2.5636,4.0605,3.0000
236,scouts,9,-4.0636,5.5605,3.0000
236,scouts,10,-5.5636,4.0605,3.0000
236,scouts,11,-4.0636,2.5605,3.0000
236,scouts,12,5.5626,4.0622,3.0000
236,scouts,13,4.0626,5.5622,3.0000
236,scouts,14,2.5626,4.0622,3.0000
236,scouts,15,4.0626,2.5622,3.0000
236,workers,0,-5.0522,0.3356,3.0000
236,workers,1,7.4384,0.6998,3.0000
236,workers,2,0.6926,0.6360,3.0000
236,workers,3,2.6800,1.2560,3.0000
237,general,0,0.0000,0.0000,5.0000
237,nodes,0,-5.3076,-3.6662,3.0000
237,nodes,1,5.3087,-3.6664,3.0000
237,nodes,2,-4.0328,4.0295,3.0000
237,nodes,3,4.0317,4.0313,3.0000
237,scouts,0,-3.7988,-3.7032,3.0000
237,scouts,1,-5.2988,-2.2032,3.0000
237,scouts,2,-6.7988,-3.7032,3.0000
237,scouts,3,-5.2988,-5.2032,3.0000
237,scouts,4,6.8002,-3.7034,3.0000
237,scouts,5,5.3002,-2.2034,3.0000
237,scouts,6,3.8002,-3.7034,3.0000
237,scouts,7,5.3002,-5.2034,3.0000
237,scouts,8,-2.5595,4.0564,3.0000
237,scouts,9,-4.0595,5.5564,3.0000
237,scouts,10,-5.5595,4.0564,3.0000
237,scouts,11,-4.0595,2.5564,3.0000
237,scouts,12,5.5585,4.0580,3.0000
237,scouts,13,4.0585,5.5580,3.0000
237,scouts,14,2.5585,4.0580,3.0000
237,scouts,15,4.0585,2.5580,3.0000
237,workers,0,-5.0641,0.3667,3.0000
237,workers,1,7.4410,0.7331,3.0000
237,workers,2,0.7142,0.6105,3.0000
237,workers,3,2.6548,1.2341,3.0000
238,general,0,0.0000,0.0000,5.0000
238,nodes,0,-5.3089,-3.6605,3.0000
238,nodes,1,5.3100,-3.6607,3.0000
238,nodes,2,-4.0287,4.0253,3.0000
238,nodes,3,4.0276,4.0271,3.0000
238,scouts,0,-3.8002,-3.6975,3.0000
238,scouts,1,-5.3002,-2.1975,3.0000
238,scouts,2,-6.8002,-3.6975,3.0000
238,scouts,3,-5.3002,-5.1975,3.0000
238,scouts,4,6.8015,-3.6977,3.0000
238,scouts,5,5.3015,-2.1977,3.0000
238,scouts,6,3.8015,-3.6977,3.0000
238,scouts,7,5.3015,-5.1977,3.0000
238,scouts,8,-2.5554,4.0523,3.0000
238,scouts,9,-4.0554,5.5523,3.0000
238,scouts,10,-5.5554,4.0523,3.0000
238,scouts,11,-4.0554,2.5523,3.0000
238,scouts,12,5.5544,4.0539,3.0000
238,scouts,13,4.0544,5.5539,3.0000
238,scouts,14,2.5544,4.0539,3.0000
238,scouts,15,4.0544,2.5539,3.0000
238,workers,0,-5.0761,0.3978,3.0000
238,workers,1,7.4436,0.7663,3.0000
238,workers,2,0.7357,0.5851,3.0000
238,workers,3,2.6296,1.2123,3.0000
239,general,0,0.0000,0.0000,5.0000
239,nodes,0,-5.3102,-3.6549,3.0000
239,nodes,1,5.3114,-3.6549,3.0000
239,nodes,2,-4.0246,4.0211,3.0000
239,nodes,3,4.0235,4.0230,3.0000
239,scouts,0,-3.8015,-3.6918,3.0000
239,scouts,1,-5.3015,-2.1918,3.0000
239,scouts,2,-6.8015,-3.6918,3.0000
239,scouts,3,-5.3015,-5.1918,3.0000
239,scouts,4,6.8028,-3.6920,3.0000
239,scouts,5,5.3028,-2.1920,3.0000
239,scouts,6,3.8028,-3.6920,3.0000
239,scouts,7,5.3028,-5.1920,3.0000
239,scouts,8,-2.5513,4.0481,3.0000
239,scouts,9,-4.0513,5.5481,3.0000
239,scouts,10,-5.5513,4.0481,3.0000
239,scouts,11,-4.0513,2.5481,3.0000
239,scouts,12,5.5502,4.0498,3.0000
239,scouts,13,4.0502,5.5498,3.0000
239,scouts,14,2.5502,4.0498,3.0000
239,scouts,15,4.0502,2.5498,3.0000
239,workers,0,-5.0881,0.4290,3.0000
239,workers,1,7.4461,0.7995,3.0000
239,workers,2,0.7572,0.5596,3.0000
239,workers,3,2.6044,1.1905,3.0000
240,general,0,0.0000,0.0000,5.0000
240,nodes,0,-5.3115,-3.6491,3.0000
240,nodes,1,5.3127,-3.6492,3.0000
240,nodes,2,-4.0205,4.0170,3.0000
240,nodes,3,4.0194,4.0189,3.0000
240,scouts,0,-3.8029,-3.6862,3.0000
240,scouts,1,-5.3029,-2.1862,3.0000
240,scouts,2,-6.8029,-3.6862,3.0000
240,scouts,3,-5.3029,-5.1862,3.0000
240,scouts,4,6.8041,-3.6863,3.0000
240,scouts,5,5.3041,-2.1863,3.0000
240,scouts,6,3.8041,-3.6863,3.0000
240,scouts,7,5.3041,-5.1863,3.0000
240,scouts,8,-2.5472,4.0440,3.0000
240,scouts,9,-4.0472,5.5440,3.0000
240,scouts,10,-5.5472,4.0440,3.0000
240,scouts,11,-4.0472,2.5440,3.0000
240,scouts,12,5.5461,4.0457,3.0000
240,scouts,13,4.0461,5.5457,3.0000
240,scouts,14,2.5461,4.0457,3.0000
240,scouts,15,4.0461,2.5457,3.0000
240,workers,0,-5.1000,0.4601,3.0000
240,workers,1,7.4487,0.8328,3.0000
240,workers,2,0.7788,0.5342,3.0000
240,workers,3,2.5792,1.1687,3.0000
241,general,0,0.0000,0.0000,5.0000
241,nodes,0,-5.3129,-3.6434,3.0000
241,nodes,1,5.3141,-3.6435,3.0000
241,nodes,2,-4.0164,4.0128,3.0000
241,nodes,3,4.0152,4.0148,3.0000
241,scouts,0,-3.8042,-3.6805,3.0000
241,scouts,1,-5.3042,-2.1805,3.0000
241,scouts,2,-6.8042,-3.6805,3.0000
241,scouts,3,-5.3042,-5.1805,3.0000
241,scouts,4,6.8055,-3.6806,3.0000
241,scouts,5,5.3055,-2.1806,3.0000
241,scouts,6,3.8055,-3.6806,3.0000
241,scouts,7,5.3055,-5.1806,3.0000
241,scouts,8,-2.5431,4.0398,3.0000
241,scouts,9,-4.0431,5.5398,3.0000
241,scouts,10,-5.5431,4.0398,3.0000
241,scouts,11,-4.0431,2.5398,3.0000
241,scouts,12,5.5420,4.0416,3.0000
241,scouts,13,4.0420,5.5416,3.0000
241,scouts,14,2.5420,4.0416,3.0000
241,scouts,15,4.0420,2.5416,3.0000
241,workers,0,-5.1120,0.4912,3.0000
241,workers,1,7.4512,0.8660,3.0000
241,workers,2,0.8003,0.5087,3.0000
241,workers,3,2.5540,1.1468,3.0000
242,general,0,0.0000,0.0000,5.0000
242,nodes,0,-5.3141,-3.6378,3.0000
242,nodes,1,5.3154,-3.6379,3.0000
242,nodes,2,-4.0122,4.0086,3.0000
242,nodes,3,4.0110,4.0106,3.0000
242,scouts,0,-3.8055,-3.6748,3.0000
242,scouts,1,-5.3055,-2.1748,3.0000
242,scouts,2,-6.8055,-3.6748,3.0000
242,scouts,3,-5.3055,-5.1748,3.0000
242,scouts,4,6.8068,-3.6749,3.0000
242,scouts,5,5.3068,-2.1749,3.0000
242,scouts,6,3.8068,-3.6749,3.0000
242,scouts,7,5.3068,-5.1749,3.0000
242,scouts,8,-2.5390,4.0357,3.0000
242,scouts,9,-4.0390,5.5357,3.0000
242,scouts,10,-5.5390,4.0357,3.0000
242,scouts,11,-4.0390,2.5357,3.0000
242,scouts,12,5.5379,4.0374,3.0000
242,scouts,13,4.0379,5.5374,3.0000
242,scouts,14,2.5379,4.0374,3.0000
242,scouts,15,4.0379,2.5374,3.0000
242,workers,0,-5.1240,0.5223,3.0000
242,workers,1,7.4538,0.8992,3.0000
242,workers,2,0.8218,0.4833,3.0000
242,workers,3,2.5288,1.1250,3.0000
243,general,0,0.0000,0.0000,5.0000
243,nodes,0,-5.3155,-3.6320,3.0000
243,nodes,1,5.3168,-3.6322,3.0000
243,nodes,2,-4.0081,4.0045,3.0000
243,nodes,3,4.0069,4.0064,3.0000
243,scouts,0,-3.8068,-3.6691,3.0000
243,scouts,1,-5.3068,-2.1691,3.0000
243,scouts,2,-6.8068,-3.6691,3.0000
243,scouts,3,-5.3068,-5.1691,3.0000
243,scouts,4,6.8081,-3.6692,3.0000
243,scouts,5,5.3081,-2.1692,3.0000
243,scouts,6,3.8081,-3.6692,3.0000
243,scouts,7,5.3081,-5.1692,3.0000
243,scouts,8,-2.5348,4.0315,3.0000
243,scouts,9,-4.0348,5.5315,3.0000
243,scouts,10,-5.5348,4.0315,3.0000
243,scouts,11,-4.0348,2.5315,3.0000
243,scouts,12,5.5338,4.0333,3.0000
243,scouts,13,4.0338,5.5333,3.0000
243,scouts,14,2.5338,4.0333,3.0000
243,scouts,15,4.0338,2.5333,3.0000
243,workers,0,-5.1359,0.5534,3.0000
243,workers,1,7.4563,0.9325,3.0000
243,workers,2,0.8434,0.4579,3.0000
243,workers,3,2.5037,1.1032,3.0000
244,general,0,0.0000,0.0000,5.0000
244,nodes,0,-5.3168,-3.6263,3.0000
244,nodes,1,5.3181,-3.6265,3.0000
244,nodes,2,-4.0039,4.0004,3.0000
244,nodes,3,4.0028,4.0023,3.0000
244,scouts,0,-3.8082,-3.6634,3.0000
244,scouts,1,-5.3082,-2.1634,3.0000
244,scouts,2,-6.8082,-3.6634,3.0000
244,scouts,3,-5.3082,-5.1634,3.0000
244,scouts,4,6.8095,-3.6635,3.0000
244,scouts,5,5.3095,-2.1635,3.0000
244,scouts,6,3.8095,-3.6635,3.0000
244,scouts,7,5.3095,-5.1635,3.0000
244,scouts,8,-2.5307,4.0274,3.0000
244,scouts,9,-4.0307,5.5274,3.0000
244,scouts,10,-5.5307,4.0274,3.0000
244,scouts,11,-4.0307,2.5274,3.0000
244,scouts,12,5.5296,4.0292,3.0000
244,scouts,13,4.0296,5.5292,3.0000
244,scouts,14,2.5296,4.0292,3.0000
244,scouts,15,4.0296,2.5292,3.0000
244,workers,0,-5.1479,0.5845,3.0000
244,workers,1,7.4589,0.9657,3.0000
244,workers,2,0.8649,0.4324,3.0000
244,workers,3,2.4785,1.0813,3.0000
245,general,0,0.0000,0.0000,5.0000
245,nodes,0,-5.3181,-3.6206,3.0000
245,nodes,1,5.3194,-3.6208,3.0000
245,nodes,2,-3.9999,3.9963,3.0000
245,nodes,3,3.9987,3.9982,3.0000
245,scouts,0,-3.8095,-3.6577,3.0000
245,scouts,1,-5.3095,-2.1577,3.0000
245,scouts,2,-6.8095,-3.6577,3.0000
245,scouts,3,-5.3095,-5.1577,3.0000
245,scouts,4,6.8108,-3.6578,3.0000
245,scouts,5,5.3108,-2.1578,3.0000
245,scouts,6,3.8108,-3.6578,3.0000
245,scouts,7,5.3108,-5.1578,3.0000
245,scouts,8,-2.5266,4.0232,3.0000
245,scouts,9,-4.0266,5.5232,3.0000
245,scouts,10,-5.5266,4.0232,3.0000
245,scouts,11,-4.0266,2.5232,3.0000
245,scouts,12,5.5255,4.0250,3.0000
245,scouts,13,4.0255,5.5250,3.0000
245,scouts,14,2.5255,4.0250,3.0000
245,scouts,15,4.0255,2.5250,3.0000
245,workers,0,-5.1599,0.6156,3.0000
245,workers,1,7.4615,0.9989,3.0000
245,workers,2,0.8864,0.4070,3.0000
245,workers,3,2.4533,1.0595,3.0000
246,general,0,0.0000,0.0000,5.0000
246,nodes,0,-5.3194,-3.6150,3.0000
246,nodes,1,5.3207,-3.6151,3.0000
246,nodes,2,-3.9958,3.9923,3.0000
246,nodes,3,3.9946,3.9941,3.0000
246,scouts,0,-3.8108,-3.6520,3.0000
246,scouts,1,-5.3108,-2.1520,3.0000
246,scouts,2,-6.8108,-3.6520,3.0000
246,scouts,3,-5.3108,-5.1520,3.0000
246,scouts,4,6.8121,-3.6521,3.0000
246,scouts,5,5.3121,-2.1521,3.0000
246,scouts,6,3.8121,-3.6521,3.0000
246,scouts,7,5.3121,-5.1521,3.0000
246,scouts,8,-2.5225,4.0191,3.0000
246,scouts,9,-4.0225,5.5191,3.0000
246,scouts,10,-5.5225,4.0191,3.0000
246,scouts,11,-4.0225,2.5191,3.0000
246,scouts,12,5.5214,4.0209,3.0000
246,scouts,13,4.0214,5.5209,3.0000
246,scouts,14,2.5214,4.0209,3.0000
246,scouts,15,4.0214,2.5209,3.0000
246,workers,0,-5.1718,0.6467,3.0000
246,workers,1,7.4640,1.0322,3.0000
246,workers,2,0.9080,0.3815,3.0000
246,workers,3,2.4281,1.0377,3.0000
247,general,0,0.0000,0.0000,5.0000
247,nodes,0,-5.3208,-3.6093,3.0000
247,nodes,1,5.3220,-3.6094,3.0000
247,nodes,2,-3.9916,3.9882,3.0000
247,nodes,3,3.9905,3.9899,3.0000
247,scouts,0,-3.8121,-3.6463,3.0000
247,scouts,1,-5.3121,-2.1463,3.0000
247,scouts,2,-6.8121,-3.6463,3.0000
247,scouts,3,-5.3121,-5.1463,3.0000
247,scouts,4,6.8134,-3.6464,3.0000
247,scouts,5,5.3134,-2.1464,3.0000
247,scouts,6,3.8134,-3.6464,3.0000
247,scouts,7,5.3134,-5.1464,3.0000
247,scouts,8,-2.5184,4.0150,3.0000
247,scouts,9,-4.0184,5.5150,3.0000
247,scouts,10,-5.5184,4.0150,3.0000
247,scouts,11,-4.0184,2.5150,3.0000
247,scouts,12,5.5173,4.0168,3.0000
247,scouts,13,4.0173,5.5168,3.0000
247,scouts,14,2.5173,4.0168,3.0000
247,scouts,15,4.0173,2.5168,3.0000
247,workers,0,-5.1838,0.6779,3.0000
247,workers,1,7.4666,1.0654,3.0000
247,workers,2,0.9295,0.3561,3.0000
247,workers,3,2.4029,1.0158,3.0000
248,general,0,0.0000,0.0000,5.0000
248,nodes,0,-5.3220,-3.6036,3.0000
248,nodes,1,5.3234,-3.6037,3.0000
248,nodes,2,-3.9875,3.9841,3.0000
248,nodes,3,3.9863,3.9858,3.0000
248,scouts,0,-3.8135,-3.6406,3.0000
248,scouts,1,-5.3135,-2.1406,3.0000
248,scouts,2,-6.8135,-3.6406,3.0000
248,scouts,3,-5.3135,-5.1406,3.0000
248,scouts,4,6.8148,-3.6407,3.0000
248,scouts,5,5.3148,-2.1407,3.0000
248,scouts,6,3.8148,-3.6407,3.0000
248,scouts,7,5.3148,-5.1407,3.0000
248,scouts,8,-2.5143,4.0109,3.0000
248,scouts,9,-4.0143,5.5109,3.0000
248,scouts,10,-5.5143,4.0109,3.0000
248,scouts,11,-4.0143,2.5109,3.0000
248,scouts,12,5.5131,4.0126,3.0000
248,scouts,13,4.0131,5.5126,3.0000
248,scouts,14,2.5131,4.0126,3.0000
248,scouts,15,4.0131,2.5126,3.0000
248,workers,0,-5.1958,0.7090,3.0000
248,workers,1,7.4691,1.0986,3.0000
248,workers,2,0.9510,0.3306,3.0000
248,workers,3,2.3777,0.9940,3.0000
249,general,0,0.0000,0.0000,5.0000
249,nodes,0,-5.3233,-3.5979,3.0000
249,nodes,1,5.3247,-3.5980,3.0000
249,nodes,2,-3.9835,3.9800,3.0000
249,nodes,3,3.9821,3.9817,3.0000
249,scouts,0,-3.8148,-3.6349,3.0000
249,scouts,1,-5.3148,-2.1349,3.0000
249,scouts,2,-6.8148,-3.6349,3.0000
249,scouts,3,-5.3148,-5.1349,3.0000
249,scouts,4,6.8161,-3.6350,3.0000
249,scouts,5,5.3161,-2.1350,3.0000
249,scouts,6,3.8161,-3.6350,3.0000
249,scouts,7,5.3161,-5.1350,3.0000
249,scouts,8,-2.5102,4.0068,3.0000
249,scouts,9,-4.0102,5.5068,3.0000
249,scouts,10,-5.5102,4.0068,3.0000
249,scouts,11,-4.0102,2.5068,3.0000
249,scouts,12,5.5090,4.0085,3.0000
249,scouts,13,4.0090,5.5085,3.0000
249,scouts,14,2.5090,4.0085,3.0000
249,scouts,15,4.0090,2.5085,3.0000
249,workers,0,-5.2077,0.7401,3.0000
249,workers,1,7.4717,1.1319,3.0000
249,workers,2,0.9725,0.3052,3.0000
249,workers,3,2.3525,0.9722,3.0000
250,general,0,0.0000,0.0000,5.0000
250,nodes,0,-5.3246,-3.5921,3.0000
250,nodes,1,5.3260,-3.5923,3.0000
250,nodes,2,-3.9793,3.9758,3.0000
250,nodes,3,3.9780,3.9776,3.0000
250,scouts,0,-3.8161,-3.6292,3.0000
250,scouts,1,-5.3161,-2.1292,3.0000
250,scouts,2,-6.8161,-3.6292,3.0000
250,scouts,3,-5.3161,-5.1292,3.0000
250,scouts,4,6.8174,-3.6293,3.0000
250,scouts,5,5.3174,-2.1293,3.0000
250,scouts,6,3.8174,-3.6293,3.0000
250,scouts,7,5.3174,-5.1293,3.0000
250,scouts,8,-2.5060,4.0026,3.0000
250,scouts,9,-4.0060,5.5026,3.0000
250,scouts,10,-5.5060,4.0026,3.0000
250,scouts,11,-4.0060,2.5026,3.0000
250,scouts,12,5.5049,4.0044,3.0000
250,scouts,13,4.0049,5.5044,3.0000
250,scouts,14,2.5049,4.0044,3.0000
250,scouts,15,4.0049,2.5044,3.0000
250,workers,0,-5.2197,0.7712,3.0000
250,workers,1,7.4742,1.1651,3.0000
250,workers,2,0.9941,0.2797,3.0000
250,workers,3,2.3273,0.9503,3.0000
251,general,0,0.0000,0.0000,5.0000
251,nodes,0,-5.3260,-3.5864,3.0000
251,nodes,1,5.3274,-3.5866,3.0000
251,nodes,2,-3.9751,3.9716,3.0000
251,nodes,3,3.9739,3.9735,3.0000
251,scouts,0,-3.8174,-3.6235,3.0000
251,scouts,1,-5.3174,-2.1235,3.0000
251,scouts,2,-6.8174,-3.6235,3.0000
251,scouts,3,-5.3174,-5.1235,3.0000
251,scouts,4,6.8187,-3.6236,3.0000
251,scouts,5,5.3187,-2.1236,3.0000
251,scouts,6,3.8187,-3.6236,3.0000
251,scouts,7,5.3187,-5.1236,3.0000
251,scouts,8,-2.5019,3.9985,3.0000
251,scouts,9,-4.0019,5.4985,3.0000
251,scouts,10,-5.5019,3.9985,3.0000
251,scouts,11,-4.0019,2.4985,3.0000
251,scouts,12,5.5007,4.0003,3.0000
251,scouts,13,4.0007,5.5003,3.0000
251,scouts,14,2.5007,4.0003,3.0000
251,scouts,15,4.0007,2.5003,3.0000
251,workers,0,-5.2317,0.8023,3.0000
251,workers,1,7.4768,1.1984,3.0000
251,workers,2,1.0156,0.2543,3.0000
251,workers,3,2.3021,0.9285,3.0000
252,general,0,0.0000,0.0000,5.0000
252,nodes,0,-5.3272,-3.5806,3.0000
252,nodes,1,5.3287,-3.5809,3.0000
252,nodes,2,-3.9710,3.9675,3.0000
252,nodes,3,3.9698,3.9694,3.0000
252,scouts,0,-3.8187,-3.6178,3.0000
252,scouts,1,-5.3187,-2.1178,3.0000
252,scouts,2,-6.8187,-3.6178,3.0000
252,scouts,3,-5.3187,-5.1178,3.0000
252,scouts,4,6.8201,-3.6179,3.0000
252,scouts,5,5.3201,-2.1179,3.0000
252,scouts,6,3.8201,-3.6179,3.0000
252,scouts,7,5.3201,-5.1179,3.0000
252,scouts,8,-2.4978,3.9944,3.0000
252,scouts,9,-3.9978,5.4944,3.0000
252,scouts,10,-5.4978,3.9944,3.0000
252,scouts,11,-3.9978,2.4944,3.0000
252,scouts,12,5.4966,3.9962,3.0000
252,scouts,13,3.9966,5.4962,3.0000
252,scouts,14,2.4966,3.9962,3.0000
252,scouts,15,3.9966,2.4962,3.0000
252,workers,0,-5.2436,0.8334,3.0000
252,workers,1,7.4794,1.2316,3.0000
252,workers,2,1.0371,0.2288,3.0000
252,workers,3,2.2769,0.9067,3.0000
253,general,0,0.0000,0.0000,5.0000
253,nodes,0,-5.3285,-3.5749,3.0000
253,nodes,1,5.3301,-3.5752,3.0000
253,nodes,2,-3.9669,3.9633,3.0000
253,nodes,3,3.9657,3.9653,3.0000
253,scouts,0,-3.8200,-3.6121,3.0000
253,scouts,1,-5.3200,-2.1121,3.0000
253,scouts,2,-6.8200,-3.6121,3.0000
253,scouts,3,-5.3200,-5.1121,3.0000
253,scouts,4,6.8214,-3.6122,3.0000
253,scouts,5,5.3214,-2.1122,3.0000
253,scouts,6,3.8214,-3.6122,3.0000
253,scouts,7,5.3214,-5.1122,3.0000
253,scouts,8,-2.4937,3.9902,3.0000
253,scouts,9,-3.9937,5.4902,3.0000
253,scouts,10,-5.4937,3.9902,3.0000
253,scouts,11,-3.9937,2.4902,3.0000
253,scouts,12,5.4925,3.9920,3.0000
253,scouts,13,3.9925,5.4920,3.0000
253,scouts,14,2.4925,3.9920,3.0000
253,scouts,15,3.9925,2.4920,3.0000
253,workers,0,-5.2556,0.8645,3.0000
253,workers,1,7.4819,1.2648,3.0000
253,workers,2,1.0587,0.2034,3.0000
253,workers,3,2.2518,0.8849,3.0000
254,general,0,0.0000,0.0000,5.0000
254,nodes,0,-5.3298,-3.5693,3.0000
254,nodes,1,5.3315,-3.5695,3.0000
254,nodes,2,-3.9628,3.9592,3.0000
254,nodes,3,3.9615,3.9611,3.0000
254,scouts,0,-3.8213,-3.6063,3.0000
254,scouts,1,-5.3213,-2.1063,3.0000
254,scouts,2,-6.8213,-3.6063,3.0000
254,scouts,3,-5.3213,-5.1063,3.0000
254,scouts,4,6.8227,-3.6065,3.0000
254,scouts,5,5.3227,-2.1065,3.0000
254,scouts,6,3.8227,-3.6065,3.0000
254,scouts,7,5.3227,-5.1065,3.0000
254,scouts,8,-2.4896,3.9861,3.0000
254,scouts,9,-3.9896,5.4861,3.0000
254,scouts,10,-5.4896,3.9861,3.0000
254,scouts,11,-3.9896,2.4861,3.0000
254,scouts,12,5.4884,3.9879,3.0000
254,scouts,13,3.9884,5.4879,3.0000
254,scouts,14,2.4884,3.9879,3.0000
254,scouts,15,3.9884,2.4879,3.0000
254,workers,0,-5.2676,0.8956,3.0000
254,workers,1,7.4845,1.2981,3.0000
254,workers,2,1.0802,0.1779,3.0000
254,workers,3,2.2266,0.8630,3.0000
255,general,0,0.0000,0.0000,5.0000
255,nodes,0,-5.3311,-3.5637,3.0000
255,nodes,1,5.3329,-3.5638,3.0000
255,nodes,2,-3.9586,3.9550,3.0000
255,nodes,3,3.9573,3.9570,3.0000
255,scouts,0,-3.8226,-3.6007,3.0000
255,scouts,1,-5.3226,-2.1007,3.0000
255,scouts,2,-6.8226,-3.6007,3.0000
255,scouts,3,-5.3226,-5.1007,3.0000
255,scouts,4,6.8241,-3.6008,3.0000
255,scouts,5,5.3241,-2.1008,3.0000
255,scouts,6,3.8241,-3.6008,3.0000
255,scouts,7,5.3241,-5.1008,3.0000
255,scouts,8,-2.4854,3.9819,3.0000
255,scouts,9,-3.9854,5.4819,3.0000
255,scouts,10,-5.4854,3.9819,3.0000
255,scouts,11,-3.9854,2.4819,3.0000
255,scouts,12,5.4842,3.9838,3.0000
255,scouts,13,3.9842,5.4838,3.0000
255,scouts,14,2.4842,3.9838,3.0000
255,scouts,15,3.9842,2.4838,3.0000
255,workers,0,-5.2795,0.9267,3.0000
255,workers,1,7.4870,1.3313,3.0000
255,workers,2,1.1017,0.1525,3.0000
255,workers,3,2.2014,0.8412,3.0000
256,general,0,0.0000,0.0000,5.0000
256,nodes,0,-5.3324,-3.5579,3.0000
256,nodes,1,5.3342,-3.5580,3.0000
256,nodes,2,-3.9544,3.9509,3.0000
256,nodes,3,3.9533,3.9528,3.0000
256,scouts,0,-3.8239,-3.5950,3.0000
256,scouts,1,-5.3239,-2.0950,3.0000
256,scouts,2,-6.8239,-3.5950,3.0000
256,scouts,3,-5.3239,-5.0950,3.0000
256,scouts,4,6.8254,-3.5951,3.0000
256,scouts,5,5.3254,-2.0951,3.0000
256,scouts,6,3.8254,-3.5951,3.0000
256,scouts,7,5.3254,-5.0951,3.0000
256,scouts,8,-2.4813,3.9778,3.0000
256,scouts,9,-3.9813,5.4778,3.0000
256,scouts,10,-5.4813,3.9778,3.0000
256,scouts,11,-3.9813,2.4778,3.0000
256,scouts,12,5.4801,3.9797,3.0000
256,scouts,13,3.9801,5.4797,3.0000
256,scouts,14,2.4801,3.9797,3.0000
256,scouts,15,3.9801,2.4797,3.0000
256,workers,0,-5.2915,0.9579,3.0000
256,workers,1,7.4896,1.3645,3.0000
256,workers,2,1.1233,0.1271,3.0000
256,workers,3,2.1762,0.8194,3.0000
257,general,0,0.0000,0.0000,5.0000
257,nodes,0,-5.3337,-3.5522,3.0000
257,nodes,1,5.3356,-3.5523,3.0000
257,nodes,2,-3.9503,3.9468,3.0000
257,nodes,3,3.9492,3.9488,3.0000
257,scouts,0,-3.8252,-3.5893,3.0000
257,scouts,1,-5.3252,-2.0893,3.0000
257,scouts,2,-6.8252,-3.5893,3.0000
257,scouts,3,-5.3252,-5.0893,3.0000
257,scouts,4,6.8268,-3.5894,3.0000
257,scouts,5,5.3268,-2.0894,3.0000
257,scouts,6,3.8268,-3.5894,3.0000
257,scouts,7,5.3268,-5.0894,3.0000
257,scouts,8,-2.4772,3.9737,3.0000
257,scouts,9,-3.9772,5.4737,3.0000
257,scouts,10,-5.4772,3.9737,3.0000
257,scouts,11,-3.9772,2.4737,3.0000
257,scouts,12,5.4760,3.9755,3.0000
257,scouts,13,3.9760,5.4755,3.0000
257,scouts,14,2.4760,3.9755,3.0000
257,scouts,15,3.9760,2.4755,3.0000
257,workers,0,-5.3034,0.9890,3.0000
257,workers,1,7.4921,1.3978,3.0000
257,workers,2,1.1448,0.1016,3.0000
257,workers,3,2.1510,0.7975,3.0000
258,general,0,0.0000,0.0000,5.0000
258,nodes,0,-5.3350,-3.5465,3.0000
258,nodes,1,5.3369,-3.5466,3.0000
258,nodes,2,-3.9462,3.9427,3.0000
258,nodes,3,3.9450,3.9447,3.0000
258,scouts,0,-3.8265,-3.5836,3.0000
258,scouts,1,-5.3265,-2.0836,3.0000
258,scouts,2,-6.8265,-3.5836,3.0000
258,scouts,3,-5.3265,-5.0836,3.0000
258,scouts,4,6.8281,-3.5837,3.0000
258,scouts,5,5.3281,-2.0837,3.0000
258,scouts,6,3.8281,-3.5837,3.0000
258,scouts,7,5.3281,-5.0837,3.0000
258,scouts,8,-2.4730,3.9695,3.0000
258,scouts,9,-3.9730,5.4695,3.0000
258,scouts,10,-5.4730,3.9695,3.0000
258,scouts,11,-3.9730,2.4695,3.0000
258,scouts,12,5.4718,3.9714,3.0000
258,scouts,13,3.9718,5.4714,3.0000
258,scouts,14,2.4718,3.9714,3.0000
258,scouts,15,3.9718,2.4714,3.0000
258,workers,0,-5.3154,1.0201,3.0000
258,workers,1,7.4947,1.4310,3.0000
258,workers,2,1.1663,0.0762,3.0000
258,workers,3,2.1258,0.7757,3.0000
259,general,0,0.0000,0.0000,5.0000
259,nodes,0,-5.3363,-3.5409,3.0000
259,nodes,1,5.3382,-3.5409,3.0000
259,nodes,2,-3.9421,3.9386,3.0000
259,nodes,3,3.9409,3.9405,3.0000
259,scouts,0,-3.8278,-3.5779,3.0000
259,scouts,1,-5.3278,-2.0779,3.0000
259,scouts,2,-6.8278,-3.5779,3.0000
259,scouts,3,-5.3278,-5.0779,3.0000
259,scouts,4,6.8295,-3.5780,3.0000
259,scouts,5,5.3295,-2.0780,3.0000
259,scouts,6,3.8295,-3.5780,3.0000
259,scouts,7,5.3295,-5.0780,3.0000
259,scouts,8,-2.4689,3.9654,3.0000
259,scouts,9,-3.9689,5.4654,3.0000
259,scouts,10,-5.4689,3.9654,3.0000
259,scouts,11,-3.9689,2.4654,3.0000
259,scouts,12,5.4677,3.9673,3.0000
259,scouts,13,3.9677,5.4673,3.0000
259,scouts,14,2.4677,3.9673,3.0000
259,scouts,15,3.9677,2.4673,3.0000
259,workers,0,-5.3274,1.0512,3.0000
259,workers,1,7.4972,1.4642,3.0000
259,workers,2,1.1879,0.0507,3.0000
259,workers,3,2.1006,0.7539,3.0000
260,general,0,0.0000,0.0000,5.0000
260,nodes,0,-5.3376,-3.5352,3.0000
260,nodes,1,5.3395,-3.5352,3.0000
260,nodes,2,-3.9379,3.9345,3.0000
260,nodes,3,3.9368,3.9364,3.0000
260,scouts,0,-3.8291,-3.5722,3.0000
260,scouts,1,-5.3291,-2.0722,3.0000
260,scouts,2,-6.8291,-3.5722,3.0000
260,scouts,3,-5.3291,-5.0722,3.0000
260,scouts,4,6.8308,-3.5723,3.0000
260,scouts,5,5.3308,-2.0723,3.0000
260,scouts,6,3.8308,-3.5723,3.0000
260,scouts,7,5.3308,-5.0723,3.0000
260,scouts,8,-2.4648,3.9613,3.0000
260,scouts,9,-3.9648,5.4613,3.0000
260,scouts,10,-5.4648,3.9613,3.0000
260,scouts,11,-3.9648,2.4613,3.0000
260,scouts,12,5.4636,3.9632,3.0000
260,scouts,13,3.9636,5.4632,3.0000
260,scouts,14,2.4636,3.9632,3.0000
260,scouts,15,3.9636,2.4632,3.0000
260,workers,0,-5.3393,1.0823,3.0000
260,workers,1,7.4998,1.4975,3.0000
260,workers,2,1.2094,0.0253,3.0000
260,workers,3,2.0754,0.7320,3.0000
261,general,0,0.0000,0.0000,5.0000
261,nodes,0,-5.3389,-3.5295,3.0000
261,nodes,1,5.3408,-3.5296,3.0000
261,nodes,2,-3.9338,3.9304,3.0000
261,nodes,3,3.9327,3.9322,3.0000
261,scouts,0,-3.8304,-3.5665,3.0000
261,scouts,1,-5.3304,-2.0665,3.0000
261,scouts,2,-6.8304,-3.5665,3.0000
261,scouts,3,-5.3304,-5.0665,3.0000
261,scouts,4,6.8322,-3.5666,3.0000
261,scouts,5,5.3322,-2.0666,3.0000
261,scouts,6,3.8322,-3.5666,3.0000
261,scouts,7,5.3322,-5.0666,3.0000
261,scouts,8,-2.4606,3.9572,3.0000
261,scouts,9,-3.9606,5.4572,3.0000
261,scouts,10,-5.4606,3.9572,3.0000
261,scouts,11,-3.9606,2.4572,3.0000
261,scouts,12,5.4595,3.9590,3.0000
261,scouts,13,3.9595,5.4590,3.0000
261,scouts,14,2.4595,3.9590,3.0000
261,scouts,15,3.9595,2.4590,3.0000
261,workers,0,-5.3513,1.1134,3.0000
261,workers,1,7.5024,1.5307,3.0000
261,workers,2,1.2309,-0.0002,3.0000
261,workers,3,2.0502,0.7102,3.0000
262,general,0,0.0000,0.0000,5.0000
262,nodes,0,-5.3401,-3.5238,3.0000
262,nodes,1,5.3421,-3.5240,3.0000
262,nodes,2,-3.9297,3.9264,3.0000
262,nodes,3,3.9286,3.9280,3.0000
262,scouts,0,-3.8317,-3.5608,3.0000
262,scouts,1,-5.3317,-2.0608,3.0000
262,scouts,2,-6.8317,-3.5608,3.0000
262,scouts,3,-5.3317,-5.0608,3.0000
262,scouts,4,6.8335,-3.5609,3.0000
262,scouts,5,5.3335,-2.0609,3.0000
262,scouts,6,3.8335,-3.5609,3.0000
262,scouts,7,5.3335,-5.0609,3.0000
262,scouts,8,-2.4565,3.9531,3.0000
262,scouts,9,-3.9565,5.4531,3.0000
262,scouts,10,-5.4565,3.9531,3.0000
262,scouts,11,-3.9565,2.4531,3.0000
262,scouts,12,5.4554,3.9549,3.0000
262,scouts,13,3.9554,5.4549,3.0000
262,scouts,14,2.4554,3.9549,3.0000
262,scouts,15,3.9554,2.4549,3.0000
262,workers,0,-5.3633,1.1445,3.0000
262,workers,1,7.5049,1.5639,3.0000
262,workers,2,1.2525,-0.0256,3.0000
262,workers,3,2.0250,0.6884,3.0000
263,general,0,0.0000,0.0000,5.0000
263,nodes,0,-5.3414,-3.5181,3.0000
263,nodes,1,5.3435,-3.5182,3.0000
263,nodes,2,-3.9256,3.9222,3.0000
263,nodes,3,3.9245,3.9239,3.0000
263,scouts,0,-3.8330,-3.5551,3.0000
263,scouts,1,-5.3330,-2.0551,3.0000
263,scouts,2,-6.8330,-3.5551,3.0000
263,scouts,3,-5.3330,-5.0551,3.0000
263,scouts,4,6.8348,-3.5552,3.0000
263,scouts,5,5.3348,-2.0552,3.0000
263,scouts,6,3.8348,-3.5552,3.0000
263,scouts,7,5.3348,-5.0552,3.0000
263,scouts,8,-2.4524,3.9490,3.0000
263,scouts,9,-3.9524,5.4490,3.0000
263,scouts,10,-5.4524,3.9490,3.0000
263,scouts,11,-3.9524,2.4490,3.0000
263,scouts,12,5.4512,3.9508,3.0000
263,scouts,13,3.9512,5.4508,3.0000
263,scouts,14,2.4512,3.9508,3.0000
263,scouts,15,3.9512,2.4508,3.0000
263,workers,0,-5.3752,1.1756,3.0000
263,workers,1,7.5075,1.5972,3.0000
263,workers,2,1.2740,-0.0511,3.0000
263,workers,3,1.9999,0.6665,3.0000
264,general,0,0.0000,0.0000,5.0000
264,nodes,0,-5.3427,-3.5125,3.0000
264,nodes,1,5.3448,-3.5125,3.0000
264,nodes,2,-3.9214,3.9182,3.0000
264,nodes,3,3.9204,3.9197,3.0000
264,scouts,0,-3.8343,-3.5494,3.0000
264,scouts,1,-5.3343,-2.0494,3.0000
264,scouts,2,-6.8343,-3.5494,3.0000
264,scouts,3,-5.3343,-5.0494,3.0000
264,scouts,4,6.8362,-3.5495,3.0000
264,scouts,5,5.3362,-2.0495,3.0000
264,scouts,6,3.8362,-3.5495,3.0000
264,scouts,7,5.3362,-5.0495,3.0000
264,scouts,8,-2.4483,3.9448,3.0000
264,scouts,9,-3.9483,5.4448,3.0000
264,scouts,10,-5.4483,3.9448,3.0000
264,scouts,11,-3.9483,2.4448,3.0000
264,scouts,12,5.4471,3.9466,3.0000
264,scouts,13,3.9471,5.4466,3.0000
264,scouts,14,2.4471,3.9466,3.0000
264,scouts,15,3.9471,2.4466,3.0000
264,workers,0,-5.3872,1.2067,3.0000
264,workers,1,7.5100,1.6304,3.0000
264,workers,2,1.2955,-0.0765,3.0000
264,workers,3,1.9747,0.6447,3.0000
265,general,0,0.0000,0.0000,5.0000
265,nodes,0,-5.3439,-3.5067,3.0000
265,nodes,1,5.3461,-3.5068,3.0000
265,nodes,2,-3.9173,3.9141,3.0000
265,nodes,3,3.9163,3.9157,3.0000
265,scouts,0,-3.8356,-3.5437,3.0000
265,scouts,1,-5.3356,-2.0437,3.0000
265,scouts,2,-6.8356,-3.5437,3.0000
265,scouts,3,-5.3356,-5.0437,3.0000
265,scouts,4,6.8375,-3.5438,3.0000
265,scouts,5,5.3375,-2.0438,3.0000
265,scouts,6,3.8375,-3.5438,3.0000
265,scouts,7,5.3375,-5.0438,3.0000
265,scouts,8,-2.4441,3.9407,3.0000
265,scouts,9,-3.9441,5.4407,3.0000
265,scouts,10,-5.4441,3.9407,3.0000
265,scouts,11,-3.9441,2.4407,3.0000
265,scouts,12,5.4430,3.9425,3.0000
265,scouts,13,3.9430,5.4425,3.0000
265,scouts,14,2.4430,3.9425,3.0000
265,scouts,15,3.9430,2.4425,3.0000
265,workers,0,-5.3992,1.2379,3.0000
265,workers,1,7.5126,1.6636,3.0000
265,workers,2,1.3170,-0.1020,3.0000
265,workers,3,1.9495,0.6229,3.0000
266,general,0,0.0000,0.0000,5.0000
266,nodes,0,-5.3452,-3.5011,3.0000
266,nodes,1,5.3475,-3.5010,3.0000
266,nodes,2,-3.9132,3.9099,3.0000
266,nodes,3,3.9121,3.9116,3.0000
266,scouts,0,-3.8369,-3.5380,3.0000
266,scouts,1,-5.3369,-2.0380,3.0000
266,scouts,2,-6.8369,-3.5380,3.0000
266,scouts,3,-5.3369,-5.0380,3.0000
266,scouts,4,6.8388,-3.5381,3.0000
266,scouts,5,5.3388,-2.0381,3.0000
266,scouts,6,3.8388,-3.5381,3.0000
266,scouts,7,5.3388,-5.0381,3.0000
266,scouts,8,-2.4400,3.9366,3.0000
266,scouts,9,-3.9400,5.4366,3.0000
266,scouts,10,-5.4400,3.9366,3.0000
266,scouts,11,-3.9400,2.4366,3.0000
266,scouts,12,5.4389,3.9384,3.0000
266,scouts,13,3.9389,5.4384,3.0000
266,scouts,14,2.4389,3.9384,3.0000
266,scouts,15,3.9389,2.4384,3.0000
266,workers,0,-5.4111,1.2690,3.0000
266,workers,1,7.5151,1.6969,3.0000
266,workers,2,1.3386,-0.1274,3.0000
266,workers,3,1.9243,0.6011,3.0000
267,general,0,0.0000,0.0000,5.0000
267,nodes,0,-5.3465,-3.4954,3.0000
267,nodes,1,5.3488,-3.4953,3.0000
267,nodes,2,-3.9091,3.9058,3.0000
267,nodes,3,3.9080,3.9075,3.0000
267,scouts,0,-3.8382,-3.5324,3.0000
267,scouts,1,-5.3382,-2.0324,3.0000
267,scouts,2,-6.8382,-3.5324,3.0000
267,scouts,3,-5.3382,-5.0324,3.0000
267,scouts,4,6.8401,-3.5324,3.0000
267,scouts,5,5.3401,-2.0324,3.0000
267,scouts,6,3.8401,-3.5324,3.0000
267,scouts,7,5.3401,-5.0324,3.0000
267,scouts,8,-2.4359,3.9325,3.0000
267,scouts,9,-3.9359,5.4325,3.0000
267,scouts,10,-5.4359,3.9325,3.0000
267,scouts,11,-3.9359,2.4325,3.0000
267,scouts,12,5.4348,3.9343,3.0000
267,scouts,13,3.9348,5.4343,3.0000
267,scouts,14,2.4348,3.9343,3.0000
267,scouts,15,3.9348,2.4343,3.0000
267,workers,0,-5.4231,1.3001,3.0000
267,workers,1,7.5177,1.7301,3.0000
267,workers,2,1.3601,-0.1529,3.0000
267,workers,3,1.8991,0.5792,3.0000
268,general,0,0.0000,0.0000,5.0000
268,nodes,0,-5.3478,-3.4897,3.0000
268,nodes,1,5.3501,-3.4896,3.0000
268,nodes,2,-3.9049,3.9018,3.0000
268,nodes,3,3.9039,3.9033,3.0000
268,scouts,0,-3.8394,-3.5267,3.0000
268,scouts,1,-5.3394,-2.0267,3.0000
268,scouts,2,-6.8394,-3.5267,3.0000
268,scouts,3,-5.3394,-5.0267,3.0000
268,scouts,4,6.8415,-3.5267,3.0000
268,scouts,5,5.3415,-2.0267,3.0000
268,scouts,6,3.8415,-3.5267,3.0000
268,scouts,7,5.3415,-5.0267,3.0000
268,scouts,8,-2.4318,3.9284,3.0000
268,scouts,9,-3.9318,5.4284,3.0000
268,scouts,10,-5.4318,3.9284,3.0000
268,scouts,11,-3.9318,2.4284,3.0000
268,scouts,12,5.4307,3.9301,3.0000
268,scouts,13,3.9307,5.4301,3.0000
268,scouts,14,2.4307,3.9301,3.0000
268,scouts,15,3.9307,2.4301,3.0000
268,workers,0,-5.4351,1.3312,3.0000
268,workers,1,7.5203,1.7634,3.0000
268,workers,2,1.3816,-0.1783,3.0000
268,workers,3,1.8739,0.5574,3.0000
269,general,0,0.0000,0.0000,5.0000
269,nodes,0,-5.3490,-3.4840,3.0000
269,nodes,1,5.3514,-3.4839,3.0000
269,nodes,2,-3.9008,3.8977,3.0000
269,nodes,3,3.8998,3.8992,3.0000
269,scouts,0,-3.8407,-3.5210,3.0000
269,scouts,1,-5.3407,-2.0210,3.0000
269,scouts,2,-6.8407,-3.5210,3.0000
269,scouts,3,-5.3407,-5.0210,3.0000
269,scouts,4,6.8428,-3.5210,3.0000
269,scouts,5,5.3428,-2.0210,3.0000
269,scouts,6,3.8428,-3.5210,3.0000
269,scouts,7,5.3428,-5.0210,3.0000
269,scouts,8,-2.4276,3.9243,3.0000
269,scouts,9,-3.9276,5.4243,3.0000
269,scouts,10,-5.4276,3.9243,3.0000
269,scouts,11,-3.9276,2.4243,3.0000
269,scouts,12,5.4266,3.9260,3.0000
269,scouts,13,3.9266,5.4260,3.0000
269,scouts,14,2.4266,3.9260,3.0000
269,scouts,15,3.9266,2.4260,3.0000
269,workers,0,-5.4470,1.3623,3.0000
269,workers,1,7.5228,1.7966,3.0000
269,workers,2,1.4032,-0.2037,3.0000
269,workers,3,1.8487,0.5356,3.0000
270,general,0,0.0000,0.0000,5.0000
270,nodes,0,-5.3503,-3.4784,3.0000
270,nodes,1,5.3527,-3.4782,3.0000
270,nodes,2,-3.8967,3.8936,3.0000
270,nodes,3,3.8956,3.8950,3.0000
270,scouts,0,-3.8420,-3.5153,3.0000
270,scouts,1,-5.3420,-2.0153,3.0000
270,scouts,2,-6.8420,-3.5153,3.0000
270,scouts,3,-5.3420,-5.0153,3.0000
270,scouts,4,6.8441,-3.5153,3.0000
270,scouts,5,5.3441,-2.0153,3.0000
270,scouts,6,3.8441,-3.5153,3.0000
270,scouts,7,5.3441,-5.0153,3.0000
270,scouts,8,-2.4235,3.9202,3.0000
270,scouts,9,-3.9235,5.4202,3.0000
270,scouts,10,-5.4235,3.9202,3.0000
270,scouts,11,-3.9235,2.4202,3.0000
270,scouts,12,5.4224,3.9219,3.0000
270,scouts,13,3.9224,5.4219,3.0000
270,scouts,14,2.4224,3.9219,3.0000
270,scouts,15,3.9224,2.4219,3.0000
270,workers,0,-5.4590,1.3934,3.0000
270,workers,1,7.5254,1.8298,3.0000
270,workers,2,1.4247,-0.2292,3.0000
270,workers,3,1.8235,0.5137,3.0000
271,general,0,0.0000,0.0000,5.0000
271,nodes,0,-5.3517,-3.4727,3.0000
271,nodes,1,5.3540,-3.4725,3.0000
271,nodes,2,-3.8926,3.8894,3.0000
271,nodes,3,3.8914,3.8909,3.0000
271,scouts,0,-3.8433,-3.5096,3.0000
271,scouts,1,-5.3433,-2.0096,3.0000
271,scouts,2,-6.8433,-3.5096,3.0000
271,scouts,3,-5.3433,-5.0096,3.0000
271,scouts,4,6.8454,-3.5096,3.0000
271,scouts,5,5.3454,-2.0096,3.0000
271,scouts,6,3.8454,-3.5096,3.0000
271,scouts,7,5.3454,-5.0096,3.0000
271,scouts,8,-2.4194,3.9161,3.0000
271,scouts,9,-3.9194,5.4161,3.0000
271,scouts,10,-5.4194,3.9161,3.0000
271,scouts,11,-3.9194,2.4161,3.0000
271,scouts,12,5.4183,3.9178,3.0000
271,scouts,13,3.9183,5.4178,3.0000
271,scouts,14,2.4183,3.9178,3.0000
271,scouts,15,3.9183,2.4178,3.0000
271,workers,0,-5.4710,1.4245,3.0000
271,workers,1,7.5279,1.8631,3.0000
271,workers,2,1.4462,-0.2546,3.0000
271,workers,3,1.7983,0.4919,3.0000
272,general,0,0.0000,0.0000,5.0000
272,nodes,0,-5.3529,-3.4670,3.0000
272,nodes,1,5.3554,-3.4668,3.0000
272,nodes,2,-3.8884,3.8853,3.0000
272,nodes,3,3.8873,3.8868,3.0000
272,scouts,0,-3.8446,-3.5039,3.0000
272,scouts,1,-5.3446,-2.0039,3.0000
272,scouts,2,-6.8446,-3.5039,3.0000
272,scouts,3,-5.3446,-5.0039,3.0000
272,scouts,4,6.8468,-3.5039,3.0000
272,scouts,5,5.3468,-2.0039,3.0000
272,scouts,6,3.8468,-3.5039,3.0000
272,scouts,7,5.3468,-5.0039,3.0000
272,scouts,8,-2.4153,3.9120,3.0000
272,scouts,9,-3.9153,5.4120,3.0000
272,scouts,10,-5.4153,3.9120,3.0000
272,scouts,11,-3.9153,2.4120,3.0000
272,scouts,12,5.4142,3.9136,3.0000
272,scouts,13,3.9142,5.4136,3.0000
272,scouts,14,2.4142,3.9136,3.0000
272,scouts,15,3.9142,2.4136,3.0000
272,workers,0,-5.4829,1.4556,3.0000
272,workers,1,7.5305,1.8963,3.0000
272,workers,2,1.4678,-0.2801,3.0000
272,workers,3,1.7732,0.4701,3.0000
273,general,0,0.0000,0.0000,5.0000
273,nodes,0,-5.3542,-3.4613,3.0000
273,nodes,1,5.3568,-3.4611,3.0000
273,nodes,2,-3.8843,3.8812,3.0000
273,nodes,3,3.8832,3.8826,3.0000
273,scouts,0,-3.8459,-3.4983,3.0000
273,scouts,1,-5.3459,-1.9983,3.0000
273,scouts,2,-6.8459,-3.4983,3.0000
273,scouts,3,-5.3459,-4.9983,3.0000
273,scouts,4,6.8481,-3.4982,3.0000
273,scouts,5,5.3481,-1.9982,3.0000
273,scouts,6,3.8481,-3.4982,3.0000
273,scouts,7,5.3481,-4.9982,3.0000
273,scouts,8,-2.4111,3.9079,3.0000
273,scouts,9,-3.9111,5.4079,3.0000
273,scouts,10,-5.4111,3.9079,3.0000
273,scouts,11,-3.9111,2.4079,3.0000
273,scouts,12,5.4100,3.9095,3.0000
273,scouts,13,3.9100,5.4095,3.0000
273,scouts,14,2.4100,3.9095,3.0000
273,scouts,15,3.9100,2.4095,3.0000
273,workers,0,-5.4949,1.4868,3.0000
273,workers,1,7.5330,1.9295,3.0000
273,workers,2,1.4893,-0.3055,3.0000
273,workers,3,1.7480,0.4482,3.0000
274,general,0,0.0000,0.0000,5.0000
274,nodes,0,-5.3555,-3.4556,3.0000
274,nodes,1,5.3581,-3.4554,3.0000
274,nodes,2,-3.8802,3.8771,3.0000
274,nodes,3,3.8791,3.8785,3.0000
274,scouts,0,-3.8471,-3.4926,3.0000
274,scouts,1,-5.3471,-1.9926,3.0000
274,scouts,2,-6.8471,-3.4926,3.0000
274,scouts,3,-5.3471,-4.9926,3.0000
274,scouts,4,6.8495,-3.4925,3.0000
274,scouts,5,5.3495,-1.9925,3.0000
274,scouts,6,3.8495,-3.4925,3.0000
274,scouts,7,5.3495,-4.9925,3.0000
274,scouts,8,-2.4070,3.9038,3.0000
274,scouts,9,-3.9070,5.4038,3.0000
274,scouts,10,-5.4070,3.9038,3.0000
274,scouts,11,-3.9070,2.4038,3.0000
274,scouts,12,5.4059,3.9054,3.0000
274,scouts,13,3.9059,5.4054,3.0000
274,scouts,14,2.4059,3.9054,3.0000
274,scouts,15,3.9059,2.4054,3.0000
274,workers,0,-5.5069,1.5179,3.0000
274,workers,1,7.5356,1.9628,3.0000
274,workers,2,1.5108,-0.3310,3.0000
274,workers,3,1.7228,0.4264,3.0000
275,general,0,0.0000,0.0000,5.0000
275,nodes,0,-5.3568,-3.4500,3.0000
275,nodes,1,5.3594,-3.4496,3.0000
275,nodes,2,-3.8760,3.8731,3.0000
275,nodes,3,3.8750,3.8745,3.0000
275,scouts,0,-3.8484,-3.4869,3.0000
275,scouts,1,-5.3484,-1.9869,3.0000
275,scouts,2,-6.8484,-3.4869,3.0000
275,scouts,3,-5.3484,-4.9869,3.0000
275,scouts,4,6.8508,-3.4868,3.0000
275,scouts,5,5.3508,-1.9868,3.0000
275,scouts,6,3.8508,-3.4868,3.0000
275,scouts,7,5.3508,-4.9868,3.0000
275,scouts,8,-2.4029,3.8997,3.0000
275,scouts,9,-3.9029,5.3997,3.0000
275,scouts,10,-5.4029,3.8997,3.0000
275,scouts,11,-3.9029,2.3997,3.0000
275,scouts,12,5.4018,3.9012,3.0000
275,scouts,13,3.9018,5.4012,3.0000
275,scouts,14,2.4018,3.9012,3.0000
275,scouts,15,3.9018,2.4012,3.0000
275,workers,0,-5.5188,1.5490,3.0000
275,workers,1,7.5382,1.9960,3.0000
275,workers,2,1.5324,-0.3564,3.0000
275,workers,3,1.6976,0.4046,3.0000
276,general,0,0.0000,0.0000,5.0000
276,nodes,0,-5.3581,-3.4443,3.0000
276,nodes,1,5.3607,-3.4439,3.0000
276,nodes,2,-3.8718,3.8689,3.0000
276,nodes,3,3.8709,3.8704,3.0000
276,scouts,0,-3.8497,-3.4812,3.0000
276,scouts,1,-5.3497,-1.9812,3.0000
276,scouts,2,-6.8497,-3.4812,3.0000
276,scouts,3,-5.3497,-4.9812,3.0000
276,scouts,4,6.8521,-3.4810,3.0000
276,scouts,5,5.3521,-1.9810,3.0000
276,scouts,6,3.8521,-3.4810,3.0000
276,scouts,7,5.3521,-4.9810,3.0000
276,scouts,8,-2.3987,3.8956,3.0000
276,scouts,9,-3.8987,5.3956,3.0000
276,scouts,10,-5.3987,3.8956,3.0000
276,scouts,11,-3.8987,2.3956,3.0000
276,scouts,12,5.3977,3.8971,3.0000
276,scouts,13,3.8977,5.3971,3.0000
276,scouts,14,2.3977,3.8971,3.0000
276,scouts,15,3.8977,2.3971,3.0000
276,workers,0,-5.5308,1.5801,3.0000
276,workers,1,7.5407,2.0292,3.0000
276,workers,2,1.5539,-0.3819,3.0000
276,workers,3,1.6724,0.3827,3.0000
277,general,0,0.0000,0.0000,5.0000
277,nodes,0,-5.3594,-3.4385,3.0000
277,nodes,1,5.3621,-3.4382,3.0000
277,nodes,2,-3.8678,3.8649,3.0000
277,nodes,3,3.8667,3.8663,3.0000
277,scouts,0,-3.8510,-3.4755,3.0000
277,scouts,1,-5.3510,-1.9755,3.0000
277,scouts,2,-6.8510,-3.4755,3.0000
277,scouts,3,-5.3510,-4.9755,3.0000
277,scouts,4,6.8534,-3.4753,3.0000
277,scouts,5,5.3534,-1.9753,3.0000
277,scouts,6,3.8534,-3.4753,3.0000
277,scouts,7,5.3534,-4.9753,3.0000
277,scouts,8,-2.3946,3.8915,3.0000
277,scouts,9,-3.8946,5.3915,3.0000
277,scouts,10,-5.3946,3.8915,3.0000
277,scouts,11,-3.8946,2.3915,3.0000
277,scouts,12,5.3935,3.8930,3.0000
277,scouts,13,3.8935,5.3930,3.0000
277,scouts,14,2.3935,3.8930,3.0000
277,scouts,15,3.8935,2.3930,3.0000
277,workers,0,-5.5428,1.6112,3.0000
277,workers,1,7.5433,2.0625,3.0000
277,workers,2,1.5754,-0.4073,3.0000
277,workers,3,1.6472,0.3609,3.0000
278,general,0,0.0000,0.0000,5.0000
278,nodes,0,-5.3609,-3.4329,3.0000
278,nodes,1,5.3634,-3.4326,3.0000
278,nodes,2,-3.8637,3.8608,3.0000
278,nodes,3,3.8626,3.8621,3.0000
278,scouts,0,-3.8523,-3.4699,3.0000
278,scouts,1,-5.3523,-1.9699,3.0000
278,scouts,2,-6.8523,-3.4699,3.0000
278,scouts,3,-5.3523,-4.9699,3.0000
278,scouts,4,6.8548,-3.4696,3.0000
278,scouts,5,5.3548,-1.9696,3.0000
278,scouts,6,3.8548,-3.4696,3.0000
278,scouts,7,5.3548,-4.9696,3.0000
278,scouts,8,-2.3905,3.8874,3.0000
278,scouts,9,-3.8905,5.3874,3.0000
278,scouts,10,-5.3905,3.8874,3.0000
278,scouts,11,-3.8905,2.3874,3.0000
278,scouts,12,5.3894,3.8889,3.0000
278,scouts,13,3.8894,5.3889,3.0000
278,scouts,14,2.3894,3.8889,3.0000
278,scouts,15,3.8894,2.3889,3.0000
278,workers,0,-5.5547,1.6423,3.0000
278,workers,1,7.5458,2.0957,3.0000
278,workers,2,1.5970,-0.4328,3.0000
278,workers,3,1.6220,0.3391,3.0000
279,general,0,0.0000,0.0000,5.0000
279,nodes,0,-5.3621,-3.4272,3.0000
279,nodes,1,5.3647,-3.4269,3.0000
279,nodes,2,-3.8596,3.8566,3.0000
279,nodes,3,3.8586,3.8580,3.0000
279,scouts,0,-3.8536,-3.4642,3.0000
279,scouts,1,-5.3536,-1.9642,3.0000
279,scouts,2,-6.8536,-3.4642,3.0000
279,scouts,3,-5.3536,-4.9642,3.0000
279,scouts,4,6.8561,-3.4639,3.0000
279,scouts,5,5.3561,-1.9639,3.0000
279,scouts,6,3.8561,-3.4639,3.0000
279,scouts,7,5.3561,-4.9639,3.0000
279,scouts,8,-2.3864,3.8833,3.0000
279,scouts,9,-3.8864,5.3833,3.0000
279,scouts,10,-5.3864,3.8833,3.0000
279,scouts,11,-3.8864,2.3833,3.0000
279,scouts,12,5.3853,3.8848,3.0000
279,scouts,13,3.8853,5.3848,3.0000
279,scouts,14,2.3853,3.8848,3.0000
279,scouts,15,3.8853,2.3848,3.0000
279,workers,0,-5.5667,1.6734,3.0000
279,workers,1,7.5484,2.1289,3.0000
279,workers,2,1.6185,-0.4582,3.0000
279,workers,3,1.5968,0.3172,3.0000
280,general,0,0.0000,0.0000,5.0000
280,nodes,0,-5.3635,-3.4215,3.0000
280,nodes,1,5.3661,-3.4212,3.0000
280,nodes,2,-3.8555,3.8524,3.0000
280,nodes,3,3.8544,3.8538,3.0000
280,scouts,0,-3.8549,-3.4585,3.0000
280,scouts,1,-5.3549,-1.9585,3.0000
280,scouts,2,-6.8549,-3.4585,3.0000
280,scouts,3,-5.3549,-4.9585,3.0000
280,scouts,4,6.8574,-3.4582,3.0000
280,scouts,5,5.3574,-1.9582,3.0000
280,scouts,6,3.8574,-3.4582,3.0000
280,scouts,7,5.3574,-4.9582,3.0000
280,scouts,8,-2.3822,3.8792,3.0000
280,scouts,9,-3.8822,5.3792,3.0000
280,scouts,10,-5.3822,3.8792,3.0000
280,scouts,11,-3.8822,2.3792,3.0000
280,scouts,12,5.3812,3.8807,3.0000
280,scouts,13,3.8812,5.3807,3.0000
280,scouts,14,2.3812,3.8807,3.0000
280,scouts,15,3.8812,2.3807,3.0000
280,workers,0,-5.5787,1.7045,3.0000
280,workers,1,7.5509,2.1622,3.0000
280,workers,2,1.6400,-0.4837,3.0000
280,workers,3,1.5716,0.2954,3.0000
281,general,0,0.0000,0.0000,5.0000
281,nodes,0,-5.3647,-3.4158,3.0000
281,nodes,1,5.3674,-3.4156,3.0000
281,nodes,2,-3.8514,3.8483,3.0000
281,nodes,3,3.8503,3.8497,3.0000
281,scouts,0,-3.8562,-3.4528,3.0000
281,scouts,1,-5.3562,-1.9528,3.0000
281,scouts,2,-6.8562,-3.4528,3.0000
281,scouts,3,-5.3562,-4.9528,3.0000
281,scouts,4,6.8588,-3.4525,3.0000
281,scouts,5,5.3588,-1.9525,3.0000
281,scouts,6,3.8588,-3.4525,3.0000
281,scouts,7,5.3588,-4.9525,3.0000
281,scouts,8,-2.3781,3.8751,3.0000
281,scouts,9,-3.8781,5.3751,3.0000
281,scouts,10,-5.3781,3.8751,3.0000
281,scouts,11,-3.8781,2.3751,3.0000
281,scouts,12,5.3771,3.8765,3.0000
281,scouts,13,3.8771,5.3765,3.0000
281,scouts,14,2.3771,3.8765,3.0000
281,scouts,15,3.8771,2.3765,3.0000
281,workers,0,-5.5906,1.7356,3.0000
281,workers,1,7.5535,2.1954,3.0000
281,workers,2,1.6615,-0.5091,3.0000
281,workers,3,1.5464,0.2736,3.0000
282,general,0,0.0000,0.0000,5.0000
282,nodes,0,-5.3660,-3.4102,3.0000
282,nodes,1,5.3687,-3.4099,3.0000
282,nodes,2,-3.8472,3.8442,3.0000
282,nodes,3,3.8462,3.8456,3.0000
282,scouts,0,-3.8576,-3.4471,3.0000
282,scouts,1,-5.3576,-1.9471,3.0000
282,scouts,2,-6.8576,-3.4471,3.0000
282,scouts,3,-5.3576,-4.9471,3.0000
282,scouts,4,6.8601,-3.4469,3.0000
282,scouts,5,5.3601,-1.9469,3.0000
282,scouts,6,3.8601,-3.4469,3.0000
282,scouts,7,5.3601,-4.9469,3.0000
282,scouts,8,-2.3740,3.8709,3.0000
282,scouts,9,-3.8740,5.3709,3.0000
282,scouts,10,-5.3740,3.8709,3.0000
282,scouts,11,-3.8740,2.3709,3.0000
282,scouts,12,5.3729,3.8724,3.0000
282,scouts,13,3.8729,5.3724,3.0000
282,scouts,14,2.3729,3.8724,3.0000
282,scouts,15,3.8729,2.3724,3.0000
282,workers,0,-5.6026,1.7668,3.0000
282,workers,1,7.5560,2.2286,3.0000
282,workers,2,1.6831,-0.5346,3.0000
282,workers,3,1.5213,0.2518,3.0000
283,general,0,0.0000,0.0000,5.0000
283,nodes,0,-5.3674,-3.4045,3.0000
283,nodes,1,5.3700,-3.4042,3.0000
283,nodes,2,-3.8431,3.8400,3.0000
283,nodes,3,3.8420,3.8414,3.0000
283,scouts,0,-3.8589,-3.4414,3.0000
283,scouts,1,-5.3589,-1.9414,3.0000
283,scouts,2,-6.8589,-3.4414,3.0000
283,scouts,3,-5.3589,-4.9414,3.0000
283,scouts,4,6.8614,-3.4412,3.0000
283,scouts,5,5.3614,-1.9412,3.0000
283,scouts,6,3.8614,-3.4412,3.0000
283,scouts,7,5.3614,-4.9412,3.0000
283,scouts,8,-2.3699,3.8668,3.0000
283,scouts,9,-3.8699,5.3668,3.0000
283,scouts,10,-5.3699,3.8668,3.0000
283,scouts,11,-3.8699,2.3668,3.0000
283,scouts,12,5.3688,3.8683,3.0000
283,scouts,13,3.8688,5.3683,3.0000
283,scouts,14,2.3688,3.8683,3.0000
283,scouts,15,3.8688,2.3683,3.0000
283,workers,0,-5.6146,1.7979,3.0000
283,workers,1,7.5586,2.2619,3.0000
283,workers,2,1.7046,-0.5600,3.0000
283,workers,3,1.4961,0.2299,3.0000
284,general,0,0.0000,0.0000,5.0000
284,nodes,0,-5.3687,-3.3989,3.0000
284,nodes,1,5.3714,-3.3985,3.0000
284,nodes,2,-3.8389,3.8360,3.0000
284,nodes,3,3.8380,3.8373,3.0000
284,scouts,0,-3.8602,-3.4358,3.0000
284,scouts,1,-5.3602,-1.9358,3.0000
284,scouts,2,-6.8602,-3.4358,3.0000
284,scouts,3,-5.3602,-4.9358,3.0000
284,scouts,4,6.8627,-3.4355,3.0000
284,scouts,5,5.3627,-1.9355,3.0000
284,scouts,6,3.8627,-3.4355,3.0000
284,scouts,7,5.3627,-4.9355,3.0000
284,scouts,8,-2.3658,3.8627,3.0000
284,scouts,9,-3.8658,5.3627,3.0000
284,scouts,10,-5.3658,3.8627,3.0000
284,scouts,11,-3.8658,2.3627,3.0000
284,scouts,12,5.3647,3.8641,3.0000
284,scouts,13,3.8647,5.3641,3.0000
284,scouts,14,2.3647,3.8641,3.0000
284,scouts,15,3.8647,2.3641,3.0000
284,workers,0,-5.6265,1.8290,3.0000
284,workers,1,7.5612,2.2951,3.0000
284,workers,2,1.7261,-0.5854,3.0000
284,workers,3,1.4709,0.2081,3.0000
285,general,0,0.0000,0.0000,5.0000
285,nodes,0,-5.3700,-3.3932,3.0000
285,nodes,1,5.3727,-3.3928,3.0000
285,nodes,2,-3.8348,3.8319,3.0000
285,nodes,3,3.8339,3.8332,3.0000
285,scouts,0,-3.8615,-3.4301,3.0000
285,scouts,1,-5.3615,-1.9301,3.0000
285,scouts,2,-6.8615,-3.4301,3.0000
285,scouts,3,-5.3615,-4.9301,3.0000
285,scouts,4,6.8641,-3.4298,3.0000
285,scouts,5,5.3641,-1.9298,3.0000
285,scouts,6,3.8641,-3.4298,3.0000
285,scouts,7,5.3641,-4.9298,3.0000
285,scouts,8,-2.3616,3.8586,3.0000
285,scouts,9,-3.8616,5.3586,3.0000
285,scouts,10,-5.3616,3.8586,3.0000
285,scouts,11,-3.8616,2.3586,3.0000
285,scouts,12,5.3606,3.8600,3.0000
285,scouts,13,3.8606,5.3600,3.0000
285,scouts,14,2.3606,3.8600,3.0000
285,scouts,15,3.8606,2.3600,3.0000
285,workers,0,-5.6385,1.8601,3.0000
285,workers,1,7.5637,2.3283,3.0000
285,workers,2,1.7477,-0.6109,3.0000
285,workers,3,1.4457,0.1863,3.0000
286,general,0,0.0000,0.0000,5.0000
286,nodes,0,-5.3712,-3.3875,3.0000
286,nodes,1,5.3740,-3.3872,3.0000
286,nodes,2,-3.8306,3.8278,3.0000
286,nodes,3,3.8298,3.8290,3.0000
286,scouts,0,-3.8628,-3.4244,3.0000
286,scouts,1,-5.3628,-1.9244,3.0000
286,scouts,2,-6.8628,-3.4244,3.0000
286,scouts,3,-5.3628,-4.9244,3.0000
286,scouts,4,6.8654,-3.4241,3.0000
286,scouts,5,5.3654,-1.9241,3.0000
286,scouts,6,3.8654,-3.4241,3.0000
286,scouts,7,5.3654,-4.9241,3.0000
286,scouts,8,-2.3575,3.8545,3.0000
286,scouts,9,-3.8575,5.3545,3.0000
286,scouts,10,-5.3575,3.8545,3.0000
286,scouts,11,-3.8575,2.3545,3.0000
286,scouts,12,5.3565,3.8559,3.0000
286,scouts,13,3.8565,5.3559,3.0000
286,scouts,14,2.3565,3.8559,3.0000
286,scouts,15,3.8565,2.3559,3.0000
286,workers,0,-5.6505,1.8912,3.0000
286,workers,1,7.5663,2.3616,3.0000
286,workers,2,1.7692,-0.6363,3.0000
286,workers,3,1.4205,0.1644,3.0000
287,general,0,0.0000,0.0000,5.0000
287,nodes,0,-5.3725,-3.3819,3.0000
287,nodes,1,5.3753,-3.3815,3.0000
287,nodes,2,-3.8265,3.8237,3.0000
287,nodes,3,3.8257,3.8249,3.0000
287,scouts,0,-3.8641,-3.4187,3.0000
287,scouts,1,-5.3641,-1.9187,3.0000
287,scouts,2,-6.8641,-3.4187,3.0000
287,scouts,3,-5.3641,-4.9187,3.0000
287,scouts,4,6.8667,-3.4184,3.0000
287,scouts,5,5.3667,-1.9184,3.0000
287,scouts,6,3.8667,-3.4184,3.0000
287,scouts,7,5.3667,-4.9184,3.0000
287,scouts,8,-2.3534,3.8504,3.0000
287,scouts,9,-3.8534,5.3504,3.0000
287,scouts,10,-5.3534,3.8504,3.0000
287,scouts,11,-3.8534,2.3504,3.0000
287,scouts,12,5.3524,3.8517,3.0000
287,scouts,13,3.8524,5.3517,3.0000
287,scouts,14,2.3524,3.8517,3.0000
287,scouts,15,3.8524,2.3517,3.0000
287,workers,0,-5.6624,1.9223,3.0000
287,workers,1,7.5688,2.3948,3.0000
287,workers,2,1.7907,-0.6618,3.0000
287,workers,3,1.3953,0.1426,3.0000
288,general,0,0.0000,0.0000,5.0000
288,nodes,0,-5.3738,-3.3762,3.0000
288,nodes,1,5.3765,-3.3758,3.0000
288,nodes,2,-3.8224,3.8196,3.0000
288,nodes,3,3.8215,3.8208,3.0000
288,scouts,0,-3.8654,-3.4131,3.0000
288,scouts,1,-5.3654,-1.9131,3.0000
288,scouts,2,-6.8654,-3.4131,3.0000
288,scouts,3,-5.3654,-4.9131,3.0000
288,scouts,4,6.8680,-3.4128,3.0000
288,scouts,5,5.3680,-1.9128,3.0000
288,scouts,6,3.8680,-3.4128,3.0000
288,scouts,7,5.3680,-4.9128,3.0000
288,scouts,8,-2.3492,3.8463,3.0000
288,scouts,9,-3.8492,5.3463,3.0000
288,scouts,10,-5.3492,3.8463,3.0000
288,scouts,11,-3.8492,2.3463,3.0000
288,scouts,12,5.3483,3.8476,3.0000
288,scouts,13,3.8483,5.3476,3.0000
288,scouts,14,2.3483,3.8476,3.0000
288,scouts,15,3.8483,2.3476,3.0000
288,workers,0,-5.6744,1.9534,3.0000
288,workers,1,7.5714,2.4281,3.0000
288,workers,2,1.8123,-0.6872,3.0000
288,workers,3,1.3701,0.1208,3.0000
289,general,0,0.0000,0.0000,5.0000
289,nodes,0,-5.3751,-3.3704,3.0000
289,nodes,1,5.3778,-3.3702,3.0000
289,nodes,2,-3.8182,3.8154,3.0000
289,nodes,3,3.8174,3.8166,3.0000
289,scouts,0,-3.8667,-3.4074,3.0000
289,scouts,1,-5.3667,-1.9074,3.0000
289,scouts,2,-6.8667,-3.4074,3.0000
289,scouts,3,-5.3667,-4.9074,3.0000
289,scouts,4,6.8693,-3.4071,3.0000
289,scouts,5,5.3693,-1.9071,3.0000
289,scouts,6,3.8693,-3.4071,3.0000
289,scouts,7,5.3693,-4.9071,3.0000
289,scouts,8,-2.3451,3.8422,3.0000
289,scouts,9,-3.8451,5.3422,3.0000
289,scouts,10,-5.3451,3.8422,3.0000
289,scouts,11,-3.8451,2.3422,3.0000
289,scouts,12,5.3442,3.8435,3.0000
289,scouts,13,3.8442,5.3435,3.0000
289,scouts,14,2.3442,3.8435,3.0000
289,scouts,15,3.8442,2.3435,3.0000
289,workers,0,-5.6864,1.9845,3.0000
289,workers,1,7.5739,2.4613,3.0000
289,workers,2,1.8338,-0.7127,3.0000
289,workers,3,1.3449,0.0989,3.0000
290,general,0,0.0000,0.0000,5.0000
290,nodes,0,-5.3765,-3.3647,3.0000
290,nodes,1,5.3792,-3.3646,3.0000
290,nodes,2,-3.8141,3.8113,3.0000
290,nodes,3,3.8133,3.8125,3.0000
290,scouts,0,-3.8680,-3.4017,3.0000
290,scouts,1,-5.3680,-1.9017,3.0000
290,scouts,2,-6.8680,-3.4017,3.0000
290,scouts,3,-5.3680,-4.9017,3.0000
290,scouts,4,6.8706,-3.4014,3.0000
290,scouts,5,5.3706,-1.9014,3.0000
290,scouts,6,3.8706,-3.4014,3.0000
290,scouts,7,5.3706,-4.9014,3.0000
290,scouts,8,-2.3410,3.8380,3.0000
290,scouts,9,-3.8410,5.3380,3.0000
290,scouts,10,-5.3410,3.8380,3.0000
290,scouts,11,-3.8410,2.3380,3.0000
290,scouts,12,5.3400,3.8393,3.0000
290,scouts,13,3.8400,5.3393,3.0000
290,scouts,14,2.3400,3.8393,3.0000
290,scouts,15,3.8400,2.3393,3.0000
290,workers,0,-5.6983,2.0156,3.0000
290,workers,1,7.5765,2.4945,3.0000
290,workers,2,1.8553,-0.7381,3.0000
290,workers,3,1.3197,0.0771,3.0000
291,general,0,0.0000,0.0000,5.0000
291,nodes,0,-5.3778,-3.3590,3.0000
291,nodes,1,5.3804,-3.3589,3.0000
291,nodes,2,-3.8099,3.8072,3.0000
291,nodes,3,3.8091,3.8083,3.0000
291,scouts,0,-3.8693,-3.3960,3.0000
291,scouts,1,-5.3693,-1.8960,3.0000
291,scouts,2,-6.8693,-3.3960,3.0000
291,scouts,3,-5.3693,-4.8960,3.0000
291,scouts,4,6.8719,-3.3957,3.0000
291,scouts,5,5.3719,-1.8957,3.0000
291,scouts,6,3.8719,-3.3957,3.0000
291,scouts,7,5.3719,-4.8957,3.0000
291,scouts,8,-2.3368,3.8339,3.0000
291,scouts,9,-3.8368,5.3339,3.0000
291,scouts,10,-5.3368,3.8339,3.0000
291,scouts,11,-3.8368,2.3339,3.0000
291,scouts,12,5.3359,3.8352,3.0000
291,scouts,13,3.8359,5.3352,3.0000
291,scouts,14,2.3359,3.8352,3.0000
291,scouts,15,3.8359,2.3352,3.0000
291,workers,0,-5.7103,2.0468,3.0000
291,workers,1,7.5791,2.5278,3.0000
291,workers,2,1.8769,-0.7636,3.0000
291,workers,3,1.2945,0.0553,3.0000
292,general,0,0.0000,0.0000,5.0000
292,nodes,0,-5.3791,-3.3533,3.0000
292,nodes,1,5.3817,-3.3532,3.0000
292,nodes,2,-3.8058,3.8031,3.0000
292,nodes,3,3.8050,3.8042,3.0000
292,scouts,0,-3.8706,-3.3903,3.0000
292,scouts,1,-5.3706,-1.8903,3.0000
292,scouts,2,-6.8706,-3.3903,3.0000
292,scouts,3,-5.3706,-4.8903,3.0000
292,scouts,4,6.8733,-3.3901,3.0000
292,scouts,5,5.3733,-1.8901,3.0000
292,scouts,6,3.8733,-3.3901,3.0000
292,scouts,7,5.3733,-4.8901,3.0000
292,scouts,8,-2.3327,3.8298,3.0000
292,scouts,9,-3.8327,5.3298,3.0000
292,scouts,10,-5.3327,3.8298,3.0000
292,scouts,11,-3.8327,2.3298,3.0000
292,scouts,12,5.3318,3.8311,3.0000
292,scouts,13,3.8318,5.3311,3.0000
292,scouts,14,2.3318,3.8311,3.0000
292,scouts,15,3.8318,2.3311,3.0000
292,workers,0,-5.7223,2.0779,3.0000
292,workers,1,7.5816,2.5610,3.0000
292,workers,2,1.8984,-0.7890,3.0000
292,workers,3,1.2694,0.0334,3.0000
293,general,0,0.0000,0.0000,5.0000
293,nodes,0,-5.3804,-3.3475,3.0000
293,nodes,1,5.3830,-3.3474,3.0000
293,nodes,2,-3.8017,3.7990,3.0000
293,nodes,3,3.8010,3.8000,3.0000
293,scouts,0,-3.8719,-3.3846,3.0000
293,scouts,1,-5.3719,-1.8846,3.0000
293,scouts,2,-6.8719,-3.3846,3.0000
293,scouts,3,-5.3719,-4.8846,3.0000
293,scouts,4,6.8745,-3.3844,3.0000
293,scouts,5,5.3745,-1.8844,3.0000
293,scouts,6,3.8745,-3.3844,3.0000
293,scouts,7,5.3745,-4.8844,3.0000
293,scouts,8,-2.3286,3.8257,3.0000
293,scouts,9,-3.8286,5.3257,3.0000
293,scouts,10,-5.3286,3.8257,3.0000
293,scouts,11,-3.8286,2.3257,3.0000
293,scouts,12,5.3277,3.8269,3.0000
293,scouts,13,3.8277,5.3269,3.0000
293,scouts,14,2.3277,3.8269,3.0000
293,scouts,15,3.8277,2.3269,3.0000
293,workers,0,-5.7342,2.1090,3.0000
293,workers,1,7.5842,2.5942,3.0000
293,workers,2,1.9199,-0.8145,3.0000
293,workers,3,1.2442,0.0116,3.0000
294,general,0,0.0000,0.0000,5.0000
294,nodes,0,-5.3816,-3.3419,3.0000
294,nodes,1,5.3842,-3.3417,3.0000
294,nodes,2,-3.7975,3.7948,3.0000
294,nodes,3,3.7969,3.7960,3.0000
294,scouts,0,-3.8732,-3.3789,3.0000
294,scouts,1,-5.3732,-1.8789,3.0000
294,scouts,2,-6.8732,-3.3789,3.0000
294,scouts,3,-5.3732,-4.8789,3.0000
294,scouts,4,6.8758,-3.3787,3.0000
294,scouts,5,5.3758,-1.8787,3.0000
294,scouts,6,3.8758,-3.3787,3.0000
294,scouts,7,5.3758,-4.8787,3.0000
294,scouts,8,-2.3244,3.8216,3.0000
294,scouts,9,-3.8244,5.3216,3.0000
294,scouts,10,-5.3244,3.8216,3.0000
294,scouts,11,-3.8244,2.3216,3.0000
294,scouts,12,5.3236,3.8228,3.0000
294,scouts,13,3.8236,5.3228,3.0000
294,scouts,14,2.3236,3.8228,3.0000
294,scouts,15,3.8236,2.3228,3.0000
294,workers,0,-5.7462,2.1401,3.0000
294,workers,1,7.5867,2.6275,3.0000
294,workers,2,1.9415,-0.8399,3.0000
294,workers,3,1.2190,-0.0102,3.0000
295,general,0,0.0000,0.0000,5.0000
295,nodes,0,-5.3829,-3.3361,3.0000
295,nodes,1,5.3855,-3.3361,3.0000
295,nodes,2,-3.7934,3.7907,3.0000
295,nodes,3,3.7928,3.7919,3.0000
295,scouts,0,-3.8745,-3.3732,3.0000
295,scouts,1,-5.3745,-1.8732,3.0000
295,scouts,2,-6.8745,-3.3732,3.0000
295,scouts,3,-5.3745,-4.8732,3.0000
295,scouts,4,6.8771,-3.3730,3.0000
295,scouts,5,5.3771,-1.8730,3.0000
295,scouts,6,3.8771,-3.3730,3.0000
295,scouts,7,5.3771,-4.8730,3.0000
295,scouts,8,-2.3203,3.8175,3.0000
295,scouts,9,-3.8203,5.3175,3.0000
295,scouts,10,-5.3203,3.8175,3.0000
295,scouts,11,-3.8203,2.3175,3.0000
295,scouts,12,5.3195,3.8187,3.0000
295,scouts,13,3.8195,5.3187,3.0000
295,scouts,14,2.3195,3.8187,3.0000
295,scouts,15,3.8195,2.3187,3.0000
295,workers,0,-5.7582,2.1712,3.0000
295,workers,1,7.5893,2.6607,3.0000
295,workers,2,1.9630,-0.8654,3.0000
295,workers,3,1.1938,-0.0320,3.0000
296,general,0,0.0000,0.0000,5.0000
296,nodes,0,-5.3843,-3.3304,3.0000
296,nodes,1,5.3869,-3.3304,3.0000
296,nodes,2,-3.7892,3.7865,3.0000
296,nodes,3,3.7886,3.7878,3.0000
296,scouts,0,-3.8758,-3.3675,3.0000
296,scouts,1,-5.3758,-1.8675,3.0000
296,scouts,2,-6.8758,-3.3675,3.0000
296,scouts,3,-5.3758,-4.8675,3.0000
296,scouts,4,6.8784,-3.3673,3.0000
296,scouts,5,5.3784,-1.8673,3.0000
296,scouts,6,3.8784,-3.3673,3.0000
296,scouts,7,5.3784,-4.8673,3.0000
296,scouts,8,-2.3161,3.8133,3.0000
296,scouts,9,-3.8161,5.3133,3.0000
296,scouts,10,-5.3161,3.8133,3.0000
296,scouts,11,-3.8161,2.3133,3.0000
296,scouts,12,5.3154,3.8146,3.0000
296,scouts,13,3.8154,5.3146,3.0000
296,scouts,14,2.3154,3.8146,3.0000
296,scouts,15,3.8154,2.3146,3.0000
296,workers,0,-5.7701,2.2023,3.0000
296,workers,1,7.5918,2.6939,3.0000
296,workers,2,1.9845,-0.8908,3.0000
296,workers,3,1.1686,-0.0539,3.0000
297,general,0,0.0000,0.0000,5.0000
297,nodes,0,-5.3856,-3.3247,3.0000
297,nodes,1,5.3883,-3.3247,3.0000
297,nodes,2,-3.7852,3.7824,3.0000
297,nodes,3,3.7845,3.7837,3.0000
297,scouts,0,-3.8771,-3.3618,3.0000
297,scouts,1,-5.3771,-1.8618,3.0000
297,scouts,2,-6.8771,-3.3618,3.0000
297,scouts,3,-5.3771,-4.8618,3.0000
297,scouts,4,6.8797,-3.3616,3.0000
297,scouts,5,5.3797,-1.8616,3.0000
297,scouts,6,3.8797,-3.3616,3.0000
297,scouts,7,5.3797,-4.8616,3.0000
297,scouts,8,-2.3120,3.8092,3.0000
297,scouts,9,-3.8120,5.3092,3.0000
297,scouts,10,-5.3120,3.8092,3.0000
297,scouts,11,-3.8120,2.3092,3.0000
297,scouts,12,5.3112,3.8104,3.0000
297,scouts,13,3.8112,5.3104,3.0000
297,scouts,14,2.3112,3.8104,3.0000
297,scouts,15,3.8112,2.3104,3.0000
297,workers,0,-5.7821,2.2334,3.0000
297,workers,1,7.5944,2.7272,3.0000
297,workers,2,2.0061,-0.9162,3.0000
297,workers,3,1.1434,-0.0757,3.0000
298,general,0,0.0000,0.0000,5.0000
298,nodes,0,-5.3869,-3.3191,3.0000
298,nodes,1,5.3897,-3.3190,3.0000
298,nodes,2,-3.7811,3.7783,3.0000
298,nodes,3,3.7805,3.7796,3.0000
298,scouts,0,-3.8784,-3.3561,3.0000
298,scouts,1,-5.3784,-1.8561,3.0000
298,scouts,2,-6.8784,-3.3561,3.0000
298,scouts,3,-5.3784,-4.8561,3.0000
298,scouts,4,6.8811,-3.3560,3.0000
298,scouts,5,5.3811,-1.8560,3.0000
298,scouts,6,3.8811,-3.3560,3.0000
298,scouts,7,5.3811,-4.8560,3.0000
298,scouts,8,-2.3079,3.8051,3.0000
298,scouts,9,-3.8079,5.3051,3.0000
298,scouts,10,-5.3079,3.8051,3.0000
298,scouts,11,-3.8079,2.3051,3.0000
298,scouts,12,5.3071,3.8063,3.0000
298,scouts,13,3.8071,5.3063,3.0000
298,scouts,14,2.3071,3.8063,3.0000
298,scouts,15,3.8071,2.3063,3.0000
298,workers,0,-5.7941,2.2645,3.0000
298,workers,1,7.5970,2.7604,3.0000
298,workers,2,2.0276,-0.9417,3.0000
298,workers,3,1.1182,-0.0975,3.0000
299,general,0,0.0000,0.0000,5.0000
299,nodes,0,-5.3882,-3.3133,3.0000
299,nodes,1,5.3910,-3.3133,3.0000
299,nodes,2,-3.7770,3.7742,3.0000
299,nodes,3,3.7764,3.7754,3.0000
299,scouts,0,-3.8797,-3.3504,3.0000
299,scouts,1,-5.3797,-1.8504,3.0000
299,scouts,2,-6.8797,-3.3504,3.0000
299,scouts,3,-5.3797,-4.8504,3.0000
299,scouts,4,6.8824,-3.3503,3.0000
299,scouts,5,5.3824,-1.8503,3.0000
299,scouts,6,3.8824,-3.3503,3.0000
299,scouts,7,5.3824,-4.8503,3.0000
299,scouts,8,-2.3038,3.8010,3.0000
299,scouts,9,-3.8038,5.3010,3.0000
299,scouts,10,-5.3038,3.8010,3.0000
299,scouts,11,-3.8038,2.3010,3.0000
299,scouts,12,5.3030,3.8022,3.0000
299,scouts,13,3.8030,5.3022,3.0000
299,scouts,14,2.3030,3.8022,3.0000
299,scouts,15,3.8030,2.3022,3.0000
299,workers,0,-5.8060,2.2957,3.0000
299,workers,1,7.5995,2.7936,3.0000
299,workers,2,2.0491,-0.9671,3.0000
299,workers,3,1.0930,-0.1194,3.0000
300,general,0,0.0000,0.0000,5.0000
300,nodes,0,-5.3895,-3.3076,3.0000
300,nodes,1,5.3924,-3.3076,3.0000
300,nodes,2,-3.7729,3.7701,3.0000
300,nodes,3,3.7722,3.7712,3.0000
300,scouts,0,-3.8810,-3.3447,3.0000
300,scouts,1,-5.3810,-1.8447,3.0000
300,scouts,2,-6.8810,-3.3447,3.0000
300,scouts,3,-5.3810,-4.8447,3.0000
300,scouts,4,6.8837,-3.3446,3.0000
300,scouts,5,5.3837,-1.8446,3.0000
300,scouts,6,3.8837,-3.3446,3.0000
300,scouts,7,5.3837,-4.8446,3.0000
300,scouts,8,-2.2996,3.7969,3.0000
300,scouts,9,-3.7996,5.2969,3.0000
300,scouts,10,-5.2996,3.7969,3.0000
300,scouts,11,-3.7996,2.2969,3.0000
300,scouts,12,5.2989,3.7981,3.0000
300,scouts,13,3.7989,5.2981,3.0000
300,scouts,14,2.2989,3.7981,3.0000
300,scouts,15,3.7989,2.2981,3.0000
300,workers,0,-5.8180,2.3268,3.0000
300,workers,1,7.6021,2.8269,3.0000
300,workers,2,2.0706,-0.9926,3.0000
300,workers,3,1.0678,-0.1412,3.0000
301,general,0,0.0000,0.0000,5.0000
301,nodes,0,-5.3908,-3.3019,3.0000
301,nodes,1,5.3937,-3.3019,3.0000
301,nodes,2,-3.7688,3.7660,3.0000
301,nodes,3,3.7680,3.7671,3.0000
301,scouts,0,-3.8823,-3.3390,3.0000
301,scouts,1,-5.3823,-1.8390,3.0000
301,scouts,2,-6.8823,-3.3390,3.0000
301,scouts,3,-5.3823,-4.8390,3.0000
301,scouts,4,6.8851,-3.3389,3.0000
301,scouts,5,5.3851,-1.8389,3.0000
301,scouts,6,3.8851,-3.3389,3.0000
301,scouts,7,5.3851,-4.8389,3.0000
301,scouts,8,-2.2955,3.7927,3.0000
301,scouts,9,-3.7955,5.2927,3.0000
301,scouts,10,-5.2955,3.7927,3.0000
301,scouts,11,-3.7955,2.2927,3.0000
301,scouts,12,5.2948,3.7939,3.0000
301,scouts,13,3.7948,5.2939,3.0000
301,scouts,14,2.2948,3.7939,3.0000
301,scouts,15,3.7948,2.2939,3.0000
301,workers,0,-5.8300,2.3579,3.0000
301,workers,1,7.6046,2.8601,3.0000
301,workers,2,2.0922,-1.0180,3.0000
301,workers,3,1.0427,-0.1630,3.0000
302,general,0,0.0000,0.0000,5.0000
302,nodes,0,-5.3921,-3.2962,3.0000
302,nodes,1,5.3951,-3.2962,3.0000
302,nodes,2,-3.7646,3.7618,3.0000
302,nodes,3,3.7639,3.7630,3.0000
302,scouts,0,-3.8836,-3.3333,3.0000
302,scouts,1,-5.3836,-1.8333,3.0000
302,scouts,2,-6.8836,-3.3333,3.0000
302,scouts,3,-5.3836,-4.8333,3.0000
302,scouts,4,6.8864,-3.3332,3.0000
302,scouts,5,5.3864,-1.8332,3.0000
302,scouts,6,3.8864,-3.3332,3.0000
302,scouts,7,5.3864,-4.8332,3.0000
302,scouts,8,-2.2914,3.7886,3.0000
302,scouts,9,-3.7914,5.2886,3.0000
302,scouts,10,-5.2914,3.7886,3.0000
302,scouts,11,-3.7914,2.2886,3.0000
302,scouts,12,5.2907,3.7898,3.0000
302,scouts,13,3.7907,5.2898,3.0000
302,scouts,14,2.2907,3.7898,3.0000
302,scouts,15,3.7907,2.2898,3.0000
302,workers,0,-5.8419,2.3890,3.0000
302,workers,1,7.6072,2.8933,3.0000
302,workers,2,2.1137,-1.0435,3.0000
302,workers,3,1.0175,-0.1849,3.0000
303,general,0,0.0000,0.0000,5.0000
303,nodes,0,-5.3935,-3.2905,3.0000
303,nodes,1,5.3963,-3.2904,3.0000
303,nodes,2,-3.7605,3.7577,3.0000
303,nodes,3,3.7597,3.7589,3.0000
303,scouts,0,-3.8849,-3.3276,3.0000
303,scouts,1,-5.3849,-1.8276,3.0000
303,scouts,2,-6.8849,-3.3276,3.0000
303,scouts,3,-5.3849,-4.8276,3.0000
303,scouts,4,6.8877,-3.3275,3.0000
303,scouts,5,5.3877,-1.8275,3.0000
303,scouts,6,3.8877,-3.3275,3.0000
303,scouts,7,5.3877,-4.8275,3.0000
303,scouts,8,-2.2873,3.7845,3.0000
303,scouts,9,-3.7873,5.2845,3.0000
303,scouts,10,-5.2873,3.7845,3.0000
303,scouts,11,-3.7873,2.2845,3.0000
303,scouts,12,5.2866,3.7857,3.0000
303,scouts,13,3.7866,5.2857,3.0000
303,scouts,14,2.2866,3.7857,3.0000
303,scouts,15,3.7866,2.2857,3.0000
303,workers,0,-5.8539,2.4201,3.0000
303,workers,1,7.6097,2.9266,3.0000
303,workers,2,2.1352,-1.0689,3.0000
303,workers,3,0.9923,-0.2067,3.0000
304,general,0,0.0000,0.0000,5.0000
304,nodes,0,-5.3948,-3.2848,3.0000
304,nodes,1,5.3977,-3.2847,3.0000
304,nodes,2,-3.7564,3.7535,3.0000
304,nodes,3,3.7556,3.7549,3.0000
304,scouts,0,-3.8863,-3.3219,3.0000
304,scouts,1,-5.3863,-1.8219,3.0000
304,scouts,2,-6.8863,-3.3219,3.0000
304,scouts,3,-5.3863,-4.8219,3.0000
304,scouts,4,6.8890,-3.3218,3.0000
304,scouts,5,5.3890,-1.8218,3.0000
304,scouts,6,3.8890,-3.3218,3.0000
304,scouts,7,5.3890,-4.8218,3.0000
304,scouts,8,-2.2832,3.7804,3.0000
304,scouts,9,-3.7832,5.2804,3.0000
304,scouts,10,-5.2832,3.7804,3.0000
304,scouts,11,-3.7832,2.2804,3.0000
304,scouts,12,5.2824,3.7816,3.0000
304,scouts,13,3.7824,5.2816,3.0000
304,scouts,14,2.2824,3.7816,3.0000
304,scouts,15,3.7824,2.2816,3.0000
304,workers,0,-5.8658,2.4512,3.0000
304,workers,1,7.6123,2.9598,3.0000
304,workers,2,2.1568,-1.0944,3.0000
304,workers,3,0.9671,-0.2285,3.0000
305,general,0,0.0000,0.0000,5.0000
305,nodes,0,-5.3961,-3.2791,3.0000
305,nodes,1,5.3990,-3.2791,3.0000
305,nodes,2,-3.7522,3.7494,3.0000
305,nodes,3,3.7514,3.7507,3.0000
305,scouts,0,-3.8876,-3.3162,3.0000
305,scouts,1,-5.3876,-1.8162,3.0000
305,scouts,2,-6.8876,-3.3162,3.0000
305,scouts,3,-5.3876,-4.8162,3.0000
305,scouts,4,6.8904,-3.3161,3.0000
305,scouts,5,5.3904,-1.8161,3.0000
305,scouts,6,3.8904,-3.3161,3.0000
305,scouts,7,5.3904,-4.8161,3.0000
305,scouts,8,-2.2790,3.7762,3.0000
305,scouts,9,-3.7790,5.2762,3.0000
305,scouts,10,-5.2790,3.7762,3.0000
305,scouts,11,-3.7790,2.2762,3.0000
305,scouts,12,5.2783,3.7775,3.0000
305,scouts,13,3.7783,5.2775,3.0000
305,scouts,14,2.2783,3.7775,3.0000
305,scouts,15,3.7783,2.2775,3.0000
305,workers,0,-5.8778,2.4823,3.0000
305,workers,1,7.6149,2.9931,3.0000
305,workers,2,2.1783,-1.1198,3.0000
305,workers,3,0.9419,-0.2504,3.0000
306,general,0,0.0000,0.0000,5.0000
306,nodes,0,-5.3974,-3.2734,3.0000
306,nodes,1,5.4003,-3.2734,3.0000
306,nodes,2,-3.7481,3.7452,3.0000
306,nodes,3,3.7472,3.7465,3.0000
306,scouts,0,-3.8889,-3.3104,3.0000
306,scouts,1,-5.3889,-1.8104,3.0000
306,scouts,2,-6.8889,-3.3104,3.0000
306,scouts,3,-5.3889,-4.8104,3.0000
306,scouts,4,6.8917,-3.3104,3.0000
306,scouts,5,5.3917,-1.8104,3.0000
306,scouts,6,3.8917,-3.3104,3.0000
306,scouts,7,5.3917,-4.8104,3.0000
306,scouts,8,-2.2749,3.7721,3.0000
306,scouts,9,-3.7749,5.2721,3.0000
306,scouts,10,-5.2749,3.7721,3.0000
306,scouts,11,-3.7749,2.2721,3.0000
306,scouts,12,5.2742,3.7733,3.0000
306,scouts,13,3.7742,5.2733,3.0000
306,scouts,14,2.2742,3.7733,3.0000
306,scouts,15,3.7742,2.2733,3.0000
306,workers,0,-5.8898,2.5134,3.0000
306,workers,1,7.6174,3.0263,3.0000
306,workers,2,2.1998,-1.1453,3.0000
306,workers,3,0.9167,-0.2722,3.0000
307,general,0,0.0000,0.0000,5.0000
307,nodes,0,-5.3987,-3.2676,3.0000
307,nodes,1,5.4016,-3.2678,3.0000
307,nodes,2,-3.7440,3.7411,3.0000
307,nodes,3,3.7431,3.7424,3.0000
307,scouts,0,-3.8902,-3.3047,3.0000
307,scouts,1,-5.3902,-1.8047,3.0000
307,scouts,2,-6.8902,-3.3047,3.0000
307,scouts,3,-5.3902,-4.8047,3.0000
307,scouts,4,6.8930,-3.3047,3.0000
307,scouts,5,5.3930,-1.8047,3.0000
307,scouts,6,3.8930,-3.3047,3.0000
307,scouts,7,5.3930,-4.8047,3.0000
307,scouts,8,-2.2708,3.7679,3.0000
307,scouts,9,-3.7708,5.2679,3.0000
307,scouts,10,-5.2708,3.7679,3.0000
307,scouts,11,-3.7708,2.2679,3.0000
307,scouts,12,5.2700,3.7692,3.0000
307,scouts,13,3.7700,5.2692,3.0000
307,scouts,14,2.2700,3.7692,3.0000
307,scouts,15,3.7700,2.2692,3.0000
307,workers,0,-5.9017,2.5445,3.0000
307,workers,1,7.6200,3.0595,3.0000
307,workers,2,2.2214,-1.1707,3.0000
307,workers,3,0.8915,-0.2940,3.0000
308,general,0,0.0000,0.0000,5.0000
308,nodes,0,-5.4000,-3.2620,3.0000
308,nodes,1,5.4030,-3.2621,3.0000
308,nodes,2,-3.7399,3.7369,3.0000
308,nodes,3,3.7389,3.7383,3.0000
308,scouts,0,-3.8915,-3.2990,3.0000
308,scouts,1,-5.3915,-1.7990,3.0000
308,scouts,2,-6.8915,-3.2990,3.0000
308,scouts,3,-5.3915,-4.7990,3.0000
308,scouts,4,6.8944,-3.2990,3.0000
308,scouts,5,5.3944,-1.7990,3.0000
308,scouts,6,3.8944,-3.2990,3.0000
308,scouts,7,5.3944,-4.7990,3.0000
308,scouts,8,-2.2667,3.7638,3.0000
308,scouts,9,-3.7667,5.2638,3.0000
308,scouts,10,-5.2667,3.7638,3.0000
308,scouts,11,-3.7667,2.2638,3.0000
308,scouts,12,5.2659,3.7651,3.0000
308,scouts,13,3.7659,5.2651,3.0000
308,scouts,14,2.2659,3.7651,3.0000
308,scouts,15,3.7659,2.2651,3.0000
308,workers,0,-5.9137,2.5757,3.0000
308,workers,1,7.6225,3.0928,3.0000
308,workers,2,2.2429,-1.1962,3.0000
308,workers,3,0.8663,-0.3159,3.0000
309,general,0,0.0000,0.0000,5.0000
309,nodes,0,-5.4014,-3.2563,3.0000
309,nodes,1,5.4042,-3.2564,3.0000
309,nodes,2,-3.7358,3.7328,3.0000
309,nodes,3,3.7347,3.7342,3.0000
309,scouts,0,-3.8928,-3.2933,3.0000
309,scouts,1,-5.3928,-1.7933,3.0000
309,scouts,2,-6.8928,-3.2933,3.0000
309,scouts,3,-5.3928,-4.7933,3.0000
309,scouts,4,6.8957,-3.2933,3.0000
309,scouts,5,5.3957,-1.7933,3.0000
309,scouts,6,3.8957,-3.2933,3.0000
309,scouts,7,5.3957,-4.7933,3.0000
309,scouts,8,-2.2626,3.7597,3.0000
309,scouts,9,-3.7626,5.2597,3.0000
309,scouts,10,-5.2626,3.7597,3.0000
309,scouts,11,-3.7626,2.2597,3.0000
309,scouts,12,5.2617,3.7610,3.0000
309,scouts,13,3.7617,5.2610,3.0000
309,scouts,14,2.2617,3.7610,3.0000
309,scouts,15,3.7617,2.2610,3.0000
309,workers,0,-5.9257,2.6068,3.0000
309,workers,1,7.6251,3.1260,3.0000
309,workers,2,2.2644,-1.2216,3.0000
309,workers,3,0.8411,-0.3377,3.0000
310,general,0,0.0000,0.0000,5.0000
310,nodes,0,-5.4026,-3.2506,3.0000
310,nodes,1,5.4056,-3.2507,3.0000
310,nodes,2,-3.7318,3.7287,3.0000
310,nodes,3,3.7306,3.7301,3.0000
310,scouts,0,-3.8941,-3.2876,3.0000
310,scouts,1,-5.3941,-1.7876,3.0000
310,scouts,2,-6.8941,-3.2876,3.0000
310,scouts,3,-5.3941,-4.7876,3.0000
310,scouts,4,6.8970,-3.2877,3.0000
310,scouts,5,5.3970,-1.7877,3.0000
310,scouts,6,3.8970,-3.2877,3.0000
310,scouts,7,5.3970,-4.7877,3.0000
310,scouts,8,-2.2585,3.7556,3.0000
310,scouts,9,-3.7585,5.2556,3.0000
310,scouts,10,-5.2585,3.7556,3.0000
310,scouts,11,-3.7585,2.2556,3.0000
310,scouts,12,5.2576,3.7569,3.0000
310,scouts,13,3.7576,5.2569,3.0000
310,scouts,14,2.2576,3.7569,3.0000
310,scouts,15,3.7576,2.2569,3.0000
310,workers,0,-5.9376,2.6379,3.0000
310,workers,1,7.6276,3.1592,3.0000
310,workers,2,2.2860,-1.2470,3.0000
310,workers,3,0.8159,-0.3595,3.0000
311,general,0,0.0000,0.0000,5.0000
311,nodes,0,-5.4039,-3.2450,3.0000
311,nodes,1,5.4069,-3.2450,3.0000
311,nodes,2,-3.7277,3.7246,3.0000
311,nodes,3,3.7264,3.7259,3.0000
311,scouts,0,-3.8954,-3.2820,3.0000
311,scouts,1,-5.3954,-1.7820,3.0000
311,scouts,2,-6.8954,-3.2820,3.0000
311,scouts,3,-5.3954,-4.7820,3.0000
311,scouts,4,6.8983,-3.2820,3.0000
311,scouts,5,5.3983,-1.7820,3.0000
311,scouts,6,3.8983,-3.2820,3.0000
311,scouts,7,5.3983,-4.7820,3.0000
311,scouts,8,-2.2544,3.7514,3.0000
311,scouts,9,-3.7544,5.2514,3.0000
311,scouts,10,-5.2544,3.7514,3.0000
311,scouts,11,-3.7544,2.2514,3.0000
311,scouts,12,5.2534,3.7527,3.0000
311,scouts,13,3.7534,5.2527,3.0000
311,scouts,14,2.2534,3.7527,3.0000
311,scouts,15,3.7534,2.2527,3.0000
311,workers,0,-5.9496,2.6690,3.0000
311,workers,1,7.6302,3.1925,3.0000
311,workers,2,2.3075,-1.2725,3.0000
311,workers,3,0.7908,-0.3813,3.0000
312,general,0,0.0000,0.0000,5.0000
312,nodes,0,-5.4053,-3.2393,3.0000
312,nodes,1,5.4082,-3.2393,3.0000
312,nodes,2,-3.7236,3.7205,3.0000
312,nodes,3,3.7223,3.7217,3.0000
312,scouts,0,-3.8967,-3.2763,3.0000
312,scouts,1,-5.3967,-1.7763,3.0000
312,scouts,2,-6.8967,-3.2763,3.0000
312,scouts,3,-5.3967,-4.7763,3.0000
312,scouts,4,6.8996,-3.2763,3.0000
312,scouts,5,5.3996,-1.7763,3.0000
312,scouts,6,3.8996,-3.2763,3.0000
312,scouts,7,5.3996,-4.7763,3.0000
312,scouts,8,-2.2503,3.7473,3.0000
312,scouts,9,-3.7503,5.2473,3.0000
312,scouts,10,-5.2503,3.7473,3.0000
312,scouts,11,-3.7503,2.2473,3.0000
312,scouts,12,5.2493,3.7486,3.0000
312,scouts,13,3.7493,5.2486,3.0000
312,scouts,14,2.2493,3.7486,3.0000
312,scouts,15,3.7493,2.2486,3.0000
312,workers,0,-5.9616,2.7001,3.0000
312,workers,1,7.6327,3.2257,3.0000
312,workers,2,2.3290,-1.2979,3.0000
312,workers,3,0.7656,-0.4032,3.0000
313,general,0,0.0000,0.0000,5.0000
313,nodes,0,-5.4066,-3.2336,3.0000
313,nodes,1,5.4094,-3.2337,3.0000
313,nodes,2,-3.7195,3.7164,3.0000
313,nodes,3,3.7181,3.7176,3.0000
313,scouts,0,-3.8981,-3.2706,3.0000
313,scouts,1,-5.3981,-1.7706,3.0000
313,scouts,2,-6.8981,-3.2706,3.0000
313,scouts,3,-5.3981,-4.7706,3.0000
313,scouts,4,6.9009,-3.2706,3.0000
313,scouts,5,5.4009,-1.7706,3.0000
313,scouts,6,3.9009,-3.2706,3.0000
313,scouts,7,5.4009,-4.7706,3.0000
313,scouts,8,-2.2461,3.7432,3.0000
313,scouts,9,-3.7461,5.2432,3.0000
313,scouts,10,-5.2461,3.7432,3.0000
313,scouts,11,-3.7461,2.2432,3.0000
313,scouts,12,5.2451,3.7445,3.0000
313,scouts,13,3.7451,5.2445,3.0000
313,scouts,14,2.2451,3.7445,3.0000
313,scouts,15,3.7451,2.2445,3.0000
313,workers,0,-5.9735,2.7312,3.0000
313,workers,1,7.6353,3.2589,3.0000
313,workers,2,2.3506,-1.3234,3.0000
313,workers,3,0.7404,-0.4250,3.0000
314,general,0,0.0000,0.0000,5.0000
314,nodes,0,-5.4079,-3.2280,3.0000
314,nodes,1,5.4107,-3.2280,3.0000
314,nodes,2,-3.7153,3.7124,3.0000
314,nodes,3,3.7139,3.7135,3.0000
314,scouts,0,-3.8994,-3.2649,3.0000
314,scouts,1,-5.3994,-1.7649,3.0000
314,scouts,2,-6.8994,-3.2649,3.0000
314,scouts,3,-5.3994,-4.7649,3.0000
314,scouts,4,6.9022,-3.2649,3.0000
314,scouts,5,5.4022,-1.7649,3.0000
314,scouts,6,3.9022,-3.2649,3.0000
314,scouts,7,5.4022,-4.7649,3.0000
314,scouts,8,-2.2420,3.7391,3.0000
314,scouts,9,-3.7420,5.2391,3.0000
314,scouts,10,-5.2420,3.7391,3.0000
314,scouts,11,-3.7420,2.2391,3.0000
314,scouts,12,5.2410,3.7403,3.0000
314,scouts,13,3.7410,5.2403,3.0000
314,scouts,14,2.2410,3.7403,3.0000
314,scouts,15,3.7410,2.2403,3.0000
314,workers,0,-5.9855,2.7623,3.0000
314,workers,1,7.6379,3.2922,3.0000
314,workers,2,2.3721,-1.3488,3.0000
314,workers,3,0.7152,-0.4468,3.0000
315,general,0,0.0000,0.0000,5.0000
315,nodes,0,-5.4092,-3.2222,3.0000
315,nodes,1,5.4120,-3.2224,3.0000
315,nodes,2,-3.7111,3.7082,3.0000
315,nodes,3,3.7099,3.7095,3.0000
315,scouts,0,-3.9007,-3.2592,3.0000
315,scouts,1,-5.4007,-1.7592,3.0000
315,scouts,2,-6.9007,-3.2592,3.0000
315,scouts,3,-5.4007,-4.7592,3.0000
315,scouts,4,6.9035,-3.2592,3.0000
315,scouts,5,5.4035,-1.7592,3.0000
315,scouts,6,3.9035,-3.2592,3.0000
315,scouts,7,5.4035,-4.7592,3.0000
315,scouts,8,-2.2379,3.7350,3.0000
315,scouts,9,-3.7379,5.2350,3.0000
315,scouts,10,-5.2379,3.7350,3.0000
315,scouts,11,-3.7379,2.2350,3.0000
315,scouts,12,5.2368,3.7362,3.0000
315,scouts,13,3.7368,5.2362,3.0000
315,scouts,14,2.2368,3.7362,3.0000
315,scouts,15,3.7368,2.2362,3.0000
315,workers,0,-5.9975,2.7934,3.0000
315,workers,1,7.6404,3.3254,3.0000
315,workers,2,2.3936,-1.3743,3.0000
315,workers,3,0.6900,-0.4687,3.0000
316,general,0,0.0000,0.0000,5.0000
316,nodes,0,-5.4105,-3.2166,3.0000
316,nodes,1,5.4132,-3.2167,3.0000
316,nodes,2,-3.7069,3.7041,3.0000
316,nodes,3,3.7057,3.7054,3.0000
316,scouts,0,-3.9020,-3.2535,3.0000
316,scouts,1,-5.4020,-1.7535,3.0000
316,scouts,2,-6.9020,-3.2535,3.0000
316,scouts,3,-5.4020,-4.7535,3.0000
316,scouts,4,6.9048,-3.2536,3.0000
316,scouts,5,5.4048,-1.7536,3.0000
316,scouts,6,3.9048,-3.2536,3.0000
316,scouts,7,5.4048,-4.7536,3.0000
316,scouts,8,-2.2338,3.7308,3.0000
316,scouts,9,-3.7338,5.2308,3.0000
316,scouts,10,-5.2338,3.7308,3.0000
316,scouts,11,-3.7338,2.2308,3.0000
316,scouts,12,5.2327,3.7321,3.0000
316,scouts,13,3.7327,5.2321,3.0000
316,scouts,14,2.2327,3.7321,3.0000
316,scouts,15,3.7327,2.2321,3.0000
316,workers,0,-6.0094,2.8245,3.0000
316,workers,1,7.6430,3.3586,3.0000
316,workers,2,2.4151,-1.3997,3.0000
316,workers,3,0.6648,-0.4905,3.0000
317,general,0,0.0000,0.0000,5.0000
317,nodes,0,-5.4119,-3.2109,3.0000
317,nodes,1,5.4146,-3.2109,3.0000
317,nodes,2,-3.7027,3.6999,3.0000
317,nodes,3,3.7016,3.7013,3.0000
317,scouts,0,-3.9033,-3.2478,3.0000
317,scouts,1,-5.4033,-1.7478,3.0000
317,scouts,2,-6.9033,-3.2478,3.0000
317,scouts,3,-5.4033,-4.7478,3.0000
317,scouts,4,6.9061,-3.2479,3.0000
317,scouts,5,5.4061,-1.7479,3.0000
317,scouts,6,3.9061,-3.2479,3.0000
317,scouts,7,5.4061,-4.7479,3.0000
317,scouts,8,-2.2296,3.7267,3.0000
317,scouts,9,-3.7296,5.2267,3.0000
317,scouts,10,-5.2296,3.7267,3.0000
317,scouts,11,-3.7296,2.2267,3.0000
317,scouts,12,5.2285,3.7280,3.0000
317,scouts,13,3.7285,5.2280,3.0000
317,scouts,14,2.2285,3.7280,3.0000
317,scouts,15,3.7285,2.2280,3.0000
317,workers,0,-6.0214,2.8557,3.0000
317,workers,1,7.6455,3.3919,3.0000
317,workers,2,2.4367,-1.4252,3.0000
317,workers,3,0.6396,-0.5123,3.0000
318,general,0,0.0000,0.0000,5.0000
318,nodes,0,-5.4131,-3.2052,3.0000
318,nodes,1,5.4160,-3.2052,3.0000
318,nodes,2,-3.6986,3.6958,3.0000
318,nodes,3,3.6976,3.6971,3.0000
318,scouts,0,-3.9046,-3.2422,3.0000
318,scouts,1,-5.4046,-1.7422,3.0000
318,scouts,2,-6.9046,-3.2422,3.0000
318,scouts,3,-5.4046,-4.7422,3.0000
318,scouts,4,6.9074,-3.2422,3.0000
318,scouts,5,5.4074,-1.7422,3.0000
318,scouts,6,3.9074,-3.2422,3.0000
318,scouts,7,5.4074,-4.7422,3.0000
318,scouts,8,-2.2255,3.7226,3.0000
318,scouts,9,-3.7255,5.2226,3.0000
318,scouts,10,-5.2255,3.7226,3.0000
318,scouts,11,-3.7255,2.2226,3.0000
318,scouts,12,5.2244,3.7239,3.0000
318,scouts,13,3.7244,5.2239,3.0000
318,scouts,14,2.2244,3.7239,3.0000
318,scouts,15,3.7244,2.2239,3.0000
318,workers,0,-6.0334,2.8868,3.0000
318,workers,1,7.6481,3.4251,3.0000
318,workers,2,2.4582,-1.4506,3.0000
318,workers,3,0.6144,-0.5342,3.0000
319,general,0,0.0000,0.0000,5.0000
319,nodes,0,-5.4143,-3.1995,3.0000
319,nodes,1,5.4174,-3.1995,3.0000
319,nodes,2,-3.6945,3.6916,3.0000
319,nodes,3,3.6935,3.6930,3.0000
319,scouts,0,-3.9059,-3.2365,3.0000
319,scouts,1,-5.4059,-1.7365,3.0000
319,scouts,2,-6.9059,-3.2365,3.0000
319,scouts,3,-5.4059,-4.7365,3.0000
319,scouts,4,6.9088,-3.2365,3.0000
319,scouts,5,5.4088,-1.7365,3.0000
319,scouts,6,3.9088,-3.2365,3.0000
319,scouts,7,5.4088,-4.7365,3.0000
319,scouts,8,-2.2214,3.7185,3.0000
319,scouts,9,-3.7214,5.2185,3.0000
319,scouts,10,-5.2214,3.7185,3.0000
319,scouts,11,-3.7214,2.2185,3.0000
319,scouts,12,5.2203,3.7198,3.0000
319,scouts,13,3.7203,5.2198,3.0000
319,scouts,14,2.2203,3.7198,3.0000
319,scouts,15,3.7203,2.2198,3.0000
319,workers,0,-6.0453,2.9179,3.0000
319,workers,1,7.6506,3.4583,3.0000
319,workers,2,2.4797,-1.4761,3.0000
319,workers,3,0.5892,-0.5560,3.0000
320,general,0,0.0000,0.0000,5.0000
320,nodes,0,-5.4156,-3.1938,3.0000
320,nodes,1,5.4187,-3.1938,3.0000
320,nodes,2,-3.6904,3.6875,3.0000
320,nodes,3,3.6893,3.6889,3.0000
320,scouts,0,-3.9072,-3.2308,3.0000
320,scouts,1,-5.4072,-1.7308,3.0000
320,scouts,2,-6.9072,-3.2308,3.0000
320,scouts,3,-5.4072,-4.7308,3.0000
320,scouts,4,6.9101,-3.2308,3.0000
320,scouts,5,5.4101,-1.7308,3.0000
320,scouts,6,3.9101,-3.2308,3.0000
320,scouts,7,5.4101,-4.7308,3.0000
320,scouts,8,-2.2172,3.7143,3.0000
320,scouts,9,-3.7172,5.2143,3.0000
320,scouts,10,-5.2172,3.7143,3.0000
320,scouts,11,-3.7172,2.2143,3.0000
320,scouts,12,5.2161,3.7157,3.0000
320,scouts,13,3.7161,5.2157,3.0000
320,scouts,14,2.2161,3.7157,3.0000
320,scouts,15,3.7161,2.2157,3.0000
320,workers,0,-6.0573,2.9490,3.0000
320,workers,1,7.6532,3.4916,3.0000
320,workers,2,2.5013,-1.5015,3.0000
320,workers,3,0.5640,-0.5778,3.0000
321,general,0,0.0000,0.0000,5.0000
321,nodes,0,-5.4169,-3.1881,3.0000
321,nodes,1,5.4200,-3.1881,3.0000
321,nodes,2,-3.6862,3.6834,3.0000
321,nodes,3,3.6852,3.6847,3.0000
321,scouts,0,-3.9085,-3.2251,3.0000
321,scouts,1,-5.4085,-1.7251,3.0000
321,scouts,2,-6.9085,-3.2251,3.0000
321,scouts,3,-5.4085,-4.7251,3.0000
321,scouts,4,6.9114,-3.2251,3.0000
321,scouts,5,5.4114,-1.7251,3.0000
321,scouts,6,3.9114,-3.2251,3.0000
321,scouts,7,5.4114,-4.7251,3.0000
321,scouts,8,-2.2131,3.7102,3.0000
321,scouts,9,-3.7131,5.2102,3.0000
321,scouts,10,-5.2131,3.7102,3.0000
321,scouts,11,-3.7131,2.2102,3.0000
321,scouts,12,5.2120,3.7115,3.0000
321,scouts,13,3.7120,5.2115,3.0000
321,scouts,14,2.2120,3.7115,3.0000
321,scouts,15,3.7120,2.2115,3.0000
321,workers,0,-6.0693,2.9801,3.0000
321,workers,1,7.6558,3.5248,3.0000
321,workers,2,2.5228,-1.5270,3.0000
321,workers,3,0.5389,-0.5997,3.0000
322,general,0,0.0000,0.0000,5.0000
322,nodes,0,-5.4182,-3.1824,3.0000
322,nodes,1,5.4213,-3.1824,3.0000
322,nodes,2,-3.6821,3.6793,3.0000
322,nodes,3,3.6811,3.6805,3.0000
322,scouts,0,-3.9098,-3.2194,3.0000
322,scouts,1,-5.4098,-1.7194,3.0000
322,scouts,2,-6.9098,-3.2194,3.0000
322,scouts,3,-5.4098,-4.7194,3.0000
322,scouts,4,6.9127,-3.2194,3.0000
322,scouts,5,5.4127,-1.7194,3.0000
322,scouts,6,3.9127,-3.2194,3.0000
322,scouts,7,5.4127,-4.7194,3.0000
322,scouts,8,-2.2090,3.7061,3.0000
322,scouts,9,-3.7090,5.2061,3.0000
322,scouts,10,-5.2090,3.7061,3.0000
322,scouts,11,-3.7090,2.2061,3.0000
322,scouts,12,5.2079,3.7074,3.0000
322,scouts,13,3.7079,5.2074,3.0000
322,scouts,14,2.2079,3.7074,3.0000
322,scouts,15,3.7079,2.2074,3.0000
322,workers,0,-6.0812,3.0112,3.0000
322,workers,1,7.6583,3.5580,3.0000
322,workers,2,2.5443,-1.5524,3.0000
322,workers,3,0.5137,-0.6215,3.0000
323,general,0,0.0000,0.0000,5.0000
323,nodes,0,-5.4194,-3.1767,3.0000
323,nodes,1,5.4225,-3.1768,3.0000
323,nodes,2,-3.6780,3.6753,3.0000
323,nodes,3,3.6770,3.6764,3.0000
323,scouts,0,-3.9111,-3.2137,3.0000
323,scouts,1,-5.4111,-1.7137,3.0000
323,scouts,2,-6.9111,-3.2137,3.0000
323,scouts,3,-5.4111,-4.7137,3.0000
323,scouts,4,6.9140,-3.2137,3.0000
323,scouts,5,5.4140,-1.7137,3.0000
323,scouts,6,3.9140,-3.2137,3.0000
323,scouts,7,5.4140,-4.7137,3.0000
323,scouts,8,-2.2048,3.7020,3.0000
323,scouts,9,-3.7048,5.2020,3.0000
323,scouts,10,-5.2048,3.7020,3.0000
323,scouts,11,-3.7048,2.2020,3.0000
323,scouts,12,5.2038,3.7033,3.0000
323,scouts,13,3.7038,5.2033,3.0000
323,scouts,14,2.2038,3.7033,3.0000
323,scouts,15,3.7038,2.2033,3.0000
323,workers,0,-6.0932,3.0423,3.0000
323,workers,1,7.6609,3.5913,3.0000
323,workers,2,2.5659,-1.5778,3.0000
323,workers,3,0.4885,-0.6433,3.0000
324,general,0,0.0000,0.0000,5.0000
324,nodes,0,-5.4207,-3.1710,3.0000
324,nodes,1,5.4239,-3.1712,3.0000
324,nodes,2,-3.6738,3.6711,3.0000
324,nodes,3,3.6729,3.6722,3.0000
324,scouts,0,-3.9124,-3.2080,3.0000
324,scouts,1,-5.4124,-1.7080,3.0000
324,scouts,2,-6.9124,-3.2080,3.0000
324,scouts,3,-5.4124,-4.7080,3.0000
324,scouts,4,6.9153,-3.2081,3.0000
324,scouts,5,5.4153,-1.7081,3.0000
324,scouts,6,3.9153,-3.2081,3.0000
324,scouts,7,5.4153,-4.7081,3.0000
324,scouts,8,-2.2007,3.6979,3.0000
324,scouts,9,-3.7007,5.1979,3.0000
324,scouts,10,-5.2007,3.6979,3.0000
324,scouts,11,-3.7007,2.1979,3.0000
324,scouts,12,5.1997,3.6991,3.0000
324,scouts,13,3.6997,5.1991,3.0000
324,scouts,14,2.1997,3.6991,3.0000
324,scouts,15,3.6997,2.1991,3.0000
324,workers,0,-6.1052,3.0734,3.0000
324,workers,1,7.6634,3.6245,3.0000
324,workers,2,2.5874,-1.6033,3.0000
324,workers,3,0.4633,-0.6651,3.0000
325,general,0,0.0000,0.0000,5.0000
325,nodes,0,-5.4222,-3.1652,3.0000
325,nodes,1,5.4252,-3.1655,3.0000
325,nodes,2,-3.6697,3.6670,3.0000
325,nodes,3,3.6688,3.6680,3.0000
325,scouts,0,-3.9137,-3.2023,3.0000
325,scouts,1,-5.4137,-1.7023,3.0000
325,scouts,2,-6.9137,-3.2023,3.0000
325,scouts,3,-5.4137,-4.7023,3.0000
325,scouts,4,6.9167,-3.2024,3.0000
325,scouts,5,5.4167,-1.7024,3.0000
325,scouts,6,3.9167,-3.2024,3.0000
325,scouts,7,5.4167,-4.7024,3.0000
325,scouts,8,-2.1966,3.6938,3.0000
325,scouts,9,-3.6966,5.1938,3.0000
325,scouts,10,-5.1966,3.6938,3.0000
325,scouts,11,-3.6966,2.1938,3.0000
325,scouts,12,5.1955,3.6950,3.0000
325,scouts,13,3.6955,5.1950,3.0000
325,scouts,14,2.1955,3.6950,3.0000
325,scouts,15,3.6955,2.1950,3.0000
325,workers,0,-6.1171,3.1046,3.0000
325,workers,1,7.6660,3.6578,3.0000
325,workers,2,2.6089,-1.6287,3.0000
325,workers,3,0.4381,-0.6870,3.0000
326,general,0,0.0000,0.0000,5.0000
326,nodes,0,-5.4235,-3.1595,3.0000
326,nodes,1,5.4265,-3.1598,3.0000
326,nodes,2,-3.6656,3.6629,3.0000
326,nodes,3,3.6647,3.6639,3.0000
326,scouts,0,-3.9150,-3.1966,3.0000
326,scouts,1,-5.4150,-1.6966,3.0000
326,scouts,2,-6.9150,-3.1966,3.0000
326,scouts,3,-5.4150,-4.6966,3.0000
326,scouts,4,6.9180,-3.1967,3.0000
326,scouts,5,5.4180,-1.6967,3.0000
326,scouts,6,3.9180,-3.1967,3.0000
326,scouts,7,5.4180,-4.6967,3.0000
326,scouts,8,-2.1924,3.6896,3.0000
326,scouts,9,-3.6924,5.1896,3.0000
326,scouts,10,-5.1924,3.6896,3.0000
326,scouts,11,-3.6924,2.1896,3.0000
326,scouts,12,5.1914,3.6908,3.0000
326,scouts,13,3.6914,5.1908,3.0000
326,scouts,14,2.1914,3.6908,3.0000
326,scouts,15,3.6914,2.1908,3.0000
326,workers,0,-6.1291,3.1357,3.0000
326,workers,1,7.6685,3.6910,3.0000
326,workers,2,2.6305,-1.6542,3.0000
326,workers,3,0.4129,-0.7088,3.0000
327,general,0,0.0000,0.0000,5.0000
327,nodes,0,-5.4248,-3.1538,3.0000
327,nodes,1,5.4278,-3.1540,3.0000
327,nodes,2,-3.6615,3.6588,3.0000
327,nodes,3,3.6605,3.6599,3.0000
327,scouts,0,-3.9163,-3.1909,3.0000
327,scouts,1,-5.4163,-1.6909,3.0000
327,scouts,2,-6.9163,-3.1909,3.0000
327,scouts,3,-5.4163,-4.6909,3.0000
327,scouts,4,6.9193,-3.1910,3.0000
327,scouts,5,5.4193,-1.6910,3.0000
327,scouts,6,3.9193,-3.1910,3.0000
327,scouts,7,5.4193,-4.6910,3.0000
327,scouts,8,-2.1883,3.6855,3.0000
327,scouts,9,-3.6883,5.1855,3.0000
327,scouts,10,-5.1883,3.6855,3.0000
327,scouts,11,-3.6883,2.1855,3.0000
327,scouts,12,5.1873,3.6867,3.0000
327,scouts,13,3.6873,5.1867,3.0000
327,scouts,14,2.1873,3.6867,3.0000
327,scouts,15,3.6873,2.1867,3.0000
327,workers,0,-6.1411,3.1668,3.0000
327,workers,1,7.6711,3.7242,3.0000
327,workers,2,2.6520,-1.6796,3.0000
327,workers,3,0.3877,-0.7306,3.0000
328,general,0,0.0000,0.0000,5.0000
328,nodes,0,-5.4260,-3.1481,3.0000
328,nodes,1,5.4291,-3.1483,3.0000
328,nodes,2,-3.6574,3.6546,3.0000
328,nodes,3,3.6564,3.6558,3.0000
328,scouts,0,-3.9176,-3.1852,3.0000
328,scouts,1,-5.4176,-1.6852,3.0000
328,scouts,2,-6.9176,-3.1852,3.0000
328,scouts,3,-5.4176,-4.6852,3.0000
328,scouts,4,6.9206,-3.1853,3.0000
328,scouts,5,5.4206,-1.6853,3.0000
328,scouts,6,3.9206,-3.1853,3.0000
328,scouts,7,5.4206,-4.6853,3.0000
328,scouts,8,-2.1842,3.6814,3.0000
328,scouts,9,-3.6842,5.1814,3.0000
328,scouts,10,-5.1842,3.6814,3.0000
328,scouts,11,-3.6842,2.1814,3.0000
328,scouts,12,5.1832,3.6826,3.0000
328,scouts,13,3.6832,5.1826,3.0000
328,scouts,14,2.1832,3.6826,3.0000
328,scouts,15,3.6832,2.1826,3.0000
328,workers,0,-6.1530,3.1979,3.0000
328,workers,1,7.6737,3.7575,3.0000
328,workers,2,2.6735,-1.7051,3.0000
328,workers,3,0.3625,-0.7525,3.0000
329,general,0,0.0000,0.0000,5.0000
329,nodes,0,-5.4273,-3.1424,3.0000
329,nodes,1,5.4304,-3.1425,3.0000
329,nodes,2,-3.6532,3.6506,3.0000
329,nodes,3,3.6522,3.6517,3.0000
329,scouts,0,-3.9189,-3.1795,3.0000
329,scouts,1,-5.4189,-1.6795,3.0000
329,scouts,2,-6.9189,-3.1795,3.0000
329,scouts,3,-5.4189,-4.6795,3.0000
329,scouts,4,6.9219,-3.1796,3.0000
329,scouts,5,5.4219,-1.6796,3.0000
329,scouts,6,3.9219,-3.1796,3.0000
329,scouts,7,5.4219,-4.6796,3.0000
329,scouts,8,-2.1801,3.6773,3.0000
329,scouts,9,-3.6801,5.1773,3.0000
329,scouts,10,-5.1801,3.6773,3.0000
329,scouts,11,-3.6801,2.1773,3.0000
329,scouts,12,5.1790,3.6785,3.0000
329,scouts,13,3.6790,5.1785,3.0000
329,scouts,14,2.1790,3.6785,3.0000
329,scouts,15,3.6790,2.1785,3.0000
329,workers,0,-6.1650,3.2290,3.0000
329,workers,1,7.6762,3.7907,3.0000
329,workers,2,2.6951,-1.7305,3.0000
329,workers,3,0.3373,-0.7743,3.0000
330,general,0,0.0000,0.0000,5.0000
330,nodes,0,-5.4286,-3.1367,3.0000
330,nodes,1,5.4317,-3.1368,3.0000
330,nodes,2,-3.6492,3.6465,3.0000
330,nodes,3,3.6480,3.6476,3.0000
330,scouts,0,-3.9202,-3.1738,3.0000
330,scouts,1,-5.4202,-1.6738,3.0000
330,scouts,2,-6.9202,-3.1738,3.0000
330,scouts,3,-5.4202,-4.6738,3.0000
330,scouts,4,6.9232,-3.1739,3.0000
330,scouts,5,5.4232,-1.6739,3.0000
330,scouts,6,3.9232,-3.1739,3.0000
330,scouts,7,5.4232,-4.6739,3.0000
330,scouts,8,-2.1759,3.6732,3.0000
330,scouts,9,-3.6759,5.1732,3.0000
330,scouts,10,-5.1759,3.6732,3.0000
330,scouts,11,-3.6759,2.1732,3.0000
330,scouts,12,5.1749,3.6743,3.0000
330,scouts,13,3.6749,5.1743,3.0000
330,scouts,14,2.1749,3.6743,3.0000
330,scouts,15,3.6749,2.1743,3.0000
330,workers,0,-6.1770,3.2601,3.0000
330,workers,1,7.6788,3.8239,3.0000
330,workers,2,2.7166,-1.7560,3.0000
330,workers,3,0.3122,-0.7961,3.0000
331,general,0,0.0000,0.0000,5.0000
331,nodes,0,-5.4299,-3.1309,3.0000
331,nodes,1,5.4330,-3.1311,3.0000
331,nodes,2,-3.6451,3.6424,3.0000
331,nodes,3,3.6438,3.6435,3.0000
331,scouts,0,-3.9215,-3.1681,3.0000
331,scouts,1,-5.4215,-1.6681,3.0000
331,scouts,2,-6.9215,-3.1681,3.0000
331,scouts,3,-5.4215,-4.6681,3.0000
331,scouts,4,6.9245,-3.1682,3.0000
331,scouts,5,5.4245,-1.6682,3.0000
331,scouts,6,3.9245,-3.1682,3.0000
331,scouts,7,5.4245,-4.6682,3.0000
331,scouts,8,-2.1718,3.6691,3.0000
331,scouts,9,-3.6718,5.1691,3.0000
331,scouts,10,-5.1718,3.6691,3.0000
331,scouts,11,-3.6718,2.1691,3.0000
331,scouts,12,5.1708,3.6702,3.0000
331,scouts,13,3.6708,5.1702,3.0000
331,scouts,14,2.1708,3.6702,3.0000
331,scouts,15,3.6708,2.1702,3.0000
331,workers,0,-6.1889,3.2912,3.0000
331,workers,1,7.6813,3.8572,3.0000
331,workers,2,2.7381,-1.7814,3.0000
331,workers,3,0.2870,-0.8180,3.0000
332,general,0,0.0000,0.0000,5.0000
332,nodes,0,-5.4312,-3.1253,3.0000
332,nodes,1,5.4342,-3.1254,3.0000
332,nodes,2,-3.6410,3.6383,3.0000
332,nodes,3,3.6397,3.6394,3.0000
332,scouts,0,-3.9228,-3.1624,3.0000
332,scouts,1,-5.4228,-1.6624,3.0000
332,scouts,2,-6.9228,-3.1624,3.0000
332,scouts,3,-5.4228,-4.6624,3.0000
332,scouts,4,6.9258,-3.1625,3.0000
332,scouts,5,5.4258,-1.6625,3.0000
332,scouts,6,3.9258,-3.1625,3.0000
332,scouts,7,5.4258,-4.6625,3.0000
332,scouts,8,-2.1677,3.6650,3.0000
332,scouts,9,-3.6677,5.1650,3.0000
332,scouts,10,-5.1677,3.6650,3.0000
332,scouts,11,-3.6677,2.1650,3.0000
332,scouts,12,5.1666,3.6661,3.0000
332,scouts,13,3.6666,5.1661,3.0000
332,scouts,14,2.1666,3.6661,3.0000
332,scouts,15,3.6666,2.1661,3.0000
332,workers,0,-6.2009,3.3223,3.0000
332,workers,1,7.6839,3.8904,3.0000
332,workers,2,2.7597,-1.8069,3.0000
332,workers,3,0.2618,-0.8398,3.0000
333,general,0,0.0000,0.0000,5.0000
333,nodes,0,-5.4325,-3.1197,3.0000
333,nodes,1,5.4355,-3.1198,3.0000
333,nodes,2,-3.6368,3.6342,3.0000
333,nodes,3,3.6356,3.6352,3.0000
333,scouts,0,-3.9241,-3.1567,3.0000
333,scouts,1,-5.4241,-1.6567,3.0000
333,scouts,2,-6.9241,-3.1567,3.0000
333,scouts,3,-5.4241,-4.6567,3.0000
333,scouts,4,6.9271,-3.1568,3.0000
333,scouts,5,5.4271,-1.6568,3.0000
333,scouts,6,3.9271,-3.1568,3.0000
333,scouts,7,5.4271,-4.6568,3.0000
333,scouts,8,-2.1636,3.6609,3.0000
333,scouts,9,-3.6636,5.1609,3.0000
333,scouts,10,-5.1636,3.6609,3.0000
333,scouts,11,-3.6636,2.1609,3.0000
333,scouts,12,5.1625,3.6620,3.0000
333,scouts,13,3.6625,5.1620,3.0000
333,scouts,14,2.1625,3.6620,3.0000
333,scouts,15,3.6625,2.1620,3.0000
333,workers,0,-6.2129,3.3534,3.0000
333,workers,1,7.6864,3.9236,3.0000
333,workers,2,2.7812,-1.8323,3.0000
333,workers,3,0.2366,-0.8616,3.0000
334,general,0,0.0000,0.0000,5.0000
334,nodes,0,-5.4338,-3.1139,3.0000
334,nodes,1,5.4369,-3.1142,3.0000
334,nodes,2,-3.6326,3.6301,3.0000
334,nodes,3,3.6314,3.6311,3.0000
334,scouts,0,-3.9254,-3.1510,3.0000
334,scouts,1,-5.4254,-1.6510,3.0000
334,scouts,2,-6.9254,-3.1510,3.0000
334,scouts,3,-5.4254,-4.6510,3.0000
334,scouts,4,6.9284,-3.1511,3.0000
334,scouts,5,5.4284,-1.6511,3.0000
334,scouts,6,3.9284,-3.1511,3.0000
334,scouts,7,5.4284,-4.6511,3.0000
334,scouts,8,-2.1595,3.6568,3.0000
334,scouts,9,-3.6595,5.1568,3.0000
334,scouts,10,-5.1595,3.6568,3.0000
334,scouts,11,-3.6595,2.1568,3.0000
334,scouts,12,5.1583,3.6579,3.0000
334,scouts,13,3.6583,5.1579,3.0000
334,scouts,14,2.1583,3.6579,3.0000
334,scouts,15,3.6583,2.1579,3.0000
334,workers,0,-6.2248,3.3846,3.0000
334,workers,1,7.6890,3.9569,3.0000
334,workers,2,2.8027,-1.8578,3.0000
334,workers,3,0.2114,-0.8835,3.0000
335,general,0,0.0000,0.0000,5.0000
335,nodes,0,-5.4351,-3.1083,3.0000
335,nodes,1,5.4382,-3.1084,3.0000
335,nodes,2,-3.6284,3.6260,3.0000
335,nodes,3,3.6272,3.6269,3.0000
335,scouts,0,-3.9267,-3.1453,3.0000
335,scouts,1,-5.4267,-1.6453,3.0000
335,scouts,2,-6.9267,-3.1453,3.0000
335,scouts,3,-5.4267,-4.6453,3.0000
335,scouts,4,6.9297,-3.1454,3.0000
335,scouts,5,5.4297,-1.6454,3.0000
335,scouts,6,3.9297,-3.1454,3.0000
335,scouts,7,5.4297,-4.6454,3.0000
335,scouts,8,-2.1553,3.6527,3.0000
335,scouts,9,-3.6553,5.1527,3.0000
335,scouts,10,-5.1553,3.6527,3.0000
335,scouts,11,-3.6553,2.1527,3.0000
335,scouts,12,5.1542,3.6538,3.0000
335,scouts,13,3.6542,5.1538,3.0000
335,scouts,14,2.1542,3.6538,3.0000
335,scouts,15,3.6542,2.1538,3.0000
335,workers,0,-6.2368,3.4157,3.0000
335,workers,1,7.6915,3.9901,3.0000
335,workers,2,2.8242,-1.8832,3.0000
335,workers,3,0.1862,-0.9053,3.0000
336,general,0,0.0000,0.0000,5.0000
336,nodes,0,-5.4365,-3.1027,3.0000
336,nodes,1,5.4395,-3.1027,3.0000
336,nodes,2,-3.6244,3.6219,3.0000
336,nodes,3,3.6231,3.6228,3.0000
336,scouts,0,-3.9280,-3.1396,3.0000
336,scouts,1,-5.4280,-1.6396,3.0000
336,scouts,2,-6.9280,-3.1396,3.0000
336,scouts,3,-5.4280,-4.6396,3.0000
336,scouts,4,6.9310,-3.1397,3.0000
336,scouts,5,5.4310,-1.6397,3.0000
336,scouts,6,3.9310,-3.1397,3.0000
336,scouts,7,5.4310,-4.6397,3.0000
336,scouts,8,-2.1512,3.6486,3.0000
336,scouts,9,-3.6512,5.1486,3.0000
336,scouts,10,-5.1512,3.6486,3.0000
336,scouts,11,-3.6512,2.1486,3.0000
336,scouts,12,5.1500,3.6496,3.0000
336,scouts,13,3.6500,5.1496,3.0000
336,scouts,14,2.1500,3.6496,3.0000
336,scouts,15,3.6500,2.1496,3.0000
336,workers,0,-6.2488,3.4468,3.0000
336,workers,1,7.6941,4.0233,3.0000
336,workers,2,2.8458,-1.9086,3.0000
336,workers,3,0.1610,-0.9271,3.0000
337,general,0,0.0000,0.0000,5.0000
337,nodes,0,-5.4378,-3.0969,3.0000
337,nodes,1,5.4409,-3.0970,3.0000
337,nodes,2,-3.6203,3.6178,3.0000
337,nodes,3,3.6190,3.6186,3.0000
337,scouts,0,-3.9293,-3.1339,3.0000
337,scouts,1,-5.4293,-1.6339,3.0000
337,scouts,2,-6.9293,-3.1339,3.0000
337,scouts,3,-5.4293,-4.6339,3.0000
337,scouts,4,6.9323,-3.1340,3.0000
337,scouts,5,5.4323,-1.6340,3.0000
337,scouts,6,3.9323,-3.1340,3.0000
337,scouts,7,5.4323,-4.6340,3.0000
337,scouts,8,-2.1471,3.6445,3.0000
337,scouts,9,-3.6471,5.1445,3.0000
337,scouts,10,-5.1471,3.6445,3.0000
337,scouts,11,-3.6471,2.1445,3.0000
337,scouts,12,5.1459,3.6455,3.0000
337,scouts,13,3.6459,5.1455,3.0000
337,scouts,14,2.1459,3.6455,3.0000
337,scouts,15,3.6459,2.1455,3.0000
337,workers,0,-6.2607,3.4779,3.0000
337,workers,1,7.6967,4.0566,3.0000
337,workers,2,2.8673,-1.9341,3.0000
337,workers,3,0.1358,-0.9490,3.0000
338,general,0,0.0000,0.0000,5.0000
338,nodes,0,-5.4392,-3.0912,3.0000
338,nodes,1,5.4422,-3.0913,3.0000
338,nodes,2,-3.6162,3.6138,3.0000
338,nodes,3,3.6149,3.6145,3.0000
338,scouts,0,-3.9306,-3.1282,3.0000
338,scouts,1,-5.4306,-1.6282,3.0000
338,scouts,2,-6.9306,-3.1282,3.0000
338,scouts,3,-5.4306,-4.6282,3.0000
338,scouts,4,6.9337,-3.1283,3.0000
338,scouts,5,5.4337,-1.6283,3.0000
338,scouts,6,3.9337,-3.1283,3.0000
338,scouts,7,5.4337,-4.6283,3.0000
338,scouts,8,-2.1430,3.6404,3.0000
338,scouts,9,-3.6430,5.1404,3.0000
338,scouts,10,-5.1430,3.6404,3.0000
338,scouts,11,-3.6430,2.1404,3.0000
338,scouts,12,5.1418,3.6414,3.0000
338,scouts,13,3.6418,5.1414,3.0000
338,scouts,14,2.1418,3.6414,3.0000
338,scouts,15,3.6418,2.1414,3.0000
338,workers,0,-6.2727,3.5090,3.0000
338,workers,1,7.6992,4.0898,3.0000
338,workers,2,2.8888,-1.9595,3.0000
338,workers,3,0.1106,-0.9708,3.0000
339,general,0,0.0000,0.0000,5.0000
339,nodes,0,-5.4404,-3.0855,3.0000
339,nodes,1,5.4436,-3.0856,3.0000
339,nodes,2,-3.6121,3.6096,3.0000
339,nodes,3,3.6108,3.6105,3.0000
339,scouts,0,-3.9319,-3.1225,3.0000
339,scouts,1,-5.4319,-1.6225,3.0000
339,scouts,2,-6.9319,-3.1225,3.0000
339,scouts,3,-5.4319,-4.6225,3.0000
339,scouts,4,6.9350,-3.1226,3.0000
339,scouts,5,5.4350,-1.6226,3.0000
339,scouts,6,3.9350,-3.1226,3.0000
339,scouts,7,5.4350,-4.6226,3.0000
339,scouts,8,-2.1388,3.6363,3.0000
339,scouts,9,-3.6388,5.1363,3.0000
339,scouts,10,-5.1388,3.6363,3.0000
339,scouts,11,-3.6388,2.1363,3.0000
339,scouts,12,5.1376,3.6372,3.0000
339,scouts,13,3.6376,5.1372,3.0000
339,scouts,14,2.1376,3.6372,3.0000
339,scouts,15,3.6376,2.1372,3.0000
339,workers,0,-6.2847,3.5401,3.0000
339,workers,1,7.7018,4.1230,3.0000
339,workers,2,2.9104,-1.9850,3.0000
339,workers,3,0.0854,-0.9926,3.0000
340,general,0,0.0000,0.0000,5.0000
340,nodes,0,-5.4417,-3.0799,3.0000
340,nodes,1,5.4450,-3.0800,3.0000
340,nodes,2,-3.6080,3.6055,3.0000
340,nodes,3,3.6067,3.6063,3.0000
340,scouts,0,-3.9332,-3.1168,3.0000
340,scouts,1,-5.4332,-1.6168,3.0000
340,scouts,2,-6.9332,-3.1168,3.0000
340,scouts,3,-5.4332,-4.6168,3.0000
340,scouts,4,6.9363,-3.1170,3.0000
340,scouts,5,5.4363,-1.6170,3.0000
340,scouts,6,3.9363,-3.1170,3.0000
340,scouts,7,5.4363,-4.6170,3.0000
340,scouts,8,-2.1347,3.6322,3.0000
340,scouts,9,-3.6347,5.1322,3.0000
340,scouts,10,-5.1347,3.6322,3.0000
340,scouts,11,-3.6347,2.1322,3.0000
340,scouts,12,5.1335,3.6331,3.0000
340,scouts,13,3.6335,5.1331,3.0000
340,scouts,14,2.1335,3.6331,3.0000
340,scouts,15,3.6335,2.1331,3.0000
340,workers,0,-6.2966,3.5712,3.0000
340,workers,1,7.7043,4.1563,3.0000
340,workers,2,2.9319,-2.0104,3.0000
340,workers,3,0.0603,-1.0144,3.0000
341,general,0,0.0000,0.0000,5.0000
341,nodes,0,-5.4430,-3.0742,3.0000
341,nodes,1,5.4463,-3.0743,3.0000
341,nodes,2,-3.6039,3.6014,3.0000
341,nodes,3,3.6026,3.6022,3.0000
341,scouts,0,-3.9345,-3.1112,3.0000
341,scouts,1,-5.4345,-1.6112,3.0000
341,scouts,2,-6.9345,-3.1112,3.0000
341,scouts,3,-5.4345,-4.6112,3.0000
341,scouts,4,6.9376,-3.1113,3.0000
341,scouts,5,5.4376,-1.6113,3.0000
341,scouts,6,3.9376,-3.1113,3.0000
341,scouts,7,5.4376,-4.6113,3.0000
341,scouts,8,-2.1306,3.6281,3.0000
341,scouts,9,-3.6306,5.1281,3.0000
341,scouts,10,-5.1306,3.6281,3.0000
341,scouts,11,-3.6306,2.1281,3.0000
341,scouts,12,5.1294,3.6290,3.0000
341,scouts,13,3.6294,5.1290,3.0000
341,scouts,14,2.1294,3.6290,3.0000
341,scouts,15,3.6294,2.1290,3.0000
341,workers,0,-6.3086,3.6023,3.0000
341,workers,1,7.7069,4.1895,3.0000
341,workers,2,2.9534,-2.0359,3.0000
341,workers,3,0.0351,-1.0363,3.0000
342,general,0,0.0000,0.0000,5.0000
342,nodes,0,-5.4443,-3.0685,3.0000
342,nodes,1,5.4476,-3.0687,3.0000
342,nodes,2,-3.5998,3.5973,3.0000
342,nodes,3,3.5985,3.5981,3.0000
342,scouts,0,-3.9358,-3.1055,3.0000
342,scouts,1,-5.4358,-1.6055,3.0000
342,scouts,2,-6.9358,-3.1055,3.0000
342,scouts,3,-5.4358,-4.6055,3.0000
342,scouts,4,6.9390,-3.1056,3.0000
342,scouts,5,5.4390,-1.6056,3.0000
342,scouts,6,3.9390,-3.1056,3.0000
342,scouts,7,5.4390,-4.6056,3.0000
342,scouts,8,-2.1265,3.6240,3.0000
342,scouts,9,-3.6265,5.1240,3.0000
342,scouts,10,-5.1265,3.6240,3.0000
342,scouts,11,-3.6265,2.1240,3.0000
342,scouts,12,5.1253,3.6249,3.0000
342,scouts,13,3.6253,5.1249,3.0000
342,scouts,14,2.1253,3.6249,3.0000
342,scouts,15,3.6253,2.1249,3.0000
342,workers,0,-6.3206,3.6334,3.0000
342,workers,1,7.7094,4.2228,3.0000
342,workers,2,2.9750,-2.0613,3.0000
342,workers,3,0.0099,-1.0581,3.0000
343,general,0,0.0000,0.0000,5.0000
343,nodes,0,-5.4456,-3.0629,3.0000
343,nodes,1,5.4489,-3.0630,3.0000
343,nodes,2,-3.5957,3.5932,3.0000
343,nodes,3,3.5944,3.5939,3.0000
343,scouts,0,-3.9371,-3.0998,3.0000
343,scouts,1,-5.4371,-1.5998,3.0000
343,scouts,2,-6.9371,-3.0998,3.0000
343,scouts,3,-5.4371,-4.5998,3.0000
343,scouts,4,6.9403,-3.0999,3.0000
343,scouts,5,5.4403,-1.5999,3.0000
343,scouts,6,3.9403,-3.0999,3.0000
343,scouts,7,5.4403,-4.5999,3.0000
343,scouts,8,-2.1224,3.6199,3.0000
343,scouts,9,-3.6224,5.1199,3.0000
343,scouts,10,-5.1224,3.6199,3.0000
343,scouts,11,-3.6224,2.1199,3.0000
343,scouts,12,5.1212,3.6207,3.0000
343,scouts,13,3.6212,5.1207,3.0000
343,scouts,14,2.1212,3.6207,3.0000
343,scouts,15,3.6212,2.1207,3.0000
343,workers,0,-6.3325,3.6646,3.0000
343,workers,1,7.7120,4.2560,3.0000
343,workers,2,2.9965,-2.0868,3.0000
343,workers,3,-0.0153,-1.0799,3.0000
344,general,0,0.0000,0.0000,5.0000
344,nodes,0,-5.4470,-3.0573,3.0000
344,nodes,1,5.4503,-3.0573,3.0000
344,nodes,2,-3.5917,3.5892,3.0000
344,nodes,3,3.5902,3.5898,3.0000
344,scouts,0,-3.9384,-3.0941,3.0000
344,scouts,1,-5.4384,-1.5941,3.0000
344,scouts,2,-6.9384,-3.0941,3.0000
344,scouts,3,-5.4384,-4.5941,3.0000
344,scouts,4,6.9416,-3.0942,3.0000
344,scouts,5,5.4416,-1.5942,3.0000
344,scouts,6,3.9416,-3.0942,3.0000
344,scouts,7,5.4416,-4.5942,3.0000
344,scouts,8,-2.1183,3.6158,3.0000
344,scouts,9,-3.6183,5.1158,3.0000
344,scouts,10,-5.1183,3.6158,3.0000
344,scouts,11,-3.6183,2.1158,3.0000
344,scouts,12,5.1170,3.6166,3.0000
344,scouts,13,3.6170,5.1166,3.0000
344,scouts,14,2.1170,3.6166,3.0000
344,scouts,15,3.6170,2.1166,3.0000
344,workers,0,-6.3445,3.6957,3.0000
344,workers,1,7.7146,4.2892,3.0000
344,workers,2,3.0180,-2.1122,3.0000
344,workers,3,-0.0405,-1.1018,3.0000
345,general,0,0.0000,0.0000,5.0000
345,nodes,0,-5.4483,-3.0516,3.0000
345,nodes,1,5.4516,-3.0516,3.0000
345,nodes,2,-3.5876,3.5851,3.0000
345,nodes,3,3.5861,3.5858,3.0000
345,scouts,0,-3.9398,-3.0885,3.0000
345,scouts,1,-5.4398,-1.5885,3.0000
345,scouts,2,-6.9398,-3.0885,3.0000
345,scouts,3,-5.4398,-4.5885,3.0000
345,scouts,4,6.9430,-3.0885,3.0000
345,scouts,5,5.4430,-1.5885,3.0000
345,scouts,6,3.9430,-3.0885,3.0000
345,scouts,7,5.4430,-4.5885,3.0000
345,scouts,8,-2.1142,3.6117,3.0000
345,scouts,9,-3.6142,5.1117,3.0000
345,scouts,10,-5.1142,3.6117,3.0000
345,scouts,11,-3.6142,2.1117,3.0000
345,scouts,12,5.1129,3.6125,3.0000
345,scouts,13,3.6129,5.1125,3.0000
345,scouts,14,2.1129,3.6125,3.0000
345,scouts,15,3.6129,2.1125,3.0000
345,workers,0,-6.3565,3.7268,3.0000
345,workers,1,7.7171,4.3225,3.0000
345,workers,2,3.0396,-2.1377,3.0000
345,workers,3,-0.0657,-1.1236,3.0000
346,general,0,0.0000,0.0000,5.0000
346,nodes,0,-5.4496,-3.0460,3.0000
346,nodes,1,5.4530,-3.0459,3.0000
346,nodes,2,-3.5834,3.5810,3.0000
346,nodes,3,3.5820,3.5817,3.0000
346,scouts,0,-3.9411,-3.0828,3.0000
346,scouts,1,-5.4411,-1.5828,3.0000
346,scouts,2,-6.9411,-3.0828,3.0000
346,scouts,3,-5.4411,-4.5828,3.0000
346,scouts,4,6.9443,-3.0828,3.0000
346,scouts,5,5.4443,-1.5828,3.0000
346,scouts,6,3.9443,-3.0828,3.0000
346,scouts,7,5.4443,-4.5828,3.0000
346,scouts,8,-2.1101,3.6076,3.0000
346,scouts,9,-3.6101,5.1076,3.0000
346,scouts,10,-5.1101,3.6076,3.0000
346,scouts,11,-3.6101,2.1076,3.0000
346,scouts,12,5.1088,3.6084,3.0000
346,scouts,13,3.6088,5.1084,3.0000
346,scouts,14,2.1088,3.6084,3.0000
346,scouts,15,3.6088,2.1084,3.0000
346,workers,0,-6.3684,3.7579,3.0000
346,workers,1,7.7197,4.3557,3.0000
346,workers,2,3.0611,-2.1631,3.0000
346,workers,3,-0.0909,-1.1454,3.0000
347,general,0,0.0000,0.0000,5.0000
347,nodes,0,-5.4508,-3.0403,3.0000
347,nodes,1,5.4543,-3.0402,3.0000
347,nodes,2,-3.5792,3.5767,3.0000
347,nodes,3,3.5778,3.5775,3.0000
347,scouts,0,-3.9424,-3.0771,3.0000
347,scouts,1,-5.4424,-1.5771,3.0000
347,scouts,2,-6.9424,-3.0771,3.0000
347,scouts,3,-5.4424,-4.5771,3.0000
347,scouts,4,6.9456,-3.0772,3.0000
347,scouts,5,5.4456,-1.5772,3.0000
347,scouts,6,3.9456,-3.0772,3.0000
347,scouts,7,5.4456,-4.5772,3.0000
347,scouts,8,-2.1060,3.6035,3.0000
347,scouts,9,-3.6060,5.1035,3.0000
347,scouts,10,-5.1060,3.6035,3.0000
347,scouts,11,-3.6060,2.1035,3.0000
347,scouts,12,5.1047,3.6043,3.0000
347,scouts,13,3.6047,5.1043,3.0000
347,scouts,14,2.1047,3.6043,3.0000
347,scouts,15,3.6047,2.1043,3.0000
347,workers,0,-6.3804,3.7890,3.0000
347,workers,1,7.7222,4.3889,3.0000
347,workers,2,3.0826,-2.1886,3.0000
347,workers,3,-0.1161,-1.1673,3.0000
348,general,0,0.0000,0.0000,5.0000
348,nodes,0,-5.4521,-3.0346,3.0000
348,nodes,1,5.4557,-3.0346,3.0000
348,nodes,2,-3.5751,3.5726,3.0000
348,nodes,3,3.5736,3.5734,3.0000
348,scouts,0,-3.9437,-3.0715,3.0000
348,scouts,1,-5.4437,-1.5715,3.0000
348,scouts,2,-6.9437,-3.0715,3.0000
348,scouts,3,-5.4437,-4.5715,3.0000
348,scouts,4,6.9470,-3.0715,3.0000
348,scouts,5,5.4470,-1.5715,3.0000
348,scouts,6,3.9470,-3.0715,3.0000
348,scouts,7,5.4470,-4.5715,3.0000
348,scouts,8,-2.1019,3.5994,3.0000
348,scouts,9,-3.6019,5.0994,3.0000
348,scouts,10,-5.1019,3.5994,3.0000
348,scouts,11,-3.6019,2.0994,3.0000
348,scouts,12,5.1005,3.6002,3.0000
348,scouts,13,3.6005,5.1002,3.0000
348,scouts,14,2.1005,3.6002,3.0000
348,scouts,15,3.6005,2.1002,3.0000
348,workers,0,-6.3924,3.8201,3.0000
348,workers,1,7.7248,4.4222,3.0000
348,workers,2,3.1042,-2.2140,3.0000
348,workers,3,-0.1413,-1.1891,3.0000
349,general,0,0.0000,0.0000,5.0000
349,nodes,0,-5.4534,-3.0290,3.0000
349,nodes,1,5.4570,-3.0290,3.0000
349,nodes,2,-3.5710,3.5684,3.0000
349,nodes,3,3.5695,3.5694,3.0000
349,scouts,0,-3.9450,-3.0658,3.0000
349,scouts,1,-5.4450,-1.5658,3.0000
349,scouts,2,-6.9450,-3.0658,3.0000
349,scouts,3,-5.4450,-4.5658,3.0000
349,scouts,4,6.9483,-3.0658,3.0000
349,scouts,5,5.4483,-1.5658,3.0000
349,scouts,6,3.9483,-3.0658,3.0000
349,scouts,7,5.4483,-4.5658,3.0000
349,scouts,8,-2.0978,3.5952,3.0000
349,scouts,9,-3.5978,5.0952,3.0000
349,scouts,10,-5.0978,3.5952,3.0000
349,scouts,11,-3.5978,2.0952,3.0000
349,scouts,12,5.0964,3.5961,3.0000
349,scouts,13,3.5964,5.0961,3.0000
349,scouts,14,2.0964,3.5961,3.0000
349,scouts,15,3.5964,2.0961,3.0000
349,workers,0,-6.4043,3.8512,3.0000
349,workers,1,7.7273,4.4554,3.0000
349,workers,2,3.1257,-2.2394,3.0000
349,workers,3,-0.1665,-1.2109,3.0000
350,general,0,0.0000,0.0000,5.0000
350,nodes,0,-5.4547,-3.0234,3.0000
350,nodes,1,5.4582,-3.0233,3.0000
350,nodes,2,-3.5669,3.5643,3.0000
350,nodes,3,3.5654,3.5653,3.0000
350,scouts,0,-3.9463,-3.0601,3.0000
350,scouts,1,-5.4463,-1.5601,3.0000
350,scouts,2,-6.9463,-3.0601,3.0000
350,scouts,3,-5.4463,-4.5601,3.0000
350,scouts,4,6.9496,-3.0601,3.0000
350,scouts,5,5.4496,-1.5601,3.0000
350,scouts,6,3.9496,-3.0601,3.0000
350,scouts,7,5.4496,-4.5601,3.0000
350,scouts,8,-2.0936,3.5911,3.0000
350,scouts,9,-3.5936,5.0911,3.0000
350,scouts,10,-5.0936,3.5911,3.0000
350,scouts,11,-3.5936,2.0911,3.0000
350,scouts,12,5.0922,3.5920,3.0000
350,scouts,13,3.5922,5.0920,3.0000
350,scouts,14,2.0922,3.5920,3.0000
350,scouts,15,3.5922,2.0920,3.0000
350,workers,0,-6.4163,3.8823,3.0000
350,workers,1,7.7299,4.4886,3.0000
350,workers,2,3.1472,-2.2649,3.0000
350,workers,3,-0.1916,-1.2328,3.0000
351,general,0,0.0000,0.0000,5.0000
351,nodes,0,-5.4560,-3.0177,3.0000
351,nodes,1,5.4595,-3.0177,3.0000
351,nodes,2,-3.5627,3.5602,3.0000
351,nodes,3,3.5614,3.5613,3.0000
351,scouts,0,-3.9476,-3.0545,3.0000
351,scouts,1,-5.4476,-1.5545,3.0000
351,scouts,2,-6.9476,-3.0545,3.0000
351,scouts,3,-5.4476,-4.5545,3.0000
351,scouts,4,6.9509,-3.0545,3.0000
351,scouts,5,5.4509,-1.5545,3.0000
351,scouts,6,3.9509,-3.0545,3.0000
351,scouts,7,5.4509,-4.5545,3.0000
351,scouts,8,-2.0895,3.5870,3.0000
351,scouts,9,-3.5895,5.0870,3.0000
351,scouts,10,-5.0895,3.5870,3.0000
351,scouts,11,-3.5895,2.0870,3.0000
351,scouts,12,5.0881,3.5879,3.0000
351,scouts,13,3.5881,5.0879,3.0000
351,scouts,14,2.0881,3.5879,3.0000
351,scouts,15,3.5881,2.0879,3.0000
351,workers,0,-6.4282,3.9134,3.0000
351,workers,1,7.7325,4.5219,3.0000
351,workers,2,3.1687,-2.2903,3.0000
351,workers,3,-0.2168,-1.2546,3.0000
352,general,0,0.0000,0.0000,5.0000
352,nodes,0,-5.4573,-3.0120,3.0000
352,nodes,1,5.4608,-3.0120,3.0000
352,nodes,2,-3.5587,3.5561,3.0000
352,nodes,3,3.5573,3.5572,3.0000
352,scouts,0,-3.9489,-3.0488,3.0000
352,scouts,1,-5.4489,-1.5488,3.0000
352,scouts,2,-6.9489,-3.0488,3.0000
352,scouts,3,-5.4489,-4.5488,3.0000
352,scouts,4,6.9522,-3.0488,3.0000
352,scouts,5,5.4522,-1.5488,3.0000
352,scouts,6,3.9522,-3.0488,3.0000
352,scouts,7,5.4522,-4.5488,3.0000
352,scouts,8,-2.0854,3.5829,3.0000
352,scouts,9,-3.5854,5.0829,3.0000
352,scouts,10,-5.0854,3.5829,3.0000
352,scouts,11,-3.5854,2.0829,3.0000
352,scouts,12,5.0840,3.5838,3.0000
352,scouts,13,3.5840,5.0838,3.0000
352,scouts,14,2.0840,3.5838,3.0000
352,scouts,15,3.5840,2.0838,3.0000
352,workers,0,-6.4402,3.9446,3.0000
352,workers,1,7.7350,4.5551,3.0000
352,workers,2,3.1903,-2.3158,3.0000
352,workers,3,-0.2420,-1.2764,3.0000
353,general,0,0.0000,0.0000,5.0000
353,nodes,0,-5.4586,-3.0063,3.0000
353,nodes,1,5.4621,-3.0064,3.0000
353,nodes,2,-3.5545,3.5520,3.0000
353,nodes,3,3.5532,3.5530,3.0000
353,scouts,0,-3.9502,-3.0432,3.0000
353,scouts,1,-5.4502,-1.5432,3.0000
353,scouts,2,-6.9502,-3.0432,3.0000
353,scouts,3,-5.4502,-4.5432,3.0000
353,scouts,4,6.9536,-3.0432,3.0000
353,scouts,5,5.4536,-1.5432,3.0000
353,scouts,6,3.9536,-3.0432,3.0000
353,scouts,7,5.4536,-4.5432,3.0000
353,scouts,8,-2.0813,3.5787,3.0000
353,scouts,9,-3.5813,5.0787,3.0000
353,scouts,10,-5.0813,3.5787,3.0000
353,scouts,11,-3.5813,2.0787,3.0000
353,scouts,12,5.0799,3.5797,3.0000
353,scouts,13,3.5799,5.0797,3.0000
353,scouts,14,2.0799,3.5797,3.0000
353,scouts,15,3.5799,2.0797,3.0000
353,workers,0,-6.4522,3.9757,3.0000
353,workers,1,7.7376,4.5883,3.0000
353,workers,2,3.2118,-2.3412,3.0000
353,workers,3,-0.2672,-1.2982,3.0000
354,general,0,0.0000,0.0000,5.0000
354,nodes,0,-5.4600,-3.0007,3.0000
354,nodes,1,5.4634,-3.0006,3.0000
354,nodes,2,-3.5504,3.5479,3.0000
354,nodes,3,3.5490,3.5489,3.0000
354,scouts,0,-3.9515,-3.0375,3.0000
354,scouts,1,-5.4515,-1.5375,3.0000
354,scouts,2,-6.9515,-3.0375,3.0000
354,scouts,3,-5.4515,-4.5375,3.0000
354,scouts,4,6.9549,-3.0375,3.0000
354,scouts,5,5.4549,-1.5375,3.0000
354,scouts,6,3.9549,-3.0375,3.0000
354,scouts,7,5.4549,-4.5375,3.0000
354,scouts,8,-2.0772,3.5746,3.0000
354,scouts,9,-3.5772,5.0746,3.0000
354,scouts,10,-5.0772,3.5746,3.0000
354,scouts,11,-3.5772,2.0746,3.0000
354,scouts,12,5.0758,3.5756,3.0000
354,scouts,13,3.5758,5.0756,3.0000
354,scouts,14,2.0758,3.5756,3.0000
354,scouts,15,3.5758,2.0756,3.0000
354,workers,0,-6.4641,4.0068,3.0000
354,workers,1,7.7401,4.6216,3.0000
354,workers,2,3.2333,-2.3667,3.0000
354,workers,3,-0.2924,-1.3201,3.0000
355,general,0,0.0000,0.0000,5.0000
355,nodes,0,-5.4613,-2.9950,3.0000
355,nodes,1,5.4648,-2.9949,3.0000
355,nodes,2,-3.5462,3.5438,3.0000
355,nodes,3,3.5449,3.5447,3.0000
355,scouts,0,-3.9528,-3.0318,3.0000
355,scouts,1,-5.4528,-1.5318,3.0000
355,scouts,2,-6.9528,-3.0318,3.0000
355,scouts,3,-5.4528,-4.5318,3.0000
355,scouts,4,6.9562,-3.0318,3.0000
355,scouts,5,5.4562,-1.5318,3.0000
355,scouts,6,3.9562,-3.0318,3.0000
355,scouts,7,5.4562,-4.5318,3.0000
355,scouts,8,-2.0730,3.5705,3.0000
355,scouts,9,-3.5730,5.0705,3.0000
355,scouts,10,-5.0730,3.5705,3.0000
355,scouts,11,-3.5730,2.0705,3.0000
355,scouts,12,5.0717,3.5715,3.0000
355,scouts,13,3.5717,5.0715,3.0000
355,scouts,14,2.0717,3.5715,3.0000
355,scouts,15,3.5717,2.0715,3.0000
355,workers,0,-6.4761,4.0379,3.0000
355,workers,1,7.7427,4.6548,3.0000
355,workers,2,3.2549,-2.3921,3.0000
355,workers,3,-0.3176,-1.3419,3.0000
356,general,0,0.0000,0.0000,5.0000
356,nodes,0,-5.4627,-2.9893,3.0000
356,nodes,1,5.4662,-2.9892,3.0000
356,nodes,2,-3.5421,3.5397,3.0000
356,nodes,3,3.5407,3.5406,3.0000
356,scouts,0,-3.9541,-3.0262,3.0000
356,scouts,1,-5.4541,-1.5262,3.0000
356,scouts,2,-6.9541,-3.0262,3.0000
356,scouts,3,-5.4541,-4.5262,3.0000
356,scouts,4,6.9575,-3.0261,3.0000
356,scouts,5,5.4575,-1.5261,3.0000
356,scouts,6,3.9575,-3.0261,3.0000
356,scouts,7,5.4575,-4.5261,3.0000
356,scouts,8,-2.0689,3.5664,3.0000
356,scouts,9,-3.5689,5.0664,3.0000
356,scouts,10,-5.0689,3.5664,3.0000
356,scouts,11,-3.5689,2.0664,3.0000
356,scouts,12,5.0675,3.5673,3.0000
356,scouts,13,3.5675,5.0673,3.0000
356,scouts,14,2.0675,3.5673,3.0000
356,scouts,15,3.5675,2.0673,3.0000
356,workers,0,-6.4881,4.0690,3.0000
356,workers,1,7.7452,4.6880,3.0000
356,workers,2,3.2764,-2.4176,3.0000
356,workers,3,-0.3428,-1.3637,3.0000
357,general,0,0.0000,0.0000,5.0000
357,nodes,0,-5.4640,-2.9836,3.0000
357,nodes,1,5.4675,-2.9835,3.0000
357,nodes,2,-3.5380,3.5356,3.0000
357,nodes,3,3.5365,3.5364,3.0000
357,scouts,0,-3.9554,-3.0205,3.0000
357,scouts,1,-5.4554,-1.5205,3.0000
357,scouts,2,-6.9554,-3.0205,3.0000
357,scouts,3,-5.4554,-4.5205,3.0000
357,scouts,4,6.9589,-3.0205,3.0000
357,scouts,5,5.4589,-1.5205,3.0000
357,scouts,6,3.9589,-3.0205,3.0000
357,scouts,7,5.4589,-4.5205,3.0000
357,scouts,8,-2.0648,3.5623,3.0000
357,scouts,9,-3.5648,5.0623,3.0000
357,scouts,10,-5.0648,3.5623,3.0000
357,scouts,11,-3.5648,2.0623,3.0000
357,scouts,12,5.0634,3.5632,3.0000
357,scouts,13,3.5634,5.0632,3.0000
357,scouts,14,2.0634,3.5632,3.0000
357,scouts,15,3.5634,2.0632,3.0000
357,workers,0,-6.5000,4.1001,3.0000
357,workers,1,7.7478,4.7213,3.0000
357,workers,2,3.2979,-2.4430,3.0000
357,workers,3,-0.3680,-1.3856,3.0000
358,general,0,0.0000,0.0000,5.0000
358,nodes,0,-5.4653,-2.9779,3.0000
358,nodes,1,5.4688,-2.9779,3.0000
358,nodes,2,-3.5339,3.5315,3.0000
358,nodes,3,3.5324,3.5323,3.0000
358,scouts,0,-3.9567,-3.0148,3.0000
358,scouts,1,-5.4567,-1.5148,3.0000
358,scouts,2,-6.9567,-3.0148,3.0000
358,scouts,3,-5.4567,-4.5148,3.0000
358,scouts,4,6.9602,-3.0148,3.0000
358,scouts,5,5.4602,-1.5148,3.0000
358,scouts,6,3.9602,-3.0148,3.0000
358,scouts,7,5.4602,-4.5148,3.0000
358,scouts,8,-2.0607,3.5582,3.0000
358,scouts,9,-3.5607,5.0582,3.0000
358,scouts,10,-5.0607,3.5582,3.0000
358,scouts,11,-3.5607,2.0582,3.0000
358,scouts,12,5.0593,3.5591,3.0000
358,scouts,13,3.5593,5.0591,3.0000
358,scouts,14,2.0593,3.5591,3.0000
358,scouts,15,3.5593,2.0591,3.0000
358,workers,0,-6.5120,4.1312,3.0000
358,workers,1,7.7503,4.7545,3.0000
358,workers,2,3.3195,-2.4685,3.0000
358,workers,3,-0.3932,-1.4074,3.0000
359,general,0,0.0000,0.0000,5.0000
359,nodes,0,-5.4667,-2.9723,3.0000
359,nodes,1,5.4701,-2.9722,3.0000
359,nodes,2,-3.5297,3.5273,3.0000
359,nodes,3,3.5283,3.5281,3.0000
359,scouts,0,-3.9581,-3.0091,3.0000
359,scouts,1,-5.4581,-1.5091,3.0000
359,scouts,2,-6.9581,-3.0091,3.0000
359,scouts,3,-5.4581,-4.5091,3.0000
359,scouts,4,6.9615,-3.0091,3.0000
359,scouts,5,5.4615,-1.5091,3.0000
359,scouts,6,3.9615,-3.0091,3.0000
359,scouts,7,5.4615,-4.5091,3.0000
359,scouts,8,-2.0565,3.5541,3.0000
359,scouts,9,-3.5565,5.0541,3.0000
359,scouts,10,-5.0565,3.5541,3.0000
359,scouts,11,-3.5565,2.0541,3.0000
359,scouts,12,5.0551,3.5550,3.0000
359,scouts,13,3.5551,5.0550,3.0000
359,scouts,14,2.0551,3.5550,3.0000
359,scouts,15,3.5551,2.0550,3.0000
359,workers,0,-6.5240,4.1623,3.0000
359,workers,1,7.7529,4.7878,3.0000
359,workers,2,3.3410,-2.4939,3.0000
359,workers,3,-0.4183,-1.4292,3.0000
360,general,0,0.0000,0.0000,5.0000
360,nodes,0,-5.4680,-2.9667,3.0000
360,nodes,1,5.4714,-2.9664,3.0000
360,nodes,2,-3.5256,3.5233,3.0000
360,nodes,3,3.5241,3.5240,3.0000
360,scouts,0,-3.9594,-3.0035,3.0000
360,scouts,1,-5.4594,-1.5035,3.0000
360,scouts,2,-6.9594,-3.0035,3.0000
360,scouts,3,-5.4594,-4.5035,3.0000
360,scouts,4,6.9628,-3.0034,3.0000
360,scouts,5,5.4628,-1.5034,3.0000
360,scouts,6,3.9628,-3.0034,3.0000
360,scouts,7,5.4628,-4.5034,3.0000
360,scouts,8,-2.0524,3.5500,3.0000
360,scouts,9,-3.5524,5.0500,3.0000
360,scouts,10,-5.0524,3.5500,3.0000
360,scouts,11,-3.5524,2.0500,3.0000
360,scouts,12,5.0510,3.5508,3.0000
360,scouts,13,3.5510,5.0508,3.0000
360,scouts,14,2.0510,3.5508,3.0000
360,scouts,15,3.5510,2.0508,3.0000
360,workers,0,-6.5359,4.1935,3.0000
360,workers,1,7.7555,4.8210,3.0000
360,workers,2,3.3625,-2.5194,3.0000
360,workers,3,-0.4435,-1.4511,3.0000
361,general,0,0.0000,0.0000,5.0000
361,nodes,0,-5.4693,-2.9610,3.0000
361,nodes,1,5.4727,-2.9608,3.0000
361,nodes,2,-3.5214,3.5192,3.0000
361,nodes,3,3.5200,3.5199,3.0000
361,scouts,0,-3.9607,-2.9978,3.0000
361,scouts,1,-5.4607,-1.4978,3.0000
361,scouts,2,-6.9607,-2.9978,3.0000
361,scouts,3,-5.4607,-4.4978,3.0000
361,scouts,4,6.9641,-2.9977,3.0000
361,scouts,5,5.4641,-1.4977,3.0000
361,scouts,6,3.9641,-2.9977,3.0000
361,scouts,7,5.4641,-4.4977,3.0000
361,scouts,8,-2.0483,3.5459,3.0000
361,scouts,9,-3.5483,5.0459,3.0000
361,scouts,10,-5.0483,3.5459,3.0000
361,scouts,11,-3.5483,2.0459,3.0000
361,scouts,12,5.0469,3.5467,3.0000
361,scouts,13,3.5469,5.0467,3.0000
361,scouts,14,2.0469,3.5467,3.0000
361,scouts,15,3.5469,2.0467,3.0000
361,workers,0,-6.5479,4.2246,3.0000
361,workers,1,7.7580,4.8542,3.0000
361,workers,2,3.3841,-2.5448,3.0000
361,workers,3,-0.4687,-1.4729,3.0000
362,general,0,0.0000,0.0000,5.0000
362,nodes,0,-5.4707,-2.9553,3.0000
362,nodes,1,5.4740,-2.9553,3.0000
362,nodes,2,-3.5173,3.5150,3.0000
362,nodes,3,3.5158,3.5158,3.0000
362,scouts,0,-3.9621,-2.9921,3.0000
362,scouts,1,-5.4621,-1.4921,3.0000
362,scouts,2,-6.9621,-2.9921,3.0000
362,scouts,3,-5.4621,-4.4921,3.0000
362,scouts,4,6.9655,-2.9921,3.0000
362,scouts,5,5.4655,-1.4921,3.0000
362,scouts,6,3.9655,-2.9921,3.0000
362,scouts,7,5.4655,-4.4921,3.0000
362,scouts,8,-2.0441,3.5418,3.0000
362,scouts,9,-3.5441,5.0418,3.0000
362,scouts,10,-5.0441,3.5418,3.0000
362,scouts,11,-3.5441,2.0418,3.0000
362,scouts,12,5.0427,3.5426,3.0000
362,scouts,13,3.5427,5.0426,3.0000
362,scouts,14,2.0427,3.5426,3.0000
362,scouts,15,3.5427,2.0426,3.0000
362,workers,0,-6.5599,4.2557,3.0000
362,workers,1,7.7606,4.8875,3.0000
362,workers,2,3.4056,-2.5702,3.0000
362,workers,3,-0.4939,-1.4947,3.0000
363,general,0,0.0000,0.0000,5.0000
363,nodes,0,-5.4720,-2.9497,3.0000
363,nodes,1,5.4753,-2.9496,3.0000
363,nodes,2,-3.5131,3.5110,3.0000
363,nodes,3,3.5117,3.5117,3.0000
363,scouts,0,-3.9634,-2.9865,3.0000
363,scouts,1,-5.4634,-1.4865,3.0000
363,scouts,2,-6.9634,-2.9865,3.0000
363,scouts,3,-5.4634,-4.4865,3.0000
363,scouts,4,6.9668,-2.9864,3.0000
363,scouts,5,5.4668,-1.4864,3.0000
363,scouts,6,3.9668,-2.9864,3.0000
363,scouts,7,5.4668,-4.4864,3.0000
363,scouts,8,-2.0400,3.5376,3.0000
363,scouts,9,-3.5400,5.0376,3.0000
363,scouts,10,-5.0400,3.5376,3.0000
363,scouts,11,-3.5400,2.0376,3.0000
363,scouts,12,5.0386,3.5385,3.0000
363,scouts,13,3.5386,5.0385,3.0000
363,scouts,14,2.0386,3.5385,3.0000
363,scouts,15,3.5386,2.0385,3.0000
363,workers,0,-6.5718,4.2868,3.0000
363,workers,1,7.7631,4.9207,3.0000
363,workers,2,3.4271,-2.5957,3.0000
363,workers,3,-0.5191,-1.5166,3.0000
364,general,0,0.0000,0.0000,5.0000
364,nodes,0,-5.4733,-2.9439,3.0000
364,nodes,1,5.4767,-2.9440,3.0000
364,nodes,2,-3.5089,3.5069,3.0000
364,nodes,3,3.5076,3.5076,3.0000
364,scouts,0,-3.9647,-2.9808,3.0000
364,scouts,1,-5.4647,-1.4808,3.0000
364,scouts,2,-6.9647,-2.9808,3.0000
364,scouts,3,-5.4647,-4.4808,3.0000
364,scouts,4,6.9681,-2.9808,3.0000
364,scouts,5,5.4681,-1.4808,3.0000
364,scouts,6,3.9681,-2.9808,3.0000
364,scouts,7,5.4681,-4.4808,3.0000
364,scouts,8,-2.0359,3.5335,3.0000
364,scouts,9,-3.5359,5.0335,3.0000
364,scouts,10,-5.0359,3.5335,3.0000
364,scouts,11,-3.5359,2.0335,3.0000
364,scouts,12,5.0344,3.5344,3.0000
364,scouts,13,3.5344,5.0344,3.0000
364,scouts,14,2.0344,3.5344,3.0000
364,scouts,15,3.5344,2.0344,3.0000
364,workers,0,-6.5838,4.3179,3.0000
364,workers,1,7.7657,4.9539,3.0000
364,workers,2,3.4487,-2.6211,3.0000
364,workers,3,-0.5443,-1.5384,3.0000
365,general,0,0.0000,0.0000,5.0000
365,nodes,0,-5.4746,-2.9383,3.0000
365,nodes,1,5.4780,-2.9383,3.0000
365,nodes,2,-3.5049,3.5028,3.0000
365,nodes,3,3.5035,3.5035,3.0000
365,scouts,0,-3.9660,-2.9751,3.0000
365,scouts,1,-5.4660,-1.4751,3.0000
365,scouts,2,-6.9660,-2.9751,3.0000
365,scouts,3,-5.4660,-4.4751,3.0000
365,scouts,4,6.9694,-2.9751,3.0000
365,scouts,5,5.4694,-1.4751,3.0000
365,scouts,6,3.9694,-2.9751,3.0000
365,scouts,7,5.4694,-4.4751,3.0000
365,scouts,8,-2.0317,3.5295,3.0000
365,scouts,9,-3.5317,5.0295,3.0000
365,scouts,10,-5.0317,3.5295,3.0000
365,scouts,11,-3.5317,2.0295,3.0000
365,scouts,12,5.0303,3.5302,3.0000
365,scouts,13,3.5303,5.0302,3.0000
365,scouts,14,2.0303,3.5302,3.0000
365,scouts,15,3.5303,2.0302,3.0000
365,workers,0,-6.5958,4.3490,3.0000
365,workers,1,7.7682,4.9872,3.0000
365,workers,2,3.4702,-2.6466,3.0000
365,workers,3,-0.5695,-1.5602,3.0000
366,general,0,0.0000,0.0000,5.0000
366,nodes,0,-5.4758,-2.9326,3.0000
366,nodes,1,5.4793,-2.9326,3.0000
366,nodes,2,-3.5008,3.4988,3.0000
366,nodes,3,3.4994,3.4993,3.0000
366,scouts,0,-3.9673,-2.9695,3.0000
366,scouts,1,-5.4673,-1.4695,3.0000
366,scouts,2,-6.9673,-2.9695,3.0000
366,scouts,3,-5.4673,-4.4695,3.0000
366,scouts,4,6.9707,-2.9694,3.0000
366,scouts,5,5.4707,-1.4694,3.0000
366,scouts,6,3.9707,-2.9694,3.0000
366,scouts,7,5.4707,-4.4694,3.0000
366,scouts,8,-2.0276,3.5254,3.0000
366,scouts,9,-3.5276,5.0254,3.0000
366,scouts,10,-5.0276,3.5254,3.0000
366,scouts,11,-3.5276,2.0254,3.0000
366,scouts,12,5.0262,3.5261,3.0000
366,scouts,13,3.5262,5.0261,3.0000
366,scouts,14,2.0262,3.5261,3.0000
366,scouts,15,3.5262,2.0261,3.0000
366,workers,0,-6.6077,4.3801,3.0000
366,workers,1,7.7708,5.0204,3.0000
366,workers,2,3.4917,-2.6720,3.0000
366,workers,3,-0.5947,-1.5821,3.0000
367,general,0,0.0000,0.0000,5.0000
367,nodes,0,-5.4772,-2.9269,3.0000
367,nodes,1,5.4807,-2.9270,3.0000
367,nodes,2,-3.4967,3.4947,3.0000
367,nodes,3,3.4952,3.4951,3.0000
367,scouts,0,-3.9686,-2.9638,3.0000
367,scouts,1,-5.4686,-1.4638,3.0000
367,scouts,2,-6.9686,-2.9638,3.0000
367,scouts,3,-5.4686,-4.4638,3.0000
367,scouts,4,6.9721,-2.9638,3.0000
367,scouts,5,5.4721,-1.4638,3.0000
367,scouts,6,3.9721,-2.9638,3.0000
367,scouts,7,5.4721,-4.4638,3.0000
367,scouts,8,-2.0235,3.5213,3.0000
367,scouts,9,-3.5235,5.0213,3.0000
367,scouts,10,-5.0235,3.5213,3.0000
367,scouts,11,-3.5235,2.0213,3.0000
367,scouts,12,5.0221,3.5220,3.0000
367,scouts,13,3.5221,5.0220,3.0000
367,scouts,14,2.0221,3.5220,3.0000
367,scouts,15,3.5221,2.0220,3.0000
367,workers,0,-6.6197,4.4112,3.0000
367,workers,1,7.7734,5.0536,3.0000
367,workers,2,3.5133,-2.6975,3.0000
367,workers,3,-0.6199,-1.6039,3.0000
368,general,0,0.0000,0.0000,5.0000
368,nodes,0,-5.4785,-2.9212,3.0000
368,nodes,1,5.4820,-2.9213,3.0000
368,nodes,2,-3.4925,3.4906,3.0000
368,nodes,3,3.4911,3.4910,3.0000
368,scouts,0,-3.9700,-2.9581,3.0000
368,scouts,1,-5.4700,-1.4581,3.0000
368,scouts,2,-6.9700,-2.9581,3.0000
368,scouts,3,-5.4700,-4.4581,3.0000
368,scouts,4,6.9734,-2.9581,3.0000
368,scouts,5,5.4734,-1.4581,3.0000
368,scouts,6,3.9734,-2.9581,3.0000
368,scouts,7,5.4734,-4.4581,3.0000
368,scouts,8,-2.0193,3.5172,3.0000
368,scouts,9,-3.5193,5.0172,3.0000
368,scouts,10,-5.0193,3.5172,3.0000
368,scouts,11,-3.5193,2.0172,3.0000
368,scouts,12,5.0179,3.5178,3.0000
368,scouts,13,3.5179,5.0178,3.0000
368,scouts,14,2.0179,3.5178,3.0000
368,scouts,15,3.5179,2.0178,3.0000
368,workers,0,-6.6317,4.4423,3.0000
368,workers,1,7.7759,5.0869,3.0000
368,workers,2,3.5348,-2.7229,3.0000
368,workers,3,-0.6451,-1.6257,3.0000
369,general,0,0.0000,0.0000,5.0000
369,nodes,0,-5.4798,-2.9156,3.0000
369,nodes,1,5.4833,-2.9156,3.0000
369,nodes,2,-3.4883,3.4865,3.0000
369,nodes,3,3.4870,3.4869,3.0000
369,scouts,0,-3.9713,-2.9524,3.0000
369,scouts,1,-5.4713,-1.4524,3.0000
369,scouts,2,-6.9713,-2.9524,3.0000
369,scouts,3,-5.4713,-4.4524,3.0000
369,scouts,4,6.9747,-2.9524,3.0000
369,scouts,5,5.4747,-1.4524,3.0000
369,scouts,6,3.9747,-2.9524,3.0000
369,scouts,7,5.4747,-4.4524,3.0000
369,scouts,8,-2.0152,3.5131,3.0000
369,scouts,9,-3.5152,5.0131,3.0000
369,scouts,10,-5.0152,3.5131,3.0000
369,scouts,11,-3.5152,2.0131,3.0000
369,scouts,12,5.0138,3.5137,3.0000
369,scouts,13,3.5138,5.0137,3.0000
369,scouts,14,2.0138,3.5137,3.0000
369,scouts,15,3.5138,2.0137,3.0000
369,workers,0,-6.6436,4.4735,3.0000
369,workers,1,7.7785,5.1201,3.0000
369,workers,2,3.5563,-2.7484,3.0000
369,workers,3,-0.6702,-1.6475,3.0000
370,general,0,0.0000,0.0000,5.0000
370,nodes,0,-5.4811,-2.9100,3.0000
370,nodes,1,5.4846,-2.9100,3.0000
370,nodes,2,-3.4842,3.4823,3.0000
370,nodes,3,3.4828,3.4828,3.0000
370,scouts,0,-3.9726,-2.9468,3.0000
370,scouts,1,-5.4726,-1.4468,3.0000
370,scouts,2,-6.9726,-2.9468,3.0000
370,scouts,3,-5.4726,-4.4468,3.0000
370,scouts,4,6.9760,-2.9468,3.0000
370,scouts,5,5.4760,-1.4468,3.0000
370,scouts,6,3.9760,-2.9468,3.0000
370,scouts,7,5.4760,-4.4468,3.0000
370,scouts,8,-2.0111,3.5090,3.0000
370,scouts,9,-3.5111,5.0090,3.0000
370,scouts,10,-5.0111,3.5090,3.0000
370,scouts,11,-3.5111,2.0090,3.0000
370,scouts,12,5.0097,3.5096,3.0000
370,scouts,13,3.5097,5.0096,3.0000
370,scouts,14,2.0097,3.5096,3.0000
370,scouts,15,3.5097,2.0096,3.0000
370,workers,0,-6.6556,4.5046,3.0000
370,workers,1,7.7810,5.1533,3.0000
370,workers,2,3.5778,-2.7738,3.0000
370,workers,3,-0.6954,-1.6694,3.0000
371,general,0,0.0000,0.0000,5.0000
371,nodes,0,-5.4824,-2.9043,3.0000
371,nodes,1,5.4859,-2.9043,3.0000
371,nodes,2,-3.4801,3.4781,3.0000
371,nodes,3,3.4787,3.4787,3.0000
371,scouts,0,-3.9739,-2.9411,3.0000
371,scouts,1,-5.4739,-1.4411,3.0000
371,scouts,2,-6.9739,-2.9411,3.0000
371,scouts,3,-5.4739,-4.4411,3.0000
371,scouts,4,6.9773,-2.9411,3.0000
371,scouts,5,5.4773,-1.4411,3.0000
371,scouts,6,3.9773,-2.9411,3.0000
371,scouts,7,5.4773,-4.4411,3.0000
371,scouts,8,-2.0070,3.5049,3.0000
371,scouts,9,-3.5070,5.0049,3.0000
371,scouts,10,-5.0070,3.5049,3.0000
371,scouts,11,-3.5070,2.0049,3.0000
371,scouts,12,5.0055,3.5055,3.0000
371,scouts,13,3.5055,5.0055,3.0000
371,scouts,14,2.0055,3.5055,3.0000
371,scouts,15,3.5055,2.0055,3.0000
371,workers,0,-6.6676,4.5357,3.0000
371,workers,1,7.7836,5.1866,3.0000
371,workers,2,3.5994,-2.7993,3.0000
371,workers,3,-0.7206,-1.6912,3.0000
372,general,0,0.0000,0.0000,5.0000
372,nodes,0,-5.4837,-2.8986,3.0000
372,nodes,1,5.4873,-2.8986,3.0000
372,nodes,2,-3.4760,3.4741,3.0000
372,nodes,3,3.4746,3.4746,3.0000
372,scouts,0,-3.9752,-2.9354,3.0000
372,scouts,1,-5.4752,-1.4354,3.0000
372,scouts,2,-6.9752,-2.9354,3.0000
372,scouts,3,-5.4752,-4.4354,3.0000
372,scouts,4,6.9787,-2.9354,3.0000
372,scouts,5,5.4787,-1.4354,3.0000
372,scouts,6,3.9787,-2.9354,3.0000
372,scouts,7,5.4787,-4.4354,3.0000
372,scouts,8,-2.0028,3.5008,3.0000
372,scouts,9,-3.5028,5.0008,3.0000
372,scouts,10,-5.0028,3.5008,3.0000
372,scouts,11,-3.5028,2.0008,3.0000
372,scouts,12,5.0014,3.5014,3.0000
372,scouts,13,3.5014,5.0014,3.0000
372,scouts,14,2.0014,3.5014,3.0000
372,scouts,15,3.5014,2.0014,3.0000
372,workers,0,-6.6795,4.5668,3.0000
372,workers,1,7.7861,5.2198,3.0000
372,workers,2,3.6209,-2.8247,3.0000
372,workers,3,-0.7458,-1.7130,3.0000
373,general,0,0.0000,0.0000,5.0000
373,nodes,0,-5.4850,-2.8929,3.0000
373,nodes,1,5.4886,-2.8930,3.0000
373,nodes,2,-3.4719,3.4700,3.0000
373,nodes,3,3.4705,3.4703,3.0000
373,scouts,0,-3.9765,-2.9298,3.0000
373,scouts,1,-5.4765,-1.4298,3.0000
373,scouts,2,-6.9765,-2.9298,3.0000
373,scouts,3,-5.4765,-4.4298,3.0000
373,scouts,4,6.9800,-2.9298,3.0000
373,scouts,5,5.4800,-1.4298,3.0000
373,scouts,6,3.9800,-2.9298,3.0000
373,scouts,7,5.4800,-4.4298,3.0000
373,scouts,8,-1.9987,3.4967,3.0000
373,scouts,9,-3.4987,4.9967,3.0000
373,scouts,10,-4.9987,3.4967,3.0000
373,scouts,11,-3.4987,1.9967,3.0000
373,scouts,12,4.9973,3.4972,3.0000
373,scouts,13,3.4973,4.9972,3.0000
373,scouts,14,1.9973,3.4972,3.0000
373,scouts,15,3.4973,1.9972,3.0000
373,workers,0,-6.6915,4.5979,3.0000
373,workers,1,7.7887,5.2530,3.0000
373,workers,2,3.6424,-2.8502,3.0000
373,workers,3,-0.7710,-1.7349,3.0000
374,general,0,0.0000,0.0000,5.0000
374,nodes,0,-5.4863,-2.8872,3.0000
374,nodes,1,5.4900,-2.8873,3.0000
374,nodes,2,-3.4677,3.4659,3.0000
374,nodes,3,3.4665,3.4662,3.0000
374,scouts,0,-3.9778,-2.9241,3.0000
374,scouts,1,-5.4778,-1.4241,3.0000
374,scouts,2,-6.9778,-2.9241,3.0000
374,scouts,3,-5.4778,-4.4241,3.0000
374,scouts,4,6.9813,-2.9241,3.0000
374,scouts,5,5.4813,-1.4241,3.0000
374,scouts,6,3.9813,-2.9241,3.0000
374,scouts,7,5.4813,-4.4241,3.0000
374,scouts,8,-1.9946,3.4926,3.0000
374,scouts,9,-3.4946,4.9926,3.0000
374,scouts,10,-4.9946,3.4926,3.0000
374,scouts,11,-3.4946,1.9926,3.0000
374,scouts,12,4.9932,3.4931,3.0000
374,scouts,13,3.4932,4.9931,3.0000
374,scouts,14,1.9932,3.4931,3.0000
374,scouts,15,3.4932,1.9931,3.0000
374,workers,0,-6.7035,4.6290,3.0000
374,workers,1,7.7913,5.2863,3.0000
374,workers,2,3.6640,-2.8756,3.0000
374,workers,3,-0.7962,-1.7567,3.0000
375,general,0,0.0000,0.0000,5.0000
375,nodes,0,-5.4877,-2.8815,3.0000
375,nodes,1,5.4913,-2.8816,3.0000
375,nodes,2,-3.4636,3.4617,3.0000
375,nodes,3,3.4624,3.4621,3.0000
375,scouts,0,-3.9791,-2.9184,3.0000
375,scouts,1,-5.4791,-1.4184,3.0000
375,scouts,2,-6.9791,-2.9184,3.0000
375,scouts,3,-5.4791,-4.4184,3.0000
375,scouts,4,6.9827,-2.9184,3.0000
375,scouts,5,5.4827,-1.4184,3.0000
375,scouts,6,3.9827,-2.9184,3.0000
375,scouts,7,5.4827,-4.4184,3.0000
375,scouts,8,-1.9904,3.4884,3.0000
375,scouts,9,-3.4904,4.9884,3.0000
375,scouts,10,-4.9904,3.4884,3.0000
375,scouts,11,-3.4904,1.9884,3.0000
375,scouts,12,4.9891,3.4890,3.0000
375,scouts,13,3.4891,4.9890,3.0000
375,scouts,14,1.9891,3.4890,3.0000
375,scouts,15,3.4891,1.9890,3.0000
375,workers,0,-6.7154,4.6601,3.0000
375,workers,1,7.7938,5.3195,3.0000
375,workers,2,3.6855,-2.9010,3.0000
375,workers,3,-0.8214,-1.7785,3.0000
376,general,0,0.0000,0.0000,5.0000
376,nodes,0,-5.4890,-2.8757,3.0000
376,nodes,1,5.4927,-2.8759,3.0000
376,nodes,2,-3.4595,3.4576,3.0000
376,nodes,3,3.4583,3.4580,3.0000
376,scouts,0,-3.9805,-2.9127,3.0000
376,scouts,1,-5.4805,-1.4127,3.0000
376,scouts,2,-6.9805,-2.9127,3.0000
376,scouts,3,-5.4805,-4.4127,3.0000
376,scouts,4,6.9840,-2.9128,3.0000
376,scouts,5,5.4840,-1.4128,3.0000
376,scouts,6,3.9840,-2.9128,3.0000
376,scouts,7,5.4840,-4.4128,3.0000
376,scouts,8,-1.9863,3.4843,3.0000
376,scouts,9,-3.4863,4.9843,3.0000
376,scouts,10,-4.9863,3.4843,3.0000
376,scouts,11,-3.4863,1.9843,3.0000
376,scouts,12,4.9850,3.4848,3.0000
376,scouts,13,3.4850,4.9848,3.0000
376,scouts,14,1.9850,3.4848,3.0000
376,scouts,15,3.4850,1.9848,3.0000
376,workers,0,-6.7274,4.6912,3.0000
376,workers,1,7.7964,5.3527,3.0000
376,workers,2,3.7070,-2.9265,3.0000
376,workers,3,-0.8466,-1.8004,3.0000
377,general,0,0.0000,0.0000,5.0000
377,nodes,0,-5.4904,-2.8701,3.0000
377,nodes,1,5.4941,-2.8702,3.0000
377,nodes,2,-3.4553,3.4535,3.0000
377,nodes,3,3.4542,3.4539,3.0000
377,scouts,0,-3.9818,-2.9070,3.0000
377,scouts,1,-5.4818,-1.4070,3.0000
377,scouts,2,-6.9818,-2.9070,3.0000
377,scouts,3,-5.4818,-4.4070,3.0000
377,scouts,4,6.9853,-2.9071,3.0000
377,scouts,5,5.4853,-1.4071,3.0000
377,scouts,6,3.9853,-2.9071,3.0000
377,scouts,7,5.4853,-4.4071,3.0000
377,scouts,8,-1.9822,3.4802,3.0000
377,scouts,9,-3.4822,4.9802,3.0000
377,scouts,10,-4.9822,3.4802,3.0000
377,scouts,11,-3.4822,1.9802,3.0000
377,scouts,12,4.9809,3.4807,3.0000
377,scouts,13,3.4809,4.9807,3.0000
377,scouts,14,1.9809,3.4807,3.0000
377,scouts,15,3.4809,1.9807,3.0000
377,workers,0,-6.7394,4.7223,3.0000
377,workers,1,7.7989,5.3860,3.0000
377,workers,2,3.7286,-2.9519,3.0000
377,workers,3,-0.8718,-1.8222,3.0000
378,general,0,0.0000,0.0000,5.0000
378,nodes,0,-5.4917,-2.8644,3.0000
378,nodes,1,5.4954,-2.8646,3.0000
378,nodes,2,-3.4512,3.4493,3.0000
378,nodes,3,3.4501,3.4497,3.0000
378,scouts,0,-3.9831,-2.9014,3.0000
378,scouts,1,-5.4831,-1.4014,3.0000
378,scouts,2,-6.9831,-2.9014,3.0000
378,scouts,3,-5.4831,-4.4014,3.0000
378,scouts,4,6.9867,-2.9014,3.0000
378,scouts,5,5.4867,-1.4014,3.0000
378,scouts,6,3.9867,-2.9014,3.0000
378,scouts,7,5.4867,-4.4014,3.0000
378,scouts,8,-1.9781,3.4761,3.0000
378,scouts,9,-3.4781,4.9761,3.0000
378,scouts,10,-4.9781,3.4761,3.0000
378,scouts,11,-3.4781,1.9761,3.0000
378,scouts,12,4.9768,3.4766,3.0000
378,scouts,13,3.4768,4.9766,3.0000
378,scouts,14,1.9768,3.4766,3.0000
378,scouts,15,3.4768,1.9766,3.0000
378,workers,0,-6.7513,4.7535,3.0000
378,workers,1,7.8015,5.4192,3.0000
378,workers,2,3.7501,-2.9774,3.0000
378,workers,3,-0.8970,-1.8440,3.0000
379,general,0,0.0000,0.0000,5.0000
379,nodes,0,-5.4930,-2.8587,3.0000
379,nodes,1,5.4967,-2.8589,3.0000
379,nodes,2,-3.4472,3.4451,3.0000
379,nodes,3,3.4459,3.4455,3.0000
379,scouts,0,-3.9844,-2.8957,3.0000
379,scouts,1,-5.4844,-1.3957,3.0000
379,scouts,2,-6.9844,-2.8957,3.0000
379,scouts,3,-5.4844,-4.3957,3.0000
379,scouts,4,6.9880,-2.8958,3.0000
379,scouts,5,5.4880,-1.3958,3.0000
379,scouts,6,3.9880,-2.8958,3.0000
379,scouts,7,5.4880,-4.3958,3.0000
379,scouts,8,-1.9739,3.4720,3.0000
379,scouts,9,-3.4739,4.9720,3.0000
379,scouts,10,-4.9739,3.4720,3.0000
379,scouts,11,-3.4739,1.9720,3.0000
379,scouts,12,4.9726,3.4724,3.0000
379,scouts,13,3.4726,4.9724,3.0000
379,scouts,14,1.9726,3.4724,3.0000
379,scouts,15,3.4726,1.9724,3.0000
379,workers,0,-6.7633,4.7846,3.0000
379,workers,1,7.8040,5.4525,3.0000
379,workers,2,3.7716,-3.0028,3.0000
379,workers,3,-0.9221,-1.8659,3.0000
380,general,0,0.0000,0.0000,5.0000
380,nodes,0,-5.4943,-2.8530,3.0000
380,nodes,1,5.4980,-2.8532,3.0000
380,nodes,2,-3.4432,3.4409,3.0000
380,nodes,3,3.4418,3.4414,3.0000
380,scouts,0,-3.9857,-2.8900,3.0000
380,scouts,1,-5.4857,-1.3900,3.0000
380,scouts,2,-6.9857,-2.8900,3.0000
380,scouts,3,-5.4857,-4.3900,3.0000
380,scouts,4,6.9894,-2.8901,3.0000
380,scouts,5,5.4894,-1.3901,3.0000
380,scouts,6,3.9894,-2.8901,3.0000
380,scouts,7,5.4894,-4.3901,3.0000
380,scouts,8,-1.9698,3.4678,3.0000
380,scouts,9,-3.4698,4.9678,3.0000
380,scouts,10,-4.9698,3.4678,3.0000
380,scouts,11,-3.4698,1.9678,3.0000
380,scouts,12,4.9685,3.4683,3.0000
380,scouts,13,3.4685,4.9683,3.0000
380,scouts,14,1.9685,3.4683,3.0000
380,scouts,15,3.4685,1.9683,3.0000
380,workers,0,-6.7753,4.8157,3.0000
380,workers,1,7.8066,5.4857,3.0000
380,workers,2,3.7932,-3.0283,3.0000
380,workers,3,-0.9473,-1.8877,3.0000
381,general,0,0.0000,0.0000,5.0000
381,nodes,0,-5.4957,-2.8472,3.0000
381,nodes,1,5.4993,-2.8475,3.0000
381,nodes,2,-3.4391,3.4367,3.0000
381,nodes,3,3.4378,3.4372,3.0000
381,scouts,0,-3.9871,-2.8843,3.0000
381,scouts,1,-5.4871,-1.3843,3.0000
381,scouts,2,-6.9871,-2.8843,3.0000
381,scouts,3,-5.4871,-4.3843,3.0000
381,scouts,4,6.9907,-2.8844,3.0000
381,scouts,5,5.4907,-1.3844,3.0000
381,scouts,6,3.9907,-2.8844,3.0000
381,scouts,7,5.4907,-4.3844,3.0000
381,scouts,8,-1.9657,3.4637,3.0000
381,scouts,9,-3.4657,4.9637,3.0000
381,scouts,10,-4.9657,3.4637,3.0000
381,scouts,11,-3.4657,1.9637,3.0000
381,scouts,12,4.9644,3.4641,3.0000
381,scouts,13,3.4644,4.9641,3.0000
381,scouts,14,1.9644,3.4641,3.0000
381,scouts,15,3.4644,1.9641,3.0000
381,workers,0,-6.7872,4.8468,3.0000
381,workers,1,7.8091,5.5189,3.0000
381,workers,2,3.8147,-3.0537,3.0000
381,workers,3,-0.9725,-1.9095,3.0000
382,general,0,0.0000,0.0000,5.0000
382,nodes,0,-5.4970,-2.8416,3.0000
382,nodes,1,5.5007,-2.8419,3.0000
382,nodes,2,-3.4350,3.4326,3.0000
382,nodes,3,3.4337,3.4331,3.0000
382,scouts,0,-3.9884,-2.8786,3.0000
382,scouts,1,-5.4884,-1.3786,3.0000
382,scouts,2,-6.9884,-2.8786,3.0000
382,scouts,3,-5.4884,-4.3786,3.0000
382,scouts,4,6.9920,-2.8787,3.0000
382,scouts,5,5.4920,-1.3787,3.0000
382,scouts,6,3.9920,-2.8787,3.0000
382,scouts,7,5.4920,-4.3787,3.0000
382,scouts,8,-1.9616,3.4595,3.0000
382,scouts,9,-3.4616,4.9595,3.0000
382,scouts,10,-4.9616,3.4595,3.0000
382,scouts,11,-3.4616,1.9595,3.0000
382,scouts,12,4.9603,3.4600,3.0000
382,scouts,13,3.4603,4.9600,3.0000
382,scouts,14,1.9603,3.4600,3.0000
382,scouts,15,3.4603,1.9600,3.0000
382,workers,0,-6.7992,4.8779,3.0000
382,workers,1,7.8117,5.5522,3.0000
382,workers,2,3.8362,-3.0792,3.0000
382,workers,3,-0.9977,-1.9313,3.0000
383,general,0,0.0000,0.0000,5.0000
383,nodes,0,-5.4982,-2.8358,3.0000
383,nodes,1,5.5019,-2.8362,3.0000
383,nodes,2,-3.4310,3.4284,3.0000
383,nodes,3,3.4295,3.4289,3.0000
383,scouts,0,-3.9897,-2.8729,3.0000
383,scouts,1,-5.4897,-1.3729,3.0000
383,scouts,2,-6.9897,-2.8729,3.0000
383,scouts,3,-5.4897,-4.3729,3.0000
383,scouts,4,6.9933,-2.8731,3.0000
383,scouts,5,5.4933,-1.3731,3.0000
383,scouts,6,3.9933,-2.8731,3.0000
383,scouts,7,5.4933,-4.3731,3.0000
383,scouts,8,-1.9575,3.4554,3.0000
383,scouts,9,-3.4575,4.9554,3.0000
383,scouts,10,-4.9575,3.4554,3.0000
383,scouts,11,-3.4575,1.9554,3.0000
383,scouts,12,4.9562,3.4559,3.0000
383,scouts,13,3.4562,4.9559,3.0000
383,scouts,14,1.9562,3.4559,3.0000
383,scouts,15,3.4562,1.9559,3.0000
383,workers,0,-6.8112,4.9090,3.0000
383,workers,1,7.8143,5.5854,3.0000
383,workers,2,3.8578,-3.1046,3.0000
383,workers,3,-1.0229,-1.9532,3.0000
384,general,0,0.0000,0.0000,5.0000
384,nodes,0,-5.4996,-2.8301,3.0000
384,nodes,1,5.5033,-2.8305,3.0000
384,nodes,2,-3.4268,3.4243,3.0000
384,nodes,3,3.4254,3.4248,3.0000
384,scouts,0,-3.9910,-2.8672,3.0000
384,scouts,1,-5.4910,-1.3672,3.0000
384,scouts,2,-6.9910,-2.8672,3.0000
384,scouts,3,-5.4910,-4.3672,3.0000
384,scouts,4,6.9947,-2.8674,3.0000
384,scouts,5,5.4947,-1.3674,3.0000
384,scouts,6,3.9947,-2.8674,3.0000
384,scouts,7,5.4947,-4.3674,3.0000
384,scouts,8,-1.9534,3.4512,3.0000
384,scouts,9,-3.4534,4.9512,3.0000
384,scouts,10,-4.9534,3.4512,3.0000
384,scouts,11,-3.4534,1.9512,3.0000
384,scouts,12,4.9521,3.4517,3.0000
384,scouts,13,3.4521,4.9517,3.0000
384,scouts,14,1.9521,3.4517,3.0000
384,scouts,15,3.4521,1.9517,3.0000
384,workers,0,-6.8231,4.9401,3.0000
384,workers,1,7.8168,5.6186,3.0000
384,workers,2,3.8793,-3.1301,3.0000
384,workers,3,-1.0481,-1.9750,3.0000
385,general,0,0.0000,0.0000,5.0000
385,nodes,0,-5.5009,-2.8244,3.0000
385,nodes,1,5.5045,-2.8248,3.0000
385,nodes,2,-3.4227,3.4202,3.0000
385,nodes,3,3.4212,3.4208,3.0000
385,scouts,0,-3.9923,-2.8615,3.0000
385,scouts,1,-5.4923,-1.3615,3.0000
385,scouts,2,-6.9923,-2.8615,3.0000
385,scouts,3,-5.4923,-4.3615,3.0000
385,scouts,4,6.9960,-2.8617,3.0000
385,scouts,5,5.4960,-1.3617,3.0000
385,scouts,6,3.9960,-2.8617,3.0000
385,scouts,7,5.4960,-4.3617,3.0000
385,scouts,8,-1.9494,3.4471,3.0000
385,scouts,9,-3.4494,4.9471,3.0000
385,scouts,10,-4.9494,3.4471,3.0000
385,scouts,11,-3.4494,1.9471,3.0000
385,scouts,12,4.9480,3.4476,3.0000
385,scouts,13,3.4480,4.9476,3.0000
385,scouts,14,1.9480,3.4476,3.0000
385,scouts,15,3.4480,1.9476,3.0000
385,workers,0,-6.8351,4.9712,3.0000
385,workers,1,7.8194,5.6519,3.0000
385,workers,2,3.9008,-3.1555,3.0000
385,workers,3,-1.0733,-1.9968,3.0000
386,general,0,0.0000,0.0000,5.0000
386,nodes,0,-5.5021,-2.8187,3.0000
386,nodes,1,5.5058,-2.8191,3.0000
386,nodes,2,-3.4186,3.4162,3.0000
386,nodes,3,3.4171,3.4166,3.0000
386,scouts,0,-3.9936,-2.8558,3.0000
386,scouts,1,-5.4936,-1.3558,3.0000
386,scouts,2,-6.9936,-2.8558,3.0000
386,scouts,3,-5.4936,-4.3558,3.0000
386,scouts,4,6.9973,-2.8560,3.0000
386,scouts,5,5.4973,-1.3560,3.0000
386,scouts,6,3.9973,-2.8560,3.0000
386,scouts,7,5.4973,-4.3560,3.0000
386,scouts,8,-1.9453,3.4430,3.0000
386,scouts,9,-3.4453,4.9430,3.0000
386,scouts,10,-4.9453,3.4430,3.0000
386,scouts,11,-3.4453,1.9430,3.0000
386,scouts,12,4.9439,3.4435,3.0000
386,scouts,13,3.4439,4.9435,3.0000
386,scouts,14,1.9439,3.4435,3.0000
386,scouts,15,3.4439,1.9435,3.0000
386,workers,0,-6.8471,5.0024,3.0000
386,workers,1,7.8219,5.6851,3.0000
386,workers,2,3.9223,-3.1810,3.0000
386,workers,3,-1.0985,-2.0187,3.0000
387,general,0,0.0000,0.0000,5.0000
387,nodes,0,-5.5033,-2.8130,3.0000
387,nodes,1,5.5071,-2.8134,3.0000
387,nodes,2,-3.4145,3.4120,3.0000
387,nodes,3,3.4131,3.4125,3.0000
387,scouts,0,-3.9949,-2.8501,3.0000
387,scouts,1,-5.4949,-1.3501,3.0000
387,scouts,2,-6.9949,-2.8501,3.0000
387,scouts,3,-5.4949,-4.3501,3.0000
387,scouts,4,6.9986,-2.8503,3.0000
387,scouts,5,5.4986,-1.3503,3.0000
387,scouts,6,3.9986,-2.8503,3.0000
387,scouts,7,5.4986,-4.3503,3.0000
387,scouts,8,-1.9412,3.4389,3.0000
387,scouts,9,-3.4412,4.9389,3.0000
387,scouts,10,-4.9412,3.4389,3.0000
387,scouts,11,-3.4412,1.9389,3.0000
387,scouts,12,4.9398,3.4393,3.0000
387,scouts,13,3.4398,4.9393,3.0000
387,scouts,14,1.9398,3.4393,3.0000
387,scouts,15,3.4398,1.9393,3.0000
387,workers,0,-6.8590,5.0335,3.0000
387,workers,1,7.8245,5.7183,3.0000
387,workers,2,3.9439,-3.2064,3.0000
387,workers,3,-1.1237,-2.0405,3.0000
388,general,0,0.0000,0.0000,5.0000
388,nodes,0,-5.5046,-2.8074,3.0000
388,nodes,1,5.5084,-2.8077,3.0000
388,nodes,2,-3.4103,3.4079,3.0000
388,nodes,3,3.4089,3.4084,3.0000
388,scouts,0,-3.9962,-2.8444,3.0000
388,scouts,1,-5.4962,-1.3444,3.0000
388,scouts,2,-6.9962,-2.8444,3.0000
388,scouts,3,-5.4962,-4.3444,3.0000
388,scouts,4,6.9999,-2.8447,3.0000
388,scouts,5,5.4999,-1.3447,3.0000
388,scouts,6,3.9999,-2.8447,3.0000
388,scouts,7,5.4999,-4.3447,3.0000
388,scouts,8,-1.9370,3.4347,3.0000
388,scouts,9,-3.4370,4.9347,3.0000
388,scouts,10,-4.9370,3.4347,3.0000
388,scouts,11,-3.4370,1.9347,3.0000
388,scouts,12,4.9357,3.4352,3.0000
388,scouts,13,3.4357,4.9352,3.0000
388,scouts,14,1.9357,3.4352,3.0000
388,scouts,15,3.4357,1.9352,3.0000
388,workers,0,-6.8710,5.0646,3.0000
388,workers,1,7.8270,5.7516,3.0000
388,workers,2,3.9654,-3.2318,3.0000
388,workers,3,-1.1488,-2.0623,3.0000
389,general,0,0.0000,0.0000,5.0000
389,nodes,0,-5.5059,-2.8018,3.0000
389,nodes,1,5.5096,-2.8020,3.0000
389,nodes,2,-3.4062,3.4037,3.0000
389,nodes,3,3.4047,3.4043,3.0000
389,scouts,0,-3.9975,-2.8387,3.0000
389,scouts,1,-5.4975,-1.3387,3.0000
389,scouts,2,-6.9975,-2.8387,3.0000
389,scouts,3,-5.4975,-4.3387,3.0000
389,scouts,4,7.0012,-2.8390,3.0000
389,scouts,5,5.5012,-1.3390,3.0000
389,scouts,6,4.0012,-2.8390,3.0000
389,scouts,7,5.5012,-4.3390,3.0000
389,scouts,8,-1.9329,3.4306,3.0000
389,scouts,9,-3.4329,4.9306,3.0000
389,scouts,10,-4.9329,3.4306,3.0000
389,scouts,11,-3.4329,1.9306,3.0000
389,scouts,12,4.9315,3.4311,3.0000
389,scouts,13,3.4315,4.9311,3.0000
389,scouts,14,1.9315,3.4311,3.0000
389,scouts,15,3.4315,1.9311,3.0000
389,workers,0,-6.8830,5.0957,3.0000
389,workers,1,7.8296,5.7848,3.0000
389,workers,2,3.9869,-3.2573,3.0000
389,workers,3,-1.1740,-2.0842,3.0000
390,general,0,0.0000,0.0000,5.0000
390,nodes,0,-5.5072,-2.7962,3.0000
390,nodes,1,5.5110,-2.7963,3.0000
390,nodes,2,-3.4021,3.3995,3.0000
390,nodes,3,3.4006,3.4001,3.0000
390,scouts,0,-3.9988,-2.8330,3.0000
390,scouts,1,-5.4988,-1.3330,3.0000
390,scouts,2,-6.9988,-2.8330,3.0000
390,scouts,3,-5.4988,-4.3330,3.0000
390,scouts,4,7.0025,-2.8333,3.0000
390,scouts,5,5.5025,-1.3333,3.0000
390,scouts,6,4.0025,-2.8333,3.0000
390,scouts,7,5.5025,-4.3333,3.0000
390,scouts,8,-1.9288,3.4265,3.0000
390,scouts,9,-3.4288,4.9265,3.0000
390,scouts,10,-4.9288,3.4265,3.0000
390,scouts,11,-3.4288,1.9265,3.0000
390,scouts,12,4.9274,3.4270,3.0000
390,scouts,13,3.4274,4.9270,3.0000
390,scouts,14,1.9274,3.4270,3.0000
390,scouts,15,3.4274,1.9270,3.0000
390,workers,0,-6.8949,5.1268,3.0000
390,workers,1,7.8322,5.8180,3.0000
390,workers,2,4.0085,-3.2827,3.0000
390,workers,3,-1.1992,-2.1060,3.0000
391,general,0,0.0000,0.0000,5.0000
391,nodes,0,-5.5085,-2.7905,3.0000
391,nodes,1,5.5123,-2.7907,3.0000
391,nodes,2,-3.3980,3.3954,3.0000
391,nodes,3,3.3964,3.3961,3.0000
391,scouts,0,-4.0001,-2.8274,3.0000
391,scouts,1,-5.5001,-1.3274,3.0000
391,scouts,2,-7.0001,-2.8274,3.0000
391,scouts,3,-5.5001,-4.3274,3.0000
391,scouts,4,7.0038,-2.8276,3.0000
391,scouts,5,5.5038,-1.3276,3.0000
391,scouts,6,4.0038,-2.8276,3.0000
391,scouts,7,5.5038,-4.3276,3.0000
391,scouts,8,-1.9247,3.4223,3.0000
391,scouts,9,-3.4247,4.9223,3.0000
391,scouts,10,-4.9247,3.4223,3.0000
391,scouts,11,-3.4247,1.9223,3.0000
391,scouts,12,4.9233,3.4229,3.0000
391,scouts,13,3.4233,4.9229,3.0000
391,scouts,14,1.9233,3.4229,3.0000
391,scouts,15,3.4233,1.9229,3.0000
391,workers,0,-6.9069,5.1579,3.0000
391,workers,1,7.8347,5.8513,3.0000
391,workers,2,4.0300,-3.3082,3.0000
391,workers,3,-1.2244,-2.1278,3.0000
392,general,0,0.0000,0.0000,5.0000
392,nodes,0,-5.5098,-2.7848,3.0000
392,nodes,1,5.5136,-2.7851,3.0000
392,nodes,2,-3.3939,3.3912,3.0000
392,nodes,3,3.3923,3.3920,3.0000
392,scouts,0,-4.0014,-2.8217,3.0000
392,scouts,1,-5.5014,-1.3217,3.0000
392,scouts,2,-7.0014,-2.8217,3.0000
392,scouts,3,-5.5014,-4.3217,3.0000
392,scouts,4,7.0051,-2.8219,3.0000
392,scouts,5,5.5051,-1.3219,3.0000
392,scouts,6,4.0051,-2.8219,3.0000
392,scouts,7,5.5051,-4.3219,3.0000
392,scouts,8,-1.9206,3.4182,3.0000
392,scouts,9,-3.4206,4.9182,3.0000
392,scouts,10,-4.9206,3.4182,3.0000
392,scouts,11,-3.4206,1.9182,3.0000
392,scouts,12,4.9191,3.4187,3.0000
392,scouts,13,3.4191,4.9187,3.0000
392,scouts,14,1.9191,3.4187,3.0000
392,scouts,15,3.4191,1.9187,3.0000
392,workers,0,-6.9189,5.1890,3.0000
392,workers,1,7.8373,5.8845,3.0000
392,workers,2,4.0515,-3.3336,3.0000
392,workers,3,-1.2496,-2.1497,3.0000
393,general,0,0.0000,0.0000,5.0000
393,nodes,0,-5.5111,-2.7791,3.0000
393,nodes,1,5.5150,-2.7795,3.0000
393,nodes,2,-3.3897,3.3871,3.0000
393,nodes,3,3.3882,3.3878,3.0000
393,scouts,0,-4.0027,-2.8160,3.0000
393,scouts,1,-5.5027,-1.3160,3.0000
393,scouts,2,-7.0027,-2.8160,3.0000
393,scouts,3,-5.5027,-4.3160,3.0000
393,scouts,4,7.0064,-2.8163,3.0000
393,scouts,5,5.5064,-1.3163,3.0000
393,scouts,6,4.0064,-2.8163,3.0000
393,scouts,7,5.5064,-4.3163,3.0000
393,scouts,8,-1.9165,3.4140,3.0000
393,scouts,9,-3.4165,4.9140,3.0000
393,scouts,10,-4.9165,3.4140,3.0000
393,scouts,11,-3.4165,1.9140,3.0000
393,scouts,12,4.9150,3.4146,3.0000
393,scouts,13,3.4150,4.9146,3.0000
393,scouts,14,1.9150,3.4146,3.0000
393,scouts,15,3.4150,1.9146,3.0000
393,workers,0,-6.9308,5.2201,3.0000
393,workers,1,7.8398,5.9177,3.0000
393,workers,2,4.0731,-3.3591,3.0000
393,workers,3,-1.2748,-2.1715,3.0000
394,general,0,0.0000,0.0000,5.0000
394,nodes,0,-5.5125,-2.7735,3.0000
394,nodes,1,5.5163,-2.7739,3.0000
394,nodes,2,-3.3856,3.3831,3.0000
394,nodes,3,3.3840,3.3837,3.0000
394,scouts,0,-4.0040,-2.8103,3.0000
394,scouts,1,-5.5040,-1.3103,3.0000
394,scouts,2,-7.0040,-2.8103,3.0000
394,scouts,3,-5.5040,-4.3103,3.0000
394,scouts,4,7.0078,-2.8106,3.0000
394,scouts,5,5.5078,-1.3106,3.0000
394,scouts,6,4.0078,-2.8106,3.0000
394,scouts,7,5.5078,-4.3106,3.0000
394,scouts,8,-1.9124,3.4099,3.0000
394,scouts,9,-3.4124,4.9099,3.0000
394,scouts,10,-4.9124,3.4099,3.0000
394,scouts,11,-3.4124,1.9099,3.0000
394,scouts,12,4.9109,3.4105,3.0000
394,scouts,13,3.4109,4.9105,3.0000
394,scouts,14,1.9109,3.4105,3.0000
394,scouts,15,3.4109,1.9105,3.0000
394,workers,0,-6.9428,5.2512,3.0000
394,workers,1,7.8424,5.9510,3.0000
394,workers,2,4.0946,-3.3845,3.0000
394,workers,3,-1.3000,-2.1933,3.0000
395,general,0,0.0000,0.0000,5.0000
395,nodes,0,-5.5138,-2.7679,3.0000
395,nodes,1,5.5176,-2.7681,3.0000
395,nodes,2,-3.3814,3.3789,3.0000
395,nodes,3,3.3799,3.3796,3.0000
395,scouts,0,-4.0053,-2.8047,3.0000
395,scouts,1,-5.5053,-1.3047,3.0000
395,scouts,2,-7.0053,-2.8047,3.0000
395,scouts,3,-5.5053,-4.3047,3.0000
395,scouts,4,7.0091,-2.8050,3.0000
395,scouts,5,5.5091,-1.3050,3.0000
395,scouts,6,4.0091,-2.8050,3.0000
395,scouts,7,5.5091,-4.3050,3.0000
395,scouts,8,-1.9082,3.4058,3.0000
395,scouts,9,-3.4082,4.9058,3.0000
395,scouts,10,-4.9082,3.4058,3.0000
395,scouts,11,-3.4082,1.9058,3.0000
395,scouts,12,4.9068,3.4064,3.0000
395,scouts,13,3.4068,4.9064,3.0000
395,scouts,14,1.9068,3.4064,3.0000
395,scouts,15,3.4068,1.9064,3.0000
395,workers,0,-6.9548,5.2824,3.0000
395,workers,1,7.8449,5.9842,3.0000
395,workers,2,4.1161,-3.4100,3.0000
395,workers,3,-1.3252,-2.2152,3.0000
396,general,0,0.0000,0.0000,5.0000
396,nodes,0,-5.5151,-2.7622,3.0000
396,nodes,1,5.5189,-2.7625,3.0000
396,nodes,2,-3.3773,3.3748,3.0000
396,nodes,3,3.3758,3.3754,3.0000
396,scouts,0,-4.0066,-2.7990,3.0000
396,scouts,1,-5.5066,-1.2990,3.0000
396,scouts,2,-7.0066,-2.7990,3.0000
396,scouts,3,-5.5066,-4.2990,3.0000
396,scouts,4,7.0104,-2.7993,3.0000
396,scouts,5,5.5104,-1.2993,3.0000
396,scouts,6,4.0104,-2.7993,3.0000
396,scouts,7,5.5104,-4.2993,3.0000
396,scouts,8,-1.9041,3.4016,3.0000
396,scouts,9,-3.4041,4.9016,3.0000
396,scouts,10,-4.9041,3.4016,3.0000
396,scouts,11,-3.4041,1.9016,3.0000
396,scouts,12,4.9026,3.4022,3.0000
396,scouts,13,3.4026,4.9022,3.0000
396,scouts,14,1.9026,3.4022,3.0000
396,scouts,15,3.4026,1.9022,3.0000
396,workers,0,-6.9667,5.3135,3.0000
396,workers,1,7.8475,6.0175,3.0000
396,workers,2,4.1377,-3.4354,3.0000
396,workers,3,-1.3504,-2.2370,3.0000
397,general,0,0.0000,0.0000,5.0000
397,nodes,0,-5.5165,-2.7564,3.0000
397,nodes,1,5.5203,-2.7568,3.0000
397,nodes,2,-3.3732,3.3706,3.0000
397,nodes,3,3.3716,3.3713,3.0000
397,scouts,0,-4.0079,-2.7933,3.0000
397,scouts,1,-5.5079,-1.2933,3.0000
397,scouts,2,-7.0079,-2.7933,3.0000
397,scouts,3,-5.5079,-4.2933,3.0000
397,scouts,4,7.0117,-2.7936,3.0000
397,scouts,5,5.5117,-1.2936,3.0000
397,scouts,6,4.0117,-2.7936,3.0000
397,scouts,7,5.5117,-4.2936,3.0000
397,scouts,8,-1.9000,3.3975,3.0000
397,scouts,9,-3.4000,4.8975,3.0000
397,scouts,10,-4.9000,3.3975,3.0000
397,scouts,11,-3.4000,1.8975,3.0000
397,scouts,12,4.8985,3.3981,3.0000
397,scouts,13,3.3985,4.8981,3.0000
397,scouts,14,1.8985,3.3981,3.0000
397,scouts,15,3.3985,1.8981,3.0000
397,workers,0,-6.9787,5.3446,3.0000
397,workers,1,7.8501,6.0507,3.0000
397,workers,2,4.1592,-3.4609,3.0000
397,workers,3,-1.3756,-2.2588,3.0000
398,general,0,0.0000,0.0000,5.0000
398,nodes,0,-5.5179,-2.7508,3.0000
398,nodes,1,5.5216,-2.7511,3.0000
398,nodes,2,-3.3690,3.3664,3.0000
398,nodes,3,3.3675,3.3672,3.0000
398,scouts,0,-4.0093,-2.7877,3.0000
398,scouts,1,-5.5093,-1.2877,3.0000
398,scouts,2,-7.0093,-2.7877,3.0000
398,scouts,3,-5.5093,-4.2877,3.0000
398,scouts,4,7.0130,-2.7880,3.0000
398,scouts,5,5.5130,-1.2880,3.0000
398,scouts,6,4.0130,-2.7880,3.0000
398,scouts,7,5.5130,-4.2880,3.0000
398,scouts,8,-1.8958,3.3934,3.0000
398,scouts,9,-3.3958,4.8934,3.0000
398,scouts,10,-4.8958,3.3934,3.0000
398,scouts,11,-3.3958,1.8934,3.0000
398,scouts,12,4.8944,3.3940,3.0000
398,scouts,13,3.3944,4.8940,3.0000
398,scouts,14,1.8944,3.3940,3.0000
398,scouts,15,3.3944,1.8940,3.0000
398,workers,0,-6.9907,5.3757,3.0000
398,workers,1,7.8526,6.0839,3.0000
398,workers,2,4.1807,-3.4863,3.0000
398,workers,3,-1.4007,-2.2806,3.0000
399,general,0,0.0000,0.0000,5.0000
399,nodes,0,-5.5191,-2.7451,3.0000
399,nodes,1,5.5228,-2.7455,3.0000
399,nodes,2,-3.3648,3.3622,3.0000
399,nodes,3,3.3633,3.3631,3.0000
399,scouts,0,-4.0106,-2.7820,3.0000
399,scouts,1,-5.5106,-1.2820,3.0000
399,scouts,2,-7.0106,-2.7820,3.0000
399,scouts,3,-5.5106,-4.2820,3.0000
399,scouts,4,7.0143,-2.7823,3.0000
399,scouts,5,5.5143,-1.2823,3.0000
399,scouts,6,4.0143,-2.7823,3.0000
399,scouts,7,5.5143,-4.2823,3.0000
399,scouts,8,-1.8917,3.3892,3.0000
399,scouts,9,-3.3917,4.8892,3.0000
399,scouts,10,-4.8917,3.3892,3.0000
399,scouts,11,-3.3917,1.8892,3.0000
399,scouts,12,4.8902,3.3899,3.0000
399,scouts,13,3.3902,4.8899,3.0000
399,scouts,14,1.8902,3.3899,3.0000
399,scouts,15,3.3902,1.8899,3.0000
399,workers,0,-7.0026,5.4068,3.0000
399,workers,1,7.8552,6.1172,3.0000
399,workers,2,4.2023,-3.5118,3.0000
399,workers,3,-1.4259,-2.3025,3.0000
400,general,0,0.0000,0.0000,5.0000
400,nodes,0,-5.5204,-2.7394,3.0000
400,nodes,1,5.5241,-2.7398,3.0000
400,nodes,2,-3.3607,3.3581,3.0000
400,nodes,3,3.3592,3.3589,3.0000
400,scouts,0,-4.0119,-2.7763,3.0000
400,scouts,1,-5.5119,-1.2763,3.0000
400,scouts,2,-7.0119,-2.7763,3.0000
400,scouts,3,-5.5119,-4.2763,3.0000
400,scouts,4,7.0156,-2.7766,3.0000
400,scouts,5,5.5156,-1.2766,3.0000
400,scouts,6,4.0156,-2.7766,3.0000
400,scouts,7,5.5156,-4.2766,3.0000
400,scouts,8,-1.8876,3.3851,3.0000
400,scouts,9,-3.3876,4.8851,3.0000
400,scouts,10,-4.8876,3.3851,3.0000
400,scouts,11,-3.3876,1.8851,3.0000
400,scouts,12,4.8861,3.3857,3.0000
400,scouts,13,3.3861,4.8857,3.0000
400,scouts,14,1.8861,3.3857,3.0000
400,scouts,15,3.3861,1.8857,3.0000
400,workers,0,-7.0146,5.4379,3.0000
400,workers,1,7.8577,6.1504,3.0000
400,workers,2,4.2238,-3.5372,3.0000
400,workers,3,-1.4511,-2.3243,3.0000
401,general,0,0.0000,0.0000,5.0000
401,nodes,0,-5.5217,-2.7337,3.0000
401,nodes,1,5.5254,-2.7342,3.0000
401,nodes,2,-3.3566,3.3540,3.0000
401,nodes,3,3.3551,3.3547,3.0000
401,scouts,0,-4.0132,-2.7706,3.0000
401,scouts,1,-5.5132,-1.2706,3.0000
401,scouts,2,-7.0132,-2.7706,3.0000
401,scouts,3,-5.5132,-4.2706,3.0000
401,scouts,4,7.0169,-2.7710,3.0000
401,scouts,5,5.5169,-1.2710,3.0000
401,scouts,6,4.0169,-2.7710,3.0000
401,scouts,7,5.5169,-4.2710,3.0000
401,scouts,8,-1.8834,3.3809,3.0000
401,scouts,9,-3.3834,4.8809,3.0000
401,scouts,10,-4.8834,3.3809,3.0000
401,scouts,11,-3.3834,1.8809,3.0000
401,scouts,12,4.8819,3.3816,3.0000
401,scouts,13,3.3819,4.8816,3.0000
401,scouts,14,1.8819,3.3816,3.0000
401,scouts,15,3.3819,1.8816,3.0000
401,workers,0,-7.0265,5.4690,3.0000
401,workers,1,7.8603,6.1836,3.0000
401,workers,2,4.2453,-3.5626,3.0000
401,workers,3,-1.4763,-2.3461,3.0000
402,general,0,0.0000,0.0000,5.0000
402,nodes,0,-5.5229,-2.7279,3.0000
402,nodes,1,5.5266,-2.7286,3.0000
402,nodes,2,-3.3525,3.3498,3.0000
402,nodes,3,3.3510,3.3506,3.0000
402,scouts,0,-4.0145,-2.7649,3.0000
402,scouts,1,-5.5145,-1.2649,3.0000
402,scouts,2,-7.0145,-2.7649,3.0000
402,scouts,3,-5.5145,-4.2649,3.0000
402,scouts,4,7.0182,-2.7653,3.0000
402,scouts,5,5.5182,-1.2653,3.0000
402,scouts,6,4.0182,-2.7653,3.0000
402,scouts,7,5.5182,-4.2653,3.0000
402,scouts,8,-1.8793,3.3768,3.0000
402,scouts,9,-3.3793,4.8768,3.0000
402,scouts,10,-4.8793,3.3768,3.0000
402,scouts,11,-3.3793,1.8768,3.0000
402,scouts,12,4.8778,3.3775,3.0000
402,scouts,13,3.3778,4.8775,3.0000
402,scouts,14,1.8778,3.3775,3.0000
402,scouts,15,3.3778,1.8775,3.0000
402,workers,0,-7.0385,5.5001,3.0000
402,workers,1,7.8628,6.2169,3.0000
402,workers,2,4.2668,-3.5881,3.0000
402,workers,3,-1.5015,-2.3680,3.0000
403,general,0,0.0000,0.0000,5.0000
403,nodes,0,-5.5241,-2.7223,3.0000
403,nodes,1,5.5280,-2.7229,3.0000
403,nodes,2,-3.3483,3.3457,3.0000
403,nodes,3,3.3470,3.3464,3.0000
403,scouts,0,-4.0158,-2.7592,3.0000
403,scouts,1,-5.5158,-1.2592,3.0000
403,scouts,2,-7.0158,-2.7592,3.0000
403,scouts,3,-5.5158,-4.2592,3.0000
403,scouts,4,7.0195,-2.7597,3.0000
403,scouts,5,5.5195,-1.2597,3.0000
403,scouts,6,4.0195,-2.7597,3.0000
403,scouts,7,5.5195,-4.2597,3.0000
403,scouts,8,-1.8752,3.3726,3.0000
403,scouts,9,-3.3752,4.8726,3.0000
403,scouts,10,-4.8752,3.3726,3.0000
403,scouts,11,-3.3752,1.8726,3.0000
403,scouts,12,4.8737,3.3733,3.0000
403,scouts,13,3.3737,4.8733,3.0000
403,scouts,14,1.8737,3.3733,3.0000
403,scouts,15,3.3737,1.8733,3.0000
403,workers,0,-7.0505,5.5312,3.0000
403,workers,1,7.8654,6.2501,3.0000
403,workers,2,4.2884,-3.6135,3.0000
403,workers,3,-1.5267,-2.3898,3.0000
404,general,0,0.0000,0.0000,5.0000
404,nodes,0,-5.5255,-2.7165,3.0000
404,nodes,1,5.5292,-2.7173,3.0000
404,nodes,2,-3.3442,3.3416,3.0000
404,nodes,3,3.3429,3.3422,3.0000
404,scouts,0,-4.0171,-2.7535,3.0000
404,scouts,1,-5.5171,-1.2535,3.0000
404,scouts,2,-7.0171,-2.7535,3.0000
404,scouts,3,-5.5171,-4.2535,3.0000
404,scouts,4,7.0208,-2.7540,3.0000
404,scouts,5,5.5208,-1.2540,3.0000
404,scouts,6,4.0208,-2.7540,3.0000
404,scouts,7,5.5208,-4.2540,3.0000
404,scouts,8,-1.8711,3.3685,3.0000
404,scouts,9,-3.3711,4.8685,3.0000
404,scouts,10,-4.8711,3.3685,3.0000
404,scouts,11,-3.3711,1.8685,3.0000
404,scouts,12,4.8696,3.3692,3.0000
404,scouts,13,3.3696,4.8692,3.0000
404,scouts,14,1.8696,3.3692,3.0000
404,scouts,15,3.3696,1.8692,3.0000
404,workers,0,-7.0624,5.5624,3.0000
404,workers,1,7.8679,6.2833,3.0000
404,workers,2,4.3099,-3.6390,3.0000
404,workers,3,-1.5519,-2.4116,3.0000
405,general,0,0.0000,0.0000,5.0000
405,nodes,0,-5.5268,-2.7108,3.0000
405,nodes,1,5.5305,-2.7117,3.0000
405,nodes,2,-3.3401,3.3376,3.0000
405,nodes,3,3.3388,3.3381,3.0000
405,scouts,0,-4.0184,-2.7478,3.0000
405,scouts,1,-5.5184,-1.2478,3.0000
405,scouts,2,-7.0184,-2.7478,3.0000
405,scouts,3,-5.5184,-4.2478,3.0000
405,scouts,4,7.0221,-2.7484,3.0000
405,scouts,5,5.5221,-1.2484,3.0000
405,scouts,6,4.0221,-2.7484,3.0000
405,scouts,7,5.5221,-4.2484,3.0000
405,scouts,8,-1.8669,3.3644,3.0000
405,scouts,9,-3.3669,4.8644,3.0000
405,scouts,10,-4.8669,3.3644,3.0000
405,scouts,11,-3.3669,1.8644,3.0000
405,scouts,12,4.8655,3.3650,3.0000
405,scouts,13,3.3655,4.8650,3.0000
405,scouts,14,1.8655,3.3650,3.0000
405,scouts,15,3.3655,1.8650,3.0000
405,workers,0,-7.0744,5.5935,3.0000
405,workers,1,7.8705,6.3166,3.0000
405,workers,2,4.3314,-3.6644,3.0000
405,workers,3,-1.5771,-2.4335,3.0000
406,general,0,0.0000,0.0000,5.0000
406,nodes,0,-5.5280,-2.7051,3.0000
406,nodes,1,5.5318,-2.7060,3.0000
406,nodes,2,-3.3360,3.3335,3.0000
406,nodes,3,3.3347,3.3339,3.0000
406,scouts,0,-4.0196,-2.7421,3.0000
406,scouts,1,-5.5196,-1.2421,3.0000
406,scouts,2,-7.0196,-2.7421,3.0000
406,scouts,3,-5.5196,-4.2421,3.0000
406,scouts,4,7.0234,-2.7427,3.0000
406,scouts,5,5.5234,-1.2427,3.0000
406,scouts,6,4.0234,-2.7427,3.0000
406,scouts,7,5.5234,-4.2427,3.0000
406,scouts,8,-1.8628,3.3603,3.0000
406,scouts,9,-3.3628,4.8603,3.0000
406,scouts,10,-4.8628,3.3603,3.0000
406,scouts,11,-3.3628,1.8603,3.0000
406,scouts,12,4.8614,3.3609,3.0000
406,scouts,13,3.3614,4.8609,3.0000
406,scouts,14,1.8614,3.3609,3.0000
406,scouts,15,3.3614,1.8609,3.0000
406,workers,0,-7.0864,5.6246,3.0000
406,workers,1,7.8731,6.3498,3.0000
406,workers,2,4.3530,-3.6899,3.0000
406,workers,3,-1.6023,-2.4553,3.0000
407,general,0,0.0000,0.0000,5.0000
407,nodes,0,-5.5294,-2.6994,3.0000
407,nodes,1,5.5332,-2.7004,3.0000
407,nodes,2,-3.3318,3.3293,3.0000
407,nodes,3,3.3306,3.3299,3.0000
407,scouts,0,-4.0209,-2.7364,3.0000
407,scouts,1,-5.5209,-1.2364,3.0000
407,scouts,2,-7.0209,-2.7364,3.0000
407,scouts,3,-5.5209,-4.2364,3.0000
407,scouts,4,7.0247,-2.7371,3.0000
407,scouts,5,5.5247,-1.2371,3.0000
407,scouts,6,4.0247,-2.7371,3.0000
407,scouts,7,5.5247,-4.2371,3.0000
407,scouts,8,-1.8587,3.3561,3.0000
407,scouts,9,-3.3587,4.8561,3.0000
407,scouts,10,-4.8587,3.3561,3.0000
407,scouts,11,-3.3587,1.8561,3.0000
407,scouts,12,4.8573,3.3568,3.0000
407,scouts,13,3.3573,4.8568,3.0000
407,scouts,14,1.8573,3.3568,3.0000
407,scouts,15,3.3573,1.8568,3.0000
407,workers,0,-7.0983,5.6557,3.0000
407,workers,1,7.8756,6.3830,3.0000
407,workers,2,4.3745,-3.7153,3.0000
407,workers,3,-1.6274,-2.4771,3.0000
408,general,0,0.0000,0.0000,5.0000
408,nodes,0,-5.5306,-2.6937,3.0000
408,nodes,1,5.5345,-2.6948,3.0000
408,nodes,2,-3.3278,3.3252,3.0000
408,nodes,3,3.3265,3.3257,3.0000
408,scouts,0,-4.0222,-2.7307,3.0000
408,scouts,1,-5.5222,-1.2307,3.0000
408,scouts,2,-7.0222,-2.7307,3.0000
408,scouts,3,-5.5222,-4.2307,3.0000
408,scouts,4,7.0260,-2.7314,3.0000
408,scouts,5,5.5260,-1.2314,3.0000
408,scouts,6,4.0260,-2.7314,3.0000
408,scouts,7,5.5260,-4.2314,3.0000
408,scouts,8,-1.8546,3.3520,3.0000
408,scouts,9,-3.3546,4.8520,3.0000
408,scouts,10,-4.8546,3.3520,3.0000
408,scouts,11,-3.3546,1.8520,3.0000
408,scouts,12,4.8532,3.3526,3.0000
408,scouts,13,3.3532,4.8526,3.0000
408,scouts,14,1.8532,3.3526,3.0000
408,scouts,15,3.3532,1.8526,3.0000
408,workers,0,-7.1103,5.6868,3.0000
408,workers,1,7.8782,6.4163,3.0000
408,workers,2,4.3960,-3.7408,3.0000
408,workers,3,-1.6526,-2.4990,3.0000
409,general,0,0.0000,0.0000,5.0000
409,nodes,0,-5.5320,-2.6882,3.0000
409,nodes,1,5.5358,-2.6891,3.0000
409,nodes,2,-3.3236,3.3210,3.0000
409,nodes,3,3.3224,3.3215,3.0000
409,scouts,0,-4.0235,-2.7251,3.0000
409,scouts,1,-5.5235,-1.2251,3.0000
409,scouts,2,-7.0235,-2.7251,3.0000
409,scouts,3,-5.5235,-4.2251,3.0000
409,scouts,4,7.0273,-2.7258,3.0000
409,scouts,5,5.5273,-1.2258,3.0000
409,scouts,6,4.0273,-2.7258,3.0000
409,scouts,7,5.5273,-4.2258,3.0000
409,scouts,8,-1.8504,3.3479,3.0000
409,scouts,9,-3.3504,4.8479,3.0000
409,scouts,10,-4.8504,3.3479,3.0000
409,scouts,11,-3.3504,1.8479,3.0000
409,scouts,12,4.8491,3.3485,3.0000
409,scouts,13,3.3491,4.8485,3.0000
409,scouts,14,1.8491,3.3485,3.0000
409,scouts,15,3.3491,1.8485,3.0000
409,workers,0,-7.1223,5.7179,3.0000
409,workers,1,7.8807,6.4495,3.0000
409,workers,2,4.4176,-3.7662,3.0000
409,workers,3,-1.6778,-2.5208,3.0000
410,general,0,0.0000,0.0000,5.0000
410,nodes,0,-5.5333,-2.6825,3.0000
410,nodes,1,5.5371,-2.6834,3.0000
410,nodes,2,-3.3195,3.3169,3.0000
410,nodes,3,3.3182,3.3174,3.0000
410,scouts,0,-4.0248,-2.7194,3.0000
410,scouts,1,-5.5248,-1.2194,3.0000
410,scouts,2,-7.0248,-2.7194,3.0000
410,scouts,3,-5.5248,-4.2194,3.0000
410,scouts,4,7.0286,-2.7201,3.0000
410,scouts,5,5.5286,-1.2201,3.0000
410,scouts,6,4.0286,-2.7201,3.0000
410,scouts,7,5.5286,-4.2201,3.0000
410,scouts,8,-1.8463,3.3437,3.0000
410,scouts,9,-3.3463,4.8437,3.0000
410,scouts,10,-4.8463,3.3437,3.0000
410,scouts,11,-3.3463,1.8437,3.0000
410,scouts,12,4.8450,3.3443,3.0000
410,scouts,13,3.3450,4.8443,3.0000
410,scouts,14,1.8450,3.3443,3.0000
410,scouts,15,3.3450,1.8443,3.0000
410,workers,0,-7.1342,5.7490,3.0000
410,workers,1,7.8833,6.4827,3.0000
410,workers,2,4.4391,-3.7917,3.0000
410,workers,3,-1.7030,-2.5426,3.0000
411,general,0,0.0000,0.0000,5.0000
411,nodes,0,-5.5346,-2.6768,3.0000
411,nodes,1,5.5384,-2.6777,3.0000
411,nodes,2,-3.3154,3.3128,3.0000
411,nodes,3,3.3141,3.3133,3.0000
411,scouts,0,-4.0261,-2.7137,3.0000
411,scouts,1,-5.5261,-1.2137,3.0000
411,scouts,2,-7.0261,-2.7137,3.0000
411,scouts,3,-5.5261,-4.2137,3.0000
411,scouts,4,7.0299,-2.7145,3.0000
411,scouts,5,5.5299,-1.2145,3.0000
411,scouts,6,4.0299,-2.7145,3.0000
411,scouts,7,5.5299,-4.2145,3.0000
411,scouts,8,-1.8422,3.3396,3.0000
411,scouts,9,-3.3422,4.8396,3.0000
411,scouts,10,-4.8422,3.3396,3.0000
411,scouts,11,-3.3422,1.8396,3.0000
411,scouts,12,4.8408,3.3402,3.0000
411,scouts,13,3.3408,4.8402,3.0000
411,scouts,14,1.8408,3.3402,3.0000
411,scouts,15,3.3408,1.8402,3.0000
411,workers,0,-7.1462,5.7801,3.0000
411,workers,1,7.8858,6.5160,3.0000
411,workers,2,4.4606,-3.8171,3.0000
411,workers,3,-1.7282,-2.5644,3.0000
412,general,0,0.0000,0.0000,5.0000
412,nodes,0,-5.5360,-2.6712,3.0000
412,nodes,1,5.5398,-2.6720,3.0000
412,nodes,2,-3.3112,3.3086,3.0000
412,nodes,3,3.3100,3.3092,3.0000
412,scouts,0,-4.0274,-2.7080,3.0000
412,scouts,1,-5.5274,-1.2080,3.0000
412,scouts,2,-7.0274,-2.7080,3.0000
412,scouts,3,-5.5274,-4.2080,3.0000
412,scouts,4,7.0312,-2.7088,3.0000
412,scouts,5,5.5312,-1.2088,3.0000
412,scouts,6,4.0312,-2.7088,3.0000
412,scouts,7,5.5312,-4.2088,3.0000
412,scouts,8,-1.8380,3.3355,3.0000
412,scouts,9,-3.3380,4.8355,3.0000
412,scouts,10,-4.8380,3.3355,3.0000
412,scouts,11,-3.3380,1.8355,3.0000
412,scouts,12,4.8367,3.3361,3.0000
412,scouts,13,3.3367,4.8361,3.0000
412,scouts,14,1.8367,3.3361,3.0000
412,scouts,15,3.3367,1.8361,3.0000
412,workers,0,-7.1582,5.8113,3.0000
412,workers,1,7.8884,6.5492,3.0000
412,workers,2,4.4822,-3.8426,3.0000
412,workers,3,-1.7534,-2.5863,3.0000
413,general,0,0.0000,0.0000,5.0000
413,nodes,0,-5.5374,-2.6655,3.0000
413,nodes,1,5.5411,-2.6663,3.0000
413,nodes,2,-3.3071,3.3045,3.0000
413,nodes,3,3.3059,3.3051,3.0000
413,scouts,0,-4.0288,-2.7024,3.0000
413,scouts,1,-5.5288,-1.2024,3.0000
413,scouts,2,-7.0288,-2.7024,3.0000
413,scouts,3,-5.5288,-4.2024,3.0000
413,scouts,4,7.0326,-2.7031,3.0000
413,scouts,5,5.5326,-1.2031,3.0000
413,scouts,6,4.0326,-2.7031,3.0000
413,scouts,7,5.5326,-4.2031,3.0000
413,scouts,8,-1.8339,3.3314,3.0000
413,scouts,9,-3.3339,4.8314,3.0000
413,scouts,10,-4.8339,3.3314,3.0000
413,scouts,11,-3.3339,1.8314,3.0000
413,scouts,12,4.8326,3.3319,3.0000
413,scouts,13,3.3326,4.8319,3.0000
413,scouts,14,1.8326,3.3319,3.0000
413,scouts,15,3.3326,1.8319,3.0000
413,workers,0,-7.1701,5.8424,3.0000
413,workers,1,7.8910,6.5824,3.0000
413,workers,2,4.5037,-3.8680,3.0000
413,workers,3,-1.7786,-2.6081,3.0000
414,general,0,0.0000,0.0000,5.0000
414,nodes,0,-5.5387,-2.6598,3.0000
414,nodes,1,5.5424,-2.6605,3.0000
414,nodes,2,-3.3030,3.3004,3.0000
414,nodes,3,3.3017,3.3010,3.0000
414,scouts,0,-4.0301,-2.6967,3.0000
414,scouts,1,-5.5301,-1.1967,3.0000
414,scouts,2,-7.0301,-2.6967,3.0000
414,scouts,3,-5.5301,-4.1967,3.0000
414,scouts,4,7.0339,-2.6975,3.0000
414,scouts,5,5.5339,-1.1975,3.0000
414,scouts,6,4.0339,-2.6975,3.0000
414,scouts,7,5.5339,-4.1975,3.0000
414,scouts,8,-1.8298,3.3272,3.0000
414,scouts,9,-3.3298,4.8272,3.0000
414,scouts,10,-4.8298,3.3272,3.0000
414,scouts,11,-3.3298,1.8272,3.0000
414,scouts,12,4.8285,3.3278,3.0000
414,scouts,13,3.3285,4.8278,3.0000
414,scouts,14,1.8285,3.3278,3.0000
414,scouts,15,3.3285,1.8278,3.0000
414,workers,0,-7.1821,5.8735,3.0000
414,workers,1,7.8935,6.6157,3.0000
414,workers,2,4.5252,-3.8934,3.0000
414,workers,3,-1.8038,-2.6299,3.0000
415,general,0,0.0000,0.0000,5.0000
415,nodes,0,-5.5400,-2.6541,3.0000
415,nodes,1,5.5436,-2.6549,3.0000
415,nodes,2,-3.2989,3.2963,3.0000
415,nodes,3,3.2976,3.2969,3.0000
415,scouts,0,-4.0314,-2.6910,3.0000
415,scouts,1,-5.5314,-1.1910,3.0000
415,scouts,2,-7.0314,-2.6910,3.0000
415,scouts,3,-5.5314,-4.1910,3.0000
415,scouts,4,7.0352,-2.6918,3.0000
415,scouts,5,5.5352,-1.1918,3.0000
415,scouts,6,4.0352,-2.6918,3.0000
415,scouts,7,5.5352,-4.1918,3.0000
415,scouts,8,-1.8257,3.3231,3.0000
415,scouts,9,-3.3257,4.8231,3.0000
415,scouts,10,-4.8257,3.3231,3.0000
415,scouts,11,-3.3257,1.8231,3.0000
415,scouts,12,4.8244,3.3237,3.0000
415,scouts,13,3.3244,4.8237,3.0000
415,scouts,14,1.8244,3.3237,3.0000
415,scouts,15,3.3244,1.8237,3.0000
415,workers,0,-7.1941,5.9046,3.0000
415,workers,1,7.8961,6.6489,3.0000
415,workers,2,4.5468,-3.9189,3.0000
415,workers,3,-1.8290,-2.6518,3.0000
416,general,0,0.0000,0.0000,5.0000
416,nodes,0,-5.5413,-2.6485,3.0000
416,nodes,1,5.5449,-2.6493,3.0000
416,nodes,2,-3.2947,3.2923,3.0000
416,nodes,3,3.2934,3.2928,3.0000
416,scouts,0,-4.0327,-2.6853,3.0000
416,scouts,1,-5.5327,-1.1853,3.0000
416,scouts,2,-7.0327,-2.6853,3.0000
416,scouts,3,-5.5327,-4.1853,3.0000
416,scouts,4,7.0365,-2.6861,3.0000
416,scouts,5,5.5365,-1.1861,3.0000
416,scouts,6,4.0365,-2.6861,3.0000
416,scouts,7,5.5365,-4.1861,3.0000
416,scouts,8,-1.8215,3.3190,3.0000
416,scouts,9,-3.3215,4.8190,3.0000
416,scouts,10,-4.8215,3.3190,3.0000
416,scouts,11,-3.3215,1.8190,3.0000
416,scouts,12,4.8202,3.3196,3.0000
416,scouts,13,3.3202,4.8196,3.0000
416,scouts,14,1.8202,3.3196,3.0000
416,scouts,15,3.3202,1.8196,3.0000
416,workers,0,-7.2060,5.9357,3.0000
416,workers,1,7.8986,6.6822,3.0000
416,workers,2,4.5683,-3.9443,3.0000
416,workers,3,-1.8542,-2.6736,3.0000
417,general,0,0.0000,0.0000,5.0000
417,nodes,0,-5.5425,-2.6427,3.0000
417,nodes,1,5.5463,-2.6436,3.0000
417,nodes,2,-3.2906,3.2881,3.0000
417,nodes,3,3.2892,3.2887,3.0000
417,scouts,0,-4.0340,-2.6797,3.0000
417,scouts,1,-5.5340,-1.1797,3.0000
417,scouts,2,-7.0340,-2.6797,3.0000
417,scouts,3,-5.5340,-4.1797,3.0000
417,scouts,4,7.0378,-2.6805,3.0000
417,scouts,5,5.5378,-1.1805,3.0000
417,scouts,6,4.0378,-2.6805,3.0000
417,scouts,7,5.5378,-4.1805,3.0000
417,scouts,8,-1.8174,3.3149,3.0000
417,scouts,9,-3.3174,4.8149,3.0000
417,scouts,10,-4.8174,3.3149,3.0000
417,scouts,11,-3.3174,1.8149,3.0000
417,scouts,12,4.8161,3.3155,3.0000
417,scouts,13,3.3161,4.8155,3.0000
417,scouts,14,1.8161,3.3155,3.0000
417,scouts,15,3.3161,1.8155,3.0000
417,workers,0,-7.2180,5.9668,3.0000
417,workers,1,7.9012,6.7154,3.0000
417,workers,2,4.5898,-3.9698,3.0000
417,workers,3,-1.8793,-2.6954,3.0000
418,general,0,0.0000,0.0000,5.0000
418,nodes,0,-5.5439,-2.6371,3.0000
418,nodes,1,5.5477,-2.6379,3.0000
418,nodes,2,-3.2865,3.2840,3.0000
418,nodes,3,3.2851,3.2845,3.0000
418,scouts,0,-4.0354,-2.6740,3.0000
418,scouts,1,-5.5354,-1.1740,3.0000
418,scouts,2,-7.0354,-2.6740,3.0000
418,scouts,3,-5.5354,-4.1740,3.0000
418,scouts,4,7.0391,-2.6748,3.0000
418,scouts,5,5.5391,-1.1748,3.0000
418,scouts,6,4.0391,-2.6748,3.0000
418,scouts,7,5.5391,-4.1748,3.0000
418,scouts,8,-1.8133,3.3108,3.0000
418,scouts,9,-3.3133,4.8108,3.0000
418,scouts,10,-4.8133,3.3108,3.0000
418,scouts,11,-3.3133,1.8108,3.0000
418,scouts,12,4.8120,3.3113,3.0000
418,scouts,13,3.3120,4.8113,3.0000
418,scouts,14,1.8120,3.3113,3.0000
418,scouts,15,3.3120,1.8113,3.0000
418,workers,0,-7.2300,5.9979,3.0000
418,workers,1,7.9037,6.7486,3.0000
418,workers,2,4.6114,-3.9952,3.0000
418,workers,3,-1.9045,-2.7173,3.0000
419,general,0,0.0000,0.0000,5.0000
419,nodes,0,-5.5452,-2.6314,3.0000
419,nodes,1,5.5490,-2.6322,3.0000
419,nodes,2,-3.2823,3.2799,3.0000
419,nodes,3,3.2810,3.2804,3.0000
419,scouts,0,-4.0367,-2.6683,3.0000
419,scouts,1,-5.5367,-1.1683,3.0000
419,scouts,2,-7.0367,-2.6683,3.0000
419,scouts,3,-5.5367,-4.1683,3.0000
419,scouts,4,7.0404,-2.6691,3.0000
419,scouts,5,5.5404,-1.1691,3.0000
419,scouts,6,4.0404,-2.6691,3.0000
419,scouts,7,5.5404,-4.1691,3.0000
419,scouts,8,-1.8092,3.3066,3.0000
419,scouts,9,-3.3092,4.8066,3.0000
419,scouts,10,-4.8092,3.3066,3.0000
419,scouts,11,-3.3092,1.8066,3.0000
419,scouts,12,4.8078,3.3072,3.0000
419,scouts,13,3.3078,4.8072,3.0000
419,scouts,14,1.8078,3.3072,3.0000
419,scouts,15,3.3078,1.8072,3.0000
419,workers,0,-7.2419,6.0290,3.0000
419,workers,1,7.9063,6.7819,3.0000
419,workers,2,4.6329,-4.0207,3.0000
419,workers,3,-1.9297,-2.7391,3.0000
420,general,0,0.0000,0.0000,5.0000
420,nodes,0,-5.5466,-2.6257,3.0000
420,nodes,1,5.5503,-2.6264,3.0000
420,nodes,2,-3.2781,3.2758,3.0000
420,nodes,3,3.2769,3.2763,3.0000
420,scouts,0,-4.0380,-2.6626,3.0000
420,scouts,1,-5.5380,-1.1626,3.0000
420,scouts,2,-7.0380,-2.6626,3.0000
420,scouts,3,-5.5380,-4.1626,3.0000
420,scouts,4,7.0417,-2.6634,3.0000
420,scouts,5,5.5417,-1.1634,3.0000
420,scouts,6,4.0417,-2.6634,3.0000
420,scouts,7,5.5417,-4.1634,3.0000
420,scouts,8,-1.8050,3.3025,3.0000
420,scouts,9,-3.3050,4.8025,3.0000
420,scouts,10,-4.8050,3.3025,3.0000
420,scouts,11,-3.3050,1.8025,3.0000
420,scouts,12,4.8037,3.3031,3.0000
420,scouts,13,3.3037,4.8031,3.0000
420,scouts,14,1.8037,3.3031,3.0000
420,scouts,15,3.3037,1.8031,3.0000
420,workers,0,-7.2539,6.0601,3.0000
420,workers,1,7.9089,6.8151,3.0000
420,workers,2,4.6544,-4.0461,3.0000
420,workers,3,-1.9549,-2.7609,3.0000
421,general,0,0.0000,0.0000,5.0000
421,nodes,0,-5.5479,-2.6200,3.0000
421,nodes,1,5.5516,-2.6207,3.0000
421,nodes,2,-3.2740,3.2718,3.0000
421,nodes,3,3.2728,3.2721,3.0000
421,scouts,0,-4.0393,-2.6569,3.0000
421,scouts,1,-5.5393,-1.1569,3.0000
421,scouts,2,-7.0393,-2.6569,3.0000
421,scouts,3,-5.5393,-4.1569,3.0000
421,scouts,4,7.0431,-2.6577,3.0000
421,scouts,5,5.5431,-1.1577,3.0000
421,scouts,6,4.0431,-2.6577,3.0000
421,scouts,7,5.5431,-4.1577,3.0000
421,scouts,8,-1.8009,3.2984,3.0000
421,scouts,9,-3.3009,4.7984,3.0000
421,scouts,10,-4.8009,3.2984,3.0000
421,scouts,11,-3.3009,1.7984,3.0000
421,scouts,12,4.7996,3.2990,3.0000
421,scouts,13,3.2996,4.7990,3.0000
421,scouts,14,1.7996,3.2990,3.0000
421,scouts,15,3.2996,1.7990,3.0000
421,workers,0,-7.2659,6.0913,3.0000
421,workers,1,7.9114,6.8483,3.0000
421,workers,2,4.6759,-4.0716,3.0000
421,workers,3,-1.9801,-2.7828,3.0000
422,general,0,0.0000,0.0000,5.0000
422,nodes,0,-5.5493,-2.6143,3.0000
422,nodes,1,5.5529,-2.6150,3.0000
422,nodes,2,-3.2699,3.2677,3.0000
422,nodes,3,3.2686,3.2681,3.0000
422,scouts,0,-4.0406,-2.6513,3.0000
422,scouts,1,-5.5406,-1.1513,3.0000
422,scouts,2,-7.0406,-2.6513,3.0000
422,scouts,3,-5.5406,-4.1513,3.0000
422,scouts,4,7.0444,-2.6520,3.0000
422,scouts,5,5.5444,-1.1520,3.0000
422,scouts,6,4.0444,-2.6520,3.0000
422,scouts,7,5.5444,-4.1520,3.0000
422,scouts,8,-1.7968,3.2943,3.0000
422,scouts,9,-3.2968,4.7943,3.0000
422,scouts,10,-4.7968,3.2943,3.0000
422,scouts,11,-3.2968,1.7943,3.0000
422,scouts,12,4.7955,3.2948,3.0000
422,scouts,13,3.2955,4.7948,3.0000
422,scouts,14,1.7955,3.2948,3.0000
422,scouts,15,3.2955,1.7948,3.0000
422,workers,0,-7.2778,6.1224,3.0000
422,workers,1,7.9140,6.8816,3.0000
422,workers,2,4.6975,-4.0970,3.0000
422,workers,3,-2.0053,-2.8046,3.0000
423,general,0,0.0000,0.0000,5.0000
423,nodes,0,-5.5506,-2.6087,3.0000
423,nodes,1,5.5541,-2.6093,3.0000
423,nodes,2,-3.2658,3.2636,3.0000
423,nodes,3,3.2645,3.2639,3.0000
423,scouts,0,-4.0420,-2.6456,3.0000
423,scouts,1,-5.5420,-1.1456,3.0000
423,scouts,2,-7.0420,-2.6456,3.0000
423,scouts,3,-5.5420,-4.1456,3.0000
423,scouts,4,7.0457,-2.6463,3.0000
423,scouts,5,5.5457,-1.1463,3.0000
423,scouts,6,4.0457,-2.6463,3.0000
423,scouts,7,5.5457,-4.1463,3.0000
423,scouts,8,-1.7926,3.2902,3.0000
423,scouts,9,-3.2926,4.7902,3.0000
423,scouts,10,-4.7926,3.2902,3.0000
423,scouts,11,-3.2926,1.7902,3.0000
423,scouts,12,4.7913,3.2907,3.0000
423,scouts,13,3.2913,4.7907,3.0000
423,scouts,14,1.7913,3.2907,3.0000
423,scouts,15,3.2913,1.7907,3.0000
423,workers,0,-7.2898,6.1535,3.0000
423,workers,1,7.9165,6.9148,3.0000
423,workers,2,4.7190,-4.1225,3.0000
423,workers,3,-2.0305,-2.8264,3.0000
424,general,0,0.0000,0.0000,5.0000
424,nodes,0,-5.5519,-2.6030,3.0000
424,nodes,1,5.5554,-2.6036,3.0000
424,nodes,2,-3.2617,3.2595,3.0000
424,nodes,3,3.2603,3.2598,3.0000
424,scouts,0,-4.0433,-2.6399,3.0000
424,scouts,1,-5.5433,-1.1399,3.0000
424,scouts,2,-7.0433,-2.6399,3.0000
424,scouts,3,-5.5433,-4.1399,3.0000
424,scouts,4,7.0470,-2.6406,3.0000
424,scouts,5,5.5470,-1.1406,3.0000
424,scouts,6,4.0470,-2.6406,3.0000
424,scouts,7,5.5470,-4.1406,3.0000
424,scouts,8,-1.7885,3.2861,3.0000
424,scouts,9,-3.2885,4.7861,3.0000
424,scouts,10,-4.7885,3.2861,3.0000
424,scouts,11,-3.2885,1.7861,3.0000
424,scouts,12,4.7872,3.2866,3.0000
424,scouts,13,3.2872,4.7866,3.0000
424,scouts,14,1.7872,3.2866,3.0000
424,scouts,15,3.2872,1.7866,3.0000
424,workers,0,-7.3018,6.1846,3.0000
424,workers,1,7.9191,6.9480,3.0000
424,workers,2,4.7405,-4.1479,3.0000
424,workers,3,-2.0557,-2.8483,3.0000
425,general,0,0.0000,0.0000,5.0000
425,nodes,0,-5.5533,-2.5973,3.0000
425,nodes,1,5.5567,-2.5979,3.0000
425,nodes,2,-3.2576,3.2554,3.0000
425,nodes,3,3.2562,3.2557,3.0000
425,scouts,0,-4.0446,-2.6342,3.0000
425,scouts,1,-5.5446,-1.1342,3.0000
425,scouts,2,-7.0446,-2.6342,3.0000
425,scouts,3,-5.5446,-4.1342,3.0000
425,scouts,4,7.0483,-2.6349,3.0000
425,scouts,5,5.5483,-1.1349,3.0000
425,scouts,6,4.0483,-2.6349,3.0000
425,scouts,7,5.5483,-4.1349,3.0000
425,scouts,8,-1.7844,3.2820,3.0000
425,scouts,9,-3.2844,4.7820,3.0000
425,scouts,10,-4.7844,3.2820,3.0000
425,scouts,11,-3.2844,1.7820,3.0000
425,scouts,12,4.7831,3.2825,3.0000
425,scouts,13,3.2831,4.7825,3.0000
425,scouts,14,1.7831,3.2825,3.0000
425,scouts,15,3.2831,1.7825,3.0000
425,workers,0,-7.3137,6.2157,3.0000
425,workers,1,7.9216,6.9813,3.0000
425,workers,2,4.7621,-4.1734,3.0000
425,workers,3,-2.0809,-2.8701,3.0000
426,general,0,0.0000,0.0000,5.0000
426,nodes,0,-5.5546,-2.5916,3.0000
426,nodes,1,5.5579,-2.5923,3.0000
426,nodes,2,-3.2535,3.2512,3.0000
426,nodes,3,3.2521,3.2517,3.0000
426,scouts,0,-4.0460,-2.6286,3.0000
426,scouts,1,-5.5460,-1.1286,3.0000
426,scouts,2,-7.0460,-2.6286,3.0000
426,scouts,3,-5.5460,-4.1286,3.0000
426,scouts,4,7.0496,-2.6293,3.0000
426,scouts,5,5.5496,-1.1293,3.0000
426,scouts,6,4.0496,-2.6293,3.0000
426,scouts,7,5.5496,-4.1293,3.0000
426,scouts,8,-1.7803,3.2779,3.0000
426,scouts,9,-3.2803,4.7779,3.0000
426,scouts,10,-4.7803,3.2779,3.0000
426,scouts,11,-3.2803,1.7779,3.0000
426,scouts,12,4.7789,3.2784,3.0000
426,scouts,13,3.2789,4.7784,3.0000
426,scouts,14,1.7789,3.2784,3.0000
426,scouts,15,3.2789,1.7784,3.0000
426,workers,0,-7.3257,6.2468,3.0000
426,workers,1,7.9242,7.0145,3.0000
426,workers,2,4.7836,-4.1988,3.0000
426,workers,3,-2.1061,-2.8919,3.0000
427,general,0,0.0000,0.0000,5.0000
427,nodes,0,-5.5559,-2.5860,3.0000
427,nodes,1,5.5592,-2.5866,3.0000
427,nodes,2,-3.2492,3.2471,3.0000
427,nodes,3,3.2479,3.2476,3.0000
427,scouts,0,-4.0473,-2.6229,3.0000
427,scouts,1,-5.5473,-1.1229,3.0000
427,scouts,2,-7.0473,-2.6229,3.0000
427,scouts,3,-5.5473,-4.1229,3.0000
427,scouts,4,7.0508,-2.6236,3.0000
427,scouts,5,5.5508,-1.1236,3.0000
427,scouts,6,4.0508,-2.6236,3.0000
427,scouts,7,5.5508,-4.1236,3.0000
427,scouts,8,-1.7761,3.2738,3.0000
427,scouts,9,-3.2761,4.7738,3.0000
427,scouts,10,-4.7761,3.2738,3.0000
427,scouts,11,-3.2761,1.7738,3.0000
427,scouts,12,4.7748,3.2743,3.0000
427,scouts,13,3.2748,4.7743,3.0000
427,scouts,14,1.7748,3.2743,3.0000
427,scouts,15,3.2748,1.7743,3.0000
427,workers,0,-7.3377,6.2779,3.0000
427,workers,1,7.9267,7.0477,3.0000
427,workers,2,4.8051,-4.2243,3.0000
427,workers,3,-2.1312,-2.9137,3.0000
428,general,0,0.0000,0.0000,5.0000
428,nodes,0,-5.5573,-2.5803,3.0000
428,nodes,1,5.5605,-2.5809,3.0000
428,nodes,2,-3.2450,3.2431,3.0000
428,nodes,3,3.2437,3.2433,3.0000
428,scouts,0,-4.0486,-2.6172,3.0000
428,scouts,1,-5.5486,-1.1172,3.0000
428,scouts,2,-7.0486,-2.6172,3.0000
428,scouts,3,-5.5486,-4.1172,3.0000
428,scouts,4,7.0521,-2.6179,3.0000
428,scouts,5,5.5521,-1.1179,3.0000
428,scouts,6,4.0521,-2.6179,3.0000
428,scouts,7,5.5521,-4.1179,3.0000
428,scouts,8,-1.7720,3.2697,3.0000
428,scouts,9,-3.2720,4.7697,3.0000
428,scouts,10,-4.7720,3.2697,3.0000
428,scouts,11,-3.2720,1.7697,3.0000
428,scouts,12,4.7706,3.2701,3.0000
428,scouts,13,3.2706,4.7701,3.0000
428,scouts,14,1.7706,3.2701,3.0000
428,scouts,15,3.2706,1.7701,3.0000
428,workers,0,-7.3496,6.3090,3.0000
428,workers,1,7.9293,7.0810,3.0000
428,workers,2,4.8267,-4.2497,3.0000
428,workers,3,-2.1564,-2.9356,3.0000
429,general,0,0.0000,0.0000,5.0000
429,nodes,0,-5.5586,-2.5746,3.0000
429,nodes,1,5.5618,-2.5753,3.0000
429,nodes,2,-3.2408,3.2389,3.0000
429,nodes,3,3.2396,3.2392,3.0000
429,scouts,0,-4.0500,-2.6115,3.0000
429,scouts,1,-5.5500,-1.1115,3.0000
429,scouts,2,-7.0500,-2.6115,3.0000
429,scouts,3,-5.5500,-4.1115,3.0000
429,scouts,4,7.0534,-2.6122,3.0000
429,scouts,5,5.5534,-1.1122,3.0000
429,scouts,6,4.0534,-2.6122,3.0000
429,scouts,7,5.5534,-4.1122,3.0000
429,scouts,8,-1.7678,3.2656,3.0000
429,scouts,9,-3.2678,4.7656,3.0000
429,scouts,10,-4.7678,3.2656,3.0000
429,scouts,11,-3.2678,1.7656,3.0000
429,scouts,12,4.7665,3.2660,3.0000
429,scouts,13,3.2665,4.7660,3.0000
429,scouts,14,1.7665,3.2660,3.0000
429,scouts,15,3.2665,1.7660,3.0000
429,workers,0,-7.3616,6.3401,3.0000
429,workers,1,7.9319,7.1142,3.0000
429,workers,2,4.8482,-4.2751,3.0000
429,workers,3,-2.1816,-2.9574,3.0000
430,general,0,0.0000,0.0000,5.0000
430,nodes,0,-5.5599,-2.5690,3.0000
430,nodes,1,5.5632,-2.5696,3.0000
430,nodes,2,-3.2368,3.2348,3.0000
430,nodes,3,3.2354,3.2350,3.0000
430,scouts,0,-4.0513,-2.6059,3.0000
430,scouts,1,-5.5513,-1.1059,3.0000
430,scouts,2,-7.0513,-2.6059,3.0000
430,scouts,3,-5.5513,-4.1059,3.0000
430,scouts,4,7.0547,-2.6065,3.0000
430,scouts,5,5.5547,-1.1065,3.0000
430,scouts,6,4.0547,-2.6065,3.0000
430,scouts,7,5.5547,-4.1065,3.0000
430,scouts,8,-1.7637,3.2615,3.0000
430,scouts,9,-3.2637,4.7615,3.0000
430,scouts,10,-4.7637,3.2615,3.0000
430,scouts,11,-3.2637,1.7615,3.0000
430,scouts,12,4.7623,3.2619,3.0000
430,scouts,13,3.2623,4.7619,3.0000
430,scouts,14,1.7623,3.2619,3.0000
430,scouts,15,3.2623,1.7619,3.0000
430,workers,0,-7.3736,6.3713,3.0000
430,workers,1,7.9344,7.1474,3.0000
430,workers,2,4.8697,-4.3006,3.0000
430,workers,3,-2.2068,-2.9792,3.0000
431,general,0,0.0000,0.0000,5.0000
431,nodes,0,-5.5613,-2.5632,3.0000
431,nodes,1,5.5644,-2.5640,3.0000
431,nodes,2,-3.2326,3.2306,3.0000
431,nodes,3,3.2313,3.2308,3.0000
431,scouts,0,-4.0526,-2.6002,3.0000
431,scouts,1,-5.5526,-1.1002,3.0000
431,scouts,2,-7.0526,-2.6002,3.0000
431,scouts,3,-5.5526,-4.1002,3.0000
431,scouts,4,7.0560,-2.6008,3.0000
431,scouts,5,5.5560,-1.1008,3.0000
431,scouts,6,4.0560,-2.6008,3.0000
431,scouts,7,5.5560,-4.1008,3.0000
431,scouts,8,-1.7595,3.2574,3.0000
431,scouts,9,-3.2595,4.7574,3.0000
431,scouts,10,-4.7595,3.2574,3.0000
431,scouts,11,-3.2595,1.7574,3.0000
431,scouts,12,4.7582,3.2577,3.0000
431,scouts,13,3.2582,4.7577,3.0000
431,scouts,14,1.7582,3.2577,3.0000
431,scouts,15,3.2582,1.7577,3.0000
431,workers,0,-7.3855,6.4024,3.0000
431,workers,1,7.9370,7.1807,3.0000
431,workers,2,4.8913,-4.3260,3.0000
431,workers,3,-2.2320,-3.0011,3.0000
432,general,0,0.0000,0.0000,5.0000
432,nodes,0,-5.5627,-2.5575,3.0000
432,nodes,1,5.5658,-2.5582,3.0000
432,nodes,2,-3.2285,3.2264,3.0000
432,nodes,3,3.2272,3.2267,3.0000
432,scouts,0,-4.0540,-2.5945,3.0000
432,scouts,1,-5.5540,-1.0945,3.0000
432,scouts,2,-7.0540,-2.5945,3.0000
432,scouts,3,-5.5540,-4.0945,3.0000
432,scouts,4,7.0573,-2.5952,3.0000
432,scouts,5,5.5573,-1.0952,3.0000
432,scouts,6,4.0573,-2.5952,3.0000
432,scouts,7,5.5573,-4.0952,3.0000
432,scouts,8,-1.7554,3.2532,3.0000
432,scouts,9,-3.2554,4.7532,3.0000
432,scouts,10,-4.7554,3.2532,3.0000
432,scouts,11,-3.2554,1.7532,3.0000
432,scouts,12,4.7541,3.2536,3.0000
432,scouts,13,3.2541,4.7536,3.0000
432,scouts,14,1.7541,3.2536,3.0000
432,scouts,15,3.2541,1.7536,3.0000
432,workers,0,-7.3975,6.4335,3.0000
432,workers,1,7.9395,7.2139,3.0000
432,workers,2,4.9128,-4.3515,3.0000
432,workers,3,-2.2572,-3.0229,3.0000
433,general,0,0.0000,0.0000,5.0000
433,nodes,0,-5.5640,-2.5518,3.0000
433,nodes,1,5.5671,-2.5525,3.0000
433,nodes,2,-3.2244,3.2223,3.0000
433,nodes,3,3.2230,3.2225,3.0000
433,scouts,0,-4.0553,-2.5888,3.0000
433,scouts,1,-5.5553,-1.0888,3.0000
433,scouts,2,-7.0553,-2.5888,3.0000
433,scouts,3,-5.5553,-4.0888,3.0000
433,scouts,4,7.0586,-2.5895,3.0000
433,scouts,5,5.5586,-1.0895,3.0000
433,scouts,6,4.0586,-2.5895,3.0000
433,scouts,7,5.5586,-4.0895,3.0000
433,scouts,8,-1.7513,3.2491,3.0000
433,scouts,9,-3.2513,4.7491,3.0000
433,scouts,10,-4.7513,3.2491,3.0000
433,scouts,11,-3.2513,1.7491,3.0000
433,scouts,12,4.7499,3.2495,3.0000
433,scouts,13,3.2499,4.7495,3.0000
433,scouts,14,1.7499,3.2495,3.0000
433,scouts,15,3.2499,1.7495,3.0000
433,workers,0,-7.4095,6.4646,3.0000
433,workers,1,7.9421,7.2471,3.0000
433,workers,2,4.9343,-4.3769,3.0000
433,workers,3,-2.2824,-3.0447,3.0000
434,general,0,0.0000,0.0000,5.0000
434,nodes,0,-5.5653,-2.5461,3.0000
434,nodes,1,5.5684,-2.5468,3.0000
434,nodes,2,-3.2203,3.2181,3.0000
434,nodes,3,3.2189,3.2184,3.0000
434,scouts,0,-4.0566,-2.5831,3.0000
434,scouts,1,-5.5566,-1.0831,3.0000
434,scouts,2,-7.0566,-2.5831,3.0000
434,scouts,3,-5.5566,-4.0831,3.0000
434,scouts,4,7.0599,-2.5838,3.0000
434,scouts,5,5.5599,-1.0838,3.0000
434,scouts,6,4.0599,-2.5838,3.0000
434,scouts,7,5.5599,-4.0838,3.0000
434,scouts,8,-1.7471,3.2450,3.0000
434,scouts,9,-3.2471,4.7450,3.0000
434,scouts,10,-4.7471,3.2450,3.0000
434,scouts,11,-3.2471,1.7450,3.0000
434,scouts,12,4.7458,3.2453,3.0000
434,scouts,13,3.2458,4.7453,3.0000
434,scouts,14,1.7458,3.2453,3.0000
434,scouts,15,3.2458,1.7453,3.0000
434,workers,0,-7.4214,6.4957,3.0000
434,workers,1,7.9446,7.2804,3.0000
434,workers,2,4.9559,-4.4024,3.0000
434,workers,3,-2.3076,-3.0666,3.0000
435,general,0,0.0000,0.0000,5.0000
435,nodes,0,-5.5666,-2.5404,3.0000
435,nodes,1,5.5697,-2.5411,3.0000
435,nodes,2,-3.2161,3.2141,3.0000
435,nodes,3,3.2147,3.2143,3.0000
435,scouts,0,-4.0580,-2.5774,3.0000
435,scouts,1,-5.5580,-1.0774,3.0000
435,scouts,2,-7.0580,-2.5774,3.0000
435,scouts,3,-5.5580,-4.0774,3.0000
435,scouts,4,7.0612,-2.5781,3.0000
435,scouts,5,5.5612,-1.0781,3.0000
435,scouts,6,4.0612,-2.5781,3.0000
435,scouts,7,5.5612,-4.0781,3.0000
435,scouts,8,-1.7430,3.2409,3.0000
435,scouts,9,-3.2430,4.7409,3.0000
435,scouts,10,-4.7430,3.2409,3.0000
435,scouts,11,-3.2430,1.7409,3.0000
435,scouts,12,4.7416,3.2412,3.0000
435,scouts,13,3.2416,4.7412,3.0000
435,scouts,14,1.7416,3.2412,3.0000
435,scouts,15,3.2416,1.7412,3.0000
435,workers,0,-7.4334,6.5268,3.0000
435,workers,1,7.9472,7.3136,3.0000
435,workers,2,4.9774,-4.4278,3.0000
435,workers,3,-2.3328,-3.0884,3.0000
436,general,0,0.0000,0.0000,5.0000
436,nodes,0,-5.5679,-2.5347,3.0000
436,nodes,1,5.5710,-2.5355,3.0000
436,nodes,2,-3.2120,3.2100,3.0000
436,nodes,3,3.2106,3.2102,3.0000
436,scouts,0,-4.0593,-2.5717,3.0000
436,scouts,1,-5.5593,-1.0717,3.0000
436,scouts,2,-7.0593,-2.5717,3.0000
436,scouts,3,-5.5593,-4.0717,3.0000
436,scouts,4,7.0625,-2.5724,3.0000
436,scouts,5,5.5625,-1.0724,3.0000
436,scouts,6,4.0625,-2.5724,3.0000
436,scouts,7,5.5625,-4.0724,3.0000
436,scouts,8,-1.7389,3.2367,3.0000
436,scouts,9,-3.2389,4.7367,3.0000
436,scouts,10,-4.7389,3.2367,3.0000
436,scouts,11,-3.2389,1.7367,3.0000
436,scouts,12,4.7375,3.2370,3.0000
436,scouts,13,3.2375,4.7370,3.0000
436,scouts,14,1.7375,3.2370,3.0000
436,scouts,15,3.2375,1.7370,3.0000
436,workers,0,-7.4454,6.5579,3.0000
436,workers,1,7.9498,7.3469,3.0000
436,workers,2,4.9989,-4.4533,3.0000
436,workers,3,-2.3579,-3.1102,3.0000
437,general,0,0.0000,0.0000,5.0000
437,nodes,0,-5.5691,-2.5291,3.0000
437,nodes,1,5.5724,-2.5298,3.0000
437,nodes,2,-3.2079,3.2059,3.0000
437,nodes,3,3.2065,3.2060,3.0000
437,scouts,0,-4.0606,-2.5660,3.0000
437,scouts,1,-5.5606,-1.0660,3.0000
437,scouts,2,-7.0606,-2.5660,3.0000
437,scouts,3,-5.5606,-4.0660,3.0000
437,scouts,4,7.0638,-2.5667,3.0000
437,scouts,5,5.5638,-1.0667,3.0000
437,scouts,6,4.0638,-2.5667,3.0000
437,scouts,7,5.5638,-4.0667,3.0000
437,scouts,8,-1.7347,3.2326,3.0000
437,scouts,9,-3.2347,4.7326,3.0000
437,scouts,10,-4.7347,3.2326,3.0000
437,scouts,11,-3.2347,1.7326,3.0000
437,scouts,12,4.7334,3.2329,3.0000
437,scouts,13,3.2334,4.7329,3.0000
437,scouts,14,1.7334,3.2329,3.0000
437,scouts,15,3.2334,1.7329,3.0000
437,workers,0,-7.4573,6.5890,3.0000
437,workers,1,7.9523,7.3801,3.0000
437,workers,2,5.0204,-4.4787,3.0000
437,workers,3,-2.3831,-3.1321,3.0000
438,general,0,0.0000,0.0000,5.0000
438,nodes,0,-5.5704,-2.5235,3.0000
438,nodes,1,5.5738,-2.5241,3.0000
438,nodes,2,-3.2037,3.2018,3.0000
438,nodes,3,3.2023,3.2018,3.0000
438,scouts,0,-4.0619,-2.5604,3.0000
438,scouts,1,-5.5619,-1.0604,3.0000
438,scouts,2,-7.0619,-2.5604,3.0000
438,scouts,3,-5.5619,-4.0604,3.0000
438,scouts,4,7.0652,-2.5611,3.0000
438,scouts,5,5.5652,-1.0611,3.0000
438,scouts,6,4.0652,-2.5611,3.0000
438,scouts,7,5.5652,-4.0611,3.0000
438,scouts,8,-1.7306,3.2285,3.0000
438,scouts,9,-3.2306,4.7285,3.0000
438,scouts,10,-4.7306,3.2285,3.0000
438,scouts,11,-3.2306,1.7285,3.0000
438,scouts,12,4.7292,3.2288,3.0000
438,scouts,13,3.2292,4.7288,3.0000
438,scouts,14,1.7292,3.2288,3.0000
438,scouts,15,3.2292,1.7288,3.0000
438,workers,0,-7.4693,6.6202,3.0000
438,workers,1,7.9549,7.4133,3.0000
438,workers,2,5.0420,-4.5042,3.0000
438,workers,3,-2.4083,-3.1539,3.0000
439,general,0,0.0000,0.0000,5.0000
439,nodes,0,-5.5718,-2.5178,3.0000
439,nodes,1,5.5751,-2.5184,3.0000
439,nodes,2,-3.1995,3.1976,3.0000
439,nodes,3,3.1982,3.1978,3.0000
439,scouts,0,-4.0632,-2.5547,3.0000
439,scouts,1,-5.5632,-1.0547,3.0000
439,scouts,2,-7.0632,-2.5547,3.0000
439,scouts,3,-5.5632,-4.0547,3.0000
439,scouts,4,7.0665,-2.5554,3.0000
439,scouts,5,5.5665,-1.0554,3.0000
439,scouts,6,4.0665,-2.5554,3.0000
439,scouts,7,5.5665,-4.0554,3.0000
439,scouts,8,-1.7265,3.2244,3.0000
439,scouts,9,-3.2265,4.7244,3.0000
439,scouts,10,-4.7265,3.2244,3.0000
439,scouts,11,-3.2265,1.7244,3.0000
439,scouts,12,4.7251,3.2246,3.0000
439,scouts,13,3.2251,4.7246,3.0000
439,scouts,14,1.7251,3.2246,3.0000
439,scouts,15,3.2251,1.7246,3.0000
439,workers,0,-7.4813,6.6513,3.0000
439,workers,1,7.9574,7.4466,3.0000
439,workers,2,5.0635,-4.5296,3.0000
439,workers,3,-2.4335,-3.1757,3.0000
440,general,0,0.0000,0.0000,5.0000
440,nodes,0,-5.5731,-2.5121,3.0000
440,nodes,1,5.5764,-2.5128,3.0000
440,nodes,2,-3.1954,3.1934,3.0000
440,nodes,3,3.1941,3.1936,3.0000
440,scouts,0,-4.0645,-2.5490,3.0000
440,scouts,1,-5.5645,-1.0490,3.0000
440,scouts,2,-7.0645,-2.5490,3.0000
440,scouts,3,-5.5645,-4.0490,3.0000
440,scouts,4,7.0678,-2.5497,3.0000
440,scouts,5,5.5678,-1.0497,3.0000
440,scouts,6,4.0678,-2.5497,3.0000
440,scouts,7,5.5678,-4.0497,3.0000
440,scouts,8,-1.7223,3.2203,3.0000
440,scouts,9,-3.2223,4.7203,3.0000
440,scouts,10,-4.7223,3.2203,3.0000
440,scouts,11,-3.2223,1.7203,3.0000
440,scouts,12,4.7209,3.2205,3.0000
440,scouts,13,3.2209,4.7205,3.0000
440,scouts,14,1.7209,3.2205,3.0000
440,scouts,15,3.2209,1.7205,3.0000
440,workers,0,-7.4932,6.6824,3.0000
440,workers,1,7.9600,7.4798,3.0000
440,workers,2,5.0850,-4.5551,3.0000
440,workers,3,-2.4587,-3.1975,3.0000
441,general,0,0.0000,0.0000,5.0000
441,nodes,0,-5.5744,-2.5065,3.0000
441,nodes,1,5.5777,-2.5071,3.0000
441,nodes,2,-3.1913,3.1893,3.0000
441,nodes,3,3.1900,3.1895,3.0000
441,scouts,0,-4.0659,-2.5433,3.0000
441,scouts,1,-5.5659,-1.0433,3.0000
441,scouts,2,-7.0659,-2.5433,3.0000
441,scouts,3,-5.5659,-4.0433,3.0000
441,scouts,4,7.0691,-2.5440,3.0000
441,scouts,5,5.5691,-1.0440,3.0000
441,scouts,6,4.0691,-2.5440,3.0000
441,scouts,7,5.5691,-4.0440,3.0000
441,scouts,8,-1.7182,3.2161,3.0000
441,scouts,9,-3.2182,4.7161,3.0000
441,scouts,10,-4.7182,3.2161,3.0000
441,scouts,11,-3.2182,1.7161,3.0000
441,scouts,12,4.7168,3.2164,3.0000
441,scouts,13,3.2168,4.7164,3.0000
441,scouts,14,1.7168,3.2164,3.0000
441,scouts,15,3.2168,1.7164,3.0000
441,workers,0,-7.5052,6.7135,3.0000
441,workers,1,7.9625,7.5130,3.0000
441,workers,2,5.1066,-4.5805,3.0000
441,workers,3,-2.4839,-3.2194,3.0000
442,general,0,0.0000,0.0000,5.0000
442,nodes,0,-5.5758,-2.5009,3.0000
442,nodes,1,5.5790,-2.5014,3.0000
442,nodes,2,-3.1872,3.1852,3.0000
442,nodes,3,3.1859,3.1854,3.0000
442,scouts,0,-4.0672,-2.5377,3.0000
442,scouts,1,-5.5672,-1.0377,3.0000
442,scouts,2,-7.0672,-2.5377,3.0000
442,scouts,3,-5.5672,-4.0377,3.0000
442,scouts,4,7.0705,-2.5383,3.0000
442,scouts,5,5.5705,-1.0383,3.0000
442,scouts,6,4.0705,-2.5383,3.0000
442,scouts,7,5.5705,-4.0383,3.0000
442,scouts,8,-1.7141,3.2120,3.0000
442,scouts,9,-3.2141,4.7120,3.0000
442,scouts,10,-4.7141,3.2120,3.0000
442,scouts,11,-3.2141,1.7120,3.0000
442,scouts,12,4.7127,3.2122,3.0000
442,scouts,13,3.2127,4.7122,3.0000
442,scouts,14,1.7127,3.2122,3.0000
442,scouts,15,3.2127,1.7122,3.0000
442,workers,0,-7.5172,6.7446,3.0000
442,workers,1,7.9651,7.5463,3.0000
442,workers,2,5.1281,-4.6059,3.0000
442,workers,3,-2.5091,-3.2412,3.0000
443,general,0,0.0000,0.0000,5.0000
443,nodes,0,-5.5770,-2.4952,3.0000
443,nodes,1,5.5803,-2.4957,3.0000
443,nodes,2,-3.1831,3.1810,3.0000
443,nodes,3,3.1818,3.1813,3.0000
443,scouts,0,-4.0685,-2.5320,3.0000
443,scouts,1,-5.5685,-1.0320,3.0000
443,scouts,2,-7.0685,-2.5320,3.0000
443,scouts,3,-5.5685,-4.0320,3.0000
443,scouts,4,7.0718,-2.5326,3.0000
443,scouts,5,5.5718,-1.0326,3.0000
443,scouts,6,4.0718,-2.5326,3.0000
443,scouts,7,5.5718,-4.0326,3.0000
443,scouts,8,-1.7099,3.2079,3.0000
443,scouts,9,-3.2099,4.7079,3.0000
443,scouts,10,-4.7099,3.2079,3.0000
443,scouts,11,-3.2099,1.7079,3.0000
443,scouts,12,4.7086,3.2081,3.0000
443,scouts,13,3.2086,4.7081,3.0000
443,scouts,14,1.7086,3.2081,3.0000
443,scouts,15,3.2086,1.7081,3.0000
443,workers,0,-7.5291,6.7757,3.0000
443,workers,1,7.9677,7.5795,3.0000
443,workers,2,5.1496,-4.6314,3.0000
443,workers,3,-2.5343,-3.2630,3.0000
444,general,0,0.0000,0.0000,5.0000
444,nodes,0,-5.5783,-2.4895,3.0000
444,nodes,1,5.5817,-2.4899,3.0000
444,nodes,2,-3.1790,3.1768,3.0000
444,nodes,3,3.1776,3.1772,3.0000
444,scouts,0,-4.0698,-2.5263,3.0000
444,scouts,1,-5.5698,-1.0263,3.0000
444,scouts,2,-7.0698,-2.5263,3.0000
444,scouts,3,-5.5698,-4.0263,3.0000
444,scouts,4,7.0731,-2.5269,3.0000
444,scouts,5,5.5731,-1.0269,3.0000
444,scouts,6,4.0731,-2.5269,3.0000
444,scouts,7,5.5731,-4.0269,3.0000
444,scouts,8,-1.7058,3.2037,3.0000
444,scouts,9,-3.2058,4.7037,3.0000
444,scouts,10,-4.7058,3.2037,3.0000
444,scouts,11,-3.2058,1.7037,3.0000
444,scouts,12,4.7044,3.2040,3.0000
444,scouts,13,3.2044,4.7040,3.0000
444,scouts,14,1.7044,3.2040,3.0000
444,scouts,15,3.2044,1.7040,3.0000
444,workers,0,-7.5411,6.8068,3.0000
444,workers,1,7.9702,7.6127,3.0000
444,workers,2,5.1712,-4.6568,3.0000
444,workers,3,-2.5595,-3.2849,3.0000
445,general,0,0.0000,0.0000,5.0000
445,nodes,0,-5.5796,-2.4839,3.0000
445,nodes,1,5.5831,-2.4842,3.0000
445,nodes,2,-3.1749,3.1726,3.0000
445,nodes,3,3.1735,3.1732,3.0000
445,scouts,0,-4.0711,-2.5207,3.0000
445,scouts,1,-5.5711,-1.0207,3.0000
445,scouts,2,-7.0711,-2.5207,3.0000
445,scouts,3,-5.5711,-4.0207,3.0000
445,scouts,4,7.0744,-2.5213,3.0000
445,scouts,5,5.5744,-1.0213,3.0000
445,scouts,6,4.0744,-2.5213,3.0000
445,scouts,7,5.5744,-4.0213,3.0000
445,scouts,8,-1.7017,3.1996,3.0000
445,scouts,9,-3.2017,4.6996,3.0000
445,scouts,10,-4.7017,3.1996,3.0000
445,scouts,11,-3.2017,1.6996,3.0000
445,scouts,12,4.7003,3.1999,3.0000
445,scouts,13,3.2003,4.6999,3.0000
445,scouts,14,1.7003,3.1999,3.0000
445,scouts,15,3.2003,1.6999,3.0000
445,workers,0,-7.5531,6.8379,3.0000
445,workers,1,7.9728,7.6460,3.0000
445,workers,2,5.1927,-4.6823,3.0000
445,workers,3,-2.5847,-3.3067,3.0000
446,general,0,0.0000,0.0000,5.0000
446,nodes,0,-5.5810,-2.4782,3.0000
446,nodes,1,5.5844,-2.4786,3.0000
446,nodes,2,-3.1707,3.1686,3.0000
446,nodes,3,3.1695,3.1691,3.0000
446,scouts,0,-4.0724,-2.5150,3.0000
446,scouts,1,-5.5724,-1.0150,3.0000
446,scouts,2,-7.0724,-2.5150,3.0000
446,scouts,3,-5.5724,-4.0150,3.0000
446,scouts,4,7.0758,-2.5156,3.0000
446,scouts,5,5.5758,-1.0156,3.0000
446,scouts,6,4.0758,-2.5156,3.0000
446,scouts,7,5.5758,-4.0156,3.0000
446,scouts,8,-1.6976,3.1955,3.0000
446,scouts,9,-3.1976,4.6955,3.0000
446,scouts,10,-4.6976,3.1955,3.0000
446,scouts,11,-3.1976,1.6955,3.0000
446,scouts,12,4.6962,3.1958,3.0000
446,scouts,13,3.1962,4.6958,3.0000
446,scouts,14,1.6962,3.1958,3.0000
446,scouts,15,3.1962,1.6958,3.0000
446,workers,0,-7.5650,6.8690,3.0000
446,workers,1,7.9753,7.6792,3.0000
446,workers,2,5.2142,-4.7077,3.0000
446,workers,3,-2.6098,-3.3285,3.0000
447,general,0,0.0000,0.0000,5.0000
447,nodes,0,-5.5823,-2.4726,3.0000
447,nodes,1,5.5858,-2.4729,3.0000
447,nodes,2,-3.1666,3.1645,3.0000
447,nodes,3,3.1654,3.1650,3.0000
447,scouts,0,-4.0737,-2.5094,3.0000
447,scouts,1,-5.5737,-1.0094,3.0000
447,scouts,2,-7.0737,-2.5094,3.0000
447,scouts,3,-5.5737,-4.0094,3.0000
447,scouts,4,7.0771,-2.5099,3.0000
447,scouts,5,5.5771,-1.0099,3.0000
447,scouts,6,4.0771,-2.5099,3.0000
447,scouts,7,5.5771,-4.0099,3.0000
447,scouts,8,-1.6934,3.1913,3.0000
447,scouts,9,-3.1934,4.6913,3.0000
447,scouts,10,-4.6934,3.1913,3.0000
447,scouts,11,-3.1934,1.6913,3.0000
447,scouts,12,4.6921,3.1917,3.0000
447,scouts,13,3.1921,4.6917,3.0000
447,scouts,14,1.6921,3.1917,3.0000
447,scouts,15,3.1921,1.6917,3.0000
447,workers,0,-7.5770,6.9002,3.0000
447,workers,1,7.9779,7.7124,3.0000
447,workers,2,5.2358,-4.7332,3.0000
447,workers,3,-2.6350,-3.3504,3.0000
448,general,0,0.0000,0.0000,5.0000
448,nodes,0,-5.5836,-2.4669,3.0000
448,nodes,1,5.5871,-2.4672,3.0000
448,nodes,2,-3.1626,3.1604,3.0000
448,nodes,3,3.1613,3.1609,3.0000
448,scouts,0,-4.0751,-2.5037,3.0000
448,scouts,1,-5.5751,-1.0037,3.0000
448,scouts,2,-7.0751,-2.5037,3.0000
448,scouts,3,-5.5751,-4.0037,3.0000
448,scouts,4,7.0784,-2.5042,3.0000
448,scouts,5,5.5784,-1.0042,3.0000
448,scouts,6,4.0784,-2.5042,3.0000
448,scouts,7,5.5784,-4.0042,3.0000
448,scouts,8,-1.6893,3.1872,3.0000
448,scouts,9,-3.1893,4.6872,3.0000
448,scouts,10,-4.6893,3.1872,3.0000
448,scouts,11,-3.1893,1.6872,3.0000
448,scouts,12,4.6880,3.1876,3.0000
448,scouts,13,3.1880,4.6876,3.0000
448,scouts,14,1.6880,3.1876,3.0000
448,scouts,15,3.1880,1.6876,3.0000
448,workers,0,-7.5889,6.9313,3.0000
448,workers,1,7.9802,7.7424,3.0000
448,workers,2,5.2573,-4.7586,3.0000
448,workers,3,-2.6602,-3.3722,3.0000
449,general,0,0.0000,0.0000,5.0000
449,nodes,0,-5.5850,-2.4612,3.0000
449,nodes,1,5.5885,-2.4615,3.0000
449,nodes,2,-3.1584,3.1562,3.0000
449,nodes,3,3.1571,3.1568,3.0000
449,scouts,0,-4.0764,-2.4980,3.0000
449,scouts,1,-5.5764,-0.9980,3.0000
449,scouts,2,-7.0764,-2.4980,3.0000
449,scouts,3,-5.5764,-3.9980,3.0000
449,scouts,4,7.0798,-2.4985,3.0000
449,scouts,5,5.5798,-0.9985,3.0000
449,scouts,6,4.0798,-2.4985,3.0000
449,scouts,7,5.5798,-3.9985,3.0000
449,scouts,8,-1.6852,3.1831,3.0000
449,scouts,9,-3.1852,4.6831,3.0000
449,scouts,10,-4.6852,3.1831,3.0000
449,scouts,11,-3.1852,1.6831,3.0000
449,scouts,12,4.6839,3.1835,3.0000
449,scouts,13,3.1839,4.6835,3.0000
449,scouts,14,1.6839,3.1835,3.0000
449,scouts,15,3.1839,1.6835,3.0000
449,workers,0,-7.6009,6.9624,3.0000
449,workers,1,7.9823,7.7693,3.0000
449,workers,2,5.2788,-4.7841,3.0000
449,workers,3,-2.6854,-3.3940,3.0000
450,general,0,0.0000,0.0000,5.0000
450,nodes,0,-5.5863,-2.4555,3.0000
450,nodes,1,5.5898,-2.4558,3.0000
450,nodes,2,-3.1543,3.1521,3.0000
450,nodes,3,3.1530,3.1527,3.0000
450,scouts,0,-4.0777,-2.4924,3.0000
450,scouts,1,-5.5777,-0.9924,3.0000
450,scouts,2,-7.0777,-2.4924,3.0000
450,scouts,3,-5.5777,-3.9924,3.0000
450,scouts,4,7.0811,-2.4928,3.0000
450,scouts,5,5.5811,-0.9928,3.0000
450,scouts,6,4.0811,-2.4928,3.0000
450,scouts,7,5.5811,-3.9928,3.0000
450,scouts,8,-1.6811,3.1789,3.0000
450,scouts,9,-3.1811,4.6789,3.0000
450,scouts,10,-4.6811,3.1789,3.0000
450,scouts,11,-3.1811,1.6789,3.0000
450,scouts,12,4.6798,3.1794,3.0000
450,scouts,13,3.1798,4.6794,3.0000
450,scouts,14,1.6798,3.1794,3.0000
450,scouts,15,3.1798,1.6794,3.0000
450,workers,0,-7.6129,6.9935,3.0000
450,workers,1,7.9841,7.7935,3.0000
450,workers,2,5.3004,-4.8095,3.0000
450,workers,3,-2.7106,-3.4159,3.0000
451,general,0,0.0000,0.0000,5.0000
451,nodes,0,-5.5876,-2.4499,3.0000
451,nodes,1,5.5912,-2.4502,3.0000
451,nodes,2,-3.1502,3.1480,3.0000
451,nodes,3,3.1489,3.1485,3.0000
451,scouts,0,-4.0790,-2.4867,3.0000
451,scouts,1,-5.5790,-0.9867,3.0000
451,scouts,2,-7.0790,-2.4867,3.0000
451,scouts,3,-5.5790,-3.9867,3.0000
451,scouts,4,7.0824,-2.4871,3.0000
451,scouts,5,5.5824,-0.9871,3.0000
451,scouts,6,4.0824,-2.4871,3.0000
451,scouts,7,5.5824,-3.9871,3.0000
451,scouts,8,-1.6770,3.1748,3.0000
451,scouts,9,-3.1770,4.6748,3.0000
451,scouts,10,-4.6770,3.1748,3.0000
451,scouts,11,-3.1770,1.6748,3.0000
451,scouts,12,4.6756,3.1753,3.0000
451,scouts,13,3.1756,4.6753,3.0000
451,scouts,14,1.6756,3.1753,3.0000
451,scouts,15,3.1756,1.6753,3.0000
451,workers,0,-7.6248,7.0246,3.0000
451,workers,1,7.9858,7.8153,3.0000
451,workers,2,5.3219,-4.8350,3.0000
451,workers,3,-2.7358,-3.4377,3.0000
452,general,0,0.0000,0.0000,5.0000
452,nodes,0,-5.5890,-2.4443,3.0000
452,nodes,1,5.5925,-2.4445,3.0000
452,nodes,2,-3.1460,3.1437,3.0000
452,nodes,3,3.1448,3.1444,3.0000
452,scouts,0,-4.0803,-2.4810,3.0000
452,scouts,1,-5.5803,-0.9810,3.0000
452,scouts,2,-7.0803,-2.4810,3.0000
452,scouts,3,-5.5803,-3.9810,3.0000
452,scouts,4,7.0838,-2.4814,3.0000
452,scouts,5,5.5838,-0.9814,3.0000
452,scouts,6,4.0838,-2.4814,3.0000
452,scouts,7,5.5838,-3.9814,3.0000
452,scouts,8,-1.6728,3.1707,3.0000
452,scouts,9,-3.1728,4.6707,3.0000
452,scouts,10,-4.6728,3.1707,3.0000
452,scouts,11,-3.1728,1.6707,3.0000
452,scouts,12,4.6715,3.1711,3.0000
452,scouts,13,3.1715,4.6711,3.0000
452,scouts,14,1.6715,3.1711,3.0000
452,scouts,15,3.1715,1.6711,3.0000
452,workers,0,-7.6368,7.0557,3.0000
452,workers,1,7.9873,7.8349,3.0000
452,workers,2,5.3434,-4.8604,3.0000
452,workers,3,-2.7610,-3.4595,3.0000
453,general,0,0.0000,0.0000,5.0000
453,nodes,0,-5.5903,-2.4386,3.0000
453,nodes,1,5.5939,-2.4389,3.0000
453,nodes,2,-3.1419,3.1395,3.0000
453,nodes,3,3.1407,3.1403,3.0000
453,scouts,0,-4.0817,-2.4754,3.0000
453,scouts,1,-5.5817,-0.9754,3.0000
453,scouts,2,-7.0817,-2.4754,3.0000
453,scouts,3,-5.5817,-3.9754,3.0000
453,scouts,4,7.0851,-2.4758,3.0000
453,scouts,5,5.5851,-0.9758,3.0000
453,scouts,6,4.0851,-2.4758,3.0000
453,scouts,7,5.5851,-3.9758,3.0000
453,scouts,8,-1.6687,3.1665,3.0000
453,scouts,9,-3.1687,4.6665,3.0000
453,scouts,10,-4.6687,3.1665,3.0000
453,scouts,11,-3.1687,1.6665,3.0000
453,scouts,12,4.6674,3.1670,3.0000
453,scouts,13,3.1674,4.6670,3.0000
453,scouts,14,1.6674,3.1670,3.0000
453,scouts,15,3.1674,1.6670,3.0000
453,workers,0,-7.6488,7.0868,3.0000
453,workers,1,7.9887,7.8526,3.0000
453,workers,2,5.3650,-4.8859,3.0000
453,workers,3,-2.7862,-3.4813,3.0000
454,general,0,0.0000,0.0000,5.0000
454,nodes,0,-5.5916,-2.4329,3.0000
454,nodes,1,5.5952,-2.4332,3.0000
454,nodes,2,-3.1377,3.1355,3.0000
454,nodes,3,3.1365,3.1362,3.0000
454,scouts,0,-4.0830,-2.4697,3.0000
454,scouts,1,-5.5830,-0.9697,3.0000
454,scouts,2,-7.0830,-2.4697,3.0000
454,scouts,3,-5.5830,-3.9697,3.0000
454,scouts,4,7.0865,-2.4701,3.0000
454,scouts,5,5.5865,-0.9701,3.0000
454,scouts,6,4.0865,-2.4701,3.0000
454,scouts,7,5.5865,-3.9701,3.0000
454,scouts,8,-1.6646,3.1624,3.0000
454,scouts,9,-3.1646,4.6624,3.0000
454,scouts,10,-4.6646,3.1624,3.0000
454,scouts,11,-3.1646,1.6624,3.0000
454,scouts,12,4.6633,3.1629,3.0000
454,scouts,13,3.1633,4.6629,3.0000
454,scouts,14,1.6633,3.1629,3.0000
454,scouts,15,3.1633,1.6629,3.0000
454,workers,0,-7.6607,7.1179,3.0000
454,workers,1,7.9899,7.8685,3.0000
454,workers,2,5.3865,-4.9113,3.0000
454,workers,3,-2.8114,-3.5032,3.0000
455,general,0,0.0000,0.0000,5.0000
455,nodes,0,-5.5929,-2.4272,3.0000
455,nodes,1,5.5965,-2.4275,3.0000
455,nodes,2,-3.1336,3.1313,3.0000
455,nodes,3,3.1323,3.1322,3.0000
455,scouts,0,-4.0843,-2.4640,3.0000
455,scouts,1,-5.5843,-0.9640,3.0000
455,scouts,2,-7.0843,-2.4640,3.0000
455,scouts,3,-5.5843,-3.9640,3.0000
455,scouts,4,7.0878,-2.4644,3.0000
455,scouts,5,5.5878,-0.9644,3.0000
455,scouts,6,4.0878,-2.4644,3.0000
455,scouts,7,5.5878,-3.9644,3.0000
455,scouts,8,-1.6605,3.1582,3.0000
455,scouts,9,-3.1605,4.6582,3.0000
455,scouts,10,-4.6605,3.1582,3.0000
455,scouts,11,-3.1605,1.6582,3.0000
455,scouts,12,4.6592,3.1588,3.0000
455,scouts,13,3.1592,4.6588,3.0000
455,scouts,14,1.6592,3.1588,3.0000
455,scouts,15,3.1592,1.6588,3.0000
455,workers,0,-7.6727,7.1490,3.0000
455,workers,1,7.9910,7.8828,3.0000
455,workers,2,5.4080,-4.9367,3.0000
455,workers,3,-2.8366,-3.5250,3.0000
456,general,0,0.0000,0.0000,5.0000
456,nodes,0,-5.5942,-2.4215,3.0000
456,nodes,1,5.5978,-2.4219,3.0000
456,nodes,2,-3.1295,3.1271,3.0000
456,nodes,3,3.1282,3.1281,3.0000
456,scouts,0,-4.0856,-2.4584,3.0000
456,scouts,1,-5.5856,-0.9584,3.0000
456,scouts,2,-7.0856,-2.4584,3.0000
456,scouts,3,-5.5856,-3.9584,3.0000
456,scouts,4,7.0891,-2.4587,3.0000
456,scouts,5,5.5891,-0.9587,3.0000
456,scouts,6,4.0891,-2.4587,3.0000
456,scouts,7,5.5891,-3.9587,3.0000
456,scouts,8,-1.6563,3.1541,3.0000
456,scouts,9,-3.1563,4.6541,3.0000
456,scouts,10,-4.6563,3.1541,3.0000
456,scouts,11,-3.1563,1.6541,3.0000
456,scouts,12,4.6550,3.1547,3.0000
456,scouts,13,3.1550,4.6547,3.0000
456,scouts,14,1.6550,3.1547,3.0000
456,scouts,15,3.1550,1.6547,3.0000
456,workers,0,-7.6847,7.1802,3.0000
456,workers,1,7.9920,7.8957,3.0000
456,workers,2,5.4295,-4.9622,3.0000
456,workers,3,-2.8617,-3.5468,3.0000
457,general,0,0.0000,0.0000,5.0000
457,nodes,0,-5.5955,-2.4158,3.0000
457,nodes,1,5.5991,-2.4162,3.0000
457,nodes,2,-3.1254,3.1231,3.0000
457,nodes,3,3.1241,3.1240,3.0000
457,scouts,0,-4.0870,-2.4527,3.0000
457,scouts,1,-5.5870,-0.9527,3.0000
457,scouts,2,-7.0870,-2.4527,3.0000
457,scouts,3,-5.5870,-3.9527,3.0000
457,scouts,4,7.0905,-2.4531,3.0000
457,scouts,5,5.5905,-0.9531,3.0000
457,scouts,6,4.0905,-2.4531,3.0000
457,scouts,7,5.5905,-3.9531,3.0000
457,scouts,8,-1.6522,3.1499,3.0000
457,scouts,9,-3.1522,4.6499,3.0000
457,scouts,10,-4.6522,3.1499,3.0000
457,scouts,11,-3.1522,1.6499,3.0000
457,scouts,12,4.6509,3.1506,3.0000
457,scouts,13,3.1509,4.6506,3.0000
457,scouts,14,1.6509,3.1506,3.0000
457,scouts,15,3.1509,1.6506,3.0000
457,workers,0,-7.6966,7.2113,3.0000
457,workers,1,7.9929,7.9073,3.0000
457,workers,2,5.4511,-4.9876,3.0000
457,workers,3,-2.8869,-3.5687,3.0000
458,general,0,0.0000,0.0000,5.0000
458,nodes,0,-5.5969,-2.4101,3.0000
458,nodes,1,5.6004,-2.4106,3.0000
458,nodes,2,-3.1213,3.1190,3.0000
458,nodes,3,3.1199,3.1200,3.0000
458,scouts,0,-4.0883,-2.4470,3.0000
458,scouts,1,-5.5883,-0.9470,3.0000
458,scouts,2,-7.0883,-2.4470,3.0000
458,scouts,3,-5.5883,-3.9470,3.0000
458,scouts,4,7.0918,-2.4474,3.0000
458,scouts,5,5.5918,-0.9474,3.0000
458,scouts,6,4.0918,-2.4474,3.0000
458,scouts,7,5.5918,-3.9474,3.0000
458,scouts,8,-1.6481,3.1458,3.0000
458,scouts,9,-3.1481,4.6458,3.0000
458,scouts,10,-4.6481,3.1458,3.0000
458,scouts,11,-3.1481,1.6458,3.0000
458,scouts,12,4.6468,3.1465,3.0000
458,scouts,13,3.1468,4.6465,3.0000
458,scouts,14,1.6468,3.1465,3.0000
458,scouts,15,3.1468,1.6465,3.0000
458,workers,0,-7.7086,7.2424,3.0000
458,workers,1,7.9937,7.9177,3.0000
458,workers,2,5.4726,-5.0131,3.0000
458,workers,3,-2.9121,-3.5905,3.0000
459,general,0,0.0000,0.0000,5.0000
459,nodes,0,-5.5983,-2.4045,3.0000
459,nodes,1,5.6016,-2.4049,3.0000
459,nodes,2,-3.1172,3.1148,3.0000
459,nodes,3,3.1158,3.1159,3.0000
459,scouts,0,-4.0896,-2.4413,3.0000
459,scouts,1,-5.5896,-0.9413,3.0000
459,scouts,2,-7.0896,-2.4413,3.0000
459,scouts,3,-5.5896,-3.9413,3.0000
459,scouts,4,7.0931,-2.4417,3.0000
459,scouts,5,5.5931,-0.9417,3.0000
459,scouts,6,4.0931,-2.4417,3.0000
459,scouts,7,5.5931,-3.9417,3.0000
459,scouts,8,-1.6440,3.1417,3.0000
459,scouts,9,-3.1440,4.6417,3.0000
459,scouts,10,-4.6440,3.1417,3.0000
459,scouts,11,-3.1440,1.6417,3.0000
459,scouts,12,4.6426,3.1425,3.0000
459,scouts,13,3.1426,4.6425,3.0000
459,scouts,14,1.6426,3.1425,3.0000
459,scouts,15,3.1426,1.6425,3.0000
459,workers,0,-7.7206,7.2735,3.0000
459,workers,1,7.9944,7.9271,3.0000
459,workers,2,5.4941,-5.0385,3.0000
459,workers,3,-2.9373,-3.6123,3.0000
460,general,0,0.0000,0.0000,5.0000
460,nodes,0,-5.5996,-2.3988,3.0000
460,nodes,1,5.6030,-2.3992,3.0000
460,nodes,2,-3.1131,3.1106,3.0000
460,nodes,3,3.1116,3.1118,3.0000
460,scouts,0,-4.0909,-2.4357,3.0000
460,scouts,1,-5.5909,-0.9357,3.0000
460,scouts,2,-7.0909,-2.4357,3.0000
460,scouts,3,-5.5909,-3.9357,3.0000
460,scouts,4,7.0944,-2.4361,3.0000
460,scouts,5,5.5944,-0.9361,3.0000
460,scouts,6,4.0944,-2.4361,3.0000
460,scouts,7,5.5944,-3.9361,3.0000
460,scouts,8,-1.6399,3.1375,3.0000
460,scouts,9,-3.1399,4.6375,3.0000
460,scouts,10,-4.6399,3.1375,3.0000
460,scouts,11,-3.1399,1.6375,3.0000
460,scouts,12,4.6385,3.1384,3.0000
460,scouts,13,3.1385,4.6384,3.0000
460,scouts,14,1.6385,3.1384,3.0000
460,scouts,15,3.1385,1.6384,3.0000
460,workers,0,-7.7325,7.3046,3.0000
460,workers,1,7.9950,7.9355,3.0000
460,workers,2,5.5157,-5.0640,3.0000
460,workers,3,-2.9625,-3.6342,3.0000
461,general,0,0.0000,0.0000,5.0000
461,nodes,0,-5.6008,-2.3930,3.0000
461,nodes,1,5.6043,-2.3935,3.0000
461,nodes,2,-3.1090,3.1065,3.0000
461,nodes,3,3.1075,3.1076,3.0000
461,scouts,0,-4.0923,-2.4300,3.0000
461,scouts,1,-5.5923,-0.9300,3.0000
461,scouts,2,-7.0923,-2.4300,3.0000
461,scouts,3,-5.5923,-3.9300,3.0000
461,scouts,4,7.0957,-2.4304,3.0000
461,scouts,5,5.5957,-0.9304,3.0000
461,scouts,6,4.0957,-2.4304,3.0000
461,scouts,7,5.5957,-3.9304,3.0000
461,scouts,8,-1.6358,3.1334,3.0000
461,scouts,9,-3.1358,4.6334,3.0000
461,scouts,10,-4.6358,3.1334,3.0000
461,scouts,11,-3.1358,1.6334,3.0000
461,scouts,12,4.6344,3.1343,3.0000
461,scouts,13,3.1344,4.6343,3.0000
461,scouts,14,1.6344,3.1343,3.0000
461,scouts,15,3.1344,1.6343,3.0000
461,workers,0,-7.7445,7.3357,3.0000
461,workers,1,7.9956,7.9431,3.0000
461,workers,2,5.5372,-5.0894,3.0000
461,workers,3,-2.9877,-3.6560,3.0000
462,general,0,0.0000,0.0000,5.0000
462,nodes,0,-5.6021,-2.3874,3.0000
462,nodes,1,5.6056,-2.3878,3.0000
462,nodes,2,-3.1050,3.1024,3.0000
462,nodes,3,3.1033,3.1035,3.0000
462,scouts,0,-4.0936,-2.4243,3.0000
462,scouts,1,-5.5936,-0.9243,3.0000
462,scouts,2,-7.0936,-2.4243,3.0000
462,scouts,3,-5.5936,-3.9243,3.0000
462,scouts,4,7.0971,-2.4247,3.0000
462,scouts,5,5.5971,-0.9247,3.0000
462,scouts,6,4.0971,-2.4247,3.0000
462,scouts,7,5.5971,-3.9247,3.0000
462,scouts,8,-1.6317,3.1293,3.0000
462,scouts,9,-3.1317,4.6293,3.0000
462,scouts,10,-4.6317,3.1293,3.0000
462,scouts,11,-3.1317,1.6293,3.0000
462,scouts,12,4.6302,3.1302,3.0000
462,scouts,13,3.1302,4.6302,3.0000
462,scouts,14,1.6302,3.1302,3.0000
462,scouts,15,3.1302,1.6302,3.0000
462,workers,0,-7.7565,7.3668,3.0000
462,workers,1,7.9962,7.9500,3.0000
462,workers,2,5.5587,-5.1149,3.0000
462,workers,3,-3.0129,-3.6778,3.0000
463,general,0,0.0000,0.0000,5.0000
463,nodes,0,-5.6034,-2.3817,3.0000
463,nodes,1,5.6069,-2.3822,3.0000
463,nodes,2,-3.1009,3.0982,3.0000
463,nodes,3,3.0991,3.0993,3.0000
463,scouts,0,-4.0949,-2.4186,3.0000
463,scouts,1,-5.5949,-0.9186,3.0000
463,scouts,2,-7.0949,-2.4186,3.0000
463,scouts,3,-5.5949,-3.9186,3.0000
463,scouts,4,7.0984,-2.4191,3.0000
463,scouts,5,5.5984,-0.9191,3.0000
463,scouts,6,4.0984,-2.4191,3.0000
463,scouts,7,5.5984,-3.9191,3.0000
463,scouts,8,-1.6275,3.1251,3.0000
463,scouts,9,-3.1275,4.6251,3.0000
463,scouts,10,-4.6275,3.1251,3.0000
463,scouts,11,-3.1275,1.6251,3.0000
463,scouts,12,4.6261,3.1260,3.0000
463,scouts,13,3.1261,4.6260,3.0000
463,scouts,14,1.6261,3.1260,3.0000
463,scouts,15,3.1261,1.6260,3.0000
463,workers,0,-7.7684,7.3979,3.0000
463,workers,1,7.9966,7.9561,3.0000
463,workers,2,5.5803,-5.1403,3.0000
463,workers,3,-3.0381,-3.6997,3.0000
464,general,0,0.0000,0.0000,5.0000
464,nodes,0,-5.6047,-2.3760,3.0000
464,nodes,1,5.6082,-2.3766,3.0000
464,nodes,2,-3.0967,3.0941,3.0000
464,nodes,3,3.0949,3.0952,3.0000
464,scouts,0,-4.0962,-2.4129,3.0000
464,scouts,1,-5.5962,-0.9129,3.0000
464,scouts,2,-7.0962,-2.4129,3.0000
464,scouts,3,-5.5962,-3.9129,3.0000
464,scouts,4,7.0997,-2.4134,3.0000
464,scouts,5,5.5997,-0.9134,3.0000
464,scouts,6,4.0997,-2.4134,3.0000
464,scouts,7,5.5997,-3.9134,3.0000
464,scouts,8,-1.6234,3.1210,3.0000
464,scouts,9,-3.1234,4.6210,3.0000
464,scouts,10,-4.6234,3.1210,3.0000
464,scouts,11,-3.1234,1.6210,3.0000
464,scouts,12,4.6219,3.1219,3.0000
464,scouts,13,3.1219,4.6219,3.0000
464,scouts,14,1.6219,3.1219,3.0000
464,scouts,15,3.1219,1.6219,3.0000
464,workers,0,-7.7804,7.4290,3.0000
464,workers,1,7.9971,7.9617,3.0000
464,workers,2,5.6018,-5.1658,3.0000
464,workers,3,-3.0633,-3.7215,3.0000
465,general,0,0.0000,0.0000,5.0000
465,nodes,0,-5.6060,-2.3703,3.0000
465,nodes,1,5.6095,-2.3709,3.0000
465,nodes,2,-3.0926,3.0900,3.0000
465,nodes,3,3.0908,3.0911,3.0000
465,scouts,0,-4.0975,-2.4072,3.0000
465,scouts,1,-5.5975,-0.9072,3.0000
465,scouts,2,-7.0975,-2.4072,3.0000
465,scouts,3,-5.5975,-3.9072,3.0000
465,scouts,4,7.1010,-2.4077,3.0000
465,scouts,5,5.6010,-0.9077,3.0000
465,scouts,6,4.1010,-2.4077,3.0000
465,scouts,7,5.6010,-3.9077,3.0000
465,scouts,8,-1.6193,3.1169,3.0000
465,scouts,9,-3.1193,4.6169,3.0000
465,scouts,10,-4.6193,3.1169,3.0000
465,scouts,11,-3.1193,1.6169,3.0000
465,scouts,12,4.6178,3.1178,3.0000
465,scouts,13,3.1178,4.6178,3.0000
465,scouts,14,1.6178,3.1178,3.0000
465,scouts,15,3.1178,1.6178,3.0000
465,workers,0,-7.7924,7.4602,3.0000
465,workers,1,7.9974,7.9667,3.0000
465,workers,2,5.6233,-5.1912,3.0000
465,workers,3,-3.0884,-3.7433,3.0000
466,general,0,0.0000,0.0000,5.0000
466,nodes,0,-5.6073,-2.3645,3.0000
466,nodes,1,5.6108,-2.3652,3.0000
466,nodes,2,-3.0885,3.0858,3.0000
466,nodes,3,3.0866,3.0870,3.0000
466,scouts,0,-4.0988,-2.4015,3.0000
466,scouts,1,-5.5988,-0.9015,3.0000
466,scouts,2,-7.0988,-2.4015,3.0000
466,scouts,3,-5.5988,-3.9015,3.0000
466,scouts,4,7.1023,-2.4021,3.0000
466,scouts,5,5.6023,-0.9021,3.0000
466,scouts,6,4.1023,-2.4021,3.0000
466,scouts,7,5.6023,-3.9021,3.0000
466,scouts,8,-1.6152,3.1127,3.0000
466,scouts,9,-3.1152,4.6127,3.0000
466,scouts,10,-4.6152,3.1127,3.0000
466,scouts,11,-3.1152,1.6127,3.0000
466,scouts,12,4.6136,3.1137,3.0000
466,scouts,13,3.1136,4.6137,3.0000
466,scouts,14,1.6136,3.1137,3.0000
466,scouts,15,3.1136,1.6137,3.0000
466,workers,0,-7.8043,7.4913,3.0000
466,workers,1,7.9978,7.9712,3.0000
466,workers,2,5.6449,-5.2167,3.0000
466,workers,3,-3.1136,-3.7652,3.0000
467,general,0,0.0000,0.0000,5.0000
467,nodes,0,-5.6086,-2.3588,3.0000
467,nodes,1,5.6121,-2.3596,3.0000
467,nodes,2,-3.0844,3.0817,3.0000
467,nodes,3,3.0824,3.0829,3.0000
467,scouts,0,-4.1001,-2.3958,3.0000
467,scouts,1,-5.6001,-0.8958,3.0000
467,scouts,2,-7.1001,-2.3958,3.0000
467,scouts,3,-5.6001,-3.8958,3.0000
467,scouts,4,7.1036,-2.3964,3.0000
467,scouts,5,5.6036,-0.8964,3.0000
467,scouts,6,4.1036,-2.3964,3.0000
467,scouts,7,5.6036,-3.8964,3.0000
467,scouts,8,-1.6111,3.1086,3.0000
467,scouts,9,-3.1111,4.6086,3.0000
467,scouts,10,-4.6111,3.1086,3.0000
467,scouts,11,-3.1111,1.6086,3.0000
467,scouts,12,4.6095,3.1096,3.0000
467,scouts,13,3.1095,4.6096,3.0000
467,scouts,14,1.6095,3.1096,3.0000
467,scouts,15,3.1095,1.6096,3.0000
467,workers,0,-7.8163,7.5224,3.0000
467,workers,1,7.9981,7.9752,3.0000
467,workers,2,5.6664,-5.2421,3.0000
467,workers,3,-3.1388,-3.7870,3.0000
468,general,0,0.0000,0.0000,5.0000
468,nodes,0,-5.6099,-2.3531,3.0000
468,nodes,1,5.6135,-2.3538,3.0000
468,nodes,2,-3.0802,3.0776,3.0000
468,nodes,3,3.0784,3.0788,3.0000
468,scouts,0,-4.1014,-2.3901,3.0000
468,scouts,1,-5.6014,-0.8901,3.0000
468,scouts,2,-7.1014,-2.3901,3.0000
468,scouts,3,-5.6014,-3.8901,3.0000
468,scouts,4,7.1049,-2.3907,3.0000
468,scouts,5,5.6049,-0.8907,3.0000
468,scouts,6,4.1049,-2.3907,3.0000
468,scouts,7,5.6049,-3.8907,3.0000
468,scouts,8,-1.6070,3.1044,3.0000
468,scouts,9,-3.1070,4.6044,3.0000
468,scouts,10,-4.6070,3.1044,3.0000
468,scouts,11,-3.1070,1.6044,3.0000
468,scouts,12,4.6053,3.1055,3.0000
468,scouts,13,3.1053,4.6055,3.0000
468,scouts,14,1.6053,3.1055,3.0000
468,scouts,15,3.1053,1.6055,3.0000
468,workers,0,-7.8283,7.5535,3.0000
468,workers,1,7.9984,7.9788,3.0000
468,workers,2,5.6879,-5.2675,3.0000
468,workers,3,-3.1640,-3.8088,3.0000
469,general,0,0.0000,0.0000,5.0000
469,nodes,0,-5.6112,-2.3474,3.0000
469,nodes,1,5.6148,-2.3482,3.0000
469,nodes,2,-3.0760,3.0735,3.0000
469,nodes,3,3.0742,3.0747,3.0000
469,scouts,0,-4.1027,-2.3845,3.0000
469,scouts,1,-5.6027,-0.8845,3.0000
469,scouts,2,-7.1027,-2.3845,3.0000
469,scouts,3,-5.6027,-3.8845,3.0000
469,scouts,4,7.1062,-2.3851,3.0000
469,scouts,5,5.6062,-0.8851,3.0000
469,scouts,6,4.1062,-2.3851,3.0000
469,scouts,7,5.6062,-3.8851,3.0000
469,scouts,8,-1.6029,3.1003,3.0000
469,scouts,9,-3.1029,4.6003,3.0000
469,scouts,10,-4.6029,3.1003,3.0000
469,scouts,11,-3.1029,1.6003,3.0000
469,scouts,12,4.6012,3.1014,3.0000
469,scouts,13,3.1012,4.6014,3.0000
469,scouts,14,1.6012,3.1014,3.0000
469,scouts,15,3.1012,1.6014,3.0000
469,workers,0,-7.8402,7.5846,3.0000
469,workers,1,7.9986,7.9821,3.0000
469,workers,2,5.7095,-5.2930,3.0000
469,workers,3,-3.1892,-3.8306,3.0000
470,general,0,0.0000,0.0000,5.0000
470,nodes,0,-5.6126,-2.3417,3.0000
470,nodes,1,5.6162,-2.3425,3.0000
470,nodes,2,-3.0719,3.0694,3.0000
470,nodes,3,3.0701,3.0705,3.0000
470,scouts,0,-4.1040,-2.3788,3.0000
470,scouts,1,-5.6040,-0.8788,3.0000
470,scouts,2,-7.1040,-2.3788,3.0000
470,scouts,3,-5.6040,-3.8788,3.0000
470,scouts,4,7.1076,-2.3794,3.0000
470,scouts,5,5.6076,-0.8794,3.0000
470,scouts,6,4.1076,-2.3794,3.0000
470,scouts,7,5.6076,-3.8794,3.0000
470,scouts,8,-1.5987,3.0962,3.0000
470,scouts,9,-3.0987,4.5962,3.0000
470,scouts,10,-4.5987,3.0962,3.0000
470,scouts,11,-3.0987,1.5962,3.0000
470,scouts,12,4.5970,3.0973,3.0000
470,scouts,13,3.0970,4.5973,3.0000
470,scouts,14,1.5970,3.0973,3.0000
470,scouts,15,3.0970,1.5973,3.0000
470,workers,0,-7.8522,7.6157,3.0000
470,workers,1,7.9988,7.9850,3.0000
470,workers,2,5.7310,-5.3184,3.0000
470,workers,3,-3.2144,-3.8525,3.0000
471,general,0,0.0000,0.0000,5.0000
471,nodes,0,-5.6139,-2.3359,3.0000
471,nodes,1,5.6174,-2.3369,3.0000
471,nodes,2,-3.0678,3.0652,3.0000
471,nodes,3,3.0660,3.0664,3.0000
471,scouts,0,-4.1053,-2.3730,3.0000
471,scouts,1,-5.6053,-0.8730,3.0000
471,scouts,2,-7.1053,-2.3730,3.0000
471,scouts,3,-5.6053,-3.8730,3.0000
471,scouts,4,7.1089,-2.3737,3.0000
471,scouts,5,5.6089,-0.8737,3.0000
471,scouts,6,4.1089,-2.3737,3.0000
471,scouts,7,5.6089,-3.8737,3.0000
471,scouts,8,-1.5946,3.0921,3.0000
471,scouts,9,-3.0946,4.5921,3.0000
471,scouts,10,-4.5946,3.0921,3.0000
471,scouts,11,-3.0946,1.5921,3.0000
471,scouts,12,4.5929,3.0932,3.0000
471,scouts,13,3.0929,4.5932,3.0000
471,scouts,14,1.5929,3.0932,3.0000
471,scouts,15,3.0929,1.5932,3.0000
471,workers,0,-7.8642,7.6468,3.0000
471,workers,1,7.9991,7.9877,3.0000
471,workers,2,5.7525,-5.3439,3.0000
471,workers,3,-3.2396,-3.8743,3.0000
472,general,0,0.0000,0.0000,5.0000
472,nodes,0,-5.6152,-2.3301,3.0000
472,nodes,1,5.6187,-2.3312,3.0000
472,nodes,2,-3.0636,3.0611,3.0000
472,nodes,3,3.0619,3.0623,3.0000
472,scouts,0,-4.1067,-2.3673,3.0000
472,scouts,1,-5.6067,-0.8673,3.0000
472,scouts,2,-7.1067,-2.3673,3.0000
472,scouts,3,-5.6067,-3.8673,3.0000
472,scouts,4,7.1102,-2.3680,3.0000
472,scouts,5,5.6102,-0.8680,3.0000
472,scouts,6,4.1102,-2.3680,3.0000
472,scouts,7,5.6102,-3.8680,3.0000
472,scouts,8,-1.5905,3.0879,3.0000
472,scouts,9,-3.0905,4.5879,3.0000
472,scouts,10,-4.5905,3.0879,3.0000
472,scouts,11,-3.0905,1.5879,3.0000
472,scouts,12,4.5888,3.0890,3.0000
472,scouts,13,3.0888,4.5890,3.0000
472,scouts,14,1.5888,3.0890,3.0000
472,scouts,15,3.0888,1.5890,3.0000
472,workers,0,-7.8761,7.6779,3.0000
472,workers,1,7.9992,7.9901,3.0000
472,workers,2,5.7740,-5.3693,3.0000
472,workers,3,-3.2648,-3.8961,3.0000
473,general,0,0.0000,0.0000,5.0000
473,nodes,0,-5.6165,-2.3245,3.0000
473,nodes,1,5.6200,-2.3254,3.0000
473,nodes,2,-3.0595,3.0570,3.0000
473,nodes,3,3.0578,3.0581,3.0000
473,scouts,0,-4.1080,-2.3616,3.0000
473,scouts,1,-5.6080,-0.8616,3.0000
473,scouts,2,-7.1080,-2.3616,3.0000
473,scouts,3,-5.6080,-3.8616,3.0000
473,scouts,4,7.1115,-2.3624,3.0000
473,scouts,5,5.6115,-0.8624,3.0000
473,scouts,6,4.1115,-2.3624,3.0000
473,scouts,7,5.6115,-3.8624,3.0000
473,scouts,8,-1.5864,3.0838,3.0000
473,scouts,9,-3.0864,4.5838,3.0000
473,scouts,10,-4.5864,3.0838,3.0000
473,scouts,11,-3.0864,1.5838,3.0000
473,scouts,12,4.5846,3.0849,3.0000
473,scouts,13,3.0846,4.5849,3.0000
473,scouts,14,1.5846,3.0849,3.0000
473,scouts,15,3.0846,1.5849,3.0000
473,workers,0,-7.8881,7.7091,3.0000
473,workers,1,7.9994,7.9922,3.0000
473,workers,2,5.7956,-5.3948,3.0000
473,workers,3,-3.2900,-3.9180,3.0000
474,general,0,0.0000,0.0000,5.0000
474,nodes,0,-5.6178,-2.3189,3.0000
474,nodes,1,5.6213,-2.3197,3.0000
474,nodes,2,-3.0554,3.0529,3.0000
474,nodes,3,3.0537,3.0539,3.0000
474,scouts,0,-4.1093,-2.3559,3.0000
474,scouts,1,-5.6093,-0.8559,3.0000
474,scouts,2,-7.1093,-2.3559,3.0000
474,scouts,3,-5.6093,-3.8559,3.0000
474,scouts,4,7.1128,-2.3567,3.0000
474,scouts,5,5.6128,-0.8567,3.0000
474,scouts,6,4.1128,-2.3567,3.0000
474,scouts,7,5.6128,-3.8567,3.0000
474,scouts,8,-1.5822,3.0797,3.0000
474,scouts,9,-3.0822,4.5797,3.0000
474,scouts,10,-4.5822,3.0797,3.0000
474,scouts,11,-3.0822,1.5797,3.0000
474,scouts,12,4.5805,3.0808,3.0000
474,scouts,13,3.0805,4.5808,3.0000
474,scouts,14,1.5805,3.0808,3.0000
474,scouts,15,3.0805,1.5808,3.0000
474,workers,0,-7.9001,7.7402,3.0000
474,workers,1,7.9996,7.9942,3.0000
474,workers,2,5.8171,-5.4202,3.0000
474,workers,3,-3.3152,-3.9398,3.0000
475,general,0,0.0000,0.0000,5.0000
475,nodes,0,-5.6191,-2.3132,3.0000
475,nodes,1,5.6226,-2.3140,3.0000
475,nodes,2,-3.0513,3.0488,3.0000
475,nodes,3,3.0496,3.0498,3.0000
475,scouts,0,-4.1106,-2.3502,3.0000
475,scouts,1,-5.6106,-0.8502,3.0000
475,scouts,2,-7.1106,-2.3502,3.0000
475,scouts,3,-5.6106,-3.8502,3.0000
475,scouts,4,7.1141,-2.3510,3.0000
475,scouts,5,5.6141,-0.8510,3.0000
475,scouts,6,4.1141,-2.3510,3.0000
475,scouts,7,5.6141,-3.8510,3.0000
475,scouts,8,-1.5781,3.0756,3.0000
475,scouts,9,-3.0781,4.5756,3.0000
475,scouts,10,-4.5781,3.0756,3.0000
475,scouts,11,-3.0781,1.5756,3.0000
475,scouts,12,4.5764,3.0767,3.0000
475,scouts,13,3.0764,4.5767,3.0000
475,scouts,14,1.5764,3.0767,3.0000
475,scouts,15,3.0764,1.5767,3.0000
475,workers,0,-7.9108,7.7682,3.0000
475,workers,1,7.9997,7.9959,3.0000
475,workers,2,5.8386,-5.4457,3.0000
475,workers,3,-3.3403,-3.9616,3.0000
476,general,0,0.0000,0.0000,5.0000
476,nodes,0,-5.6205,-2.3075,3.0000
476,nodes,1,5.6238,-2.3084,3.0000
476,nodes,2,-3.0471,3.0447,3.0000
476,nodes,3,3.0455,3.0457,3.0000
476,scouts,0,-4.1119,-2.3445,3.0000
476,scouts,1,-5.6119,-0.8445,3.0000
476,scouts,2,-7.1119,-2.3445,3.0000
476,scouts,3,-5.6119,-3.8445,3.0000
476,scouts,4,7.1154,-2.3453,3.0000
476,scouts,5,5.6154,-0.8453,3.0000
476,scouts,6,4.1154,-2.3453,3.0000
476,scouts,7,5.6154,-3.8453,3.0000
476,scouts,8,-1.5740,3.0715,3.0000
476,scouts,9,-3.0740,4.5715,3.0000
476,scouts,10,-4.5740,3.0715,3.0000
476,scouts,11,-3.0740,1.5715,3.0000
476,scouts,12,4.5723,3.0725,3.0000
476,scouts,13,3.0723,4.5725,3.0000
476,scouts,14,1.5723,3.0725,3.0000
476,scouts,15,3.0723,1.5725,3.0000
476,workers,0,-7.9205,7.7934,3.0000
476,workers,1,7.9998,7.9975,3.0000
476,workers,2,5.8602,-5.4711,3.0000
476,workers,3,-3.3655,-3.9835,3.0000
477,general,0,0.0000,0.0000,5.0000
477,nodes,0,-5.6217,-2.3018,3.0000
477,nodes,1,5.6251,-2.3028,3.0000
477,nodes,2,-3.0430,3.0406,3.0000
477,nodes,3,3.0414,3.0415,3.0000
477,scouts,0,-4.1132,-2.3388,3.0000
477,scouts,1,-5.6132,-0.8388,3.0000
477,scouts,2,-7.1132,-2.3388,3.0000
477,scouts,3,-5.6132,-3.8388,3.0000
477,scouts,4,7.1167,-2.3396,3.0000
477,scouts,5,5.6167,-0.8396,3.0000
477,scouts,6,4.1167,-2.3396,3.0000
477,scouts,7,5.6167,-3.8396,3.0000
477,scouts,8,-1.5698,3.0673,3.0000
477,scouts,9,-3.0698,4.5673,3.0000
477,scouts,10,-4.5698,3.0673,3.0000
477,scouts,11,-3.0698,1.5673,3.0000
477,scouts,12,4.5681,3.0684,3.0000
477,scouts,13,3.0681,4.5684,3.0000
477,scouts,14,1.5681,3.0684,3.0000
477,scouts,15,3.0681,1.5684,3.0000
477,workers,0,-7.9292,7.8160,3.0000
477,workers,1,7.9999,7.9989,3.0000
477,workers,2,5.8817,-5.4966,3.0000
477,workers,3,-3.3907,-4.0053,3.0000
478,general,0,0.0000,0.0000,5.0000
478,nodes,0,-5.6231,-2.2961,3.0000
478,nodes,1,5.6265,-2.2971,3.0000
478,nodes,2,-3.0389,3.0365,3.0000
478,nodes,3,3.0373,3.0374,3.0000
478,scouts,0,-4.1145,-2.3331,3.0000
478,scouts,1,-5.6145,-0.8331,3.0000
478,scouts,2,-7.1145,-2.3331,3.0000
478,scouts,3,-5.6145,-3.8331,3.0000
478,scouts,4,7.1180,-2.3340,3.0000
478,scouts,5,5.6180,-0.8340,3.0000
478,scouts,6,4.1180,-2.3340,3.0000
478,scouts,7,5.6180,-3.8340,3.0000
478,scouts,8,-1.5657,3.0632,3.0000
478,scouts,9,-3.0657,4.5632,3.0000
478,scouts,10,-4.5657,3.0632,3.0000
478,scouts,11,-3.0657,1.5632,3.0000
478,scouts,12,4.5640,3.0643,3.0000
478,scouts,13,3.0640,4.5643,3.0000
478,scouts,14,1.5640,3.0643,3.0000
478,scouts,15,3.0640,1.5643,3.0000
478,workers,0,-7.9371,7.8365,3.0000
478,workers,1,8.0000,8.0001,3.0000
478,workers,2,5.9032,-5.5220,3.0000
478,workers,3,-3.4159,-4.0271,3.0000
479,general,0,0.0000,0.0000,5.0000
479,nodes,0,-5.6244,-2.2905,3.0000
479,nodes,1,5.6277,-2.2914,3.0000
479,nodes,2,-3.0348,3.0324,3.0000
479,nodes,3,3.0332,3.0333,3.0000
479,scouts,0,-4.1158,-2.3274,3.0000
479,scouts,1,-5.6158,-0.8274,3.0000
479,scouts,2,-7.1158,-2.3274,3.0000
479,scouts,3,-5.6158,-3.8274,3.0000
479,scouts,4,7.1193,-2.3283,3.0000
479,scouts,5,5.6193,-0.8283,3.0000
479,scouts,6,4.1193,-2.3283,3.0000
479,scouts,7,5.6193,-3.8283,3.0000
479,scouts,8,-1.5616,3.0591,3.0000
479,scouts,9,-3.0616,4.5591,3.0000
479,scouts,10,-4.5616,3.0591,3.0000
479,scouts,11,-3.0616,1.5591,3.0000
479,scouts,12,4.5599,3.0601,3.0000
479,scouts,13,3.0599,4.5601,3.0000
479,scouts,14,1.5599,3.0601,3.0000
479,scouts,15,3.0599,1.5601,3.0000
479,workers,0,-7.9442,7.8548,3.0000
479,workers,1,8.0001,8.0013,3.0000
479,workers,2,5.9248,-5.5475,3.0000
479,workers,3,-3.4411,-4.0490,3.0000
480,general,0,0.0000,0.0000,5.0000
480,nodes,0,-5.6257,-2.2847,3.0000
480,nodes,1,5.6290,-2.2857,3.0000
480,nodes,2,-3.0307,3.0283,3.0000
480,nodes,3,3.0290,3.0291,3.0000
480,scouts,0,-4.1172,-2.3218,3.0000
480,scouts,1,-5.6172,-0.8218,3.0000
480,scouts,2,-7.1172,-2.3218,3.0000
480,scouts,3,-5.6172,-3.8218,3.0000
480,scouts,4,7.1206,-2.3226,3.0000
480,scouts,5,5.6206,-0.8226,3.0000
480,scouts,6,4.1206,-2.3226,3.0000
480,scouts,7,5.6206,-3.8226,3.0000
480,scouts,8,-1.5575,3.0550,3.0000
480,scouts,9,-3.0575,4.5550,3.0000
480,scouts,10,-4.5575,3.0550,3.0000
480,scouts,11,-3.0575,1.5550,3.0000
480,scouts,12,4.5558,3.0560,3.0000
480,scouts,13,3.0558,4.5560,3.0000
480,scouts,14,1.5558,3.0560,3.0000
480,scouts,15,3.0558,1.5560,3.0000
480,workers,0,-7.9505,7.8714,3.0000
480,workers,1,8.0002,8.0023,3.0000
480,workers,2,5.9463,-5.5729,3.0000
480,workers,3,-3.4663,-4.0708,3.0000
481,general,0,0.0000,0.0000,5.0000
481,nodes,0,-5.6269,-2.2791,3.0000
481,nodes,1,5.6304,-2.2800,3.0000
481,nodes,2,-3.0266,3.0241,3.0000
481,nodes,3,3.0248,3.0250,3.0000
481,scouts,0,-4.1185,-2.3161,3.0000
481,scouts,1,-5.6185,-0.8161,3.0000
481,scouts,2,-7.1185,-2.3161,3.0000
481,scouts,3,-5.6185,-3.8161,3.0000
481,scouts,4,7.1219,-2.3169,3.0000
481,scouts,5,5.6219,-0.8169,3.0000
481,scouts,6,4.1219,-2.3169,3.0000
481,scouts,7,5.6219,-3.8169,3.0000
481,scouts,8,-1.5534,3.0509,3.0000
481,scouts,9,-3.0534,4.5509,3.0000
481,scouts,10,-4.5534,3.0509,3.0000
481,scouts,11,-3.0534,1.5509,3.0000
481,scouts,12,4.5517,3.0519,3.0000
481,scouts,13,3.0517,4.5519,3.0000
481,scouts,14,1.5517,3.0519,3.0000
481,scouts,15,3.0517,1.5519,3.0000
481,workers,0,-7.9562,7.8862,3.0000
481,workers,1,8.0002,8.0032,3.0000
481,workers,2,5.9678,-5.5983,3.0000
481,workers,3,-3.4915,-4.0926,3.0000
482,general,0,0.0000,0.0000,5.0000
482,nodes,0,-5.6282,-2.2734,3.0000
482,nodes,1,5.6316,-2.2743,3.0000
482,nodes,2,-3.0224,3.0200,3.0000
482,nodes,3,3.0207,3.0209,3.0000
482,scouts,0,-4.1198,-2.3104,3.0000
482,scouts,1,-5.6198,-0.8104,3.0000
482,scouts,2,-7.1198,-2.3104,3.0000
482,scouts,3,-5.6198,-3.8104,3.0000
482,scouts,4,7.1232,-2.3112,3.0000
482,scouts,5,5.6232,-0.8112,3.0000
482,scouts,6,4.1232,-2.3112,3.0000
482,scouts,7,5.6232,-3.8112,3.0000
482,scouts,8,-1.5492,3.0468,3.0000
482,scouts,9,-3.0492,4.5468,3.0000
482,scouts,10,-4.5492,3.0468,3.0000
482,scouts,11,-3.0492,1.5468,3.0000
482,scouts,12,4.5475,3.0477,3.0000
482,scouts,13,3.0475,4.5477,3.0000
482,scouts,14,1.5475,3.0477,3.0000
482,scouts,15,3.0475,1.5477,3.0000
482,workers,0,-7.9614,7.8996,3.0000
482,workers,1,8.0003,8.0041,3.0000
482,workers,2,5.9894,-5.6238,3.0000
482,workers,3,-3.5167,-4.1144,3.0000
483,general,0,0.0000,0.0000,5.0000
483,nodes,0,-5.6296,-2.2677,3.0000
483,nodes,1,5.6329,-2.2685,3.0000
483,nodes,2,-3.0183,3.0158,3.0000
483,nodes,3,3.0166,3.0167,3.0000
483,scouts,0,-4.1211,-2.3047,3.0000
483,scouts,1,-5.6211,-0.8047,3.0000
483,scouts,2,-7.1211,-2.3047,3.0000
483,scouts,3,-5.6211,-3.8047,3.0000
483,scouts,4,7.1245,-2.3055,3.0000
483,scouts,5,5.6245,-0.8055,3.0000
483,scouts,6,4.1245,-2.3055,3.0000
483,scouts,7,5.6245,-3.8055,3.0000
483,scouts,8,-1.5451,3.0426,3.0000
483,scouts,9,-3.0451,4.5426,3.0000
483,scouts,10,-4.5451,3.0426,3.0000
483,scouts,11,-3.0451,1.5426,3.0000
483,scouts,12,4.5434,3.0436,3.0000
483,scouts,13,3.0434,4.5436,3.0000
483,scouts,14,1.5434,3.0436,3.0000
483,scouts,15,3.0434,1.5436,3.0000
483,workers,0,-7.9660,7.9117,3.0000
483,workers,1,8.0004,8.0048,3.0000
483,workers,2,6.0109,-5.6492,3.0000
483,workers,3,-3.5419,-4.1363,3.0000
484,general,0,0.0000,0.0000,5.0000
484,nodes,0,-5.6309,-2.2620,3.0000
484,nodes,1,5.6341,-2.2628,3.0000
484,nodes,2,-3.0142,3.0117,3.0000
484,nodes,3,3.0125,3.0126,3.0000
484,scouts,0,-4.1224,-2.2990,3.0000
484,scouts,1,-5.6224,-0.7990,3.0000
484,scouts,2,-7.1224,-2.2990,3.0000
484,scouts,3,-5.6224,-3.7990,3.0000
484,scouts,4,7.1258,-2.2998,3.0000
484,scouts,5,5.6258,-0.7998,3.0000
484,scouts,6,4.1258,-2.2998,3.0000
484,scouts,7,5.6258,-3.7998,3.0000
484,scouts,8,-1.5410,3.0385,3.0000
484,scouts,9,-3.0410,4.5385,3.0000
484,scouts,10,-4.5410,3.0385,3.0000
484,scouts,11,-3.0410,1.5385,3.0000
484,scouts,12,4.5393,3.0395,3.0000
484,scouts,13,3.0393,4.5395,3.0000
484,scouts,14,1.5393,3.0395,3.0000
484,scouts,15,3.0393,1.5395,3.0000
484,workers,0,-7.9702,7.9225,3.0000
484,workers,1,8.0004,8.0055,3.0000
484,workers,2,6.0324,-5.6747,3.0000
484,workers,3,-3.5671,-4.1581,3.0000
485,general,0,0.0000,0.0000,5.0000
485,nodes,0,-5.6322,-2.2563,3.0000
485,nodes,1,5.6354,-2.2571,3.0000
485,nodes,2,-3.0100,3.0076,3.0000
485,nodes,3,3.0084,3.0085,3.0000
485,scouts,0,-4.1237,-2.2933,3.0000
485,scouts,1,-5.6237,-0.7933,3.0000
485,scouts,2,-7.1237,-2.2933,3.0000
485,scouts,3,-5.6237,-3.7933,3.0000
485,scouts,4,7.1270,-2.2941,3.0000
485,scouts,5,5.6270,-0.7941,3.0000
485,scouts,6,4.1270,-2.2941,3.0000
485,scouts,7,5.6270,-3.7941,3.0000
485,scouts,8,-1.5369,3.0344,3.0000
485,scouts,9,-3.0369,4.5344,3.0000
485,scouts,10,-4.5369,3.0344,3.0000
485,scouts,11,-3.0369,1.5344,3.0000
485,scouts,12,4.5352,3.0353,3.0000
485,scouts,13,3.0352,4.5353,3.0000
485,scouts,14,1.5352,3.0353,3.0000
485,scouts,15,3.0352,1.5353,3.0000
485,workers,0,-7.9740,7.9323,3.0000
485,workers,1,8.0005,8.0061,3.0000
485,workers,2,6.0540,-5.7001,3.0000
485,workers,3,-3.5922,-4.1799,3.0000
486,general,0,0.0000,0.0000,5.0000
486,nodes,0,-5.6335,-2.2506,3.0000
486,nodes,1,5.6366,-2.2515,3.0000
486,nodes,2,-3.0059,3.0034,3.0000
486,nodes,3,3.0043,3.0043,3.0000
486,scouts,0,-4.1250,-2.2876,3.0000
486,scouts,1,-5.6250,-0.7876,3.0000
486,scouts,2,-7.1250,-2.2876,3.0000
486,scouts,3,-5.6250,-3.7876,3.0000
486,scouts,4,7.1283,-2.2885,3.0000
486,scouts,5,5.6283,-0.7885,3.0000
486,scouts,6,4.1283,-2.2885,3.0000
486,scouts,7,5.6283,-3.7885,3.0000
486,scouts,8,-1.5327,3.0303,3.0000
486,scouts,9,-3.0327,4.5303,3.0000
486,scouts,10,-4.5327,3.0303,3.0000
486,scouts,11,-3.0327,1.5303,3.0000
486,scouts,12,4.5311,3.0312,3.0000
486,scouts,13,3.0311,4.5312,3.0000
486,scouts,14,1.5311,3.0312,3.0000
486,scouts,15,3.0311,1.5312,3.0000
486,workers,0,-7.9773,7.9411,3.0000
486,workers,1,8.0005,8.0066,3.0000
486,workers,2,6.0755,-5.7256,3.0000
486,workers,3,-3.6174,-4.2018,3.0000
487,general,0,0.0000,0.0000,5.0000
487,nodes,0,-5.6349,-2.2449,3.0000
487,nodes,1,5.6379,-2.2458,3.0000
487,nodes,2,-3.0018,2.9993,3.0000
487,nodes,3,3.0001,3.0002,3.0000
487,scouts,0,-4.1263,-2.2819,3.0000
487,scouts,1,-5.6263,-0.7819,3.0000
487,scouts,2,-7.1263,-2.2819,3.0000
487,scouts,3,-5.6263,-3.7819,3.0000
487,scouts,4,7.1296,-2.2828,3.0000
487,scouts,5,5.6296,-0.7828,3.0000
487,scouts,6,4.1296,-2.2828,3.0000
487,scouts,7,5.6296,-3.7828,3.0000
487,scouts,8,-1.5286,3.0261,3.0000
487,scouts,9,-3.0286,4.5261,3.0000
487,scouts,10,-4.5286,3.0261,3.0000
487,scouts,11,-3.0286,1.5261,3.0000
487,scouts,12,4.5269,3.0271,3.0000
487,scouts,13,3.0269,4.5271,3.0000
487,scouts,14,1.5269,3.0271,3.0000
487,scouts,15,3.0269,1.5271,3.0000
487,workers,0,-7.9804,7.9490,3.0000
487,workers,1,8.0005,8.0071,3.0000
487,workers,2,6.0970,-5.7510,3.0000
487,workers,3,-3.6426,-4.2236,3.0000
488,general,0,0.0000,0.0000,5.0000
488,nodes,0,-5.6363,-2.2392,3.0000
488,nodes,1,5.6393,-2.2401,3.0000
488,nodes,2,-2.9977,2.9952,3.0000
488,nodes,3,2.9960,2.9960,3.0000
488,scouts,0,-4.1276,-2.2762,3.0000
488,scouts,1,-5.6276,-0.7762,3.0000
488,scouts,2,-7.1276,-2.2762,3.0000
488,scouts,3,-5.6276,-3.7762,3.0000
488,scouts,4,7.1309,-2.2771,3.0000
488,scouts,5,5.6309,-0.7771,3.0000
488,scouts,6,4.1309,-2.2771,3.0000
488,scouts,7,5.6309,-3.7771,3.0000
488,scouts,8,-1.5245,3.0220,3.0000
488,scouts,9,-3.0245,4.5220,3.0000
488,scouts,10,-4.5245,3.0220,3.0000
488,scouts,11,-3.0245,1.5220,3.0000
488,scouts,12,4.5228,3.0229,3.0000
488,scouts,13,3.0228,4.5229,3.0000
488,scouts,14,1.5228,3.0229,3.0000
488,scouts,15,3.0228,1.5229,3.0000
488,workers,0,-7.9831,7.9561,3.0000
488,workers,1,8.0006,8.0076,3.0000
488,workers,2,6.1186,-5.7765,3.0000
488,workers,3,-3.6678,-4.2454,3.0000
489,general,0,0.0000,0.0000,5.0000
489,nodes,0,-5.6376,-2.2335,3.0000
489,nodes,1,5.6406,-2.2344,3.0000
489,nodes,2,-2.9936,2.9912,3.0000
489,nodes,3,2.9919,2.9919,3.0000
489,scouts,0,-4.1290,-2.2705,3.0000
489,scouts,1,-5.6290,-0.7705,3.0000
489,scouts,2,-7.1290,-2.2705,3.0000
489,scouts,3,-5.6290,-3.7705,3.0000
489,scouts,4,7.1322,-2.2714,3.0000
489,scouts,5,5.6322,-0.7714,3.0000
489,scouts,6,4.1322,-2.2714,3.0000
489,scouts,7,5.6322,-3.7714,3.0000
489,scouts,8,-1.5204,3.0179,3.0000
489,scouts,9,-3.0204,4.5179,3.0000
489,scouts,10,-4.5204,3.0179,3.0000
489,scouts,11,-3.0204,1.5179,3.0000
489,scouts,12,4.5187,3.0188,3.0000
489,scouts,13,3.0187,4.5188,3.0000
489,scouts,14,1.5187,3.0188,3.0000
489,scouts,15,3.0187,1.5188,3.0000
489,workers,0,-7.9856,7.9625,3.0000
489,workers,1,8.0006,8.0080,3.0000
489,workers,2,6.1401,-5.8019,3.0000
489,workers,3,-3.6930,-4.2673,3.0000
490,general,0,0.0000,0.0000,5.0000
490,nodes,0,-5.6389,-2.2278,3.0000
490,nodes,1,5.6420,-2.2287,3.0000
490,nodes,2,-2.9896,2.9871,3.0000
490,nodes,3,2.9878,2.9878,3.0000
490,scouts,0,-4.1303,-2.2648,3.0000
490,scouts,1,-5.6303,-0.7648,3.0000
490,scouts,2,-7.1303,-2.2648,3.0000
490,scouts,3,-5.6303,-3.7648,3.0000
490,scouts,4,7.1335,-2.2657,3.0000
490,scouts,5,5.6335,-0.7657,3.0000
490,scouts,6,4.1335,-2.2657,3.0000
490,scouts,7,5.6335,-3.7657,3.0000
490,scouts,8,-1.5163,3.0138,3.0000
490,scouts,9,-3.0163,4.5138,3.0000
490,scouts,10,-4.5163,3.0138,3.0000
490,scouts,11,-3.0163,1.5138,3.0000
490,scouts,12,4.5146,3.0147,3.0000
490,scouts,13,3.0146,4.5147,3.0000
490,scouts,14,1.5146,3.0147,3.0000
490,scouts,15,3.0146,1.5147,3.0000
490,workers,0,-7.9878,7.9683,3.0000
490,workers,1,8.0006,8.0083,3.0000
490,workers,2,6.1616,-5.8274,3.0000
490,workers,3,-3.7182,-4.2891,3.0000
491,general,0,0.0000,0.0000,5.0000
491,nodes,0,-5.6401,-2.2221,3.0000
491,nodes,1,5.6433,-2.2230,3.0000
491,nodes,2,-2.9855,2.9830,3.0000
491,nodes,3,2.9837,2.9837,3.0000
491,scouts,0,-4.1316,-2.2591,3.0000
491,scouts,1,-5.6316,-0.7591,3.0000
491,scouts,2,-7.1316,-2.2591,3.0000
491,scouts,3,-5.6316,-3.7591,3.0000
491,scouts,4,7.1348,-2.2600,3.0000
491,scouts,5,5.6348,-0.7600,3.0000
491,scouts,6,4.1348,-2.2600,3.0000
491,scouts,7,5.6348,-3.7600,3.0000
491,scouts,8,-1.5122,3.0097,3.0000
491,scouts,9,-3.0122,4.5097,3.0000
491,scouts,10,-4.5122,3.0097,3.0000
491,scouts,11,-3.0122,1.5097,3.0000
491,scouts,12,4.5105,3.0105,3.0000
491,scouts,13,3.0105,4.5105,3.0000
491,scouts,14,1.5105,3.0105,3.0000
491,scouts,15,3.0105,1.5105,3.0000
491,workers,0,-7.9898,7.9735,3.0000
491,workers,1,8.0007,8.0087,3.0000
491,workers,2,6.1831,-5.8528,3.0000
491,workers,3,-3.7434,-4.3109,3.0000
492,general,0,0.0000,0.0000,5.0000
492,nodes,0,-5.6415,-2.2165,3.0000
492,nodes,1,5.6447,-2.2172,3.0000
492,nodes,2,-2.9814,2.9788,3.0000
492,nodes,3,2.9796,2.9796,3.0000
492,scouts,0,-4.1329,-2.2535,3.0000
492,scouts,1,-5.6329,-0.7535,3.0000
492,scouts,2,-7.1329,-2.2535,3.0000
492,scouts,3,-5.6329,-3.7535,3.0000
492,scouts,4,7.1361,-2.2543,3.0000
492,scouts,5,5.6361,-0.7543,3.0000
492,scouts,6,4.1361,-2.2543,3.0000
492,scouts,7,5.6361,-3.7543,3.0000
492,scouts,8,-1.5081,3.0056,3.0000
492,scouts,9,-3.0081,4.5056,3.0000
492,scouts,10,-4.5081,3.0056,3.0000
492,scouts,11,-3.0081,1.5056,3.0000
492,scouts,12,4.5063,3.0064,3.0000
492,scouts,13,3.0063,4.5064,3.0000
492,scouts,14,1.5063,3.0064,3.0000
492,scouts,15,3.0063,1.5064,3.0000
492,workers,0,-7.9916,7.9781,3.0000
492,workers,1,8.0007,8.0089,3.0000
492,workers,2,6.2047,-5.8783,3.0000
492,workers,3,-3.7686,-4.3328,3.0000
493,general,0,0.0000,0.0000,5.0000
493,nodes,0,-5.6428,-2.2108,3.0000
493,nodes,1,5.6459,-2.2115,3.0000
493,nodes,2,-2.9772,2.9747,3.0000
493,nodes,3,2.9755,2.9755,3.0000
493,scouts,0,-4.1342,-2.2478,3.0000
493,scouts,1,-5.6342,-0.7478,3.0000
493,scouts,2,-7.1342,-2.2478,3.0000
493,scouts,3,-5.6342,-3.7478,3.0000
493,scouts,4,7.1374,-2.2486,3.0000
493,scouts,5,5.6374,-0.7486,3.0000
493,scouts,6,4.1374,-2.2486,3.0000
493,scouts,7,5.6374,-3.7486,3.0000
493,scouts,8,-1.5039,3.0015,3.0000
493,scouts,9,-3.0039,4.5015,3.0000
493,scouts,10,-4.5039,3.0015,3.0000
493,scouts,11,-3.0039,1.5015,3.0000
493,scouts,12,4.5022,3.0023,3.0000
493,scouts,13,3.0022,4.5023,3.0000
493,scouts,14,1.5022,3.0023,3.0000
493,scouts,15,3.0022,1.5023,3.0000
493,workers,0,-7.9932,7.9823,3.0000
493,workers,1,8.0007,8.0092,3.0000
493,workers,2,6.2262,-5.9037,3.0000
493,workers,3,-3.7938,-4.3546,3.0000
494,general,0,0.0000,0.0000,5.0000
494,nodes,0,-5.6441,-2.2051,3.0000
494,nodes,1,5.6473,-2.2059,3.0000
494,nodes,2,-2.9731,2.9706,3.0000
494,nodes,3,2.9714,2.9713,3.0000
494,scouts,0,-4.1355,-2.2421,3.0000
494,scouts,1,-5.6355,-0.7421,3.0000
494,scouts,2,-7.1355,-2.2421,3.0000
494,scouts,3,-5.6355,-3.7421,3.0000
494,scouts,4,7.1387,-2.2429,3.0000
494,scouts,5,5.6387,-0.7429,3.0000
494,scouts,6,4.1387,-2.2429,3.0000
494,scouts,7,5.6387,-3.7429,3.0000
494,scouts,8,-1.4998,2.9973,3.0000
494,scouts,9,-2.9998,4.4973,3.0000
494,scouts,10,-4.4998,2.9973,3.0000
494,scouts,11,-2.9998,1.4973,3.0000
494,scouts,12,4.4981,2.9982,3.0000
494,scouts,13,2.9981,4.4982,3.0000
494,scouts,14,1.4981,2.9982,3.0000
494,scouts,15,2.9981,1.4982,3.0000
494,workers,0,-7.9947,7.9861,3.0000
494,workers,1,8.0007,8.0094,3.0000
494,workers,2,6.2477,-5.9291,3.0000
494,workers,3,-3.8189,-4.3764,3.0000
495,general,0,0.0000,0.0000,5.0000
495,nodes,0,-5.6453,-2.1993,3.0000
495,nodes,1,5.6485,-2.2003,3.0000
495,nodes,2,-2.9690,2.9665,3.0000
495,nodes,3,2.9672,2.9671,3.0000
495,scouts,0,-4.1369,-2.2364,3.0000
495,scouts,1,-5.6369,-0.7364,3.0000
495,scouts,2,-7.1369,-2.2364,3.0000
495,scouts,3,-5.6369,-3.7364,3.0000
495,scouts,4,7.1400,-2.2372,3.0000
495,scouts,5,5.6400,-0.7372,3.0000
495,scouts,6,4.1400,-2.2372,3.0000
495,scouts,7,5.6400,-3.7372,3.0000
495,scouts,8,-1.4957,2.9932,3.0000
495,scouts,9,-2.9957,4.4932,3.0000
495,scouts,10,-4.4957,2.9932,3.0000
495,scouts,11,-2.9957,1.4932,3.0000
495,scouts,12,4.4940,2.9940,3.0000
495,scouts,13,2.9940,4.4940,3.0000
495,scouts,14,1.4940,2.9940,3.0000
495,scouts,15,2.9940,1.4940,3.0000
495,workers,0,-7.9960,7.9895,3.0000
495,workers,1,8.0007,8.0097,3.0000
495,workers,2,6.2693,-5.9546,3.0000
495,workers,3,-3.8441,-4.3983,3.0000
496,general,0,0.0000,0.0000,5.0000
496,nodes,0,-5.6467,-2.1936,3.0000
496,nodes,1,5.6499,-2.1946,3.0000
496,nodes,2,-2.9648,2.9623,3.0000
496,nodes,3,2.9630,2.9630,3.0000
496,scouts,0,-4.1382,-2.2307,3.0000
496,scouts,1,-5.6382,-0.7307,3.0000
496,scouts,2,-7.1382,-2.2307,3.0000
496,scouts,3,-5.6382,-3.7307,3.0000
496,scouts,4,7.1414,-2.2315,3.0000
496,scouts,5,5.6414,-0.7315,3.0000
496,scouts,6,4.1414,-2.2315,3.0000
496,scouts,7,5.6414,-3.7315,3.0000
496,scouts,8,-1.4916,2.9891,3.0000
496,scouts,9,-2.9916,4.4891,3.0000
496,scouts,10,-4.4916,2.9891,3.0000
496,scouts,11,-2.9916,1.4891,3.0000
496,scouts,12,4.4899,2.9899,3.0000
496,scouts,13,2.9899,4.4899,3.0000
496,scouts,14,1.4899,2.9899,3.0000
496,scouts,15,2.9899,1.4899,3.0000
496,workers,0,-7.9972,7.9926,3.0000
496,workers,1,8.0008,8.0098,3.0000
496,workers,2,6.2908,-5.9800,3.0000
496,workers,3,-3.8693,-4.4201,3.0000
497,general,0,0.0000,0.0000,5.0000
497,nodes,0,-5.6480,-2.1879,3.0000
497,nodes,1,5.6512,-2.1890,3.0000
497,nodes,2,-2.9607,2.9582,3.0000
497,nodes,3,2.9588,2.9588,3.0000
497,scouts,0,-4.1395,-2.2250,3.0000
497,scouts,1,-5.6395,-0.7250,3.0000
497,scouts,2,-7.1395,-2.2250,3.0000
497,scouts,3,-5.6395,-3.7250,3.0000
497,scouts,4,7.1427,-2.2259,3.0000
497,scouts,5,5.6427,-0.7259,3.0000
497,scouts,6,4.1427,-2.2259,3.0000
497,scouts,7,5.6427,-3.7259,3.0000
497,scouts,8,-1.4875,2.9850,3.0000
497,scouts,9,-2.9875,4.4850,3.0000
497,scouts,10,-4.4875,2.9850,3.0000
497,scouts,11,-2.9875,1.4850,3.0000
497,scouts,12,4.4857,2.9857,3.0000
497,scouts,13,2.9857,4.4857,3.0000
497,scouts,14,1.4857,2.9857,3.0000
497,scouts,15,2.9857,1.4857,3.0000
497,workers,0,-7.9982,7.9954,3.0000
497,workers,1,8.0008,8.0100,3.0000
497,workers,2,6.3123,-6.0055,3.0000
497,workers,3,-3.8945,-4.4419,3.0000
498,general,0,0.0000,0.0000,5.0000
498,nodes,0,-5.6493,-2.1822,3.0000
498,nodes,1,5.6525,-2.1833,3.0000
498,nodes,2,-2.9566,2.9541,3.0000
498,nodes,3,2.9547,2.9547,3.0000
498,scouts,0,-4.1408,-2.2193,3.0000
498,scouts,1,-5.6408,-0.7193,3.0000
498,scouts,2,-7.1408,-2.2193,3.0000
498,scouts,3,-5.6408,-3.7193,3.0000
498,scouts,4,7.1440,-2.2202,3.0000
498,scouts,5,5.6440,-0.7202,3.0000
498,scouts,6,4.1440,-2.2202,3.0000
498,scouts,7,5.6440,-3.7202,3.0000
498,scouts,8,-1.4834,2.9809,3.0000
498,scouts,9,-2.9834,4.4809,3.0000
498,scouts,10,-4.4834,2.9809,3.0000
498,scouts,11,-2.9834,1.4809,3.0000
498,scouts,12,4.4816,2.9816,3.0000
498,scouts,13,2.9816,4.4816,3.0000
498,scouts,14,1.4816,2.9816,3.0000
498,scouts,15,2.9816,1.4816,3.0000
498,workers,0,-7.9992,7.9978,3.0000
498,workers,1,8.0008,8.0102,3.0000
498,workers,2,6.3339,-6.0309,3.0000
498,workers,3,-3.9197,-4.4637,3.0000
499,general,0,0.0000,0.0000,5.0000
499,nodes,0,-5.6506,-2.1764,3.0000
499,nodes,1,5.6538,-2.1776,3.0000
499,nodes,2,-2.9525,2.9500,3.0000
499,nodes,3,2.9506,2.9506,3.0000
499,scouts,0,-4.1421,-2.2135,3.0000
499,scouts,1,-5.6421,-0.7135,3.0000
499,scouts,2,-7.1421,-2.2135,3.0000
499,scouts,3,-5.6421,-3.7135,3.0000
499,scouts,4,7.1453,-2.2145,3.0000
499,scouts,5,5.6453,-0.7145,3.0000
499,scouts,6,4.1453,-2.2145,3.0000
499,scouts,7,5.6453,-3.7145,3.0000
499,scouts,8,-1.4793,2.9768,3.0000
499,scouts,9,-2.9793,4.4768,3.0000
499,scouts,10,-4.4793,2.9768,3.0000
499,scouts,11,-2.9793,1.4768,3.0000
499,scouts,12,4.4775,2.9775,3.0000
499,scouts,13,2.9775,4.4775,3.0000
499,scouts,14,1.4775,2.9775,3.0000
499,scouts,15,2.9775,1.4775,3.0000
499,workers,0,-8.0000,8.0001,3.0000
499,workers,1,8.0008,8.0103,3.0000
499,workers,2,6.3554,-6.0564,3.0000
499,workers,3,-3.9449,-4.4856,3.0000
500,general,0,0.0000,0.0000,5.0000
500,nodes,0,-5.6519,-2.1707,3.0000
500,nodes,1,5.6551,-2.1719,3.0000
500,nodes,2,-2.9484,2.9459,3.0000
500,nodes,3,2.9464,2.9464,3.0000
500,scouts,0,-4.1434,-2.2078,3.0000
500,scouts,1,-5.6434,-0.7078,3.0000
500,scouts,2,-7.1434,-2.2078,3.0000
500,scouts,3,-5.6434,-3.7078,3.0000
500,scouts,4,7.1466,-2.2088,3.0000
500,scouts,5,5.6466,-0.7088,3.0000
500,scouts,6,4.1466,-2.2088,3.0000
500,scouts,7,5.6466,-3.7088,3.0000
500,scouts,8,-1.4752,2.9727,3.0000
500,scouts,9,-2.9752,4.4727,3.0000
500,scouts,10,-4.4752,2.9727,3.0000
500,scouts,11,-2.9752,1.4727,3.0000
500,scouts,12,4.4733,2.9733,3.0000
500,scouts,13,2.9733,4.4733,3.0000
500,scouts,14,1.4733,2.9733,3.0000
500,scouts,15,2.9733,1.4733,3.0000
500,workers,0,-8.0008,8.0021,3.0000
500,workers,1,8.0008,8.0104,3.0000
500,workers,2,6.3769,-6.0818,3.0000
500,workers,3,-3.9701,-4.5074,3.0000
501,general,0,0.0000,0.0000,5.0000
501,nodes,0,-5.6532,-2.1650,3.0000
501,nodes,1,5.6564,-2.1662,3.0000
501,nodes,2,-2.9444,2.9419,3.0000
501,nodes,3,2.9423,2.9423,3.0000
501,scouts,0,-4.1447,-2.2021,3.0000
501,scouts,1,-5.6447,-0.7021,3.0000
501,scouts,2,-7.1447,-2.2021,3.0000
501,scouts,3,-5.6447,-3.7021,3.0000
501,scouts,4,7.1479,-2.2031,3.0000
501,scouts,5,5.6479,-0.7031,3.0000
501,scouts,6,4.1479,-2.2031,3.0000
501,scouts,7,5.6479,-3.7031,3.0000
501,scouts,8,-1.4710,2.9686,3.0000
501,scouts,9,-2.9710,4.4686,3.0000
501,scouts,10,-4.4710,2.9686,3.0000
501,scouts,11,-2.9710,1.4686,3.0000
501,scouts,12,4.4692,2.9692,3.0000
501,scouts,13,2.9692,4.4692,3.0000
501,scouts,14,1.4692,2.9692,3.0000
501,scouts,15,2.9692,1.4692,3.0000
501,workers,0,-8.0015,8.0039,3.0000
501,workers,1,8.0008,8.0105,3.0000
501,workers,2,6.3985,-6.1073,3.0000
501,workers,3,-3.9953,-4.5292,3.0000
502,general,0,0.0000,0.0000,5.0000
502,nodes,0,-5.6546,-2.1594,3.0000
502,nodes,1,5.6577,-2.1605,3.0000
502,nodes,2,-2.9403,2.9378,3.0000
502,nodes,3,2.9382,2.9382,3.0000
502,scouts,0,-4.1460,-2.1964,3.0000
502,scouts,1,-5.6460,-0.6964,3.0000
502,scouts,2,-7.1460,-2.1964,3.0000
502,scouts,3,-5.6460,-3.6964,3.0000
502,scouts,4,7.1492,-2.1975,3.0000
502,scouts,5,5.6492,-0.6975,3.0000
502,scouts,6,4.1492,-2.1975,3.0000
502,scouts,7,5.6492,-3.6975,3.0000
502,scouts,8,-1.4669,2.9645,3.0000
502,scouts,9,-2.9669,4.4645,3.0000
502,scouts,10,-4.4669,2.9645,3.0000
502,scouts,11,-2.9669,1.4645,3.0000
502,scouts,12,4.4651,2.9651,3.0000
502,scouts,13,2.9651,4.4651,3.0000
502,scouts,14,1.4651,2.9651,3.0000
502,scouts,15,2.9651,1.4651,3.0000
502,workers,0,-8.0021,8.0055,3.0000
502,workers,1,8.0008,8.0106,3.0000
502,workers,2,6.4200,-6.1327,3.0000
502,workers,3,-4.0205,-4.5511,3.0000
503,general,0,0.0000,0.0000,5.0000
503,nodes,0,-5.6560,-2.1537,3.0000
503,nodes,1,5.6591,-2.1548,3.0000
503,nodes,2,-2.9362,2.9337,3.0000
503,nodes,3,2.9341,2.9341,3.0000
503,scouts,0,-4.1474,-2.1907,3.0000
503,scouts,1,-5.6474,-0.6907,3.0000
503,scouts,2,-7.1474,-2.1907,3.0000
503,scouts,3,-5.6474,-3.6907,3.0000
503,scouts,4,7.1505,-2.1918,3.0000
503,scouts,5,5.6505,-0.6918,3.0000
503,scouts,6,4.1505,-2.1918,3.0000
503,scouts,7,5.6505,-3.6918,3.0000
503,scouts,8,-1.4628,2.9604,3.0000
503,scouts,9,-2.9628,4.4604,3.0000
503,scouts,10,-4.4628,2.9604,3.0000
503,scouts,11,-2.9628,1.4604,3.0000
503,scouts,12,4.4609,2.9609,3.0000
503,scouts,13,2.9609,4.4609,3.0000
503,scouts,14,1.4609,2.9609,3.0000
503,scouts,15,2.9609,1.4609,3.0000
503,workers,0,-8.0027,8.0070,3.0000
503,workers,1,8.0008,8.0107,3.0000
503,workers,2,6.4415,-6.1582,3.0000
503,workers,3,-4.0457,-4.5729,3.0000
504,general,0,0.0000,0.0000,5.0000
504,nodes,0,-5.6573,-2.1481,3.0000
504,nodes,1,5.6604,-2.1490,3.0000
504,nodes,2,-2.9321,2.9295,3.0000
504,nodes,3,2.9299,2.9300,3.0000
504,scouts,0,-4.1487,-2.1850,3.0000
504,scouts,1,-5.6487,-0.6850,3.0000
504,scouts,2,-7.1487,-2.1850,3.0000
504,scouts,3,-5.6487,-3.6850,3.0000
504,scouts,4,7.1518,-2.1861,3.0000
504,scouts,5,5.6518,-0.6861,3.0000
504,scouts,6,4.1518,-2.1861,3.0000
504,scouts,7,5.6518,-3.6861,3.0000
504,scouts,8,-1.4588,2.9562,3.0000
504,scouts,9,-2.9588,4.4562,3.0000
504,scouts,10,-4.4588,2.9562,3.0000
504,scouts,11,-2.9588,1.4562,3.0000
504,scouts,12,4.4568,2.9568,3.0000
504,scouts,13,2.9568,4.4568,3.0000
504,scouts,14,1.4568,2.9568,3.0000
504,scouts,15,2.9568,1.4568,3.0000
504,workers,0,-8.0032,8.0083,3.0000
504,workers,1,8.0008,8.0108,3.0000
504,workers,2,6.4631,-6.1836,3.0000
504,workers,3,-4.0708,-4.5947,3.0000
505,general,0,0.0000,0.0000,5.0000
505,nodes,0,-5.6586,-2.1424,3.0000
505,nodes,1,5.6617,-2.1434,3.0000
505,nodes,2,-2.9281,2.9254,3.0000
505,nodes,3,2.9258,2.9259,3.0000
505,scouts,0,-4.1500,-2.1793,3.0000
505,scouts,1,-5.6500,-0.6793,3.0000
505,scouts,2,-7.1500,-2.1793,3.0000
505,scouts,3,-5.6500,-3.6793,3.0000
505,scouts,4,7.1531,-2.1804,3.0000
505,scouts,5,5.6531,-0.6804,3.0000
505,scouts,6,4.1531,-2.1804,3.0000
505,scouts,7,5.6531,-3.6804,3.0000
505,scouts,8,-1.4547,2.9521,3.0000
505,scouts,9,-2.9547,4.4521,3.0000
505,scouts,10,-4.4547,2.9521,3.0000
505,scouts,11,-2.9547,1.4521,3.0000
505,scouts,12,4.4527,2.9527,3.0000
505,scouts,13,2.9527,4.4527,3.0000
505,scouts,14,1.4527,2.9527,3.0000
505,scouts,15,2.9527,1.4527,3.0000
505,workers,0,-8.0036,8.0095,3.0000
505,workers,1,8.0008,8.0109,3.0000
505,workers,2,6.4846,-6.2091,3.0000
505,workers,3,-4.0960,-4.6166,3.0000
506,general,0,0.0000,0.0000,5.0000
506,nodes,0,-5.6600,-2.1367,3.0000
506,nodes,1,5.6629,-2.1377,3.0000
506,nodes,2,-2.9240,2.9213,3.0000
506,nodes,3,2.9217,2.9217,3.0000
506,scouts,0,-4.1513,-2.1737,3.0000
506,scouts,1,-5.6513,-0.6737,3.0000
506,scouts,2,-7.1513,-2.1737,3.0000
506,scouts,3,-5.6513,-3.6737,3.0000
506,scouts,4,7.1544,-2.1747,3.0000
506,scouts,5,5.6544,-0.6747,3.0000
506,scouts,6,4.1544,-2.1747,3.0000
506,scouts,7,5.6544,-3.6747,3.0000
506,scouts,8,-1.4506,2.9480,3.0000
506,scouts,9,-2.9506,4.4480,3.0000
506,scouts,10,-4.4506,2.9480,3.0000
506,scouts,11,-2.9506,1.4480,3.0000
506,scouts,12,4.4485,2.9486,3.0000
506,scouts,13,2.9485,4.4486,3.0000
506,scouts,14,1.4485,2.9486,3.0000
506,scouts,15,2.9485,1.4486,3.0000
506,workers,0,-8.0041,8.0106,3.0000
506,workers,1,8.0008,8.0110,3.0000
506,workers,2,6.5061,-6.2345,3.0000
506,workers,3,-4.1212,-4.6384,3.0000
507,general,0,0.0000,0.0000,5.0000
507,nodes,0,-5.6612,-2.1310,3.0000
507,nodes,1,5.6642,-2.1320,3.0000
507,nodes,2,-2.9199,2.9171,3.0000
507,nodes,3,2.9177,2.9176,3.0000
507,scouts,0,-4.1527,-2.1680,3.0000
507,scouts,1,-5.6527,-0.6680,3.0000
507,scouts,2,-7.1527,-2.1680,3.0000
507,scouts,3,-5.6527,-3.6680,3.0000
507,scouts,4,7.1557,-2.1690,3.0000
507,scouts,5,5.6557,-0.6690,3.0000
507,scouts,6,4.1557,-2.1690,3.0000
507,scouts,7,5.6557,-3.6690,3.0000
507,scouts,8,-1.4465,2.9439,3.0000
507,scouts,9,-2.9465,4.4439,3.0000
507,scouts,10,-4.4465,2.9439,3.0000
507,scouts,11,-2.9465,1.4439,3.0000
507,scouts,12,4.4444,2.9444,3.0000
507,scouts,13,2.9444,4.4444,3.0000
507,scouts,14,1.4444,2.9444,3.0000
507,scouts,15,2.9444,1.4444,3.0000
507,workers,0,-8.0044,8.0115,3.0000
507,workers,1,8.0008,8.0110,3.0000
507,workers,2,6.5276,-6.2599,3.0000
507,workers,3,-4.1464,-4.6602,3.0000
508,general,0,0.0000,0.0000,5.0000
508,nodes,0,-5.6625,-2.1253,3.0000
508,nodes,1,5.6656,-2.1263,3.0000
508,nodes,2,-2.9159,2.9130,3.0000
508,nodes,3,2.9135,2.9135,3.0000
508,scouts,0,-4.1540,-2.1623,3.0000
508,scouts,1,-5.6540,-0.6623,3.0000
508,scouts,2,-7.1540,-2.1623,3.0000
508,scouts,3,-5.6540,-3.6623,3.0000
508,scouts,4,7.1571,-2.1633,3.0000
508,scouts,5,5.6571,-0.6633,3.0000
508,scouts,6,4.1571,-2.1633,3.0000
508,scouts,7,5.6571,-3.6633,3.0000
508,scouts,8,-1.4424,2.9398,3.0000
508,scouts,9,-2.9424,4.4398,3.0000
508,scouts,10,-4.4424,2.9398,3.0000
508,scouts,11,-2.9424,1.4398,3.0000
508,scouts,12,4.4403,2.9403,3.0000
508,scouts,13,2.9403,4.4403,3.0000
508,scouts,14,1.4403,2.9403,3.0000
508,scouts,15,2.9403,1.4403,3.0000
508,workers,0,-8.0048,8.0124,3.0000
508,workers,1,8.0009,8.0111,3.0000
508,workers,2,6.5492,-6.2854,3.0000
508,workers,3,-4.1716,-4.6821,3.0000
509,general,0,0.0000,0.0000,5.0000
509,nodes,0,-5.6638,-2.1196,3.0000
509,nodes,1,5.6670,-2.1206,3.0000
509,nodes,2,-2.9118,2.9089,3.0000
509,nodes,3,2.9094,2.9094,3.0000
509,scouts,0,-4.1553,-2.1566,3.0000
509,scouts,1,-5.6553,-0.6566,3.0000
509,scouts,2,-7.1553,-2.1566,3.0000
509,scouts,3,-5.6553,-3.6566,3.0000
509,scouts,4,7.1584,-2.1576,3.0000
509,scouts,5,5.6584,-0.6576,3.0000
509,scouts,6,4.1584,-2.1576,3.0000
509,scouts,7,5.6584,-3.6576,3.0000
509,scouts,8,-1.4383,2.9357,3.0000
509,scouts,9,-2.9383,4.4357,3.0000
509,scouts,10,-4.4383,2.9357,3.0000
509,scouts,11,-2.9383,1.4357,3.0000
509,scouts,12,4.4362,2.9362,3.0000
509,scouts,13,2.9362,4.4362,3.0000
509,scouts,14,1.4362,2.9362,3.0000
509,scouts,15,2.9362,1.4362,3.0000
509,workers,0,-8.0051,8.0132,3.0000
509,workers,1,8.0009,8.0111,3.0000
509,workers,2,6.5707,-6.3108,3.0000
509,workers,3,-4.1968,-4.7039,3.0000
510,general,0,0.0000,0.0000,5.0000
510,nodes,0,-5.6651,-2.1139,3.0000
510,nodes,1,5.6682,-2.1150,3.0000
510,nodes,2,-2.9077,2.9048,3.0000
510,nodes,3,2.9053,2.9052,3.0000
510,scouts,0,-4.1566,-2.1509,3.0000
510,scouts,1,-5.6566,-0.6509,3.0000
510,scouts,2,-7.1566,-2.1509,3.0000
510,scouts,3,-5.6566,-3.6509,3.0000
510,scouts,4,7.1597,-2.1519,3.0000
510,scouts,5,5.6597,-0.6519,3.0000
510,scouts,6,4.1597,-2.1519,3.0000
510,scouts,7,5.6597,-3.6519,3.0000
510,scouts,8,-1.4342,2.9315,3.0000
510,scouts,9,-2.9342,4.4315,3.0000
510,scouts,10,-4.4342,2.9315,3.0000
510,scouts,11,-2.9342,1.4315,3.0000
510,scouts,12,4.4321,2.9321,3.0000
510,scouts,13,2.9321,4.4321,3.0000
510,scouts,14,1.4321,2.9321,3.0000
510,scouts,15,2.9321,1.4321,3.0000
510,workers,0,-8.0053,8.0139,3.0000
510,workers,1,8.0009,8.0112,3.0000
510,workers,2,6.5922,-6.3363,3.0000
510,workers,3,-4.2220,-4.7257,3.0000
511,general,0,0.0000,0.0000,5.0000
511,nodes,0,-5.6665,-2.1082,3.0000
511,nodes,1,5.6695,-2.1093,3.0000
511,nodes,2,-2.9035,2.9006,3.0000
511,nodes,3,2.9011,2.9011,3.0000
511,scouts,0,-4.1579,-2.1452,3.0000
511,scouts,1,-5.6579,-0.6452,3.0000
511,scouts,2,-7.1579,-2.1452,3.0000
511,scouts,3,-5.6579,-3.6452,3.0000
511,scouts,4,7.1610,-2.1463,3.0000
511,scouts,5,5.6610,-0.6463,3.0000
511,scouts,6,4.1610,-2.1463,3.0000
511,scouts,7,5.6610,-3.6463,3.0000
511,scouts,8,-1.4301,2.9274,3.0000
511,scouts,9,-2.9301,4.4274,3.0000
511,scouts,10,-4.4301,2.9274,3.0000
511,scouts,11,-2.9301,1.4274,3.0000
511,scouts,12,4.4279,2.9279,3.0000
511,scouts,13,2.9279,4.4279,3.0000
511,scouts,14,1.4279,2.9279,3.0000
511,scouts,15,2.9279,1.4279,3.0000
511,workers,0,-8.0056,8.0145,3.0000
511,workers,1,8.0009,8.0112,3.0000
511,workers,2,6.6138,-6.3617,3.0000
511,workers,3,-4.2472,-4.7475,3.0000
512,general,0,0.0000,0.0000,5.0000
512,nodes,0,-5.6678,-2.1025,3.0000
512,nodes,1,5.6709,-2.1037,3.0000
512,nodes,2,-2.8995,2.8965,3.0000
512,nodes,3,2.8970,2.8971,3.0000
512,scouts,0,-4.1592,-2.1395,3.0000
512,scouts,1,-5.6592,-0.6395,3.0000
512,scouts,2,-7.1592,-2.1395,3.0000
512,scouts,3,-5.6592,-3.6395,3.0000
512,scouts,4,7.1623,-2.1406,3.0000
512,scouts,5,5.6623,-0.6406,3.0000
512,scouts,6,4.1623,-2.1406,3.0000
512,scouts,7,5.6623,-3.6406,3.0000
512,scouts,8,-1.4261,2.9233,3.0000
512,scouts,9,-2.9261,4.4233,3.0000
512,scouts,10,-4.4261,2.9233,3.0000
512,scouts,11,-2.9261,1.4233,3.0000
512,scouts,12,4.4238,2.9238,3.0000
512,scouts,13,2.9238,4.4238,3.0000
512,scouts,14,1.4238,2.9238,3.0000
512,scouts,15,2.9238,1.4238,3.0000
512,workers,0,-8.0058,8.0151,3.0000
512,workers,1,8.0009,8.0112,3.0000
512,workers,2,6.6353,-6.3872,3.0000
512,workers,3,-4.2724,-4.7694,3.0000
513,general,0,0.0000,0.0000,5.0000
513,nodes,0,-5.6692,-2.0967,3.0000
513,nodes,1,5.6722,-2.0980,3.0000
513,nodes,2,-2.8954,2.8924,3.0000
513,nodes,3,2.8929,2.8929,3.0000
513,scouts,0,-4.1606,-2.1338,3.0000
513,scouts,1,-5.6606,-0.6338,3.0000
513,scouts,2,-7.1606,-2.1338,3.0000
513,scouts,3,-5.6606,-3.6338,3.0000
513,scouts,4,7.1636,-2.1349,3.0000
513,scouts,5,5.6636,-0.6349,3.0000
513,scouts,6,4.1636,-2.1349,3.0000
513,scouts,7,5.6636,-3.6349,3.0000
513,scouts,8,-1.4220,2.9192,3.0000
513,scouts,9,-2.9220,4.4192,3.0000
513,scouts,10,-4.4220,2.9192,3.0000
513,scouts,11,-2.9220,1.4192,3.0000
513,scouts,12,4.4197,2.9197,3.0000
513,scouts,13,2.9197,4.4197,3.0000
513,scouts,14,1.4197,2.9197,3.0000
513,scouts,15,2.9197,1.4197,3.0000
513,workers,0,-8.0060,8.0156,3.0000
513,workers,1,8.0009,8.0113,3.0000
513,workers,2,6.6568,-6.4126,3.0000
513,workers,3,-4.2976,-4.7912,3.0000
514,general,0,0.0000,0.0000,5.0000
514,nodes,0,-5.6705,-2.0910,3.0000
514,nodes,1,5.6736,-2.0924,3.0000
514,nodes,2,-2.8913,2.8882,3.0000
514,nodes,3,2.8887,2.8887,3.0000
514,scouts,0,-4.1619,-2.1281,3.0000
514,scouts,1,-5.6619,-0.6281,3.0000
514,scouts,2,-7.1619,-2.1281,3.0000
514,scouts,3,-5.6619,-3.6281,3.0000
514,scouts,4,7.1650,-2.1292,3.0000
514,scouts,5,5.6650,-0.6292,3.0000
514,scouts,6,4.1650,-2.1292,3.0000
514,scouts,7,5.6650,-3.6292,3.0000
514,scouts,8,-1.4179,2.9151,3.0000
514,scouts,9,-2.9179,4.4151,3.0000
514,scouts,10,-4.4179,2.9151,3.0000
514,scouts,11,-2.9179,1.4151,3.0000
514,scouts,12,4.4156,2.9156,3.0000
514,scouts,13,2.9156,4.4156,3.0000
514,scouts,14,1.4156,2.9156,3.0000
514,scouts,15,2.9156,1.4156,3.0000
514,workers,0,-8.0062,8.0160,3.0000
514,workers,1,8.0009,8.0113,3.0000
514,workers,2,6.6784,-6.4381,3.0000
514,workers,3,-4.3227,-4.8130,3.0000
515,general,0,0.0000,0.0000,5.0000
515,nodes,0,-5.6718,-2.0854,3.0000
515,nodes,1,5.6749,-2.0867,3.0000
515,nodes,2,-2.8872,2.8841,3.0000
515,nodes,3,2.8846,2.8847,3.0000
515,scouts,0,-4.1632,-2.1224,3.0000
515,scouts,1,-5.6632,-0.6224,3.0000
515,scouts,2,-7.1632,-2.1224,3.0000
515,scouts,3,-5.6632,-3.6224,3.0000
515,scouts,4,7.1663,-2.1236,3.0000
515,scouts,5,5.6663,-0.6236,3.0000
515,scouts,6,4.1663,-2.1236,3.0000
515,scouts,7,5.6663,-3.6236,3.0000
515,scouts,8,-1.4138,2.9109,3.0000
515,scouts,9,-2.9138,4.4109,3.0000
515,scouts,10,-4.4138,2.9109,3.0000
515,scouts,11,-2.9138,1.4109,3.0000
515,scouts,12,4.4114,2.9114,3.0000
515,scouts,13,2.9114,4.4114,3.0000
515,scouts,14,1.4114,2.9114,3.0000
515,scouts,15,2.9114,1.4114,3.0000
515,workers,0,-8.0063,8.0164,3.0000
515,workers,1,8.0009,8.0113,3.0000
515,workers,2,6.6999,-6.4635,3.0000
515,workers,3,-4.3479,-4.8349,3.0000
516,general,0,0.0000,0.0000,5.0000
516,nodes,0,-5.6731,-2.0797,3.0000
516,nodes,1,5.6762,-2.0811,3.0000
516,nodes,2,-2.8831,2.8799,3.0000
516,nodes,3,2.8805,2.8806,3.0000
516,scouts,0,-4.1645,-2.1167,3.0000
516,scouts,1,-5.6645,-0.6167,3.0000
516,scouts,2,-7.1645,-2.1167,3.0000
516,scouts,3,-5.6645,-3.6167,3.0000
516,scouts,4,7.1676,-2.1179,3.0000
516,scouts,5,5.6676,-0.6179,3.0000
516,scouts,6,4.1676,-2.1179,3.0000
516,scouts,7,5.6676,-3.6179,3.0000
516,scouts,8,-1.4097,2.9068,3.0000
516,scouts,9,-2.9097,4.4068,3.0000
516,scouts,10,-4.4097,2.9068,3.0000
516,scouts,11,-2.9097,1.4068,3.0000
516,scouts,12,4.4073,2.9073,3.0000
516,scouts,13,2.9073,4.4073,3.0000
516,scouts,14,1.4073,2.9073,3.0000
516,scouts,15,2.9073,1.4073,3.0000
516,workers,0,-8.0065,8.0168,3.0000
516,workers,1,8.0009,8.0113,3.0000
516,workers,2,6.7214,-6.4890,3.0000
516,workers,3,-4.3731,-4.8567,3.0000
517,general,0,0.0000,0.0000,5.0000
517,nodes,0,-5.6743,-2.0740,3.0000
517,nodes,1,5.6775,-2.0753,3.0000
517,nodes,2,-2.8790,2.8757,3.0000
517,nodes,3,2.8764,2.8764,3.0000
517,scouts,0,-4.1658,-2.1110,3.0000
517,scouts,1,-5.6658,-0.6110,3.0000
517,scouts,2,-7.1658,-2.1110,3.0000
517,scouts,3,-5.6658,-3.6110,3.0000
517,scouts,4,7.1689,-2.1122,3.0000
517,scouts,5,5.6689,-0.6122,3.0000
517,scouts,6,4.1689,-2.1122,3.0000
517,scouts,7,5.6689,-3.6122,3.0000
517,scouts,8,-1.4056,2.9026,3.0000
517,scouts,9,-2.9056,4.4026,3.0000
517,scouts,10,-4.4056,2.9026,3.0000
517,scouts,11,-2.9056,1.4026,3.0000
517,scouts,12,4.4032,2.9032,3.0000
517,scouts,13,2.9032,4.4032,3.0000
517,scouts,14,1.4032,2.9032,3.0000
517,scouts,15,2.9032,1.4032,3.0000
517,workers,0,-8.0066,8.0172,3.0000
517,workers,1,8.0009,8.0114,3.0000
517,workers,2,6.7430,-6.5144,3.0000
517,workers,3,-4.3983,-4.8785,3.0000
518,general,0,0.0000,0.0000,5.0000
518,nodes,0,-5.6757,-2.0683,3.0000
518,nodes,1,5.6788,-2.0697,3.0000
518,nodes,2,-2.8749,2.8716,3.0000
518,nodes,3,2.8723,2.8723,3.0000
518,scouts,0,-4.1671,-2.1053,3.0000
518,scouts,1,-5.6671,-0.6053,3.0000
518,scouts,2,-7.1671,-2.1053,3.0000
518,scouts,3,-5.6671,-3.6053,3.0000
518,scouts,4,7.1702,-2.1066,3.0000
518,scouts,5,5.6702,-0.6066,3.0000
518,scouts,6,4.1702,-2.1066,3.0000
518,scouts,7,5.6702,-3.6066,3.0000
518,scouts,8,-1.4015,2.8985,3.0000
518,scouts,9,-2.9015,4.3985,3.0000
518,scouts,10,-4.4015,2.8985,3.0000
518,scouts,11,-2.9015,1.3985,3.0000
518,scouts,12,4.3991,2.8991,3.0000
518,scouts,13,2.8991,4.3991,3.0000
518,scouts,14,1.3991,2.8991,3.0000
518,scouts,15,2.8991,1.3991,3.0000
518,workers,0,-8.0067,8.0175,3.0000
518,workers,1,8.0009,8.0114,3.0000
518,workers,2,6.7645,-6.5399,3.0000
518,workers,3,-4.4235,-4.9004,3.0000
519,general,0,0.0000,0.0000,5.0000
519,nodes,0,-5.6770,-2.0626,3.0000
519,nodes,1,5.6802,-2.0640,3.0000
519,nodes,2,-2.8707,2.8675,3.0000
519,nodes,3,2.8682,2.8681,3.0000
519,scouts,0,-4.1685,-2.0996,3.0000
519,scouts,1,-5.6685,-0.5996,3.0000
519,scouts,2,-7.1685,-2.0996,3.0000
519,scouts,3,-5.6685,-3.5996,3.0000
519,scouts,4,7.1716,-2.1009,3.0000
519,scouts,5,5.6716,-0.6009,3.0000
519,scouts,6,4.1716,-2.1009,3.0000
519,scouts,7,5.6716,-3.6009,3.0000
519,scouts,8,-1.3974,2.8944,3.0000
519,scouts,9,-2.8974,4.3944,3.0000
519,scouts,10,-4.3974,2.8944,3.0000
519,scouts,11,-2.8974,1.3944,3.0000
519,scouts,12,4.3950,2.8949,3.0000
519,scouts,13,2.8950,4.3949,3.0000
519,scouts,14,1.3950,2.8949,3.0000
519,scouts,15,2.8950,1.3949,3.0000
519,workers,0,-8.0068,8.0177,3.0000
519,workers,1,8.0009,8.0114,3.0000
519,workers,2,6.7860,-6.5653,3.0000
519,workers,3,-4.4487,-4.9222,3.0000
520,general,0,0.0000,0.0000,5.0000
520,nodes,0,-5.6783,-2.0569,3.0000
520,nodes,1,5.6816,-2.0583,3.0000
520,nodes,2,-2.8666,2.8633,3.0000
520,nodes,3,2.8641,2.8640,3.0000
520,scouts,0,-4.1698,-2.0939,3.0000
520,scouts,1,-5.6698,-0.5939,3.0000
520,scouts,2,-7.1698,-2.0939,3.0000
520,scouts,3,-5.6698,-3.5939,3.0000
520,scouts,4,7.1729,-2.0952,3.0000
520,scouts,5,5.6729,-0.5952,3.0000
520,scouts,6,4.1729,-2.0952,3.0000
520,scouts,7,5.6729,-3.5952,3.0000
520,scouts,8,-1.3933,2.8902,3.0000
520,scouts,9,-2.8933,4.3902,3.0000
520,scouts,10,-4.3933,2.8902,3.0000
520,scouts,11,-2.8933,1.3902,3.0000
520,scouts,12,4.3908,2.8908,3.0000
520,scouts,13,2.8908,4.3908,3.0000
520,scouts,14,1.3908,2.8908,3.0000
520,scouts,15,2.8908,1.3908,3.0000
520,workers,0,-8.0069,8.0180,3.0000
520,workers,1,8.0009,8.0114,3.0000
520,workers,2,6.8076,-6.5907,3.0000
520,workers,3,-4.4739,-4.9440,3.0000
521,general,0,0.0000,0.0000,5.0000
521,nodes,0,-5.6796,-2.0512,3.0000
521,nodes,1,5.6830,-2.0527,3.0000
521,nodes,2,-2.8624,2.8591,3.0000
521,nodes,3,2.8600,2.8599,3.0000
521,scouts,0,-4.1711,-2.0882,3.0000
521,scouts,1,-5.6711,-0.5882,3.0000
521,scouts,2,-7.1711,-2.0882,3.0000
521,scouts,3,-5.6711,-3.5882,3.0000
521,scouts,4,7.1743,-2.0895,3.0000
521,scouts,5,5.6743,-0.5895,3.0000
521,scouts,6,4.1743,-2.0895,3.0000
521,scouts,7,5.6743,-3.5895,3.0000
521,scouts,8,-1.3892,2.8861,3.0000
521,scouts,9,-2.8892,4.3861,3.0000
521,scouts,10,-4.3892,2.8861,3.0000
521,scouts,11,-2.8892,1.3861,3.0000
521,scouts,12,4.3867,2.8867,3.0000
521,scouts,13,2.8867,4.3867,3.0000
521,scouts,14,1.3867,2.8867,3.0000
521,scouts,15,2.8867,1.3867,3.0000
521,workers,0,-8.0070,8.0182,3.0000
521,workers,1,8.0009,8.0114,3.0000
521,workers,2,6.8291,-6.6162,3.0000
521,workers,3,-4.4991,-4.9659,3.0000
522,general,0,0.0000,0.0000,5.0000
522,nodes,0,-5.6810,-2.0454,3.0000
522,nodes,1,5.6842,-2.0470,3.0000
522,nodes,2,-2.8584,2.8551,3.0000
522,nodes,3,2.8559,2.8557,3.0000
522,scouts,0,-4.1724,-2.0825,3.0000
522,scouts,1,-5.6724,-0.5825,3.0000
522,scouts,2,-7.1724,-2.0825,3.0000
522,scouts,3,-5.6724,-3.5825,3.0000
522,scouts,4,7.1756,-2.0839,3.0000
522,scouts,5,5.6756,-0.5839,3.0000
522,scouts,6,4.1756,-2.0839,3.0000
522,scouts,7,5.6756,-3.5839,3.0000
522,scouts,8,-1.3851,2.8819,3.0000
522,scouts,9,-2.8851,4.3819,3.0000
522,scouts,10,-4.3851,2.8819,3.0000
522,scouts,11,-2.8851,1.3819,3.0000
522,scouts,12,4.3826,2.8826,3.0000
522,scouts,13,2.8826,4.3826,3.0000
522,scouts,14,1.3826,2.8826,3.0000
522,scouts,15,2.8826,1.3826,3.0000
522,workers,0,-8.0071,8.0184,3.0000
522,workers,1,8.0009,8.0114,3.0000
522,workers,2,6.8506,-6.6416,3.0000
522,workers,3,-4.5243,-4.9877,3.0000
523,general,0,0.0000,0.0000,5.0000
523,nodes,0,-5.6823,-2.0397,3.0000
523,nodes,1,5.6855,-2.0414,3.0000
523,nodes,2,-2.8543,2.8510,3.0000
523,nodes,3,2.8518,2.8515,3.0000
523,scouts,0,-4.1737,-2.0768,3.0000
523,scouts,1,-5.6737,-0.5768,3.0000
523,scouts,2,-7.1737,-2.0768,3.0000
523,scouts,3,-5.6737,-3.5768,3.0000
523,scouts,4,7.1769,-2.0782,3.0000
523,scouts,5,5.6769,-0.5782,3.0000
523,scouts,6,4.1769,-2.0782,3.0000
523,scouts,7,5.6769,-3.5782,3.0000
523,scouts,8,-1.3810,2.8778,3.0000
523,scouts,9,-2.8810,4.3778,3.0000
523,scouts,10,-4.3810,2.8778,3.0000
523,scouts,11,-2.8810,1.3778,3.0000
523,scouts,12,4.3785,2.8784,3.0000
523,scouts,13,2.8785,4.3784,3.0000
523,scouts,14,1.3785,2.8784,3.0000
523,scouts,15,2.8785,1.3784,3.0000
523,workers,0,-8.0071,8.0186,3.0000
523,workers,1,8.0009,8.0115,3.0000
523,workers,2,6.8721,-6.6671,3.0000
523,workers,3,-4.5494,-5.0095,3.0000
524,general,0,0.0000,0.0000,5.0000
524,nodes,0,-5.6838,-2.0340,3.0000
524,nodes,1,5.6868,-2.0357,3.0000
524,nodes,2,-2.8502,2.8468,3.0000
524,nodes,3,2.8477,2.8474,3.0000
524,scouts,0,-4.1751,-2.0711,3.0000
524,scouts,1,-5.6751,-0.5711,3.0000
524,scouts,2,-7.1751,-2.0711,3.0000
524,scouts,3,-5.6751,-3.5711,3.0000
524,scouts,4,7.1782,-2.0725,3.0000
524,scouts,5,5.6782,-0.5725,3.0000
524,scouts,6,4.1782,-2.0725,3.0000
524,scouts,7,5.6782,-3.5725,3.0000
524,scouts,8,-1.3769,2.8737,3.0000
524,scouts,9,-2.8769,4.3737,3.0000
524,scouts,10,-4.3769,2.8737,3.0000
524,scouts,11,-2.8769,1.3737,3.0000
524,scouts,12,4.3744,2.8743,3.0000
524,scouts,13,2.8744,4.3743,3.0000
524,scouts,14,1.3744,2.8743,3.0000
524,scouts,15,2.8744,1.3743,3.0000
524,workers,0,-8.0072,8.0187,3.0000
524,workers,1,8.0009,8.0115,3.0000
524,workers,2,6.8937,-6.6925,3.0000
524,workers,3,-4.5746,-5.0314,3.0000
525,general,0,0.0000,0.0000,5.0000
525,nodes,0,-5.6852,-2.0283,3.0000
525,nodes,1,5.6881,-2.0300,3.0000
525,nodes,2,-2.8461,2.8427,3.0000
525,nodes,3,2.8436,2.8433,3.0000
525,scouts,0,-4.1764,-2.0654,3.0000
525,scouts,1,-5.6764,-0.5654,3.0000
525,scouts,2,-7.1764,-2.0654,3.0000
525,scouts,3,-5.6764,-3.5654,3.0000
525,scouts,4,7.1795,-2.0669,3.0000
525,scouts,5,5.6795,-0.5669,3.0000
525,scouts,6,4.1795,-2.0669,3.0000
525,scouts,7,5.6795,-3.5669,3.0000
525,scouts,8,-1.3728,2.8695,3.0000
525,scouts,9,-2.8728,4.3695,3.0000
525,scouts,10,-4.3728,2.8695,3.0000
525,scouts,11,-2.8728,1.3695,3.0000
525,scouts,12,4.3703,2.8702,3.0000
525,scouts,13,2.8703,4.3702,3.0000
525,scouts,14,1.3703,2.8702,3.0000
525,scouts,15,2.8703,1.3702,3.0000
525,workers,0,-8.0073,8.0189,3.0000
525,workers,1,8.0009,8.0115,3.0000
525,workers,2,6.9152,-6.7180,3.0000
525,workers,3,-4.5998,-5.0532,3.0000
526,general,0,0.0000,0.0000,5.0000
526,nodes,0,-5.6865,-2.0226,3.0000
526,nodes,1,5.6894,-2.0243,3.0000
526,nodes,2,-2.8420,2.8386,3.0000
526,nodes,3,2.8395,2.8392,3.0000
526,scouts,0,-4.1778,-2.0597,3.0000
526,scouts,1,-5.6778,-0.5597,3.0000
526,scouts,2,-7.1778,-2.0597,3.0000
526,scouts,3,-5.6778,-3.5597,3.0000
526,scouts,4,7.1809,-2.0612,3.0000
526,scouts,5,5.6809,-0.5612,3.0000
526,scouts,6,4.1809,-2.0612,3.0000
526,scouts,7,5.6809,-3.5612,3.0000
526,scouts,8,-1.3687,2.8654,3.0000
526,scouts,9,-2.8687,4.3654,3.0000
526,scouts,10,-4.3687,2.8654,3.0000
526,scouts,11,-2.8687,1.3654,3.0000
526,scouts,12,4.3662,2.8660,3.0000
526,scouts,13,2.8662,4.3660,3.0000
526,scouts,14,1.3662,2.8660,3.0000
526,scouts,15,2.8662,1.3660,3.0000
526,workers,0,-8.0073,8.0190,3.0000
526,workers,1,8.0009,8.0115,3.0000
526,workers,2,6.9367,-6.7434,3.0000
526,workers,3,-4.6250,-5.0750,3.0000
527,general,0,0.0000,0.0000,5.0000
527,nodes,0,-5.6877,-2.0170,3.0000
527,nodes,1,5.6907,-2.0186,3.0000
527,nodes,2,-2.8380,2.8346,3.0000
527,nodes,3,2.8353,2.8351,3.0000
527,scouts,0,-4.1791,-2.0540,3.0000
527,scouts,1,-5.6791,-0.5540,3.0000
527,scouts,2,-7.1791,-2.0540,3.0000
527,scouts,3,-5.6791,-3.5540,3.0000
527,scouts,4,7.1822,-2.0555,3.0000
527,scouts,5,5.6822,-0.5555,3.0000
527,scouts,6,4.1822,-2.0555,3.0000
527,scouts,7,5.6822,-3.5555,3.0000
527,scouts,8,-1.3646,2.8613,3.0000
527,scouts,9,-2.8646,4.3613,3.0000
527,scouts,10,-4.3646,2.8613,3.0000
527,scouts,11,-2.8646,1.3613,3.0000
527,scouts,12,4.3621,2.8619,3.0000
527,scouts,13,2.8621,4.3619,3.0000
527,scouts,14,1.3621,2.8619,3.0000
527,scouts,15,2.8621,1.3619,3.0000
527,workers,0,-8.0074,8.0191,3.0000
527,workers,1,8.0009,8.0115,3.0000
527,workers,2,6.9583,-6.7689,3.0000
527,workers,3,-4.6502,-5.0968,3.0000
528,general,0,0.0000,0.0000,5.0000
528,nodes,0,-5.6891,-2.0113,3.0000
528,nodes,1,5.6920,-2.0129,3.0000
528,nodes,2,-2.8338,2.8304,3.0000
528,nodes,3,2.8312,2.8310,3.0000
528,scouts,0,-4.1804,-2.0483,3.0000
528,scouts,1,-5.6804,-0.5483,3.0000
528,scouts,2,-7.1804,-2.0483,3.0000
528,scouts,3,-5.6804,-3.5483,3.0000
528,scouts,4,7.1835,-2.0498,3.0000
528,scouts,5,5.6835,-0.5498,3.0000
528,scouts,6,4.1835,-2.0498,3.0000
528,scouts,7,5.6835,-3.5498,3.0000
528,scouts,8,-1.3605,2.8572,3.0000
528,scouts,9,-2.8605,4.3572,3.0000
528,scouts,10,-4.3605,2.8572,3.0000
528,scouts,11,-2.8605,1.3572,3.0000
528,scouts,12,4.3580,2.8578,3.0000
528,scouts,13,2.8580,4.3578,3.0000
528,scouts,14,1.3580,2.8578,3.0000
528,scouts,15,2.8580,1.3578,3.0000
528,workers,0,-8.0074,8.0192,3.0000
528,workers,1,8.0009,8.0115,3.0000
528,workers,2,6.9798,-6.7943,3.0000
528,workers,3,-4.6754,-5.1187,3.0000
529,general,0,0.0000,0.0000,5.0000
529,nodes,0,-5.6905,-2.0056,3.0000
529,nodes,1,5.6933,-2.0072,3.0000
529,nodes,2,-2.8298,2.8264,3.0000
529,nodes,3,2.8270,2.8269,3.0000
529,scouts,0,-4.1817,-2.0426,3.0000
529,scouts,1,-5.6817,-0.5426,3.0000
529,scouts,2,-7.1817,-2.0426,3.0000
529,scouts,3,-5.6817,-3.5426,3.0000
529,scouts,4,7.1848,-2.0442,3.0000
529,scouts,5,5.6848,-0.5442,3.0000
529,scouts,6,4.1848,-2.0442,3.0000
529,scouts,7,5.6848,-3.5442,3.0000
529,scouts,8,-1.3564,2.8531,3.0000
529,scouts,9,-2.8564,4.3531,3.0000
529,scouts,10,-4.3564,2.8531,3.0000
529,scouts,11,-2.8564,1.3531,3.0000
529,scouts,12,4.3538,2.8537,3.0000
529,scouts,13,2.8538,4.3537,3.0000
529,scouts,14,1.3538,2.8537,3.0000
529,scouts,15,2.8538,1.3537,3.0000
529,workers,0,-8.0074,8.0193,3.0000
529,workers,1,8.0009,8.0115,3.0000
529,workers,2,7.0013,-6.8198,3.0000
529,workers,3,-4.7006,-5.1405,3.0000
530,general,0,0.0000,0.0000,5.0000
530,nodes,0,-5.6918,-1.9999,3.0000
530,nodes,1,5.6945,-2.0015,3.0000
530,nodes,2,-2.8257,2.8223,3.0000
530,nodes,3,2.8229,2.8229,3.0000
530,scouts,0,-4.1831,-2.0369,3.0000
530,scouts,1,-5.6831,-0.5369,3.0000
530,scouts,2,-7.1831,-2.0369,3.0000
530,scouts,3,-5.6831,-3.5369,3.0000
530,scouts,4,7.1861,-2.0385,3.0000
530,scouts,5,5.6861,-0.5385,3.0000
530,scouts,6,4.1861,-2.0385,3.0000
530,scouts,7,5.6861,-3.5385,3.0000
530,scouts,8,-1.3523,2.8490,3.0000
530,scouts,9,-2.8523,4.3490,3.0000
530,scouts,10,-4.3523,2.8490,3.0000
530,scouts,11,-2.8523,1.3490,3.0000
530,scouts,12,4.3497,2.8496,3.0000
530,scouts,13,2.8497,4.3496,3.0000
530,scouts,14,1.3497,2.8496,3.0000
530,scouts,15,2.8497,1.3496,3.0000
530,workers,0,-8.0075,8.0194,3.0000
530,workers,1,8.0009,8.0115,3.0000
530,workers,2,7.0229,-6.8452,3.0000
530,workers,3,-4.7258,-5.1623,3.0000
531,general,0,0.0000,0.0000,5.0000
531,nodes,0,-5.6931,-1.9943,3.0000
531,nodes,1,5.6958,-1.9958,3.0000
531,nodes,2,-2.8215,2.8182,3.0000
531,nodes,3,2.8188,2.8188,3.0000
531,scouts,0,-4.1844,-2.0312,3.0000
531,scouts,1,-5.6844,-0.5312,3.0000
531,scouts,2,-7.1844,-2.0312,3.0000
531,scouts,3,-5.6844,-3.5312,3.0000
531,scouts,4,7.1874,-2.0328,3.0000
531,scouts,5,5.6874,-0.5328,3.0000
531,scouts,6,4.1874,-2.0328,3.0000
531,scouts,7,5.6874,-3.5328,3.0000
531,scouts,8,-1.3482,2.8449,3.0000
531,scouts,9,-2.8482,4.3449,3.0000
531,scouts,10,-4.3482,2.8449,3.0000
531,scouts,11,-2.8482,1.3449,3.0000
531,scouts,12,4.3456,2.8455,3.0000
531,scouts,13,2.8456,4.3455,3.0000
531,scouts,14,1.3456,2.8455,3.0000
531,scouts,15,2.8456,1.3455,3.0000
531,workers,0,-8.0075,8.0195,3.0000
531,workers,1,8.0009,8.0115,3.0000
531,workers,2,7.0444,-6.8707,3.0000
531,workers,3,-4.7510,-5.1842,3.0000
532,general,0,0.0000,0.0000,5.0000
532,nodes,0,-5.6944,-1.9886,3.0000
532,nodes,1,5.6971,-1.9901,3.0000
532,nodes,2,-2.8174,2.8141,3.0000
532,nodes,3,2.8147,2.8147,3.0000
532,scouts,0,-4.1858,-2.0256,3.0000
532,scouts,1,-5.6858,-0.5256,3.0000
532,scouts,2,-7.1858,-2.0256,3.0000
532,scouts,3,-5.6858,-3.5256,3.0000
532,scouts,4,7.1887,-2.0271,3.0000
532,scouts,5,5.6887,-0.5271,3.0000
532,scouts,6,4.1887,-2.0271,3.0000
532,scouts,7,5.6887,-3.5271,3.0000
532,scouts,8,-1.3441,2.8408,3.0000
532,scouts,9,-2.8441,4.3408,3.0000
532,scouts,10,-4.3441,2.8408,3.0000
532,scouts,11,-2.8441,1.3408,3.0000
532,scouts,12,4.3415,2.8414,3.0000
532,scouts,13,2.8415,4.3414,3.0000
532,scouts,14,1.3415,2.8414,3.0000
532,scouts,15,2.8415,1.3414,3.0000
532,workers,0,-8.0075,8.0195,3.0000
532,workers,1,8.0009,8.0115,3.0000
532,workers,2,7.0659,-6.8961,3.0000
532,workers,3,-4.7762,-5.2060,3.0000
533,general,0,0.0000,0.0000,5.0000
533,nodes,0,-5.6957,-1.9829,3.0000
533,nodes,1,5.6984,-1.9844,3.0000
533,nodes,2,-2.8133,2.8100,3.0000
533,nodes,3,2.8106,2.8106,3.0000
533,scouts,0,-4.1871,-2.0199,3.0000
533,scouts,1,-5.6871,-0.5199,3.0000
533,scouts,2,-7.1871,-2.0199,3.0000
533,scouts,3,-5.6871,-3.5199,3.0000
533,scouts,4,7.1900,-2.0214,3.0000
533,scouts,5,5.6900,-0.5214,3.0000
533,scouts,6,4.1900,-2.0214,3.0000
533,scouts,7,5.6900,-3.5214,3.0000
533,scouts,8,-1.3400,2.8367,3.0000
533,scouts,9,-2.8400,4.3367,3.0000
533,scouts,10,-4.3400,2.8367,3.0000
533,scouts,11,-2.8400,1.3367,3.0000
533,scouts,12,4.3374,2.8373,3.0000
533,scouts,13,2.8374,4.3373,3.0000
533,scouts,14,1.3374,2.8373,3.0000
533,scouts,15,2.8374,1.3373,3.0000
533,workers,0,-8.0075,8.0196,3.0000
533,workers,1,8.0009,8.0115,3.0000
533,workers,2,7.0875,-6.9215,3.0000
533,workers,3,-4.8013,-5.2278,3.0000
534,general,0,0.0000,0.0000,5.0000
534,nodes,0,-5.6971,-1.9771,3.0000
534,nodes,1,5.6997,-1.9788,3.0000
534,nodes,2,-2.8091,2.8058,3.0000
534,nodes,3,2.8065,2.8065,3.0000
534,scouts,0,-4.1884,-2.0142,3.0000
534,scouts,1,-5.6884,-0.5142,3.0000
534,scouts,2,-7.1884,-2.0142,3.0000
534,scouts,3,-5.6884,-3.5142,3.0000
534,scouts,4,7.1913,-2.0157,3.0000
534,scouts,5,5.6913,-0.5157,3.0000
534,scouts,6,4.1913,-2.0157,3.0000
534,scouts,7,5.6913,-3.5157,3.0000
534,scouts,8,-1.3359,2.8326,3.0000
534,scouts,9,-2.8359,4.3326,3.0000
534,scouts,10,-4.3359,2.8326,3.0000
534,scouts,11,-2.8359,1.3326,3.0000
534,scouts,12,4.3332,2.8332,3.0000
534,scouts,13,2.8332,4.3332,3.0000
534,scouts,14,1.3332,2.8332,3.0000
534,scouts,15,2.8332,1.3332,3.0000
534,workers,0,-8.0076,8.0197,3.0000
534,workers,1,8.0009,8.0115,3.0000
534,workers,2,7.1090,-6.9470,3.0000
534,workers,3,-4.8265,-5.2497,3.0000
535,general,0,0.0000,0.0000,5.0000
535,nodes,0,-5.6983,-1.9715,3.0000
535,nodes,1,5.7009,-1.9731,3.0000
535,nodes,2,-2.8050,2.8018,3.0000
535,nodes,3,2.8023,2.8023,3.0000
535,scouts,0,-4.1897,-2.0085,3.0000
535,scouts,1,-5.6897,-0.5085,3.0000
535,scouts,2,-7.1897,-2.0085,3.0000
535,scouts,3,-5.6897,-3.5085,3.0000
535,scouts,4,7.1925,-2.0100,3.0000
535,scouts,5,5.6925,-0.5100,3.0000
535,scouts,6,4.1925,-2.0100,3.0000
535,scouts,7,5.6925,-3.5100,3.0000
535,scouts,8,-1.3317,2.8284,3.0000
535,scouts,9,-2.8317,4.3284,3.0000
535,scouts,10,-4.3317,2.8284,3.0000
535,scouts,11,-2.8317,1.3284,3.0000
535,scouts,12,4.3291,2.8290,3.0000
535,scouts,13,2.8291,4.3290,3.0000
535,scouts,14,1.3291,2.8290,3.0000
535,scouts,15,2.8291,1.3290,3.0000
535,workers,0,-8.0076,8.0197,3.0000
535,workers,1,8.0009,8.0115,3.0000
535,workers,2,7.1305,-6.9724,3.0000
535,workers,3,-4.8517,-5.2715,3.0000
536,general,0,0.0000,0.0000,5.0000
536,nodes,0,-5.6996,-1.9658,3.0000
536,nodes,1,5.7023,-1.9674,3.0000
536,nodes,2,-2.8009,2.7976,3.0000
536,nodes,3,2.7983,2.7982,3.0000
536,scouts,0,-4.1911,-2.0028,3.0000
536,scouts,1,-5.6911,-0.5028,3.0000
536,scouts,2,-7.1911,-2.0028,3.0000
536,scouts,3,-5.6911,-3.5028,3.0000
536,scouts,4,7.1938,-2.0044,3.0000
536,scouts,5,5.6938,-0.5044,3.0000
536,scouts,6,4.1938,-2.0044,3.0000
536,scouts,7,5.6938,-3.5044,3.0000
536,scouts,8,-1.3276,2.8243,3.0000
536,scouts,9,-2.8276,4.3243,3.0000
536,scouts,10,-4.3276,2.8243,3.0000
536,scouts,11,-2.8276,1.3243,3.0000
536,scouts,12,4.3250,2.8249,3.0000
536,scouts,13,2.8250,4.3249,3.0000
536,scouts,14,1.3250,2.8249,3.0000
536,scouts,15,2.8250,1.3249,3.0000
536,workers,0,-8.0076,8.0198,3.0000
536,workers,1,8.0009,8.0115,3.0000
536,workers,2,7.1521,-6.9979,3.0000
536,workers,3,-4.8769,-5.2933,3.0000
537,general,0,0.0000,0.0000,5.0000
537,nodes,0,-5.7010,-1.9601,3.0000
537,nodes,1,5.7036,-1.9617,3.0000
537,nodes,2,-2.7967,2.7935,3.0000
537,nodes,3,2.7941,2.7940,3.0000
537,scouts,0,-4.1924,-1.9971,3.0000
537,scouts,1,-5.6924,-0.4971,3.0000
537,scouts,2,-7.1924,-1.9971,3.0000
537,scouts,3,-5.6924,-3.4971,3.0000
537,scouts,4,7.1951,-1.9987,3.0000
537,scouts,5,5.6951,-0.4987,3.0000
537,scouts,6,4.1951,-1.9987,3.0000
537,scouts,7,5.6951,-3.4987,3.0000
537,scouts,8,-1.3235,2.8202,3.0000
537,scouts,9,-2.8235,4.3202,3.0000
537,scouts,10,-4.3235,2.8202,3.0000
537,scouts,11,-2.8235,1.3202,3.0000
537,scouts,12,4.3209,2.8208,3.0000
537,scouts,13,2.8209,4.3208,3.0000
537,scouts,14,1.3209,2.8208,3.0000
537,scouts,15,2.8209,1.3208,3.0000
537,workers,0,-8.0076,8.0198,3.0000
537,workers,1,8.0009,8.0115,3.0000
537,workers,2,7.1736,-7.0233,3.0000
537,workers,3,-4.9021,-5.3152,3.0000
538,general,0,0.0000,0.0000,5.0000
538,nodes,0,-5.7024,-1.9544,3.0000
538,nodes,1,5.7048,-1.9560,3.0000
538,nodes,2,-2.7926,2.7894,3.0000
538,nodes,3,2.7900,2.7898,3.0000
538,scouts,0,-4.1937,-1.9914,3.0000
538,scouts,1,-5.6937,-0.4914,3.0000
538,scouts,2,-7.1937,-1.9914,3.0000
538,scouts,3,-5.6937,-3.4914,3.0000
538,scouts,4,7.1964,-1.9930,3.0000
538,scouts,5,5.6964,-0.4930,3.0000
538,scouts,6,4.1964,-1.9930,3.0000
538,scouts,7,5.6964,-3.4930,3.0000
538,scouts,8,-1.3194,2.8161,3.0000
538,scouts,9,-2.8194,4.3161,3.0000
538,scouts,10,-4.3194,2.8161,3.0000
538,scouts,11,-2.8194,1.3161,3.0000
538,scouts,12,4.3168,2.8167,3.0000
538,scouts,13,2.8168,4.3167,3.0000
538,scouts,14,1.3168,2.8167,3.0000
538,scouts,15,2.8168,1.3167,3.0000
538,workers,0,-8.0076,8.0198,3.0000
538,workers,1,8.0009,8.0115,3.0000
538,workers,2,7.1951,-7.0488,3.0000
538,workers,3,-4.9273,-5.3370,3.0000
539,general,0,0.0000,0.0000,5.0000
539,nodes,0,-5.7037,-1.9488,3.0000
539,nodes,1,5.7061,-1.9504,3.0000
539,nodes,2,-2.7885,2.7853,3.0000
539,nodes,3,2.7858,2.7857,3.0000
539,scouts,0,-4.1950,-1.9857,3.0000
539,scouts,1,-5.6950,-0.4857,3.0000
539,scouts,2,-7.1950,-1.9857,3.0000
539,scouts,3,-5.6950,-3.4857,3.0000
539,scouts,4,7.1977,-1.9873,3.0000
539,scouts,5,5.6977,-0.4873,3.0000
539,scouts,6,4.1977,-1.9873,3.0000
539,scouts,7,5.6977,-3.4873,3.0000
539,scouts,8,-1.3153,2.8120,3.0000
539,scouts,9,-2.8153,4.3120,3.0000
539,scouts,10,-4.3153,2.8120,3.0000
539,scouts,11,-2.8153,1.3120,3.0000
539,scouts,12,4.3126,2.8125,3.0000
539,scouts,13,2.8126,4.3125,3.0000
539,scouts,14,1.3126,2.8125,3.0000
539,scouts,15,2.8126,1.3125,3.0000
539,workers,0,-8.0076,8.0199,3.0000
539,workers,1,8.0009,8.0115,3.0000
539,workers,2,7.2167,-7.0742,3.0000
539,workers,3,-4.9525,-5.3588,3.0000
540,general,0,0.0000,0.0000,5.0000
540,nodes,0,-5.7050,-1.9431,3.0000
540,nodes,1,5.7074,-1.9447,3.0000
540,nodes,2,-2.7843,2.7812,3.0000
540,nodes,3,2.7817,2.7815,3.0000
540,scouts,0,-4.1964,-1.9800,3.0000
540,scouts,1,-5.6964,-0.4800,3.0000
540,scouts,2,-7.1964,-1.9800,3.0000
540,scouts,3,-5.6964,-3.4800,3.0000
540,scouts,4,7.1990,-1.9816,3.0000
540,scouts,5,5.6990,-0.4816,3.0000
540,scouts,6,4.1990,-1.9816,3.0000
540,scouts,7,5.6990,-3.4816,3.0000
540,scouts,8,-1.3111,2.8079,3.0000
540,scouts,9,-2.8111,4.3079,3.0000
540,scouts,10,-4.3111,2.8079,3.0000
540,scouts,11,-2.8111,1.3079,3.0000
540,scouts,12,4.3085,2.8084,3.0000
540,scouts,13,2.8085,4.3084,3.0000
540,scouts,14,1.3085,2.8084,3.0000
540,scouts,15,2.8085,1.3084,3.0000
540,workers,0,-8.0077,8.0199,3.0000
540,workers,1,8.0009,8.0115,3.0000
540,workers,2,7.2382,-7.0997,3.0000
540,workers,3,-4.9777,-5.3806,3.0000
541,general,0,0.0000,0.0000,5.0000
541,nodes,0,-5.7064,-1.9375,3.0000
541,nodes,1,5.7087,-1.9390,3.0000
541,nodes,2,-2.7803,2.7771,3.0000
541,nodes,3,2.7776,2.7774,3.0000
541,scouts,0,-4.1977,-1.9744,3.0000
541,scouts,1,-5.6977,-0.4744,3.0000
541,scouts,2,-7.1977,-1.9744,3.0000
541,scouts,3,-5.6977,-3.4744,3.0000
541,scouts,4,7.2003,-1.9759,3.0000
541,scouts,5,5.7003,-0.4759,3.0000
541,scouts,6,4.2003,-1.9759,3.0000
541,scouts,7,5.7003,-3.4759,3.0000
541,scouts,8,-1.3070,2.8038,3.0000
541,scouts,9,-2.8070,4.3038,3.0000
541,scouts,10,-4.3070,2.8038,3.0000
541,scouts,11,-2.8070,1.3038,3.0000
541,scouts,12,4.3044,2.8043,3.0000
541,scouts,13,2.8044,4.3043,3.0000
541,scouts,14,1.3044,2.8043,3.0000
541,scouts,15,2.8044,1.3043,3.0000
541,workers,0,-8.0077,8.0199,3.0000
541,workers,1,8.0009,8.0115,3.0000
541,workers,2,7.2597,-7.1251,3.0000
541,workers,3,-5.0029,-5.4025,3.0000
542,general,0,0.0000,0.0000,5.0000
542,nodes,0,-5.7078,-1.9318,3.0000
542,nodes,1,5.7101,-1.9333,3.0000
542,nodes,2,-2.7762,2.7729,3.0000
542,nodes,3,2.7735,2.7732,3.0000
542,scouts,0,-4.1991,-1.9687,3.0000
542,scouts,1,-5.6991,-0.4687,3.0000
542,scouts,2,-7.1991,-1.9687,3.0000
542,scouts,3,-5.6991,-3.4687,3.0000
542,scouts,4,7.2016,-1.9703,3.0000
542,scouts,5,5.7016,-0.4703,3.0000
542,scouts,6,4.2016,-1.9703,3.0000
542,scouts,7,5.7016,-3.4703,3.0000
542,scouts,8,-1.3029,2.7997,3.0000
542,scouts,9,-2.8029,4.2997,3.0000
542,scouts,10,-4.3029,2.7997,3.0000
542,scouts,11,-2.8029,1.2997,3.0000
542,scouts,12,4.3003,2.8001,3.0000
542,scouts,13,2.8003,4.3001,3.0000
542,scouts,14,1.3003,2.8001,3.0000
542,scouts,15,2.8003,1.3001,3.0000
542,workers,0,-8.0077,8.0200,3.0000
542,workers,1,8.0009,8.0115,3.0000
542,workers,2,7.2812,-7.1506,3.0000
542,workers,3,-5.0281,-5.4243,3.0000
543,general,0,0.0000,0.0000,5.0000
543,nodes,0,-5.7091,-1.9261,3.0000
543,nodes,1,5.7113,-1.9277,3.0000
543,nodes,2,-2.7720,2.7688,3.0000
543,nodes,3,2.7694,2.7691,3.0000
543,scouts,0,-4.2004,-1.9630,3.0000
543,scouts,1,-5.7004,-0.4630,3.0000
543,scouts,2,-7.2004,-1.9630,3.0000
543,scouts,3,-5.7004,-3.4630,3.0000
543,scouts,4,7.2029,-1.9646,3.0000
543,scouts,5,5.7029,-0.4646,3.0000
543,scouts,6,4.2029,-1.9646,3.0000
543,scouts,7,5.7029,-3.4646,3.0000
543,scouts,8,-1.2988,2.7956,3.0000
543,scouts,9,-2.7988,4.2956,3.0000
543,scouts,10,-4.2988,2.7956,3.0000
543,scouts,11,-2.7988,1.2956,3.0000
543,scouts,12,4.2962,2.7960,3.0000
543,scouts,13,2.7962,4.2960,3.0000
543,scouts,14,1.2962,2.7960,3.0000
543,scouts,15,2.7962,1.2960,3.0000
543,workers,0,-8.0077,8.0200,3.0000
543,workers,1,8.0009,8.0115,3.0000
543,workers,2,7.3028,-7.1760,3.0000
543,workers,3,-5.0532,-5.4461,3.0000
544,general,0,0.0000,0.0000,5.0000
544,nodes,0,-5.7104,-1.9204,3.0000
544,nodes,1,5.7126,-1.9220,3.0000
544,nodes,2,-2.7678,2.7646,3.0000
544,nodes,3,2.7653,2.7650,3.0000
544,scouts,0,-4.2017,-1.9573,3.0000
544,scouts,1,-5.7017,-0.4573,3.0000
544,scouts,2,-7.2017,-1.9573,3.0000
544,scouts,3,-5.7017,-3.4573,3.0000
544,scouts,4,7.2042,-1.9589,3.0000
544,scouts,5,5.7042,-0.4589,3.0000
544,scouts,6,4.2042,-1.9589,3.0000
544,scouts,7,5.7042,-3.4589,3.0000
544,scouts,8,-1.2947,2.7914,3.0000
544,scouts,9,-2.7947,4.2914,3.0000
544,scouts,10,-4.2947,2.7914,3.0000
544,scouts,11,-2.7947,1.2914,3.0000
544,scouts,12,4.2920,2.7919,3.0000
544,scouts,13,2.7920,4.2919,3.0000
544,scouts,14,1.2920,2.7919,3.0000
544,scouts,15,2.7920,1.2919,3.0000
544,workers,0,-8.0077,8.0200,3.0000
544,workers,1,8.0009,8.0115,3.0000
544,workers,2,7.3243,-7.2015,3.0000
544,workers,3,-5.0784,-5.4680,3.0000
545,general,0,0.0000,0.0000,5.0000
545,nodes,0,-5.7118,-1.9147,3.0000
545,nodes,1,5.7139,-1.9164,3.0000
545,nodes,2,-2.7637,2.7604,3.0000
545,nodes,3,2.7612,2.7609,3.0000
545,scouts,0,-4.2031,-1.9516,3.0000
545,scouts,1,-5.7031,-0.4516,3.0000
545,scouts,2,-7.2031,-1.9516,3.0000
545,scouts,3,-5.7031,-3.4516,3.0000
545,scouts,4,7.2055,-1.9532,3.0000
545,scouts,5,5.7055,-0.4532,3.0000
545,scouts,6,4.2055,-1.9532,3.0000
545,scouts,7,5.7055,-3.4532,3.0000
545,scouts,8,-1.2905,2.7873,3.0000
545,scouts,9,-2.7905,4.2873,3.0000
545,scouts,10,-4.2905,2.7873,3.0000
545,scouts,11,-2.7905,1.2873,3.0000
545,scouts,12,4.2879,2.7877,3.0000
545,scouts,13,2.7879,4.2877,3.0000
545,scouts,14,1.2879,2.7877,3.0000
545,scouts,15,2.7879,1.2877,3.0000
545,workers,0,-8.0077,8.0200,3.0000
545,workers,1,8.0009,8.0115,3.0000
545,workers,2,7.3458,-7.2269,3.0000
545,workers,3,-5.1036,-5.4898,3.0000
546,general,0,0.0000,0.0000,5.0000
546,nodes,0,-5.7132,-1.9090,3.0000
546,nodes,1,5.7152,-1.9107,3.0000
546,nodes,2,-2.7596,2.7563,3.0000
546,nodes,3,2.7571,2.7567,3.0000
546,scouts,0,-4.2044,-1.9460,3.0000
546,scouts,1,-5.7044,-0.4460,3.0000
546,scouts,2,-7.2044,-1.9460,3.0000
546,scouts,3,-5.7044,-3.4460,3.0000
546,scouts,4,7.2068,-1.9476,3.0000
546,scouts,5,5.7068,-0.4476,3.0000
546,scouts,6,4.2068,-1.9476,3.0000
546,scouts,7,5.7068,-3.4476,3.0000
546,scouts,8,-1.2864,2.7832,3.0000
546,scouts,9,-2.7864,4.2832,3.0000
546,scouts,10,-4.2864,2.7832,3.0000
546,scouts,11,-2.7864,1.2832,3.0000
546,scouts,12,4.2838,2.7836,3.0000
546,scouts,13,2.7838,4.2836,3.0000
546,scouts,14,1.2838,2.7836,3.0000
546,scouts,15,2.7838,1.2836,3.0000
546,workers,0,-8.0077,8.0200,3.0000
546,workers,1,8.0009,8.0115,3.0000
546,workers,2,7.3674,-7.2523,3.0000
546,workers,3,-5.1288,-5.5116,3.0000
547,general,0,0.0000,0.0000,5.0000
547,nodes,0,-5.7145,-1.9034,3.0000
547,nodes,1,5.7165,-1.9051,3.0000
547,nodes,2,-2.7555,2.7522,3.0000
547,nodes,3,2.7529,2.7526,3.0000
547,scouts,0,-4.2058,-1.9403,3.0000
547,scouts,1,-5.7058,-0.4403,3.0000
547,scouts,2,-7.2058,-1.9403,3.0000
547,scouts,3,-5.7058,-3.4403,3.0000
547,scouts,4,7.2081,-1.9419,3.0000
547,scouts,5,5.7081,-0.4419,3.0000
547,scouts,6,4.2081,-1.9419,3.0000
547,scouts,7,5.7081,-3.4419,3.0000
547,scouts,8,-1.2823,2.7790,3.0000
547,scouts,9,-2.7823,4.2790,3.0000
547,scouts,10,-4.2823,2.7790,3.0000
547,scouts,11,-2.7823,1.2790,3.0000
547,scouts,12,4.2797,2.7795,3.0000
547,scouts,13,2.7797,4.2795,3.0000
547,scouts,14,1.2797,2.7795,3.0000
547,scouts,15,2.7797,1.2795,3.0000
547,workers,0,-8.0077,8.0200,3.0000
547,workers,1,8.0009,8.0115,3.0000
547,workers,2,7.3889,-7.2778,3.0000
547,workers,3,-5.1540,-5.5335,3.0000
548,general,0,0.0000,0.0000,5.0000
548,nodes,0,-5.7158,-1.8977,3.0000
548,nodes,1,5.7177,-1.8994,3.0000
548,nodes,2,-2.7514,2.7481,3.0000
548,nodes,3,2.7488,2.7485,3.0000
548,scouts,0,-4.2071,-1.9346,3.0000
548,scouts,1,-5.7071,-0.4346,3.0000
548,scouts,2,-7.2071,-1.9346,3.0000
548,scouts,3,-5.7071,-3.4346,3.0000
548,scouts,4,7.2094,-1.9362,3.0000
548,scouts,5,5.7094,-0.4362,3.0000
548,scouts,6,4.2094,-1.9362,3.0000
548,scouts,7,5.7094,-3.4362,3.0000
548,scouts,8,-1.2782,2.7749,3.0000
548,scouts,9,-2.7782,4.2749,3.0000
548,scouts,10,-4.2782,2.7749,3.0000
548,scouts,11,-2.7782,1.2749,3.0000
548,scouts,12,4.2756,2.7753,3.0000
548,scouts,13,2.7756,4.2753,3.0000
548,scouts,14,1.2756,2.7753,3.0000
548,scouts,15,2.7756,1.2753,3.0000
548,workers,0,-8.0077,8.0201,3.0000
548,workers,1,8.0009,8.0115,3.0000
548,workers,2,7.4104,-7.3032,3.0000
548,workers,3,-5.1792,-5.5553,3.0000
549,general,0,0.0000,0.0000,5.0000
549,nodes,0,-5.7172,-1.8919,3.0000
549,nodes,1,5.7190,-1.8938,3.0000
549,nodes,2,-2.7472,2.7440,3.0000
549,nodes,3,2.7448,2.7444,3.0000
549,scouts,0,-4.2084,-1.9289,3.0000
549,scouts,1,-5.7084,-0.4289,3.0000
549,scouts,2,-7.2084,-1.9289,3.0000
549,scouts,3,-5.7084,-3.4289,3.0000
549,scouts,4,7.2106,-1.9306,3.0000
549,scouts,5,5.7106,-0.4306,3.0000
549,scouts,6,4.2106,-1.9306,3.0000
549,scouts,7,5.7106,-3.4306,3.0000
549,scouts,8,-1.2740,2.7708,3.0000
549,scouts,9,-2.7740,4.2708,3.0000
549,scouts,10,-4.2740,2.7708,3.0000
549,scouts,11,-2.7740,1.2708,3.0000
549,scouts,12,4.2715,2.7712,3.0000
549,scouts,13,2.7715,4.2712,3.0000
549,scouts,14,1.2715,2.7712,3.0000
549,scouts,15,2.7715,1.2712,3.0000
549,workers,0,-8.0077,8.0201,3.0000
549,workers,1,8.0009,8.0116,3.0000
549,workers,2,7.4320,-7.3287,3.0000
549,workers,3,-5.2044,-5.5771,3.0000
550,general,0,0.0000,0.0000,5.0000
550,nodes,0,-5.7185,-1.8863,3.0000
550,nodes,1,5.7203,-1.8881,3.0000
550,nodes,2,-2.7431,2.7399,3.0000
550,nodes,3,2.7407,2.7402,3.0000
550,scouts,0,-4.2098,-1.9232,3.0000
550,scouts,1,-5.7098,-0.4232,3.0000
550,scouts,2,-7.2098,-1.9232,3.0000
550,scouts,3,-5.7098,-3.4232,3.0000
550,scouts,4,7.2119,-1.9249,3.0000
550,scouts,5,5.7119,-0.4249,3.0000
550,scouts,6,4.2119,-1.9249,3.0000
550,scouts,7,5.7119,-3.4249,3.0000
550,scouts,8,-1.2699,2.7667,3.0000
550,scouts,9,-2.7699,4.2667,3.0000
550,scouts,10,-4.2699,2.7667,3.0000
550,scouts,11,-2.7699,1.2667,3.0000
550,scouts,12,4.2674,2.7671,3.0000
550,scouts,13,2.7674,4.2671,3.0000
550,scouts,14,1.2674,2.7671,3.0000
550,scouts,15,2.7674,1.2671,3.0000
550,workers,0,-8.0077,8.0201,3.0000
550,workers,1,8.0009,8.0116,3.0000
550,workers,2,7.4535,-7.3541,3.0000
550,workers,3,-5.2296,-5.5990,3.0000
551,general,0,0.0000,0.0000,5.0000
551,nodes,0,-5.7199,-1.8806,3.0000
551,nodes,1,5.7216,-1.8824,3.0000
551,nodes,2,-2.7390,2.7358,3.0000
551,nodes,3,2.7366,2.7361,3.0000
551,scouts,0,-4.2111,-1.9176,3.0000
551,scouts,1,-5.7111,-0.4176,3.0000
551,scouts,2,-7.2111,-1.9176,3.0000
551,scouts,3,-5.7111,-3.4176,3.0000
551,scouts,4,7.2132,-1.9193,3.0000
551,scouts,5,5.7132,-0.4193,3.0000
551,scouts,6,4.2132,-1.9193,3.0000
551,scouts,7,5.7132,-3.4193,3.0000
551,scouts,8,-1.2658,2.7626,3.0000
551,scouts,9,-2.7658,4.2626,3.0000
551,scouts,10,-4.2658,2.7626,3.0000
551,scouts,11,-2.7658,1.2626,3.0000
551,scouts,12,4.2633,2.7629,3.0000
551,scouts,13,2.7633,4.2629,3.0000
551,scouts,14,1.2633,2.7629,3.0000
551,scouts,15,2.7633,1.2629,3.0000
551,workers,0,-8.0077,8.0201,3.0000
551,workers,1,8.0009,8.0116,3.0000
551,workers,2,7.4750,-7.3796,3.0000
551,workers,3,-5.2548,-5.6208,3.0000
552,general,0,0.0000,0.0000,5.0000
552,nodes,0,-5.7211,-1.8750,3.0000
552,nodes,1,5.7229,-1.8768,3.0000
552,nodes,2,-2.7349,2.7317,3.0000
552,nodes,3,2.7325,2.7320,3.0000
552,scouts,0,-4.2125,-1.9119,3.0000
552,scouts,1,-5.7125,-0.4119,3.0000
552,scouts,2,-7.2125,-1.9119,3.0000
552,scouts,3,-5.7125,-3.4119,3.0000
552,scouts,4,7.2145,-1.9136,3.0000
552,scouts,5,5.7145,-0.4136,3.0000
552,scouts,6,4.2145,-1.9136,3.0000
552,scouts,7,5.7145,-3.4136,3.0000
552,scouts,8,-1.2617,2.7584,3.0000
552,scouts,9,-2.7617,4.2584,3.0000
552,scouts,10,-4.2617,2.7584,3.0000
552,scouts,11,-2.7617,1.2584,3.0000
552,scouts,12,4.2592,2.7588,3.0000
552,scouts,13,2.7592,4.2588,3.0000
552,scouts,14,1.2592,2.7588,3.0000
552,scouts,15,2.7592,1.2588,3.0000
552,workers,0,-8.0077,8.0201,3.0000
552,workers,1,8.0009,8.0116,3.0000
552,workers,2,7.4966,-7.4050,3.0000
552,workers,3,-5.2799,-5.6426,3.0000
553,general,0,0.0000,0.0000,5.0000
553,nodes,0,-5.7224,-1.8693,3.0000
553,nodes,1,5.7242,-1.8710,3.0000
553,nodes,2,-2.7308,2.7275,3.0000
553,nodes,3,2.7284,2.7279,3.0000
553,scouts,0,-4.2138,-1.9062,3.0000
553,scouts,1,-5.7138,-0.4062,3.0000
553,scouts,2,-7.2138,-1.9062,3.0000
553,scouts,3,-5.7138,-3.4062,3.0000
553,scouts,4,7.2158,-1.9079,3.0000
553,scouts,5,5.7158,-0.4079,3.0000
553,scouts,6,4.2158,-1.9079,3.0000
553,scouts,7,5.7158,-3.4079,3.0000
553,scouts,8,-1.2576,2.7543,3.0000
553,scouts,9,-2.7576,4.2543,3.0000
553,scouts,10,-4.2576,2.7543,3.0000
553,scouts,11,-2.7576,1.2543,3.0000
553,scouts,12,4.2551,2.7547,3.0000
553,scouts,13,2.7551,4.2547,3.0000
553,scouts,14,1.2551,2.7547,3.0000
553,scouts,15,2.7551,1.2547,3.0000
553,workers,0,-8.0077,8.0201,3.0000
553,workers,1,8.0009,8.0116,3.0000
553,workers,2,7.5181,-7.4305,3.0000
553,workers,3,-5.3051,-5.6645,3.0000
554,general,0,0.0000,0.0000,5.0000
554,nodes,0,-5.7237,-1.8636,3.0000
554,nodes,1,5.7255,-1.8654,3.0000
554,nodes,2,-2.7266,2.7234,3.0000
554,nodes,3,2.7243,2.7238,3.0000
554,scouts,0,-4.2151,-1.9005,3.0000
554,scouts,1,-5.7151,-0.4005,3.0000
554,scouts,2,-7.2151,-1.9005,3.0000
554,scouts,3,-5.7151,-3.4005,3.0000
554,scouts,4,7.2171,-1.9022,3.0000
554,scouts,5,5.7171,-0.4022,3.0000
554,scouts,6,4.2171,-1.9022,3.0000
554,scouts,7,5.7171,-3.4022,3.0000
554,scouts,8,-1.2534,2.7502,3.0000
554,scouts,9,-2.7534,4.2502,3.0000
554,scouts,10,-4.2534,2.7502,3.0000
554,scouts,11,-2.7534,1.2502,3.0000
554,scouts,12,4.2510,2.7506,3.0000
554,scouts,13,2.7510,4.2506,3.0000
554,scouts,14,1.2510,2.7506,3.0000
554,scouts,15,2.7510,1.2506,3.0000
554,workers,0,-8.0077,8.0201,3.0000
554,workers,1,8.0009,8.0116,3.0000
554,workers,2,7.5396,-7.4559,3.0000
554,workers,3,-5.3303,-5.6863,3.0000
555,general,0,0.0000,0.0000,5.0000
555,nodes,0,-5.7250,-1.8580,3.0000
555,nodes,1,5.7268,-1.8597,3.0000
555,nodes,2,-2.7225,2.7192,3.0000
555,nodes,3,2.7202,2.7196,3.0000
555,scouts,0,-4.2164,-1.8948,3.0000
555,scouts,1,-5.7164,-0.3948,3.0000
555,scouts,2,-7.2164,-1.8948,3.0000
555,scouts,3,-5.7164,-3.3948,3.0000
555,scouts,4,7.2184,-1.8966,3.0000
555,scouts,5,5.7184,-0.3966,3.0000
555,scouts,6,4.2184,-1.8966,3.0000
555,scouts,7,5.7184,-3.3966,3.0000
555,scouts,8,-1.2493,2.7461,3.0000
555,scouts,9,-2.7493,4.2461,3.0000
555,scouts,10,-4.2493,2.7461,3.0000
555,scouts,11,-2.7493,1.2461,3.0000
555,scouts,12,4.2469,2.7464,3.0000
555,scouts,13,2.7469,4.2464,3.0000
555,scouts,14,1.2469,2.7464,3.0000
555,scouts,15,2.7469,1.2464,3.0000
555,workers,0,-8.0077,8.0201,3.0000
555,workers,1,8.0009,8.0116,3.0000
555,workers,2,7.5612,-7.4814,3.0000
555,workers,3,-5.3555,-5.7081,3.0000
556,general,0,0.0000,0.0000,5.0000
556,nodes,0,-5.7263,-1.8523,3.0000
556,nodes,1,5.7281,-1.8540,3.0000
556,nodes,2,-2.7184,2.7150,3.0000
556,nodes,3,2.7161,2.7155,3.0000
556,scouts,0,-4.2178,-1.8892,3.0000
556,scouts,1,-5.7178,-0.3892,3.0000
556,scouts,2,-7.2178,-1.8892,3.0000
556,scouts,3,-5.7178,-3.3892,3.0000
556,scouts,4,7.2197,-1.8909,3.0000
556,scouts,5,5.7197,-0.3909,3.0000
556,scouts,6,4.2197,-1.8909,3.0000
556,scouts,7,5.7197,-3.3909,3.0000
556,scouts,8,-1.2452,2.7419,3.0000
556,scouts,9,-2.7452,4.2419,3.0000
556,scouts,10,-4.2452,2.7419,3.0000
556,scouts,11,-2.7452,1.2419,3.0000
556,scouts,12,4.2428,2.7423,3.0000
556,scouts,13,2.7428,4.2423,3.0000
556,scouts,14,1.2428,2.7423,3.0000
556,scouts,15,2.7428,1.2423,3.0000
556,workers,0,-8.0077,8.0201,3.0000
556,workers,1,8.0009,8.0116,3.0000
556,workers,2,7.5827,-7.5068,3.0000
556,workers,3,-5.3807,-5.7299,3.0000
557,general,0,0.0000,0.0000,5.0000
557,nodes,0,-5.7276,-1.8465,3.0000
557,nodes,1,5.7295,-1.8483,3.0000
557,nodes,2,-2.7142,2.7108,3.0000
557,nodes,3,2.7120,2.7114,3.0000
557,scouts,0,-4.2191,-1.8835,3.0000
557,scouts,1,-5.7191,-0.3835,3.0000
557,scouts,2,-7.2191,-1.8835,3.0000
557,scouts,3,-5.7191,-3.3835,3.0000
557,scouts,4,7.2210,-1.8852,3.0000
557,scouts,5,5.7210,-0.3852,3.0000
557,scouts,6,4.2210,-1.8852,3.0000
557,scouts,7,5.7210,-3.3852,3.0000
557,scouts,8,-1.2410,2.7378,3.0000
557,scouts,9,-2.7410,4.2378,3.0000
557,scouts,10,-4.2410,2.7378,3.0000
557,scouts,11,-2.7410,1.2378,3.0000
557,scouts,12,4.2387,2.7382,3.0000
557,scouts,13,2.7387,4.2382,3.0000
557,scouts,14,1.2387,2.7382,3.0000
557,scouts,15,2.7387,1.2382,3.0000
557,workers,0,-8.0077,8.0201,3.0000
557,workers,1,8.0009,8.0116,3.0000
557,workers,2,7.6042,-7.5323,3.0000
557,workers,3,-5.4059,-5.7518,3.0000
558,general,0,0.0000,0.0000,5.0000
558,nodes,0,-5.7289,-1.8408,3.0000
558,nodes,1,5.7308,-1.8426,3.0000
558,nodes,2,-2.7101,2.7067,3.0000
558,nodes,3,2.7080,2.7073,3.0000
558,scouts,0,-4.2204,-1.8778,3.0000
558,scouts,1,-5.7204,-0.3778,3.0000
558,scouts,2,-7.2204,-1.8778,3.0000
558,scouts,3,-5.7204,-3.3778,3.0000
558,scouts,4,7.2223,-1.8795,3.0000
558,scouts,5,5.7223,-0.3795,3.0000
558,scouts,6,4.2223,-1.8795,3.0000
558,scouts,7,5.7223,-3.3795,3.0000
558,scouts,8,-1.2369,2.7336,3.0000
558,scouts,9,-2.7369,4.2336,3.0000
558,scouts,10,-4.2369,2.7336,3.0000
558,scouts,11,-2.7369,1.2336,3.0000
558,scouts,12,4.2346,2.7341,3.0000
558,scouts,13,2.7346,4.2341,3.0000
558,scouts,14,1.2346,2.7341,3.0000
558,scouts,15,2.7346,1.2341,3.0000
558,workers,0,-8.0077,8.0201,3.0000
558,workers,1,8.0009,8.0116,3.0000
558,workers,2,7.6257,-7.5577,3.0000
558,workers,3,-5.4311,-5.7736,3.0000
559,general,0,0.0000,0.0000,5.0000
559,nodes,0,-5.7302,-1.8351,3.0000
559,nodes,1,5.7321,-1.8369,3.0000
559,nodes,2,-2.7060,2.7026,3.0000
559,nodes,3,2.7038,2.7031,3.0000
559,scouts,0,-4.2217,-1.8721,3.0000
559,scouts,1,-5.7217,-0.3721,3.0000
559,scouts,2,-7.2217,-1.8721,3.0000
559,scouts,3,-5.7217,-3.3721,3.0000
559,scouts,4,7.2236,-1.8738,3.0000
559,scouts,5,5.7236,-0.3738,3.0000
559,scouts,6,4.2236,-1.8738,3.0000
559,scouts,7,5.7236,-3.3738,3.0000
559,scouts,8,-1.2328,2.7295,3.0000
559,scouts,9,-2.7328,4.2295,3.0000
559,scouts,10,-4.2328,2.7295,3.0000
559,scouts,11,-2.7328,1.2295,3.0000
559,scouts,12,4.2305,2.7299,3.0000
559,scouts,13,2.7305,4.2299,3.0000
559,scouts,14,1.2305,2.7299,3.0000
559,scouts,15,2.7305,1.2299,3.0000
559,workers,0,-8.0077,8.0201,3.0000
559,workers,1,8.0009,8.0116,3.0000
559,workers,2,7.6473,-7.5831,3.0000
559,workers,3,-5.4563,-5.7954,3.0000
560,general,0,0.0000,0.0000,5.0000
560,nodes,0,-5.7315,-1.8294,3.0000
560,nodes,1,5.7334,-1.8311,3.0000
560,nodes,2,-2.7019,2.6984,3.0000
560,nodes,3,2.6997,2.6990,3.0000
560,scouts,0,-4.2230,-1.8664,3.0000
560,scouts,1,-5.7230,-0.3664,3.0000
560,scouts,2,-7.2230,-1.8664,3.0000
560,scouts,3,-5.7230,-3.3664,3.0000
560,scouts,4,7.2249,-1.8681,3.0000
560,scouts,5,5.7249,-0.3681,3.0000
560,scouts,6,4.2249,-1.8681,3.0000
560,scouts,7,5.7249,-3.3681,3.0000
560,scouts,8,-1.2287,2.7254,3.0000
560,scouts,9,-2.7287,4.2254,3.0000
560,scouts,10,-4.2287,2.7254,3.0000
560,scouts,11,-2.7287,1.2254,3.0000
560,scouts,12,4.2264,2.7258,3.0000
560,scouts,13,2.7264,4.2258,3.0000
560,scouts,14,1.2264,2.7258,3.0000
560,scouts,15,2.7264,1.2258,3.0000
560,workers,0,-8.0077,8.0201,3.0000
560,workers,1,8.0009,8.0116,3.0000
560,workers,2,7.6688,-7.6086,3.0000
560,workers,3,-5.4815,-5.8173,3.0000
561,general,0,0.0000,0.0000,5.0000
561,nodes,0,-5.7328,-1.8237,3.0000
561,nodes,1,5.7347,-1.8255,3.0000
561,nodes,2,-2.6977,2.6943,3.0000
561,nodes,3,2.6956,2.6949,3.0000
561,scouts,0,-4.2243,-1.8607,3.0000
561,scouts,1,-5.7243,-0.3607,3.0000
561,scouts,2,-7.2243,-1.8607,3.0000
561,scouts,3,-5.7243,-3.3607,3.0000
561,scouts,4,7.2262,-1.8625,3.0000
561,scouts,5,5.7262,-0.3625,3.0000
561,scouts,6,4.2262,-1.8625,3.0000
561,scouts,7,5.7262,-3.3625,3.0000
561,scouts,8,-1.2245,2.7212,3.0000
561,scouts,9,-2.7245,4.2212,3.0000
561,scouts,10,-4.2245,2.7212,3.0000
561,scouts,11,-2.7245,1.2212,3.0000
561,scouts,12,4.2223,2.7217,3.0000
561,scouts,13,2.7223,4.2217,3.0000
561,scouts,14,1.2223,2.7217,3.0000
561,scouts,15,2.7223,1.2217,3.0000
561,workers,0,-8.0077,8.0201,3.0000
561,workers,1,8.0009,8.0116,3.0000
561,workers,2,7.6903,-7.6340,3.0000
561,workers,3,-5.5067,-5.8391,3.0000
562,general,0,0.0000,0.0000,5.0000
562,nodes,0,-5.7341,-1.8181,3.0000
562,nodes,1,5.7360,-1.8198,3.0000
562,nodes,2,-2.6936,2.6902,3.0000
562,nodes,3,2.6914,2.6907,3.0000
562,scouts,0,-4.2256,-1.8550,3.0000
562,scouts,1,-5.7256,-0.3550,3.0000
562,scouts,2,-7.2256,-1.8550,3.0000
562,scouts,3,-5.7256,-3.3550,3.0000
562,scouts,4,7.2275,-1.8568,3.0000
562,scouts,5,5.7275,-0.3568,3.0000
562,scouts,6,4.2275,-1.8568,3.0000
562,scouts,7,5.7275,-3.3568,3.0000
562,scouts,8,-1.2204,2.7171,3.0000
562,scouts,9,-2.7204,4.2171,3.0000
562,scouts,10,-4.2204,2.7171,3.0000
562,scouts,11,-2.7204,1.2171,3.0000
562,scouts,12,4.2181,2.7176,3.0000
562,scouts,13,2.7181,4.2176,3.0000
562,scouts,14,1.2181,2.7176,3.0000
562,scouts,15,2.7181,1.2176,3.0000
562,workers,0,-8.0077,8.0201,3.0000
562,workers,1,8.0009,8.0116,3.0000
562,workers,2,7.7119,-7.6595,3.0000
562,workers,3,-5.5318,-5.8609,3.0000
563,general,0,0.0000,0.0000,5.0000
563,nodes,0,-5.7354,-1.8124,3.0000
563,nodes,1,5.7373,-1.8142,3.0000
563,nodes,2,-2.6895,2.6861,3.0000
563,nodes,3,2.6872,2.6866,3.0000
563,scouts,0,-4.2269,-1.8494,3.0000
563,scouts,1,-5.7269,-0.3494,3.0000
563,scouts,2,-7.2269,-1.8494,3.0000
563,scouts,3,-5.7269,-3.3494,3.0000
563,scouts,4,7.2288,-1.8511,3.0000
563,scouts,5,5.7288,-0.3511,3.0000
563,scouts,6,4.2288,-1.8511,3.0000
563,scouts,7,5.7288,-3.3511,3.0000
563,scouts,8,-1.2163,2.7129,3.0000
563,scouts,9,-2.7163,4.2129,3.0000
563,scouts,10,-4.2163,2.7129,3.0000
563,scouts,11,-2.7163,1.2129,3.0000
563,scouts,12,4.2140,2.7134,3.0000
563,scouts,13,2.7140,4.2134,3.0000
563,scouts,14,1.2140,2.7134,3.0000
563,scouts,15,2.7140,1.2134,3.0000
563,workers,0,-8.0077,8.0201,3.0000
563,workers,1,8.0009,8.0116,3.0000
563,workers,2,7.7334,-7.6849,3.0000
563,workers,3,-5.5570,-5.8828,3.0000
564,general,0,0.0000,0.0000,5.0000
564,nodes,0,-5.7367,-1.8067,3.0000
564,nodes,1,5.7386,-1.8086,3.0000
564,nodes,2,-2.6853,2.6820,3.0000
564,nodes,3,2.6830,2.6824,3.0000
564,scouts,0,-4.2282,-1.8437,3.0000
564,scouts,1,-5.7282,-0.3437,3.0000
564,scouts,2,-7.2282,-1.8437,3.0000
564,scouts,3,-5.7282,-3.3437,3.0000
564,scouts,4,7.2301,-1.8454,3.0000
564,scouts,5,5.7301,-0.3454,3.0000
564,scouts,6,4.2301,-1.8454,3.0000
564,scouts,7,5.7301,-3.3454,3.0000
564,scouts,8,-1.2122,2.7088,3.0000
564,scouts,9,-2.7122,4.2088,3.0000
564,scouts,10,-4.2122,2.7088,3.0000
564,scouts,11,-2.7122,1.2088,3.0000
564,scouts,12,4.2099,2.7093,3.0000
564,scouts,13,2.7099,4.2093,3.0000
564,scouts,14,1.2099,2.7093,3.0000
564,scouts,15,2.7099,1.2093,3.0000
564,workers,0,-8.0077,8.0201,3.0000
564,workers,1,8.0009,8.0116,3.0000
564,workers,2,7.7549,-7.7104,3.0000
564,workers,3,-5.5822,-5.9046,3.0000
565,general,0,0.0000,0.0000,5.0000
565,nodes,0,-5.7380,-1.8010,3.0000
565,nodes,1,5.7399,-1.8029,3.0000
565,nodes,2,-2.6812,2.6779,3.0000
565,nodes,3,2.6789,2.6783,3.0000
565,scouts,0,-4.2295,-1.8380,3.0000
565,scouts,1,-5.7295,-0.3380,3.0000
565,scouts,2,-7.2295,-1.8380,3.0000
565,scouts,3,-5.7295,-3.3380,3.0000
565,scouts,4,7.2314,-1.8397,3.0000
565,scouts,5,5.7314,-0.3397,3.0000
565,scouts,6,4.2314,-1.8397,3.0000
565,scouts,7,5.7314,-3.3397,3.0000
565,scouts,8,-1.2080,2.7047,3.0000
565,scouts,9,-2.7080,4.2047,3.0000
565,scouts,10,-4.2080,2.7047,3.0000
565,scouts,11,-2.7080,1.2047,3.0000
565,scouts,12,4.2058,2.7052,3.0000
565,scouts,13,2.7058,4.2052,3.0000
565,scouts,14,1.2058,2.7052,3.0000
565,scouts,15,2.7058,1.2052,3.0000
565,workers,0,-8.0077,8.0201,3.0000
565,workers,1,8.0009,8.0116,3.0000
565,workers,2,7.7765,-7.7358,3.0000
565,workers,3,-5.6074,-5.9264,3.0000
566,general,0,0.0000,0.0000,5.0000
566,nodes,0,-5.7393,-1.7953,3.0000
566,nodes,1,5.7412,-1.7972,3.0000
566,nodes,2,-2.6771,2.6737,3.0000
566,nodes,3,2.6749,2.6743,3.0000
566,scouts,0,-4.2308,-1.8323,3.0000
566,scouts,1,-5.7308,-0.3323,3.0000
566,scouts,2,-7.2308,-1.8323,3.0000
566,scouts,3,-5.7308,-3.3323,3.0000
566,scouts,4,7.2327,-1.8341,3.0000
566,scouts,5,5.7327,-0.3341,3.0000
566,scouts,6,4.2327,-1.8341,3.0000
566,scouts,7,5.7327,-3.3341,3.0000
566,scouts,8,-1.2039,2.7006,3.0000
566,scouts,9,-2.7039,4.2006,3.0000
566,scouts,10,-4.2039,2.7006,3.0000
566,scouts,11,-2.7039,1.2006,3.0000
566,scouts,12,4.2016,2.7011,3.0000
566,scouts,13,2.7016,4.2011,3.0000
566,scouts,14,1.2016,2.7011,3.0000
566,scouts,15,2.7016,1.2011,3.0000
566,workers,0,-8.0078,8.0202,3.0000
566,workers,1,8.0009,8.0116,3.0000
566,workers,2,7.7980,-7.7613,3.0000
566,workers,3,-5.6326,-5.9483,3.0000
567,general,0,0.0000,0.0000,5.0000
567,nodes,0,-5.7406,-1.7896,3.0000
567,nodes,1,5.7425,-1.7916,3.0000
567,nodes,2,-2.6729,2.6696,3.0000
567,nodes,3,2.6709,2.6701,3.0000
567,scouts,0,-4.2321,-1.8266,3.0000
567,scouts,1,-5.7321,-0.3266,3.0000
567,scouts,2,-7.2321,-1.8266,3.0000
567,scouts,3,-5.7321,-3.3266,3.0000
567,scouts,4,7.2340,-1.8284,3.0000
567,scouts,5,5.7340,-0.3284,3.0000
567,scouts,6,4.2340,-1.8284,3.0000
567,scouts,7,5.7340,-3.3284,3.0000
567,scouts,8,-1.1998,2.6964,3.0000
567,scouts,9,-2.6998,4.1964,3.0000
567,scouts,10,-4.1998,2.6964,3.0000
567,scouts,11,-2.6998,1.1964,3.0000
567,scouts,12,4.1975,2.6969,3.0000
567,scouts,13,2.6975,4.1969,3.0000
567,scouts,14,1.1975,2.6969,3.0000
567,scouts,15,2.6975,1.1969,3.0000
567,workers,0,-8.0078,8.0202,3.0000
567,workers,1,8.0009,8.0116,3.0000
567,workers,2,7.8195,-7.7867,3.0000
567,workers,3,-5.6578,-5.9701,3.0000
568,general,0,0.0000,0.0000,5.0000
568,nodes,0,-5.7419,-1.7839,3.0000
568,nodes,1,5.7438,-1.7858,3.0000
568,nodes,2,-2.6688,2.6654,3.0000
568,nodes,3,2.6667,2.6660,3.0000
568,scouts,0,-4.2334,-1.8209,3.0000
568,scouts,1,-5.7334,-0.3209,3.0000
568,scouts,2,-7.2334,-1.8209,3.0000
568,scouts,3,-5.7334,-3.3209,3.0000
568,scouts,4,7.2353,-1.8227,3.0000
568,scouts,5,5.7353,-0.3227,3.0000
568,scouts,6,4.2353,-1.8227,3.0000
568,scouts,7,5.7353,-3.3227,3.0000
568,scouts,8,-1.1956,2.6923,3.0000
568,scouts,9,-2.6956,4.1923,3.0000
568,scouts,10,-4.1956,2.6923,3.0000
568,scouts,11,-2.6956,1.1923,3.0000
568,scouts,12,4.1934,2.6928,3.0000
568,scouts,13,2.6934,4.1928,3.0000
568,scouts,14,1.1934,2.6928,3.0000
568,scouts,15,2.6934,1.1928,3.0000
568,workers,0,-8.0078,8.0202,3.0000
568,workers,1,8.0009,8.0116,3.0000
568,workers,2,7.8389,-7.8096,3.0000
568,workers,3,-5.6830,-5.9919,3.0000
569,general,0,0.0000,0.0000,5.0000
569,nodes,0,-5.7432,-1.7782,3.0000
569,nodes,1,5.7450,-1.7802,3.0000
569,nodes,2,-2.6646,2.6613,3.0000
569,nodes,3,2.6626,2.6619,3.0000
569,scouts,0,-4.2347,-1.8152,3.0000
569,scouts,1,-5.7347,-0.3152,3.0000
569,scouts,2,-7.2347,-1.8152,3.0000
569,scouts,3,-5.7347,-3.3152,3.0000
569,scouts,4,7.2366,-1.8171,3.0000
569,scouts,5,5.7366,-0.3171,3.0000
569,scouts,6,4.2366,-1.8171,3.0000
569,scouts,7,5.7366,-3.3171,3.0000
569,scouts,8,-1.1915,2.6882,3.0000
569,scouts,9,-2.6915,4.1882,3.0000
569,scouts,10,-4.1915,2.6882,3.0000
569,scouts,11,-2.6915,1.1882,3.0000
569,scouts,12,4.1893,2.6887,3.0000
569,scouts,13,2.6893,4.1887,3.0000
569,scouts,14,1.1893,2.6887,3.0000
569,scouts,15,2.6893,1.1887,3.0000
569,workers,0,-8.0078,8.0202,3.0000
569,workers,1,8.0009,8.0116,3.0000
569,workers,2,7.8563,-7.8302,3.0000
569,workers,3,-5.7082,-6.0137,3.0000
570,general,0,0.0000,0.0000,5.0000
570,nodes,0,-5.7445,-1.7726,3.0000
570,nodes,1,5.7463,-1.7745,3.0000
570,nodes,2,-2.6605,2.6572,3.0000
570,nodes,3,2.6584,2.6578,3.0000
570,scouts,0,-4.2360,-1.8095,3.0000
570,scouts,1,-5.7360,-0.3095,3.0000
570,scouts,2,-7.2360,-1.8095,3.0000
570,scouts,3,-5.7360,-3.3095,3.0000
570,scouts,4,7.2379,-1.8114,3.0000
570,scouts,5,5.7379,-0.3114,3.0000
570,scouts,6,4.2379,-1.8114,3.0000
570,scouts,7,5.7379,-3.3114,3.0000
570,scouts,8,-1.1874,2.6840,3.0000
570,scouts,9,-2.6874,4.1840,3.0000
570,scouts,10,-4.1874,2.6840,3.0000
570,scouts,11,-2.6874,1.1840,3.0000
570,scouts,12,4.1852,2.6846,3.0000
570,scouts,13,2.6852,4.1846,3.0000
570,scouts,14,1.1852,2.6846,3.0000
570,scouts,15,2.6852,1.1846,3.0000
570,workers,0,-8.0078,8.0202,3.0000
570,workers,1,8.0009,8.0116,3.0000
570,workers,2,7.8720,-7.8488,3.0000
570,workers,3,-5.7334,-6.0356,3.0000
571,general,0,0.0000,0.0000,5.0000
571,nodes,0,-5.7459,-1.7669,3.0000
571,nodes,1,5.7477,-1.7690,3.0000
571,nodes,2,-2.6563,2.6530,3.0000
571,nodes,3,2.6543,2.6537,3.0000
571,scouts,0,-4.2373,-1.8038,3.0000
571,scouts,1,-5.7373,-0.3038,3.0000
571,scouts,2,-7.2373,-1.8038,3.0000
571,scouts,3,-5.7373,-3.3038,3.0000
571,scouts,4,7.2392,-1.8057,3.0000
571,scouts,5,5.7392,-0.3057,3.0000
571,scouts,6,4.2392,-1.8057,3.0000
571,scouts,7,5.7392,-3.3057,3.0000
571,scouts,8,-1.1832,2.6799,3.0000
571,scouts,9,-2.6832,4.1799,3.0000
571,scouts,10,-4.1832,2.6799,3.0000
571,scouts,11,-2.6832,1.1799,3.0000
571,scouts,12,4.1811,2.6805,3.0000
571,scouts,13,2.6811,4.1805,3.0000
571,scouts,14,1.1811,2.6805,3.0000
571,scouts,15,2.6811,1.1805,3.0000
571,workers,0,-8.0078,8.0202,3.0000
571,workers,1,8.0009,8.0116,3.0000
571,workers,2,7.8862,-7.8655,3.0000
571,workers,3,-5.7585,-6.0574,3.0000
572,general,0,0.0000,0.0000,5.0000
572,nodes,0,-5.7472,-1.7612,3.0000
572,nodes,1,5.7490,-1.7634,3.0000
572,nodes,2,-2.6522,2.6489,3.0000
572,nodes,3,2.6502,2.6495,3.0000
572,scouts,0,-4.2387,-1.7982,3.0000
572,scouts,1,-5.7387,-0.2982,3.0000
572,scouts,2,-7.2387,-1.7982,3.0000
572,scouts,3,-5.7387,-3.2982,3.0000
572,scouts,4,7.2405,-1.8001,3.0000
572,scouts,5,5.7405,-0.3001,3.0000
572,scouts,6,4.2405,-1.8001,3.0000
572,scouts,7,5.7405,-3.3001,3.0000
572,scouts,8,-1.1791,2.6758,3.0000
572,scouts,9,-2.6791,4.1758,3.0000
572,scouts,10,-4.1791,2.6758,3.0000
572,scouts,11,-2.6791,1.1758,3.0000
572,scouts,12,4.1770,2.6763,3.0000
572,scouts,13,2.6770,4.1763,3.0000
572,scouts,14,1.1770,2.6763,3.0000
572,scouts,15,2.6770,1.1763,3.0000
572,workers,0,-8.0078,8.0202,3.0000
572,workers,1,8.0009,8.0116,3.0000
572,workers,2,7.8989,-7.8805,3.0000
572,workers,3,-5.7837,-6.0792,3.0000
573,general,0,0.0000,0.0000,5.0000
573,nodes,0,-5.7486,-1.7555,3.0000
573,nodes,1,5.7504,-1.7577,3.0000
573,nodes,2,-2.6480,2.6447,3.0000
573,nodes,3,2.6461,2.6454,3.0000
573,scouts,0,-4.2400,-1.7925,3.0000
573,scouts,1,-5.7400,-0.2925,3.0000
573,scouts,2,-7.2400,-1.7925,3.0000
573,scouts,3,-5.7400,-3.2925,3.0000
573,scouts,4,7.2418,-1.7944,3.0000
573,scouts,5,5.7418,-0.2944,3.0000
573,scouts,6,4.2418,-1.7944,3.0000
573,scouts,7,5.7418,-3.2944,3.0000
573,scouts,8,-1.1749,2.6716,3.0000
573,scouts,9,-2.6749,4.1716,3.0000
573,scouts,10,-4.1749,2.6716,3.0000
573,scouts,11,-2.6749,1.1716,3.0000
573,scouts,12,4.1729,2.6722,3.0000
573,scouts,13,2.6729,4.1722,3.0000
573,scouts,14,1.1729,2.6722,3.0000
573,scouts,15,2.6729,1.1722,3.0000
573,workers,0,-8.0078,8.0202,3.0000
573,workers,1,8.0009,8.0116,3.0000
573,workers,2,7.9103,-7.8940,3.0000
573,workers,3,-5.8089,-6.1011,3.0000
574,general,0,0.0000,0.0000,5.0000
574,nodes,0,-5.7499,-1.7497,3.0000
574,nodes,1,5.7517,-1.7521,3.0000
574,nodes,2,-2.6439,2.6406,3.0000
574,nodes,3,2.6420,2.6412,3.0000
574,scouts,0,-4.2413,-1.7868,3.0000
574,scouts,1,-5.7413,-0.2868,3.0000
574,scouts,2,-7.2413,-1.7868,3.0000
574,scouts,3,-5.7413,-3.2868,3.0000
574,scouts,4,7.2432,-1.7888,3.0000
574,scouts,5,5.7432,-0.2888,3.0000
574,scouts,6,4.2432,-1.7888,3.0000
574,scouts,7,5.7432,-3.2888,3.0000
574,scouts,8,-1.1708,2.6675,3.0000
574,scouts,9,-2.6708,4.1675,3.0000
574,scouts,10,-4.1708,2.6675,3.0000
574,scouts,11,-2.6708,1.1675,3.0000
574,scouts,12,4.1687,2.6681,3.0000
574,scouts,13,2.6687,4.1681,3.0000
574,scouts,14,1.1687,2.6681,3.0000
574,scouts,15,2.6687,1.1681,3.0000
574,workers,0,-8.0078,8.0202,3.0000
574,workers,1,8.0009,8.0116,3.0000
574,workers,2,7.9206,-7.9062,3.0000
574,workers,3,-5.8341,-6.1229,3.0000
575,general,0,0.0000,0.0000,5.0000
575,nodes,0,-5.7511,-1.7440,3.0000
575,nodes,1,5.7530,-1.7463,3.0000
575,nodes,2,-2.6397,2.6364,3.0000
575,nodes,3,2.6378,2.6372,3.0000
575,scouts,0,-4.2426,-1.7811,3.0000
575,scouts,1,-5.7426,-0.2811,3.0000
575,scouts,2,-7.2426,-1.7811,3.0000
575,scouts,3,-5.7426,-3.2811,3.0000
575,scouts,4,7.2445,-1.7831,3.0000
575,scouts,5,5.7445,-0.2831,3.0000
575,scouts,6,4.2445,-1.7831,3.0000
575,scouts,7,5.7445,-3.2831,3.0000
575,scouts,8,-1.1666,2.6633,3.0000
575,scouts,9,-2.6666,4.1633,3.0000
575,scouts,10,-4.1666,2.6633,3.0000
575,scouts,11,-2.6666,1.1633,3.0000
575,scouts,12,4.1646,2.6640,3.0000
575,scouts,13,2.6646,4.1640,3.0000
575,scouts,14,1.1646,2.6640,3.0000
575,scouts,15,2.6646,1.1640,3.0000
575,workers,0,-8.0078,8.0202,3.0000
575,workers,1,8.0009,8.0116,3.0000
575,workers,2,7.9299,-7.9171,3.0000
575,workers,3,-5.8593,-6.1447,3.0000
576,general,0,0.0000,0.0000,5.0000
576,nodes,0,-5.7524,-1.7383,3.0000
576,nodes,1,5.7543,-1.7406,3.0000
576,nodes,2,-2.6356,2.6323,3.0000
576,nodes,3,2.6337,2.6330,3.0000
576,scouts,0,-4.2439,-1.7754,3.0000
576,scouts,1,-5.7439,-0.2754,3.0000
576,scouts,2,-7.2439,-1.7754,3.0000
576,scouts,3,-5.7439,-3.2754,3.0000
576,scouts,4,7.2458,-1.7775,3.0000
576,scouts,5,5.7458,-0.2775,3.0000
576,scouts,6,4.2458,-1.7775,3.0000
576,scouts,7,5.7458,-3.2775,3.0000
576,scouts,8,-1.1625,2.6592,3.0000
576,scouts,9,-2.6625,4.1592,3.0000
576,scouts,10,-4.1625,2.6592,3.0000
576,scouts,11,-2.6625,1.1592,3.0000
576,scouts,12,4.1605,2.6598,3.0000
576,scouts,13,2.6605,4.1598,3.0000
576,scouts,14,1.1605,2.6598,3.0000
576,scouts,15,2.6605,1.1598,3.0000
576,workers,0,-8.0078,8.0202,3.0000
576,workers,1,8.0009,8.0116,3.0000
576,workers,2,7.9382,-7.9270,3.0000
576,workers,3,-5.8845,-6.1666,3.0000
577,general,0,0.0000,0.0000,5.0000
577,nodes,0,-5.7538,-1.7326,3.0000
577,nodes,1,5.7557,-1.7349,3.0000
577,nodes,2,-2.6315,2.6281,3.0000
577,nodes,3,2.6297,2.6289,3.0000
577,scouts,0,-4.2452,-1.7697,3.0000
577,scouts,1,-5.7452,-0.2697,3.0000
577,scouts,2,-7.2452,-1.7697,3.0000
577,scouts,3,-5.7452,-3.2697,3.0000
577,scouts,4,7.2471,-1.7718,3.0000
577,scouts,5,5.7471,-0.2718,3.0000
577,scouts,6,4.2471,-1.7718,3.0000
577,scouts,7,5.7471,-3.2718,3.0000
577,scouts,8,-1.1584,2.6550,3.0000
577,scouts,9,-2.6584,4.1550,3.0000
577,scouts,10,-4.1584,2.6550,3.0000
577,scouts,11,-2.6584,1.1550,3.0000
577,scouts,12,4.1564,2.6557,3.0000
577,scouts,13,2.6564,4.1557,3.0000
577,scouts,14,1.1564,2.6557,3.0000
577,scouts,15,2.6564,1.1557,3.0000
577,workers,0,-8.0078,8.0202,3.0000
577,workers,1,8.0009,8.0116,3.0000
577,workers,2,7.9457,-7.9359,3.0000
577,workers,3,-5.9097,-6.1884,3.0000
578,general,0,0.0000,0.0000,5.0000
578,nodes,0,-5.7551,-1.7269,3.0000
578,nodes,1,5.7570,-1.7292,3.0000
578,nodes,2,-2.6273,2.6239,3.0000
578,nodes,3,2.6255,2.6248,3.0000
578,scouts,0,-4.2466,-1.7640,3.0000
578,scouts,1,-5.7466,-0.2640,3.0000
578,scouts,2,-7.2466,-1.7640,3.0000
578,scouts,3,-5.7466,-3.2640,3.0000
578,scouts,4,7.2484,-1.7661,3.0000
578,scouts,5,5.7484,-0.2661,3.0000
578,scouts,6,4.2484,-1.7661,3.0000
578,scouts,7,5.7484,-3.2661,3.0000
578,scouts,8,-1.1542,2.6509,3.0000
578,scouts,9,-2.6542,4.1509,3.0000
578,scouts,10,-4.1542,2.6509,3.0000
578,scouts,11,-2.6542,1.1509,3.0000
578,scouts,12,4.1523,2.6516,3.0000
578,scouts,13,2.6523,4.1516,3.0000
578,scouts,14,1.1523,2.6516,3.0000
578,scouts,15,2.6523,1.1516,3.0000
578,workers,0,-8.0078,8.0202,3.0000
578,workers,1,8.0009,8.0116,3.0000
578,workers,2,7.9525,-7.9439,3.0000
578,workers,3,-5.9349,-6.2102,3.0000
579,general,0,0.0000,0.0000,5.0000
579,nodes,0,-5.7564,-1.7212,3.0000
579,nodes,1,5.7583,-1.7236,3.0000
579,nodes,2,-2.6232,2.6198,3.0000
579,nodes,3,2.6214,2.6207,3.0000
579,scouts,0,-4.2479,-1.7583,3.0000
579,scouts,1,-5.7479,-0.2583,3.0000
579,scouts,2,-7.2479,-1.7583,3.0000
579,scouts,3,-5.7479,-3.2583,3.0000
579,scouts,4,7.2497,-1.7604,3.0000
579,scouts,5,5.7497,-0.2604,3.0000
579,scouts,6,4.2497,-1.7604,3.0000
579,scouts,7,5.7497,-3.2604,3.0000
579,scouts,8,-1.1501,2.6468,3.0000
579,scouts,9,-2.6501,4.1468,3.0000
579,scouts,10,-4.1501,2.6468,3.0000
579,scouts,11,-2.6501,1.1468,3.0000
579,scouts,12,4.1482,2.6475,3.0000
579,scouts,13,2.6482,4.1475,3.0000
579,scouts,14,1.1482,2.6475,3.0000
579,scouts,15,2.6482,1.1475,3.0000
579,workers,0,-8.0078,8.0202,3.0000
579,workers,1,8.0009,8.0116,3.0000
579,workers,2,7.9586,-7.9511,3.0000
579,workers,3,-5.9601,-6.2321,3.0000
580,general,0,0.0000,0.0000,5.0000
580,nodes,0,-5.7577,-1.7155,3.0000
580,nodes,1,5.7596,-1.7179,3.0000
580,nodes,2,-2.6190,2.6156,3.0000
580,nodes,3,2.6172,2.6165,3.0000
580,scouts,0,-4.2492,-1.7526,3.0000
580,scouts,1,-5.7492,-0.2526,3.0000
580,scouts,2,-7.2492,-1.7526,3.0000
580,scouts,3,-5.7492,-3.2526,3.0000
580,scouts,4,7.2511,-1.7548,3.0000
580,scouts,5,5.7511,-0.2548,3.0000
580,scouts,6,4.2511,-1.7548,3.0000
580,scouts,7,5.7511,-3.2548,3.0000
580,scouts,8,-1.1459,2.6426,3.0000
580,scouts,9,-2.6459,4.1426,3.0000
580,scouts,10,-4.1459,2.6426,3.0000
580,scouts,11,-2.6459,1.1426,3.0000
580,scouts,12,4.1440,2.6433,3.0000
580,scouts,13,2.6440,4.1433,3.0000
580,scouts,14,1.1440,2.6433,3.0000
580,scouts,15,2.6440,1.1433,3.0000
580,workers,0,-8.0078,8.0202,3.0000
580,workers,1,8.0009,8.0116,3.0000
580,workers,2,7.9641,-7.9575,3.0000
580,workers,3,-5.9853,-6.2539,3.0000
581,general,0,0.0000,0.0000,5.0000
581,nodes,0,-5.7590,-1.7098,3.0000
581,nodes,1,5.7609,-1.7121,3.0000
581,nodes,2,-2.6149,2.6115,3.0000
581,nodes,3,2.6132,2.6124,3.0000
581,scouts,0,-4.2505,-1.7469,3.0000
581,scouts,1,-5.7505,-0.2469,3.0000
581,scouts,2,-7.2505,-1.7469,3.0000
581,scouts,3,-5.7505,-3.2469,3.0000
581,scouts,4,7.2524,-1.7491,3.0000
581,scouts,5,5.7524,-0.2491,3.0000
581,scouts,6,4.2524,-1.7491,3.0000
581,scouts,7,5.7524,-3.2491,3.0000
581,scouts,8,-1.1418,2.6385,3.0000
581,scouts,9,-2.6418,4.1385,3.0000
581,scouts,10,-4.1418,2.6385,3.0000
581,scouts,11,-2.6418,1.1385,3.0000
581,scouts,12,4.1399,2.6392,3.0000
581,scouts,13,2.6399,4.1392,3.0000
581,scouts,14,1.1399,2.6392,3.0000
581,scouts,15,2.6399,1.1392,3.0000
581,workers,0,-8.0078,8.0202,3.0000
581,workers,1,8.0009,8.0116,3.0000
581,workers,2,7.9690,-7.9633,3.0000
581,workers,3,-6.0104,-6.2757,3.0000
582,general,0,0.0000,0.0000,5.0000
582,nodes,0,-5.7602,-1.7041,3.0000
582,nodes,1,5.7621,-1.7064,3.0000
582,nodes,2,-2.6109,2.6074,3.0000
582,nodes,3,2.6091,2.6082,3.0000
582,scouts,0,-4.2518,-1.7412,3.0000
582,scouts,1,-5.7518,-0.2412,3.0000
582,scouts,2,-7.2518,-1.7412,3.0000
582,scouts,3,-5.7518,-3.2412,3.0000
582,scouts,4,7.2537,-1.7434,3.0000
582,scouts,5,5.7537,-0.2434,3.0000
582,scouts,6,4.2537,-1.7434,3.0000
582,scouts,7,5.7537,-3.2434,3.0000
582,scouts,8,-1.1377,2.6343,3.0000
582,scouts,9,-2.6377,4.1343,3.0000
582,scouts,10,-4.1377,2.6343,3.0000
582,scouts,11,-2.6377,1.1343,3.0000
582,scouts,12,4.1358,2.6351,3.0000
582,scouts,13,2.6358,4.1351,3.0000
582,scouts,14,1.1358,2.6351,3.0000
582,scouts,15,2.6358,1.1351,3.0000
582,workers,0,-8.0078,8.0202,3.0000
582,workers,1,8.0009,8.0116,3.0000
582,workers,2,7.9734,-7.9686,3.0000
582,workers,3,-6.0356,-6.2976,3.0000
583,general,0,0.0000,0.0000,5.0000
583,nodes,0,-5.7615,-1.6985,3.0000
583,nodes,1,5.7635,-1.7007,3.0000
583,nodes,2,-2.6068,2.6033,3.0000
583,nodes,3,2.6049,2.6040,3.0000
583,scouts,0,-4.2531,-1.7355,3.0000
583,scouts,1,-5.7531,-0.2355,3.0000
583,scouts,2,-7.2531,-1.7355,3.0000
583,scouts,3,-5.7531,-3.2355,3.0000
583,scouts,4,7.2550,-1.7377,3.0000
583,scouts,5,5.7550,-0.2377,3.0000
583,scouts,6,4.2550,-1.7377,3.0000
583,scouts,7,5.7550,-3.2377,3.0000
583,scouts,8,-1.1336,2.6302,3.0000
583,scouts,9,-2.6336,4.1302,3.0000
583,scouts,10,-4.1336,2.6302,3.0000
583,scouts,11,-2.6336,1.1302,3.0000
583,scouts,12,4.1317,2.6309,3.0000
583,scouts,13,2.6317,4.1309,3.0000
583,scouts,14,1.1317,2.6309,3.0000
583,scouts,15,2.6317,1.1309,3.0000
583,workers,0,-8.0078,8.0202,3.0000
583,workers,1,8.0009,8.0116,3.0000
583,workers,2,7.9774,-7.9733,3.0000
583,workers,3,-6.0608,-6.3194,3.0000
584,general,0,0.0000,0.0000,5.0000
584,nodes,0,-5.7628,-1.6928,3.0000
584,nodes,1,5.7648,-1.6950,3.0000
584,nodes,2,-2.6027,2.5992,3.0000
584,nodes,3,2.6007,2.5999,3.0000
584,scouts,0,-4.2544,-1.7298,3.0000
584,scouts,1,-5.7544,-0.2298,3.0000
584,scouts,2,-7.2544,-1.7298,3.0000
584,scouts,3,-5.7544,-3.2298,3.0000
584,scouts,4,7.2563,-1.7320,3.0000
584,scouts,5,5.7563,-0.2320,3.0000
584,scouts,6,4.2563,-1.7320,3.0000
584,scouts,7,5.7563,-3.2320,3.0000
584,scouts,8,-1.1295,2.6261,3.0000
584,scouts,9,-2.6295,4.1261,3.0000
584,scouts,10,-4.1295,2.6261,3.0000
584,scouts,11,-2.6295,1.1261,3.0000
584,scouts,12,4.1276,2.6268,3.0000
584,scouts,13,2.6276,4.1268,3.0000
584,scouts,14,1.1276,2.6268,3.0000
584,scouts,15,2.6276,1.1268,3.0000
584,workers,0,-8.0078,8.0202,3.0000
584,workers,1,8.0009,8.0116,3.0000
584,workers,2,7.9810,-7.9775,3.0000
584,workers,3,-6.0860,-6.3412,3.0000
585,general,0,0.0000,0.0000,5.0000
585,nodes,0,-5.7641,-1.6871,3.0000
585,nodes,1,5.7660,-1.6893,3.0000
585,nodes,2,-2.5985,2.5951,3.0000
585,nodes,3,2.5966,2.5958,3.0000
585,scouts,0,-4.2557,-1.7241,3.0000
585,scouts,1,-5.7557,-0.2241,3.0000
585,scouts,2,-7.2557,-1.7241,3.0000
585,scouts,3,-5.7557,-3.2241,3.0000
585,scouts,4,7.2576,-1.7263,3.0000
585,scouts,5,5.7576,-0.2263,3.0000
585,scouts,6,4.2576,-1.7263,3.0000
585,scouts,7,5.7576,-3.2263,3.0000
585,scouts,8,-1.1253,2.6219,3.0000
585,scouts,9,-2.6253,4.1219,3.0000
585,scouts,10,-4.1253,2.6219,3.0000
585,scouts,11,-2.6253,1.1219,3.0000
585,scouts,12,4.1234,2.6227,3.0000
585,scouts,13,2.6234,4.1227,3.0000
585,scouts,14,1.1234,2.6227,3.0000
585,scouts,15,2.6234,1.1227,3.0000
585,workers,0,-8.0078,8.0202,3.0000
585,workers,1,8.0009,8.0116,3.0000
585,workers,2,7.9842,-7.9814,3.0000
585,workers,3,-6.1112,-6.3630,3.0000
586,general,0,0.0000,0.0000,5.0000
586,nodes,0,-5.7653,-1.6814,3.0000
586,nodes,1,5.7673,-1.6837,3.0000
586,nodes,2,-2.5944,2.5909,3.0000
586,nodes,3,2.5924,2.5916,3.0000
586,scouts,0,-4.2570,-1.7184,3.0000
586,scouts,1,-5.7570,-0.2184,3.0000
586,scouts,2,-7.2570,-1.7184,3.0000
586,scouts,3,-5.7570,-3.2184,3.0000
586,scouts,4,7.2589,-1.7206,3.0000
586,scouts,5,5.7589,-0.2206,3.0000
586,scouts,6,4.2589,-1.7206,3.0000
586,scouts,7,5.7589,-3.2206,3.0000
586,scouts,8,-1.1212,2.6178,3.0000
586,scouts,9,-2.6212,4.1178,3.0000
586,scouts,10,-4.1212,2.6178,3.0000
586,scouts,11,-2.6212,1.1178,3.0000
586,scouts,12,4.1193,2.6185,3.0000
586,scouts,13,2.6193,4.1185,3.0000
586,scouts,14,1.1193,2.6185,3.0000
586,scouts,15,2.6193,1.1185,3.0000
586,workers,0,-8.0078,8.0202,3.0000
586,workers,1,8.0009,8.0116,3.0000
586,workers,2,7.9871,-7.9848,3.0000
586,workers,3,-6.1364,-6.3849,3.0000
587,general,0,0.0000,0.0000,5.0000
587,nodes,0,-5.7666,-1.6758,3.0000
587,nodes,1,5.7686,-1.6780,3.0000
587,nodes,2,-2.5903,2.5866,3.0000
587,nodes,3,2.5884,2.5875,3.0000
587,scouts,0,-4.2583,-1.7127,3.0000
587,scouts,1,-5.7583,-0.2127,3.0000
587,scouts,2,-7.2583,-1.7127,3.0000
587,scouts,3,-5.7583,-3.2127,3.0000
587,scouts,4,7.2602,-1.7149,3.0000
587,scouts,5,5.7602,-0.2149,3.0000
587,scouts,6,4.2602,-1.7149,3.0000
587,scouts,7,5.7602,-3.2149,3.0000
587,scouts,8,-1.1171,2.6136,3.0000
587,scouts,9,-2.6171,4.1136,3.0000
587,scouts,10,-4.1171,2.6136,3.0000
587,scouts,11,-2.6171,1.1136,3.0000
587,scouts,12,4.1152,2.6144,3.0000
587,scouts,13,2.6152,4.1144,3.0000
587,scouts,14,1.1152,2.6144,3.0000
587,scouts,15,2.6152,1.1144,3.0000
587,workers,0,-8.0078,8.0202,3.0000
587,workers,1,8.0009,8.0116,3.0000
587,workers,2,7.9898,-7.9879,3.0000
587,workers,3,-6.1616,-6.4067,3.0000
588,general,0,0.0000,0.0000,5.0000
588,nodes,0,-5.7680,-1.6701,3.0000
588,nodes,1,5.7699,-1.6724,3.0000
588,nodes,2,-2.5861,2.5825,3.0000
588,nodes,3,2.5843,2.5834,3.0000
588,scouts,0,-4.2596,-1.7070,3.0000
588,scouts,1,-5.7596,-0.2070,3.0000
588,scouts,2,-7.2596,-1.7070,3.0000
588,scouts,3,-5.7596,-3.2070,3.0000
588,scouts,4,7.2615,-1.7093,3.0000
588,scouts,5,5.7615,-0.2093,3.0000
588,scouts,6,4.2615,-1.7093,3.0000
588,scouts,7,5.7615,-3.2093,3.0000
588,scouts,8,-1.1130,2.6095,3.0000
588,scouts,9,-2.6130,4.1095,3.0000
588,scouts,10,-4.1130,2.6095,3.0000
588,scouts,11,-2.6130,1.1095,3.0000
588,scouts,12,4.1111,2.6103,3.0000
588,scouts,13,2.6111,4.1103,3.0000
588,scouts,14,1.1111,2.6103,3.0000
588,scouts,15,2.6111,1.1103,3.0000
588,workers,0,-8.0078,8.0202,3.0000
588,workers,1,8.0009,8.0116,3.0000
588,workers,2,7.9921,-7.9907,3.0000
588,workers,3,-6.1868,-6.4285,3.0000
589,general,0,0.0000,0.0000,5.0000
589,nodes,0,-5.7693,-1.6644,3.0000
589,nodes,1,5.7713,-1.6666,3.0000
589,nodes,2,-2.5820,2.5784,3.0000
589,nodes,3,2.5802,2.5792,3.0000
589,scouts,0,-4.2608,-1.7013,3.0000
589,scouts,1,-5.7608,-0.2013,3.0000
589,scouts,2,-7.2608,-1.7013,3.0000
589,scouts,3,-5.7608,-3.2013,3.0000
589,scouts,4,7.2628,-1.7036,3.0000
589,scouts,5,5.7628,-0.2036,3.0000
589,scouts,6,4.2628,-1.7036,3.0000
589,scouts,7,5.7628,-3.2036,3.0000
589,scouts,8,-1.1088,2.6053,3.0000
589,scouts,9,-2.6088,4.1053,3.0000
589,scouts,10,-4.1088,2.6053,3.0000
589,scouts,11,-2.6088,1.1053,3.0000
589,scouts,12,4.1069,2.6061,3.0000
589,scouts,13,2.6069,4.1061,3.0000
589,scouts,14,1.1069,2.6061,3.0000
589,scouts,15,2.6069,1.1061,3.0000
589,workers,0,-8.0078,8.0202,3.0000
589,workers,1,8.0009,8.0116,3.0000
589,workers,2,7.9942,-7.9932,3.0000
589,workers,3,-6.2120,-6.4504,3.0000
590,general,0,0.0000,0.0000,5.0000
590,nodes,0,-5.7706,-1.6587,3.0000
590,nodes,1,5.7727,-1.6610,3.0000
590,nodes,2,-2.5778,2.5742,3.0000
590,nodes,3,2.5761,2.5751,3.0000
590,scouts,0,-4.2621,-1.6957,3.0000
590,scouts,1,-5.7621,-0.1957,3.0000
590,scouts,2,-7.2621,-1.6957,3.0000
590,scouts,3,-5.7621,-3.1957,3.0000
590,scouts,4,7.2641,-1.6979,3.0000
590,scouts,5,5.7641,-0.1979,3.0000
590,scouts,6,4.2641,-1.6979,3.0000
590,scouts,7,5.7641,-3.1979,3.0000
590,scouts,8,-1.1047,2.6012,3.0000
590,scouts,9,-2.6047,4.1012,3.0000
590,scouts,10,-4.1047,2.6012,3.0000
590,scouts,11,-2.6047,1.1012,3.0000
590,scouts,12,4.1028,2.6020,3.0000
590,scouts,13,2.6028,4.1020,3.0000
590,scouts,14,1.1028,2.6020,3.0000
590,scouts,15,2.6028,1.1020,3.0000
590,workers,0,-8.0078,8.0202,3.0000
590,workers,1,8.0009,8.0116,3.0000
590,workers,2,7.9961,-7.9954,3.0000
590,workers,3,-6.2372,-6.4722,3.0000
591,general,0,0.0000,0.0000,5.0000
591,nodes,0,-5.7719,-1.6530,3.0000
591,nodes,1,5.7740,-1.6554,3.0000
591,nodes,2,-2.5737,2.5701,3.0000
591,nodes,3,2.5720,2.5709,3.0000
591,scouts,0,-4.2634,-1.6900,3.0000
591,scouts,1,-5.7634,-0.1900,3.0000
591,scouts,2,-7.2634,-1.6900,3.0000
591,scouts,3,-5.7634,-3.1900,3.0000
591,scouts,4,7.2654,-1.6922,3.0000
591,scouts,5,5.7654,-0.1922,3.0000
591,scouts,6,4.2654,-1.6922,3.0000
591,scouts,7,5.7654,-3.1922,3.0000
591,scouts,8,-1.1006,2.5970,3.0000
591,scouts,9,-2.6006,4.0970,3.0000
591,scouts,10,-4.1006,2.5970,3.0000
591,scouts,11,-2.6006,1.0970,3.0000
591,scouts,12,4.0987,2.5978,3.0000
591,scouts,13,2.5987,4.0978,3.0000
591,scouts,14,1.0987,2.5978,3.0000
591,scouts,15,2.5987,1.0978,3.0000
591,workers,0,-8.0078,8.0202,3.0000
591,workers,1,8.0009,8.0116,3.0000
591,workers,2,7.9979,-7.9975,3.0000
591,workers,3,-6.2623,-6.4940,3.0000
592,general,0,0.0000,0.0000,5.0000
592,nodes,0,-5.7732,-1.6473,3.0000
592,nodes,1,5.7753,-1.6497,3.0000
592,nodes,2,-2.5695,2.5660,3.0000
592,nodes,3,2.5679,2.5668,3.0000
592,scouts,0,-4.2648,-1.6843,3.0000
592,scouts,1,-5.7648,-0.1843,3.0000
592,scouts,2,-7.2648,-1.6843,3.0000
592,scouts,3,-5.7648,-3.1843,3.0000
592,scouts,4,7.2668,-1.6866,3.0000
592,scouts,5,5.7668,-0.1866,3.0000
592,scouts,6,4.2668,-1.6866,3.0000
592,scouts,7,5.7668,-3.1866,3.0000
592,scouts,8,-1.0964,2.5929,3.0000
592,scouts,9,-2.5964,4.0929,3.0000
592,scouts,10,-4.0964,2.5929,3.0000
592,scouts,11,-2.5964,1.0929,3.0000
592,scouts,12,4.0946,2.5937,3.0000
592,scouts,13,2.5946,4.0937,3.0000
592,scouts,14,1.0946,2.5937,3.0000
592,scouts,15,2.5946,1.0937,3.0000
592,workers,0,-8.0078,8.0202,3.0000
592,workers,1,8.0009,8.0116,3.0000
592,workers,2,7.9994,-7.9993,3.0000
592,workers,3,-6.2875,-6.5159,3.0000
593,general,0,0.0000,0.0000,5.0000
593,nodes,0,-5.7745,-1.6416,3.0000
593,nodes,1,5.7767,-1.6440,3.0000
593,nodes,2,-2.5654,2.5619,3.0000
593,nodes,3,2.5637,2.5627,3.0000
593,scouts,0,-4.2661,-1.6786,3.0000
593,scouts,1,-5.7661,-0.1786,3.0000
593,scouts,2,-7.2661,-1.6786,3.0000
593,scouts,3,-5.7661,-3.1786,3.0000
593,scouts,4,7.2681,-1.6809,3.0000
593,scouts,5,5.7681,-0.1809,3.0000
593,scouts,6,4.2681,-1.6809,3.0000
593,scouts,7,5.7681,-3.1809,3.0000
593,scouts,8,-1.0923,2.5888,3.0000
593,scouts,9,-2.5923,4.0888,3.0000
593,scouts,10,-4.0923,2.5888,3.0000
593,scouts,11,-2.5923,1.0888,3.0000
593,scouts,12,4.0905,2.5896,3.0000
593,scouts,13,2.5905,4.0896,3.0000
593,scouts,14,1.0905,2.5896,3.0000
593,scouts,15,2.5905,1.0896,3.0000
593,workers,0,-8.0078,8.0202,3.0000
593,workers,1,8.0009,8.0116,3.0000
593,workers,2,8.0008,-8.0009,3.0000
593,workers,3,-6.3127,-6.5377,3.0000
594,general,0,0.0000,0.0000,5.0000
594,nodes,0,-5.7758,-1.6358,3.0000
594,nodes,1,5.7781,-1.6383,3.0000
594,nodes,2,-2.5614,2.5578,3.0000
594,nodes,3,2.5596,2.5586,3.0000
594,scouts,0,-4.2674,-1.6729,3.0000
594,scouts,1,-5.7674,-0.1729,3.0000
594,scouts,2,-7.2674,-1.6729,3.0000
594,scouts,3,-5.7674,-3.1729,3.0000
594,scouts,4,7.2694,-1.6752,3.0000
594,scouts,5,5.7694,-0.1752,3.0000
594,scouts,6,4.2694,-1.6752,3.0000
594,scouts,7,5.7694,-3.1752,3.0000
594,scouts,8,-1.0882,2.5846,3.0000
594,scouts,9,-2.5882,4.0846,3.0000
594,scouts,10,-4.0882,2.5846,3.0000
594,scouts,11,-2.5882,1.0846,3.0000
594,scouts,12,4.0864,2.5854,3.0000
594,scouts,13,2.5864,4.0854,3.0000
594,scouts,14,1.0864,2.5854,3.0000
594,scouts,15,2.5864,1.0854,3.0000
594,workers,0,-8.0078,8.0202,3.0000
594,workers,1,8.0009,8.0116,3.0000
594,workers,2,8.0020,-8.0024,3.0000
594,workers,3,-6.3379,-6.5595,3.0000
595,general,0,0.0000,0.0000,5.0000
595,nodes,0,-5.7772,-1.6301,3.0000
595,nodes,1,5.7794,-1.6326,3.0000
595,nodes,2,-2.5573,2.5537,3.0000
595,nodes,3,2.5555,2.5544,3.0000
595,scouts,0,-4.2687,-1.6672,3.0000
595,scouts,1,-5.7687,-0.1672,3.0000
595,scouts,2,-7.2687,-1.6672,3.0000
595,scouts,3,-5.7687,-3.1672,3.0000
595,scouts,4,7.2708,-1.6695,3.0000
595,scouts,5,5.7708,-0.1695,3.0000
595,scouts,6,4.2708,-1.6695,3.0000
595,scouts,7,5.7708,-3.1695,3.0000
595,scouts,8,-1.0841,2.5805,3.0000
595,scouts,9,-2.5841,4.0805,3.0000
595,scouts,10,-4.0841,2.5805,3.0000
595,scouts,11,-2.5841,1.0805,3.0000
595,scouts,12,4.0823,2.5813,3.0000
595,scouts,13,2.5823,4.0813,3.0000
595,scouts,14,1.0823,2.5813,3.0000
595,scouts,15,2.5823,1.0813,3.0000
595,workers,0,-8.0078,8.0202,3.0000
595,workers,1,8.0009,8.0116,3.0000
595,workers,2,8.0032,-8.0037,3.0000
595,workers,3,-6.3631,-6.5814,3.0000
596,general,0,0.0000,0.0000,5.0000
596,nodes,0,-5.7784,-1.6243,3.0000
596,nodes,1,5.7807,-1.6269,3.0000
596,nodes,2,-2.5532,2.5496,3.0000
596,nodes,3,2.5513,2.5503,3.0000
596,scouts,0,-4.2700,-1.6615,3.0000
596,scouts,1,-5.7700,-0.1615,3.0000
596,scouts,2,-7.2700,-1.6615,3.0000
596,scouts,3,-5.7700,-3.1615,3.0000
596,scouts,4,7.2721,-1.6639,3.0000
596,scouts,5,5.7721,-0.1639,3.0000
596,scouts,6,4.2721,-1.6639,3.0000
596,scouts,7,5.7721,-3.1639,3.0000
596,scouts,8,-1.0799,2.5764,3.0000
596,scouts,9,-2.5799,4.0764,3.0000
596,scouts,10,-4.0799,2.5764,3.0000
596,scouts,11,-2.5799,1.0764,3.0000
596,scouts,12,4.0781,2.5772,3.0000
596,scouts,13,2.5781,4.0772,3.0000
596,scouts,14,1.0781,2.5772,3.0000
596,scouts,15,2.5781,1.0772,3.0000
596,workers,0,-8.0078,8.0202,3.0000
596,workers,1,8.0009,8.0116,3.0000
596,workers,2,8.0042,-8.0049,3.0000
596,workers,3,-6.3883,-6.6032,3.0000
597,general,0,0.0000,0.0000,5.0000
597,nodes,0,-5.7797,-1.6187,3.0000
597,nodes,1,5.7821,-1.6212,3.0000
597,nodes,2,-2.5491,2.5454,3.0000
597,nodes,3,2.5472,2.5461,3.0000
597,scouts,0,-4.2713,-1.6557,3.0000
597,scouts,1,-5.7713,-0.1557,3.0000
597,scouts,2,-7.2713,-1.6557,3.0000
597,scouts,3,-5.7713,-3.1557,3.0000
597,scouts,4,7.2734,-1.6582,3.0000
597,scouts,5,5.7734,-0.1582,3.0000
597,scouts,6,4.2734,-1.6582,3.0000
597,scouts,7,5.7734,-3.1582,3.0000
597,scouts,8,-1.0758,2.5722,3.0000
597,scouts,9,-2.5758,4.0722,3.0000
597,scouts,10,-4.0758,2.5722,3.0000
597,scouts,11,-2.5758,1.0722,3.0000
597,scouts,12,4.0740,2.5730,3.0000
597,scouts,13,2.5740,4.0730,3.0000
597,scouts,14,1.0740,2.5730,3.0000
597,scouts,15,2.5740,1.0730,3.0000
597,workers,0,-8.0078,8.0202,3.0000
597,workers,1,8.0009,8.0116,3.0000
597,workers,2,8.0051,-8.0060,3.0000
597,workers,3,-6.4135,-6.6250,3.0000
598,general,0,0.0000,0.0000,5.0000
598,nodes,0,-5.7810,-1.6129,3.0000
598,nodes,1,5.7834,-1.6156,3.0000
598,nodes,2,-2.5449,2.5412,3.0000
598,nodes,3,2.5431,2.5420,3.0000
598,scouts,0,-4.2726,-1.6500,3.0000
598,scouts,1,-5.7726,-0.1500,3.0000
598,scouts,2,-7.2726,-1.6500,3.0000
598,scouts,3,-5.7726,-3.1500,3.0000
598,scouts,4,7.2747,-1.6525,3.0000
598,scouts,5,5.7747,-0.1525,3.0000
598,scouts,6,4.2747,-1.6525,3.0000
598,scouts,7,5.7747,-3.1525,3.0000
598,scouts,8,-1.0717,2.5681,3.0000
598,scouts,9,-2.5717,4.0681,3.0000
598,scouts,10,-4.0717,2.5681,3.0000
598,scouts,11,-2.5717,1.0681,3.0000
598,scouts,12,4.0699,2.5689,3.0000
598,scouts,13,2.5699,4.0689,3.0000
598,scouts,14,1.0699,2.5689,3.0000
598,scouts,15,2.5699,1.0689,3.0000
598,workers,0,-8.0078,8.0202,3.0000
598,workers,1,8.0009,8.0116,3.0000
598,workers,2,8.0059,-8.0070,3.0000
598,workers,3,-6.4387,-6.6468,3.0000
599,general,0,0.0000,0.0000,5.0000
599,nodes,0,-5.7823,-1.6072,3.0000
599,nodes,1,5.7847,-1.6098,3.0000
599,nodes,2,-2.5408,2.5371,3.0000
599,nodes,3,2.5390,2.5379,3.0000
599,scouts,0,-4.2739,-1.6443,3.0000
599,scouts,1,-5.7739,-0.1443,3.0000
599,scouts,2,-7.2739,-1.6443,3.0000
599,scouts,3,-5.7739,-3.1443,3.0000
599,scouts,4,7.2761,-1.6468,3.0000
599,scouts,5,5.7761,-0.1468,3.0000
599,scouts,6,4.2761,-1.6468,3.0000
599,scouts,7,5.7761,-3.1468,3.0000
599,scouts,8,-1.0676,2.5640,3.0000
599,scouts,9,-2.5676,4.0640,3.0000
599,scouts,10,-4.0676,2.5640,3.0000
599,scouts,11,-2.5676,1.0640,3.0000
599,scouts,12,4.0658,2.5648,3.0000
599,scouts,13,2.5658,4.0648,3.0000
599,scouts,14,1.0658,2.5648,3.0000
599,scouts,15,2.5658,1.0648,3.0000
599,workers,0,-8.0078,8.0202,3.0000
599,workers,1,8.0009,8.0116,3.0000
599,workers,2,8.0067,-8.0079,3.0000
599,workers,3,-6.4639,-6.6687,3.0000
600,general,0,0.0000,0.0000,5.0000
600,nodes,0,-5.7833,-1.6026,3.0000
600,nodes,1,5.7859,-1.6053,3.0000
600,nodes,2,-2.5375,2.5338,3.0000
600,nodes,3,2.5357,2.5347,3.0000
600,scouts,0,-4.2751,-1.6388,3.0000
600,scouts,1,-5.7751,-0.1388,3.0000
600,scouts,2,-7.2751,-1.6388,3.0000
600,scouts,3,-5.7751,-3.1388,3.0000
600,scouts,4,7.2774,-1.6413,3.0000
600,scouts,5,5.7774,-0.1413,3.0000
600,scouts,6,4.2774,-1.6413,3.0000
600,scouts,7,5.7774,-3.1413,3.0000
600,scouts,8,-1.0636,2.5600,3.0000
600,scouts,9,-2.5636,4.0600,3.0000
600,scouts,10,-4.0636,2.5600,3.0000
600,scouts,11,-2.5636,1.0600,3.0000
600,scouts,12,4.0618,2.5608,3.0000
600,scouts,13,2.5618,4.0608,3.0000
600,scouts,14,1.0618,2.5608,3.0000
600,scouts,15,2.5618,1.0608,3.0000
600,workers,0,-8.0078,8.0202,3.0000
600,workers,1,8.0009,8.0116,3.0000
600,workers,2,8.0073,-8.0087,3.0000
600,workers,3,-6.4890,-6.6905,3.0000
601,general,0,0.0000,0.0000,5.0000
601,nodes,0,-5.7841,-1.5987,3.0000
601,nodes,1,5.7867,-1.6015,3.0000
601,nodes,2,-2.5347,2.5311,3.0000
601,nodes,3,2.5330,2.5320,3.0000
601,scouts,0,-4.2763,-1.6334,3.0000
601,scouts,1,-5.7763,-0.1334,3.0000
601,scouts,2,-7.2763,-1.6334,3.0000
601,scouts,3,-5.7763,-3.1334,3.0000
601,scouts,4,7.2786,-1.6360,3.0000
601,scouts,5,5.7786,-0.1360,3.0000
601,scouts,6,4.2786,-1.6360,3.0000
601,scouts,7,5.7786,-3.1360,3.0000
601,scouts,8,-1.0597,2.5561,3.0000
601,scouts,9,-2.5597,4.0561,3.0000
601,scouts,10,-4.0597,2.5561,3.0000
601,scouts,11,-2.5597,1.0561,3.0000
601,scouts,12,4.0579,2.5569,3.0000
601,scouts,13,2.5579,4.0569,3.0000
601,scouts,14,1.0579,2.5569,3.0000
601,scouts,15,2.5579,1.0569,3.0000
601,workers,0,-8.0078,8.0202,3.0000
601,workers,1,8.0009,8.0116,3.0000
601,workers,2,8.0077,-8.0091,3.0000
601,workers,3,-6.5142,-6.7123,3.0000
602,general,0,0.0000,0.0000,5.0000
602,nodes,0,-5.7849,-1.5954,3.0000
602,nodes,1,5.7875,-1.5982,3.0000
602,nodes,2,-2.5324,2.5287,3.0000
602,nodes,3,2.5307,2.5297,3.0000
602,scouts,0,-4.2775,-1.6284,3.0000
602,scouts,1,-5.7775,-0.1284,3.0000
602,scouts,2,-7.2775,-1.6284,3.0000
602,scouts,3,-5.7775,-3.1284,3.0000
602,scouts,4,7.2798,-1.6309,3.0000
602,scouts,5,5.7798,-0.1309,3.0000
602,scouts,6,4.2798,-1.6309,3.0000
602,scouts,7,5.7798,-3.1309,3.0000
602,scouts,8,-1.0561,2.5525,3.0000
602,scouts,9,-2.5561,4.0525,3.0000
602,scouts,10,-4.0561,2.5525,3.0000
602,scouts,11,-2.5561,1.0525,3.0000
602,scouts,12,4.0543,2.5533,3.0000
602,scouts,13,2.5543,4.0533,3.0000
602,scouts,14,1.0543,2.5533,3.0000
602,scouts,15,2.5543,1.0533,3.0000
602,workers,0,-8.0078,8.0202,3.0000
602,workers,1,8.0009,8.0116,3.0000
602,workers,2,8.0080,-8.0094,3.0000
602,workers,3,-6.5394,-6.7342,3.0000
603,general,0,0.0000,0.0000,5.0000
603,nodes,0,-5.7855,-1.5924,3.0000
603,nodes,1,5.7881,-1.5954,3.0000
603,nodes,2,-2.5303,2.5266,3.0000
603,nodes,3,2.5286,2.5276,3.0000
603,scouts,0,-4.2785,-1.6236,3.0000
603,scouts,1,-5.7785,-0.1236,3.0000
603,scouts,2,-7.2785,-1.6236,3.0000
603,scouts,3,-5.7785,-3.1236,3.0000
603,scouts,4,7.2809,-1.6262,3.0000
603,scouts,5,5.7809,-0.1262,3.0000
603,scouts,6,4.2809,-1.6262,3.0000
603,scouts,7,5.7809,-3.1262,3.0000
603,scouts,8,-1.0526,2.5490,3.0000
603,scouts,9,-2.5526,4.0490,3.0000
603,scouts,10,-4.0526,2.5490,3.0000
603,scouts,11,-2.5526,1.0490,3.0000
603,scouts,12,4.0509,2.5499,3.0000
603,scouts,13,2.5509,4.0499,3.0000
603,scouts,14,1.0509,2.5499,3.0000
603,scouts,15,2.5509,1.0499,3.0000
603,workers,0,-8.0078,8.0202,3.0000
603,workers,1,8.0009,8.0116,3.0000
603,workers,2,8.0081,-8.0096,3.0000
603,workers,3,-6.5646,-6.7560,3.0000
604,general,0,0.0000,0.0000,5.0000
604,nodes,0,-5.7861,-1.5898,3.0000
604,nodes,1,5.7888,-1.5927,3.0000
604,nodes,2,-2.5284,2.5247,3.0000
604,nodes,3,2.5268,2.5258,3.0000
604,scouts,0,-4.2796,-1.6191,3.0000
604,scouts,1,-5.7796,-0.1191,3.0000
604,scouts,2,-7.2796,-1.6191,3.0000
604,scouts,3,-5.7796,-3.1191,3.0000
604,scouts,4,7.2820,-1.6217,3.0000
604,scouts,5,5.7820,-0.1217,3.0000
604,scouts,6,4.2820,-1.6217,3.0000
604,scouts,7,5.7820,-3.1217,3.0000
604,scouts,8,-1.0494,2.5458,3.0000
604,scouts,9,-2.5494,4.0458,3.0000
604,scouts,10,-4.0494,2.5458,3.0000
604,scouts,11,-2.5494,1.0458,3.0000
604,scouts,12,4.0477,2.5467,3.0000
604,scouts,13,2.5477,4.0467,3.0000
604,scouts,14,1.0477,2.5467,3.0000
604,scouts,15,2.5477,1.0467,3.0000
604,workers,0,-8.0078,8.0202,3.0000
604,workers,1,8.0009,8.0116,3.0000
604,workers,2,8.0082,-8.0097,3.0000
604,workers,3,-6.5898,-6.7778,3.0000
605,general,0,0.0000,0.0000,5.0000
605,nodes,0,-5.7867,-1.5874,3.0000
605,nodes,1,5.7894,-1.5903,3.0000
605,nodes,2,-2.5268,2.5229,3.0000
605,nodes,3,2.5251,2.5241,3.0000
605,scouts,0,-4.2805,-1.6148,3.0000
605,scouts,1,-5.7805,-0.1148,3.0000
605,scouts,2,-7.2805,-1.6148,3.0000
605,scouts,3,-5.7805,-3.1148,3.0000
605,scouts,4,7.2829,-1.6175,3.0000
605,scouts,5,5.7829,-0.1175,3.0000
605,scouts,6,4.2829,-1.6175,3.0000
605,scouts,7,5.7829,-3.1175,3.0000
605,scouts,8,-1.0464,2.5427,3.0000
605,scouts,9,-2.5464,4.0427,3.0000
605,scouts,10,-4.0464,2.5427,3.0000
605,scouts,11,-2.5464,1.0427,3.0000
605,scouts,12,4.0446,2.5436,3.0000
605,scouts,13,2.5446,4.0436,3.0000
605,scouts,14,1.0446,2.5436,3.0000
605,scouts,15,2.5446,1.0436,3.0000
605,workers,0,-8.0078,8.0202,3.0000
605,workers,1,8.0009,8.0116,3.0000
605,workers,2,8.0082,-8.0097,3.0000
605,workers,3,-6.6150,-6.7997,3.0000
606,general,0,0.0000,0.0000,5.0000
606,nodes,0,-5.7872,-1.5852,3.0000
606,nodes,1,5.7899,-1.5881,3.0000
606,nodes,2,-2.5252,2.5213,3.0000
606,nodes,3,2.5235,2.5225,3.0000
606,scouts,0,-4.2814,-1.6109,3.0000
606,scouts,1,-5.7814,-0.1109,3.0000
606,scouts,2,-7.2814,-1.6109,3.0000
606,scouts,3,-5.7814,-3.1109,3.0000
606,scouts,4,7.2839,-1.6136,3.0000
606,scouts,5,5.7839,-0.1136,3.0000
606,scouts,6,4.2839,-1.6136,3.0000
606,scouts,7,5.7839,-3.1136,3.0000
606,scouts,8,-1.0436,2.5399,3.0000
606,scouts,9,-2.5436,4.0399,3.0000
606,scouts,10,-4.0436,2.5399,3.0000
606,scouts,11,-2.5436,1.0399,3.0000
606,scouts,12,4.0418,2.5408,3.0000
606,scouts,13,2.5418,4.0408,3.0000
606,scouts,14,1.0418,2.5408,3.0000
606,scouts,15,2.5418,1.0408,3.0000
606,workers,0,-8.0078,8.0202,3.0000
606,workers,1,8.0009,8.0116,3.0000
606,workers,2,8.0083,-8.0098,3.0000
606,workers,3,-6.6402,-6.8215,3.0000
607,general,0,0.0000,0.0000,5.0000
607,nodes,0,-5.7876,-1.5831,3.0000
607,nodes,1,5.7904,-1.5861,3.0000
607,nodes,2,-2.5238,2.5198,3.0000
607,nodes,3,2.5220,2.5210,3.0000
607,scouts,0,-4.2822,-1.6072,3.0000
607,scouts,1,-5.7822,-0.1072,3.0000
607,scouts,2,-7.2822,-1.6072,3.0000
607,scouts,3,-5.7822,-3.1072,3.0000
607,scouts,4,7.2847,-1.6100,3.0000
607,scouts,5,5.7847,-0.1100,3.0000
607,scouts,6,4.2847,-1.6100,3.0000
607,scouts,7,5.7847,-3.1100,3.0000
607,scouts,8,-1.0409,2.5372,3.0000
607,scouts,9,-2.5409,4.0372,3.0000
607,scouts,10,-4.0409,2.5372,3.0000
607,scouts,11,-2.5409,1.0372,3.0000
607,scouts,12,4.0392,2.5382,3.0000
607,scouts,13,2.5392,4.0382,3.0000
607,scouts,14,1.0392,2.5382,3.0000
607,scouts,15,2.5392,1.0382,3.0000
607,workers,0,-8.0078,8.0202,3.0000
607,workers,1,8.0009,8.0116,3.0000
607,workers,2,8.0083,-8.0098,3.0000
607,workers,3,-6.6654,-6.8433,3.0000
608,general,0,0.0000,0.0000,5.0000
608,nodes,0,-5.7881,-1.5811,3.0000
608,nodes,1,5.7909,-1.5841,3.0000
608,nodes,2,-2.5225,2.5184,3.0000
608,nodes,3,2.5207,2.5196,3.0000
608,scouts,0,-4.2830,-1.6037,3.0000
608,scouts,1,-5.7830,-0.1037,3.0000
608,scouts,2,-7.2830,-1.6037,3.0000
608,scouts,3,-5.7830,-3.1037,3.0000
608,scouts,4,7.2856,-1.6065,3.0000
608,scouts,5,5.7856,-0.1065,3.0000
608,scouts,6,4.2856,-1.6065,3.0000
608,scouts,7,5.7856,-3.1065,3.0000
608,scouts,8,-1.0385,2.5347,3.0000
608,scouts,9,-2.5385,4.0347,3.0000
608,scouts,10,-4.0385,2.5347,3.0000
608,scouts,11,-2.5385,1.0347,3.0000
608,scouts,12,4.0367,2.5357,3.0000
608,scouts,13,2.5367,4.0357,3.0000
608,scouts,14,1.0367,2.5357,3.0000
608,scouts,15,2.5367,1.0357,3.0000
608,workers,0,-8.0078,8.0202,3.0000
608,workers,1,8.0009,8.0116,3.0000
608,workers,2,8.0083,-8.0098,3.0000
608,workers,3,-6.6906,-6.8652,3.0000
609,general,0,0.0000,0.0000,5.0000
609,nodes,0,-5.7885,-1.5793,3.0000
609,nodes,1,5.7914,-1.5824,3.0000
609,nodes,2,-2.5212,2.5171,3.0000
609,nodes,3,2.5194,2.5183,3.0000
609,scouts,0,-4.2837,-1.6004,3.0000
609,scouts,1,-5.7837,-0.1004,3.0000
609,scouts,2,-7.2837,-1.6004,3.0000
609,scouts,3,-5.7837,-3.1004,3.0000
609,scouts,4,7.2863,-1.6033,3.0000
609,scouts,5,5.7863,-0.1033,3.0000
609,scouts,6,4.2863,-1.6033,3.0000
609,scouts,7,5.7863,-3.1033,3.0000
609,scouts,8,-1.0362,2.5323,3.0000
609,scouts,9,-2.5362,4.0323,3.0000
609,scouts,10,-4.0362,2.5323,3.0000
609,scouts,11,-2.5362,1.0323,3.0000
609,scouts,12,4.0344,2.5334,3.0000
609,scouts,13,2.5344,4.0334,3.0000
609,scouts,14,1.0344,2.5334,3.0000
609,scouts,15,2.5344,1.0334,3.0000
609,workers,0,-8.0078,8.0202,3.0000
609,workers,1,8.0009,8.0116,3.0000
609,workers,2,8.0083,-8.0098,3.0000
609,workers,3,-6.7158,-6.8870,3.0000
610,general,0,0.0000,0.0000,5.0000
610,nodes,0,-5.7889,-1.5776,3.0000
610,nodes,1,5.7918,-1.5808,3.0000
610,nodes,2,-2.5201,2.5160,3.0000
610,nodes,3,2.5183,2.5172,3.0000
610,scouts,0,-4.2844,-1.5974,3.0000
610,scouts,1,-5.7844,-0.0974,3.0000
610,scouts,2,-7.2844,-1.5974,3.0000
610,scouts,3,-5.7844,-3.0974,3.0000
610,scouts,4,7.2871,-1.6003,3.0000
610,scouts,5,5.7871,-0.1003,3.0000
610,scouts,6,4.2871,-1.6003,3.0000
610,scouts,7,5.7871,-3.1003,3.0000
610,scouts,8,-1.0340,2.5302,3.0000
610,scouts,9,-2.5340,4.0302,3.0000
610,scouts,10,-4.0340,2.5302,3.0000
610,scouts,11,-2.5340,1.0302,3.0000
610,scouts,12,4.0323,2.5312,3.0000
610,scouts,13,2.5323,4.0312,3.0000
610,scouts,14,1.0323,2.5312,3.0000
610,scouts,15,2.5323,1.0312,3.0000
610,workers,0,-8.0078,8.0202,3.0000
610,workers,1,8.0009,8.0116,3.0000
610,workers,2,8.0083,-8.0098,3.0000
610,workers,3,-6.7409,-6.9088,3.0000
611,general,0,0.0000,0.0000,5.0000
611,nodes,0,-5.7892,-1.5761,3.0000
611,nodes,1,5.7922,-1.5793,3.0000
611,nodes,2,-2.5190,2.5149,3.0000
611,nodes,3,2.5172,2.5160,3.0000
611,scouts,0,-4.2851,-1.5946,3.0000
611,scouts,1,-5.7851,-0.0946,3.0000
611,scouts,2,-7.2851,-1.5946,3.0000
611,scouts,3,-5.7851,-3.0946,3.0000
611,scouts,4,7.2878,-1.5975,3.0000
611,scouts,5,5.7878,-0.0975,3.0000
611,scouts,6,4.2878,-1.5975,3.0000
611,scouts,7,5.7878,-3.0975,3.0000
611,scouts,8,-1.0320,2.5281,3.0000
611,scouts,9,-2.5320,4.0281,3.0000
611,scouts,10,-4.0320,2.5281,3.0000
611,scouts,11,-2.5320,1.0281,3.0000
611,scouts,12,4.0302,2.5292,3.0000
611,scouts,13,2.5302,4.0292,3.0000
611,scouts,14,1.0302,2.5292,3.0000
611,scouts,15,2.5302,1.0292,3.0000
611,workers,0,-8.0078,8.0202,3.0000
611,workers,1,8.0009,8.0116,3.0000
611,workers,2,8.0083,-8.0098,3.0000
611,workers,3,-6.7661,-6.9306,3.0000
612,general,0,0.0000,0.0000,5.0000
612,nodes,0,-5.7896,-1.5747,3.0000
612,nodes,1,5.7925,-1.5778,3.0000
612,nodes,2,-2.5180,2.5139,3.0000
612,nodes,3,2.5161,2.5150,3.0000
612,scouts,0,-4.2857,-1.5919,3.0000
612,scouts,1,-5.7857,-0.0919,3.0000
612,scouts,2,-7.2857,-1.5919,3.0000
612,scouts,3,-5.7857,-3.0919,3.0000
612,scouts,4,7.2884,-1.5949,3.0000
612,scouts,5,5.7884,-0.0949,3.0000
612,scouts,6,4.2884,-1.5949,3.0000
612,scouts,7,5.7884,-3.0949,3.0000
612,scouts,8,-1.0301,2.5262,3.0000
612,scouts,9,-2.5301,4.0262,3.0000
612,scouts,10,-4.0301,2.5262,3.0000
612,scouts,11,-2.5301,1.0262,3.0000
612,scouts,12,4.0284,2.5273,3.0000
612,scouts,13,2.5284,4.0273,3.0000
612,scouts,14,1.0284,2.5273,3.0000
612,scouts,15,2.5284,1.0273,3.0000
612,workers,0,-8.0078,8.0202,3.0000
612,workers,1,8.0009,8.0116,3.0000
612,workers,2,8.0083,-8.0098,3.0000
612,workers,3,-6.7913,-6.9525,3.0000
613,general,0,0.0000,0.0000,5.0000
613,nodes,0,-5.7900,-1.5733,3.0000
613,nodes,1,5.7928,-1.5766,3.0000
613,nodes,2,-2.5171,2.5129,3.0000
613,nodes,3,2.5151,2.5141,3.0000
613,scouts,0,-4.2863,-1.5894,3.0000
613,scouts,1,-5.7863,-0.0894,3.0000
613,scouts,2,-7.2863,-1.5894,3.0000
613,scouts,3,-5.7863,-3.0894,3.0000
613,scouts,4,7.2890,-1.5924,3.0000
613,scouts,5,5.7890,-0.0924,3.0000
613,scouts,6,4.2890,-1.5924,3.0000
613,scouts,7,5.7890,-3.0924,3.0000
613,scouts,8,-1.0284,2.5245,3.0000
613,scouts,9,-2.5284,4.0245,3.0000
613,scouts,10,-4.0284,2.5245,3.0000
613,scouts,11,-2.5284,1.0245,3.0000
613,scouts,12,4.0266,2.5255,3.0000
613,scouts,13,2.5266,4.0255,3.0000
613,scouts,14,1.0266,2.5255,3.0000
613,scouts,15,2.5266,1.0255,3.0000
613,workers,0,-8.0078,8.0202,3.0000
613,workers,1,8.0009,8.0116,3.0000
613,workers,2,8.0083,-8.0098,3.0000
613,workers,3,-6.8165,-6.9743,3.0000
614,general,0,0.0000,0.0000,5.0000
614,nodes,0,-5.7904,-1.5720,3.0000
614,nodes,1,5.7931,-1.5753,3.0000
614,nodes,2,-2.5162,2.5121,3.0000
614,nodes,3,2.5143,2.5132,3.0000
614,scouts,0,-4.2868,-1.5871,3.0000
614,scouts,1,-5.7868,-0.0871,3.0000
614,scouts,2,-7.2868,-1.5871,3.0000
614,scouts,3,-5.7868,-3.0871,3.0000
614,scouts,4,7.2895,-1.5901,3.0000
614,scouts,5,5.7895,-0.0901,3.0000
614,scouts,6,4.2895,-1.5901,3.0000
614,scouts,7,5.7895,-3.0901,3.0000
614,scouts,8,-1.0268,2.5228,3.0000
614,scouts,9,-2.5268,4.0228,3.0000
614,scouts,10,-4.0268,2.5228,3.0000
614,scouts,11,-2.5268,1.0228,3.0000
614,scouts,12,4.0250,2.5239,3.0000
614,scouts,13,2.5250,4.0239,3.0000
614,scouts,14,1.0250,2.5239,3.0000
614,scouts,15,2.5250,1.0239,3.0000
614,workers,0,-8.0078,8.0202,3.0000
614,workers,1,8.0009,8.0116,3.0000
614,workers,2,8.0083,-8.0098,3.0000
614,workers,3,-6.8417,-6.9961,3.0000
615,general,0,0.0000,0.0000,5.0000
615,nodes,0,-5.7906,-1.5707,3.0000
615,nodes,1,5.7934,-1.5742,3.0000
615,nodes,2,-2.5153,2.5112,3.0000
615,nodes,3,2.5134,2.5124,3.0000
615,scouts,0,-4.2873,-1.5849,3.0000
615,scouts,1,-5.7873,-0.0849,3.0000
615,scouts,2,-7.2873,-1.5849,3.0000
615,scouts,3,-5.7873,-3.0849,3.0000
615,scouts,4,7.2900,-1.5880,3.0000
615,scouts,5,5.7900,-0.0880,3.0000
615,scouts,6,4.2900,-1.5880,3.0000
615,scouts,7,5.7900,-3.0880,3.0000
615,scouts,8,-1.0253,2.5213,3.0000
615,scouts,9,-2.5253,4.0213,3.0000
615,scouts,10,-4.0253,2.5213,3.0000
615,scouts,11,-2.5253,1.0213,3.0000
615,scouts,12,4.0234,2.5224,3.0000
615,scouts,13,2.5234,4.0224,3.0000
615,scouts,14,1.0234,2.5224,3.0000
615,scouts,15,2.5234,1.0224,3.0000
615,workers,0,-8.0078,8.0202,3.0000
615,workers,1,8.0009,8.0116,3.0000
615,workers,2,8.0083,-8.0098,3.0000
615,workers,3,-6.8669,-7.0180,3.0000
616,general,0,0.0000,0.0000,5.0000
616,nodes,0,-5.7909,-1.5695,3.0000
616,nodes,1,5.7936,-1.5731,3.0000
616,nodes,2,-2.5146,2.5104,3.0000
616,nodes,3,2.5126,2.5116,3.0000
616,scouts,0,-4.2878,-1.5829,3.0000
616,scouts,1,-5.7878,-0.0829,3.0000
616,scouts,2,-7.2878,-1.5829,3.0000
616,scouts,3,-5.7878,-3.0829,3.0000
616,scouts,4,7.2905,-1.5860,3.0000
616,scouts,5,5.7905,-0.0860,3.0000
616,scouts,6,4.2905,-1.5860,3.0000
616,scouts,7,5.7905,-3.0860,3.0000
616,scouts,8,-1.0238,2.5198,3.0000
616,scouts,9,-2.5238,4.0198,3.0000
616,scouts,10,-4.0238,2.5198,3.0000
616,scouts,11,-2.5238,1.0198,3.0000
616,scouts,12,4.0220,2.5209,3.0000
616,scouts,13,2.5220,4.0209,3.0000
616,scouts,14,1.0220,2.5209,3.0000
616,scouts,15,2.5220,1.0209,3.0000
616,workers,0,-8.0078,8.0202,3.0000
616,workers,1,8.0009,8.0116,3.0000
616,workers,2,8.0083,-8.0098,3.0000
616,workers,3,-6.8921,-7.0398,3.0000
617,general,0,0.0000,0.0000,5.0000
617,nodes,0,-5.7912,-1.5685,3.0000
617,nodes,1,5.7939,-1.5721,3.0000
617,nodes,2,-2.5139,2.5096,3.0000
617,nodes,3,2.5119,2.5109,3.0000
617,scouts,0,-4.2882,-1.5810,3.0000
617,scouts,1,-5.7882,-0.0810,3.0000
617,scouts,2,-7.2882,-1.5810,3.0000
617,scouts,3,-5.7882,-3.0810,3.0000
617,scouts,4,7.2910,-1.5842,3.0000
617,scouts,5,5.7910,-0.0842,3.0000
617,scouts,6,4.2910,-1.5842,3.0000
617,scouts,7,5.7910,-3.0842,3.0000
617,scouts,8,-1.0225,2.5185,3.0000
617,scouts,9,-2.5225,4.0185,3.0000
617,scouts,10,-4.0225,2.5185,3.0000
617,scouts,11,-2.5225,1.0185,3.0000
617,scouts,12,4.0206,2.5196,3.0000
617,scouts,13,2.5206,4.0196,3.0000
617,scouts,14,1.0206,2.5196,3.0000
617,scouts,15,2.5206,1.0196,3.0000
617,workers,0,-8.0078,8.0202,3.0000
617,workers,1,8.0009,8.0116,3.0000
617,workers,2,8.0083,-8.0098,3.0000
617,workers,3,-6.9173,-7.0616,3.0000
618,general,0,0.0000,0.0000,5.0000
618,nodes,0,-5.7914,-1.5675,3.0000
618,nodes,1,5.7941,-1.5712,3.0000
618,nodes,2,-2.5132,2.5090,3.0000
618,nodes,3,2.5112,2.5102,3.0000
618,scouts,0,-4.2887,-1.5792,3.0000
618,scouts,1,-5.7887,-0.0792,3.0000
618,scouts,2,-7.2887,-1.5792,3.0000
618,scouts,3,-5.7887,-3.0792,3.0000
618,scouts,4,7.2914,-1.5824,3.0000
618,scouts,5,5.7914,-0.0824,3.0000
618,scouts,6,4.2914,-1.5824,3.0000
618,scouts,7,5.7914,-3.0824,3.0000
618,scouts,8,-1.0213,2.5172,3.0000
618,scouts,9,-2.5213,4.0172,3.0000
618,scouts,10,-4.0213,2.5172,3.0000
618,scouts,11,-2.5213,1.0172,3.0000
618,scouts,12,4.0194,2.5183,3.0000
618,scouts,13,2.5194,4.0183,3.0000
618,scouts,14,1.0194,2.5183,3.0000
618,scouts,15,2.5194,1.0183,3.0000
618,workers,0,-8.0078,8.0202,3.0000
618,workers,1,8.0009,8.0116,3.0000
618,workers,2,8.0083,-8.0098,3.0000
618,workers,3,-6.9425,-7.0835,3.0000
619,general,0,0.0000,0.0000,5.0000
619,nodes,0,-5.7916,-1.5666,3.0000
619,nodes,1,5.7944,-1.5703,3.0000
619,nodes,2,-2.5126,2.5083,3.0000
619,nodes,3,2.5106,2.5097,3.0000
619,scouts,0,-4.2890,-1.5775,3.0000
619,scouts,1,-5.7890,-0.0775,3.0000
619,scouts,2,-7.2890,-1.5775,3.0000
619,scouts,3,-5.7890,-3.0775,3.0000
619,scouts,4,7.2918,-1.5808,3.0000
619,scouts,5,5.7918,-0.0808,3.0000
619,scouts,6,4.2918,-1.5808,3.0000
619,scouts,7,5.7918,-3.0808,3.0000
619,scouts,8,-1.0201,2.5160,3.0000
619,scouts,9,-2.5201,4.0160,3.0000
619,scouts,10,-4.0201,2.5160,3.0000
619,scouts,11,-2.5201,1.0160,3.0000
619,scouts,12,4.0182,2.5172,3.0000
619,scouts,13,2.5182,4.0172,3.0000
619,scouts,14,1.0182,2.5172,3.0000
619,scouts,15,2.5182,1.0172,3.0000
619,workers,0,-8.0078,8.0202,3.0000
619,workers,1,8.0009,8.0116,3.0000
619,workers,2,8.0083,-8.0098,3.0000
619,workers,3,-6.9677,-7.1053,3.0000
620,general,0,0.0000,0.0000,5.0000
620,nodes,0,-5.7918,-1.5658,3.0000
620,nodes,1,5.7946,-1.5695,3.0000
620,nodes,2,-2.5120,2.5077,3.0000
620,nodes,3,2.5100,2.5091,3.0000
620,scouts,0,-4.2894,-1.5759,3.0000
620,scouts,1,-5.7894,-0.0759,3.0000
620,scouts,2,-7.2894,-1.5759,3.0000
620,scouts,3,-5.7894,-3.0759,3.0000
620,scouts,4,7.2922,-1.5793,3.0000
620,scouts,5,5.7922,-0.0793,3.0000
620,scouts,6,4.2922,-1.5793,3.0000
620,scouts,7,5.7922,-3.0793,3.0000
620,scouts,8,-1.0190,2.5149,3.0000
620,scouts,9,-2.5190,4.0149,3.0000
620,scouts,10,-4.0190,2.5149,3.0000
620,scouts,11,-2.5190,1.0149,3.0000
620,scouts,12,4.0171,2.5161,3.0000
620,scouts,13,2.5171,4.0161,3.0000
620,scouts,14,1.0171,2.5161,3.0000
620,scouts,15,2.5171,1.0161,3.0000
620,workers,0,-8.0078,8.0202,3.0000
620,workers,1,8.0009,8.0116,3.0000
620,workers,2,8.0083,-8.0098,3.0000
620,workers,3,-6.9928,-7.1271,3.0000
621,general,0,0.0000,0.0000,5.0000
621,nodes,0,-5.7920,-1.5650,3.0000
621,nodes,1,5.7949,-1.5688,3.0000
621,nodes,2,-2.5115,2.5072,3.0000
621,nodes,3,2.5095,2.5086,3.0000
621,scouts,0,-4.2898,-1.5745,3.0000
621,scouts,1,-5.7898,-0.0745,3.0000
621,scouts,2,-7.2898,-1.5745,3.0000
621,scouts,3,-5.7898,-3.0745,3.0000
621,scouts,4,7.2925,-1.5779,3.0000
621,scouts,5,5.7925,-0.0779,3.0000
621,scouts,6,4.2925,-1.5779,3.0000
621,scouts,7,5.7925,-3.0779,3.0000
621,scouts,8,-1.0180,2.5139,3.0000
621,scouts,9,-2.5180,4.0139,3.0000
621,scouts,10,-4.0180,2.5139,3.0000
621,scouts,11,-2.5180,1.0139,3.0000
621,scouts,12,4.0161,2.5151,3.0000
621,scouts,13,2.5161,4.0151,3.0000
621,scouts,14,1.0161,2.5151,3.0000
621,scouts,15,2.5161,1.0151,3.0000
621,workers,0,-8.0078,8.0202,3.0000
621,workers,1,8.0009,8.0116,3.0000
621,workers,2,8.0083,-8.0098,3.0000
621,workers,3,-7.0180,-7.1490,3.0000
622,general,0,0.0000,0.0000,5.0000
622,nodes,0,-5.7922,-1.5643,3.0000
622,nodes,1,5.7950,-1.5681,3.0000
622,nodes,2,-2.5110,2.5066,3.0000
622,nodes,3,2.5090,2.5081,3.0000
622,scouts,0,-4.2901,-1.5731,3.0000
622,scouts,1,-5.7901,-0.0731,3.0000
622,scouts,2,-7.2901,-1.5731,3.0000
622,scouts,3,-5.7901,-3.0731,3.0000
622,scouts,4,7.2929,-1.5766,3.0000
622,scouts,5,5.7929,-0.0766,3.0000
622,scouts,6,4.2929,-1.5766,3.0000
622,scouts,7,5.7929,-3.0766,3.0000
622,scouts,8,-1.0171,2.5129,3.0000
622,scouts,9,-2.5171,4.0129,3.0000
622,scouts,10,-4.0171,2.5129,3.0000
622,scouts,11,-2.5171,1.0129,3.0000
622,scouts,12,4.0152,2.5142,3.0000
622,scouts,13,2.5152,4.0142,3.0000
622,scouts,14,1.0152,2.5142,3.0000
622,scouts,15,2.5152,1.0142,3.0000
622,workers,0,-8.0078,8.0202,3.0000
622,workers,1,8.0009,8.0116,3.0000
622,workers,2,8.0083,-8.0098,3.0000
622,workers,3,-7.0432,-7.1708,3.0000
623,general,0,0.0000,0.0000,5.0000
623,nodes,0,-5.7923,-1.5636,3.0000
623,nodes,1,5.7952,-1.5674,3.0000
623,nodes,2,-2.5105,2.5061,3.0000
623,nodes,3,2.5085,2.5076,3.0000
623,scouts,0,-4.2904,-1.5719,3.0000
623,scouts,1,-5.7904,-0.0719,3.0000
623,scouts,2,-7.2904,-1.5719,3.0000
623,scouts,3,-5.7904,-3.0719,3.0000
623,scouts,4,7.2932,-1.5754,3.0000
623,scouts,5,5.7932,-0.0754,3.0000
623,scouts,6,4.2932,-1.5754,3.0000
623,scouts,7,5.7932,-3.0754,3.0000
623,scouts,8,-1.0162,2.5120,3.0000
623,scouts,9,-2.5162,4.0120,3.0000
623,scouts,10,-4.0162,2.5120,3.0000
623,scouts,11,-2.5162,1.0120,3.0000
623,scouts,12,4.0143,2.5133,3.0000
623,scouts,13,2.5143,4.0133,3.0000
623,scouts,14,1.0143,2.5133,3.0000
623,scouts,15,2.5143,1.0133,3.0000
623,workers,0,-8.0078,8.0202,3.0000
623,workers,1,8.0009,8.0116,3.0000
623,workers,2,8.0083,-8.0098,3.0000
623,workers,3,-7.0684,-7.1926,3.0000
624,general,0,0.0000,0.0000,5.0000
624,nodes,0,-5.7924,-1.5630,3.0000
624,nodes,1,5.7954,-1.5668,3.0000
624,nodes,2,-2.5101,2.5057,3.0000
624,nodes,3,2.5081,2.5072,3.0000
624,scouts,0,-4.2907,-1.5707,3.0000
624,scouts,1,-5.7907,-0.0707,3.0000
624,scouts,2,-7.2907,-1.5707,3.0000
624,scouts,3,-5.7907,-3.0707,3.0000
624,scouts,4,7.2935,-1.5742,3.0000
624,scouts,5,5.7935,-0.0742,3.0000
624,scouts,6,4.2935,-1.5742,3.0000
624,scouts,7,5.7935,-3.0742,3.0000
624,scouts,8,-1.0154,2.5112,3.0000
624,scouts,9,-2.5154,4.0112,3.0000
624,scouts,10,-4.0154,2.5112,3.0000
624,scouts,11,-2.5154,1.0112,3.0000
624,scouts,12,4.0135,2.5125,3.0000
624,scouts,13,2.5135,4.0125,3.0000
624,scouts,14,1.0135,2.5125,3.0000
624,scouts,15,2.5135,1.0125,3.0000
624,workers,0,-8.0078,8.0202,3.0000
624,workers,1,8.0009,8.0116,3.0000
624,workers,2,8.0083,-8.0098,3.0000
624,workers,3,-7.0936,-7.2145,3.0000
625,general,0,0.0000,0.0000,5.0000
625,nodes,0,-5.7926,-1.5624,3.0000
625,nodes,1,5.7956,-1.5663,3.0000
625,nodes,2,-2.5097,2.5052,3.0000
625,nodes,3,2.5077,2.5068,3.0000
625,scouts,0,-4.2909,-1.5696,3.0000
625,scouts,1,-5.7909,-0.0696,3.0000
625,scouts,2,-7.2909,-1.5696,3.0000
625,scouts,3,-5.7909,-3.0696,3.0000
625,scouts,4,7.2938,-1.5732,3.0000
625,scouts,5,5.7938,-0.0732,3.0000
625,scouts,6,4.2938,-1.5732,3.0000
625,scouts,7,5.7938,-3.0732,3.0000
625,scouts,8,-1.0146,2.5104,3.0000
625,scouts,9,-2.5146,4.0104,3.0000
625,scouts,10,-4.0146,2.5104,3.0000
625,scouts,11,-2.5146,1.0104,3.0000
625,scouts,12,4.0127,2.5117,3.0000
625,scouts,13,2.5127,4.0117,3.0000
625,scouts,14,1.0127,2.5117,3.0000
625,scouts,15,2.5127,1.0117,3.0000
625,workers,0,-8.0078,8.0202,3.0000
625,workers,1,8.0009,8.0116,3.0000
625,workers,2,8.0083,-8.0098,3.0000
625,workers,3,-7.1188,-7.2363,3.0000
626,general,0,0.0000,0.0000,5.0000
626,nodes,0,-5.7927,-1.5619,3.0000
626,nodes,1,5.7958,-1.5658,3.0000
626,nodes,2,-2.5094,2.5048,3.0000
626,nodes,3,2.5073,2.5064,3.0000
626,scouts,0,-4.2912,-1.5686,3.0000
626,scouts,1,-5.7912,-0.0686,3.0000
626,scouts,2,-7.2912,-1.5686,3.0000
626,scouts,3,-5.7912,-3.0686,3.0000
626,scouts,4,7.2940,-1.5722,3.0000
626,scouts,5,5.7940,-0.0722,3.0000
626,scouts,6,4.2940,-1.5722,3.0000
626,scouts,7,5.7940,-3.0722,3.0000
626,scouts,8,-1.0139,2.5096,3.0000
626,scouts,9,-2.5139,4.0096,3.0000
626,scouts,10,-4.0139,2.5096,3.0000
626,scouts,11,-2.5139,1.0096,3.0000
626,scouts,12,4.0120,2.5110,3.0000
626,scouts,13,2.5120,4.0110,3.0000
626,scouts,14,1.0120,2.5110,3.0000
626,scouts,15,2.5120,1.0110,3.0000
626,workers,0,-8.0078,8.0202,3.0000
626,workers,1,8.0009,8.0116,3.0000
626,workers,2,8.0083,-8.0098,3.0000
626,workers,3,-7.1440,-7.2581,3.0000
627,general,0,0.0000,0.0000,5.0000
627,nodes,0,-5.7928,-1.5614,3.0000
627,nodes,1,5.7959,-1.5653,3.0000
627,nodes,2,-2.5090,2.5045,3.0000
627,nodes,3,2.5070,2.5061,3.0000
627,scouts,0,-4.2914,-1.5676,3.0000
627,scouts,1,-5.7914,-0.0676,3.0000
627,scouts,2,-7.2914,-1.5676,3.0000
627,scouts,3,-5.7914,-3.0676,3.0000
627,scouts,4,7.2943,-1.5713,3.0000
627,scouts,5,5.7943,-0.0713,3.0000
627,scouts,6,4.2943,-1.5713,3.0000
627,scouts,7,5.7943,-3.0713,3.0000
627,scouts,8,-1.0133,2.5089,3.0000
627,scouts,9,-2.5133,4.0089,3.0000
627,scouts,10,-4.0133,2.5089,3.0000
627,scouts,11,-2.5133,1.0089,3.0000
627,scouts,12,4.0113,2.5104,3.0000
627,scouts,13,2.5113,4.0104,3.0000
627,scouts,14,1.0113,2.5104,3.0000
627,scouts,15,2.5113,1.0104,3.0000
627,workers,0,-8.0078,8.0202,3.0000
627,workers,1,8.0009,8.0116,3.0000
627,workers,2,8.0083,-8.0098,3.0000
627,workers,3,-7.1692,-7.2799,3.0000
628,general,0,0.0000,0.0000,5.0000
628,nodes,0,-5.7929,-1.5609,3.0000
628,nodes,1,5.7961,-1.5648,3.0000
628,nodes,2,-2.5087,2.5041,3.0000
628,nodes,3,2.5067,2.5057,3.0000
628,scouts,0,-4.2916,-1.5667,3.0000
628,scouts,1,-5.7916,-0.0667,3.0000
628,scouts,2,-7.2916,-1.5667,3.0000
628,scouts,3,-5.7916,-3.0667,3.0000
628,scouts,4,7.2945,-1.5704,3.0000
628,scouts,5,5.7945,-0.0704,3.0000
628,scouts,6,4.2945,-1.5704,3.0000
628,scouts,7,5.7945,-3.0704,3.0000
628,scouts,8,-1.0127,2.5083,3.0000
628,scouts,9,-2.5127,4.0083,3.0000
628,scouts,10,-4.0127,2.5083,3.0000
628,scouts,11,-2.5127,1.0083,3.0000
628,scouts,12,4.0107,2.5097,3.0000
628,scouts,13,2.5107,4.0097,3.0000
628,scouts,14,1.0107,2.5097,3.0000
628,scouts,15,2.5107,1.0097,3.0000
628,workers,0,-8.0078,8.0202,3.0000
628,workers,1,8.0009,8.0116,3.0000
628,workers,2,8.0083,-8.0098,3.0000
628,workers,3,-7.1944,-7.3018,3.0000
629,general,0,0.0000,0.0000,5.0000
629,nodes,0,-5.7930,-1.5604,3.0000
629,nodes,1,5.7962,-1.5644,3.0000
629,nodes,2,-2.5085,2.5038,3.0000
629,nodes,3,2.5063,2.5054,3.0000
629,scouts,0,-4.2918,-1.5659,3.0000
629,scouts,1,-5.7918,-0.0659,3.0000
629,scouts,2,-7.2918,-1.5659,3.0000
629,scouts,3,-5.7918,-3.0659,3.0000
629,scouts,4,7.2947,-1.5696,3.0000
629,scouts,5,5.7947,-0.0696,3.0000
629,scouts,6,4.2947,-1.5696,3.0000
629,scouts,7,5.7947,-3.0696,3.0000
629,scouts,8,-1.0121,2.5077,3.0000
629,scouts,9,-2.5121,4.0077,3.0000
629,scouts,10,-4.0121,2.5077,3.0000
629,scouts,11,-2.5121,1.0077,3.0000
629,scouts,12,4.0101,2.5092,3.0000
629,scouts,13,2.5101,4.0092,3.0000
629,scouts,14,1.0101,2.5092,3.0000
629,scouts,15,2.5101,1.0092,3.0000
629,workers,0,-8.0078,8.0202,3.0000
629,workers,1,8.0009,8.0116,3.0000
629,workers,2,8.0083,-8.0098,3.0000
629,workers,3,-7.2195,-7.3236,3.0000
630,general,0,0.0000,0.0000,5.0000
630,nodes,0,-5.7931,-1.5599,3.0000
630,nodes,1,5.7963,-1.5641,3.0000
630,nodes,2,-2.5082,2.5035,3.0000
630,nodes,3,2.5060,2.5051,3.0000
630,scouts,0,-4.2919,-1.5651,3.0000
630,scouts,1,-5.7919,-0.0651,3.0000
630,scouts,2,-7.2919,-1.5651,3.0000
630,scouts,3,-5.7919,-3.0651,3.0000
630,scouts,4,7.2950,-1.5689,3.0000
630,scouts,5,5.7950,-0.0689,3.0000
630,scouts,6,4.2950,-1.5689,3.0000
630,scouts,7,5.7950,-3.0689,3.0000
630,scouts,8,-1.0116,2.5071,3.0000
630,scouts,9,-2.5116,4.0071,3.0000
630,scouts,10,-4.0116,2.5071,3.0000
630,scouts,11,-2.5116,1.0071,3.0000
630,scouts,12,4.0095,2.5086,3.0000
630,scouts,13,2.5095,4.0086,3.0000
630,scouts,14,1.0095,2.5086,3.0000
630,scouts,15,2.5095,1.0086,3.0000
630,workers,0,-8.0078,8.0202,3.0000
630,workers,1,8.0009,8.0116,3.0000
630,workers,2,8.0083,-8.0098,3.0000
630,workers,3,-7.2447,-7.3454,3.0000
631,general,0,0.0000,0.0000,5.0000
631,nodes,0,-5.7932,-1.5595,3.0000
631,nodes,1,5.7964,-1.5637,3.0000
631,nodes,2,-2.5079,2.5033,3.0000
631,nodes,3,2.5057,2.5048,3.0000
631,scouts,0,-4.2921,-1.5643,3.0000
631,scouts,1,-5.7921,-0.0643,3.0000
631,scouts,2,-7.2921,-1.5643,3.0000
631,scouts,3,-5.7921,-3.0643,3.0000
631,scouts,4,7.2951,-1.5682,3.0000
631,scouts,5,5.7951,-0.0682,3.0000
631,scouts,6,4.2951,-1.5682,3.0000
631,scouts,7,5.7951,-3.0682,3.0000
631,scouts,8,-1.0111,2.5066,3.0000
631,scouts,9,-2.5111,4.0066,3.0000
631,scouts,10,-4.0111,2.5066,3.0000
631,scouts,11,-2.5111,1.0066,3.0000
631,scouts,12,4.0090,2.5081,3.0000
631,scouts,13,2.5090,4.0081,3.0000
631,scouts,14,1.0090,2.5081,3.0000
631,scouts,15,2.5090,1.0081,3.0000
631,workers,0,-8.0078,8.0202,3.0000
631,workers,1,8.0009,8.0116,3.0000
631,workers,2,8.0083,-8.0098,3.0000
631,workers,3,-7.2699,-7.3673,3.0000
632,general,0,0.0000,0.0000,5.0000
632,nodes,0,-5.7933,-1.5591,3.0000
632,nodes,1,5.7965,-1.5634,3.0000
632,nodes,2,-2.5077,2.5030,3.0000
632,nodes,3,2.5054,2.5046,3.0000
632,scouts,0,-4.2923,-1.5636,3.0000
632,scouts,1,-5.7923,-0.0636,3.0000
632,scouts,2,-7.2923,-1.5636,3.0000
632,scouts,3,-5.7923,-3.0636,3.0000
632,scouts,4,7.2953,-1.5675,3.0000
632,scouts,5,5.7953,-0.0675,3.0000
632,scouts,6,4.2953,-1.5675,3.0000
632,scouts,7,5.7953,-3.0675,3.0000
632,scouts,8,-1.0106,2.5061,3.0000
632,scouts,9,-2.5106,4.0061,3.0000
632,scouts,10,-4.0106,2.5061,3.0000
632,scouts,11,-2.5106,1.0061,3.0000
632,scouts,12,4.0085,2.5076,3.0000
632,scouts,13,2.5085,4.0076,3.0000
632,scouts,14,1.0085,2.5076,3.0000
632,scouts,15,2.5085,1.0076,3.0000
632,workers,0,-8.0078,8.0202,3.0000
632,workers,1,8.0009,8.0116,3.0000
632,workers,2,8.0083,-8.0098,3.0000
632,workers,3,-7.2951,-7.3891,3.0000
633,general,0,0.0000,0.0000,5.0000
633,nodes,0,-5.7934,-1.5587,3.0000
633,nodes,1,5.7966,-1.5631,3.0000
633,nodes,2,-2.5075,2.5028,3.0000
633,nodes,3,2.5052,2.5043,3.0000
633,scouts,0,-4.2924,-1.5630,3.0000
633,scouts,1,-5.7924,-0.0630,3.0000
633,scouts,2,-7.2924,-1.5630,3.0000
633,scouts,3,-5.7924,-3.0630,3.0000
633,scouts,4,7.2955,-1.5670,3.0000
633,scouts,5,5.7955,-0.0670,3.0000
633,scouts,6,4.2955,-1.5670,3.0000
633,scouts,7,5.7955,-3.0670,3.0000
633,scouts,8,-1.0102,2.5057,3.0000
633,scouts,9,-2.5102,4.0057,3.0000
633,scouts,10,-4.0102,2.5057,3.0000
633,scouts,11,-2.5102,1.0057,3.0000
633,scouts,12,4.0081,2.5072,3.0000
633,scouts,13,2.5081,4.0072,3.0000
633,scouts,14,1.0081,2.5072,3.0000
633,scouts,15,2.5081,1.0072,3.0000
633,workers,0,-8.0078,8.0202,3.0000
633,workers,1,8.0009,8.0116,3.0000
633,workers,2,8.0083,-8.0098,3.0000
633,workers,3,-7.3203,-7.4109,3.0000
634,general,0,0.0000,0.0000,5.0000
634,nodes,0,-5.7935,-1.5583,3.0000
634,nodes,1,5.7967,-1.5629,3.0000
634,nodes,2,-2.5072,2.5025,3.0000
634,nodes,3,2.5050,2.5041,3.0000
634,scouts,0,-4.2926,-1.5624,3.0000
634,scouts,1,-5.7926,-0.0624,3.0000
634,scouts,2,-7.2926,-1.5624,3.0000
634,scouts,3,-5.7926,-3.0624,3.0000
634,scouts,4,7.2957,-1.5664,3.0000
634,scouts,5,5.7957,-0.0664,3.0000
634,scouts,6,4.2957,-1.5664,3.0000
634,scouts,7,5.7957,-3.0664,3.0000
634,scouts,8,-1.0098,2.5053,3.0000
634,scouts,9,-2.5098,4.0053,3.0000
634,scouts,10,-4.0098,2.5053,3.0000
634,scouts,11,-2.5098,1.0053,3.0000
634,scouts,12,4.0077,2.5068,3.0000
634,scouts,13,2.5077,4.0068,3.0000
634,scouts,14,1.0077,2.5068,3.0000
634,scouts,15,2.5077,1.0068,3.0000
634,workers,0,-8.0078,8.0202,3.0000
634,workers,1,8.0009,8.0116,3.0000
634,workers,2,8.0083,-8.0098,3.0000
634,workers,3,-7.3455,-7.4328,3.0000
635,general,0,0.0000,0.0000,5.0000
635,nodes,0,-5.7936,-1.5580,3.0000
635,nodes,1,5.7967,-1.5626,3.0000
635,nodes,2,-2.5070,2.5023,3.0000
635,nodes,3,2.5048,2.5039,3.0000
635,scouts,0,-4.2927,-1.5618,3.0000
635,scouts,1,-5.7927,-0.0618,3.0000
635,scouts,2,-7.2927,-1.5618,3.0000
635,scouts,3,-5.7927,-3.0618,3.0000
635,scouts,4,7.2958,-1.5659,3.0000
635,scouts,5,5.7958,-0.0659,3.0000
635,scouts,6,4.2958,-1.5659,3.0000
635,scouts,7,5.7958,-3.0659,3.0000
635,scouts,8,-1.0095,2.5049,3.0000
635,scouts,9,-2.5095,4.0049,3.0000
635,scouts,10,-4.0095,2.5049,3.0000
635,scouts,11,-2.5095,1.0049,3.0000
635,scouts,12,4.0073,2.5064,3.0000
635,scouts,13,2.5073,4.0064,3.0000
635,scouts,14,1.0073,2.5064,3.0000
635,scouts,15,2.5073,1.0064,3.0000
635,workers,0,-8.0078,8.0202,3.0000
635,workers,1,8.0009,8.0116,3.0000
635,workers,2,8.0083,-8.0098,3.0000
635,workers,3,-7.3707,-7.4546,3.0000
636,general,0,0.0000,0.0000,5.0000
636,nodes,0,-5.7937,-1.5577,3.0000
636,nodes,1,5.7968,-1.5624,3.0000
636,nodes,2,-2.5069,2.5021,3.0000
636,nodes,3,2.5046,2.5037,3.0000
636,scouts,0,-4.2928,-1.5612,3.0000
636,scouts,1,-5.7928,-0.0612,3.0000
636,scouts,2,-7.2928,-1.5612,3.0000
636,scouts,3,-5.7928,-3.0612,3.0000
636,scouts,4,7.2959,-1.5654,3.0000
636,scouts,5,5.7959,-0.0654,3.0000
636,scouts,6,4.2959,-1.5654,3.0000
636,scouts,7,5.7959,-3.0654,3.0000
636,scouts,8,-1.0091,2.5045,3.0000
636,scouts,9,-2.5091,4.0045,3.0000
636,scouts,10,-4.0091,2.5045,3.0000
636,scouts,11,-2.5091,1.0045,3.0000
636,scouts,12,4.0069,2.5060,3.0000
636,scouts,13,2.5069,4.0060,3.0000
636,scouts,14,1.0069,2.5060,3.0000
636,scouts,15,2.5069,1.0060,3.0000
636,workers,0,-8.0078,8.0202,3.0000
636,workers,1,8.0009,8.0116,3.0000
636,workers,2,8.0083,-8.0098,3.0000
636,workers,3,-7.3959,-7.4764,3.0000
637,general,0,0.0000,0.0000,5.0000
637,nodes,0,-5.7938,-1.5575,3.0000
637,nodes,1,5.7968,-1.5621,3.0000
637,nodes,2,-2.5067,2.5019,3.0000
637,nodes,3,2.5044,2.5036,3.0000
637,scouts,0,-4.2930,-1.5607,3.0000
637,scouts,1,-5.7930,-0.0607,3.0000
637,scouts,2,-7.2930,-1.5607,3.0000
637,scouts,3,-5.7930,-3.0607,3.0000
637,scouts,4,7.2960,-1.5650,3.0000
637,scouts,5,5.7960,-0.0650,3.0000
637,scouts,6,4.2960,-1.5650,3.0000
637,scouts,7,5.7960,-3.0650,3.0000
637,scouts,8,-1.0088,2.5042,3.0000
637,scouts,9,-2.5088,4.0042,3.0000
637,scouts,10,-4.0088,2.5042,3.0000
637,scouts,11,-2.5088,1.0042,3.0000
637,scouts,12,4.0066,2.5057,3.0000
637,scouts,13,2.5066,4.0057,3.0000
637,scouts,14,1.0066,2.5057,3.0000
637,scouts,15,2.5066,1.0057,3.0000
637,workers,0,-8.0078,8.0202,3.0000
637,workers,1,8.0009,8.0116,3.0000
637,workers,2,8.0083,-8.0098,3.0000
637,workers,3,-7.4211,-7.4983,3.0000
638,general,0,0.0000,0.0000,5.0000
638,nodes,0,-5.7939,-1.5572,3.0000
638,nodes,1,5.7969,-1.5618,3.0000
638,nodes,2,-2.5065,2.5017,3.0000
638,nodes,3,2.5043,2.5034,3.0000
638,scouts,0,-4.2931,-1.5603,3.0000
638,scouts,1,-5.7931,-0.0603,3.0000
638,scouts,2,-7.2931,-1.5603,3.0000
638,scouts,3,-5.7931,-3.0603,3.0000
638,scouts,4,7.2962,-1.5646,3.0000
638,scouts,5,5.7962,-0.0646,3.0000
638,scouts,6,4.2962,-1.5646,3.0000
638,scouts,7,5.7962,-3.0646,3.0000
638,scouts,8,-1.0085,2.5038,3.0000
638,scouts,9,-2.5085,4.0038,3.0000
638,scouts,10,-4.0085,2.5038,3.0000
638,scouts,11,-2.5085,1.0038,3.0000
638,scouts,12,4.0063,2.5054,3.0000
638,scouts,13,2.5063,4.0054,3.0000
638,scouts,14,1.0063,2.5054,3.0000
638,scouts,15,2.5063,1.0054,3.0000
638,workers,0,-8.0078,8.0202,3.0000
638,workers,1,8.0009,8.0116,3.0000
638,workers,2,8.0083,-8.0098,3.0000
638,workers,3,-7.4463,-7.5201,3.0000
639,general,0,0.0000,0.0000,5.0000
639,nodes,0,-5.7939,-1.5569,3.0000
639,nodes,1,5.7969,-1.5616,3.0000
639,nodes,2,-2.5064,2.5015,3.0000
639,nodes,3,2.5041,2.5033,3.0000
639,scouts,0,-4.2932,-1.5598,3.0000
639,scouts,1,-5.7932,-0.0598,3.0000
639,scouts,2,-7.2932,-1.5598,3.0000
639,scouts,3,-5.7932,-3.0598,3.0000
639,scouts,4,7.2963,-1.5642,3.0000
639,scouts,5,5.7963,-0.0642,3.0000
639,scouts,6,4.2963,-1.5642,3.0000
639,scouts,7,5.7963,-3.0642,3.0000
639,scouts,8,-1.0082,2.5035,3.0000
639,scouts,9,-2.5082,4.0035,3.0000
639,scouts,10,-4.0082,2.5035,3.0000
639,scouts,11,-2.5082,1.0035,3.0000
639,scouts,12,4.0060,2.5051,3.0000
639,scouts,13,2.5060,4.0051,3.0000
639,scouts,14,1.0060,2.5051,3.0000
639,scouts,15,2.5060,1.0051,3.0000
639,workers,0,-8.0078,8.0202,3.0000
639,workers,1,8.0009,8.0116,3.0000
639,workers,2,8.0083,-8.0098,3.0000
639,workers,3,-7.4714,-7.5419,3.0000
640,general,0,0.0000,0.0000,5.0000
640,nodes,0,-5.7939,-1.5567,3.0000
640,nodes,1,5.7969,-1.5614,3.0000
640,nodes,2,-2.5063,2.5014,3.0000
640,nodes,3,2.5040,2.5032,3.0000
640,scouts,0,-4.2933,-1.5594,3.0000
640,scouts,1,-5.7933,-0.0594,3.0000
640,scouts,2,-7.2933,-1.5594,3.0000
640,scouts,3,-5.7933,-3.0594,3.0000
640,scouts,4,7.2964,-1.5638,3.0000
640,scouts,5,5.7964,-0.0638,3.0000
640,scouts,6,4.2964,-1.5638,3.0000
640,scouts,7,5.7964,-3.0638,3.0000
640,scouts,8,-1.0079,2.5032,3.0000
640,scouts,9,-2.5079,4.0032,3.0000
640,scouts,10,-4.0079,2.5032,3.0000
640,scouts,11,-2.5079,1.0032,3.0000
640,scouts,12,4.0057,2.5049,3.0000
640,scouts,13,2.5057,4.0049,3.0000
640,scouts,14,1.0057,2.5049,3.0000
640,scouts,15,2.5057,1.0049,3.0000
640,workers,0,-8.0078,8.0202,3.0000
640,workers,1,8.0009,8.0116,3.0000
640,workers,2,8.0083,-8.0098,3.0000
640,workers,3,-7.4966,-7.5637,3.0000
641,general,0,0.0000,0.0000,5.0000
641,nodes,0,-5.7939,-1.5564,3.0000
641,nodes,1,5.7970,-1.5612,3.0000
641,nodes,2,-2.5062,2.5012,3.0000
641,nodes,3,2.5038,2.5031,3.0000
641,scouts,0,-4.2934,-1.5590,3.0000
641,scouts,1,-5.7934,-0.0590,3.0000
641,scouts,2,-7.2934,-1.5590,3.0000
641,scouts,3,-5.7934,-3.0590,3.0000
641,scouts,4,7.2964,-1.5635,3.0000
641,scouts,5,5.7964,-0.0635,3.0000
641,scouts,6,4.2964,-1.5635,3.0000
641,scouts,7,5.7964,-3.0635,3.0000
641,scouts,8,-1.0077,2.5030,3.0000
641,scouts,9,-2.5077,4.0030,3.0000
641,scouts,10,-4.0077,2.5030,3.0000
641,scouts,11,-2.5077,1.0030,3.0000
641,scouts,12,4.0055,2.5046,3.0000
641,scouts,13,2.5055,4.0046,3.0000
641,scouts,14,1.0055,2.5046,3.0000
641,scouts,15,2.5055,1.0046,3.0000
641,workers,0,-8.0078,8.0202,3.0000
641,workers,1,8.0009,8.0116,3.0000
641,workers,2,8.0083,-8.0098,3.0000
641,workers,3,-7.5218,-7.5856,3.0000
642,general,0,0.0000,0.0000,5.0000
642,nodes,0,-5.7940,-1.5562,3.0000
642,nodes,1,5.7969,-1.5611,3.0000
642,nodes,2,-2.5060,2.5010,3.0000
642,nodes,3,2.5037,2.5030,3.0000
642,scouts,0,-4.2935,-1.5586,3.0000
642,scouts,1,-5.7935,-0.0586,3.0000
642,scouts,2,-7.2935,-1.5586,3.0000
642,scouts,3,-5.7935,-3.0586,3.0000
642,scouts,4,7.2965,-1.5631,3.0000
642,scouts,5,5.7965,-0.0631,3.0000
642,scouts,6,4.2965,-1.5631,3.0000
642,scouts,7,5.7965,-3.0631,3.0000
642,scouts,8,-1.0075,2.5027,3.0000
642,scouts,9,-2.5075,4.0027,3.0000
642,scouts,10,-4.0075,2.5027,3.0000
642,scouts,11,-2.5075,1.0027,3.0000
642,scouts,12,4.0052,2.5044,3.0000
642,scouts,13,2.5052,4.0044,3.0000
642,scouts,14,1.0052,2.5044,3.0000
642,scouts,15,2.5052,1.0044,3.0000
642,workers,0,-8.0078,8.0202,3.0000
642,workers,1,8.0009,8.0116,3.0000
642,workers,2,8.0083,-8.0098,3.0000
642,workers,3,-7.5470,-7.6074,3.0000
643,general,0,0.0000,0.0000,5.0000
643,nodes,0,-5.7940,-1.5560,3.0000
643,nodes,1,5.7969,-1.5608,3.0000
643,nodes,2,-2.5059,2.5009,3.0000
643,nodes,3,2.5036,2.5028,3.0000
643,scouts,0,-4.2935,-1.5583,3.0000
643,scouts,1,-5.7935,-0.0583,3.0000
643,scouts,2,-7.2935,-1.5583,3.0000
643,scouts,3,-5.7935,-3.0583,3.0000
643,scouts,4,7.2966,-1.5628,3.0000
643,scouts,5,5.7966,-0.0628,3.0000
643,scouts,6,4.2966,-1.5628,3.0000
643,scouts,7,5.7966,-3.0628,3.0000
643,scouts,8,-1.0073,2.5025,3.0000
643,scouts,9,-2.5073,4.0025,3.0000
643,scouts,10,-4.0073,2.5025,3.0000
643,scouts,11,-2.5073,1.0025,3.0000
643,scouts,12,4.0050,2.5042,3.0000
643,scouts,13,2.5050,4.0042,3.0000
643,scouts,14,1.0050,2.5042,3.0000
643,scouts,15,2.5050,1.0042,3.0000
643,workers,0,-8.0078,8.0202,3.0000
643,workers,1,8.0009,8.0116,3.0000
643,workers,2,8.0083,-8.0098,3.0000
643,workers,3,-7.5722,-7.6292,3.0000
644,general,0,0.0000,0.0000,5.0000
644,nodes,0,-5.7941,-1.5558,3.0000
644,nodes,1,5.7969,-1.5606,3.0000
644,nodes,2,-2.5058,2.5007,3.0000
644,nodes,3,2.5035,2.5027,3.0000
644,scouts,0,-4.2936,-1.5579,3.0000
644,scouts,1,-5.7936,-0.0579,3.0000
644,scouts,2,-7.2936,-1.5579,3.0000
644,scouts,3,-5.7936,-3.0579,3.0000
644,scouts,4,7.2966,-1.5625,3.0000
644,scouts,5,5.7966,-0.0625,3.0000
644,scouts,6,4.2966,-1.5625,3.0000
644,scouts,7,5.7966,-3.0625,3.0000
644,scouts,8,-1.0071,2.5022,3.0000
644,scouts,9,-2.5071,4.0022,3.0000
644,scouts,10,-4.0071,2.5022,3.0000
644,scouts,11,-2.5071,1.0022,3.0000
644,scouts,12,4.0048,2.5040,3.0000
644,scouts,13,2.5048,4.0040,3.0000
644,scouts,14,1.0048,2.5040,3.0000
644,scouts,15,2.5048,1.0040,3.0000
644,workers,0,-8.0078,8.0202,3.0000
644,workers,1,8.0009,8.0116,3.0000
644,workers,2,8.0083,-8.0098,3.0000
644,workers,3,-7.5974,-7.6511,3.0000
645,general,0,0.0000,0.0000,5.0000
645,nodes,0,-5.7941,-1.5556,3.0000
645,nodes,1,5.7969,-1.5605,3.0000
645,nodes,2,-2.5057,2.5005,3.0000
645,nodes,3,2.5034,2.5026,3.0000
645,scouts,0,-4.2937,-1.5576,3.0000
645,scouts,1,-5.7937,-0.0576,3.0000
645,scouts,2,-7.2937,-1.5576,3.0000
645,scouts,3,-5.7937,-3.0576,3.0000
645,scouts,4,7.2966,-1.5623,3.0000
645,scouts,5,5.7966,-0.0623,3.0000
645,scouts,6,4.2966,-1.5623,3.0000
645,scouts,7,5.7966,-3.0623,3.0000
645,scouts,8,-1.0069,2.5020,3.0000
645,scouts,9,-2.5069,4.0020,3.0000
645,scouts,10,-4.0069,2.5020,3.0000
645,scouts,11,-2.5069,1.0020,3.0000
645,scouts,12,4.0046,2.5038,3.0000
645,scouts,13,2.5046,4.0038,3.0000
645,scouts,14,1.0046,2.5038,3.0000
645,scouts,15,2.5046,1.0038,3.0000
645,workers,0,-8.0078,8.0202,3.0000
645,workers,1,8.0009,8.0116,3.0000
645,workers,2,8.0083,-8.0098,3.0000
645,workers,3,-7.6226,-7.6729,3.0000
646,general,0,0.0000,0.0000,5.0000
646,nodes,0,-5.7941,-1.5555,3.0000
646,nodes,1,5.7970,-1.5603,3.0000
646,nodes,2,-2.5056,2.5004,3.0000
646,nodes,3,2.5033,2.5025,3.0000
646,scouts,0,-4.2937,-1.5573,3.0000
646,scouts,1,-5.7937,-0.0573,3.0000
646,scouts,2,-7.2937,-1.5573,3.0000
646,scouts,3,-5.7937,-3.0573,3.0000
646,scouts,4,7.2967,-1.5620,3.0000
646,scouts,5,5.7967,-0.0620,3.0000
646,scouts,6,4.2967,-1.5620,3.0000
646,scouts,7,5.7967,-3.0620,3.0000
646,scouts,8,-1.0067,2.5018,3.0000
646,scouts,9,-2.5067,4.0018,3.0000
646,scouts,10,-4.0067,2.5018,3.0000
646,scouts,11,-2.5067,1.0018,3.0000
646,scouts,12,4.0045,2.5037,3.0000
646,scouts,13,2.5045,4.0037,3.0000
646,scouts,14,1.0045,2.5037,3.0000
646,scouts,15,2.5045,1.0037,3.0000
646,workers,0,-8.0078,8.0202,3.0000
646,workers,1,8.0009,8.0116,3.0000
646,workers,2,8.0083,-8.0098,3.0000
646,workers,3,-7.6478,-7.6947,3.0000
647,general,0,0.0000,0.0000,5.0000
647,nodes,0,-5.7941,-1.5554,3.0000
647,nodes,1,5.7970,-1.5602,3.0000
647,nodes,2,-2.5055,2.5003,3.0000
647,nodes,3,2.5032,2.5024,3.0000
647,scouts,0,-4.2938,-1.5571,3.0000
647,scouts,1,-5.7938,-0.0571,3.0000
647,scouts,2,-7.2938,-1.5571,3.0000
647,scouts,3,-5.7938,-3.0571,3.0000
647,scouts,4,7.2967,-1.5618,3.0000
647,scouts,5,5.7967,-0.0618,3.0000
647,scouts,6,4.2967,-1.5618,3.0000
647,scouts,7,5.7967,-3.0618,3.0000
647,scouts,8,-1.0066,2.5016,3.0000
647,scouts,9,-2.5066,4.0016,3.0000
647,scouts,10,-4.0066,2.5016,3.0000
647,scouts,11,-2.5066,1.0016,3.0000
647,scouts,12,4.0043,2.5035,3.0000
647,scouts,13,2.5043,4.0035,3.0000
647,scouts,14,1.0043,2.5035,3.0000
647,scouts,15,2.5043,1.0035,3.0000
647,workers,0,-8.0078,8.0202,3.0000
647,workers,1,8.0009,8.0116,3.0000
647,workers,2,8.0083,-8.0098,3.0000
647,workers,3,-7.6730,-7.7166,3.0000
648,general,0,0.0000,0.0000,5.0000
648,nodes,0,-5.7941,-1.5552,3.0000
648,nodes,1,5.7970,-1.5600,3.0000
648,nodes,2,-2.5054,2.5002,3.0000
648,nodes,3,2.5030,2.5024,3.0000
648,scouts,0,-4.2938,-1.5568,3.0000
648,scouts,1,-5.7938,-0.0568,3.0000
648,scouts,2,-7.2938,-1.5568,3.0000
648,scouts,3,-5.7938,-3.0568,3.0000
648,scouts,4,7.2968,-1.5615,3.0000
648,scouts,5,5.7968,-0.0615,3.0000
648,scouts,6,4.2968,-1.5615,3.0000
648,scouts,7,5.7968,-3.0615,3.0000
648,scouts,8,-1.0064,2.5014,3.0000
648,scouts,9,-2.5064,4.0014,3.0000
648,scouts,10,-4.0064,2.5014,3.0000
648,scouts,11,-2.5064,1.0014,3.0000
648,scouts,12,4.0041,2.5033,3.0000
648,scouts,13,2.5041,4.0033,3.0000
648,scouts,14,1.0041,2.5033,3.0000
648,scouts,15,2.5041,1.0033,3.0000
648,workers,0,-8.0078,8.0202,3.0000
648,workers,1,8.0009,8.0116,3.0000
648,workers,2,8.0083,-8.0098,3.0000
648,workers,3,-7.6982,-7.7384,3.0000
649,general,0,0.0000,0.0000,5.0000
649,nodes,0,-5.7942,-1.5551,3.0000
649,nodes,1,5.7970,-1.5599,3.0000
649,nodes,2,-2.5053,2.5001,3.0000
649,nodes,3,2.5029,2.5023,3.0000
649,scouts,0,-4.2939,-1.5566,3.0000
649,scouts,1,-5.7939,-0.0566,3.0000
649,scouts,2,-7.2939,-1.5566,3.0000
649,scouts,3,-5.7939,-3.0566,3.0000
649,scouts,4,7.2968,-1.5613,3.0000
649,scouts,5,5.7968,-0.0613,3.0000
649,scouts,6,4.2968,-1.5613,3.0000
649,scouts,7,5.7968,-3.0613,3.0000
649,scouts,8,-1.0063,2.5012,3.0000
649,scouts,9,-2.5063,4.0012,3.0000
649,scouts,10,-4.0063,2.5012,3.0000
649,scouts,11,-2.5063,1.0012,3.0000
649,scouts,12,4.0040,2.5032,3.0000
649,scouts,13,2.5040,4.0032,3.0000
649,scouts,14,1.0040,2.5032,3.0000
649,scouts,15,2.5040,1.0032,3.0000
649,workers,0,-8.0078,8.0202,3.0000
649,workers,1,8.0009,8.0116,3.0000
649,workers,2,8.0083,-8.0098,3.0000
649,workers,3,-7.7233,-7.7602,3.0000
650,general,0,0.0000,0.0000,5.0000
650,nodes,0,-5.7942,-1.5549,3.0000
650,nodes,1,5.7970,-1.5598,3.0000
650,nodes,2,-2.5052,2.5000,3.0000
650,nodes,3,2.5029,2.5022,3.0000
650,scouts,0,-4.2939,-1.5564,3.0000
650,scouts,1,-5.7939,-0.0564,3.0000
650,scouts,2,-7.2939,-1.5564,3.0000
650,scouts,3,-5.7939,-3.0564,3.0000
650,scouts,4,7.2968,-1.5611,3.0000
650,scouts,5,5.7968,-0.0611,3.0000
650,scouts,6,4.2968,-1.5611,3.0000
650,scouts,7,5.7968,-3.0611,3.0000
650,scouts,8,-1.0061,2.5011,3.0000
650,scouts,9,-2.5061,4.0011,3.0000
650,scouts,10,-4.0061,2.5011,3.0000
650,scouts,11,-2.5061,1.0011,3.0000
650,scouts,12,4.0038,2.5031,3.0000
650,scouts,13,2.5038,4.0031,3.0000
650,scouts,14,1.0038,2.5031,3.0000
650,scouts,15,2.5038,1.0031,3.0000
650,workers,0,-8.0078,8.0202,3.0000
650,workers,1,8.0009,8.0116,3.0000
650,workers,2,8.0083,-8.0098,3.0000
650,workers,3,-7.7485,-7.7821,3.0000
651,general,0,0.0000,0.0000,5.0000
651,nodes,0,-5.7941,-1.5549,3.0000
651,nodes,1,5.7970,-1.5596,3.0000
651,nodes,2,-2.5051,2.5000,3.0000
651,nodes,3,2.5028,2.5021,3.0000
651,scouts,0,-4.2939,-1.5562,3.0000
651,scouts,1,-5.7939,-0.0562,3.0000
651,scouts,2,-7.2939,-1.5562,3.0000
651,scouts,3,-5.7939,-3.0562,3.0000
651,scouts,4,7.2968,-1.5609,3.0000
651,scouts,5,5.7968,-0.0609,3.0000
651,scouts,6,4.2968,-1.5609,3.0000
651,scouts,7,5.7968,-3.0609,3.0000
651,scouts,8,-1.0060,2.5009,3.0000
651,scouts,9,-2.5060,4.0009,3.0000
651,scouts,10,-4.0060,2.5009,3.0000
651,scouts,11,-2.5060,1.0009,3.0000
651,scouts,12,4.0037,2.5029,3.0000
651,scouts,13,2.5037,4.0029,3.0000
651,scouts,14,1.0037,2.5029,3.0000
651,scouts,15,2.5037,1.0029,3.0000
651,workers,0,-8.0078,8.0202,3.0000
651,workers,1,8.0009,8.0116,3.0000
651,workers,2,8.0083,-8.0098,3.0000
651,workers,3,-7.7737,-7.8039,3.0000
652,general,0,0.0000,0.0000,5.0000
652,nodes,0,-5.7941,-1.5548,3.0000
652,nodes,1,5.7971,-1.5595,3.0000
652,nodes,2,-2.5050,2.4999,3.0000
652,nodes,3,2.5027,2.5020,3.0000
652,scouts,0,-4.2940,-1.5560,3.0000
652,scouts,1,-5.7940,-0.0560,3.0000
652,scouts,2,-7.2940,-1.5560,3.0000
652,scouts,3,-5.7940,-3.0560,3.0000
652,scouts,4,7.2969,-1.5607,3.0000
652,scouts,5,5.7969,-0.0607,3.0000
652,scouts,6,4.2969,-1.5607,3.0000
652,scouts,7,5.7969,-3.0607,3.0000
652,scouts,8,-1.0058,2.5008,3.0000
652,scouts,9,-2.5058,4.0008,3.0000
652,scouts,10,-4.0058,2.5008,3.0000
652,scouts,11,-2.5058,1.0008,3.0000
652,scouts,12,4.0036,2.5028,3.0000
652,scouts,13,2.5036,4.0028,3.0000
652,scouts,14,1.0036,2.5028,3.0000
652,scouts,15,2.5036,1.0028,3.0000
652,workers,0,-8.0078,8.0202,3.0000
652,workers,1,8.0009,8.0116,3.0000
652,workers,2,8.0083,-8.0098,3.0000
652,workers,3,-7.7964,-7.8235,3.0000
653,general,0,0.0000,0.0000,5.0000
653,nodes,0,-5.7941,-1.5547,3.0000
653,nodes,1,5.7972,-1.5594,3.0000
653,nodes,2,-2.5049,2.4998,3.0000
653,nodes,3,2.5027,2.5019,3.0000
653,scouts,0,-4.2940,-1.5558,3.0000
653,scouts,1,-5.7940,-0.0558,3.0000
653,scouts,2,-7.2940,-1.5558,3.0000
653,scouts,3,-5.7940,-3.0558,3.0000
653,scouts,4,7.2969,-1.5605,3.0000
653,scouts,5,5.7969,-0.0605,3.0000
653,scouts,6,4.2969,-1.5605,3.0000
653,scouts,7,5.7969,-3.0605,3.0000
653,scouts,8,-1.0057,2.5007,3.0000
653,scouts,9,-2.5057,4.0007,3.0000
653,scouts,10,-4.0057,2.5007,3.0000
653,scouts,11,-2.5057,1.0007,3.0000
653,scouts,12,4.0034,2.5027,3.0000
653,scouts,13,2.5034,4.0027,3.0000
653,scouts,14,1.0034,2.5027,3.0000
653,scouts,15,2.5034,1.0027,3.0000
653,workers,0,-8.0078,8.0202,3.0000
653,workers,1,8.0009,8.0116,3.0000
653,workers,2,8.0083,-8.0098,3.0000
653,workers,3,-7.8168,-7.8412,3.0000
654,general,0,0.0000,0.0000,5.0000
654,nodes,0,-5.7942,-1.5546,3.0000
654,nodes,1,5.7972,-1.5593,3.0000
654,nodes,2,-2.5047,2.4997,3.0000
654,nodes,3,2.5026,2.5018,3.0000
654,scouts,0,-4.2940,-1.5557,3.0000
654,scouts,1,-5.7940,-0.0557,3.0000
654,scouts,2,-7.2940,-1.5557,3.0000
654,scouts,3,-5.7940,-3.0557,3.0000
654,scouts,4,7.2970,-1.5604,3.0000
654,scouts,5,5.7970,-0.0604,3.0000
654,scouts,6,4.2970,-1.5604,3.0000
654,scouts,7,5.7970,-3.0604,3.0000
654,scouts,8,-1.0056,2.5005,3.0000
654,scouts,9,-2.5056,4.0005,3.0000
654,scouts,10,-4.0056,2.5005,3.0000
654,scouts,11,-2.5056,1.0005,3.0000
654,scouts,12,4.0033,2.5026,3.0000
654,scouts,13,2.5033,4.0026,3.0000
654,scouts,14,1.0033,2.5026,3.0000
654,scouts,15,2.5033,1.0026,3.0000
654,workers,0,-8.0078,8.0202,3.0000
654,workers,1,8.0009,8.0116,3.0000
654,workers,2,8.0083,-8.0098,3.0000
654,workers,3,-7.8352,-7.8571,3.0000
655,general,0,0.0000,0.0000,5.0000
655,nodes,0,-5.7942,-1.5546,3.0000
655,nodes,1,5.7972,-1.5592,3.0000
655,nodes,2,-2.5046,2.4997,3.0000
655,nodes,3,2.5025,2.5017,3.0000
655,scouts,0,-4.2940,-1.5555,3.0000
655,scouts,1,-5.7940,-0.0555,3.0000
655,scouts,2,-7.2940,-1.5555,3.0000
655,scouts,3,-5.7940,-3.0555,3.0000
655,scouts,4,7.2970,-1.5602,3.0000
655,scouts,5,5.7970,-0.0602,3.0000
655,scouts,6,4.2970,-1.5602,3.0000
655,scouts,7,5.7970,-3.0602,3.0000
655,scouts,8,-1.0055,2.5004,3.0000
655,scouts,9,-2.5055,4.0004,3.0000
655,scouts,10,-4.0055,2.5004,3.0000
655,scouts,11,-2.5055,1.0004,3.0000
655,scouts,12,4.0032,2.5025,3.0000
655,scouts,13,2.5032,4.0025,3.0000
655,scouts,14,1.0032,2.5025,3.0000
655,scouts,15,2.5032,1.0025,3.0000
655,workers,0,-8.0078,8.0202,3.0000
655,workers,1,8.0009,8.0116,3.0000
655,workers,2,8.0083,-8.0098,3.0000
655,workers,3,-7.8461,-7.8666,3.0000
656,general,0,0.0000,0.0000,5.0000
656,nodes,0,-5.7943,-1.5545,3.0000
656,nodes,1,5.7971,-1.5591,3.0000
656,nodes,2,-2.5045,2.4996,3.0000
656,nodes,3,2.5025,2.5017,3.0000
656,scouts,0,-4.2941,-1.5554,3.0000
656,scouts,1,-5.7941,-0.0554,3.0000
656,scouts,2,-7.2941,-1.5554,3.0000
656,scouts,3,-5.7941,-3.0554,3.0000
656,scouts,4,7.2970,-1.5601,3.0000
656,scouts,5,5.7970,-0.0601,3.0000
656,scouts,6,4.2970,-1.5601,3.0000
656,scouts,7,5.7970,-3.0601,3.0000
656,scouts,8,-1.0053,2.5003,3.0000
656,scouts,9,-2.5053,4.0003,3.0000
656,scouts,10,-4.0053,2.5003,3.0000
656,scouts,11,-2.5053,1.0003,3.0000
656,scouts,12,4.0031,2.5024,3.0000
656,scouts,13,2.5031,4.0024,3.0000
656,scouts,14,1.0031,2.5024,3.0000
656,scouts,15,2.5031,1.0024,3.0000
656,workers,0,-8.0078,8.0202,3.0000
656,workers,1,8.0009,8.0116,3.0000
656,workers,2,8.0083,-8.0098,3.0000
656,workers,3,-7.8526,-7.8722,3.0000
657,general,0,0.0000,0.0000,5.0000
657,nodes,0,-5.7943,-1.5545,3.0000
657,nodes,1,5.7971,-1.5591,3.0000
657,nodes,2,-2.5045,2.4996,3.0000
657,nodes,3,2.5024,2.5016,3.0000
657,scouts,0,-4.2941,-1.5553,3.0000
657,scouts,1,-5.7941,-0.0553,3.0000
657,scouts,2,-7.2941,-1.5553,3.0000
657,scouts,3,-5.7941,-3.0553,3.0000
657,scouts,4,7.2970,-1.5599,3.0000
657,scouts,5,5.7970,-0.0599,3.0000
657,scouts,6,4.2970,-1.5599,3.0000
657,scouts,7,5.7970,-3.0599,3.0000
657,scouts,8,-1.0052,2.5002,3.0000
657,scouts,9,-2.5052,4.0002,3.0000
657,scouts,10,-4.0052,2.5002,3.0000
657,scouts,11,-2.5052,1.0002,3.0000
657,scouts,12,4.0030,2.5023,3.0000
657,scouts,13,2.5030,4.0023,3.0000
657,scouts,14,1.0030,2.5023,3.0000
657,scouts,15,2.5030,1.0023,3.0000
657,workers,0,-8.0078,8.0202,3.0000
657,workers,1,8.0009,8.0116,3.0000
657,workers,2,8.0083,-8.0098,3.0000
657,workers,3,-7.8565,-7.8756,3.0000
658,general,0,0.0000,0.0000,5.0000
658,nodes,0,-5.7943,-1.5545,3.0000
658,nodes,1,5.7972,-1.5590,3.0000
658,nodes,2,-2.5044,2.4996,3.0000
658,nodes,3,2.5024,2.5016,3.0000
658,scouts,0,-4.2941,-1.5552,3.0000
658,scouts,1,-5.7941,-0.0552,3.0000
658,scouts,2,-7.2941,-1.5552,3.0000
658,scouts,3,-5.7941,-3.0552,3.0000
658,scouts,4,7.2970,-1.5598,3.0000
658,scouts,5,5.7970,-0.0598,3.0000
658,scouts,6,4.2970,-1.5598,3.0000
658,scouts,7,5.7970,-3.0598,3.0000
658,scouts,8,-1.0051,2.5001,3.0000
658,scouts,9,-2.5051,4.0001,3.0000
658,scouts,10,-4.0051,2.5001,3.0000
658,scouts,11,-2.5051,1.0001,3.0000
658,scouts,12,4.0029,2.5022,3.0000
658,scouts,13,2.5029,4.0022,3.0000
658,scouts,14,1.0029,2.5022,3.0000
658,scouts,15,2.5029,1.0022,3.0000
658,workers,0,-8.0078,8.0202,3.0000
658,workers,1,8.0009,8.0116,3.0000
658,workers,2,8.0083,-8.0098,3.0000
658,workers,3,-7.8588,-7.8776,3.0000
659,general,0,0.0000,0.0000,5.0000
659,nodes,0,-5.7943,-1.5545,3.0000
659,nodes,1,5.7972,-1.5589,3.0000
659,nodes,2,-2.5042,2.4996,3.0000
659,nodes,3,2.5023,2.5015,3.0000
659,scouts,0,-4.2941,-1.5551,3.0000
659,scouts,1,-5.7941,-0.0551,3.0000
659,scouts,2,-7.2941,-1.5551,3.0000
659,scouts,3,-5.7941,-3.0551,3.0000
659,scouts,4,7.2971,-1.5597,3.0000
659,scouts,5,5.7971,-0.0597,3.0000
659,scouts,6,4.2971,-1.5597,3.0000
659,scouts,7,5.7971,-3.0597,3.0000
659,scouts,8,-1.0050,2.5001,3.0000
659,scouts,9,-2.5050,4.0001,3.0000
659,scouts,10,-4.0050,2.5001,3.0000
659,scouts,11,-2.5050,1.0001,3.0000
659,scouts,12,4.0029,2.5021,3.0000
659,scouts,13,2.5029,4.0021,3.0000
659,scouts,14,1.0029,2.5021,3.0000
659,scouts,15,2.5029,1.0021,3.0000
659,workers,0,-8.0078,8.0202,3.0000
659,workers,1,8.0009,8.0116,3.0000
659,workers,2,8.0083,-8.0098,3.0000
659,workers,3,-7.8601,-7.8788,3.0000
660,general,0,0.0000,0.0000,5.0000
660,nodes,0,-5.7943,-1.5545,3.0000
660,nodes,1,5.7972,-1.5588,3.0000
660,nodes,2,-2.5041,2.4995,3.0000
660,nodes,3,2.5022,2.5015,3.0000
660,scouts,0,-4.2942,-1.5550,3.0000
660,scouts,1,-5.7942,-0.0550,3.0000
660,scouts,2,-7.2942,-1.5550,3.0000
660,scouts,3,-5.7942,-3.0550,3.0000
660,scouts,4,7.2971,-1.5596,3.0000
660,scouts,5,5.7971,-0.0596,3.0000
660,scouts,6,4.2971,-1.5596,3.0000
660,scouts,7,5.7971,-3.0596,3.0000
660,scouts,8,-1.0049,2.5000,3.0000
660,scouts,9,-2.5049,4.0000,3.0000
660,scouts,10,-4.0049,2.5000,3.0000
660,scouts,11,-2.5049,1.0000,3.0000
660,scouts,12,4.0028,2.5020,3.0000
660,scouts,13,2.5028,4.0020,3.0000
660,scouts,14,1.0028,2.5020,3.0000
660,scouts,15,2.5028,1.0020,3.0000
660,workers,0,-8.0078,8.0202,3.0000
660,workers,1,8.0009,8.0116,3.0000
660,workers,2,8.0083,-8.0098,3.0000
660,workers,3,-7.8609,-7.8795,3.0000
661,general,0,0.0000,0.0000,5.0000
661,nodes,0,-5.7943,-1.5545,3.0000
661,nodes,1,5.7973,-1.5588,3.0000
661,nodes,2,-2.5040,2.4995,3.0000
661,nodes,3,2.5022,2.5014,3.0000
661,scouts,0,-4.2942,-1.5549,3.0000
661,scouts,1,-5.7942,-0.0549,3.0000
661,scouts,2,-7.2942,-1.5549,3.0000
661,scouts,3,-5.7942,-3.0549,3.0000
661,scouts,4,7.2971,-1.5595,3.0000
661,scouts,5,5.7971,-0.0595,3.0000
661,scouts,6,4.2971,-1.5595,3.0000
661,scouts,7,5.7971,-3.0595,3.0000
661,scouts,8,-1.0047,2.4999,3.0000
661,scouts,9,-2.5047,3.9999,3.0000
661,scouts,10,-4.0047,2.4999,3.0000
661,scouts,11,-2.5047,0.9999,3.0000
661,scouts,12,4.0027,2.5019,3.0000
661,scouts,13,2.5027,4.0019,3.0000
661,scouts,14,1.0027,2.5019,3.0000
661,scouts,15,2.5027,1.0019,3.0000
661,workers,0,-8.0078,8.0202,3.0000
661,workers,1,8.0009,8.0116,3.0000
661,workers,2,8.0083,-8.0098,3.0000
661,workers,3,-7.8614,-7.8799,3.0000
662,general,0,0.0000,0.0000,5.0000
662,nodes,0,-5.7943,-1.5544,3.0000
662,nodes,1,5.7973,-1.5588,3.0000
662,nodes,2,-2.5039,2.4996,3.0000
662,nodes,3,2.5021,2.5013,3.0000
662,scouts,0,-4.2942,-1.5549,3.0000
662,scouts,1,-5.7942,-0.0549,3.0000
662,scouts,2,-7.2942,-1.5549,3.0000
662,scouts,3,-5.7942,-3.0549,3.0000
662,scouts,4,7.2971,-1.5594,3.0000
662,scouts,5,5.7971,-0.0594,3.0000
662,scouts,6,4.2971,-1.5594,3.0000
662,scouts,7,5.7971,-3.0594,3.0000
662,scouts,8,-1.0046,2.4999,3.0000
662,scouts,9,-2.5046,3.9999,3.0000
662,scouts,10,-4.0046,2.4999,3.0000
662,scouts,11,-2.5046,0.9999,3.0000
662,scouts,12,4.0026,2.5018,3.0000
662,scouts,13,2.5026,4.0018,3.0000
662,scouts,14,1.0026,2.5018,3.0000
662,scouts,15,2.5026,1.0018,3.0000
662,workers,0,-8.0078,8.0202,3.0000
662,workers,1,8.0009,8.0116,3.0000
662,workers,2,8.0083,-8.0098,3.0000
662,workers,3,-7.8617,-7.8801,3.0000
663,general,0,0.0000,0.0000,5.0000
663,nodes,0,-5.7943,-1.5544,3.0000
663,nodes,1,5.7973,-1.5587,3.0000
663,nodes,2,-2.5038,2.4995,3.0000
663,nodes,3,2.5021,2.5013,3.0000
663,scouts,0,-4.2942,-1.5548,3.0000
663,scouts,1,-5.7942,-0.0548,3.0000
663,scouts,2,-7.2942,-1.5548,3.0000
663,scouts,3,-5.7942,-3.0548,3.0000
663,scouts,4,7.2972,-1.5593,3.0000
663,scouts,5,5.7972,-0.0593,3.0000
663,scouts,6,4.2972,-1.5593,3.0000
663,scouts,7,5.7972,-3.0593,3.0000
663,scouts,8,-1.0045,2.4998,3.0000
663,scouts,9,-2.5045,3.9998,3.0000
663,scouts,10,-4.0045,2.4998,3.0000
663,scouts,11,-2.5045,0.9998,3.0000
663,scouts,12,4.0025,2.5018,3.0000
663,scouts,13,2.5025,4.0018,3.0000
663,scouts,14,1.0025,2.5018,3.0000
663,scouts,15,2.5025,1.0018,3.0000
663,workers,0,-8.0078,8.0202,3.0000
663,workers,1,8.0009,8.0116,3.0000
663,workers,2,8.0083,-8.0098,3.0000
663,workers,3,-7.8619,-7.8803,3.0000
664,general,0,0.0000,0.0000,5.0000
664,nodes,0,-5.7943,-1.5543,3.0000
664,nodes,1,5.7974,-1.5587,3.0000
664,nodes,2,-2.5037,2.4995,3.0000
664,nodes,3,2.5020,2.5013,3.0000
664,scouts,0,-4.2942,-1.5547,3.0000
664,scouts,1,-5.7942,-0.0547,3.0000
664,scouts,2,-7.2942,-1.5547,3.0000
664,scouts,3,-5.7942,-3.0547,3.0000
664,scouts,4,7.2972,-1.5592,3.0000
664,scouts,5,5.7972,-0.0592,3.0000
664,scouts,6,4.2972,-1.5592,3.0000
664,scouts,7,5.7972,-3.0592,3.0000
664,scouts,8,-1.0044,2.4998,3.0000
664,scouts,9,-2.5044,3.9998,3.0000
664,scouts,10,-4.0044,2.4998,3.0000
664,scouts,11,-2.5044,0.9998,3.0000
664,scouts,12,4.0025,2.5017,3.0000
664,scouts,13,2.5025,4.0017,3.0000
664,scouts,14,1.0025,2.5017,3.0000
664,scouts,15,2.5025,1.0017,3.0000
664,workers,0,-8.0078,8.0202,3.0000
664,workers,1,8.0009,8.0116,3.0000
664,workers,2,8.0083,-8.0098,3.0000
664,workers,3,-7.8620,-7.8804,3.0000
665,general,0,0.0000,0.0000,5.0000
665,nodes,0,-5.7942,-1.5543,3.0000
665,nodes,1,5.7974,-1.5587,3.0000
665,nodes,2,-2.5037,2.4995,3.0000
665,nodes,3,2.5020,2.5012,3.0000
665,scouts,0,-4.2942,-1.5547,3.0000
665,scouts,1,-5.7942,-0.0547,3.0000
665,scouts,2,-7.2942,-1.5547,3.0000
665,scouts,3,-5.7942,-3.0547,3.0000
665,scouts,4,7.2972,-1.5591,3.0000
665,scouts,5,5.7972,-0.0591,3.0000
665,scouts,6,4.2972,-1.5591,3.0000
665,scouts,7,5.7972,-3.0591,3.0000
665,scouts,8,-1.0043,2.4998,3.0000
665,scouts,9,-2.5043,3.9998,3.0000
665,scouts,10,-4.0043,2.4998,3.0000
665,scouts,11,-2.5043,0.9998,3.0000
665,scouts,12,4.0024,2.5016,3.0000
665,scouts,13,2.5024,4.0016,3.0000
665,scouts,14,1.0024,2.5016,3.0000
665,scouts,15,2.5024,1.0016,3.0000
665,workers,0,-8.0078,8.0202,3.0000
665,workers,1,8.0009,8.0116,3.0000
665,workers,2,8.0083,-8.0098,3.0000
665,workers,3,-7.8620,-7.8804,3.0000
666,general,0,0.0000,0.0000,5.0000
666,nodes,0,-5.7942,-1.5542,3.0000
666,nodes,1,5.7975,-1.5586,3.0000
666,nodes,2,-2.5036,2.4995,3.0000
666,nodes,3,2.5020,2.5011,3.0000
666,scouts,0,-4.2942,-1.5546,3.0000
666,scouts,1,-5.7942,-0.0546,3.0000
666,scouts,2,-7.2942,-1.5546,3.0000
666,scouts,3,-5.7942,-3.0546,3.0000
666,scouts,4,7.2973,-1.5591,3.0000
666,scouts,5,5.7973,-0.0591,3.0000
666,scouts,6,4.2973,-1.5591,3.0000
666,scouts,7,5.7973,-3.0591,3.0000
666,scouts,8,-1.0042,2.4997,3.0000
666,scouts,9,-2.5042,3.9997,3.0000
666,scouts,10,-4.0042,2.4997,3.0000
666,scouts,11,-2.5042,0.9997,3.0000
666,scouts,12,4.0024,2.5016,3.0000
666,scouts,13,2.5024,4.0016,3.0000
666,scouts,14,1.0024,2.5016,3.0000
666,scouts,15,2.5024,1.0016,3.0000
666,workers,0,-8.0078,8.0202,3.0000
666,workers,1,8.0009,8.0116,3.0000
666,workers,2,8.0083,-8.0098,3.0000
666,workers,3,-7.8621,-7.8805,3.0000
667,general,0,0.0000,0.0000,5.0000
667,nodes,0,-5.7942,-1.5542,3.0000
667,nodes,1,5.7975,-1.5586,3.0000
667,nodes,2,-2.5036,2.4995,3.0000
667,nodes,3,2.5020,2.5010,3.0000
667,scouts,0,-4.2942,-1.5546,3.0000
667,scouts,1,-5.7942,-0.0546,3.0000
667,scouts,2,-7.2942,-1.5546,3.0000
667,scouts,3,-5.7942,-3.0546,3.0000
667,scouts,4,7.2973,-1.5590,3.0000
667,scouts,5,5.7973,-0.0590,3.0000
667,scouts,6,4.2973,-1.5590,3.0000
667,scouts,7,5.7973,-3.0590,3.0000
667,scouts,8,-1.0041,2.4997,3.0000
667,scouts,9,-2.5041,3.9997,3.0000
667,scouts,10,-4.0041,2.4997,3.0000
667,scouts,11,-2.5041,0.9997,3.0000
667,scouts,12,4.0023,2.5015,3.0000
667,scouts,13,2.5023,4.0015,3.0000
667,scouts,14,1.0023,2.5015,3.0000
667,scouts,15,2.5023,1.0015,3.0000
667,workers,0,-8.0078,8.0202,3.0000
667,workers,1,8.0009,8.0116,3.0000
667,workers,2,8.0083,-8.0098,3.0000
667,workers,3,-7.8621,-7.8805,3.0000
668,general,0,0.0000,0.0000,5.0000
668,nodes,0,-5.7941,-1.5541,3.0000
668,nodes,1,5.7975,-1.5585,3.0000
668,nodes,2,-2.5035,2.4995,3.0000
668,nodes,3,2.5020,2.5009,3.0000
668,scouts,0,-4.2942,-1.5545,3.0000
668,scouts,1,-5.7942,-0.0545,3.0000
668,scouts,2,-7.2942,-1.5545,3.0000
668,scouts,3,-5.7942,-3.0545,3.0000
668,scouts,4,7.2973,-1.5590,3.0000
668,scouts,5,5.7973,-0.0590,3.0000
668,scouts,6,4.2973,-1.5590,3.0000
668,scouts,7,5.7973,-3.0590,3.0000
668,scouts,8,-1.0040,2.4997,3.0000
668,scouts,9,-2.5040,3.9997,3.0000
668,scouts,10,-4.0040,2.4997,3.0000
668,scouts,11,-2.5040,0.9997,3.0000
668,scouts,12,4.0023,2.5014,3.0000
668,scouts,13,2.5023,4.0014,3.0000
668,scouts,14,1.0023,2.5014,3.0000
668,scouts,15,2.5023,1.0014,3.0000
668,workers,0,-8.0078,8.0202,3.0000
668,workers,1,8.0009,8.0116,3.0000
668,workers,2,8.0083,-8.0098,3.0000
668,workers,3,-7.8621,-7.8805,3.0000
669,general,0,0.0000,0.0000,5.0000
669,nodes,0,-5.7941,-1.5540,3.0000
669,nodes,1,5.7975,-1.5585,3.0000
669,nodes,2,-2.5035,2.4995,3.0000
669,nodes,3,2.5020,2.5009,3.0000
669,scouts,0,-4.2942,-1.5544,3.0000
669,scouts,1,-5.7942,-0.0544,3.0000
669,scouts,2,-7.2942,-1.5544,3.0000
669,scouts,3,-5.7942,-3.0544,3.0000
669,scouts,4,7.2973,-1.5589,3.0000
669,scouts,5,5.7973,-0.0589,3.0000
669,scouts,6,4.2973,-1.5589,3.0000
669,scouts,7,5.7973,-3.0589,3.0000
669,scouts,8,-1.0040,2.4996,3.0000
669,scouts,9,-2.5040,3.9996,3.0000
669,scouts,10,-4.0040,2.4996,3.0000
669,scouts,11,-2.5040,0.9996,3.0000
669,scouts,12,4.0022,2.5013,3.0000
669,scouts,13,2.5022,4.0013,3.0000
669,scouts,14,1.0022,2.5013,3.0000
669,scouts,15,2.5022,1.0013,3.0000
669,workers,0,-8.0078,8.0202,3.0000
669,workers,1,8.0009,8.0116,3.0000
669,workers,2,8.0083,-8.0098,3.0000
669,workers,3,-7.8621,-7.8805,3.0000
670,general,0,0.0000,0.0000,5.0000
670,nodes,0,-5.7941,-1.5540,3.0000
670,nodes,1,5.7975,-1.5585,3.0000
670,nodes,2,-2.5035,2.4994,3.0000
670,nodes,3,2.5019,2.5008,3.0000
670,scouts,0,-4.2942,-1.5544,3.0000
670,scouts,1,-5.7942,-0.0544,3.0000
670,scouts,2,-7.2942,-1.5544,3.0000
670,scouts,3,-5.7942,-3.0544,3.0000
670,scouts,4,7.2974,-1.5588,3.0000
670,scouts,5,5.7974,-0.0588,3.0000
670,scouts,6,4.2974,-1.5588,3.0000
670,scouts,7,5.7974,-3.0588,3.0000
670,scouts,8,-1.0039,2.4996,3.0000
670,scouts,9,-2.5039,3.9996,3.0000
670,scouts,10,-4.0039,2.4996,3.0000
670,scouts,11,-2.5039,0.9996,3.0000
670,scouts,12,4.0022,2.5013,3.0000
670,scouts,13,2.5022,4.0013,3.0000
670,scouts,14,1.0022,2.5013,3.0000
670,scouts,15,2.5022,1.0013,3.0000
670,workers,0,-8.0078,8.0202,3.0000
670,workers,1,8.0009,8.0116,3.0000
670,workers,2,8.0083,-8.0098,3.0000
670,workers,3,-7.8621,-7.8805,3.0000
671,general,0,0.0000,0.0000,5.0000
671,nodes,0,-5.7940,-1.5540,3.0000
671,nodes,1,5.7976,-1.5585,3.0000
671,nodes,2,-2.5035,2.4994,3.0000
671,nodes,3,2.5019,2.5008,3.0000
671,scouts,0,-4.2941,-1.5543,3.0000
671,scouts,1,-5.7941,-0.0543,3.0000
671,scouts,2,-7.2941,-1.5543,3.0000
671,scouts,3,-5.7941,-3.0543,3.0000
671,scouts,4,7.2974,-1.5588,3.0000
671,scouts,5,5.7974,-0.0588,3.0000
671,scouts,6,4.2974,-1.5588,3.0000
671,scouts,7,5.7974,-3.0588,3.0000
671,scouts,8,-1.0038,2.4996,3.0000
671,scouts,9,-2.5038,3.9996,3.0000
671,scouts,10,-4.0038,2.4996,3.0000
671,scouts,11,-2.5038,0.9996,3.0000
671,scouts,12,4.0021,2.5012,3.0000
671,scouts,13,2.5021,4.0012,3.0000
671,scouts,14,1.0021,2.5012,3.0000
671,scouts,15,2.5021,1.0012,3.0000
671,workers,0,-8.0078,8.0202,3.0000
671,workers,1,8.0009,8.0116,3.0000
671,workers,2,8.0083,-8.0098,3.0000
671,workers,3,-7.8621,-7.8805,3.0000
672,general,0,0.0000,0.0000,5.0000
672,nodes,0,-5.7940,-1.5539,3.0000
672,nodes,1,5.7976,-1.5585,3.0000
672,nodes,2,-2.5035,2.4994,3.0000
672,nodes,3,2.5019,2.5007,3.0000
672,scouts,0,-4.2941,-1.5543,3.0000
672,scouts,1,-5.7941,-0.0543,3.0000
672,scouts,2,-7.2941,-1.5543,3.0000
672,scouts,3,-5.7941,-3.0543,3.0000
672,scouts,4,7.2974,-1.5587,3.0000
672,scouts,5,5.7974,-0.0587,3.0000
672,scouts,6,4.2974,-1.5587,3.0000
672,scouts,7,5.7974,-3.0587,3.0000
672,scouts,8,-1.0038,2.4996,3.0000
672,scouts,9,-2.5038,3.9996,3.0000
672,scouts,10,-4.0038,2.4996,3.0000
672,scouts,11,-2.5038,0.9996,3.0000
672,scouts,12,4.0021,2.5011,3.0000
672,scouts,13,2.5021,4.0011,3.0000
672,scouts,14,1.0021,2.5011,3.0000
672,scouts,15,2.5021,1.0011,3.0000
672,workers,0,-8.0078,8.0202,3.0000
672,workers,1,8.0009,8.0116,3.0000
672,workers,2,8.0083,-8.0098,3.0000
672,workers,3,-7.8621,-7.8805,3.0000
673,general,0,0.0000,0.0000,5.0000
673,nodes,0,-5.7940,-1.5538,3.0000
673,nodes,1,5.7976,-1.5585,3.0000
673,nodes,2,-2.5035,2.4994,3.0000
673,nodes,3,2.5018,2.5007,3.0000
673,scouts,0,-4.2941,-1.5542,3.0000
673,scouts,1,-5.7941,-0.0542,3.0000
673,scouts,2,-7.2941,-1.5542,3.0000
673,scouts,3,-5.7941,-3.0542,3.0000
673,scouts,4,7.2974,-1.5587,3.0000
673,scouts,5,5.7974,-0.0587,3.0000
673,scouts,6,4.2974,-1.5587,3.0000
673,scouts,7,5.7974,-3.0587,3.0000
673,scouts,8,-1.0037,2.4995,3.0000
673,scouts,9,-2.5037,3.9995,3.0000
673,scouts,10,-4.0037,2.4995,3.0000
673,scouts,11,-2.5037,0.9995,3.0000
673,scouts,12,4.0021,2.5011,3.0000
673,scouts,13,2.5021,4.0011,3.0000
673,scouts,14,1.0021,2.5011,3.0000
673,scouts,15,2.5021,1.0011,3.0000
673,workers,0,-8.0078,8.0202,3.0000
673,workers,1,8.0009,8.0116,3.0000
673,workers,2,8.0083,-8.0098,3.0000
673,workers,3,-7.8621,-7.8805,3.0000
674,general,0,0.0000,0.0000,5.0000
674,nodes,0,-5.7941,-1.5538,3.0000
674,nodes,1,5.7976,-1.5585,3.0000
674,nodes,2,-2.5035,2.4994,3.0000
674,nodes,3,2.5018,2.5006,3.0000
674,scouts,0,-4.2941,-1.5542,3.0000
674,scouts,1,-5.7941,-0.0542,3.0000
674,scouts,2,-7.2941,-1.5542,3.0000
674,scouts,3,-5.7941,-3.0542,3.0000
674,scouts,4,7.2975,-1.5587,3.0000
674,scouts,5,5.7975,-0.0587,3.0000
674,scouts,6,4.2975,-1.5587,3.0000
674,scouts,7,5.7975,-3.0587,3.0000
674,scouts,8,-1.0037,2.4995,3.0000
674,scouts,9,-2.5037,3.9995,3.0000
674,scouts,10,-4.0037,2.4995,3.0000
674,scouts,11,-2.5037,0.9995,3.0000
674,scouts,12,4.0020,2.5010,3.0000
674,scouts,13,2.5020,4.0010,3.0000
674,scouts,14,1.0020,2.5010,3.0000
674,scouts,15,2.5020,1.0010,3.0000
674,workers,0,-8.0078,8.0202,3.0000
674,workers,1,8.0009,8.0116,3.0000
674,workers,2,8.0083,-8.0098,3.0000
674,workers,3,-7.8621,-7.8805,3.0000
675,general,0,0.0000,0.0000,5.0000
675,nodes,0,-5.7941,-1.5538,3.0000
675,nodes,1,5.7976,-1.5585,3.0000
675,nodes,2,-2.5035,2.4994,3.0000
675,nodes,3,2.5018,2.5005,3.0000
675,scouts,0,-4.2941,-1.5541,3.0000
675,scouts,1,-5.7941,-0.0541,3.0000
675,scouts,2,-7.2941,-1.5541,3.0000
675,scouts,3,-5.7941,-3.0541,3.0000
675,scouts,4,7.2975,-1.5586,3.0000
675,scouts,5,5.7975,-0.0586,3.0000
675,scouts,6,4.2975,-1.5586,3.0000
675,scouts,7,5.7975,-3.0586,3.0000
675,scouts,8,-1.0037,2.4995,3.0000
675,scouts,9,-2.5037,3.9995,3.0000
675,scouts,10,-4.0037,2.4995,3.0000
675,scouts,11,-2.5037,0.9995,3.0000
675,scouts,12,4.0020,2.5009,3.0000
675,scouts,13,2.5020,4.0009,3.0000
675,scouts,14,1.0020,2.5009,3.0000
675,scouts,15,2.5020,1.0009,3.0000
675,workers,0,-8.0078,8.0202,3.0000
675,workers,1,8.0009,8.0116,3.0000
675,workers,2,8.0083,-8.0098,3.0000
675,workers,3,-7.8621,-7.8805,3.0000
676,general,0,0.0000,0.0000,5.0000
676,nodes,0,-5.7942,-1.5538,3.0000
676,nodes,1,5.7976,-1.5584,3.0000
676,nodes,2,-2.5034,2.4994,3.0000
676,nodes,3,2.5018,2.5005,3.0000
676,scouts,0,-4.2941,-1.5541,3.0000
676,scouts,1,-5.7941,-0.0541,3.0000
676,scouts,2,-7.2941,-1.5541,3.0000
676,scouts,3,-5.7941,-3.0541,3.0000
676,scouts,4,7.2975,-1.5586,3.0000
676,scouts,5,5.7975,-0.0586,3.0000
676,scouts,6,4.2975,-1.5586,3.0000
676,scouts,7,5.7975,-3.0586,3.0000
676,scouts,8,-1.0036,2.4995,3.0000
676,scouts,9,-2.5036,3.9995,3.0000
676,scouts,10,-4.0036,2.4995,3.0000
676,scouts,11,-2.5036,0.9995,3.0000
676,scouts,12,4.0020,2.5009,3.0000
676,scouts,13,2.5020,4.0009,3.0000
676,scouts,14,1.0020,2.5009,3.0000
676,scouts,15,2.5020,1.0009,3.0000
676,workers,0,-8.0078,8.0202,3.0000
676,workers,1,8.0009,8.0116,3.0000
676,workers,2,8.0083,-8.0098,3.0000
676,workers,3,-7.8621,-7.8805,3.0000
677,general,0,0.0000,0.0000,5.0000
677,nodes,0,-5.7942,-1.5538,3.0000
677,nodes,1,5.7976,-1.5584,3.0000
677,nodes,2,-2.5035,2.4994,3.0000
677,nodes,3,2.5018,2.5004,3.0000
677,scouts,0,-4.2941,-1.5540,3.0000
677,scouts,1,-5.7941,-0.0540,3.0000
677,scouts,2,-7.2941,-1.5540,3.0000
677,scouts,3,-5.7941,-3.0540,3.0000
677,scouts,4,7.2975,-1.5586,3.0000
677,scouts,5,5.7975,-0.0586,3.0000
677,scouts,6,4.2975,-1.5586,3.0000
677,scouts,7,5.7975,-3.0586,3.0000
677,scouts,8,-1.0036,2.4995,3.0000
677,scouts,9,-2.5036,3.9995,3.0000
677,scouts,10,-4.0036,2.4995,3.0000
677,scouts,11,-2.5036,0.9995,3.0000
677,scouts,12,4.0019,2.5008,3.0000
677,scouts,13,2.5019,4.0008,3.0000
677,scouts,14,1.0019,2.5008,3.0000
677,scouts,15,2.5019,1.0008,3.0000
677,workers,0,-8.0078,8.0202,3.0000
677,workers,1,8.0009,8.0116,3.0000
677,workers,2,8.0083,-8.0098,3.0000
677,workers,3,-7.8621,-7.8805,3.0000
678,general,0,0.0000,0.0000,5.0000
678,nodes,0,-5.7943,-1.5538,3.0000
678,nodes,1,5.7977,-1.5583,3.0000
678,nodes,2,-2.5035,2.4994,3.0000
678,nodes,3,2.5018,2.5004,3.0000
678,scouts,0,-4.2941,-1.5540,3.0000
678,scouts,1,-5.7941,-0.0540,3.0000
678,scouts,2,-7.2941,-1.5540,3.0000
678,scouts,3,-5.7941,-3.0540,3.0000
678,scouts,4,7.2975,-1.5585,3.0000
678,scouts,5,5.7975,-0.0585,3.0000
678,scouts,6,4.2975,-1.5585,3.0000
678,scouts,7,5.7975,-3.0585,3.0000
678,scouts,8,-1.0036,2.4994,3.0000
678,scouts,9,-2.5036,3.9994,3.0000
678,scouts,10,-4.0036,2.4994,3.0000
678,scouts,11,-2.5036,0.9994,3.0000
678,scouts,12,4.0019,2.5008,3.0000
678,scouts,13,2.5019,4.0008,3.0000
678,scouts,14,1.0019,2.5008,3.0000
678,scouts,15,2.5019,1.0008,3.0000
678,workers,0,-8.0078,8.0202,3.0000
678,workers,1,8.0009,8.0116,3.0000
678,workers,2,8.0083,-8.0098,3.0000
678,workers,3,-7.8621,-7.8805,3.0000
679,general,0,0.0000,0.0000,5.0000
679,nodes,0,-5.7943,-1.5537,3.0000
679,nodes,1,5.7977,-1.5583,3.0000
679,nodes,2,-2.5035,2.4993,3.0000
679,nodes,3,2.5018,2.5004,3.0000
679,scouts,0,-4.2942,-1.5540,3.0000
679,scouts,1,-5.7942,-0.0540,3.0000
679,scouts,2,-7.2942,-1.5540,3.0000
679,scouts,3,-5.7942,-3.0540,3.0000
679,scouts,4,7.2976,-1.5585,3.0000
679,scouts,5,5.7976,-0.0585,3.0000
679,scouts,6,4.2976,-1.5585,3.0000
679,scouts,7,5.7976,-3.0585,3.0000
679,scouts,8,-1.0036,2.4994,3.0000
679,scouts,9,-2.5036,3.9994,3.0000
679,scouts,10,-4.0036,2.4994,3.0000
679,scouts,11,-2.5036,0.9994,3.0000
679,scouts,12,4.0019,2.5007,3.0000
679,scouts,13,2.5019,4.0007,3.0000
679,scouts,14,1.0019,2.5007,3.0000
679,scouts,15,2.5019,1.0007,3.0000
679,workers,0,-8.0078,8.0202,3.0000
679,workers,1,8.0009,8.0116,3.0000
679,workers,2,8.0083,-8.0098,3.0000
679,workers,3,-7.8621,-7.8805,3.0000
680,general,0,0.0000,0.0000,5.0000
680,nodes,0,-5.7943,-1.5536,3.0000
680,nodes,1,5.7977,-1.5583,3.0000
680,nodes,2,-2.5035,2.4993,3.0000
680,nodes,3,2.5017,2.5004,3.0000
680,scouts,0,-4.2942,-1.5539,3.0000
680,scouts,1,-5.7942,-0.0539,3.0000
680,scouts,2,-7.2942,-1.5539,3.0000
680,scouts,3,-5.7942,-3.0539,3.0000
680,scouts,4,7.2976,-1.5585,3.0000
680,scouts,5,5.7976,-0.0585,3.0000
680,scouts,6,4.2976,-1.5585,3.0000
680,scouts,7,5.7976,-3.0585,3.0000
680,scouts,8,-1.0036,2.4994,3.0000
680,scouts,9,-2.5036,3.9994,3.0000
680,scouts,10,-4.0036,2.4994,3.0000
680,scouts,11,-2.5036,0.9994,3.0000
680,scouts,12,4.0019,2.5007,3.0000
680,scouts,13,2.5019,4.0007,3.0000
680,scouts,14,1.0019,2.5007,3.0000
680,scouts,15,2.5019,1.0007,3.0000
680,workers,0,-8.0078,8.0202,3.0000
680,workers,1,8.0009,8.0116,3.0000
680,workers,2,8.0083,-8.0098,3.0000
680,workers,3,-7.8621,-7.8805,3.0000
681,general,0,0.0000,0.0000,5.0000
681,nodes,0,-5.7943,-1.5536,3.0000
681,nodes,1,5.7978,-1.5582,3.0000
681,nodes,2,-2.5036,2.4993,3.0000
681,nodes,3,2.5018,2.5004,3.0000
681,scouts,0,-4.2942,-1.5539,3.0000
681,scouts,1,-5.7942,-0.0539,3.0000
681,scouts,2,-7.2942,-1.5539,3.0000
681,scouts,3,-5.7942,-3.0539,3.0000
681,scouts,4,7.2976,-1.5585,3.0000
681,scouts,5,5.7976,-0.0585,3.0000
681,scouts,6,4.2976,-1.5585,3.0000
681,scouts,7,5.7976,-3.0585,3.0000
681,scouts,8,-1.0036,2.4994,3.0000
681,scouts,9,-2.5036,3.9994,3.0000
681,scouts,10,-4.0036,2.4994,3.0000
681,scouts,11,-2.5036,0.9994,3.0000
681,scouts,12,4.0019,2.5007,3.0000
681,scouts,13,2.5019,4.0007,3.0000
681,scouts,14,1.0019,2.5007,3.0000
681,scouts,15,2.5019,1.0007,3.0000
681,workers,0,-8.0078,8.0202,3.0000
681,workers,1,8.0009,8.0116,3.0000
681,workers,2,8.0083,-8.0098,3.0000
681,workers,3,-7.8621,-7.8805,3.0000
682,general,0,0.0000,0.0000,5.0000
682,nodes,0,-5.7943,-1.5535,3.0000
682,nodes,1,5.7978,-1.5582,3.0000
682,nodes,2,-2.5035,2.4992,3.0000
682,nodes,3,2.5018,2.5004,3.0000
682,scouts,0,-4.2942,-1.5538,3.0000
682,scouts,1,-5.7942,-0.0538,3.0000
682,scouts,2,-7.2942,-1.5538,3.0000
682,scouts,3,-5.7942,-3.0538,3.0000
682,scouts,4,7.2976,-1.5584,3.0000
682,scouts,5,5.7976,-0.0584,3.0000
682,scouts,6,4.2976,-1.5584,3.0000
682,scouts,7,5.7976,-3.0584,3.0000
682,scouts,8,-1.0036,2.4994,3.0000
682,scouts,9,-2.5036,3.9994,3.0000
682,scouts,10,-4.0036,2.4994,3.0000
682,scouts,11,-2.5036,0.9994,3.0000
682,scouts,12,4.0019,2.5006,3.0000
682,scouts,13,2.5019,4.0006,3.0000
682,scouts,14,1.0019,2.5006,3.0000
682,scouts,15,2.5019,1.0006,3.0000
682,workers,0,-8.0078,8.0202,3.0000
682,workers,1,8.0009,8.0116,3.0000
682,workers,2,8.0083,-8.0098,3.0000
682,workers,3,-7.8621,-7.8805,3.0000
683,general,0,0.0000,0.0000,5.0000
683,nodes,0,-5.7943,-1.5535,3.0000
683,nodes,1,5.7979,-1.5582,3.0000
683,nodes,2,-2.5035,2.4992,3.0000
683,nodes,3,2.5019,2.5005,3.0000
683,scouts,0,-4.2942,-1.5538,3.0000
683,scouts,1,-5.7942,-0.0538,3.0000
683,scouts,2,-7.2942,-1.5538,3.0000
683,scouts,3,-5.7942,-3.0538,3.0000
683,scouts,4,7.2977,-1.5584,3.0000
683,scouts,5,5.7977,-0.0584,3.0000
683,scouts,6,4.2977,-1.5584,3.0000
683,scouts,7,5.7977,-3.0584,3.0000
683,scouts,8,-1.0036,2.4993,3.0000
683,scouts,9,-2.5036,3.9993,3.0000
683,scouts,10,-4.0036,2.4993,3.0000
683,scouts,11,-2.5036,0.9993,3.0000
683,scouts,12,4.0019,2.5006,3.0000
683,scouts,13,2.5019,4.0006,3.0000
683,scouts,14,1.0019,2.5006,3.0000
683,scouts,15,2.5019,1.0006,3.0000
683,workers,0,-8.0078,8.0202,3.0000
683,workers,1,8.0009,8.0116,3.0000
683,workers,2,8.0083,-8.0098,3.0000
683,workers,3,-7.8621,-7.8805,3.0000
684,general,0,0.0000,0.0000,5.0000
684,nodes,0,-5.7943,-1.5534,3.0000
684,nodes,1,5.7979,-1.5582,3.0000
684,nodes,2,-2.5035,2.4992,3.0000
684,nodes,3,2.5019,2.5005,3.0000
684,scouts,0,-4.2942,-1.5537,3.0000
684,scouts,1,-5.7942,-0.0537,3.0000
684,scouts,2,-7.2942,-1.5537,3.0000
684,scouts,3,-5.7942,-3.0537,3.0000
684,scouts,4,7.2977,-1.5584,3.0000
684,scouts,5,5.7977,-0.0584,3.0000
684,scouts,6,4.2977,-1.5584,3.0000
684,scouts,7,5.7977,-3.0584,3.0000
684,scouts,8,-1.0036,2.4993,3.0000
684,scouts,9,-2.5036,3.9993,3.0000
684,scouts,10,-4.0036,2.4993,3.0000
684,scouts,11,-2.5036,0.9993,3.0000
684,scouts,12,4.0019,2.5006,3.0000
684,scouts,13,2.5019,4.0006,3.0000
684,scouts,14,1.0019,2.5006,3.0000
684,scouts,15,2.5019,1.0006,3.0000
684,workers,0,-8.0078,8.0202,3.0000
684,workers,1,8.0009,8.0116,3.0000
684,workers,2,8.0083,-8.0098,3.0000
684,workers,3,-7.8621,-7.8805,3.0000
685,general,0,0.0000,0.0000,5.0000
685,nodes,0,-5.7943,-1.5534,3.0000
685,nodes,1,5.7979,-1.5581,3.0000
685,nodes,2,-2.5035,2.4992,3.0000
685,nodes,3,2.5019,2.5006,3.0000
685,scouts,0,-4.2942,-1.5537,3.0000
685,scouts,1,-5.7942,-0.0537,3.0000
685,scouts,2,-7.2942,-1.5537,3.0000
685,scouts,3,-5.7942,-3.0537,3.0000
685,scouts,4,7.2977,-1.5583,3.0000
685,scouts,5,5.7977,-0.0583,3.0000
685,scouts,6,4.2977,-1.5583,3.0000
685,scouts,7,5.7977,-3.0583,3.0000
685,scouts,8,-1.0036,2.4993,3.0000
685,scouts,9,-2.5036,3.9993,3.0000
685,scouts,10,-4.0036,2.4993,3.0000
685,scouts,11,-2.5036,0.9993,3.0000
685,scouts,12,4.0019,2.5006,3.0000
685,scouts,13,2.5019,4.0006,3.0000
685,scouts,14,1.0019,2.5006,3.0000
685,scouts,15,2.5019,1.0006,3.0000
685,workers,0,-8.0078,8.0202,3.0000
685,workers,1,8.0009,8.0116,3.0000
685,workers,2,8.0083,-8.0098,3.0000
685,workers,3,-7.8621,-7.8805,3.0000
686,general,0,0.0000,0.0000,5.0000
686,nodes,0,-5.7944,-1.5534,3.0000
686,nodes,1,5.7979,-1.5581,3.0000
686,nodes,2,-2.5035,2.4991,3.0000
686,nodes,3,2.5019,2.5006,3.0000
686,scouts,0,-4.2943,-1.5536,3.0000
686,scouts,1,-5.7943,-0.0536,3.0000
686,scouts,2,-7.2943,-1.5536,3.0000
686,scouts,3,-5.7943,-3.0536,3.0000
686,scouts,4,7.2978,-1.5583,3.0000
686,scouts,5,5.7978,-0.0583,3.0000
686,scouts,6,4.2978,-1.5583,3.0000
686,scouts,7,5.7978,-3.0583,3.0000
686,scouts,8,-1.0035,2.4993,3.0000
686,scouts,9,-2.5035,3.9993,3.0000
686,scouts,10,-4.0035,2.4993,3.0000
686,scouts,11,-2.5035,0.9993,3.0000
686,scouts,12,4.0019,2.5006,3.0000
686,scouts,13,2.5019,4.0006,3.0000
686,scouts,14,1.0019,2.5006,3.0000
686,scouts,15,2.5019,1.0006,3.0000
686,workers,0,-8.0078,8.0202,3.0000
686,workers,1,8.0009,8.0116,3.0000
686,workers,2,8.0083,-8.0098,3.0000
686,workers,3,-7.8621,-7.8805,3.0000
687,general,0,0.0000,0.0000,5.0000
687,nodes,0,-5.7944,-1.5533,3.0000
687,nodes,1,5.7979,-1.5580,3.0000
687,nodes,2,-2.5034,2.4992,3.0000
687,nodes,3,2.5020,2.5006,3.0000
687,scouts,0,-4.2943,-1.5536,3.0000
687,scouts,1,-5.7943,-0.0536,3.0000
687,scouts,2,-7.2943,-1.5536,3.0000
687,scouts,3,-5.7943,-3.0536,3.0000
687,scouts,4,7.2978,-1.5583,3.0000
687,scouts,5,5.7978,-0.0583,3.0000
687,scouts,6,4.2978,-1.5583,3.0000
687,scouts,7,5.7978,-3.0583,3.0000
687,scouts,8,-1.0035,2.4993,3.0000
687,scouts,9,-2.5035,3.9993,3.0000
687,scouts,10,-4.0035,2.4993,3.0000
687,scouts,11,-2.5035,0.9993,3.0000
687,scouts,12,4.0019,2.5006,3.0000
687,scouts,13,2.5019,4.0006,3.0000
687,scouts,14,1.0019,2.5006,3.0000
687,scouts,15,2.5019,1.0006,3.0000
687,workers,0,-8.0078,8.0202,3.0000
687,workers,1,8.0009,8.0116,3.0000
687,workers,2,8.0083,-8.0098,3.0000
687,workers,3,-7.8621,-7.8805,3.0000
688,general,0,0.0000,0.0000,5.0000
688,nodes,0,-5.7944,-1.5534,3.0000
688,nodes,1,5.7979,-1.5579,3.0000
688,nodes,2,-2.5033,2.4992,3.0000
688,nodes,3,2.5020,2.5006,3.0000
688,scouts,0,-4.2943,-1.5536,3.0000
688,scouts,1,-5.7943,-0.0536,3.0000
688,scouts,2,-7.2943,-1.5536,3.0000
688,scouts,3,-5.7943,-3.0536,3.0000
688,scouts,4,7.2978,-1.5582,3.0000
688,scouts,5,5.7978,-0.0582,3.0000
688,scouts,6,4.2978,-1.5582,3.0000
688,scouts,7,5.7978,-3.0582,3.0000
688,scouts,8,-1.0035,2.4993,3.0000
688,scouts,9,-2.5035,3.9993,3.0000
688,scouts,10,-4.0035,2.4993,3.0000
688,scouts,11,-2.5035,0.9993,3.0000
688,scouts,12,4.0019,2.5006,3.0000
688,scouts,13,2.5019,4.0006,3.0000
688,scouts,14,1.0019,2.5006,3.0000
688,scouts,15,2.5019,1.0006,3.0000
688,workers,0,-8.0078,8.0202,3.0000
688,workers,1,8.0009,8.0116,3.0000
688,workers,2,8.0083,-8.0098,3.0000
688,workers,3,-7.8621,-7.8805,3.0000
689,general,0,0.0000,0.0000,5.0000
689,nodes,0,-5.7945,-1.5534,3.0000
689,nodes,1,5.7979,-1.5579,3.0000
689,nodes,2,-2.5033,2.4992,3.0000
689,nodes,3,2.5021,2.5006,3.0000
689,scouts,0,-4.2943,-1.5535,3.0000
689,scouts,1,-5.7943,-0.0535,3.0000
689,scouts,2,-7.2943,-1.5535,3.0000
689,scouts,3,-5.7943,-3.0535,3.0000
689,scouts,4,7.2978,-1.5582,3.0000
689,scouts,5,5.7978,-0.0582,3.0000
689,scouts,6,4.2978,-1.5582,3.0000
689,scouts,7,5.7978,-3.0582,3.0000
689,scouts,8,-1.0035,2.4993,3.0000
689,scouts,9,-2.5035,3.9993,3.0000
689,scouts,10,-4.0035,2.4993,3.0000
689,scouts,11,-2.5035,0.9993,3.0000
689,scouts,12,4.0019,2.5006,3.0000
689,scouts,13,2.5019,4.0006,3.0000
689,scouts,14,1.0019,2.5006,3.0000
689,scouts,15,2.5019,1.0006,3.0000
689,workers,0,-8.0078,8.0202,3.0000
689,workers,1,8.0009,8.0116,3.0000
689,workers,2,8.0083,-8.0098,3.0000
689,workers,3,-7.8621,-7.8805,3.0000
690,general,0,0.0000,0.0000,5.0000
690,nodes,0,-5.7946,-1.5534,3.0000
690,nodes,1,5.7978,-1.5578,3.0000
690,nodes,2,-2.5034,2.4992,3.0000
690,nodes,3,2.5021,2.5005,3.0000
690,scouts,0,-4.2944,-1.5535,3.0000
690,scouts,1,-5.7944,-0.0535,3.0000
690,scouts,2,-7.2944,-1.5535,3.0000
690,scouts,3,-5.7944,-3.0535,3.0000
690,scouts,4,7.2978,-1.5581,3.0000
690,scouts,5,5.7978,-0.0581,3.0000
690,scouts,6,4.2978,-1.5581,3.0000
690,scouts,7,5.7978,-3.0581,3.0000
690,scouts,8,-1.0035,2.4992,3.0000
690,scouts,9,-2.5035,3.9992,3.0000
690,scouts,10,-4.0035,2.4992,3.0000
690,scouts,11,-2.5035,0.9992,3.0000
690,scouts,12,4.0019,2.5006,3.0000
690,scouts,13,2.5019,4.0006,3.0000
690,scouts,14,1.0019,2.5006,3.0000
690,scouts,15,2.5019,1.0006,3.0000
690,workers,0,-8.0078,8.0202,3.0000
690,workers,1,8.0009,8.0116,3.0000
690,workers,2,8.0083,-8.0098,3.0000
690,workers,3,-7.8621,-7.8805,3.0000
691,general,0,0.0000,0.0000,5.0000
691,nodes,0,-5.7946,-1.5534,3.0000
691,nodes,1,5.7977,-1.5578,3.0000
691,nodes,2,-2.5035,2.4992,3.0000
691,nodes,3,2.5021,2.5004,3.0000
691,scouts,0,-4.2944,-1.5535,3.0000
691,scouts,1,-5.7944,-0.0535,3.0000
691,scouts,2,-7.2944,-1.5535,3.0000
691,scouts,3,-5.7944,-3.0535,3.0000
691,scouts,4,7.2978,-1.5581,3.0000
691,scouts,5,5.7978,-0.0581,3.0000
691,scouts,6,4.2978,-1.5581,3.0000
691,scouts,7,5.7978,-3.0581,3.0000
691,scouts,8,-1.0035,2.4992,3.0000
691,scouts,9,-2.5035,3.9992,3.0000
691,scouts,10,-4.0035,2.4992,3.0000
691,scouts,11,-2.5035,0.9992,3.0000
691,scouts,12,4.0020,2.5006,3.0000
691,scouts,13,2.5020,4.0006,3.0000
691,scouts,14,1.0020,2.5006,3.0000
691,scouts,15,2.5020,1.0006,3.0000
691,workers,0,-8.0078,8.0202,3.0000
691,workers,1,8.0009,8.0116,3.0000
691,workers,2,8.0083,-8.0098,3.0000
691,workers,3,-7.8621,-7.8805,3.0000
692,general,0,0.0000,0.0000,5.0000
692,nodes,0,-5.7947,-1.5535,3.0000
692,nodes,1,5.7977,-1.5578,3.0000
692,nodes,2,-2.5036,2.4992,3.0000
692,nodes,3,2.5021,2.5004,3.0000
692,scouts,0,-4.2944,-1.5535,3.0000
692,scouts,1,-5.7944,-0.0535,3.0000
692,scouts,2,-7.2944,-1.5535,3.0000
692,scouts,3,-5.7944,-3.0535,3.0000
692,scouts,4,7.2978,-1.5580,3.0000
692,scouts,5,5.7978,-0.0580,3.0000
692,scouts,6,4.2978,-1.5580,3.0000
692,scouts,7,5.7978,-3.0580,3.0000
692,scouts,8,-1.0035,2.4992,3.0000
692,scouts,9,-2.5035,3.9992,3.0000
692,scouts,10,-4.0035,2.4992,3.0000
692,scouts,11,-2.5035,0.9992,3.0000
692,scouts,12,4.0020,2.5005,3.0000
692,scouts,13,2.5020,4.0005,3.0000
692,scouts,14,1.0020,2.5005,3.0000
692,scouts,15,2.5020,1.0005,3.0000
692,workers,0,-8.0078,8.0202,3.0000
692,workers,1,8.0009,8.0116,3.0000
692,workers,2,8.0083,-8.0098,3.0000
692,workers,3,-7.8621,-7.8805,3.0000
693,general,0,0.0000,0.0000,5.0000
693,nodes,0,-5.7948,-1.5535,3.0000
693,nodes,1,5.7977,-1.5578,3.0000
693,nodes,2,-2.5036,2.4991,3.0000
693,nodes,3,2.5021,2.5004,3.0000
693,scouts,0,-4.2945,-1.5535,3.0000
693,scouts,1,-5.7945,-0.0535,3.0000
693,scouts,2,-7.2945,-1.5535,3.0000
693,scouts,3,-5.7945,-3.0535,3.0000
693,scouts,4,7.2978,-1.5580,3.0000
693,scouts,5,5.7978,-0.0580,3.0000
693,scouts,6,4.2978,-1.5580,3.0000
693,scouts,7,5.7978,-3.0580,3.0000
693,scouts,8,-1.0035,2.4992,3.0000
693,scouts,9,-2.5035,3.9992,3.0000
693,scouts,10,-4.0035,2.4992,3.0000
693,scouts,11,-2.5035,0.9992,3.0000
693,scouts,12,4.0020,2.5005,3.0000
693,scouts,13,2.5020,4.0005,3.0000
693,scouts,14,1.0020,2.5005,3.0000
693,scouts,15,2.5020,1.0005,3.0000
693,workers,0,-8.0078,8.0202,3.0000
693,workers,1,8.0009,8.0116,3.0000
693,workers,2,8.0083,-8.0098,3.0000
693,workers,3,-7.8621,-7.8805,3.0000
694,general,0,0.0000,0.0000,5.0000
694,nodes,0,-5.7948,-1.5535,3.0000
694,nodes,1,5.7978,-1.5579,3.0000
694,nodes,2,-2.5037,2.4991,3.0000
694,nodes,3,2.5021,2.5004,3.0000
694,scouts,0,-4.2945,-1.5535,3.0000
694,scouts,1,-5.7945,-0.0535,3.0000
694,scouts,2,-7.2945,-1.5535,3.0000
694,scouts,3,-5.7945,-3.0535,3.0000
694,scouts,4,7.2978,-1.5580,3.0000
694,scouts,5,5.7978,-0.0580,3.0000
694,scouts,6,4.2978,-1.5580,3.0000
694,scouts,7,5.7978,-3.0580,3.0000
694,scouts,8,-1.0035,2.4992,3.0000
694,scouts,9,-2.5035,3.9992,3.0000
694,scouts,10,-4.0035,2.4992,3.0000
694,scouts,11,-2.5035,0.9992,3.0000
694,scouts,12,4.0020,2.5005,3.0000
694,scouts,13,2.5020,4.0005,3.0000
694,scouts,14,1.0020,2.5005,3.0000
694,scouts,15,2.5020,1.0005,3.0000
694,workers,0,-8.0078,8.0202,3.0000
694,workers,1,8.0009,8.0116,3.0000
694,workers,2,8.0083,-8.0098,3.0000
694,workers,3,-7.8621,-7.8805,3.0000
695,general,0,0.0000,0.0000,5.0000
695,nodes,0,-5.7948,-1.5536,3.0000
695,nodes,1,5.7978,-1.5579,3.0000
695,nodes,2,-2.5037,2.4992,3.0000
695,nodes,3,2.5021,2.5003,3.0000
695,scouts,0,-4.2946,-1.5535,3.0000
695,scouts,1,-5.7946,-0.0535,3.0000
695,scouts,2,-7.2946,-1.5535,3.0000
695,scouts,3,-5.7946,-3.0535,3.0000
695,scouts,4,7.2978,-1.5580,3.0000
695,scouts,5,5.7978,-0.0580,3.0000
695,scouts,6,4.2978,-1.5580,3.0000
695,scouts,7,5.7978,-3.0580,3.0000
695,scouts,8,-1.0035,2.4992,3.0000
695,scouts,9,-2.5035,3.9992,3.0000
695,scouts,10,-4.0035,2.4992,3.0000
695,scouts,11,-2.5035,0.9992,3.0000
695,scouts,12,4.0020,2.5005,3.0000
695,scouts,13,2.5020,4.0005,3.0000
695,scouts,14,1.0020,2.5005,3.0000
695,scouts,15,2.5020,1.0005,3.0000
695,workers,0,-8.0078,8.0202,3.0000
695,workers,1,8.0009,8.0116,3.0000
695,workers,2,8.0083,-8.0098,3.0000
695,workers,3,-7.8621,-7.8805,3.0000
696,general,0,0.0000,0.0000,5.0000
696,nodes,0,-5.7948,-1.5537,3.0000
696,nodes,1,5.7979,-1.5580,3.0000
696,nodes,2,-2.5037,2.4992,3.0000
696,nodes,3,2.5021,2.5003,3.0000
696,scouts,0,-4.2946,-1.5535,3.0000
696,scouts,1,-5.7946,-0.0535,3.0000
696,scouts,2,-7.2946,-1.5535,3.0000
696,scouts,3,-5.7946,-3.0535,3.0000
696,scouts,4,7.2978,-1.5580,3.0000
696,scouts,5,5.7978,-0.0580,3.0000
696,scouts,6,4.2978,-1.5580,3.0000
696,scouts,7,5.7978,-3.0580,3.0000
696,scouts,8,-1.0036,2.4992,3.0000
696,scouts,9,-2.5036,3.9992,3.0000
696,scouts,10,-4.0036,2.4992,3.0000
696,scouts,11,-2.5036,0.9992,3.0000
696,scouts,12,4.0020,2.5005,3.0000
696,scouts,13,2.5020,4.0005,3.0000
696,scouts,14,1.0020,2.5005,3.0000
696,scouts,15,2.5020,1.0005,3.0000
696,workers,0,-8.0078,8.0202,3.0000
696,workers,1,8.0009,8.0116,3.0000
696,workers,2,8.0083,-8.0098,3.0000
696,workers,3,-7.8621,-7.8805,3.0000
697,general,0,0.0000,0.0000,5.0000
697,nodes,0,-5.7947,-1.5538,3.0000
697,nodes,1,5.7979,-1.5580,3.0000
697,nodes,2,-2.5038,2.4992,3.0000
697,nodes,3,2.5022,2.5003,3.0000
697,scouts,0,-4.2946,-1.5536,3.0000
697,scouts,1,-5.7946,-0.0536,3.0000
697,scouts,2,-7.2946,-1.5536,3.0000
697,scouts,3,-5.7946,-3.0536,3.0000
697,scouts,4,7.2978,-1.5580,3.0000
697,scouts,5,5.7978,-0.0580,3.0000
697,scouts,6,4.2978,-1.5580,3.0000
697,scouts,7,5.7978,-3.0580,3.0000
697,scouts,8,-1.0036,2.4992,3.0000
697,scouts,9,-2.5036,3.9992,3.0000
697,scouts,10,-4.0036,2.4992,3.0000
697,scouts,11,-2.5036,0.9992,3.0000
697,scouts,12,4.0021,2.5004,3.0000
697,scouts,13,2.5021,4.0004,3.0000
697,scouts,14,1.0021,2.5004,3.0000
697,scouts,15,2.5021,1.0004,3.0000
697,workers,0,-8.0078,8.0202,3.0000
697,workers,1,8.0009,8.0116,3.0000
697,workers,2,8.0083,-8.0098,3.0000
697,workers,3,-7.8621,-7.8805,3.0000
698,general,0,0.0000,0.0000,5.0000
698,nodes,0,-5.7947,-1.5538,3.0000
698,nodes,1,5.7979,-1.5580,3.0000
698,nodes,2,-2.5038,2.4992,3.0000
698,nodes,3,2.5023,2.5002,3.0000
698,scouts,0,-4.2946,-1.5536,3.0000
698,scouts,1,-5.7946,-0.0536,3.0000
698,scouts,2,-7.2946,-1.5536,3.0000
698,scouts,3,-5.7946,-3.0536,3.0000
698,scouts,4,7.2978,-1.5580,3.0000
698,scouts,5,5.7978,-0.0580,3.0000
698,scouts,6,4.2978,-1.5580,3.0000
698,scouts,7,5.7978,-3.0580,3.0000
698,scouts,8,-1.0036,2.4992,3.0000
698,scouts,9,-2.5036,3.9992,3.0000
698,scouts,10,-4.0036,2.4992,3.0000
698,scouts,11,-2.5036,0.9992,3.0000
698,scouts,12,4.0021,2.5004,3.0000
698,scouts,13,2.5021,4.0004,3.0000
698,scouts,14,1.0021,2.5004,3.0000
698,scouts,15,2.5021,1.0004,3.0000
698,workers,0,-8.0078,8.0202,3.0000
698,workers,1,8.0009,8.0116,3.0000
698,workers,2,8.0083,-8.0098,3.0000
698,workers,3,-7.8621,-7.8805,3.0000
699,general,0,0.0000,0.0000,5.0000
699,nodes,0,-5.7947,-1.5538,3.0000
699,nodes,1,5.7978,-1.5579,3.0000
699,nodes,2,-2.5039,2.4991,3.0000
699,nodes,3,2.5024,2.5002,3.0000
699,scouts,0,-4.2946,-1.5536,3.0000
699,scouts,1,-5.7946,-0.0536,3.0000
699,scouts,2,-7.2946,-1.5536,3.0000
699,scouts,3,-5.7946,-3.0536,3.0000
699,scouts,4,7.2978,-1.5580,3.0000
699,scouts,5,5.7978,-0.0580,3.0000
699,scouts,6,4.2978,-1.5580,3.0000
699,scouts,7,5.7978,-3.0580,3.0000
699,scouts,8,-1.0037,2.4992,3.0000
699,scouts,9,-2.5037,3.9992,3.0000
699,scouts,10,-4.0037,2.4992,3.0000
699,scouts,11,-2.5037,0.9992,3.0000
699,scouts,12,4.0021,2.5004,3.0000
699,scouts,13,2.5021,4.0004,3.0000
699,scouts,14,1.0021,2.5004,3.0000
699,scouts,15,2.5021,1.0004,3.0000
699,workers,0,-8.0078,8.0202,3.0000
699,workers,1,8.0009,8.0116,3.0000
699,workers,2,8.0083,-8.0098,3.0000
699,workers,3,-7.8621,-7.8805,3.0000
700,general,0,0.0000,0.0000,5.0000
700,nodes,0,-5.7947,-1.5537,3.0000
700,nodes,1,5.7978,-1.5579,3.0000
700,nodes,2,-2.5039,2.4991,3.0000
700,nodes,3,2.5024,2.5001,3.0000
700,scouts,0,-4.2946,-1.5536,3.0000
700,scouts,1,-5.7946,-0.0536,3.0000
700,scouts,2,-7.2946,-1.5536,3.0000
700,scouts,3,-5.7946,-3.0536,3.0000
700,scouts,4,7.2978,-1.5580,3.0000
700,scouts,5,5.7978,-0.0580,3.0000
700,scouts,6,4.2978,-1.5580,3.0000
700,scouts,7,5.7978,-3.0580,3.0000
700,scouts,8,-1.0037,2.4992,3.0000
700,scouts,9,-2.5037,3.9992,3.0000
700,scouts,10,-4.0037,2.4992,3.0000
700,scouts,11,-2.5037,0.9992,3.0000
700,scouts,12,4.0022,2.5003,3.0000
700,scouts,13,2.5022,4.0003,3.0000
700,scouts,14,1.0022,2.5003,3.0000
700,scouts,15,2.5022,1.0003,3.0000
700,workers,0,-8.0078,8.0202,3.0000
700,workers,1,8.0009,8.0116,3.0000
700,workers,2,8.0083,-8.0098,3.0000
700,workers,3,-7.8621,-7.8805,3.0000
701,general,0,0.0000,0.0000,5.0000
701,nodes,0,-5.7947,-1.5537,3.0000
701,nodes,1,5.7978,-1.5579,3.0000
701,nodes,2,-2.5039,2.4990,3.0000
701,nodes,3,2.5025,2.5001,3.0000
701,scouts,0,-4.2947,-1.5537,3.0000
701,scouts,1,-5.7947,-0.0537,3.0000
701,scouts,2,-7.2947,-1.5537,3.0000
701,scouts,3,-5.7947,-3.0537,3.0000
701,scouts,4,7.2978,-1.5580,3.0000
701,scouts,5,5.7978,-0.0580,3.0000
701,scouts,6,4.2978,-1.5580,3.0000
701,scouts,7,5.7978,-3.0580,3.0000
701,scouts,8,-1.0037,2.4991,3.0000
701,scouts,9,-2.5037,3.9991,3.0000
701,scouts,10,-4.0037,2.4991,3.0000
701,scouts,11,-2.5037,0.9991,3.0000
701,scouts,12,4.0022,2.5003,3.0000
701,scouts,13,2.5022,4.0003,3.0000
701,scouts,14,1.0022,2.5003,3.0000
701,scouts,15,2.5022,1.0003,3.0000
701,workers,0,-8.0078,8.0202,3.0000
701,workers,1,8.0009,8.0116,3.0000
701,workers,2,8.0083,-8.0098,3.0000
701,workers,3,-7.8621,-7.8805,3.0000
702,general,0,0.0000,0.0000,5.0000
702,nodes,0,-5.7948,-1.5536,3.0000
702,nodes,1,5.7978,-1.5579,3.0000
702,nodes,2,-2.5040,2.4990,3.0000
702,nodes,3,2.5026,2.5002,3.0000
702,scouts,0,-4.2947,-1.5536,3.0000
702,scouts,1,-5.7947,-0.0536,3.0000
702,scouts,2,-7.2947,-1.5536,3.0000
702,scouts,3,-5.7947,-3.0536,3.0000
702,scouts,4,7.2978,-1.5579,3.0000
702,scouts,5,5.7978,-0.0579,3.0000
702,scouts,6,4.2978,-1.5579,3.0000
702,scouts,7,5.7978,-3.0579,3.0000
702,scouts,8,-1.0038,2.4991,3.0000
702,scouts,9,-2.5038,3.9991,3.0000
702,scouts,10,-4.0038,2.4991,3.0000
702,scouts,11,-2.5038,0.9991,3.0000
702,scouts,12,4.0023,2.5003,3.0000
702,scouts,13,2.5023,4.0003,3.0000
702,scouts,14,1.0023,2.5003,3.0000
702,scouts,15,2.5023,1.0003,3.0000
702,workers,0,-8.0078,8.0202,3.0000
702,workers,1,8.0009,8.0116,3.0000
702,workers,2,8.0083,-8.0098,3.0000
702,workers,3,-7.8621,-7.8805,3.0000
703,general,0,0.0000,0.0000,5.0000
703,nodes,0,-5.7947,-1.5535,3.0000
703,nodes,1,5.7979,-1.5578,3.0000
703,nodes,2,-2.5040,2.4990,3.0000
703,nodes,3,2.5027,2.5002,3.0000
703,scouts,0,-4.2947,-1.5536,3.0000
703,scouts,1,-5.7947,-0.0536,3.0000
703,scouts,2,-7.2947,-1.5536,3.0000
703,scouts,3,-5.7947,-3.0536,3.0000
703,scouts,4,7.2978,-1.5579,3.0000
703,scouts,5,5.7978,-0.0579,3.0000
703,scouts,6,4.2978,-1.5579,3.0000
703,scouts,7,5.7978,-3.0579,3.0000
703,scouts,8,-1.0038,2.4991,3.0000
703,scouts,9,-2.5038,3.9991,3.0000
703,scouts,10,-4.0038,2.4991,3.0000
703,scouts,11,-2.5038,0.9991,3.0000
703,scouts,12,4.0023,2.5003,3.0000
703,scouts,13,2.5023,4.0003,3.0000
703,scouts,14,1.0023,2.5003,3.0000
703,scouts,15,2.5023,1.0003,3.0000
703,workers,0,-8.0078,8.0202,3.0000
703,workers,1,8.0009,8.0116,3.0000
703,workers,2,8.0083,-8.0098,3.0000
703,workers,3,-7.8621,-7.8805,3.0000
704,general,0,0.0000,0.0000,5.0000
704,nodes,0,-5.7947,-1.5535,3.0000
704,nodes,1,5.7979,-1.5578,3.0000
704,nodes,2,-2.5040,2.4989,3.0000
704,nodes,3,2.5028,2.5002,3.0000
704,scouts,0,-4.2947,-1.5536,3.0000
704,scouts,1,-5.7947,-0.0536,3.0000
704,scouts,2,-7.2947,-1.5536,3.0000
704,scouts,3,-5.7947,-3.0536,3.0000
704,scouts,4,7.2978,-1.5579,3.0000
704,scouts,5,5.7978,-0.0579,3.0000
704,scouts,6,4.2978,-1.5579,3.0000
704,scouts,7,5.7978,-3.0579,3.0000
704,scouts,8,-1.0038,2.4991,3.0000
704,scouts,9,-2.5038,3.9991,3.0000
704,scouts,10,-4.0038,2.4991,3.0000
704,scouts,11,-2.5038,0.9991,3.0000
704,scouts,12,4.0024,2.5003,3.0000
704,scouts,13,2.5024,4.0003,3.0000
704,scouts,14,1.0024,2.5003,3.0000
704,scouts,15,2.5024,1.0003,3.0000
704,workers,0,-8.0078,8.0202,3.0000
704,workers,1,8.0009,8.0116,3.0000
704,workers,2,8.0083,-8.0098,3.0000
704,workers,3,-7.8621,-7.8805,3.0000
705,general,0,0.0000,0.0000,5.0000
705,nodes,0,-5.7947,-1.5534,3.0000
705,nodes,1,5.7979,-1.5578,3.0000
705,nodes,2,-2.5040,2.4989,3.0000
705,nodes,3,2.5028,2.5003,3.0000
705,scouts,0,-4.2947,-1.5536,3.0000
705,scouts,1,-5.7947,-0.0536,3.0000
705,scouts,2,-7.2947,-1.5536,3.0000
705,scouts,3,-5.7947,-3.0536,3.0000
705,scouts,4,7.2978,-1.5579,3.0000
705,scouts,5,5.7978,-0.0579,3.0000
705,scouts,6,4.2978,-1.5579,3.0000
705,scouts,7,5.7978,-3.0579,3.0000
705,scouts,8,-1.0038,2.4991,3.0000
705,scouts,9,-2.5038,3.9991,3.0000
705,scouts,10,-4.0038,2.4991,3.0000
705,scouts,11,-2.5038,0.9991,3.0000
705,scouts,12,4.0024,2.5003,3.0000
705,scouts,13,2.5024,4.0003,3.0000
705,scouts,14,1.0024,2.5003,3.0000
705,scouts,15,2.5024,1.0003,3.0000
705,workers,0,-8.0078,8.0202,3.0000
705,workers,1,8.0009,8.0116,3.0000
705,workers,2,8.0083,-8.0098,3.0000
705,workers,3,-7.8621,-7.8805,3.0000
706,general,0,0.0000,0.0000,5.0000
706,nodes,0,-5.7946,-1.5534,3.0000
706,nodes,1,5.7980,-1.5578,3.0000
706,nodes,2,-2.5040,2.4989,3.0000
706,nodes,3,2.5029,2.5003,3.0000
706,scouts,0,-4.2947,-1.5536,3.0000
706,scouts,1,-5.7947,-0.0536,3.0000
706,scouts,2,-7.2947,-1.5536,3.0000
706,scouts,3,-5.7947,-3.0536,3.0000
706,scouts,4,7.2979,-1.5579,3.0000
706,scouts,5,5.7979,-0.0579,3.0000
706,scouts,6,4.2979,-1.5579,3.0000
706,scouts,7,5.7979,-3.0579,3.0000
706,scouts,8,-1.0039,2.4990,3.0000
706,scouts,9,-2.5039,3.9990,3.0000
706,scouts,10,-4.0039,2.4990,3.0000
706,scouts,11,-2.5039,0.9990,3.0000
706,scouts,12,4.0025,2.5003,3.0000
706,scouts,13,2.5025,4.0003,3.0000
706,scouts,14,1.0025,2.5003,3.0000
706,scouts,15,2.5025,1.0003,3.0000
706,workers,0,-8.0078,8.0202,3.0000
706,workers,1,8.0009,8.0116,3.0000
706,workers,2,8.0083,-8.0098,3.0000
706,workers,3,-7.8621,-7.8805,3.0000
707,general,0,0.0000,0.0000,5.0000
707,nodes,0,-5.7945,-1.5533,3.0000
707,nodes,1,5.7980,-1.5578,3.0000
707,nodes,2,-2.5040,2.4989,3.0000
707,nodes,3,2.5029,2.5003,3.0000
707,scouts,0,-4.2947,-1.5535,3.0000
707,scouts,1,-5.7947,-0.0535,3.0000
707,scouts,2,-7.2947,-1.5535,3.0000
707,scouts,3,-5.7947,-3.0535,3.0000
707,scouts,4,7.2979,-1.5579,3.0000
707,scouts,5,5.7979,-0.0579,3.0000
707,scouts,6,4.2979,-1.5579,3.0000
707,scouts,7,5.7979,-3.0579,3.0000
707,scouts,8,-1.0039,2.4990,3.0000
707,scouts,9,-2.5039,3.9990,3.0000
707,scouts,10,-4.0039,2.4990,3.0000
707,scouts,11,-2.5039,0.9990,3.0000
707,scouts,12,4.0026,2.5003,3.0000
707,scouts,13,2.5026,4.0003,3.0000
707,scouts,14,1.0026,2.5003,3.0000
707,scouts,15,2.5026,1.0003,3.0000
707,workers,0,-8.0078,8.0202,3.0000
707,workers,1,8.0009,8.0116,3.0000
707,workers,2,8.0083,-8.0098,3.0000
707,workers,3,-7.8621,-7.8805,3.0000
708,general,0,0.0000,0.0000,5.0000
708,nodes,0,-5.7945,-1.5533,3.0000
708,nodes,1,5.7980,-1.5578,3.0000
708,nodes,2,-2.5040,2.4990,3.0000
708,nodes,3,2.5029,2.5004,3.0000
708,scouts,0,-4.2946,-1.5535,3.0000
708,scouts,1,-5.7946,-0.0535,3.0000
708,scouts,2,-7.2946,-1.5535,3.0000
708,scouts,3,-5.7946,-3.0535,3.0000
708,scouts,4,7.2979,-1.5579,3.0000
708,scouts,5,5.7979,-0.0579,3.0000
708,scouts,6,4.2979,-1.5579,3.0000
708,scouts,7,5.7979,-3.0579,3.0000
708,scouts,8,-1.0039,2.4990,3.0000
708,scouts,9,-2.5039,3.9990,3.0000
708,scouts,10,-4.0039,2.4990,3.0000
708,scouts,11,-2.5039,0.9990,3.0000
708,scouts,12,4.0026,2.5003,3.0000
708,scouts,13,2.5026,4.0003,3.0000
708,scouts,14,1.0026,2.5003,3.0000
708,scouts,15,2.5026,1.0003,3.0000
708,workers,0,-8.0078,8.0202,3.0000
708,workers,1,8.0009,8.0116,3.0000
708,workers,2,8.0083,-8.0098,3.0000
708,workers,3,-7.8621,-7.8805,3.0000
709,general,0,0.0000,0.0000,5.0000
709,nodes,0,-5.7945,-1.5533,3.0000
709,nodes,1,5.7979,-1.5578,3.0000
709,nodes,2,-2.5041,2.4990,3.0000
709,nodes,3,2.5029,2.5004,3.0000
709,scouts,0,-4.2946,-1.5535,3.0000
709,scouts,1,-5.7946,-0.0535,3.0000
709,scouts,2,-7.2946,-1.5535,3.0000
709,scouts,3,-5.7946,-3.0535,3.0000
709,scouts,4,7.2979,-1.5579,3.0000
709,scouts,5,5.7979,-0.0579,3.0000
709,scouts,6,4.2979,-1.5579,3.0000
709,scouts,7,5.7979,-3.0579,3.0000
709,scouts,8,-1.0039,2.4990,3.0000
709,scouts,9,-2.5039,3.9990,3.0000
709,scouts,10,-4.0039,2.4990,3.0000
709,scouts,11,-2.5039,0.9990,3.0000
709,scouts,12,4.0026,2.5003,3.0000
709,scouts,13,2.5026,4.0003,3.0000
709,scouts,14,1.0026,2.5003,3.0000
709,scouts,15,2.5026,1.0003,3.0000
709,workers,0,-8.0078,8.0202,3.0000
709,workers,1,8.0009,8.0116,3.0000
709,workers,2,8.0083,-8.0098,3.0000
709,workers,3,-7.8621,-7.8805,3.0000
710,general,0,0.0000,0.0000,5.0000
710,nodes,0,-5.7944,-1.5533,3.0000
710,nodes,1,5.7980,-1.5579,3.0000
710,nodes,2,-2.5041,2.4990,3.0000
710,nodes,3,2.5029,2.5005,3.0000
710,scouts,0,-4.2946,-1.5534,3.0000
710,scouts,1,-5.7946,-0.0534,3.0000
710,scouts,2,-7.2946,-1.5534,3.0000
710,scouts,3,-5.7946,-3.0534,3.0000
710,scouts,4,7.2979,-1.5579,3.0000
710,scouts,5,5.7979,-0.0579,3.0000
710,scouts,6,4.2979,-1.5579,3.0000
710,scouts,7,5.7979,-3.0579,3.0000
710,scouts,8,-1.0040,2.4990,3.0000
710,scouts,9,-2.5040,3.9990,3.0000
710,scouts,10,-4.0040,2.4990,3.0000
710,scouts,11,-2.5040,0.9990,3.0000
710,scouts,12,4.0027,2.5003,3.0000
710,scouts,13,2.5027,4.0003,3.0000
710,scouts,14,1.0027,2.5003,3.0000
710,scouts,15,2.5027,1.0003,3.0000
710,workers,0,-8.0078,8.0202,3.0000
710,workers,1,8.0009,8.0116,3.0000
710,workers,2,8.0083,-8.0098,3.0000
710,workers,3,-7.8621,-7.8805,3.0000
711,general,0,0.0000,0.0000,5.0000
711,nodes,0,-5.7944,-1.5533,3.0000
711,nodes,1,5.7980,-1.5579,3.0000
711,nodes,2,-2.5041,2.4989,3.0000
711,nodes,3,2.5029,2.5005,3.0000
711,scouts,0,-4.2946,-1.5534,3.0000
711,scouts,1,-5.7946,-0.0534,3.0000
711,scouts,2,-7.2946,-1.5534,3.0000
711,scouts,3,-5.7946,-3.0534,3.0000
711,scouts,4,7.2979,-1.5579,3.0000
711,scouts,5,5.7979,-0.0579,3.0000
711,scouts,6,4.2979,-1.5579,3.0000
711,scouts,7,5.7979,-3.0579,3.0000
711,scouts,8,-1.0040,2.4990,3.0000
711,scouts,9,-2.5040,3.9990,3.0000
711,scouts,10,-4.0040,2.4990,3.0000
711,scouts,11,-2.5040,0.9990,3.0000
711,scouts,12,4.0027,2.5003,3.0000
711,scouts,13,2.5027,4.0003,3.0000
711,scouts,14,1.0027,2.5003,3.0000
711,scouts,15,2.5027,1.0003,3.0000
711,workers,0,-8.0078,8.0202,3.0000
711,workers,1,8.0009,8.0116,3.0000
711,workers,2,8.0083,-8.0098,3.0000
711,workers,3,-7.8621,-7.8805,3.0000
712,general,0,0.0000,0.0000,5.0000
712,nodes,0,-5.7945,-1.5534,3.0000
712,nodes,1,5.7980,-1.5579,3.0000
712,nodes,2,-2.5041,2.4989,3.0000
712,nodes,3,2.5030,2.5004,3.0000
712,scouts,0,-4.2946,-1.5534,3.0000
712,scouts,1,-5.7946,-0.0534,3.0000
712,scouts,2,-7.2946,-1.5534,3.0000
712,scouts,3,-5.7946,-3.0534,3.0000
712,scouts,4,7.2979,-1.5579,3.0000
712,scouts,5,5.7979,-0.0579,3.0000
712,scouts,6,4.2979,-1.5579,3.0000
712,scouts,7,5.7979,-3.0579,3.0000
712,scouts,8,-1.0040,2.4990,3.0000
712,scouts,9,-2.5040,3.9990,3.0000
712,scouts,10,-4.0040,2.4990,3.0000
712,scouts,11,-2.5040,0.9990,3.0000
712,scouts,12,4.0028,2.5004,3.0000
712,scouts,13,2.5028,4.0004,3.0000
712,scouts,14,1.0028,2.5004,3.0000
712,scouts,15,2.5028,1.0004,3.0000
712,workers,0,-8.0078,8.0202,3.0000
712,workers,1,8.0009,8.0116,3.0000
712,workers,2,8.0083,-8.0098,3.0000
712,workers,3,-7.8621,-7.8805,3.0000
713,general,0,0.0000,0.0000,5.0000
713,nodes,0,-5.7945,-1.5534,3.0000
713,nodes,1,5.7980,-1.5579,3.0000
713,nodes,2,-2.5041,2.4988,3.0000
713,nodes,3,2.5030,2.5004,3.0000
713,scouts,0,-4.2945,-1.5534,3.0000
713,scouts,1,-5.7945,-0.0534,3.0000
713,scouts,2,-7.2945,-1.5534,3.0000
713,scouts,3,-5.7945,-3.0534,3.0000
713,scouts,4,7.2979,-1.5579,3.0000
713,scouts,5,5.7979,-0.0579,3.0000
713,scouts,6,4.2979,-1.5579,3.0000
713,scouts,7,5.7979,-3.0579,3.0000
713,scouts,8,-1.0040,2.4990,3.0000
713,scouts,9,-2.5040,3.9990,3.0000
713,scouts,10,-4.0040,2.4990,3.0000
713,scouts,11,-2.5040,0.9990,3.0000
713,scouts,12,4.0028,2.5004,3.0000
713,scouts,13,2.5028,4.0004,3.0000
713,scouts,14,1.0028,2.5004,3.0000
713,scouts,15,2.5028,1.0004,3.0000
713,workers,0,-8.0078,8.0202,3.0000
713,workers,1,8.0009,8.0116,3.0000
713,workers,2,8.0083,-8.0098,3.0000
713,workers,3,-7.8621,-7.8805,3.0000
714,general,0,0.0000,0.0000,5.0000
714,nodes,0,-5.7945,-1.5534,3.0000
714,nodes,1,5.7979,-1.5578,3.0000
714,nodes,2,-2.5041,2.4989,3.0000
714,nodes,3,2.5031,2.5003,3.0000
714,scouts,0,-4.2945,-1.5534,3.0000
714,scouts,1,-5.7945,-0.0534,3.0000
714,scouts,2,-7.2945,-1.5534,3.0000
714,scouts,3,-5.7945,-3.0534,3.0000
714,scouts,4,7.2979,-1.5579,3.0000
714,scouts,5,5.7979,-0.0579,3.0000
714,scouts,6,4.2979,-1.5579,3.0000
714,scouts,7,5.7979,-3.0579,3.0000
714,scouts,8,-1.0040,2.4990,3.0000
714,scouts,9,-2.5040,3.9990,3.0000
714,scouts,10,-4.0040,2.4990,3.0000
714,scouts,11,-2.5040,0.9990,3.0000
714,scouts,12,4.0028,2.5004,3.0000
714,scouts,13,2.5028,4.0004,3.0000
714,scouts,14,1.0028,2.5004,3.0000
714,scouts,15,2.5028,1.0004,3.0000
714,workers,0,-8.0078,8.0202,3.0000
714,workers,1,8.0009,8.0116,3.0000
714,workers,2,8.0083,-8.0098,3.0000
714,workers,3,-7.8621,-7.8805,3.0000
