frame,tier,agent_idx,x,y,z
0,general,0,0.0000,0.0000,5.0000
0,nodes,0,-5.0008,-4.9966,3.0000
0,nodes,1,5.0008,-4.9965,3.0000
0,nodes,2,-4.9975,4.9975,3.0000
0,nodes,3,4.9975,4.9975,3.0000
0,scouts,0,-3.5001,-4.9996,3.0000
0,scouts,1,-5.0001,-3.4996,3.0000
0,scouts,2,-6.5001,-4.9996,3.0000
0,scouts,3,-5.0001,-6.4996,3.0000
0,scouts,4,6.5001,-4.9995,3.0000
0,scouts,5,5.0001,-3.4995,3.0000
0,scouts,6,3.5001,-4.9995,3.0000
0,scouts,7,5.0001,-6.4995,3.0000
0,scouts,8,-3.4997,4.9997,3.0000
0,scouts,9,-4.9997,6.4997,3.0000
0,scouts,10,-6.4997,4.9997,3.0000
0,scouts,11,-4.9997,3.4997,3.0000
0,scouts,12,6.4997,4.9997,3.0000
0,scouts,13,4.9997,6.4997,3.0000
0,scouts,14,3.4997,4.9997,3.0000
0,scouts,15,4.9997,3.4997,3.0000
0,workers,0,-3.0000,-5.0000,3.0000
0,workers,1,7.0000,-5.0000,3.0000
0,workers,2,-3.0000,5.0000,3.0000
0,workers,3,7.0000,5.0000,3.0000
1,general,0,0.0000,0.0000,5.0000
1,nodes,0,-5.0017,-4.9926,3.0000
1,nodes,1,5.0017,-4.9925,3.0000
1,nodes,2,-4.9946,4.9946,3.0000
1,nodes,3,4.9945,4.9946,3.0000
1,scouts,0,-3.5003,-4.9986,3.0000
1,scouts,1,-5.0003,-3.4986,3.0000
1,scouts,2,-6.5003,-4.9986,3.0000
1,scouts,3,-5.0003,-6.4986,3.0000
1,scouts,4,6.5003,-4.9986,3.0000
1,scouts,5,5.0003,-3.4986,3.0000
1,scouts,6,3.5003,-4.9986,3.0000
1,scouts,7,5.0003,-6.4986,3.0000
1,scouts,8,-3.4990,4.9990,3.0000
1,scouts,9,-4.9990,6.4990,3.0000
1,scouts,10,-6.4990,4.9990,3.0000
1,scouts,11,-4.9990,3.4990,3.0000
1,scouts,12,6.4990,4.9990,3.0000
1,scouts,13,4.9990,6.4990,3.0000
1,scouts,14,3.4990,4.9990,3.0000
1,scouts,15,4.9990,3.4990,3.0000
1,workers,0,-3.0000,-5.0000,3.0000
1,workers,1,7.0000,-5.0000,3.0000
1,workers,2,-3.0000,5.0000,3.0000
1,workers,3,7.0000,5.0000,3.0000
2,general,0,0.0000,0.0000,5.0000
2,nodes,0,-5.0027,-4.9884,3.0000
2,nodes,1,5.0026,-4.9882,3.0000
2,nodes,2,-4.9916,4.9915,3.0000
2,nodes,3,4.9915,4.9916,3.0000
2,scouts,0,-3.5006,-4.9973,3.0000
2,scouts,1,-5.0006,-3.4973,3.0000
2,scouts,2,-6.5006,-4.9973,3.0000
2,scouts,3,-5.0006,-6.4973,3.0000
2,scouts,4,6.5006,-4.9972,3.0000
2,scouts,5,5.0006,-3.4972,3.0000
2,scouts,6,3.5006,-4.9972,3.0000
2,scouts,7,5.0006,-6.4972,3.0000
2,scouts,8,-3.4980,4.9980,3.0000
2,scouts,9,-4.9980,6.4980,3.0000
2,scouts,10,-6.4980,4.9980,3.0000
2,scouts,11,-4.9980,3.4980,3.0000
2,scouts,12,6.4980,4.9980,3.0000
2,scouts,13,4.9980,6.4980,3.0000
2,scouts,14,3.4980,4.9980,3.0000
2,scouts,15,4.9980,3.4980,3.0000
2,workers,0,-3.0000,-5.0000,3.0000
2,workers,1,7.0000,-5.0000,3.0000
2,workers,2,-3.0000,5.0000,3.0000
2,workers,3,7.0000,5.0000,3.0000
3,general,0,0.0000,0.0000,5.0000
3,nodes,0,-5.0037,-4.9840,3.0000
3,nodes,1,5.0036,-4.9838,3.0000
3,nodes,2,-4.9883,4.9882,3.0000
3,nodes,3,4.9883,4.9883,3.0000
3,scouts,0,-3.5010,-4.9955,3.0000
3,scouts,1,-5.0010,-3.4955,3.0000
3,scouts,2,-6.5010,-4.9955,3.0000
3,scouts,3,-5.0010,-6.4955,3.0000
3,scouts,4,6.5010,-4.9954,3.0000
3,scouts,5,5.0010,-3.4954,3.0000
3,scouts,6,3.5010,-4.9954,3.0000
3,scouts,7,5.0010,-6.4954,3.0000
3,scouts,8,-3.4967,4.9967,3.0000
3,scouts,9,-4.9967,6.4967,3.0000
3,scouts,10,-6.4967,4.9967,3.0000
3,scouts,11,-4.9967,3.4967,3.0000
3,scouts,12,6.4967,4.9967,3.0000
3,scouts,13,4.9967,6.4967,3.0000
3,scouts,14,3.4967,4.9967,3.0000
3,scouts,15,4.9967,3.4967,3.0000
3,workers,0,-3.0000,-5.0000,3.0000
3,workers,1,7.0000,-5.0000,3.0000
3,workers,2,-3.0000,5.0000,3.0000
3,workers,3,7.0000,5.0000,3.0000
4,general,0,0.0000,0.0000,5.0000
4,nodes,0,-5.0047,-4.9794,3.0000
4,nodes,1,5.0046,-4.9793,3.0000
4,nodes,2,-4.9850,4.9849,3.0000
4,nodes,3,4.9850,4.9850,3.0000
4,scouts,0,-3.5015,-4.9933,3.0000
4,scouts,1,-5.0015,-3.4933,3.0000
4,scouts,2,-6.5015,-4.9933,3.0000
4,scouts,3,-5.0015,-6.4933,3.0000
4,scouts,4,6.5015,-4.9933,3.0000
4,scouts,5,5.0015,-3.4933,3.0000
4,scouts,6,3.5015,-4.9933,3.0000
4,scouts,7,5.0015,-6.4933,3.0000
4,scouts,8,-3.4952,4.9951,3.0000
4,scouts,9,-4.9952,6.4951,3.0000
4,scouts,10,-6.4952,4.9951,3.0000
4,scouts,11,-4.9952,3.4951,3.0000
4,scouts,12,6.4951,4.9951,3.0000
4,scouts,13,4.9951,6.4951,3.0000
4,scouts,14,3.4951,4.9951,3.0000
4,scouts,15,4.9951,3.4951,3.0000
4,workers,0,-3.0000,-5.0000,3.0000
4,workers,1,7.0000,-5.0000,3.0000
4,workers,2,-3.0000,5.0000,3.0000
4,workers,3,7.0000,5.0000,3.0000
5,general,0,0.0000,0.0000,5.0000
5,nodes,0,-5.0058,-4.9747,3.0000
5,nodes,1,5.0057,-4.9747,3.0000
5,nodes,2,-4.9816,4.9815,3.0000
5,nodes,3,4.9816,4.9816,3.0000
5,scouts,0,-3.5021,-4.9909,3.0000
5,scouts,1,-5.0021,-3.4909,3.0000
5,scouts,2,-6.5021,-4.9909,3.0000
5,scouts,3,-5.0021,-6.4909,3.0000
5,scouts,4,6.5021,-4.9908,3.0000
5,scouts,5,5.0021,-3.4908,3.0000
5,scouts,6,3.5021,-4.9908,3.0000
5,scouts,7,5.0021,-6.4908,3.0000
5,scouts,8,-3.4933,4.9933,3.0000
5,scouts,9,-4.9933,6.4933,3.0000
5,scouts,10,-6.4933,4.9933,3.0000
5,scouts,11,-4.9933,3.4933,3.0000
5,scouts,12,6.4933,4.9933,3.0000
5,scouts,13,4.9933,6.4933,3.0000
5,scouts,14,3.4933,4.9933,3.0000
5,scouts,15,4.9933,3.4933,3.0000
5,workers,0,-3.0000,-5.0000,3.0000
5,workers,1,7.0000,-5.0000,3.0000
5,workers,2,-3.0000,5.0000,3.0000
5,workers,3,7.0000,5.0000,3.0000
6,general,0,0.0000,0.0000,5.0000
6,nodes,0,-5.0068,-4.9700,3.0000
6,nodes,1,5.0068,-4.9700,3.0000
6,nodes,2,-4.9782,4.9780,3.0000
6,nodes,3,4.9781,4.9781,3.0000
6,scouts,0,-3.5027,-4.9881,3.0000
6,scouts,1,-5.0027,-3.4881,3.0000
6,scouts,2,-6.5027,-4.9881,3.0000
6,scouts,3,-5.0027,-6.4881,3.0000
6,scouts,4,6.5027,-4.9880,3.0000
6,scouts,5,5.0027,-3.4880,3.0000
6,scouts,6,3.5027,-4.9880,3.0000
6,scouts,7,5.0027,-6.4880,3.0000
6,scouts,8,-3.4913,4.9913,3.0000
6,scouts,9,-4.9913,6.4913,3.0000
6,scouts,10,-6.4913,4.9913,3.0000
6,scouts,11,-4.9913,3.4913,3.0000
6,scouts,12,6.4913,4.9913,3.0000
6,scouts,13,4.9913,6.4913,3.0000
6,scouts,14,3.4913,4.9913,3.0000
6,scouts,15,4.9913,3.4913,3.0000
6,workers,0,-3.0000,-5.0000,3.0000
6,workers,1,7.0000,-5.0000,3.0000
6,workers,2,-3.0000,5.0000,3.0000
6,workers,3,7.0000,5.0000,3.0000
7,general,0,0.0000,0.0000,5.0000
7,nodes,0,-5.0079,-4.9652,3.0000
7,nodes,1,5.0079,-4.9651,3.0000
7,nodes,2,-4.9747,4.9746,3.0000
7,nodes,3,4.9746,4.9747,3.0000
7,scouts,0,-3.5034,-4.9850,3.0000
7,scouts,1,-5.0034,-3.4850,3.0000
7,scouts,2,-6.5034,-4.9850,3.0000
7,scouts,3,-5.0034,-6.4850,3.0000
7,scouts,4,6.5034,-4.9850,3.0000
7,scouts,5,5.0034,-3.4850,3.0000
7,scouts,6,3.5034,-4.9850,3.0000
7,scouts,7,5.0034,-6.4850,3.0000
7,scouts,8,-3.4891,4.9890,3.0000
7,scouts,9,-4.9891,6.4890,3.0000
7,scouts,10,-6.4891,4.9890,3.0000
7,scouts,11,-4.9891,3.4890,3.0000
7,scouts,12,6.4891,4.9891,3.0000
7,scouts,13,4.9891,6.4891,3.0000
7,scouts,14,3.4891,4.9891,3.0000
7,scouts,15,4.9891,3.4891,3.0000
7,workers,0,-3.0000,-5.0000,3.0000
7,workers,1,7.0000,-5.0000,3.0000
7,workers,2,-3.0000,5.0000,3.0000
7,workers,3,7.0000,5.0000,3.0000
8,general,0,0.0000,0.0000,5.0000
8,nodes,0,-5.0090,-4.9602,3.0000
8,nodes,1,5.0090,-4.9602,3.0000
8,nodes,2,-4.9711,4.9710,3.0000
8,nodes,3,4.9711,4.9713,3.0000
8,scouts,0,-3.5042,-4.9817,3.0000
8,scouts,1,-5.0042,-3.4817,3.0000
8,scouts,2,-6.5042,-4.9817,3.0000
8,scouts,3,-5.0042,-6.4817,3.0000
8,scouts,4,6.5041,-4.9817,3.0000
8,scouts,5,5.0041,-3.4817,3.0000
8,scouts,6,3.5041,-4.9817,3.0000
8,scouts,7,5.0041,-6.4817,3.0000
8,scouts,8,-3.4867,4.9866,3.0000
8,scouts,9,-4.9867,6.4866,3.0000
8,scouts,10,-6.4867,4.9866,3.0000
8,scouts,11,-4.9867,3.4866,3.0000
8,scouts,12,6.4867,4.9867,3.0000
8,scouts,13,4.9867,6.4867,3.0000
8,scouts,14,3.4867,4.9867,3.0000
8,scouts,15,4.9867,3.4867,3.0000
8,workers,0,-3.0000,-5.0000,3.0000
8,workers,1,7.0000,-5.0000,3.0000
8,workers,2,-3.0000,5.0000,3.0000
8,workers,3,7.0000,5.0000,3.0000
9,general,0,0.0000,0.0000,5.0000
9,nodes,0,-5.0102,-4.9552,3.0000
9,nodes,1,5.0101,-4.9552,3.0000
9,nodes,2,-4.9674,4.9674,3.0000
9,nodes,3,4.9674,4.9677,3.0000
9,scouts,0,-3.5050,-4.9782,3.0000
9,scouts,1,-5.0050,-3.4782,3.0000
9,scouts,2,-6.5050,-4.9782,3.0000
9,scouts,3,-5.0050,-6.4782,3.0000
9,scouts,4,6.5049,-4.9781,3.0000
9,scouts,5,5.0049,-3.4781,3.0000
9,scouts,6,3.5049,-4.9781,3.0000
9,scouts,7,5.0049,-6.4781,3.0000
9,scouts,8,-3.4841,4.9841,3.0000
9,scouts,9,-4.9841,6.4841,3.0000
9,scouts,10,-6.4841,4.9841,3.0000
9,scouts,11,-4.9841,3.4841,3.0000
9,scouts,12,6.4841,4.9842,3.0000
9,scouts,13,4.9841,6.4842,3.0000
9,scouts,14,3.4841,4.9842,3.0000
9,scouts,15,4.9841,3.4842,3.0000
9,workers,0,-3.0000,-5.0000,3.0000
9,workers,1,7.0000,-5.0000,3.0000
9,workers,2,-3.0000,5.0000,3.0000
9,workers,3,7.0000,5.0000,3.0000
10,general,0,0.0000,0.0000,5.0000
10,nodes,0,-5.0113,-4.9501,3.0000
10,nodes,1,5.0112,-4.9502,3.0000
10,nodes,2,-4.9637,4.9637,3.0000
10,nodes,3,4.9637,4.9640,3.0000
10,scouts,0,-3.5058,-4.9744,3.0000
10,scouts,1,-5.0058,-3.4744,3.0000
10,scouts,2,-6.5058,-4.9744,3.0000
10,scouts,3,-5.0058,-6.4744,3.0000
10,scouts,4,6.5058,-4.9744,3.0000
10,scouts,5,5.0058,-3.4744,3.0000
10,scouts,6,3.5058,-4.9744,3.0000
10,scouts,7,5.0058,-6.4744,3.0000
10,scouts,8,-3.4814,4.9813,3.0000
10,scouts,9,-4.9814,6.4813,3.0000
10,scouts,10,-6.4814,4.9813,3.0000
10,scouts,11,-4.9814,3.4813,3.0000
10,scouts,12,6.4814,4.9815,3.0000
10,scouts,13,4.9814,6.4815,3.0000
10,scouts,14,3.4814,4.9815,3.0000
10,scouts,15,4.9814,3.4815,3.0000
10,workers,0,-3.0000,-5.0000,3.0000
10,workers,1,7.0000,-5.0000,3.0000
10,workers,2,-3.0000,5.0000,3.0000
10,workers,3,7.0000,5.0000,3.0000
11,general,0,0.0000,0.0000,5.0000
11,nodes,0,-5.0126,-4.9451,3.0000
11,nodes,1,5.0124,-4.9450,3.0000
11,nodes,2,-4.9600,4.9600,3.0000
11,nodes,3,4.9600,4.9602,3.0000
11,scouts,0,-3.5067,-4.9705,3.0000
11,scouts,1,-5.0067,-3.4705,3.0000
11,scouts,2,-6.5067,-4.9705,3.0000
11,scouts,3,-5.0067,-6.4705,3.0000
11,scouts,4,6.5067,-4.9705,3.0000
11,scouts,5,5.0067,-3.4705,3.0000
11,scouts,6,3.5067,-4.9705,3.0000
11,scouts,7,5.0067,-6.4705,3.0000
11,scouts,8,-3.4786,4.9785,3.0000
11,scouts,9,-4.9786,6.4785,3.0000
11,scouts,10,-6.4786,4.9785,3.0000
11,scouts,11,-4.9786,3.4785,3.0000
11,scouts,12,6.4785,4.9787,3.0000
11,scouts,13,4.9785,6.4787,3.0000
11,scouts,14,3.4785,4.9787,3.0000
11,scouts,15,4.9785,3.4787,3.0000
11,workers,0,-3.0000,-5.0000,3.0000
11,workers,1,7.0000,-5.0000,3.0000
11,workers,2,-3.0000,5.0000,3.0000
11,workers,3,7.0000,5.0000,3.0000
12,general,0,0.0000,0.0000,5.0000
12,nodes,0,-5.0138,-4.9399,3.0000
12,nodes,1,5.0135,-4.9399,3.0000
12,nodes,2,-4.9563,4.9562,3.0000
12,nodes,3,4.9562,4.9564,3.0000
12,scouts,0,-3.5077,-4.9664,3.0000
12,scouts,1,-5.0077,-3.4664,3.0000
12,scouts,2,-6.5077,-4.9664,3.0000
12,scouts,3,-5.0077,-6.4664,3.0000
12,scouts,4,6.5076,-4.9664,3.0000
12,scouts,5,5.0076,-3.4664,3.0000
12,scouts,6,3.5076,-4.9664,3.0000
12,scouts,7,5.0076,-6.4664,3.0000
12,scouts,8,-3.4756,4.9755,3.0000
12,scouts,9,-4.9756,6.4755,3.0000
12,scouts,10,-6.4756,4.9755,3.0000
12,scouts,11,-4.9756,3.4755,3.0000
12,scouts,12,6.4756,4.9757,3.0000
12,scouts,13,4.9756,6.4757,3.0000
12,scouts,14,3.4756,4.9757,3.0000
12,scouts,15,4.9756,3.4757,3.0000
12,workers,0,-3.0000,-5.0000,3.0000
12,workers,1,7.0000,-5.0000,3.0000
12,workers,2,-3.0000,5.0000,3.0000
12,workers,3,7.0000,5.0000,3.0000
13,general,0,0.0000,0.0000,5.0000
13,nodes,0,-5.0151,-4.9348,3.0000
13,nodes,1,5.0147,-4.9347,3.0000
13,nodes,2,-4.9525,4.9525,3.0000
13,nodes,3,4.9523,4.9527,3.0000
13,scouts,0,-3.5087,-4.9622,3.0000
13,scouts,1,-5.0087,-3.4622,3.0000
13,scouts,2,-6.5087,-4.9622,3.0000
13,scouts,3,-5.0087,-6.4622,3.0000
13,scouts,4,6.5085,-4.9622,3.0000
13,scouts,5,5.0085,-3.4622,3.0000
13,scouts,6,3.5085,-4.9622,3.0000
13,scouts,7,5.0085,-6.4622,3.0000
13,scouts,8,-3.4725,4.9725,3.0000
13,scouts,9,-4.9725,6.4725,3.0000
13,scouts,10,-6.4725,4.9725,3.0000
13,scouts,11,-4.9725,3.4725,3.0000
13,scouts,12,6.4725,4.9726,3.0000
13,scouts,13,4.9725,6.4726,3.0000
13,scouts,14,3.4725,4.9726,3.0000
13,scouts,15,4.9725,3.4726,3.0000
13,workers,0,-3.0000,-5.0000,3.0000
13,workers,1,7.0000,-5.0000,3.0000
13,workers,2,-3.0000,5.0000,3.0000
13,workers,3,7.0000,5.0000,3.0000
14,general,0,0.0000,0.0000,5.0000
14,nodes,0,-5.0162,-4.9296,3.0000
14,nodes,1,5.0158,-4.9295,3.0000
14,nodes,2,-4.9486,4.9486,3.0000
14,nodes,3,4.9485,4.9488,3.0000
14,scouts,0,-3.5097,-4.9579,3.0000
14,scouts,1,-5.0097,-3.4579,3.0000
14,scouts,2,-6.5097,-4.9579,3.0000
14,scouts,3,-5.0097,-6.4579,3.0000
14,scouts,4,6.5095,-4.9578,3.0000
14,scouts,5,5.0095,-3.4578,3.0000
14,scouts,6,3.5095,-4.9578,3.0000
14,scouts,7,5.0095,-6.4578,3.0000
14,scouts,8,-3.4693,4.9693,3.0000
14,scouts,9,-4.9693,6.4693,3.0000
14,scouts,10,-6.4693,4.9693,3.0000
14,scouts,11,-4.9693,3.4693,3.0000
14,scouts,12,6.4693,4.9694,3.0000
14,scouts,13,4.9693,6.4694,3.0000
14,scouts,14,3.4693,4.9694,3.0000
14,scouts,15,4.9693,3.4694,3.0000
14,workers,0,-3.0000,-5.0000,3.0000
14,workers,1,7.0000,-5.0000,3.0000
14,workers,2,-3.0000,5.0000,3.0000
14,workers,3,7.0000,5.0000,3.0000
15,general,0,0.0000,0.0000,5.0000
15,nodes,0,-5.0175,-4.9243,3.0000
15,nodes,1,5.0170,-4.9241,3.0000
15,nodes,2,-4.9448,4.9448,3.0000
15,nodes,3,4.9446,4.9450,3.0000
15,scouts,0,-3.5107,-4.9534,3.0000
15,scouts,1,-5.0107,-3.4534,3.0000
15,scouts,2,-6.5107,-4.9534,3.0000
15,scouts,3,-5.0107,-6.4534,3.0000
15,scouts,4,6.5105,-4.9533,3.0000
15,scouts,5,5.0105,-3.4533,3.0000
15,scouts,6,3.5105,-4.9533,3.0000
15,scouts,7,5.0105,-6.4533,3.0000
15,scouts,8,-3.4660,4.9660,3.0000
15,scouts,9,-4.9660,6.4660,3.0000
15,scouts,10,-6.4660,4.9660,3.0000
15,scouts,11,-4.9660,3.4660,3.0000
15,scouts,12,6.4660,4.9662,3.0000
15,scouts,13,4.9660,6.4662,3.0000
15,scouts,14,3.4660,4.9662,3.0000
15,scouts,15,4.9660,3.4662,3.0000
15,workers,0,-3.0000,-5.0000,3.0000
15,workers,1,7.0000,-5.0000,3.0000
15,workers,2,-3.0000,5.0000,3.0000
15,workers,3,7.0000,5.0000,3.0000
16,general,0,0.0000,0.0000,5.0000
16,nodes,0,-5.0186,-4.9189,3.0000
16,nodes,1,5.0183,-4.9188,3.0000
16,nodes,2,-4.9409,4.9410,3.0000
16,nodes,3,4.9408,4.9411,3.0000
16,scouts,0,-3.5118,-4.9488,3.0000
16,scouts,1,-5.0118,-3.4488,3.0000
16,scouts,2,-6.5118,-4.9488,3.0000
16,scouts,3,-5.0118,-6.4488,3.0000
16,scouts,4,6.5115,-4.9487,3.0000
16,scouts,5,5.0115,-3.4487,3.0000
16,scouts,6,3.5115,-4.9487,3.0000
16,scouts,7,5.0115,-6.4487,3.0000
16,scouts,8,-3.4627,4.9627,3.0000
16,scouts,9,-4.9627,6.4627,3.0000
16,scouts,10,-6.4627,4.9627,3.0000
16,scouts,11,-4.9627,3.4627,3.0000
16,scouts,12,6.4626,4.9628,3.0000
16,scouts,13,4.9626,6.4628,3.0000
16,scouts,14,3.4626,4.9628,3.0000
16,scouts,15,4.9626,3.4628,3.0000
16,workers,0,-3.0000,-5.0000,3.0000
16,workers,1,7.0000,-5.0000,3.0000
16,workers,2,-3.0000,5.0000,3.0000
16,workers,3,7.0000,5.0000,3.0000
17,general,0,0.0000,0.0000,5.0000
17,nodes,0,-5.0198,-4.9135,3.0000
17,nodes,1,5.0195,-4.9135,3.0000
17,nodes,2,-4.9370,4.9371,3.0000
17,nodes,3,4.9369,4.9372,3.0000
17,scouts,0,-3.5128,-4.9441,3.0000
17,scouts,1,-5.0128,-3.4441,3.0000
17,scouts,2,-6.5128,-4.9441,3.0000
17,scouts,3,-5.0128,-6.4441,3.0000
17,scouts,4,6.5126,-4.9440,3.0000
17,scouts,5,5.0126,-3.4440,3.0000
17,scouts,6,3.5126,-4.9440,3.0000
17,scouts,7,5.0126,-6.4440,3.0000
17,scouts,8,-3.4593,4.9593,3.0000
17,scouts,9,-4.9593,6.4593,3.0000
17,scouts,10,-6.4593,4.9593,3.0000
17,scouts,11,-4.9593,3.4593,3.0000
17,scouts,12,6.4592,4.9594,3.0000
17,scouts,13,4.9592,6.4594,3.0000
17,scouts,14,3.4592,4.9594,3.0000
17,scouts,15,4.9592,3.4594,3.0000
17,workers,0,-3.0000,-5.0000,3.0000
17,workers,1,7.0000,-5.0000,3.0000
17,workers,2,-3.0000,5.0000,3.0000
17,workers,3,7.0000,5.0000,3.0000
18,general,0,0.0000,0.0000,5.0000
18,nodes,0,-5.0211,-4.9082,3.0000
18,nodes,1,5.0208,-4.9081,3.0000
18,nodes,2,-4.9331,4.9332,3.0000
18,nodes,3,4.9329,4.9333,3.0000
18,scouts,0,-3.5139,-4.9393,3.0000
18,scouts,1,-5.0139,-3.4393,3.0000
18,scouts,2,-6.5139,-4.9393,3.0000
18,scouts,3,-5.0139,-6.4393,3.0000
18,scouts,4,6.5137,-4.9392,3.0000
18,scouts,5,5.0137,-3.4392,3.0000
18,scouts,6,3.5137,-4.9392,3.0000
18,scouts,7,5.0137,-6.4392,3.0000
18,scouts,8,-3.4558,4.9558,3.0000
18,scouts,9,-4.9558,6.4558,3.0000
18,scouts,10,-6.4558,4.9558,3.0000
18,scouts,11,-4.9558,3.4558,3.0000
18,scouts,12,6.4557,4.9559,3.0000
18,scouts,13,4.9557,6.4559,3.0000
18,scouts,14,3.4557,4.9559,3.0000
18,scouts,15,4.9557,3.4559,3.0000
18,workers,0,-3.0000,-5.0000,3.0000
18,workers,1,7.0000,-5.0000,3.0000
18,workers,2,-3.0000,5.0000,3.0000
18,workers,3,7.0000,5.0000,3.0000
19,general,0,0.0000,0.0000,5.0000
19,nodes,0,-5.0223,-4.9028,3.0000
19,nodes,1,5.0221,-4.9027,3.0000
19,nodes,2,-4.9292,4.9293,3.0000
19,nodes,3,4.9290,4.9293,3.0000
19,scouts,0,-3.5151,-4.9344,3.0000
19,scouts,1,-5.0151,-3.4344,3.0000
19,scouts,2,-6.5151,-4.9344,3.0000
19,scouts,3,-5.0151,-6.4344,3.0000
19,scouts,4,6.5148,-4.9344,3.0000
19,scouts,5,5.0148,-3.4344,3.0000
19,scouts,6,3.5148,-4.9344,3.0000
19,scouts,7,5.0148,-6.4344,3.0000
19,scouts,8,-3.4522,4.9523,3.0000
19,scouts,9,-4.9522,6.4523,3.0000
19,scouts,10,-6.4522,4.9523,3.0000
19,scouts,11,-4.9522,3.4523,3.0000
19,scouts,12,6.4521,4.9524,3.0000
19,scouts,13,4.9521,6.4524,3.0000
19,scouts,14,3.4521,4.9524,3.0000
19,scouts,15,4.9521,3.4524,3.0000
19,workers,0,-3.0000,-5.0000,3.0000
19,workers,1,7.0000,-5.0000,3.0000
19,workers,2,-3.0000,5.0000,3.0000
19,workers,3,7.0000,5.0000,3.0000
20,general,0,0.0000,0.0000,5.0000
20,nodes,0,-5.0236,-4.8974,3.0000
20,nodes,1,5.0234,-4.8973,3.0000
20,nodes,2,-4.9253,4.9254,3.0000
20,nodes,3,4.9251,4.9254,3.0000
20,scouts,0,-3.5162,-4.9295,3.0000
20,scouts,1,-5.0162,-3.4295,3.0000
20,scouts,2,-6.5162,-4.9295,3.0000
20,scouts,3,-5.0162,-6.4295,3.0000
20,scouts,4,6.5160,-4.9294,3.0000
20,scouts,5,5.0160,-3.4294,3.0000
20,scouts,6,3.5160,-4.9294,3.0000
20,scouts,7,5.0160,-6.4294,3.0000
20,scouts,8,-3.4486,4.9487,3.0000
20,scouts,9,-4.9486,6.4487,3.0000
20,scouts,10,-6.4486,4.9487,3.0000
20,scouts,11,-4.9486,3.4487,3.0000
20,scouts,12,6.4485,4.9488,3.0000
20,scouts,13,4.9485,6.4488,3.0000
20,scouts,14,3.4485,4.9488,3.0000
20,scouts,15,4.9485,3.4488,3.0000
20,workers,0,-3.0000,-5.0000,3.0000
20,workers,1,7.0000,-5.0000,3.0000
20,workers,2,-3.0000,5.0000,3.0000
20,workers,3,7.0000,5.0000,3.0000
21,general,0,0.0000,0.0000,5.0000
21,nodes,0,-5.0249,-4.8919,3.0000
21,nodes,1,5.0248,-4.8918,3.0000
21,nodes,2,-4.9214,4.9214,3.0000
21,nodes,3,4.9212,4.9214,3.0000
21,scouts,0,-3.5174,-4.9245,3.0000
21,scouts,1,-5.0174,-3.4245,3.0000
21,scouts,2,-6.5174,-4.9245,3.0000
21,scouts,3,-5.0174,-6.4245,3.0000
21,scouts,4,6.5171,-4.9244,3.0000
21,scouts,5,5.0171,-3.4244,3.0000
21,scouts,6,3.5171,-4.9244,3.0000
21,scouts,7,5.0171,-6.4244,3.0000
21,scouts,8,-3.4450,4.9450,3.0000
21,scouts,9,-4.9450,6.4450,3.0000
21,scouts,10,-6.4450,4.9450,3.0000
21,scouts,11,-4.9450,3.4450,3.0000
21,scouts,12,6.4449,4.9451,3.0000
21,scouts,13,4.9449,6.4451,3.0000
21,scouts,14,3.4449,4.9451,3.0000
21,scouts,15,4.9449,3.4451,3.0000
21,workers,0,-3.0000,-5.0000,3.0000
21,workers,1,7.0000,-5.0000,3.0000
21,workers,2,-3.0000,5.0000,3.0000
21,workers,3,7.0000,5.0000,3.0000
22,general,0,0.0000,0.0000,5.0000
22,nodes,0,-5.0261,-4.8864,3.0000
22,nodes,1,5.0260,-4.8863,3.0000
22,nodes,2,-4.9173,4.9175,3.0000
22,nodes,3,4.9172,4.9173,3.0000
22,scouts,0,-3.5185,-4.9194,3.0000
22,scouts,1,-5.0185,-3.4194,3.0000
22,scouts,2,-6.5185,-4.9194,3.0000
22,scouts,3,-5.0185,-6.4194,3.0000
22,scouts,4,6.5183,-4.9193,3.0000
22,scouts,5,5.0183,-3.4193,3.0000
22,scouts,6,3.5183,-4.9193,3.0000
22,scouts,7,5.0183,-6.4193,3.0000
22,scouts,8,-3.4413,4.9414,3.0000
22,scouts,9,-4.9413,6.4414,3.0000
22,scouts,10,-6.4413,4.9414,3.0000
22,scouts,11,-4.9413,3.4414,3.0000
22,scouts,12,6.4412,4.9414,3.0000
22,scouts,13,4.9412,6.4414,3.0000
22,scouts,14,3.4412,4.9414,3.0000
22,scouts,15,4.9412,3.4414,3.0000
22,workers,0,-3.0000,-5.0000,3.0000
22,workers,1,7.0000,-5.0000,3.0000
22,workers,2,-3.0000,5.0000,3.0000
22,workers,3,7.0000,5.0000,3.0000
23,general,0,0.0000,0.0000,5.0000
23,nodes,0,-5.0274,-4.8809,3.0000
23,nodes,1,5.0272,-4.8808,3.0000
23,nodes,2,-4.9133,4.9134,3.0000
23,nodes,3,4.9133,4.9133,3.0000
23,scouts,0,-3.5197,-4.9143,3.0000
23,scouts,1,-5.0197,-3.4143,3.0000
23,scouts,2,-6.5197,-4.9143,3.0000
23,scouts,3,-5.0197,-6.4143,3.0000
23,scouts,4,6.5195,-4.9142,3.0000
23,scouts,5,5.0195,-3.4142,3.0000
23,scouts,6,3.5195,-4.9142,3.0000
23,scouts,7,5.0195,-6.4142,3.0000
23,scouts,8,-3.4376,4.9376,3.0000
23,scouts,9,-4.9376,6.4376,3.0000
23,scouts,10,-6.4376,4.9376,3.0000
23,scouts,11,-4.9376,3.4376,3.0000
23,scouts,12,6.4375,4.9377,3.0000
23,scouts,13,4.9375,6.4377,3.0000
23,scouts,14,3.4375,4.9377,3.0000
23,scouts,15,4.9375,3.4377,3.0000
23,workers,0,-3.0000,-5.0000,3.0000
23,workers,1,7.0000,-5.0000,3.0000
23,workers,2,-3.0000,5.0000,3.0000
23,workers,3,7.0000,5.0000,3.0000
24,general,0,0.0000,0.0000,5.0000
24,nodes,0,-5.0287,-4.8754,3.0000
24,nodes,1,5.0285,-4.8754,3.0000
24,nodes,2,-4.9093,4.9094,3.0000
24,nodes,3,4.9093,4.9092,3.0000
24,scouts,0,-3.5209,-4.9091,3.0000
24,scouts,1,-5.0209,-3.4091,3.0000
24,scouts,2,-6.5209,-4.9091,3.0000
24,scouts,3,-5.0209,-6.4091,3.0000
24,scouts,4,6.5207,-4.9090,3.0000
24,scouts,5,5.0207,-3.4090,3.0000
24,scouts,6,3.5207,-4.9090,3.0000
24,scouts,7,5.0207,-6.4090,3.0000
24,scouts,8,-3.4338,4.9339,3.0000
24,scouts,9,-4.9338,6.4339,3.0000
24,scouts,10,-6.4338,4.9339,3.0000
24,scouts,11,-4.9338,3.4339,3.0000
24,scouts,12,6.4337,4.9339,3.0000
24,scouts,13,4.9337,6.4339,3.0000
24,scouts,14,3.4337,4.9339,3.0000
24,scouts,15,4.9337,3.4339,3.0000
24,workers,0,-3.0000,-5.0000,3.0000
24,workers,1,7.0000,-5.0000,3.0000
24,workers,2,-3.0000,5.0000,3.0000
24,workers,3,7.0000,5.0000,3.0000
25,general,0,0.0000,0.0000,5.0000
25,nodes,0,-5.0300,-4.8699,3.0000
25,nodes,1,5.0298,-4.8699,3.0000
25,nodes,2,-4.9053,4.9054,3.0000
25,nodes,3,4.9052,4.9051,3.0000
25,scouts,0,-3.5221,-4.9039,3.0000
25,scouts,1,-5.0221,-3.4039,3.0000
25,scouts,2,-6.5221,-4.9039,3.0000
25,scouts,3,-5.0221,-6.4039,3.0000
25,scouts,4,6.5219,-4.9038,3.0000
25,scouts,5,5.0219,-3.4038,3.0000
25,scouts,6,3.5219,-4.9038,3.0000
25,scouts,7,5.0219,-6.4038,3.0000
25,scouts,8,-3.4300,4.9301,3.0000
25,scouts,9,-4.9300,6.4301,3.0000
25,scouts,10,-6.4300,4.9301,3.0000
25,scouts,11,-4.9300,3.4301,3.0000
25,scouts,12,6.4299,4.9300,3.0000
25,scouts,13,4.9299,6.4300,3.0000
25,scouts,14,3.4299,4.9300,3.0000
25,scouts,15,4.9299,3.4300,3.0000
25,workers,0,-3.0000,-5.0000,3.0000
25,workers,1,7.0000,-5.0000,3.0000
25,workers,2,-3.0000,5.0000,3.0000
25,workers,3,7.0000,5.0000,3.0000
26,general,0,0.0000,0.0000,5.0000
26,nodes,0,-5.0313,-4.8643,3.0000
26,nodes,1,5.0310,-4.8643,3.0000
26,nodes,2,-4.9013,4.9014,3.0000
26,nodes,3,4.9012,4.9011,3.0000
26,scouts,0,-3.5233,-4.8986,3.0000
26,scouts,1,-5.0233,-3.3986,3.0000
26,scouts,2,-6.5233,-4.8986,3.0000
26,scouts,3,-5.0233,-6.3986,3.0000
26,scouts,4,6.5231,-4.8985,3.0000
26,scouts,5,5.0231,-3.3985,3.0000
26,scouts,6,3.5231,-4.8985,3.0000
26,scouts,7,5.0231,-6.3985,3.0000
26,scouts,8,-3.4262,4.9263,3.0000
26,scouts,9,-4.9262,6.4263,3.0000
26,scouts,10,-6.4262,4.9263,3.0000
26,scouts,11,-4.9262,3.4263,3.0000
26,scouts,12,6.4261,4.9262,3.0000
26,scouts,13,4.9261,6.4262,3.0000
26,scouts,14,3.4261,4.9262,3.0000
26,scouts,15,4.9261,3.4262,3.0000
26,workers,0,-3.0000,-5.0000,3.0000
26,workers,1,7.0000,-5.0000,3.0000
26,workers,2,-3.0000,5.0000,3.0000
26,workers,3,7.0000,5.0000,3.0000
27,general,0,0.0000,0.0000,5.0000
27,nodes,0,-5.0326,-4.8588,3.0000
27,nodes,1,5.0322,-4.8588,3.0000
27,nodes,2,-4.8973,4.8975,3.0000
27,nodes,3,4.8971,4.8970,3.0000
27,scouts,0,-3.5246,-4.8933,3.0000
27,scouts,1,-5.0246,-3.3933,3.0000
27,scouts,2,-6.5246,-4.8933,3.0000
27,scouts,3,-5.0246,-6.3933,3.0000
27,scouts,4,6.5243,-4.8932,3.0000
27,scouts,5,5.0243,-3.3932,3.0000
27,scouts,6,3.5243,-4.8932,3.0000
27,scouts,7,5.0243,-6.3932,3.0000
27,scouts,8,-3.4223,4.9224,3.0000
27,scouts,9,-4.9223,6.4224,3.0000
27,scouts,10,-6.4223,4.9224,3.0000
27,scouts,11,-4.9223,3.4224,3.0000
27,scouts,12,6.4222,4.9223,3.0000
27,scouts,13,4.9222,6.4223,3.0000
27,scouts,14,3.4222,4.9223,3.0000
27,scouts,15,4.9222,3.4223,3.0000
27,workers,0,-3.0000,-5.0000,3.0000
27,workers,1,7.0000,-5.0000,3.0000
27,workers,2,-3.0000,5.0000,3.0000
27,workers,3,7.0000,5.0000,3.0000
28,general,0,0.0000,0.0000,5.0000
28,nodes,0,-5.0339,-4.8531,3.0000
28,nodes,1,5.0335,-4.8532,3.0000
28,nodes,2,-4.8933,4.8934,3.0000
28,nodes,3,4.8930,4.8930,3.0000
28,scouts,0,-3.5258,-4.8879,3.0000
28,scouts,1,-5.0258,-3.3879,3.0000
28,scouts,2,-6.5258,-4.8879,3.0000
28,scouts,3,-5.0258,-6.3879,3.0000
28,scouts,4,6.5255,-4.8879,3.0000
28,scouts,5,5.0255,-3.3879,3.0000
28,scouts,6,3.5255,-4.8879,3.0000
28,scouts,7,5.0255,-6.3879,3.0000
28,scouts,8,-3.4185,4.9186,3.0000
28,scouts,9,-4.9185,6.4186,3.0000
28,scouts,10,-6.4185,4.9186,3.0000
28,scouts,11,-4.9185,3.4186,3.0000
28,scouts,12,6.4183,4.9184,3.0000
28,scouts,13,4.9183,6.4184,3.0000
28,scouts,14,3.4183,4.9184,3.0000
28,scouts,15,4.9183,3.4184,3.0000
28,workers,0,-3.0000,-5.0000,3.0000
28,workers,1,7.0000,-5.0000,3.0000
28,workers,2,-3.0000,5.0000,3.0000
28,workers,3,7.0000,5.0000,3.0000
29,general,0,0.0000,0.0000,5.0000
29,nodes,0,-5.0353,-4.8475,3.0000
29,nodes,1,5.0347,-4.8476,3.0000
29,nodes,2,-4.8892,4.8894,3.0000
29,nodes,3,4.8890,4.8889,3.0000
29,scouts,0,-3.5271,-4.8825,3.0000
29,scouts,1,-5.0271,-3.3825,3.0000
29,scouts,2,-6.5271,-4.8825,3.0000
29,scouts,3,-5.0271,-6.3825,3.0000
29,scouts,4,6.5268,-4.8825,3.0000
29,scouts,5,5.0268,-3.3825,3.0000
29,scouts,6,3.5268,-4.8825,3.0000
29,scouts,7,5.0268,-6.3825,3.0000
29,scouts,8,-3.4146,4.9147,3.0000
29,scouts,9,-4.9146,6.4147,3.0000
29,scouts,10,-6.4146,4.9147,3.0000
29,scouts,11,-4.9146,3.4147,3.0000
29,scouts,12,6.4144,4.9145,3.0000
29,scouts,13,4.9144,6.4145,3.0000
29,scouts,14,3.4144,4.9145,3.0000
29,scouts,15,4.9144,3.4145,3.0000
29,workers,0,-3.0000,-5.0000,3.0000
29,workers,1,7.0000,-5.0000,3.0000
29,workers,2,-3.0000,5.0000,3.0000
29,workers,3,7.0000,5.0000,3.0000
30,general,0,0.0000,0.0000,5.0000
30,nodes,0,-5.0366,-4.8419,3.0000
30,nodes,1,5.0360,-4.8421,3.0000
30,nodes,2,-4.8852,4.8854,3.0000
30,nodes,3,4.8850,4.8849,3.0000
30,scouts,0,-3.5283,-4.8771,3.0000
30,scouts,1,-5.0283,-3.3771,3.0000
30,scouts,2,-6.5283,-4.8771,3.0000
30,scouts,3,-5.0283,-6.3771,3.0000
30,scouts,4,6.5280,-4.8771,3.0000
30,scouts,5,5.0280,-3.3771,3.0000
30,scouts,6,3.5280,-4.8771,3.0000
30,scouts,7,5.0280,-6.3771,3.0000
30,scouts,8,-3.4107,4.9108,3.0000
30,scouts,9,-4.9107,6.4108,3.0000
30,scouts,10,-6.4107,4.9108,3.0000
30,scouts,11,-4.9107,3.4108,3.0000
30,scouts,12,6.4105,4.9105,3.0000
30,scouts,13,4.9105,6.4105,3.0000
30,scouts,14,3.4105,4.9105,3.0000
30,scouts,15,4.9105,3.4105,3.0000
30,workers,0,-3.0000,-5.0000,3.0000
30,workers,1,7.0000,-5.0000,3.0000
30,workers,2,-3.0000,5.0000,3.0000
30,workers,3,7.0000,5.0000,3.0000
31,general,0,0.0000,0.0000,5.0000
31,nodes,0,-5.0379,-4.8363,3.0000
31,nodes,1,5.0374,-4.8364,3.0000
31,nodes,2,-4.8811,4.8813,3.0000
31,nodes,3,4.8810,4.8808,3.0000
31,scouts,0,-3.5296,-4.8717,3.0000
31,scouts,1,-5.0296,-3.3717,3.0000
31,scouts,2,-6.5296,-4.8717,3.0000
31,scouts,3,-5.0296,-6.3717,3.0000
31,scouts,4,6.5293,-4.8717,3.0000
31,scouts,5,5.0293,-3.3717,3.0000
31,scouts,6,3.5293,-4.8717,3.0000
31,scouts,7,5.0293,-6.3717,3.0000
31,scouts,8,-3.4067,4.9068,3.0000
31,scouts,9,-4.9067,6.4068,3.0000
31,scouts,10,-6.4067,4.9068,3.0000
31,scouts,11,-4.9067,3.4068,3.0000
31,scouts,12,6.4066,4.9066,3.0000
31,scouts,13,4.9066,6.4066,3.0000
31,scouts,14,3.4066,4.9066,3.0000
31,scouts,15,4.9066,3.4066,3.0000
31,workers,0,-3.0000,-5.0000,3.0000
31,workers,1,7.0000,-5.0000,3.0000
31,workers,2,-3.0000,5.0000,3.0000
31,workers,3,7.0000,5.0000,3.0000
32,general,0,0.0000,0.0000,5.0000
32,nodes,0,-5.0392,-4.8307,3.0000
32,nodes,1,5.0387,-4.8309,3.0000
32,nodes,2,-4.8771,4.8773,3.0000
32,nodes,3,4.8769,4.8767,3.0000
32,scouts,0,-3.5309,-4.8662,3.0000
32,scouts,1,-5.0309,-3.3662,3.0000
32,scouts,2,-6.5309,-4.8662,3.0000
32,scouts,3,-5.0309,-6.3662,3.0000
32,scouts,4,6.5305,-4.8663,3.0000
32,scouts,5,5.0305,-3.3663,3.0000
32,scouts,6,3.5305,-4.8663,3.0000
32,scouts,7,5.0305,-6.3663,3.0000
32,scouts,8,-3.4028,4.9029,3.0000
32,scouts,9,-4.9028,6.4029,3.0000
32,scouts,10,-6.4028,4.9029,3.0000
32,scouts,11,-4.9028,3.4029,3.0000
32,scouts,12,6.4026,4.9026,3.0000
32,scouts,13,4.9026,6.4026,3.0000
32,scouts,14,3.4026,4.9026,3.0000
32,scouts,15,4.9026,3.4026,3.0000
32,workers,0,-3.0000,-5.0000,3.0000
32,workers,1,7.0000,-5.0000,3.0000
32,workers,2,-3.0000,5.0000,3.0000
32,workers,3,7.0000,5.0000,3.0000
33,general,0,0.0000,0.0000,5.0000
33,nodes,0,-5.0405,-4.8250,3.0000
33,nodes,1,5.0401,-4.8252,3.0000
33,nodes,2,-4.8730,4.8732,3.0000
33,nodes,3,4.8727,4.8726,3.0000
33,scouts,0,-3.5322,-4.8607,3.0000
33,scouts,1,-5.0322,-3.3607,3.0000
33,scouts,2,-6.5322,-4.8607,3.0000
33,scouts,3,-5.0322,-6.3607,3.0000
33,scouts,4,6.5318,-4.8608,3.0000
33,scouts,5,5.0318,-3.3608,3.0000
33,scouts,6,3.5318,-4.8608,3.0000
33,scouts,7,5.0318,-6.3608,3.0000
33,scouts,8,-3.3988,4.8989,3.0000
33,scouts,9,-4.8988,6.3989,3.0000
33,scouts,10,-6.3988,4.8989,3.0000
33,scouts,11,-4.8988,3.3989,3.0000
33,scouts,12,6.3986,4.8986,3.0000
33,scouts,13,4.8986,6.3986,3.0000
33,scouts,14,3.3986,4.8986,3.0000
33,scouts,15,4.8986,3.3986,3.0000
33,workers,0,-3.0000,-5.0000,3.0000
33,workers,1,7.0000,-5.0000,3.0000
33,workers,2,-3.0000,5.0000,3.0000
33,workers,3,7.0000,5.0000,3.0000
34,general,0,0.0000,0.0000,5.0000
34,nodes,0,-5.0418,-4.8194,3.0000
34,nodes,1,5.0414,-4.8196,3.0000
34,nodes,2,-4.8690,4.8692,3.0000
34,nodes,3,4.8687,4.8686,3.0000
34,scouts,0,-3.5335,-4.8552,3.0000
34,scouts,1,-5.0335,-3.3552,3.0000
34,scouts,2,-6.5335,-4.8552,3.0000
34,scouts,3,-5.0335,-6.3552,3.0000
34,scouts,4,6.5331,-4.8553,3.0000
34,scouts,5,5.0331,-3.3553,3.0000
34,scouts,6,3.5331,-4.8553,3.0000
34,scouts,7,5.0331,-6.3553,3.0000
34,scouts,8,-3.3948,4.8950,3.0000
34,scouts,9,-4.8948,6.3950,3.0000
34,scouts,10,-6.3948,4.8950,3.0000
34,scouts,11,-4.8948,3.3950,3.0000
34,scouts,12,6.3946,4.8946,3.0000
34,scouts,13,4.8946,6.3946,3.0000
34,scouts,14,3.3946,4.8946,3.0000
34,scouts,15,4.8946,3.3946,3.0000
34,workers,0,-3.0000,-5.0000,3.0000
34,workers,1,7.0000,-5.0000,3.0000
34,workers,2,-3.0000,5.0000,3.0000
34,workers,3,7.0000,5.0000,3.0000
35,general,0,0.0000,0.0000,5.0000
35,nodes,0,-5.0431,-4.8137,3.0000
35,nodes,1,5.0427,-4.8139,3.0000
35,nodes,2,-4.8649,4.8650,3.0000
35,nodes,3,4.8645,4.8645,3.0000
35,scouts,0,-3.5347,-4.8497,3.0000
35,scouts,1,-5.0347,-3.3497,3.0000
35,scouts,2,-6.5347,-4.8497,3.0000
35,scouts,3,-5.0347,-6.3497,3.0000
35,scouts,4,6.5344,-4.8498,3.0000
35,scouts,5,5.0344,-3.3498,3.0000
35,scouts,6,3.5344,-4.8498,3.0000
35,scouts,7,5.0344,-6.3498,3.0000
35,scouts,8,-3.3908,4.8910,3.0000
35,scouts,9,-4.8908,6.3910,3.0000
35,scouts,10,-6.3908,4.8910,3.0000
35,scouts,11,-4.8908,3.3910,3.0000
35,scouts,12,6.3906,4.8906,3.0000
35,scouts,13,4.8906,6.3906,3.0000
35,scouts,14,3.3906,4.8906,3.0000
35,scouts,15,4.8906,3.3906,3.0000
35,workers,0,-3.0000,-5.0000,3.0000
35,workers,1,7.0000,-5.0000,3.0000
35,workers,2,-3.0000,5.0000,3.0000
35,workers,3,7.0000,5.0000,3.0000
36,general,0,0.0000,0.0000,5.0000
36,nodes,0,-5.0443,-4.8081,3.0000
36,nodes,1,5.0440,-4.8083,3.0000
36,nodes,2,-4.8609,4.8609,3.0000
36,nodes,3,4.8604,4.8603,3.0000
36,scouts,0,-3.5360,-4.8441,3.0000
36,scouts,1,-5.0360,-3.3441,3.0000
36,scouts,2,-6.5360,-4.8441,3.0000
36,scouts,3,-5.0360,-6.3441,3.0000
36,scouts,4,6.5356,-4.8442,3.0000
36,scouts,5,5.0356,-3.3442,3.0000
36,scouts,6,3.5356,-4.8442,3.0000
36,scouts,7,5.0356,-6.3442,3.0000
36,scouts,8,-3.3868,4.8870,3.0000
36,scouts,9,-4.8868,6.3870,3.0000
36,scouts,10,-6.3868,4.8870,3.0000
36,scouts,11,-4.8868,3.3870,3.0000
36,scouts,12,6.3866,4.8865,3.0000
36,scouts,13,4.8866,6.3865,3.0000
36,scouts,14,3.3866,4.8865,3.0000
36,scouts,15,4.8866,3.3865,3.0000
36,workers,0,-3.0000,-5.0000,3.0000
36,workers,1,7.0000,-5.0000,3.0000
36,workers,2,-3.0000,5.0000,3.0000
36,workers,3,7.0000,5.0000,3.0000
37,general,0,0.0000,0.0000,5.0000
37,nodes,0,-5.0456,-4.8023,3.0000
37,nodes,1,5.0452,-4.8027,3.0000
37,nodes,2,-4.8568,4.8568,3.0000
37,nodes,3,4.8563,4.8562,3.0000
37,scouts,0,-3.5373,-4.8386,3.0000
37,scouts,1,-5.0373,-3.3386,3.0000
37,scouts,2,-6.5373,-4.8386,3.0000
37,scouts,3,-5.0373,-6.3386,3.0000
37,scouts,4,6.5369,-4.8387,3.0000
37,scouts,5,5.0369,-3.3387,3.0000
37,scouts,6,3.5369,-4.8387,3.0000
37,scouts,7,5.0369,-6.3387,3.0000
37,scouts,8,-3.3828,4.8829,3.0000
37,scouts,9,-4.8828,6.3829,3.0000
37,scouts,10,-6.3828,4.8829,3.0000
37,scouts,11,-4.8828,3.3829,3.0000
37,scouts,12,6.3825,4.8825,3.0000
37,scouts,13,4.8825,6.3825,3.0000
37,scouts,14,3.3825,4.8825,3.0000
37,scouts,15,4.8825,3.3825,3.0000
37,workers,0,-3.0000,-5.0000,3.0000
37,workers,1,7.0000,-5.0000,3.0000
37,workers,2,-3.0000,5.0000,3.0000
37,workers,3,7.0000,5.0000,3.0000
38,general,0,0.0000,0.0000,5.0000
38,nodes,0,-5.0469,-4.7967,3.0000
38,nodes,1,5.0465,-4.7971,3.0000
38,nodes,2,-4.8527,4.8527,3.0000
38,nodes,3,4.8522,4.8521,3.0000
38,scouts,0,-3.5386,-4.8330,3.0000
38,scouts,1,-5.0386,-3.3330,3.0000
38,scouts,2,-6.5386,-4.8330,3.0000
38,scouts,3,-5.0386,-6.3330,3.0000
38,scouts,4,6.5382,-4.8332,3.0000
38,scouts,5,5.0382,-3.3332,3.0000
38,scouts,6,3.5382,-4.8332,3.0000
38,scouts,7,5.0382,-6.3332,3.0000
38,scouts,8,-3.3788,4.8789,3.0000
38,scouts,9,-4.8788,6.3789,3.0000
38,scouts,10,-6.3788,4.8789,3.0000
38,scouts,11,-4.8788,3.3789,3.0000
38,scouts,12,6.3785,4.8784,3.0000
38,scouts,13,4.8785,6.3784,3.0000
38,scouts,14,3.3785,4.8784,3.0000
38,scouts,15,4.8785,3.3784,3.0000
38,workers,0,-3.0000,-5.0000,3.0000
38,workers,1,7.0000,-5.0000,3.0000
38,workers,2,-3.0000,5.0000,3.0000
38,workers,3,7.0000,5.0000,3.0000
39,general,0,0.0000,0.0000,5.0000
39,nodes,0,-5.0482,-4.7911,3.0000
39,nodes,1,5.0478,-4.7914,3.0000
39,nodes,2,-4.8486,4.8486,3.0000
39,nodes,3,4.8482,4.8481,3.0000
39,scouts,0,-3.5399,-4.8274,3.0000
39,scouts,1,-5.0399,-3.3274,3.0000
39,scouts,2,-6.5399,-4.8274,3.0000
39,scouts,3,-5.0399,-6.3274,3.0000
39,scouts,4,6.5395,-4.8276,3.0000
39,scouts,5,5.0395,-3.3276,3.0000
39,scouts,6,3.5395,-4.8276,3.0000
39,scouts,7,5.0395,-6.3276,3.0000
39,scouts,8,-3.3748,4.8749,3.0000
39,scouts,9,-4.8748,6.3749,3.0000
39,scouts,10,-6.3748,4.8749,3.0000
39,scouts,11,-4.8748,3.3749,3.0000
39,scouts,12,6.3745,4.8744,3.0000
39,scouts,13,4.8745,6.3744,3.0000
39,scouts,14,3.3745,4.8744,3.0000
39,scouts,15,4.8745,3.3744,3.0000
39,workers,0,-3.0000,-5.0000,3.0000
39,workers,1,7.0000,-5.0000,3.0000
39,workers,2,-3.0000,5.0000,3.0000
39,workers,3,7.0000,5.0000,3.0000
40,general,0,0.0000,0.0000,5.0000
40,nodes,0,-5.0495,-4.7854,3.0000
40,nodes,1,5.0492,-4.7858,3.0000
40,nodes,2,-4.8445,4.8445,3.0000
40,nodes,3,4.8441,4.8440,3.0000
40,scouts,0,-3.5411,-4.8218,3.0000
40,scouts,1,-5.0411,-3.3218,3.0000
40,scouts,2,-6.5411,-4.8218,3.0000
40,scouts,3,-5.0411,-6.3218,3.0000
40,scouts,4,6.5408,-4.8220,3.0000
40,scouts,5,5.0408,-3.3220,3.0000
40,scouts,6,3.5408,-4.8220,3.0000
40,scouts,7,5.0408,-6.3220,3.0000
40,scouts,8,-3.3707,4.8708,3.0000
40,scouts,9,-4.8707,6.3708,3.0000
40,scouts,10,-6.3707,4.8708,3.0000
40,scouts,11,-4.8707,3.3708,3.0000
40,scouts,12,6.3704,4.8703,3.0000
40,scouts,13,4.8704,6.3703,3.0000
40,scouts,14,3.3704,4.8703,3.0000
40,scouts,15,4.8704,3.3703,3.0000
40,workers,0,-3.0000,-5.0000,3.0000
40,workers,1,7.0000,-5.0000,3.0000
40,workers,2,-3.0000,5.0000,3.0000
40,workers,3,7.0000,5.0000,3.0000
41,general,0,0.0000,0.0000,5.0000
41,nodes,0,-5.0508,-4.7797,3.0000
41,nodes,1,5.0504,-4.7801,3.0000
41,nodes,2,-4.8403,4.8403,3.0000
41,nodes,3,4.8401,4.8400,3.0000
41,scouts,0,-3.5424,-4.8162,3.0000
41,scouts,1,-5.0424,-3.3162,3.0000
41,scouts,2,-6.5424,-4.8162,3.0000
41,scouts,3,-5.0424,-6.3162,3.0000
41,scouts,4,6.5421,-4.8164,3.0000
41,scouts,5,5.0421,-3.3164,3.0000
41,scouts,6,3.5421,-4.8164,3.0000
41,scouts,7,5.0421,-6.3164,3.0000
41,scouts,8,-3.3667,4.8667,3.0000
41,scouts,9,-4.8667,6.3667,3.0000
41,scouts,10,-6.3667,4.8667,3.0000
41,scouts,11,-4.8667,3.3667,3.0000
41,scouts,12,6.3664,4.8663,3.0000
41,scouts,13,4.8664,6.3663,3.0000
41,scouts,14,3.3664,4.8663,3.0000
41,scouts,15,4.8664,3.3663,3.0000
41,workers,0,-3.0000,-5.0000,3.0000
41,workers,1,7.0000,-5.0000,3.0000
41,workers,2,-3.0000,5.0000,3.0000
41,workers,3,7.0000,5.0000,3.0000
42,general,0,0.0000,0.0000,5.0000
42,nodes,0,-5.0521,-4.7741,3.0000
42,nodes,1,5.0517,-4.7744,3.0000
42,nodes,2,-4.8362,4.8362,3.0000
42,nodes,3,4.8361,4.8359,3.0000
42,scouts,0,-3.5437,-4.8106,3.0000
42,scouts,1,-5.0437,-3.3106,3.0000
42,scouts,2,-6.5437,-4.8106,3.0000
42,scouts,3,-5.0437,-6.3106,3.0000
42,scouts,4,6.5433,-4.8108,3.0000
42,scouts,5,5.0433,-3.3108,3.0000
42,scouts,6,3.5433,-4.8108,3.0000
42,scouts,7,5.0433,-6.3108,3.0000
42,scouts,8,-3.3626,4.8627,3.0000
42,scouts,9,-4.8626,6.3627,3.0000
42,scouts,10,-6.3626,4.8627,3.0000
42,scouts,11,-4.8626,3.3627,3.0000
42,scouts,12,6.3623,4.8622,3.0000
42,scouts,13,4.8623,6.3622,3.0000
42,scouts,14,3.3623,4.8622,3.0000
42,scouts,15,4.8623,3.3622,3.0000
42,workers,0,-3.0000,-5.0000,3.0000
42,workers,1,7.0000,-5.0000,3.0000
42,workers,2,-3.0000,5.0000,3.0000
42,workers,3,7.0000,5.0000,3.0000
43,general,0,0.0000,0.0000,5.0000
43,nodes,0,-5.0534,-4.7684,3.0000
43,nodes,1,5.0529,-4.7687,3.0000
43,nodes,2,-4.8321,4.8321,3.0000
43,nodes,3,4.8320,4.8318,3.0000
43,scouts,0,-3.5450,-4.8049,3.0000
43,scouts,1,-5.0450,-3.3049,3.0000
43,scouts,2,-6.5450,-4.8049,3.0000
43,scouts,3,-5.0450,-6.3049,3.0000
43,scouts,4,6.5446,-4.8052,3.0000
43,scouts,5,5.0446,-3.3052,3.0000
43,scouts,6,3.5446,-4.8052,3.0000
43,scouts,7,5.0446,-6.3052,3.0000
43,scouts,8,-3.3586,4.8586,3.0000
43,scouts,9,-4.8586,6.3586,3.0000
43,scouts,10,-6.3586,4.8586,3.0000
43,scouts,11,-4.8586,3.3586,3.0000
43,scouts,12,6.3583,4.8582,3.0000
43,scouts,13,4.8583,6.3582,3.0000
43,scouts,14,3.3583,4.8582,3.0000
43,scouts,15,4.8583,3.3582,3.0000
43,workers,0,-3.0000,-5.0000,3.0000
43,workers,1,7.0000,-5.0000,3.0000
43,workers,2,-3.0000,5.0000,3.0000
43,workers,3,7.0000,5.0000,3.0000
44,general,0,0.0000,0.0000,5.0000
44,nodes,0,-5.0547,-4.7628,3.0000
44,nodes,1,5.0543,-4.7630,3.0000
44,nodes,2,-4.8280,4.8280,3.0000
44,nodes,3,4.8278,4.8277,3.0000
44,scouts,0,-3.5463,-4.7993,3.0000
44,scouts,1,-5.0463,-3.2993,3.0000
44,scouts,2,-6.5463,-4.7993,3.0000
44,scouts,3,-5.0463,-6.2993,3.0000
44,scouts,4,6.5459,-4.7996,3.0000
44,scouts,5,5.0459,-3.2996,3.0000
44,scouts,6,3.5459,-4.7996,3.0000
44,scouts,7,5.0459,-6.2996,3.0000
44,scouts,8,-3.3545,4.8545,3.0000
44,scouts,9,-4.8545,6.3545,3.0000
44,scouts,10,-6.3545,4.8545,3.0000
44,scouts,11,-4.8545,3.3545,3.0000
44,scouts,12,6.3542,4.8541,3.0000
44,scouts,13,4.8542,6.3541,3.0000
44,scouts,14,3.3542,4.8541,3.0000
44,scouts,15,4.8542,3.3541,3.0000
44,workers,0,-3.0000,-5.0000,3.0000
44,workers,1,7.0000,-5.0000,3.0000
44,workers,2,-3.0000,5.0000,3.0000
44,workers,3,7.0000,5.0000,3.0000
45,general,0,0.0000,0.0000,5.0000
45,nodes,0,-5.0561,-4.7571,3.0000
45,nodes,1,5.0556,-4.7573,3.0000
45,nodes,2,-4.8239,4.8239,3.0000
45,nodes,3,4.8238,4.8236,3.0000
45,scouts,0,-3.5476,-4.7937,3.0000
45,scouts,1,-5.0476,-3.2937,3.0000
45,scouts,2,-6.5476,-4.7937,3.0000
45,scouts,3,-5.0476,-6.2937,3.0000
45,scouts,4,6.5472,-4.7939,3.0000
45,scouts,5,5.0472,-3.2939,3.0000
45,scouts,6,3.5472,-4.7939,3.0000
45,scouts,7,5.0472,-6.2939,3.0000
45,scouts,8,-3.3504,4.8505,3.0000
45,scouts,9,-4.8504,6.3505,3.0000
45,scouts,10,-6.3504,4.8505,3.0000
45,scouts,11,-4.8504,3.3505,3.0000
45,scouts,12,6.3502,4.8501,3.0000
45,scouts,13,4.8502,6.3501,3.0000
45,scouts,14,3.3502,4.8501,3.0000
45,scouts,15,4.8502,3.3501,3.0000
45,workers,0,-3.0000,-5.0000,3.0000
45,workers,1,7.0000,-5.0000,3.0000
45,workers,2,-3.0000,5.0000,3.0000
45,workers,3,7.0000,5.0000,3.0000
46,general,0,0.0000,0.0000,5.0000
46,nodes,0,-5.0574,-4.7514,3.0000
46,nodes,1,5.0569,-4.7518,3.0000
46,nodes,2,-4.8198,4.8199,3.0000
46,nodes,3,4.8196,4.8195,3.0000
46,scouts,0,-3.5489,-4.7881,3.0000
46,scouts,1,-5.0489,-3.2881,3.0000
46,scouts,2,-6.5489,-4.7881,3.0000
46,scouts,3,-5.0489,-6.2881,3.0000
46,scouts,4,6.5485,-4.7883,3.0000
46,scouts,5,5.0485,-3.2883,3.0000
46,scouts,6,3.5485,-4.7883,3.0000
46,scouts,7,5.0485,-6.2883,3.0000
46,scouts,8,-3.3463,4.8464,3.0000
46,scouts,9,-4.8463,6.3464,3.0000
46,scouts,10,-6.3463,4.8464,3.0000
46,scouts,11,-4.8463,3.3464,3.0000
46,scouts,12,6.3461,4.8460,3.0000
46,scouts,13,4.8461,6.3460,3.0000
46,scouts,14,3.3461,4.8460,3.0000
46,scouts,15,4.8461,3.3460,3.0000
46,workers,0,-3.0000,-5.0000,3.0000
46,workers,1,7.0000,-5.0000,3.0000
46,workers,2,-3.0000,5.0000,3.0000
46,workers,3,7.0000,5.0000,3.0000
47,general,0,0.0000,0.0000,5.0000
47,nodes,0,-5.0587,-4.7457,3.0000
47,nodes,1,5.0583,-4.7461,3.0000
47,nodes,2,-4.8156,4.8157,3.0000
47,nodes,3,4.8155,4.8153,3.0000
47,scouts,0,-3.5502,-4.7824,3.0000
47,scouts,1,-5.0502,-3.2824,3.0000
47,scouts,2,-6.5502,-4.7824,3.0000
47,scouts,3,-5.0502,-6.2824,3.0000
47,scouts,4,6.5498,-4.7827,3.0000
47,scouts,5,5.0498,-3.2827,3.0000
47,scouts,6,3.5498,-4.7827,3.0000
47,scouts,7,5.0498,-6.2827,3.0000
47,scouts,8,-3.3422,4.8423,3.0000
47,scouts,9,-4.8422,6.3423,3.0000
47,scouts,10,-6.3422,4.8423,3.0000
47,scouts,11,-4.8422,3.3423,3.0000
47,scouts,12,6.3420,4.8419,3.0000
47,scouts,13,4.8420,6.3419,3.0000
47,scouts,14,3.3420,4.8419,3.0000
47,scouts,15,4.8420,3.3419,3.0000
47,workers,0,-3.0000,-5.0000,3.0000
47,workers,1,7.0000,-5.0000,3.0000
47,workers,2,-3.0000,5.0000,3.0000
47,workers,3,7.0000,5.0000,3.0000
48,general,0,0.0000,0.0000,5.0000
48,nodes,0,-5.0600,-4.7400,3.0000
48,nodes,1,5.0596,-4.7405,3.0000
48,nodes,2,-4.8114,4.8116,3.0000
48,nodes,3,4.8115,4.8111,3.0000
48,scouts,0,-3.5515,-4.7768,3.0000
48,scouts,1,-5.0515,-3.2768,3.0000
48,scouts,2,-6.5515,-4.7768,3.0000
48,scouts,3,-5.0515,-6.2768,3.0000
48,scouts,4,6.5511,-4.7771,3.0000
48,scouts,5,5.0511,-3.2771,3.0000
48,scouts,6,3.5511,-4.7771,3.0000
48,scouts,7,5.0511,-6.2771,3.0000
48,scouts,8,-3.3381,4.8382,3.0000
48,scouts,9,-4.8381,6.3382,3.0000
48,scouts,10,-6.3381,4.8382,3.0000
48,scouts,11,-4.8381,3.3382,3.0000
48,scouts,12,6.3379,4.8378,3.0000
48,scouts,13,4.8379,6.3378,3.0000
48,scouts,14,3.3379,4.8378,3.0000
48,scouts,15,4.8379,3.3378,3.0000
48,workers,0,-3.0000,-5.0000,3.0000
48,workers,1,7.0000,-5.0000,3.0000
48,workers,2,-3.0000,5.0000,3.0000
48,workers,3,7.0000,5.0000,3.0000
49,general,0,0.0000,0.0000,5.0000
49,nodes,0,-5.0614,-4.7343,3.0000
49,nodes,1,5.0609,-4.7349,3.0000
49,nodes,2,-4.8073,4.8075,3.0000
49,nodes,3,4.8074,4.8070,3.0000
49,scouts,0,-3.5528,-4.7711,3.0000
49,scouts,1,-5.0528,-3.2711,3.0000
49,scouts,2,-6.5528,-4.7711,3.0000
49,scouts,3,-5.0528,-6.2711,3.0000
49,scouts,4,6.5524,-4.7714,3.0000
49,scouts,5,5.0524,-3.2714,3.0000
49,scouts,6,3.5524,-4.7714,3.0000
49,scouts,7,5.0524,-6.2714,3.0000
49,scouts,8,-3.3340,4.8341,3.0000
49,scouts,9,-4.8340,6.3341,3.0000
49,scouts,10,-6.3340,4.8341,3.0000
49,scouts,11,-4.8340,3.3341,3.0000
49,scouts,12,6.3339,4.8337,3.0000
49,scouts,13,4.8339,6.3337,3.0000
49,scouts,14,3.3339,4.8337,3.0000
49,scouts,15,4.8339,3.3337,3.0000
49,workers,0,-3.0000,-5.0000,3.0000
49,workers,1,7.0000,-5.0000,3.0000
49,workers,2,-3.0000,5.0000,3.0000
49,workers,3,7.0000,5.0000,3.0000
50,general,0,0.0000,0.0000,5.0000
50,nodes,0,-5.0627,-4.7286,3.0000
50,nodes,1,5.0622,-4.7291,3.0000
50,nodes,2,-4.8032,4.8034,3.0000
50,nodes,3,4.8033,4.8028,3.0000
50,scouts,0,-3.5541,-4.7654,3.0000
50,scouts,1,-5.0541,-3.2654,3.0000
50,scouts,2,-6.5541,-4.7654,3.0000
50,scouts,3,-5.0541,-6.2654,3.0000
50,scouts,4,6.5537,-4.7658,3.0000
50,scouts,5,5.0537,-3.2658,3.0000
50,scouts,6,3.5537,-4.7658,3.0000
50,scouts,7,5.0537,-6.2658,3.0000
50,scouts,8,-3.3299,4.8300,3.0000
50,scouts,9,-4.8299,6.3300,3.0000
50,scouts,10,-6.3299,4.8300,3.0000
50,scouts,11,-4.8299,3.3300,3.0000
50,scouts,12,6.3298,4.8296,3.0000
50,scouts,13,4.8298,6.3296,3.0000
50,scouts,14,3.3298,4.8296,3.0000
50,scouts,15,4.8298,3.3296,3.0000
50,workers,0,-3.0000,-5.0000,3.0000
50,workers,1,7.0000,-5.0000,3.0000
50,workers,2,-3.0000,5.0000,3.0000
50,workers,3,7.0000,5.0000,3.0000
51,general,0,0.0000,0.0000,5.0000
51,nodes,0,-5.0640,-4.7230,3.0000
51,nodes,1,5.0635,-4.7235,3.0000
51,nodes,2,-4.7990,4.7993,3.0000
51,nodes,3,4.7992,4.7987,3.0000
51,scouts,0,-3.5554,-4.7598,3.0000
51,scouts,1,-5.0554,-3.2598,3.0000
51,scouts,2,-6.5554,-4.7598,3.0000
51,scouts,3,-5.0554,-6.2598,3.0000
51,scouts,4,6.5550,-4.7602,3.0000
51,scouts,5,5.0550,-3.2602,3.0000
51,scouts,6,3.5550,-4.7602,3.0000
51,scouts,7,5.0550,-6.2602,3.0000
51,scouts,8,-3.3258,4.8259,3.0000
51,scouts,9,-4.8258,6.3259,3.0000
51,scouts,10,-6.3258,4.8259,3.0000
51,scouts,11,-4.8258,3.3259,3.0000
51,scouts,12,6.3257,4.8255,3.0000
51,scouts,13,4.8257,6.3255,3.0000
51,scouts,14,3.3257,4.8255,3.0000
51,scouts,15,4.8257,3.3255,3.0000
51,workers,0,-3.0000,-5.0000,3.0000
51,workers,1,7.0000,-5.0000,3.0000
51,workers,2,-3.0000,5.0000,3.0000
51,workers,3,7.0000,5.0000,3.0000
52,general,0,0.0000,0.0000,5.0000
52,nodes,0,-5.0653,-4.7173,3.0000
52,nodes,1,5.0649,-4.7178,3.0000
52,nodes,2,-4.7948,4.7951,3.0000
52,nodes,3,4.7951,4.7947,3.0000
52,scouts,0,-3.5568,-4.7541,3.0000
52,scouts,1,-5.0568,-3.2541,3.0000
52,scouts,2,-6.5568,-4.7541,3.0000
52,scouts,3,-5.0568,-6.2541,3.0000
52,scouts,4,6.5563,-4.7545,3.0000
52,scouts,5,5.0563,-3.2545,3.0000
52,scouts,6,3.5563,-4.7545,3.0000
52,scouts,7,5.0563,-6.2545,3.0000
52,scouts,8,-3.3216,4.8218,3.0000
52,scouts,9,-4.8216,6.3218,3.0000
52,scouts,10,-6.3216,4.8218,3.0000
52,scouts,11,-4.8216,3.3218,3.0000
52,scouts,12,6.3216,4.8214,3.0000
52,scouts,13,4.8216,6.3214,3.0000
52,scouts,14,3.3216,4.8214,3.0000
52,scouts,15,4.8216,3.3214,3.0000
52,workers,0,-3.0000,-5.0000,3.0000
52,workers,1,7.0000,-5.0000,3.0000
52,workers,2,-3.0000,5.0000,3.0000
52,workers,3,7.0000,5.0000,3.0000
53,general,0,0.0000,0.0000,5.0000
53,nodes,0,-5.0665,-4.7117,3.0000
53,nodes,1,5.0662,-4.7122,3.0000
53,nodes,2,-4.7908,4.7910,3.0000
53,nodes,3,4.7910,4.7906,3.0000
53,scouts,0,-3.5581,-4.7484,3.0000
53,scouts,1,-5.0581,-3.2484,3.0000
53,scouts,2,-6.5581,-4.7484,3.0000
53,scouts,3,-5.0581,-6.2484,3.0000
53,scouts,4,6.5576,-4.7489,3.0000
53,scouts,5,5.0576,-3.2489,3.0000
53,scouts,6,3.5576,-4.7489,3.0000
53,scouts,7,5.0576,-6.2489,3.0000
53,scouts,8,-3.3175,4.8177,3.0000
53,scouts,9,-4.8175,6.3177,3.0000
53,scouts,10,-6.3175,4.8177,3.0000
53,scouts,11,-4.8175,3.3177,3.0000
53,scouts,12,6.3175,4.8173,3.0000
53,scouts,13,4.8175,6.3173,3.0000
53,scouts,14,3.3175,4.8173,3.0000
53,scouts,15,4.8175,3.3173,3.0000
53,workers,0,-3.0000,-5.0000,3.0000
53,workers,1,7.0000,-5.0000,3.0000
53,workers,2,-3.0000,5.0000,3.0000
53,workers,3,7.0000,5.0000,3.0000
54,general,0,0.0000,0.0000,5.0000
54,nodes,0,-5.0679,-4.7060,3.0000
54,nodes,1,5.0675,-4.7065,3.0000
54,nodes,2,-4.7866,4.7869,3.0000
54,nodes,3,4.7870,4.7865,3.0000
54,scouts,0,-3.5594,-4.7428,3.0000
54,scouts,1,-5.0594,-3.2428,3.0000
54,scouts,2,-6.5594,-4.7428,3.0000
54,scouts,3,-5.0594,-6.2428,3.0000
54,scouts,4,6.5590,-4.7432,3.0000
54,scouts,5,5.0590,-3.2432,3.0000
54,scouts,6,3.5590,-4.7432,3.0000
54,scouts,7,5.0590,-6.2432,3.0000
54,scouts,8,-3.3134,4.8136,3.0000
54,scouts,9,-4.8134,6.3136,3.0000
54,scouts,10,-6.3134,4.8136,3.0000
54,scouts,11,-4.8134,3.3136,3.0000
54,scouts,12,6.3135,4.8132,3.0000
54,scouts,13,4.8135,6.3132,3.0000
54,scouts,14,3.3135,4.8132,3.0000
54,scouts,15,4.8135,3.3132,3.0000
54,workers,0,-3.0000,-5.0000,3.0000
54,workers,1,7.0000,-5.0000,3.0000
54,workers,2,-3.0000,5.0000,3.0000
54,workers,3,7.0000,5.0000,3.0000
55,general,0,0.0000,0.0000,5.0000
55,nodes,0,-5.0692,-4.7002,3.0000
55,nodes,1,5.0688,-4.7009,3.0000
55,nodes,2,-4.7825,4.7828,3.0000
55,nodes,3,4.7829,4.7824,3.0000
55,scouts,0,-3.5607,-4.7371,3.0000
55,scouts,1,-5.0607,-3.2371,3.0000
55,scouts,2,-6.5607,-4.7371,3.0000
55,scouts,3,-5.0607,-6.2371,3.0000
55,scouts,4,6.5603,-4.7376,3.0000
55,scouts,5,5.0603,-3.2376,3.0000
55,scouts,6,3.5603,-4.7376,3.0000
55,scouts,7,5.0603,-6.2376,3.0000
55,scouts,8,-3.3093,4.8095,3.0000
55,scouts,9,-4.8093,6.3095,3.0000
55,scouts,10,-6.3093,4.8095,3.0000
55,scouts,11,-4.8093,3.3095,3.0000
55,scouts,12,6.3094,4.8091,3.0000
55,scouts,13,4.8094,6.3091,3.0000
55,scouts,14,3.3094,4.8091,3.0000
55,scouts,15,4.8094,3.3091,3.0000
55,workers,0,-3.0000,-5.0000,3.0000
55,workers,1,7.0000,-5.0000,3.0000
55,workers,2,-3.0000,5.0000,3.0000
55,workers,3,7.0000,5.0000,3.0000
56,general,0,0.0000,0.0000,5.0000
56,nodes,0,-5.0705,-4.6945,3.0000
56,nodes,1,5.0702,-4.6951,3.0000
56,nodes,2,-4.7784,4.7786,3.0000
56,nodes,3,4.7788,4.7783,3.0000
56,scouts,0,-3.5620,-4.7314,3.0000
56,scouts,1,-5.0620,-3.2314,3.0000
56,scouts,2,-6.5620,-4.7314,3.0000
56,scouts,3,-5.0620,-6.2314,3.0000
56,scouts,4,6.5616,-4.7319,3.0000
56,scouts,5,5.0616,-3.2319,3.0000
56,scouts,6,3.5616,-4.7319,3.0000
56,scouts,7,5.0616,-6.2319,3.0000
56,scouts,8,-3.3052,4.8054,3.0000
56,scouts,9,-4.8052,6.3054,3.0000
56,scouts,10,-6.3052,4.8054,3.0000
56,scouts,11,-4.8052,3.3054,3.0000
56,scouts,12,6.3053,4.8050,3.0000
56,scouts,13,4.8053,6.3050,3.0000
56,scouts,14,3.3053,4.8050,3.0000
56,scouts,15,4.8053,3.3050,3.0000
56,workers,0,-3.0000,-5.0000,3.0000
56,workers,1,7.0000,-5.0000,3.0000
56,workers,2,-3.0000,5.0000,3.0000
56,workers,3,7.0000,5.0000,3.0000
57,general,0,0.0000,0.0000,5.0000
57,nodes,0,-5.0718,-4.6889,3.0000
57,nodes,1,5.0715,-4.6894,3.0000
57,nodes,2,-4.7742,4.7746,3.0000
57,nodes,3,4.7747,4.7741,3.0000
57,scouts,0,-3.5633,-4.7258,3.0000
57,scouts,1,-5.0633,-3.2258,3.0000
57,scouts,2,-6.5633,-4.7258,3.0000
57,scouts,3,-5.0633,-6.2258,3.0000
57,scouts,4,6.5629,-4.7263,3.0000
57,scouts,5,5.0629,-3.2263,3.0000
57,scouts,6,3.5629,-4.7263,3.0000
57,scouts,7,5.0629,-6.2263,3.0000
57,scouts,8,-3.3010,4.8013,3.0000
57,scouts,9,-4.8010,6.3013,3.0000
57,scouts,10,-6.3010,4.8013,3.0000
57,scouts,11,-4.8010,3.3013,3.0000
57,scouts,12,6.3012,4.8008,3.0000
57,scouts,13,4.8012,6.3008,3.0000
57,scouts,14,3.3012,4.8008,3.0000
57,scouts,15,4.8012,3.3008,3.0000
57,workers,0,-3.0000,-5.0000,3.0000
57,workers,1,7.0000,-5.0000,3.0000
57,workers,2,-3.0000,5.0000,3.0000
57,workers,3,7.0000,5.0000,3.0000
58,general,0,0.0000,0.0000,5.0000
58,nodes,0,-5.0731,-4.6831,3.0000
58,nodes,1,5.0728,-4.6837,3.0000
58,nodes,2,-4.7700,4.7705,3.0000
58,nodes,3,4.7705,4.7700,3.0000
58,scouts,0,-3.5646,-4.7201,3.0000
58,scouts,1,-5.0646,-3.2201,3.0000
58,scouts,2,-6.5646,-4.7201,3.0000
58,scouts,3,-5.0646,-6.2201,3.0000
58,scouts,4,6.5642,-4.7206,3.0000
58,scouts,5,5.0642,-3.2206,3.0000
58,scouts,6,3.5642,-4.7206,3.0000
58,scouts,7,5.0642,-6.2206,3.0000
58,scouts,8,-3.2969,4.7972,3.0000
58,scouts,9,-4.7969,6.2972,3.0000
58,scouts,10,-6.2969,4.7972,3.0000
58,scouts,11,-4.7969,3.2972,3.0000
58,scouts,12,6.2971,4.7967,3.0000
58,scouts,13,4.7971,6.2967,3.0000
58,scouts,14,3.2971,4.7967,3.0000
58,scouts,15,4.7971,3.2967,3.0000
58,workers,0,-3.0000,-5.0000,3.0000
58,workers,1,7.0000,-5.0000,3.0000
58,workers,2,-3.0000,5.0000,3.0000
58,workers,3,7.0000,5.0000,3.0000
59,general,0,0.0000,0.0000,5.0000
59,nodes,0,-5.0745,-4.6774,3.0000
59,nodes,1,5.0741,-4.6781,3.0000
59,nodes,2,-4.7659,4.7664,3.0000
59,nodes,3,4.7664,4.7659,3.0000
59,scouts,0,-3.5659,-4.7144,3.0000
59,scouts,1,-5.0659,-3.2144,3.0000
59,scouts,2,-6.5659,-4.7144,3.0000
59,scouts,3,-5.0659,-6.2144,3.0000
59,scouts,4,6.5656,-4.7149,3.0000
59,scouts,5,5.0656,-3.2149,3.0000
59,scouts,6,3.5656,-4.7149,3.0000
59,scouts,7,5.0656,-6.2149,3.0000
59,scouts,8,-3.2928,4.7931,3.0000
59,scouts,9,-4.7928,6.2931,3.0000
59,scouts,10,-6.2928,4.7931,3.0000
59,scouts,11,-4.7928,3.2931,3.0000
59,scouts,12,6.2930,4.7926,3.0000
59,scouts,13,4.7930,6.2926,3.0000
59,scouts,14,3.2930,4.7926,3.0000
59,scouts,15,4.7930,3.2926,3.0000
59,workers,0,-3.0016,-4.9959,3.0000
59,workers,1,7.0003,-4.9956,3.0000
59,workers,2,-2.9971,4.9966,3.0000
59,workers,3,6.9966,4.9971,3.0000
60,general,0,0.0000,0.0000,5.0000
60,nodes,0,-5.0758,-4.6717,3.0000
60,nodes,1,5.0755,-4.6724,3.0000
60,nodes,2,-4.7617,4.7623,3.0000
60,nodes,3,4.7622,4.7617,3.0000
60,scouts,0,-3.5672,-4.7087,3.0000
60,scouts,1,-5.0672,-3.2087,3.0000
60,scouts,2,-6.5672,-4.7087,3.0000
60,scouts,3,-5.0672,-6.2087,3.0000
60,scouts,4,6.5669,-4.7092,3.0000
60,scouts,5,5.0669,-3.2092,3.0000
60,scouts,6,3.5669,-4.7092,3.0000
60,scouts,7,5.0669,-6.2092,3.0000
60,scouts,8,-3.2886,4.7890,3.0000
60,scouts,9,-4.7886,6.2890,3.0000
60,scouts,10,-6.2886,4.7890,3.0000
60,scouts,11,-4.7886,3.2890,3.0000
60,scouts,12,6.2889,4.7885,3.0000
60,scouts,13,4.7889,6.2885,3.0000
60,scouts,14,3.2889,4.7885,3.0000
60,scouts,15,4.7889,3.2885,3.0000
60,workers,0,-3.0046,-4.9881,3.0000
60,workers,1,7.0010,-4.9873,3.0000
60,workers,2,-2.9918,4.9903,3.0000
60,workers,3,6.9904,4.9917,3.0000
61,general,0,0.0000,0.0000,5.0000
61,nodes,0,-5.0771,-4.6661,3.0000
61,nodes,1,5.0767,-4.6667,3.0000
61,nodes,2,-4.7576,4.7582,3.0000
61,nodes,3,4.7581,4.7576,3.0000
61,scouts,0,-3.5686,-4.7030,3.0000
61,scouts,1,-5.0686,-3.2030,3.0000
61,scouts,2,-6.5686,-4.7030,3.0000
61,scouts,3,-5.0686,-6.2030,3.0000
61,scouts,4,6.5682,-4.7036,3.0000
61,scouts,5,5.0682,-3.2036,3.0000
61,scouts,6,3.5682,-4.7036,3.0000
61,scouts,7,5.0682,-6.2036,3.0000
61,scouts,8,-3.2845,4.7849,3.0000
61,scouts,9,-4.7845,6.2849,3.0000
61,scouts,10,-6.2845,4.7849,3.0000
61,scouts,11,-4.7845,3.2849,3.0000
61,scouts,12,6.2848,4.7844,3.0000
61,scouts,13,4.7848,6.2844,3.0000
61,scouts,14,3.2848,4.7844,3.0000
61,scouts,15,4.7848,3.2844,3.0000
61,workers,0,-3.0088,-4.9772,3.0000
61,workers,1,7.0019,-4.9757,3.0000
61,workers,2,-2.9843,4.9814,3.0000
61,workers,3,6.9816,4.9840,3.0000
62,general,0,0.0000,0.0000,5.0000
62,nodes,0,-5.0784,-4.6604,3.0000
62,nodes,1,5.0781,-4.6610,3.0000
62,nodes,2,-4.7535,4.7541,3.0000
62,nodes,3,4.7540,4.7536,3.0000
62,scouts,0,-3.5699,-4.6973,3.0000
62,scouts,1,-5.0699,-3.1973,3.0000
62,scouts,2,-6.5699,-4.6973,3.0000
62,scouts,3,-5.0699,-6.1973,3.0000
62,scouts,4,6.5695,-4.6979,3.0000
62,scouts,5,5.0695,-3.1979,3.0000
62,scouts,6,3.5695,-4.6979,3.0000
62,scouts,7,5.0695,-6.1979,3.0000
62,scouts,8,-3.2804,4.7808,3.0000
62,scouts,9,-4.7804,6.2808,3.0000
62,scouts,10,-6.2804,4.7808,3.0000
62,scouts,11,-4.7804,3.2808,3.0000
62,scouts,12,6.2807,4.7803,3.0000
62,scouts,13,4.7807,6.2803,3.0000
62,scouts,14,3.2807,4.7803,3.0000
62,scouts,15,4.7807,3.2803,3.0000
62,workers,0,-3.0140,-4.9637,3.0000
62,workers,1,7.0030,-4.9612,3.0000
62,workers,2,-2.9749,4.9703,3.0000
62,workers,3,6.9706,4.9745,3.0000
63,general,0,0.0000,0.0000,5.0000
63,nodes,0,-5.0798,-4.6547,3.0000
63,nodes,1,5.0794,-4.6553,3.0000
63,nodes,2,-4.7493,4.7500,3.0000
63,nodes,3,4.7498,4.7494,3.0000
63,scouts,0,-3.5712,-4.6916,3.0000
63,scouts,1,-5.0712,-3.1916,3.0000
63,scouts,2,-6.5712,-4.6916,3.0000
63,scouts,3,-5.0712,-6.1916,3.0000
63,scouts,4,6.5708,-4.6922,3.0000
63,scouts,5,5.0708,-3.1922,3.0000
63,scouts,6,3.5708,-4.6922,3.0000
63,scouts,7,5.0708,-6.1922,3.0000
63,scouts,8,-3.2762,4.7767,3.0000
63,scouts,9,-4.7762,6.2767,3.0000
63,scouts,10,-6.2762,4.7767,3.0000
63,scouts,11,-4.7762,3.2767,3.0000
63,scouts,12,6.2766,4.7762,3.0000
63,scouts,13,4.7766,6.2762,3.0000
63,scouts,14,3.2766,4.7762,3.0000
63,scouts,15,4.7766,3.2762,3.0000
63,workers,0,-3.0201,-4.9478,3.0000
63,workers,1,7.0043,-4.9442,3.0000
63,workers,2,-2.9639,4.9573,3.0000
63,workers,3,6.9577,4.9634,3.0000
64,general,0,0.0000,0.0000,5.0000
64,nodes,0,-5.0810,-4.6490,3.0000
64,nodes,1,5.0808,-4.6497,3.0000
64,nodes,2,-4.7452,4.7458,3.0000
64,nodes,3,4.7457,4.7452,3.0000
64,scouts,0,-3.5725,-4.6860,3.0000
64,scouts,1,-5.0725,-3.1860,3.0000
64,scouts,2,-6.5725,-4.6860,3.0000
64,scouts,3,-5.0725,-6.1860,3.0000
64,scouts,4,6.5722,-4.6866,3.0000
64,scouts,5,5.0722,-3.1866,3.0000
64,scouts,6,3.5722,-4.6866,3.0000
64,scouts,7,5.0722,-6.1866,3.0000
64,scouts,8,-3.2721,4.7725,3.0000
64,scouts,9,-4.7721,6.2725,3.0000
64,scouts,10,-6.2721,4.7725,3.0000
64,scouts,11,-4.7721,3.2725,3.0000
64,scouts,12,6.2725,4.7720,3.0000
64,scouts,13,4.7725,6.2720,3.0000
64,scouts,14,3.2725,4.7720,3.0000
64,scouts,15,4.7725,3.2720,3.0000
64,workers,0,-3.0270,-4.9299,3.0000
64,workers,1,7.0058,-4.9251,3.0000
64,workers,2,-2.9515,4.9426,3.0000
64,workers,3,6.9432,4.9508,3.0000
65,general,0,0.0000,0.0000,5.0000
65,nodes,0,-5.0824,-4.6434,3.0000
65,nodes,1,5.0820,-4.6440,3.0000
65,nodes,2,-4.7410,4.7416,3.0000
65,nodes,3,4.7416,4.7411,3.0000
65,scouts,0,-3.5738,-4.6803,3.0000
65,scouts,1,-5.0738,-3.1803,3.0000
65,scouts,2,-6.5738,-4.6803,3.0000
65,scouts,3,-5.0738,-6.1803,3.0000
65,scouts,4,6.5735,-4.6809,3.0000
65,scouts,5,5.0735,-3.1809,3.0000
65,scouts,6,3.5735,-4.6809,3.0000
65,scouts,7,5.0735,-6.1809,3.0000
65,scouts,8,-3.2679,4.7684,3.0000
65,scouts,9,-4.7679,6.2684,3.0000
65,scouts,10,-6.2679,4.7684,3.0000
65,scouts,11,-4.7679,3.2684,3.0000
65,scouts,12,6.2684,4.7679,3.0000
65,scouts,13,4.7684,6.2679,3.0000
65,scouts,14,3.2684,4.7679,3.0000
65,scouts,15,4.7684,3.2679,3.0000
65,workers,0,-3.0345,-4.9102,3.0000
65,workers,1,7.0074,-4.9040,3.0000
65,workers,2,-2.9378,4.9265,3.0000
65,workers,3,6.9273,4.9370,3.0000
66,general,0,0.0000,0.0000,5.0000
66,nodes,0,-5.0837,-4.6377,3.0000
66,nodes,1,5.0833,-4.6383,3.0000
66,nodes,2,-4.7369,4.7375,3.0000
66,nodes,3,4.7375,4.7370,3.0000
66,scouts,0,-3.5751,-4.6746,3.0000
66,scouts,1,-5.0751,-3.1746,3.0000
66,scouts,2,-6.5751,-4.6746,3.0000
66,scouts,3,-5.0751,-6.1746,3.0000
66,scouts,4,6.5748,-4.6752,3.0000
66,scouts,5,5.0748,-3.1752,3.0000
66,scouts,6,3.5748,-4.6752,3.0000
66,scouts,7,5.0748,-6.1752,3.0000
66,scouts,8,-3.2638,4.7643,3.0000
66,scouts,9,-4.7638,6.2643,3.0000
66,scouts,10,-6.2638,4.7643,3.0000
66,scouts,11,-4.7638,3.2643,3.0000
66,scouts,12,6.2642,4.7638,3.0000
66,scouts,13,4.7642,6.2638,3.0000
66,scouts,14,3.2642,4.7638,3.0000
66,scouts,15,4.7642,3.2638,3.0000
66,workers,0,-3.0427,-4.8890,3.0000
66,workers,1,7.0091,-4.8814,3.0000
66,workers,2,-2.9232,4.9092,3.0000
66,workers,3,6.9101,4.9221,3.0000
67,general,0,0.0000,0.0000,5.0000
67,nodes,0,-5.0850,-4.6321,3.0000
67,nodes,1,5.0847,-4.6327,3.0000
67,nodes,2,-4.7328,4.7333,3.0000
67,nodes,3,4.7335,4.7329,3.0000
67,scouts,0,-3.5764,-4.6689,3.0000
67,scouts,1,-5.0764,-3.1689,3.0000
67,scouts,2,-6.5764,-4.6689,3.0000
67,scouts,3,-5.0764,-6.1689,3.0000
67,scouts,4,6.5761,-4.6695,3.0000
67,scouts,5,5.0761,-3.1695,3.0000
67,scouts,6,3.5761,-4.6695,3.0000
67,scouts,7,5.0761,-6.1695,3.0000
67,scouts,8,-3.2597,4.7602,3.0000
67,scouts,9,-4.7597,6.2602,3.0000
67,scouts,10,-6.2597,4.7602,3.0000
67,scouts,11,-4.7597,3.2602,3.0000
67,scouts,12,6.2601,4.7597,3.0000
67,scouts,13,4.7601,6.2597,3.0000
67,scouts,14,3.2601,4.7597,3.0000
67,scouts,15,4.7601,3.2597,3.0000
67,workers,0,-3.0514,-4.8664,3.0000
67,workers,1,7.0110,-4.8573,3.0000
67,workers,2,-2.9076,4.8908,3.0000
67,workers,3,6.8919,4.9063,3.0000
68,general,0,0.0000,0.0000,5.0000
68,nodes,0,-5.0863,-4.6264,3.0000
68,nodes,1,5.0860,-4.6269,3.0000
68,nodes,2,-4.7287,4.7292,3.0000
68,nodes,3,4.7294,4.7288,3.0000
68,scouts,0,-3.5778,-4.6633,3.0000
68,scouts,1,-5.0778,-3.1633,3.0000
68,scouts,2,-6.5778,-4.6633,3.0000
68,scouts,3,-5.0778,-6.1633,3.0000
68,scouts,4,6.5774,-4.6638,3.0000
68,scouts,5,5.0774,-3.1638,3.0000
68,scouts,6,3.5774,-4.6638,3.0000
68,scouts,7,5.0774,-6.1638,3.0000
68,scouts,8,-3.2555,4.7560,3.0000
68,scouts,9,-4.7555,6.2560,3.0000
68,scouts,10,-6.2555,4.7560,3.0000
68,scouts,11,-4.7555,3.2560,3.0000
68,scouts,12,6.2560,4.7555,3.0000
68,scouts,13,4.7560,6.2555,3.0000
68,scouts,14,3.2560,4.7555,3.0000
68,scouts,15,4.7560,3.2555,3.0000
68,workers,0,-3.0605,-4.8428,3.0000
68,workers,1,7.0129,-4.8320,3.0000
68,workers,2,-2.8912,4.8714,3.0000
68,workers,3,6.8727,4.8897,3.0000
69,general,0,0.0000,0.0000,5.0000
69,nodes,0,-5.0876,-4.6207,3.0000
69,nodes,1,5.0872,-4.6212,3.0000
69,nodes,2,-4.7246,4.7251,3.0000
69,nodes,3,4.7252,4.7246,3.0000
69,scouts,0,-3.5791,-4.6576,3.0000
69,scouts,1,-5.0791,-3.1576,3.0000
69,scouts,2,-6.5791,-4.6576,3.0000
69,scouts,3,-5.0791,-6.1576,3.0000
69,scouts,4,6.5787,-4.6582,3.0000
69,scouts,5,5.0787,-3.1582,3.0000
69,scouts,6,3.5787,-4.6582,3.0000
69,scouts,7,5.0787,-6.1582,3.0000
69,scouts,8,-3.2514,4.7519,3.0000
69,scouts,9,-4.7514,6.2519,3.0000
69,scouts,10,-6.2514,4.7519,3.0000
69,scouts,11,-4.7514,3.2519,3.0000
69,scouts,12,6.2519,4.7514,3.0000
69,scouts,13,4.7519,6.2514,3.0000
69,scouts,14,3.2519,4.7514,3.0000
69,scouts,15,4.7519,3.2514,3.0000
69,workers,0,-3.0700,-4.8181,3.0000
69,workers,1,7.0149,-4.8057,3.0000
69,workers,2,-2.8741,4.8512,3.0000
69,workers,3,6.8527,4.8724,3.0000
70,general,0,0.0000,0.0000,5.0000
70,nodes,0,-5.0889,-4.6151,3.0000
70,nodes,1,5.0886,-4.6156,3.0000
70,nodes,2,-4.7205,4.7210,3.0000
70,nodes,3,4.7211,4.7205,3.0000
70,scouts,0,-3.5804,-4.6519,3.0000
70,scouts,1,-5.0804,-3.1519,3.0000
70,scouts,2,-6.5804,-4.6519,3.0000
70,scouts,3,-5.0804,-6.1519,3.0000
70,scouts,4,6.5800,-4.6525,3.0000
70,scouts,5,5.0800,-3.1525,3.0000
70,scouts,6,3.5800,-4.6525,3.0000
70,scouts,7,5.0800,-6.1525,3.0000
70,scouts,8,-3.2473,4.7478,3.0000
70,scouts,9,-4.7473,6.2478,3.0000
70,scouts,10,-6.2473,4.7478,3.0000
70,scouts,11,-4.7473,3.2478,3.0000
70,scouts,12,6.2478,4.7473,3.0000
70,scouts,13,4.7478,6.2473,3.0000
70,scouts,14,3.2478,4.7473,3.0000
70,scouts,15,4.7478,3.2473,3.0000
70,workers,0,-3.0798,-4.7926,3.0000
70,workers,1,7.0170,-4.7784,3.0000
70,workers,2,-2.8564,4.8303,3.0000
70,workers,3,6.8321,4.8544,3.0000
71,general,0,0.0000,0.0000,5.0000
71,nodes,0,-5.0902,-4.6095,3.0000
71,nodes,1,5.0899,-4.6099,3.0000
71,nodes,2,-4.7164,4.7169,3.0000
71,nodes,3,4.7170,4.7163,3.0000
71,scouts,0,-3.5817,-4.6463,3.0000
71,scouts,1,-5.0817,-3.1463,3.0000
71,scouts,2,-6.5817,-4.6463,3.0000
71,scouts,3,-5.0817,-6.1463,3.0000
71,scouts,4,6.5813,-4.6468,3.0000
71,scouts,5,5.0813,-3.1468,3.0000
71,scouts,6,3.5813,-4.6468,3.0000
71,scouts,7,5.0813,-6.1468,3.0000
71,scouts,8,-3.2432,4.7437,3.0000
71,scouts,9,-4.7432,6.2437,3.0000
71,scouts,10,-6.2432,4.7437,3.0000
71,scouts,11,-4.7432,3.2437,3.0000
71,scouts,12,6.2437,4.7432,3.0000
71,scouts,13,4.7437,6.2432,3.0000
71,scouts,14,3.2437,4.7432,3.0000
71,scouts,15,4.7437,3.2432,3.0000
71,workers,0,-3.0899,-4.7663,3.0000
71,workers,1,7.0192,-4.7504,3.0000
71,workers,2,-2.8383,4.8089,3.0000
71,workers,3,6.8108,4.8360,3.0000
72,general,0,0.0000,0.0000,5.0000
72,nodes,0,-5.0915,-4.6038,3.0000
72,nodes,1,5.0912,-4.6042,3.0000
72,nodes,2,-4.7123,4.7127,3.0000
72,nodes,3,4.7129,4.7122,3.0000
72,scouts,0,-3.5830,-4.6406,3.0000
72,scouts,1,-5.0830,-3.1406,3.0000
72,scouts,2,-6.5830,-4.6406,3.0000
72,scouts,3,-5.0830,-6.1406,3.0000
72,scouts,4,6.5827,-4.6411,3.0000
72,scouts,5,5.0827,-3.1411,3.0000
72,scouts,6,3.5827,-4.6411,3.0000
72,scouts,7,5.0827,-6.1411,3.0000
72,scouts,8,-3.2391,4.7396,3.0000
72,scouts,9,-4.7391,6.2396,3.0000
72,scouts,10,-6.2391,4.7396,3.0000
72,scouts,11,-4.7391,3.2396,3.0000
72,scouts,12,6.2396,4.7390,3.0000
72,scouts,13,4.7396,6.2390,3.0000
72,scouts,14,3.2396,4.7390,3.0000
72,scouts,15,4.7396,3.2390,3.0000
72,workers,0,-3.1002,-4.7394,3.0000
72,workers,1,7.0214,-4.7216,3.0000
72,workers,2,-2.8196,4.7868,3.0000
72,workers,3,6.7890,4.8171,3.0000
73,general,0,0.0000,0.0000,5.0000
73,nodes,0,-5.0929,-4.5982,3.0000
73,nodes,1,5.0925,-4.5986,3.0000
73,nodes,2,-4.7081,4.7086,3.0000
73,nodes,3,4.7087,4.7081,3.0000
73,scouts,0,-3.5843,-4.6349,3.0000
73,scouts,1,-5.0843,-3.1349,3.0000
73,scouts,2,-6.5843,-4.6349,3.0000
73,scouts,3,-5.0843,-6.1349,3.0000
73,scouts,4,6.5840,-4.6355,3.0000
73,scouts,5,5.0840,-3.1355,3.0000
73,scouts,6,3.5840,-4.6355,3.0000
73,scouts,7,5.0840,-6.1355,3.0000
73,scouts,8,-3.2349,4.7354,3.0000
73,scouts,9,-4.7349,6.2354,3.0000
73,scouts,10,-6.2349,4.7354,3.0000
73,scouts,11,-4.7349,3.2354,3.0000
73,scouts,12,6.2355,4.7349,3.0000
73,scouts,13,4.7355,6.2349,3.0000
73,scouts,14,3.2355,4.7349,3.0000
73,scouts,15,4.7355,3.2349,3.0000
73,workers,0,-3.1108,-4.7119,3.0000
73,workers,1,7.0237,-4.6922,3.0000
73,workers,2,-2.8006,4.7644,3.0000
73,workers,3,6.7667,4.7978,3.0000
74,general,0,0.0000,0.0000,5.0000
74,nodes,0,-5.0942,-4.5925,3.0000
74,nodes,1,5.0939,-4.5929,3.0000
74,nodes,2,-4.7040,4.7044,3.0000
74,nodes,3,4.7046,4.7041,3.0000
74,scouts,0,-3.5857,-4.6293,3.0000
74,scouts,1,-5.0857,-3.1293,3.0000
74,scouts,2,-6.5857,-4.6293,3.0000
74,scouts,3,-5.0857,-6.1293,3.0000
74,scouts,4,6.5853,-4.6298,3.0000
74,scouts,5,5.0853,-3.1298,3.0000
74,scouts,6,3.5853,-4.6298,3.0000
74,scouts,7,5.0853,-6.1298,3.0000
74,scouts,8,-3.2308,4.7313,3.0000
74,scouts,9,-4.7308,6.2313,3.0000
74,scouts,10,-6.2308,4.7313,3.0000
74,scouts,11,-4.7308,3.2313,3.0000
74,scouts,12,6.2314,4.7308,3.0000
74,scouts,13,4.7314,6.2308,3.0000
74,scouts,14,3.2314,4.7308,3.0000
74,scouts,15,4.7314,3.2308,3.0000
74,workers,0,-3.1216,-4.6840,3.0000
74,workers,1,7.0260,-4.6624,3.0000
74,workers,2,-2.7813,4.7415,3.0000
74,workers,3,6.7441,4.7782,3.0000
75,general,0,0.0000,0.0000,5.0000
75,nodes,0,-5.0955,-4.5868,3.0000
75,nodes,1,5.0952,-4.5873,3.0000
75,nodes,2,-4.6999,4.7003,3.0000
75,nodes,3,4.7005,4.7000,3.0000
75,scouts,0,-3.5870,-4.6236,3.0000
75,scouts,1,-5.0870,-3.1236,3.0000
75,scouts,2,-6.5870,-4.6236,3.0000
75,scouts,3,-5.0870,-6.1236,3.0000
75,scouts,4,6.5866,-4.6241,3.0000
75,scouts,5,5.0866,-3.1241,3.0000
75,scouts,6,3.5866,-4.6241,3.0000
75,scouts,7,5.0866,-6.1241,3.0000
75,scouts,8,-3.2267,4.7272,3.0000
75,scouts,9,-4.7267,6.2272,3.0000
75,scouts,10,-6.2267,4.7272,3.0000
75,scouts,11,-4.7267,3.2272,3.0000
75,scouts,12,6.2273,4.7267,3.0000
75,scouts,13,4.7273,6.2267,3.0000
75,scouts,14,3.2273,4.7267,3.0000
75,scouts,15,4.7273,3.2267,3.0000
75,workers,0,-3.1325,-4.6556,3.0000
75,workers,1,7.0283,-4.6321,3.0000
75,workers,2,-2.7616,4.7183,3.0000
75,workers,3,6.7211,4.7583,3.0000
76,general,0,0.0000,0.0000,5.0000
76,nodes,0,-5.0968,-4.5811,3.0000
76,nodes,1,5.0966,-4.5816,3.0000
76,nodes,2,-4.6958,4.6961,3.0000
76,nodes,3,4.6964,4.6959,3.0000
76,scouts,0,-3.5883,-4.6180,3.0000
76,scouts,1,-5.0883,-3.1180,3.0000
76,scouts,2,-6.5883,-4.6180,3.0000
76,scouts,3,-5.0883,-6.1180,3.0000
76,scouts,4,6.5880,-4.6184,3.0000
76,scouts,5,5.0880,-3.1184,3.0000
76,scouts,6,3.5880,-4.6184,3.0000
76,scouts,7,5.0880,-6.1184,3.0000
76,scouts,8,-3.2226,4.7230,3.0000
76,scouts,9,-4.7226,6.2230,3.0000
76,scouts,10,-6.2226,4.7230,3.0000
76,scouts,11,-4.7226,3.2230,3.0000
76,scouts,12,6.2231,4.7226,3.0000
76,scouts,13,4.7231,6.2226,3.0000
76,scouts,14,3.2231,4.7226,3.0000
76,scouts,15,4.7231,3.2226,3.0000
76,workers,0,-3.1435,-4.6268,3.0000
76,workers,1,7.0307,-4.6014,3.0000
76,workers,2,-2.7417,4.6948,3.0000
76,workers,3,6.6979,4.7381,3.0000
77,general,0,0.0000,0.0000,5.0000
77,nodes,0,-5.0980,-4.5754,3.0000
77,nodes,1,5.0980,-4.5759,3.0000
77,nodes,2,-4.6917,4.6920,3.0000
77,nodes,3,4.6923,4.6918,3.0000
77,scouts,0,-3.5896,-4.6123,3.0000
77,scouts,1,-5.0896,-3.1123,3.0000
77,scouts,2,-6.5896,-4.6123,3.0000
77,scouts,3,-5.0896,-6.1123,3.0000
77,scouts,4,6.5893,-4.6128,3.0000
77,scouts,5,5.0893,-3.1128,3.0000
77,scouts,6,3.5893,-4.6128,3.0000
77,scouts,7,5.0893,-6.1128,3.0000
77,scouts,8,-3.2185,4.7189,3.0000
77,scouts,9,-4.7185,6.2189,3.0000
77,scouts,10,-6.2185,4.7189,3.0000
77,scouts,11,-4.7185,3.2189,3.0000
77,scouts,12,6.2190,4.7185,3.0000
77,scouts,13,4.7190,6.2185,3.0000
77,scouts,14,3.2190,4.7185,3.0000
77,scouts,15,4.7190,3.2185,3.0000
77,workers,0,-3.1547,-4.5978,3.0000
77,workers,1,7.0331,-4.5703,3.0000
77,workers,2,-2.7216,4.6710,3.0000
77,workers,3,6.6743,4.7178,3.0000
78,general,0,0.0000,0.0000,5.0000
78,nodes,0,-5.0994,-4.5696,3.0000
78,nodes,1,5.0993,-4.5702,3.0000
78,nodes,2,-4.6876,4.6879,3.0000
78,nodes,3,4.6883,4.6876,3.0000
78,scouts,0,-3.5909,-4.6066,3.0000
78,scouts,1,-5.0909,-3.1066,3.0000
78,scouts,2,-6.5909,-4.6066,3.0000
78,scouts,3,-5.0909,-6.1066,3.0000
78,scouts,4,6.5906,-4.6071,3.0000
78,scouts,5,5.0906,-3.1071,3.0000
78,scouts,6,3.5906,-4.6071,3.0000
78,scouts,7,5.0906,-6.1071,3.0000
78,scouts,8,-3.2143,4.7148,3.0000
78,scouts,9,-4.7143,6.2148,3.0000
78,scouts,10,-6.2143,4.7148,3.0000
78,scouts,11,-4.7143,3.2148,3.0000
78,scouts,12,6.2149,4.7144,3.0000
78,scouts,13,4.7149,6.2144,3.0000
78,scouts,14,3.2149,4.7144,3.0000
78,scouts,15,4.7149,3.2144,3.0000
78,workers,0,-3.1660,-4.5684,3.0000
78,workers,1,7.0355,-4.5390,3.0000
78,workers,2,-2.7013,4.6470,3.0000
78,workers,3,6.6506,4.6972,3.0000
79,general,0,0.0000,0.0000,5.0000
79,nodes,0,-5.1007,-4.5639,3.0000
79,nodes,1,5.1006,-4.5644,3.0000
79,nodes,2,-4.6835,4.6837,3.0000
79,nodes,3,4.6841,4.6834,3.0000
79,scouts,0,-3.5922,-4.6009,3.0000
79,scouts,1,-5.0922,-3.1009,3.0000
79,scouts,2,-6.5922,-4.6009,3.0000
79,scouts,3,-5.0922,-6.1009,3.0000
79,scouts,4,6.5920,-4.6014,3.0000
79,scouts,5,5.0920,-3.1014,3.0000
79,scouts,6,3.5920,-4.6014,3.0000
79,scouts,7,5.0920,-6.1014,3.0000
79,scouts,8,-3.2102,4.7106,3.0000
79,scouts,9,-4.7102,6.2106,3.0000
79,scouts,10,-6.2102,4.7106,3.0000
79,scouts,11,-4.7102,3.2106,3.0000
79,scouts,12,6.2108,4.7102,3.0000
79,scouts,13,4.7108,6.2102,3.0000
79,scouts,14,3.2108,4.7102,3.0000
79,scouts,15,4.7108,3.2102,3.0000
79,workers,0,-3.1774,-4.5389,3.0000
79,workers,1,7.0379,-4.5074,3.0000
79,workers,2,-2.6809,4.6228,3.0000
79,workers,3,6.6266,4.6764,3.0000
80,general,0,0.0000,0.0000,5.0000
80,nodes,0,-5.1021,-4.5582,3.0000
80,nodes,1,5.1020,-4.5588,3.0000
80,nodes,2,-4.6793,4.6796,3.0000
80,nodes,3,4.6800,4.6794,3.0000
80,scouts,0,-3.5935,-4.5952,3.0000
80,scouts,1,-5.0935,-3.0952,3.0000
80,scouts,2,-6.5935,-4.5952,3.0000
80,scouts,3,-5.0935,-6.0952,3.0000
80,scouts,4,6.5933,-4.5957,3.0000
80,scouts,5,5.0933,-3.0957,3.0000
80,scouts,6,3.5933,-4.5957,3.0000
80,scouts,7,5.0933,-6.0957,3.0000
80,scouts,8,-3.2061,4.7065,3.0000
80,scouts,9,-4.7061,6.2065,3.0000
80,scouts,10,-6.2061,4.7065,3.0000
80,scouts,11,-4.7061,3.2065,3.0000
80,scouts,12,6.2067,4.7061,3.0000
80,scouts,13,4.7067,6.2061,3.0000
80,scouts,14,3.2067,4.7061,3.0000
80,scouts,15,4.7067,3.2061,3.0000
80,workers,0,-3.1888,-4.5091,3.0000
80,workers,1,7.0403,-4.4756,3.0000
80,workers,2,-2.6603,4.5985,3.0000
80,workers,3,6.6025,4.6555,3.0000
81,general,0,0.0000,0.0000,5.0000
81,nodes,0,-5.1034,-4.5524,3.0000
81,nodes,1,5.1033,-4.5531,3.0000
81,nodes,2,-4.6752,4.6755,3.0000
81,nodes,3,4.6758,4.6753,3.0000
81,scouts,0,-3.5948,-4.5895,3.0000
81,scouts,1,-5.0948,-3.0895,3.0000
81,scouts,2,-6.5948,-4.5895,3.0000
81,scouts,3,-5.0948,-6.0895,3.0000
81,scouts,4,6.5946,-4.5900,3.0000
81,scouts,5,5.0946,-3.0900,3.0000
81,scouts,6,3.5946,-4.5900,3.0000
81,scouts,7,5.0946,-6.0900,3.0000
81,scouts,8,-3.2020,4.7023,3.0000
81,scouts,9,-4.7020,6.2023,3.0000
81,scouts,10,-6.2020,4.7023,3.0000
81,scouts,11,-4.7020,3.2023,3.0000
81,scouts,12,6.2026,4.7020,3.0000
81,scouts,13,4.7026,6.2020,3.0000
81,scouts,14,3.2026,4.7020,3.0000
81,scouts,15,4.7026,3.2020,3.0000
81,workers,0,-3.2003,-4.4791,3.0000
81,workers,1,7.0428,-4.4436,3.0000
81,workers,2,-2.6395,4.5740,3.0000
81,workers,3,6.5783,4.6345,3.0000
82,general,0,0.0000,0.0000,5.0000
82,nodes,0,-5.1046,-4.5468,3.0000
82,nodes,1,5.1046,-4.5474,3.0000
82,nodes,2,-4.6711,4.6713,3.0000
82,nodes,3,4.6717,4.6711,3.0000
82,scouts,0,-3.5961,-4.5838,3.0000
82,scouts,1,-5.0961,-3.0838,3.0000
82,scouts,2,-6.5961,-4.5838,3.0000
82,scouts,3,-5.0961,-6.0838,3.0000
82,scouts,4,6.5960,-4.5843,3.0000
82,scouts,5,5.0960,-3.0843,3.0000
82,scouts,6,3.5960,-4.5843,3.0000
82,scouts,7,5.0960,-6.0843,3.0000
82,scouts,8,-3.1979,4.6982,3.0000
82,scouts,9,-4.6979,6.1982,3.0000
82,scouts,10,-6.1979,4.6982,3.0000
82,scouts,11,-4.6979,3.1982,3.0000
82,scouts,12,6.1985,4.6979,3.0000
82,scouts,13,4.6985,6.1979,3.0000
82,scouts,14,3.1985,4.6979,3.0000
82,scouts,15,4.6985,3.1979,3.0000
82,workers,0,-3.2119,-4.4490,3.0000
82,workers,1,7.0453,-4.4114,3.0000
82,workers,2,-2.6187,4.5494,3.0000
82,workers,3,6.5539,4.6134,3.0000
83,general,0,0.0000,0.0000,5.0000
83,nodes,0,-5.1060,-4.5411,3.0000
83,nodes,1,5.1059,-4.5417,3.0000
83,nodes,2,-4.6669,4.6672,3.0000
83,nodes,3,4.6676,4.6670,3.0000
83,scouts,0,-3.5974,-4.5781,3.0000
83,scouts,1,-5.0974,-3.0781,3.0000
83,scouts,2,-6.5974,-4.5781,3.0000
83,scouts,3,-5.0974,-6.0781,3.0000
83,scouts,4,6.5973,-4.5787,3.0000
83,scouts,5,5.0973,-3.0787,3.0000
83,scouts,6,3.5973,-4.5787,3.0000
83,scouts,7,5.0973,-6.0787,3.0000
83,scouts,8,-3.1937,4.6941,3.0000
83,scouts,9,-4.6937,6.1941,3.0000
83,scouts,10,-6.1937,4.6941,3.0000
83,scouts,11,-4.6937,3.1941,3.0000
83,scouts,12,6.1943,4.6938,3.0000
83,scouts,13,4.6943,6.1938,3.0000
83,scouts,14,3.1943,4.6938,3.0000
83,scouts,15,4.6943,3.1938,3.0000
83,workers,0,-3.2235,-4.4188,3.0000
83,workers,1,7.0478,-4.3791,3.0000
83,workers,2,-2.5978,4.5246,3.0000
83,workers,3,6.5294,4.5922,3.0000
84,general,0,0.0000,0.0000,5.0000
84,nodes,0,-5.1073,-4.5353,3.0000
84,nodes,1,5.1072,-4.5361,3.0000
84,nodes,2,-4.6627,4.6631,3.0000
84,nodes,3,4.6634,4.6629,3.0000
84,scouts,0,-3.5988,-4.5724,3.0000
84,scouts,1,-5.0988,-3.0724,3.0000
84,scouts,2,-6.5988,-4.5724,3.0000
84,scouts,3,-5.0988,-6.0724,3.0000
84,scouts,4,6.5986,-4.5730,3.0000
84,scouts,5,5.0986,-3.0730,3.0000
84,scouts,6,3.5986,-4.5730,3.0000
84,scouts,7,5.0986,-6.0730,3.0000
84,scouts,8,-3.1896,4.6899,3.0000
84,scouts,9,-4.6896,6.1899,3.0000
84,scouts,10,-6.1896,4.6899,3.0000
84,scouts,11,-4.6896,3.1899,3.0000
84,scouts,12,6.1902,4.6897,3.0000
84,scouts,13,4.6902,6.1897,3.0000
84,scouts,14,3.1902,4.6897,3.0000
84,scouts,15,4.6902,3.1897,3.0000
84,workers,0,-3.2352,-4.3884,3.0000
84,workers,1,7.0503,-4.3467,3.0000
84,workers,2,-2.5767,4.4998,3.0000
84,workers,3,6.5048,4.5709,3.0000
85,general,0,0.0000,0.0000,5.0000
85,nodes,0,-5.1086,-4.5296,3.0000
85,nodes,1,5.1086,-4.5304,3.0000
85,nodes,2,-4.6585,4.6591,3.0000
85,nodes,3,4.6592,4.6587,3.0000
85,scouts,0,-3.6001,-4.5667,3.0000
85,scouts,1,-5.1001,-3.0667,3.0000
85,scouts,2,-6.6001,-4.5667,3.0000
85,scouts,3,-5.1001,-6.0667,3.0000
85,scouts,4,6.5999,-4.5673,3.0000
85,scouts,5,5.0999,-3.0673,3.0000
85,scouts,6,3.5999,-4.5673,3.0000
85,scouts,7,5.0999,-6.0673,3.0000
85,scouts,8,-3.1855,4.6858,3.0000
85,scouts,9,-4.6855,6.1858,3.0000
85,scouts,10,-6.1855,4.6858,3.0000
85,scouts,11,-4.6855,3.1858,3.0000
85,scouts,12,6.1861,4.6855,3.0000
85,scouts,13,4.6861,6.1855,3.0000
85,scouts,14,3.1861,4.6855,3.0000
85,scouts,15,4.6861,3.1855,3.0000
85,workers,0,-3.2469,-4.3580,3.0000
85,workers,1,7.0528,-4.3141,3.0000
85,workers,2,-2.5557,4.4749,3.0000
85,workers,3,6.4802,4.5495,3.0000
86,general,0,0.0000,0.0000,5.0000
86,nodes,0,-5.1098,-4.5241,3.0000
86,nodes,1,5.1098,-4.5247,3.0000
86,nodes,2,-4.6544,4.6549,3.0000
86,nodes,3,4.6552,4.6546,3.0000
86,scouts,0,-3.6014,-4.5610,3.0000
86,scouts,1,-5.1014,-3.0610,3.0000
86,scouts,2,-6.6014,-4.5610,3.0000
86,scouts,3,-5.1014,-6.0610,3.0000
86,scouts,4,6.6013,-4.5616,3.0000
86,scouts,5,5.1013,-3.0616,3.0000
86,scouts,6,3.6013,-4.5616,3.0000
86,scouts,7,5.1013,-6.0616,3.0000
86,scouts,8,-3.1813,4.6817,3.0000
86,scouts,9,-4.6813,6.1817,3.0000
86,scouts,10,-6.1813,4.6817,3.0000
86,scouts,11,-4.6813,3.1817,3.0000
86,scouts,12,6.1820,4.6814,3.0000
86,scouts,13,4.6820,6.1814,3.0000
86,scouts,14,3.1820,4.6814,3.0000
86,scouts,15,4.6820,3.1814,3.0000
86,workers,0,-3.2587,-4.3274,3.0000
86,workers,1,7.0553,-4.2815,3.0000
86,workers,2,-2.5345,4.4499,3.0000
86,workers,3,6.4554,4.5281,3.0000
87,general,0,0.0000,0.0000,5.0000
87,nodes,0,-5.1112,-4.5184,3.0000
87,nodes,1,5.1111,-4.5189,3.0000
87,nodes,2,-4.6502,4.6508,3.0000
87,nodes,3,4.6511,4.6505,3.0000
87,scouts,0,-3.6027,-4.5553,3.0000
87,scouts,1,-5.1027,-3.0553,3.0000
87,scouts,2,-6.6027,-4.5553,3.0000
87,scouts,3,-5.1027,-6.0553,3.0000
87,scouts,4,6.6026,-4.5559,3.0000
87,scouts,5,5.1026,-3.0559,3.0000
87,scouts,6,3.6026,-4.5559,3.0000
87,scouts,7,5.1026,-6.0559,3.0000
87,scouts,8,-3.1772,4.6776,3.0000
87,scouts,9,-4.6772,6.1776,3.0000
87,scouts,10,-6.1772,4.6776,3.0000
87,scouts,11,-4.6772,3.1776,3.0000
87,scouts,12,6.1779,4.6773,3.0000
87,scouts,13,4.6779,6.1773,3.0000
87,scouts,14,3.1779,4.6773,3.0000
87,scouts,15,4.6779,3.1773,3.0000
87,workers,0,-3.2705,-4.2968,3.0000
87,workers,1,7.0578,-4.2488,3.0000
87,workers,2,-2.5133,4.4249,3.0000
87,workers,3,6.4307,4.5066,3.0000
88,general,0,0.0000,0.0000,5.0000
88,nodes,0,-5.1124,-4.5127,3.0000
88,nodes,1,5.1124,-4.5133,3.0000
88,nodes,2,-4.6461,4.6466,3.0000
88,nodes,3,4.6470,4.6464,3.0000
88,scouts,0,-3.6040,-4.5496,3.0000
88,scouts,1,-5.1040,-3.0496,3.0000
88,scouts,2,-6.6040,-4.5496,3.0000
88,scouts,3,-5.1040,-6.0496,3.0000
88,scouts,4,6.6039,-4.5502,3.0000
88,scouts,5,5.1039,-3.0502,3.0000
88,scouts,6,3.6039,-4.5502,3.0000
88,scouts,7,5.1039,-6.0502,3.0000
88,scouts,8,-3.1730,4.6735,3.0000
88,scouts,9,-4.6730,6.1735,3.0000
88,scouts,10,-6.1730,4.6735,3.0000
88,scouts,11,-4.6730,3.1735,3.0000
88,scouts,12,6.1737,4.6732,3.0000
88,scouts,13,4.6737,6.1732,3.0000
88,scouts,14,3.1737,4.6732,3.0000
88,scouts,15,4.6737,3.1732,3.0000
88,workers,0,-3.2823,-4.2661,3.0000
88,workers,1,7.0603,-4.2160,3.0000
88,workers,2,-2.4921,4.3998,3.0000
88,workers,3,6.4058,4.4850,3.0000
89,general,0,0.0000,0.0000,5.0000
89,nodes,0,-5.1137,-4.5070,3.0000
89,nodes,1,5.1137,-4.5076,3.0000
89,nodes,2,-4.6421,4.6425,3.0000
89,nodes,3,4.6428,4.6423,3.0000
89,scouts,0,-3.6053,-4.5440,3.0000
89,scouts,1,-5.1053,-3.0440,3.0000
89,scouts,2,-6.6053,-4.5440,3.0000
89,scouts,3,-5.1053,-6.0440,3.0000
89,scouts,4,6.6052,-4.5446,3.0000
89,scouts,5,5.1052,-3.0446,3.0000
89,scouts,6,3.6052,-4.5446,3.0000
89,scouts,7,5.1052,-6.0446,3.0000
89,scouts,8,-3.1689,4.6693,3.0000
89,scouts,9,-4.6689,6.1693,3.0000
89,scouts,10,-6.1689,4.6693,3.0000
89,scouts,11,-4.6689,3.1693,3.0000
89,scouts,12,6.1696,4.6691,3.0000
89,scouts,13,4.6696,6.1691,3.0000
89,scouts,14,3.1696,4.6691,3.0000
89,scouts,15,4.6696,3.1691,3.0000
89,workers,0,-3.2941,-4.2354,3.0000
89,workers,1,7.0628,-4.1832,3.0000
89,workers,2,-2.4708,4.3746,3.0000
89,workers,3,6.3809,4.4635,3.0000
90,general,0,0.0000,0.0000,5.0000
90,nodes,0,-5.1150,-4.5013,3.0000
90,nodes,1,5.1151,-4.5019,3.0000
90,nodes,2,-4.6380,4.6383,3.0000
90,nodes,3,4.6387,4.6382,3.0000
90,scouts,0,-3.6066,-4.5383,3.0000
90,scouts,1,-5.1066,-3.0383,3.0000
90,scouts,2,-6.6066,-4.5383,3.0000
90,scouts,3,-5.1066,-6.0383,3.0000
90,scouts,4,6.6065,-4.5389,3.0000
90,scouts,5,5.1065,-3.0389,3.0000
90,scouts,6,3.6065,-4.5389,3.0000
90,scouts,7,5.1065,-6.0389,3.0000
90,scouts,8,-3.1648,4.6652,3.0000
90,scouts,9,-4.6648,6.1652,3.0000
90,scouts,10,-6.1648,4.6652,3.0000
90,scouts,11,-4.6648,3.1652,3.0000
90,scouts,12,6.1655,4.6649,3.0000
90,scouts,13,4.6655,6.1649,3.0000
90,scouts,14,3.1655,4.6649,3.0000
90,scouts,15,4.6655,3.1649,3.0000
90,workers,0,-3.3059,-4.2046,3.0000
90,workers,1,7.0654,-4.1503,3.0000
90,workers,2,-2.4495,4.3494,3.0000
90,workers,3,6.3560,4.4419,3.0000
91,general,0,0.0000,0.0000,5.0000
91,nodes,0,-5.1163,-4.4957,3.0000
91,nodes,1,5.1164,-4.4962,3.0000
91,nodes,2,-4.6338,4.6342,3.0000
91,nodes,3,4.6346,4.6341,3.0000
91,scouts,0,-3.6079,-4.5326,3.0000
91,scouts,1,-5.1079,-3.0326,3.0000
91,scouts,2,-6.6079,-4.5326,3.0000
91,scouts,3,-5.1079,-6.0326,3.0000
91,scouts,4,6.6078,-4.5332,3.0000
91,scouts,5,5.1078,-3.0332,3.0000
91,scouts,6,3.6078,-4.5332,3.0000
91,scouts,7,5.1078,-6.0332,3.0000
91,scouts,8,-3.1607,4.6610,3.0000
91,scouts,9,-4.6607,6.1610,3.0000
91,scouts,10,-6.1607,4.6610,3.0000
91,scouts,11,-4.6607,3.1610,3.0000
91,scouts,12,6.1614,4.6608,3.0000
91,scouts,13,4.6614,6.1608,3.0000
91,scouts,14,3.1614,4.6608,3.0000
91,scouts,15,4.6614,3.1608,3.0000
91,workers,0,-3.3178,-4.1737,3.0000
91,workers,1,7.0679,-4.1173,3.0000
91,workers,2,-2.4282,4.3242,3.0000
91,workers,3,6.3310,4.4202,3.0000
92,general,0,0.0000,0.0000,5.0000
92,nodes,0,-5.1177,-4.4900,3.0000
92,nodes,1,5.1178,-4.4905,3.0000
92,nodes,2,-4.6297,4.6300,3.0000
92,nodes,3,4.6305,4.6300,3.0000
92,scouts,0,-3.6092,-4.5269,3.0000
92,scouts,1,-5.1092,-3.0269,3.0000
92,scouts,2,-6.6092,-4.5269,3.0000
92,scouts,3,-5.1092,-6.0269,3.0000
92,scouts,4,6.6092,-4.5275,3.0000
92,scouts,5,5.1092,-3.0275,3.0000
92,scouts,6,3.6092,-4.5275,3.0000
92,scouts,7,5.1092,-6.0275,3.0000
92,scouts,8,-3.1565,4.6569,3.0000
92,scouts,9,-4.6565,6.1569,3.0000
92,scouts,10,-6.1565,4.6569,3.0000
92,scouts,11,-4.6565,3.1569,3.0000
92,scouts,12,6.1573,4.6567,3.0000
92,scouts,13,4.6573,6.1567,3.0000
92,scouts,14,3.1573,4.6567,3.0000
92,scouts,15,4.6573,3.1567,3.0000
92,workers,0,-3.3297,-4.1429,3.0000
92,workers,1,7.0704,-4.0844,3.0000
92,workers,2,-2.4068,4.2990,3.0000
92,workers,3,6.3060,4.3986,3.0000
93,general,0,0.0000,0.0000,5.0000
93,nodes,0,-5.1190,-4.4843,3.0000
93,nodes,1,5.1190,-4.4849,3.0000
93,nodes,2,-4.6257,4.6259,3.0000
93,nodes,3,4.6263,4.6259,3.0000
93,scouts,0,-3.6105,-4.5212,3.0000
93,scouts,1,-5.1105,-3.0212,3.0000
93,scouts,2,-6.6105,-4.5212,3.0000
93,scouts,3,-5.1105,-6.0212,3.0000
93,scouts,4,6.6105,-4.5218,3.0000
93,scouts,5,5.1105,-3.0218,3.0000
93,scouts,6,3.6105,-4.5218,3.0000
93,scouts,7,5.1105,-6.0218,3.0000
93,scouts,8,-3.1524,4.6528,3.0000
93,scouts,9,-4.6524,6.1528,3.0000
93,scouts,10,-6.1524,4.6528,3.0000
93,scouts,11,-4.6524,3.1528,3.0000
93,scouts,12,6.1531,4.6526,3.0000
93,scouts,13,4.6531,6.1526,3.0000
93,scouts,14,3.1531,4.6526,3.0000
93,scouts,15,4.6531,3.1526,3.0000
93,workers,0,-3.3415,-4.1120,3.0000
93,workers,1,7.0730,-4.0514,3.0000
93,workers,2,-2.3854,4.2737,3.0000
93,workers,3,6.2810,4.3769,3.0000
94,general,0,0.0000,0.0000,5.0000
94,nodes,0,-5.1203,-4.4786,3.0000
94,nodes,1,5.1203,-4.4791,3.0000
94,nodes,2,-4.6216,4.6217,3.0000
94,nodes,3,4.6223,4.6218,3.0000
94,scouts,0,-3.6118,-4.5155,3.0000
94,scouts,1,-5.1118,-3.0155,3.0000
94,scouts,2,-6.6118,-4.5155,3.0000
94,scouts,3,-5.1118,-6.0155,3.0000
94,scouts,4,6.6118,-4.5161,3.0000
94,scouts,5,5.1118,-3.0161,3.0000
94,scouts,6,3.6118,-4.5161,3.0000
94,scouts,7,5.1118,-6.0161,3.0000
94,scouts,8,-3.1483,4.6486,3.0000
94,scouts,9,-4.6483,6.1486,3.0000
94,scouts,10,-6.1483,4.6486,3.0000
94,scouts,11,-4.6483,3.1486,3.0000
94,scouts,12,6.1490,4.6485,3.0000
94,scouts,13,4.6490,6.1485,3.0000
94,scouts,14,3.1490,4.6485,3.0000
94,scouts,15,4.6490,3.1485,3.0000
94,workers,0,-3.3534,-4.0810,3.0000
94,workers,1,7.0755,-4.0183,3.0000
94,workers,2,-2.3640,4.2484,3.0000
94,workers,3,6.2560,4.3552,3.0000
95,general,0,0.0000,0.0000,5.0000
95,nodes,0,-5.1216,-4.4729,3.0000
95,nodes,1,5.1216,-4.4734,3.0000
95,nodes,2,-4.6174,4.6176,3.0000
95,nodes,3,4.6181,4.6177,3.0000
95,scouts,0,-3.6131,-4.5099,3.0000
95,scouts,1,-5.1131,-3.0099,3.0000
95,scouts,2,-6.6131,-4.5099,3.0000
95,scouts,3,-5.1131,-6.0099,3.0000
95,scouts,4,6.6131,-4.5104,3.0000
95,scouts,5,5.1131,-3.0104,3.0000
95,scouts,6,3.6131,-4.5104,3.0000
95,scouts,7,5.1131,-6.0104,3.0000
95,scouts,8,-3.1442,4.6445,3.0000
95,scouts,9,-4.6442,6.1445,3.0000
95,scouts,10,-6.1442,4.6445,3.0000
95,scouts,11,-4.6442,3.1445,3.0000
95,scouts,12,6.1449,4.6444,3.0000
95,scouts,13,4.6449,6.1444,3.0000
95,scouts,14,3.1449,4.6444,3.0000
95,scouts,15,4.6449,3.1444,3.0000
95,workers,0,-3.3654,-4.0501,3.0000
95,workers,1,7.0781,-3.9852,3.0000
95,workers,2,-2.3426,4.2231,3.0000
95,workers,3,6.2309,4.3334,3.0000
96,general,0,0.0000,0.0000,5.0000
96,nodes,0,-5.1229,-4.4672,3.0000
96,nodes,1,5.1229,-4.4678,3.0000
96,nodes,2,-4.6133,4.6135,3.0000
96,nodes,3,4.6140,4.6136,3.0000
96,scouts,0,-3.6144,-4.5042,3.0000
96,scouts,1,-5.1144,-3.0042,3.0000
96,scouts,2,-6.6144,-4.5042,3.0000
96,scouts,3,-5.1144,-6.0042,3.0000
96,scouts,4,6.6144,-4.5047,3.0000
96,scouts,5,5.1144,-3.0047,3.0000
96,scouts,6,3.6144,-4.5047,3.0000
96,scouts,7,5.1144,-6.0047,3.0000
96,scouts,8,-3.1401,4.6404,3.0000
96,scouts,9,-4.6401,6.1404,3.0000
96,scouts,10,-6.1401,4.6404,3.0000
96,scouts,11,-4.6401,3.1404,3.0000
96,scouts,12,6.1408,4.6403,3.0000
96,scouts,13,4.6408,6.1403,3.0000
96,scouts,14,3.1408,4.6403,3.0000
96,scouts,15,4.6408,3.1403,3.0000
96,workers,0,-3.3773,-4.0191,3.0000
96,workers,1,7.0806,-3.9522,3.0000
96,workers,2,-2.3212,4.1977,3.0000
96,workers,3,6.2058,4.3117,3.0000
97,general,0,0.0000,0.0000,5.0000
97,nodes,0,-5.1242,-4.4616,3.0000
97,nodes,1,5.1242,-4.4621,3.0000
97,nodes,2,-4.6093,4.6094,3.0000
97,nodes,3,4.6099,4.6094,3.0000
97,scouts,0,-3.6157,-4.4985,3.0000
97,scouts,1,-5.1157,-2.9985,3.0000
97,scouts,2,-6.6157,-4.4985,3.0000
97,scouts,3,-5.1157,-5.9985,3.0000
97,scouts,4,6.6157,-4.4990,3.0000
97,scouts,5,5.1157,-2.9990,3.0000
97,scouts,6,3.6157,-4.4990,3.0000
97,scouts,7,5.1157,-5.9990,3.0000
97,scouts,8,-3.1360,4.6362,3.0000
97,scouts,9,-4.6360,6.1362,3.0000
97,scouts,10,-6.1360,4.6362,3.0000
97,scouts,11,-4.6360,3.1362,3.0000
97,scouts,12,6.1367,4.6362,3.0000
97,scouts,13,4.6367,6.1362,3.0000
97,scouts,14,3.1367,4.6362,3.0000
97,scouts,15,4.6367,3.1362,3.0000
97,workers,0,-3.3892,-3.9881,3.0000
97,workers,1,7.0832,-3.9190,3.0000
97,workers,2,-2.2997,4.1724,3.0000
97,workers,3,6.1807,4.2900,3.0000
98,general,0,0.0000,0.0000,5.0000
98,nodes,0,-5.1256,-4.4560,3.0000
98,nodes,1,5.1255,-4.4565,3.0000
98,nodes,2,-4.6052,4.6052,3.0000
98,nodes,3,4.6057,4.6054,3.0000
98,scouts,0,-3.6170,-4.4928,3.0000
98,scouts,1,-5.1170,-2.9928,3.0000
98,scouts,2,-6.6170,-4.4928,3.0000
98,scouts,3,-5.1170,-5.9928,3.0000
98,scouts,4,6.6170,-4.4934,3.0000
98,scouts,5,5.1170,-2.9934,3.0000
98,scouts,6,3.6170,-4.4934,3.0000
98,scouts,7,5.1170,-5.9934,3.0000
98,scouts,8,-3.1319,4.6321,3.0000
98,scouts,9,-4.6319,6.1321,3.0000
98,scouts,10,-6.1319,4.6321,3.0000
98,scouts,11,-4.6319,3.1321,3.0000
98,scouts,12,6.1325,4.6321,3.0000
98,scouts,13,4.6325,6.1321,3.0000
98,scouts,14,3.1325,4.6321,3.0000
98,scouts,15,4.6325,3.1321,3.0000
98,workers,0,-3.4011,-3.9571,3.0000
98,workers,1,7.0857,-3.8859,3.0000
98,workers,2,-2.2782,4.1470,3.0000
98,workers,3,6.1556,4.2682,3.0000
99,general,0,0.0000,0.0000,5.0000
99,nodes,0,-5.1269,-4.4503,3.0000
99,nodes,1,5.1269,-4.4508,3.0000
99,nodes,2,-4.6011,4.6011,3.0000
99,nodes,3,4.6017,4.6014,3.0000
99,scouts,0,-3.6183,-4.4872,3.0000
99,scouts,1,-5.1183,-2.9872,3.0000
99,scouts,2,-6.6183,-4.4872,3.0000
99,scouts,3,-5.1183,-5.9872,3.0000
99,scouts,4,6.6183,-4.4877,3.0000
99,scouts,5,5.1183,-2.9877,3.0000
99,scouts,6,3.6183,-4.4877,3.0000
99,scouts,7,5.1183,-5.9877,3.0000
99,scouts,8,-3.1278,4.6280,3.0000
99,scouts,9,-4.6278,6.1280,3.0000
99,scouts,10,-6.1278,4.6280,3.0000
99,scouts,11,-4.6278,3.1280,3.0000
99,scouts,12,6.1284,4.6280,3.0000
99,scouts,13,4.6284,6.1280,3.0000
99,scouts,14,3.1284,4.6280,3.0000
99,scouts,15,4.6284,3.1280,3.0000
99,workers,0,-3.4130,-3.9261,3.0000
99,workers,1,7.0882,-3.8528,3.0000
99,workers,2,-2.2568,4.1216,3.0000
99,workers,3,6.1305,4.2464,3.0000
100,general,0,0.0000,0.0000,5.0000
100,nodes,0,-5.1282,-4.4445,3.0000
100,nodes,1,5.1282,-4.4451,3.0000
100,nodes,2,-4.5969,4.5970,3.0000
100,nodes,3,4.5976,4.5972,3.0000
100,scouts,0,-3.6196,-4.4815,3.0000
100,scouts,1,-5.1196,-2.9815,3.0000
100,scouts,2,-6.6196,-4.4815,3.0000
100,scouts,3,-5.1196,-5.9815,3.0000
100,scouts,4,6.6196,-4.4820,3.0000
100,scouts,5,5.1196,-2.9820,3.0000
100,scouts,6,3.6196,-4.4820,3.0000
100,scouts,7,5.1196,-5.9820,3.0000
100,scouts,8,-3.1237,4.6238,3.0000
100,scouts,9,-4.6237,6.1238,3.0000
100,scouts,10,-6.1237,4.6238,3.0000
100,scouts,11,-4.6237,3.1238,3.0000
100,scouts,12,6.1243,4.6239,3.0000
100,scouts,13,4.6243,6.1239,3.0000
100,scouts,14,3.1243,4.6239,3.0000
100,scouts,15,4.6243,3.1239,3.0000
100,workers,0,-3.4250,-3.8950,3.0000
100,workers,1,7.0908,-3.8196,3.0000
100,workers,2,-2.2353,4.0963,3.0000
100,workers,3,6.1054,4.2247,3.0000
101,general,0,0.0000,0.0000,5.0000
101,nodes,0,-5.1294,-4.4388,3.0000
101,nodes,1,5.1295,-4.4394,3.0000
101,nodes,2,-4.5927,4.5929,3.0000
101,nodes,3,4.5934,4.5931,3.0000
101,scouts,0,-3.6209,-4.4758,3.0000
101,scouts,1,-5.1209,-2.9758,3.0000
101,scouts,2,-6.6209,-4.4758,3.0000
101,scouts,3,-5.1209,-5.9758,3.0000
101,scouts,4,6.6210,-4.4763,3.0000
101,scouts,5,5.1210,-2.9763,3.0000
101,scouts,6,3.6210,-4.4763,3.0000
101,scouts,7,5.1210,-5.9763,3.0000
101,scouts,8,-3.1195,4.6197,3.0000
101,scouts,9,-4.6195,6.1197,3.0000
101,scouts,10,-6.1195,4.6197,3.0000
101,scouts,11,-4.6195,3.1197,3.0000
101,scouts,12,6.1202,4.6198,3.0000
101,scouts,13,4.6202,6.1198,3.0000
101,scouts,14,3.1202,4.6198,3.0000
101,scouts,15,4.6202,3.1198,3.0000
101,workers,0,-3.4369,-3.8640,3.0000
101,workers,1,7.0933,-3.7865,3.0000
101,workers,2,-2.2138,4.0709,3.0000
101,workers,3,6.0802,4.2029,3.0000
102,general,0,0.0000,0.0000,5.0000
102,nodes,0,-5.1307,-4.4332,3.0000
102,nodes,1,5.1308,-4.4337,3.0000
102,nodes,2,-4.5886,4.5887,3.0000
102,nodes,3,4.5892,4.5889,3.0000
102,scouts,0,-3.6222,-4.4701,3.0000
102,scouts,1,-5.1222,-2.9701,3.0000
102,scouts,2,-6.6222,-4.4701,3.0000
102,scouts,3,-5.1222,-5.9701,3.0000
102,scouts,4,6.6223,-4.4707,3.0000
102,scouts,5,5.1223,-2.9707,3.0000
102,scouts,6,3.6223,-4.4707,3.0000
102,scouts,7,5.1223,-5.9707,3.0000
102,scouts,8,-3.1154,4.6156,3.0000
102,scouts,9,-4.6154,6.1156,3.0000
102,scouts,10,-6.1154,4.6156,3.0000
102,scouts,11,-4.6154,3.1156,3.0000
102,scouts,12,6.1161,4.6157,3.0000
102,scouts,13,4.6161,6.1157,3.0000
102,scouts,14,3.1161,4.6157,3.0000
102,scouts,15,4.6161,3.1157,3.0000
102,workers,0,-3.4489,-3.8329,3.0000
102,workers,1,7.0959,-3.7533,3.0000
102,workers,2,-2.1923,4.0455,3.0000
102,workers,3,6.0551,4.1811,3.0000
103,general,0,0.0000,0.0000,5.0000
103,nodes,0,-5.1320,-4.4275,3.0000
103,nodes,1,5.1320,-4.4279,3.0000
103,nodes,2,-4.5844,4.5845,3.0000
103,nodes,3,4.5850,4.5848,3.0000
103,scouts,0,-3.6235,-4.4644,3.0000
103,scouts,1,-5.1235,-2.9644,3.0000
103,scouts,2,-6.6235,-4.4644,3.0000
103,scouts,3,-5.1235,-5.9644,3.0000
103,scouts,4,6.6236,-4.4650,3.0000
103,scouts,5,5.1236,-2.9650,3.0000
103,scouts,6,3.6236,-4.4650,3.0000
103,scouts,7,5.1236,-5.9650,3.0000
103,scouts,8,-3.1113,4.6114,3.0000
103,scouts,9,-4.6113,6.1114,3.0000
103,scouts,10,-6.1113,4.6114,3.0000
103,scouts,11,-4.6113,3.1114,3.0000
103,scouts,12,6.1119,4.6115,3.0000
103,scouts,13,4.6119,6.1115,3.0000
103,scouts,14,3.1119,4.6115,3.0000
103,scouts,15,4.6119,3.1115,3.0000
103,workers,0,-3.4608,-3.8019,3.0000
103,workers,1,7.0985,-3.7201,3.0000
103,workers,2,-2.1708,4.0201,3.0000
103,workers,3,6.0299,4.1593,3.0000
104,general,0,0.0000,0.0000,5.0000
104,nodes,0,-5.1333,-4.4218,3.0000
104,nodes,1,5.1333,-4.4223,3.0000
104,nodes,2,-4.5803,4.5804,3.0000
104,nodes,3,4.5809,4.5807,3.0000
104,scouts,0,-3.6248,-4.4587,3.0000
104,scouts,1,-5.1248,-2.9587,3.0000
104,scouts,2,-6.6248,-4.4587,3.0000
104,scouts,3,-5.1248,-5.9587,3.0000
104,scouts,4,6.6249,-4.4593,3.0000
104,scouts,5,5.1249,-2.9593,3.0000
104,scouts,6,3.6249,-4.4593,3.0000
104,scouts,7,5.1249,-5.9593,3.0000
104,scouts,8,-3.1071,4.6073,3.0000
104,scouts,9,-4.6071,6.1073,3.0000
104,scouts,10,-6.1071,4.6073,3.0000
104,scouts,11,-4.6071,3.1073,3.0000
104,scouts,12,6.1078,4.6074,3.0000
104,scouts,13,4.6078,6.1074,3.0000
104,scouts,14,3.1078,4.6074,3.0000
104,scouts,15,4.6078,3.1074,3.0000
104,workers,0,-3.4728,-3.7708,3.0000
104,workers,1,7.1010,-3.6869,3.0000
104,workers,2,-2.1493,3.9946,3.0000
104,workers,3,6.0048,4.1375,3.0000
105,general,0,0.0000,0.0000,5.0000
105,nodes,0,-5.1346,-4.4160,3.0000
105,nodes,1,5.1347,-4.4167,3.0000
105,nodes,2,-4.5761,4.5763,3.0000
105,nodes,3,4.5767,4.5766,3.0000
105,scouts,0,-3.6261,-4.4530,3.0000
105,scouts,1,-5.1261,-2.9530,3.0000
105,scouts,2,-6.6261,-4.4530,3.0000
105,scouts,3,-5.1261,-5.9530,3.0000
105,scouts,4,6.6262,-4.4536,3.0000
105,scouts,5,5.1262,-2.9536,3.0000
105,scouts,6,3.6262,-4.4536,3.0000
105,scouts,7,5.1262,-5.9536,3.0000
105,scouts,8,-3.1030,4.6032,3.0000
105,scouts,9,-4.6030,6.1032,3.0000
105,scouts,10,-6.1030,4.6032,3.0000
105,scouts,11,-4.6030,3.1032,3.0000
105,scouts,12,6.1036,4.6033,3.0000
105,scouts,13,4.6036,6.1033,3.0000
105,scouts,14,3.1036,4.6033,3.0000
105,scouts,15,4.6036,3.1033,3.0000
105,workers,0,-3.4847,-3.7397,3.0000
105,workers,1,7.1036,-3.6537,3.0000
105,workers,2,-2.1278,3.9692,3.0000
105,workers,3,5.9796,4.1157,3.0000
106,general,0,0.0000,0.0000,5.0000
106,nodes,0,-5.1359,-4.4103,3.0000
106,nodes,1,5.1360,-4.4111,3.0000
106,nodes,2,-4.5720,4.5722,3.0000
106,nodes,3,4.5725,4.5724,3.0000
106,scouts,0,-3.6274,-4.4473,3.0000
106,scouts,1,-5.1274,-2.9473,3.0000
106,scouts,2,-6.6274,-4.4473,3.0000
106,scouts,3,-5.1274,-5.9473,3.0000
106,scouts,4,6.6275,-4.4479,3.0000
106,scouts,5,5.1275,-2.9479,3.0000
106,scouts,6,3.6275,-4.4479,3.0000
106,scouts,7,5.1275,-5.9479,3.0000
106,scouts,8,-3.0989,4.5990,3.0000
106,scouts,9,-4.5989,6.0990,3.0000
106,scouts,10,-6.0989,4.5990,3.0000
106,scouts,11,-4.5989,3.0990,3.0000
106,scouts,12,6.0995,4.5992,3.0000
106,scouts,13,4.5995,6.0992,3.0000
106,scouts,14,3.0995,4.5992,3.0000
106,scouts,15,4.5995,3.0992,3.0000
106,workers,0,-3.4967,-3.7087,3.0000
106,workers,1,7.1061,-3.6205,3.0000
106,workers,2,-2.1063,3.9438,3.0000
106,workers,3,5.9545,4.0939,3.0000
107,general,0,0.0000,0.0000,5.0000
107,nodes,0,-5.1372,-4.4046,3.0000
107,nodes,1,5.1373,-4.4053,3.0000
107,nodes,2,-4.5679,4.5680,3.0000
107,nodes,3,4.5684,4.5683,3.0000
107,scouts,0,-3.6288,-4.4416,3.0000
107,scouts,1,-5.1288,-2.9416,3.0000
107,scouts,2,-6.6288,-4.4416,3.0000
107,scouts,3,-5.1288,-5.9416,3.0000
107,scouts,4,6.6288,-4.4422,3.0000
107,scouts,5,5.1288,-2.9422,3.0000
107,scouts,6,3.6288,-4.4422,3.0000
107,scouts,7,5.1288,-5.9422,3.0000
107,scouts,8,-3.0947,4.5949,3.0000
107,scouts,9,-4.5947,6.0949,3.0000
107,scouts,10,-6.0947,4.5949,3.0000
107,scouts,11,-4.5947,3.0949,3.0000
107,scouts,12,6.0953,4.5951,3.0000
107,scouts,13,4.5953,6.0951,3.0000
107,scouts,14,3.0953,4.5951,3.0000
107,scouts,15,4.5953,3.0951,3.0000
107,workers,0,-3.5086,-3.6776,3.0000
107,workers,1,7.1087,-3.5873,3.0000
107,workers,2,-2.0848,3.9184,3.0000
107,workers,3,5.9293,4.0721,3.0000
108,general,0,0.0000,0.0000,5.0000
108,nodes,0,-5.1386,-4.3988,3.0000
108,nodes,1,5.1387,-4.3996,3.0000
108,nodes,2,-4.5637,4.5639,3.0000
108,nodes,3,4.5642,4.5642,3.0000
108,scouts,0,-3.6301,-4.4359,3.0000
108,scouts,1,-5.1301,-2.9359,3.0000
108,scouts,2,-6.6301,-4.4359,3.0000
108,scouts,3,-5.1301,-5.9359,3.0000
108,scouts,4,6.6301,-4.4366,3.0000
108,scouts,5,5.1301,-2.9366,3.0000
108,scouts,6,3.6301,-4.4366,3.0000
108,scouts,7,5.1301,-5.9366,3.0000
108,scouts,8,-3.0906,4.5908,3.0000
108,scouts,9,-4.5906,6.0908,3.0000
108,scouts,10,-6.0906,4.5908,3.0000
108,scouts,11,-4.5906,3.0908,3.0000
108,scouts,12,6.0912,4.5910,3.0000
108,scouts,13,4.5912,6.0910,3.0000
108,scouts,14,3.0912,4.5910,3.0000
108,scouts,15,4.5912,3.0910,3.0000
108,workers,0,-3.5206,-3.6465,3.0000
108,workers,1,7.1112,-3.5541,3.0000
108,workers,2,-2.0633,3.8930,3.0000
108,workers,3,5.9041,4.0502,3.0000
109,general,0,0.0000,0.0000,5.0000
109,nodes,0,-5.1399,-4.3931,3.0000
109,nodes,1,5.1400,-4.3940,3.0000
109,nodes,2,-4.5595,4.5598,3.0000
109,nodes,3,4.5600,4.5601,3.0000
109,scouts,0,-3.6314,-4.4302,3.0000
109,scouts,1,-5.1314,-2.9302,3.0000
109,scouts,2,-6.6314,-4.4302,3.0000
109,scouts,3,-5.1314,-5.9302,3.0000
109,scouts,4,6.6314,-4.4309,3.0000
109,scouts,5,5.1314,-2.9309,3.0000
109,scouts,6,3.6314,-4.4309,3.0000
109,scouts,7,5.1314,-5.9309,3.0000
109,scouts,8,-3.0864,4.5866,3.0000
109,scouts,9,-4.5864,6.0866,3.0000
109,scouts,10,-6.0864,4.5866,3.0000
109,scouts,11,-4.5864,3.0866,3.0000
109,scouts,12,6.0870,4.5868,3.0000
109,scouts,13,4.5870,6.0868,3.0000
109,scouts,14,3.0870,4.5868,3.0000
109,scouts,15,4.5870,3.0868,3.0000
109,workers,0,-3.5325,-3.6154,3.0000
109,workers,1,7.1138,-3.5209,3.0000
109,workers,2,-2.0418,3.8675,3.0000
109,workers,3,5.8790,4.0284,3.0000
110,general,0,0.0000,0.0000,5.0000
110,nodes,0,-5.1413,-4.3873,3.0000
110,nodes,1,5.1413,-4.3883,3.0000
110,nodes,2,-4.5553,4.5556,3.0000
110,nodes,3,4.5559,4.5560,3.0000
110,scouts,0,-3.6327,-4.4245,3.0000
110,scouts,1,-5.1327,-2.9245,3.0000
110,scouts,2,-6.6327,-4.4245,3.0000
110,scouts,3,-5.1327,-5.9245,3.0000
110,scouts,4,6.6328,-4.4252,3.0000
110,scouts,5,5.1328,-2.9252,3.0000
110,scouts,6,3.6328,-4.4252,3.0000
110,scouts,7,5.1328,-5.9252,3.0000
110,scouts,8,-3.0823,4.5825,3.0000
110,scouts,9,-4.5823,6.0825,3.0000
110,scouts,10,-6.0823,4.5825,3.0000
110,scouts,11,-4.5823,3.0825,3.0000
110,scouts,12,6.0829,4.5827,3.0000
110,scouts,13,4.5829,6.0827,3.0000
110,scouts,14,3.0829,4.5827,3.0000
110,scouts,15,4.5829,3.0827,3.0000
110,workers,0,-3.5445,-3.5843,3.0000
110,workers,1,7.1163,-3.4877,3.0000
110,workers,2,-2.0202,3.8421,3.0000
110,workers,3,5.8538,4.0066,3.0000
111,general,0,0.0000,0.0000,5.0000
111,nodes,0,-5.1425,-4.3816,3.0000
111,nodes,1,5.1427,-4.3827,3.0000
111,nodes,2,-4.5511,4.5515,3.0000
111,nodes,3,4.5518,4.5519,3.0000
111,scouts,0,-3.6340,-4.4188,3.0000
111,scouts,1,-5.1340,-2.9188,3.0000
111,scouts,2,-6.6340,-4.4188,3.0000
111,scouts,3,-5.1340,-5.9188,3.0000
111,scouts,4,6.6341,-4.4195,3.0000
111,scouts,5,5.1341,-2.9195,3.0000
111,scouts,6,3.6341,-4.4195,3.0000
111,scouts,7,5.1341,-5.9195,3.0000
111,scouts,8,-3.0781,4.5784,3.0000
111,scouts,9,-4.5781,6.0784,3.0000
111,scouts,10,-6.0781,4.5784,3.0000
111,scouts,11,-4.5781,3.0784,3.0000
111,scouts,12,6.0787,4.5786,3.0000
111,scouts,13,4.5787,6.0786,3.0000
111,scouts,14,3.0787,4.5786,3.0000
111,scouts,15,4.5787,3.0786,3.0000
111,workers,0,-3.5565,-3.5532,3.0000
111,workers,1,7.1189,-3.4545,3.0000
111,workers,2,-1.9987,3.8167,3.0000
111,workers,3,5.8286,3.9848,3.0000
112,general,0,0.0000,0.0000,5.0000
112,nodes,0,-5.1438,-4.3759,3.0000
112,nodes,1,5.1441,-4.3770,3.0000
112,nodes,2,-4.5469,4.5475,3.0000
112,nodes,3,4.5476,4.5478,3.0000
112,scouts,0,-3.6353,-4.4131,3.0000
112,scouts,1,-5.1353,-2.9131,3.0000
112,scouts,2,-6.6353,-4.4131,3.0000
112,scouts,3,-5.1353,-5.9131,3.0000
112,scouts,4,6.6354,-4.4139,3.0000
112,scouts,5,5.1354,-2.9139,3.0000
112,scouts,6,3.6354,-4.4139,3.0000
112,scouts,7,5.1354,-5.9139,3.0000
112,scouts,8,-3.0740,4.5743,3.0000
112,scouts,9,-4.5740,6.0743,3.0000
112,scouts,10,-6.0740,4.5743,3.0000
112,scouts,11,-4.5740,3.0743,3.0000
112,scouts,12,6.0746,4.5745,3.0000
112,scouts,13,4.5746,6.0745,3.0000
112,scouts,14,3.0746,4.5745,3.0000
112,scouts,15,4.5746,3.0745,3.0000
112,workers,0,-3.5684,-3.5221,3.0000
112,workers,1,7.1214,-3.4212,3.0000
112,workers,2,-1.9772,3.7912,3.0000
112,workers,3,5.8034,3.9630,3.0000
113,general,0,0.0000,0.0000,5.0000
113,nodes,0,-5.1451,-4.3702,3.0000
113,nodes,1,5.1454,-4.3714,3.0000
113,nodes,2,-4.5428,4.5434,3.0000
113,nodes,3,4.5435,4.5437,3.0000
113,scouts,0,-3.6366,-4.4074,3.0000
113,scouts,1,-5.1366,-2.9074,3.0000
113,scouts,2,-6.6366,-4.4074,3.0000
113,scouts,3,-5.1366,-5.9074,3.0000
113,scouts,4,6.6367,-4.4082,3.0000
113,scouts,5,5.1367,-2.9082,3.0000
113,scouts,6,3.6367,-4.4082,3.0000
113,scouts,7,5.1367,-5.9082,3.0000
113,scouts,8,-3.0698,4.5701,3.0000
113,scouts,9,-4.5698,6.0701,3.0000
113,scouts,10,-6.0698,4.5701,3.0000
113,scouts,11,-4.5698,3.0701,3.0000
113,scouts,12,6.0704,4.5704,3.0000
113,scouts,13,4.5704,6.0704,3.0000
113,scouts,14,3.0704,4.5704,3.0000
113,scouts,15,4.5704,3.0704,3.0000
113,workers,0,-3.5804,-3.4910,3.0000
113,workers,1,7.1240,-3.3880,3.0000
113,workers,2,-1.9557,3.7658,3.0000
113,workers,3,5.7782,3.9411,3.0000
114,general,0,0.0000,0.0000,5.0000
114,nodes,0,-5.1464,-4.3646,3.0000
114,nodes,1,5.1467,-4.3656,3.0000
114,nodes,2,-4.5387,4.5392,3.0000
114,nodes,3,4.5393,4.5396,3.0000
114,scouts,0,-3.6379,-4.4017,3.0000
114,scouts,1,-5.1379,-2.9017,3.0000
114,scouts,2,-6.6379,-4.4017,3.0000
114,scouts,3,-5.1379,-5.9017,3.0000
114,scouts,4,6.6381,-4.4025,3.0000
114,scouts,5,5.1381,-2.9025,3.0000
114,scouts,6,3.6381,-4.4025,3.0000
114,scouts,7,5.1381,-5.9025,3.0000
114,scouts,8,-3.0657,4.5660,3.0000
114,scouts,9,-4.5657,6.0660,3.0000
114,scouts,10,-6.0657,4.5660,3.0000
114,scouts,11,-4.5657,3.0660,3.0000
114,scouts,12,6.0663,4.5663,3.0000
114,scouts,13,4.5663,6.0663,3.0000
114,scouts,14,3.0663,4.5663,3.0000
114,scouts,15,4.5663,3.0663,3.0000
114,workers,0,-3.5923,-3.4599,3.0000
114,workers,1,7.1266,-3.3548,3.0000
114,workers,2,-1.9341,3.7404,3.0000
114,workers,3,5.7531,3.9193,3.0000
115,general,0,0.0000,0.0000,5.0000
115,nodes,0,-5.1476,-4.3588,3.0000
115,nodes,1,5.1481,-4.3600,3.0000
115,nodes,2,-4.5345,4.5352,3.0000
115,nodes,3,4.5351,4.5355,3.0000
115,scouts,0,-3.6392,-4.3959,3.0000
115,scouts,1,-5.1392,-2.8959,3.0000
115,scouts,2,-6.6392,-4.3959,3.0000
115,scouts,3,-5.1392,-5.8959,3.0000
115,scouts,4,6.6394,-4.3969,3.0000
115,scouts,5,5.1394,-2.8969,3.0000
115,scouts,6,3.6394,-4.3969,3.0000
115,scouts,7,5.1394,-5.8969,3.0000
115,scouts,8,-3.0615,4.5619,3.0000
115,scouts,9,-4.5615,6.0619,3.0000
115,scouts,10,-6.0615,4.5619,3.0000
115,scouts,11,-4.5615,3.0619,3.0000
115,scouts,12,6.0621,4.5622,3.0000
115,scouts,13,4.5621,6.0622,3.0000
115,scouts,14,3.0621,4.5622,3.0000
115,scouts,15,4.5621,3.0622,3.0000
115,workers,0,-3.6043,-3.4288,3.0000
115,workers,1,7.1291,-3.3216,3.0000
115,workers,2,-1.9126,3.7149,3.0000
115,workers,3,5.7279,3.8975,3.0000
116,general,0,0.0000,0.0000,5.0000
116,nodes,0,-5.1489,-4.3530,3.0000
116,nodes,1,5.1495,-4.3544,3.0000
116,nodes,2,-4.5303,4.5311,3.0000
116,nodes,3,4.5309,4.5313,3.0000
116,scouts,0,-3.6405,-4.3902,3.0000
116,scouts,1,-5.1405,-2.8902,3.0000
116,scouts,2,-6.6405,-4.3902,3.0000
116,scouts,3,-5.1405,-5.8902,3.0000
116,scouts,4,6.6408,-4.3912,3.0000
116,scouts,5,5.1408,-2.8912,3.0000
116,scouts,6,3.6408,-4.3912,3.0000
116,scouts,7,5.1408,-5.8912,3.0000
116,scouts,8,-3.0573,4.5578,3.0000
116,scouts,9,-4.5573,6.0578,3.0000
116,scouts,10,-6.0573,4.5578,3.0000
116,scouts,11,-4.5573,3.0578,3.0000
116,scouts,12,6.0580,4.5581,3.0000
116,scouts,13,4.5580,6.0581,3.0000
116,scouts,14,3.0580,4.5581,3.0000
116,scouts,15,4.5580,3.0581,3.0000
116,workers,0,-3.6163,-3.3977,3.0000
116,workers,1,7.1317,-3.2883,3.0000
116,workers,2,-1.8911,3.6895,3.0000
116,workers,3,5.7027,3.8757,3.0000
117,general,0,0.0000,0.0000,5.0000
117,nodes,0,-5.1503,-4.3473,3.0000
117,nodes,1,5.1508,-4.3488,3.0000
117,nodes,2,-4.5262,4.5270,3.0000
117,nodes,3,4.5268,4.5271,3.0000
117,scouts,0,-3.6418,-4.3845,3.0000
117,scouts,1,-5.1418,-2.8845,3.0000
117,scouts,2,-6.6418,-4.3845,3.0000
117,scouts,3,-5.1418,-5.8845,3.0000
117,scouts,4,6.6421,-4.3856,3.0000
117,scouts,5,5.1421,-2.8856,3.0000
117,scouts,6,3.6421,-4.3856,3.0000
117,scouts,7,5.1421,-5.8856,3.0000
117,scouts,8,-3.0532,4.5537,3.0000
117,scouts,9,-4.5532,6.0537,3.0000
117,scouts,10,-6.0532,4.5537,3.0000
117,scouts,11,-4.5532,3.0537,3.0000
117,scouts,12,6.0538,4.5539,3.0000
117,scouts,13,4.5538,6.0539,3.0000
117,scouts,14,3.0538,4.5539,3.0000
117,scouts,15,4.5538,3.0539,3.0000
117,workers,0,-3.6282,-3.3666,3.0000
117,workers,1,7.1342,-3.2551,3.0000
117,workers,2,-1.8696,3.6640,3.0000
117,workers,3,5.6775,3.8538,3.0000
118,general,0,0.0000,0.0000,5.0000
118,nodes,0,-5.1515,-4.3416,3.0000
118,nodes,1,5.1522,-4.3431,3.0000
118,nodes,2,-4.5221,4.5228,3.0000
118,nodes,3,4.5227,4.5230,3.0000
118,scouts,0,-3.6431,-4.3788,3.0000
118,scouts,1,-5.1431,-2.8788,3.0000
118,scouts,2,-6.6431,-4.3788,3.0000
118,scouts,3,-5.1431,-5.8788,3.0000
118,scouts,4,6.6434,-4.3799,3.0000
118,scouts,5,5.1434,-2.8799,3.0000
118,scouts,6,3.6434,-4.3799,3.0000
118,scouts,7,5.1434,-5.8799,3.0000
118,scouts,8,-3.0490,4.5496,3.0000
118,scouts,9,-4.5490,6.0496,3.0000
118,scouts,10,-6.0490,4.5496,3.0000
118,scouts,11,-4.5490,3.0496,3.0000
118,scouts,12,6.0497,4.5498,3.0000
118,scouts,13,4.5497,6.0498,3.0000
118,scouts,14,3.0497,4.5498,3.0000
118,scouts,15,4.5497,3.0498,3.0000
118,workers,0,-3.6402,-3.3355,3.0000
118,workers,1,7.1368,-3.2219,3.0000
118,workers,2,-1.8480,3.6386,3.0000
118,workers,3,5.6523,3.8320,3.0000
119,general,0,0.0000,0.0000,5.0000
119,nodes,0,-5.1529,-4.3359,3.0000
119,nodes,1,5.1535,-4.3375,3.0000
119,nodes,2,-4.5179,4.5187,3.0000
119,nodes,3,4.5185,4.5188,3.0000
119,scouts,0,-3.6444,-4.3731,3.0000
119,scouts,1,-5.1444,-2.8731,3.0000
119,scouts,2,-6.6444,-4.3731,3.0000
119,scouts,3,-5.1444,-5.8731,3.0000
119,scouts,4,6.6448,-4.3742,3.0000
119,scouts,5,5.1448,-2.8742,3.0000
119,scouts,6,3.6448,-4.3742,3.0000
119,scouts,7,5.1448,-5.8742,3.0000
119,scouts,8,-3.0449,4.5455,3.0000
119,scouts,9,-4.5449,6.0455,3.0000
119,scouts,10,-6.0449,4.5455,3.0000
119,scouts,11,-4.5449,3.0455,3.0000
119,scouts,12,6.0455,4.5457,3.0000
119,scouts,13,4.5455,6.0457,3.0000
119,scouts,14,3.0455,4.5457,3.0000
119,scouts,15,4.5455,3.0457,3.0000
119,workers,0,-3.6522,-3.3044,3.0000
119,workers,1,7.1393,-3.1886,3.0000
119,workers,2,-1.8265,3.6132,3.0000
119,workers,3,5.6271,3.8102,3.0000
120,general,0,0.0000,0.0000,5.0000
120,nodes,0,-5.1542,-4.3303,3.0000
120,nodes,1,5.1548,-4.3318,3.0000
120,nodes,2,-4.5138,4.5146,3.0000
120,nodes,3,4.5144,4.5147,3.0000
120,scouts,0,-3.6457,-4.3673,3.0000
120,scouts,1,-5.1457,-2.8673,3.0000
120,scouts,2,-6.6457,-4.3673,3.0000
120,scouts,3,-5.1457,-5.8673,3.0000
120,scouts,4,6.6461,-4.3686,3.0000
120,scouts,5,5.1461,-2.8686,3.0000
120,scouts,6,3.6461,-4.3686,3.0000
120,scouts,7,5.1461,-5.8686,3.0000
120,scouts,8,-3.0407,4.5413,3.0000
120,scouts,9,-4.5407,6.0413,3.0000
120,scouts,10,-6.0407,4.5413,3.0000
120,scouts,11,-4.5407,3.0413,3.0000
120,scouts,12,6.0413,4.5415,3.0000
120,scouts,13,4.5413,6.0415,3.0000
120,scouts,14,3.0413,4.5415,3.0000
120,scouts,15,4.5413,3.0415,3.0000
120,workers,0,-3.6641,-3.2733,3.0000
120,workers,1,7.1419,-3.1554,3.0000
120,workers,2,-1.8050,3.5877,3.0000
120,workers,3,5.6020,3.7884,3.0000
121,general,0,0.0000,0.0000,5.0000
121,nodes,0,-5.1555,-4.3246,3.0000
121,nodes,1,5.1561,-4.3261,3.0000
121,nodes,2,-4.5096,4.5104,3.0000
121,nodes,3,4.5102,4.5105,3.0000
121,scouts,0,-3.6470,-4.3617,3.0000
121,scouts,1,-5.1470,-2.8617,3.0000
121,scouts,2,-6.6470,-4.3617,3.0000
121,scouts,3,-5.1470,-5.8617,3.0000
121,scouts,4,6.6474,-4.3629,3.0000
121,scouts,5,5.1474,-2.8629,3.0000
121,scouts,6,3.6474,-4.3629,3.0000
121,scouts,7,5.1474,-5.8629,3.0000
121,scouts,8,-3.0366,4.5372,3.0000
121,scouts,9,-4.5366,6.0372,3.0000
121,scouts,10,-6.0366,4.5372,3.0000
121,scouts,11,-4.5366,3.0372,3.0000
121,scouts,12,6.0372,4.5374,3.0000
121,scouts,13,4.5372,6.0374,3.0000
121,scouts,14,3.0372,4.5374,3.0000
121,scouts,15,4.5372,3.0374,3.0000
121,workers,0,-3.6761,-3.2422,3.0000
121,workers,1,7.1444,-3.1222,3.0000
121,workers,2,-1.7835,3.5623,3.0000
121,workers,3,5.5768,3.7665,3.0000
122,general,0,0.0000,0.0000,5.0000
122,nodes,0,-5.1568,-4.3189,3.0000
122,nodes,1,5.1574,-4.3204,3.0000
122,nodes,2,-4.5055,4.5063,3.0000
122,nodes,3,4.5061,4.5064,3.0000
122,scouts,0,-3.6483,-4.3560,3.0000
122,scouts,1,-5.1483,-2.8560,3.0000
122,scouts,2,-6.6483,-4.3560,3.0000
122,scouts,3,-5.1483,-5.8560,3.0000
122,scouts,4,6.6488,-4.3572,3.0000
122,scouts,5,5.1488,-2.8572,3.0000
122,scouts,6,3.6488,-4.3572,3.0000
122,scouts,7,5.1488,-5.8572,3.0000
122,scouts,8,-3.0324,4.5331,3.0000
122,scouts,9,-4.5324,6.0331,3.0000
122,scouts,10,-6.0324,4.5331,3.0000
122,scouts,11,-4.5324,3.0331,3.0000
122,scouts,12,6.0330,4.5333,3.0000
122,scouts,13,4.5330,6.0333,3.0000
122,scouts,14,3.0330,4.5333,3.0000
122,scouts,15,4.5330,3.0333,3.0000
122,workers,0,-3.6881,-3.2111,3.0000
122,workers,1,7.1470,-3.0890,3.0000
122,workers,2,-1.7619,3.5368,3.0000
122,workers,3,5.5516,3.7447,3.0000
123,general,0,0.0000,0.0000,5.0000
123,nodes,0,-5.1581,-4.3132,3.0000
123,nodes,1,5.1587,-4.3147,3.0000
123,nodes,2,-4.5014,4.5022,3.0000
123,nodes,3,4.5020,4.5023,3.0000
123,scouts,0,-3.6496,-4.3503,3.0000
123,scouts,1,-5.1496,-2.8503,3.0000
123,scouts,2,-6.6496,-4.3503,3.0000
123,scouts,3,-5.1496,-5.8503,3.0000
123,scouts,4,6.6501,-4.3516,3.0000
123,scouts,5,5.1501,-2.8516,3.0000
123,scouts,6,3.6501,-4.3516,3.0000
123,scouts,7,5.1501,-5.8516,3.0000
123,scouts,8,-3.0283,4.5290,3.0000
123,scouts,9,-4.5283,6.0290,3.0000
123,scouts,10,-6.0283,4.5290,3.0000
123,scouts,11,-4.5283,3.0290,3.0000
123,scouts,12,6.0289,4.5291,3.0000
123,scouts,13,4.5289,6.0291,3.0000
123,scouts,14,3.0289,4.5291,3.0000
123,scouts,15,4.5289,3.0291,3.0000
123,workers,0,-3.7000,-3.1800,3.0000
123,workers,1,7.1496,-3.0557,3.0000
123,workers,2,-1.7404,3.5114,3.0000
123,workers,3,5.5264,3.7229,3.0000
124,general,0,0.0000,0.0000,5.0000
124,nodes,0,-5.1594,-4.3075,3.0000
124,nodes,1,5.1599,-4.3090,3.0000
124,nodes,2,-4.4972,4.4981,3.0000
124,nodes,3,4.4979,4.4982,3.0000
124,scouts,0,-3.6509,-4.3446,3.0000
124,scouts,1,-5.1509,-2.8446,3.0000
124,scouts,2,-6.6509,-4.3446,3.0000
124,scouts,3,-5.1509,-5.8446,3.0000
124,scouts,4,6.6514,-4.3459,3.0000
124,scouts,5,5.1514,-2.8459,3.0000
124,scouts,6,3.6514,-4.3459,3.0000
124,scouts,7,5.1514,-5.8459,3.0000
124,scouts,8,-3.0242,4.5249,3.0000
124,scouts,9,-4.5242,6.0249,3.0000
124,scouts,10,-6.0242,4.5249,3.0000
124,scouts,11,-4.5242,3.0249,3.0000
124,scouts,12,6.0248,4.5250,3.0000
124,scouts,13,4.5248,6.0250,3.0000
124,scouts,14,3.0248,4.5250,3.0000
124,scouts,15,4.5248,3.0250,3.0000
124,workers,0,-3.7120,-3.1488,3.0000
124,workers,1,7.1521,-3.0225,3.0000
124,workers,2,-1.7189,3.4859,3.0000
124,workers,3,5.5012,3.7010,3.0000
125,general,0,0.0000,0.0000,5.0000
125,nodes,0,-5.1607,-4.3017,3.0000
125,nodes,1,5.1612,-4.3033,3.0000
125,nodes,2,-4.4932,4.4939,3.0000
125,nodes,3,4.4937,4.4940,3.0000
125,scouts,0,-3.6522,-4.3388,3.0000
125,scouts,1,-5.1522,-2.8388,3.0000
125,scouts,2,-6.6522,-4.3388,3.0000
125,scouts,3,-5.1522,-5.8388,3.0000
125,scouts,4,6.6527,-4.3402,3.0000
125,scouts,5,5.1527,-2.8402,3.0000
125,scouts,6,3.6527,-4.3402,3.0000
125,scouts,7,5.1527,-5.8402,3.0000
125,scouts,8,-3.0200,4.5207,3.0000
125,scouts,9,-4.5200,6.0207,3.0000
125,scouts,10,-6.0200,4.5207,3.0000
125,scouts,11,-4.5200,3.0207,3.0000
125,scouts,12,6.0206,4.5209,3.0000
125,scouts,13,4.5206,6.0209,3.0000
125,scouts,14,3.0206,4.5209,3.0000
125,scouts,15,4.5206,3.0209,3.0000
125,workers,0,-3.7239,-3.1177,3.0000
125,workers,1,7.1547,-2.9893,3.0000
125,workers,2,-1.6973,3.4605,3.0000
125,workers,3,5.4760,3.6792,3.0000
126,general,0,0.0000,0.0000,5.0000
126,nodes,0,-5.1620,-4.2961,3.0000
126,nodes,1,5.1625,-4.2976,3.0000
126,nodes,2,-4.4890,4.4898,3.0000
126,nodes,3,4.4896,4.4899,3.0000
126,scouts,0,-3.6535,-4.3331,3.0000
126,scouts,1,-5.1535,-2.8331,3.0000
126,scouts,2,-6.6535,-4.3331,3.0000
126,scouts,3,-5.1535,-5.8331,3.0000
126,scouts,4,6.6540,-4.3345,3.0000
126,scouts,5,5.1540,-2.8345,3.0000
126,scouts,6,3.6540,-4.3345,3.0000
126,scouts,7,5.1540,-5.8345,3.0000
126,scouts,8,-3.0159,4.5166,3.0000
126,scouts,9,-4.5159,6.0166,3.0000
126,scouts,10,-6.0159,4.5166,3.0000
126,scouts,11,-4.5159,3.0166,3.0000
126,scouts,12,6.0165,4.5168,3.0000
126,scouts,13,4.5165,6.0168,3.0000
126,scouts,14,3.0165,4.5168,3.0000
126,scouts,15,4.5165,3.0168,3.0000
126,workers,0,-3.7359,-3.0866,3.0000
126,workers,1,7.1572,-2.9560,3.0000
126,workers,2,-1.6758,3.4350,3.0000
126,workers,3,5.4508,3.6574,3.0000
127,general,0,0.0000,0.0000,5.0000
127,nodes,0,-5.1633,-4.2904,3.0000
127,nodes,1,5.1638,-4.2919,3.0000
127,nodes,2,-4.4849,4.4857,3.0000
127,nodes,3,4.4854,4.4857,3.0000
127,scouts,0,-3.6548,-4.3275,3.0000
127,scouts,1,-5.1548,-2.8275,3.0000
127,scouts,2,-6.6548,-4.3275,3.0000
127,scouts,3,-5.1548,-5.8275,3.0000
127,scouts,4,6.6553,-4.3289,3.0000
127,scouts,5,5.1553,-2.8289,3.0000
127,scouts,6,3.6553,-4.3289,3.0000
127,scouts,7,5.1553,-5.8289,3.0000
127,scouts,8,-3.0118,4.5125,3.0000
127,scouts,9,-4.5118,6.0125,3.0000
127,scouts,10,-6.0118,4.5125,3.0000
127,scouts,11,-4.5118,3.0125,3.0000
127,scouts,12,6.0123,4.5126,3.0000
127,scouts,13,4.5123,6.0126,3.0000
127,scouts,14,3.0123,4.5126,3.0000
127,scouts,15,4.5123,3.0126,3.0000
127,workers,0,-3.7479,-3.0555,3.0000
127,workers,1,7.1598,-2.9228,3.0000
127,workers,2,-1.6543,3.4096,3.0000
127,workers,3,5.4256,3.6356,3.0000
128,general,0,0.0000,0.0000,5.0000
128,nodes,0,-5.1646,-4.2847,3.0000
128,nodes,1,5.1651,-4.2862,3.0000
128,nodes,2,-4.4808,4.4815,3.0000
128,nodes,3,4.4813,4.4816,3.0000
128,scouts,0,-3.6561,-4.3218,3.0000
128,scouts,1,-5.1561,-2.8218,3.0000
128,scouts,2,-6.6561,-4.3218,3.0000
128,scouts,3,-5.1561,-5.8218,3.0000
128,scouts,4,6.6566,-4.3232,3.0000
128,scouts,5,5.1566,-2.8232,3.0000
128,scouts,6,3.6566,-4.3232,3.0000
128,scouts,7,5.1566,-5.8232,3.0000
128,scouts,8,-3.0076,4.5084,3.0000
128,scouts,9,-4.5076,6.0084,3.0000
128,scouts,10,-6.0076,4.5084,3.0000
128,scouts,11,-4.5076,3.0084,3.0000
128,scouts,12,6.0082,4.5085,3.0000
128,scouts,13,4.5082,6.0085,3.0000
128,scouts,14,3.0082,4.5085,3.0000
128,scouts,15,4.5082,3.0085,3.0000
128,workers,0,-3.7598,-3.0244,3.0000
128,workers,1,7.1623,-2.8896,3.0000
128,workers,2,-1.6327,3.3842,3.0000
128,workers,3,5.4005,3.6137,3.0000
129,general,0,0.0000,0.0000,5.0000
129,nodes,0,-5.1659,-4.2790,3.0000
129,nodes,1,5.1664,-4.2805,3.0000
129,nodes,2,-4.4767,4.4774,3.0000
129,nodes,3,4.4772,4.4774,3.0000
129,scouts,0,-3.6574,-4.3161,3.0000
129,scouts,1,-5.1574,-2.8161,3.0000
129,scouts,2,-6.6574,-4.3161,3.0000
129,scouts,3,-5.1574,-5.8161,3.0000
129,scouts,4,6.6579,-4.3175,3.0000
129,scouts,5,5.1579,-2.8175,3.0000
129,scouts,6,3.6579,-4.3175,3.0000
129,scouts,7,5.1579,-5.8175,3.0000
129,scouts,8,-3.0035,4.5042,3.0000
129,scouts,9,-4.5035,6.0042,3.0000
129,scouts,10,-6.0035,4.5042,3.0000
129,scouts,11,-4.5035,3.0042,3.0000
129,scouts,12,6.0041,4.5043,3.0000
129,scouts,13,4.5041,6.0043,3.0000
129,scouts,14,3.0041,4.5043,3.0000
129,scouts,15,4.5041,3.0043,3.0000
129,workers,0,-3.7718,-2.9933,3.0000
129,workers,1,7.1649,-2.8563,3.0000
129,workers,2,-1.6112,3.3587,3.0000
129,workers,3,5.3753,3.5919,3.0000
130,general,0,0.0000,0.0000,5.0000
130,nodes,0,-5.1672,-4.2733,3.0000
130,nodes,1,5.1677,-4.2748,3.0000
130,nodes,2,-4.4727,4.4732,3.0000
130,nodes,3,4.4731,4.4732,3.0000
130,scouts,0,-3.6587,-4.3104,3.0000
130,scouts,1,-5.1587,-2.8104,3.0000
130,scouts,2,-6.6587,-4.3104,3.0000
130,scouts,3,-5.1587,-5.8104,3.0000
130,scouts,4,6.6592,-4.3118,3.0000
130,scouts,5,5.1592,-2.8118,3.0000
130,scouts,6,3.6592,-4.3118,3.0000
130,scouts,7,5.1592,-5.8118,3.0000
130,scouts,8,-2.9994,4.5001,3.0000
130,scouts,9,-4.4994,6.0001,3.0000
130,scouts,10,-5.9994,4.5001,3.0000
130,scouts,11,-4.4994,3.0001,3.0000
130,scouts,12,5.9999,4.5002,3.0000
130,scouts,13,4.4999,6.0002,3.0000
130,scouts,14,2.9999,4.5002,3.0000
130,scouts,15,4.4999,3.0002,3.0000
130,workers,0,-3.7838,-2.9622,3.0000
130,workers,1,7.1675,-2.8231,3.0000
130,workers,2,-1.5897,3.3333,3.0000
130,workers,3,5.3501,3.5701,3.0000
131,general,0,0.0000,0.0000,5.0000
131,nodes,0,-5.1685,-4.2676,3.0000
131,nodes,1,5.1690,-4.2692,3.0000
131,nodes,2,-4.4686,4.4691,3.0000
131,nodes,3,4.4690,4.4692,3.0000
131,scouts,0,-3.6600,-4.3047,3.0000
131,scouts,1,-5.1600,-2.8047,3.0000
131,scouts,2,-6.6600,-4.3047,3.0000
131,scouts,3,-5.1600,-5.8047,3.0000
131,scouts,4,6.6605,-4.3061,3.0000
131,scouts,5,5.1605,-2.8061,3.0000
131,scouts,6,3.6605,-4.3061,3.0000
131,scouts,7,5.1605,-5.8061,3.0000
131,scouts,8,-2.9953,4.4960,3.0000
131,scouts,9,-4.4953,5.9960,3.0000
131,scouts,10,-5.9953,4.4960,3.0000
131,scouts,11,-4.4953,2.9960,3.0000
131,scouts,12,5.9958,4.4960,3.0000
131,scouts,13,4.4958,5.9960,3.0000
131,scouts,14,2.9958,4.4960,3.0000
131,scouts,15,4.4958,2.9960,3.0000
131,workers,0,-3.7957,-2.9311,3.0000
131,workers,1,7.1700,-2.7899,3.0000
131,workers,2,-1.5682,3.3078,3.0000
131,workers,3,5.3249,3.5482,3.0000
132,general,0,0.0000,0.0000,5.0000
132,nodes,0,-5.1698,-4.2619,3.0000
132,nodes,1,5.1702,-4.2635,3.0000
132,nodes,2,-4.4644,4.4649,3.0000
132,nodes,3,4.4649,4.4650,3.0000
132,scouts,0,-3.6613,-4.2990,3.0000
132,scouts,1,-5.1613,-2.7990,3.0000
132,scouts,2,-6.6613,-4.2990,3.0000
132,scouts,3,-5.1613,-5.7990,3.0000
132,scouts,4,6.6618,-4.3004,3.0000
132,scouts,5,5.1618,-2.8004,3.0000
132,scouts,6,3.6618,-4.3004,3.0000
132,scouts,7,5.1618,-5.8004,3.0000
132,scouts,8,-2.9912,4.4918,3.0000
132,scouts,9,-4.4912,5.9918,3.0000
132,scouts,10,-5.9912,4.4918,3.0000
132,scouts,11,-4.4912,2.9918,3.0000
132,scouts,12,5.9917,4.4919,3.0000
132,scouts,13,4.4917,5.9919,3.0000
132,scouts,14,2.9917,4.4919,3.0000
132,scouts,15,4.4917,2.9919,3.0000
132,workers,0,-3.8077,-2.9000,3.0000
132,workers,1,7.1726,-2.7566,3.0000
132,workers,2,-1.5466,3.2824,3.0000
132,workers,3,5.2997,3.5264,3.0000
133,general,0,0.0000,0.0000,5.0000
133,nodes,0,-5.1711,-4.2563,3.0000
133,nodes,1,5.1716,-4.2579,3.0000
133,nodes,2,-4.4603,4.4608,3.0000
133,nodes,3,4.4609,4.4608,3.0000
133,scouts,0,-3.6626,-4.2933,3.0000
133,scouts,1,-5.1626,-2.7933,3.0000
133,scouts,2,-6.6626,-4.2933,3.0000
133,scouts,3,-5.1626,-5.7933,3.0000
133,scouts,4,6.6631,-4.2948,3.0000
133,scouts,5,5.1631,-2.7948,3.0000
133,scouts,6,3.6631,-4.2948,3.0000
133,scouts,7,5.1631,-5.7948,3.0000
133,scouts,8,-2.9870,4.4877,3.0000
133,scouts,9,-4.4870,5.9877,3.0000
133,scouts,10,-5.9870,4.4877,3.0000
133,scouts,11,-4.4870,2.9877,3.0000
133,scouts,12,5.9876,4.4878,3.0000
133,scouts,13,4.4876,5.9878,3.0000
133,scouts,14,2.9876,4.4878,3.0000
133,scouts,15,4.4876,2.9878,3.0000
133,workers,0,-3.8197,-2.8689,3.0000
133,workers,1,7.1751,-2.7234,3.0000
133,workers,2,-1.5251,3.2569,3.0000
133,workers,3,5.2745,3.5046,3.0000
134,general,0,0.0000,0.0000,5.0000
134,nodes,0,-5.1724,-4.2506,3.0000
134,nodes,1,5.1728,-4.2523,3.0000
134,nodes,2,-4.4562,4.4566,3.0000
134,nodes,3,4.4568,4.4568,3.0000
134,scouts,0,-3.6639,-4.2876,3.0000
134,scouts,1,-5.1639,-2.7876,3.0000
134,scouts,2,-6.6639,-4.2876,3.0000
134,scouts,3,-5.1639,-5.7876,3.0000
134,scouts,4,6.6644,-4.2891,3.0000
134,scouts,5,5.1644,-2.7891,3.0000
134,scouts,6,3.6644,-4.2891,3.0000
134,scouts,7,5.1644,-5.7891,3.0000
134,scouts,8,-2.9829,4.4835,3.0000
134,scouts,9,-4.4829,5.9835,3.0000
134,scouts,10,-5.9829,4.4835,3.0000
134,scouts,11,-4.4829,2.9835,3.0000
134,scouts,12,5.9835,4.4836,3.0000
134,scouts,13,4.4835,5.9836,3.0000
134,scouts,14,2.9835,4.4836,3.0000
134,scouts,15,4.4835,2.9836,3.0000
134,workers,0,-3.8316,-2.8377,3.0000
134,workers,1,7.1777,-2.6902,3.0000
134,workers,2,-1.5036,3.2315,3.0000
134,workers,3,5.2493,3.4827,3.0000
135,general,0,0.0000,0.0000,5.0000
135,nodes,0,-5.1737,-4.2449,3.0000
135,nodes,1,5.1741,-4.2465,3.0000
135,nodes,2,-4.4521,4.4525,3.0000
135,nodes,3,4.4526,4.4526,3.0000
135,scouts,0,-3.6652,-4.2819,3.0000
135,scouts,1,-5.1652,-2.7819,3.0000
135,scouts,2,-6.6652,-4.2819,3.0000
135,scouts,3,-5.1652,-5.7819,3.0000
135,scouts,4,6.6657,-4.2834,3.0000
135,scouts,5,5.1657,-2.7834,3.0000
135,scouts,6,3.6657,-4.2834,3.0000
135,scouts,7,5.1657,-5.7834,3.0000
135,scouts,8,-2.9788,4.4794,3.0000
135,scouts,9,-4.4788,5.9794,3.0000
135,scouts,10,-5.9788,4.4794,3.0000
135,scouts,11,-4.4788,2.9794,3.0000
135,scouts,12,5.9794,4.4795,3.0000
135,scouts,13,4.4794,5.9795,3.0000
135,scouts,14,2.9794,4.4795,3.0000
135,scouts,15,4.4794,2.9795,3.0000
135,workers,0,-3.8436,-2.8066,3.0000
135,workers,1,7.1802,-2.6569,3.0000
135,workers,2,-1.4820,3.2060,3.0000
135,workers,3,5.2241,3.4609,3.0000
136,general,0,0.0000,0.0000,5.0000
136,nodes,0,-5.1750,-4.2392,3.0000
136,nodes,1,5.1754,-4.2409,3.0000
136,nodes,2,-4.4479,4.4484,3.0000
136,nodes,3,4.4485,4.4485,3.0000
136,scouts,0,-3.6665,-4.2762,3.0000
136,scouts,1,-5.1665,-2.7762,3.0000
136,scouts,2,-6.6665,-4.2762,3.0000
136,scouts,3,-5.1665,-5.7762,3.0000
136,scouts,4,6.6670,-4.2777,3.0000
136,scouts,5,5.1670,-2.7777,3.0000
136,scouts,6,3.6670,-4.2777,3.0000
136,scouts,7,5.1670,-5.7777,3.0000
136,scouts,8,-2.9747,4.4753,3.0000
136,scouts,9,-4.4747,5.9753,3.0000
136,scouts,10,-5.9747,4.4753,3.0000
136,scouts,11,-4.4747,2.9753,3.0000
136,scouts,12,5.9752,4.4754,3.0000
136,scouts,13,4.4752,5.9754,3.0000
136,scouts,14,2.9752,4.4754,3.0000
136,scouts,15,4.4752,2.9754,3.0000
136,workers,0,-3.8556,-2.7755,3.0000
136,workers,1,7.1828,-2.6237,3.0000
136,workers,2,-1.4605,3.1806,3.0000
136,workers,3,5.1989,3.4391,3.0000
137,general,0,0.0000,0.0000,5.0000
137,nodes,0,-5.1763,-4.2335,3.0000
137,nodes,1,5.1768,-4.2352,3.0000
137,nodes,2,-4.4437,4.4442,3.0000
137,nodes,3,4.4444,4.4443,3.0000
137,scouts,0,-3.6678,-4.2705,3.0000
137,scouts,1,-5.1678,-2.7705,3.0000
137,scouts,2,-6.6678,-4.2705,3.0000
137,scouts,3,-5.1678,-5.7705,3.0000
137,scouts,4,6.6683,-4.2721,3.0000
137,scouts,5,5.1683,-2.7721,3.0000
137,scouts,6,3.6683,-4.2721,3.0000
137,scouts,7,5.1683,-5.7721,3.0000
137,scouts,8,-2.9706,4.4711,3.0000
137,scouts,9,-4.4706,5.9711,3.0000
137,scouts,10,-5.9706,4.4711,3.0000
137,scouts,11,-4.4706,2.9711,3.0000
137,scouts,12,5.9711,4.4712,3.0000
137,scouts,13,4.4711,5.9712,3.0000
137,scouts,14,2.9711,4.4712,3.0000
137,scouts,15,4.4711,2.9712,3.0000
137,workers,0,-3.8675,-2.7444,3.0000
137,workers,1,7.1854,-2.5904,3.0000
137,workers,2,-1.4390,3.1551,3.0000
137,workers,3,5.1737,3.4172,3.0000
138,general,0,0.0000,0.0000,5.0000
138,nodes,0,-5.1777,-4.2278,3.0000
138,nodes,1,5.1781,-4.2295,3.0000
138,nodes,2,-4.4396,4.4401,3.0000
138,nodes,3,4.4403,4.4402,3.0000
138,scouts,0,-3.6692,-4.2648,3.0000
138,scouts,1,-5.1692,-2.7648,3.0000
138,scouts,2,-6.6692,-4.2648,3.0000
138,scouts,3,-5.1692,-5.7648,3.0000
138,scouts,4,6.6696,-4.2664,3.0000
138,scouts,5,5.1696,-2.7664,3.0000
138,scouts,6,3.6696,-4.2664,3.0000
138,scouts,7,5.1696,-5.7664,3.0000
138,scouts,8,-2.9664,4.4670,3.0000
138,scouts,9,-4.4664,5.9670,3.0000
138,scouts,10,-5.9664,4.4670,3.0000
138,scouts,11,-4.4664,2.9670,3.0000
138,scouts,12,5.9670,4.4671,3.0000
138,scouts,13,4.4670,5.9671,3.0000
138,scouts,14,2.9670,4.4671,3.0000
138,scouts,15,4.4670,2.9671,3.0000
138,workers,0,-3.8795,-2.7133,3.0000
138,workers,1,7.1879,-2.5572,3.0000
138,workers,2,-1.4174,3.1297,3.0000
138,workers,3,5.1486,3.3954,3.0000
139,general,0,0.0000,0.0000,5.0000
139,nodes,0,-5.1790,-4.2221,3.0000
139,nodes,1,5.1794,-4.2239,3.0000
139,nodes,2,-4.4355,4.4360,3.0000
139,nodes,3,4.4363,4.4360,3.0000
139,scouts,0,-3.6705,-4.2591,3.0000
139,scouts,1,-5.1705,-2.7591,3.0000
139,scouts,2,-6.6705,-4.2591,3.0000
139,scouts,3,-5.1705,-5.7591,3.0000
139,scouts,4,6.6709,-4.2607,3.0000
139,scouts,5,5.1709,-2.7607,3.0000
139,scouts,6,3.6709,-4.2607,3.0000
139,scouts,7,5.1709,-5.7607,3.0000
139,scouts,8,-2.9623,4.4628,3.0000
139,scouts,9,-4.4623,5.9628,3.0000
139,scouts,10,-5.9623,4.4628,3.0000
139,scouts,11,-4.4623,2.9628,3.0000
139,scouts,12,5.9629,4.4629,3.0000
139,scouts,13,4.4629,5.9629,3.0000
139,scouts,14,2.9629,4.4629,3.0000
139,scouts,15,4.4629,2.9629,3.0000
139,workers,0,-3.8915,-2.6822,3.0000
139,workers,1,7.1905,-2.5240,3.0000
139,workers,2,-1.3959,3.1043,3.0000
139,workers,3,5.1234,3.3736,3.0000
140,general,0,0.0000,0.0000,5.0000
140,nodes,0,-5.1804,-4.2164,3.0000
140,nodes,1,5.1808,-4.2182,3.0000
140,nodes,2,-4.4315,4.4318,3.0000
140,nodes,3,4.4322,4.4318,3.0000
140,scouts,0,-3.6718,-4.2534,3.0000
140,scouts,1,-5.1718,-2.7534,3.0000
140,scouts,2,-6.6718,-4.2534,3.0000
140,scouts,3,-5.1718,-5.7534,3.0000
140,scouts,4,6.6722,-4.2551,3.0000
140,scouts,5,5.1722,-2.7551,3.0000
140,scouts,6,3.6722,-4.2551,3.0000
140,scouts,7,5.1722,-5.7551,3.0000
140,scouts,8,-2.9582,4.4587,3.0000
140,scouts,9,-4.4582,5.9587,3.0000
140,scouts,10,-5.9582,4.4587,3.0000
140,scouts,11,-4.4582,2.9587,3.0000
140,scouts,12,5.9588,4.4588,3.0000
140,scouts,13,4.4588,5.9588,3.0000
140,scouts,14,2.9588,4.4588,3.0000
140,scouts,15,4.4588,2.9588,3.0000
140,workers,0,-3.9034,-2.6511,3.0000
140,workers,1,7.1930,-2.4907,3.0000
140,workers,2,-1.3744,3.0788,3.0000
140,workers,3,5.0982,3.3518,3.0000
141,general,0,0.0000,0.0000,5.0000
141,nodes,0,-5.1817,-4.2107,3.0000
141,nodes,1,5.1821,-4.2126,3.0000
141,nodes,2,-4.4273,4.4277,3.0000
141,nodes,3,4.4281,4.4277,3.0000
141,scouts,0,-3.6731,-4.2477,3.0000
141,scouts,1,-5.1731,-2.7477,3.0000
141,scouts,2,-6.6731,-4.2477,3.0000
141,scouts,3,-5.1731,-5.7477,3.0000
141,scouts,4,6.6735,-4.2494,3.0000
141,scouts,5,5.1735,-2.7494,3.0000
141,scouts,6,3.6735,-4.2494,3.0000
141,scouts,7,5.1735,-5.7494,3.0000
141,scouts,8,-2.9541,4.4546,3.0000
141,scouts,9,-4.4541,5.9546,3.0000
141,scouts,10,-5.9541,4.4546,3.0000
141,scouts,11,-4.4541,2.9546,3.0000
141,scouts,12,5.9547,4.4546,3.0000
141,scouts,13,4.4547,5.9546,3.0000
141,scouts,14,2.9547,4.4546,3.0000
141,scouts,15,4.4547,2.9546,3.0000
141,workers,0,-3.9154,-2.6200,3.0000
141,workers,1,7.1956,-2.4575,3.0000
141,workers,2,-1.3528,3.0534,3.0000
141,workers,3,5.0730,3.3299,3.0000
142,general,0,0.0000,0.0000,5.0000
142,nodes,0,-5.1831,-4.2050,3.0000
142,nodes,1,5.1833,-4.2069,3.0000
142,nodes,2,-4.4232,4.4236,3.0000
142,nodes,3,4.4240,4.4236,3.0000
142,scouts,0,-3.6745,-4.2420,3.0000
142,scouts,1,-5.1745,-2.7420,3.0000
142,scouts,2,-6.6745,-4.2420,3.0000
142,scouts,3,-5.1745,-5.7420,3.0000
142,scouts,4,6.6748,-4.2437,3.0000
142,scouts,5,5.1748,-2.7437,3.0000
142,scouts,6,3.6748,-4.2437,3.0000
142,scouts,7,5.1748,-5.7437,3.0000
142,scouts,8,-2.9500,4.4504,3.0000
142,scouts,9,-4.4500,5.9504,3.0000
142,scouts,10,-5.9500,4.4504,3.0000
142,scouts,11,-4.4500,2.9504,3.0000
142,scouts,12,5.9506,4.4505,3.0000
142,scouts,13,4.4506,5.9505,3.0000
142,scouts,14,2.9506,4.4505,3.0000
142,scouts,15,4.4506,2.9505,3.0000
142,workers,0,-3.9274,-2.5889,3.0000
142,workers,1,7.1981,-2.4243,3.0000
142,workers,2,-1.3313,3.0279,3.0000
142,workers,3,5.0478,3.3081,3.0000
143,general,0,0.0000,0.0000,5.0000
143,nodes,0,-5.1845,-4.1993,3.0000
143,nodes,1,5.1847,-4.2012,3.0000
143,nodes,2,-4.4190,4.4194,3.0000
143,nodes,3,4.4199,4.4195,3.0000
143,scouts,0,-3.6758,-4.2363,3.0000
143,scouts,1,-5.1758,-2.7363,3.0000
143,scouts,2,-6.6758,-4.2363,3.0000
143,scouts,3,-5.1758,-5.7363,3.0000
143,scouts,4,6.6762,-4.2381,3.0000
143,scouts,5,5.1762,-2.7381,3.0000
143,scouts,6,3.6762,-4.2381,3.0000
143,scouts,7,5.1762,-5.7381,3.0000
143,scouts,8,-2.9458,4.4463,3.0000
143,scouts,9,-4.4458,5.9463,3.0000
143,scouts,10,-5.9458,4.4463,3.0000
143,scouts,11,-4.4458,2.9463,3.0000
143,scouts,12,5.9465,4.4464,3.0000
143,scouts,13,4.4465,5.9464,3.0000
143,scouts,14,2.9465,4.4464,3.0000
143,scouts,15,4.4465,2.9464,3.0000
143,workers,0,-3.9393,-2.5577,3.0000
143,workers,1,7.2007,-2.3910,3.0000
143,workers,2,-1.3098,3.0025,3.0000
143,workers,3,5.0226,3.2863,3.0000
144,general,0,0.0000,0.0000,5.0000
144,nodes,0,-5.1857,-4.1937,3.0000
144,nodes,1,5.1860,-4.1956,3.0000
144,nodes,2,-4.4148,4.4152,3.0000
144,nodes,3,4.4158,4.4153,3.0000
144,scouts,0,-3.6771,-4.2306,3.0000
144,scouts,1,-5.1771,-2.7306,3.0000
144,scouts,2,-6.6771,-4.2306,3.0000
144,scouts,3,-5.1771,-5.7306,3.0000
144,scouts,4,6.6775,-4.2324,3.0000
144,scouts,5,5.1775,-2.7324,3.0000
144,scouts,6,3.6775,-4.2324,3.0000
144,scouts,7,5.1775,-5.7324,3.0000
144,scouts,8,-2.9417,4.4421,3.0000
144,scouts,9,-4.4417,5.9421,3.0000
144,scouts,10,-5.9417,4.4421,3.0000
144,scouts,11,-4.4417,2.9421,3.0000
144,scouts,12,5.9424,4.4422,3.0000
144,scouts,13,4.4424,5.9422,3.0000
144,scouts,14,2.9424,4.4422,3.0000
144,scouts,15,4.4424,2.9422,3.0000
144,workers,0,-3.9513,-2.5266,3.0000
144,workers,1,7.2032,-2.3578,3.0000
144,workers,2,-1.2883,2.9770,3.0000
144,workers,3,4.9974,3.2644,3.0000
145,general,0,0.0000,0.0000,5.0000
145,nodes,0,-5.1872,-4.1880,3.0000
145,nodes,1,5.1872,-4.1899,3.0000
145,nodes,2,-4.4108,4.4110,3.0000
145,nodes,3,4.4117,4.4112,3.0000
145,scouts,0,-3.6785,-4.2250,3.0000
145,scouts,1,-5.1785,-2.7250,3.0000
145,scouts,2,-6.6785,-4.2250,3.0000
145,scouts,3,-5.1785,-5.7250,3.0000
145,scouts,4,6.6788,-4.2267,3.0000
145,scouts,5,5.1788,-2.7267,3.0000
145,scouts,6,3.6788,-4.2267,3.0000
145,scouts,7,5.1788,-5.7267,3.0000
145,scouts,8,-2.9376,4.4380,3.0000
145,scouts,9,-4.4376,5.9380,3.0000
145,scouts,10,-5.9376,4.4380,3.0000
145,scouts,11,-4.4376,2.9380,3.0000
145,scouts,12,5.9383,4.4381,3.0000
145,scouts,13,4.4383,5.9381,3.0000
145,scouts,14,2.9383,4.4381,3.0000
145,scouts,15,4.4383,2.9381,3.0000
145,workers,0,-3.9633,-2.4955,3.0000
145,workers,1,7.2058,-2.3246,3.0000
145,workers,2,-1.2667,2.9516,3.0000
145,workers,3,4.9722,3.2426,3.0000
146,general,0,0.0000,0.0000,5.0000
146,nodes,0,-5.1885,-4.1824,3.0000
146,nodes,1,5.1885,-4.1843,3.0000
146,nodes,2,-4.4066,4.4069,3.0000
146,nodes,3,4.4075,4.4071,3.0000
146,scouts,0,-3.6798,-4.2193,3.0000
146,scouts,1,-5.1798,-2.7193,3.0000
146,scouts,2,-6.6798,-4.2193,3.0000
146,scouts,3,-5.1798,-5.7193,3.0000
146,scouts,4,6.6801,-4.2211,3.0000
146,scouts,5,5.1801,-2.7211,3.0000
146,scouts,6,3.6801,-4.2211,3.0000
146,scouts,7,5.1801,-5.7211,3.0000
146,scouts,8,-2.9335,4.4339,3.0000
146,scouts,9,-4.4335,5.9339,3.0000
146,scouts,10,-5.9335,4.4339,3.0000
146,scouts,11,-4.4335,2.9339,3.0000
146,scouts,12,5.9342,4.4340,3.0000
146,scouts,13,4.4342,5.9340,3.0000
146,scouts,14,2.9342,4.4340,3.0000
146,scouts,15,4.4342,2.9340,3.0000
146,workers,0,-3.9752,-2.4644,3.0000
146,workers,1,7.2084,-2.2913,3.0000
146,workers,2,-1.2452,2.9261,3.0000
146,workers,3,4.9470,3.2208,3.0000
147,general,0,0.0000,0.0000,5.0000
147,nodes,0,-5.1899,-4.1767,3.0000
147,nodes,1,5.1899,-4.1786,3.0000
147,nodes,2,-4.4025,4.4028,3.0000
147,nodes,3,4.4035,4.4029,3.0000
147,scouts,0,-3.6811,-4.2136,3.0000
147,scouts,1,-5.1811,-2.7136,3.0000
147,scouts,2,-6.6811,-4.2136,3.0000
147,scouts,3,-5.1811,-5.7136,3.0000
147,scouts,4,6.6814,-4.2154,3.0000
147,scouts,5,5.1814,-2.7154,3.0000
147,scouts,6,3.6814,-4.2154,3.0000
147,scouts,7,5.1814,-5.7154,3.0000
147,scouts,8,-2.9293,4.4297,3.0000
147,scouts,9,-4.4293,5.9297,3.0000
147,scouts,10,-5.9293,4.4297,3.0000
147,scouts,11,-4.4293,2.9297,3.0000
147,scouts,12,5.9301,4.4298,3.0000
147,scouts,13,4.4301,5.9298,3.0000
147,scouts,14,2.9301,4.4298,3.0000
147,scouts,15,4.4301,2.9298,3.0000
147,workers,0,-3.9872,-2.4333,3.0000
147,workers,1,7.2109,-2.2581,3.0000
147,workers,2,-1.2237,2.9007,3.0000
147,workers,3,4.9219,3.1989,3.0000
148,general,0,0.0000,0.0000,5.0000
148,nodes,0,-5.1912,-4.1710,3.0000
148,nodes,1,5.1913,-4.1730,3.0000
148,nodes,2,-4.3984,4.3986,3.0000
148,nodes,3,4.3994,4.3988,3.0000
148,scouts,0,-3.6825,-4.2079,3.0000
148,scouts,1,-5.1825,-2.7079,3.0000
148,scouts,2,-6.6825,-4.2079,3.0000
148,scouts,3,-5.1825,-5.7079,3.0000
148,scouts,4,6.6827,-4.2098,3.0000
148,scouts,5,5.1827,-2.7098,3.0000
148,scouts,6,3.6827,-4.2098,3.0000
148,scouts,7,5.1827,-5.7098,3.0000
148,scouts,8,-2.9252,4.4256,3.0000
148,scouts,9,-4.4252,5.9256,3.0000
148,scouts,10,-5.9252,4.4256,3.0000
148,scouts,11,-4.4252,2.9256,3.0000
148,scouts,12,5.9260,4.4257,3.0000
148,scouts,13,4.4260,5.9257,3.0000
148,scouts,14,2.9260,4.4257,3.0000
148,scouts,15,4.4260,2.9257,3.0000
148,workers,0,-3.9992,-2.4022,3.0000
148,workers,1,7.2135,-2.2249,3.0000
148,workers,2,-1.2021,2.8752,3.0000
148,workers,3,4.8967,3.1771,3.0000
149,general,0,0.0000,0.0000,5.0000
149,nodes,0,-5.1926,-4.1653,3.0000
149,nodes,1,5.1926,-4.1673,3.0000
149,nodes,2,-4.3943,4.3944,3.0000
149,nodes,3,4.3954,4.3946,3.0000
149,scouts,0,-3.6838,-4.2022,3.0000
149,scouts,1,-5.1838,-2.7022,3.0000
149,scouts,2,-6.6838,-4.2022,3.0000
149,scouts,3,-5.1838,-5.7022,3.0000
149,scouts,4,6.6840,-4.2041,3.0000
149,scouts,5,5.1840,-2.7041,3.0000
149,scouts,6,3.6840,-4.2041,3.0000
149,scouts,7,5.1840,-5.7041,3.0000
149,scouts,8,-2.9211,4.4214,3.0000
149,scouts,9,-4.4211,5.9214,3.0000
149,scouts,10,-5.9211,4.4214,3.0000
149,scouts,11,-4.4211,2.9214,3.0000
149,scouts,12,5.9219,4.4215,3.0000
149,scouts,13,4.4219,5.9215,3.0000
149,scouts,14,2.9219,4.4215,3.0000
149,scouts,15,4.4219,2.9215,3.0000
149,workers,0,-4.0111,-2.3711,3.0000
149,workers,1,7.2160,-2.1916,3.0000
149,workers,2,-1.1806,2.8498,3.0000
149,workers,3,4.8715,3.1553,3.0000
150,general,0,0.0000,0.0000,5.0000
150,nodes,0,-5.1939,-4.1596,3.0000
150,nodes,1,5.1939,-4.1616,3.0000
150,nodes,2,-4.3902,4.3902,3.0000
150,nodes,3,4.3913,4.3905,3.0000
150,scouts,0,-3.6852,-4.1966,3.0000
150,scouts,1,-5.1852,-2.6966,3.0000
150,scouts,2,-6.6852,-4.1966,3.0000
150,scouts,3,-5.1852,-5.6966,3.0000
150,scouts,4,6.6853,-4.1984,3.0000
150,scouts,5,5.1853,-2.6984,3.0000
150,scouts,6,3.6853,-4.1984,3.0000
150,scouts,7,5.1853,-5.6984,3.0000
150,scouts,8,-2.9170,4.4172,3.0000
150,scouts,9,-4.4170,5.9172,3.0000
150,scouts,10,-5.9170,4.4172,3.0000
150,scouts,11,-4.4170,2.9172,3.0000
150,scouts,12,5.9179,4.4174,3.0000
150,scouts,13,4.4179,5.9174,3.0000
150,scouts,14,2.9179,4.4174,3.0000
150,scouts,15,4.4179,2.9174,3.0000
150,workers,0,-4.0231,-2.3400,3.0000
150,workers,1,7.2186,-2.1584,3.0000
150,workers,2,-1.1591,2.8243,3.0000
150,workers,3,4.8463,3.1334,3.0000
151,general,0,0.0000,0.0000,5.0000
151,nodes,0,-5.1952,-4.1539,3.0000
151,nodes,1,5.1952,-4.1560,3.0000
151,nodes,2,-4.3860,4.3861,3.0000
151,nodes,3,4.3871,4.3864,3.0000
151,scouts,0,-3.6865,-4.1909,3.0000
151,scouts,1,-5.1865,-2.6909,3.0000
151,scouts,2,-6.6865,-4.1909,3.0000
151,scouts,3,-5.1865,-5.6909,3.0000
151,scouts,4,6.6866,-4.1928,3.0000
151,scouts,5,5.1866,-2.6928,3.0000
151,scouts,6,3.6866,-4.1928,3.0000
151,scouts,7,5.1866,-5.6928,3.0000
151,scouts,8,-2.9128,4.4131,3.0000
151,scouts,9,-4.4128,5.9131,3.0000
151,scouts,10,-5.9128,4.4131,3.0000
151,scouts,11,-4.4128,2.9131,3.0000
151,scouts,12,5.9138,4.4133,3.0000
151,scouts,13,4.4138,5.9133,3.0000
151,scouts,14,2.9138,4.4133,3.0000
151,scouts,15,4.4138,2.9133,3.0000
151,workers,0,-4.0351,-2.3089,3.0000
151,workers,1,7.2211,-2.1252,3.0000
151,workers,2,-1.1375,2.7989,3.0000
151,workers,3,4.8211,3.1116,3.0000
152,general,0,0.0000,0.0000,5.0000
152,nodes,0,-5.1966,-4.1483,3.0000
152,nodes,1,5.1965,-4.1503,3.0000
152,nodes,2,-4.3819,4.3819,3.0000
152,nodes,3,4.3830,4.3824,3.0000
152,scouts,0,-3.6879,-4.1852,3.0000
152,scouts,1,-5.1879,-2.6852,3.0000
152,scouts,2,-6.6879,-4.1852,3.0000
152,scouts,3,-5.1879,-5.6852,3.0000
152,scouts,4,6.6880,-4.1871,3.0000
152,scouts,5,5.1880,-2.6871,3.0000
152,scouts,6,3.6880,-4.1871,3.0000
152,scouts,7,5.1880,-5.6871,3.0000
152,scouts,8,-2.9087,4.4089,3.0000
152,scouts,9,-4.4087,5.9089,3.0000
152,scouts,10,-5.9087,4.4089,3.0000
152,scouts,11,-4.4087,2.9089,3.0000
152,scouts,12,5.9097,4.4092,3.0000
152,scouts,13,4.4097,5.9092,3.0000
152,scouts,14,2.9097,4.4092,3.0000
152,scouts,15,4.4097,2.9092,3.0000
152,workers,0,-4.0470,-2.2777,3.0000
152,workers,1,7.2237,-2.0919,3.0000
152,workers,2,-1.1160,2.7735,3.0000
152,workers,3,4.7959,3.0898,3.0000
153,general,0,0.0000,0.0000,5.0000
153,nodes,0,-5.1979,-4.1426,3.0000
153,nodes,1,5.1978,-4.1447,3.0000
153,nodes,2,-4.3778,4.3778,3.0000
153,nodes,3,4.3789,4.3783,3.0000
153,scouts,0,-3.6892,-4.1795,3.0000
153,scouts,1,-5.1892,-2.6795,3.0000
153,scouts,2,-6.6892,-4.1795,3.0000
153,scouts,3,-5.1892,-5.6795,3.0000
153,scouts,4,6.6893,-4.1815,3.0000
153,scouts,5,5.1893,-2.6815,3.0000
153,scouts,6,3.6893,-4.1815,3.0000
153,scouts,7,5.1893,-5.6815,3.0000
153,scouts,8,-2.9046,4.4048,3.0000
153,scouts,9,-4.4046,5.9048,3.0000
153,scouts,10,-5.9046,4.4048,3.0000
153,scouts,11,-4.4046,2.9048,3.0000
153,scouts,12,5.9056,4.4050,3.0000
153,scouts,13,4.4056,5.9050,3.0000
153,scouts,14,2.9056,4.4050,3.0000
153,scouts,15,4.4056,2.9050,3.0000
153,workers,0,-4.0590,-2.2466,3.0000
153,workers,1,7.2263,-2.0587,3.0000
153,workers,2,-1.0945,2.7480,3.0000
153,workers,3,4.7707,3.0680,3.0000
154,general,0,0.0000,0.0000,5.0000
154,nodes,0,-5.1992,-4.1369,3.0000
154,nodes,1,5.1992,-4.1390,3.0000
154,nodes,2,-4.3736,4.3736,3.0000
154,nodes,3,4.3748,4.3742,3.0000
154,scouts,0,-3.6905,-4.1738,3.0000
154,scouts,1,-5.1905,-2.6738,3.0000
154,scouts,2,-6.6905,-4.1738,3.0000
154,scouts,3,-5.1905,-5.6738,3.0000
154,scouts,4,6.6906,-4.1758,3.0000
154,scouts,5,5.1906,-2.6758,3.0000
154,scouts,6,3.6906,-4.1758,3.0000
154,scouts,7,5.1906,-5.6758,3.0000
154,scouts,8,-2.9005,4.4006,3.0000
154,scouts,9,-4.4005,5.9006,3.0000
154,scouts,10,-5.9005,4.4006,3.0000
154,scouts,11,-4.4005,2.9006,3.0000
154,scouts,12,5.9015,4.4009,3.0000
154,scouts,13,4.4015,5.9009,3.0000
154,scouts,14,2.9015,4.4009,3.0000
154,scouts,15,4.4015,2.9009,3.0000
154,workers,0,-4.0710,-2.2155,3.0000
154,workers,1,7.2288,-2.0255,3.0000
154,workers,2,-1.0729,2.7226,3.0000
154,workers,3,4.7455,3.0461,3.0000
155,general,0,0.0000,0.0000,5.0000
155,nodes,0,-5.2005,-4.1312,3.0000
155,nodes,1,5.2005,-4.1334,3.0000
155,nodes,2,-4.3696,4.3695,3.0000
155,nodes,3,4.3706,4.3700,3.0000
155,scouts,0,-3.6918,-4.1681,3.0000
155,scouts,1,-5.1918,-2.6681,3.0000
155,scouts,2,-6.6918,-4.1681,3.0000
155,scouts,3,-5.1918,-5.6681,3.0000
155,scouts,4,6.6919,-4.1702,3.0000
155,scouts,5,5.1919,-2.6702,3.0000
155,scouts,6,3.6919,-4.1702,3.0000
155,scouts,7,5.1919,-5.6702,3.0000
155,scouts,8,-2.8963,4.3965,3.0000
155,scouts,9,-4.3963,5.8965,3.0000
155,scouts,10,-5.8963,4.3965,3.0000
155,scouts,11,-4.3963,2.8965,3.0000
155,scouts,12,5.8973,4.3968,3.0000
155,scouts,13,4.3973,5.8968,3.0000
155,scouts,14,2.8973,4.3968,3.0000
155,scouts,15,4.3973,2.8968,3.0000
155,workers,0,-4.0829,-2.1844,3.0000
155,workers,1,7.2314,-1.9922,3.0000
155,workers,2,-1.0514,2.6971,3.0000
155,workers,3,4.7203,3.0243,3.0000
156,general,0,0.0000,0.0000,5.0000
156,nodes,0,-5.2018,-4.1256,3.0000
156,nodes,1,5.2017,-4.1278,3.0000
156,nodes,2,-4.3655,4.3654,3.0000
156,nodes,3,4.3664,4.3658,3.0000
156,scouts,0,-3.6932,-4.1625,3.0000
156,scouts,1,-5.1932,-2.6625,3.0000
156,scouts,2,-6.6932,-4.1625,3.0000
156,scouts,3,-5.1932,-5.6625,3.0000
156,scouts,4,6.6932,-4.1645,3.0000
156,scouts,5,5.1932,-2.6645,3.0000
156,scouts,6,3.6932,-4.1645,3.0000
156,scouts,7,5.1932,-5.6645,3.0000
156,scouts,8,-2.8922,4.3923,3.0000
156,scouts,9,-4.3922,5.8923,3.0000
156,scouts,10,-5.8922,4.3923,3.0000
156,scouts,11,-4.3922,2.8923,3.0000
156,scouts,12,5.8932,4.3927,3.0000
156,scouts,13,4.3932,5.8927,3.0000
156,scouts,14,2.8932,4.3927,3.0000
156,scouts,15,4.3932,2.8927,3.0000
156,workers,0,-4.0949,-2.1533,3.0000
156,workers,1,7.2339,-1.9590,3.0000
156,workers,2,-1.0299,2.6717,3.0000
156,workers,3,4.6951,3.0025,3.0000
157,general,0,0.0000,0.0000,5.0000
157,nodes,0,-5.2031,-4.1199,3.0000
157,nodes,1,5.2031,-4.1221,3.0000
157,nodes,2,-4.3614,4.3612,3.0000
157,nodes,3,4.3623,4.3617,3.0000
157,scouts,0,-3.6945,-4.1568,3.0000
157,scouts,1,-5.1945,-2.6568,3.0000
157,scouts,2,-6.6945,-4.1568,3.0000
157,scouts,3,-5.1945,-5.6568,3.0000
157,scouts,4,6.6945,-4.1589,3.0000
157,scouts,5,5.1945,-2.6589,3.0000
157,scouts,6,3.6945,-4.1589,3.0000
157,scouts,7,5.1945,-5.6589,3.0000
157,scouts,8,-2.8881,4.3882,3.0000
157,scouts,9,-4.3881,5.8882,3.0000
157,scouts,10,-5.8881,4.3882,3.0000
157,scouts,11,-4.3881,2.8882,3.0000
157,scouts,12,5.8891,4.3885,3.0000
157,scouts,13,4.3891,5.8885,3.0000
157,scouts,14,2.8891,4.3885,3.0000
157,scouts,15,4.3891,2.8885,3.0000
157,workers,0,-4.1069,-2.1222,3.0000
157,workers,1,7.2365,-1.9257,3.0000
157,workers,2,-1.0083,2.6462,3.0000
157,workers,3,4.6700,2.9806,3.0000
158,general,0,0.0000,0.0000,5.0000
158,nodes,0,-5.2044,-4.1143,3.0000
158,nodes,1,5.2044,-4.1165,3.0000
158,nodes,2,-4.3573,4.3571,3.0000
158,nodes,3,4.3582,4.3576,3.0000
158,scouts,0,-3.6958,-4.1511,3.0000
158,scouts,1,-5.1958,-2.6511,3.0000
158,scouts,2,-6.6958,-4.1511,3.0000
158,scouts,3,-5.1958,-5.6511,3.0000
158,scouts,4,6.6959,-4.1532,3.0000
158,scouts,5,5.1959,-2.6532,3.0000
158,scouts,6,3.6959,-4.1532,3.0000
158,scouts,7,5.1959,-5.6532,3.0000
158,scouts,8,-2.8840,4.3840,3.0000
158,scouts,9,-4.3840,5.8840,3.0000
158,scouts,10,-5.8840,4.3840,3.0000
158,scouts,11,-4.3840,2.8840,3.0000
158,scouts,12,5.8850,4.3844,3.0000
158,scouts,13,4.3850,5.8844,3.0000
158,scouts,14,2.8850,4.3844,3.0000
158,scouts,15,4.3850,2.8844,3.0000
158,workers,0,-4.1188,-2.0911,3.0000
158,workers,1,7.2390,-1.8925,3.0000
158,workers,2,-0.9868,2.6208,3.0000
158,workers,3,4.6448,2.9588,3.0000
159,general,0,0.0000,0.0000,5.0000
159,nodes,0,-5.2057,-4.1086,3.0000
159,nodes,1,5.2057,-4.1108,3.0000
159,nodes,2,-4.3531,4.3529,3.0000
159,nodes,3,4.3541,4.3535,3.0000
159,scouts,0,-3.6971,-4.1455,3.0000
159,scouts,1,-5.1971,-2.6455,3.0000
159,scouts,2,-6.6971,-4.1455,3.0000
159,scouts,3,-5.1971,-5.6455,3.0000
159,scouts,4,6.6972,-4.1475,3.0000
159,scouts,5,5.1972,-2.6475,3.0000
159,scouts,6,3.6972,-4.1475,3.0000
159,scouts,7,5.1972,-5.6475,3.0000
159,scouts,8,-2.8799,4.3799,3.0000
159,scouts,9,-4.3799,5.8799,3.0000
159,scouts,10,-5.8799,4.3799,3.0000
159,scouts,11,-4.3799,2.8799,3.0000
159,scouts,12,5.8809,4.3803,3.0000
159,scouts,13,4.3809,5.8803,3.0000
159,scouts,14,2.8809,4.3803,3.0000
159,scouts,15,4.3809,2.8803,3.0000
159,workers,0,-4.1308,-2.0600,3.0000
159,workers,1,7.2416,-1.8593,3.0000
159,workers,2,-0.9653,2.5953,3.0000
159,workers,3,4.6196,2.9370,3.0000
160,general,0,0.0000,0.0000,5.0000
160,nodes,0,-5.2070,-4.1030,3.0000
160,nodes,1,5.2071,-4.1051,3.0000
160,nodes,2,-4.3491,4.3489,3.0000
160,nodes,3,4.3500,4.3494,3.0000
160,scouts,0,-3.6984,-4.1398,3.0000
160,scouts,1,-5.1984,-2.6398,3.0000
160,scouts,2,-6.6984,-4.1398,3.0000
160,scouts,3,-5.1984,-5.6398,3.0000
160,scouts,4,6.6985,-4.1419,3.0000
160,scouts,5,5.1985,-2.6419,3.0000
160,scouts,6,3.6985,-4.1419,3.0000
160,scouts,7,5.1985,-5.6419,3.0000
160,scouts,8,-2.8758,4.3758,3.0000
160,scouts,9,-4.3758,5.8758,3.0000
160,scouts,10,-5.8758,4.3758,3.0000
160,scouts,11,-4.3758,2.8758,3.0000
160,scouts,12,5.8767,4.3762,3.0000
160,scouts,13,4.3767,5.8762,3.0000
160,scouts,14,2.8767,4.3762,3.0000
160,scouts,15,4.3767,2.8762,3.0000
160,workers,0,-4.1428,-2.0288,3.0000
160,workers,1,7.2442,-1.8260,3.0000
160,workers,2,-0.9438,2.5699,3.0000
160,workers,3,4.5944,2.9151,3.0000
161,general,0,0.0000,0.0000,5.0000
161,nodes,0,-5.2083,-4.0973,3.0000
161,nodes,1,5.2084,-4.0994,3.0000
161,nodes,2,-4.3450,4.3448,3.0000
161,nodes,3,4.3459,4.3453,3.0000
161,scouts,0,-3.6998,-4.1341,3.0000
161,scouts,1,-5.1998,-2.6341,3.0000
161,scouts,2,-6.6998,-4.1341,3.0000
161,scouts,3,-5.1998,-5.6341,3.0000
161,scouts,4,6.6998,-4.1362,3.0000
161,scouts,5,5.1998,-2.6362,3.0000
161,scouts,6,3.6998,-4.1362,3.0000
161,scouts,7,5.1998,-5.6362,3.0000
161,scouts,8,-2.8717,4.3716,3.0000
161,scouts,9,-4.3717,5.8716,3.0000
161,scouts,10,-5.8717,4.3716,3.0000
161,scouts,11,-4.3717,2.8716,3.0000
161,scouts,12,5.8726,4.3721,3.0000
161,scouts,13,4.3726,5.8721,3.0000
161,scouts,14,2.8726,4.3721,3.0000
161,scouts,15,4.3726,2.8721,3.0000
161,workers,0,-4.1547,-1.9977,3.0000
161,workers,1,7.2467,-1.7928,3.0000
161,workers,2,-0.9222,2.5444,3.0000
161,workers,3,4.5692,2.8933,3.0000
162,general,0,0.0000,0.0000,5.0000
162,nodes,0,-5.2096,-4.0916,3.0000
162,nodes,1,5.2097,-4.0937,3.0000
162,nodes,2,-4.3409,4.3407,3.0000
162,nodes,3,4.3417,4.3412,3.0000
162,scouts,0,-3.7011,-4.1285,3.0000
162,scouts,1,-5.2011,-2.6285,3.0000
162,scouts,2,-6.7011,-4.1285,3.0000
162,scouts,3,-5.2011,-5.6285,3.0000
162,scouts,4,6.7011,-4.1306,3.0000
162,scouts,5,5.2011,-2.6306,3.0000
162,scouts,6,3.7011,-4.1306,3.0000
162,scouts,7,5.2011,-5.6306,3.0000
162,scouts,8,-2.8676,4.3675,3.0000
162,scouts,9,-4.3676,5.8675,3.0000
162,scouts,10,-5.8676,4.3675,3.0000
162,scouts,11,-4.3676,2.8675,3.0000
162,scouts,12,5.8685,4.3680,3.0000
162,scouts,13,4.3685,5.8680,3.0000
162,scouts,14,2.8685,4.3680,3.0000
162,scouts,15,4.3685,2.8680,3.0000
162,workers,0,-4.1667,-1.9666,3.0000
162,workers,1,7.2493,-1.7596,3.0000
162,workers,2,-0.9007,2.5190,3.0000
162,workers,3,4.5440,2.8715,3.0000
163,general,0,0.0000,0.0000,5.0000
163,nodes,0,-5.2110,-4.0859,3.0000
163,nodes,1,5.2110,-4.0880,3.0000
163,nodes,2,-4.3367,4.3365,3.0000
163,nodes,3,4.3376,4.3370,3.0000
163,scouts,0,-3.7024,-4.1228,3.0000
163,scouts,1,-5.2024,-2.6228,3.0000
163,scouts,2,-6.7024,-4.1228,3.0000
163,scouts,3,-5.2024,-5.6228,3.0000
163,scouts,4,6.7024,-4.1249,3.0000
163,scouts,5,5.2024,-2.6249,3.0000
163,scouts,6,3.7024,-4.1249,3.0000
163,scouts,7,5.2024,-5.6249,3.0000
163,scouts,8,-2.8635,4.3634,3.0000
163,scouts,9,-4.3635,5.8634,3.0000
163,scouts,10,-5.8635,4.3634,3.0000
163,scouts,11,-4.3635,2.8634,3.0000
163,scouts,12,5.8644,4.3638,3.0000
163,scouts,13,4.3644,5.8638,3.0000
163,scouts,14,2.8644,4.3638,3.0000
163,scouts,15,4.3644,2.8638,3.0000
163,workers,0,-4.1786,-1.9355,3.0000
163,workers,1,7.2518,-1.7263,3.0000
163,workers,2,-0.8792,2.4935,3.0000
163,workers,3,4.5188,2.8496,3.0000
164,general,0,0.0000,0.0000,5.0000
164,nodes,0,-5.2123,-4.0802,3.0000
164,nodes,1,5.2123,-4.0824,3.0000
164,nodes,2,-4.3326,4.3324,3.0000
164,nodes,3,4.3335,4.3329,3.0000
164,scouts,0,-3.7037,-4.1171,3.0000
164,scouts,1,-5.2037,-2.6171,3.0000
164,scouts,2,-6.7037,-4.1171,3.0000
164,scouts,3,-5.2037,-5.6171,3.0000
164,scouts,4,6.7037,-4.1192,3.0000
164,scouts,5,5.2037,-2.6192,3.0000
164,scouts,6,3.7037,-4.1192,3.0000
164,scouts,7,5.2037,-5.6192,3.0000
164,scouts,8,-2.8593,4.3592,3.0000
164,scouts,9,-4.3593,5.8592,3.0000
164,scouts,10,-5.8593,4.3592,3.0000
164,scouts,11,-4.3593,2.8592,3.0000
164,scouts,12,5.8603,4.3597,3.0000
164,scouts,13,4.3603,5.8597,3.0000
164,scouts,14,2.8603,4.3597,3.0000
164,scouts,15,4.3603,2.8597,3.0000
164,workers,0,-4.1906,-1.9044,3.0000
164,workers,1,7.2544,-1.6931,3.0000
164,workers,2,-0.8576,2.4681,3.0000
164,workers,3,4.4936,2.8278,3.0000
165,general,0,0.0000,0.0000,5.0000
165,nodes,0,-5.2136,-4.0746,3.0000
165,nodes,1,5.2136,-4.0767,3.0000
165,nodes,2,-4.3285,4.3282,3.0000
165,nodes,3,4.3293,4.3288,3.0000
165,scouts,0,-3.7050,-4.1114,3.0000
165,scouts,1,-5.2050,-2.6114,3.0000
165,scouts,2,-6.7050,-4.1114,3.0000
165,scouts,3,-5.2050,-5.6114,3.0000
165,scouts,4,6.7051,-4.1135,3.0000
165,scouts,5,5.2051,-2.6135,3.0000
165,scouts,6,3.7051,-4.1135,3.0000
165,scouts,7,5.2051,-5.6135,3.0000
165,scouts,8,-2.8552,4.3551,3.0000
165,scouts,9,-4.3552,5.8551,3.0000
165,scouts,10,-5.8552,4.3551,3.0000
165,scouts,11,-4.3552,2.8551,3.0000
165,scouts,12,5.8561,4.3556,3.0000
165,scouts,13,4.3561,5.8556,3.0000
165,scouts,14,2.8561,4.3556,3.0000
165,scouts,15,4.3561,2.8556,3.0000
165,workers,0,-4.2026,-1.8733,3.0000
165,workers,1,7.2569,-1.6599,3.0000
165,workers,2,-0.8361,2.4427,3.0000
165,workers,3,4.4684,2.8060,3.0000
166,general,0,0.0000,0.0000,5.0000
166,nodes,0,-5.2149,-4.0689,3.0000
166,nodes,1,5.2150,-4.0710,3.0000
166,nodes,2,-4.3243,4.3241,3.0000
166,nodes,3,4.3252,4.3247,3.0000
166,scouts,0,-3.7064,-4.1058,3.0000
166,scouts,1,-5.2064,-2.6058,3.0000
166,scouts,2,-6.7064,-4.1058,3.0000
166,scouts,3,-5.2064,-5.6058,3.0000
166,scouts,4,6.7064,-4.1079,3.0000
166,scouts,5,5.2064,-2.6079,3.0000
166,scouts,6,3.7064,-4.1079,3.0000
166,scouts,7,5.2064,-5.6079,3.0000
166,scouts,8,-2.8511,4.3510,3.0000
166,scouts,9,-4.3511,5.8510,3.0000
166,scouts,10,-5.8511,4.3510,3.0000
166,scouts,11,-4.3511,2.8510,3.0000
166,scouts,12,5.8520,4.3515,3.0000
166,scouts,13,4.3520,5.8515,3.0000
166,scouts,14,2.8520,4.3515,3.0000
166,scouts,15,4.3520,2.8515,3.0000
166,workers,0,-4.2145,-1.8422,3.0000
166,workers,1,7.2595,-1.6266,3.0000
166,workers,2,-0.8146,2.4172,3.0000
166,workers,3,4.4433,2.7842,3.0000
167,general,0,0.0000,0.0000,5.0000
167,nodes,0,-5.2161,-4.0632,3.0000
167,nodes,1,5.2164,-4.0653,3.0000
167,nodes,2,-4.3202,4.3200,3.0000
167,nodes,3,4.3212,4.3206,3.0000
167,scouts,0,-3.7077,-4.1001,3.0000
167,scouts,1,-5.2077,-2.6001,3.0000
167,scouts,2,-6.7077,-4.1001,3.0000
167,scouts,3,-5.2077,-5.6001,3.0000
167,scouts,4,6.7077,-4.1022,3.0000
167,scouts,5,5.2077,-2.6022,3.0000
167,scouts,6,3.7077,-4.1022,3.0000
167,scouts,7,5.2077,-5.6022,3.0000
167,scouts,8,-2.8470,4.3468,3.0000
167,scouts,9,-4.3470,5.8468,3.0000
167,scouts,10,-5.8470,4.3468,3.0000
167,scouts,11,-4.3470,2.8468,3.0000
167,scouts,12,5.8479,4.3474,3.0000
167,scouts,13,4.3479,5.8474,3.0000
167,scouts,14,2.8479,4.3474,3.0000
167,scouts,15,4.3479,2.8474,3.0000
167,workers,0,-4.2265,-1.8111,3.0000
167,workers,1,7.2620,-1.5934,3.0000
167,workers,2,-0.7930,2.3918,3.0000
167,workers,3,4.4181,2.7623,3.0000
168,general,0,0.0000,0.0000,5.0000
168,nodes,0,-5.2175,-4.0575,3.0000
168,nodes,1,5.2177,-4.0596,3.0000
168,nodes,2,-4.3161,4.3159,3.0000
168,nodes,3,4.3170,4.3165,3.0000
168,scouts,0,-3.7090,-4.0944,3.0000
168,scouts,1,-5.2090,-2.5944,3.0000
168,scouts,2,-6.7090,-4.0944,3.0000
168,scouts,3,-5.2090,-5.5944,3.0000
168,scouts,4,6.7090,-4.0965,3.0000
168,scouts,5,5.2090,-2.5965,3.0000
168,scouts,6,3.7090,-4.0965,3.0000
168,scouts,7,5.2090,-5.5965,3.0000
168,scouts,8,-2.8429,4.3427,3.0000
168,scouts,9,-4.3429,5.8427,3.0000
168,scouts,10,-5.8429,4.3427,3.0000
168,scouts,11,-4.3429,2.8427,3.0000
168,scouts,12,5.8438,4.3432,3.0000
168,scouts,13,4.3438,5.8432,3.0000
168,scouts,14,2.8438,4.3432,3.0000
168,scouts,15,4.3438,2.8432,3.0000
168,workers,0,-4.2385,-1.7800,3.0000
168,workers,1,7.2646,-1.5602,3.0000
168,workers,2,-0.7715,2.3663,3.0000
168,workers,3,4.3929,2.7405,3.0000
169,general,0,0.0000,0.0000,5.0000
169,nodes,0,-5.2188,-4.0518,3.0000
169,nodes,1,5.2190,-4.0539,3.0000
169,nodes,2,-4.3120,4.3118,3.0000
169,nodes,3,4.3129,4.3124,3.0000
169,scouts,0,-3.7103,-4.0887,3.0000
169,scouts,1,-5.2103,-2.5887,3.0000
169,scouts,2,-6.7103,-4.0887,3.0000
169,scouts,3,-5.2103,-5.5887,3.0000
169,scouts,4,6.7104,-4.0908,3.0000
169,scouts,5,5.2104,-2.5908,3.0000
169,scouts,6,3.7104,-4.0908,3.0000
169,scouts,7,5.2104,-5.5908,3.0000
169,scouts,8,-2.8388,4.3386,3.0000
169,scouts,9,-4.3388,5.8386,3.0000
169,scouts,10,-5.8388,4.3386,3.0000
169,scouts,11,-4.3388,2.8386,3.0000
169,scouts,12,5.8397,4.3391,3.0000
169,scouts,13,4.3397,5.8391,3.0000
169,scouts,14,2.8397,4.3391,3.0000
169,scouts,15,4.3397,2.8391,3.0000
169,workers,0,-4.2504,-1.7488,3.0000
169,workers,1,7.2672,-1.5269,3.0000
169,workers,2,-0.7500,2.3409,3.0000
169,workers,3,4.3677,2.7187,3.0000
170,general,0,0.0000,0.0000,5.0000
170,nodes,0,-5.2202,-4.0462,3.0000
170,nodes,1,5.2203,-4.0482,3.0000
170,nodes,2,-4.3079,4.3077,3.0000
170,nodes,3,4.3088,4.3083,3.0000
170,scouts,0,-3.7116,-4.0831,3.0000
170,scouts,1,-5.2116,-2.5831,3.0000
170,scouts,2,-6.7116,-4.0831,3.0000
170,scouts,3,-5.2116,-5.5831,3.0000
170,scouts,4,6.7117,-4.0851,3.0000
170,scouts,5,5.2117,-2.5851,3.0000
170,scouts,6,3.7117,-4.0851,3.0000
170,scouts,7,5.2117,-5.5851,3.0000
170,scouts,8,-2.8346,4.3345,3.0000
170,scouts,9,-4.3346,5.8345,3.0000
170,scouts,10,-5.8346,4.3345,3.0000
170,scouts,11,-4.3346,2.8345,3.0000
170,scouts,12,5.8356,4.3350,3.0000
170,scouts,13,4.3356,5.8350,3.0000
170,scouts,14,2.8356,4.3350,3.0000
170,scouts,15,4.3356,2.8350,3.0000
170,workers,0,-4.2624,-1.7177,3.0000
170,workers,1,7.2697,-1.4937,3.0000
170,workers,2,-0.7284,2.3154,3.0000
170,workers,3,4.3425,2.6968,3.0000
171,general,0,0.0000,0.0000,5.0000
171,nodes,0,-5.2215,-4.0405,3.0000
171,nodes,1,5.2216,-4.0425,3.0000
171,nodes,2,-4.3038,4.3036,3.0000
171,nodes,3,4.3047,4.3042,3.0000
171,scouts,0,-3.7129,-4.0774,3.0000
171,scouts,1,-5.2129,-2.5774,3.0000
171,scouts,2,-6.7129,-4.0774,3.0000
171,scouts,3,-5.2129,-5.5774,3.0000
171,scouts,4,6.7130,-4.0795,3.0000
171,scouts,5,5.2130,-2.5795,3.0000
171,scouts,6,3.7130,-4.0795,3.0000
171,scouts,7,5.2130,-5.5795,3.0000
171,scouts,8,-2.8305,4.3304,3.0000
171,scouts,9,-4.3305,5.8304,3.0000
171,scouts,10,-5.8305,4.3304,3.0000
171,scouts,11,-4.3305,2.8304,3.0000
171,scouts,12,5.8314,4.3309,3.0000
171,scouts,13,4.3314,5.8309,3.0000
171,scouts,14,2.8314,4.3309,3.0000
171,scouts,15,4.3314,2.8309,3.0000
171,workers,0,-4.2744,-1.6866,3.0000
171,workers,1,7.2723,-1.4605,3.0000
171,workers,2,-0.7069,2.2900,3.0000
171,workers,3,4.3173,2.6750,3.0000
172,general,0,0.0000,0.0000,5.0000
172,nodes,0,-5.2229,-4.0349,3.0000
172,nodes,1,5.2230,-4.0368,3.0000
172,nodes,2,-4.2996,4.2995,3.0000
172,nodes,3,4.3006,4.3000,3.0000
172,scouts,0,-3.7142,-4.0717,3.0000
172,scouts,1,-5.2142,-2.5717,3.0000
172,scouts,2,-6.7142,-4.0717,3.0000
172,scouts,3,-5.2142,-5.5717,3.0000
172,scouts,4,6.7144,-4.0738,3.0000
172,scouts,5,5.2144,-2.5738,3.0000
172,scouts,6,3.7144,-4.0738,3.0000
172,scouts,7,5.2144,-5.5738,3.0000
172,scouts,8,-2.8264,4.3262,3.0000
172,scouts,9,-4.3264,5.8262,3.0000
172,scouts,10,-5.8264,4.3262,3.0000
172,scouts,11,-4.3264,2.8262,3.0000
172,scouts,12,5.8273,4.3268,3.0000
172,scouts,13,4.3273,5.8268,3.0000
172,scouts,14,2.8273,4.3268,3.0000
172,scouts,15,4.3273,2.8268,3.0000
172,workers,0,-4.2863,-1.6555,3.0000
172,workers,1,7.2748,-1.4272,3.0000
172,workers,2,-0.6854,2.2645,3.0000
172,workers,3,4.2921,2.6532,3.0000
173,general,0,0.0000,0.0000,5.0000
173,nodes,0,-5.2242,-4.0292,3.0000
173,nodes,1,5.2243,-4.0311,3.0000
173,nodes,2,-4.2955,4.2953,3.0000
173,nodes,3,4.2966,4.2959,3.0000
173,scouts,0,-3.7156,-4.0661,3.0000
173,scouts,1,-5.2156,-2.5661,3.0000
173,scouts,2,-6.7156,-4.0661,3.0000
173,scouts,3,-5.2156,-5.5661,3.0000
173,scouts,4,6.7157,-4.0681,3.0000
173,scouts,5,5.2157,-2.5681,3.0000
173,scouts,6,3.7157,-4.0681,3.0000
173,scouts,7,5.2157,-5.5681,3.0000
173,scouts,8,-2.8223,4.3221,3.0000
173,scouts,9,-4.3223,5.8221,3.0000
173,scouts,10,-5.8223,4.3221,3.0000
173,scouts,11,-4.3223,2.8221,3.0000
173,scouts,12,5.8232,4.3227,3.0000
173,scouts,13,4.3232,5.8227,3.0000
173,scouts,14,2.8232,4.3227,3.0000
173,scouts,15,4.3232,2.8227,3.0000
173,workers,0,-4.2983,-1.6244,3.0000
173,workers,1,7.2774,-1.3940,3.0000
173,workers,2,-0.6638,2.2391,3.0000
173,workers,3,4.2669,2.6313,3.0000
174,general,0,0.0000,0.0000,5.0000
174,nodes,0,-5.2255,-4.0236,3.0000
174,nodes,1,5.2257,-4.0254,3.0000
174,nodes,2,-4.2915,4.2912,3.0000
174,nodes,3,4.2925,4.2918,3.0000
174,scouts,0,-3.7169,-4.0604,3.0000
174,scouts,1,-5.2169,-2.5604,3.0000
174,scouts,2,-6.7169,-4.0604,3.0000
174,scouts,3,-5.2169,-5.5604,3.0000
174,scouts,4,6.7170,-4.0624,3.0000
174,scouts,5,5.2170,-2.5624,3.0000
174,scouts,6,3.7170,-4.0624,3.0000
174,scouts,7,5.2170,-5.5624,3.0000
174,scouts,8,-2.8182,4.3180,3.0000
174,scouts,9,-4.3182,5.8180,3.0000
174,scouts,10,-5.8182,4.3180,3.0000
174,scouts,11,-4.3182,2.8180,3.0000
174,scouts,12,5.8191,4.3185,3.0000
174,scouts,13,4.3191,5.8185,3.0000
174,scouts,14,2.8191,4.3185,3.0000
174,scouts,15,4.3191,2.8185,3.0000
174,workers,0,-4.3103,-1.5933,3.0000
174,workers,1,7.2799,-1.3608,3.0000
174,workers,2,-0.6423,2.2136,3.0000
174,workers,3,4.2417,2.6095,3.0000
175,general,0,0.0000,0.0000,5.0000
175,nodes,0,-5.2268,-4.0179,3.0000
175,nodes,1,5.2270,-4.0197,3.0000
175,nodes,2,-4.2874,4.2871,3.0000
175,nodes,3,4.2883,4.2877,3.0000
175,scouts,0,-3.7182,-4.0547,3.0000
175,scouts,1,-5.2182,-2.5547,3.0000
175,scouts,2,-6.7182,-4.0547,3.0000
175,scouts,3,-5.2182,-5.5547,3.0000
175,scouts,4,6.7184,-4.0567,3.0000
175,scouts,5,5.2184,-2.5567,3.0000
175,scouts,6,3.7184,-4.0567,3.0000
175,scouts,7,5.2184,-5.5567,3.0000
175,scouts,8,-2.8141,4.3139,3.0000
175,scouts,9,-4.3141,5.8139,3.0000
175,scouts,10,-5.8141,4.3139,3.0000
175,scouts,11,-4.3141,2.8139,3.0000
175,scouts,12,5.8150,4.3144,3.0000
175,scouts,13,4.3150,5.8144,3.0000
175,scouts,14,2.8150,4.3144,3.0000
175,scouts,15,4.3150,2.8144,3.0000
175,workers,0,-4.3222,-1.5622,3.0000
175,workers,1,7.2825,-1.3275,3.0000
175,workers,2,-0.6208,2.1882,3.0000
175,workers,3,4.2165,2.5877,3.0000
176,general,0,0.0000,0.0000,5.0000
176,nodes,0,-5.2281,-4.0122,3.0000
176,nodes,1,5.2283,-4.0140,3.0000
176,nodes,2,-4.2833,4.2830,3.0000
176,nodes,3,4.2842,4.2836,3.0000
176,scouts,0,-3.7195,-4.0491,3.0000
176,scouts,1,-5.2195,-2.5491,3.0000
176,scouts,2,-6.7195,-4.0491,3.0000
176,scouts,3,-5.2195,-5.5491,3.0000
176,scouts,4,6.7197,-4.0510,3.0000
176,scouts,5,5.2197,-2.5510,3.0000
176,scouts,6,3.7197,-4.0510,3.0000
176,scouts,7,5.2197,-5.5510,3.0000
176,scouts,8,-2.8100,4.3098,3.0000
176,scouts,9,-4.3100,5.8098,3.0000
176,scouts,10,-5.8100,4.3098,3.0000
176,scouts,11,-4.3100,2.8098,3.0000
176,scouts,12,5.8109,4.3103,3.0000
176,scouts,13,4.3109,5.8103,3.0000
176,scouts,14,2.8109,4.3103,3.0000
176,scouts,15,4.3109,2.8103,3.0000
176,workers,0,-4.3342,-1.5311,3.0000
176,workers,1,7.2851,-1.2943,3.0000
176,workers,2,-0.5992,2.1627,3.0000
176,workers,3,4.1914,2.5658,3.0000
177,general,0,0.0000,0.0000,5.0000
177,nodes,0,-5.2295,-4.0064,3.0000
177,nodes,1,5.2296,-4.0083,3.0000
177,nodes,2,-4.2791,4.2789,3.0000
177,nodes,3,4.2801,4.2795,3.0000
177,scouts,0,-3.7209,-4.0434,3.0000
177,scouts,1,-5.2209,-2.5434,3.0000
177,scouts,2,-6.7209,-4.0434,3.0000
177,scouts,3,-5.2209,-5.5434,3.0000
177,scouts,4,6.7210,-4.0453,3.0000
177,scouts,5,5.2210,-2.5453,3.0000
177,scouts,6,3.7210,-4.0453,3.0000
177,scouts,7,5.2210,-5.5453,3.0000
177,scouts,8,-2.8059,4.3056,3.0000
177,scouts,9,-4.3059,5.8056,3.0000
177,scouts,10,-5.8059,4.3056,3.0000
177,scouts,11,-4.3059,2.8056,3.0000
177,scouts,12,5.8068,4.3062,3.0000
177,scouts,13,4.3068,5.8062,3.0000
177,scouts,14,2.8068,4.3062,3.0000
177,scouts,15,4.3068,2.8062,3.0000
177,workers,0,-4.3462,-1.5000,3.0000
177,workers,1,7.2876,-1.2610,3.0000
177,workers,2,-0.5777,2.1373,3.0000
177,workers,3,4.1662,2.5440,3.0000
178,general,0,0.0000,0.0000,5.0000
178,nodes,0,-5.2309,-4.0008,3.0000
178,nodes,1,5.2310,-4.0025,3.0000
178,nodes,2,-4.2750,4.2748,3.0000
178,nodes,3,4.2760,4.2753,3.0000
178,scouts,0,-3.7222,-4.0377,3.0000
178,scouts,1,-5.2222,-2.5377,3.0000
178,scouts,2,-6.7222,-4.0377,3.0000
178,scouts,3,-5.2222,-5.5377,3.0000
178,scouts,4,6.7223,-4.0396,3.0000
178,scouts,5,5.2223,-2.5396,3.0000
178,scouts,6,3.7223,-4.0396,3.0000
178,scouts,7,5.2223,-5.5396,3.0000
178,scouts,8,-2.8017,4.3015,3.0000
178,scouts,9,-4.3017,5.8015,3.0000
178,scouts,10,-5.8017,4.3015,3.0000
178,scouts,11,-4.3017,2.8015,3.0000
178,scouts,12,5.8027,4.3021,3.0000
178,scouts,13,4.3027,5.8021,3.0000
178,scouts,14,2.8027,4.3021,3.0000
178,scouts,15,4.3027,2.8021,3.0000
178,workers,0,-4.3581,-1.4688,3.0000
178,workers,1,7.2902,-1.2278,3.0000
178,workers,2,-0.5562,2.1119,3.0000
178,workers,3,4.1410,2.5222,3.0000
179,general,0,0.0000,0.0000,5.0000
179,nodes,0,-5.2322,-3.9952,3.0000
179,nodes,1,5.2323,-3.9969,3.0000
179,nodes,2,-4.2709,4.2707,3.0000
179,nodes,3,4.2719,4.2711,3.0000
179,scouts,0,-3.7235,-4.0320,3.0000
179,scouts,1,-5.2235,-2.5320,3.0000
179,scouts,2,-6.7235,-4.0320,3.0000
179,scouts,3,-5.2235,-5.5320,3.0000
179,scouts,4,6.7237,-4.0339,3.0000
179,scouts,5,5.2237,-2.5339,3.0000
179,scouts,6,3.7237,-4.0339,3.0000
179,scouts,7,5.2237,-5.5339,3.0000
179,scouts,8,-2.7976,4.2974,3.0000
179,scouts,9,-4.2976,5.7974,3.0000
179,scouts,10,-5.7976,4.2974,3.0000
179,scouts,11,-4.2976,2.7974,3.0000
179,scouts,12,5.7986,4.2980,3.0000
179,scouts,13,4.2986,5.7980,3.0000
179,scouts,14,2.7986,4.2980,3.0000
179,scouts,15,4.2986,2.7980,3.0000
179,workers,0,-4.3701,-1.4377,3.0000
179,workers,1,7.2927,-1.1946,3.0000
179,workers,2,-0.5347,2.0864,3.0000
179,workers,3,4.1158,2.5003,3.0000
180,general,0,0.0000,0.0000,5.0000
180,nodes,0,-5.2335,-3.9895,3.0000
180,nodes,1,5.2336,-3.9911,3.0000
180,nodes,2,-4.2668,4.2665,3.0000
180,nodes,3,4.2678,4.2669,3.0000
180,scouts,0,-3.7249,-4.0264,3.0000
180,scouts,1,-5.2249,-2.5264,3.0000
180,scouts,2,-6.7249,-4.0264,3.0000
180,scouts,3,-5.2249,-5.5264,3.0000
180,scouts,4,6.7250,-4.0282,3.0000
180,scouts,5,5.2250,-2.5282,3.0000
180,scouts,6,3.7250,-4.0282,3.0000
180,scouts,7,5.2250,-5.5282,3.0000
180,scouts,8,-2.7935,4.2933,3.0000
180,scouts,9,-4.2935,5.7933,3.0000
180,scouts,10,-5.7935,4.2933,3.0000
180,scouts,11,-4.2935,2.7933,3.0000
180,scouts,12,5.7945,4.2938,3.0000
180,scouts,13,4.2945,5.7938,3.0000
180,scouts,14,2.7945,4.2938,3.0000
180,scouts,15,4.2945,2.7938,3.0000
180,workers,0,-4.3821,-1.4066,3.0000
180,workers,1,7.2953,-1.1613,3.0000
180,workers,2,-0.5131,2.0610,3.0000
180,workers,3,4.0906,2.4785,3.0000
181,general,0,0.0000,0.0000,5.0000
181,nodes,0,-5.2347,-3.9838,3.0000
181,nodes,1,5.2349,-3.9854,3.0000
181,nodes,2,-4.2627,4.2624,3.0000
181,nodes,3,4.2636,4.2627,3.0000
181,scouts,0,-3.7262,-4.0207,3.0000
181,scouts,1,-5.2262,-2.5207,3.0000
181,scouts,2,-6.7262,-4.0207,3.0000
181,scouts,3,-5.2262,-5.5207,3.0000
181,scouts,4,6.7263,-4.0225,3.0000
181,scouts,5,5.2263,-2.5225,3.0000
181,scouts,6,3.7263,-4.0225,3.0000
181,scouts,7,5.2263,-5.5225,3.0000
181,scouts,8,-2.7894,4.2892,3.0000
181,scouts,9,-4.2894,5.7892,3.0000
181,scouts,10,-5.7894,4.2892,3.0000
181,scouts,11,-4.2894,2.7892,3.0000
181,scouts,12,5.7904,4.2897,3.0000
181,scouts,13,4.2904,5.7897,3.0000
181,scouts,14,2.7904,4.2897,3.0000
181,scouts,15,4.2904,2.7897,3.0000
181,workers,0,-4.3940,-1.3755,3.0000
181,workers,1,7.2978,-1.1281,3.0000
181,workers,2,-0.4916,2.0355,3.0000
181,workers,3,4.0654,2.4567,3.0000
182,general,0,0.0000,0.0000,5.0000
182,nodes,0,-5.2361,-3.9781,3.0000
182,nodes,1,5.2363,-3.9798,3.0000
182,nodes,2,-4.2586,4.2583,3.0000
182,nodes,3,4.2595,4.2586,3.0000
182,scouts,0,-3.7275,-4.0150,3.0000
182,scouts,1,-5.2275,-2.5150,3.0000
182,scouts,2,-6.7275,-4.0150,3.0000
182,scouts,3,-5.2275,-5.5150,3.0000
182,scouts,4,6.7276,-4.0168,3.0000
182,scouts,5,5.2276,-2.5168,3.0000
182,scouts,6,3.7276,-4.0168,3.0000
182,scouts,7,5.2276,-5.5168,3.0000
182,scouts,8,-2.7853,4.2851,3.0000
182,scouts,9,-4.2853,5.7851,3.0000
182,scouts,10,-5.7853,4.2851,3.0000
182,scouts,11,-4.2853,2.7851,3.0000
182,scouts,12,5.7863,4.2855,3.0000
182,scouts,13,4.2863,5.7855,3.0000
182,scouts,14,2.7863,4.2855,3.0000
182,scouts,15,4.2863,2.7855,3.0000
182,workers,0,-4.4060,-1.3444,3.0000
182,workers,1,7.3004,-1.0949,3.0000
182,workers,2,-0.4701,2.0101,3.0000
182,workers,3,4.0402,2.4349,3.0000
183,general,0,0.0000,0.0000,5.0000
183,nodes,0,-5.2374,-3.9724,3.0000
183,nodes,1,5.2376,-3.9741,3.0000
183,nodes,2,-4.2545,4.2542,3.0000
183,nodes,3,4.2554,4.2544,3.0000
183,scouts,0,-3.7288,-4.0093,3.0000
183,scouts,1,-5.2288,-2.5093,3.0000
183,scouts,2,-6.7288,-4.0093,3.0000
183,scouts,3,-5.2288,-5.5093,3.0000
183,scouts,4,6.7290,-4.0111,3.0000
183,scouts,5,5.2290,-2.5111,3.0000
183,scouts,6,3.7290,-4.0111,3.0000
183,scouts,7,5.2290,-5.5111,3.0000
183,scouts,8,-2.7812,4.2809,3.0000
183,scouts,9,-4.2812,5.7809,3.0000
183,scouts,10,-5.7812,4.2809,3.0000
183,scouts,11,-4.2812,2.7809,3.0000
183,scouts,12,5.7821,4.2814,3.0000
183,scouts,13,4.2821,5.7814,3.0000
183,scouts,14,2.7821,4.2814,3.0000
183,scouts,15,4.2821,2.7814,3.0000
183,workers,0,-4.4180,-1.3133,3.0000
183,workers,1,7.3030,-1.0616,3.0000
183,workers,2,-0.4485,1.9846,3.0000
183,workers,3,4.0150,2.4130,3.0000
184,general,0,0.0000,0.0000,5.0000
184,nodes,0,-5.2387,-3.9667,3.0000
184,nodes,1,5.2389,-3.9684,3.0000
184,nodes,2,-4.2503,4.2501,3.0000
184,nodes,3,4.2512,4.2503,3.0000
184,scouts,0,-3.7301,-4.0037,3.0000
184,scouts,1,-5.2301,-2.5037,3.0000
184,scouts,2,-6.7301,-4.0037,3.0000
184,scouts,3,-5.2301,-5.5037,3.0000
184,scouts,4,6.7303,-4.0054,3.0000
184,scouts,5,5.2303,-2.5054,3.0000
184,scouts,6,3.7303,-4.0054,3.0000
184,scouts,7,5.2303,-5.5054,3.0000
184,scouts,8,-2.7771,4.2768,3.0000
184,scouts,9,-4.2771,5.7768,3.0000
184,scouts,10,-5.7771,4.2768,3.0000
184,scouts,11,-4.2771,2.7768,3.0000
184,scouts,12,5.7780,4.2772,3.0000
184,scouts,13,4.2780,5.7772,3.0000
184,scouts,14,2.7780,4.2772,3.0000
184,scouts,15,4.2780,2.7772,3.0000
184,workers,0,-4.4299,-1.2822,3.0000
184,workers,1,7.3055,-1.0284,3.0000
184,workers,2,-0.4270,1.9592,3.0000
184,workers,3,3.9898,2.3912,3.0000
185,general,0,0.0000,0.0000,5.0000
185,nodes,0,-5.2399,-3.9610,3.0000
185,nodes,1,5.2401,-3.9627,3.0000
185,nodes,2,-4.2462,4.2460,3.0000
185,nodes,3,4.2472,4.2462,3.0000
185,scouts,0,-3.7314,-3.9980,3.0000
185,scouts,1,-5.2314,-2.4980,3.0000
185,scouts,2,-6.7314,-3.9980,3.0000
185,scouts,3,-5.2314,-5.4980,3.0000
185,scouts,4,6.7316,-3.9997,3.0000
185,scouts,5,5.2316,-2.4997,3.0000
185,scouts,6,3.7316,-3.9997,3.0000
185,scouts,7,5.2316,-5.4997,3.0000
185,scouts,8,-2.7730,4.2727,3.0000
185,scouts,9,-4.2730,5.7727,3.0000
185,scouts,10,-5.7730,4.2727,3.0000
185,scouts,11,-4.2730,2.7727,3.0000
185,scouts,12,5.7739,4.2731,3.0000
185,scouts,13,4.2739,5.7731,3.0000
185,scouts,14,2.7739,4.2731,3.0000
185,scouts,15,4.2739,2.7731,3.0000
185,workers,0,-4.4419,-1.2511,3.0000
185,workers,1,7.3081,-0.9952,3.0000
185,workers,2,-0.4055,1.9337,3.0000
185,workers,3,3.9646,2.3694,3.0000
186,general,0,0.0000,0.0000,5.0000
186,nodes,0,-5.2412,-3.9553,3.0000
186,nodes,1,5.2414,-3.9571,3.0000
186,nodes,2,-4.2421,4.2418,3.0000
186,nodes,3,4.2431,4.2420,3.0000
186,scouts,0,-3.7328,-3.9923,3.0000
186,scouts,1,-5.2328,-2.4923,3.0000
186,scouts,2,-6.7328,-3.9923,3.0000
186,scouts,3,-5.2328,-5.4923,3.0000
186,scouts,4,6.7329,-3.9940,3.0000
186,scouts,5,5.2329,-2.4940,3.0000
186,scouts,6,3.7329,-3.9940,3.0000
186,scouts,7,5.2329,-5.4940,3.0000
186,scouts,8,-2.7689,4.2686,3.0000
186,scouts,9,-4.2689,5.7686,3.0000
186,scouts,10,-5.7689,4.2686,3.0000
186,scouts,11,-4.2689,2.7686,3.0000
186,scouts,12,5.7698,4.2690,3.0000
186,scouts,13,4.2698,5.7690,3.0000
186,scouts,14,2.7698,4.2690,3.0000
186,scouts,15,4.2698,2.7690,3.0000
186,workers,0,-4.4539,-1.2200,3.0000
186,workers,1,7.3106,-0.9619,3.0000
186,workers,2,-0.3839,1.9083,3.0000
186,workers,3,3.9395,2.3475,3.0000
187,general,0,0.0000,0.0000,5.0000
187,nodes,0,-5.2426,-3.9497,3.0000
187,nodes,1,5.2428,-3.9514,3.0000
187,nodes,2,-4.2379,4.2376,3.0000
187,nodes,3,4.2389,4.2379,3.0000
187,scouts,0,-3.7341,-3.9866,3.0000
187,scouts,1,-5.2341,-2.4866,3.0000
187,scouts,2,-6.7341,-3.9866,3.0000
187,scouts,3,-5.2341,-5.4866,3.0000
187,scouts,4,6.7342,-3.9884,3.0000
187,scouts,5,5.2342,-2.4884,3.0000
187,scouts,6,3.7342,-3.9884,3.0000
187,scouts,7,5.2342,-5.4884,3.0000
187,scouts,8,-2.7647,4.2645,3.0000
187,scouts,9,-4.2647,5.7645,3.0000
187,scouts,10,-5.7647,4.2645,3.0000
187,scouts,11,-4.2647,2.7645,3.0000
187,scouts,12,5.7657,4.2648,3.0000
187,scouts,13,4.2657,5.7648,3.0000
187,scouts,14,2.7657,4.2648,3.0000
187,scouts,15,4.2657,2.7648,3.0000
187,workers,0,-4.4658,-1.1888,3.0000
187,workers,1,7.3132,-0.9287,3.0000
187,workers,2,-0.3624,1.8828,3.0000
187,workers,3,3.9143,2.3257,3.0000
188,general,0,0.0000,0.0000,5.0000
188,nodes,0,-5.2439,-3.9440,3.0000
188,nodes,1,5.2442,-3.9457,3.0000
188,nodes,2,-4.2338,4.2335,3.0000
188,nodes,3,4.2348,4.2338,3.0000
188,scouts,0,-3.7354,-3.9809,3.0000
188,scouts,1,-5.2354,-2.4809,3.0000
188,scouts,2,-6.7354,-3.9809,3.0000
188,scouts,3,-5.2354,-5.4809,3.0000
188,scouts,4,6.7356,-3.9827,3.0000
188,scouts,5,5.2356,-2.4827,3.0000
188,scouts,6,3.7356,-3.9827,3.0000
188,scouts,7,5.2356,-5.4827,3.0000
188,scouts,8,-2.7606,4.2603,3.0000
188,scouts,9,-4.2606,5.7603,3.0000
188,scouts,10,-5.7606,4.2603,3.0000
188,scouts,11,-4.2606,2.7603,3.0000
188,scouts,12,5.7616,4.2607,3.0000
188,scouts,13,4.2616,5.7607,3.0000
188,scouts,14,2.7616,4.2607,3.0000
188,scouts,15,4.2616,2.7607,3.0000
188,workers,0,-4.4778,-1.1577,3.0000
188,workers,1,7.3157,-0.8955,3.0000
188,workers,2,-0.3409,1.8574,3.0000
188,workers,3,3.8891,2.3039,3.0000
189,general,0,0.0000,0.0000,5.0000
189,nodes,0,-5.2452,-3.9383,3.0000
189,nodes,1,5.2455,-3.9400,3.0000
189,nodes,2,-4.2297,4.2293,3.0000
189,nodes,3,4.2307,4.2297,3.0000
189,scouts,0,-3.7367,-3.9752,3.0000
189,scouts,1,-5.2367,-2.4752,3.0000
189,scouts,2,-6.7367,-3.9752,3.0000
189,scouts,3,-5.2367,-5.4752,3.0000
189,scouts,4,6.7369,-3.9770,3.0000
189,scouts,5,5.2369,-2.4770,3.0000
189,scouts,6,3.7369,-3.9770,3.0000
189,scouts,7,5.2369,-5.4770,3.0000
189,scouts,8,-2.7565,4.2562,3.0000
189,scouts,9,-4.2565,5.7562,3.0000
189,scouts,10,-5.7565,4.2562,3.0000
189,scouts,11,-4.2565,2.7562,3.0000
189,scouts,12,5.7575,4.2565,3.0000
189,scouts,13,4.2575,5.7565,3.0000
189,scouts,14,2.7575,4.2565,3.0000
189,scouts,15,4.2575,2.7565,3.0000
189,workers,0,-4.4898,-1.1266,3.0000
189,workers,1,7.3183,-0.8622,3.0000
189,workers,2,-0.3193,1.8319,3.0000
189,workers,3,3.8639,2.2820,3.0000
190,general,0,0.0000,0.0000,5.0000
190,nodes,0,-5.2466,-3.9326,3.0000
190,nodes,1,5.2468,-3.9343,3.0000
190,nodes,2,-4.2256,4.2253,3.0000
190,nodes,3,4.2266,4.2256,3.0000
190,scouts,0,-3.7380,-3.9696,3.0000
190,scouts,1,-5.2380,-2.4696,3.0000
190,scouts,2,-6.7380,-3.9696,3.0000
190,scouts,3,-5.2380,-5.4696,3.0000
190,scouts,4,6.7382,-3.9713,3.0000
190,scouts,5,5.2382,-2.4713,3.0000
190,scouts,6,3.7382,-3.9713,3.0000
190,scouts,7,5.2382,-5.4713,3.0000
190,scouts,8,-2.7524,4.2521,3.0000
190,scouts,9,-4.2524,5.7521,3.0000
190,scouts,10,-5.7524,4.2521,3.0000
190,scouts,11,-4.2524,2.7521,3.0000
190,scouts,12,5.7533,4.2524,3.0000
190,scouts,13,4.2533,5.7524,3.0000
190,scouts,14,2.7533,4.2524,3.0000
190,scouts,15,4.2533,2.7524,3.0000
190,workers,0,-4.5017,-1.0955,3.0000
190,workers,1,7.3208,-0.8290,3.0000
190,workers,2,-0.2978,1.8065,3.0000
190,workers,3,3.8387,2.2602,3.0000
191,general,0,0.0000,0.0000,5.0000
191,nodes,0,-5.2479,-3.9270,3.0000
191,nodes,1,5.2480,-3.9286,3.0000
191,nodes,2,-4.2215,4.2211,3.0000
191,nodes,3,4.2225,4.2215,3.0000
191,scouts,0,-3.7393,-3.9639,3.0000
191,scouts,1,-5.2393,-2.4639,3.0000
191,scouts,2,-6.7393,-3.9639,3.0000
191,scouts,3,-5.2393,-5.4639,3.0000
191,scouts,4,6.7395,-3.9656,3.0000
191,scouts,5,5.2395,-2.4656,3.0000
191,scouts,6,3.7395,-3.9656,3.0000
191,scouts,7,5.2395,-5.4656,3.0000
191,scouts,8,-2.7483,4.2479,3.0000
191,scouts,9,-4.2483,5.7479,3.0000
191,scouts,10,-5.7483,4.2479,3.0000
191,scouts,11,-4.2483,2.7479,3.0000
191,scouts,12,5.7492,4.2483,3.0000
191,scouts,13,4.2492,5.7483,3.0000
191,scouts,14,2.7492,4.2483,3.0000
191,scouts,15,4.2492,2.7483,3.0000
191,workers,0,-4.5137,-1.0644,3.0000
191,workers,1,7.3234,-0.7958,3.0000
191,workers,2,-0.2763,1.7811,3.0000
191,workers,3,3.8135,2.2384,3.0000
192,general,0,0.0000,0.0000,5.0000
192,nodes,0,-5.2492,-3.9214,3.0000
192,nodes,1,5.2493,-3.9230,3.0000
192,nodes,2,-4.2174,4.2170,3.0000
192,nodes,3,4.2184,4.2175,3.0000
192,scouts,0,-3.7406,-3.9582,3.0000
192,scouts,1,-5.2406,-2.4582,3.0000
192,scouts,2,-6.7406,-3.9582,3.0000
192,scouts,3,-5.2406,-5.4582,3.0000
192,scouts,4,6.7408,-3.9599,3.0000
192,scouts,5,5.2408,-2.4599,3.0000
192,scouts,6,3.7408,-3.9599,3.0000
192,scouts,7,5.2408,-5.4599,3.0000
192,scouts,8,-2.7441,4.2438,3.0000
192,scouts,9,-4.2441,5.7438,3.0000
192,scouts,10,-5.7441,4.2438,3.0000
192,scouts,11,-4.2441,2.7438,3.0000
192,scouts,12,5.7451,4.2442,3.0000
192,scouts,13,4.2451,5.7442,3.0000
192,scouts,14,2.7451,4.2442,3.0000
192,scouts,15,4.2451,2.7442,3.0000
192,workers,0,-4.5257,-1.0333,3.0000
192,workers,1,7.3260,-0.7625,3.0000
192,workers,2,-0.2547,1.7556,3.0000
192,workers,3,3.7883,2.2165,3.0000
193,general,0,0.0000,0.0000,5.0000
193,nodes,0,-5.2505,-3.9157,3.0000
193,nodes,1,5.2505,-3.9173,3.0000
193,nodes,2,-4.2134,4.2129,3.0000
193,nodes,3,4.2143,4.2134,3.0000
193,scouts,0,-3.7420,-3.9525,3.0000
193,scouts,1,-5.2420,-2.4525,3.0000
193,scouts,2,-6.7420,-3.9525,3.0000
193,scouts,3,-5.2420,-5.4525,3.0000
193,scouts,4,6.7421,-3.9542,3.0000
193,scouts,5,5.2421,-2.4542,3.0000
193,scouts,6,3.7421,-3.9542,3.0000
193,scouts,7,5.2421,-5.4542,3.0000
193,scouts,8,-2.7400,4.2397,3.0000
193,scouts,9,-4.2400,5.7397,3.0000
193,scouts,10,-5.7400,4.2397,3.0000
193,scouts,11,-4.2400,2.7397,3.0000
193,scouts,12,5.7410,4.2401,3.0000
193,scouts,13,4.2410,5.7401,3.0000
193,scouts,14,2.7410,4.2401,3.0000
193,scouts,15,4.2410,2.7401,3.0000
193,workers,0,-4.5376,-1.0022,3.0000
193,workers,1,7.3285,-0.7293,3.0000
193,workers,2,-0.2332,1.7302,3.0000
193,workers,3,3.7631,2.1947,3.0000
194,general,0,0.0000,0.0000,5.0000
194,nodes,0,-5.2518,-3.9101,3.0000
194,nodes,1,5.2519,-3.9116,3.0000
194,nodes,2,-4.2092,4.2088,3.0000
194,nodes,3,4.2102,4.2094,3.0000
194,scouts,0,-3.7433,-3.9469,3.0000
194,scouts,1,-5.2433,-2.4469,3.0000
194,scouts,2,-6.7433,-3.9469,3.0000
194,scouts,3,-5.2433,-5.4469,3.0000
194,scouts,4,6.7434,-3.9485,3.0000
194,scouts,5,5.2434,-2.4485,3.0000
194,scouts,6,3.7434,-3.9485,3.0000
194,scouts,7,5.2434,-5.4485,3.0000
194,scouts,8,-2.7359,4.2356,3.0000
194,scouts,9,-4.2359,5.7356,3.0000
194,scouts,10,-5.7359,4.2356,3.0000
194,scouts,11,-4.2359,2.7356,3.0000
194,scouts,12,5.7369,4.2360,3.0000
194,scouts,13,4.2369,5.7360,3.0000
194,scouts,14,2.7369,4.2360,3.0000
194,scouts,15,4.2369,2.7360,3.0000
194,workers,0,-4.5496,-0.9711,3.0000
194,workers,1,7.3311,-0.6960,3.0000
194,workers,2,-0.2117,1.7047,3.0000
194,workers,3,3.7379,2.1729,3.0000
195,general,0,0.0000,0.0000,5.0000
195,nodes,0,-5.2531,-3.9044,3.0000
195,nodes,1,5.2532,-3.9059,3.0000
195,nodes,2,-4.2051,4.2047,3.0000
195,nodes,3,4.2061,4.2053,3.0000
195,scouts,0,-3.7446,-3.9412,3.0000
195,scouts,1,-5.2446,-2.4412,3.0000
195,scouts,2,-6.7446,-3.9412,3.0000
195,scouts,3,-5.2446,-5.4412,3.0000
195,scouts,4,6.7447,-3.9429,3.0000
195,scouts,5,5.2447,-2.4429,3.0000
195,scouts,6,3.7447,-3.9429,3.0000
195,scouts,7,5.2447,-5.4429,3.0000
195,scouts,8,-2.7318,4.2314,3.0000
195,scouts,9,-4.2318,5.7314,3.0000
195,scouts,10,-5.7318,4.2314,3.0000
195,scouts,11,-4.2318,2.7314,3.0000
195,scouts,12,5.7328,4.2319,3.0000
195,scouts,13,4.2328,5.7319,3.0000
195,scouts,14,2.7328,4.2319,3.0000
195,scouts,15,4.2328,2.7319,3.0000
195,workers,0,-4.5616,-0.9399,3.0000
195,workers,1,7.3336,-0.6628,3.0000
195,workers,2,-0.1902,1.6793,3.0000
195,workers,3,3.7128,2.1511,3.0000
196,general,0,0.0000,0.0000,5.0000
196,nodes,0,-5.2544,-3.8987,3.0000
196,nodes,1,5.2545,-3.9003,3.0000
196,nodes,2,-4.2010,4.2005,3.0000
196,nodes,3,4.2020,4.2011,3.0000
196,scouts,0,-3.7459,-3.9355,3.0000
196,scouts,1,-5.2459,-2.4355,3.0000
196,scouts,2,-6.7459,-3.9355,3.0000
196,scouts,3,-5.2459,-5.4355,3.0000
196,scouts,4,6.7460,-3.9372,3.0000
196,scouts,5,5.2460,-2.4372,3.0000
196,scouts,6,3.7460,-3.9372,3.0000
196,scouts,7,5.2460,-5.4372,3.0000
196,scouts,8,-2.7277,4.2273,3.0000
196,scouts,9,-4.2277,5.7273,3.0000
196,scouts,10,-5.7277,4.2273,3.0000
196,scouts,11,-4.2277,2.7273,3.0000
196,scouts,12,5.7287,4.2278,3.0000
196,scouts,13,4.2287,5.7278,3.0000
196,scouts,14,2.7287,4.2278,3.0000
196,scouts,15,4.2287,2.7278,3.0000
196,workers,0,-4.5735,-0.9088,3.0000
196,workers,1,7.3362,-0.6296,3.0000
196,workers,2,-0.1686,1.6538,3.0000
196,workers,3,3.6876,2.1292,3.0000
197,general,0,0.0000,0.0000,5.0000
197,nodes,0,-5.2557,-3.8930,3.0000
197,nodes,1,5.2557,-3.8947,3.0000
197,nodes,2,-4.1969,4.1964,3.0000
197,nodes,3,4.1978,4.1969,3.0000
197,scouts,0,-3.7472,-3.9299,3.0000
197,scouts,1,-5.2472,-2.4299,3.0000
197,scouts,2,-6.7472,-3.9299,3.0000
197,scouts,3,-5.2472,-5.4299,3.0000
197,scouts,4,6.7473,-3.9315,3.0000
197,scouts,5,5.2473,-2.4315,3.0000
197,scouts,6,3.7473,-3.9315,3.0000
197,scouts,7,5.2473,-5.4315,3.0000
197,scouts,8,-2.7236,4.2232,3.0000
197,scouts,9,-4.2236,5.7232,3.0000
197,scouts,10,-5.7236,4.2232,3.0000
197,scouts,11,-4.2236,2.7232,3.0000
197,scouts,12,5.7246,4.2237,3.0000
197,scouts,13,4.2246,5.7237,3.0000
197,scouts,14,2.7246,4.2237,3.0000
197,scouts,15,4.2246,2.7237,3.0000
197,workers,0,-4.5855,-0.8777,3.0000
197,workers,1,7.3387,-0.5963,3.0000
197,workers,2,-0.1471,1.6284,3.0000
197,workers,3,3.6624,2.1074,3.0000
198,general,0,0.0000,0.0000,5.0000
198,nodes,0,-5.2570,-3.8873,3.0000
198,nodes,1,5.2570,-3.8890,3.0000
198,nodes,2,-4.1927,4.1923,3.0000
198,nodes,3,4.1937,4.1928,3.0000
198,scouts,0,-3.7485,-3.9242,3.0000
198,scouts,1,-5.2485,-2.4242,3.0000
198,scouts,2,-6.7485,-3.9242,3.0000
198,scouts,3,-5.2485,-5.4242,3.0000
198,scouts,4,6.7486,-3.9258,3.0000
198,scouts,5,5.2486,-2.4258,3.0000
198,scouts,6,3.7486,-3.9258,3.0000
198,scouts,7,5.2486,-5.4258,3.0000
198,scouts,8,-2.7195,4.2191,3.0000
198,scouts,9,-4.2195,5.7191,3.0000
198,scouts,10,-5.7195,4.2191,3.0000
198,scouts,11,-4.2195,2.7191,3.0000
198,scouts,12,5.7205,4.2196,3.0000
198,scouts,13,4.2205,5.7196,3.0000
198,scouts,14,2.7205,4.2196,3.0000
198,scouts,15,4.2205,2.7196,3.0000
198,workers,0,-4.5975,-0.8466,3.0000
198,workers,1,7.3413,-0.5631,3.0000
198,workers,2,-0.1256,1.6029,3.0000
198,workers,3,3.6372,2.0856,3.0000
199,general,0,0.0000,0.0000,5.0000
199,nodes,0,-5.2583,-3.8816,3.0000
199,nodes,1,5.2582,-3.8833,3.0000
199,nodes,2,-4.1885,4.1883,3.0000
199,nodes,3,4.1896,4.1887,3.0000
199,scouts,0,-3.7498,-3.9185,3.0000
199,scouts,1,-5.2498,-2.4185,3.0000
199,scouts,2,-6.7498,-3.9185,3.0000
199,scouts,3,-5.2498,-5.4185,3.0000
199,scouts,4,6.7499,-3.9202,3.0000
199,scouts,5,5.2499,-2.4202,3.0000
199,scouts,6,3.7499,-3.9202,3.0000
199,scouts,7,5.2499,-5.4202,3.0000
199,scouts,8,-2.7154,4.2150,3.0000
199,scouts,9,-4.2154,5.7150,3.0000
199,scouts,10,-5.7154,4.2150,3.0000
199,scouts,11,-4.2154,2.7150,3.0000
199,scouts,12,5.7163,4.2154,3.0000
199,scouts,13,4.2163,5.7154,3.0000
199,scouts,14,2.7163,4.2154,3.0000
199,scouts,15,4.2163,2.7154,3.0000
199,workers,0,-4.6094,-0.8155,3.0000
199,workers,1,7.3439,-0.5299,3.0000
199,workers,2,-0.1040,1.5775,3.0000
199,workers,3,3.6120,2.0637,3.0000
200,general,0,0.0000,0.0000,5.0000
200,nodes,0,-5.2596,-3.8759,3.0000
200,nodes,1,5.2594,-3.8777,3.0000
200,nodes,2,-4.1843,4.1841,3.0000
200,nodes,3,4.1855,4.1845,3.0000
200,scouts,0,-3.7511,-3.9128,3.0000
200,scouts,1,-5.2511,-2.4128,3.0000
200,scouts,2,-6.7511,-3.9128,3.0000
200,scouts,3,-5.2511,-5.4128,3.0000
200,scouts,4,6.7512,-3.9145,3.0000
200,scouts,5,5.2512,-2.4145,3.0000
200,scouts,6,3.7512,-3.9145,3.0000
200,scouts,7,5.2512,-5.4145,3.0000
200,scouts,8,-2.7112,4.2109,3.0000
200,scouts,9,-4.2112,5.7109,3.0000
200,scouts,10,-5.7112,4.2109,3.0000
200,scouts,11,-4.2112,2.7109,3.0000
200,scouts,12,5.7122,4.2113,3.0000
200,scouts,13,4.2122,5.7113,3.0000
200,scouts,14,2.7122,4.2113,3.0000
200,scouts,15,4.2122,2.7113,3.0000
200,workers,0,-4.6214,-0.7844,3.0000
200,workers,1,7.3464,-0.4966,3.0000
200,workers,2,-0.0825,1.5520,3.0000
200,workers,3,3.5868,2.0419,3.0000
201,general,0,0.0000,0.0000,5.0000
201,nodes,0,-5.2609,-3.8703,3.0000
201,nodes,1,5.2607,-3.8720,3.0000
201,nodes,2,-4.1802,4.1799,3.0000
201,nodes,3,4.1813,4.1804,3.0000
201,scouts,0,-3.7524,-3.9072,3.0000
201,scouts,1,-5.2524,-2.4072,3.0000
201,scouts,2,-6.7524,-3.9072,3.0000
201,scouts,3,-5.2524,-5.4072,3.0000
201,scouts,4,6.7524,-3.9088,3.0000
201,scouts,5,5.2524,-2.4088,3.0000
201,scouts,6,3.7524,-3.9088,3.0000
201,scouts,7,5.2524,-5.4088,3.0000
201,scouts,8,-2.7071,4.2067,3.0000
201,scouts,9,-4.2071,5.7067,3.0000
201,scouts,10,-5.7071,4.2067,3.0000
201,scouts,11,-4.2071,2.7067,3.0000
201,scouts,12,5.7081,4.2072,3.0000
201,scouts,13,4.2081,5.7072,3.0000
201,scouts,14,2.7081,4.2072,3.0000
201,scouts,15,4.2081,2.7072,3.0000
201,workers,0,-4.6334,-0.7533,3.0000
201,workers,1,7.3490,-0.4634,3.0000
201,workers,2,-0.0610,1.5266,3.0000
201,workers,3,3.5616,2.0201,3.0000
202,general,0,0.0000,0.0000,5.0000
202,nodes,0,-5.2622,-3.8645,3.0000
202,nodes,1,5.2620,-3.8662,3.0000
202,nodes,2,-4.1762,4.1757,3.0000
202,nodes,3,4.1772,4.1762,3.0000
202,scouts,0,-3.7537,-3.9015,3.0000
202,scouts,1,-5.2537,-2.4015,3.0000
202,scouts,2,-6.7537,-3.9015,3.0000
202,scouts,3,-5.2537,-5.4015,3.0000
202,scouts,4,6.7537,-3.9032,3.0000
202,scouts,5,5.2537,-2.4032,3.0000
202,scouts,6,3.7537,-3.9032,3.0000
202,scouts,7,5.2537,-5.4032,3.0000
202,scouts,8,-2.7030,4.2026,3.0000
202,scouts,9,-4.2030,5.7026,3.0000
202,scouts,10,-5.7030,4.2026,3.0000
202,scouts,11,-4.2030,2.7026,3.0000
202,scouts,12,5.7040,4.2031,3.0000
202,scouts,13,4.2040,5.7031,3.0000
202,scouts,14,2.7040,4.2031,3.0000
202,scouts,15,4.2040,2.7031,3.0000
202,workers,0,-4.6453,-0.7222,3.0000
202,workers,1,7.3515,-0.4302,3.0000
202,workers,2,-0.0394,1.5011,3.0000
202,workers,3,3.5364,1.9982,3.0000
203,general,0,0.0000,0.0000,5.0000
203,nodes,0,-5.2635,-3.8588,3.0000
203,nodes,1,5.2632,-3.8606,3.0000
203,nodes,2,-4.1721,4.1716,3.0000
203,nodes,3,4.1730,4.1721,3.0000
203,scouts,0,-3.7550,-3.8958,3.0000
203,scouts,1,-5.2550,-2.3958,3.0000
203,scouts,2,-6.7550,-3.8958,3.0000
203,scouts,3,-5.2550,-5.3958,3.0000
203,scouts,4,6.7550,-3.8975,3.0000
203,scouts,5,5.2550,-2.3975,3.0000
203,scouts,6,3.7550,-3.8975,3.0000
203,scouts,7,5.2550,-5.3975,3.0000
203,scouts,8,-2.6988,4.1985,3.0000
203,scouts,9,-4.1988,5.6985,3.0000
203,scouts,10,-5.6988,4.1985,3.0000
203,scouts,11,-4.1988,2.6985,3.0000
203,scouts,12,5.6998,4.1989,3.0000
203,scouts,13,4.1998,5.6989,3.0000
203,scouts,14,2.6998,4.1989,3.0000
203,scouts,15,4.1998,2.6989,3.0000
203,workers,0,-4.6573,-0.6911,3.0000
203,workers,1,7.3541,-0.3969,3.0000
203,workers,2,-0.0179,1.4757,3.0000
203,workers,3,3.5112,1.9764,3.0000
204,general,0,0.0000,0.0000,5.0000
204,nodes,0,-5.2649,-3.8530,3.0000
204,nodes,1,5.2645,-3.8549,3.0000
204,nodes,2,-4.1680,4.1675,3.0000
204,nodes,3,4.1689,4.1680,3.0000
204,scouts,0,-3.7563,-3.8901,3.0000
204,scouts,1,-5.2563,-2.3901,3.0000
204,scouts,2,-6.7563,-3.8901,3.0000
204,scouts,3,-5.2563,-5.3901,3.0000
204,scouts,4,6.7562,-3.8918,3.0000
204,scouts,5,5.2562,-2.3918,3.0000
204,scouts,6,3.7562,-3.8918,3.0000
204,scouts,7,5.2562,-5.3918,3.0000
204,scouts,8,-2.6947,4.1943,3.0000
204,scouts,9,-4.1947,5.6943,3.0000
204,scouts,10,-5.6947,4.1943,3.0000
204,scouts,11,-4.1947,2.6943,3.0000
204,scouts,12,5.6957,4.1948,3.0000
204,scouts,13,4.1957,5.6948,3.0000
204,scouts,14,2.6957,4.1948,3.0000
204,scouts,15,4.1957,2.6948,3.0000
204,workers,0,-4.6693,-0.6599,3.0000
204,workers,1,7.3566,-0.3637,3.0000
204,workers,2,0.0036,1.4503,3.0000
204,workers,3,3.4860,1.9546,3.0000
205,general,0,0.0000,0.0000,5.0000
205,nodes,0,-5.2662,-3.8473,3.0000
205,nodes,1,5.2658,-3.8493,3.0000
205,nodes,2,-4.1639,4.1633,3.0000
205,nodes,3,4.1647,4.1638,3.0000
205,scouts,0,-3.7577,-3.8844,3.0000
205,scouts,1,-5.2577,-2.3844,3.0000
205,scouts,2,-6.7577,-3.8844,3.0000
205,scouts,3,-5.2577,-5.3844,3.0000
205,scouts,4,6.7575,-3.8861,3.0000
205,scouts,5,5.2575,-2.3861,3.0000
205,scouts,6,3.7575,-3.8861,3.0000
205,scouts,7,5.2575,-5.3861,3.0000
205,scouts,8,-2.6906,4.1902,3.0000
205,scouts,9,-4.1906,5.6902,3.0000
205,scouts,10,-5.6906,4.1902,3.0000
205,scouts,11,-4.1906,2.6902,3.0000
205,scouts,12,5.6916,4.1907,3.0000
205,scouts,13,4.1916,5.6907,3.0000
205,scouts,14,2.6916,4.1907,3.0000
205,scouts,15,4.1916,2.6907,3.0000
205,workers,0,-4.6812,-0.6288,3.0000
205,workers,1,7.3592,-0.3305,3.0000
205,workers,2,0.0252,1.4248,3.0000
205,workers,3,3.4609,1.9327,3.0000
206,general,0,0.0000,0.0000,5.0000
206,nodes,0,-5.2675,-3.8417,3.0000
206,nodes,1,5.2671,-3.8436,3.0000
206,nodes,2,-4.1598,4.1592,3.0000
206,nodes,3,4.1606,4.1597,3.0000
206,scouts,0,-3.7590,-3.8787,3.0000
206,scouts,1,-5.2590,-2.3787,3.0000
206,scouts,2,-6.7590,-3.8787,3.0000
206,scouts,3,-5.2590,-5.3787,3.0000
206,scouts,4,6.7588,-3.8805,3.0000
206,scouts,5,5.2588,-2.3805,3.0000
206,scouts,6,3.7588,-3.8805,3.0000
206,scouts,7,5.2588,-5.3805,3.0000
206,scouts,8,-2.6865,4.1861,3.0000
206,scouts,9,-4.1865,5.6861,3.0000
206,scouts,10,-5.6865,4.1861,3.0000
206,scouts,11,-4.1865,2.6861,3.0000
206,scouts,12,5.6875,4.1865,3.0000
206,scouts,13,4.1875,5.6865,3.0000
206,scouts,14,2.6875,4.1865,3.0000
206,scouts,15,4.1875,2.6865,3.0000
206,workers,0,-4.6932,-0.5977,3.0000
206,workers,1,7.3618,-0.2972,3.0000
206,workers,2,0.0467,1.3994,3.0000
206,workers,3,3.4357,1.9109,3.0000
207,general,0,0.0000,0.0000,5.0000
207,nodes,0,-5.2688,-3.8360,3.0000
207,nodes,1,5.2684,-3.8379,3.0000
207,nodes,2,-4.1557,4.1550,3.0000
207,nodes,3,4.1564,4.1555,3.0000
207,scouts,0,-3.7603,-3.8730,3.0000
207,scouts,1,-5.2603,-2.3730,3.0000
207,scouts,2,-6.7603,-3.8730,3.0000
207,scouts,3,-5.2603,-5.3730,3.0000
207,scouts,4,6.7601,-3.8748,3.0000
207,scouts,5,5.2601,-2.3748,3.0000
207,scouts,6,3.7601,-3.8748,3.0000
207,scouts,7,5.2601,-5.3748,3.0000
207,scouts,8,-2.6824,4.1819,3.0000
207,scouts,9,-4.1824,5.6819,3.0000
207,scouts,10,-5.6824,4.1819,3.0000
207,scouts,11,-4.1824,2.6819,3.0000
207,scouts,12,5.6833,4.1824,3.0000
207,scouts,13,4.1833,5.6824,3.0000
207,scouts,14,2.6833,4.1824,3.0000
207,scouts,15,4.1833,2.6824,3.0000
207,workers,0,-4.7052,-0.5666,3.0000
207,workers,1,7.3643,-0.2640,3.0000
207,workers,2,0.0682,1.3739,3.0000
207,workers,3,3.4105,1.8891,3.0000
208,general,0,0.0000,0.0000,5.0000
208,nodes,0,-5.2701,-3.8303,3.0000
208,nodes,1,5.2697,-3.8323,3.0000
208,nodes,2,-4.1517,4.1509,3.0000
208,nodes,3,4.1523,4.1514,3.0000
208,scouts,0,-3.7616,-3.8673,3.0000
208,scouts,1,-5.2616,-2.3673,3.0000
208,scouts,2,-6.7616,-3.8673,3.0000
208,scouts,3,-5.2616,-5.3673,3.0000
208,scouts,4,6.7614,-3.8691,3.0000
208,scouts,5,5.2614,-2.3691,3.0000
208,scouts,6,3.7614,-3.8691,3.0000
208,scouts,7,5.2614,-5.3691,3.0000
208,scouts,8,-2.6783,4.1778,3.0000
208,scouts,9,-4.1783,5.6778,3.0000
208,scouts,10,-5.6783,4.1778,3.0000
208,scouts,11,-4.1783,2.6778,3.0000
208,scouts,12,5.6792,4.1783,3.0000
208,scouts,13,4.1792,5.6783,3.0000
208,scouts,14,2.6792,4.1783,3.0000
208,scouts,15,4.1792,2.6783,3.0000
208,workers,0,-4.7171,-0.5355,3.0000
208,workers,1,7.3669,-0.2308,3.0000
208,workers,2,0.0898,1.3485,3.0000
208,workers,3,3.3853,1.8672,3.0000
209,general,0,0.0000,0.0000,5.0000
209,nodes,0,-5.2714,-3.8246,3.0000
209,nodes,1,5.2710,-3.8267,3.0000
209,nodes,2,-4.1476,4.1468,3.0000
209,nodes,3,4.1482,4.1473,3.0000
209,scouts,0,-3.7629,-3.8616,3.0000
209,scouts,1,-5.2629,-2.3616,3.0000
209,scouts,2,-6.7629,-3.8616,3.0000
209,scouts,3,-5.2629,-5.3616,3.0000
209,scouts,4,6.7626,-3.8635,3.0000
209,scouts,5,5.2626,-2.3635,3.0000
209,scouts,6,3.7626,-3.8635,3.0000
209,scouts,7,5.2626,-5.3635,3.0000
209,scouts,8,-2.6742,4.1737,3.0000
209,scouts,9,-4.1742,5.6737,3.0000
209,scouts,10,-5.6742,4.1737,3.0000
209,scouts,11,-4.1742,2.6737,3.0000
209,scouts,12,5.6750,4.1741,3.0000
209,scouts,13,4.1750,5.6741,3.0000
209,scouts,14,2.6750,4.1741,3.0000
209,scouts,15,4.1750,2.6741,3.0000
209,workers,0,-4.7291,-0.5044,3.0000
209,workers,1,7.3694,-0.1975,3.0000
209,workers,2,0.1113,1.3230,3.0000
209,workers,3,3.3601,1.8454,3.0000
210,general,0,0.0000,0.0000,5.0000
210,nodes,0,-5.2728,-3.8189,3.0000
210,nodes,1,5.2724,-3.8209,3.0000
210,nodes,2,-4.1434,4.1427,3.0000
210,nodes,3,4.1440,4.1431,3.0000
210,scouts,0,-3.7642,-3.8559,3.0000
210,scouts,1,-5.2642,-2.3559,3.0000
210,scouts,2,-6.7642,-3.8559,3.0000
210,scouts,3,-5.2642,-5.3559,3.0000
210,scouts,4,6.7639,-3.8578,3.0000
210,scouts,5,5.2639,-2.3578,3.0000
210,scouts,6,3.7639,-3.8578,3.0000
210,scouts,7,5.2639,-5.3578,3.0000
210,scouts,8,-2.6701,4.1695,3.0000
210,scouts,9,-4.1701,5.6695,3.0000
210,scouts,10,-5.6701,4.1695,3.0000
210,scouts,11,-4.1701,2.6695,3.0000
210,scouts,12,5.6709,4.1700,3.0000
210,scouts,13,4.1709,5.6700,3.0000
210,scouts,14,2.6709,4.1700,3.0000
210,scouts,15,4.1709,2.6700,3.0000
210,workers,0,-4.7410,-0.4733,3.0000
210,workers,1,7.3720,-0.1643,3.0000
210,workers,2,0.1328,1.2976,3.0000
210,workers,3,3.3349,1.8236,3.0000
211,general,0,0.0000,0.0000,5.0000
211,nodes,0,-5.2741,-3.8132,3.0000
211,nodes,1,5.2738,-3.8153,3.0000
211,nodes,2,-4.1392,4.1385,3.0000
211,nodes,3,4.1398,4.1390,3.0000
211,scouts,0,-3.7656,-3.8502,3.0000
211,scouts,1,-5.2656,-2.3502,3.0000
211,scouts,2,-6.7656,-3.8502,3.0000
211,scouts,3,-5.2656,-5.3502,3.0000
211,scouts,4,6.7653,-3.8521,3.0000
211,scouts,5,5.2653,-2.3521,3.0000
211,scouts,6,3.7653,-3.8521,3.0000
211,scouts,7,5.2653,-5.3521,3.0000
211,scouts,8,-2.6660,4.1654,3.0000
211,scouts,9,-4.1660,5.6654,3.0000
211,scouts,10,-5.6660,4.1654,3.0000
211,scouts,11,-4.1660,2.6654,3.0000
211,scouts,12,5.6668,4.1659,3.0000
211,scouts,13,4.1668,5.6659,3.0000
211,scouts,14,2.6668,4.1659,3.0000
211,scouts,15,4.1668,2.6659,3.0000
211,workers,0,-4.7530,-0.4422,3.0000
211,workers,1,7.3745,-0.1311,3.0000
211,workers,2,0.1544,1.2721,3.0000
211,workers,3,3.3097,1.8018,3.0000
212,general,0,0.0000,0.0000,5.0000
212,nodes,0,-5.2755,-3.8076,3.0000
212,nodes,1,5.2751,-3.8097,3.0000
212,nodes,2,-4.1351,4.1345,3.0000
212,nodes,3,4.1357,4.1349,3.0000
212,scouts,0,-3.7669,-3.8445,3.0000
212,scouts,1,-5.2669,-2.3445,3.0000
212,scouts,2,-6.7669,-3.8445,3.0000
212,scouts,3,-5.2669,-5.3445,3.0000
212,scouts,4,6.7666,-3.8465,3.0000
212,scouts,5,5.2666,-2.3465,3.0000
212,scouts,6,3.7666,-3.8465,3.0000
212,scouts,7,5.2666,-5.3465,3.0000
212,scouts,8,-2.6619,4.1613,3.0000
212,scouts,9,-4.1619,5.6613,3.0000
212,scouts,10,-5.6619,4.1613,3.0000
212,scouts,11,-4.1619,2.6613,3.0000
212,scouts,12,5.6626,4.1617,3.0000
212,scouts,13,4.1626,5.6617,3.0000
212,scouts,14,2.6626,4.1617,3.0000
212,scouts,15,4.1626,2.6617,3.0000
212,workers,0,-4.7650,-0.4111,3.0000
212,workers,1,7.3771,-0.0978,3.0000
212,workers,2,0.1759,1.2467,3.0000
212,workers,3,3.2845,1.7799,3.0000
213,general,0,0.0000,0.0000,5.0000
213,nodes,0,-5.2768,-3.8019,3.0000
213,nodes,1,5.2764,-3.8040,3.0000
213,nodes,2,-4.1309,4.1303,3.0000
213,nodes,3,4.1315,4.1308,3.0000
213,scouts,0,-3.7682,-3.8389,3.0000
213,scouts,1,-5.2682,-2.3389,3.0000
213,scouts,2,-6.7682,-3.8389,3.0000
213,scouts,3,-5.2682,-5.3389,3.0000
213,scouts,4,6.7679,-3.8408,3.0000
213,scouts,5,5.2679,-2.3408,3.0000
213,scouts,6,3.7679,-3.8408,3.0000
213,scouts,7,5.2679,-5.3408,3.0000
213,scouts,8,-2.6577,4.1571,3.0000
213,scouts,9,-4.1577,5.6571,3.0000
213,scouts,10,-5.6577,4.1571,3.0000
213,scouts,11,-4.1577,2.6571,3.0000
213,scouts,12,5.6585,4.1576,3.0000
213,scouts,13,4.1585,5.6576,3.0000
213,scouts,14,2.6585,4.1576,3.0000
213,scouts,15,4.1585,2.6576,3.0000
213,workers,0,-4.7769,-0.3799,3.0000
213,workers,1,7.3796,-0.0646,3.0000
213,workers,2,0.1974,1.2212,3.0000
213,workers,3,3.2593,1.7581,3.0000
214,general,0,0.0000,0.0000,5.0000
214,nodes,0,-5.2781,-3.7962,3.0000
214,nodes,1,5.2776,-3.7982,3.0000
214,nodes,2,-4.1267,4.1261,3.0000
214,nodes,3,4.1273,4.1266,3.0000
214,scouts,0,-3.7695,-3.8332,3.0000
214,scouts,1,-5.2695,-2.3332,3.0000
214,scouts,2,-6.7695,-3.8332,3.0000
214,scouts,3,-5.2695,-5.3332,3.0000
214,scouts,4,6.7692,-3.8351,3.0000
214,scouts,5,5.2692,-2.3351,3.0000
214,scouts,6,3.7692,-3.8351,3.0000
214,scouts,7,5.2692,-5.3351,3.0000
214,scouts,8,-2.6536,4.1530,3.0000
214,scouts,9,-4.1536,5.6530,3.0000
214,scouts,10,-5.6536,4.1530,3.0000
214,scouts,11,-4.1536,2.6530,3.0000
214,scouts,12,5.6543,4.1535,3.0000
214,scouts,13,4.1543,5.6535,3.0000
214,scouts,14,2.6543,4.1535,3.0000
214,scouts,15,4.1543,2.6535,3.0000
214,workers,0,-4.7889,-0.3488,3.0000
214,workers,1,7.3822,-0.0313,3.0000
214,workers,2,0.2189,1.1958,3.0000
214,workers,3,3.2341,1.7363,3.0000
215,general,0,0.0000,0.0000,5.0000
215,nodes,0,-5.2794,-3.7905,3.0000
215,nodes,1,5.2789,-3.7925,3.0000
215,nodes,2,-4.1226,4.1220,3.0000
215,nodes,3,4.1232,4.1224,3.0000
215,scouts,0,-3.7708,-3.8275,3.0000
215,scouts,1,-5.2708,-2.3275,3.0000
215,scouts,2,-6.7708,-3.8275,3.0000
215,scouts,3,-5.2708,-5.3275,3.0000
215,scouts,4,6.7705,-3.8294,3.0000
215,scouts,5,5.2705,-2.3294,3.0000
215,scouts,6,3.7705,-3.8294,3.0000
215,scouts,7,5.2705,-5.3294,3.0000
215,scouts,8,-2.6495,4.1489,3.0000
215,scouts,9,-4.1495,5.6489,3.0000
215,scouts,10,-5.6495,4.1489,3.0000
215,scouts,11,-4.1495,2.6489,3.0000
215,scouts,12,5.6502,4.1493,3.0000
215,scouts,13,4.1502,5.6493,3.0000
215,scouts,14,2.6502,4.1493,3.0000
215,scouts,15,4.1502,2.6493,3.0000
215,workers,0,-4.8009,-0.3177,3.0000
215,workers,1,7.3848,0.0019,3.0000
215,workers,2,0.2405,1.1703,3.0000
215,workers,3,3.2090,1.7144,3.0000
216,general,0,0.0000,0.0000,5.0000
216,nodes,0,-5.2807,-3.7848,3.0000
216,nodes,1,5.2802,-3.7868,3.0000
216,nodes,2,-4.1185,4.1178,3.0000
216,nodes,3,4.1190,4.1183,3.0000
216,scouts,0,-3.7721,-3.8218,3.0000
216,scouts,1,-5.2721,-2.3218,3.0000
216,scouts,2,-6.7721,-3.8218,3.0000
216,scouts,3,-5.2721,-5.3218,3.0000
216,scouts,4,6.7718,-3.8238,3.0000
216,scouts,5,5.2718,-2.3238,3.0000
216,scouts,6,3.7718,-3.8238,3.0000
216,scouts,7,5.2718,-5.3238,3.0000
216,scouts,8,-2.6453,4.1447,3.0000
216,scouts,9,-4.1453,5.6447,3.0000
216,scouts,10,-5.6453,4.1447,3.0000
216,scouts,11,-4.1453,2.6447,3.0000
216,scouts,12,5.6460,4.1452,3.0000
216,scouts,13,4.1460,5.6452,3.0000
216,scouts,14,2.6460,4.1452,3.0000
216,scouts,15,4.1460,2.6452,3.0000
216,workers,0,-4.8128,-0.2866,3.0000
216,workers,1,7.3873,0.0351,3.0000
216,workers,2,0.2620,1.1449,3.0000
216,workers,3,3.1838,1.6926,3.0000
217,general,0,0.0000,0.0000,5.0000
217,nodes,0,-5.2820,-3.7791,3.0000
217,nodes,1,5.2815,-3.7811,3.0000
217,nodes,2,-4.1143,4.1136,3.0000
217,nodes,3,4.1149,4.1141,3.0000
217,scouts,0,-3.7735,-3.8161,3.0000
217,scouts,1,-5.2735,-2.3161,3.0000
217,scouts,2,-6.7735,-3.8161,3.0000
217,scouts,3,-5.2735,-5.3161,3.0000
217,scouts,4,6.7731,-3.8181,3.0000
217,scouts,5,5.2731,-2.3181,3.0000
217,scouts,6,3.7731,-3.8181,3.0000
217,scouts,7,5.2731,-5.3181,3.0000
217,scouts,8,-2.6412,4.1406,3.0000
217,scouts,9,-4.1412,5.6406,3.0000
217,scouts,10,-5.6412,4.1406,3.0000
217,scouts,11,-4.1412,2.6406,3.0000
217,scouts,12,5.6419,4.1411,3.0000
217,scouts,13,4.1419,5.6411,3.0000
217,scouts,14,2.6419,4.1411,3.0000
217,scouts,15,4.1419,2.6411,3.0000
217,workers,0,-4.8248,-0.2555,3.0000
217,workers,1,7.3899,0.0684,3.0000
217,workers,2,0.2835,1.1195,3.0000
217,workers,3,3.1586,1.6708,3.0000
218,general,0,0.0000,0.0000,5.0000
218,nodes,0,-5.2833,-3.7733,3.0000
218,nodes,1,5.2828,-3.7754,3.0000
218,nodes,2,-4.1102,4.1095,3.0000
218,nodes,3,4.1107,4.1100,3.0000
218,scouts,0,-3.7748,-3.8104,3.0000
218,scouts,1,-5.2748,-2.3104,3.0000
218,scouts,2,-6.7748,-3.8104,3.0000
218,scouts,3,-5.2748,-5.3104,3.0000
218,scouts,4,6.7744,-3.8124,3.0000
218,scouts,5,5.2744,-2.3124,3.0000
218,scouts,6,3.7744,-3.8124,3.0000
218,scouts,7,5.2744,-5.3124,3.0000
218,scouts,8,-2.6371,4.1364,3.0000
218,scouts,9,-4.1371,5.6364,3.0000
218,scouts,10,-5.6371,4.1364,3.0000
218,scouts,11,-4.1371,2.6364,3.0000
218,scouts,12,5.6377,4.1369,3.0000
218,scouts,13,4.1377,5.6369,3.0000
218,scouts,14,2.6377,4.1369,3.0000
218,scouts,15,4.1377,2.6369,3.0000
218,workers,0,-4.8368,-0.2244,3.0000
218,workers,1,7.3924,0.1016,3.0000
218,workers,2,0.3051,1.0940,3.0000
218,workers,3,3.1334,1.6489,3.0000
219,general,0,0.0000,0.0000,5.0000
219,nodes,0,-5.2846,-3.7677,3.0000
219,nodes,1,5.2840,-3.7698,3.0000
219,nodes,2,-4.1060,4.1054,3.0000
219,nodes,3,4.1066,4.1058,3.0000
219,scouts,0,-3.7761,-3.8047,3.0000
219,scouts,1,-5.2761,-2.3047,3.0000
219,scouts,2,-6.7761,-3.8047,3.0000
219,scouts,3,-5.2761,-5.3047,3.0000
219,scouts,4,6.7756,-3.8067,3.0000
219,scouts,5,5.2756,-2.3067,3.0000
219,scouts,6,3.7756,-3.8067,3.0000
219,scouts,7,5.2756,-5.3067,3.0000
219,scouts,8,-2.6329,4.1323,3.0000
219,scouts,9,-4.1329,5.6323,3.0000
219,scouts,10,-5.6329,4.1323,3.0000
219,scouts,11,-4.1329,2.6323,3.0000
219,scouts,12,5.6336,4.1328,3.0000
219,scouts,13,4.1336,5.6328,3.0000
219,scouts,14,2.6336,4.1328,3.0000
219,scouts,15,4.1336,2.6328,3.0000
219,workers,0,-4.8487,-0.1933,3.0000
219,workers,1,7.3950,0.1348,3.0000
219,workers,2,0.3266,1.0686,3.0000
219,workers,3,3.1082,1.6271,3.0000
220,general,0,0.0000,0.0000,5.0000
220,nodes,0,-5.2859,-3.7621,3.0000
220,nodes,1,5.2853,-3.7641,3.0000
220,nodes,2,-4.1019,4.1013,3.0000
220,nodes,3,4.1025,4.1016,3.0000
220,scouts,0,-3.7774,-3.7990,3.0000
220,scouts,1,-5.2774,-2.2990,3.0000
220,scouts,2,-6.7774,-3.7990,3.0000
220,scouts,3,-5.2774,-5.2990,3.0000
220,scouts,4,6.7769,-3.8010,3.0000
220,scouts,5,5.2769,-2.3010,3.0000
220,scouts,6,3.7769,-3.8010,3.0000
220,scouts,7,5.2769,-5.3010,3.0000
220,scouts,8,-2.6288,4.1282,3.0000
220,scouts,9,-4.1288,5.6282,3.0000
220,scouts,10,-5.6288,4.1282,3.0000
220,scouts,11,-4.1288,2.6282,3.0000
220,scouts,12,5.6294,4.1286,3.0000
220,scouts,13,4.1294,5.6286,3.0000
220,scouts,14,2.6294,4.1286,3.0000
220,scouts,15,4.1294,2.6286,3.0000
220,workers,0,-4.8607,-0.1622,3.0000
220,workers,1,7.3975,0.1681,3.0000
220,workers,2,0.3481,1.0431,3.0000
220,workers,3,3.0830,1.6053,3.0000
221,general,0,0.0000,0.0000,5.0000
221,nodes,0,-5.2872,-3.7564,3.0000
221,nodes,1,5.2865,-3.7585,3.0000
221,nodes,2,-4.0977,4.0972,3.0000
221,nodes,3,4.0983,4.0975,3.0000
221,scouts,0,-3.7787,-3.7933,3.0000
221,scouts,1,-5.2787,-2.2933,3.0000
221,scouts,2,-6.7787,-3.7933,3.0000
221,scouts,3,-5.2787,-5.2933,3.0000
221,scouts,4,6.7782,-3.7954,3.0000
221,scouts,5,5.2782,-2.2954,3.0000
221,scouts,6,3.7782,-3.7954,3.0000
221,scouts,7,5.2782,-5.2954,3.0000
221,scouts,8,-2.6246,4.1240,3.0000
221,scouts,9,-4.1246,5.6240,3.0000
221,scouts,10,-5.6246,4.1240,3.0000
221,scouts,11,-4.1246,2.6240,3.0000
221,scouts,12,5.6253,4.1245,3.0000
221,scouts,13,4.1253,5.6245,3.0000
221,scouts,14,2.6253,4.1245,3.0000
221,scouts,15,4.1253,2.6245,3.0000
221,workers,0,-4.8727,-0.1310,3.0000
221,workers,1,7.4001,0.2013,3.0000
221,workers,2,0.3697,1.0177,3.0000
221,workers,3,3.0578,1.5834,3.0000
222,general,0,0.0000,0.0000,5.0000
222,nodes,0,-5.2885,-3.7507,3.0000
222,nodes,1,5.2878,-3.7528,3.0000
222,nodes,2,-4.0936,4.0931,3.0000
222,nodes,3,4.0942,4.0934,3.0000
222,scouts,0,-3.7800,-3.7877,3.0000
222,scouts,1,-5.2800,-2.2877,3.0000
222,scouts,2,-6.7800,-3.7877,3.0000
222,scouts,3,-5.2800,-5.2877,3.0000
222,scouts,4,6.7795,-3.7897,3.0000
222,scouts,5,5.2795,-2.2897,3.0000
222,scouts,6,3.7795,-3.7897,3.0000
222,scouts,7,5.2795,-5.2897,3.0000
222,scouts,8,-2.6205,4.1199,3.0000
222,scouts,9,-4.1205,5.6199,3.0000
222,scouts,10,-5.6205,4.1199,3.0000
222,scouts,11,-4.1205,2.6199,3.0000
222,scouts,12,5.6211,4.1203,3.0000
222,scouts,13,4.1211,5.6203,3.0000
222,scouts,14,2.6211,4.1203,3.0000
222,scouts,15,4.1211,2.6203,3.0000
222,workers,0,-4.8846,-0.0999,3.0000
222,workers,1,7.4027,0.2345,3.0000
222,workers,2,0.3912,0.9922,3.0000
222,workers,3,3.0326,1.5616,3.0000
223,general,0,0.0000,0.0000,5.0000
223,nodes,0,-5.2898,-3.7450,3.0000
223,nodes,1,5.2892,-3.7471,3.0000
223,nodes,2,-4.0895,4.0890,3.0000
223,nodes,3,4.0902,4.0892,3.0000
223,scouts,0,-3.7813,-3.7820,3.0000
223,scouts,1,-5.2813,-2.2820,3.0000
223,scouts,2,-6.7813,-3.7820,3.0000
223,scouts,3,-5.2813,-5.2820,3.0000
223,scouts,4,6.7808,-3.7840,3.0000
223,scouts,5,5.2808,-2.2840,3.0000
223,scouts,6,3.7808,-3.7840,3.0000
223,scouts,7,5.2808,-5.2840,3.0000
223,scouts,8,-2.6164,4.1158,3.0000
223,scouts,9,-4.1164,5.6158,3.0000
223,scouts,10,-5.6164,4.1158,3.0000
223,scouts,11,-4.1164,2.6158,3.0000
223,scouts,12,5.6170,4.1162,3.0000
223,scouts,13,4.1170,5.6162,3.0000
223,scouts,14,2.6170,4.1162,3.0000
223,scouts,15,4.1170,2.6162,3.0000
223,workers,0,-4.8966,-0.0688,3.0000
223,workers,1,7.4052,0.2678,3.0000
223,workers,2,0.4127,0.9668,3.0000
223,workers,3,3.0074,1.5398,3.0000
224,general,0,0.0000,0.0000,5.0000
224,nodes,0,-5.2911,-3.7393,3.0000
224,nodes,1,5.2905,-3.7413,3.0000
224,nodes,2,-4.0854,4.0848,3.0000
224,nodes,3,4.0860,4.0850,3.0000
224,scouts,0,-3.7826,-3.7763,3.0000
224,scouts,1,-5.2826,-2.2763,3.0000
224,scouts,2,-6.7826,-3.7763,3.0000
224,scouts,3,-5.2826,-5.2763,3.0000
224,scouts,4,6.7821,-3.7783,3.0000
224,scouts,5,5.2821,-2.2783,3.0000
224,scouts,6,3.7821,-3.7783,3.0000
224,scouts,7,5.2821,-5.2783,3.0000
224,scouts,8,-2.6122,4.1117,3.0000
224,scouts,9,-4.1122,5.6117,3.0000
224,scouts,10,-5.6122,4.1117,3.0000
224,scouts,11,-4.1122,2.6117,3.0000
224,scouts,12,5.6129,4.1120,3.0000
224,scouts,13,4.1129,5.6120,3.0000
224,scouts,14,2.6129,4.1120,3.0000
224,scouts,15,4.1129,2.6120,3.0000
224,workers,0,-4.9086,-0.0377,3.0000
224,workers,1,7.4078,0.3010,3.0000
224,workers,2,0.4343,0.9413,3.0000
224,workers,3,2.9823,1.5180,3.0000
225,general,0,0.0000,0.0000,5.0000
225,nodes,0,-5.2925,-3.7337,3.0000
225,nodes,1,5.2919,-3.7355,3.0000
225,nodes,2,-4.0813,4.0807,3.0000
225,nodes,3,4.0820,4.0809,3.0000
225,scouts,0,-3.7839,-3.7706,3.0000
225,scouts,1,-5.2839,-2.2706,3.0000
225,scouts,2,-6.7839,-3.7706,3.0000
225,scouts,3,-5.2839,-5.2706,3.0000
225,scouts,4,6.7834,-3.7726,3.0000
225,scouts,5,5.2834,-2.2726,3.0000
225,scouts,6,3.7834,-3.7726,3.0000
225,scouts,7,5.2834,-5.2726,3.0000
225,scouts,8,-2.6081,4.1075,3.0000
225,scouts,9,-4.1081,5.6075,3.0000
225,scouts,10,-5.6081,4.1075,3.0000
225,scouts,11,-4.1081,2.6075,3.0000
225,scouts,12,5.6088,4.1079,3.0000
225,scouts,13,4.1088,5.6079,3.0000
225,scouts,14,2.6088,4.1079,3.0000
225,scouts,15,4.1088,2.6079,3.0000
225,workers,0,-4.9205,-0.0066,3.0000
225,workers,1,7.4103,0.3342,3.0000
225,workers,2,0.4558,0.9159,3.0000
225,workers,3,2.9571,1.4961,3.0000
226,general,0,0.0000,0.0000,5.0000
226,nodes,0,-5.2938,-3.7280,3.0000
226,nodes,1,5.2932,-3.7299,3.0000
226,nodes,2,-4.0771,4.0766,3.0000
226,nodes,3,4.0778,4.0768,3.0000
226,scouts,0,-3.7853,-3.7649,3.0000
226,scouts,1,-5.2853,-2.2649,3.0000
226,scouts,2,-6.7853,-3.7649,3.0000
226,scouts,3,-5.2853,-5.2649,3.0000
226,scouts,4,6.7847,-3.7669,3.0000
226,scouts,5,5.2847,-2.2669,3.0000
226,scouts,6,3.7847,-3.7669,3.0000
226,scouts,7,5.2847,-5.2669,3.0000
226,scouts,8,-2.6040,4.1034,3.0000
226,scouts,9,-4.1040,5.6034,3.0000
226,scouts,10,-5.6040,4.1034,3.0000
226,scouts,11,-4.1040,2.6034,3.0000
226,scouts,12,5.6046,4.1037,3.0000
226,scouts,13,4.1046,5.6037,3.0000
226,scouts,14,2.6046,4.1037,3.0000
226,scouts,15,4.1046,2.6037,3.0000
226,workers,0,-4.9325,0.0245,3.0000
226,workers,1,7.4129,0.3675,3.0000
226,workers,2,0.4773,0.8904,3.0000
226,workers,3,2.9319,1.4743,3.0000
227,general,0,0.0000,0.0000,5.0000
227,nodes,0,-5.2951,-3.7222,3.0000
227,nodes,1,5.2945,-3.7242,3.0000
227,nodes,2,-4.0730,4.0724,3.0000
227,nodes,3,4.0737,4.0726,3.0000
227,scouts,0,-3.7866,-3.7592,3.0000
227,scouts,1,-5.2866,-2.2592,3.0000
227,scouts,2,-6.7866,-3.7592,3.0000
227,scouts,3,-5.2866,-5.2592,3.0000
227,scouts,4,6.7860,-3.7612,3.0000
227,scouts,5,5.2860,-2.2612,3.0000
227,scouts,6,3.7860,-3.7612,3.0000
227,scouts,7,5.2860,-5.2612,3.0000
227,scouts,8,-2.5999,4.0993,3.0000
227,scouts,9,-4.0999,5.5993,3.0000
227,scouts,10,-5.5999,4.0993,3.0000
227,scouts,11,-4.0999,2.5993,3.0000
227,scouts,12,5.6005,4.0996,3.0000
227,scouts,13,4.1005,5.5996,3.0000
227,scouts,14,2.6005,4.0996,3.0000
227,scouts,15,4.1005,2.5996,3.0000
227,workers,0,-4.9445,0.0556,3.0000
227,workers,1,7.4154,0.4007,3.0000
227,workers,2,0.4989,0.8650,3.0000
227,workers,3,2.9067,1.4525,3.0000
228,general,0,0.0000,0.0000,5.0000
228,nodes,0,-5.2965,-3.7165,3.0000
228,nodes,1,5.2958,-3.7186,3.0000
228,nodes,2,-4.0689,4.0684,3.0000
228,nodes,3,4.0696,4.0684,3.0000
228,scouts,0,-3.7879,-3.7535,3.0000
228,scouts,1,-5.2879,-2.2535,3.0000
228,scouts,2,-6.7879,-3.7535,3.0000
228,scouts,3,-5.2879,-5.2535,3.0000
228,scouts,4,6.7873,-3.7555,3.0000
228,scouts,5,5.2873,-2.2555,3.0000
228,scouts,6,3.7873,-3.7555,3.0000
228,scouts,7,5.2873,-5.2555,3.0000
228,scouts,8,-2.5957,4.0952,3.0000
228,scouts,9,-4.0957,5.5952,3.0000
228,scouts,10,-5.5957,4.0952,3.0000
228,scouts,11,-4.0957,2.5952,3.0000
228,scouts,12,5.5964,4.0954,3.0000
228,scouts,13,4.0964,5.5954,3.0000
228,scouts,14,2.5964,4.0954,3.0000
228,scouts,15,4.0964,2.5954,3.0000
228,workers,0,-4.9564,0.0867,3.0000
228,workers,1,7.4180,0.4339,3.0000
228,workers,2,0.5204,0.8395,3.0000
228,workers,3,2.8815,1.4306,3.0000
229,general,0,0.0000,0.0000,5.0000
229,nodes,0,-5.2978,-3.7108,3.0000
229,nodes,1,5.2971,-3.7130,3.0000
229,nodes,2,-4.0648,4.0642,3.0000
229,nodes,3,4.0654,4.0643,3.0000
229,scouts,0,-3.7892,-3.7478,3.0000
229,scouts,1,-5.2892,-2.2478,3.0000
229,scouts,2,-6.7892,-3.7478,3.0000
229,scouts,3,-5.2892,-5.2478,3.0000
229,scouts,4,6.7886,-3.7499,3.0000
229,scouts,5,5.2886,-2.2499,3.0000
229,scouts,6,3.7886,-3.7499,3.0000
229,scouts,7,5.2886,-5.2499,3.0000
229,scouts,8,-2.5916,4.0910,3.0000
229,scouts,9,-4.0916,5.5910,3.0000
229,scouts,10,-5.5916,4.0910,3.0000
229,scouts,11,-4.0916,2.5910,3.0000
229,scouts,12,5.5922,4.0913,3.0000
229,scouts,13,4.0922,5.5913,3.0000
229,scouts,14,2.5922,4.0913,3.0000
229,scouts,15,4.0922,2.5913,3.0000
229,workers,0,-4.9684,0.1178,3.0000
229,workers,1,7.4206,0.4672,3.0000
229,workers,2,0.5419,0.8141,3.0000
229,workers,3,2.8563,1.4088,3.0000
230,general,0,0.0000,0.0000,5.0000
230,nodes,0,-5.2991,-3.7051,3.0000
230,nodes,1,5.2984,-3.7073,3.0000
230,nodes,2,-4.0607,4.0601,3.0000
230,nodes,3,4.0614,4.0602,3.0000
230,scouts,0,-3.7905,-3.7421,3.0000
230,scouts,1,-5.2905,-2.2421,3.0000
230,scouts,2,-6.7905,-3.7421,3.0000
230,scouts,3,-5.2905,-5.2421,3.0000
230,scouts,4,6.7899,-3.7442,3.0000
230,scouts,5,5.2899,-2.2442,3.0000
230,scouts,6,3.7899,-3.7442,3.0000
230,scouts,7,5.2899,-5.2442,3.0000
230,scouts,8,-2.5875,4.0869,3.0000
230,scouts,9,-4.0875,5.5869,3.0000
230,scouts,10,-5.5875,4.0869,3.0000
230,scouts,11,-4.0875,2.5869,3.0000
230,scouts,12,5.5881,4.0871,3.0000
230,scouts,13,4.0881,5.5871,3.0000
230,scouts,14,2.5881,4.0871,3.0000
230,scouts,15,4.0881,2.5871,3.0000
230,workers,0,-4.9804,0.1490,3.0000
230,workers,1,7.4231,0.5004,3.0000
230,workers,2,0.5634,0.7887,3.0000
230,workers,3,2.8311,1.3870,3.0000
231,general,0,0.0000,0.0000,5.0000
231,nodes,0,-5.3003,-3.6994,3.0000
231,nodes,1,5.2997,-3.7016,3.0000
231,nodes,2,-4.0565,4.0559,3.0000
231,nodes,3,4.0573,4.0560,3.0000
231,scouts,0,-3.7918,-3.7364,3.0000
231,scouts,1,-5.2918,-2.2364,3.0000
231,scouts,2,-6.7918,-3.7364,3.0000
231,scouts,3,-5.2918,-5.2364,3.0000
231,scouts,4,6.7912,-3.7385,3.0000
231,scouts,5,5.2912,-2.2385,3.0000
231,scouts,6,3.7912,-3.7385,3.0000
231,scouts,7,5.2912,-5.2385,3.0000
231,scouts,8,-2.5834,4.0828,3.0000
231,scouts,9,-4.0834,5.5828,3.0000
231,scouts,10,-5.5834,4.0828,3.0000
231,scouts,11,-4.0834,2.5828,3.0000
231,scouts,12,5.5840,4.0830,3.0000
231,scouts,13,4.0840,5.5830,3.0000
231,scouts,14,2.5840,4.0830,3.0000
231,scouts,15,4.0840,2.5830,3.0000
231,workers,0,-4.9923,0.1801,3.0000
231,workers,1,7.4257,0.5337,3.0000
231,workers,2,0.5850,0.7632,3.0000
231,workers,3,2.8059,1.3651,3.0000
232,general,0,0.0000,0.0000,5.0000
232,nodes,0,-5.3016,-3.6937,3.0000
232,nodes,1,5.3010,-3.6960,3.0000
232,nodes,2,-4.0524,4.0518,3.0000
232,nodes,3,4.0531,4.0518,3.0000
232,scouts,0,-3.7931,-3.7307,3.0000
232,scouts,1,-5.2931,-2.2307,3.0000
232,scouts,2,-6.7931,-3.7307,3.0000
232,scouts,3,-5.2931,-5.2307,3.0000
232,scouts,4,6.7925,-3.7328,3.0000
232,scouts,5,5.2925,-2.2328,3.0000
232,scouts,6,3.7925,-3.7328,3.0000
232,scouts,7,5.2925,-5.2328,3.0000
232,scouts,8,-2.5792,4.0786,3.0000
232,scouts,9,-4.0792,5.5786,3.0000
232,scouts,10,-5.5792,4.0786,3.0000
232,scouts,11,-4.0792,2.5786,3.0000
232,scouts,12,5.5799,4.0788,3.0000
232,scouts,13,4.0799,5.5788,3.0000
232,scouts,14,2.5799,4.0788,3.0000
232,scouts,15,4.0799,2.5788,3.0000
232,workers,0,-5.0043,0.2112,3.0000
232,workers,1,7.4282,0.5669,3.0000
232,workers,2,0.6065,0.7378,3.0000
232,workers,3,2.7807,1.3433,3.0000
233,general,0,0.0000,0.0000,5.0000
233,nodes,0,-5.3029,-3.6881,3.0000
233,nodes,1,5.3023,-3.6903,3.0000
233,nodes,2,-4.0482,4.0476,3.0000
233,nodes,3,4.0490,4.0477,3.0000
233,scouts,0,-3.7944,-3.7251,3.0000
233,scouts,1,-5.2944,-2.2251,3.0000
233,scouts,2,-6.7944,-3.7251,3.0000
233,scouts,3,-5.2944,-5.2251,3.0000
233,scouts,4,6.7938,-3.7272,3.0000
233,scouts,5,5.2938,-2.2272,3.0000
233,scouts,6,3.7938,-3.7272,3.0000
233,scouts,7,5.2938,-5.2272,3.0000
233,scouts,8,-2.5751,4.0745,3.0000
233,scouts,9,-4.0751,5.5745,3.0000
233,scouts,10,-5.5751,4.0745,3.0000
233,scouts,11,-4.0751,2.5745,3.0000
233,scouts,12,5.5758,4.0747,3.0000
233,scouts,13,4.0758,5.5747,3.0000
233,scouts,14,2.5758,4.0747,3.0000
233,scouts,15,4.0758,2.5747,3.0000
233,workers,0,-5.0163,0.2423,3.0000
233,workers,1,7.4308,0.6001,3.0000
233,workers,2,0.6280,0.7123,3.0000
233,workers,3,2.7555,1.3215,3.0000
234,general,0,0.0000,0.0000,5.0000
234,nodes,0,-5.3042,-3.6824,3.0000
234,nodes,1,5.3036,-3.6846,3.0000
234,nodes,2,-4.0441,4.0435,3.0000
234,nodes,3,4.0449,4.0435,3.0000
234,scouts,0,-3.7957,-3.7194,3.0000
234,scouts,1,-5.2957,-2.2194,3.0000
234,scouts,2,-6.7957,-3.7194,3.0000
234,scouts,3,-5.2957,-5.2194,3.0000
234,scouts,4,6.7951,-3.7215,3.0000
234,scouts,5,5.2951,-2.2215,3.0000
234,scouts,6,3.7951,-3.7215,3.0000
234,scouts,7,5.2951,-5.2215,3.0000
234,scouts,8,-2.5710,4.0704,3.0000
234,scouts,9,-4.0710,5.5704,3.0000
234,scouts,10,-5.5710,4.0704,3.0000
234,scouts,11,-4.0710,2.5704,3.0000
234,scouts,12,5.5717,4.0705,3.0000
234,scouts,13,4.0717,5.5705,3.0000
234,scouts,14,2.5717,4.0705,3.0000
234,scouts,15,4.0717,2.5705,3.0000
234,workers,0,-5.0282,0.2734,3.0000
234,workers,1,7.4333,0.6334,3.0000
234,workers,2,0.6496,0.6869,3.0000
234,workers,3,2.7304,1.2996,3.0000
235,general,0,0.0000,0.0000,5.0000
235,nodes,0,-5.3054,-3.6767,3.0000
235,nodes,1,5.3050,-3.6789,3.0000
235,nodes,2,-4.0400,4.0394,3.0000
235,nodes,3,4.0408,4.0393,3.0000
235,scouts,0,-3.7970,-3.7137,3.0000
235,scouts,1,-5.2970,-2.2137,3.0000
235,scouts,2,-6.7970,-3.7137,3.0000
235,scouts,3,-5.2970,-5.2137,3.0000
235,scouts,4,6.7964,-3.7158,3.0000
235,scouts,5,5.2964,-2.2158,3.0000
235,scouts,6,3.7964,-3.7158,3.0000
235,scouts,7,5.2964,-5.2158,3.0000
235,scouts,8,-2.5668,4.0662,3.0000
235,scouts,9,-4.0668,5.5662,3.0000
235,scouts,10,-5.5668,4.0662,3.0000
235,scouts,11,-4.0668,2.5662,3.0000
235,scouts,12,5.5675,4.0664,3.0000
235,scouts,13,4.0675,5.5664,3.0000
235,scouts,14,2.5675,4.0664,3.0000
235,scouts,15,4.0675,2.5664,3.0000
235,workers,0,-5.0402,0.3045,3.0000
235,workers,1,7.4359,0.6666,3.0000
235,workers,2,0.6711,0.6614,3.0000
235,workers,3,2.7052,1.2778,3.0000
236,general,0,0.0000,0.0000,5.0000
236,nodes,0,-5.3067,-3.6709,3.0000
236,nodes,1,5.3063,-3.6732,3.0000
236,nodes,2,-4.0358,4.0353,3.0000
236,nodes,3,4.0367,4.0351,3.0000
236,scouts,0,-3.7983,-3.7080,3.0000
236,scouts,1,-5.2983,-2.2080,3.0000
236,scouts,2,-6.7983,-3.7080,3.0000
236,scouts,3,-5.2983,-5.2080,3.0000
236,scouts,4,6.7977,-3.7101,3.0000
236,scouts,5,5.2977,-2.2101,3.0000
236,scouts,6,3.7977,-3.7101,3.0000
236,scouts,7,5.2977,-5.2101,3.0000
236,scouts,8,-2.5627,4.0621,3.0000
236,scouts,9,-4.0627,5.5621,3.0000
236,scouts,10,-5.5627,4.0621,3.0000
236,scouts,11,-4.0627,2.5621,3.0000
236,scouts,12,5.5634,4.0622,3.0000
236,scouts,13,4.0634,5.5622,3.0000
236,scouts,14,2.5634,4.0622,3.0000
236,scouts,15,4.0634,2.5622,3.0000
236,workers,0,-5.0522,0.3356,3.0000
236,workers,1,7.4384,0.6998,3.0000
236,workers,2,0.6926,0.6360,3.0000
236,workers,3,2.6800,1.2560,3.0000
237,general,0,0.0000,0.0000,5.0000
237,nodes,0,-5.3080,-3.6652,3.0000
237,nodes,1,5.3076,-3.6676,3.0000
237,nodes,2,-4.0317,4.0311,3.0000
237,nodes,3,4.0325,4.0310,3.0000
237,scouts,0,-3.7996,-3.7023,3.0000
237,scouts,1,-5.2996,-2.2023,3.0000
237,scouts,2,-6.7996,-3.7023,3.0000
237,scouts,3,-5.2996,-5.2023,3.0000
237,scouts,4,6.7991,-3.7044,3.0000
237,scouts,5,5.2991,-2.2044,3.0000
237,scouts,6,3.7991,-3.7044,3.0000
237,scouts,7,5.2991,-5.2044,3.0000
237,scouts,8,-2.5586,4.0580,3.0000
237,scouts,9,-4.0586,5.5580,3.0000
237,scouts,10,-5.5586,4.0580,3.0000
237,scouts,11,-4.0586,2.5580,3.0000
237,scouts,12,5.5593,4.0580,3.0000
237,scouts,13,4.0593,5.5580,3.0000
237,scouts,14,2.5593,4.0580,3.0000
237,scouts,15,4.0593,2.5580,3.0000
237,workers,0,-5.0641,0.3667,3.0000
237,workers,1,7.4410,0.7331,3.0000
237,workers,2,0.7142,0.6105,3.0000
237,workers,3,2.6548,1.2341,3.0000
238,general,0,0.0000,0.0000,5.0000
238,nodes,0,-5.3093,-3.6595,3.0000
238,nodes,1,5.3089,-3.6618,3.0000
238,nodes,2,-4.0275,4.0269,3.0000
238,nodes,3,4.0284,4.0268,3.0000
238,scouts,0,-3.8009,-3.6966,3.0000
238,scouts,1,-5.3009,-2.1966,3.0000
238,scouts,2,-6.8009,-3.6966,3.0000
238,scouts,3,-5.3009,-5.1966,3.0000
238,scouts,4,6.8004,-3.6988,3.0000
238,scouts,5,5.3004,-2.1988,3.0000
238,scouts,6,3.8004,-3.6988,3.0000
238,scouts,7,5.3004,-5.1988,3.0000
238,scouts,8,-2.5544,4.0538,3.0000
238,scouts,9,-4.0544,5.5538,3.0000
238,scouts,10,-5.5544,4.0538,3.0000
238,scouts,11,-4.0544,2.5538,3.0000
238,scouts,12,5.5552,4.0539,3.0000
238,scouts,13,4.0552,5.5539,3.0000
238,scouts,14,2.5552,4.0539,3.0000
238,scouts,15,4.0552,2.5539,3.0000
238,workers,0,-5.0761,0.3978,3.0000
238,workers,1,7.4436,0.7663,3.0000
238,workers,2,0.7357,0.5851,3.0000
238,workers,3,2.6296,1.2123,3.0000
239,general,0,0.0000,0.0000,5.0000
239,nodes,0,-5.3107,-3.6539,3.0000
239,nodes,1,5.3101,-3.6562,3.0000
239,nodes,2,-4.0235,4.0228,3.0000
239,nodes,3,4.0243,4.0227,3.0000
239,scouts,0,-3.8022,-3.6909,3.0000
239,scouts,1,-5.3022,-2.1909,3.0000
239,scouts,2,-6.8022,-3.6909,3.0000
239,scouts,3,-5.3022,-5.1909,3.0000
239,scouts,4,6.8017,-3.6931,3.0000
239,scouts,5,5.3017,-2.1931,3.0000
239,scouts,6,3.8017,-3.6931,3.0000
239,scouts,7,5.3017,-5.1931,3.0000
239,scouts,8,-2.5503,4.0497,3.0000
239,scouts,9,-4.0503,5.5497,3.0000
239,scouts,10,-5.5503,4.0497,3.0000
239,scouts,11,-4.0503,2.5497,3.0000
239,scouts,12,5.5511,4.0497,3.0000
239,scouts,13,4.0511,5.5497,3.0000
239,scouts,14,2.5511,4.0497,3.0000
239,scouts,15,4.0511,2.5497,3.0000
239,workers,0,-5.0881,0.4290,3.0000
239,workers,1,7.4461,0.7995,3.0000
239,workers,2,0.7572,0.5596,3.0000
239,workers,3,2.6044,1.1905,3.0000
240,general,0,0.0000,0.0000,5.0000
240,nodes,0,-5.3120,-3.6482,3.0000
240,nodes,1,5.3114,-3.6505,3.0000
240,nodes,2,-4.0193,4.0187,3.0000
240,nodes,3,4.0202,4.0186,3.0000
240,scouts,0,-3.8035,-3.6852,3.0000
240,scouts,1,-5.3035,-2.1852,3.0000
240,scouts,2,-6.8035,-3.6852,3.0000
240,scouts,3,-5.3035,-5.1852,3.0000
240,scouts,4,6.8030,-3.6874,3.0000
240,scouts,5,5.3030,-2.1874,3.0000
240,scouts,6,3.8030,-3.6874,3.0000
240,scouts,7,5.3030,-5.1874,3.0000
240,scouts,8,-2.5462,4.0456,3.0000
240,scouts,9,-4.0462,5.5456,3.0000
240,scouts,10,-5.5462,4.0456,3.0000
240,scouts,11,-4.0462,2.5456,3.0000
240,scouts,12,5.5470,4.0456,3.0000
240,scouts,13,4.0470,5.5456,3.0000
240,scouts,14,2.5470,4.0456,3.0000
240,scouts,15,4.0470,2.5456,3.0000
240,workers,0,-5.1000,0.4601,3.0000
240,workers,1,7.4487,0.8328,3.0000
240,workers,2,0.7788,0.5342,3.0000
240,workers,3,2.5792,1.1687,3.0000
241,general,0,0.0000,0.0000,5.0000
241,nodes,0,-5.3134,-3.6425,3.0000
241,nodes,1,5.3127,-3.6448,3.0000
241,nodes,2,-4.0152,4.0146,3.0000
241,nodes,3,4.0161,4.0145,3.0000
241,scouts,0,-3.8048,-3.6795,3.0000
241,scouts,1,-5.3048,-2.1795,3.0000
241,scouts,2,-6.8048,-3.6795,3.0000
241,scouts,3,-5.3048,-5.1795,3.0000
241,scouts,4,6.8043,-3.6817,3.0000
241,scouts,5,5.3043,-2.1817,3.0000
241,scouts,6,3.8043,-3.6817,3.0000
241,scouts,7,5.3043,-5.1817,3.0000
241,scouts,8,-2.5420,4.0414,3.0000
241,scouts,9,-4.0420,5.5414,3.0000
241,scouts,10,-5.5420,4.0414,3.0000
241,scouts,11,-4.0420,2.5414,3.0000
241,scouts,12,5.5428,4.0414,3.0000
241,scouts,13,4.0428,5.5414,3.0000
241,scouts,14,2.5428,4.0414,3.0000
241,scouts,15,4.0428,2.5414,3.0000
241,workers,0,-5.1120,0.4912,3.0000
241,workers,1,7.4512,0.8660,3.0000
241,workers,2,0.8003,0.5087,3.0000
241,workers,3,2.5540,1.1468,3.0000
242,general,0,0.0000,0.0000,5.0000
242,nodes,0,-5.3148,-3.6368,3.0000
242,nodes,1,5.3141,-3.6391,3.0000
242,nodes,2,-4.0111,4.0105,3.0000
242,nodes,3,4.0120,4.0104,3.0000
242,scouts,0,-3.8061,-3.6738,3.0000
242,scouts,1,-5.3061,-2.1738,3.0000
242,scouts,2,-6.8061,-3.6738,3.0000
242,scouts,3,-5.3061,-5.1738,3.0000
242,scouts,4,6.8056,-3.6760,3.0000
242,scouts,5,5.3056,-2.1760,3.0000
242,scouts,6,3.8056,-3.6760,3.0000
242,scouts,7,5.3056,-5.1760,3.0000
242,scouts,8,-2.5379,4.0373,3.0000
242,scouts,9,-4.0379,5.5373,3.0000
242,scouts,10,-5.5379,4.0373,3.0000
242,scouts,11,-4.0379,2.5373,3.0000
242,scouts,12,5.5387,4.0373,3.0000
242,scouts,13,4.0387,5.5373,3.0000
242,scouts,14,2.5387,4.0373,3.0000
242,scouts,15,4.0387,2.5373,3.0000
242,workers,0,-5.1240,0.5223,3.0000
242,workers,1,7.4538,0.8992,3.0000
242,workers,2,0.8218,0.4833,3.0000
242,workers,3,2.5288,1.1250,3.0000
243,general,0,0.0000,0.0000,5.0000
243,nodes,0,-5.3160,-3.6312,3.0000
243,nodes,1,5.3155,-3.6335,3.0000
243,nodes,2,-4.0070,4.0063,3.0000
243,nodes,3,4.0079,4.0063,3.0000
243,scouts,0,-3.8075,-3.6681,3.0000
243,scouts,1,-5.3075,-2.1681,3.0000
243,scouts,2,-6.8075,-3.6681,3.0000
243,scouts,3,-5.3075,-5.1681,3.0000
243,scouts,4,6.8069,-3.6704,3.0000
243,scouts,5,5.3069,-2.1704,3.0000
243,scouts,6,3.8069,-3.6704,3.0000
243,scouts,7,5.3069,-5.1704,3.0000
243,scouts,8,-2.5338,4.0332,3.0000
243,scouts,9,-4.0338,5.5332,3.0000
243,scouts,10,-5.5338,4.0332,3.0000
243,scouts,11,-4.0338,2.5332,3.0000
243,scouts,12,5.5346,4.0332,3.0000
243,scouts,13,4.0346,5.5332,3.0000
243,scouts,14,2.5346,4.0332,3.0000
243,scouts,15,4.0346,2.5332,3.0000
243,workers,0,-5.1359,0.5534,3.0000
243,workers,1,7.4563,0.9325,3.0000
243,workers,2,0.8434,0.4579,3.0000
243,workers,3,2.5037,1.1032,3.0000
244,general,0,0.0000,0.0000,5.0000
244,nodes,0,-5.3174,-3.6255,3.0000
244,nodes,1,5.3167,-3.6278,3.0000
244,nodes,2,-4.0030,4.0022,3.0000
244,nodes,3,4.0038,4.0021,3.0000
244,scouts,0,-3.8088,-3.6624,3.0000
244,scouts,1,-5.3088,-2.1624,3.0000
244,scouts,2,-6.8088,-3.6624,3.0000
244,scouts,3,-5.3088,-5.1624,3.0000
244,scouts,4,6.8082,-3.6647,3.0000
244,scouts,5,5.3082,-2.1647,3.0000
244,scouts,6,3.8082,-3.6647,3.0000
244,scouts,7,5.3082,-5.1647,3.0000
244,scouts,8,-2.5297,4.0290,3.0000
244,scouts,9,-4.0297,5.5290,3.0000
244,scouts,10,-5.5297,4.0290,3.0000
244,scouts,11,-4.0297,2.5290,3.0000
244,scouts,12,5.5305,4.0290,3.0000
244,scouts,13,4.0305,5.5290,3.0000
244,scouts,14,2.5305,4.0290,3.0000
244,scouts,15,4.0305,2.5290,3.0000
244,workers,0,-5.1479,0.5845,3.0000
244,workers,1,7.4589,0.9657,3.0000
244,workers,2,0.8649,0.4324,3.0000
244,workers,3,2.4785,1.0813,3.0000
245,general,0,0.0000,0.0000,5.0000
245,nodes,0,-5.3187,-3.6198,3.0000
245,nodes,1,5.3180,-3.6222,3.0000
245,nodes,2,-3.9989,3.9980,3.0000
245,nodes,3,3.9996,3.9981,3.0000
245,scouts,0,-3.8101,-3.6568,3.0000
245,scouts,1,-5.3101,-2.1568,3.0000
245,scouts,2,-6.8101,-3.6568,3.0000
245,scouts,3,-5.3101,-5.1568,3.0000
245,scouts,4,6.8095,-3.6590,3.0000
245,scouts,5,5.3095,-2.1590,3.0000
245,scouts,6,3.8095,-3.6590,3.0000
245,scouts,7,5.3095,-5.1590,3.0000
245,scouts,8,-2.5256,4.0249,3.0000
245,scouts,9,-4.0256,5.5249,3.0000
245,scouts,10,-5.5256,4.0249,3.0000
245,scouts,11,-4.0256,2.5249,3.0000
245,scouts,12,5.5264,4.0249,3.0000
245,scouts,13,4.0264,5.5249,3.0000
245,scouts,14,2.5264,4.0249,3.0000
245,scouts,15,4.0264,2.5249,3.0000
245,workers,0,-5.1599,0.6156,3.0000
245,workers,1,7.4615,0.9989,3.0000
245,workers,2,0.8864,0.4070,3.0000
245,workers,3,2.4533,1.0595,3.0000
246,general,0,0.0000,0.0000,5.0000
246,nodes,0,-5.3200,-3.6142,3.0000
246,nodes,1,5.3192,-3.6166,3.0000
246,nodes,2,-3.9948,3.9939,3.0000
246,nodes,3,3.9955,3.9939,3.0000
246,scouts,0,-3.8114,-3.6511,3.0000
246,scouts,1,-5.3114,-2.1511,3.0000
246,scouts,2,-6.8114,-3.6511,3.0000
246,scouts,3,-5.3114,-5.1511,3.0000
246,scouts,4,6.8108,-3.6534,3.0000
246,scouts,5,5.3108,-2.1534,3.0000
246,scouts,6,3.8108,-3.6534,3.0000
246,scouts,7,5.3108,-5.1534,3.0000
246,scouts,8,-2.5215,4.0208,3.0000
246,scouts,9,-4.0215,5.5208,3.0000
246,scouts,10,-5.5215,4.0208,3.0000
246,scouts,11,-4.0215,2.5208,3.0000
246,scouts,12,5.5223,4.0208,3.0000
246,scouts,13,4.0223,5.5208,3.0000
246,scouts,14,2.5223,4.0208,3.0000
246,scouts,15,4.0223,2.5208,3.0000
246,workers,0,-5.1718,0.6467,3.0000
246,workers,1,7.4640,1.0322,3.0000
246,workers,2,0.9080,0.3815,3.0000
246,workers,3,2.4281,1.0377,3.0000
247,general,0,0.0000,0.0000,5.0000
247,nodes,0,-5.3214,-3.6084,3.0000
247,nodes,1,5.3206,-3.6109,3.0000
247,nodes,2,-3.9907,3.9898,3.0000
247,nodes,3,3.9914,3.9898,3.0000
247,scouts,0,-3.8127,-3.6454,3.0000
247,scouts,1,-5.3127,-2.1454,3.0000
247,scouts,2,-6.8127,-3.6454,3.0000
247,scouts,3,-5.3127,-5.1454,3.0000
247,scouts,4,6.8121,-3.6477,3.0000
247,scouts,5,5.3121,-2.1477,3.0000
247,scouts,6,3.8121,-3.6477,3.0000
247,scouts,7,5.3121,-5.1477,3.0000
247,scouts,8,-2.5174,4.0167,3.0000
247,scouts,9,-4.0174,5.5167,3.0000
247,scouts,10,-5.5174,4.0167,3.0000
247,scouts,11,-4.0174,2.5167,3.0000
247,scouts,12,5.5181,4.0166,3.0000
247,scouts,13,4.0181,5.5166,3.0000
247,scouts,14,2.5181,4.0166,3.0000
247,scouts,15,4.0181,2.5166,3.0000
247,workers,0,-5.1838,0.6779,3.0000
247,workers,1,7.4666,1.0654,3.0000
247,workers,2,0.9295,0.3561,3.0000
247,workers,3,2.4029,1.0158,3.0000
248,general,0,0.0000,0.0000,5.0000
248,nodes,0,-5.3226,-3.6028,3.0000
248,nodes,1,5.3219,-3.6052,3.0000
248,nodes,2,-3.9866,3.9857,3.0000
248,nodes,3,3.9873,3.9858,3.0000
248,scouts,0,-3.8141,-3.6397,3.0000
248,scouts,1,-5.3141,-2.1397,3.0000
248,scouts,2,-6.8141,-3.6397,3.0000
248,scouts,3,-5.3141,-5.1397,3.0000
248,scouts,4,6.8134,-3.6420,3.0000
248,scouts,5,5.3134,-2.1420,3.0000
248,scouts,6,3.8134,-3.6420,3.0000
248,scouts,7,5.3134,-5.1420,3.0000
248,scouts,8,-2.5133,4.0125,3.0000
248,scouts,9,-4.0133,5.5125,3.0000
248,scouts,10,-5.5133,4.0125,3.0000
248,scouts,11,-4.0133,2.5125,3.0000
248,scouts,12,5.5140,4.0125,3.0000
248,scouts,13,4.0140,5.5125,3.0000
248,scouts,14,2.5140,4.0125,3.0000
248,scouts,15,4.0140,2.5125,3.0000
248,workers,0,-5.1958,0.7090,3.0000
248,workers,1,7.4691,1.0986,3.0000
248,workers,2,0.9510,0.3306,3.0000
248,workers,3,2.3777,0.9940,3.0000
249,general,0,0.0000,0.0000,5.0000
249,nodes,0,-5.3239,-3.5971,3.0000
249,nodes,1,5.3232,-3.5995,3.0000
249,nodes,2,-3.9825,3.9816,3.0000
249,nodes,3,3.9831,3.9817,3.0000
249,scouts,0,-3.8154,-3.6340,3.0000
249,scouts,1,-5.3154,-2.1340,3.0000
249,scouts,2,-6.8154,-3.6340,3.0000
249,scouts,3,-5.3154,-5.1340,3.0000
249,scouts,4,6.8147,-3.6364,3.0000
249,scouts,5,5.3147,-2.1364,3.0000
249,scouts,6,3.8147,-3.6364,3.0000
249,scouts,7,5.3147,-5.1364,3.0000
249,scouts,8,-2.5092,4.0084,3.0000
249,scouts,9,-4.0092,5.5084,3.0000
249,scouts,10,-5.5092,4.0084,3.0000
249,scouts,11,-4.0092,2.5084,3.0000
249,scouts,12,5.5099,4.0084,3.0000
249,scouts,13,4.0099,5.5084,3.0000
249,scouts,14,2.5099,4.0084,3.0000
249,scouts,15,4.0099,2.5084,3.0000
249,workers,0,-5.2077,0.7401,3.0000
249,workers,1,7.4717,1.1319,3.0000
249,workers,2,0.9725,0.3052,3.0000
249,workers,3,2.3525,0.9722,3.0000
250,general,0,0.0000,0.0000,5.0000
250,nodes,0,-5.3251,-3.5914,3.0000
250,nodes,1,5.3244,-3.5939,3.0000
250,nodes,2,-3.9783,3.9776,3.0000
250,nodes,3,3.9790,3.9776,3.0000
250,scouts,0,-3.8167,-3.6284,3.0000
250,scouts,1,-5.3167,-2.1284,3.0000
250,scouts,2,-6.8167,-3.6284,3.0000
250,scouts,3,-5.3167,-5.1284,3.0000
250,scouts,4,6.8160,-3.6307,3.0000
250,scouts,5,5.3160,-2.1307,3.0000
250,scouts,6,3.8160,-3.6307,3.0000
250,scouts,7,5.3160,-5.1307,3.0000
250,scouts,8,-2.5050,4.0043,3.0000
250,scouts,9,-4.0050,5.5043,3.0000
250,scouts,10,-5.5050,4.0043,3.0000
250,scouts,11,-4.0050,2.5043,3.0000
250,scouts,12,5.5058,4.0043,3.0000
250,scouts,13,4.0058,5.5043,3.0000
250,scouts,14,2.5058,4.0043,3.0000
250,scouts,15,4.0058,2.5043,3.0000
250,workers,0,-5.2197,0.7712,3.0000
250,workers,1,7.4742,1.1651,3.0000
250,workers,2,0.9941,0.2797,3.0000
250,workers,3,2.3273,0.9503,3.0000
251,general,0,0.0000,0.0000,5.0000
251,nodes,0,-5.3263,-3.5857,3.0000
251,nodes,1,5.3258,-3.5882,3.0000
251,nodes,2,-3.9742,3.9735,3.0000
251,nodes,3,3.9749,3.9734,3.0000
251,scouts,0,-3.8179,-3.6227,3.0000
251,scouts,1,-5.3179,-2.1227,3.0000
251,scouts,2,-6.8179,-3.6227,3.0000
251,scouts,3,-5.3179,-5.1227,3.0000
251,scouts,4,6.8173,-3.6250,3.0000
251,scouts,5,5.3173,-2.1250,3.0000
251,scouts,6,3.8173,-3.6250,3.0000
251,scouts,7,5.3173,-5.1250,3.0000
251,scouts,8,-2.5009,4.0002,3.0000
251,scouts,9,-4.0009,5.5002,3.0000
251,scouts,10,-5.5009,4.0002,3.0000
251,scouts,11,-4.0009,2.5002,3.0000
251,scouts,12,5.5017,4.0002,3.0000
251,scouts,13,4.0017,5.5002,3.0000
251,scouts,14,2.5017,4.0002,3.0000
251,scouts,15,4.0017,2.5002,3.0000
251,workers,0,-5.2317,0.8023,3.0000
251,workers,1,7.4768,1.1984,3.0000
251,workers,2,1.0156,0.2543,3.0000
251,workers,3,2.3021,0.9285,3.0000
252,general,0,0.0000,0.0000,5.0000
252,nodes,0,-5.3277,-3.5801,3.0000
252,nodes,1,5.3271,-3.5825,3.0000
252,nodes,2,-3.9701,3.9694,3.0000
252,nodes,3,3.9708,3.9693,3.0000
252,scouts,0,-3.8192,-3.6170,3.0000
252,scouts,1,-5.3192,-2.1170,3.0000
252,scouts,2,-6.8192,-3.6170,3.0000
252,scouts,3,-5.3192,-5.1170,3.0000
252,scouts,4,6.8186,-3.6194,3.0000
252,scouts,5,5.3186,-2.1194,3.0000
252,scouts,6,3.8186,-3.6194,3.0000
252,scouts,7,5.3186,-5.1194,3.0000
252,scouts,8,-2.4968,3.9961,3.0000
252,scouts,9,-3.9968,5.4961,3.0000
252,scouts,10,-5.4968,3.9961,3.0000
252,scouts,11,-3.9968,2.4961,3.0000
252,scouts,12,5.4976,3.9961,3.0000
252,scouts,13,3.9976,5.4961,3.0000
252,scouts,14,2.4976,3.9961,3.0000
252,scouts,15,3.9976,2.4961,3.0000
252,workers,0,-5.2436,0.8334,3.0000
252,workers,1,7.4794,1.2316,3.0000
252,workers,2,1.0371,0.2288,3.0000
252,workers,3,2.2769,0.9067,3.0000
253,general,0,0.0000,0.0000,5.0000
253,nodes,0,-5.3290,-3.5744,3.0000
253,nodes,1,5.3284,-3.5768,3.0000
253,nodes,2,-3.9660,3.9653,3.0000
253,nodes,3,3.9667,3.9653,3.0000
253,scouts,0,-3.8205,-3.6113,3.0000
253,scouts,1,-5.3205,-2.1113,3.0000
253,scouts,2,-6.8205,-3.6113,3.0000
253,scouts,3,-5.3205,-5.1113,3.0000
253,scouts,4,6.8199,-3.6137,3.0000
253,scouts,5,5.3199,-2.1137,3.0000
253,scouts,6,3.8199,-3.6137,3.0000
253,scouts,7,5.3199,-5.1137,3.0000
253,scouts,8,-2.4927,3.9920,3.0000
253,scouts,9,-3.9927,5.4920,3.0000
253,scouts,10,-5.4927,3.9920,3.0000
253,scouts,11,-3.9927,2.4920,3.0000
253,scouts,12,5.4934,3.9920,3.0000
253,scouts,13,3.9934,5.4920,3.0000
253,scouts,14,2.4934,3.9920,3.0000
253,scouts,15,3.9934,2.4920,3.0000
253,workers,0,-5.2556,0.8645,3.0000
253,workers,1,7.4819,1.2648,3.0000
253,workers,2,1.0587,0.2034,3.0000
253,workers,3,2.2518,0.8849,3.0000
254,general,0,0.0000,0.0000,5.0000
254,nodes,0,-5.3303,-3.5687,3.0000
254,nodes,1,5.3296,-3.5712,3.0000
254,nodes,2,-3.9619,3.9611,3.0000
254,nodes,3,3.9625,3.9612,3.0000
254,scouts,0,-3.8218,-3.6056,3.0000
254,scouts,1,-5.3218,-2.1056,3.0000
254,scouts,2,-6.8218,-3.6056,3.0000
254,scouts,3,-5.3218,-5.1056,3.0000
254,scouts,4,6.8212,-3.6080,3.0000
254,scouts,5,5.3212,-2.1080,3.0000
254,scouts,6,3.8212,-3.6080,3.0000
254,scouts,7,5.3212,-5.1080,3.0000
254,scouts,8,-2.4886,3.9878,3.0000
254,scouts,9,-3.9886,5.4878,3.0000
254,scouts,10,-5.4886,3.9878,3.0000
254,scouts,11,-3.9886,2.4878,3.0000
254,scouts,12,5.4893,3.9879,3.0000
254,scouts,13,3.9893,5.4879,3.0000
254,scouts,14,2.4893,3.9879,3.0000
254,scouts,15,3.9893,2.4879,3.0000
254,workers,0,-5.2676,0.8956,3.0000
254,workers,1,7.4845,1.2981,3.0000
254,workers,2,1.0802,0.1779,3.0000
254,workers,3,2.2266,0.8630,3.0000
255,general,0,0.0000,0.0000,5.0000
255,nodes,0,-5.3316,-3.5630,3.0000
255,nodes,1,5.3309,-3.5655,3.0000
255,nodes,2,-3.9577,3.9569,3.0000
255,nodes,3,3.9584,3.9571,3.0000
255,scouts,0,-3.8231,-3.5999,3.0000
255,scouts,1,-5.3231,-2.0999,3.0000
255,scouts,2,-6.8231,-3.5999,3.0000
255,scouts,3,-5.3231,-5.0999,3.0000
255,scouts,4,6.8225,-3.6024,3.0000
255,scouts,5,5.3225,-2.1024,3.0000
255,scouts,6,3.8225,-3.6024,3.0000
255,scouts,7,5.3225,-5.1024,3.0000
255,scouts,8,-2.4845,3.9837,3.0000
255,scouts,9,-3.9845,5.4837,3.0000
255,scouts,10,-5.4845,3.9837,3.0000
255,scouts,11,-3.9845,2.4837,3.0000
255,scouts,12,5.4852,3.9838,3.0000
255,scouts,13,3.9852,5.4838,3.0000
255,scouts,14,2.4852,3.9838,3.0000
255,scouts,15,3.9852,2.4838,3.0000
255,workers,0,-5.2795,0.9267,3.0000
255,workers,1,7.4870,1.3313,3.0000
255,workers,2,1.1017,0.1525,3.0000
255,workers,3,2.2014,0.8412,3.0000
256,general,0,0.0000,0.0000,5.0000
256,nodes,0,-5.3329,-3.5573,3.0000
256,nodes,1,5.3322,-3.5598,3.0000
256,nodes,2,-3.9536,3.9528,3.0000
256,nodes,3,3.9543,3.9529,3.0000
256,scouts,0,-3.8244,-3.5943,3.0000
256,scouts,1,-5.3244,-2.0943,3.0000
256,scouts,2,-6.8244,-3.5943,3.0000
256,scouts,3,-5.3244,-5.0943,3.0000
256,scouts,4,6.8238,-3.5967,3.0000
256,scouts,5,5.3238,-2.0967,3.0000
256,scouts,6,3.8238,-3.5967,3.0000
256,scouts,7,5.3238,-5.0967,3.0000
256,scouts,8,-2.4804,3.9796,3.0000
256,scouts,9,-3.9804,5.4796,3.0000
256,scouts,10,-5.4804,3.9796,3.0000
256,scouts,11,-3.9804,2.4796,3.0000
256,scouts,12,5.4811,3.9796,3.0000
256,scouts,13,3.9811,5.4796,3.0000
256,scouts,14,2.4811,3.9796,3.0000
256,scouts,15,3.9811,2.4796,3.0000
256,workers,0,-5.2915,0.9579,3.0000
256,workers,1,7.4896,1.3645,3.0000
256,workers,2,1.1233,0.1271,3.0000
256,workers,3,2.1762,0.8194,3.0000
257,general,0,0.0000,0.0000,5.0000
257,nodes,0,-5.3343,-3.5516,3.0000
257,nodes,1,5.3335,-3.5541,3.0000
257,nodes,2,-3.9494,3.9486,3.0000
257,nodes,3,3.9502,3.9489,3.0000
257,scouts,0,-3.8258,-3.5886,3.0000
257,scouts,1,-5.3258,-2.0886,3.0000
257,scouts,2,-6.8258,-3.5886,3.0000
257,scouts,3,-5.3258,-5.0886,3.0000
257,scouts,4,6.8251,-3.5910,3.0000
257,scouts,5,5.3251,-2.0910,3.0000
257,scouts,6,3.8251,-3.5910,3.0000
257,scouts,7,5.3251,-5.0910,3.0000
257,scouts,8,-2.4762,3.9755,3.0000
257,scouts,9,-3.9762,5.4755,3.0000
257,scouts,10,-5.4762,3.9755,3.0000
257,scouts,11,-3.9762,2.4755,3.0000
257,scouts,12,5.4770,3.9755,3.0000
257,scouts,13,3.9770,5.4755,3.0000
257,scouts,14,2.4770,3.9755,3.0000
257,scouts,15,3.9770,2.4755,3.0000
257,workers,0,-5.3034,0.9890,3.0000
257,workers,1,7.4921,1.3978,3.0000
257,workers,2,1.1448,0.1016,3.0000
257,workers,3,2.1510,0.7975,3.0000
258,general,0,0.0000,0.0000,5.0000
258,nodes,0,-5.3356,-3.5459,3.0000
258,nodes,1,5.3348,-3.5484,3.0000
258,nodes,2,-3.9453,3.9445,3.0000
258,nodes,3,3.9462,3.9448,3.0000
258,scouts,0,-3.8271,-3.5829,3.0000
258,scouts,1,-5.3271,-2.0829,3.0000
258,scouts,2,-6.8271,-3.5829,3.0000
258,scouts,3,-5.3271,-5.0829,3.0000
258,scouts,4,6.8264,-3.5853,3.0000
258,scouts,5,5.3264,-2.0853,3.0000
258,scouts,6,3.8264,-3.5853,3.0000
258,scouts,7,5.3264,-5.0853,3.0000
258,scouts,8,-2.4721,3.9713,3.0000
258,scouts,9,-3.9721,5.4713,3.0000
258,scouts,10,-5.4721,3.9713,3.0000
258,scouts,11,-3.9721,2.4713,3.0000
258,scouts,12,5.4729,3.9714,3.0000
258,scouts,13,3.9729,5.4714,3.0000
258,scouts,14,2.4729,3.9714,3.0000
258,scouts,15,3.9729,2.4714,3.0000
258,workers,0,-5.3154,1.0201,3.0000
258,workers,1,7.4947,1.4310,3.0000
258,workers,2,1.1663,0.0762,3.0000
258,workers,3,2.1258,0.7757,3.0000
259,general,0,0.0000,0.0000,5.0000
259,nodes,0,-5.3370,-3.5402,3.0000
259,nodes,1,5.3361,-3.5427,3.0000
259,nodes,2,-3.9412,3.9403,3.0000
259,nodes,3,3.9420,3.9407,3.0000
259,scouts,0,-3.8284,-3.5772,3.0000
259,scouts,1,-5.3284,-2.0772,3.0000
259,scouts,2,-6.8284,-3.5772,3.0000
259,scouts,3,-5.3284,-5.0772,3.0000
259,scouts,4,6.8277,-3.5796,3.0000
259,scouts,5,5.3277,-2.0796,3.0000
259,scouts,6,3.8277,-3.5796,3.0000
259,scouts,7,5.3277,-5.0796,3.0000
259,scouts,8,-2.4680,3.9672,3.0000
259,scouts,9,-3.9680,5.4672,3.0000
259,scouts,10,-5.4680,3.9672,3.0000
259,scouts,11,-3.9680,2.4672,3.0000
259,scouts,12,5.4687,3.9673,3.0000
259,scouts,13,3.9687,5.4673,3.0000
259,scouts,14,2.4687,3.9673,3.0000
259,scouts,15,3.9687,2.4673,3.0000
259,workers,0,-5.3274,1.0512,3.0000
259,workers,1,7.4972,1.4642,3.0000
259,workers,2,1.1879,0.0507,3.0000
259,workers,3,2.1006,0.7539,3.0000
260,general,0,0.0000,0.0000,5.0000
260,nodes,0,-5.3384,-3.5345,3.0000
260,nodes,1,5.3375,-3.5371,3.0000
260,nodes,2,-3.9370,3.9361,3.0000
260,nodes,3,3.9379,3.9366,3.0000
260,scouts,0,-3.8297,-3.5715,3.0000
260,scouts,1,-5.3297,-2.0715,3.0000
260,scouts,2,-6.8297,-3.5715,3.0000
260,scouts,3,-5.3297,-5.0715,3.0000
260,scouts,4,6.8290,-3.5740,3.0000
260,scouts,5,5.3290,-2.0740,3.0000
260,scouts,6,3.8290,-3.5740,3.0000
260,scouts,7,5.3290,-5.0740,3.0000
260,scouts,8,-2.4639,3.9631,3.0000
260,scouts,9,-3.9639,5.4631,3.0000
260,scouts,10,-5.4639,3.9631,3.0000
260,scouts,11,-3.9639,2.4631,3.0000
260,scouts,12,5.4646,3.9632,3.0000
260,scouts,13,3.9646,5.4632,3.0000
260,scouts,14,2.4646,3.9632,3.0000
260,scouts,15,3.9646,2.4632,3.0000
260,workers,0,-5.3393,1.0823,3.0000
260,workers,1,7.4998,1.4975,3.0000
260,workers,2,1.2094,0.0253,3.0000
260,workers,3,2.0754,0.7320,3.0000
261,general,0,0.0000,0.0000,5.0000
261,nodes,0,-5.3397,-3.5288,3.0000
261,nodes,1,5.3388,-3.5313,3.0000
261,nodes,2,-3.9329,3.9320,3.0000
261,nodes,3,3.9338,3.9325,3.0000
261,scouts,0,-3.8311,-3.5658,3.0000
261,scouts,1,-5.3311,-2.0658,3.0000
261,scouts,2,-6.8311,-3.5658,3.0000
261,scouts,3,-5.3311,-5.0658,3.0000
261,scouts,4,6.8303,-3.5683,3.0000
261,scouts,5,5.3303,-2.0683,3.0000
261,scouts,6,3.8303,-3.5683,3.0000
261,scouts,7,5.3303,-5.0683,3.0000
261,scouts,8,-2.4597,3.9589,3.0000
261,scouts,9,-3.9597,5.4589,3.0000
261,scouts,10,-5.4597,3.9589,3.0000
261,scouts,11,-3.9597,2.4589,3.0000
261,scouts,12,5.4605,3.9591,3.0000
261,scouts,13,3.9605,5.4591,3.0000
261,scouts,14,2.4605,3.9591,3.0000
261,scouts,15,3.9605,2.4591,3.0000
261,workers,0,-5.3513,1.1134,3.0000
261,workers,1,7.5024,1.5307,3.0000
261,workers,2,1.2309,-0.0002,3.0000
261,workers,3,2.0502,0.7102,3.0000
262,general,0,0.0000,0.0000,5.0000
262,nodes,0,-5.3409,-3.5232,3.0000
262,nodes,1,5.3402,-3.5257,3.0000
262,nodes,2,-3.9287,3.9279,3.0000
262,nodes,3,3.9297,3.9283,3.0000
262,scouts,0,-3.8324,-3.5601,3.0000
262,scouts,1,-5.3324,-2.0601,3.0000
262,scouts,2,-6.8324,-3.5601,3.0000
262,scouts,3,-5.3324,-5.0601,3.0000
262,scouts,4,6.8316,-3.5626,3.0000
262,scouts,5,5.3316,-2.0626,3.0000
262,scouts,6,3.8316,-3.5626,3.0000
262,scouts,7,5.3316,-5.0626,3.0000
262,scouts,8,-2.4556,3.9548,3.0000
262,scouts,9,-3.9556,5.4548,3.0000
262,scouts,10,-5.4556,3.9548,3.0000
262,scouts,11,-3.9556,2.4548,3.0000
262,scouts,12,5.4564,3.9550,3.0000
262,scouts,13,3.9564,5.4550,3.0000
262,scouts,14,2.4564,3.9550,3.0000
262,scouts,15,3.9564,2.4550,3.0000
262,workers,0,-5.3633,1.1445,3.0000
262,workers,1,7.5049,1.5639,3.0000
262,workers,2,1.2525,-0.0256,3.0000
262,workers,3,2.0250,0.6884,3.0000
263,general,0,0.0000,0.0000,5.0000
263,nodes,0,-5.3423,-3.5175,3.0000
263,nodes,1,5.3415,-3.5200,3.0000
263,nodes,2,-3.9245,3.9238,3.0000
263,nodes,3,3.9256,3.9241,3.0000
263,scouts,0,-3.8337,-3.5545,3.0000
263,scouts,1,-5.3337,-2.0545,3.0000
263,scouts,2,-6.8337,-3.5545,3.0000
263,scouts,3,-5.3337,-5.0545,3.0000
263,scouts,4,6.8329,-3.5569,3.0000
263,scouts,5,5.3329,-2.0569,3.0000
263,scouts,6,3.8329,-3.5569,3.0000
263,scouts,7,5.3329,-5.0569,3.0000
263,scouts,8,-2.4515,3.9507,3.0000
263,scouts,9,-3.9515,5.4507,3.0000
263,scouts,10,-5.4515,3.9507,3.0000
263,scouts,11,-3.9515,2.4507,3.0000
263,scouts,12,5.4523,3.9509,3.0000
263,scouts,13,3.9523,5.4509,3.0000
263,scouts,14,2.4523,3.9509,3.0000
263,scouts,15,3.9523,2.4509,3.0000
263,workers,0,-5.3752,1.1756,3.0000
263,workers,1,7.5075,1.5972,3.0000
263,workers,2,1.2740,-0.0511,3.0000
263,workers,3,1.9999,0.6665,3.0000
264,general,0,0.0000,0.0000,5.0000
264,nodes,0,-5.3436,-3.5118,3.0000
264,nodes,1,5.3427,-3.5144,3.0000
264,nodes,2,-3.9204,3.9197,3.0000
264,nodes,3,3.9215,3.9200,3.0000
264,scouts,0,-3.8350,-3.5488,3.0000
264,scouts,1,-5.3350,-2.0488,3.0000
264,scouts,2,-6.8350,-3.5488,3.0000
264,scouts,3,-5.3350,-5.0488,3.0000
264,scouts,4,6.8342,-3.5513,3.0000
264,scouts,5,5.3342,-2.0513,3.0000
264,scouts,6,3.8342,-3.5513,3.0000
264,scouts,7,5.3342,-5.0513,3.0000
264,scouts,8,-2.4473,3.9465,3.0000
264,scouts,9,-3.9473,5.4465,3.0000
264,scouts,10,-5.4473,3.9465,3.0000
264,scouts,11,-3.9473,2.4465,3.0000
264,scouts,12,5.4482,3.9468,3.0000
264,scouts,13,3.9482,5.4468,3.0000
264,scouts,14,2.4482,3.9468,3.0000
264,scouts,15,3.9482,2.4468,3.0000
264,workers,0,-5.3872,1.2067,3.0000
264,workers,1,7.5100,1.6304,3.0000
264,workers,2,1.2955,-0.0765,3.0000
264,workers,3,1.9747,0.6447,3.0000
265,general,0,0.0000,0.0000,5.0000
265,nodes,0,-5.3450,-3.5060,3.0000
265,nodes,1,5.3441,-3.5087,3.0000
265,nodes,2,-3.9163,3.9156,3.0000
265,nodes,3,3.9173,3.9159,3.0000
265,scouts,0,-3.8363,-3.5431,3.0000
265,scouts,1,-5.3363,-2.0431,3.0000
265,scouts,2,-6.8363,-3.5431,3.0000
265,scouts,3,-5.3363,-5.0431,3.0000
265,scouts,4,6.8356,-3.5456,3.0000
265,scouts,5,5.3356,-2.0456,3.0000
265,scouts,6,3.8356,-3.5456,3.0000
265,scouts,7,5.3356,-5.0456,3.0000
265,scouts,8,-2.4432,3.9424,3.0000
265,scouts,9,-3.9432,5.4424,3.0000
265,scouts,10,-5.4432,3.9424,3.0000
265,scouts,11,-3.9432,2.4424,3.0000
265,scouts,12,5.4441,3.9427,3.0000
265,scouts,13,3.9441,5.4427,3.0000
265,scouts,14,2.4441,3.9427,3.0000
265,scouts,15,3.9441,2.4427,3.0000
265,workers,0,-5.3992,1.2379,3.0000
265,workers,1,7.5126,1.6636,3.0000
265,workers,2,1.3170,-0.1020,3.0000
265,workers,3,1.9495,0.6229,3.0000
266,general,0,0.0000,0.0000,5.0000
266,nodes,0,-5.3463,-3.5004,3.0000
266,nodes,1,5.3454,-3.5031,3.0000
266,nodes,2,-3.9121,3.9115,3.0000
266,nodes,3,3.9132,3.9118,3.0000
266,scouts,0,-3.8377,-3.5374,3.0000
266,scouts,1,-5.3377,-2.0374,3.0000
266,scouts,2,-6.8377,-3.5374,3.0000
266,scouts,3,-5.3377,-5.0374,3.0000
266,scouts,4,6.8369,-3.5399,3.0000
266,scouts,5,5.3369,-2.0399,3.0000
266,scouts,6,3.8369,-3.5399,3.0000
266,scouts,7,5.3369,-5.0399,3.0000
266,scouts,8,-2.4390,3.9383,3.0000
266,scouts,9,-3.9390,5.4383,3.0000
266,scouts,10,-5.4390,3.9383,3.0000
266,scouts,11,-3.9390,2.4383,3.0000
266,scouts,12,5.4400,3.9386,3.0000
266,scouts,13,3.9400,5.4386,3.0000
266,scouts,14,2.4400,3.9386,3.0000
266,scouts,15,3.9400,2.4386,3.0000
266,workers,0,-5.4111,1.2690,3.0000
266,workers,1,7.5151,1.6969,3.0000
266,workers,2,1.3386,-0.1274,3.0000
266,workers,3,1.9243,0.6011,3.0000
267,general,0,0.0000,0.0000,5.0000
267,nodes,0,-5.3476,-3.4947,3.0000
267,nodes,1,5.3467,-3.4975,3.0000
267,nodes,2,-3.9081,3.9074,3.0000
267,nodes,3,3.9091,3.9077,3.0000
267,scouts,0,-3.8390,-3.5317,3.0000
267,scouts,1,-5.3390,-2.0317,3.0000
267,scouts,2,-6.8390,-3.5317,3.0000
267,scouts,3,-5.3390,-5.0317,3.0000
267,scouts,4,6.8382,-3.5343,3.0000
267,scouts,5,5.3382,-2.0343,3.0000
267,scouts,6,3.8382,-3.5343,3.0000
267,scouts,7,5.3382,-5.0343,3.0000
267,scouts,8,-2.4349,3.9342,3.0000
267,scouts,9,-3.9349,5.4342,3.0000
267,scouts,10,-5.4349,3.9342,3.0000
267,scouts,11,-3.9349,2.4342,3.0000
267,scouts,12,5.4359,3.9344,3.0000
267,scouts,13,3.9359,5.4344,3.0000
267,scouts,14,2.4359,3.9344,3.0000
267,scouts,15,3.9359,2.4344,3.0000
267,workers,0,-5.4231,1.3001,3.0000
267,workers,1,7.5177,1.7301,3.0000
267,workers,2,1.3601,-0.1529,3.0000
267,workers,3,1.8991,0.5792,3.0000
268,general,0,0.0000,0.0000,5.0000
268,nodes,0,-5.3489,-3.4890,3.0000
268,nodes,1,5.3481,-3.4918,3.0000
268,nodes,2,-3.9039,3.9032,3.0000
268,nodes,3,3.9050,3.9035,3.0000
268,scouts,0,-3.8403,-3.5260,3.0000
268,scouts,1,-5.3403,-2.0260,3.0000
268,scouts,2,-6.8403,-3.5260,3.0000
268,scouts,3,-5.3403,-5.0260,3.0000
268,scouts,4,6.8395,-3.5286,3.0000
268,scouts,5,5.3395,-2.0286,3.0000
268,scouts,6,3.8395,-3.5286,3.0000
268,scouts,7,5.3395,-5.0286,3.0000
268,scouts,8,-2.4308,3.9301,3.0000
268,scouts,9,-3.9308,5.4301,3.0000
268,scouts,10,-5.4308,3.9301,3.0000
268,scouts,11,-3.9308,2.4301,3.0000
268,scouts,12,5.4317,3.9303,3.0000
268,scouts,13,3.9317,5.4303,3.0000
268,scouts,14,2.4317,3.9303,3.0000
268,scouts,15,3.9317,2.4303,3.0000
268,workers,0,-5.4351,1.3312,3.0000
268,workers,1,7.5203,1.7634,3.0000
268,workers,2,1.3816,-0.1783,3.0000
268,workers,3,1.8739,0.5574,3.0000
269,general,0,0.0000,0.0000,5.0000
269,nodes,0,-5.3502,-3.4834,3.0000
269,nodes,1,5.3493,-3.4860,3.0000
269,nodes,2,-3.8999,3.8991,3.0000
269,nodes,3,3.9009,3.8994,3.0000
269,scouts,0,-3.8416,-3.5203,3.0000
269,scouts,1,-5.3416,-2.0203,3.0000
269,scouts,2,-6.8416,-3.5203,3.0000
269,scouts,3,-5.3416,-5.0203,3.0000
269,scouts,4,6.8408,-3.5229,3.0000
269,scouts,5,5.3408,-2.0229,3.0000
269,scouts,6,3.8408,-3.5229,3.0000
269,scouts,7,5.3408,-5.0229,3.0000
269,scouts,8,-2.4266,3.9259,3.0000
269,scouts,9,-3.9266,5.4259,3.0000
269,scouts,10,-5.4266,3.9259,3.0000
269,scouts,11,-3.9266,2.4259,3.0000
269,scouts,12,5.4276,3.9262,3.0000
269,scouts,13,3.9276,5.4262,3.0000
269,scouts,14,2.4276,3.9262,3.0000
269,scouts,15,3.9276,2.4262,3.0000
269,workers,0,-5.4470,1.3623,3.0000
269,workers,1,7.5228,1.7966,3.0000
269,workers,2,1.4032,-0.2037,3.0000
269,workers,3,1.8487,0.5356,3.0000
270,general,0,0.0000,0.0000,5.0000
270,nodes,0,-5.3514,-3.4777,3.0000
270,nodes,1,5.3507,-3.4803,3.0000
270,nodes,2,-3.8957,3.8949,3.0000
270,nodes,3,3.8967,3.8953,3.0000
270,scouts,0,-3.8429,-3.5146,3.0000
270,scouts,1,-5.3429,-2.0146,3.0000
270,scouts,2,-6.8429,-3.5146,3.0000
270,scouts,3,-5.3429,-5.0146,3.0000
270,scouts,4,6.8421,-3.5172,3.0000
270,scouts,5,5.3421,-2.0172,3.0000
270,scouts,6,3.8421,-3.5172,3.0000
270,scouts,7,5.3421,-5.0172,3.0000
270,scouts,8,-2.4225,3.9218,3.0000
270,scouts,9,-3.9225,5.4218,3.0000
270,scouts,10,-5.4225,3.9218,3.0000
270,scouts,11,-3.9225,2.4218,3.0000
270,scouts,12,5.4235,3.9221,3.0000
270,scouts,13,3.9235,5.4221,3.0000
270,scouts,14,2.4235,3.9221,3.0000
270,scouts,15,3.9235,2.4221,3.0000
270,workers,0,-5.4590,1.3934,3.0000
270,workers,1,7.5254,1.8298,3.0000
270,workers,2,1.4247,-0.2292,3.0000
270,workers,3,1.8235,0.5137,3.0000
271,general,0,0.0000,0.0000,5.0000
271,nodes,0,-5.3528,-3.4721,3.0000
271,nodes,1,5.3520,-3.4747,3.0000
271,nodes,2,-3.8916,3.8908,3.0000
271,nodes,3,3.8926,3.8912,3.0000
271,scouts,0,-3.8442,-3.5090,3.0000
271,scouts,1,-5.3442,-2.0090,3.0000
271,scouts,2,-6.8442,-3.5090,3.0000
271,scouts,3,-5.3442,-5.0090,3.0000
271,scouts,4,6.8434,-3.5116,3.0000
271,scouts,5,5.3434,-2.0116,3.0000
271,scouts,6,3.8434,-3.5116,3.0000
271,scouts,7,5.3434,-5.0116,3.0000
271,scouts,8,-2.4184,3.9177,3.0000
271,scouts,9,-3.9184,5.4177,3.0000
271,scouts,10,-5.4184,3.9177,3.0000
271,scouts,11,-3.9184,2.4177,3.0000
271,scouts,12,5.4194,3.9179,3.0000
271,scouts,13,3.9194,5.4179,3.0000
271,scouts,14,2.4194,3.9179,3.0000
271,scouts,15,3.9194,2.4179,3.0000
271,workers,0,-5.4710,1.4245,3.0000
271,workers,1,7.5279,1.8631,3.0000
271,workers,2,1.4462,-0.2546,3.0000
271,workers,3,1.7983,0.4919,3.0000
272,general,0,0.0000,0.0000,5.0000
272,nodes,0,-5.3541,-3.4664,3.0000
272,nodes,1,5.3533,-3.4690,3.0000
272,nodes,2,-3.8875,3.8867,3.0000
272,nodes,3,3.8885,3.8870,3.0000
272,scouts,0,-3.8456,-3.5033,3.0000
272,scouts,1,-5.3456,-2.0033,3.0000
272,scouts,2,-6.8456,-3.5033,3.0000
272,scouts,3,-5.3456,-5.0033,3.0000
272,scouts,4,6.8448,-3.5059,3.0000
272,scouts,5,5.3448,-2.0059,3.0000
272,scouts,6,3.8448,-3.5059,3.0000
272,scouts,7,5.3448,-5.0059,3.0000
272,scouts,8,-2.4143,3.9135,3.0000
272,scouts,9,-3.9143,5.4135,3.0000
272,scouts,10,-5.4143,3.9135,3.0000
272,scouts,11,-3.9143,2.4135,3.0000
272,scouts,12,5.4153,3.9138,3.0000
272,scouts,13,3.9153,5.4138,3.0000
272,scouts,14,2.4153,3.9138,3.0000
272,scouts,15,3.9153,2.4138,3.0000
272,workers,0,-5.4829,1.4556,3.0000
272,workers,1,7.5305,1.8963,3.0000
272,workers,2,1.4678,-0.2801,3.0000
272,workers,3,1.7732,0.4701,3.0000
273,general,0,0.0000,0.0000,5.0000
273,nodes,0,-5.3554,-3.4607,3.0000
273,nodes,1,5.3547,-3.4633,3.0000
273,nodes,2,-3.8833,3.8826,3.0000
273,nodes,3,3.8844,3.8829,3.0000
273,scouts,0,-3.8469,-3.4976,3.0000
273,scouts,1,-5.3469,-1.9976,3.0000
273,scouts,2,-6.8469,-3.4976,3.0000
273,scouts,3,-5.3469,-4.9976,3.0000
273,scouts,4,6.8461,-3.5002,3.0000
273,scouts,5,5.3461,-2.0002,3.0000
273,scouts,6,3.8461,-3.5002,3.0000
273,scouts,7,5.3461,-5.0002,3.0000
273,scouts,8,-2.4101,3.9094,3.0000
273,scouts,9,-3.9101,5.4094,3.0000
273,scouts,10,-5.4101,3.9094,3.0000
273,scouts,11,-3.9101,2.4094,3.0000
273,scouts,12,5.4111,3.9097,3.0000
273,scouts,13,3.9111,5.4097,3.0000
273,scouts,14,2.4111,3.9097,3.0000
273,scouts,15,3.9111,2.4097,3.0000
273,workers,0,-5.4949,1.4868,3.0000
273,workers,1,7.5330,1.9295,3.0000
273,workers,2,1.4893,-0.3055,3.0000
273,workers,3,1.7480,0.4482,3.0000
274,general,0,0.0000,0.0000,5.0000
274,nodes,0,-5.3566,-3.4551,3.0000
274,nodes,1,5.3560,-3.4576,3.0000
274,nodes,2,-3.8791,3.8785,3.0000
274,nodes,3,3.8802,3.8787,3.0000
274,scouts,0,-3.8482,-3.4919,3.0000
274,scouts,1,-5.3482,-1.9919,3.0000
274,scouts,2,-6.8482,-3.4919,3.0000
274,scouts,3,-5.3482,-4.9919,3.0000
274,scouts,4,6.8474,-3.4945,3.0000
274,scouts,5,5.3474,-1.9945,3.0000
274,scouts,6,3.8474,-3.4945,3.0000
274,scouts,7,5.3474,-4.9945,3.0000
274,scouts,8,-2.4060,3.9053,3.0000
274,scouts,9,-3.9060,5.4053,3.0000
274,scouts,10,-5.4060,3.9053,3.0000
274,scouts,11,-3.9060,2.4053,3.0000
274,scouts,12,5.4070,3.9056,3.0000
274,scouts,13,3.9070,5.4056,3.0000
274,scouts,14,2.4070,3.9056,3.0000
274,scouts,15,3.9070,2.4056,3.0000
274,workers,0,-5.5069,1.5179,3.0000
274,workers,1,7.5356,1.9628,3.0000
274,workers,2,1.5108,-0.3310,3.0000
274,workers,3,1.7228,0.4264,3.0000
275,general,0,0.0000,0.0000,5.0000
275,nodes,0,-5.3578,-3.4494,3.0000
275,nodes,1,5.3573,-3.4519,3.0000
275,nodes,2,-3.8749,3.8743,3.0000
275,nodes,3,3.8761,3.8745,3.0000
275,scouts,0,-3.8494,-3.4863,3.0000
275,scouts,1,-5.3494,-1.9863,3.0000
275,scouts,2,-6.8494,-3.4863,3.0000
275,scouts,3,-5.3494,-4.9863,3.0000
275,scouts,4,6.8487,-3.4888,3.0000
275,scouts,5,5.3487,-1.9888,3.0000
275,scouts,6,3.8487,-3.4888,3.0000
275,scouts,7,5.3487,-4.9888,3.0000
275,scouts,8,-2.4019,3.9012,3.0000
275,scouts,9,-3.9019,5.4012,3.0000
275,scouts,10,-5.4019,3.9012,3.0000
275,scouts,11,-3.9019,2.4012,3.0000
275,scouts,12,5.4029,3.9014,3.0000
275,scouts,13,3.9029,5.4014,3.0000
275,scouts,14,2.4029,3.9014,3.0000
275,scouts,15,3.9029,2.4014,3.0000
275,workers,0,-5.5188,1.5490,3.0000
275,workers,1,7.5382,1.9960,3.0000
275,workers,2,1.5324,-0.3564,3.0000
275,workers,3,1.6976,0.4046,3.0000
276,general,0,0.0000,0.0000,5.0000
276,nodes,0,-5.3591,-3.4437,3.0000
276,nodes,1,5.3587,-3.4461,3.0000
276,nodes,2,-3.8707,3.8702,3.0000
276,nodes,3,3.8720,3.8703,3.0000
276,scouts,0,-3.8507,-3.4806,3.0000
276,scouts,1,-5.3507,-1.9806,3.0000
276,scouts,2,-6.8507,-3.4806,3.0000
276,scouts,3,-5.3507,-4.9806,3.0000
276,scouts,4,6.8501,-3.4831,3.0000
276,scouts,5,5.3501,-1.9831,3.0000
276,scouts,6,3.8501,-3.4831,3.0000
276,scouts,7,5.3501,-4.9831,3.0000
276,scouts,8,-2.3977,3.8970,3.0000
276,scouts,9,-3.8977,5.3970,3.0000
276,scouts,10,-5.3977,3.8970,3.0000
276,scouts,11,-3.8977,2.3970,3.0000
276,scouts,12,5.3988,3.8973,3.0000
276,scouts,13,3.8988,5.3973,3.0000
276,scouts,14,2.3988,3.8973,3.0000
276,scouts,15,3.8988,2.3973,3.0000
276,workers,0,-5.5308,1.5801,3.0000
276,workers,1,7.5407,2.0292,3.0000
276,workers,2,1.5539,-0.3819,3.0000
276,workers,3,1.6724,0.3827,3.0000
277,general,0,0.0000,0.0000,5.0000
277,nodes,0,-5.3605,-3.4381,3.0000
277,nodes,1,5.3601,-3.4404,3.0000
277,nodes,2,-3.8666,3.8661,3.0000
277,nodes,3,3.8679,3.8662,3.0000
277,scouts,0,-3.8520,-3.4749,3.0000
277,scouts,1,-5.3520,-1.9749,3.0000
277,scouts,2,-6.8520,-3.4749,3.0000
277,scouts,3,-5.3520,-4.9749,3.0000
277,scouts,4,6.8514,-3.4774,3.0000
277,scouts,5,5.3514,-1.9774,3.0000
277,scouts,6,3.8514,-3.4774,3.0000
277,scouts,7,5.3514,-4.9774,3.0000
277,scouts,8,-2.3936,3.8929,3.0000
277,scouts,9,-3.8936,5.3929,3.0000
277,scouts,10,-5.3936,3.8929,3.0000
277,scouts,11,-3.8936,2.3929,3.0000
277,scouts,12,5.3947,3.8931,3.0000
277,scouts,13,3.8947,5.3931,3.0000
277,scouts,14,2.3947,3.8931,3.0000
277,scouts,15,3.8947,2.3931,3.0000
277,workers,0,-5.5428,1.6112,3.0000
277,workers,1,7.5433,2.0625,3.0000
277,workers,2,1.5754,-0.4073,3.0000
277,workers,3,1.6472,0.3609,3.0000
278,general,0,0.0000,0.0000,5.0000
278,nodes,0,-5.3619,-3.4324,3.0000
278,nodes,1,5.3614,-3.4347,3.0000
278,nodes,2,-3.8624,3.8621,3.0000
278,nodes,3,3.8638,3.8621,3.0000
278,scouts,0,-3.8534,-3.4693,3.0000
278,scouts,1,-5.3534,-1.9693,3.0000
278,scouts,2,-6.8534,-3.4693,3.0000
278,scouts,3,-5.3534,-4.9693,3.0000
278,scouts,4,6.8527,-3.4717,3.0000
278,scouts,5,5.3527,-1.9717,3.0000
278,scouts,6,3.8527,-3.4717,3.0000
278,scouts,7,5.3527,-4.9717,3.0000
278,scouts,8,-2.3894,3.8888,3.0000
278,scouts,9,-3.8894,5.3888,3.0000
278,scouts,10,-5.3894,3.8888,3.0000
278,scouts,11,-3.8894,2.3888,3.0000
278,scouts,12,5.3906,3.8890,3.0000
278,scouts,13,3.8906,5.3890,3.0000
278,scouts,14,2.3906,3.8890,3.0000
278,scouts,15,3.8906,2.3890,3.0000
278,workers,0,-5.5547,1.6423,3.0000
278,workers,1,7.5458,2.0957,3.0000
278,workers,2,1.5970,-0.4328,3.0000
278,workers,3,1.6220,0.3391,3.0000
279,general,0,0.0000,0.0000,5.0000
279,nodes,0,-5.3632,-3.4267,3.0000
279,nodes,1,5.3627,-3.4291,3.0000
279,nodes,2,-3.8583,3.8580,3.0000
279,nodes,3,3.8597,3.8580,3.0000
279,scouts,0,-3.8547,-3.4636,3.0000
279,scouts,1,-5.3547,-1.9636,3.0000
279,scouts,2,-6.8547,-3.4636,3.0000
279,scouts,3,-5.3547,-4.9636,3.0000
279,scouts,4,6.8541,-3.4660,3.0000
279,scouts,5,5.3541,-1.9660,3.0000
279,scouts,6,3.8541,-3.4660,3.0000
279,scouts,7,5.3541,-4.9660,3.0000
279,scouts,8,-2.3853,3.8847,3.0000
279,scouts,9,-3.8853,5.3847,3.0000
279,scouts,10,-5.3853,3.8847,3.0000
279,scouts,11,-3.8853,2.3847,3.0000
279,scouts,12,5.3865,3.8849,3.0000
279,scouts,13,3.8865,5.3849,3.0000
279,scouts,14,2.3865,3.8849,3.0000
279,scouts,15,3.8865,2.3849,3.0000
279,workers,0,-5.5667,1.6734,3.0000
279,workers,1,7.5484,2.1289,3.0000
279,workers,2,1.6185,-0.4582,3.0000
279,workers,3,1.5968,0.3172,3.0000
280,general,0,0.0000,0.0000,5.0000
280,nodes,0,-5.3645,-3.4210,3.0000
280,nodes,1,5.3641,-3.4234,3.0000
280,nodes,2,-3.8542,3.8539,3.0000
280,nodes,3,3.8556,3.8539,3.0000
280,scouts,0,-3.8560,-3.4579,3.0000
280,scouts,1,-5.3560,-1.9579,3.0000
280,scouts,2,-6.8560,-3.4579,3.0000
280,scouts,3,-5.3560,-4.9579,3.0000
280,scouts,4,6.8554,-3.4604,3.0000
280,scouts,5,5.3554,-1.9604,3.0000
280,scouts,6,3.8554,-3.4604,3.0000
280,scouts,7,5.3554,-4.9604,3.0000
280,scouts,8,-2.3811,3.8806,3.0000
280,scouts,9,-3.8811,5.3806,3.0000
280,scouts,10,-5.3811,3.8806,3.0000
280,scouts,11,-3.8811,2.3806,3.0000
280,scouts,12,5.3823,3.8807,3.0000
280,scouts,13,3.8823,5.3807,3.0000
280,scouts,14,2.3823,3.8807,3.0000
280,scouts,15,3.8823,2.3807,3.0000
280,workers,0,-5.5787,1.7045,3.0000
280,workers,1,7.5509,2.1622,3.0000
280,workers,2,1.6400,-0.4837,3.0000
280,workers,3,1.5716,0.2954,3.0000
281,general,0,0.0000,0.0000,5.0000
281,nodes,0,-5.3658,-3.4153,3.0000
281,nodes,1,5.3654,-3.4177,3.0000
281,nodes,2,-3.8501,3.8498,3.0000
281,nodes,3,3.8515,3.8497,3.0000
281,scouts,0,-3.8573,-3.4522,3.0000
281,scouts,1,-5.3573,-1.9522,3.0000
281,scouts,2,-6.8573,-3.4522,3.0000
281,scouts,3,-5.3573,-4.9522,3.0000
281,scouts,4,6.8567,-3.4547,3.0000
281,scouts,5,5.3567,-1.9547,3.0000
281,scouts,6,3.8567,-3.4547,3.0000
281,scouts,7,5.3567,-4.9547,3.0000
281,scouts,8,-2.3770,3.8765,3.0000
281,scouts,9,-3.8770,5.3765,3.0000
281,scouts,10,-5.3770,3.8765,3.0000
281,scouts,11,-3.8770,2.3765,3.0000
281,scouts,12,5.3782,3.8766,3.0000
281,scouts,13,3.8782,5.3766,3.0000
281,scouts,14,2.3782,3.8766,3.0000
281,scouts,15,3.8782,2.3766,3.0000
281,workers,0,-5.5906,1.7356,3.0000
281,workers,1,7.5535,2.1954,3.0000
281,workers,2,1.6615,-0.5091,3.0000
281,workers,3,1.5464,0.2736,3.0000
282,general,0,0.0000,0.0000,5.0000
282,nodes,0,-5.3671,-3.4096,3.0000
282,nodes,1,5.3667,-3.4120,3.0000
282,nodes,2,-3.8460,3.8458,3.0000
282,nodes,3,3.8473,3.8456,3.0000
282,scouts,0,-3.8586,-3.4465,3.0000
282,scouts,1,-5.3586,-1.9465,3.0000
282,scouts,2,-6.8586,-3.4465,3.0000
282,scouts,3,-5.3586,-4.9465,3.0000
282,scouts,4,6.8581,-3.4490,3.0000
282,scouts,5,5.3581,-1.9490,3.0000
282,scouts,6,3.8581,-3.4490,3.0000
282,scouts,7,5.3581,-4.9490,3.0000
282,scouts,8,-2.3728,3.8724,3.0000
282,scouts,9,-3.8728,5.3724,3.0000
282,scouts,10,-5.3728,3.8724,3.0000
282,scouts,11,-3.8728,2.3724,3.0000
282,scouts,12,5.3741,3.8725,3.0000
282,scouts,13,3.8741,5.3725,3.0000
282,scouts,14,2.3741,3.8725,3.0000
282,scouts,15,3.8741,2.3725,3.0000
282,workers,0,-5.6026,1.7668,3.0000
282,workers,1,7.5560,2.2286,3.0000
282,workers,2,1.6831,-0.5346,3.0000
282,workers,3,1.5213,0.2518,3.0000
283,general,0,0.0000,0.0000,5.0000
283,nodes,0,-5.3683,-3.4039,3.0000
283,nodes,1,5.3680,-3.4064,3.0000
283,nodes,2,-3.8418,3.8417,3.0000
283,nodes,3,3.8432,3.8415,3.0000
283,scouts,0,-3.8599,-3.4409,3.0000
283,scouts,1,-5.3599,-1.9409,3.0000
283,scouts,2,-6.8599,-3.4409,3.0000
283,scouts,3,-5.3599,-4.9409,3.0000
283,scouts,4,6.8594,-3.4433,3.0000
283,scouts,5,5.3594,-1.9433,3.0000
283,scouts,6,3.8594,-3.4433,3.0000
283,scouts,7,5.3594,-4.9433,3.0000
283,scouts,8,-2.3687,3.8683,3.0000
283,scouts,9,-3.8687,5.3683,3.0000
283,scouts,10,-5.3687,3.8683,3.0000
283,scouts,11,-3.8687,2.3683,3.0000
283,scouts,12,5.3700,3.8683,3.0000
283,scouts,13,3.8700,5.3683,3.0000
283,scouts,14,2.3700,3.8683,3.0000
283,scouts,15,3.8700,2.3683,3.0000
283,workers,0,-5.6146,1.7979,3.0000
283,workers,1,7.5586,2.2619,3.0000
283,workers,2,1.7046,-0.5600,3.0000
283,workers,3,1.4961,0.2299,3.0000
284,general,0,0.0000,0.0000,5.0000
284,nodes,0,-5.3697,-3.3982,3.0000
284,nodes,1,5.3693,-3.4007,3.0000
284,nodes,2,-3.8377,3.8376,3.0000
284,nodes,3,3.8391,3.8374,3.0000
284,scouts,0,-3.8612,-3.4352,3.0000
284,scouts,1,-5.3612,-1.9352,3.0000
284,scouts,2,-6.8612,-3.4352,3.0000
284,scouts,3,-5.3612,-4.9352,3.0000
284,scouts,4,6.8607,-3.4376,3.0000
284,scouts,5,5.3607,-1.9376,3.0000
284,scouts,6,3.8607,-3.4376,3.0000
284,scouts,7,5.3607,-4.9376,3.0000
284,scouts,8,-2.3646,3.8642,3.0000
284,scouts,9,-3.8646,5.3642,3.0000
284,scouts,10,-5.3646,3.8642,3.0000
284,scouts,11,-3.8646,2.3642,3.0000
284,scouts,12,5.3659,3.8642,3.0000
284,scouts,13,3.8659,5.3642,3.0000
284,scouts,14,2.3659,3.8642,3.0000
284,scouts,15,3.8659,2.3642,3.0000
284,workers,0,-5.6265,1.8290,3.0000
284,workers,1,7.5612,2.2951,3.0000
284,workers,2,1.7261,-0.5854,3.0000
284,workers,3,1.4709,0.2081,3.0000
285,general,0,0.0000,0.0000,5.0000
285,nodes,0,-5.3710,-3.3925,3.0000
285,nodes,1,5.3706,-3.3950,3.0000
285,nodes,2,-3.8336,3.8335,3.0000
285,nodes,3,3.8349,3.8332,3.0000
285,scouts,0,-3.8625,-3.4295,3.0000
285,scouts,1,-5.3625,-1.9295,3.0000
285,scouts,2,-6.8625,-3.4295,3.0000
285,scouts,3,-5.3625,-4.9295,3.0000
285,scouts,4,6.8620,-3.4319,3.0000
285,scouts,5,5.3620,-1.9319,3.0000
285,scouts,6,3.8620,-3.4319,3.0000
285,scouts,7,5.3620,-4.9319,3.0000
285,scouts,8,-2.3604,3.8601,3.0000
285,scouts,9,-3.8604,5.3601,3.0000
285,scouts,10,-5.3604,3.8601,3.0000
285,scouts,11,-3.8604,2.3601,3.0000
285,scouts,12,5.3617,3.8601,3.0000
285,scouts,13,3.8617,5.3601,3.0000
285,scouts,14,2.3617,3.8601,3.0000
285,scouts,15,3.8617,2.3601,3.0000
285,workers,0,-5.6385,1.8601,3.0000
285,workers,1,7.5637,2.3283,3.0000
285,workers,2,1.7477,-0.6109,3.0000
285,workers,3,1.4457,0.1863,3.0000
286,general,0,0.0000,0.0000,5.0000
286,nodes,0,-5.3723,-3.3868,3.0000
286,nodes,1,5.3720,-3.3893,3.0000
286,nodes,2,-3.8294,3.8294,3.0000
286,nodes,3,3.8308,3.8291,3.0000
286,scouts,0,-3.8638,-3.4238,3.0000
286,scouts,1,-5.3638,-1.9238,3.0000
286,scouts,2,-6.8638,-3.4238,3.0000
286,scouts,3,-5.3638,-4.9238,3.0000
286,scouts,4,6.8634,-3.4263,3.0000
286,scouts,5,5.3634,-1.9263,3.0000
286,scouts,6,3.8634,-3.4263,3.0000
286,scouts,7,5.3634,-4.9263,3.0000
286,scouts,8,-2.3563,3.8560,3.0000
286,scouts,9,-3.8563,5.3560,3.0000
286,scouts,10,-5.3563,3.8560,3.0000
286,scouts,11,-3.8563,2.3560,3.0000
286,scouts,12,5.3576,3.8559,3.0000
286,scouts,13,3.8576,5.3559,3.0000
286,scouts,14,2.3576,3.8559,3.0000
286,scouts,15,3.8576,2.3559,3.0000
286,workers,0,-5.6505,1.8912,3.0000
286,workers,1,7.5663,2.3616,3.0000
286,workers,2,1.7692,-0.6363,3.0000
286,workers,3,1.4205,0.1644,3.0000
287,general,0,0.0000,0.0000,5.0000
287,nodes,0,-5.3736,-3.3811,3.0000
287,nodes,1,5.3733,-3.3836,3.0000
287,nodes,2,-3.8253,3.8253,3.0000
287,nodes,3,3.8267,3.8250,3.0000
287,scouts,0,-3.8651,-3.4181,3.0000
287,scouts,1,-5.3651,-1.9181,3.0000
287,scouts,2,-6.8651,-3.4181,3.0000
287,scouts,3,-5.3651,-4.9181,3.0000
287,scouts,4,6.8647,-3.4206,3.0000
287,scouts,5,5.3647,-1.9206,3.0000
287,scouts,6,3.8647,-3.4206,3.0000
287,scouts,7,5.3647,-4.9206,3.0000
287,scouts,8,-2.3522,3.8519,3.0000
287,scouts,9,-3.8522,5.3519,3.0000
287,scouts,10,-5.3522,3.8519,3.0000
287,scouts,11,-3.8522,2.3519,3.0000
287,scouts,12,5.3535,3.8518,3.0000
287,scouts,13,3.8535,5.3518,3.0000
287,scouts,14,2.3535,3.8518,3.0000
287,scouts,15,3.8535,2.3518,3.0000
287,workers,0,-5.6624,1.9223,3.0000
287,workers,1,7.5688,2.3948,3.0000
287,workers,2,1.7907,-0.6618,3.0000
287,workers,3,1.3953,0.1426,3.0000
288,general,0,0.0000,0.0000,5.0000
288,nodes,0,-5.3749,-3.3754,3.0000
288,nodes,1,5.3746,-3.3779,3.0000
288,nodes,2,-3.8212,3.8212,3.0000
288,nodes,3,3.8225,3.8209,3.0000
288,scouts,0,-3.8664,-3.4124,3.0000
288,scouts,1,-5.3664,-1.9124,3.0000
288,scouts,2,-6.8664,-3.4124,3.0000
288,scouts,3,-5.3664,-4.9124,3.0000
288,scouts,4,6.8660,-3.4149,3.0000
288,scouts,5,5.3660,-1.9149,3.0000
288,scouts,6,3.8660,-3.4149,3.0000
288,scouts,7,5.3660,-4.9149,3.0000
288,scouts,8,-2.3480,3.8478,3.0000
288,scouts,9,-3.8480,5.3478,3.0000
288,scouts,10,-5.3480,3.8478,3.0000
288,scouts,11,-3.8480,2.3478,3.0000
288,scouts,12,5.3494,3.8477,3.0000
288,scouts,13,3.8494,5.3477,3.0000
288,scouts,14,2.3494,3.8477,3.0000
288,scouts,15,3.8494,2.3477,3.0000
288,workers,0,-5.6744,1.9534,3.0000
288,workers,1,7.5714,2.4281,3.0000
288,workers,2,1.8123,-0.6872,3.0000
288,workers,3,1.3701,0.1208,3.0000
289,general,0,0.0000,0.0000,5.0000
289,nodes,0,-5.3762,-3.3697,3.0000
289,nodes,1,5.3760,-3.3722,3.0000
289,nodes,2,-3.8170,3.8171,3.0000
289,nodes,3,3.8184,3.8167,3.0000
289,scouts,0,-3.8677,-3.4067,3.0000
289,scouts,1,-5.3677,-1.9067,3.0000
289,scouts,2,-6.8677,-3.4067,3.0000
289,scouts,3,-5.3677,-4.9067,3.0000
289,scouts,4,6.8673,-3.4092,3.0000
289,scouts,5,5.3673,-1.9092,3.0000
289,scouts,6,3.8673,-3.4092,3.0000
289,scouts,7,5.3673,-4.9092,3.0000
289,scouts,8,-2.3439,3.8437,3.0000
289,scouts,9,-3.8439,5.3437,3.0000
289,scouts,10,-5.3439,3.8437,3.0000
289,scouts,11,-3.8439,2.3437,3.0000
289,scouts,12,5.3452,3.8436,3.0000
289,scouts,13,3.8452,5.3436,3.0000
289,scouts,14,2.3452,3.8436,3.0000
289,scouts,15,3.8452,2.3436,3.0000
289,workers,0,-5.6864,1.9845,3.0000
289,workers,1,7.5739,2.4613,3.0000
289,workers,2,1.8338,-0.7127,3.0000
289,workers,3,1.3449,0.0989,3.0000
290,general,0,0.0000,0.0000,5.0000
290,nodes,0,-5.3775,-3.3640,3.0000
290,nodes,1,5.3773,-3.3665,3.0000
290,nodes,2,-3.8129,3.8129,3.0000
290,nodes,3,3.8143,3.8126,3.0000
290,scouts,0,-3.8690,-3.4010,3.0000
290,scouts,1,-5.3690,-1.9010,3.0000
290,scouts,2,-6.8690,-3.4010,3.0000
290,scouts,3,-5.3690,-4.9010,3.0000
290,scouts,4,6.8687,-3.4035,3.0000
290,scouts,5,5.3687,-1.9035,3.0000
290,scouts,6,3.8687,-3.4035,3.0000
290,scouts,7,5.3687,-4.9035,3.0000
290,scouts,8,-2.3398,3.8396,3.0000
290,scouts,9,-3.8398,5.3396,3.0000
290,scouts,10,-5.3398,3.8396,3.0000
290,scouts,11,-3.8398,2.3396,3.0000
290,scouts,12,5.3411,3.8394,3.0000
290,scouts,13,3.8411,5.3394,3.0000
290,scouts,14,2.3411,3.8394,3.0000
290,scouts,15,3.8411,2.3394,3.0000
290,workers,0,-5.6983,2.0156,3.0000
290,workers,1,7.5765,2.4945,3.0000
290,workers,2,1.8553,-0.7381,3.0000
290,workers,3,1.3197,0.0771,3.0000
291,general,0,0.0000,0.0000,5.0000
291,nodes,0,-5.3788,-3.3584,3.0000
291,nodes,1,5.3786,-3.3609,3.0000
291,nodes,2,-3.8087,3.8088,3.0000
291,nodes,3,3.8101,3.8085,3.0000
291,scouts,0,-3.8703,-3.3953,3.0000
291,scouts,1,-5.3703,-1.8953,3.0000
291,scouts,2,-6.8703,-3.3953,3.0000
291,scouts,3,-5.3703,-4.8953,3.0000
291,scouts,4,6.8700,-3.3978,3.0000
291,scouts,5,5.3700,-1.8978,3.0000
291,scouts,6,3.8700,-3.3978,3.0000
291,scouts,7,5.3700,-4.8978,3.0000
291,scouts,8,-2.3356,3.8355,3.0000
291,scouts,9,-3.8356,5.3355,3.0000
291,scouts,10,-5.3356,3.8355,3.0000
291,scouts,11,-3.8356,2.3355,3.0000
291,scouts,12,5.3370,3.8353,3.0000
291,scouts,13,3.8370,5.3353,3.0000
291,scouts,14,2.3370,3.8353,3.0000
291,scouts,15,3.8370,2.3353,3.0000
291,workers,0,-5.7103,2.0468,3.0000
291,workers,1,7.5791,2.5278,3.0000
291,workers,2,1.8769,-0.7636,3.0000
291,workers,3,1.2945,0.0553,3.0000
292,general,0,0.0000,0.0000,5.0000
292,nodes,0,-5.3801,-3.3527,3.0000
292,nodes,1,5.3799,-3.3552,3.0000
292,nodes,2,-3.8046,3.8047,3.0000
292,nodes,3,3.8060,3.8044,3.0000
292,scouts,0,-3.8716,-3.3897,3.0000
292,scouts,1,-5.3716,-1.8897,3.0000
292,scouts,2,-6.8716,-3.3897,3.0000
292,scouts,3,-5.3716,-4.8897,3.0000
292,scouts,4,6.8713,-3.3921,3.0000
292,scouts,5,5.3713,-1.8921,3.0000
292,scouts,6,3.8713,-3.3921,3.0000
292,scouts,7,5.3713,-4.8921,3.0000
292,scouts,8,-2.3315,3.8314,3.0000
292,scouts,9,-3.8315,5.3314,3.0000
292,scouts,10,-5.3315,3.8314,3.0000
292,scouts,11,-3.8315,2.3314,3.0000
292,scouts,12,5.3329,3.8312,3.0000
292,scouts,13,3.8329,5.3312,3.0000
292,scouts,14,2.3329,3.8312,3.0000
292,scouts,15,3.8329,2.3312,3.0000
292,workers,0,-5.7223,2.0779,3.0000
292,workers,1,7.5816,2.5610,3.0000
292,workers,2,1.8984,-0.7890,3.0000
292,workers,3,1.2694,0.0334,3.0000
293,general,0,0.0000,0.0000,5.0000
293,nodes,0,-5.3814,-3.3470,3.0000
293,nodes,1,5.3812,-3.3495,3.0000
293,nodes,2,-3.8005,3.8006,3.0000
293,nodes,3,3.8019,3.8002,3.0000
293,scouts,0,-3.8729,-3.3840,3.0000
293,scouts,1,-5.3729,-1.8840,3.0000
293,scouts,2,-6.8729,-3.3840,3.0000
293,scouts,3,-5.3729,-4.8840,3.0000
293,scouts,4,6.8726,-3.3865,3.0000
293,scouts,5,5.3726,-1.8865,3.0000
293,scouts,6,3.8726,-3.3865,3.0000
293,scouts,7,5.3726,-4.8865,3.0000
293,scouts,8,-2.3273,3.8273,3.0000
293,scouts,9,-3.8273,5.3273,3.0000
293,scouts,10,-5.3273,3.8273,3.0000
293,scouts,11,-3.8273,2.3273,3.0000
293,scouts,12,5.3287,3.8271,3.0000
293,scouts,13,3.8287,5.3271,3.0000
293,scouts,14,2.3287,3.8271,3.0000
293,scouts,15,3.8287,2.3271,3.0000
293,workers,0,-5.7342,2.1090,3.0000
293,workers,1,7.5842,2.5942,3.0000
293,workers,2,1.9199,-0.8145,3.0000
293,workers,3,1.2442,0.0116,3.0000
294,general,0,0.0000,0.0000,5.0000
294,nodes,0,-5.3828,-3.3413,3.0000
294,nodes,1,5.3825,-3.3438,3.0000
294,nodes,2,-3.7963,3.7964,3.0000
294,nodes,3,3.7978,3.7961,3.0000
294,scouts,0,-3.8743,-3.3783,3.0000
294,scouts,1,-5.3743,-1.8783,3.0000
294,scouts,2,-6.8743,-3.3783,3.0000
294,scouts,3,-5.3743,-4.8783,3.0000
294,scouts,4,6.8740,-3.3808,3.0000
294,scouts,5,5.3740,-1.8808,3.0000
294,scouts,6,3.8740,-3.3808,3.0000
294,scouts,7,5.3740,-4.8808,3.0000
294,scouts,8,-2.3232,3.8232,3.0000
294,scouts,9,-3.8232,5.3232,3.0000
294,scouts,10,-5.3232,3.8232,3.0000
294,scouts,11,-3.8232,2.3232,3.0000
294,scouts,12,5.3246,3.8229,3.0000
294,scouts,13,3.8246,5.3229,3.0000
294,scouts,14,2.3246,3.8229,3.0000
294,scouts,15,3.8246,2.3229,3.0000
294,workers,0,-5.7462,2.1401,3.0000
294,workers,1,7.5867,2.6275,3.0000
294,workers,2,1.9415,-0.8399,3.0000
294,workers,3,1.2190,-0.0102,3.0000
295,general,0,0.0000,0.0000,5.0000
295,nodes,0,-5.3841,-3.3356,3.0000
295,nodes,1,5.3838,-3.3381,3.0000
295,nodes,2,-3.7922,3.7923,3.0000
295,nodes,3,3.7936,3.7920,3.0000
295,scouts,0,-3.8756,-3.3726,3.0000
295,scouts,1,-5.3756,-1.8726,3.0000
295,scouts,2,-6.8756,-3.3726,3.0000
295,scouts,3,-5.3756,-4.8726,3.0000
295,scouts,4,6.8753,-3.3751,3.0000
295,scouts,5,5.3753,-1.8751,3.0000
295,scouts,6,3.8753,-3.3751,3.0000
295,scouts,7,5.3753,-4.8751,3.0000
295,scouts,8,-2.3191,3.8191,3.0000
295,scouts,9,-3.8191,5.3191,3.0000
295,scouts,10,-5.3191,3.8191,3.0000
295,scouts,11,-3.8191,2.3191,3.0000
295,scouts,12,5.3205,3.8188,3.0000
295,scouts,13,3.8205,5.3188,3.0000
295,scouts,14,2.3205,3.8188,3.0000
295,scouts,15,3.8205,2.3188,3.0000
295,workers,0,-5.7582,2.1712,3.0000
295,workers,1,7.5893,2.6607,3.0000
295,workers,2,1.9630,-0.8654,3.0000
295,workers,3,1.1938,-0.0320,3.0000
296,general,0,0.0000,0.0000,5.0000
296,nodes,0,-5.3854,-3.3299,3.0000
296,nodes,1,5.3852,-3.3324,3.0000
296,nodes,2,-3.7881,3.7882,3.0000
296,nodes,3,3.7895,3.7879,3.0000
296,scouts,0,-3.8769,-3.3669,3.0000
296,scouts,1,-5.3769,-1.8669,3.0000
296,scouts,2,-6.8769,-3.3669,3.0000
296,scouts,3,-5.3769,-4.8669,3.0000
296,scouts,4,6.8766,-3.3694,3.0000
296,scouts,5,5.3766,-1.8694,3.0000
296,scouts,6,3.8766,-3.3694,3.0000
296,scouts,7,5.3766,-4.8694,3.0000
296,scouts,8,-2.3150,3.8149,3.0000
296,scouts,9,-3.8150,5.3149,3.0000
296,scouts,10,-5.3150,3.8149,3.0000
296,scouts,11,-3.8150,2.3149,3.0000
296,scouts,12,5.3163,3.8147,3.0000
296,scouts,13,3.8163,5.3147,3.0000
296,scouts,14,2.3163,3.8147,3.0000
296,scouts,15,3.8163,2.3147,3.0000
296,workers,0,-5.7701,2.2023,3.0000
296,workers,1,7.5918,2.6939,3.0000
296,workers,2,1.9845,-0.8908,3.0000
296,workers,3,1.1686,-0.0539,3.0000
297,general,0,0.0000,0.0000,5.0000
297,nodes,0,-5.3867,-3.3243,3.0000
297,nodes,1,5.3865,-3.3267,3.0000
297,nodes,2,-3.7840,3.7841,3.0000
297,nodes,3,3.7854,3.7837,3.0000
297,scouts,0,-3.8782,-3.3612,3.0000
297,scouts,1,-5.3782,-1.8612,3.0000
297,scouts,2,-6.8782,-3.3612,3.0000
297,scouts,3,-5.3782,-4.8612,3.0000
297,scouts,4,6.8779,-3.3637,3.0000
297,scouts,5,5.3779,-1.8637,3.0000
297,scouts,6,3.8779,-3.3637,3.0000
297,scouts,7,5.3779,-4.8637,3.0000
297,scouts,8,-2.3108,3.8108,3.0000
297,scouts,9,-3.8108,5.3108,3.0000
297,scouts,10,-5.3108,3.8108,3.0000
297,scouts,11,-3.8108,2.3108,3.0000
297,scouts,12,5.3122,3.8105,3.0000
297,scouts,13,3.8122,5.3105,3.0000
297,scouts,14,2.3122,3.8105,3.0000
297,scouts,15,3.8122,2.3105,3.0000
297,workers,0,-5.7821,2.2334,3.0000
297,workers,1,7.5944,2.7272,3.0000
297,workers,2,2.0061,-0.9162,3.0000
297,workers,3,1.1434,-0.0757,3.0000
298,general,0,0.0000,0.0000,5.0000
298,nodes,0,-5.3880,-3.3186,3.0000
298,nodes,1,5.3878,-3.3211,3.0000
298,nodes,2,-3.7799,3.7800,3.0000
298,nodes,3,3.7812,3.7796,3.0000
298,scouts,0,-3.8795,-3.3555,3.0000
298,scouts,1,-5.3795,-1.8555,3.0000
298,scouts,2,-6.8795,-3.3555,3.0000
298,scouts,3,-5.3795,-4.8555,3.0000
298,scouts,4,6.8792,-3.3580,3.0000
298,scouts,5,5.3792,-1.8580,3.0000
298,scouts,6,3.8792,-3.3580,3.0000
298,scouts,7,5.3792,-4.8580,3.0000
298,scouts,8,-2.3067,3.8067,3.0000
298,scouts,9,-3.8067,5.3067,3.0000
298,scouts,10,-5.3067,3.8067,3.0000
298,scouts,11,-3.8067,2.3067,3.0000
298,scouts,12,5.3081,3.8064,3.0000
298,scouts,13,3.8081,5.3064,3.0000
298,scouts,14,2.3081,3.8064,3.0000
298,scouts,15,3.8081,2.3064,3.0000
298,workers,0,-5.7941,2.2645,3.0000
298,workers,1,7.5970,2.7604,3.0000
298,workers,2,2.0276,-0.9417,3.0000
298,workers,3,1.1182,-0.0975,3.0000
299,general,0,0.0000,0.0000,5.0000
299,nodes,0,-5.3893,-3.3129,3.0000
299,nodes,1,5.3891,-3.3154,3.0000
299,nodes,2,-3.7757,3.7759,3.0000
299,nodes,3,3.7771,3.7754,3.0000
299,scouts,0,-3.8808,-3.3498,3.0000
299,scouts,1,-5.3808,-1.8498,3.0000
299,scouts,2,-6.8808,-3.3498,3.0000
299,scouts,3,-5.3808,-4.8498,3.0000
299,scouts,4,6.8805,-3.3523,3.0000
299,scouts,5,5.3805,-1.8523,3.0000
299,scouts,6,3.8805,-3.3523,3.0000
299,scouts,7,5.3805,-4.8523,3.0000
299,scouts,8,-2.3026,3.8026,3.0000
299,scouts,9,-3.8026,5.3026,3.0000
299,scouts,10,-5.3026,3.8026,3.0000
299,scouts,11,-3.8026,2.3026,3.0000
299,scouts,12,5.3040,3.8023,3.0000
299,scouts,13,3.8040,5.3023,3.0000
299,scouts,14,2.3040,3.8023,3.0000
299,scouts,15,3.8040,2.3023,3.0000
299,workers,0,-5.8060,2.2957,3.0000
299,workers,1,7.5995,2.7936,3.0000
299,workers,2,2.0491,-0.9671,3.0000
299,workers,3,1.0930,-0.1194,3.0000
300,general,0,0.0000,0.0000,5.0000
300,nodes,0,-5.3906,-3.3072,3.0000
300,nodes,1,5.3904,-3.3097,3.0000
300,nodes,2,-3.7716,3.7717,3.0000
300,nodes,3,3.7729,3.7713,3.0000
300,scouts,0,-3.8821,-3.3442,3.0000
300,scouts,1,-5.3821,-1.8442,3.0000
300,scouts,2,-6.8821,-3.3442,3.0000
300,scouts,3,-5.3821,-4.8442,3.0000
300,scouts,4,6.8819,-3.3466,3.0000
300,scouts,5,5.3819,-1.8466,3.0000
300,scouts,6,3.8819,-3.3466,3.0000
300,scouts,7,5.3819,-4.8466,3.0000
300,scouts,8,-2.2984,3.7985,3.0000
300,scouts,9,-3.7984,5.2985,3.0000
300,scouts,10,-5.2984,3.7985,3.0000
300,scouts,11,-3.7984,2.2985,3.0000
300,scouts,12,5.2998,3.7982,3.0000
300,scouts,13,3.7998,5.2982,3.0000
300,scouts,14,2.2998,3.7982,3.0000
300,scouts,15,3.7998,2.2982,3.0000
300,workers,0,-5.8180,2.3268,3.0000
300,workers,1,7.6021,2.8269,3.0000
300,workers,2,2.0706,-0.9926,3.0000
300,workers,3,1.0678,-0.1412,3.0000
301,general,0,0.0000,0.0000,5.0000
301,nodes,0,-5.3919,-3.3015,3.0000
301,nodes,1,5.3917,-3.3040,3.0000
301,nodes,2,-3.7675,3.7676,3.0000
301,nodes,3,3.7688,3.7672,3.0000
301,scouts,0,-3.8834,-3.3385,3.0000
301,scouts,1,-5.3834,-1.8385,3.0000
301,scouts,2,-6.8834,-3.3385,3.0000
301,scouts,3,-5.3834,-4.8385,3.0000
301,scouts,4,6.8832,-3.3410,3.0000
301,scouts,5,5.3832,-1.8410,3.0000
301,scouts,6,3.8832,-3.3410,3.0000
301,scouts,7,5.3832,-4.8410,3.0000
301,scouts,8,-2.2943,3.7944,3.0000
301,scouts,9,-3.7943,5.2944,3.0000
301,scouts,10,-5.2943,3.7944,3.0000
301,scouts,11,-3.7943,2.2944,3.0000
301,scouts,12,5.2957,3.7940,3.0000
301,scouts,13,3.7957,5.2940,3.0000
301,scouts,14,2.2957,3.7940,3.0000
301,scouts,15,3.7957,2.2940,3.0000
301,workers,0,-5.8300,2.3579,3.0000
301,workers,1,7.6046,2.8601,3.0000
301,workers,2,2.0922,-1.0180,3.0000
301,workers,3,1.0427,-0.1630,3.0000
302,general,0,0.0000,0.0000,5.0000
302,nodes,0,-5.3933,-3.2958,3.0000
302,nodes,1,5.3931,-3.2983,3.0000
302,nodes,2,-3.7634,3.7635,3.0000
302,nodes,3,3.7647,3.7631,3.0000
302,scouts,0,-3.8847,-3.3328,3.0000
302,scouts,1,-5.3847,-1.8328,3.0000
302,scouts,2,-6.8847,-3.3328,3.0000
302,scouts,3,-5.3847,-4.8328,3.0000
302,scouts,4,6.8845,-3.3353,3.0000
302,scouts,5,5.3845,-1.8353,3.0000
302,scouts,6,3.8845,-3.3353,3.0000
302,scouts,7,5.3845,-4.8353,3.0000
302,scouts,8,-2.2902,3.7903,3.0000
302,scouts,9,-3.7902,5.2903,3.0000
302,scouts,10,-5.2902,3.7903,3.0000
302,scouts,11,-3.7902,2.2903,3.0000
302,scouts,12,5.2916,3.7899,3.0000
302,scouts,13,3.7916,5.2899,3.0000
302,scouts,14,2.2916,3.7899,3.0000
302,scouts,15,3.7916,2.2899,3.0000
302,workers,0,-5.8419,2.3890,3.0000
302,workers,1,7.6072,2.8933,3.0000
302,workers,2,2.1137,-1.0435,3.0000
302,workers,3,1.0175,-0.1849,3.0000
303,general,0,0.0000,0.0000,5.0000
303,nodes,0,-5.3946,-3.2902,3.0000
303,nodes,1,5.3944,-3.2926,3.0000
303,nodes,2,-3.7592,3.7594,3.0000
303,nodes,3,3.7606,3.7589,3.0000
303,scouts,0,-3.8860,-3.3271,3.0000
303,scouts,1,-5.3860,-1.8271,3.0000
303,scouts,2,-6.8860,-3.3271,3.0000
303,scouts,3,-5.3860,-4.8271,3.0000
303,scouts,4,6.8858,-3.3296,3.0000
303,scouts,5,5.3858,-1.8296,3.0000
303,scouts,6,3.8858,-3.3296,3.0000
303,scouts,7,5.3858,-4.8296,3.0000
303,scouts,8,-2.2861,3.7861,3.0000
303,scouts,9,-3.7861,5.2861,3.0000
303,scouts,10,-5.2861,3.7861,3.0000
303,scouts,11,-3.7861,2.2861,3.0000
303,scouts,12,5.2874,3.7858,3.0000
303,scouts,13,3.7874,5.2858,3.0000
303,scouts,14,2.2874,3.7858,3.0000
303,scouts,15,3.7874,2.2858,3.0000
303,workers,0,-5.8539,2.4201,3.0000
303,workers,1,7.6097,2.9266,3.0000
303,workers,2,2.1352,-1.0689,3.0000
303,workers,3,0.9923,-0.2067,3.0000
304,general,0,0.0000,0.0000,5.0000
304,nodes,0,-5.3959,-3.2845,3.0000
304,nodes,1,5.3958,-3.2870,3.0000
304,nodes,2,-3.7551,3.7553,3.0000
304,nodes,3,3.7564,3.7548,3.0000
304,scouts,0,-3.8874,-3.3214,3.0000
304,scouts,1,-5.3874,-1.8214,3.0000
304,scouts,2,-6.8874,-3.3214,3.0000
304,scouts,3,-5.3874,-4.8214,3.0000
304,scouts,4,6.8871,-3.3239,3.0000
304,scouts,5,5.3871,-1.8239,3.0000
304,scouts,6,3.8871,-3.3239,3.0000
304,scouts,7,5.3871,-4.8239,3.0000
304,scouts,8,-2.2819,3.7820,3.0000
304,scouts,9,-3.7819,5.2820,3.0000
304,scouts,10,-5.2819,3.7820,3.0000
304,scouts,11,-3.7819,2.2820,3.0000
304,scouts,12,5.2833,3.7816,3.0000
304,scouts,13,3.7833,5.2816,3.0000
304,scouts,14,2.2833,3.7816,3.0000
304,scouts,15,3.7833,2.2816,3.0000
304,workers,0,-5.8658,2.4512,3.0000
304,workers,1,7.6123,2.9598,3.0000
304,workers,2,2.1568,-1.0944,3.0000
304,workers,3,0.9671,-0.2285,3.0000
305,general,0,0.0000,0.0000,5.0000
305,nodes,0,-5.3972,-3.2788,3.0000
305,nodes,1,5.3971,-3.2813,3.0000
305,nodes,2,-3.7510,3.7512,3.0000
305,nodes,3,3.7523,3.7507,3.0000
305,scouts,0,-3.8887,-3.3157,3.0000
305,scouts,1,-5.3887,-1.8157,3.0000
305,scouts,2,-6.8887,-3.3157,3.0000
305,scouts,3,-5.3887,-4.8157,3.0000
305,scouts,4,6.8885,-3.3182,3.0000
305,scouts,5,5.3885,-1.8182,3.0000
305,scouts,6,3.8885,-3.3182,3.0000
305,scouts,7,5.3885,-4.8182,3.0000
305,scouts,8,-2.2778,3.7779,3.0000
305,scouts,9,-3.7778,5.2779,3.0000
305,scouts,10,-5.2778,3.7779,3.0000
305,scouts,11,-3.7778,2.2779,3.0000
305,scouts,12,5.2792,3.7775,3.0000
305,scouts,13,3.7792,5.2775,3.0000
305,scouts,14,2.2792,3.7775,3.0000
305,scouts,15,3.7792,2.2775,3.0000
305,workers,0,-5.8778,2.4823,3.0000
305,workers,1,7.6149,2.9931,3.0000
305,workers,2,2.1783,-1.1198,3.0000
305,workers,3,0.9419,-0.2504,3.0000
306,general,0,0.0000,0.0000,5.0000
306,nodes,0,-5.3986,-3.2731,3.0000
306,nodes,1,5.3984,-3.2756,3.0000
306,nodes,2,-3.7468,3.7471,3.0000
306,nodes,3,3.7482,3.7466,3.0000
306,scouts,0,-3.8900,-3.3100,3.0000
306,scouts,1,-5.3900,-1.8100,3.0000
306,scouts,2,-6.8900,-3.3100,3.0000
306,scouts,3,-5.3900,-4.8100,3.0000
306,scouts,4,6.8898,-3.3125,3.0000
306,scouts,5,5.3898,-1.8125,3.0000
306,scouts,6,3.8898,-3.3125,3.0000
306,scouts,7,5.3898,-4.8125,3.0000
306,scouts,8,-2.2737,3.7738,3.0000
306,scouts,9,-3.7737,5.2738,3.0000
306,scouts,10,-5.2737,3.7738,3.0000
306,scouts,11,-3.7737,2.2738,3.0000
306,scouts,12,5.2750,3.7734,3.0000
306,scouts,13,3.7750,5.2734,3.0000
306,scouts,14,2.2750,3.7734,3.0000
306,scouts,15,3.7750,2.2734,3.0000
306,workers,0,-5.8898,2.5134,3.0000
306,workers,1,7.6174,3.0263,3.0000
306,workers,2,2.1998,-1.1453,3.0000
306,workers,3,0.9167,-0.2722,3.0000
307,general,0,0.0000,0.0000,5.0000
307,nodes,0,-5.3999,-3.2674,3.0000
307,nodes,1,5.3997,-3.2699,3.0000
307,nodes,2,-3.7427,3.7430,3.0000
307,nodes,3,3.7440,3.7425,3.0000
307,scouts,0,-3.8913,-3.3044,3.0000
307,scouts,1,-5.3913,-1.8044,3.0000
307,scouts,2,-6.8913,-3.3044,3.0000
307,scouts,3,-5.3913,-4.8044,3.0000
307,scouts,4,6.8911,-3.3069,3.0000
307,scouts,5,5.3911,-1.8069,3.0000
307,scouts,6,3.8911,-3.3069,3.0000
307,scouts,7,5.3911,-4.8069,3.0000
307,scouts,8,-2.2695,3.7697,3.0000
307,scouts,9,-3.7695,5.2697,3.0000
307,scouts,10,-5.2695,3.7697,3.0000
307,scouts,11,-3.7695,2.2697,3.0000
307,scouts,12,5.2709,3.7693,3.0000
307,scouts,13,3.7709,5.2693,3.0000
307,scouts,14,2.2709,3.7693,3.0000
307,scouts,15,3.7709,2.2693,3.0000
307,workers,0,-5.9017,2.5445,3.0000
307,workers,1,7.6200,3.0595,3.0000
307,workers,2,2.2214,-1.1707,3.0000
307,workers,3,0.8915,-0.2940,3.0000
308,general,0,0.0000,0.0000,5.0000
308,nodes,0,-5.4012,-3.2617,3.0000
308,nodes,1,5.4010,-3.2642,3.0000
308,nodes,2,-3.7386,3.7388,3.0000
308,nodes,3,3.7399,3.7383,3.0000
308,scouts,0,-3.8926,-3.2987,3.0000
308,scouts,1,-5.3926,-1.7987,3.0000
308,scouts,2,-6.8926,-3.2987,3.0000
308,scouts,3,-5.3926,-4.7987,3.0000
308,scouts,4,6.8924,-3.3012,3.0000
308,scouts,5,5.3924,-1.8012,3.0000
308,scouts,6,3.8924,-3.3012,3.0000
308,scouts,7,5.3924,-4.8012,3.0000
308,scouts,8,-2.2654,3.7656,3.0000
308,scouts,9,-3.7654,5.2656,3.0000
308,scouts,10,-5.2654,3.7656,3.0000
308,scouts,11,-3.7654,2.2656,3.0000
308,scouts,12,5.2668,3.7651,3.0000
308,scouts,13,3.7668,5.2651,3.0000
308,scouts,14,2.2668,3.7651,3.0000
308,scouts,15,3.7668,2.2651,3.0000
308,workers,0,-5.9137,2.5757,3.0000
308,workers,1,7.6225,3.0928,3.0000
308,workers,2,2.2429,-1.1962,3.0000
308,workers,3,0.8663,-0.3159,3.0000
309,general,0,0.0000,0.0000,5.0000
309,nodes,0,-5.4025,-3.2561,3.0000
309,nodes,1,5.4024,-3.2585,3.0000
309,nodes,2,-3.7344,3.7347,3.0000
309,nodes,3,3.7358,3.7342,3.0000
309,scouts,0,-3.8939,-3.2930,3.0000
309,scouts,1,-5.3939,-1.7930,3.0000
309,scouts,2,-6.8939,-3.2930,3.0000
309,scouts,3,-5.3939,-4.7930,3.0000
309,scouts,4,6.8938,-3.2955,3.0000
309,scouts,5,5.3938,-1.7955,3.0000
309,scouts,6,3.8938,-3.2955,3.0000
309,scouts,7,5.3938,-4.7955,3.0000
309,scouts,8,-2.2613,3.7615,3.0000
309,scouts,9,-3.7613,5.2615,3.0000
309,scouts,10,-5.2613,3.7615,3.0000
309,scouts,11,-3.7613,2.2615,3.0000
309,scouts,12,5.2626,3.7610,3.0000
309,scouts,13,3.7626,5.2610,3.0000
309,scouts,14,2.2626,3.7610,3.0000
309,scouts,15,3.7626,2.2610,3.0000
309,workers,0,-5.9257,2.6068,3.0000
309,workers,1,7.6251,3.1260,3.0000
309,workers,2,2.2644,-1.2216,3.0000
309,workers,3,0.8411,-0.3377,3.0000
310,general,0,0.0000,0.0000,5.0000
310,nodes,0,-5.4038,-3.2504,3.0000
310,nodes,1,5.4037,-3.2528,3.0000
310,nodes,2,-3.7303,3.7306,3.0000
310,nodes,3,3.7316,3.7301,3.0000
310,scouts,0,-3.8953,-3.2873,3.0000
310,scouts,1,-5.3953,-1.7873,3.0000
310,scouts,2,-6.8953,-3.2873,3.0000
310,scouts,3,-5.3953,-4.7873,3.0000
310,scouts,4,6.8951,-3.2898,3.0000
310,scouts,5,5.3951,-1.7898,3.0000
310,scouts,6,3.8951,-3.2898,3.0000
310,scouts,7,5.3951,-4.7898,3.0000
310,scouts,8,-2.2572,3.7573,3.0000
310,scouts,9,-3.7572,5.2573,3.0000
310,scouts,10,-5.2572,3.7573,3.0000
310,scouts,11,-3.7572,2.2573,3.0000
310,scouts,12,5.2585,3.7569,3.0000
310,scouts,13,3.7585,5.2569,3.0000
310,scouts,14,2.2585,3.7569,3.0000
310,scouts,15,3.7585,2.2569,3.0000
310,workers,0,-5.9376,2.6379,3.0000
310,workers,1,7.6276,3.1592,3.0000
310,workers,2,2.2860,-1.2470,3.0000
310,workers,3,0.8159,-0.3595,3.0000
311,general,0,0.0000,0.0000,5.0000
311,nodes,0,-5.4051,-3.2447,3.0000
311,nodes,1,5.4049,-3.2471,3.0000
311,nodes,2,-3.7262,3.7265,3.0000
311,nodes,3,3.7275,3.7260,3.0000
311,scouts,0,-3.8966,-3.2816,3.0000
311,scouts,1,-5.3966,-1.7816,3.0000
311,scouts,2,-6.8966,-3.2816,3.0000
311,scouts,3,-5.3966,-4.7816,3.0000
311,scouts,4,6.8964,-3.2841,3.0000
311,scouts,5,5.3964,-1.7841,3.0000
311,scouts,6,3.8964,-3.2841,3.0000
311,scouts,7,5.3964,-4.7841,3.0000
311,scouts,8,-2.2530,3.7532,3.0000
311,scouts,9,-3.7530,5.2532,3.0000
311,scouts,10,-5.2530,3.7532,3.0000
311,scouts,11,-3.7530,2.2532,3.0000
311,scouts,12,5.2544,3.7528,3.0000
311,scouts,13,3.7544,5.2528,3.0000
311,scouts,14,2.2544,3.7528,3.0000
311,scouts,15,3.7544,2.2528,3.0000
311,workers,0,-5.9496,2.6690,3.0000
311,workers,1,7.6302,3.1925,3.0000
311,workers,2,2.3075,-1.2725,3.0000
311,workers,3,0.7908,-0.3813,3.0000
312,general,0,0.0000,0.0000,5.0000
312,nodes,0,-5.4064,-3.2390,3.0000
312,nodes,1,5.4063,-3.2414,3.0000
312,nodes,2,-3.7221,3.7224,3.0000
312,nodes,3,3.7234,3.7219,3.0000
312,scouts,0,-3.8979,-3.2759,3.0000
312,scouts,1,-5.3979,-1.7759,3.0000
312,scouts,2,-6.8979,-3.2759,3.0000
312,scouts,3,-5.3979,-4.7759,3.0000
312,scouts,4,6.8977,-3.2784,3.0000
312,scouts,5,5.3977,-1.7784,3.0000
312,scouts,6,3.8977,-3.2784,3.0000
312,scouts,7,5.3977,-4.7784,3.0000
312,scouts,8,-2.2489,3.7491,3.0000
312,scouts,9,-3.7489,5.2491,3.0000
312,scouts,10,-5.2489,3.7491,3.0000
312,scouts,11,-3.7489,2.2491,3.0000
312,scouts,12,5.2502,3.7487,3.0000
312,scouts,13,3.7502,5.2487,3.0000
312,scouts,14,2.2502,3.7487,3.0000
312,scouts,15,3.7502,2.2487,3.0000
312,workers,0,-5.9616,2.7001,3.0000
312,workers,1,7.6327,3.2257,3.0000
312,workers,2,2.3290,-1.2979,3.0000
312,workers,3,0.7656,-0.4032,3.0000
313,general,0,0.0000,0.0000,5.0000
313,nodes,0,-5.4077,-3.2333,3.0000
313,nodes,1,5.4076,-3.2357,3.0000
313,nodes,2,-3.7179,3.7183,3.0000
313,nodes,3,3.7192,3.7177,3.0000
313,scouts,0,-3.8992,-3.2703,3.0000
313,scouts,1,-5.3992,-1.7703,3.0000
313,scouts,2,-6.8992,-3.2703,3.0000
313,scouts,3,-5.3992,-4.7703,3.0000
313,scouts,4,6.8990,-3.2727,3.0000
313,scouts,5,5.3990,-1.7727,3.0000
313,scouts,6,3.8990,-3.2727,3.0000
313,scouts,7,5.3990,-4.7727,3.0000
313,scouts,8,-2.2448,3.7450,3.0000
313,scouts,9,-3.7448,5.2450,3.0000
313,scouts,10,-5.2448,3.7450,3.0000
313,scouts,11,-3.7448,2.2450,3.0000
313,scouts,12,5.2461,3.7445,3.0000
313,scouts,13,3.7461,5.2445,3.0000
313,scouts,14,2.2461,3.7445,3.0000
313,scouts,15,3.7461,2.2445,3.0000
313,workers,0,-5.9735,2.7312,3.0000
313,workers,1,7.6353,3.2589,3.0000
313,workers,2,2.3506,-1.3234,3.0000
313,workers,3,0.7404,-0.4250,3.0000
314,general,0,0.0000,0.0000,5.0000
314,nodes,0,-5.4090,-3.2276,3.0000
314,nodes,1,5.4089,-3.2301,3.0000
314,nodes,2,-3.7138,3.7141,3.0000
314,nodes,3,3.7151,3.7136,3.0000
314,scouts,0,-3.9005,-3.2646,3.0000
314,scouts,1,-5.4005,-1.7646,3.0000
314,scouts,2,-6.9005,-3.2646,3.0000
314,scouts,3,-5.4005,-4.7646,3.0000
314,scouts,4,6.9003,-3.2670,3.0000
314,scouts,5,5.4003,-1.7670,3.0000
314,scouts,6,3.9003,-3.2670,3.0000
314,scouts,7,5.4003,-4.7670,3.0000
314,scouts,8,-2.2406,3.7409,3.0000
314,scouts,9,-3.7406,5.2409,3.0000
314,scouts,10,-5.2406,3.7409,3.0000
314,scouts,11,-3.7406,2.2409,3.0000
314,scouts,12,5.2420,3.7404,3.0000
314,scouts,13,3.7420,5.2404,3.0000
314,scouts,14,2.2420,3.7404,3.0000
314,scouts,15,3.7420,2.2404,3.0000
314,workers,0,-5.9855,2.7623,3.0000
314,workers,1,7.6379,3.2922,3.0000
314,workers,2,2.3721,-1.3488,3.0000
314,workers,3,0.7152,-0.4468,3.0000
315,general,0,0.0000,0.0000,5.0000
315,nodes,0,-5.4103,-3.2219,3.0000
315,nodes,1,5.4102,-3.2244,3.0000
315,nodes,2,-3.7097,3.7100,3.0000
315,nodes,3,3.7110,3.7095,3.0000
315,scouts,0,-3.9018,-3.2589,3.0000
315,scouts,1,-5.4018,-1.7589,3.0000
315,scouts,2,-6.9018,-3.2589,3.0000
315,scouts,3,-5.4018,-4.7589,3.0000
315,scouts,4,6.9016,-3.2614,3.0000
315,scouts,5,5.4016,-1.7614,3.0000
315,scouts,6,3.9016,-3.2614,3.0000
315,scouts,7,5.4016,-4.7614,3.0000
315,scouts,8,-2.2365,3.7368,3.0000
315,scouts,9,-3.7365,5.2368,3.0000
315,scouts,10,-5.2365,3.7368,3.0000
315,scouts,11,-3.7365,2.2368,3.0000
315,scouts,12,5.2378,3.7363,3.0000
315,scouts,13,3.7378,5.2363,3.0000
315,scouts,14,2.2378,3.7363,3.0000
315,scouts,15,3.7378,2.2363,3.0000
315,workers,0,-5.9975,2.7934,3.0000
315,workers,1,7.6404,3.3254,3.0000
315,workers,2,2.3936,-1.3743,3.0000
315,workers,3,0.6900,-0.4687,3.0000
316,general,0,0.0000,0.0000,5.0000
316,nodes,0,-5.4116,-3.2162,3.0000
316,nodes,1,5.4115,-3.2187,3.0000
316,nodes,2,-3.7055,3.7059,3.0000
316,nodes,3,3.7069,3.7053,3.0000
316,scouts,0,-3.9031,-3.2532,3.0000
316,scouts,1,-5.4031,-1.7532,3.0000
316,scouts,2,-6.9031,-3.2532,3.0000
316,scouts,3,-5.4031,-4.7532,3.0000
316,scouts,4,6.9030,-3.2557,3.0000
316,scouts,5,5.4030,-1.7557,3.0000
316,scouts,6,3.9030,-3.2557,3.0000
316,scouts,7,5.4030,-4.7557,3.0000
316,scouts,8,-2.2324,3.7327,3.0000
316,scouts,9,-3.7324,5.2327,3.0000
316,scouts,10,-5.2324,3.7327,3.0000
316,scouts,11,-3.7324,2.2327,3.0000
316,scouts,12,5.2337,3.7322,3.0000
316,scouts,13,3.7337,5.2322,3.0000
316,scouts,14,2.2337,3.7322,3.0000
316,scouts,15,3.7337,2.2322,3.0000
316,workers,0,-6.0094,2.8245,3.0000
316,workers,1,7.6430,3.3586,3.0000
316,workers,2,2.4151,-1.3997,3.0000
316,workers,3,0.6648,-0.4905,3.0000
317,general,0,0.0000,0.0000,5.0000
317,nodes,0,-5.4130,-3.2105,3.0000
317,nodes,1,5.4128,-3.2130,3.0000
317,nodes,2,-3.7014,3.7018,3.0000
317,nodes,3,3.7028,3.7012,3.0000
317,scouts,0,-3.9044,-3.2475,3.0000
317,scouts,1,-5.4044,-1.7475,3.0000
317,scouts,2,-6.9044,-3.2475,3.0000
317,scouts,3,-5.4044,-4.7475,3.0000
317,scouts,4,6.9043,-3.2500,3.0000
317,scouts,5,5.4043,-1.7500,3.0000
317,scouts,6,3.9043,-3.2500,3.0000
317,scouts,7,5.4043,-4.7500,3.0000
317,scouts,8,-2.2282,3.7285,3.0000
317,scouts,9,-3.7282,5.2285,3.0000
317,scouts,10,-5.2282,3.7285,3.0000
317,scouts,11,-3.7282,2.2285,3.0000
317,scouts,12,5.2296,3.7280,3.0000
317,scouts,13,3.7296,5.2280,3.0000
317,scouts,14,2.2296,3.7280,3.0000
317,scouts,15,3.7296,2.2280,3.0000
317,workers,0,-6.0214,2.8557,3.0000
317,workers,1,7.6455,3.3919,3.0000
317,workers,2,2.4367,-1.4252,3.0000
317,workers,3,0.6396,-0.5123,3.0000
318,general,0,0.0000,0.0000,5.0000
318,nodes,0,-5.4142,-3.2048,3.0000
318,nodes,1,5.4141,-3.2073,3.0000
318,nodes,2,-3.6973,3.6977,3.0000
318,nodes,3,3.6986,3.6970,3.0000
318,scouts,0,-3.9057,-3.2418,3.0000
318,scouts,1,-5.4057,-1.7418,3.0000
318,scouts,2,-6.9057,-3.2418,3.0000
318,scouts,3,-5.4057,-4.7418,3.0000
318,scouts,4,6.9056,-3.2443,3.0000
318,scouts,5,5.4056,-1.7443,3.0000
318,scouts,6,3.9056,-3.2443,3.0000
318,scouts,7,5.4056,-4.7443,3.0000
318,scouts,8,-2.2241,3.7244,3.0000
318,scouts,9,-3.7241,5.2244,3.0000
318,scouts,10,-5.2241,3.7244,3.0000
318,scouts,11,-3.7241,2.2244,3.0000
318,scouts,12,5.2255,3.7239,3.0000
318,scouts,13,3.7255,5.2239,3.0000
318,scouts,14,2.2255,3.7239,3.0000
318,scouts,15,3.7255,2.2239,3.0000
318,workers,0,-6.0334,2.8868,3.0000
318,workers,1,7.6481,3.4251,3.0000
318,workers,2,2.4582,-1.4506,3.0000
318,workers,3,0.6144,-0.5342,3.0000
319,general,0,0.0000,0.0000,5.0000
319,nodes,0,-5.4156,-3.1992,3.0000
319,nodes,1,5.4154,-3.2016,3.0000
319,nodes,2,-3.6931,3.6935,3.0000
319,nodes,3,3.6945,3.6929,3.0000
319,scouts,0,-3.9071,-3.2361,3.0000
319,scouts,1,-5.4071,-1.7361,3.0000
319,scouts,2,-6.9071,-3.2361,3.0000
319,scouts,3,-5.4071,-4.7361,3.0000
319,scouts,4,6.9069,-3.2386,3.0000
319,scouts,5,5.4069,-1.7386,3.0000
319,scouts,6,3.9069,-3.2386,3.0000
319,scouts,7,5.4069,-4.7386,3.0000
319,scouts,8,-2.2200,3.7203,3.0000
319,scouts,9,-3.7200,5.2203,3.0000
319,scouts,10,-5.2200,3.7203,3.0000
319,scouts,11,-3.7200,2.2203,3.0000
319,scouts,12,5.2213,3.7198,3.0000
319,scouts,13,3.7213,5.2198,3.0000
319,scouts,14,2.2213,3.7198,3.0000
319,scouts,15,3.7213,2.2198,3.0000
319,workers,0,-6.0453,2.9179,3.0000
319,workers,1,7.6506,3.4583,3.0000
319,workers,2,2.4797,-1.4761,3.0000
319,workers,3,0.5892,-0.5560,3.0000
320,general,0,0.0000,0.0000,5.0000
320,nodes,0,-5.4169,-3.1935,3.0000
320,nodes,1,5.4167,-3.1960,3.0000
320,nodes,2,-3.6890,3.6894,3.0000
320,nodes,3,3.6904,3.6888,3.0000
320,scouts,0,-3.9084,-3.2304,3.0000
320,scouts,1,-5.4084,-1.7304,3.0000
320,scouts,2,-6.9084,-3.2304,3.0000
320,scouts,3,-5.4084,-4.7304,3.0000
320,scouts,4,6.9082,-3.2329,3.0000
320,scouts,5,5.4082,-1.7329,3.0000
320,scouts,6,3.9082,-3.2329,3.0000
320,scouts,7,5.4082,-4.7329,3.0000
320,scouts,8,-2.2159,3.7162,3.0000
320,scouts,9,-3.7159,5.2162,3.0000
320,scouts,10,-5.2159,3.7162,3.0000
320,scouts,11,-3.7159,2.2162,3.0000
320,scouts,12,5.2172,3.7156,3.0000
320,scouts,13,3.7172,5.2156,3.0000
320,scouts,14,2.2172,3.7156,3.0000
320,scouts,15,3.7172,2.2156,3.0000
320,workers,0,-6.0573,2.9490,3.0000
320,workers,1,7.6532,3.4916,3.0000
320,workers,2,2.5013,-1.5015,3.0000
320,workers,3,0.5640,-0.5778,3.0000
321,general,0,0.0000,0.0000,5.0000
321,nodes,0,-5.4182,-3.1878,3.0000
321,nodes,1,5.4181,-3.1903,3.0000
321,nodes,2,-3.6849,3.6852,3.0000
321,nodes,3,3.6863,3.6847,3.0000
321,scouts,0,-3.9097,-3.2247,3.0000
321,scouts,1,-5.4097,-1.7247,3.0000
321,scouts,2,-6.9097,-3.2247,3.0000
321,scouts,3,-5.4097,-4.7247,3.0000
321,scouts,4,6.9095,-3.2272,3.0000
321,scouts,5,5.4095,-1.7272,3.0000
321,scouts,6,3.9095,-3.2272,3.0000
321,scouts,7,5.4095,-4.7272,3.0000
321,scouts,8,-2.2117,3.7121,3.0000
321,scouts,9,-3.7117,5.2121,3.0000
321,scouts,10,-5.2117,3.7121,3.0000
321,scouts,11,-3.7117,2.2121,3.0000
321,scouts,12,5.2131,3.7115,3.0000
321,scouts,13,3.7131,5.2115,3.0000
321,scouts,14,2.2131,3.7115,3.0000
321,scouts,15,3.7131,2.2115,3.0000
321,workers,0,-6.0693,2.9801,3.0000
321,workers,1,7.6558,3.5248,3.0000
321,workers,2,2.5228,-1.5270,3.0000
321,workers,3,0.5389,-0.5997,3.0000
322,general,0,0.0000,0.0000,5.0000
322,nodes,0,-5.4195,-3.1821,3.0000
322,nodes,1,5.4194,-3.1846,3.0000
322,nodes,2,-3.6808,3.6811,3.0000
322,nodes,3,3.6822,3.6805,3.0000
322,scouts,0,-3.9110,-3.2191,3.0000
322,scouts,1,-5.4110,-1.7191,3.0000
322,scouts,2,-6.9110,-3.2191,3.0000
322,scouts,3,-5.4110,-4.7191,3.0000
322,scouts,4,6.9108,-3.2216,3.0000
322,scouts,5,5.4108,-1.7216,3.0000
322,scouts,6,3.9108,-3.2216,3.0000
322,scouts,7,5.4108,-4.7216,3.0000
322,scouts,8,-2.2076,3.7079,3.0000
322,scouts,9,-3.7076,5.2079,3.0000
322,scouts,10,-5.2076,3.7079,3.0000
322,scouts,11,-3.7076,2.2079,3.0000
322,scouts,12,5.2090,3.7074,3.0000
322,scouts,13,3.7090,5.2074,3.0000
322,scouts,14,2.2090,3.7074,3.0000
322,scouts,15,3.7090,2.2074,3.0000
322,workers,0,-6.0812,3.0112,3.0000
322,workers,1,7.6583,3.5580,3.0000
322,workers,2,2.5443,-1.5524,3.0000
322,workers,3,0.5137,-0.6215,3.0000
323,general,0,0.0000,0.0000,5.0000
323,nodes,0,-5.4208,-3.1764,3.0000
323,nodes,1,5.4207,-3.1790,3.0000
323,nodes,2,-3.6766,3.6770,3.0000
323,nodes,3,3.6780,3.6764,3.0000
323,scouts,0,-3.9123,-3.2134,3.0000
323,scouts,1,-5.4123,-1.7134,3.0000
323,scouts,2,-6.9123,-3.2134,3.0000
323,scouts,3,-5.4123,-4.7134,3.0000
323,scouts,4,6.9121,-3.2159,3.0000
323,scouts,5,5.4121,-1.7159,3.0000
323,scouts,6,3.9121,-3.2159,3.0000
323,scouts,7,5.4121,-4.7159,3.0000
323,scouts,8,-2.2035,3.7038,3.0000
323,scouts,9,-3.7035,5.2038,3.0000
323,scouts,10,-5.2035,3.7038,3.0000
323,scouts,11,-3.7035,2.2038,3.0000
323,scouts,12,5.2048,3.7032,3.0000
323,scouts,13,3.7048,5.2032,3.0000
323,scouts,14,2.2048,3.7032,3.0000
323,scouts,15,3.7048,2.2032,3.0000
323,workers,0,-6.0932,3.0423,3.0000
323,workers,1,7.6609,3.5913,3.0000
323,workers,2,2.5659,-1.5778,3.0000
323,workers,3,0.4885,-0.6433,3.0000
324,general,0,0.0000,0.0000,5.0000
324,nodes,0,-5.4221,-3.1707,3.0000
324,nodes,1,5.4220,-3.1733,3.0000
324,nodes,2,-3.6725,3.6729,3.0000
324,nodes,3,3.6739,3.6723,3.0000
324,scouts,0,-3.9136,-3.2077,3.0000
324,scouts,1,-5.4136,-1.7077,3.0000
324,scouts,2,-6.9136,-3.2077,3.0000
324,scouts,3,-5.4136,-4.7077,3.0000
324,scouts,4,6.9135,-3.2102,3.0000
324,scouts,5,5.4135,-1.7102,3.0000
324,scouts,6,3.9135,-3.2102,3.0000
324,scouts,7,5.4135,-4.7102,3.0000
324,scouts,8,-2.1993,3.6997,3.0000
324,scouts,9,-3.6993,5.1997,3.0000
324,scouts,10,-5.1993,3.6997,3.0000
324,scouts,11,-3.6993,2.1997,3.0000
324,scouts,12,5.2007,3.6991,3.0000
324,scouts,13,3.7007,5.1991,3.0000
324,scouts,14,2.2007,3.6991,3.0000
324,scouts,15,3.7007,2.1991,3.0000
324,workers,0,-6.1052,3.0734,3.0000
324,workers,1,7.6634,3.6245,3.0000
324,workers,2,2.5874,-1.6033,3.0000
324,workers,3,0.4633,-0.6651,3.0000
325,general,0,0.0000,0.0000,5.0000
325,nodes,0,-5.4234,-3.1650,3.0000
325,nodes,1,5.4233,-3.1676,3.0000
325,nodes,2,-3.6684,3.6687,3.0000
325,nodes,3,3.6698,3.6682,3.0000
325,scouts,0,-3.9149,-3.2020,3.0000
325,scouts,1,-5.4149,-1.7020,3.0000
325,scouts,2,-6.9149,-3.2020,3.0000
325,scouts,3,-5.4149,-4.7020,3.0000
325,scouts,4,6.9148,-3.2045,3.0000
325,scouts,5,5.4148,-1.7045,3.0000
325,scouts,6,3.9148,-3.2045,3.0000
325,scouts,7,5.4148,-4.7045,3.0000
325,scouts,8,-2.1952,3.6956,3.0000
325,scouts,9,-3.6952,5.1956,3.0000
325,scouts,10,-5.1952,3.6956,3.0000
325,scouts,11,-3.6952,2.1956,3.0000
325,scouts,12,5.1966,3.6950,3.0000
325,scouts,13,3.6966,5.1950,3.0000
325,scouts,14,2.1966,3.6950,3.0000
325,scouts,15,3.6966,2.1950,3.0000
325,workers,0,-6.1171,3.1046,3.0000
325,workers,1,7.6660,3.6578,3.0000
325,workers,2,2.6089,-1.6287,3.0000
325,workers,3,0.4381,-0.6870,3.0000
326,general,0,0.0000,0.0000,5.0000
326,nodes,0,-5.4247,-3.1594,3.0000
326,nodes,1,5.4246,-3.1619,3.0000
326,nodes,2,-3.6642,3.6646,3.0000
326,nodes,3,3.6657,3.6640,3.0000
326,scouts,0,-3.9162,-3.1963,3.0000
326,scouts,1,-5.4162,-1.6963,3.0000
326,scouts,2,-6.9162,-3.1963,3.0000
326,scouts,3,-5.4162,-4.6963,3.0000
326,scouts,4,6.9161,-3.1988,3.0000
326,scouts,5,5.4161,-1.6988,3.0000
326,scouts,6,3.9161,-3.1988,3.0000
326,scouts,7,5.4161,-4.6988,3.0000
326,scouts,8,-2.1911,3.6914,3.0000
326,scouts,9,-3.6911,5.1914,3.0000
326,scouts,10,-5.1911,3.6914,3.0000
326,scouts,11,-3.6911,2.1914,3.0000
326,scouts,12,5.1925,3.6909,3.0000
326,scouts,13,3.6925,5.1909,3.0000
326,scouts,14,2.1925,3.6909,3.0000
326,scouts,15,3.6925,2.1909,3.0000
326,workers,0,-6.1291,3.1357,3.0000
326,workers,1,7.6685,3.6910,3.0000
326,workers,2,2.6305,-1.6542,3.0000
326,workers,3,0.4129,-0.7088,3.0000
327,general,0,0.0000,0.0000,5.0000
327,nodes,0,-5.4260,-3.1537,3.0000
327,nodes,1,5.4260,-3.1562,3.0000
327,nodes,2,-3.6601,3.6605,3.0000
327,nodes,3,3.6616,3.6599,3.0000
327,scouts,0,-3.9175,-3.1906,3.0000
327,scouts,1,-5.4175,-1.6906,3.0000
327,scouts,2,-6.9175,-3.1906,3.0000
327,scouts,3,-5.4175,-4.6906,3.0000
327,scouts,4,6.9174,-3.1932,3.0000
327,scouts,5,5.4174,-1.6932,3.0000
327,scouts,6,3.9174,-3.1932,3.0000
327,scouts,7,5.4174,-4.6932,3.0000
327,scouts,8,-2.1869,3.6873,3.0000
327,scouts,9,-3.6869,5.1873,3.0000
327,scouts,10,-5.1869,3.6873,3.0000
327,scouts,11,-3.6869,2.1873,3.0000
327,scouts,12,5.1884,3.6867,3.0000
327,scouts,13,3.6884,5.1867,3.0000
327,scouts,14,2.1884,3.6867,3.0000
327,scouts,15,3.6884,2.1867,3.0000
327,workers,0,-6.1411,3.1668,3.0000
327,workers,1,7.6711,3.7242,3.0000
327,workers,2,2.6520,-1.6796,3.0000
327,workers,3,0.3877,-0.7306,3.0000
328,general,0,0.0000,0.0000,5.0000
328,nodes,0,-5.4273,-3.1480,3.0000
328,nodes,1,5.4273,-3.1506,3.0000
328,nodes,2,-3.6560,3.6563,3.0000
328,nodes,3,3.6574,3.6558,3.0000
328,scouts,0,-3.9188,-3.1849,3.0000
328,scouts,1,-5.4188,-1.6849,3.0000
328,scouts,2,-6.9188,-3.1849,3.0000
328,scouts,3,-5.4188,-4.6849,3.0000
328,scouts,4,6.9187,-3.1875,3.0000
328,scouts,5,5.4187,-1.6875,3.0000
328,scouts,6,3.9187,-3.1875,3.0000
328,scouts,7,5.4187,-4.6875,3.0000
328,scouts,8,-2.1828,3.6832,3.0000
328,scouts,9,-3.6828,5.1832,3.0000
328,scouts,10,-5.1828,3.6832,3.0000
328,scouts,11,-3.6828,2.1832,3.0000
328,scouts,12,5.1842,3.6826,3.0000
328,scouts,13,3.6842,5.1826,3.0000
328,scouts,14,2.1842,3.6826,3.0000
328,scouts,15,3.6842,2.1826,3.0000
328,workers,0,-6.1530,3.1979,3.0000
328,workers,1,7.6737,3.7575,3.0000
328,workers,2,2.6735,-1.7051,3.0000
328,workers,3,0.3625,-0.7525,3.0000
329,general,0,0.0000,0.0000,5.0000
329,nodes,0,-5.4286,-3.1423,3.0000
329,nodes,1,5.4286,-3.1449,3.0000
329,nodes,2,-3.6518,3.6522,3.0000
329,nodes,3,3.6533,3.6516,3.0000
329,scouts,0,-3.9201,-3.1793,3.0000
329,scouts,1,-5.4201,-1.6793,3.0000
329,scouts,2,-6.9201,-3.1793,3.0000
329,scouts,3,-5.4201,-4.6793,3.0000
329,scouts,4,6.9200,-3.1818,3.0000
329,scouts,5,5.4200,-1.6818,3.0000
329,scouts,6,3.9200,-3.1818,3.0000
329,scouts,7,5.4200,-4.6818,3.0000
329,scouts,8,-2.1787,3.6790,3.0000
329,scouts,9,-3.6787,5.1790,3.0000
329,scouts,10,-5.1787,3.6790,3.0000
329,scouts,11,-3.6787,2.1790,3.0000
329,scouts,12,5.1801,3.6785,3.0000
329,scouts,13,3.6801,5.1785,3.0000
329,scouts,14,2.1801,3.6785,3.0000
329,scouts,15,3.6801,2.1785,3.0000
329,workers,0,-6.1650,3.2290,3.0000
329,workers,1,7.6762,3.7907,3.0000
329,workers,2,2.6951,-1.7305,3.0000
329,workers,3,0.3373,-0.7743,3.0000
330,general,0,0.0000,0.0000,5.0000
330,nodes,0,-5.4299,-3.1366,3.0000
330,nodes,1,5.4299,-3.1392,3.0000
330,nodes,2,-3.6477,3.6481,3.0000
330,nodes,3,3.6491,3.6475,3.0000
330,scouts,0,-3.9214,-3.1736,3.0000
330,scouts,1,-5.4214,-1.6736,3.0000
330,scouts,2,-6.9214,-3.1736,3.0000
330,scouts,3,-5.4214,-4.6736,3.0000
330,scouts,4,6.9214,-3.1761,3.0000
330,scouts,5,5.4214,-1.6761,3.0000
330,scouts,6,3.9214,-3.1761,3.0000
330,scouts,7,5.4214,-4.6761,3.0000
330,scouts,8,-2.1746,3.6749,3.0000
330,scouts,9,-3.6746,5.1749,3.0000
330,scouts,10,-5.1746,3.6749,3.0000
330,scouts,11,-3.6746,2.1749,3.0000
330,scouts,12,5.1760,3.6743,3.0000
330,scouts,13,3.6760,5.1743,3.0000
330,scouts,14,2.1760,3.6743,3.0000
330,scouts,15,3.6760,2.1743,3.0000
330,workers,0,-6.1770,3.2601,3.0000
330,workers,1,7.6788,3.8239,3.0000
330,workers,2,2.7166,-1.7560,3.0000
330,workers,3,0.3122,-0.7961,3.0000
331,general,0,0.0000,0.0000,5.0000
331,nodes,0,-5.4312,-3.1309,3.0000
331,nodes,1,5.4312,-3.1335,3.0000
331,nodes,2,-3.6436,3.6440,3.0000
331,nodes,3,3.6450,3.6433,3.0000
331,scouts,0,-3.9227,-3.1679,3.0000
331,scouts,1,-5.4227,-1.6679,3.0000
331,scouts,2,-6.9227,-3.1679,3.0000
331,scouts,3,-5.4227,-4.6679,3.0000
331,scouts,4,6.9227,-3.1704,3.0000
331,scouts,5,5.4227,-1.6704,3.0000
331,scouts,6,3.9227,-3.1704,3.0000
331,scouts,7,5.4227,-4.6704,3.0000
331,scouts,8,-2.1704,3.6708,3.0000
331,scouts,9,-3.6704,5.1708,3.0000
331,scouts,10,-5.1704,3.6708,3.0000
331,scouts,11,-3.6704,2.1708,3.0000
331,scouts,12,5.1718,3.6702,3.0000
331,scouts,13,3.6718,5.1702,3.0000
331,scouts,14,2.1718,3.6702,3.0000
331,scouts,15,3.6718,2.1702,3.0000
331,workers,0,-6.1889,3.2912,3.0000
331,workers,1,7.6813,3.8572,3.0000
331,workers,2,2.7381,-1.7814,3.0000
331,workers,3,0.2870,-0.8180,3.0000
332,general,0,0.0000,0.0000,5.0000
332,nodes,0,-5.4325,-3.1252,3.0000
332,nodes,1,5.4325,-3.1278,3.0000
332,nodes,2,-3.6395,3.6399,3.0000
332,nodes,3,3.6409,3.6392,3.0000
332,scouts,0,-3.9240,-3.1622,3.0000
332,scouts,1,-5.4240,-1.6622,3.0000
332,scouts,2,-6.9240,-3.1622,3.0000
332,scouts,3,-5.4240,-4.6622,3.0000
332,scouts,4,6.9240,-3.1647,3.0000
332,scouts,5,5.4240,-1.6647,3.0000
332,scouts,6,3.9240,-3.1647,3.0000
332,scouts,7,5.4240,-4.6647,3.0000
332,scouts,8,-2.1663,3.6667,3.0000
332,scouts,9,-3.6663,5.1667,3.0000
332,scouts,10,-5.1663,3.6667,3.0000
332,scouts,11,-3.6663,2.1667,3.0000
332,scouts,12,5.1677,3.6661,3.0000
332,scouts,13,3.6677,5.1661,3.0000
332,scouts,14,2.1677,3.6661,3.0000
332,scouts,15,3.6677,2.1661,3.0000
332,workers,0,-6.2009,3.3223,3.0000
332,workers,1,7.6839,3.8904,3.0000
332,workers,2,2.7597,-1.8069,3.0000
332,workers,3,0.2618,-0.8398,3.0000
333,general,0,0.0000,0.0000,5.0000
333,nodes,0,-5.4338,-3.1195,3.0000
333,nodes,1,5.4338,-3.1221,3.0000
333,nodes,2,-3.6354,3.6358,3.0000
333,nodes,3,3.6368,3.6351,3.0000
333,scouts,0,-3.9253,-3.1565,3.0000
333,scouts,1,-5.4253,-1.6565,3.0000
333,scouts,2,-6.9253,-3.1565,3.0000
333,scouts,3,-5.4253,-4.6565,3.0000
333,scouts,4,6.9253,-3.1591,3.0000
333,scouts,5,5.4253,-1.6591,3.0000
333,scouts,6,3.9253,-3.1591,3.0000
333,scouts,7,5.4253,-4.6591,3.0000
333,scouts,8,-2.1622,3.6625,3.0000
333,scouts,9,-3.6622,5.1625,3.0000
333,scouts,10,-5.1622,3.6625,3.0000
333,scouts,11,-3.6622,2.1625,3.0000
333,scouts,12,5.1636,3.6619,3.0000
333,scouts,13,3.6636,5.1619,3.0000
333,scouts,14,2.1636,3.6619,3.0000
333,scouts,15,3.6636,2.1619,3.0000
333,workers,0,-6.2129,3.3534,3.0000
333,workers,1,7.6864,3.9236,3.0000
333,workers,2,2.7812,-1.8323,3.0000
333,workers,3,0.2366,-0.8616,3.0000
334,general,0,0.0000,0.0000,5.0000
334,nodes,0,-5.4351,-3.1138,3.0000
334,nodes,1,5.4352,-3.1164,3.0000
334,nodes,2,-3.6312,3.6316,3.0000
334,nodes,3,3.6327,3.6310,3.0000
334,scouts,0,-3.9266,-3.1508,3.0000
334,scouts,1,-5.4266,-1.6508,3.0000
334,scouts,2,-6.9266,-3.1508,3.0000
334,scouts,3,-5.4266,-4.6508,3.0000
334,scouts,4,6.9266,-3.1534,3.0000
334,scouts,5,5.4266,-1.6534,3.0000
334,scouts,6,3.9266,-3.1534,3.0000
334,scouts,7,5.4266,-4.6534,3.0000
334,scouts,8,-2.1581,3.6584,3.0000
334,scouts,9,-3.6581,5.1584,3.0000
334,scouts,10,-5.1581,3.6584,3.0000
334,scouts,11,-3.6581,2.1584,3.0000
334,scouts,12,5.1595,3.6578,3.0000
334,scouts,13,3.6595,5.1578,3.0000
334,scouts,14,2.1595,3.6578,3.0000
334,scouts,15,3.6595,2.1578,3.0000
334,workers,0,-6.2248,3.3846,3.0000
334,workers,1,7.6890,3.9569,3.0000
334,workers,2,2.8027,-1.8578,3.0000
334,workers,3,0.2114,-0.8835,3.0000
335,general,0,0.0000,0.0000,5.0000
335,nodes,0,-5.4364,-3.1081,3.0000
335,nodes,1,5.4365,-3.1108,3.0000
335,nodes,2,-3.6271,3.6275,3.0000
335,nodes,3,3.6285,3.6269,3.0000
335,scouts,0,-3.9280,-3.1451,3.0000
335,scouts,1,-5.4280,-1.6451,3.0000
335,scouts,2,-6.9280,-3.1451,3.0000
335,scouts,3,-5.4280,-4.6451,3.0000
335,scouts,4,6.9279,-3.1477,3.0000
335,scouts,5,5.4279,-1.6477,3.0000
335,scouts,6,3.9279,-3.1477,3.0000
335,scouts,7,5.4279,-4.6477,3.0000
335,scouts,8,-2.1539,3.6543,3.0000
335,scouts,9,-3.6539,5.1543,3.0000
335,scouts,10,-5.1539,3.6543,3.0000
335,scouts,11,-3.6539,2.1543,3.0000
335,scouts,12,5.1553,3.6537,3.0000
335,scouts,13,3.6553,5.1537,3.0000
335,scouts,14,2.1553,3.6537,3.0000
335,scouts,15,3.6553,2.1537,3.0000
335,workers,0,-6.2368,3.4157,3.0000
335,workers,1,7.6915,3.9901,3.0000
335,workers,2,2.8242,-1.8832,3.0000
335,workers,3,0.1862,-0.9053,3.0000
336,general,0,0.0000,0.0000,5.0000
336,nodes,0,-5.4377,-3.1024,3.0000
336,nodes,1,5.4378,-3.1051,3.0000
336,nodes,2,-3.6230,3.6234,3.0000
336,nodes,3,3.6244,3.6227,3.0000
336,scouts,0,-3.9293,-3.1394,3.0000
336,scouts,1,-5.4293,-1.6394,3.0000
336,scouts,2,-6.9293,-3.1394,3.0000
336,scouts,3,-5.4293,-4.6394,3.0000
336,scouts,4,6.9292,-3.1420,3.0000
336,scouts,5,5.4292,-1.6420,3.0000
336,scouts,6,3.9292,-3.1420,3.0000
336,scouts,7,5.4292,-4.6420,3.0000
336,scouts,8,-2.1498,3.6502,3.0000
336,scouts,9,-3.6498,5.1502,3.0000
336,scouts,10,-5.1498,3.6502,3.0000
336,scouts,11,-3.6498,2.1502,3.0000
336,scouts,12,5.1512,3.6496,3.0000
336,scouts,13,3.6512,5.1496,3.0000
336,scouts,14,2.1512,3.6496,3.0000
336,scouts,15,3.6512,2.1496,3.0000
336,workers,0,-6.2488,3.4468,3.0000
336,workers,1,7.6941,4.0233,3.0000
336,workers,2,2.8458,-1.9086,3.0000
336,workers,3,0.1610,-0.9271,3.0000
337,general,0,0.0000,0.0000,5.0000
337,nodes,0,-5.4390,-3.0967,3.0000
337,nodes,1,5.4391,-3.0994,3.0000
337,nodes,2,-3.6188,3.6193,3.0000
337,nodes,3,3.6203,3.6186,3.0000
337,scouts,0,-3.9306,-3.1337,3.0000
337,scouts,1,-5.4306,-1.6337,3.0000
337,scouts,2,-6.9306,-3.1337,3.0000
337,scouts,3,-5.4306,-4.6337,3.0000
337,scouts,4,6.9305,-3.1363,3.0000
337,scouts,5,5.4305,-1.6363,3.0000
337,scouts,6,3.9305,-3.1363,3.0000
337,scouts,7,5.4305,-4.6363,3.0000
337,scouts,8,-2.1457,3.6461,3.0000
337,scouts,9,-3.6457,5.1461,3.0000
337,scouts,10,-5.1457,3.6461,3.0000
337,scouts,11,-3.6457,2.1461,3.0000
337,scouts,12,5.1471,3.6454,3.0000
337,scouts,13,3.6471,5.1454,3.0000
337,scouts,14,2.1471,3.6454,3.0000
337,scouts,15,3.6471,2.1454,3.0000
337,workers,0,-6.2607,3.4779,3.0000
337,workers,1,7.6967,4.0566,3.0000
337,workers,2,2.8673,-1.9341,3.0000
337,workers,3,0.1358,-0.9490,3.0000
338,general,0,0.0000,0.0000,5.0000
338,nodes,0,-5.4404,-3.0910,3.0000
338,nodes,1,5.4404,-3.0937,3.0000
338,nodes,2,-3.6147,3.6152,3.0000
338,nodes,3,3.6162,3.6145,3.0000
338,scouts,0,-3.9319,-3.1280,3.0000
338,scouts,1,-5.4319,-1.6280,3.0000
338,scouts,2,-6.9319,-3.1280,3.0000
338,scouts,3,-5.4319,-4.6280,3.0000
338,scouts,4,6.9319,-3.1307,3.0000
338,scouts,5,5.4319,-1.6307,3.0000
338,scouts,6,3.9319,-3.1307,3.0000
338,scouts,7,5.4319,-4.6307,3.0000
338,scouts,8,-2.1415,3.6419,3.0000
338,scouts,9,-3.6415,5.1419,3.0000
338,scouts,10,-5.1415,3.6419,3.0000
338,scouts,11,-3.6415,2.1419,3.0000
338,scouts,12,5.1430,3.6413,3.0000
338,scouts,13,3.6430,5.1413,3.0000
338,scouts,14,2.1430,3.6413,3.0000
338,scouts,15,3.6430,2.1413,3.0000
338,workers,0,-6.2727,3.5090,3.0000
338,workers,1,7.6992,4.0898,3.0000
338,workers,2,2.8888,-1.9595,3.0000
338,workers,3,0.1106,-0.9708,3.0000
339,general,0,0.0000,0.0000,5.0000
339,nodes,0,-5.4417,-3.0854,3.0000
339,nodes,1,5.4417,-3.0881,3.0000
339,nodes,2,-3.6106,3.6110,3.0000
339,nodes,3,3.6121,3.6104,3.0000
339,scouts,0,-3.9332,-3.1223,3.0000
339,scouts,1,-5.4332,-1.6223,3.0000
339,scouts,2,-6.9332,-3.1223,3.0000
339,scouts,3,-5.4332,-4.6223,3.0000
339,scouts,4,6.9332,-3.1250,3.0000
339,scouts,5,5.4332,-1.6250,3.0000
339,scouts,6,3.9332,-3.1250,3.0000
339,scouts,7,5.4332,-4.6250,3.0000
339,scouts,8,-2.1374,3.6378,3.0000
339,scouts,9,-3.6374,5.1378,3.0000
339,scouts,10,-5.1374,3.6378,3.0000
339,scouts,11,-3.6374,2.1378,3.0000
339,scouts,12,5.1389,3.6372,3.0000
339,scouts,13,3.6389,5.1372,3.0000
339,scouts,14,2.1389,3.6372,3.0000
339,scouts,15,3.6389,2.1372,3.0000
339,workers,0,-6.2847,3.5401,3.0000
339,workers,1,7.7018,4.1230,3.0000
339,workers,2,2.9104,-1.9850,3.0000
339,workers,3,0.0854,-0.9926,3.0000
340,general,0,0.0000,0.0000,5.0000
340,nodes,0,-5.4430,-3.0796,3.0000
340,nodes,1,5.4430,-3.0824,3.0000
340,nodes,2,-3.6065,3.6070,3.0000
340,nodes,3,3.6079,3.6063,3.0000
340,scouts,0,-3.9345,-3.1166,3.0000
340,scouts,1,-5.4345,-1.6166,3.0000
340,scouts,2,-6.9345,-3.1166,3.0000
340,scouts,3,-5.4345,-4.6166,3.0000
340,scouts,4,6.9345,-3.1193,3.0000
340,scouts,5,5.4345,-1.6193,3.0000
340,scouts,6,3.9345,-3.1193,3.0000
340,scouts,7,5.4345,-4.6193,3.0000
340,scouts,8,-2.1333,3.6337,3.0000
340,scouts,9,-3.6333,5.1337,3.0000
340,scouts,10,-5.1333,3.6337,3.0000
340,scouts,11,-3.6333,2.1337,3.0000
340,scouts,12,5.1347,3.6331,3.0000
340,scouts,13,3.6347,5.1331,3.0000
340,scouts,14,2.1347,3.6331,3.0000
340,scouts,15,3.6347,2.1331,3.0000
340,workers,0,-6.2966,3.5712,3.0000
340,workers,1,7.7043,4.1563,3.0000
340,workers,2,2.9319,-2.0104,3.0000
340,workers,3,0.0603,-1.0144,3.0000
341,general,0,0.0000,0.0000,5.0000
341,nodes,0,-5.4443,-3.0739,3.0000
341,nodes,1,5.4443,-3.0768,3.0000
341,nodes,2,-3.6024,3.6029,3.0000
341,nodes,3,3.6038,3.6023,3.0000
341,scouts,0,-3.9358,-3.1110,3.0000
341,scouts,1,-5.4358,-1.6110,3.0000
341,scouts,2,-6.9358,-3.1110,3.0000
341,scouts,3,-5.4358,-4.6110,3.0000
341,scouts,4,6.9358,-3.1136,3.0000
341,scouts,5,5.4358,-1.6136,3.0000
341,scouts,6,3.9358,-3.1136,3.0000
341,scouts,7,5.4358,-4.6136,3.0000
341,scouts,8,-2.1292,3.6296,3.0000
341,scouts,9,-3.6292,5.1296,3.0000
341,scouts,10,-5.1292,3.6296,3.0000
341,scouts,11,-3.6292,2.1296,3.0000
341,scouts,12,5.1306,3.6290,3.0000
341,scouts,13,3.6306,5.1290,3.0000
341,scouts,14,2.1306,3.6290,3.0000
341,scouts,15,3.6306,2.1290,3.0000
341,workers,0,-6.3086,3.6023,3.0000
341,workers,1,7.7069,4.1895,3.0000
341,workers,2,2.9534,-2.0359,3.0000
341,workers,3,0.0351,-1.0363,3.0000
342,general,0,0.0000,0.0000,5.0000
342,nodes,0,-5.4456,-3.0682,3.0000
342,nodes,1,5.4456,-3.0712,3.0000
342,nodes,2,-3.5982,3.5988,3.0000
342,nodes,3,3.5997,3.5981,3.0000
342,scouts,0,-3.9371,-3.1052,3.0000
342,scouts,1,-5.4371,-1.6052,3.0000
342,scouts,2,-6.9371,-3.1052,3.0000
342,scouts,3,-5.4371,-4.6052,3.0000
342,scouts,4,6.9371,-3.1080,3.0000
342,scouts,5,5.4371,-1.6080,3.0000
342,scouts,6,3.9371,-3.1080,3.0000
342,scouts,7,5.4371,-4.6080,3.0000
342,scouts,8,-2.1250,3.6255,3.0000
342,scouts,9,-3.6250,5.1255,3.0000
342,scouts,10,-5.1250,3.6255,3.0000
342,scouts,11,-3.6250,2.1255,3.0000
342,scouts,12,5.1265,3.6249,3.0000
342,scouts,13,3.6265,5.1249,3.0000
342,scouts,14,2.1265,3.6249,3.0000
342,scouts,15,3.6265,2.1249,3.0000
342,workers,0,-6.3206,3.6334,3.0000
342,workers,1,7.7094,4.2228,3.0000
342,workers,2,2.9750,-2.0613,3.0000
342,workers,3,0.0099,-1.0581,3.0000
343,general,0,0.0000,0.0000,5.0000
343,nodes,0,-5.4469,-3.0625,3.0000
343,nodes,1,5.4470,-3.0654,3.0000
343,nodes,2,-3.5940,3.5947,3.0000
343,nodes,3,3.5956,3.5939,3.0000
343,scouts,0,-3.9384,-3.0995,3.0000
343,scouts,1,-5.4384,-1.5995,3.0000
343,scouts,2,-6.9384,-3.0995,3.0000
343,scouts,3,-5.4384,-4.5995,3.0000
343,scouts,4,6.9384,-3.1023,3.0000
343,scouts,5,5.4384,-1.6023,3.0000
343,scouts,6,3.9384,-3.1023,3.0000
343,scouts,7,5.4384,-4.6023,3.0000
343,scouts,8,-2.1209,3.6214,3.0000
343,scouts,9,-3.6209,5.1214,3.0000
343,scouts,10,-5.1209,3.6214,3.0000
343,scouts,11,-3.6209,2.1214,3.0000
343,scouts,12,5.1224,3.6207,3.0000
343,scouts,13,3.6224,5.1207,3.0000
343,scouts,14,2.1224,3.6207,3.0000
343,scouts,15,3.6224,2.1207,3.0000
343,workers,0,-6.3325,3.6646,3.0000
343,workers,1,7.7120,4.2560,3.0000
343,workers,2,2.9965,-2.0868,3.0000
343,workers,3,-0.0153,-1.0799,3.0000
344,general,0,0.0000,0.0000,5.0000
344,nodes,0,-5.4482,-3.0568,3.0000
344,nodes,1,5.4483,-3.0597,3.0000
344,nodes,2,-3.5899,3.5906,3.0000
344,nodes,3,3.5915,3.5898,3.0000
344,scouts,0,-3.9397,-3.0938,3.0000
344,scouts,1,-5.4397,-1.5938,3.0000
344,scouts,2,-6.9397,-3.0938,3.0000
344,scouts,3,-5.4397,-4.5938,3.0000
344,scouts,4,6.9397,-3.0966,3.0000
344,scouts,5,5.4397,-1.5966,3.0000
344,scouts,6,3.9397,-3.0966,3.0000
344,scouts,7,5.4397,-4.5966,3.0000
344,scouts,8,-2.1168,3.6173,3.0000
344,scouts,9,-3.6168,5.1173,3.0000
344,scouts,10,-5.1168,3.6173,3.0000
344,scouts,11,-3.6168,2.1173,3.0000
344,scouts,12,5.1183,3.6166,3.0000
344,scouts,13,3.6183,5.1166,3.0000
344,scouts,14,2.1183,3.6166,3.0000
344,scouts,15,3.6183,2.1166,3.0000
344,workers,0,-6.3445,3.6957,3.0000
344,workers,1,7.7146,4.2892,3.0000
344,workers,2,3.0180,-2.1122,3.0000
344,workers,3,-0.0405,-1.1018,3.0000
345,general,0,0.0000,0.0000,5.0000
345,nodes,0,-5.4494,-3.0511,3.0000
345,nodes,1,5.4497,-3.0540,3.0000
345,nodes,2,-3.5859,3.5864,3.0000
345,nodes,3,3.5874,3.5856,3.0000
345,scouts,0,-3.9410,-3.0881,3.0000
345,scouts,1,-5.4410,-1.5881,3.0000
345,scouts,2,-6.9410,-3.0881,3.0000
345,scouts,3,-5.4410,-4.5881,3.0000
345,scouts,4,6.9411,-3.0909,3.0000
345,scouts,5,5.4411,-1.5909,3.0000
345,scouts,6,3.9411,-3.0909,3.0000
345,scouts,7,5.4411,-4.5909,3.0000
345,scouts,8,-2.1126,3.6132,3.0000
345,scouts,9,-3.6126,5.1132,3.0000
345,scouts,10,-5.1126,3.6132,3.0000
345,scouts,11,-3.6126,2.1132,3.0000
345,scouts,12,5.1141,3.6125,3.0000
345,scouts,13,3.6141,5.1125,3.0000
345,scouts,14,2.1141,3.6125,3.0000
345,scouts,15,3.6141,2.1125,3.0000
345,workers,0,-6.3565,3.7268,3.0000
345,workers,1,7.7171,4.3225,3.0000
345,workers,2,3.0396,-2.1377,3.0000
345,workers,3,-0.0657,-1.1236,3.0000
346,general,0,0.0000,0.0000,5.0000
346,nodes,0,-5.4508,-3.0454,3.0000
346,nodes,1,5.4510,-3.0484,3.0000
346,nodes,2,-3.5818,3.5823,3.0000
346,nodes,3,3.5833,3.5815,3.0000
346,scouts,0,-3.9423,-3.0824,3.0000
346,scouts,1,-5.4423,-1.5824,3.0000
346,scouts,2,-6.9423,-3.0824,3.0000
346,scouts,3,-5.4423,-4.5824,3.0000
346,scouts,4,6.9424,-3.0853,3.0000
346,scouts,5,5.4424,-1.5853,3.0000
346,scouts,6,3.9424,-3.0853,3.0000
346,scouts,7,5.4424,-4.5853,3.0000
346,scouts,8,-2.1085,3.6090,3.0000
346,scouts,9,-3.6085,5.1090,3.0000
346,scouts,10,-5.1085,3.6090,3.0000
346,scouts,11,-3.6085,2.1090,3.0000
346,scouts,12,5.1100,3.6083,3.0000
346,scouts,13,3.6100,5.1083,3.0000
346,scouts,14,2.1100,3.6083,3.0000
346,scouts,15,3.6100,2.1083,3.0000
346,workers,0,-6.3684,3.7579,3.0000
346,workers,1,7.7197,4.3557,3.0000
346,workers,2,3.0611,-2.1631,3.0000
346,workers,3,-0.0909,-1.1454,3.0000
347,general,0,0.0000,0.0000,5.0000
347,nodes,0,-5.4521,-3.0397,3.0000
347,nodes,1,5.4523,-3.0427,3.0000
347,nodes,2,-3.5777,3.5783,3.0000
347,nodes,3,3.5791,3.5773,3.0000
347,scouts,0,-3.9436,-3.0767,3.0000
347,scouts,1,-5.4436,-1.5767,3.0000
347,scouts,2,-6.9436,-3.0767,3.0000
347,scouts,3,-5.4436,-4.5767,3.0000
347,scouts,4,6.9437,-3.0796,3.0000
347,scouts,5,5.4437,-1.5796,3.0000
347,scouts,6,3.9437,-3.0796,3.0000
347,scouts,7,5.4437,-4.5796,3.0000
347,scouts,8,-2.1044,3.6049,3.0000
347,scouts,9,-3.6044,5.1049,3.0000
347,scouts,10,-5.1044,3.6049,3.0000
347,scouts,11,-3.6044,2.1049,3.0000
347,scouts,12,5.1059,3.6042,3.0000
347,scouts,13,3.6059,5.1042,3.0000
347,scouts,14,2.1059,3.6042,3.0000
347,scouts,15,3.6059,2.1042,3.0000
347,workers,0,-6.3804,3.7890,3.0000
347,workers,1,7.7222,4.3889,3.0000
347,workers,2,3.0826,-2.1886,3.0000
347,workers,3,-0.1161,-1.1673,3.0000
348,general,0,0.0000,0.0000,5.0000
348,nodes,0,-5.4534,-3.0340,3.0000
348,nodes,1,5.4536,-3.0370,3.0000
348,nodes,2,-3.5736,3.5741,3.0000
348,nodes,3,3.5749,3.5732,3.0000
348,scouts,0,-3.9449,-3.0710,3.0000
348,scouts,1,-5.4449,-1.5710,3.0000
348,scouts,2,-6.9449,-3.0710,3.0000
348,scouts,3,-5.4449,-4.5710,3.0000
348,scouts,4,6.9450,-3.0739,3.0000
348,scouts,5,5.4450,-1.5739,3.0000
348,scouts,6,3.9450,-3.0739,3.0000
348,scouts,7,5.4450,-4.5739,3.0000
348,scouts,8,-2.1003,3.6008,3.0000
348,scouts,9,-3.6003,5.1008,3.0000
348,scouts,10,-5.1003,3.6008,3.0000
348,scouts,11,-3.6003,2.1008,3.0000
348,scouts,12,5.1018,3.6001,3.0000
348,scouts,13,3.6018,5.1001,3.0000
348,scouts,14,2.1018,3.6001,3.0000
348,scouts,15,3.6018,2.1001,3.0000
348,workers,0,-6.3924,3.8201,3.0000
348,workers,1,7.7248,4.4222,3.0000
348,workers,2,3.1042,-2.2140,3.0000
348,workers,3,-0.1413,-1.1891,3.0000
349,general,0,0.0000,0.0000,5.0000
349,nodes,0,-5.4548,-3.0283,3.0000
349,nodes,1,5.4549,-3.0314,3.0000
349,nodes,2,-3.5695,3.5700,3.0000
349,nodes,3,3.5708,3.5690,3.0000
349,scouts,0,-3.9462,-3.0653,3.0000
349,scouts,1,-5.4462,-1.5653,3.0000
349,scouts,2,-6.9462,-3.0653,3.0000
349,scouts,3,-5.4462,-4.5653,3.0000
349,scouts,4,6.9463,-3.0682,3.0000
349,scouts,5,5.4463,-1.5682,3.0000
349,scouts,6,3.9463,-3.0682,3.0000
349,scouts,7,5.4463,-4.5682,3.0000
349,scouts,8,-2.0962,3.5967,3.0000
349,scouts,9,-3.5962,5.0967,3.0000
349,scouts,10,-5.0962,3.5967,3.0000
349,scouts,11,-3.5962,2.0967,3.0000
349,scouts,12,5.0976,3.5959,3.0000
349,scouts,13,3.5976,5.0959,3.0000
349,scouts,14,2.0976,3.5959,3.0000
349,scouts,15,3.5976,2.0959,3.0000
349,workers,0,-6.4043,3.8512,3.0000
349,workers,1,7.7273,4.4554,3.0000
349,workers,2,3.1257,-2.2394,3.0000
349,workers,3,-0.1665,-1.2109,3.0000
350,general,0,0.0000,0.0000,5.0000
350,nodes,0,-5.4561,-3.0226,3.0000
350,nodes,1,5.4562,-3.0258,3.0000
350,nodes,2,-3.5653,3.5658,3.0000
350,nodes,3,3.5667,3.5649,3.0000
350,scouts,0,-3.9476,-3.0596,3.0000
350,scouts,1,-5.4476,-1.5596,3.0000
350,scouts,2,-6.9476,-3.0596,3.0000
350,scouts,3,-5.4476,-4.5596,3.0000
350,scouts,4,6.9477,-3.0626,3.0000
350,scouts,5,5.4477,-1.5626,3.0000
350,scouts,6,3.9477,-3.0626,3.0000
350,scouts,7,5.4477,-4.5626,3.0000
350,scouts,8,-2.0921,3.5926,3.0000
350,scouts,9,-3.5921,5.0926,3.0000
350,scouts,10,-5.0921,3.5926,3.0000
350,scouts,11,-3.5921,2.0926,3.0000
350,scouts,12,5.0935,3.5918,3.0000
350,scouts,13,3.5935,5.0918,3.0000
350,scouts,14,2.0935,3.5918,3.0000
350,scouts,15,3.5935,2.0918,3.0000
350,workers,0,-6.4163,3.8823,3.0000
350,workers,1,7.7299,4.4886,3.0000
350,workers,2,3.1472,-2.2649,3.0000
350,workers,3,-0.1916,-1.2328,3.0000
351,general,0,0.0000,0.0000,5.0000
351,nodes,0,-5.4575,-3.0170,3.0000
351,nodes,1,5.4574,-3.0201,3.0000
351,nodes,2,-3.5612,3.5617,3.0000
351,nodes,3,3.5625,3.5607,3.0000
351,scouts,0,-3.9489,-3.0540,3.0000
351,scouts,1,-5.4489,-1.5540,3.0000
351,scouts,2,-6.9489,-3.0540,3.0000
351,scouts,3,-5.4489,-4.5540,3.0000
351,scouts,4,6.9490,-3.0569,3.0000
351,scouts,5,5.4490,-1.5569,3.0000
351,scouts,6,3.9490,-3.0569,3.0000
351,scouts,7,5.4490,-4.5569,3.0000
351,scouts,8,-2.0880,3.5885,3.0000
351,scouts,9,-3.5880,5.0885,3.0000
351,scouts,10,-5.0880,3.5885,3.0000
351,scouts,11,-3.5880,2.0885,3.0000
351,scouts,12,5.0894,3.5876,3.0000
351,scouts,13,3.5894,5.0876,3.0000
351,scouts,14,2.0894,3.5876,3.0000
351,scouts,15,3.5894,2.0876,3.0000
351,workers,0,-6.4282,3.9134,3.0000
351,workers,1,7.7325,4.5219,3.0000
351,workers,2,3.1687,-2.2903,3.0000
351,workers,3,-0.2168,-1.2546,3.0000
352,general,0,0.0000,0.0000,5.0000
352,nodes,0,-5.4589,-3.0113,3.0000
352,nodes,1,5.4587,-3.0143,3.0000
352,nodes,2,-3.5571,3.5576,3.0000
352,nodes,3,3.5584,3.5565,3.0000
352,scouts,0,-3.9502,-3.0483,3.0000
352,scouts,1,-5.4502,-1.5483,3.0000
352,scouts,2,-6.9502,-3.0483,3.0000
352,scouts,3,-5.4502,-4.5483,3.0000
352,scouts,4,6.9503,-3.0512,3.0000
352,scouts,5,5.4503,-1.5512,3.0000
352,scouts,6,3.9503,-3.0512,3.0000
352,scouts,7,5.4503,-4.5512,3.0000
352,scouts,8,-2.0838,3.5843,3.0000
352,scouts,9,-3.5838,5.0843,3.0000
352,scouts,10,-5.0838,3.5843,3.0000
352,scouts,11,-3.5838,2.0843,3.0000
352,scouts,12,5.0852,3.5835,3.0000
352,scouts,13,3.5852,5.0835,3.0000
352,scouts,14,2.0852,3.5835,3.0000
352,scouts,15,3.5852,2.0835,3.0000
352,workers,0,-6.4402,3.9446,3.0000
352,workers,1,7.7350,4.5551,3.0000
352,workers,2,3.1903,-2.3158,3.0000
352,workers,3,-0.2420,-1.2764,3.0000
353,general,0,0.0000,0.0000,5.0000
353,nodes,0,-5.4602,-3.0056,3.0000
353,nodes,1,5.4601,-3.0086,3.0000
353,nodes,2,-3.5529,3.5534,3.0000
353,nodes,3,3.5542,3.5524,3.0000
353,scouts,0,-3.9515,-3.0426,3.0000
353,scouts,1,-5.4515,-1.5426,3.0000
353,scouts,2,-6.9515,-3.0426,3.0000
353,scouts,3,-5.4515,-4.5426,3.0000
353,scouts,4,6.9516,-3.0456,3.0000
353,scouts,5,5.4516,-1.5456,3.0000
353,scouts,6,3.9516,-3.0456,3.0000
353,scouts,7,5.4516,-4.5456,3.0000
353,scouts,8,-2.0797,3.5802,3.0000
353,scouts,9,-3.5797,5.0802,3.0000
353,scouts,10,-5.0797,3.5802,3.0000
353,scouts,11,-3.5797,2.0802,3.0000
353,scouts,12,5.0811,3.5794,3.0000
353,scouts,13,3.5811,5.0794,3.0000
353,scouts,14,2.0811,3.5794,3.0000
353,scouts,15,3.5811,2.0794,3.0000
353,workers,0,-6.4522,3.9757,3.0000
353,workers,1,7.7376,4.5883,3.0000
353,workers,2,3.2118,-2.3412,3.0000
353,workers,3,-0.2672,-1.2982,3.0000
354,general,0,0.0000,0.0000,5.0000
354,nodes,0,-5.4615,-3.0000,3.0000
354,nodes,1,5.4614,-3.0029,3.0000
354,nodes,2,-3.5488,3.5494,3.0000
354,nodes,3,3.5501,3.5483,3.0000
354,scouts,0,-3.9529,-3.0369,3.0000
354,scouts,1,-5.4529,-1.5369,3.0000
354,scouts,2,-6.9529,-3.0369,3.0000
354,scouts,3,-5.4529,-4.5369,3.0000
354,scouts,4,6.9529,-3.0399,3.0000
354,scouts,5,5.4529,-1.5399,3.0000
354,scouts,6,3.9529,-3.0399,3.0000
354,scouts,7,5.4529,-4.5399,3.0000
354,scouts,8,-2.0756,3.5761,3.0000
354,scouts,9,-3.5756,5.0761,3.0000
354,scouts,10,-5.0756,3.5761,3.0000
354,scouts,11,-3.5756,2.0761,3.0000
354,scouts,12,5.0770,3.5752,3.0000
354,scouts,13,3.5770,5.0752,3.0000
354,scouts,14,2.0770,3.5752,3.0000
354,scouts,15,3.5770,2.0752,3.0000
354,workers,0,-6.4641,4.0068,3.0000
354,workers,1,7.7401,4.6216,3.0000
354,workers,2,3.2333,-2.3667,3.0000
354,workers,3,-0.2924,-1.3201,3.0000
355,general,0,0.0000,0.0000,5.0000
355,nodes,0,-5.4628,-2.9942,3.0000
355,nodes,1,5.4626,-2.9973,3.0000
355,nodes,2,-3.5446,3.5451,3.0000
355,nodes,3,3.5459,3.5441,3.0000
355,scouts,0,-3.9542,-3.0312,3.0000
355,scouts,1,-5.4542,-1.5312,3.0000
355,scouts,2,-6.9542,-3.0312,3.0000
355,scouts,3,-5.4542,-4.5312,3.0000
355,scouts,4,6.9542,-3.0342,3.0000
355,scouts,5,5.4542,-1.5342,3.0000
355,scouts,6,3.9542,-3.0342,3.0000
355,scouts,7,5.4542,-4.5342,3.0000
355,scouts,8,-2.0715,3.5720,3.0000
355,scouts,9,-3.5715,5.0720,3.0000
355,scouts,10,-5.0715,3.5720,3.0000
355,scouts,11,-3.5715,2.0720,3.0000
355,scouts,12,5.0728,3.5711,3.0000
355,scouts,13,3.5728,5.0711,3.0000
355,scouts,14,2.0728,3.5711,3.0000
355,scouts,15,3.5728,2.0711,3.0000
355,workers,0,-6.4761,4.0379,3.0000
355,workers,1,7.7427,4.6548,3.0000
355,workers,2,3.2549,-2.3921,3.0000
355,workers,3,-0.3176,-1.3419,3.0000
356,general,0,0.0000,0.0000,5.0000
356,nodes,0,-5.4641,-2.9885,3.0000
356,nodes,1,5.4640,-2.9916,3.0000
356,nodes,2,-3.5405,3.5410,3.0000
356,nodes,3,3.5417,3.5400,3.0000
356,scouts,0,-3.9555,-3.0255,3.0000
356,scouts,1,-5.4555,-1.5255,3.0000
356,scouts,2,-6.9555,-3.0255,3.0000
356,scouts,3,-5.4555,-4.5255,3.0000
356,scouts,4,6.9555,-3.0285,3.0000
356,scouts,5,5.4555,-1.5285,3.0000
356,scouts,6,3.9555,-3.0285,3.0000
356,scouts,7,5.4555,-4.5285,3.0000
356,scouts,8,-2.0673,3.5679,3.0000
356,scouts,9,-3.5673,5.0679,3.0000
356,scouts,10,-5.0673,3.5679,3.0000
356,scouts,11,-3.5673,2.0679,3.0000
356,scouts,12,5.0687,3.5669,3.0000
356,scouts,13,3.5687,5.0669,3.0000
356,scouts,14,2.0687,3.5669,3.0000
356,scouts,15,3.5687,2.0669,3.0000
356,workers,0,-6.4881,4.0690,3.0000
356,workers,1,7.7452,4.6880,3.0000
356,workers,2,3.2764,-2.4176,3.0000
356,workers,3,-0.3428,-1.3637,3.0000
357,general,0,0.0000,0.0000,5.0000
357,nodes,0,-5.4655,-2.9828,3.0000
357,nodes,1,5.4653,-2.9859,3.0000
357,nodes,2,-3.5364,3.5368,3.0000
357,nodes,3,3.5376,3.5359,3.0000
357,scouts,0,-3.9568,-3.0198,3.0000
357,scouts,1,-5.4568,-1.5198,3.0000
357,scouts,2,-6.9568,-3.0198,3.0000
357,scouts,3,-5.4568,-4.5198,3.0000
357,scouts,4,6.9568,-3.0228,3.0000
357,scouts,5,5.4568,-1.5228,3.0000
357,scouts,6,3.9568,-3.0228,3.0000
357,scouts,7,5.4568,-4.5228,3.0000
357,scouts,8,-2.0632,3.5637,3.0000
357,scouts,9,-3.5632,5.0637,3.0000
357,scouts,10,-5.0632,3.5637,3.0000
357,scouts,11,-3.5632,2.0637,3.0000
357,scouts,12,5.0645,3.5628,3.0000
357,scouts,13,3.5645,5.0628,3.0000
357,scouts,14,2.0645,3.5628,3.0000
357,scouts,15,3.5645,2.0628,3.0000
357,workers,0,-6.5000,4.1001,3.0000
357,workers,1,7.7478,4.7213,3.0000
357,workers,2,3.2979,-2.4430,3.0000
357,workers,3,-0.3680,-1.3856,3.0000
358,general,0,0.0000,0.0000,5.0000
358,nodes,0,-5.4668,-2.9771,3.0000
358,nodes,1,5.4666,-2.9802,3.0000
358,nodes,2,-3.5323,3.5327,3.0000
358,nodes,3,3.5336,3.5317,3.0000
358,scouts,0,-3.9582,-3.0141,3.0000
358,scouts,1,-5.4582,-1.5141,3.0000
358,scouts,2,-6.9582,-3.0141,3.0000
358,scouts,3,-5.4582,-4.5141,3.0000
358,scouts,4,6.9581,-3.0172,3.0000
358,scouts,5,5.4581,-1.5172,3.0000
358,scouts,6,3.9581,-3.0172,3.0000
358,scouts,7,5.4581,-4.5172,3.0000
358,scouts,8,-2.0591,3.5596,3.0000
358,scouts,9,-3.5591,5.0596,3.0000
358,scouts,10,-5.0591,3.5596,3.0000
358,scouts,11,-3.5591,2.0596,3.0000
358,scouts,12,5.0604,3.5586,3.0000
358,scouts,13,3.5604,5.0586,3.0000
358,scouts,14,2.0604,3.5586,3.0000
358,scouts,15,3.5604,2.0586,3.0000
358,workers,0,-6.5120,4.1312,3.0000
358,workers,1,7.7503,4.7545,3.0000
358,workers,2,3.3195,-2.4685,3.0000
358,workers,3,-0.3932,-1.4074,3.0000
359,general,0,0.0000,0.0000,5.0000
359,nodes,0,-5.4682,-2.9714,3.0000
359,nodes,1,5.4679,-2.9745,3.0000
359,nodes,2,-3.5282,3.5287,3.0000
359,nodes,3,3.5295,3.5276,3.0000
359,scouts,0,-3.9595,-3.0084,3.0000
359,scouts,1,-5.4595,-1.5084,3.0000
359,scouts,2,-6.9595,-3.0084,3.0000
359,scouts,3,-5.4595,-4.5084,3.0000
359,scouts,4,6.9594,-3.0115,3.0000
359,scouts,5,5.4594,-1.5115,3.0000
359,scouts,6,3.9594,-3.0115,3.0000
359,scouts,7,5.4594,-4.5115,3.0000
359,scouts,8,-2.0550,3.5555,3.0000
359,scouts,9,-3.5550,5.0555,3.0000
359,scouts,10,-5.0550,3.5555,3.0000
359,scouts,11,-3.5550,2.0555,3.0000
359,scouts,12,5.0563,3.5545,3.0000
359,scouts,13,3.5563,5.0545,3.0000
359,scouts,14,2.0563,3.5545,3.0000
359,scouts,15,3.5563,2.0545,3.0000
359,workers,0,-6.5240,4.1623,3.0000
359,workers,1,7.7529,4.7878,3.0000
359,workers,2,3.3410,-2.4939,3.0000
359,workers,3,-0.4183,-1.4292,3.0000
360,general,0,0.0000,0.0000,5.0000
360,nodes,0,-5.4694,-2.9657,3.0000
360,nodes,1,5.4692,-2.9688,3.0000
360,nodes,2,-3.5240,3.5246,3.0000
360,nodes,3,3.5254,3.5234,3.0000
360,scouts,0,-3.9608,-3.0027,3.0000
360,scouts,1,-5.4608,-1.5027,3.0000
360,scouts,2,-6.9608,-3.0027,3.0000
360,scouts,3,-5.4608,-4.5027,3.0000
360,scouts,4,6.9607,-3.0058,3.0000
360,scouts,5,5.4607,-1.5058,3.0000
360,scouts,6,3.9607,-3.0058,3.0000
360,scouts,7,5.4607,-4.5058,3.0000
360,scouts,8,-2.0508,3.5513,3.0000
360,scouts,9,-3.5508,5.0513,3.0000
360,scouts,10,-5.0508,3.5513,3.0000
360,scouts,11,-3.5508,2.0513,3.0000
360,scouts,12,5.0522,3.5504,3.0000
360,scouts,13,3.5522,5.0504,3.0000
360,scouts,14,2.0522,3.5504,3.0000
360,scouts,15,3.5522,2.0504,3.0000
360,workers,0,-6.5359,4.1935,3.0000
360,workers,1,7.7555,4.8210,3.0000
360,workers,2,3.3625,-2.5194,3.0000
360,workers,3,-0.4435,-1.4511,3.0000
361,general,0,0.0000,0.0000,5.0000
361,nodes,0,-5.4708,-2.9601,3.0000
361,nodes,1,5.4705,-2.9632,3.0000
361,nodes,2,-3.5199,3.5205,3.0000
361,nodes,3,3.5214,3.5193,3.0000
361,scouts,0,-3.9622,-2.9970,3.0000
361,scouts,1,-5.4622,-1.4970,3.0000
361,scouts,2,-6.9622,-2.9970,3.0000
361,scouts,3,-5.4622,-4.4970,3.0000
361,scouts,4,6.9620,-3.0001,3.0000
361,scouts,5,5.4620,-1.5001,3.0000
361,scouts,6,3.9620,-3.0001,3.0000
361,scouts,7,5.4620,-4.5001,3.0000
361,scouts,8,-2.0467,3.5472,3.0000
361,scouts,9,-3.5467,5.0472,3.0000
361,scouts,10,-5.0467,3.5472,3.0000
361,scouts,11,-3.5467,2.0472,3.0000
361,scouts,12,5.0481,3.5462,3.0000
361,scouts,13,3.5481,5.0462,3.0000
361,scouts,14,2.0481,3.5462,3.0000
361,scouts,15,3.5481,2.0462,3.0000
361,workers,0,-6.5479,4.2246,3.0000
361,workers,1,7.7580,4.8542,3.0000
361,workers,2,3.3841,-2.5448,3.0000
361,workers,3,-0.4687,-1.4729,3.0000
362,general,0,0.0000,0.0000,5.0000
362,nodes,0,-5.4720,-2.9543,3.0000
362,nodes,1,5.4718,-2.9575,3.0000
362,nodes,2,-3.5158,3.5163,3.0000
362,nodes,3,3.5172,3.5152,3.0000
362,scouts,0,-3.9635,-2.9913,3.0000
362,scouts,1,-5.4635,-1.4913,3.0000
362,scouts,2,-6.9635,-2.9913,3.0000
362,scouts,3,-5.4635,-4.4913,3.0000
362,scouts,4,6.9633,-2.9944,3.0000
362,scouts,5,5.4633,-1.4944,3.0000
362,scouts,6,3.9633,-2.9944,3.0000
362,scouts,7,5.4633,-4.4944,3.0000
362,scouts,8,-2.0426,3.5431,3.0000
362,scouts,9,-3.5426,5.0431,3.0000
362,scouts,10,-5.0426,3.5431,3.0000
362,scouts,11,-3.5426,2.0431,3.0000
362,scouts,12,5.0439,3.5421,3.0000
362,scouts,13,3.5439,5.0421,3.0000
362,scouts,14,2.0439,3.5421,3.0000
362,scouts,15,3.5439,2.0421,3.0000
362,workers,0,-6.5599,4.2557,3.0000
362,workers,1,7.7606,4.8875,3.0000
362,workers,2,3.4056,-2.5702,3.0000
362,workers,3,-0.4939,-1.4947,3.0000
363,general,0,0.0000,0.0000,5.0000
363,nodes,0,-5.4733,-2.9485,3.0000
363,nodes,1,5.4731,-2.9519,3.0000
363,nodes,2,-3.5116,3.5122,3.0000
363,nodes,3,3.5131,3.5111,3.0000
363,scouts,0,-3.9648,-2.9856,3.0000
363,scouts,1,-5.4648,-1.4856,3.0000
363,scouts,2,-6.9648,-2.9856,3.0000
363,scouts,3,-5.4648,-4.4856,3.0000
363,scouts,4,6.9646,-2.9888,3.0000
363,scouts,5,5.4646,-1.4888,3.0000
363,scouts,6,3.9646,-2.9888,3.0000
363,scouts,7,5.4646,-4.4888,3.0000
363,scouts,8,-2.0385,3.5390,3.0000
363,scouts,9,-3.5385,5.0390,3.0000
363,scouts,10,-5.0385,3.5390,3.0000
363,scouts,11,-3.5385,2.0390,3.0000
363,scouts,12,5.0398,3.5380,3.0000
363,scouts,13,3.5398,5.0380,3.0000
363,scouts,14,2.0398,3.5380,3.0000
363,scouts,15,3.5398,2.0380,3.0000
363,workers,0,-6.5718,4.2868,3.0000
363,workers,1,7.7631,4.9207,3.0000
363,workers,2,3.4271,-2.5957,3.0000
363,workers,3,-0.5191,-1.5166,3.0000
364,general,0,0.0000,0.0000,5.0000
364,nodes,0,-5.4746,-2.9428,3.0000
364,nodes,1,5.4744,-2.9463,3.0000
364,nodes,2,-3.5075,3.5081,3.0000
364,nodes,3,3.5089,3.5070,3.0000
364,scouts,0,-3.9661,-2.9799,3.0000
364,scouts,1,-5.4661,-1.4799,3.0000
364,scouts,2,-6.9661,-2.9799,3.0000
364,scouts,3,-5.4661,-4.4799,3.0000
364,scouts,4,6.9659,-2.9831,3.0000
364,scouts,5,5.4659,-1.4831,3.0000
364,scouts,6,3.9659,-2.9831,3.0000
364,scouts,7,5.4659,-4.4831,3.0000
364,scouts,8,-2.0343,3.5349,3.0000
364,scouts,9,-3.5343,5.0349,3.0000
364,scouts,10,-5.0343,3.5349,3.0000
364,scouts,11,-3.5343,2.0349,3.0000
364,scouts,12,5.0357,3.5338,3.0000
364,scouts,13,3.5357,5.0338,3.0000
364,scouts,14,2.0357,3.5338,3.0000
364,scouts,15,3.5357,2.0338,3.0000
364,workers,0,-6.5838,4.3179,3.0000
364,workers,1,7.7657,4.9539,3.0000
364,workers,2,3.4487,-2.6211,3.0000
364,workers,3,-0.5443,-1.5384,3.0000
365,general,0,0.0000,0.0000,5.0000
365,nodes,0,-5.4759,-2.9372,3.0000
365,nodes,1,5.4757,-2.9407,3.0000
365,nodes,2,-3.5034,3.5041,3.0000
365,nodes,3,3.5048,3.5028,3.0000
365,scouts,0,-3.9674,-2.9742,3.0000
365,scouts,1,-5.4674,-1.4742,3.0000
365,scouts,2,-6.9674,-2.9742,3.0000
365,scouts,3,-5.4674,-4.4742,3.0000
365,scouts,4,6.9672,-2.9774,3.0000
365,scouts,5,5.4672,-1.4774,3.0000
365,scouts,6,3.9672,-2.9774,3.0000
365,scouts,7,5.4672,-4.4774,3.0000
365,scouts,8,-2.0302,3.5308,3.0000
365,scouts,9,-3.5302,5.0308,3.0000
365,scouts,10,-5.0302,3.5308,3.0000
365,scouts,11,-3.5302,2.0308,3.0000
365,scouts,12,5.0316,3.5297,3.0000
365,scouts,13,3.5316,5.0297,3.0000
365,scouts,14,2.0316,3.5297,3.0000
365,scouts,15,3.5316,2.0297,3.0000
365,workers,0,-6.5958,4.3490,3.0000
365,workers,1,7.7682,4.9872,3.0000
365,workers,2,3.4702,-2.6466,3.0000
365,workers,3,-0.5695,-1.5602,3.0000
366,general,0,0.0000,0.0000,5.0000
366,nodes,0,-5.4772,-2.9315,3.0000
366,nodes,1,5.4771,-2.9349,3.0000
366,nodes,2,-3.4993,3.4999,3.0000
366,nodes,3,3.5007,3.4987,3.0000
366,scouts,0,-3.9687,-2.9685,3.0000
366,scouts,1,-5.4687,-1.4685,3.0000
366,scouts,2,-6.9687,-2.9685,3.0000
366,scouts,3,-5.4687,-4.4685,3.0000
366,scouts,4,6.9686,-2.9718,3.0000
366,scouts,5,5.4686,-1.4718,3.0000
366,scouts,6,3.9686,-2.9718,3.0000
366,scouts,7,5.4686,-4.4718,3.0000
366,scouts,8,-2.0261,3.5266,3.0000
366,scouts,9,-3.5261,5.0266,3.0000
366,scouts,10,-5.0261,3.5266,3.0000
366,scouts,11,-3.5261,2.0266,3.0000
366,scouts,12,5.0275,3.5256,3.0000
366,scouts,13,3.5275,5.0256,3.0000
366,scouts,14,2.0275,3.5256,3.0000
366,scouts,15,3.5275,2.0256,3.0000
366,workers,0,-6.6077,4.3801,3.0000
366,workers,1,7.7708,5.0204,3.0000
366,workers,2,3.4917,-2.6720,3.0000
366,workers,3,-0.5947,-1.5821,3.0000
367,general,0,0.0000,0.0000,5.0000
367,nodes,0,-5.4785,-2.9259,3.0000
367,nodes,1,5.4784,-2.9293,3.0000
367,nodes,2,-3.4952,3.4959,3.0000
367,nodes,3,3.4966,3.4945,3.0000
367,scouts,0,-3.9700,-2.9628,3.0000
367,scouts,1,-5.4700,-1.4628,3.0000
367,scouts,2,-6.9700,-2.9628,3.0000
367,scouts,3,-5.4700,-4.4628,3.0000
367,scouts,4,6.9699,-2.9661,3.0000
367,scouts,5,5.4699,-1.4661,3.0000
367,scouts,6,3.9699,-2.9661,3.0000
367,scouts,7,5.4699,-4.4661,3.0000
367,scouts,8,-2.0220,3.5225,3.0000
367,scouts,9,-3.5220,5.0225,3.0000
367,scouts,10,-5.0220,3.5225,3.0000
367,scouts,11,-3.5220,2.0225,3.0000
367,scouts,12,5.0234,3.5214,3.0000
367,scouts,13,3.5234,5.0214,3.0000
367,scouts,14,2.0234,3.5214,3.0000
367,scouts,15,3.5234,2.0214,3.0000
367,workers,0,-6.6197,4.4112,3.0000
367,workers,1,7.7734,5.0536,3.0000
367,workers,2,3.5133,-2.6975,3.0000
367,workers,3,-0.6199,-1.6039,3.0000
368,general,0,0.0000,0.0000,5.0000
368,nodes,0,-5.4798,-2.9202,3.0000
368,nodes,1,5.4796,-2.9237,3.0000
368,nodes,2,-3.4910,3.4917,3.0000
368,nodes,3,3.4925,3.4903,3.0000
368,scouts,0,-3.9713,-2.9572,3.0000
368,scouts,1,-5.4713,-1.4572,3.0000
368,scouts,2,-6.9713,-2.9572,3.0000
368,scouts,3,-5.4713,-4.4572,3.0000
368,scouts,4,6.9712,-2.9605,3.0000
368,scouts,5,5.4712,-1.4605,3.0000
368,scouts,6,3.9712,-2.9605,3.0000
368,scouts,7,5.4712,-4.4605,3.0000
368,scouts,8,-2.0178,3.5184,3.0000
368,scouts,9,-3.5178,5.0184,3.0000
368,scouts,10,-5.0178,3.5184,3.0000
368,scouts,11,-3.5178,2.0184,3.0000
368,scouts,12,5.0192,3.5173,3.0000
368,scouts,13,3.5192,5.0173,3.0000
368,scouts,14,2.0192,3.5173,3.0000
368,scouts,15,3.5192,2.0173,3.0000
368,workers,0,-6.6317,4.4423,3.0000
368,workers,1,7.7759,5.0869,3.0000
368,workers,2,3.5348,-2.7229,3.0000
368,workers,3,-0.6451,-1.6257,3.0000
369,general,0,0.0000,0.0000,5.0000
369,nodes,0,-5.4811,-2.9145,3.0000
369,nodes,1,5.4811,-2.9181,3.0000
369,nodes,2,-3.4869,3.4876,3.0000
369,nodes,3,3.4883,3.4862,3.0000
369,scouts,0,-3.9726,-2.9515,3.0000
369,scouts,1,-5.4726,-1.4515,3.0000
369,scouts,2,-6.9726,-2.9515,3.0000
369,scouts,3,-5.4726,-4.4515,3.0000
369,scouts,4,6.9725,-2.9548,3.0000
369,scouts,5,5.4725,-1.4548,3.0000
369,scouts,6,3.9725,-2.9548,3.0000
369,scouts,7,5.4725,-4.4548,3.0000
369,scouts,8,-2.0137,3.5143,3.0000
369,scouts,9,-3.5137,5.0143,3.0000
369,scouts,10,-5.0137,3.5143,3.0000
369,scouts,11,-3.5137,2.0143,3.0000
369,scouts,12,5.0151,3.5131,3.0000
369,scouts,13,3.5151,5.0131,3.0000
369,scouts,14,2.0151,3.5131,3.0000
369,scouts,15,3.5151,2.0131,3.0000
369,workers,0,-6.6436,4.4735,3.0000
369,workers,1,7.7785,5.1201,3.0000
369,workers,2,3.5563,-2.7484,3.0000
369,workers,3,-0.6702,-1.6475,3.0000
370,general,0,0.0000,0.0000,5.0000
370,nodes,0,-5.4824,-2.9089,3.0000
370,nodes,1,5.4824,-2.9123,3.0000
370,nodes,2,-3.4828,3.4836,3.0000
370,nodes,3,3.4843,3.4820,3.0000
370,scouts,0,-3.9739,-2.9458,3.0000
370,scouts,1,-5.4739,-1.4458,3.0000
370,scouts,2,-6.9739,-2.9458,3.0000
370,scouts,3,-5.4739,-4.4458,3.0000
370,scouts,4,6.9738,-2.9491,3.0000
370,scouts,5,5.4738,-1.4491,3.0000
370,scouts,6,3.9738,-2.9491,3.0000
370,scouts,7,5.4738,-4.4491,3.0000
370,scouts,8,-2.0096,3.5102,3.0000
370,scouts,9,-3.5096,5.0102,3.0000
370,scouts,10,-5.0096,3.5102,3.0000
370,scouts,11,-3.5096,2.0102,3.0000
370,scouts,12,5.0110,3.5090,3.0000
370,scouts,13,3.5110,5.0090,3.0000
370,scouts,14,2.0110,3.5090,3.0000
370,scouts,15,3.5110,2.0090,3.0000
370,workers,0,-6.6556,4.5046,3.0000
370,workers,1,7.7810,5.1533,3.0000
370,workers,2,3.5778,-2.7738,3.0000
370,workers,3,-0.6954,-1.6694,3.0000
371,general,0,0.0000,0.0000,5.0000
371,nodes,0,-5.4837,-2.9032,3.0000
371,nodes,1,5.4837,-2.9067,3.0000
371,nodes,2,-3.4787,3.4795,3.0000
371,nodes,3,3.4803,3.4778,3.0000
371,scouts,0,-3.9752,-2.9401,3.0000
371,scouts,1,-5.4752,-1.4401,3.0000
371,scouts,2,-6.9752,-2.9401,3.0000
371,scouts,3,-5.4752,-4.4401,3.0000
371,scouts,4,6.9751,-2.9435,3.0000
371,scouts,5,5.4751,-1.4435,3.0000
371,scouts,6,3.9751,-2.9435,3.0000
371,scouts,7,5.4751,-4.4435,3.0000
371,scouts,8,-2.0055,3.5061,3.0000
371,scouts,9,-3.5055,5.0061,3.0000
371,scouts,10,-5.0055,3.5061,3.0000
371,scouts,11,-3.5055,2.0061,3.0000
371,scouts,12,5.0069,3.5048,3.0000
371,scouts,13,3.5069,5.0048,3.0000
371,scouts,14,2.0069,3.5048,3.0000
371,scouts,15,3.5069,2.0048,3.0000
371,workers,0,-6.6676,4.5357,3.0000
371,workers,1,7.7836,5.1866,3.0000
371,workers,2,3.5994,-2.7993,3.0000
371,workers,3,-0.7206,-1.6912,3.0000
372,general,0,0.0000,0.0000,5.0000
372,nodes,0,-5.4851,-2.8975,3.0000
372,nodes,1,5.4851,-2.9009,3.0000
372,nodes,2,-3.4745,3.4753,3.0000
372,nodes,3,3.4761,3.4737,3.0000
372,scouts,0,-3.9765,-2.9344,3.0000
372,scouts,1,-5.4765,-1.4344,3.0000
372,scouts,2,-6.9765,-2.9344,3.0000
372,scouts,3,-5.4765,-4.4344,3.0000
372,scouts,4,6.9765,-2.9378,3.0000
372,scouts,5,5.4765,-1.4378,3.0000
372,scouts,6,3.9765,-2.9378,3.0000
372,scouts,7,5.4765,-4.4378,3.0000
372,scouts,8,-2.0014,3.5020,3.0000
372,scouts,9,-3.5014,5.0020,3.0000
372,scouts,10,-5.0014,3.5020,3.0000
372,scouts,11,-3.5014,2.0020,3.0000
372,scouts,12,5.0028,3.5007,3.0000
372,scouts,13,3.5028,5.0007,3.0000
372,scouts,14,2.0028,3.5007,3.0000
372,scouts,15,3.5028,2.0007,3.0000
372,workers,0,-6.6795,4.5668,3.0000
372,workers,1,7.7861,5.2198,3.0000
372,workers,2,3.6209,-2.8247,3.0000
372,workers,3,-0.7458,-1.7130,3.0000
373,general,0,0.0000,0.0000,5.0000
373,nodes,0,-5.4864,-2.8919,3.0000
373,nodes,1,5.4864,-2.8953,3.0000
373,nodes,2,-3.4704,3.4712,3.0000
373,nodes,3,3.4720,3.4696,3.0000
373,scouts,0,-3.9779,-2.9288,3.0000
373,scouts,1,-5.4779,-1.4288,3.0000
373,scouts,2,-6.9779,-2.9288,3.0000
373,scouts,3,-5.4779,-4.4288,3.0000
373,scouts,4,6.9778,-2.9321,3.0000
373,scouts,5,5.4778,-1.4321,3.0000
373,scouts,6,3.9778,-2.9321,3.0000
373,scouts,7,5.4778,-4.4321,3.0000
373,scouts,8,-1.9972,3.4979,3.0000
373,scouts,9,-3.4972,4.9979,3.0000
373,scouts,10,-4.9972,3.4979,3.0000
373,scouts,11,-3.4972,1.9979,3.0000
373,scouts,12,4.9987,3.4965,3.0000
373,scouts,13,3.4987,4.9965,3.0000
373,scouts,14,1.9987,3.4965,3.0000
373,scouts,15,3.4987,1.9965,3.0000
373,workers,0,-6.6915,4.5979,3.0000
373,workers,1,7.7887,5.2530,3.0000
373,workers,2,3.6424,-2.8502,3.0000
373,workers,3,-0.7710,-1.7349,3.0000
374,general,0,0.0000,0.0000,5.0000
374,nodes,0,-5.4877,-2.8862,3.0000
374,nodes,1,5.4877,-2.8895,3.0000
374,nodes,2,-3.4663,3.4671,3.0000
374,nodes,3,3.4680,3.4654,3.0000
374,scouts,0,-3.9792,-2.9231,3.0000
374,scouts,1,-5.4792,-1.4231,3.0000
374,scouts,2,-6.9792,-2.9231,3.0000
374,scouts,3,-5.4792,-4.4231,3.0000
374,scouts,4,6.9791,-2.9265,3.0000
374,scouts,5,5.4791,-1.4265,3.0000
374,scouts,6,3.9791,-2.9265,3.0000
374,scouts,7,5.4791,-4.4265,3.0000
374,scouts,8,-1.9931,3.4938,3.0000
374,scouts,9,-3.4931,4.9938,3.0000
374,scouts,10,-4.9931,3.4938,3.0000
374,scouts,11,-3.4931,1.9938,3.0000
374,scouts,12,4.9946,3.4924,3.0000
374,scouts,13,3.4946,4.9924,3.0000
374,scouts,14,1.9946,3.4924,3.0000
374,scouts,15,3.4946,1.9924,3.0000
374,workers,0,-6.7035,4.6290,3.0000
374,workers,1,7.7913,5.2863,3.0000
374,workers,2,3.6640,-2.8756,3.0000
374,workers,3,-0.7962,-1.7567,3.0000
375,general,0,0.0000,0.0000,5.0000
375,nodes,0,-5.4891,-2.8804,3.0000
375,nodes,1,5.4890,-2.8838,3.0000
375,nodes,2,-3.4622,3.4629,3.0000
375,nodes,3,3.4639,3.4613,3.0000
375,scouts,0,-3.9805,-2.9174,3.0000
375,scouts,1,-5.4805,-1.4174,3.0000
375,scouts,2,-6.9805,-2.9174,3.0000
375,scouts,3,-5.4805,-4.4174,3.0000
375,scouts,4,6.9804,-2.9208,3.0000
375,scouts,5,5.4804,-1.4208,3.0000
375,scouts,6,3.9804,-2.9208,3.0000
375,scouts,7,5.4804,-4.4208,3.0000
375,scouts,8,-1.9890,3.4897,3.0000
375,scouts,9,-3.4890,4.9897,3.0000
375,scouts,10,-4.9890,3.4897,3.0000
375,scouts,11,-3.4890,1.9897,3.0000
375,scouts,12,4.9905,3.4882,3.0000
375,scouts,13,3.4905,4.9882,3.0000
375,scouts,14,1.9905,3.4882,3.0000
375,scouts,15,3.4905,1.9882,3.0000
375,workers,0,-6.7154,4.6601,3.0000
375,workers,1,7.7938,5.3195,3.0000
375,workers,2,3.6855,-2.9010,3.0000
375,workers,3,-0.8214,-1.7785,3.0000
376,general,0,0.0000,0.0000,5.0000
376,nodes,0,-5.4904,-2.8747,3.0000
376,nodes,1,5.4903,-2.8780,3.0000
376,nodes,2,-3.4581,3.4588,3.0000
376,nodes,3,3.4599,3.4571,3.0000
376,scouts,0,-3.9818,-2.9117,3.0000
376,scouts,1,-5.4818,-1.4117,3.0000
376,scouts,2,-6.9818,-2.9117,3.0000
376,scouts,3,-5.4818,-4.4117,3.0000
376,scouts,4,6.9817,-2.9151,3.0000
376,scouts,5,5.4817,-1.4151,3.0000
376,scouts,6,3.9817,-2.9151,3.0000
376,scouts,7,5.4817,-4.4151,3.0000
376,scouts,8,-1.9849,3.4856,3.0000
376,scouts,9,-3.4849,4.9856,3.0000
376,scouts,10,-4.9849,3.4856,3.0000
376,scouts,11,-3.4849,1.9856,3.0000
376,scouts,12,4.9864,3.4841,3.0000
376,scouts,13,3.4864,4.9841,3.0000
376,scouts,14,1.9864,3.4841,3.0000
376,scouts,15,3.4864,1.9841,3.0000
376,workers,0,-6.7274,4.6912,3.0000
376,workers,1,7.7964,5.3527,3.0000
376,workers,2,3.7070,-2.9265,3.0000
376,workers,3,-0.8466,-1.8004,3.0000
377,general,0,0.0000,0.0000,5.0000
377,nodes,0,-5.4917,-2.8690,3.0000
377,nodes,1,5.4917,-2.8723,3.0000
377,nodes,2,-3.4540,3.4547,3.0000
377,nodes,3,3.4558,3.4530,3.0000
377,scouts,0,-3.9831,-2.9060,3.0000
377,scouts,1,-5.4831,-1.4060,3.0000
377,scouts,2,-6.9831,-2.9060,3.0000
377,scouts,3,-5.4831,-4.4060,3.0000
377,scouts,4,6.9831,-2.9094,3.0000
377,scouts,5,5.4831,-1.4094,3.0000
377,scouts,6,3.9831,-2.9094,3.0000
377,scouts,7,5.4831,-4.4094,3.0000
377,scouts,8,-1.9807,3.4815,3.0000
377,scouts,9,-3.4807,4.9815,3.0000
377,scouts,10,-4.9807,3.4815,3.0000
377,scouts,11,-3.4807,1.9815,3.0000
377,scouts,12,4.9823,3.4799,3.0000
377,scouts,13,3.4823,4.9799,3.0000
377,scouts,14,1.9823,3.4799,3.0000
377,scouts,15,3.4823,1.9799,3.0000
377,workers,0,-6.7394,4.7223,3.0000
377,workers,1,7.7989,5.3860,3.0000
377,workers,2,3.7286,-2.9519,3.0000
377,workers,3,-0.8718,-1.8222,3.0000
378,general,0,0.0000,0.0000,5.0000
378,nodes,0,-5.4929,-2.8634,3.0000
378,nodes,1,5.4930,-2.8666,3.0000
378,nodes,2,-3.4499,3.4507,3.0000
378,nodes,3,3.4517,3.4489,3.0000
378,scouts,0,-3.9844,-2.9003,3.0000
378,scouts,1,-5.4844,-1.4003,3.0000
378,scouts,2,-6.9844,-2.9003,3.0000
378,scouts,3,-5.4844,-4.4003,3.0000
378,scouts,4,6.9844,-2.9037,3.0000
378,scouts,5,5.4844,-1.4037,3.0000
378,scouts,6,3.9844,-2.9037,3.0000
378,scouts,7,5.4844,-4.4037,3.0000
378,scouts,8,-1.9766,3.4774,3.0000
378,scouts,9,-3.4766,4.9774,3.0000
378,scouts,10,-4.9766,3.4774,3.0000
378,scouts,11,-3.4766,1.9774,3.0000
378,scouts,12,4.9783,3.4758,3.0000
378,scouts,13,3.4783,4.9758,3.0000
378,scouts,14,1.9783,3.4758,3.0000
378,scouts,15,3.4783,1.9758,3.0000
378,workers,0,-6.7513,4.7535,3.0000
378,workers,1,7.8015,5.4192,3.0000
378,workers,2,3.7501,-2.9774,3.0000
378,workers,3,-0.8970,-1.8440,3.0000
379,general,0,0.0000,0.0000,5.0000
379,nodes,0,-5.4943,-2.8577,3.0000
379,nodes,1,5.4942,-2.8609,3.0000
379,nodes,2,-3.4458,3.4465,3.0000
379,nodes,3,3.4476,3.4448,3.0000
379,scouts,0,-3.9857,-2.8947,3.0000
379,scouts,1,-5.4857,-1.3947,3.0000
379,scouts,2,-6.9857,-2.8947,3.0000
379,scouts,3,-5.4857,-4.3947,3.0000
379,scouts,4,6.9857,-2.8979,3.0000
379,scouts,5,5.4857,-1.3979,3.0000
379,scouts,6,3.9857,-2.8979,3.0000
379,scouts,7,5.4857,-4.3979,3.0000
379,scouts,8,-1.9725,3.4732,3.0000
379,scouts,9,-3.4725,4.9732,3.0000
379,scouts,10,-4.9725,3.4732,3.0000
379,scouts,11,-3.4725,1.9732,3.0000
379,scouts,12,4.9742,3.4717,3.0000
379,scouts,13,3.4742,4.9717,3.0000
379,scouts,14,1.9742,3.4717,3.0000
379,scouts,15,3.4742,1.9717,3.0000
379,workers,0,-6.7633,4.7846,3.0000
379,workers,1,7.8040,5.4525,3.0000
379,workers,2,3.7716,-3.0028,3.0000
379,workers,3,-0.9221,-1.8659,3.0000
380,general,0,0.0000,0.0000,5.0000
380,nodes,0,-5.4957,-2.8520,3.0000
380,nodes,1,5.4955,-2.8552,3.0000
380,nodes,2,-3.4416,3.4424,3.0000
380,nodes,3,3.4435,3.4406,3.0000
380,scouts,0,-3.9871,-2.8890,3.0000
380,scouts,1,-5.4871,-1.3890,3.0000
380,scouts,2,-6.9871,-2.8890,3.0000
380,scouts,3,-5.4871,-4.3890,3.0000
380,scouts,4,6.9870,-2.8922,3.0000
380,scouts,5,5.4870,-1.3922,3.0000
380,scouts,6,3.9870,-2.8922,3.0000
380,scouts,7,5.4870,-4.3922,3.0000
380,scouts,8,-1.9684,3.4691,3.0000
380,scouts,9,-3.4684,4.9691,3.0000
380,scouts,10,-4.9684,3.4691,3.0000
380,scouts,11,-3.4684,1.9691,3.0000
380,scouts,12,4.9701,3.4675,3.0000
380,scouts,13,3.4701,4.9675,3.0000
380,scouts,14,1.9701,3.4675,3.0000
380,scouts,15,3.4701,1.9675,3.0000
380,workers,0,-6.7753,4.8157,3.0000
380,workers,1,7.8066,5.4857,3.0000
380,workers,2,3.7932,-3.0283,3.0000
380,workers,3,-0.9473,-1.8877,3.0000
381,general,0,0.0000,0.0000,5.0000
381,nodes,0,-5.4970,-2.8463,3.0000
381,nodes,1,5.4969,-2.8496,3.0000
381,nodes,2,-3.4375,3.4382,3.0000
381,nodes,3,3.4394,3.4365,3.0000
381,scouts,0,-3.9884,-2.8833,3.0000
381,scouts,1,-5.4884,-1.3833,3.0000
381,scouts,2,-6.9884,-2.8833,3.0000
381,scouts,3,-5.4884,-4.3833,3.0000
381,scouts,4,6.9883,-2.8866,3.0000
381,scouts,5,5.4883,-1.3866,3.0000
381,scouts,6,3.9883,-2.8866,3.0000
381,scouts,7,5.4883,-4.3866,3.0000
381,scouts,8,-1.9643,3.4650,3.0000
381,scouts,9,-3.4643,4.9650,3.0000
381,scouts,10,-4.9643,3.4650,3.0000
381,scouts,11,-3.4643,1.9650,3.0000
381,scouts,12,4.9660,3.4634,3.0000
381,scouts,13,3.4660,4.9634,3.0000
381,scouts,14,1.9660,3.4634,3.0000
381,scouts,15,3.4660,1.9634,3.0000
381,workers,0,-6.7872,4.8468,3.0000
381,workers,1,7.8091,5.5189,3.0000
381,workers,2,3.8147,-3.0537,3.0000
381,workers,3,-0.9725,-1.9095,3.0000
382,general,0,0.0000,0.0000,5.0000
382,nodes,0,-5.4982,-2.8407,3.0000
382,nodes,1,5.4983,-2.8438,3.0000
382,nodes,2,-3.4334,3.4342,3.0000
382,nodes,3,3.4353,3.4323,3.0000
382,scouts,0,-3.9897,-2.8776,3.0000
382,scouts,1,-5.4897,-1.3776,3.0000
382,scouts,2,-6.9897,-2.8776,3.0000
382,scouts,3,-5.4897,-4.3776,3.0000
382,scouts,4,6.9897,-2.8809,3.0000
382,scouts,5,5.4897,-1.3809,3.0000
382,scouts,6,3.9897,-2.8809,3.0000
382,scouts,7,5.4897,-4.3809,3.0000
382,scouts,8,-1.9602,3.4609,3.0000
382,scouts,9,-3.4602,4.9609,3.0000
382,scouts,10,-4.9602,3.4609,3.0000
382,scouts,11,-3.4602,1.9609,3.0000
382,scouts,12,4.9619,3.4593,3.0000
382,scouts,13,3.4619,4.9593,3.0000
382,scouts,14,1.9619,3.4593,3.0000
382,scouts,15,3.4619,1.9593,3.0000
382,workers,0,-6.7992,4.8779,3.0000
382,workers,1,7.8117,5.5522,3.0000
382,workers,2,3.8362,-3.0792,3.0000
382,workers,3,-0.9977,-1.9313,3.0000
383,general,0,0.0000,0.0000,5.0000
383,nodes,0,-5.4995,-2.8350,3.0000
383,nodes,1,5.4996,-2.8382,3.0000
383,nodes,2,-3.4292,3.4301,3.0000
383,nodes,3,3.4311,3.4282,3.0000
383,scouts,0,-3.9910,-2.8719,3.0000
383,scouts,1,-5.4910,-1.3719,3.0000
383,scouts,2,-6.9910,-2.8719,3.0000
383,scouts,3,-5.4910,-4.3719,3.0000
383,scouts,4,6.9910,-2.8752,3.0000
383,scouts,5,5.4910,-1.3752,3.0000
383,scouts,6,3.9910,-2.8752,3.0000
383,scouts,7,5.4910,-4.3752,3.0000
383,scouts,8,-1.9560,3.4568,3.0000
383,scouts,9,-3.4560,4.9568,3.0000
383,scouts,10,-4.9560,3.4568,3.0000
383,scouts,11,-3.4560,1.9568,3.0000
383,scouts,12,4.9578,3.4551,3.0000
383,scouts,13,3.4578,4.9551,3.0000
383,scouts,14,1.9578,3.4551,3.0000
383,scouts,15,3.4578,1.9551,3.0000
383,workers,0,-6.8112,4.9090,3.0000
383,workers,1,7.8143,5.5854,3.0000
383,workers,2,3.8578,-3.1046,3.0000
383,workers,3,-1.0229,-1.9532,3.0000
384,general,0,0.0000,0.0000,5.0000
384,nodes,0,-5.5008,-2.8292,3.0000
384,nodes,1,5.5010,-2.8325,3.0000
384,nodes,2,-3.4251,3.4259,3.0000
384,nodes,3,3.4270,3.4240,3.0000
384,scouts,0,-3.9923,-2.8662,3.0000
384,scouts,1,-5.4923,-1.3662,3.0000
384,scouts,2,-6.9923,-2.8662,3.0000
384,scouts,3,-5.4923,-4.3662,3.0000
384,scouts,4,6.9923,-2.8695,3.0000
384,scouts,5,5.4923,-1.3695,3.0000
384,scouts,6,3.9923,-2.8695,3.0000
384,scouts,7,5.4923,-4.3695,3.0000
384,scouts,8,-1.9519,3.4527,3.0000
384,scouts,9,-3.4519,4.9527,3.0000
384,scouts,10,-4.9519,3.4527,3.0000
384,scouts,11,-3.4519,1.9527,3.0000
384,scouts,12,4.9537,3.4510,3.0000
384,scouts,13,3.4537,4.9510,3.0000
384,scouts,14,1.9537,3.4510,3.0000
384,scouts,15,3.4537,1.9510,3.0000
384,workers,0,-6.8231,4.9401,3.0000
384,workers,1,7.8168,5.6186,3.0000
384,workers,2,3.8793,-3.1301,3.0000
384,workers,3,-1.0481,-1.9750,3.0000
385,general,0,0.0000,0.0000,5.0000
385,nodes,0,-5.5021,-2.8236,3.0000
385,nodes,1,5.5023,-2.8269,3.0000
385,nodes,2,-3.4210,3.4218,3.0000
385,nodes,3,3.4228,3.4199,3.0000
385,scouts,0,-3.9936,-2.8605,3.0000
385,scouts,1,-5.4936,-1.3605,3.0000
385,scouts,2,-6.9936,-2.8605,3.0000
385,scouts,3,-5.4936,-4.3605,3.0000
385,scouts,4,6.9937,-2.8638,3.0000
385,scouts,5,5.4937,-1.3638,3.0000
385,scouts,6,3.9937,-2.8638,3.0000
385,scouts,7,5.4937,-4.3638,3.0000
385,scouts,8,-1.9478,3.4485,3.0000
385,scouts,9,-3.4478,4.9485,3.0000
385,scouts,10,-4.9478,3.4485,3.0000
385,scouts,11,-3.4478,1.9485,3.0000
385,scouts,12,4.9496,3.4468,3.0000
385,scouts,13,3.4496,4.9468,3.0000
385,scouts,14,1.9496,3.4468,3.0000
385,scouts,15,3.4496,1.9468,3.0000
385,workers,0,-6.8351,4.9712,3.0000
385,workers,1,7.8194,5.6519,3.0000
385,workers,2,3.9008,-3.1555,3.0000
385,workers,3,-1.0733,-1.9968,3.0000
386,general,0,0.0000,0.0000,5.0000
386,nodes,0,-5.5034,-2.8179,3.0000
386,nodes,1,5.5036,-2.8212,3.0000
386,nodes,2,-3.4168,3.4177,3.0000
386,nodes,3,3.4186,3.4158,3.0000
386,scouts,0,-3.9949,-2.8549,3.0000
386,scouts,1,-5.4949,-1.3549,3.0000
386,scouts,2,-6.9949,-2.8549,3.0000
386,scouts,3,-5.4949,-4.3549,3.0000
386,scouts,4,6.9950,-2.8581,3.0000
386,scouts,5,5.4950,-1.3581,3.0000
386,scouts,6,3.9950,-2.8581,3.0000
386,scouts,7,5.4950,-4.3581,3.0000
386,scouts,8,-1.9436,3.4444,3.0000
386,scouts,9,-3.4436,4.9444,3.0000
386,scouts,10,-4.9436,3.4444,3.0000
386,scouts,11,-3.4436,1.9444,3.0000
386,scouts,12,4.9454,3.4427,3.0000
386,scouts,13,3.4454,4.9427,3.0000
386,scouts,14,1.9454,3.4427,3.0000
386,scouts,15,3.4454,1.9427,3.0000
386,workers,0,-6.8471,5.0024,3.0000
386,workers,1,7.8219,5.6851,3.0000
386,workers,2,3.9223,-3.1810,3.0000
386,workers,3,-1.0985,-2.0187,3.0000
387,general,0,0.0000,0.0000,5.0000
387,nodes,0,-5.5047,-2.8122,3.0000
387,nodes,1,5.5049,-2.8154,3.0000
387,nodes,2,-3.4127,3.4136,3.0000
387,nodes,3,3.4144,3.4117,3.0000
387,scouts,0,-3.9962,-2.8492,3.0000
387,scouts,1,-5.4962,-1.3492,3.0000
387,scouts,2,-6.9962,-2.8492,3.0000
387,scouts,3,-5.4962,-4.3492,3.0000
387,scouts,4,6.9963,-2.8524,3.0000
387,scouts,5,5.4963,-1.3524,3.0000
387,scouts,6,3.9963,-2.8524,3.0000
387,scouts,7,5.4963,-4.3524,3.0000
387,scouts,8,-1.9395,3.4403,3.0000
387,scouts,9,-3.4395,4.9403,3.0000
387,scouts,10,-4.9395,3.4403,3.0000
387,scouts,11,-3.4395,1.9403,3.0000
387,scouts,12,4.9413,3.4385,3.0000
387,scouts,13,3.4413,4.9385,3.0000
387,scouts,14,1.9413,3.4385,3.0000
387,scouts,15,3.4413,1.9385,3.0000
387,workers,0,-6.8590,5.0335,3.0000
387,workers,1,7.8245,5.7183,3.0000
387,workers,2,3.9439,-3.2064,3.0000
387,workers,3,-1.1237,-2.0405,3.0000
388,general,0,0.0000,0.0000,5.0000
388,nodes,0,-5.5061,-2.8065,3.0000
388,nodes,1,5.5062,-2.8098,3.0000
388,nodes,2,-3.4085,3.4095,3.0000
388,nodes,3,3.4103,3.4075,3.0000
388,scouts,0,-3.9976,-2.8435,3.0000
388,scouts,1,-5.4976,-1.3435,3.0000
388,scouts,2,-6.9976,-2.8435,3.0000
388,scouts,3,-5.4976,-4.3435,3.0000
388,scouts,4,6.9976,-2.8467,3.0000
388,scouts,5,5.4976,-1.3467,3.0000
388,scouts,6,3.9976,-2.8467,3.0000
388,scouts,7,5.4976,-4.3467,3.0000
388,scouts,8,-1.9354,3.4362,3.0000
388,scouts,9,-3.4354,4.9362,3.0000
388,scouts,10,-4.9354,3.4362,3.0000
388,scouts,11,-3.4354,1.9362,3.0000
388,scouts,12,4.9372,3.4344,3.0000
388,scouts,13,3.4372,4.9344,3.0000
388,scouts,14,1.9372,3.4344,3.0000
388,scouts,15,3.4372,1.9344,3.0000
388,workers,0,-6.8710,5.0646,3.0000
388,workers,1,7.8270,5.7516,3.0000
388,workers,2,3.9654,-3.2318,3.0000
388,workers,3,-1.1488,-2.0623,3.0000
389,general,0,0.0000,0.0000,5.0000
389,nodes,0,-5.5075,-2.8009,3.0000
389,nodes,1,5.5075,-2.8041,3.0000
389,nodes,2,-3.4044,3.4054,3.0000
389,nodes,3,3.4062,3.4034,3.0000
389,scouts,0,-3.9989,-2.8378,3.0000
389,scouts,1,-5.4989,-1.3378,3.0000
389,scouts,2,-6.9989,-2.8378,3.0000
389,scouts,3,-5.4989,-4.3378,3.0000
389,scouts,4,6.9989,-2.8411,3.0000
389,scouts,5,5.4989,-1.3411,3.0000
389,scouts,6,3.9989,-2.8411,3.0000
389,scouts,7,5.4989,-4.3411,3.0000
389,scouts,8,-1.9313,3.4321,3.0000
389,scouts,9,-3.4313,4.9321,3.0000
389,scouts,10,-4.9313,3.4321,3.0000
389,scouts,11,-3.4313,1.9321,3.0000
389,scouts,12,4.9330,3.4303,3.0000
389,scouts,13,3.4330,4.9303,3.0000
389,scouts,14,1.9330,3.4303,3.0000
389,scouts,15,3.4330,1.9303,3.0000
389,workers,0,-6.8830,5.0957,3.0000
389,workers,1,7.8296,5.7848,3.0000
389,workers,2,3.9869,-3.2573,3.0000
389,workers,3,-1.1740,-2.0842,3.0000
390,general,0,0.0000,0.0000,5.0000
390,nodes,0,-5.5088,-2.7951,3.0000
390,nodes,1,5.5088,-2.7985,3.0000
390,nodes,2,-3.4003,3.4013,3.0000
390,nodes,3,3.4020,3.3993,3.0000
390,scouts,0,-4.0002,-2.8321,3.0000
390,scouts,1,-5.5002,-1.3321,3.0000
390,scouts,2,-7.0002,-2.8321,3.0000
390,scouts,3,-5.5002,-4.3321,3.0000
390,scouts,4,7.0003,-2.8354,3.0000
390,scouts,5,5.5003,-1.3354,3.0000
390,scouts,6,4.0003,-2.8354,3.0000
390,scouts,7,5.5003,-4.3354,3.0000
390,scouts,8,-1.9271,3.4280,3.0000
390,scouts,9,-3.4271,4.9280,3.0000
390,scouts,10,-4.9271,3.4280,3.0000
390,scouts,11,-3.4271,1.9280,3.0000
390,scouts,12,4.9289,3.4261,3.0000
390,scouts,13,3.4289,4.9261,3.0000
390,scouts,14,1.9289,3.4261,3.0000
390,scouts,15,3.4289,1.9261,3.0000
390,workers,0,-6.8949,5.1268,3.0000
390,workers,1,7.8322,5.8180,3.0000
390,workers,2,4.0085,-3.2827,3.0000
390,workers,3,-1.1992,-2.1060,3.0000
391,general,0,0.0000,0.0000,5.0000
391,nodes,0,-5.5102,-2.7895,3.0000
391,nodes,1,5.5101,-2.7928,3.0000
391,nodes,2,-3.3962,3.3971,3.0000
391,nodes,3,3.3979,3.3951,3.0000
391,scouts,0,-4.0015,-2.8264,3.0000
391,scouts,1,-5.5015,-1.3264,3.0000
391,scouts,2,-7.0015,-2.8264,3.0000
391,scouts,3,-5.5015,-4.3264,3.0000
391,scouts,4,7.0016,-2.8297,3.0000
391,scouts,5,5.5016,-1.3297,3.0000
391,scouts,6,4.0016,-2.8297,3.0000
391,scouts,7,5.5016,-4.3297,3.0000
391,scouts,8,-1.9230,3.4239,3.0000
391,scouts,9,-3.4230,4.9239,3.0000
391,scouts,10,-4.9230,3.4239,3.0000
391,scouts,11,-3.4230,1.9239,3.0000
391,scouts,12,4.9248,3.4220,3.0000
391,scouts,13,3.4248,4.9220,3.0000
391,scouts,14,1.9248,3.4220,3.0000
391,scouts,15,3.4248,1.9220,3.0000
391,workers,0,-6.9069,5.1579,3.0000
391,workers,1,7.8347,5.8513,3.0000
391,workers,2,4.0300,-3.3082,3.0000
391,workers,3,-1.2244,-2.1278,3.0000
392,general,0,0.0000,0.0000,5.0000
392,nodes,0,-5.5115,-2.7838,3.0000
392,nodes,1,5.5115,-2.7871,3.0000
392,nodes,2,-3.3921,3.3930,3.0000
392,nodes,3,3.3939,3.3910,3.0000
392,scouts,0,-4.0029,-2.8207,3.0000
392,scouts,1,-5.5029,-1.3207,3.0000
392,scouts,2,-7.0029,-2.8207,3.0000
392,scouts,3,-5.5029,-4.3207,3.0000
392,scouts,4,7.0029,-2.8240,3.0000
392,scouts,5,5.5029,-1.3240,3.0000
392,scouts,6,4.0029,-2.8240,3.0000
392,scouts,7,5.5029,-4.3240,3.0000
392,scouts,8,-1.9189,3.4197,3.0000
392,scouts,9,-3.4189,4.9197,3.0000
392,scouts,10,-4.9189,3.4197,3.0000
392,scouts,11,-3.4189,1.9197,3.0000
392,scouts,12,4.9207,3.4179,3.0000
392,scouts,13,3.4207,4.9179,3.0000
392,scouts,14,1.9207,3.4179,3.0000
392,scouts,15,3.4207,1.9179,3.0000
392,workers,0,-6.9189,5.1890,3.0000
392,workers,1,7.8373,5.8845,3.0000
392,workers,2,4.0515,-3.3336,3.0000
392,workers,3,-1.2496,-2.1497,3.0000
393,general,0,0.0000,0.0000,5.0000
393,nodes,0,-5.5129,-2.7781,3.0000
393,nodes,1,5.5127,-2.7814,3.0000
393,nodes,2,-3.3880,3.3889,3.0000
393,nodes,3,3.3897,3.3869,3.0000
393,scouts,0,-4.0042,-2.8151,3.0000
393,scouts,1,-5.5042,-1.3151,3.0000
393,scouts,2,-7.0042,-2.8151,3.0000
393,scouts,3,-5.5042,-4.3151,3.0000
393,scouts,4,7.0042,-2.8183,3.0000
393,scouts,5,5.5042,-1.3183,3.0000
393,scouts,6,4.0042,-2.8183,3.0000
393,scouts,7,5.5042,-4.3183,3.0000
393,scouts,8,-1.9148,3.4156,3.0000
393,scouts,9,-3.4148,4.9156,3.0000
393,scouts,10,-4.9148,3.4156,3.0000
393,scouts,11,-3.4148,1.9156,3.0000
393,scouts,12,4.9165,3.4137,3.0000
393,scouts,13,3.4165,4.9137,3.0000
393,scouts,14,1.9165,3.4137,3.0000
393,scouts,15,3.4165,1.9137,3.0000
393,workers,0,-6.9308,5.2201,3.0000
393,workers,1,7.8398,5.9177,3.0000
393,workers,2,4.0731,-3.3591,3.0000
393,workers,3,-1.2748,-2.1715,3.0000
394,general,0,0.0000,0.0000,5.0000
394,nodes,0,-5.5142,-2.7723,3.0000
394,nodes,1,5.5141,-2.7757,3.0000
394,nodes,2,-3.3839,3.3848,3.0000
394,nodes,3,3.3857,3.3827,3.0000
394,scouts,0,-4.0055,-2.8094,3.0000
394,scouts,1,-5.5055,-1.3094,3.0000
394,scouts,2,-7.0055,-2.8094,3.0000
394,scouts,3,-5.5055,-4.3094,3.0000
394,scouts,4,7.0055,-2.8126,3.0000
394,scouts,5,5.5055,-1.3126,3.0000
394,scouts,6,4.0055,-2.8126,3.0000
394,scouts,7,5.5055,-4.3126,3.0000
394,scouts,8,-1.9107,3.4115,3.0000
394,scouts,9,-3.4107,4.9115,3.0000
394,scouts,10,-4.9107,3.4115,3.0000
394,scouts,11,-3.4107,1.9115,3.0000
394,scouts,12,4.9124,3.4096,3.0000
394,scouts,13,3.4124,4.9096,3.0000
394,scouts,14,1.9124,3.4096,3.0000
394,scouts,15,3.4124,1.9096,3.0000
394,workers,0,-6.9428,5.2512,3.0000
394,workers,1,7.8424,5.9510,3.0000
394,workers,2,4.0946,-3.3845,3.0000
394,workers,3,-1.3000,-2.1933,3.0000
395,general,0,0.0000,0.0000,5.0000
395,nodes,0,-5.5156,-2.7667,3.0000
395,nodes,1,5.5154,-2.7700,3.0000
395,nodes,2,-3.3798,3.3808,3.0000
395,nodes,3,3.3815,3.3786,3.0000
395,scouts,0,-4.0069,-2.8037,3.0000
395,scouts,1,-5.5069,-1.3037,3.0000
395,scouts,2,-7.0069,-2.8037,3.0000
395,scouts,3,-5.5069,-4.3037,3.0000
395,scouts,4,7.0068,-2.8070,3.0000
395,scouts,5,5.5068,-1.3070,3.0000
395,scouts,6,4.0068,-2.8070,3.0000
395,scouts,7,5.5068,-4.3070,3.0000
395,scouts,8,-1.9065,3.4074,3.0000
395,scouts,9,-3.4065,4.9074,3.0000
395,scouts,10,-4.9065,3.4074,3.0000
395,scouts,11,-3.4065,1.9074,3.0000
395,scouts,12,4.9083,3.4055,3.0000
395,scouts,13,3.4083,4.9055,3.0000
395,scouts,14,1.9083,3.4055,3.0000
395,scouts,15,3.4083,1.9055,3.0000
395,workers,0,-6.9548,5.2824,3.0000
395,workers,1,7.8449,5.9842,3.0000
395,workers,2,4.1161,-3.4100,3.0000
395,workers,3,-1.3252,-2.2152,3.0000
396,general,0,0.0000,0.0000,5.0000
396,nodes,0,-5.5170,-2.7610,3.0000
396,nodes,1,5.5167,-2.7644,3.0000
396,nodes,2,-3.3756,3.3767,3.0000
396,nodes,3,3.3773,3.3744,3.0000
396,scouts,0,-4.0082,-2.7980,3.0000
396,scouts,1,-5.5082,-1.2980,3.0000
396,scouts,2,-7.0082,-2.7980,3.0000
396,scouts,3,-5.5082,-4.2980,3.0000
396,scouts,4,7.0082,-2.8013,3.0000
396,scouts,5,5.5082,-1.3013,3.0000
396,scouts,6,4.0082,-2.8013,3.0000
396,scouts,7,5.5082,-4.3013,3.0000
396,scouts,8,-1.9024,3.4033,3.0000
396,scouts,9,-3.4024,4.9033,3.0000
396,scouts,10,-4.9024,3.4033,3.0000
396,scouts,11,-3.4024,1.9033,3.0000
396,scouts,12,4.9042,3.4013,3.0000
396,scouts,13,3.4042,4.9013,3.0000
396,scouts,14,1.9042,3.4013,3.0000
396,scouts,15,3.4042,1.9013,3.0000
396,workers,0,-6.9667,5.3135,3.0000
396,workers,1,7.8475,6.0175,3.0000
396,workers,2,4.1377,-3.4354,3.0000
396,workers,3,-1.3504,-2.2370,3.0000
397,general,0,0.0000,0.0000,5.0000
397,nodes,0,-5.5184,-2.7554,3.0000
397,nodes,1,5.5181,-2.7587,3.0000
397,nodes,2,-3.3715,3.3726,3.0000
397,nodes,3,3.3731,3.3702,3.0000
397,scouts,0,-4.0096,-2.7923,3.0000
397,scouts,1,-5.5096,-1.2923,3.0000
397,scouts,2,-7.0096,-2.7923,3.0000
397,scouts,3,-5.5096,-4.2923,3.0000
397,scouts,4,7.0095,-2.7956,3.0000
397,scouts,5,5.5095,-1.2956,3.0000
397,scouts,6,4.0095,-2.7956,3.0000
397,scouts,7,5.5095,-4.2956,3.0000
397,scouts,8,-1.8983,3.3992,3.0000
397,scouts,9,-3.3983,4.8992,3.0000
397,scouts,10,-4.8983,3.3992,3.0000
397,scouts,11,-3.3983,1.8992,3.0000
397,scouts,12,4.9000,3.3972,3.0000
397,scouts,13,3.4000,4.8972,3.0000
397,scouts,14,1.9000,3.3972,3.0000
397,scouts,15,3.4000,1.8972,3.0000
397,workers,0,-6.9787,5.3446,3.0000
397,workers,1,7.8501,6.0507,3.0000
397,workers,2,4.1592,-3.4609,3.0000
397,workers,3,-1.3756,-2.2588,3.0000
398,general,0,0.0000,0.0000,5.0000
398,nodes,0,-5.5196,-2.7497,3.0000
398,nodes,1,5.5194,-2.7530,3.0000
398,nodes,2,-3.3674,3.3686,3.0000
398,nodes,3,3.3690,3.3660,3.0000
398,scouts,0,-4.0109,-2.7866,3.0000
398,scouts,1,-5.5109,-1.2866,3.0000
398,scouts,2,-7.0109,-2.7866,3.0000
398,scouts,3,-5.5109,-4.2866,3.0000
398,scouts,4,7.0108,-2.7899,3.0000
398,scouts,5,5.5108,-1.2899,3.0000
398,scouts,6,4.0108,-2.7899,3.0000
398,scouts,7,5.5108,-4.2899,3.0000
398,scouts,8,-1.8942,3.3951,3.0000
398,scouts,9,-3.3942,4.8951,3.0000
398,scouts,10,-4.8942,3.3951,3.0000
398,scouts,11,-3.3942,1.8951,3.0000
398,scouts,12,4.8959,3.3930,3.0000
398,scouts,13,3.3959,4.8930,3.0000
398,scouts,14,1.8959,3.3930,3.0000
398,scouts,15,3.3959,1.8930,3.0000
398,workers,0,-6.9907,5.3757,3.0000
398,workers,1,7.8526,6.0839,3.0000
398,workers,2,4.1807,-3.4863,3.0000
398,workers,3,-1.4007,-2.2806,3.0000
399,general,0,0.0000,0.0000,5.0000
399,nodes,0,-5.5210,-2.7440,3.0000
399,nodes,1,5.5207,-2.7473,3.0000
399,nodes,2,-3.3632,3.3645,3.0000
399,nodes,3,3.3649,3.3619,3.0000
399,scouts,0,-4.0123,-2.7809,3.0000
399,scouts,1,-5.5123,-1.2809,3.0000
399,scouts,2,-7.0123,-2.7809,3.0000
399,scouts,3,-5.5123,-4.2809,3.0000
399,scouts,4,7.0121,-2.7842,3.0000
399,scouts,5,5.5121,-1.2842,3.0000
399,scouts,6,4.0121,-2.7842,3.0000
399,scouts,7,5.5121,-4.2842,3.0000
399,scouts,8,-1.8900,3.3911,3.0000
399,scouts,9,-3.3900,4.8911,3.0000
399,scouts,10,-4.8900,3.3911,3.0000
399,scouts,11,-3.3900,1.8911,3.0000
399,scouts,12,4.8917,3.3889,3.0000
399,scouts,13,3.3917,4.8889,3.0000
399,scouts,14,1.8917,3.3889,3.0000
399,scouts,15,3.3917,1.8889,3.0000
399,workers,0,-7.0026,5.4068,3.0000
399,workers,1,7.8552,6.1172,3.0000
399,workers,2,4.2023,-3.5118,3.0000
399,workers,3,-1.4259,-2.3025,3.0000
400,general,0,0.0000,0.0000,5.0000
400,nodes,0,-5.5223,-2.7383,3.0000
400,nodes,1,5.5220,-2.7417,3.0000
400,nodes,2,-3.3591,3.3604,3.0000
400,nodes,3,3.3607,3.3578,3.0000
400,scouts,0,-4.0136,-2.7753,3.0000
400,scouts,1,-5.5136,-1.2753,3.0000
400,scouts,2,-7.0136,-2.7753,3.0000
400,scouts,3,-5.5136,-4.2753,3.0000
400,scouts,4,7.0134,-2.7786,3.0000
400,scouts,5,5.5134,-1.2786,3.0000
400,scouts,6,4.0134,-2.7786,3.0000
400,scouts,7,5.5134,-4.2786,3.0000
400,scouts,8,-1.8859,3.3870,3.0000
400,scouts,9,-3.3859,4.8870,3.0000
400,scouts,10,-4.8859,3.3870,3.0000
400,scouts,11,-3.3859,1.8870,3.0000
400,scouts,12,4.8876,3.3847,3.0000
400,scouts,13,3.3876,4.8847,3.0000
400,scouts,14,1.8876,3.3847,3.0000
400,scouts,15,3.3876,1.8847,3.0000
400,workers,0,-7.0146,5.4379,3.0000
400,workers,1,7.8577,6.1504,3.0000
400,workers,2,4.2238,-3.5372,3.0000
400,workers,3,-1.4511,-2.3243,3.0000
401,general,0,0.0000,0.0000,5.0000
401,nodes,0,-5.5237,-2.7326,3.0000
401,nodes,1,5.5233,-2.7360,3.0000
401,nodes,2,-3.3550,3.3564,3.0000
401,nodes,3,3.3566,3.3537,3.0000
401,scouts,0,-4.0150,-2.7696,3.0000
401,scouts,1,-5.5150,-1.2696,3.0000
401,scouts,2,-7.0150,-2.7696,3.0000
401,scouts,3,-5.5150,-4.2696,3.0000
401,scouts,4,7.0148,-2.7729,3.0000
401,scouts,5,5.5148,-1.2729,3.0000
401,scouts,6,4.0148,-2.7729,3.0000
401,scouts,7,5.5148,-4.2729,3.0000
401,scouts,8,-1.8818,3.3829,3.0000
401,scouts,9,-3.3818,4.8829,3.0000
401,scouts,10,-4.8818,3.3829,3.0000
401,scouts,11,-3.3818,1.8829,3.0000
401,scouts,12,4.8835,3.3806,3.0000
401,scouts,13,3.3835,4.8806,3.0000
401,scouts,14,1.8835,3.3806,3.0000
401,scouts,15,3.3835,1.8806,3.0000
401,workers,0,-7.0265,5.4690,3.0000
401,workers,1,7.8603,6.1836,3.0000
401,workers,2,4.2453,-3.5626,3.0000
401,workers,3,-1.4763,-2.3461,3.0000
402,general,0,0.0000,0.0000,5.0000
402,nodes,0,-5.5250,-2.7270,3.0000
402,nodes,1,5.5247,-2.7303,3.0000
402,nodes,2,-3.3510,3.3523,3.0000
402,nodes,3,3.3524,3.3496,3.0000
402,scouts,0,-4.0163,-2.7639,3.0000
402,scouts,1,-5.5163,-1.2639,3.0000
402,scouts,2,-7.0163,-2.7639,3.0000
402,scouts,3,-5.5163,-4.2639,3.0000
402,scouts,4,7.0161,-2.7672,3.0000
402,scouts,5,5.5161,-1.2672,3.0000
402,scouts,6,4.0161,-2.7672,3.0000
402,scouts,7,5.5161,-4.2672,3.0000
402,scouts,8,-1.8777,3.3788,3.0000
402,scouts,9,-3.3777,4.8788,3.0000
402,scouts,10,-4.8777,3.3788,3.0000
402,scouts,11,-3.3777,1.8788,3.0000
402,scouts,12,4.8793,3.3765,3.0000
402,scouts,13,3.3793,4.8765,3.0000
402,scouts,14,1.8793,3.3765,3.0000
402,scouts,15,3.3793,1.8765,3.0000
402,workers,0,-7.0385,5.5001,3.0000
402,workers,1,7.8628,6.2169,3.0000
402,workers,2,4.2668,-3.5881,3.0000
402,workers,3,-1.5015,-2.3680,3.0000
403,general,0,0.0000,0.0000,5.0000
403,nodes,0,-5.5262,-2.7213,3.0000
403,nodes,1,5.5260,-2.7246,3.0000
403,nodes,2,-3.3468,3.3482,3.0000
403,nodes,3,3.3483,3.3455,3.0000
403,scouts,0,-4.0176,-2.7582,3.0000
403,scouts,1,-5.5176,-1.2582,3.0000
403,scouts,2,-7.0176,-2.7582,3.0000
403,scouts,3,-5.5176,-4.2582,3.0000
403,scouts,4,7.0174,-2.7615,3.0000
403,scouts,5,5.5174,-1.2615,3.0000
403,scouts,6,4.0174,-2.7615,3.0000
403,scouts,7,5.5174,-4.2615,3.0000
403,scouts,8,-1.8736,3.3747,3.0000
403,scouts,9,-3.3736,4.8747,3.0000
403,scouts,10,-4.8736,3.3747,3.0000
403,scouts,11,-3.3736,1.8747,3.0000
403,scouts,12,4.8752,3.3723,3.0000
403,scouts,13,3.3752,4.8723,3.0000
403,scouts,14,1.8752,3.3723,3.0000
403,scouts,15,3.3752,1.8723,3.0000
403,workers,0,-7.0505,5.5312,3.0000
403,workers,1,7.8654,6.2501,3.0000
403,workers,2,4.2884,-3.6135,3.0000
403,workers,3,-1.5267,-2.3898,3.0000
404,general,0,0.0000,0.0000,5.0000
404,nodes,0,-5.5275,-2.7157,3.0000
404,nodes,1,5.5274,-2.7189,3.0000
404,nodes,2,-3.3428,3.3440,3.0000
404,nodes,3,3.3443,3.3413,3.0000
404,scouts,0,-4.0189,-2.7526,3.0000
404,scouts,1,-5.5189,-1.2526,3.0000
404,scouts,2,-7.0189,-2.7526,3.0000
404,scouts,3,-5.5189,-4.2526,3.0000
404,scouts,4,7.0187,-2.7559,3.0000
404,scouts,5,5.5187,-1.2559,3.0000
404,scouts,6,4.0187,-2.7559,3.0000
404,scouts,7,5.5187,-4.2559,3.0000
404,scouts,8,-1.8695,3.3706,3.0000
404,scouts,9,-3.3695,4.8706,3.0000
404,scouts,10,-4.8695,3.3706,3.0000
404,scouts,11,-3.3695,1.8706,3.0000
404,scouts,12,4.8711,3.3682,3.0000
404,scouts,13,3.3711,4.8682,3.0000
404,scouts,14,1.8711,3.3682,3.0000
404,scouts,15,3.3711,1.8682,3.0000
404,workers,0,-7.0624,5.5624,3.0000
404,workers,1,7.8679,6.2833,3.0000
404,workers,2,4.3099,-3.6390,3.0000
404,workers,3,-1.5519,-2.4116,3.0000
405,general,0,0.0000,0.0000,5.0000
405,nodes,0,-5.5288,-2.7100,3.0000
405,nodes,1,5.5287,-2.7132,3.0000
405,nodes,2,-3.3387,3.3399,3.0000
405,nodes,3,3.3401,3.3372,3.0000
405,scouts,0,-4.0203,-2.7469,3.0000
405,scouts,1,-5.5203,-1.2469,3.0000
405,scouts,2,-7.0203,-2.7469,3.0000
405,scouts,3,-5.5203,-4.2469,3.0000
405,scouts,4,7.0201,-2.7502,3.0000
405,scouts,5,5.5201,-1.2502,3.0000
405,scouts,6,4.0201,-2.7502,3.0000
405,scouts,7,5.5201,-4.2502,3.0000
405,scouts,8,-1.8654,3.3665,3.0000
405,scouts,9,-3.3654,4.8665,3.0000
405,scouts,10,-4.8654,3.3665,3.0000
405,scouts,11,-3.3654,1.8665,3.0000
405,scouts,12,4.8669,3.3641,3.0000
405,scouts,13,3.3669,4.8641,3.0000
405,scouts,14,1.8669,3.3641,3.0000
405,scouts,15,3.3669,1.8641,3.0000
405,workers,0,-7.0744,5.5935,3.0000
405,workers,1,7.8705,6.3166,3.0000
405,workers,2,4.3314,-3.6644,3.0000
405,workers,3,-1.5771,-2.4335,3.0000
406,general,0,0.0000,0.0000,5.0000
406,nodes,0,-5.5302,-2.7043,3.0000
406,nodes,1,5.5301,-2.7075,3.0000
406,nodes,2,-3.3346,3.3358,3.0000
406,nodes,3,3.3361,3.3331,3.0000
406,scouts,0,-4.0216,-2.7412,3.0000
406,scouts,1,-5.5216,-1.2412,3.0000
406,scouts,2,-7.0216,-2.7412,3.0000
406,scouts,3,-5.5216,-4.2412,3.0000
406,scouts,4,7.0214,-2.7445,3.0000
406,scouts,5,5.5214,-1.2445,3.0000
406,scouts,6,4.0214,-2.7445,3.0000
406,scouts,7,5.5214,-4.2445,3.0000
406,scouts,8,-1.8613,3.3624,3.0000
406,scouts,9,-3.3613,4.8624,3.0000
406,scouts,10,-4.8613,3.3624,3.0000
406,scouts,11,-3.3613,1.8624,3.0000
406,scouts,12,4.8628,3.3599,3.0000
406,scouts,13,3.3628,4.8599,3.0000
406,scouts,14,1.8628,3.3599,3.0000
406,scouts,15,3.3628,1.8599,3.0000
406,workers,0,-7.0864,5.6246,3.0000
406,workers,1,7.8731,6.3498,3.0000
406,workers,2,4.3530,-3.6899,3.0000
406,workers,3,-1.6023,-2.4553,3.0000
407,general,0,0.0000,0.0000,5.0000
407,nodes,0,-5.5315,-2.6987,3.0000
407,nodes,1,5.5315,-2.7018,3.0000
407,nodes,2,-3.3305,3.3318,3.0000
407,nodes,3,3.3320,3.3290,3.0000
407,scouts,0,-4.0229,-2.7355,3.0000
407,scouts,1,-5.5229,-1.2355,3.0000
407,scouts,2,-7.0229,-2.7355,3.0000
407,scouts,3,-5.5229,-4.2355,3.0000
407,scouts,4,7.0227,-2.7388,3.0000
407,scouts,5,5.5227,-1.2388,3.0000
407,scouts,6,4.0227,-2.7388,3.0000
407,scouts,7,5.5227,-4.2388,3.0000
407,scouts,8,-1.8572,3.3583,3.0000
407,scouts,9,-3.3572,4.8583,3.0000
407,scouts,10,-4.8572,3.3583,3.0000
407,scouts,11,-3.3572,1.8583,3.0000
407,scouts,12,4.8587,3.3558,3.0000
407,scouts,13,3.3587,4.8558,3.0000
407,scouts,14,1.8587,3.3558,3.0000
407,scouts,15,3.3587,1.8558,3.0000
407,workers,0,-7.0983,5.6557,3.0000
407,workers,1,7.8756,6.3830,3.0000
407,workers,2,4.3745,-3.7153,3.0000
407,workers,3,-1.6274,-2.4771,3.0000
408,general,0,0.0000,0.0000,5.0000
408,nodes,0,-5.5329,-2.6930,3.0000
408,nodes,1,5.5328,-2.6961,3.0000
408,nodes,2,-3.3263,3.3276,3.0000
408,nodes,3,3.3279,3.3248,3.0000
408,scouts,0,-4.0242,-2.7299,3.0000
408,scouts,1,-5.5242,-1.2299,3.0000
408,scouts,2,-7.0242,-2.7299,3.0000
408,scouts,3,-5.5242,-4.2299,3.0000
408,scouts,4,7.0241,-2.7331,3.0000
408,scouts,5,5.5241,-1.2331,3.0000
408,scouts,6,4.0241,-2.7331,3.0000
408,scouts,7,5.5241,-4.2331,3.0000
408,scouts,8,-1.8531,3.3542,3.0000
408,scouts,9,-3.3531,4.8542,3.0000
408,scouts,10,-4.8531,3.3542,3.0000
408,scouts,11,-3.3531,1.8542,3.0000
408,scouts,12,4.8546,3.3517,3.0000
408,scouts,13,3.3546,4.8517,3.0000
408,scouts,14,1.8546,3.3517,3.0000
408,scouts,15,3.3546,1.8517,3.0000
408,workers,0,-7.1103,5.6868,3.0000
408,workers,1,7.8782,6.4163,3.0000
408,workers,2,4.3960,-3.7408,3.0000
408,workers,3,-1.6526,-2.4990,3.0000
409,general,0,0.0000,0.0000,5.0000
409,nodes,0,-5.5343,-2.6874,3.0000
409,nodes,1,5.5341,-2.6904,3.0000
409,nodes,2,-3.3222,3.3235,3.0000
409,nodes,3,3.3238,3.3206,3.0000
409,scouts,0,-4.0256,-2.7242,3.0000
409,scouts,1,-5.5256,-1.2242,3.0000
409,scouts,2,-7.0256,-2.7242,3.0000
409,scouts,3,-5.5256,-4.2242,3.0000
409,scouts,4,7.0254,-2.7274,3.0000
409,scouts,5,5.5254,-1.2274,3.0000
409,scouts,6,4.0254,-2.7274,3.0000
409,scouts,7,5.5254,-4.2274,3.0000
409,scouts,8,-1.8489,3.3501,3.0000
409,scouts,9,-3.3489,4.8501,3.0000
409,scouts,10,-4.8489,3.3501,3.0000
409,scouts,11,-3.3489,1.8501,3.0000
409,scouts,12,4.8505,3.3475,3.0000
409,scouts,13,3.3505,4.8475,3.0000
409,scouts,14,1.8505,3.3475,3.0000
409,scouts,15,3.3505,1.8475,3.0000
409,workers,0,-7.1223,5.7179,3.0000
409,workers,1,7.8807,6.4495,3.0000
409,workers,2,4.4176,-3.7662,3.0000
409,workers,3,-1.6778,-2.5208,3.0000
410,general,0,0.0000,0.0000,5.0000
410,nodes,0,-5.5356,-2.6817,3.0000
410,nodes,1,5.5354,-2.6847,3.0000
410,nodes,2,-3.3180,3.3194,3.0000
410,nodes,3,3.3198,3.3165,3.0000
410,scouts,0,-4.0269,-2.7185,3.0000
410,scouts,1,-5.5269,-1.2185,3.0000
410,scouts,2,-7.0269,-2.7185,3.0000
410,scouts,3,-5.5269,-4.2185,3.0000
410,scouts,4,7.0268,-2.7217,3.0000
410,scouts,5,5.5268,-1.2217,3.0000
410,scouts,6,4.0268,-2.7217,3.0000
410,scouts,7,5.5268,-4.2217,3.0000
410,scouts,8,-1.8448,3.3460,3.0000
410,scouts,9,-3.3448,4.8460,3.0000
410,scouts,10,-4.8448,3.3460,3.0000
410,scouts,11,-3.3448,1.8460,3.0000
410,scouts,12,4.8464,3.3434,3.0000
410,scouts,13,3.3464,4.8434,3.0000
410,scouts,14,1.8464,3.3434,3.0000
410,scouts,15,3.3464,1.8434,3.0000
410,workers,0,-7.1342,5.7490,3.0000
410,workers,1,7.8833,6.4827,3.0000
410,workers,2,4.4391,-3.7917,3.0000
410,workers,3,-1.7030,-2.5426,3.0000
411,general,0,0.0000,0.0000,5.0000
411,nodes,0,-5.5369,-2.6761,3.0000
411,nodes,1,5.5367,-2.6790,3.0000
411,nodes,2,-3.3139,3.3152,3.0000
411,nodes,3,3.3156,3.3124,3.0000
411,scouts,0,-4.0282,-2.7129,3.0000
411,scouts,1,-5.5282,-1.2129,3.0000
411,scouts,2,-7.0282,-2.7129,3.0000
411,scouts,3,-5.5282,-4.2129,3.0000
411,scouts,4,7.0281,-2.7160,3.0000
411,scouts,5,5.5281,-1.2160,3.0000
411,scouts,6,4.0281,-2.7160,3.0000
411,scouts,7,5.5281,-4.2160,3.0000
411,scouts,8,-1.8407,3.3419,3.0000
411,scouts,9,-3.3407,4.8419,3.0000
411,scouts,10,-4.8407,3.3419,3.0000
411,scouts,11,-3.3407,1.8419,3.0000
411,scouts,12,4.8423,3.3393,3.0000
411,scouts,13,3.3423,4.8393,3.0000
411,scouts,14,1.8423,3.3393,3.0000
411,scouts,15,3.3423,1.8393,3.0000
411,workers,0,-7.1462,5.7801,3.0000
411,workers,1,7.8858,6.5160,3.0000
411,workers,2,4.4606,-3.8171,3.0000
411,workers,3,-1.7282,-2.5644,3.0000
412,general,0,0.0000,0.0000,5.0000
412,nodes,0,-5.5382,-2.6704,3.0000
412,nodes,1,5.5379,-2.6733,3.0000
412,nodes,2,-3.3098,3.3111,3.0000
412,nodes,3,3.3114,3.3083,3.0000
412,scouts,0,-4.0296,-2.7072,3.0000
412,scouts,1,-5.5296,-1.2072,3.0000
412,scouts,2,-7.0296,-2.7072,3.0000
412,scouts,3,-5.5296,-4.2072,3.0000
412,scouts,4,7.0294,-2.7103,3.0000
412,scouts,5,5.5294,-1.2103,3.0000
412,scouts,6,4.0294,-2.7103,3.0000
412,scouts,7,5.5294,-4.2103,3.0000
412,scouts,8,-1.8366,3.3378,3.0000
412,scouts,9,-3.3366,4.8378,3.0000
412,scouts,10,-4.8366,3.3378,3.0000
412,scouts,11,-3.3366,1.8378,3.0000
412,scouts,12,4.8382,3.3351,3.0000
412,scouts,13,3.3382,4.8351,3.0000
412,scouts,14,1.8382,3.3351,3.0000
412,scouts,15,3.3382,1.8351,3.0000
412,workers,0,-7.1582,5.8113,3.0000
412,workers,1,7.8884,6.5492,3.0000
412,workers,2,4.4822,-3.8426,3.0000
412,workers,3,-1.7534,-2.5863,3.0000
413,general,0,0.0000,0.0000,5.0000
413,nodes,0,-5.5395,-2.6647,3.0000
413,nodes,1,5.5393,-2.6676,3.0000
413,nodes,2,-3.3056,3.3070,3.0000
413,nodes,3,3.3073,3.3041,3.0000
413,scouts,0,-4.0309,-2.7015,3.0000
413,scouts,1,-5.5309,-1.2015,3.0000
413,scouts,2,-7.0309,-2.7015,3.0000
413,scouts,3,-5.5309,-4.2015,3.0000
413,scouts,4,7.0307,-2.7046,3.0000
413,scouts,5,5.5307,-1.2046,3.0000
413,scouts,6,4.0307,-2.7046,3.0000
413,scouts,7,5.5307,-4.2046,3.0000
413,scouts,8,-1.8324,3.3337,3.0000
413,scouts,9,-3.3324,4.8337,3.0000
413,scouts,10,-4.8324,3.3337,3.0000
413,scouts,11,-3.3324,1.8337,3.0000
413,scouts,12,4.8341,3.3310,3.0000
413,scouts,13,3.3341,4.8310,3.0000
413,scouts,14,1.8341,3.3310,3.0000
413,scouts,15,3.3341,1.8310,3.0000
413,workers,0,-7.1701,5.8424,3.0000
413,workers,1,7.8910,6.5824,3.0000
413,workers,2,4.5037,-3.8680,3.0000
413,workers,3,-1.7786,-2.6081,3.0000
414,general,0,0.0000,0.0000,5.0000
414,nodes,0,-5.5407,-2.6590,3.0000
414,nodes,1,5.5406,-2.6620,3.0000
414,nodes,2,-3.3015,3.3029,3.0000
414,nodes,3,3.3031,3.3000,3.0000
414,scouts,0,-4.0322,-2.6959,3.0000
414,scouts,1,-5.5322,-1.1959,3.0000
414,scouts,2,-7.0322,-2.6959,3.0000
414,scouts,3,-5.5322,-4.1959,3.0000
414,scouts,4,7.0320,-2.6989,3.0000
414,scouts,5,5.5320,-1.1989,3.0000
414,scouts,6,4.0320,-2.6989,3.0000
414,scouts,7,5.5320,-4.1989,3.0000
414,scouts,8,-1.8283,3.3296,3.0000
414,scouts,9,-3.3283,4.8296,3.0000
414,scouts,10,-4.8283,3.3296,3.0000
414,scouts,11,-3.3283,1.8296,3.0000
414,scouts,12,4.8299,3.3269,3.0000
414,scouts,13,3.3299,4.8269,3.0000
414,scouts,14,1.8299,3.3269,3.0000
414,scouts,15,3.3299,1.8269,3.0000
414,workers,0,-7.1821,5.8735,3.0000
414,workers,1,7.8935,6.6157,3.0000
414,workers,2,4.5252,-3.8934,3.0000
414,workers,3,-1.8038,-2.6299,3.0000
415,general,0,0.0000,0.0000,5.0000
415,nodes,0,-5.5420,-2.6534,3.0000
415,nodes,1,5.5420,-2.6563,3.0000
415,nodes,2,-3.2973,3.2987,3.0000
415,nodes,3,3.2989,3.2959,3.0000
415,scouts,0,-4.0335,-2.6902,3.0000
415,scouts,1,-5.5335,-1.1902,3.0000
415,scouts,2,-7.0335,-2.6902,3.0000
415,scouts,3,-5.5335,-4.1902,3.0000
415,scouts,4,7.0334,-2.6933,3.0000
415,scouts,5,5.5334,-1.1933,3.0000
415,scouts,6,4.0334,-2.6933,3.0000
415,scouts,7,5.5334,-4.1933,3.0000
415,scouts,8,-1.8242,3.3255,3.0000
415,scouts,9,-3.3242,4.8255,3.0000
415,scouts,10,-4.8242,3.3255,3.0000
415,scouts,11,-3.3242,1.8255,3.0000
415,scouts,12,4.8258,3.3227,3.0000
415,scouts,13,3.3258,4.8227,3.0000
415,scouts,14,1.8258,3.3227,3.0000
415,scouts,15,3.3258,1.8227,3.0000
415,workers,0,-7.1941,5.9046,3.0000
415,workers,1,7.8961,6.6489,3.0000
415,workers,2,4.5468,-3.9189,3.0000
415,workers,3,-1.8290,-2.6518,3.0000
416,general,0,0.0000,0.0000,5.0000
416,nodes,0,-5.5433,-2.6477,3.0000
416,nodes,1,5.5433,-2.6506,3.0000
416,nodes,2,-3.2932,3.2946,3.0000
416,nodes,3,3.2948,3.2917,3.0000
416,scouts,0,-4.0348,-2.6845,3.0000
416,scouts,1,-5.5348,-1.1845,3.0000
416,scouts,2,-7.0348,-2.6845,3.0000
416,scouts,3,-5.5348,-4.1845,3.0000
416,scouts,4,7.0347,-2.6876,3.0000
416,scouts,5,5.5347,-1.1876,3.0000
416,scouts,6,4.0347,-2.6876,3.0000
416,scouts,7,5.5347,-4.1876,3.0000
416,scouts,8,-1.8201,3.3214,3.0000
416,scouts,9,-3.3201,4.8214,3.0000
416,scouts,10,-4.8201,3.3214,3.0000
416,scouts,11,-3.3201,1.8214,3.0000
416,scouts,12,4.8217,3.3186,3.0000
416,scouts,13,3.3217,4.8186,3.0000
416,scouts,14,1.8217,3.3186,3.0000
416,scouts,15,3.3217,1.8186,3.0000
416,workers,0,-7.2060,5.9357,3.0000
416,workers,1,7.8986,6.6822,3.0000
416,workers,2,4.5683,-3.9443,3.0000
416,workers,3,-1.8542,-2.6736,3.0000
417,general,0,0.0000,0.0000,5.0000
417,nodes,0,-5.5447,-2.6420,3.0000
417,nodes,1,5.5446,-2.6449,3.0000
417,nodes,2,-3.2891,3.2904,3.0000
417,nodes,3,3.2907,3.2875,3.0000
417,scouts,0,-4.0361,-2.6789,3.0000
417,scouts,1,-5.5361,-1.1789,3.0000
417,scouts,2,-7.0361,-2.6789,3.0000
417,scouts,3,-5.5361,-4.1789,3.0000
417,scouts,4,7.0360,-2.6819,3.0000
417,scouts,5,5.5360,-1.1819,3.0000
417,scouts,6,4.0360,-2.6819,3.0000
417,scouts,7,5.5360,-4.1819,3.0000
417,scouts,8,-1.8159,3.3172,3.0000
417,scouts,9,-3.3159,4.8172,3.0000
417,scouts,10,-4.8159,3.3172,3.0000
417,scouts,11,-3.3159,1.8172,3.0000
417,scouts,12,4.8175,3.3144,3.0000
417,scouts,13,3.3175,4.8144,3.0000
417,scouts,14,1.8175,3.3144,3.0000
417,scouts,15,3.3175,1.8144,3.0000
417,workers,0,-7.2180,5.9668,3.0000
417,workers,1,7.9012,6.7154,3.0000
417,workers,2,4.5898,-3.9698,3.0000
417,workers,3,-1.8793,-2.6954,3.0000
418,general,0,0.0000,0.0000,5.0000
418,nodes,0,-5.5460,-2.6363,3.0000
418,nodes,1,5.5459,-2.6393,3.0000
418,nodes,2,-3.2850,3.2862,3.0000
418,nodes,3,3.2865,3.2834,3.0000
418,scouts,0,-4.0375,-2.6732,3.0000
418,scouts,1,-5.5375,-1.1732,3.0000
418,scouts,2,-7.0375,-2.6732,3.0000
418,scouts,3,-5.5375,-4.1732,3.0000
418,scouts,4,7.0373,-2.6762,3.0000
418,scouts,5,5.5373,-1.1762,3.0000
418,scouts,6,4.0373,-2.6762,3.0000
418,scouts,7,5.5373,-4.1762,3.0000
418,scouts,8,-1.8118,3.3131,3.0000
418,scouts,9,-3.3118,4.8131,3.0000
418,scouts,10,-4.8118,3.3131,3.0000
418,scouts,11,-3.3118,1.8131,3.0000
418,scouts,12,4.8134,3.3103,3.0000
418,scouts,13,3.3134,4.8103,3.0000
418,scouts,14,1.8134,3.3103,3.0000
418,scouts,15,3.3134,1.8103,3.0000
418,workers,0,-7.2300,5.9979,3.0000
418,workers,1,7.9037,6.7486,3.0000
418,workers,2,4.6114,-3.9952,3.0000
418,workers,3,-1.9045,-2.7173,3.0000
419,general,0,0.0000,0.0000,5.0000
419,nodes,0,-5.5473,-2.6307,3.0000
419,nodes,1,5.5472,-2.6336,3.0000
419,nodes,2,-3.2808,3.2820,3.0000
419,nodes,3,3.2823,3.2793,3.0000
419,scouts,0,-4.0388,-2.6675,3.0000
419,scouts,1,-5.5388,-1.1675,3.0000
419,scouts,2,-7.0388,-2.6675,3.0000
419,scouts,3,-5.5388,-4.1675,3.0000
419,scouts,4,7.0386,-2.6705,3.0000
419,scouts,5,5.5386,-1.1705,3.0000
419,scouts,6,4.0386,-2.6705,3.0000
419,scouts,7,5.5386,-4.1705,3.0000
419,scouts,8,-1.8077,3.3090,3.0000
419,scouts,9,-3.3077,4.8090,3.0000
419,scouts,10,-4.8077,3.3090,3.0000
419,scouts,11,-3.3077,1.8090,3.0000
419,scouts,12,4.8092,3.3062,3.0000
419,scouts,13,3.3092,4.8062,3.0000
419,scouts,14,1.8092,3.3062,3.0000
419,scouts,15,3.3092,1.8062,3.0000
419,workers,0,-7.2419,6.0290,3.0000
419,workers,1,7.9063,6.7819,3.0000
419,workers,2,4.6329,-4.0207,3.0000
419,workers,3,-1.9297,-2.7391,3.0000
420,general,0,0.0000,0.0000,5.0000
420,nodes,0,-5.5487,-2.6250,3.0000
420,nodes,1,5.5485,-2.6279,3.0000
420,nodes,2,-3.2767,3.2779,3.0000
420,nodes,3,3.2782,3.2753,3.0000
420,scouts,0,-4.0401,-2.6619,3.0000
420,scouts,1,-5.5401,-1.1619,3.0000
420,scouts,2,-7.0401,-2.6619,3.0000
420,scouts,3,-5.5401,-4.1619,3.0000
420,scouts,4,7.0400,-2.6648,3.0000
420,scouts,5,5.5400,-1.1648,3.0000
420,scouts,6,4.0400,-2.6648,3.0000
420,scouts,7,5.5400,-4.1648,3.0000
420,scouts,8,-1.8035,3.3048,3.0000
420,scouts,9,-3.3035,4.8048,3.0000
420,scouts,10,-4.8035,3.3048,3.0000
420,scouts,11,-3.3035,1.8048,3.0000
420,scouts,12,4.8051,3.3021,3.0000
420,scouts,13,3.3051,4.8021,3.0000
420,scouts,14,1.8051,3.3021,3.0000
420,scouts,15,3.3051,1.8021,3.0000
420,workers,0,-7.2539,6.0601,3.0000
420,workers,1,7.9089,6.8151,3.0000
420,workers,2,4.6544,-4.0461,3.0000
420,workers,3,-1.9549,-2.7609,3.0000
421,general,0,0.0000,0.0000,5.0000
421,nodes,0,-5.5501,-2.6193,3.0000
421,nodes,1,5.5499,-2.6222,3.0000
421,nodes,2,-3.2726,3.2737,3.0000
421,nodes,3,3.2740,3.2712,3.0000
421,scouts,0,-4.0414,-2.6562,3.0000
421,scouts,1,-5.5414,-1.1562,3.0000
421,scouts,2,-7.0414,-2.6562,3.0000
421,scouts,3,-5.5414,-4.1562,3.0000
421,scouts,4,7.0413,-2.6591,3.0000
421,scouts,5,5.5413,-1.1591,3.0000
421,scouts,6,4.0413,-2.6591,3.0000
421,scouts,7,5.5413,-4.1591,3.0000
421,scouts,8,-1.7994,3.3007,3.0000
421,scouts,9,-3.2994,4.8007,3.0000
421,scouts,10,-4.7994,3.3007,3.0000
421,scouts,11,-3.2994,1.8007,3.0000
421,scouts,12,4.8010,3.2979,3.0000
421,scouts,13,3.3010,4.7979,3.0000
421,scouts,14,1.8010,3.2979,3.0000
421,scouts,15,3.3010,1.7979,3.0000
421,workers,0,-7.2659,6.0913,3.0000
421,workers,1,7.9114,6.8483,3.0000
421,workers,2,4.6759,-4.0716,3.0000
421,workers,3,-1.9801,-2.7828,3.0000
422,general,0,0.0000,0.0000,5.0000
422,nodes,0,-5.5514,-2.6137,3.0000
422,nodes,1,5.5512,-2.6165,3.0000
422,nodes,2,-3.2685,3.2696,3.0000
422,nodes,3,3.2698,3.2671,3.0000
422,scouts,0,-4.0428,-2.6505,3.0000
422,scouts,1,-5.5428,-1.1505,3.0000
422,scouts,2,-7.0428,-2.6505,3.0000
422,scouts,3,-5.5428,-4.1505,3.0000
422,scouts,4,7.0426,-2.6534,3.0000
422,scouts,5,5.5426,-1.1534,3.0000
422,scouts,6,4.0426,-2.6534,3.0000
422,scouts,7,5.5426,-4.1534,3.0000
422,scouts,8,-1.7953,3.2965,3.0000
422,scouts,9,-3.2953,4.7965,3.0000
422,scouts,10,-4.7953,3.2965,3.0000
422,scouts,11,-3.2953,1.7965,3.0000
422,scouts,12,4.7968,3.2938,3.0000
422,scouts,13,3.2968,4.7938,3.0000
422,scouts,14,1.7968,3.2938,3.0000
422,scouts,15,3.2968,1.7938,3.0000
422,workers,0,-7.2778,6.1224,3.0000
422,workers,1,7.9140,6.8816,3.0000
422,workers,2,4.6975,-4.0970,3.0000
422,workers,3,-2.0053,-2.8046,3.0000
423,general,0,0.0000,0.0000,5.0000
423,nodes,0,-5.5528,-2.6080,3.0000
423,nodes,1,5.5525,-2.6108,3.0000
423,nodes,2,-3.2644,3.2654,3.0000
423,nodes,3,3.2656,3.2630,3.0000
423,scouts,0,-4.0441,-2.6448,3.0000
423,scouts,1,-5.5441,-1.1448,3.0000
423,scouts,2,-7.0441,-2.6448,3.0000
423,scouts,3,-5.5441,-4.1448,3.0000
423,scouts,4,7.0439,-2.6478,3.0000
423,scouts,5,5.5439,-1.1478,3.0000
423,scouts,6,4.0439,-2.6478,3.0000
423,scouts,7,5.5439,-4.1478,3.0000
423,scouts,8,-1.7912,3.2924,3.0000
423,scouts,9,-3.2912,4.7924,3.0000
423,scouts,10,-4.7912,3.2924,3.0000
423,scouts,11,-3.2912,1.7924,3.0000
423,scouts,12,4.7926,3.2897,3.0000
423,scouts,13,3.2926,4.7897,3.0000
423,scouts,14,1.7926,3.2897,3.0000
423,scouts,15,3.2926,1.7897,3.0000
423,workers,0,-7.2898,6.1535,3.0000
423,workers,1,7.9165,6.9148,3.0000
423,workers,2,4.7190,-4.1225,3.0000
423,workers,3,-2.0305,-2.8264,3.0000
424,general,0,0.0000,0.0000,5.0000
424,nodes,0,-5.5541,-2.6023,3.0000
424,nodes,1,5.5538,-2.6051,3.0000
424,nodes,2,-3.2603,3.2613,3.0000
424,nodes,3,3.2614,3.2589,3.0000
424,scouts,0,-4.0454,-2.6392,3.0000
424,scouts,1,-5.5454,-1.1392,3.0000
424,scouts,2,-7.0454,-2.6392,3.0000
424,scouts,3,-5.5454,-4.1392,3.0000
424,scouts,4,7.0453,-2.6421,3.0000
424,scouts,5,5.5453,-1.1421,3.0000
424,scouts,6,4.0453,-2.6421,3.0000
424,scouts,7,5.5453,-4.1421,3.0000
424,scouts,8,-1.7871,3.2882,3.0000
424,scouts,9,-3.2871,4.7882,3.0000
424,scouts,10,-4.7871,3.2882,3.0000
424,scouts,11,-3.2871,1.7882,3.0000
424,scouts,12,4.7885,3.2856,3.0000
424,scouts,13,3.2885,4.7856,3.0000
424,scouts,14,1.7885,3.2856,3.0000
424,scouts,15,3.2885,1.7856,3.0000
424,workers,0,-7.3018,6.1846,3.0000
424,workers,1,7.9191,6.9480,3.0000
424,workers,2,4.7405,-4.1479,3.0000
424,workers,3,-2.0557,-2.8483,3.0000
425,general,0,0.0000,0.0000,5.0000
425,nodes,0,-5.5554,-2.5966,3.0000
425,nodes,1,5.5551,-2.5994,3.0000
425,nodes,2,-3.2562,3.2572,3.0000
425,nodes,3,3.2572,3.2548,3.0000
425,scouts,0,-4.0468,-2.6335,3.0000
425,scouts,1,-5.5468,-1.1335,3.0000
425,scouts,2,-7.0468,-2.6335,3.0000
425,scouts,3,-5.5468,-4.1335,3.0000
425,scouts,4,7.0466,-2.6364,3.0000
425,scouts,5,5.5466,-1.1364,3.0000
425,scouts,6,4.0466,-2.6364,3.0000
425,scouts,7,5.5466,-4.1364,3.0000
425,scouts,8,-1.7830,3.2841,3.0000
425,scouts,9,-3.2830,4.7841,3.0000
425,scouts,10,-4.7830,3.2841,3.0000
425,scouts,11,-3.2830,1.7841,3.0000
425,scouts,12,4.7843,3.2815,3.0000
425,scouts,13,3.2843,4.7815,3.0000
425,scouts,14,1.7843,3.2815,3.0000
425,scouts,15,3.2843,1.7815,3.0000
425,workers,0,-7.3137,6.2157,3.0000
425,workers,1,7.9216,6.9813,3.0000
425,workers,2,4.7621,-4.1734,3.0000
425,workers,3,-2.0809,-2.8701,3.0000
426,general,0,0.0000,0.0000,5.0000
426,nodes,0,-5.5569,-2.5909,3.0000
426,nodes,1,5.5565,-2.5937,3.0000
426,nodes,2,-3.2521,3.2531,3.0000
426,nodes,3,3.2530,3.2508,3.0000
426,scouts,0,-4.0481,-2.6278,3.0000
426,scouts,1,-5.5481,-1.1278,3.0000
426,scouts,2,-7.0481,-2.6278,3.0000
426,scouts,3,-5.5481,-4.1278,3.0000
426,scouts,4,7.0479,-2.6307,3.0000
426,scouts,5,5.5479,-1.1307,3.0000
426,scouts,6,4.0479,-2.6307,3.0000
426,scouts,7,5.5479,-4.1307,3.0000
426,scouts,8,-1.7788,3.2800,3.0000
426,scouts,9,-3.2788,4.7800,3.0000
426,scouts,10,-4.7788,3.2800,3.0000
426,scouts,11,-3.2788,1.7800,3.0000
426,scouts,12,4.7801,3.2774,3.0000
426,scouts,13,3.2801,4.7774,3.0000
426,scouts,14,1.7801,3.2774,3.0000
426,scouts,15,3.2801,1.7774,3.0000
426,workers,0,-7.3257,6.2468,3.0000
426,workers,1,7.9242,7.0145,3.0000
426,workers,2,4.7836,-4.1988,3.0000
426,workers,3,-2.1061,-2.8919,3.0000
427,general,0,0.0000,0.0000,5.0000
427,nodes,0,-5.5582,-2.5853,3.0000
427,nodes,1,5.5578,-2.5880,3.0000
427,nodes,2,-3.2480,3.2491,3.0000
427,nodes,3,3.2488,3.2467,3.0000
427,scouts,0,-4.0495,-2.6222,3.0000
427,scouts,1,-5.5495,-1.1222,3.0000
427,scouts,2,-7.0495,-2.6222,3.0000
427,scouts,3,-5.5495,-4.1222,3.0000
427,scouts,4,7.0492,-2.6250,3.0000
427,scouts,5,5.5492,-1.1250,3.0000
427,scouts,6,4.0492,-2.6250,3.0000
427,scouts,7,5.5492,-4.1250,3.0000
427,scouts,8,-1.7747,3.2758,3.0000
427,scouts,9,-3.2747,4.7758,3.0000
427,scouts,10,-4.7747,3.2758,3.0000
427,scouts,11,-3.2747,1.7758,3.0000
427,scouts,12,4.7760,3.2733,3.0000
427,scouts,13,3.2760,4.7733,3.0000
427,scouts,14,1.7760,3.2733,3.0000
427,scouts,15,3.2760,1.7733,3.0000
427,workers,0,-7.3377,6.2779,3.0000
427,workers,1,7.9267,7.0477,3.0000
427,workers,2,4.8051,-4.2243,3.0000
427,workers,3,-2.1312,-2.9137,3.0000
428,general,0,0.0000,0.0000,5.0000
428,nodes,0,-5.5595,-2.5796,3.0000
428,nodes,1,5.5591,-2.5824,3.0000
428,nodes,2,-3.2439,3.2450,3.0000
428,nodes,3,3.2447,3.2425,3.0000
428,scouts,0,-4.0508,-2.6165,3.0000
428,scouts,1,-5.5508,-1.1165,3.0000
428,scouts,2,-7.0508,-2.6165,3.0000
428,scouts,3,-5.5508,-4.1165,3.0000
428,scouts,4,7.0505,-2.6193,3.0000
428,scouts,5,5.5505,-1.1193,3.0000
428,scouts,6,4.0505,-2.6193,3.0000
428,scouts,7,5.5505,-4.1193,3.0000
428,scouts,8,-1.7706,3.2717,3.0000
428,scouts,9,-3.2706,4.7717,3.0000
428,scouts,10,-4.7706,3.2717,3.0000
428,scouts,11,-3.2706,1.7717,3.0000
428,scouts,12,4.7718,3.2692,3.0000
428,scouts,13,3.2718,4.7692,3.0000
428,scouts,14,1.7718,3.2692,3.0000
428,scouts,15,3.2718,1.7692,3.0000
428,workers,0,-7.3496,6.3090,3.0000
428,workers,1,7.9293,7.0810,3.0000
428,workers,2,4.8267,-4.2497,3.0000
428,workers,3,-2.1564,-2.9356,3.0000
429,general,0,0.0000,0.0000,5.0000
429,nodes,0,-5.5609,-2.5739,3.0000
429,nodes,1,5.5605,-2.5766,3.0000
429,nodes,2,-3.2399,3.2407,3.0000
429,nodes,3,3.2405,3.2384,3.0000
429,scouts,0,-4.0521,-2.6108,3.0000
429,scouts,1,-5.5521,-1.1108,3.0000
429,scouts,2,-7.0521,-2.6108,3.0000
429,scouts,3,-5.5521,-4.1108,3.0000
429,scouts,4,7.0519,-2.6136,3.0000
429,scouts,5,5.5519,-1.1136,3.0000
429,scouts,6,4.0519,-2.6136,3.0000
429,scouts,7,5.5519,-4.1136,3.0000
429,scouts,8,-1.7665,3.2676,3.0000
429,scouts,9,-3.2665,4.7676,3.0000
429,scouts,10,-4.7665,3.2676,3.0000
429,scouts,11,-3.2665,1.7676,3.0000
429,scouts,12,4.7676,3.2651,3.0000
429,scouts,13,3.2676,4.7651,3.0000
429,scouts,14,1.7676,3.2651,3.0000
429,scouts,15,3.2676,1.7651,3.0000
429,workers,0,-7.3616,6.3401,3.0000
429,workers,1,7.9319,7.1142,3.0000
429,workers,2,4.8482,-4.2751,3.0000
429,workers,3,-2.1816,-2.9574,3.0000
430,general,0,0.0000,0.0000,5.0000
430,nodes,0,-5.5622,-2.5683,3.0000
430,nodes,1,5.5618,-2.5710,3.0000
430,nodes,2,-3.2358,3.2366,3.0000
430,nodes,3,3.2363,3.2343,3.0000
430,scouts,0,-4.0535,-2.6051,3.0000
430,scouts,1,-5.5535,-1.1051,3.0000
430,scouts,2,-7.0535,-2.6051,3.0000
430,scouts,3,-5.5535,-4.1051,3.0000
430,scouts,4,7.0532,-2.6079,3.0000
430,scouts,5,5.5532,-1.1079,3.0000
430,scouts,6,4.0532,-2.6079,3.0000
430,scouts,7,5.5532,-4.1079,3.0000
430,scouts,8,-1.7624,3.2635,3.0000
430,scouts,9,-3.2624,4.7635,3.0000
430,scouts,10,-4.7624,3.2635,3.0000
430,scouts,11,-3.2624,1.7635,3.0000
430,scouts,12,4.7634,3.2610,3.0000
430,scouts,13,3.2634,4.7610,3.0000
430,scouts,14,1.7634,3.2610,3.0000
430,scouts,15,3.2634,1.7610,3.0000
430,workers,0,-7.3736,6.3713,3.0000
430,workers,1,7.9344,7.1474,3.0000
430,workers,2,4.8697,-4.3006,3.0000
430,workers,3,-2.2068,-2.9792,3.0000
431,general,0,0.0000,0.0000,5.0000
431,nodes,0,-5.5635,-2.5626,3.0000
431,nodes,1,5.5631,-2.5653,3.0000
431,nodes,2,-3.2316,3.2325,3.0000
431,nodes,3,3.2322,3.2302,3.0000
431,scouts,0,-4.0548,-2.5995,3.0000
431,scouts,1,-5.5548,-1.0995,3.0000
431,scouts,2,-7.0548,-2.5995,3.0000
431,scouts,3,-5.5548,-4.0995,3.0000
431,scouts,4,7.0545,-2.6023,3.0000
431,scouts,5,5.5545,-1.1023,3.0000
431,scouts,6,4.0545,-2.6023,3.0000
431,scouts,7,5.5545,-4.1023,3.0000
431,scouts,8,-1.7583,3.2593,3.0000
431,scouts,9,-3.2583,4.7593,3.0000
431,scouts,10,-4.7583,3.2593,3.0000
431,scouts,11,-3.2583,1.7593,3.0000
431,scouts,12,4.7593,3.2569,3.0000
431,scouts,13,3.2593,4.7569,3.0000
431,scouts,14,1.7593,3.2569,3.0000
431,scouts,15,3.2593,1.7569,3.0000
431,workers,0,-7.3855,6.4024,3.0000
431,workers,1,7.9370,7.1807,3.0000
431,workers,2,4.8913,-4.3260,3.0000
431,workers,3,-2.2320,-3.0011,3.0000
432,general,0,0.0000,0.0000,5.0000
432,nodes,0,-5.5650,-2.5569,3.0000
432,nodes,1,5.5644,-2.5596,3.0000
432,nodes,2,-3.2274,3.2283,3.0000
432,nodes,3,3.2281,3.2261,3.0000
432,scouts,0,-4.0562,-2.5938,3.0000
432,scouts,1,-5.5562,-1.0938,3.0000
432,scouts,2,-7.0562,-2.5938,3.0000
432,scouts,3,-5.5562,-4.0938,3.0000
432,scouts,4,7.0558,-2.5966,3.0000
432,scouts,5,5.5558,-1.0966,3.0000
432,scouts,6,4.0558,-2.5966,3.0000
432,scouts,7,5.5558,-4.0966,3.0000
432,scouts,8,-1.7542,3.2552,3.0000
432,scouts,9,-3.2542,4.7552,3.0000
432,scouts,10,-4.7542,3.2552,3.0000
432,scouts,11,-3.2542,1.7552,3.0000
432,scouts,12,4.7551,3.2528,3.0000
432,scouts,13,3.2551,4.7528,3.0000
432,scouts,14,1.7551,3.2528,3.0000
432,scouts,15,3.2551,1.7528,3.0000
432,workers,0,-7.3975,6.4335,3.0000
432,workers,1,7.9395,7.2139,3.0000
432,workers,2,4.9128,-4.3515,3.0000
432,workers,3,-2.2572,-3.0229,3.0000
433,general,0,0.0000,0.0000,5.0000
433,nodes,0,-5.5663,-2.5512,3.0000
433,nodes,1,5.5657,-2.5539,3.0000
433,nodes,2,-3.2233,3.2242,3.0000
433,nodes,3,3.2240,3.2220,3.0000
433,scouts,0,-4.0575,-2.5881,3.0000
433,scouts,1,-5.5575,-1.0881,3.0000
433,scouts,2,-7.0575,-2.5881,3.0000
433,scouts,3,-5.5575,-4.0881,3.0000
433,scouts,4,7.0572,-2.5909,3.0000
433,scouts,5,5.5572,-1.0909,3.0000
433,scouts,6,4.0572,-2.5909,3.0000
433,scouts,7,5.5572,-4.0909,3.0000
433,scouts,8,-1.7501,3.2511,3.0000
433,scouts,9,-3.2501,4.7511,3.0000
433,scouts,10,-4.7501,3.2511,3.0000
433,scouts,11,-3.2501,1.7511,3.0000
433,scouts,12,4.7510,3.2487,3.0000
433,scouts,13,3.2510,4.7487,3.0000
433,scouts,14,1.7510,3.2487,3.0000
433,scouts,15,3.2510,1.7487,3.0000
433,workers,0,-7.4095,6.4646,3.0000
433,workers,1,7.9421,7.2471,3.0000
433,workers,2,4.9343,-4.3769,3.0000
433,workers,3,-2.2824,-3.0447,3.0000
434,general,0,0.0000,0.0000,5.0000
434,nodes,0,-5.5676,-2.5456,3.0000
434,nodes,1,5.5671,-2.5482,3.0000
434,nodes,2,-3.2192,3.2201,3.0000
434,nodes,3,3.2198,3.2179,3.0000
434,scouts,0,-4.0589,-2.5824,3.0000
434,scouts,1,-5.5589,-1.0824,3.0000
434,scouts,2,-7.0589,-2.5824,3.0000
434,scouts,3,-5.5589,-4.0824,3.0000
434,scouts,4,7.0585,-2.5852,3.0000
434,scouts,5,5.5585,-1.0852,3.0000
434,scouts,6,4.0585,-2.5852,3.0000
434,scouts,7,5.5585,-4.0852,3.0000
434,scouts,8,-1.7460,3.2469,3.0000
434,scouts,9,-3.2460,4.7469,3.0000
434,scouts,10,-4.7460,3.2469,3.0000
434,scouts,11,-3.2460,1.7469,3.0000
434,scouts,12,4.7468,3.2446,3.0000
434,scouts,13,3.2468,4.7446,3.0000
434,scouts,14,1.7468,3.2446,3.0000
434,scouts,15,3.2468,1.7446,3.0000
434,workers,0,-7.4214,6.4957,3.0000
434,workers,1,7.9446,7.2804,3.0000
434,workers,2,4.9559,-4.4024,3.0000
434,workers,3,-2.3076,-3.0666,3.0000
435,general,0,0.0000,0.0000,5.0000
435,nodes,0,-5.5689,-2.5400,3.0000
435,nodes,1,5.5683,-2.5425,3.0000
435,nodes,2,-3.2151,3.2159,3.0000
435,nodes,3,3.2157,3.2137,3.0000
435,scouts,0,-4.0602,-2.5768,3.0000
435,scouts,1,-5.5602,-1.0768,3.0000
435,scouts,2,-7.0602,-2.5768,3.0000
435,scouts,3,-5.5602,-4.0768,3.0000
435,scouts,4,7.0598,-2.5795,3.0000
435,scouts,5,5.5598,-1.0795,3.0000
435,scouts,6,4.0598,-2.5795,3.0000
435,scouts,7,5.5598,-4.0795,3.0000
435,scouts,8,-1.7418,3.2428,3.0000
435,scouts,9,-3.2418,4.7428,3.0000
435,scouts,10,-4.7418,3.2428,3.0000
435,scouts,11,-3.2418,1.7428,3.0000
435,scouts,12,4.7427,3.2404,3.0000
435,scouts,13,3.2427,4.7404,3.0000
435,scouts,14,1.7427,3.2404,3.0000
435,scouts,15,3.2427,1.7404,3.0000
435,workers,0,-7.4334,6.5268,3.0000
435,workers,1,7.9472,7.3136,3.0000
435,workers,2,4.9774,-4.4278,3.0000
435,workers,3,-2.3328,-3.0884,3.0000
436,general,0,0.0000,0.0000,5.0000
436,nodes,0,-5.5701,-2.5343,3.0000
436,nodes,1,5.5696,-2.5367,3.0000
436,nodes,2,-3.2109,3.2118,3.0000
436,nodes,3,3.2116,3.2095,3.0000
436,scouts,0,-4.0615,-2.5711,3.0000
436,scouts,1,-5.5615,-1.0711,3.0000
436,scouts,2,-7.0615,-2.5711,3.0000
436,scouts,3,-5.5615,-4.0711,3.0000
436,scouts,4,7.0611,-2.5738,3.0000
436,scouts,5,5.5611,-1.0738,3.0000
436,scouts,6,4.0611,-2.5738,3.0000
436,scouts,7,5.5611,-4.0738,3.0000
436,scouts,8,-1.7377,3.2387,3.0000
436,scouts,9,-3.2377,4.7387,3.0000
436,scouts,10,-4.7377,3.2387,3.0000
436,scouts,11,-3.2377,1.7387,3.0000
436,scouts,12,4.7385,3.2363,3.0000
436,scouts,13,3.2385,4.7363,3.0000
436,scouts,14,1.7385,3.2363,3.0000
436,scouts,15,3.2385,1.7363,3.0000
436,workers,0,-7.4454,6.5579,3.0000
436,workers,1,7.9498,7.3469,3.0000
436,workers,2,4.9989,-4.4533,3.0000
436,workers,3,-2.3579,-3.1102,3.0000
437,general,0,0.0000,0.0000,5.0000
437,nodes,0,-5.5714,-2.5286,3.0000
437,nodes,1,5.5710,-2.5310,3.0000
437,nodes,2,-3.2068,3.2076,3.0000
437,nodes,3,3.2074,3.2054,3.0000
437,scouts,0,-4.0628,-2.5655,3.0000
437,scouts,1,-5.5628,-1.0655,3.0000
437,scouts,2,-7.0628,-2.5655,3.0000
437,scouts,3,-5.5628,-4.0655,3.0000
437,scouts,4,7.0624,-2.5681,3.0000
437,scouts,5,5.5624,-1.0681,3.0000
437,scouts,6,4.0624,-2.5681,3.0000
437,scouts,7,5.5624,-4.0681,3.0000
437,scouts,8,-1.7336,3.2345,3.0000
437,scouts,9,-3.2336,4.7345,3.0000
437,scouts,10,-4.7336,3.2345,3.0000
437,scouts,11,-3.2336,1.7345,3.0000
437,scouts,12,4.7344,3.2322,3.0000
437,scouts,13,3.2344,4.7322,3.0000
437,scouts,14,1.7344,3.2322,3.0000
437,scouts,15,3.2344,1.7322,3.0000
437,workers,0,-7.4573,6.5890,3.0000
437,workers,1,7.9523,7.3801,3.0000
437,workers,2,5.0204,-4.4787,3.0000
437,workers,3,-2.3831,-3.1321,3.0000
438,general,0,0.0000,0.0000,5.0000
438,nodes,0,-5.5727,-2.5229,3.0000
438,nodes,1,5.5722,-2.5253,3.0000
438,nodes,2,-3.2027,3.2035,3.0000
438,nodes,3,3.2033,3.2012,3.0000
438,scouts,0,-4.0642,-2.5598,3.0000
438,scouts,1,-5.5642,-1.0598,3.0000
438,scouts,2,-7.0642,-2.5598,3.0000
438,scouts,3,-5.5642,-4.0598,3.0000
438,scouts,4,7.0637,-2.5624,3.0000
438,scouts,5,5.5637,-1.0624,3.0000
438,scouts,6,4.0637,-2.5624,3.0000
438,scouts,7,5.5637,-4.0624,3.0000
438,scouts,8,-1.7295,3.2304,3.0000
438,scouts,9,-3.2295,4.7304,3.0000
438,scouts,10,-4.7295,3.2304,3.0000
438,scouts,11,-3.2295,1.7304,3.0000
438,scouts,12,4.7302,3.2281,3.0000
438,scouts,13,3.2302,4.7281,3.0000
438,scouts,14,1.7302,3.2281,3.0000
438,scouts,15,3.2302,1.7281,3.0000
438,workers,0,-7.4693,6.6202,3.0000
438,workers,1,7.9549,7.4133,3.0000
438,workers,2,5.0420,-4.5042,3.0000
438,workers,3,-2.4083,-3.1539,3.0000
439,general,0,0.0000,0.0000,5.0000
439,nodes,0,-5.5740,-2.5172,3.0000
439,nodes,1,5.5735,-2.5196,3.0000
439,nodes,2,-3.1986,3.1994,3.0000
439,nodes,3,3.1992,3.1971,3.0000
439,scouts,0,-4.0655,-2.5541,3.0000
439,scouts,1,-5.5655,-1.0541,3.0000
439,scouts,2,-7.0655,-2.5541,3.0000
439,scouts,3,-5.5655,-4.0541,3.0000
439,scouts,4,7.0650,-2.5567,3.0000
439,scouts,5,5.5650,-1.0567,3.0000
439,scouts,6,4.0650,-2.5567,3.0000
439,scouts,7,5.5650,-4.0567,3.0000
439,scouts,8,-1.7254,3.2263,3.0000
439,scouts,9,-3.2254,4.7263,3.0000
439,scouts,10,-4.7254,3.2263,3.0000
439,scouts,11,-3.2254,1.7263,3.0000
439,scouts,12,4.7261,3.2239,3.0000
439,scouts,13,3.2261,4.7239,3.0000
439,scouts,14,1.7261,3.2239,3.0000
439,scouts,15,3.2261,1.7239,3.0000
439,workers,0,-7.4813,6.6513,3.0000
439,workers,1,7.9574,7.4466,3.0000
439,workers,2,5.0635,-4.5296,3.0000
439,workers,3,-2.4335,-3.1757,3.0000
440,general,0,0.0000,0.0000,5.0000
440,nodes,0,-5.5754,-2.5115,3.0000
440,nodes,1,5.5748,-2.5140,3.0000
440,nodes,2,-3.1945,3.1954,3.0000
440,nodes,3,3.1951,3.1929,3.0000
440,scouts,0,-4.0668,-2.5484,3.0000
440,scouts,1,-5.5668,-1.0484,3.0000
440,scouts,2,-7.0668,-2.5484,3.0000
440,scouts,3,-5.5668,-4.0484,3.0000
440,scouts,4,7.0663,-2.5510,3.0000
440,scouts,5,5.5663,-1.0510,3.0000
440,scouts,6,4.0663,-2.5510,3.0000
440,scouts,7,5.5663,-4.0510,3.0000
440,scouts,8,-1.7212,3.2221,3.0000
440,scouts,9,-3.2212,4.7221,3.0000
440,scouts,10,-4.7212,3.2221,3.0000
440,scouts,11,-3.2212,1.7221,3.0000
440,scouts,12,4.7220,3.2198,3.0000
440,scouts,13,3.2220,4.7198,3.0000
440,scouts,14,1.7220,3.2198,3.0000
440,scouts,15,3.2220,1.7198,3.0000
440,workers,0,-7.4932,6.6824,3.0000
440,workers,1,7.9600,7.4798,3.0000
440,workers,2,5.0850,-4.5551,3.0000
440,workers,3,-2.4587,-3.1975,3.0000
441,general,0,0.0000,0.0000,5.0000
441,nodes,0,-5.5767,-2.5059,3.0000
441,nodes,1,5.5761,-2.5084,3.0000
441,nodes,2,-3.1904,3.1912,3.0000
441,nodes,3,3.1910,3.1888,3.0000
441,scouts,0,-4.0681,-2.5427,3.0000
441,scouts,1,-5.5681,-1.0427,3.0000
441,scouts,2,-7.0681,-2.5427,3.0000
441,scouts,3,-5.5681,-4.0427,3.0000
441,scouts,4,7.0676,-2.5453,3.0000
441,scouts,5,5.5676,-1.0453,3.0000
441,scouts,6,4.0676,-2.5453,3.0000
441,scouts,7,5.5676,-4.0453,3.0000
441,scouts,8,-1.7171,3.2180,3.0000
441,scouts,9,-3.2171,4.7180,3.0000
441,scouts,10,-4.7171,3.2180,3.0000
441,scouts,11,-3.2171,1.7180,3.0000
441,scouts,12,4.7178,3.2157,3.0000
441,scouts,13,3.2178,4.7157,3.0000
441,scouts,14,1.7178,3.2157,3.0000
441,scouts,15,3.2178,1.7157,3.0000
441,workers,0,-7.5052,6.7135,3.0000
441,workers,1,7.9625,7.5130,3.0000
441,workers,2,5.1066,-4.5805,3.0000
441,workers,3,-2.4839,-3.2194,3.0000
442,general,0,0.0000,0.0000,5.0000
442,nodes,0,-5.5781,-2.5002,3.0000
442,nodes,1,5.5774,-2.5027,3.0000
442,nodes,2,-3.1863,3.1872,3.0000
442,nodes,3,3.1869,3.1847,3.0000
442,scouts,0,-4.0695,-2.5371,3.0000
442,scouts,1,-5.5695,-1.0371,3.0000
442,scouts,2,-7.0695,-2.5371,3.0000
442,scouts,3,-5.5695,-4.0371,3.0000
442,scouts,4,7.0689,-2.5396,3.0000
442,scouts,5,5.5689,-1.0396,3.0000
442,scouts,6,4.0689,-2.5396,3.0000
442,scouts,7,5.5689,-4.0396,3.0000
442,scouts,8,-1.7130,3.2139,3.0000
442,scouts,9,-3.2130,4.7139,3.0000
442,scouts,10,-4.7130,3.2139,3.0000
442,scouts,11,-3.2130,1.7139,3.0000
442,scouts,12,4.7137,3.2115,3.0000
442,scouts,13,3.2137,4.7115,3.0000
442,scouts,14,1.7137,3.2115,3.0000
442,scouts,15,3.2137,1.7115,3.0000
442,workers,0,-7.5172,6.7446,3.0000
442,workers,1,7.9651,7.5463,3.0000
442,workers,2,5.1281,-4.6059,3.0000
442,workers,3,-2.5091,-3.2412,3.0000
443,general,0,0.0000,0.0000,5.0000
443,nodes,0,-5.5794,-2.4944,3.0000
443,nodes,1,5.5787,-2.4969,3.0000
443,nodes,2,-3.1822,3.1830,3.0000
443,nodes,3,3.1828,3.1805,3.0000
443,scouts,0,-4.0708,-2.5314,3.0000
443,scouts,1,-5.5708,-1.0314,3.0000
443,scouts,2,-7.0708,-2.5314,3.0000
443,scouts,3,-5.5708,-4.0314,3.0000
443,scouts,4,7.0703,-2.5339,3.0000
443,scouts,5,5.5703,-1.0339,3.0000
443,scouts,6,4.0703,-2.5339,3.0000
443,scouts,7,5.5703,-4.0339,3.0000
443,scouts,8,-1.7089,3.2098,3.0000
443,scouts,9,-3.2089,4.7098,3.0000
443,scouts,10,-4.7089,3.2098,3.0000
443,scouts,11,-3.2089,1.7098,3.0000
443,scouts,12,4.7096,3.2074,3.0000
443,scouts,13,3.2096,4.7074,3.0000
443,scouts,14,1.7096,3.2074,3.0000
443,scouts,15,3.2096,1.7074,3.0000
443,workers,0,-7.5291,6.7757,3.0000
443,workers,1,7.9677,7.5795,3.0000
443,workers,2,5.1496,-4.6314,3.0000
443,workers,3,-2.5343,-3.2630,3.0000
444,general,0,0.0000,0.0000,5.0000
444,nodes,0,-5.5807,-2.4887,3.0000
444,nodes,1,5.5801,-2.4912,3.0000
444,nodes,2,-3.1782,3.1789,3.0000
444,nodes,3,3.1786,3.1763,3.0000
444,scouts,0,-4.0721,-2.5257,3.0000
444,scouts,1,-5.5721,-1.0257,3.0000
444,scouts,2,-7.0721,-2.5257,3.0000
444,scouts,3,-5.5721,-4.0257,3.0000
444,scouts,4,7.0716,-2.5282,3.0000
444,scouts,5,5.5716,-1.0282,3.0000
444,scouts,6,4.0716,-2.5282,3.0000
444,scouts,7,5.5716,-4.0282,3.0000
444,scouts,8,-1.7048,3.2057,3.0000
444,scouts,9,-3.2048,4.7057,3.0000
444,scouts,10,-4.7048,3.2057,3.0000
444,scouts,11,-3.2048,1.7057,3.0000
444,scouts,12,4.7055,3.2032,3.0000
444,scouts,13,3.2055,4.7032,3.0000
444,scouts,14,1.7055,3.2032,3.0000
444,scouts,15,3.2055,1.7032,3.0000
444,workers,0,-7.5411,6.8068,3.0000
444,workers,1,7.9702,7.6127,3.0000
444,workers,2,5.1712,-4.6568,3.0000
444,workers,3,-2.5595,-3.2849,3.0000
445,general,0,0.0000,0.0000,5.0000
445,nodes,0,-5.5820,-2.4832,3.0000
445,nodes,1,5.5814,-2.4855,3.0000
445,nodes,2,-3.1741,3.1748,3.0000
445,nodes,3,3.1745,3.1723,3.0000
445,scouts,0,-4.0734,-2.5200,3.0000
445,scouts,1,-5.5734,-1.0200,3.0000
445,scouts,2,-7.0734,-2.5200,3.0000
445,scouts,3,-5.5734,-4.0200,3.0000
445,scouts,4,7.0729,-2.5225,3.0000
445,scouts,5,5.5729,-1.0225,3.0000
445,scouts,6,4.0729,-2.5225,3.0000
445,scouts,7,5.5729,-4.0225,3.0000
445,scouts,8,-1.7007,3.2016,3.0000
445,scouts,9,-3.2007,4.7016,3.0000
445,scouts,10,-4.7007,3.2016,3.0000
445,scouts,11,-3.2007,1.7016,3.0000
445,scouts,12,4.7013,3.1991,3.0000
445,scouts,13,3.2013,4.6991,3.0000
445,scouts,14,1.7013,3.1991,3.0000
445,scouts,15,3.2013,1.6991,3.0000
445,workers,0,-7.5531,6.8379,3.0000
445,workers,1,7.9728,7.6460,3.0000
445,workers,2,5.1927,-4.6823,3.0000
445,workers,3,-2.5847,-3.3067,3.0000
446,general,0,0.0000,0.0000,5.0000
446,nodes,0,-5.5833,-2.4775,3.0000
446,nodes,1,5.5827,-2.4798,3.0000
446,nodes,2,-3.1700,3.1707,3.0000
446,nodes,3,3.1705,3.1682,3.0000
446,scouts,0,-4.0747,-2.5144,3.0000
446,scouts,1,-5.5747,-1.0144,3.0000
446,scouts,2,-7.0747,-2.5144,3.0000
446,scouts,3,-5.5747,-4.0144,3.0000
446,scouts,4,7.0742,-2.5168,3.0000
446,scouts,5,5.5742,-1.0168,3.0000
446,scouts,6,4.0742,-2.5168,3.0000
446,scouts,7,5.5742,-4.0168,3.0000
446,scouts,8,-1.6966,3.1974,3.0000
446,scouts,9,-3.1966,4.6974,3.0000
446,scouts,10,-4.6966,3.1974,3.0000
446,scouts,11,-3.1966,1.6974,3.0000
446,scouts,12,4.6972,3.1950,3.0000
446,scouts,13,3.1972,4.6950,3.0000
446,scouts,14,1.6972,3.1950,3.0000
446,scouts,15,3.1972,1.6950,3.0000
446,workers,0,-7.5650,6.8690,3.0000
446,workers,1,7.9753,7.6792,3.0000
446,workers,2,5.2142,-4.7077,3.0000
446,workers,3,-2.6098,-3.3285,3.0000
447,general,0,0.0000,0.0000,5.0000
447,nodes,0,-5.5847,-2.4717,3.0000
447,nodes,1,5.5840,-2.4740,3.0000
447,nodes,2,-3.1659,3.1666,3.0000
447,nodes,3,3.1663,3.1641,3.0000
447,scouts,0,-4.0761,-2.5087,3.0000
447,scouts,1,-5.5761,-1.0087,3.0000
447,scouts,2,-7.0761,-2.5087,3.0000
447,scouts,3,-5.5761,-4.0087,3.0000
447,scouts,4,7.0755,-2.5111,3.0000
447,scouts,5,5.5755,-1.0111,3.0000
447,scouts,6,4.0755,-2.5111,3.0000
447,scouts,7,5.5755,-4.0111,3.0000
447,scouts,8,-1.6925,3.1933,3.0000
447,scouts,9,-3.1925,4.6933,3.0000
447,scouts,10,-4.6925,3.1933,3.0000
447,scouts,11,-3.1925,1.6933,3.0000
447,scouts,12,4.6931,3.1909,3.0000
447,scouts,13,3.1931,4.6909,3.0000
447,scouts,14,1.6931,3.1909,3.0000
447,scouts,15,3.1931,1.6909,3.0000
447,workers,0,-7.5770,6.9002,3.0000
447,workers,1,7.9779,7.7124,3.0000
447,workers,2,5.2358,-4.7332,3.0000
447,workers,3,-2.6350,-3.3504,3.0000
448,general,0,0.0000,0.0000,5.0000
448,nodes,0,-5.5860,-2.4661,3.0000
448,nodes,1,5.5852,-2.4684,3.0000
448,nodes,2,-3.1618,3.1625,3.0000
448,nodes,3,3.1622,3.1600,3.0000
448,scouts,0,-4.0774,-2.5030,3.0000
448,scouts,1,-5.5774,-1.0030,3.0000
448,scouts,2,-7.0774,-2.5030,3.0000
448,scouts,3,-5.5774,-4.0030,3.0000
448,scouts,4,7.0768,-2.5054,3.0000
448,scouts,5,5.5768,-1.0054,3.0000
448,scouts,6,4.0768,-2.5054,3.0000
448,scouts,7,5.5768,-4.0054,3.0000
448,scouts,8,-1.6884,3.1892,3.0000
448,scouts,9,-3.1884,4.6892,3.0000
448,scouts,10,-4.6884,3.1892,3.0000
448,scouts,11,-3.1884,1.6892,3.0000
448,scouts,12,4.6890,3.1868,3.0000
448,scouts,13,3.1890,4.6868,3.0000
448,scouts,14,1.6890,3.1868,3.0000
448,scouts,15,3.1890,1.6868,3.0000
448,workers,0,-7.5889,6.9313,3.0000
448,workers,1,7.9802,7.7424,3.0000
448,workers,2,5.2573,-4.7586,3.0000
448,workers,3,-2.6602,-3.3722,3.0000
449,general,0,0.0000,0.0000,5.0000
449,nodes,0,-5.5873,-2.4604,3.0000
449,nodes,1,5.5865,-2.4628,3.0000
449,nodes,2,-3.1577,3.1584,3.0000
449,nodes,3,3.1581,3.1559,3.0000
449,scouts,0,-4.0787,-2.4973,3.0000
449,scouts,1,-5.5787,-0.9973,3.0000
449,scouts,2,-7.0787,-2.4973,3.0000
449,scouts,3,-5.5787,-3.9973,3.0000
449,scouts,4,7.0781,-2.4997,3.0000
449,scouts,5,5.5781,-0.9997,3.0000
449,scouts,6,4.0781,-2.4997,3.0000
449,scouts,7,5.5781,-3.9997,3.0000
449,scouts,8,-1.6843,3.1851,3.0000
449,scouts,9,-3.1843,4.6851,3.0000
449,scouts,10,-4.6843,3.1851,3.0000
449,scouts,11,-3.1843,1.6851,3.0000
449,scouts,12,4.6849,3.1826,3.0000
449,scouts,13,3.1849,4.6826,3.0000
449,scouts,14,1.6849,3.1826,3.0000
449,scouts,15,3.1849,1.6826,3.0000
449,workers,0,-7.6009,6.9624,3.0000
449,workers,1,7.9823,7.7693,3.0000
449,workers,2,5.2788,-4.7841,3.0000
449,workers,3,-2.6854,-3.3940,3.0000
450,general,0,0.0000,0.0000,5.0000
450,nodes,0,-5.5887,-2.4548,3.0000
450,nodes,1,5.5877,-2.4571,3.0000
450,nodes,2,-3.1537,3.1543,3.0000
450,nodes,3,3.1540,3.1518,3.0000
450,scouts,0,-4.0800,-2.4916,3.0000
450,scouts,1,-5.5800,-0.9916,3.0000
450,scouts,2,-7.0800,-2.4916,3.0000
450,scouts,3,-5.5800,-3.9916,3.0000
450,scouts,4,7.0794,-2.4941,3.0000
450,scouts,5,5.5794,-0.9941,3.0000
450,scouts,6,4.0794,-2.4941,3.0000
450,scouts,7,5.5794,-3.9941,3.0000
450,scouts,8,-1.6802,3.1810,3.0000
450,scouts,9,-3.1802,4.6810,3.0000
450,scouts,10,-4.6802,3.1810,3.0000
450,scouts,11,-3.1802,1.6810,3.0000
450,scouts,12,4.6808,3.1785,3.0000
450,scouts,13,3.1808,4.6785,3.0000
450,scouts,14,1.6808,3.1785,3.0000
450,scouts,15,3.1808,1.6785,3.0000
450,workers,0,-7.6129,6.9935,3.0000
450,workers,1,7.9841,7.7935,3.0000
450,workers,2,5.3004,-4.8095,3.0000
450,workers,3,-2.7106,-3.4159,3.0000
451,general,0,0.0000,0.0000,5.0000
451,nodes,0,-5.5899,-2.4491,3.0000
451,nodes,1,5.5890,-2.4515,3.0000
451,nodes,2,-3.1495,3.1502,3.0000
451,nodes,3,3.1498,3.1476,3.0000
451,scouts,0,-4.0814,-2.4860,3.0000
451,scouts,1,-5.5814,-0.9860,3.0000
451,scouts,2,-7.0814,-2.4860,3.0000
451,scouts,3,-5.5814,-3.9860,3.0000
451,scouts,4,7.0806,-2.4884,3.0000
451,scouts,5,5.5806,-0.9884,3.0000
451,scouts,6,4.0806,-2.4884,3.0000
451,scouts,7,5.5806,-3.9884,3.0000
451,scouts,8,-1.6761,3.1769,3.0000
451,scouts,9,-3.1761,4.6769,3.0000
451,scouts,10,-4.6761,3.1769,3.0000
451,scouts,11,-3.1761,1.6769,3.0000
451,scouts,12,4.6766,3.1744,3.0000
451,scouts,13,3.1766,4.6744,3.0000
451,scouts,14,1.6766,3.1744,3.0000
451,scouts,15,3.1766,1.6744,3.0000
451,workers,0,-7.6248,7.0246,3.0000
451,workers,1,7.9858,7.8153,3.0000
451,workers,2,5.3219,-4.8350,3.0000
451,workers,3,-2.7358,-3.4377,3.0000
452,general,0,0.0000,0.0000,5.0000
452,nodes,0,-5.5912,-2.4434,3.0000
452,nodes,1,5.5903,-2.4459,3.0000
452,nodes,2,-3.1454,3.1460,3.0000
452,nodes,3,3.1456,3.1435,3.0000
452,scouts,0,-4.0827,-2.4803,3.0000
452,scouts,1,-5.5827,-0.9803,3.0000
452,scouts,2,-7.0827,-2.4803,3.0000
452,scouts,3,-5.5827,-3.9803,3.0000
452,scouts,4,7.0819,-2.4827,3.0000
452,scouts,5,5.5819,-0.9827,3.0000
452,scouts,6,4.0819,-2.4827,3.0000
452,scouts,7,5.5819,-3.9827,3.0000
452,scouts,8,-1.6720,3.1728,3.0000
452,scouts,9,-3.1720,4.6728,3.0000
452,scouts,10,-4.6720,3.1728,3.0000
452,scouts,11,-3.1720,1.6728,3.0000
452,scouts,12,4.6725,3.1703,3.0000
452,scouts,13,3.1725,4.6703,3.0000
452,scouts,14,1.6725,3.1703,3.0000
452,scouts,15,3.1725,1.6703,3.0000
452,workers,0,-7.6368,7.0557,3.0000
452,workers,1,7.9873,7.8349,3.0000
452,workers,2,5.3434,-4.8604,3.0000
452,workers,3,-2.7610,-3.4595,3.0000
453,general,0,0.0000,0.0000,5.0000
453,nodes,0,-5.5926,-2.4377,3.0000
453,nodes,1,5.5917,-2.4402,3.0000
453,nodes,2,-3.1413,3.1419,3.0000
453,nodes,3,3.1415,3.1394,3.0000
453,scouts,0,-4.0840,-2.4746,3.0000
453,scouts,1,-5.5840,-0.9746,3.0000
453,scouts,2,-7.0840,-2.4746,3.0000
453,scouts,3,-5.5840,-3.9746,3.0000
453,scouts,4,7.0832,-2.4771,3.0000
453,scouts,5,5.5832,-0.9771,3.0000
453,scouts,6,4.0832,-2.4771,3.0000
453,scouts,7,5.5832,-3.9771,3.0000
453,scouts,8,-1.6679,3.1687,3.0000
453,scouts,9,-3.1679,4.6687,3.0000
453,scouts,10,-4.6679,3.1687,3.0000
453,scouts,11,-3.1679,1.6687,3.0000
453,scouts,12,4.6684,3.1662,3.0000
453,scouts,13,3.1684,4.6662,3.0000
453,scouts,14,1.6684,3.1662,3.0000
453,scouts,15,3.1684,1.6662,3.0000
453,workers,0,-7.6488,7.0868,3.0000
453,workers,1,7.9887,7.8526,3.0000
453,workers,2,5.3650,-4.8859,3.0000
453,workers,3,-2.7862,-3.4813,3.0000
454,general,0,0.0000,0.0000,5.0000
454,nodes,0,-5.5938,-2.4319,3.0000
454,nodes,1,5.5930,-2.4346,3.0000
454,nodes,2,-3.1372,3.1377,3.0000
454,nodes,3,3.1374,3.1352,3.0000
454,scouts,0,-4.0853,-2.4689,3.0000
454,scouts,1,-5.5853,-0.9689,3.0000
454,scouts,2,-7.0853,-2.4689,3.0000
454,scouts,3,-5.5853,-3.9689,3.0000
454,scouts,4,7.0845,-2.4714,3.0000
454,scouts,5,5.5845,-0.9714,3.0000
454,scouts,6,4.0845,-2.4714,3.0000
454,scouts,7,5.5845,-3.9714,3.0000
454,scouts,8,-1.6638,3.1645,3.0000
454,scouts,9,-3.1638,4.6645,3.0000
454,scouts,10,-4.6638,3.1645,3.0000
454,scouts,11,-3.1638,1.6645,3.0000
454,scouts,12,4.6642,3.1620,3.0000
454,scouts,13,3.1642,4.6620,3.0000
454,scouts,14,1.6642,3.1620,3.0000
454,scouts,15,3.1642,1.6620,3.0000
454,workers,0,-7.6607,7.1179,3.0000
454,workers,1,7.9899,7.8685,3.0000
454,workers,2,5.3865,-4.9113,3.0000
454,workers,3,-2.8114,-3.5032,3.0000
455,general,0,0.0000,0.0000,5.0000
455,nodes,0,-5.5951,-2.4263,3.0000
455,nodes,1,5.5943,-2.4289,3.0000
455,nodes,2,-3.1331,3.1336,3.0000
455,nodes,3,3.1332,3.1311,3.0000
455,scouts,0,-4.0866,-2.4632,3.0000
455,scouts,1,-5.5866,-0.9632,3.0000
455,scouts,2,-7.0866,-2.4632,3.0000
455,scouts,3,-5.5866,-3.9632,3.0000
455,scouts,4,7.0858,-2.4657,3.0000
455,scouts,5,5.5858,-0.9657,3.0000
455,scouts,6,4.0858,-2.4657,3.0000
455,scouts,7,5.5858,-3.9657,3.0000
455,scouts,8,-1.6597,3.1604,3.0000
455,scouts,9,-3.1597,4.6604,3.0000
455,scouts,10,-4.6597,3.1604,3.0000
455,scouts,11,-3.1597,1.6604,3.0000
455,scouts,12,4.6601,3.1579,3.0000
455,scouts,13,3.1601,4.6579,3.0000
455,scouts,14,1.6601,3.1579,3.0000
455,scouts,15,3.1601,1.6579,3.0000
455,workers,0,-7.6727,7.1490,3.0000
455,workers,1,7.9910,7.8828,3.0000
455,workers,2,5.4080,-4.9367,3.0000
455,workers,3,-2.8366,-3.5250,3.0000
456,general,0,0.0000,0.0000,5.0000
456,nodes,0,-5.5964,-2.4206,3.0000
456,nodes,1,5.5956,-2.4232,3.0000
456,nodes,2,-3.1290,3.1294,3.0000
456,nodes,3,3.1291,3.1270,3.0000
456,scouts,0,-4.0879,-2.4576,3.0000
456,scouts,1,-5.5879,-0.9576,3.0000
456,scouts,2,-7.0879,-2.4576,3.0000
456,scouts,3,-5.5879,-3.9576,3.0000
456,scouts,4,7.0871,-2.4601,3.0000
456,scouts,5,5.5871,-0.9601,3.0000
456,scouts,6,4.0871,-2.4601,3.0000
456,scouts,7,5.5871,-3.9601,3.0000
456,scouts,8,-1.6556,3.1563,3.0000
456,scouts,9,-3.1556,4.6563,3.0000
456,scouts,10,-4.6556,3.1563,3.0000
456,scouts,11,-3.1556,1.6563,3.0000
456,scouts,12,4.6560,3.1538,3.0000
456,scouts,13,3.1560,4.6538,3.0000
456,scouts,14,1.6560,3.1538,3.0000
456,scouts,15,3.1560,1.6538,3.0000
456,workers,0,-7.6847,7.1802,3.0000
456,workers,1,7.9920,7.8957,3.0000
456,workers,2,5.4295,-4.9622,3.0000
456,workers,3,-2.8617,-3.5468,3.0000
457,general,0,0.0000,0.0000,5.0000
457,nodes,0,-5.5977,-2.4149,3.0000
457,nodes,1,5.5970,-2.4176,3.0000
457,nodes,2,-3.1249,3.1253,3.0000
457,nodes,3,3.1250,3.1229,3.0000
457,scouts,0,-4.0892,-2.4519,3.0000
457,scouts,1,-5.5892,-0.9519,3.0000
457,scouts,2,-7.0892,-2.4519,3.0000
457,scouts,3,-5.5892,-3.9519,3.0000
457,scouts,4,7.0885,-2.4544,3.0000
457,scouts,5,5.5885,-0.9544,3.0000
457,scouts,6,4.0885,-2.4544,3.0000
457,scouts,7,5.5885,-3.9544,3.0000
457,scouts,8,-1.6515,3.1522,3.0000
457,scouts,9,-3.1515,4.6522,3.0000
457,scouts,10,-4.6515,3.1522,3.0000
457,scouts,11,-3.1515,1.6522,3.0000
457,scouts,12,4.6518,3.1497,3.0000
457,scouts,13,3.1518,4.6497,3.0000
457,scouts,14,1.6518,3.1497,3.0000
457,scouts,15,3.1518,1.6497,3.0000
457,workers,0,-7.6966,7.2113,3.0000
457,workers,1,7.9929,7.9073,3.0000
457,workers,2,5.4511,-4.9876,3.0000
457,workers,3,-2.8869,-3.5687,3.0000
458,general,0,0.0000,0.0000,5.0000
458,nodes,0,-5.5990,-2.4093,3.0000
458,nodes,1,5.5983,-2.4119,3.0000
458,nodes,2,-3.1208,3.1211,3.0000
458,nodes,3,3.1208,3.1188,3.0000
458,scouts,0,-4.0905,-2.4462,3.0000
458,scouts,1,-5.5905,-0.9462,3.0000
458,scouts,2,-7.0905,-2.4462,3.0000
458,scouts,3,-5.5905,-3.9462,3.0000
458,scouts,4,7.0898,-2.4487,3.0000
458,scouts,5,5.5898,-0.9487,3.0000
458,scouts,6,4.0898,-2.4487,3.0000
458,scouts,7,5.5898,-3.9487,3.0000
458,scouts,8,-1.6474,3.1480,3.0000
458,scouts,9,-3.1474,4.6480,3.0000
458,scouts,10,-4.6474,3.1480,3.0000
458,scouts,11,-3.1474,1.6480,3.0000
458,scouts,12,4.6477,3.1456,3.0000
458,scouts,13,3.1477,4.6456,3.0000
458,scouts,14,1.6477,3.1456,3.0000
458,scouts,15,3.1477,1.6456,3.0000
458,workers,0,-7.7086,7.2424,3.0000
458,workers,1,7.9937,7.9177,3.0000
458,workers,2,5.4726,-5.0131,3.0000
458,workers,3,-2.9121,-3.5905,3.0000
459,general,0,0.0000,0.0000,5.0000
459,nodes,0,-5.6003,-2.4036,3.0000
459,nodes,1,5.5995,-2.4062,3.0000
459,nodes,2,-3.1167,3.1171,3.0000
459,nodes,3,3.1167,3.1147,3.0000
459,scouts,0,-4.0918,-2.4405,3.0000
459,scouts,1,-5.5918,-0.9405,3.0000
459,scouts,2,-7.0918,-2.4405,3.0000
459,scouts,3,-5.5918,-3.9405,3.0000
459,scouts,4,7.0911,-2.4431,3.0000
459,scouts,5,5.5911,-0.9431,3.0000
459,scouts,6,4.0911,-2.4431,3.0000
459,scouts,7,5.5911,-3.9431,3.0000
459,scouts,8,-1.6433,3.1439,3.0000
459,scouts,9,-3.1433,4.6439,3.0000
459,scouts,10,-4.6433,3.1439,3.0000
459,scouts,11,-3.1433,1.6439,3.0000
459,scouts,12,4.6436,3.1414,3.0000
459,scouts,13,3.1436,4.6414,3.0000
459,scouts,14,1.6436,3.1414,3.0000
459,scouts,15,3.1436,1.6414,3.0000
459,workers,0,-7.7206,7.2735,3.0000
459,workers,1,7.9944,7.9271,3.0000
459,workers,2,5.4941,-5.0385,3.0000
459,workers,3,-2.9373,-3.6123,3.0000
460,general,0,0.0000,0.0000,5.0000
460,nodes,0,-5.6016,-2.3980,3.0000
460,nodes,1,5.6009,-2.4005,3.0000
460,nodes,2,-3.1125,3.1129,3.0000
460,nodes,3,3.1126,3.1105,3.0000
460,scouts,0,-4.0931,-2.4348,3.0000
460,scouts,1,-5.5931,-0.9348,3.0000
460,scouts,2,-7.0931,-2.4348,3.0000
460,scouts,3,-5.5931,-3.9348,3.0000
460,scouts,4,7.0924,-2.4374,3.0000
460,scouts,5,5.5924,-0.9374,3.0000
460,scouts,6,4.0924,-2.4374,3.0000
460,scouts,7,5.5924,-3.9374,3.0000
460,scouts,8,-1.6392,3.1398,3.0000
460,scouts,9,-3.1392,4.6398,3.0000
460,scouts,10,-4.6392,3.1398,3.0000
460,scouts,11,-3.1392,1.6398,3.0000
460,scouts,12,4.6394,3.1373,3.0000
460,scouts,13,3.1394,4.6373,3.0000
460,scouts,14,1.6394,3.1373,3.0000
460,scouts,15,3.1394,1.6373,3.0000
460,workers,0,-7.7325,7.3046,3.0000
460,workers,1,7.9950,7.9355,3.0000
460,workers,2,5.5157,-5.0640,3.0000
460,workers,3,-2.9625,-3.6342,3.0000
461,general,0,0.0000,0.0000,5.0000
461,nodes,0,-5.6028,-2.3923,3.0000
461,nodes,1,5.6023,-2.3948,3.0000
461,nodes,2,-3.1084,3.1088,3.0000
461,nodes,3,3.1086,3.1065,3.0000
461,scouts,0,-4.0944,-2.4292,3.0000
461,scouts,1,-5.5944,-0.9292,3.0000
461,scouts,2,-7.0944,-2.4292,3.0000
461,scouts,3,-5.5944,-3.9292,3.0000
461,scouts,4,7.0937,-2.4317,3.0000
461,scouts,5,5.5937,-0.9317,3.0000
461,scouts,6,4.0937,-2.4317,3.0000
461,scouts,7,5.5937,-3.9317,3.0000
461,scouts,8,-1.6351,3.1356,3.0000
461,scouts,9,-3.1351,4.6356,3.0000
461,scouts,10,-4.6351,3.1356,3.0000
461,scouts,11,-3.1351,1.6356,3.0000
461,scouts,12,4.6353,3.1332,3.0000
461,scouts,13,3.1353,4.6332,3.0000
461,scouts,14,1.6353,3.1332,3.0000
461,scouts,15,3.1353,1.6332,3.0000
461,workers,0,-7.7445,7.3357,3.0000
461,workers,1,7.9956,7.9431,3.0000
461,workers,2,5.5372,-5.0894,3.0000
461,workers,3,-2.9877,-3.6560,3.0000
462,general,0,0.0000,0.0000,5.0000
462,nodes,0,-5.6041,-2.3866,3.0000
462,nodes,1,5.6036,-2.3891,3.0000
462,nodes,2,-3.1043,3.1047,3.0000
462,nodes,3,3.1045,3.1024,3.0000
462,scouts,0,-4.0957,-2.4235,3.0000
462,scouts,1,-5.5957,-0.9235,3.0000
462,scouts,2,-7.0957,-2.4235,3.0000
462,scouts,3,-5.5957,-3.9235,3.0000
462,scouts,4,7.0950,-2.4260,3.0000
462,scouts,5,5.5950,-0.9260,3.0000
462,scouts,6,4.0950,-2.4260,3.0000
462,scouts,7,5.5950,-3.9260,3.0000
462,scouts,8,-1.6310,3.1315,3.0000
462,scouts,9,-3.1310,4.6315,3.0000
462,scouts,10,-4.6310,3.1315,3.0000
462,scouts,11,-3.1310,1.6315,3.0000
462,scouts,12,4.6312,3.1291,3.0000
462,scouts,13,3.1312,4.6291,3.0000
462,scouts,14,1.6312,3.1291,3.0000
462,scouts,15,3.1312,1.6291,3.0000
462,workers,0,-7.7565,7.3668,3.0000
462,workers,1,7.9962,7.9500,3.0000
462,workers,2,5.5587,-5.1149,3.0000
462,workers,3,-3.0129,-3.6778,3.0000
463,general,0,0.0000,0.0000,5.0000
463,nodes,0,-5.6054,-2.3810,3.0000
463,nodes,1,5.6049,-2.3834,3.0000
463,nodes,2,-3.1002,3.1005,3.0000
463,nodes,3,3.1003,3.0983,3.0000
463,scouts,0,-4.0970,-2.4178,3.0000
463,scouts,1,-5.5970,-0.9178,3.0000
463,scouts,2,-7.0970,-2.4178,3.0000
463,scouts,3,-5.5970,-3.9178,3.0000
463,scouts,4,7.0963,-2.4203,3.0000
463,scouts,5,5.5963,-0.9203,3.0000
463,scouts,6,4.0963,-2.4203,3.0000
463,scouts,7,5.5963,-3.9203,3.0000
463,scouts,8,-1.6269,3.1274,3.0000
463,scouts,9,-3.1269,4.6274,3.0000
463,scouts,10,-4.6269,3.1274,3.0000
463,scouts,11,-3.1269,1.6274,3.0000
463,scouts,12,4.6271,3.1250,3.0000
463,scouts,13,3.1271,4.6250,3.0000
463,scouts,14,1.6271,3.1250,3.0000
463,scouts,15,3.1271,1.6250,3.0000
463,workers,0,-7.7684,7.3979,3.0000
463,workers,1,7.9966,7.9561,3.0000
463,workers,2,5.5803,-5.1403,3.0000
463,workers,3,-3.0381,-3.6997,3.0000
464,general,0,0.0000,0.0000,5.0000
464,nodes,0,-5.6067,-2.3753,3.0000
464,nodes,1,5.6062,-2.3777,3.0000
464,nodes,2,-3.0961,3.0963,3.0000
464,nodes,3,3.0962,3.0942,3.0000
464,scouts,0,-4.0983,-2.4122,3.0000
464,scouts,1,-5.5983,-0.9122,3.0000
464,scouts,2,-7.0983,-2.4122,3.0000
464,scouts,3,-5.5983,-3.9122,3.0000
464,scouts,4,7.0976,-2.4146,3.0000
464,scouts,5,5.5976,-0.9146,3.0000
464,scouts,6,4.0976,-2.4146,3.0000
464,scouts,7,5.5976,-3.9146,3.0000
464,scouts,8,-1.6228,3.1232,3.0000
464,scouts,9,-3.1228,4.6232,3.0000
464,scouts,10,-4.6228,3.1232,3.0000
464,scouts,11,-3.1228,1.6232,3.0000
464,scouts,12,4.6230,3.1209,3.0000
464,scouts,13,3.1230,4.6209,3.0000
464,scouts,14,1.6230,3.1209,3.0000
464,scouts,15,3.1230,1.6209,3.0000
464,workers,0,-7.7804,7.4290,3.0000
464,workers,1,7.9971,7.9617,3.0000
464,workers,2,5.6018,-5.1658,3.0000
464,workers,3,-3.0633,-3.7215,3.0000
465,general,0,0.0000,0.0000,5.0000
465,nodes,0,-5.6080,-2.3696,3.0000
465,nodes,1,5.6075,-2.3720,3.0000
465,nodes,2,-3.0920,3.0922,3.0000
465,nodes,3,3.0920,3.0901,3.0000
465,scouts,0,-4.0996,-2.4065,3.0000
465,scouts,1,-5.5996,-0.9065,3.0000
465,scouts,2,-7.0996,-2.4065,3.0000
465,scouts,3,-5.5996,-3.9065,3.0000
465,scouts,4,7.0990,-2.4090,3.0000
465,scouts,5,5.5990,-0.9090,3.0000
465,scouts,6,4.0990,-2.4090,3.0000
465,scouts,7,5.5990,-3.9090,3.0000
465,scouts,8,-1.6187,3.1191,3.0000
465,scouts,9,-3.1187,4.6191,3.0000
465,scouts,10,-4.6187,3.1191,3.0000
465,scouts,11,-3.1187,1.6191,3.0000
465,scouts,12,4.6188,3.1168,3.0000
465,scouts,13,3.1188,4.6168,3.0000
465,scouts,14,1.6188,3.1168,3.0000
465,scouts,15,3.1188,1.6168,3.0000
465,workers,0,-7.7924,7.4602,3.0000
465,workers,1,7.9974,7.9667,3.0000
465,workers,2,5.6233,-5.1912,3.0000
465,workers,3,-3.0884,-3.7433,3.0000
466,general,0,0.0000,0.0000,5.0000
466,nodes,0,-5.6093,-2.3639,3.0000
466,nodes,1,5.6087,-2.3664,3.0000
466,nodes,2,-3.0879,3.0880,3.0000
466,nodes,3,3.0879,3.0860,3.0000
466,scouts,0,-4.1009,-2.4008,3.0000
466,scouts,1,-5.6009,-0.9008,3.0000
466,scouts,2,-7.1009,-2.4008,3.0000
466,scouts,3,-5.6009,-3.9008,3.0000
466,scouts,4,7.1003,-2.4033,3.0000
466,scouts,5,5.6003,-0.9033,3.0000
466,scouts,6,4.1003,-2.4033,3.0000
466,scouts,7,5.6003,-3.9033,3.0000
466,scouts,8,-1.6146,3.1149,3.0000
466,scouts,9,-3.1146,4.6149,3.0000
466,scouts,10,-4.6146,3.1149,3.0000
466,scouts,11,-3.1146,1.6149,3.0000
466,scouts,12,4.6147,3.1127,3.0000
466,scouts,13,3.1147,4.6127,3.0000
466,scouts,14,1.6147,3.1127,3.0000
466,scouts,15,3.1147,1.6127,3.0000
466,workers,0,-7.8043,7.4913,3.0000
466,workers,1,7.9978,7.9712,3.0000
466,workers,2,5.6449,-5.2167,3.0000
466,workers,3,-3.1136,-3.7652,3.0000
467,general,0,0.0000,0.0000,5.0000
467,nodes,0,-5.6105,-2.3583,3.0000
467,nodes,1,5.6100,-2.3607,3.0000
467,nodes,2,-3.0837,3.0838,3.0000
467,nodes,3,3.0838,3.0818,3.0000
467,scouts,0,-4.1022,-2.3951,3.0000
467,scouts,1,-5.6022,-0.8951,3.0000
467,scouts,2,-7.1022,-2.3951,3.0000
467,scouts,3,-5.6022,-3.8951,3.0000
467,scouts,4,7.1016,-2.3976,3.0000
467,scouts,5,5.6016,-0.8976,3.0000
467,scouts,6,4.1016,-2.3976,3.0000
467,scouts,7,5.6016,-3.8976,3.0000
467,scouts,8,-1.6105,3.1108,3.0000
467,scouts,9,-3.1105,4.6108,3.0000
467,scouts,10,-4.6105,3.1108,3.0000
467,scouts,11,-3.1105,1.6108,3.0000
467,scouts,12,4.6106,3.1086,3.0000
467,scouts,13,3.1106,4.6086,3.0000
467,scouts,14,1.6106,3.1086,3.0000
467,scouts,15,3.1106,1.6086,3.0000
467,workers,0,-7.8163,7.5224,3.0000
467,workers,1,7.9981,7.9752,3.0000
467,workers,2,5.6664,-5.2421,3.0000
467,workers,3,-3.1388,-3.7870,3.0000
468,general,0,0.0000,0.0000,5.0000
468,nodes,0,-5.6118,-2.3526,3.0000
468,nodes,1,5.6113,-2.3550,3.0000
468,nodes,2,-3.0795,3.0798,3.0000
468,nodes,3,3.0797,3.0777,3.0000
468,scouts,0,-4.1035,-2.3895,3.0000
468,scouts,1,-5.6035,-0.8895,3.0000
468,scouts,2,-7.1035,-2.3895,3.0000
468,scouts,3,-5.6035,-3.8895,3.0000
468,scouts,4,7.1029,-2.3919,3.0000
468,scouts,5,5.6029,-0.8919,3.0000
468,scouts,6,4.1029,-2.3919,3.0000
468,scouts,7,5.6029,-3.8919,3.0000
468,scouts,8,-1.6063,3.1067,3.0000
468,scouts,9,-3.1063,4.6067,3.0000
468,scouts,10,-4.6063,3.1067,3.0000
468,scouts,11,-3.1063,1.6067,3.0000
468,scouts,12,4.6065,3.1044,3.0000
468,scouts,13,3.1065,4.6044,3.0000
468,scouts,14,1.6065,3.1044,3.0000
468,scouts,15,3.1065,1.6044,3.0000
468,workers,0,-7.8283,7.5535,3.0000
468,workers,1,7.9984,7.9788,3.0000
468,workers,2,5.6879,-5.2675,3.0000
468,workers,3,-3.1640,-3.8088,3.0000
469,general,0,0.0000,0.0000,5.0000
469,nodes,0,-5.6132,-2.3468,3.0000
469,nodes,1,5.6125,-2.3493,3.0000
469,nodes,2,-3.0754,3.0756,3.0000
469,nodes,3,3.0755,3.0736,3.0000
469,scouts,0,-4.1047,-2.3838,3.0000
469,scouts,1,-5.6047,-0.8838,3.0000
469,scouts,2,-7.1047,-2.3838,3.0000
469,scouts,3,-5.6047,-3.8838,3.0000
469,scouts,4,7.1041,-2.3862,3.0000
469,scouts,5,5.6041,-0.8862,3.0000
469,scouts,6,4.1041,-2.3862,3.0000
469,scouts,7,5.6041,-3.8862,3.0000
469,scouts,8,-1.6022,3.1025,3.0000
469,scouts,9,-3.1022,4.6025,3.0000
469,scouts,10,-4.6022,3.1025,3.0000
469,scouts,11,-3.1022,1.6025,3.0000
469,scouts,12,4.6023,3.1003,3.0000
469,scouts,13,3.1023,4.6003,3.0000
469,scouts,14,1.6023,3.1003,3.0000
469,scouts,15,3.1023,1.6003,3.0000
469,workers,0,-7.8402,7.5846,3.0000
469,workers,1,7.9986,7.9821,3.0000
469,workers,2,5.7095,-5.2930,3.0000
469,workers,3,-3.1892,-3.8306,3.0000
470,general,0,0.0000,0.0000,5.0000
470,nodes,0,-5.6145,-2.3411,3.0000
470,nodes,1,5.6138,-2.3437,3.0000
470,nodes,2,-3.0713,3.0715,3.0000
470,nodes,3,3.0713,3.0695,3.0000
470,scouts,0,-4.1061,-2.3781,3.0000
470,scouts,1,-5.6061,-0.8781,3.0000
470,scouts,2,-7.1061,-2.3781,3.0000
470,scouts,3,-5.6061,-3.8781,3.0000
470,scouts,4,7.1054,-2.3806,3.0000
470,scouts,5,5.6054,-0.8806,3.0000
470,scouts,6,4.1054,-2.3806,3.0000
470,scouts,7,5.6054,-3.8806,3.0000
470,scouts,8,-1.5981,3.0984,3.0000
470,scouts,9,-3.0981,4.5984,3.0000
470,scouts,10,-4.5981,3.0984,3.0000
470,scouts,11,-3.0981,1.5984,3.0000
470,scouts,12,4.5982,3.0962,3.0000
470,scouts,13,3.0982,4.5962,3.0000
470,scouts,14,1.5982,3.0962,3.0000
470,scouts,15,3.0982,1.5962,3.0000
470,workers,0,-7.8522,7.6157,3.0000
470,workers,1,7.9988,7.9850,3.0000
470,workers,2,5.7310,-5.3184,3.0000
470,workers,3,-3.2144,-3.8525,3.0000
471,general,0,0.0000,0.0000,5.0000
471,nodes,0,-5.6159,-2.3354,3.0000
471,nodes,1,5.6151,-2.3380,3.0000
471,nodes,2,-3.0672,3.0674,3.0000
471,nodes,3,3.0671,3.0654,3.0000
471,scouts,0,-4.1074,-2.3724,3.0000
471,scouts,1,-5.6074,-0.8724,3.0000
471,scouts,2,-7.1074,-2.3724,3.0000
471,scouts,3,-5.6074,-3.8724,3.0000
471,scouts,4,7.1067,-2.3749,3.0000
471,scouts,5,5.6067,-0.8749,3.0000
471,scouts,6,4.1067,-2.3749,3.0000
471,scouts,7,5.6067,-3.8749,3.0000
471,scouts,8,-1.5940,3.0942,3.0000
471,scouts,9,-3.0940,4.5942,3.0000
471,scouts,10,-4.5940,3.0942,3.0000
471,scouts,11,-3.0940,1.5942,3.0000
471,scouts,12,4.5941,3.0921,3.0000
471,scouts,13,3.0941,4.5921,3.0000
471,scouts,14,1.5941,3.0921,3.0000
471,scouts,15,3.0941,1.5921,3.0000
471,workers,0,-7.8642,7.6468,3.0000
471,workers,1,7.9991,7.9877,3.0000
471,workers,2,5.7525,-5.3439,3.0000
471,workers,3,-3.2396,-3.8743,3.0000
472,general,0,0.0000,0.0000,5.0000
472,nodes,0,-5.6172,-2.3297,3.0000
472,nodes,1,5.6164,-2.3323,3.0000
472,nodes,2,-3.0631,3.0633,3.0000
472,nodes,3,3.0629,3.0613,3.0000
472,scouts,0,-4.1087,-2.3667,3.0000
472,scouts,1,-5.6087,-0.8667,3.0000
472,scouts,2,-7.1087,-2.3667,3.0000
472,scouts,3,-5.6087,-3.8667,3.0000
472,scouts,4,7.1080,-2.3692,3.0000
472,scouts,5,5.6080,-0.8692,3.0000
472,scouts,6,4.1080,-2.3692,3.0000
472,scouts,7,5.6080,-3.8692,3.0000
472,scouts,8,-1.5898,3.0901,3.0000
472,scouts,9,-3.0898,4.5901,3.0000
472,scouts,10,-4.5898,3.0901,3.0000
472,scouts,11,-3.0898,1.5901,3.0000
472,scouts,12,4.5899,3.0880,3.0000
472,scouts,13,3.0899,4.5880,3.0000
472,scouts,14,1.5899,3.0880,3.0000
472,scouts,15,3.0899,1.5880,3.0000
472,workers,0,-7.8761,7.6779,3.0000
472,workers,1,7.9992,7.9901,3.0000
472,workers,2,5.7740,-5.3693,3.0000
472,workers,3,-3.2648,-3.8961,3.0000
473,general,0,0.0000,0.0000,5.0000
473,nodes,0,-5.6185,-2.3240,3.0000
473,nodes,1,5.6177,-2.3267,3.0000
473,nodes,2,-3.0589,3.0592,3.0000
473,nodes,3,3.0588,3.0572,3.0000
473,scouts,0,-4.1100,-2.3610,3.0000
473,scouts,1,-5.6100,-0.8610,3.0000
473,scouts,2,-7.1100,-2.3610,3.0000
473,scouts,3,-5.6100,-3.8610,3.0000
473,scouts,4,7.1093,-2.3635,3.0000
473,scouts,5,5.6093,-0.8635,3.0000
473,scouts,6,4.1093,-2.3635,3.0000
473,scouts,7,5.6093,-3.8635,3.0000
473,scouts,8,-1.5857,3.0860,3.0000
473,scouts,9,-3.0857,4.5860,3.0000
473,scouts,10,-4.5857,3.0860,3.0000
473,scouts,11,-3.0857,1.5860,3.0000
473,scouts,12,4.5858,3.0839,3.0000
473,scouts,13,3.0858,4.5839,3.0000
473,scouts,14,1.5858,3.0839,3.0000
473,scouts,15,3.0858,1.5839,3.0000
473,workers,0,-7.8881,7.7091,3.0000
473,workers,1,7.9994,7.9922,3.0000
473,workers,2,5.7956,-5.3948,3.0000
473,workers,3,-3.2900,-3.9180,3.0000
474,general,0,0.0000,0.0000,5.0000
474,nodes,0,-5.6199,-2.3183,3.0000
474,nodes,1,5.6190,-2.3210,3.0000
474,nodes,2,-3.0548,3.0551,3.0000
474,nodes,3,3.0547,3.0531,3.0000
474,scouts,0,-4.1113,-2.3553,3.0000
474,scouts,1,-5.6113,-0.8553,3.0000
474,scouts,2,-7.1113,-2.3553,3.0000
474,scouts,3,-5.6113,-3.8553,3.0000
474,scouts,4,7.1106,-2.3579,3.0000
474,scouts,5,5.6106,-0.8579,3.0000
474,scouts,6,4.1106,-2.3579,3.0000
474,scouts,7,5.6106,-3.8579,3.0000
474,scouts,8,-1.5816,3.0819,3.0000
474,scouts,9,-3.0816,4.5819,3.0000
474,scouts,10,-4.5816,3.0819,3.0000
474,scouts,11,-3.0816,1.5819,3.0000
474,scouts,12,4.5816,3.0798,3.0000
474,scouts,13,3.0816,4.5798,3.0000
474,scouts,14,1.5816,3.0798,3.0000
474,scouts,15,3.0816,1.5798,3.0000
474,workers,0,-7.9001,7.7402,3.0000
474,workers,1,7.9996,7.9942,3.0000
474,workers,2,5.8171,-5.4202,3.0000
474,workers,3,-3.3152,-3.9398,3.0000
475,general,0,0.0000,0.0000,5.0000
475,nodes,0,-5.6212,-2.3127,3.0000
475,nodes,1,5.6203,-2.3154,3.0000
475,nodes,2,-3.0508,3.0510,3.0000
475,nodes,3,3.0506,3.0489,3.0000
475,scouts,0,-4.1126,-2.3496,3.0000
475,scouts,1,-5.6126,-0.8496,3.0000
475,scouts,2,-7.1126,-2.3496,3.0000
475,scouts,3,-5.6126,-3.8496,3.0000
475,scouts,4,7.1119,-2.3522,3.0000
475,scouts,5,5.6119,-0.8522,3.0000
475,scouts,6,4.1119,-2.3522,3.0000
475,scouts,7,5.6119,-3.8522,3.0000
475,scouts,8,-1.5775,3.0778,3.0000
475,scouts,9,-3.0775,4.5778,3.0000
475,scouts,10,-4.5775,3.0778,3.0000
475,scouts,11,-3.0775,1.5778,3.0000
475,scouts,12,4.5775,3.0757,3.0000
475,scouts,13,3.0775,4.5757,3.0000
475,scouts,14,1.5775,3.0757,3.0000
475,scouts,15,3.0775,1.5757,3.0000
475,workers,0,-7.9108,7.7682,3.0000
475,workers,1,7.9997,7.9959,3.0000
475,workers,2,5.8386,-5.4457,3.0000
475,workers,3,-3.3403,-3.9616,3.0000
476,general,0,0.0000,0.0000,5.0000
476,nodes,0,-5.6225,-2.3070,3.0000
476,nodes,1,5.6215,-2.3098,3.0000
476,nodes,2,-3.0466,3.0469,3.0000
476,nodes,3,3.0465,3.0449,3.0000
476,scouts,0,-4.1139,-2.3440,3.0000
476,scouts,1,-5.6139,-0.8440,3.0000
476,scouts,2,-7.1139,-2.3440,3.0000
476,scouts,3,-5.6139,-3.8440,3.0000
476,scouts,4,7.1132,-2.3465,3.0000
476,scouts,5,5.6132,-0.8465,3.0000
476,scouts,6,4.1132,-2.3465,3.0000
476,scouts,7,5.6132,-3.8465,3.0000
476,scouts,8,-1.5734,3.0736,3.0000
476,scouts,9,-3.0734,4.5736,3.0000
476,scouts,10,-4.5734,3.0736,3.0000
476,scouts,11,-3.0734,1.5736,3.0000
476,scouts,12,4.5733,3.0716,3.0000
476,scouts,13,3.0733,4.5716,3.0000
476,scouts,14,1.5733,3.0716,3.0000
476,scouts,15,3.0733,1.5716,3.0000
476,workers,0,-7.9205,7.7934,3.0000
476,workers,1,7.9998,7.9975,3.0000
476,workers,2,5.8602,-5.4711,3.0000
476,workers,3,-3.3655,-3.9835,3.0000
477,general,0,0.0000,0.0000,5.0000
477,nodes,0,-5.6238,-2.3012,3.0000
477,nodes,1,5.6228,-2.3041,3.0000
477,nodes,2,-3.0424,3.0427,3.0000
477,nodes,3,3.0423,3.0408,3.0000
477,scouts,0,-4.1153,-2.3383,3.0000
477,scouts,1,-5.6153,-0.8383,3.0000
477,scouts,2,-7.1153,-2.3383,3.0000
477,scouts,3,-5.6153,-3.8383,3.0000
477,scouts,4,7.1145,-2.3409,3.0000
477,scouts,5,5.6145,-0.8409,3.0000
477,scouts,6,4.1145,-2.3409,3.0000
477,scouts,7,5.6145,-3.8409,3.0000
477,scouts,8,-1.5692,3.0695,3.0000
477,scouts,9,-3.0692,4.5695,3.0000
477,scouts,10,-4.5692,3.0695,3.0000
477,scouts,11,-3.0692,1.5695,3.0000
477,scouts,12,4.5692,3.0675,3.0000
477,scouts,13,3.0692,4.5675,3.0000
477,scouts,14,1.5692,3.0675,3.0000
477,scouts,15,3.0692,1.5675,3.0000
477,workers,0,-7.9292,7.8160,3.0000
477,workers,1,7.9999,7.9989,3.0000
477,workers,2,5.8817,-5.4966,3.0000
477,workers,3,-3.3907,-4.0053,3.0000
478,general,0,0.0000,0.0000,5.0000
478,nodes,0,-5.6252,-2.2956,3.0000
478,nodes,1,5.6242,-2.2983,3.0000
478,nodes,2,-3.0382,3.0385,3.0000
478,nodes,3,3.0382,3.0367,3.0000
478,scouts,0,-4.1166,-2.3326,3.0000
478,scouts,1,-5.6166,-0.8326,3.0000
478,scouts,2,-7.1166,-2.3326,3.0000
478,scouts,3,-5.6166,-3.8326,3.0000
478,scouts,4,7.1158,-2.3352,3.0000
478,scouts,5,5.6158,-0.8352,3.0000
478,scouts,6,4.1158,-2.3352,3.0000
478,scouts,7,5.6158,-3.8352,3.0000
478,scouts,8,-1.5651,3.0654,3.0000
478,scouts,9,-3.0651,4.5654,3.0000
478,scouts,10,-4.5651,3.0654,3.0000
478,scouts,11,-3.0651,1.5654,3.0000
478,scouts,12,4.5651,3.0633,3.0000
478,scouts,13,3.0651,4.5633,3.0000
478,scouts,14,1.5651,3.0633,3.0000
478,scouts,15,3.0651,1.5633,3.0000
478,workers,0,-7.9371,7.8365,3.0000
478,workers,1,8.0000,8.0001,3.0000
478,workers,2,5.9032,-5.5220,3.0000
478,workers,3,-3.4159,-4.0271,3.0000
479,general,0,0.0000,0.0000,5.0000
479,nodes,0,-5.6265,-2.2900,3.0000
479,nodes,1,5.6255,-2.2926,3.0000
479,nodes,2,-3.0342,3.0344,3.0000
479,nodes,3,3.0340,3.0325,3.0000
479,scouts,0,-4.1179,-2.3269,3.0000
479,scouts,1,-5.6179,-0.8269,3.0000
479,scouts,2,-7.1179,-2.3269,3.0000
479,scouts,3,-5.6179,-3.8269,3.0000
479,scouts,4,7.1171,-2.3295,3.0000
479,scouts,5,5.6171,-0.8295,3.0000
479,scouts,6,4.1171,-2.3295,3.0000
479,scouts,7,5.6171,-3.8295,3.0000
479,scouts,8,-1.5610,3.0613,3.0000
479,scouts,9,-3.0610,4.5613,3.0000
479,scouts,10,-4.5610,3.0613,3.0000
479,scouts,11,-3.0610,1.5613,3.0000
479,scouts,12,4.5609,3.0592,3.0000
479,scouts,13,3.0609,4.5592,3.0000
479,scouts,14,1.5609,3.0592,3.0000
479,scouts,15,3.0609,1.5592,3.0000
479,workers,0,-7.9442,7.8548,3.0000
479,workers,1,8.0001,8.0013,3.0000
479,workers,2,5.9248,-5.5475,3.0000
479,workers,3,-3.4411,-4.0490,3.0000
480,general,0,0.0000,0.0000,5.0000
480,nodes,0,-5.6278,-2.2843,3.0000
480,nodes,1,5.6268,-2.2868,3.0000
480,nodes,2,-3.0300,3.0303,3.0000
480,nodes,3,3.0300,3.0283,3.0000
480,scouts,0,-4.1192,-2.3212,3.0000
480,scouts,1,-5.6192,-0.8212,3.0000
480,scouts,2,-7.1192,-2.3212,3.0000
480,scouts,3,-5.6192,-3.8212,3.0000
480,scouts,4,7.1184,-2.3238,3.0000
480,scouts,5,5.6184,-0.8238,3.0000
480,scouts,6,4.1184,-2.3238,3.0000
480,scouts,7,5.6184,-3.8238,3.0000
480,scouts,8,-1.5569,3.0571,3.0000
480,scouts,9,-3.0569,4.5571,3.0000
480,scouts,10,-4.5569,3.0571,3.0000
480,scouts,11,-3.0569,1.5571,3.0000
480,scouts,12,4.5568,3.0551,3.0000
480,scouts,13,3.0568,4.5551,3.0000
480,scouts,14,1.5568,3.0551,3.0000
480,scouts,15,3.0568,1.5551,3.0000
480,workers,0,-7.9505,7.8714,3.0000
480,workers,1,8.0002,8.0023,3.0000
480,workers,2,5.9463,-5.5729,3.0000
480,workers,3,-3.4663,-4.0708,3.0000
481,general,0,0.0000,0.0000,5.0000
481,nodes,0,-5.6291,-2.2785,3.0000
481,nodes,1,5.6281,-2.2811,3.0000
481,nodes,2,-3.0259,3.0260,3.0000
481,nodes,3,3.0258,3.0241,3.0000
481,scouts,0,-4.1205,-2.3155,3.0000
481,scouts,1,-5.6205,-0.8155,3.0000
481,scouts,2,-7.1205,-2.3155,3.0000
481,scouts,3,-5.6205,-3.8155,3.0000
481,scouts,4,7.1197,-2.3181,3.0000
481,scouts,5,5.6197,-0.8181,3.0000
481,scouts,6,4.1197,-2.3181,3.0000
481,scouts,7,5.6197,-3.8181,3.0000
481,scouts,8,-1.5527,3.0530,3.0000
481,scouts,9,-3.0527,4.5530,3.0000
481,scouts,10,-4.5527,3.0530,3.0000
481,scouts,11,-3.0527,1.5530,3.0000
481,scouts,12,4.5527,3.0510,3.0000
481,scouts,13,3.0527,4.5510,3.0000
481,scouts,14,1.5527,3.0510,3.0000
481,scouts,15,3.0527,1.5510,3.0000
481,workers,0,-7.9562,7.8862,3.0000
481,workers,1,8.0002,8.0032,3.0000
481,workers,2,5.9678,-5.5983,3.0000
481,workers,3,-3.4915,-4.0926,3.0000
482,general,0,0.0000,0.0000,5.0000
482,nodes,0,-5.6304,-2.2729,3.0000
482,nodes,1,5.6294,-2.2754,3.0000
482,nodes,2,-3.0218,3.0218,3.0000
482,nodes,3,3.0217,3.0200,3.0000
482,scouts,0,-4.1219,-2.3098,3.0000
482,scouts,1,-5.6219,-0.8098,3.0000
482,scouts,2,-7.1219,-2.3098,3.0000
482,scouts,3,-5.6219,-3.8098,3.0000
482,scouts,4,7.1210,-2.3124,3.0000
482,scouts,5,5.6210,-0.8124,3.0000
482,scouts,6,4.1210,-2.3124,3.0000
482,scouts,7,5.6210,-3.8124,3.0000
482,scouts,8,-1.5486,3.0488,3.0000
482,scouts,9,-3.0486,4.5488,3.0000
482,scouts,10,-4.5486,3.0488,3.0000
482,scouts,11,-3.0486,1.5488,3.0000
482,scouts,12,4.5485,3.0468,3.0000
482,scouts,13,3.0485,4.5468,3.0000
482,scouts,14,1.5485,3.0468,3.0000
482,scouts,15,3.0485,1.5468,3.0000
482,workers,0,-7.9614,7.8996,3.0000
482,workers,1,8.0003,8.0041,3.0000
482,workers,2,5.9894,-5.6238,3.0000
482,workers,3,-3.5167,-4.1144,3.0000
483,general,0,0.0000,0.0000,5.0000
483,nodes,0,-5.6317,-2.2673,3.0000
483,nodes,1,5.6307,-2.2698,3.0000
483,nodes,2,-3.0177,3.0177,3.0000
483,nodes,3,3.0176,3.0159,3.0000
483,scouts,0,-4.1232,-2.3042,3.0000
483,scouts,1,-5.6232,-0.8042,3.0000
483,scouts,2,-7.1232,-2.3042,3.0000
483,scouts,3,-5.6232,-3.8042,3.0000
483,scouts,4,7.1223,-2.3068,3.0000
483,scouts,5,5.6223,-0.8068,3.0000
483,scouts,6,4.1223,-2.3068,3.0000
483,scouts,7,5.6223,-3.8068,3.0000
483,scouts,8,-1.5445,3.0447,3.0000
483,scouts,9,-3.0445,4.5447,3.0000
483,scouts,10,-4.5445,3.0447,3.0000
483,scouts,11,-3.0445,1.5447,3.0000
483,scouts,12,4.5444,3.0427,3.0000
483,scouts,13,3.0444,4.5427,3.0000
483,scouts,14,1.5444,3.0427,3.0000
483,scouts,15,3.0444,1.5427,3.0000
483,workers,0,-7.9660,7.9117,3.0000
483,workers,1,8.0004,8.0048,3.0000
483,workers,2,6.0109,-5.6492,3.0000
483,workers,3,-3.5419,-4.1363,3.0000
484,general,0,0.0000,0.0000,5.0000
484,nodes,0,-5.6330,-2.2616,3.0000
484,nodes,1,5.6320,-2.2641,3.0000
484,nodes,2,-3.0136,3.0136,3.0000
484,nodes,3,3.0135,3.0117,3.0000
484,scouts,0,-4.1245,-2.2985,3.0000
484,scouts,1,-5.6245,-0.7985,3.0000
484,scouts,2,-7.1245,-2.2985,3.0000
484,scouts,3,-5.6245,-3.7985,3.0000
484,scouts,4,7.1236,-2.3011,3.0000
484,scouts,5,5.6236,-0.8011,3.0000
484,scouts,6,4.1236,-2.3011,3.0000
484,scouts,7,5.6236,-3.8011,3.0000
484,scouts,8,-1.5404,3.0405,3.0000
484,scouts,9,-3.0404,4.5405,3.0000
484,scouts,10,-4.5404,3.0405,3.0000
484,scouts,11,-3.0404,1.5405,3.0000
484,scouts,12,4.5403,3.0386,3.0000
484,scouts,13,3.0403,4.5386,3.0000
484,scouts,14,1.5403,3.0386,3.0000
484,scouts,15,3.0403,1.5386,3.0000
484,workers,0,-7.9702,7.9225,3.0000
484,workers,1,8.0004,8.0055,3.0000
484,workers,2,6.0324,-5.6747,3.0000
484,workers,3,-3.5671,-4.1581,3.0000
485,general,0,0.0000,0.0000,5.0000
485,nodes,0,-5.6343,-2.2558,3.0000
485,nodes,1,5.6333,-2.2584,3.0000
485,nodes,2,-3.0094,3.0095,3.0000
485,nodes,3,3.0093,3.0076,3.0000
485,scouts,0,-4.1258,-2.2928,3.0000
485,scouts,1,-5.6258,-0.7928,3.0000
485,scouts,2,-7.1258,-2.2928,3.0000
485,scouts,3,-5.6258,-3.7928,3.0000
485,scouts,4,7.1249,-2.2954,3.0000
485,scouts,5,5.6249,-0.7954,3.0000
485,scouts,6,4.1249,-2.2954,3.0000
485,scouts,7,5.6249,-3.7954,3.0000
485,scouts,8,-1.5362,3.0364,3.0000
485,scouts,9,-3.0362,4.5364,3.0000
485,scouts,10,-4.5362,3.0364,3.0000
485,scouts,11,-3.0362,1.5364,3.0000
485,scouts,12,4.5362,3.0345,3.0000
485,scouts,13,3.0362,4.5345,3.0000
485,scouts,14,1.5362,3.0345,3.0000
485,scouts,15,3.0362,1.5345,3.0000
485,workers,0,-7.9740,7.9323,3.0000
485,workers,1,8.0005,8.0061,3.0000
485,workers,2,6.0540,-5.7001,3.0000
485,workers,3,-3.5922,-4.1799,3.0000
486,general,0,0.0000,0.0000,5.0000
486,nodes,0,-5.6355,-2.2501,3.0000
486,nodes,1,5.6346,-2.2528,3.0000
486,nodes,2,-3.0053,3.0053,3.0000
486,nodes,3,3.0053,3.0035,3.0000
486,scouts,0,-4.1271,-2.2871,3.0000
486,scouts,1,-5.6271,-0.7871,3.0000
486,scouts,2,-7.1271,-2.2871,3.0000
486,scouts,3,-5.6271,-3.7871,3.0000
486,scouts,4,7.1261,-2.2897,3.0000
486,scouts,5,5.6261,-0.7897,3.0000
486,scouts,6,4.1261,-2.2897,3.0000
486,scouts,7,5.6261,-3.7897,3.0000
486,scouts,8,-1.5321,3.0322,3.0000
486,scouts,9,-3.0321,4.5322,3.0000
486,scouts,10,-4.5321,3.0322,3.0000
486,scouts,11,-3.0321,1.5322,3.0000
486,scouts,12,4.5320,3.0303,3.0000
486,scouts,13,3.0320,4.5303,3.0000
486,scouts,14,1.5320,3.0303,3.0000
486,scouts,15,3.0320,1.5303,3.0000
486,workers,0,-7.9773,7.9411,3.0000
486,workers,1,8.0005,8.0066,3.0000
486,workers,2,6.0755,-5.7256,3.0000
486,workers,3,-3.6174,-4.2018,3.0000
487,general,0,0.0000,0.0000,5.0000
487,nodes,0,-5.6368,-2.2445,3.0000
487,nodes,1,5.6359,-2.2471,3.0000
487,nodes,2,-3.0012,3.0012,3.0000
487,nodes,3,3.0012,2.9994,3.0000
487,scouts,0,-4.1284,-2.2814,3.0000
487,scouts,1,-5.6284,-0.7814,3.0000
487,scouts,2,-7.1284,-2.2814,3.0000
487,scouts,3,-5.6284,-3.7814,3.0000
487,scouts,4,7.1274,-2.2840,3.0000
487,scouts,5,5.6274,-0.7840,3.0000
487,scouts,6,4.1274,-2.2840,3.0000
487,scouts,7,5.6274,-3.7840,3.0000
487,scouts,8,-1.5280,3.0281,3.0000
487,scouts,9,-3.0280,4.5281,3.0000
487,scouts,10,-4.5280,3.0281,3.0000
487,scouts,11,-3.0280,1.5281,3.0000
487,scouts,12,4.5279,3.0262,3.0000
487,scouts,13,3.0279,4.5262,3.0000
487,scouts,14,1.5279,3.0262,3.0000
487,scouts,15,3.0279,1.5262,3.0000
487,workers,0,-7.9804,7.9490,3.0000
487,workers,1,8.0005,8.0071,3.0000
487,workers,2,6.0970,-5.7510,3.0000
487,workers,3,-3.6426,-4.2236,3.0000
488,general,0,0.0000,0.0000,5.0000
488,nodes,0,-5.6380,-2.2388,3.0000
488,nodes,1,5.6373,-2.2415,3.0000
488,nodes,2,-2.9970,2.9970,3.0000
488,nodes,3,2.9971,2.9952,3.0000
488,scouts,0,-4.1297,-2.2757,3.0000
488,scouts,1,-5.6297,-0.7757,3.0000
488,scouts,2,-7.1297,-2.2757,3.0000
488,scouts,3,-5.6297,-3.7757,3.0000
488,scouts,4,7.1288,-2.2783,3.0000
488,scouts,5,5.6288,-0.7783,3.0000
488,scouts,6,4.1288,-2.2783,3.0000
488,scouts,7,5.6288,-3.7783,3.0000
488,scouts,8,-1.5239,3.0240,3.0000
488,scouts,9,-3.0239,4.5240,3.0000
488,scouts,10,-4.5239,3.0240,3.0000
488,scouts,11,-3.0239,1.5240,3.0000
488,scouts,12,4.5238,3.0221,3.0000
488,scouts,13,3.0238,4.5221,3.0000
488,scouts,14,1.5238,3.0221,3.0000
488,scouts,15,3.0238,1.5221,3.0000
488,workers,0,-7.9831,7.9561,3.0000
488,workers,1,8.0006,8.0076,3.0000
488,workers,2,6.1186,-5.7765,3.0000
488,workers,3,-3.6678,-4.2454,3.0000
489,general,0,0.0000,0.0000,5.0000
489,nodes,0,-5.6393,-2.2330,3.0000
489,nodes,1,5.6386,-2.2358,3.0000
489,nodes,2,-2.9929,2.9929,3.0000
489,nodes,3,2.9930,2.9911,3.0000
489,scouts,0,-4.1310,-2.2700,3.0000
489,scouts,1,-5.6310,-0.7700,3.0000
489,scouts,2,-7.1310,-2.2700,3.0000
489,scouts,3,-5.6310,-3.7700,3.0000
489,scouts,4,7.1301,-2.2727,3.0000
489,scouts,5,5.6301,-0.7727,3.0000
489,scouts,6,4.1301,-2.2727,3.0000
489,scouts,7,5.6301,-3.7727,3.0000
489,scouts,8,-1.5197,3.0198,3.0000
489,scouts,9,-3.0197,4.5198,3.0000
489,scouts,10,-4.5197,3.0198,3.0000
489,scouts,11,-3.0197,1.5198,3.0000
489,scouts,12,4.5197,3.0180,3.0000
489,scouts,13,3.0197,4.5180,3.0000
489,scouts,14,1.5197,3.0180,3.0000
489,scouts,15,3.0197,1.5180,3.0000
489,workers,0,-7.9856,7.9625,3.0000
489,workers,1,8.0006,8.0080,3.0000
489,workers,2,6.1401,-5.8019,3.0000
489,workers,3,-3.6930,-4.2673,3.0000
490,general,0,0.0000,0.0000,5.0000
490,nodes,0,-5.6407,-2.2273,3.0000
490,nodes,1,5.6400,-2.2301,3.0000
490,nodes,2,-2.9887,2.9888,3.0000
490,nodes,3,2.9888,2.9870,3.0000
490,scouts,0,-4.1323,-2.2643,3.0000
490,scouts,1,-5.6323,-0.7643,3.0000
490,scouts,2,-7.1323,-2.2643,3.0000
490,scouts,3,-5.6323,-3.7643,3.0000
490,scouts,4,7.1314,-2.2670,3.0000
490,scouts,5,5.6314,-0.7670,3.0000
490,scouts,6,4.1314,-2.2670,3.0000
490,scouts,7,5.6314,-3.7670,3.0000
490,scouts,8,-1.5156,3.0157,3.0000
490,scouts,9,-3.0156,4.5157,3.0000
490,scouts,10,-4.5156,3.0157,3.0000
490,scouts,11,-3.0156,1.5157,3.0000
490,scouts,12,4.5156,3.0138,3.0000
490,scouts,13,3.0156,4.5138,3.0000
490,scouts,14,1.5156,3.0138,3.0000
490,scouts,15,3.0156,1.5138,3.0000
490,workers,0,-7.9878,7.9683,3.0000
490,workers,1,8.0006,8.0083,3.0000
490,workers,2,6.1616,-5.8274,3.0000
490,workers,3,-3.7182,-4.2891,3.0000
491,general,0,0.0000,0.0000,5.0000
491,nodes,0,-5.6419,-2.2216,3.0000
491,nodes,1,5.6414,-2.2243,3.0000
491,nodes,2,-2.9847,2.9846,3.0000
491,nodes,3,2.9847,2.9828,3.0000
491,scouts,0,-4.1335,-2.2587,3.0000
491,scouts,1,-5.6335,-0.7587,3.0000
491,scouts,2,-7.1335,-2.2587,3.0000
491,scouts,3,-5.6335,-3.7587,3.0000
491,scouts,4,7.1327,-2.2613,3.0000
491,scouts,5,5.6327,-0.7613,3.0000
491,scouts,6,4.1327,-2.2613,3.0000
491,scouts,7,5.6327,-3.7613,3.0000
491,scouts,8,-1.5115,3.0115,3.0000
491,scouts,9,-3.0115,4.5115,3.0000
491,scouts,10,-4.5115,3.0115,3.0000
491,scouts,11,-3.0115,1.5115,3.0000
491,scouts,12,4.5115,3.0097,3.0000
491,scouts,13,3.0115,4.5097,3.0000
491,scouts,14,1.5115,3.0097,3.0000
491,scouts,15,3.0115,1.5097,3.0000
491,workers,0,-7.9898,7.9735,3.0000
491,workers,1,8.0007,8.0087,3.0000
491,workers,2,6.1831,-5.8528,3.0000
491,workers,3,-3.7434,-4.3109,3.0000
492,general,0,0.0000,0.0000,5.0000
492,nodes,0,-5.6433,-2.2160,3.0000
492,nodes,1,5.6426,-2.2187,3.0000
492,nodes,2,-2.9806,2.9805,3.0000
492,nodes,3,2.9806,2.9787,3.0000
492,scouts,0,-4.1348,-2.2530,3.0000
492,scouts,1,-5.6348,-0.7530,3.0000
492,scouts,2,-7.1348,-2.2530,3.0000
492,scouts,3,-5.6348,-3.7530,3.0000
492,scouts,4,7.1340,-2.2556,3.0000
492,scouts,5,5.6340,-0.7556,3.0000
492,scouts,6,4.1340,-2.2556,3.0000
492,scouts,7,5.6340,-3.7556,3.0000
492,scouts,8,-1.5074,3.0074,3.0000
492,scouts,9,-3.0074,4.5074,3.0000
492,scouts,10,-4.5074,3.0074,3.0000
492,scouts,11,-3.0074,1.5074,3.0000
492,scouts,12,4.5073,3.0056,3.0000
492,scouts,13,3.0073,4.5056,3.0000
492,scouts,14,1.5073,3.0056,3.0000
492,scouts,15,3.0073,1.5056,3.0000
492,workers,0,-7.9916,7.9781,3.0000
492,workers,1,8.0007,8.0089,3.0000
492,workers,2,6.2047,-5.8783,3.0000
492,workers,3,-3.7686,-4.3328,3.0000
493,general,0,0.0000,0.0000,5.0000
493,nodes,0,-5.6445,-2.2103,3.0000
493,nodes,1,5.6439,-2.2130,3.0000
493,nodes,2,-2.9765,2.9763,3.0000
493,nodes,3,2.9765,2.9745,3.0000
493,scouts,0,-4.1361,-2.2473,3.0000
493,scouts,1,-5.6361,-0.7473,3.0000
493,scouts,2,-7.1361,-2.2473,3.0000
493,scouts,3,-5.6361,-3.7473,3.0000
493,scouts,4,7.1354,-2.2499,3.0000
493,scouts,5,5.6354,-0.7499,3.0000
493,scouts,6,4.1354,-2.2499,3.0000
493,scouts,7,5.6354,-3.7499,3.0000
493,scouts,8,-1.5032,3.0033,3.0000
493,scouts,9,-3.0032,4.5033,3.0000
493,scouts,10,-4.5032,3.0033,3.0000
493,scouts,11,-3.0032,1.5033,3.0000
493,scouts,12,4.5032,3.0014,3.0000
493,scouts,13,3.0032,4.5014,3.0000
493,scouts,14,1.5032,3.0014,3.0000
493,scouts,15,3.0032,1.5014,3.0000
493,workers,0,-7.9932,7.9823,3.0000
493,workers,1,8.0007,8.0092,3.0000
493,workers,2,6.2262,-5.9037,3.0000
493,workers,3,-3.7938,-4.3546,3.0000
494,general,0,0.0000,0.0000,5.0000
494,nodes,0,-5.6459,-2.2046,3.0000
494,nodes,1,5.6452,-2.2073,3.0000
494,nodes,2,-2.9723,2.9721,3.0000
494,nodes,3,2.9725,2.9704,3.0000
494,scouts,0,-4.1374,-2.2416,3.0000
494,scouts,1,-5.6374,-0.7416,3.0000
494,scouts,2,-7.1374,-2.2416,3.0000
494,scouts,3,-5.6374,-3.7416,3.0000
494,scouts,4,7.1367,-2.2442,3.0000
494,scouts,5,5.6367,-0.7442,3.0000
494,scouts,6,4.1367,-2.2442,3.0000
494,scouts,7,5.6367,-3.7442,3.0000
494,scouts,8,-1.4991,2.9991,3.0000
494,scouts,9,-2.9991,4.4991,3.0000
494,scouts,10,-4.4991,2.9991,3.0000
494,scouts,11,-2.9991,1.4991,3.0000
494,scouts,12,4.4991,2.9973,3.0000
494,scouts,13,2.9991,4.4973,3.0000
494,scouts,14,1.4991,2.9973,3.0000
494,scouts,15,2.9991,1.4973,3.0000
494,workers,0,-7.9947,7.9861,3.0000
494,workers,1,8.0007,8.0094,3.0000
494,workers,2,6.2477,-5.9291,3.0000
494,workers,3,-3.8189,-4.3764,3.0000
495,general,0,0.0000,0.0000,5.0000
495,nodes,0,-5.6472,-2.1989,3.0000
495,nodes,1,5.6465,-2.2016,3.0000
495,nodes,2,-2.9681,2.9680,3.0000
495,nodes,3,2.9684,2.9663,3.0000
495,scouts,0,-4.1387,-2.2359,3.0000
495,scouts,1,-5.6387,-0.7359,3.0000
495,scouts,2,-7.1387,-2.2359,3.0000
495,scouts,3,-5.6387,-3.7359,3.0000
495,scouts,4,7.1380,-2.2386,3.0000
495,scouts,5,5.6380,-0.7386,3.0000
495,scouts,6,4.1380,-2.2386,3.0000
495,scouts,7,5.6380,-3.7386,3.0000
495,scouts,8,-1.4950,2.9950,3.0000
495,scouts,9,-2.9950,4.4950,3.0000
495,scouts,10,-4.4950,2.9950,3.0000
495,scouts,11,-2.9950,1.4950,3.0000
495,scouts,12,4.4950,2.9931,3.0000
495,scouts,13,2.9950,4.4931,3.0000
495,scouts,14,1.4950,2.9931,3.0000
495,scouts,15,2.9950,1.4931,3.0000
495,workers,0,-7.9960,7.9895,3.0000
495,workers,1,8.0007,8.0097,3.0000
495,workers,2,6.2693,-5.9546,3.0000
495,workers,3,-3.8441,-4.3983,3.0000
496,general,0,0.0000,0.0000,5.0000
496,nodes,0,-5.6485,-2.1931,3.0000
496,nodes,1,5.6479,-2.1960,3.0000
496,nodes,2,-2.9640,2.9639,3.0000
496,nodes,3,2.9643,2.9620,3.0000
496,scouts,0,-4.1400,-2.2302,3.0000
496,scouts,1,-5.6400,-0.7302,3.0000
496,scouts,2,-7.1400,-2.2302,3.0000
496,scouts,3,-5.6400,-3.7302,3.0000
496,scouts,4,7.1393,-2.2329,3.0000
496,scouts,5,5.6393,-0.7329,3.0000
496,scouts,6,4.1393,-2.2329,3.0000
496,scouts,7,5.6393,-3.7329,3.0000
496,scouts,8,-1.4909,2.9908,3.0000
496,scouts,9,-2.9909,4.4908,3.0000
496,scouts,10,-4.4909,2.9908,3.0000
496,scouts,11,-2.9909,1.4908,3.0000
496,scouts,12,4.4909,2.9890,3.0000
496,scouts,13,2.9909,4.4890,3.0000
496,scouts,14,1.4909,2.9890,3.0000
496,scouts,15,2.9909,1.4890,3.0000
496,workers,0,-7.9972,7.9926,3.0000
496,workers,1,8.0008,8.0098,3.0000
496,workers,2,6.2908,-5.9800,3.0000
496,workers,3,-3.8693,-4.4201,3.0000
497,general,0,0.0000,0.0000,5.0000
497,nodes,0,-5.6498,-2.1874,3.0000
497,nodes,1,5.6493,-2.1904,3.0000
497,nodes,2,-2.9598,2.9598,3.0000
497,nodes,3,2.9601,2.9578,3.0000
497,scouts,0,-4.1413,-2.2245,3.0000
497,scouts,1,-5.6413,-0.7245,3.0000
497,scouts,2,-7.1413,-2.2245,3.0000
497,scouts,3,-5.6413,-3.7245,3.0000
497,scouts,4,7.1406,-2.2272,3.0000
497,scouts,5,5.6406,-0.7272,3.0000
497,scouts,6,4.1406,-2.2272,3.0000
497,scouts,7,5.6406,-3.7272,3.0000
497,scouts,8,-1.4867,2.9867,3.0000
497,scouts,9,-2.9867,4.4867,3.0000
497,scouts,10,-4.4867,2.9867,3.0000
497,scouts,11,-2.9867,1.4867,3.0000
497,scouts,12,4.4868,2.9848,3.0000
497,scouts,13,2.9868,4.4848,3.0000
497,scouts,14,1.4868,2.9848,3.0000
497,scouts,15,2.9868,1.4848,3.0000
497,workers,0,-7.9982,7.9954,3.0000
497,workers,1,8.0008,8.0100,3.0000
497,workers,2,6.3123,-6.0055,3.0000
497,workers,3,-3.8945,-4.4419,3.0000
498,general,0,0.0000,0.0000,5.0000
498,nodes,0,-5.6511,-2.1817,3.0000
498,nodes,1,5.6506,-2.1847,3.0000
498,nodes,2,-2.9557,2.9557,3.0000
498,nodes,3,2.9560,2.9536,3.0000
498,scouts,0,-4.1426,-2.2188,3.0000
498,scouts,1,-5.6426,-0.7188,3.0000
498,scouts,2,-7.1426,-2.2188,3.0000
498,scouts,3,-5.6426,-3.7188,3.0000
498,scouts,4,7.1420,-2.2215,3.0000
498,scouts,5,5.6420,-0.7215,3.0000
498,scouts,6,4.1420,-2.2215,3.0000
498,scouts,7,5.6420,-3.7215,3.0000
498,scouts,8,-1.4826,2.9826,3.0000
498,scouts,9,-2.9826,4.4826,3.0000
498,scouts,10,-4.4826,2.9826,3.0000
498,scouts,11,-2.9826,1.4826,3.0000
498,scouts,12,4.4827,2.9807,3.0000
498,scouts,13,2.9827,4.4807,3.0000
498,scouts,14,1.4827,2.9807,3.0000
498,scouts,15,2.9827,1.4807,3.0000
498,workers,0,-7.9992,7.9978,3.0000
498,workers,1,8.0008,8.0102,3.0000
498,workers,2,6.3339,-6.0309,3.0000
498,workers,3,-3.9197,-4.4637,3.0000
499,general,0,0.0000,0.0000,5.0000
499,nodes,0,-5.6523,-2.1761,3.0000
499,nodes,1,5.6519,-2.1790,3.0000
499,nodes,2,-2.9515,2.9516,3.0000
499,nodes,3,2.9518,2.9495,3.0000
499,scouts,0,-4.1439,-2.2131,3.0000
499,scouts,1,-5.6439,-0.7131,3.0000
499,scouts,2,-7.1439,-2.2131,3.0000
499,scouts,3,-5.6439,-3.7131,3.0000
499,scouts,4,7.1433,-2.2159,3.0000
499,scouts,5,5.6433,-0.7159,3.0000
499,scouts,6,4.1433,-2.2159,3.0000
499,scouts,7,5.6433,-3.7159,3.0000
499,scouts,8,-1.4784,2.9784,3.0000
499,scouts,9,-2.9784,4.4784,3.0000
499,scouts,10,-4.4784,2.9784,3.0000
499,scouts,11,-2.9784,1.4784,3.0000
499,scouts,12,4.4786,2.9765,3.0000
499,scouts,13,2.9786,4.4765,3.0000
499,scouts,14,1.4786,2.9765,3.0000
499,scouts,15,2.9786,1.4765,3.0000
499,workers,0,-8.0000,8.0001,3.0000
499,workers,1,8.0008,8.0103,3.0000
499,workers,2,6.3554,-6.0564,3.0000
499,workers,3,-3.9449,-4.4856,3.0000
500,general,0,0.0000,0.0000,5.0000
500,nodes,0,-5.6536,-2.1704,3.0000
500,nodes,1,5.6532,-2.1732,3.0000
500,nodes,2,-2.9473,2.9475,3.0000
500,nodes,3,2.9477,2.9454,3.0000
500,scouts,0,-4.1452,-2.2074,3.0000
500,scouts,1,-5.6452,-0.7074,3.0000
500,scouts,2,-7.1452,-2.2074,3.0000
500,scouts,3,-5.6452,-3.7074,3.0000
500,scouts,4,7.1446,-2.2102,3.0000
500,scouts,5,5.6446,-0.7102,3.0000
500,scouts,6,4.1446,-2.2102,3.0000
500,scouts,7,5.6446,-3.7102,3.0000
500,scouts,8,-1.4743,2.9743,3.0000
500,scouts,9,-2.9743,4.4743,3.0000
500,scouts,10,-4.4743,2.9743,3.0000
500,scouts,11,-2.9743,1.4743,3.0000
500,scouts,12,4.4745,2.9724,3.0000
500,scouts,13,2.9745,4.4724,3.0000
500,scouts,14,1.4745,2.9724,3.0000
500,scouts,15,2.9745,1.4724,3.0000
500,workers,0,-8.0008,8.0021,3.0000
500,workers,1,8.0008,8.0104,3.0000
500,workers,2,6.3769,-6.0818,3.0000
500,workers,3,-3.9701,-4.5074,3.0000
501,general,0,0.0000,0.0000,5.0000
501,nodes,0,-5.6549,-2.1646,3.0000
501,nodes,1,5.6545,-2.1675,3.0000
501,nodes,2,-2.9431,2.9434,3.0000
501,nodes,3,2.9437,2.9413,3.0000
501,scouts,0,-4.1465,-2.2017,3.0000
501,scouts,1,-5.6465,-0.7017,3.0000
501,scouts,2,-7.1465,-2.2017,3.0000
501,scouts,3,-5.6465,-3.7017,3.0000
501,scouts,4,7.1459,-2.2045,3.0000
501,scouts,5,5.6459,-0.7045,3.0000
501,scouts,6,4.1459,-2.2045,3.0000
501,scouts,7,5.6459,-3.7045,3.0000
501,scouts,8,-1.4701,2.9702,3.0000
501,scouts,9,-2.9701,4.4702,3.0000
501,scouts,10,-4.4701,2.9702,3.0000
501,scouts,11,-2.9701,1.4702,3.0000
501,scouts,12,4.4704,2.9682,3.0000
501,scouts,13,2.9704,4.4682,3.0000
501,scouts,14,1.4704,2.9682,3.0000
501,scouts,15,2.9704,1.4682,3.0000
501,workers,0,-8.0015,8.0039,3.0000
501,workers,1,8.0008,8.0105,3.0000
501,workers,2,6.3985,-6.1073,3.0000
501,workers,3,-3.9953,-4.5292,3.0000
502,general,0,0.0000,0.0000,5.0000
502,nodes,0,-5.6562,-2.1589,3.0000
502,nodes,1,5.6558,-2.1618,3.0000
502,nodes,2,-2.9390,2.9393,3.0000
502,nodes,3,2.9396,2.9371,3.0000
502,scouts,0,-4.1478,-2.1960,3.0000
502,scouts,1,-5.6478,-0.6960,3.0000
502,scouts,2,-7.1478,-2.1960,3.0000
502,scouts,3,-5.6478,-3.6960,3.0000
502,scouts,4,7.1472,-2.1988,3.0000
502,scouts,5,5.6472,-0.6988,3.0000
502,scouts,6,4.1472,-2.1988,3.0000
502,scouts,7,5.6472,-3.6988,3.0000
502,scouts,8,-1.4660,2.9661,3.0000
502,scouts,9,-2.9660,4.4661,3.0000
502,scouts,10,-4.4660,2.9661,3.0000
502,scouts,11,-2.9660,1.4661,3.0000
502,scouts,12,4.4663,2.9641,3.0000
502,scouts,13,2.9663,4.4641,3.0000
502,scouts,14,1.4663,2.9641,3.0000
502,scouts,15,2.9663,1.4641,3.0000
502,workers,0,-8.0021,8.0055,3.0000
502,workers,1,8.0008,8.0106,3.0000
502,workers,2,6.4200,-6.1327,3.0000
502,workers,3,-4.0205,-4.5511,3.0000
503,general,0,0.0000,0.0000,5.0000
503,nodes,0,-5.6575,-2.1533,3.0000
503,nodes,1,5.6570,-2.1561,3.0000
503,nodes,2,-2.9349,2.9352,3.0000
503,nodes,3,2.9355,2.9330,3.0000
503,scouts,0,-4.1491,-2.1903,3.0000
503,scouts,1,-5.6491,-0.6903,3.0000
503,scouts,2,-7.1491,-2.1903,3.0000
503,scouts,3,-5.6491,-3.6903,3.0000
503,scouts,4,7.1486,-2.1931,3.0000
503,scouts,5,5.6486,-0.6931,3.0000
503,scouts,6,4.1486,-2.1931,3.0000
503,scouts,7,5.6486,-3.6931,3.0000
503,scouts,8,-1.4618,2.9619,3.0000
503,scouts,9,-2.9618,4.4619,3.0000
503,scouts,10,-4.4618,2.9619,3.0000
503,scouts,11,-2.9618,1.4619,3.0000
503,scouts,12,4.4622,2.9599,3.0000
503,scouts,13,2.9622,4.4599,3.0000
503,scouts,14,1.4622,2.9599,3.0000
503,scouts,15,2.9622,1.4599,3.0000
503,workers,0,-8.0027,8.0070,3.0000
503,workers,1,8.0008,8.0107,3.0000
503,workers,2,6.4415,-6.1582,3.0000
503,workers,3,-4.0457,-4.5729,3.0000
504,general,0,0.0000,0.0000,5.0000
504,nodes,0,-5.6589,-2.1476,3.0000
504,nodes,1,5.6583,-2.1505,3.0000
504,nodes,2,-2.9307,2.9310,3.0000
504,nodes,3,2.9313,2.9289,3.0000
504,scouts,0,-4.1504,-2.1846,3.0000
504,scouts,1,-5.6504,-0.6846,3.0000
504,scouts,2,-7.1504,-2.1846,3.0000
504,scouts,3,-5.6504,-3.6846,3.0000
504,scouts,4,7.1498,-2.1874,3.0000
504,scouts,5,5.6498,-0.6874,3.0000
504,scouts,6,4.1498,-2.1874,3.0000
504,scouts,7,5.6498,-3.6874,3.0000
504,scouts,8,-1.4577,2.9578,3.0000
504,scouts,9,-2.9577,4.4578,3.0000
504,scouts,10,-4.4577,2.9578,3.0000
504,scouts,11,-2.9577,1.4578,3.0000
504,scouts,12,4.4580,2.9558,3.0000
504,scouts,13,2.9580,4.4558,3.0000
504,scouts,14,1.4580,2.9558,3.0000
504,scouts,15,2.9580,1.4558,3.0000
504,workers,0,-8.0032,8.0083,3.0000
504,workers,1,8.0008,8.0108,3.0000
504,workers,2,6.4631,-6.1836,3.0000
504,workers,3,-4.0708,-4.5947,3.0000
505,general,0,0.0000,0.0000,5.0000
505,nodes,0,-5.6603,-2.1419,3.0000
505,nodes,1,5.6595,-2.1448,3.0000
505,nodes,2,-2.9266,2.9269,3.0000
505,nodes,3,2.9271,2.9248,3.0000
505,scouts,0,-4.1517,-2.1789,3.0000
505,scouts,1,-5.6517,-0.6789,3.0000
505,scouts,2,-7.1517,-2.1789,3.0000
505,scouts,3,-5.6517,-3.6789,3.0000
505,scouts,4,7.1511,-2.1818,3.0000
505,scouts,5,5.6511,-0.6818,3.0000
505,scouts,6,4.1511,-2.1818,3.0000
505,scouts,7,5.6511,-3.6818,3.0000
505,scouts,8,-1.4535,2.9537,3.0000
505,scouts,9,-2.9535,4.4537,3.0000
505,scouts,10,-4.4535,2.9537,3.0000
505,scouts,11,-2.9535,1.4537,3.0000
505,scouts,12,4.4539,2.9517,3.0000
505,scouts,13,2.9539,4.4517,3.0000
505,scouts,14,1.4539,2.9517,3.0000
505,scouts,15,2.9539,1.4517,3.0000
505,workers,0,-8.0036,8.0095,3.0000
505,workers,1,8.0008,8.0109,3.0000
505,workers,2,6.4846,-6.2091,3.0000
505,workers,3,-4.0960,-4.6166,3.0000
506,general,0,0.0000,0.0000,5.0000
506,nodes,0,-5.6617,-2.1362,3.0000
506,nodes,1,5.6608,-2.1391,3.0000
506,nodes,2,-2.9224,2.9228,3.0000
506,nodes,3,2.9230,2.9207,3.0000
506,scouts,0,-4.1530,-2.1732,3.0000
506,scouts,1,-5.6530,-0.6732,3.0000
506,scouts,2,-7.1530,-2.1732,3.0000
506,scouts,3,-5.6530,-3.6732,3.0000
506,scouts,4,7.1524,-2.1761,3.0000
506,scouts,5,5.6524,-0.6761,3.0000
506,scouts,6,4.1524,-2.1761,3.0000
506,scouts,7,5.6524,-3.6761,3.0000
506,scouts,8,-1.4494,2.9496,3.0000
506,scouts,9,-2.9494,4.4496,3.0000
506,scouts,10,-4.4494,2.9496,3.0000
506,scouts,11,-2.9494,1.4496,3.0000
506,scouts,12,4.4498,2.9475,3.0000
506,scouts,13,2.9498,4.4475,3.0000
506,scouts,14,1.4498,2.9475,3.0000
506,scouts,15,2.9498,1.4475,3.0000
506,workers,0,-8.0041,8.0106,3.0000
506,workers,1,8.0008,8.0110,3.0000
506,workers,2,6.5061,-6.2345,3.0000
506,workers,3,-4.1212,-4.6384,3.0000
507,general,0,0.0000,0.0000,5.0000
507,nodes,0,-5.6630,-2.1305,3.0000
507,nodes,1,5.6621,-2.1334,3.0000
507,nodes,2,-2.9183,2.9187,3.0000
507,nodes,3,2.9188,2.9166,3.0000
507,scouts,0,-4.1544,-2.1675,3.0000
507,scouts,1,-5.6544,-0.6675,3.0000
507,scouts,2,-7.1544,-2.1675,3.0000
507,scouts,3,-5.6544,-3.6675,3.0000
507,scouts,4,7.1537,-2.1704,3.0000
507,scouts,5,5.6537,-0.6704,3.0000
507,scouts,6,4.1537,-2.1704,3.0000
507,scouts,7,5.6537,-3.6704,3.0000
507,scouts,8,-1.4452,2.9455,3.0000
507,scouts,9,-2.9452,4.4455,3.0000
507,scouts,10,-4.4452,2.9455,3.0000
507,scouts,11,-2.9452,1.4455,3.0000
507,scouts,12,4.4457,2.9434,3.0000
507,scouts,13,2.9457,4.4434,3.0000
507,scouts,14,1.4457,2.9434,3.0000
507,scouts,15,2.9457,1.4434,3.0000
507,workers,0,-8.0044,8.0115,3.0000
507,workers,1,8.0008,8.0110,3.0000
507,workers,2,6.5276,-6.2599,3.0000
507,workers,3,-4.1464,-4.6602,3.0000
508,general,0,0.0000,0.0000,5.0000
508,nodes,0,-5.6644,-2.1249,3.0000
508,nodes,1,5.6634,-2.1276,3.0000
508,nodes,2,-2.9142,2.9147,3.0000
508,nodes,3,2.9147,2.9124,3.0000
508,scouts,0,-4.1557,-2.1618,3.0000
508,scouts,1,-5.6557,-0.6618,3.0000
508,scouts,2,-7.1557,-2.1618,3.0000
508,scouts,3,-5.6557,-3.6618,3.0000
508,scouts,4,7.1550,-2.1647,3.0000
508,scouts,5,5.6550,-0.6647,3.0000
508,scouts,6,4.1550,-2.1647,3.0000
508,scouts,7,5.6550,-3.6647,3.0000
508,scouts,8,-1.4411,2.9414,3.0000
508,scouts,9,-2.9411,4.4414,3.0000
508,scouts,10,-4.4411,2.9414,3.0000
508,scouts,11,-2.9411,1.4414,3.0000
508,scouts,12,4.4415,2.9393,3.0000
508,scouts,13,2.9415,4.4393,3.0000
508,scouts,14,1.4415,2.9393,3.0000
508,scouts,15,2.9415,1.4393,3.0000
508,workers,0,-8.0048,8.0124,3.0000
508,workers,1,8.0009,8.0111,3.0000
508,workers,2,6.5492,-6.2854,3.0000
508,workers,3,-4.1716,-4.6821,3.0000
509,general,0,0.0000,0.0000,5.0000
509,nodes,0,-5.6657,-2.1191,3.0000
509,nodes,1,5.6647,-2.1220,3.0000
509,nodes,2,-2.9101,2.9105,3.0000
509,nodes,3,2.9105,2.9083,3.0000
509,scouts,0,-4.1570,-2.1561,3.0000
509,scouts,1,-5.6570,-0.6561,3.0000
509,scouts,2,-7.1570,-2.1561,3.0000
509,scouts,3,-5.6570,-3.6561,3.0000
509,scouts,4,7.1563,-2.1590,3.0000
509,scouts,5,5.6563,-0.6590,3.0000
509,scouts,6,4.1563,-2.1590,3.0000
509,scouts,7,5.6563,-3.6590,3.0000
509,scouts,8,-1.4370,2.9372,3.0000
509,scouts,9,-2.9370,4.4372,3.0000
509,scouts,10,-4.4370,2.9372,3.0000
509,scouts,11,-2.9370,1.4372,3.0000
509,scouts,12,4.4374,2.9351,3.0000
509,scouts,13,2.9374,4.4351,3.0000
509,scouts,14,1.4374,2.9351,3.0000
509,scouts,15,2.9374,1.4351,3.0000
509,workers,0,-8.0051,8.0132,3.0000
509,workers,1,8.0009,8.0111,3.0000
509,workers,2,6.5707,-6.3108,3.0000
509,workers,3,-4.1968,-4.7039,3.0000
510,general,0,0.0000,0.0000,5.0000
510,nodes,0,-5.6671,-2.1134,3.0000
510,nodes,1,5.6660,-2.1163,3.0000
510,nodes,2,-2.9059,2.9063,3.0000
510,nodes,3,2.9063,2.9041,3.0000
510,scouts,0,-4.1584,-2.1504,3.0000
510,scouts,1,-5.6584,-0.6504,3.0000
510,scouts,2,-7.1584,-2.1504,3.0000
510,scouts,3,-5.6584,-3.6504,3.0000
510,scouts,4,7.1576,-2.1533,3.0000
510,scouts,5,5.6576,-0.6533,3.0000
510,scouts,6,4.1576,-2.1533,3.0000
510,scouts,7,5.6576,-3.6533,3.0000
510,scouts,8,-1.4328,2.9331,3.0000
510,scouts,9,-2.9328,4.4331,3.0000
510,scouts,10,-4.4328,2.9331,3.0000
510,scouts,11,-2.9328,1.4331,3.0000
510,scouts,12,4.4332,2.9310,3.0000
510,scouts,13,2.9332,4.4310,3.0000
510,scouts,14,1.4332,2.9310,3.0000
510,scouts,15,2.9332,1.4310,3.0000
510,workers,0,-8.0053,8.0139,3.0000
510,workers,1,8.0009,8.0112,3.0000
510,workers,2,6.5922,-6.3363,3.0000
510,workers,3,-4.2220,-4.7257,3.0000
511,general,0,0.0000,0.0000,5.0000
511,nodes,0,-5.6684,-2.1077,3.0000
511,nodes,1,5.6673,-2.1106,3.0000
511,nodes,2,-2.9017,2.9022,3.0000
511,nodes,3,2.9021,2.9001,3.0000
511,scouts,0,-4.1597,-2.1447,3.0000
511,scouts,1,-5.6597,-0.6447,3.0000
511,scouts,2,-7.1597,-2.1447,3.0000
511,scouts,3,-5.6597,-3.6447,3.0000
511,scouts,4,7.1589,-2.1476,3.0000
511,scouts,5,5.6589,-0.6476,3.0000
511,scouts,6,4.1589,-2.1476,3.0000
511,scouts,7,5.6589,-3.6476,3.0000
511,scouts,8,-1.4287,2.9290,3.0000
511,scouts,9,-2.9287,4.4290,3.0000
511,scouts,10,-4.4287,2.9290,3.0000
511,scouts,11,-2.9287,1.4290,3.0000
511,scouts,12,4.4291,2.9269,3.0000
511,scouts,13,2.9291,4.4269,3.0000
511,scouts,14,1.4291,2.9269,3.0000
511,scouts,15,2.9291,1.4269,3.0000
511,workers,0,-8.0056,8.0145,3.0000
511,workers,1,8.0009,8.0112,3.0000
511,workers,2,6.6138,-6.3617,3.0000
511,workers,3,-4.2472,-4.7475,3.0000
512,general,0,0.0000,0.0000,5.0000
512,nodes,0,-5.6697,-2.1020,3.0000
512,nodes,1,5.6687,-2.1049,3.0000
512,nodes,2,-2.8975,2.8980,3.0000
512,nodes,3,2.8980,2.8959,3.0000
512,scouts,0,-4.1611,-2.1390,3.0000
512,scouts,1,-5.6611,-0.6390,3.0000
512,scouts,2,-7.1611,-2.1390,3.0000
512,scouts,3,-5.6611,-3.6390,3.0000
512,scouts,4,7.1602,-2.1419,3.0000
512,scouts,5,5.6602,-0.6419,3.0000
512,scouts,6,4.1602,-2.1419,3.0000
512,scouts,7,5.6602,-3.6419,3.0000
512,scouts,8,-1.4245,2.9249,3.0000
512,scouts,9,-2.9245,4.4249,3.0000
512,scouts,10,-4.4245,2.9249,3.0000
512,scouts,11,-2.9245,1.4249,3.0000
512,scouts,12,4.4250,2.9228,3.0000
512,scouts,13,2.9250,4.4228,3.0000
512,scouts,14,1.4250,2.9228,3.0000
512,scouts,15,2.9250,1.4228,3.0000
512,workers,0,-8.0058,8.0151,3.0000
512,workers,1,8.0009,8.0112,3.0000
512,workers,2,6.6353,-6.3872,3.0000
512,workers,3,-4.2724,-4.7694,3.0000
513,general,0,0.0000,0.0000,5.0000
513,nodes,0,-5.6709,-2.0963,3.0000
513,nodes,1,5.6701,-2.0992,3.0000
513,nodes,2,-2.8934,2.8938,3.0000
513,nodes,3,2.8939,2.8917,3.0000
513,scouts,0,-4.1624,-2.1333,3.0000
513,scouts,1,-5.6624,-0.6333,3.0000
513,scouts,2,-7.1624,-2.1333,3.0000
513,scouts,3,-5.6624,-3.6333,3.0000
513,scouts,4,7.1615,-2.1362,3.0000
513,scouts,5,5.6615,-0.6362,3.0000
513,scouts,6,4.1615,-2.1362,3.0000
513,scouts,7,5.6615,-3.6362,3.0000
513,scouts,8,-1.4204,2.9207,3.0000
513,scouts,9,-2.9204,4.4207,3.0000
513,scouts,10,-4.4204,2.9207,3.0000
513,scouts,11,-2.9204,1.4207,3.0000
513,scouts,12,4.4208,2.9186,3.0000
513,scouts,13,2.9208,4.4186,3.0000
513,scouts,14,1.4208,2.9186,3.0000
513,scouts,15,2.9208,1.4186,3.0000
513,workers,0,-8.0060,8.0156,3.0000
513,workers,1,8.0009,8.0113,3.0000
513,workers,2,6.6568,-6.4126,3.0000
513,workers,3,-4.2976,-4.7912,3.0000
514,general,0,0.0000,0.0000,5.0000
514,nodes,0,-5.6723,-2.0906,3.0000
514,nodes,1,5.6714,-2.0935,3.0000
514,nodes,2,-2.8892,2.8897,3.0000
514,nodes,3,2.8897,2.8876,3.0000
514,scouts,0,-4.1637,-2.1276,3.0000
514,scouts,1,-5.6637,-0.6276,3.0000
514,scouts,2,-7.1637,-2.1276,3.0000
514,scouts,3,-5.6637,-3.6276,3.0000
514,scouts,4,7.1628,-2.1305,3.0000
514,scouts,5,5.6628,-0.6305,3.0000
514,scouts,6,4.1628,-2.1305,3.0000
514,scouts,7,5.6628,-3.6305,3.0000
514,scouts,8,-1.4162,2.9166,3.0000
514,scouts,9,-2.9162,4.4166,3.0000
514,scouts,10,-4.4162,2.9166,3.0000
514,scouts,11,-2.9162,1.4166,3.0000
514,scouts,12,4.4167,2.9145,3.0000
514,scouts,13,2.9167,4.4145,3.0000
514,scouts,14,1.4167,2.9145,3.0000
514,scouts,15,2.9167,1.4145,3.0000
514,workers,0,-8.0062,8.0160,3.0000
514,workers,1,8.0009,8.0113,3.0000
514,workers,2,6.6784,-6.4381,3.0000
514,workers,3,-4.3227,-4.8130,3.0000
515,general,0,0.0000,0.0000,5.0000
515,nodes,0,-5.6735,-2.0849,3.0000
515,nodes,1,5.6727,-2.0878,3.0000
515,nodes,2,-2.8851,2.8857,3.0000
515,nodes,3,2.8856,2.8835,3.0000
515,scouts,0,-4.1650,-2.1220,3.0000
515,scouts,1,-5.6650,-0.6220,3.0000
515,scouts,2,-7.1650,-2.1220,3.0000
515,scouts,3,-5.6650,-3.6220,3.0000
515,scouts,4,7.1641,-2.1248,3.0000
515,scouts,5,5.6641,-0.6248,3.0000
515,scouts,6,4.1641,-2.1248,3.0000
515,scouts,7,5.6641,-3.6248,3.0000
515,scouts,8,-1.4121,2.9125,3.0000
515,scouts,9,-2.9121,4.4125,3.0000
515,scouts,10,-4.4121,2.9125,3.0000
515,scouts,11,-2.9121,1.4125,3.0000
515,scouts,12,4.4125,2.9104,3.0000
515,scouts,13,2.9125,4.4104,3.0000
515,scouts,14,1.4125,2.9104,3.0000
515,scouts,15,2.9125,1.4104,3.0000
515,workers,0,-8.0063,8.0164,3.0000
515,workers,1,8.0009,8.0113,3.0000
515,workers,2,6.6999,-6.4635,3.0000
515,workers,3,-4.3479,-4.8349,3.0000
516,general,0,0.0000,0.0000,5.0000
516,nodes,0,-5.6748,-2.0792,3.0000
516,nodes,1,5.6741,-2.0821,3.0000
516,nodes,2,-2.8810,2.8816,3.0000
516,nodes,3,2.8816,2.8795,3.0000
516,scouts,0,-4.1663,-2.1163,3.0000
516,scouts,1,-5.6663,-0.6163,3.0000
516,scouts,2,-7.1663,-2.1163,3.0000
516,scouts,3,-5.6663,-3.6163,3.0000
516,scouts,4,7.1655,-2.1191,3.0000
516,scouts,5,5.6655,-0.6191,3.0000
516,scouts,6,4.1655,-2.1191,3.0000
516,scouts,7,5.6655,-3.6191,3.0000
516,scouts,8,-1.4079,2.9084,3.0000
516,scouts,9,-2.9079,4.4084,3.0000
516,scouts,10,-4.4079,2.9084,3.0000
516,scouts,11,-2.9079,1.4084,3.0000
516,scouts,12,4.4084,2.9062,3.0000
516,scouts,13,2.9084,4.4062,3.0000
516,scouts,14,1.4084,2.9062,3.0000
516,scouts,15,2.9084,1.4062,3.0000
516,workers,0,-8.0065,8.0168,3.0000
516,workers,1,8.0009,8.0113,3.0000
516,workers,2,6.7214,-6.4890,3.0000
516,workers,3,-4.3731,-4.8567,3.0000
517,general,0,0.0000,0.0000,5.0000
517,nodes,0,-5.6761,-2.0735,3.0000
517,nodes,1,5.6754,-2.0764,3.0000
517,nodes,2,-2.8768,2.8774,3.0000
517,nodes,3,2.8776,2.8754,3.0000
517,scouts,0,-4.1676,-2.1106,3.0000
517,scouts,1,-5.6676,-0.6106,3.0000
517,scouts,2,-7.1676,-2.1106,3.0000
517,scouts,3,-5.6676,-3.6106,3.0000
517,scouts,4,7.1668,-2.1134,3.0000
517,scouts,5,5.6668,-0.6134,3.0000
517,scouts,6,4.1668,-2.1134,3.0000
517,scouts,7,5.6668,-3.6134,3.0000
517,scouts,8,-1.4038,2.9042,3.0000
517,scouts,9,-2.9038,4.4042,3.0000
517,scouts,10,-4.4038,2.9042,3.0000
517,scouts,11,-2.9038,1.4042,3.0000
517,scouts,12,4.4043,2.9021,3.0000
517,scouts,13,2.9043,4.4021,3.0000
517,scouts,14,1.4043,2.9021,3.0000
517,scouts,15,2.9043,1.4021,3.0000
517,workers,0,-8.0066,8.0172,3.0000
517,workers,1,8.0009,8.0114,3.0000
517,workers,2,6.7430,-6.5144,3.0000
517,workers,3,-4.3983,-4.8785,3.0000
518,general,0,0.0000,0.0000,5.0000
518,nodes,0,-5.6774,-2.0678,3.0000
518,nodes,1,5.6766,-2.0707,3.0000
518,nodes,2,-2.8727,2.8733,3.0000
518,nodes,3,2.8735,2.8712,3.0000
518,scouts,0,-4.1689,-2.1049,3.0000
518,scouts,1,-5.6689,-0.6049,3.0000
518,scouts,2,-7.1689,-2.1049,3.0000
518,scouts,3,-5.6689,-3.6049,3.0000
518,scouts,4,7.1681,-2.1077,3.0000
518,scouts,5,5.6681,-0.6077,3.0000
518,scouts,6,4.1681,-2.1077,3.0000
518,scouts,7,5.6681,-3.6077,3.0000
518,scouts,8,-1.3996,2.9001,3.0000
518,scouts,9,-2.8996,4.4001,3.0000
518,scouts,10,-4.3996,2.9001,3.0000
518,scouts,11,-2.8996,1.4001,3.0000
518,scouts,12,4.4002,2.8980,3.0000
518,scouts,13,2.9002,4.3980,3.0000
518,scouts,14,1.4002,2.8980,3.0000
518,scouts,15,2.9002,1.3980,3.0000
518,workers,0,-8.0067,8.0175,3.0000
518,workers,1,8.0009,8.0114,3.0000
518,workers,2,6.7645,-6.5399,3.0000
518,workers,3,-4.4235,-4.9004,3.0000
519,general,0,0.0000,0.0000,5.0000
519,nodes,0,-5.6787,-2.0621,3.0000
519,nodes,1,5.6779,-2.0651,3.0000
519,nodes,2,-2.8686,2.8691,3.0000
519,nodes,3,2.8693,2.8670,3.0000
519,scouts,0,-4.1702,-2.0992,3.0000
519,scouts,1,-5.6702,-0.5992,3.0000
519,scouts,2,-7.1702,-2.0992,3.0000
519,scouts,3,-5.6702,-3.5992,3.0000
519,scouts,4,7.1694,-2.1020,3.0000
519,scouts,5,5.6694,-0.6020,3.0000
519,scouts,6,4.1694,-2.1020,3.0000
519,scouts,7,5.6694,-3.6020,3.0000
519,scouts,8,-1.3955,2.8960,3.0000
519,scouts,9,-2.8955,4.3960,3.0000
519,scouts,10,-4.3955,2.8960,3.0000
519,scouts,11,-2.8955,1.3960,3.0000
519,scouts,12,4.3961,2.8939,3.0000
519,scouts,13,2.8961,4.3939,3.0000
519,scouts,14,1.3961,2.8939,3.0000
519,scouts,15,2.8961,1.3939,3.0000
519,workers,0,-8.0068,8.0177,3.0000
519,workers,1,8.0009,8.0114,3.0000
519,workers,2,6.7860,-6.5653,3.0000
519,workers,3,-4.4487,-4.9222,3.0000
520,general,0,0.0000,0.0000,5.0000
520,nodes,0,-5.6800,-2.0565,3.0000
520,nodes,1,5.6792,-2.0594,3.0000
520,nodes,2,-2.8644,2.8650,3.0000
520,nodes,3,2.8652,2.8629,3.0000
520,scouts,0,-4.1715,-2.0935,3.0000
520,scouts,1,-5.6715,-0.5935,3.0000
520,scouts,2,-7.1715,-2.0935,3.0000
520,scouts,3,-5.6715,-3.5935,3.0000
520,scouts,4,7.1707,-2.0964,3.0000
520,scouts,5,5.6707,-0.5964,3.0000
520,scouts,6,4.1707,-2.0964,3.0000
520,scouts,7,5.6707,-3.5964,3.0000
520,scouts,8,-1.3914,2.8918,3.0000
520,scouts,9,-2.8914,4.3918,3.0000
520,scouts,10,-4.3914,2.8918,3.0000
520,scouts,11,-2.8914,1.3918,3.0000
520,scouts,12,4.3920,2.8897,3.0000
520,scouts,13,2.8920,4.3897,3.0000
520,scouts,14,1.3920,2.8897,3.0000
520,scouts,15,2.8920,1.3897,3.0000
520,workers,0,-8.0069,8.0180,3.0000
520,workers,1,8.0009,8.0114,3.0000
520,workers,2,6.8076,-6.5907,3.0000
520,workers,3,-4.4739,-4.9440,3.0000
521,general,0,0.0000,0.0000,5.0000
521,nodes,0,-5.6815,-2.0508,3.0000
521,nodes,1,5.6806,-2.0536,3.0000
521,nodes,2,-2.8604,2.8608,3.0000
521,nodes,3,2.8610,2.8587,3.0000
521,scouts,0,-4.1729,-2.0878,3.0000
521,scouts,1,-5.6729,-0.5878,3.0000
521,scouts,2,-7.1729,-2.0878,3.0000
521,scouts,3,-5.6729,-3.5878,3.0000
521,scouts,4,7.1720,-2.0907,3.0000
521,scouts,5,5.6720,-0.5907,3.0000
521,scouts,6,4.1720,-2.0907,3.0000
521,scouts,7,5.6720,-3.5907,3.0000
521,scouts,8,-1.3872,2.8877,3.0000
521,scouts,9,-2.8872,4.3877,3.0000
521,scouts,10,-4.3872,2.8877,3.0000
521,scouts,11,-2.8872,1.3877,3.0000
521,scouts,12,4.3878,2.8856,3.0000
521,scouts,13,2.8878,4.3856,3.0000
521,scouts,14,1.3878,2.8856,3.0000
521,scouts,15,2.8878,1.3856,3.0000
521,workers,0,-8.0070,8.0182,3.0000
521,workers,1,8.0009,8.0114,3.0000
521,workers,2,6.8291,-6.6162,3.0000
521,workers,3,-4.4991,-4.9659,3.0000
522,general,0,0.0000,0.0000,5.0000
522,nodes,0,-5.6828,-2.0451,3.0000
522,nodes,1,5.6819,-2.0479,3.0000
522,nodes,2,-2.8563,2.8567,3.0000
522,nodes,3,2.8569,2.8546,3.0000
522,scouts,0,-4.1742,-2.0821,3.0000
522,scouts,1,-5.6742,-0.5821,3.0000
522,scouts,2,-7.1742,-2.0821,3.0000
522,scouts,3,-5.6742,-3.5821,3.0000
522,scouts,4,7.1733,-2.0850,3.0000
522,scouts,5,5.6733,-0.5850,3.0000
522,scouts,6,4.1733,-2.0850,3.0000
522,scouts,7,5.6733,-3.5850,3.0000
522,scouts,8,-1.3831,2.8836,3.0000
522,scouts,9,-2.8831,4.3836,3.0000
522,scouts,10,-4.3831,2.8836,3.0000
522,scouts,11,-2.8831,1.3836,3.0000
522,scouts,12,4.3837,2.8815,3.0000
522,scouts,13,2.8837,4.3815,3.0000
522,scouts,14,1.3837,2.8815,3.0000
522,scouts,15,2.8837,1.3815,3.0000
522,workers,0,-8.0071,8.0184,3.0000
522,workers,1,8.0009,8.0114,3.0000
522,workers,2,6.8506,-6.6416,3.0000
522,workers,3,-4.5243,-4.9877,3.0000
523,general,0,0.0000,0.0000,5.0000
523,nodes,0,-5.6842,-2.0395,3.0000
523,nodes,1,5.6831,-2.0422,3.0000
523,nodes,2,-2.8521,2.8526,3.0000
523,nodes,3,2.8528,2.8505,3.0000
523,scouts,0,-4.1755,-2.0764,3.0000
523,scouts,1,-5.6755,-0.5764,3.0000
523,scouts,2,-7.1755,-2.0764,3.0000
523,scouts,3,-5.6755,-3.5764,3.0000
523,scouts,4,7.1746,-2.0793,3.0000
523,scouts,5,5.6746,-0.5793,3.0000
523,scouts,6,4.1746,-2.0793,3.0000
523,scouts,7,5.6746,-3.5793,3.0000
523,scouts,8,-1.3790,2.8794,3.0000
523,scouts,9,-2.8790,4.3794,3.0000
523,scouts,10,-4.3790,2.8794,3.0000
523,scouts,11,-2.8790,1.3794,3.0000
523,scouts,12,4.3796,2.8773,3.0000
523,scouts,13,2.8796,4.3773,3.0000
523,scouts,14,1.3796,2.8773,3.0000
523,scouts,15,2.8796,1.3773,3.0000
523,workers,0,-8.0071,8.0186,3.0000
523,workers,1,8.0009,8.0115,3.0000
523,workers,2,6.8721,-6.6671,3.0000
523,workers,3,-4.5494,-5.0095,3.0000
524,general,0,0.0000,0.0000,5.0000
524,nodes,0,-5.6855,-2.0338,3.0000
524,nodes,1,5.6845,-2.0366,3.0000
524,nodes,2,-2.8480,2.8483,3.0000
524,nodes,3,2.8487,2.8464,3.0000
524,scouts,0,-4.1768,-2.0707,3.0000
524,scouts,1,-5.6768,-0.5707,3.0000
524,scouts,2,-7.1768,-2.0707,3.0000
524,scouts,3,-5.6768,-3.5707,3.0000
524,scouts,4,7.1760,-2.0736,3.0000
524,scouts,5,5.6760,-0.5736,3.0000
524,scouts,6,4.1760,-2.0736,3.0000
524,scouts,7,5.6760,-3.5736,3.0000
524,scouts,8,-1.3748,2.8753,3.0000
524,scouts,9,-2.8748,4.3753,3.0000
524,scouts,10,-4.3748,2.8753,3.0000
524,scouts,11,-2.8748,1.3753,3.0000
524,scouts,12,4.3755,2.8732,3.0000
524,scouts,13,2.8755,4.3732,3.0000
524,scouts,14,1.3755,2.8732,3.0000
524,scouts,15,2.8755,1.3732,3.0000
524,workers,0,-8.0072,8.0187,3.0000
524,workers,1,8.0009,8.0115,3.0000
524,workers,2,6.8937,-6.6925,3.0000
524,workers,3,-4.5746,-5.0314,3.0000
525,general,0,0.0000,0.0000,5.0000
525,nodes,0,-5.6869,-2.0281,3.0000
525,nodes,1,5.6859,-2.0309,3.0000
525,nodes,2,-2.8438,2.8443,3.0000
525,nodes,3,2.8446,2.8422,3.0000
525,scouts,0,-4.1782,-2.0650,3.0000
525,scouts,1,-5.6782,-0.5650,3.0000
525,scouts,2,-7.1782,-2.0650,3.0000
525,scouts,3,-5.6782,-3.5650,3.0000
525,scouts,4,7.1773,-2.0679,3.0000
525,scouts,5,5.6773,-0.5679,3.0000
525,scouts,6,4.1773,-2.0679,3.0000
525,scouts,7,5.6773,-3.5679,3.0000
525,scouts,8,-1.3707,2.8711,3.0000
525,scouts,9,-2.8707,4.3711,3.0000
525,scouts,10,-4.3707,2.8711,3.0000
525,scouts,11,-2.8707,1.3711,3.0000
525,scouts,12,4.3713,2.8691,3.0000
525,scouts,13,2.8713,4.3691,3.0000
525,scouts,14,1.3713,2.8691,3.0000
525,scouts,15,2.8713,1.3691,3.0000
525,workers,0,-8.0073,8.0189,3.0000
525,workers,1,8.0009,8.0115,3.0000
525,workers,2,6.9152,-6.7180,3.0000
525,workers,3,-4.5998,-5.0532,3.0000
526,general,0,0.0000,0.0000,5.0000
526,nodes,0,-5.6881,-2.0224,3.0000
526,nodes,1,5.6871,-2.0253,3.0000
526,nodes,2,-2.8397,2.8402,3.0000
526,nodes,3,2.8405,2.8381,3.0000
526,scouts,0,-4.1795,-2.0594,3.0000
526,scouts,1,-5.6795,-0.5594,3.0000
526,scouts,2,-7.1795,-2.0594,3.0000
526,scouts,3,-5.6795,-3.5594,3.0000
526,scouts,4,7.1786,-2.0622,3.0000
526,scouts,5,5.6786,-0.5622,3.0000
526,scouts,6,4.1786,-2.0622,3.0000
526,scouts,7,5.6786,-3.5622,3.0000
526,scouts,8,-1.3666,2.8670,3.0000
526,scouts,9,-2.8666,4.3670,3.0000
526,scouts,10,-4.3666,2.8670,3.0000
526,scouts,11,-2.8666,1.3670,3.0000
526,scouts,12,4.3672,2.8650,3.0000
526,scouts,13,2.8672,4.3650,3.0000
526,scouts,14,1.3672,2.8650,3.0000
526,scouts,15,2.8672,1.3650,3.0000
526,workers,0,-8.0073,8.0190,3.0000
526,workers,1,8.0009,8.0115,3.0000
526,workers,2,6.9367,-6.7434,3.0000
526,workers,3,-4.6250,-5.0750,3.0000
527,general,0,0.0000,0.0000,5.0000
527,nodes,0,-5.6894,-2.0167,3.0000
527,nodes,1,5.6884,-2.0196,3.0000
527,nodes,2,-2.8356,2.8361,3.0000
527,nodes,3,2.8364,2.8340,3.0000
527,scouts,0,-4.1808,-2.0537,3.0000
527,scouts,1,-5.6808,-0.5537,3.0000
527,scouts,2,-7.1808,-2.0537,3.0000
527,scouts,3,-5.6808,-3.5537,3.0000
527,scouts,4,7.1799,-2.0565,3.0000
527,scouts,5,5.6799,-0.5565,3.0000
527,scouts,6,4.1799,-2.0565,3.0000
527,scouts,7,5.6799,-3.5565,3.0000
527,scouts,8,-1.3624,2.8629,3.0000
527,scouts,9,-2.8624,4.3629,3.0000
527,scouts,10,-4.3624,2.8629,3.0000
527,scouts,11,-2.8624,1.3629,3.0000
527,scouts,12,4.3631,2.8608,3.0000
527,scouts,13,2.8631,4.3608,3.0000
527,scouts,14,1.3631,2.8608,3.0000
527,scouts,15,2.8631,1.3608,3.0000
527,workers,0,-8.0074,8.0191,3.0000
527,workers,1,8.0009,8.0115,3.0000
527,workers,2,6.9583,-6.7689,3.0000
527,workers,3,-4.6502,-5.0968,3.0000
528,general,0,0.0000,0.0000,5.0000
528,nodes,0,-5.6907,-2.0110,3.0000
528,nodes,1,5.6897,-2.0139,3.0000
528,nodes,2,-2.8315,2.8319,3.0000
528,nodes,3,2.8323,2.8298,3.0000
528,scouts,0,-4.1821,-2.0480,3.0000
528,scouts,1,-5.6821,-0.5480,3.0000
528,scouts,2,-7.1821,-2.0480,3.0000
528,scouts,3,-5.6821,-3.5480,3.0000
528,scouts,4,7.1812,-2.0508,3.0000
528,scouts,5,5.6812,-0.5508,3.0000
528,scouts,6,4.1812,-2.0508,3.0000
528,scouts,7,5.6812,-3.5508,3.0000
528,scouts,8,-1.3583,2.8588,3.0000
528,scouts,9,-2.8583,4.3588,3.0000
528,scouts,10,-4.3583,2.8588,3.0000
528,scouts,11,-2.8583,1.3588,3.0000
528,scouts,12,4.3590,2.8567,3.0000
528,scouts,13,2.8590,4.3567,3.0000
528,scouts,14,1.3590,2.8567,3.0000
528,scouts,15,2.8590,1.3567,3.0000
528,workers,0,-8.0074,8.0192,3.0000
528,workers,1,8.0009,8.0115,3.0000
528,workers,2,6.9798,-6.7943,3.0000
528,workers,3,-4.6754,-5.1187,3.0000
529,general,0,0.0000,0.0000,5.0000
529,nodes,0,-5.6920,-2.0052,3.0000
529,nodes,1,5.6910,-2.0083,3.0000
529,nodes,2,-2.8273,2.8278,3.0000
529,nodes,3,2.8281,2.8257,3.0000
529,scouts,0,-4.1835,-2.0423,3.0000
529,scouts,1,-5.6835,-0.5423,3.0000
529,scouts,2,-7.1835,-2.0423,3.0000
529,scouts,3,-5.6835,-3.5423,3.0000
529,scouts,4,7.1825,-2.0452,3.0000
529,scouts,5,5.6825,-0.5452,3.0000
529,scouts,6,4.1825,-2.0452,3.0000
529,scouts,7,5.6825,-3.5452,3.0000
529,scouts,8,-1.3542,2.8546,3.0000
529,scouts,9,-2.8542,4.3546,3.0000
529,scouts,10,-4.3542,2.8546,3.0000
529,scouts,11,-2.8542,1.3546,3.0000
529,scouts,12,4.3549,2.8526,3.0000
529,scouts,13,2.8549,4.3526,3.0000
529,scouts,14,1.3549,2.8526,3.0000
529,scouts,15,2.8549,1.3526,3.0000
529,workers,0,-8.0074,8.0193,3.0000
529,workers,1,8.0009,8.0115,3.0000
529,workers,2,7.0013,-6.8198,3.0000
529,workers,3,-4.7006,-5.1405,3.0000
530,general,0,0.0000,0.0000,5.0000
530,nodes,0,-5.6933,-1.9995,3.0000
530,nodes,1,5.6923,-2.0026,3.0000
530,nodes,2,-2.8233,2.8236,3.0000
530,nodes,3,2.8240,2.8215,3.0000
530,scouts,0,-4.1848,-2.0366,3.0000
530,scouts,1,-5.6848,-0.5366,3.0000
530,scouts,2,-7.1848,-2.0366,3.0000
530,scouts,3,-5.6848,-3.5366,3.0000
530,scouts,4,7.1838,-2.0395,3.0000
530,scouts,5,5.6838,-0.5395,3.0000
530,scouts,6,4.1838,-2.0395,3.0000
530,scouts,7,5.6838,-3.5395,3.0000
530,scouts,8,-1.3501,2.8505,3.0000
530,scouts,9,-2.8501,4.3505,3.0000
530,scouts,10,-4.3501,2.8505,3.0000
530,scouts,11,-2.8501,1.3505,3.0000
530,scouts,12,4.3508,2.8484,3.0000
530,scouts,13,2.8508,4.3484,3.0000
530,scouts,14,1.3508,2.8484,3.0000
530,scouts,15,2.8508,1.3484,3.0000
530,workers,0,-8.0075,8.0194,3.0000
530,workers,1,8.0009,8.0115,3.0000
530,workers,2,7.0229,-6.8452,3.0000
530,workers,3,-4.7258,-5.1623,3.0000
531,general,0,0.0000,0.0000,5.0000
531,nodes,0,-5.6945,-1.9938,3.0000
531,nodes,1,5.6936,-1.9969,3.0000
531,nodes,2,-2.8192,2.8194,3.0000
531,nodes,3,2.8198,2.8174,3.0000
531,scouts,0,-4.1861,-2.0309,3.0000
531,scouts,1,-5.6861,-0.5309,3.0000
531,scouts,2,-7.1861,-2.0309,3.0000
531,scouts,3,-5.6861,-3.5309,3.0000
531,scouts,4,7.1851,-2.0338,3.0000
531,scouts,5,5.6851,-0.5338,3.0000
531,scouts,6,4.1851,-2.0338,3.0000
531,scouts,7,5.6851,-3.5338,3.0000
531,scouts,8,-1.3459,2.8463,3.0000
531,scouts,9,-2.8459,4.3463,3.0000
531,scouts,10,-4.3459,2.8463,3.0000
531,scouts,11,-2.8459,1.3463,3.0000
531,scouts,12,4.3466,2.8443,3.0000
531,scouts,13,2.8466,4.3443,3.0000
531,scouts,14,1.3466,2.8443,3.0000
531,scouts,15,2.8466,1.3443,3.0000
531,workers,0,-8.0075,8.0195,3.0000
531,workers,1,8.0009,8.0115,3.0000
531,workers,2,7.0444,-6.8707,3.0000
531,workers,3,-4.7510,-5.1842,3.0000
532,general,0,0.0000,0.0000,5.0000
532,nodes,0,-5.6958,-1.9882,3.0000
532,nodes,1,5.6949,-1.9912,3.0000
532,nodes,2,-2.8151,2.8154,3.0000
532,nodes,3,2.8156,2.8133,3.0000
532,scouts,0,-4.1874,-2.0252,3.0000
532,scouts,1,-5.6874,-0.5252,3.0000
532,scouts,2,-7.1874,-2.0252,3.0000
532,scouts,3,-5.6874,-3.5252,3.0000
532,scouts,4,7.1864,-2.0281,3.0000
532,scouts,5,5.6864,-0.5281,3.0000
532,scouts,6,4.1864,-2.0281,3.0000
532,scouts,7,5.6864,-3.5281,3.0000
532,scouts,8,-1.3418,2.8422,3.0000
532,scouts,9,-2.8418,4.3422,3.0000
532,scouts,10,-4.3418,2.8422,3.0000
532,scouts,11,-2.8418,1.3422,3.0000
532,scouts,12,4.3425,2.8402,3.0000
532,scouts,13,2.8425,4.3402,3.0000
532,scouts,14,1.3425,2.8402,3.0000
532,scouts,15,2.8425,1.3402,3.0000
532,workers,0,-8.0075,8.0195,3.0000
532,workers,1,8.0009,8.0115,3.0000
532,workers,2,7.0659,-6.8961,3.0000
532,workers,3,-4.7762,-5.2060,3.0000
533,general,0,0.0000,0.0000,5.0000
533,nodes,0,-5.6970,-1.9825,3.0000
533,nodes,1,5.6963,-1.9854,3.0000
533,nodes,2,-2.8110,2.8112,3.0000
533,nodes,3,2.8115,2.8092,3.0000
533,scouts,0,-4.1887,-2.0195,3.0000
533,scouts,1,-5.6887,-0.5195,3.0000
533,scouts,2,-7.1887,-2.0195,3.0000
533,scouts,3,-5.6887,-3.5195,3.0000
533,scouts,4,7.1877,-2.0224,3.0000
533,scouts,5,5.6877,-0.5224,3.0000
533,scouts,6,4.1877,-2.0224,3.0000
533,scouts,7,5.6877,-3.5224,3.0000
533,scouts,8,-1.3377,2.8381,3.0000
533,scouts,9,-2.8377,4.3381,3.0000
533,scouts,10,-4.3377,2.8381,3.0000
533,scouts,11,-2.8377,1.3381,3.0000
533,scouts,12,4.3384,2.8360,3.0000
533,scouts,13,2.8384,4.3360,3.0000
533,scouts,14,1.3384,2.8360,3.0000
533,scouts,15,2.8384,1.3360,3.0000
533,workers,0,-8.0075,8.0196,3.0000
533,workers,1,8.0009,8.0115,3.0000
533,workers,2,7.0875,-6.9215,3.0000
533,workers,3,-4.8013,-5.2278,3.0000
534,general,0,0.0000,0.0000,5.0000
534,nodes,0,-5.6983,-1.9768,3.0000
534,nodes,1,5.6976,-1.9798,3.0000
534,nodes,2,-2.8069,2.8071,3.0000
534,nodes,3,2.8074,2.8051,3.0000
534,scouts,0,-4.1899,-2.0138,3.0000
534,scouts,1,-5.6899,-0.5138,3.0000
534,scouts,2,-7.1899,-2.0138,3.0000
534,scouts,3,-5.6899,-3.5138,3.0000
534,scouts,4,7.1891,-2.0167,3.0000
534,scouts,5,5.6891,-0.5167,3.0000
534,scouts,6,4.1891,-2.0167,3.0000
534,scouts,7,5.6891,-3.5167,3.0000
534,scouts,8,-1.3336,2.8339,3.0000
534,scouts,9,-2.8336,4.3339,3.0000
534,scouts,10,-4.3336,2.8339,3.0000
534,scouts,11,-2.8336,1.3339,3.0000
534,scouts,12,4.3343,2.8319,3.0000
534,scouts,13,2.8343,4.3319,3.0000
534,scouts,14,1.3343,2.8319,3.0000
534,scouts,15,2.8343,1.3319,3.0000
534,workers,0,-8.0076,8.0197,3.0000
534,workers,1,8.0009,8.0115,3.0000
534,workers,2,7.1090,-6.9470,3.0000
534,workers,3,-4.8265,-5.2497,3.0000
535,general,0,0.0000,0.0000,5.0000
535,nodes,0,-5.6996,-1.9710,3.0000
535,nodes,1,5.6990,-1.9741,3.0000
535,nodes,2,-2.8027,2.8030,3.0000
535,nodes,3,2.8032,2.8010,3.0000
535,scouts,0,-4.1912,-2.0081,3.0000
535,scouts,1,-5.6912,-0.5081,3.0000
535,scouts,2,-7.1912,-2.0081,3.0000
535,scouts,3,-5.6912,-3.5081,3.0000
535,scouts,4,7.1904,-2.0111,3.0000
535,scouts,5,5.6904,-0.5111,3.0000
535,scouts,6,4.1904,-2.0111,3.0000
535,scouts,7,5.6904,-3.5111,3.0000
535,scouts,8,-1.3295,2.8298,3.0000
535,scouts,9,-2.8295,4.3298,3.0000
535,scouts,10,-4.3295,2.8298,3.0000
535,scouts,11,-2.8295,1.3298,3.0000
535,scouts,12,4.3301,2.8278,3.0000
535,scouts,13,2.8301,4.3278,3.0000
535,scouts,14,1.3301,2.8278,3.0000
535,scouts,15,2.8301,1.3278,3.0000
535,workers,0,-8.0076,8.0197,3.0000
535,workers,1,8.0009,8.0115,3.0000
535,workers,2,7.1305,-6.9724,3.0000
535,workers,3,-4.8517,-5.2715,3.0000
536,general,0,0.0000,0.0000,5.0000
536,nodes,0,-5.7010,-1.9654,3.0000
536,nodes,1,5.7003,-1.9685,3.0000
536,nodes,2,-2.7985,2.7988,3.0000
536,nodes,3,2.7991,2.7969,3.0000
536,scouts,0,-4.1925,-2.0024,3.0000
536,scouts,1,-5.6925,-0.5024,3.0000
536,scouts,2,-7.1925,-2.0024,3.0000
536,scouts,3,-5.6925,-3.5024,3.0000
536,scouts,4,7.1917,-2.0054,3.0000
536,scouts,5,5.6917,-0.5054,3.0000
536,scouts,6,4.1917,-2.0054,3.0000
536,scouts,7,5.6917,-3.5054,3.0000
536,scouts,8,-1.3254,2.8257,3.0000
536,scouts,9,-2.8254,4.3257,3.0000
536,scouts,10,-4.3254,2.8257,3.0000
536,scouts,11,-2.8254,1.3257,3.0000
536,scouts,12,4.3260,2.8237,3.0000
536,scouts,13,2.8260,4.3237,3.0000
536,scouts,14,1.3260,2.8237,3.0000
536,scouts,15,2.8260,1.3237,3.0000
536,workers,0,-8.0076,8.0198,3.0000
536,workers,1,8.0009,8.0115,3.0000
536,workers,2,7.1521,-6.9979,3.0000
536,workers,3,-4.8769,-5.2933,3.0000
537,general,0,0.0000,0.0000,5.0000
537,nodes,0,-5.7023,-1.9597,3.0000
537,nodes,1,5.7015,-1.9627,3.0000
537,nodes,2,-2.7944,2.7946,3.0000
537,nodes,3,2.7950,2.7929,3.0000
537,scouts,0,-4.1938,-1.9967,3.0000
537,scouts,1,-5.6938,-0.4967,3.0000
537,scouts,2,-7.1938,-1.9967,3.0000
537,scouts,3,-5.6938,-3.4967,3.0000
537,scouts,4,7.1930,-1.9997,3.0000
537,scouts,5,5.6930,-0.4997,3.0000
537,scouts,6,4.1930,-1.9997,3.0000
537,scouts,7,5.6930,-3.4997,3.0000
537,scouts,8,-1.3212,2.8215,3.0000
537,scouts,9,-2.8212,4.3215,3.0000
537,scouts,10,-4.3212,2.8215,3.0000
537,scouts,11,-2.8212,1.3215,3.0000
537,scouts,12,4.3218,2.8196,3.0000
537,scouts,13,2.8218,4.3196,3.0000
537,scouts,14,1.3218,2.8196,3.0000
537,scouts,15,2.8218,1.3196,3.0000
537,workers,0,-8.0076,8.0198,3.0000
537,workers,1,8.0009,8.0115,3.0000
537,workers,2,7.1736,-7.0233,3.0000
537,workers,3,-4.9021,-5.3152,3.0000
538,general,0,0.0000,0.0000,5.0000
538,nodes,0,-5.7037,-1.9540,3.0000
538,nodes,1,5.7027,-1.9571,3.0000
538,nodes,2,-2.7903,2.7905,3.0000
538,nodes,3,2.7908,2.7888,3.0000
538,scouts,0,-4.1952,-1.9910,3.0000
538,scouts,1,-5.6952,-0.4910,3.0000
538,scouts,2,-7.1952,-1.9910,3.0000
538,scouts,3,-5.6952,-3.4910,3.0000
538,scouts,4,7.1943,-1.9940,3.0000
538,scouts,5,5.6943,-0.4940,3.0000
538,scouts,6,4.1943,-1.9940,3.0000
538,scouts,7,5.6943,-3.4940,3.0000
538,scouts,8,-1.3171,2.8174,3.0000
538,scouts,9,-2.8171,4.3174,3.0000
538,scouts,10,-4.3171,2.8174,3.0000
538,scouts,11,-2.8171,1.3174,3.0000
538,scouts,12,4.3177,2.8155,3.0000
538,scouts,13,2.8177,4.3155,3.0000
538,scouts,14,1.3177,2.8155,3.0000
538,scouts,15,2.8177,1.3155,3.0000
538,workers,0,-8.0076,8.0198,3.0000
538,workers,1,8.0009,8.0115,3.0000
538,workers,2,7.1951,-7.0488,3.0000
538,workers,3,-4.9273,-5.3370,3.0000
539,general,0,0.0000,0.0000,5.0000
539,nodes,0,-5.7049,-1.9482,3.0000
539,nodes,1,5.7040,-1.9514,3.0000
539,nodes,2,-2.7863,2.7864,3.0000
539,nodes,3,2.7867,2.7846,3.0000
539,scouts,0,-4.1965,-1.9853,3.0000
539,scouts,1,-5.6965,-0.4853,3.0000
539,scouts,2,-7.1965,-1.9853,3.0000
539,scouts,3,-5.6965,-3.4853,3.0000
539,scouts,4,7.1956,-1.9883,3.0000
539,scouts,5,5.6956,-0.4883,3.0000
539,scouts,6,4.1956,-1.9883,3.0000
539,scouts,7,5.6956,-3.4883,3.0000
539,scouts,8,-1.3130,2.8133,3.0000
539,scouts,9,-2.8130,4.3133,3.0000
539,scouts,10,-4.3130,2.8133,3.0000
539,scouts,11,-2.8130,1.3133,3.0000
539,scouts,12,4.3136,2.8113,3.0000
539,scouts,13,2.8136,4.3113,3.0000
539,scouts,14,1.3136,2.8113,3.0000
539,scouts,15,2.8136,1.3113,3.0000
539,workers,0,-8.0076,8.0199,3.0000
539,workers,1,8.0009,8.0115,3.0000
539,workers,2,7.2167,-7.0742,3.0000
539,workers,3,-4.9525,-5.3588,3.0000
540,general,0,0.0000,0.0000,5.0000
540,nodes,0,-5.7062,-1.9424,3.0000
540,nodes,1,5.7054,-1.9458,3.0000
540,nodes,2,-2.7822,2.7822,3.0000
540,nodes,3,2.7826,2.7804,3.0000
540,scouts,0,-4.1978,-1.9796,3.0000
540,scouts,1,-5.6978,-0.4796,3.0000
540,scouts,2,-7.1978,-1.9796,3.0000
540,scouts,3,-5.6978,-3.4796,3.0000
540,scouts,4,7.1969,-1.9827,3.0000
540,scouts,5,5.6969,-0.4827,3.0000
540,scouts,6,4.1969,-1.9827,3.0000
540,scouts,7,5.6969,-3.4827,3.0000
540,scouts,8,-1.3089,2.8091,3.0000
540,scouts,9,-2.8089,4.3091,3.0000
540,scouts,10,-4.3089,2.8091,3.0000
540,scouts,11,-2.8089,1.3091,3.0000
540,scouts,12,4.3094,2.8072,3.0000
540,scouts,13,2.8094,4.3072,3.0000
540,scouts,14,1.3094,2.8072,3.0000
540,scouts,15,2.8094,1.3072,3.0000
540,workers,0,-8.0077,8.0199,3.0000
540,workers,1,8.0009,8.0115,3.0000
540,workers,2,7.2382,-7.0997,3.0000
540,workers,3,-4.9777,-5.3806,3.0000
541,general,0,0.0000,0.0000,5.0000
541,nodes,0,-5.7075,-1.9367,3.0000
541,nodes,1,5.7067,-1.9402,3.0000
541,nodes,2,-2.7781,2.7781,3.0000
541,nodes,3,2.7784,2.7763,3.0000
541,scouts,0,-4.1991,-1.9739,3.0000
541,scouts,1,-5.6991,-0.4739,3.0000
541,scouts,2,-7.1991,-1.9739,3.0000
541,scouts,3,-5.6991,-3.4739,3.0000
541,scouts,4,7.1982,-1.9770,3.0000
541,scouts,5,5.6982,-0.4770,3.0000
541,scouts,6,4.1982,-1.9770,3.0000
541,scouts,7,5.6982,-3.4770,3.0000
541,scouts,8,-1.3048,2.8050,3.0000
541,scouts,9,-2.8048,4.3050,3.0000
541,scouts,10,-4.3048,2.8050,3.0000
541,scouts,11,-2.8048,1.3050,3.0000
541,scouts,12,4.3053,2.8031,3.0000
541,scouts,13,2.8053,4.3031,3.0000
541,scouts,14,1.3053,2.8031,3.0000
541,scouts,15,2.8053,1.3031,3.0000
541,workers,0,-8.0077,8.0199,3.0000
541,workers,1,8.0009,8.0115,3.0000
541,workers,2,7.2597,-7.1251,3.0000
541,workers,3,-5.0029,-5.4025,3.0000
542,general,0,0.0000,0.0000,5.0000
542,nodes,0,-5.7089,-1.9310,3.0000
542,nodes,1,5.7080,-1.9345,3.0000
542,nodes,2,-2.7740,2.7740,3.0000
542,nodes,3,2.7743,2.7722,3.0000
542,scouts,0,-4.2004,-1.9682,3.0000
542,scouts,1,-5.7004,-0.4682,3.0000
542,scouts,2,-7.2004,-1.9682,3.0000
542,scouts,3,-5.7004,-3.4682,3.0000
542,scouts,4,7.1995,-1.9713,3.0000
542,scouts,5,5.6995,-0.4713,3.0000
542,scouts,6,4.1995,-1.9713,3.0000
542,scouts,7,5.6995,-3.4713,3.0000
542,scouts,8,-1.3007,2.8009,3.0000
542,scouts,9,-2.8007,4.3009,3.0000
542,scouts,10,-4.3007,2.8009,3.0000
542,scouts,11,-2.8007,1.3009,3.0000
542,scouts,12,4.3012,2.7990,3.0000
542,scouts,13,2.8012,4.2990,3.0000
542,scouts,14,1.3012,2.7990,3.0000
542,scouts,15,2.8012,1.2990,3.0000
542,workers,0,-8.0077,8.0200,3.0000
542,workers,1,8.0009,8.0115,3.0000
542,workers,2,7.2812,-7.1506,3.0000
542,workers,3,-5.0281,-5.4243,3.0000
543,general,0,0.0000,0.0000,5.0000
543,nodes,0,-5.7102,-1.9254,3.0000
543,nodes,1,5.7093,-1.9288,3.0000
543,nodes,2,-2.7699,2.7699,3.0000
543,nodes,3,2.7701,2.7682,3.0000
543,scouts,0,-4.2017,-1.9625,3.0000
543,scouts,1,-5.7017,-0.4625,3.0000
543,scouts,2,-7.2017,-1.9625,3.0000
543,scouts,3,-5.7017,-3.4625,3.0000
543,scouts,4,7.2008,-1.9657,3.0000
543,scouts,5,5.7008,-0.4657,3.0000
543,scouts,6,4.2008,-1.9657,3.0000
543,scouts,7,5.7008,-3.4657,3.0000
543,scouts,8,-1.2966,2.7967,3.0000
543,scouts,9,-2.7966,4.2967,3.0000
543,scouts,10,-4.2966,2.7967,3.0000
543,scouts,11,-2.7966,1.2967,3.0000
543,scouts,12,4.2970,2.7949,3.0000
543,scouts,13,2.7970,4.2949,3.0000
543,scouts,14,1.2970,2.7949,3.0000
543,scouts,15,2.7970,1.2949,3.0000
543,workers,0,-8.0077,8.0200,3.0000
543,workers,1,8.0009,8.0115,3.0000
543,workers,2,7.3028,-7.1760,3.0000
543,workers,3,-5.0532,-5.4461,3.0000
544,general,0,0.0000,0.0000,5.0000
544,nodes,0,-5.7115,-1.9197,3.0000
544,nodes,1,5.7104,-1.9231,3.0000
544,nodes,2,-2.7657,2.7658,3.0000
544,nodes,3,2.7660,2.7641,3.0000
544,scouts,0,-4.2030,-1.9568,3.0000
544,scouts,1,-5.7030,-0.4568,3.0000
544,scouts,2,-7.2030,-1.9568,3.0000
544,scouts,3,-5.7030,-3.4568,3.0000
544,scouts,4,7.2021,-1.9600,3.0000
544,scouts,5,5.7021,-0.4600,3.0000
544,scouts,6,4.2021,-1.9600,3.0000
544,scouts,7,5.7021,-3.4600,3.0000
544,scouts,8,-1.2925,2.7926,3.0000
544,scouts,9,-2.7925,4.2926,3.0000
544,scouts,10,-4.2925,2.7926,3.0000
544,scouts,11,-2.7925,1.2926,3.0000
544,scouts,12,4.2929,2.7908,3.0000
544,scouts,13,2.7929,4.2908,3.0000
544,scouts,14,1.2929,2.7908,3.0000
544,scouts,15,2.7929,1.2908,3.0000
544,workers,0,-8.0077,8.0200,3.0000
544,workers,1,8.0009,8.0115,3.0000
544,workers,2,7.3243,-7.2015,3.0000
544,workers,3,-5.0784,-5.4680,3.0000
545,general,0,0.0000,0.0000,5.0000
545,nodes,0,-5.7129,-1.9140,3.0000
545,nodes,1,5.7117,-1.9175,3.0000
545,nodes,2,-2.7616,2.7617,3.0000
545,nodes,3,2.7619,2.7601,3.0000
545,scouts,0,-4.2043,-1.9511,3.0000
545,scouts,1,-5.7043,-0.4511,3.0000
545,scouts,2,-7.2043,-1.9511,3.0000
545,scouts,3,-5.7043,-3.4511,3.0000
545,scouts,4,7.2034,-1.9543,3.0000
545,scouts,5,5.7034,-0.4543,3.0000
545,scouts,6,4.2034,-1.9543,3.0000
545,scouts,7,5.7034,-3.4543,3.0000
545,scouts,8,-1.2883,2.7885,3.0000
545,scouts,9,-2.7883,4.2885,3.0000
545,scouts,10,-4.2883,2.7885,3.0000
545,scouts,11,-2.7883,1.2885,3.0000
545,scouts,12,4.2888,2.7867,3.0000
545,scouts,13,2.7888,4.2867,3.0000
545,scouts,14,1.2888,2.7867,3.0000
545,scouts,15,2.7888,1.2867,3.0000
545,workers,0,-8.0077,8.0200,3.0000
545,workers,1,8.0009,8.0115,3.0000
545,workers,2,7.3458,-7.2269,3.0000
545,workers,3,-5.1036,-5.4898,3.0000
546,general,0,0.0000,0.0000,5.0000
546,nodes,0,-5.7142,-1.9084,3.0000
546,nodes,1,5.7129,-1.9119,3.0000
546,nodes,2,-2.7574,2.7576,3.0000
546,nodes,3,2.7579,2.7560,3.0000
546,scouts,0,-4.2056,-1.9454,3.0000
546,scouts,1,-5.7056,-0.4454,3.0000
546,scouts,2,-7.2056,-1.9454,3.0000
546,scouts,3,-5.7056,-3.4454,3.0000
546,scouts,4,7.2046,-1.9487,3.0000
546,scouts,5,5.7046,-0.4487,3.0000
546,scouts,6,4.2046,-1.9487,3.0000
546,scouts,7,5.7046,-3.4487,3.0000
546,scouts,8,-1.2842,2.7844,3.0000
546,scouts,9,-2.7842,4.2844,3.0000
546,scouts,10,-4.2842,2.7844,3.0000
546,scouts,11,-2.7842,1.2844,3.0000
546,scouts,12,4.2846,2.7826,3.0000
546,scouts,13,2.7846,4.2826,3.0000
546,scouts,14,1.2846,2.7826,3.0000
546,scouts,15,2.7846,1.2826,3.0000
546,workers,0,-8.0077,8.0200,3.0000
546,workers,1,8.0009,8.0115,3.0000
546,workers,2,7.3674,-7.2523,3.0000
546,workers,3,-5.1288,-5.5116,3.0000
547,general,0,0.0000,0.0000,5.0000
547,nodes,0,-5.7155,-1.9027,3.0000
547,nodes,1,5.7143,-1.9063,3.0000
547,nodes,2,-2.7532,2.7534,3.0000
547,nodes,3,2.7537,2.7519,3.0000
547,scouts,0,-4.2069,-1.9397,3.0000
547,scouts,1,-5.7069,-0.4397,3.0000
547,scouts,2,-7.2069,-1.9397,3.0000
547,scouts,3,-5.7069,-3.4397,3.0000
547,scouts,4,7.2059,-1.9430,3.0000
547,scouts,5,5.7059,-0.4430,3.0000
547,scouts,6,4.2059,-1.9430,3.0000
547,scouts,7,5.7059,-3.4430,3.0000
547,scouts,8,-1.2801,2.7802,3.0000
547,scouts,9,-2.7801,4.2802,3.0000
547,scouts,10,-4.2801,2.7802,3.0000
547,scouts,11,-2.7801,1.2802,3.0000
547,scouts,12,4.2805,2.7785,3.0000
547,scouts,13,2.7805,4.2785,3.0000
547,scouts,14,1.2805,2.7785,3.0000
547,scouts,15,2.7805,1.2785,3.0000
547,workers,0,-8.0077,8.0200,3.0000
547,workers,1,8.0009,8.0115,3.0000
547,workers,2,7.3889,-7.2778,3.0000
547,workers,3,-5.1540,-5.5335,3.0000
548,general,0,0.0000,0.0000,5.0000
548,nodes,0,-5.7168,-1.8969,3.0000
548,nodes,1,5.7156,-1.9006,3.0000
548,nodes,2,-2.7491,2.7493,3.0000
548,nodes,3,2.7496,2.7478,3.0000
548,scouts,0,-4.2083,-1.9340,3.0000
548,scouts,1,-5.7083,-0.4340,3.0000
548,scouts,2,-7.2083,-1.9340,3.0000
548,scouts,3,-5.7083,-3.4340,3.0000
548,scouts,4,7.2072,-1.9374,3.0000
548,scouts,5,5.7072,-0.4374,3.0000
548,scouts,6,4.2072,-1.9374,3.0000
548,scouts,7,5.7072,-3.4374,3.0000
548,scouts,8,-1.2759,2.7761,3.0000
548,scouts,9,-2.7759,4.2761,3.0000
548,scouts,10,-4.2759,2.7761,3.0000
548,scouts,11,-2.7759,1.2761,3.0000
548,scouts,12,4.2764,2.7744,3.0000
548,scouts,13,2.7764,4.2744,3.0000
548,scouts,14,1.2764,2.7744,3.0000
548,scouts,15,2.7764,1.2744,3.0000
548,workers,0,-8.0077,8.0201,3.0000
548,workers,1,8.0009,8.0115,3.0000
548,workers,2,7.4104,-7.3032,3.0000
548,workers,3,-5.1792,-5.5553,3.0000
549,general,0,0.0000,0.0000,5.0000
549,nodes,0,-5.7181,-1.8913,3.0000
549,nodes,1,5.7168,-1.8949,3.0000
549,nodes,2,-2.7449,2.7452,3.0000
549,nodes,3,2.7455,2.7437,3.0000
549,scouts,0,-4.2096,-1.9283,3.0000
549,scouts,1,-5.7096,-0.4283,3.0000
549,scouts,2,-7.2096,-1.9283,3.0000
549,scouts,3,-5.7096,-3.4283,3.0000
549,scouts,4,7.2085,-1.9317,3.0000
549,scouts,5,5.7085,-0.4317,3.0000
549,scouts,6,4.2085,-1.9317,3.0000
549,scouts,7,5.7085,-3.4317,3.0000
549,scouts,8,-1.2718,2.7720,3.0000
549,scouts,9,-2.7718,4.2720,3.0000
549,scouts,10,-4.2718,2.7720,3.0000
549,scouts,11,-2.7718,1.2720,3.0000
549,scouts,12,4.2723,2.7703,3.0000
549,scouts,13,2.7723,4.2703,3.0000
549,scouts,14,1.2723,2.7703,3.0000
549,scouts,15,2.7723,1.2703,3.0000
549,workers,0,-8.0077,8.0201,3.0000
549,workers,1,8.0009,8.0116,3.0000
549,workers,2,7.4320,-7.3287,3.0000
549,workers,3,-5.2044,-5.5771,3.0000
550,general,0,0.0000,0.0000,5.0000
550,nodes,0,-5.7194,-1.8856,3.0000
550,nodes,1,5.7181,-1.8892,3.0000
550,nodes,2,-2.7407,2.7412,3.0000
550,nodes,3,2.7414,2.7396,3.0000
550,scouts,0,-4.2109,-1.9226,3.0000
550,scouts,1,-5.7109,-0.4226,3.0000
550,scouts,2,-7.2109,-1.9226,3.0000
550,scouts,3,-5.7109,-3.4226,3.0000
550,scouts,4,7.2098,-1.9260,3.0000
550,scouts,5,5.7098,-0.4260,3.0000
550,scouts,6,4.2098,-1.9260,3.0000
550,scouts,7,5.7098,-3.4260,3.0000
550,scouts,8,-1.2677,2.7679,3.0000
550,scouts,9,-2.7677,4.2679,3.0000
550,scouts,10,-4.2677,2.7679,3.0000
550,scouts,11,-2.7677,1.2679,3.0000
550,scouts,12,4.2682,2.7662,3.0000
550,scouts,13,2.7682,4.2662,3.0000
550,scouts,14,1.2682,2.7662,3.0000
550,scouts,15,2.7682,1.2662,3.0000
550,workers,0,-8.0077,8.0201,3.0000
550,workers,1,8.0009,8.0116,3.0000
550,workers,2,7.4535,-7.3541,3.0000
550,workers,3,-5.2296,-5.5990,3.0000
551,general,0,0.0000,0.0000,5.0000
551,nodes,0,-5.7208,-1.8799,3.0000
551,nodes,1,5.7194,-1.8836,3.0000
551,nodes,2,-2.7366,2.7371,3.0000
551,nodes,3,2.7373,2.7354,3.0000
551,scouts,0,-4.2122,-1.9169,3.0000
551,scouts,1,-5.7122,-0.4169,3.0000
551,scouts,2,-7.2122,-1.9169,3.0000
551,scouts,3,-5.7122,-3.4169,3.0000
551,scouts,4,7.2111,-1.9204,3.0000
551,scouts,5,5.7111,-0.4204,3.0000
551,scouts,6,4.2111,-1.9204,3.0000
551,scouts,7,5.7111,-3.4204,3.0000
551,scouts,8,-1.2635,2.7638,3.0000
551,scouts,9,-2.7635,4.2638,3.0000
551,scouts,10,-4.2635,2.7638,3.0000
551,scouts,11,-2.7635,1.2638,3.0000
551,scouts,12,4.2641,2.7621,3.0000
551,scouts,13,2.7641,4.2621,3.0000
551,scouts,14,1.2641,2.7621,3.0000
551,scouts,15,2.7641,1.2621,3.0000
551,workers,0,-8.0077,8.0201,3.0000
551,workers,1,8.0009,8.0116,3.0000
551,workers,2,7.4750,-7.3796,3.0000
551,workers,3,-5.2548,-5.6208,3.0000
552,general,0,0.0000,0.0000,5.0000
552,nodes,0,-5.7221,-1.8741,3.0000
552,nodes,1,5.7208,-1.8779,3.0000
552,nodes,2,-2.7325,2.7329,3.0000
552,nodes,3,2.7332,2.7313,3.0000
552,scouts,0,-4.2135,-1.9112,3.0000
552,scouts,1,-5.7135,-0.4112,3.0000
552,scouts,2,-7.2135,-1.9112,3.0000
552,scouts,3,-5.7135,-3.4112,3.0000
552,scouts,4,7.2124,-1.9147,3.0000
552,scouts,5,5.7124,-0.4147,3.0000
552,scouts,6,4.2124,-1.9147,3.0000
552,scouts,7,5.7124,-3.4147,3.0000
552,scouts,8,-1.2594,2.7597,3.0000
552,scouts,9,-2.7594,4.2597,3.0000
552,scouts,10,-4.2594,2.7597,3.0000
552,scouts,11,-2.7594,1.2597,3.0000
552,scouts,12,4.2600,2.7580,3.0000
552,scouts,13,2.7600,4.2580,3.0000
552,scouts,14,1.2600,2.7580,3.0000
552,scouts,15,2.7600,1.2580,3.0000
552,workers,0,-8.0077,8.0201,3.0000
552,workers,1,8.0009,8.0116,3.0000
552,workers,2,7.4966,-7.4050,3.0000
552,workers,3,-5.2799,-5.6426,3.0000
553,general,0,0.0000,0.0000,5.0000
553,nodes,0,-5.7234,-1.8684,3.0000
553,nodes,1,5.7221,-1.8722,3.0000
553,nodes,2,-2.7283,2.7288,3.0000
553,nodes,3,2.7291,2.7273,3.0000
553,scouts,0,-4.2148,-1.9055,3.0000
553,scouts,1,-5.7148,-0.4055,3.0000
553,scouts,2,-7.2148,-1.9055,3.0000
553,scouts,3,-5.7148,-3.4055,3.0000
553,scouts,4,7.2137,-1.9090,3.0000
553,scouts,5,5.7137,-0.4090,3.0000
553,scouts,6,4.2137,-1.9090,3.0000
553,scouts,7,5.7137,-3.4090,3.0000
553,scouts,8,-1.2552,2.7555,3.0000
553,scouts,9,-2.7552,4.2555,3.0000
553,scouts,10,-4.2552,2.7555,3.0000
553,scouts,11,-2.7552,1.2555,3.0000
553,scouts,12,4.2558,2.7539,3.0000
553,scouts,13,2.7558,4.2539,3.0000
553,scouts,14,1.2558,2.7539,3.0000
553,scouts,15,2.7558,1.2539,3.0000
553,workers,0,-8.0077,8.0201,3.0000
553,workers,1,8.0009,8.0116,3.0000
553,workers,2,7.5181,-7.4305,3.0000
553,workers,3,-5.3051,-5.6645,3.0000
554,general,0,0.0000,0.0000,5.0000
554,nodes,0,-5.7246,-1.8627,3.0000
554,nodes,1,5.7234,-1.8665,3.0000
554,nodes,2,-2.7241,2.7247,3.0000
554,nodes,3,2.7250,2.7232,3.0000
554,scouts,0,-4.2161,-1.8998,3.0000
554,scouts,1,-5.7161,-0.3998,3.0000
554,scouts,2,-7.2161,-1.8998,3.0000
554,scouts,3,-5.7161,-3.3998,3.0000
554,scouts,4,7.2150,-1.9034,3.0000
554,scouts,5,5.7150,-0.4034,3.0000
554,scouts,6,4.2150,-1.9034,3.0000
554,scouts,7,5.7150,-3.4034,3.0000
554,scouts,8,-1.2511,2.7514,3.0000
554,scouts,9,-2.7511,4.2514,3.0000
554,scouts,10,-4.2511,2.7514,3.0000
554,scouts,11,-2.7511,1.2514,3.0000
554,scouts,12,4.2517,2.7498,3.0000
554,scouts,13,2.7517,4.2498,3.0000
554,scouts,14,1.2517,2.7498,3.0000
554,scouts,15,2.7517,1.2498,3.0000
554,workers,0,-8.0077,8.0201,3.0000
554,workers,1,8.0009,8.0116,3.0000
554,workers,2,7.5396,-7.4559,3.0000
554,workers,3,-5.3303,-5.6863,3.0000
555,general,0,0.0000,0.0000,5.0000
555,nodes,0,-5.7260,-1.8570,3.0000
555,nodes,1,5.7248,-1.8608,3.0000
555,nodes,2,-2.7200,2.7205,3.0000
555,nodes,3,2.7208,2.7191,3.0000
555,scouts,0,-4.2175,-1.8941,3.0000
555,scouts,1,-5.7175,-0.3941,3.0000
555,scouts,2,-7.2175,-1.8941,3.0000
555,scouts,3,-5.7175,-3.3941,3.0000
555,scouts,4,7.2163,-1.8977,3.0000
555,scouts,5,5.7163,-0.3977,3.0000
555,scouts,6,4.2163,-1.8977,3.0000
555,scouts,7,5.7163,-3.3977,3.0000
555,scouts,8,-1.2469,2.7473,3.0000
555,scouts,9,-2.7469,4.2473,3.0000
555,scouts,10,-4.2469,2.7473,3.0000
555,scouts,11,-2.7469,1.2473,3.0000
555,scouts,12,4.2476,2.7457,3.0000
555,scouts,13,2.7476,4.2457,3.0000
555,scouts,14,1.2476,2.7457,3.0000
555,scouts,15,2.7476,1.2457,3.0000
555,workers,0,-8.0077,8.0201,3.0000
555,workers,1,8.0009,8.0116,3.0000
555,workers,2,7.5612,-7.4814,3.0000
555,workers,3,-5.3555,-5.7081,3.0000
556,general,0,0.0000,0.0000,5.0000
556,nodes,0,-5.7273,-1.8513,3.0000
556,nodes,1,5.7261,-1.8551,3.0000
556,nodes,2,-2.7157,2.7163,3.0000
556,nodes,3,2.7166,2.7151,3.0000
556,scouts,0,-4.2188,-1.8884,3.0000
556,scouts,1,-5.7188,-0.3884,3.0000
556,scouts,2,-7.2188,-1.8884,3.0000
556,scouts,3,-5.7188,-3.3884,3.0000
556,scouts,4,7.2176,-1.8920,3.0000
556,scouts,5,5.7176,-0.3920,3.0000
556,scouts,6,4.2176,-1.8920,3.0000
556,scouts,7,5.7176,-3.3920,3.0000
556,scouts,8,-1.2428,2.7432,3.0000
556,scouts,9,-2.7428,4.2432,3.0000
556,scouts,10,-4.2428,2.7432,3.0000
556,scouts,11,-2.7428,1.2432,3.0000
556,scouts,12,4.2435,2.7416,3.0000
556,scouts,13,2.7435,4.2416,3.0000
556,scouts,14,1.2435,2.7416,3.0000
556,scouts,15,2.7435,1.2416,3.0000
556,workers,0,-8.0077,8.0201,3.0000
556,workers,1,8.0009,8.0116,3.0000
556,workers,2,7.5827,-7.5068,3.0000
556,workers,3,-5.3807,-5.7299,3.0000
557,general,0,0.0000,0.0000,5.0000
557,nodes,0,-5.7286,-1.8457,3.0000
557,nodes,1,5.7275,-1.8493,3.0000
557,nodes,2,-2.7116,2.7122,3.0000
557,nodes,3,2.7125,2.7109,3.0000
557,scouts,0,-4.2201,-1.8827,3.0000
557,scouts,1,-5.7201,-0.3827,3.0000
557,scouts,2,-7.2201,-1.8827,3.0000
557,scouts,3,-5.7201,-3.3827,3.0000
557,scouts,4,7.2189,-1.8863,3.0000
557,scouts,5,5.7189,-0.3863,3.0000
557,scouts,6,4.2189,-1.8863,3.0000
557,scouts,7,5.7189,-3.3863,3.0000
557,scouts,8,-1.2386,2.7390,3.0000
557,scouts,9,-2.7386,4.2390,3.0000
557,scouts,10,-4.2386,2.7390,3.0000
557,scouts,11,-2.7386,1.2390,3.0000
557,scouts,12,4.2393,2.7376,3.0000
557,scouts,13,2.7393,4.2376,3.0000
557,scouts,14,1.2393,2.7376,3.0000
557,scouts,15,2.7393,1.2376,3.0000
557,workers,0,-8.0077,8.0201,3.0000
557,workers,1,8.0009,8.0116,3.0000
557,workers,2,7.6042,-7.5323,3.0000
557,workers,3,-5.4059,-5.7518,3.0000
558,general,0,0.0000,0.0000,5.0000
558,nodes,0,-5.7299,-1.8401,3.0000
558,nodes,1,5.7287,-1.8436,3.0000
558,nodes,2,-2.7075,2.7081,3.0000
558,nodes,3,2.7083,2.7068,3.0000
558,scouts,0,-4.2214,-1.8770,3.0000
558,scouts,1,-5.7214,-0.3770,3.0000
558,scouts,2,-7.2214,-1.8770,3.0000
558,scouts,3,-5.7214,-3.3770,3.0000
558,scouts,4,7.2202,-1.8806,3.0000
558,scouts,5,5.7202,-0.3806,3.0000
558,scouts,6,4.2202,-1.8806,3.0000
558,scouts,7,5.7202,-3.3806,3.0000
558,scouts,8,-1.2345,2.7349,3.0000
558,scouts,9,-2.7345,4.2349,3.0000
558,scouts,10,-4.2345,2.7349,3.0000
558,scouts,11,-2.7345,1.2349,3.0000
558,scouts,12,4.2352,2.7335,3.0000
558,scouts,13,2.7352,4.2335,3.0000
558,scouts,14,1.2352,2.7335,3.0000
558,scouts,15,2.7352,1.2335,3.0000
558,workers,0,-8.0077,8.0201,3.0000
558,workers,1,8.0009,8.0116,3.0000
558,workers,2,7.6257,-7.5577,3.0000
558,workers,3,-5.4311,-5.7736,3.0000
559,general,0,0.0000,0.0000,5.0000
559,nodes,0,-5.7313,-1.8344,3.0000
559,nodes,1,5.7301,-1.8379,3.0000
559,nodes,2,-2.7034,2.7040,3.0000
559,nodes,3,2.7042,2.7027,3.0000
559,scouts,0,-4.2227,-1.8713,3.0000
559,scouts,1,-5.7227,-0.3713,3.0000
559,scouts,2,-7.2227,-1.8713,3.0000
559,scouts,3,-5.7227,-3.3713,3.0000
559,scouts,4,7.2215,-1.8749,3.0000
559,scouts,5,5.7215,-0.3749,3.0000
559,scouts,6,4.2215,-1.8749,3.0000
559,scouts,7,5.7215,-3.3749,3.0000
559,scouts,8,-1.2303,2.7308,3.0000
559,scouts,9,-2.7303,4.2308,3.0000
559,scouts,10,-4.2303,2.7308,3.0000
559,scouts,11,-2.7303,1.2308,3.0000
559,scouts,12,4.2311,2.7294,3.0000
559,scouts,13,2.7311,4.2294,3.0000
559,scouts,14,1.2311,2.7294,3.0000
559,scouts,15,2.7311,1.2294,3.0000
559,workers,0,-8.0077,8.0201,3.0000
559,workers,1,8.0009,8.0116,3.0000
559,workers,2,7.6473,-7.5831,3.0000
559,workers,3,-5.4563,-5.7954,3.0000
560,general,0,0.0000,0.0000,5.0000
560,nodes,0,-5.7326,-1.8288,3.0000
560,nodes,1,5.7314,-1.8323,3.0000
560,nodes,2,-2.6992,2.6998,3.0000
560,nodes,3,2.7001,2.6985,3.0000
560,scouts,0,-4.2240,-1.8657,3.0000
560,scouts,1,-5.7240,-0.3657,3.0000
560,scouts,2,-7.2240,-1.8657,3.0000
560,scouts,3,-5.7240,-3.3657,3.0000
560,scouts,4,7.2228,-1.8692,3.0000
560,scouts,5,5.7228,-0.3692,3.0000
560,scouts,6,4.2228,-1.8692,3.0000
560,scouts,7,5.7228,-3.3692,3.0000
560,scouts,8,-1.2262,2.7267,3.0000
560,scouts,9,-2.7262,4.2267,3.0000
560,scouts,10,-4.2262,2.7267,3.0000
560,scouts,11,-2.7262,1.2267,3.0000
560,scouts,12,4.2269,2.7252,3.0000
560,scouts,13,2.7269,4.2252,3.0000
560,scouts,14,1.2269,2.7252,3.0000
560,scouts,15,2.7269,1.2252,3.0000
560,workers,0,-8.0077,8.0201,3.0000
560,workers,1,8.0009,8.0116,3.0000
560,workers,2,7.6688,-7.6086,3.0000
560,workers,3,-5.4815,-5.8173,3.0000
561,general,0,0.0000,0.0000,5.0000
561,nodes,0,-5.7339,-1.8231,3.0000
561,nodes,1,5.7327,-1.8266,3.0000
561,nodes,2,-2.6951,2.6957,3.0000
561,nodes,3,2.6959,2.6944,3.0000
561,scouts,0,-4.2253,-1.8600,3.0000
561,scouts,1,-5.7253,-0.3600,3.0000
561,scouts,2,-7.2253,-1.8600,3.0000
561,scouts,3,-5.7253,-3.3600,3.0000
561,scouts,4,7.2242,-1.8635,3.0000
561,scouts,5,5.7242,-0.3635,3.0000
561,scouts,6,4.2242,-1.8635,3.0000
561,scouts,7,5.7242,-3.3635,3.0000
561,scouts,8,-1.2220,2.7225,3.0000
561,scouts,9,-2.7220,4.2225,3.0000
561,scouts,10,-4.2220,2.7225,3.0000
561,scouts,11,-2.7220,1.2225,3.0000
561,scouts,12,4.2228,2.7211,3.0000
561,scouts,13,2.7228,4.2211,3.0000
561,scouts,14,1.2228,2.7211,3.0000
561,scouts,15,2.7228,1.2211,3.0000
561,workers,0,-8.0077,8.0201,3.0000
561,workers,1,8.0009,8.0116,3.0000
561,workers,2,7.6903,-7.6340,3.0000
561,workers,3,-5.5067,-5.8391,3.0000
562,general,0,0.0000,0.0000,5.0000
562,nodes,0,-5.7351,-1.8174,3.0000
562,nodes,1,5.7340,-1.8209,3.0000
562,nodes,2,-2.6910,2.6916,3.0000
562,nodes,3,2.6918,2.6903,3.0000
562,scouts,0,-4.2266,-1.8543,3.0000
562,scouts,1,-5.7266,-0.3543,3.0000
562,scouts,2,-7.2266,-1.8543,3.0000
562,scouts,3,-5.7266,-3.3543,3.0000
562,scouts,4,7.2255,-1.8579,3.0000
562,scouts,5,5.7255,-0.3579,3.0000
562,scouts,6,4.2255,-1.8579,3.0000
562,scouts,7,5.7255,-3.3579,3.0000
562,scouts,8,-1.2179,2.7184,3.0000
562,scouts,9,-2.7179,4.2184,3.0000
562,scouts,10,-4.2179,2.7184,3.0000
562,scouts,11,-2.7179,1.2184,3.0000
562,scouts,12,4.2187,2.7170,3.0000
562,scouts,13,2.7187,4.2170,3.0000
562,scouts,14,1.2187,2.7170,3.0000
562,scouts,15,2.7187,1.2170,3.0000
562,workers,0,-8.0077,8.0201,3.0000
562,workers,1,8.0009,8.0116,3.0000
562,workers,2,7.7119,-7.6595,3.0000
562,workers,3,-5.5318,-5.8609,3.0000
563,general,0,0.0000,0.0000,5.0000
563,nodes,0,-5.7364,-1.8117,3.0000
563,nodes,1,5.7353,-1.8153,3.0000
563,nodes,2,-2.6869,2.6874,3.0000
563,nodes,3,2.6877,2.6862,3.0000
563,scouts,0,-4.2279,-1.8486,3.0000
563,scouts,1,-5.7279,-0.3486,3.0000
563,scouts,2,-7.2279,-1.8486,3.0000
563,scouts,3,-5.7279,-3.3486,3.0000
563,scouts,4,7.2268,-1.8522,3.0000
563,scouts,5,5.7268,-0.3522,3.0000
563,scouts,6,4.2268,-1.8522,3.0000
563,scouts,7,5.7268,-3.3522,3.0000
563,scouts,8,-1.2138,2.7143,3.0000
563,scouts,9,-2.7138,4.2143,3.0000
563,scouts,10,-4.2138,2.7143,3.0000
563,scouts,11,-2.7138,1.2143,3.0000
563,scouts,12,4.2145,2.7129,3.0000
563,scouts,13,2.7145,4.2129,3.0000
563,scouts,14,1.2145,2.7129,3.0000
563,scouts,15,2.7145,1.2129,3.0000
563,workers,0,-8.0077,8.0201,3.0000
563,workers,1,8.0009,8.0116,3.0000
563,workers,2,7.7334,-7.6849,3.0000
563,workers,3,-5.5570,-5.8828,3.0000
564,general,0,0.0000,0.0000,5.0000
564,nodes,0,-5.7376,-1.8061,3.0000
564,nodes,1,5.7366,-1.8096,3.0000
564,nodes,2,-2.6827,2.6833,3.0000
564,nodes,3,2.6836,2.6821,3.0000
564,scouts,0,-4.2292,-1.8430,3.0000
564,scouts,1,-5.7292,-0.3430,3.0000
564,scouts,2,-7.2292,-1.8430,3.0000
564,scouts,3,-5.7292,-3.3430,3.0000
564,scouts,4,7.2281,-1.8465,3.0000
564,scouts,5,5.7281,-0.3465,3.0000
564,scouts,6,4.2281,-1.8465,3.0000
564,scouts,7,5.7281,-3.3465,3.0000
564,scouts,8,-1.2096,2.7101,3.0000
564,scouts,9,-2.7096,4.2101,3.0000
564,scouts,10,-4.2096,2.7101,3.0000
564,scouts,11,-2.7096,1.2101,3.0000
564,scouts,12,4.2104,2.7088,3.0000
564,scouts,13,2.7104,4.2088,3.0000
564,scouts,14,1.2104,2.7088,3.0000
564,scouts,15,2.7104,1.2088,3.0000
564,workers,0,-8.0077,8.0201,3.0000
564,workers,1,8.0009,8.0116,3.0000
564,workers,2,7.7549,-7.7104,3.0000
564,workers,3,-5.5822,-5.9046,3.0000
565,general,0,0.0000,0.0000,5.0000
565,nodes,0,-5.7388,-1.8005,3.0000
565,nodes,1,5.7379,-1.8039,3.0000
565,nodes,2,-2.6786,2.6791,3.0000
565,nodes,3,2.6795,2.6780,3.0000
565,scouts,0,-4.2305,-1.8373,3.0000
565,scouts,1,-5.7305,-0.3373,3.0000
565,scouts,2,-7.2305,-1.8373,3.0000
565,scouts,3,-5.7305,-3.3373,3.0000
565,scouts,4,7.2294,-1.8408,3.0000
565,scouts,5,5.7294,-0.3408,3.0000
565,scouts,6,4.2294,-1.8408,3.0000
565,scouts,7,5.7294,-3.3408,3.0000
565,scouts,8,-1.2055,2.7060,3.0000
565,scouts,9,-2.7055,4.2060,3.0000
565,scouts,10,-4.2055,2.7060,3.0000
565,scouts,11,-2.7055,1.2060,3.0000
565,scouts,12,4.2063,2.7047,3.0000
565,scouts,13,2.7063,4.2047,3.0000
565,scouts,14,1.2063,2.7047,3.0000
565,scouts,15,2.7063,1.2047,3.0000
565,workers,0,-8.0077,8.0201,3.0000
565,workers,1,8.0009,8.0116,3.0000
565,workers,2,7.7765,-7.7358,3.0000
565,workers,3,-5.6074,-5.9264,3.0000
566,general,0,0.0000,0.0000,5.0000
566,nodes,0,-5.7402,-1.7948,3.0000
566,nodes,1,5.7391,-1.7983,3.0000
566,nodes,2,-2.6745,2.6750,3.0000
566,nodes,3,2.6753,2.6739,3.0000
566,scouts,0,-4.2318,-1.8316,3.0000
566,scouts,1,-5.7318,-0.3316,3.0000
566,scouts,2,-7.2318,-1.8316,3.0000
566,scouts,3,-5.7318,-3.3316,3.0000
566,scouts,4,7.2307,-1.8352,3.0000
566,scouts,5,5.7307,-0.3352,3.0000
566,scouts,6,4.2307,-1.8352,3.0000
566,scouts,7,5.7307,-3.3352,3.0000
566,scouts,8,-1.2014,2.7019,3.0000
566,scouts,9,-2.7014,4.2019,3.0000
566,scouts,10,-4.2014,2.7019,3.0000
566,scouts,11,-2.7014,1.2019,3.0000
566,scouts,12,4.2022,2.7006,3.0000
566,scouts,13,2.7022,4.2006,3.0000
566,scouts,14,1.2022,2.7006,3.0000
566,scouts,15,2.7022,1.2006,3.0000
566,workers,0,-8.0078,8.0202,3.0000
566,workers,1,8.0009,8.0116,3.0000
566,workers,2,7.7980,-7.7613,3.0000
566,workers,3,-5.6326,-5.9483,3.0000
567,general,0,0.0000,0.0000,5.0000
567,nodes,0,-5.7416,-1.7891,3.0000
567,nodes,1,5.7403,-1.7927,3.0000
567,nodes,2,-2.6703,2.6709,3.0000
567,nodes,3,2.6712,2.6698,3.0000
567,scouts,0,-4.2331,-1.8260,3.0000
567,scouts,1,-5.7331,-0.3260,3.0000
567,scouts,2,-7.2331,-1.8260,3.0000
567,scouts,3,-5.7331,-3.3260,3.0000
567,scouts,4,7.2320,-1.8295,3.0000
567,scouts,5,5.7320,-0.3295,3.0000
567,scouts,6,4.2320,-1.8295,3.0000
567,scouts,7,5.7320,-3.3295,3.0000
567,scouts,8,-1.1972,2.6977,3.0000
567,scouts,9,-2.6972,4.1977,3.0000
567,scouts,10,-4.1972,2.6977,3.0000
567,scouts,11,-2.6972,1.1977,3.0000
567,scouts,12,4.1980,2.6965,3.0000
567,scouts,13,2.6980,4.1965,3.0000
567,scouts,14,1.1980,2.6965,3.0000
567,scouts,15,2.6980,1.1965,3.0000
567,workers,0,-8.0078,8.0202,3.0000
567,workers,1,8.0009,8.0116,3.0000
567,workers,2,7.8195,-7.7867,3.0000
567,workers,3,-5.6578,-5.9701,3.0000
568,general,0,0.0000,0.0000,5.0000
568,nodes,0,-5.7430,-1.7834,3.0000
568,nodes,1,5.7417,-1.7871,3.0000
568,nodes,2,-2.6662,2.6668,3.0000
568,nodes,3,2.6671,2.6657,3.0000
568,scouts,0,-4.2344,-1.8203,3.0000
568,scouts,1,-5.7344,-0.3203,3.0000
568,scouts,2,-7.2344,-1.8203,3.0000
568,scouts,3,-5.7344,-3.3203,3.0000
568,scouts,4,7.2333,-1.8239,3.0000
568,scouts,5,5.7333,-0.3239,3.0000
568,scouts,6,4.2333,-1.8239,3.0000
568,scouts,7,5.7333,-3.3239,3.0000
568,scouts,8,-1.1931,2.6936,3.0000
568,scouts,9,-2.6931,4.1936,3.0000
568,scouts,10,-4.1931,2.6936,3.0000
568,scouts,11,-2.6931,1.1936,3.0000
568,scouts,12,4.1939,2.6924,3.0000
568,scouts,13,2.6939,4.1924,3.0000
568,scouts,14,1.1939,2.6924,3.0000
568,scouts,15,2.6939,1.1924,3.0000
568,workers,0,-8.0078,8.0202,3.0000
568,workers,1,8.0009,8.0116,3.0000
568,workers,2,7.8389,-7.8096,3.0000
568,workers,3,-5.6830,-5.9919,3.0000
569,general,0,0.0000,0.0000,5.0000
569,nodes,0,-5.7443,-1.7777,3.0000
569,nodes,1,5.7431,-1.7814,3.0000
569,nodes,2,-2.6620,2.6626,3.0000
569,nodes,3,2.6630,2.6615,3.0000
569,scouts,0,-4.2357,-1.8146,3.0000
569,scouts,1,-5.7357,-0.3146,3.0000
569,scouts,2,-7.2357,-1.8146,3.0000
569,scouts,3,-5.7357,-3.3146,3.0000
569,scouts,4,7.2346,-1.8182,3.0000
569,scouts,5,5.7346,-0.3182,3.0000
569,scouts,6,4.2346,-1.8182,3.0000
569,scouts,7,5.7346,-3.3182,3.0000
569,scouts,8,-1.1889,2.6895,3.0000
569,scouts,9,-2.6889,4.1895,3.0000
569,scouts,10,-4.1889,2.6895,3.0000
569,scouts,11,-2.6889,1.1895,3.0000
569,scouts,12,4.1898,2.6883,3.0000
569,scouts,13,2.6898,4.1883,3.0000
569,scouts,14,1.1898,2.6883,3.0000
569,scouts,15,2.6898,1.1883,3.0000
569,workers,0,-8.0078,8.0202,3.0000
569,workers,1,8.0009,8.0116,3.0000
569,workers,2,7.8563,-7.8302,3.0000
569,workers,3,-5.7082,-6.0137,3.0000
570,general,0,0.0000,0.0000,5.0000
570,nodes,0,-5.7456,-1.7721,3.0000
570,nodes,1,5.7443,-1.7757,3.0000
570,nodes,2,-2.6579,2.6585,3.0000
570,nodes,3,2.6588,2.6574,3.0000
570,scouts,0,-4.2370,-1.8089,3.0000
570,scouts,1,-5.7370,-0.3089,3.0000
570,scouts,2,-7.2370,-1.8089,3.0000
570,scouts,3,-5.7370,-3.3089,3.0000
570,scouts,4,7.2359,-1.8125,3.0000
570,scouts,5,5.7359,-0.3125,3.0000
570,scouts,6,4.2359,-1.8125,3.0000
570,scouts,7,5.7359,-3.3125,3.0000
570,scouts,8,-1.1848,2.6853,3.0000
570,scouts,9,-2.6848,4.1853,3.0000
570,scouts,10,-4.1848,2.6853,3.0000
570,scouts,11,-2.6848,1.1853,3.0000
570,scouts,12,4.1857,2.6842,3.0000
570,scouts,13,2.6857,4.1842,3.0000
570,scouts,14,1.1857,2.6842,3.0000
570,scouts,15,2.6857,1.1842,3.0000
570,workers,0,-8.0078,8.0202,3.0000
570,workers,1,8.0009,8.0116,3.0000
570,workers,2,7.8720,-7.8488,3.0000
570,workers,3,-5.7334,-6.0356,3.0000
571,general,0,0.0000,0.0000,5.0000
571,nodes,0,-5.7468,-1.7665,3.0000
571,nodes,1,5.7456,-1.7701,3.0000
571,nodes,2,-2.6539,2.6543,3.0000
571,nodes,3,2.6547,2.6533,3.0000
571,scouts,0,-4.2384,-1.8033,3.0000
571,scouts,1,-5.7384,-0.3033,3.0000
571,scouts,2,-7.2384,-1.8033,3.0000
571,scouts,3,-5.7384,-3.3033,3.0000
571,scouts,4,7.2372,-1.8069,3.0000
571,scouts,5,5.7372,-0.3069,3.0000
571,scouts,6,4.2372,-1.8069,3.0000
571,scouts,7,5.7372,-3.3069,3.0000
571,scouts,8,-1.1807,2.6812,3.0000
571,scouts,9,-2.6807,4.1812,3.0000
571,scouts,10,-4.1807,2.6812,3.0000
571,scouts,11,-2.6807,1.1812,3.0000
571,scouts,12,4.1815,2.6801,3.0000
571,scouts,13,2.6815,4.1801,3.0000
571,scouts,14,1.1815,2.6801,3.0000
571,scouts,15,2.6815,1.1801,3.0000
571,workers,0,-8.0078,8.0202,3.0000
571,workers,1,8.0009,8.0116,3.0000
571,workers,2,7.8862,-7.8655,3.0000
571,workers,3,-5.7585,-6.0574,3.0000
572,general,0,0.0000,0.0000,5.0000
572,nodes,0,-5.7481,-1.7607,3.0000
572,nodes,1,5.7469,-1.7644,3.0000
572,nodes,2,-2.6498,2.6502,3.0000
572,nodes,3,2.6506,2.6492,3.0000
572,scouts,0,-4.2396,-1.7976,3.0000
572,scouts,1,-5.7396,-0.2976,3.0000
572,scouts,2,-7.2396,-1.7976,3.0000
572,scouts,3,-5.7396,-3.2976,3.0000
572,scouts,4,7.2385,-1.8012,3.0000
572,scouts,5,5.7385,-0.3012,3.0000
572,scouts,6,4.2385,-1.8012,3.0000
572,scouts,7,5.7385,-3.3012,3.0000
572,scouts,8,-1.1766,2.6771,3.0000
572,scouts,9,-2.6766,4.1771,3.0000
572,scouts,10,-4.1766,2.6771,3.0000
572,scouts,11,-2.6766,1.1771,3.0000
572,scouts,12,4.1774,2.6759,3.0000
572,scouts,13,2.6774,4.1759,3.0000
572,scouts,14,1.1774,2.6759,3.0000
572,scouts,15,2.6774,1.1759,3.0000
572,workers,0,-8.0078,8.0202,3.0000
572,workers,1,8.0009,8.0116,3.0000
572,workers,2,7.8989,-7.8805,3.0000
572,workers,3,-5.7837,-6.0792,3.0000
573,general,0,0.0000,0.0000,5.0000
573,nodes,0,-5.7493,-1.7551,3.0000
573,nodes,1,5.7483,-1.7588,3.0000
573,nodes,2,-2.6457,2.6461,3.0000
573,nodes,3,2.6465,2.6450,3.0000
573,scouts,0,-4.2409,-1.7919,3.0000
573,scouts,1,-5.7409,-0.2919,3.0000
573,scouts,2,-7.2409,-1.7919,3.0000
573,scouts,3,-5.7409,-3.2919,3.0000
573,scouts,4,7.2398,-1.7956,3.0000
573,scouts,5,5.7398,-0.2956,3.0000
573,scouts,6,4.2398,-1.7956,3.0000
573,scouts,7,5.7398,-3.2956,3.0000
573,scouts,8,-1.1724,2.6729,3.0000
573,scouts,9,-2.6724,4.1729,3.0000
573,scouts,10,-4.1724,2.6729,3.0000
573,scouts,11,-2.6724,1.1729,3.0000
573,scouts,12,4.1733,2.6718,3.0000
573,scouts,13,2.6733,4.1718,3.0000
573,scouts,14,1.1733,2.6718,3.0000
573,scouts,15,2.6733,1.1718,3.0000
573,workers,0,-8.0078,8.0202,3.0000
573,workers,1,8.0009,8.0116,3.0000
573,workers,2,7.9103,-7.8940,3.0000
573,workers,3,-5.8089,-6.1011,3.0000
574,general,0,0.0000,0.0000,5.0000
574,nodes,0,-5.7507,-1.7493,3.0000
574,nodes,1,5.7496,-1.7531,3.0000
574,nodes,2,-2.6415,2.6420,3.0000
574,nodes,3,2.6423,2.6410,3.0000
574,scouts,0,-4.2422,-1.7863,3.0000
574,scouts,1,-5.7422,-0.2863,3.0000
574,scouts,2,-7.2422,-1.7863,3.0000
574,scouts,3,-5.7422,-3.2863,3.0000
574,scouts,4,7.2411,-1.7899,3.0000
574,scouts,5,5.7411,-0.2899,3.0000
574,scouts,6,4.2411,-1.7899,3.0000
574,scouts,7,5.7411,-3.2899,3.0000
574,scouts,8,-1.1683,2.6688,3.0000
574,scouts,9,-2.6683,4.1688,3.0000
574,scouts,10,-4.1683,2.6688,3.0000
574,scouts,11,-2.6683,1.1688,3.0000
574,scouts,12,4.1692,2.6677,3.0000
574,scouts,13,2.6692,4.1677,3.0000
574,scouts,14,1.1692,2.6677,3.0000
574,scouts,15,2.6692,1.1677,3.0000
574,workers,0,-8.0078,8.0202,3.0000
574,workers,1,8.0009,8.0116,3.0000
574,workers,2,7.9206,-7.9062,3.0000
574,workers,3,-5.8341,-6.1229,3.0000
575,general,0,0.0000,0.0000,5.0000
575,nodes,0,-5.7519,-1.7437,3.0000
575,nodes,1,5.7509,-1.7475,3.0000
575,nodes,2,-2.6374,2.6379,3.0000
575,nodes,3,2.6382,2.6369,3.0000
575,scouts,0,-4.2435,-1.7806,3.0000
575,scouts,1,-5.7435,-0.2806,3.0000
575,scouts,2,-7.2435,-1.7806,3.0000
575,scouts,3,-5.7435,-3.2806,3.0000
575,scouts,4,7.2424,-1.7842,3.0000
575,scouts,5,5.7424,-0.2842,3.0000
575,scouts,6,4.2424,-1.7842,3.0000
575,scouts,7,5.7424,-3.2842,3.0000
575,scouts,8,-1.1642,2.6647,3.0000
575,scouts,9,-2.6642,4.1647,3.0000
575,scouts,10,-4.1642,2.6647,3.0000
575,scouts,11,-2.6642,1.1647,3.0000
575,scouts,12,4.1650,2.6636,3.0000
575,scouts,13,2.6650,4.1636,3.0000
575,scouts,14,1.1650,2.6636,3.0000
575,scouts,15,2.6650,1.1636,3.0000
575,workers,0,-8.0078,8.0202,3.0000
575,workers,1,8.0009,8.0116,3.0000
575,workers,2,7.9299,-7.9171,3.0000
575,workers,3,-5.8593,-6.1447,3.0000
576,general,0,0.0000,0.0000,5.0000
576,nodes,0,-5.7533,-1.7380,3.0000
576,nodes,1,5.7522,-1.7418,3.0000
576,nodes,2,-2.6333,2.6338,3.0000
576,nodes,3,2.6340,2.6328,3.0000
576,scouts,0,-4.2448,-1.7749,3.0000
576,scouts,1,-5.7448,-0.2749,3.0000
576,scouts,2,-7.2448,-1.7749,3.0000
576,scouts,3,-5.7448,-3.2749,3.0000
576,scouts,4,7.2437,-1.7786,3.0000
576,scouts,5,5.7437,-0.2786,3.0000
576,scouts,6,4.2437,-1.7786,3.0000
576,scouts,7,5.7437,-3.2786,3.0000
576,scouts,8,-1.1601,2.6606,3.0000
576,scouts,9,-2.6601,4.1606,3.0000
576,scouts,10,-4.1601,2.6606,3.0000
576,scouts,11,-2.6601,1.1606,3.0000
576,scouts,12,4.1609,2.6595,3.0000
576,scouts,13,2.6609,4.1595,3.0000
576,scouts,14,1.1609,2.6595,3.0000
576,scouts,15,2.6609,1.1595,3.0000
576,workers,0,-8.0078,8.0202,3.0000
576,workers,1,8.0009,8.0116,3.0000
576,workers,2,7.9382,-7.9270,3.0000
576,workers,3,-5.8845,-6.1666,3.0000
577,general,0,0.0000,0.0000,5.0000
577,nodes,0,-5.7547,-1.7324,3.0000
577,nodes,1,5.7534,-1.7361,3.0000
577,nodes,2,-2.6293,2.6296,3.0000
577,nodes,3,2.6299,2.6286,3.0000
577,scouts,0,-4.2461,-1.7692,3.0000
577,scouts,1,-5.7461,-0.2692,3.0000
577,scouts,2,-7.2461,-1.7692,3.0000
577,scouts,3,-5.7461,-3.2692,3.0000
577,scouts,4,7.2450,-1.7729,3.0000
577,scouts,5,5.7450,-0.2729,3.0000
577,scouts,6,4.2450,-1.7729,3.0000
577,scouts,7,5.7450,-3.2729,3.0000
577,scouts,8,-1.1560,2.6564,3.0000
577,scouts,9,-2.6560,4.1564,3.0000
577,scouts,10,-4.1560,2.6564,3.0000
577,scouts,11,-2.6560,1.1564,3.0000
577,scouts,12,4.1567,2.6554,3.0000
577,scouts,13,2.6567,4.1554,3.0000
577,scouts,14,1.1567,2.6554,3.0000
577,scouts,15,2.6567,1.1554,3.0000
577,workers,0,-8.0078,8.0202,3.0000
577,workers,1,8.0009,8.0116,3.0000
577,workers,2,7.9457,-7.9359,3.0000
577,workers,3,-5.9097,-6.1884,3.0000
578,general,0,0.0000,0.0000,5.0000
578,nodes,0,-5.7560,-1.7268,3.0000
578,nodes,1,5.7548,-1.7305,3.0000
578,nodes,2,-2.6251,2.6256,3.0000
578,nodes,3,2.6257,2.6245,3.0000
578,scouts,0,-4.2475,-1.7636,3.0000
578,scouts,1,-5.7475,-0.2636,3.0000
578,scouts,2,-7.2475,-1.7636,3.0000
578,scouts,3,-5.7475,-3.2636,3.0000
578,scouts,4,7.2463,-1.7673,3.0000
578,scouts,5,5.7463,-0.2673,3.0000
578,scouts,6,4.2463,-1.7673,3.0000
578,scouts,7,5.7463,-3.2673,3.0000
578,scouts,8,-1.1519,2.6523,3.0000
578,scouts,9,-2.6519,4.1523,3.0000
578,scouts,10,-4.1519,2.6523,3.0000
578,scouts,11,-2.6519,1.1523,3.0000
578,scouts,12,4.1526,2.6513,3.0000
578,scouts,13,2.6526,4.1513,3.0000
578,scouts,14,1.1526,2.6513,3.0000
578,scouts,15,2.6526,1.1513,3.0000
578,workers,0,-8.0078,8.0202,3.0000
578,workers,1,8.0009,8.0116,3.0000
578,workers,2,7.9525,-7.9439,3.0000
578,workers,3,-5.9349,-6.2102,3.0000
579,general,0,0.0000,0.0000,5.0000
579,nodes,0,-5.7572,-1.7211,3.0000
579,nodes,1,5.7561,-1.7248,3.0000
579,nodes,2,-2.6210,2.6216,3.0000
579,nodes,3,2.6216,2.6204,3.0000
579,scouts,0,-4.2488,-1.7579,3.0000
579,scouts,1,-5.7488,-0.2579,3.0000
579,scouts,2,-7.2488,-1.7579,3.0000
579,scouts,3,-5.7488,-3.2579,3.0000
579,scouts,4,7.2476,-1.7616,3.0000
579,scouts,5,5.7476,-0.2616,3.0000
579,scouts,6,4.2476,-1.7616,3.0000
579,scouts,7,5.7476,-3.2616,3.0000
579,scouts,8,-1.1478,2.6482,3.0000
579,scouts,9,-2.6478,4.1482,3.0000
579,scouts,10,-4.1478,2.6482,3.0000
579,scouts,11,-2.6478,1.1482,3.0000
579,scouts,12,4.1485,2.6471,3.0000
579,scouts,13,2.6485,4.1471,3.0000
579,scouts,14,1.1485,2.6471,3.0000
579,scouts,15,2.6485,1.1471,3.0000
579,workers,0,-8.0078,8.0202,3.0000
579,workers,1,8.0009,8.0116,3.0000
579,workers,2,7.9586,-7.9511,3.0000
579,workers,3,-5.9601,-6.2321,3.0000
580,general,0,0.0000,0.0000,5.0000
580,nodes,0,-5.7585,-1.7154,3.0000
580,nodes,1,5.7574,-1.7191,3.0000
580,nodes,2,-2.6169,2.6176,3.0000
580,nodes,3,2.6174,2.6163,3.0000
580,scouts,0,-4.2501,-1.7522,3.0000
580,scouts,1,-5.7501,-0.2522,3.0000
580,scouts,2,-7.2501,-1.7522,3.0000
580,scouts,3,-5.7501,-3.2522,3.0000
580,scouts,4,7.2489,-1.7559,3.0000
580,scouts,5,5.7489,-0.2559,3.0000
580,scouts,6,4.2489,-1.7559,3.0000
580,scouts,7,5.7489,-3.2559,3.0000
580,scouts,8,-1.1436,2.6441,3.0000
580,scouts,9,-2.6436,4.1441,3.0000
580,scouts,10,-4.1436,2.6441,3.0000
580,scouts,11,-2.6436,1.1441,3.0000
580,scouts,12,4.1443,2.6430,3.0000
580,scouts,13,2.6443,4.1430,3.0000
580,scouts,14,1.1443,2.6430,3.0000
580,scouts,15,2.6443,1.1430,3.0000
580,workers,0,-8.0078,8.0202,3.0000
580,workers,1,8.0009,8.0116,3.0000
580,workers,2,7.9641,-7.9575,3.0000
580,workers,3,-5.9853,-6.2539,3.0000
581,general,0,0.0000,0.0000,5.0000
581,nodes,0,-5.7598,-1.7097,3.0000
581,nodes,1,5.7587,-1.7134,3.0000
581,nodes,2,-2.6128,2.6133,3.0000
581,nodes,3,2.6133,2.6121,3.0000
581,scouts,0,-4.2514,-1.7466,3.0000
581,scouts,1,-5.7514,-0.2466,3.0000
581,scouts,2,-7.2514,-1.7466,3.0000
581,scouts,3,-5.7514,-3.2466,3.0000
581,scouts,4,7.2502,-1.7503,3.0000
581,scouts,5,5.7502,-0.2503,3.0000
581,scouts,6,4.2502,-1.7503,3.0000
581,scouts,7,5.7502,-3.2503,3.0000
581,scouts,8,-1.1395,2.6400,3.0000
581,scouts,9,-2.6395,4.1400,3.0000
581,scouts,10,-4.1395,2.6400,3.0000
581,scouts,11,-2.6395,1.1400,3.0000
581,scouts,12,4.1402,2.6389,3.0000
581,scouts,13,2.6402,4.1389,3.0000
581,scouts,14,1.1402,2.6389,3.0000
581,scouts,15,2.6402,1.1389,3.0000
581,workers,0,-8.0078,8.0202,3.0000
581,workers,1,8.0009,8.0116,3.0000
581,workers,2,7.9690,-7.9633,3.0000
581,workers,3,-6.0104,-6.2757,3.0000
582,general,0,0.0000,0.0000,5.0000
582,nodes,0,-5.7611,-1.7041,3.0000
582,nodes,1,5.7600,-1.7077,3.0000
582,nodes,2,-2.6086,2.6092,3.0000
582,nodes,3,2.6091,2.6080,3.0000
582,scouts,0,-4.2527,-1.7409,3.0000
582,scouts,1,-5.7527,-0.2409,3.0000
582,scouts,2,-7.2527,-1.7409,3.0000
582,scouts,3,-5.7527,-3.2409,3.0000
582,scouts,4,7.2515,-1.7446,3.0000
582,scouts,5,5.7515,-0.2446,3.0000
582,scouts,6,4.2515,-1.7446,3.0000
582,scouts,7,5.7515,-3.2446,3.0000
582,scouts,8,-1.1354,2.6359,3.0000
582,scouts,9,-2.6354,4.1359,3.0000
582,scouts,10,-4.1354,2.6359,3.0000
582,scouts,11,-2.6354,1.1359,3.0000
582,scouts,12,4.1361,2.6348,3.0000
582,scouts,13,2.6361,4.1348,3.0000
582,scouts,14,1.1361,2.6348,3.0000
582,scouts,15,2.6361,1.1348,3.0000
582,workers,0,-8.0078,8.0202,3.0000
582,workers,1,8.0009,8.0116,3.0000
582,workers,2,7.9734,-7.9686,3.0000
582,workers,3,-6.0356,-6.2976,3.0000
583,general,0,0.0000,0.0000,5.0000
583,nodes,0,-5.7624,-1.6984,3.0000
583,nodes,1,5.7614,-1.7021,3.0000
583,nodes,2,-2.6044,2.6050,3.0000
583,nodes,3,2.6050,2.6040,3.0000
583,scouts,0,-4.2540,-1.7352,3.0000
583,scouts,1,-5.7540,-0.2352,3.0000
583,scouts,2,-7.2540,-1.7352,3.0000
583,scouts,3,-5.7540,-3.2352,3.0000
583,scouts,4,7.2528,-1.7389,3.0000
583,scouts,5,5.7528,-0.2389,3.0000
583,scouts,6,4.2528,-1.7389,3.0000
583,scouts,7,5.7528,-3.2389,3.0000
583,scouts,8,-1.1313,2.6318,3.0000
583,scouts,9,-2.6313,4.1318,3.0000
583,scouts,10,-4.1313,2.6318,3.0000
583,scouts,11,-2.6313,1.1318,3.0000
583,scouts,12,4.1319,2.6307,3.0000
583,scouts,13,2.6319,4.1307,3.0000
583,scouts,14,1.1319,2.6307,3.0000
583,scouts,15,2.6319,1.1307,3.0000
583,workers,0,-8.0078,8.0202,3.0000
583,workers,1,8.0009,8.0116,3.0000
583,workers,2,7.9774,-7.9733,3.0000
583,workers,3,-6.0608,-6.3194,3.0000
584,general,0,0.0000,0.0000,5.0000
584,nodes,0,-5.7638,-1.6926,3.0000
584,nodes,1,5.7628,-1.6964,3.0000
584,nodes,2,-2.6003,2.6009,3.0000
584,nodes,3,2.6008,2.5999,3.0000
584,scouts,0,-4.2553,-1.7296,3.0000
584,scouts,1,-5.7553,-0.2296,3.0000
584,scouts,2,-7.2553,-1.7296,3.0000
584,scouts,3,-5.7553,-3.2296,3.0000
584,scouts,4,7.2542,-1.7333,3.0000
584,scouts,5,5.7542,-0.2333,3.0000
584,scouts,6,4.2542,-1.7333,3.0000
584,scouts,7,5.7542,-3.2333,3.0000
584,scouts,8,-1.1271,2.6277,3.0000
584,scouts,9,-2.6271,4.1277,3.0000
584,scouts,10,-4.1271,2.6277,3.0000
584,scouts,11,-2.6271,1.1277,3.0000
584,scouts,12,4.1278,2.6266,3.0000
584,scouts,13,2.6278,4.1266,3.0000
584,scouts,14,1.1278,2.6266,3.0000
584,scouts,15,2.6278,1.1266,3.0000
584,workers,0,-8.0078,8.0202,3.0000
584,workers,1,8.0009,8.0116,3.0000
584,workers,2,7.9810,-7.9775,3.0000
584,workers,3,-6.0860,-6.3412,3.0000
585,general,0,0.0000,0.0000,5.0000
585,nodes,0,-5.7651,-1.6869,3.0000
585,nodes,1,5.7641,-1.6908,3.0000
585,nodes,2,-2.5962,2.5968,3.0000
585,nodes,3,2.5968,2.5958,3.0000
585,scouts,0,-4.2566,-1.7239,3.0000
585,scouts,1,-5.7566,-0.2239,3.0000
585,scouts,2,-7.2566,-1.7239,3.0000
585,scouts,3,-5.7566,-3.2239,3.0000
585,scouts,4,7.2555,-1.7276,3.0000
585,scouts,5,5.7555,-0.2276,3.0000
585,scouts,6,4.2555,-1.7276,3.0000
585,scouts,7,5.7555,-3.2276,3.0000
585,scouts,8,-1.1230,2.6236,3.0000
585,scouts,9,-2.6230,4.1236,3.0000
585,scouts,10,-4.1230,2.6236,3.0000
585,scouts,11,-2.6230,1.1236,3.0000
585,scouts,12,4.1236,2.6225,3.0000
585,scouts,13,2.6236,4.1225,3.0000
585,scouts,14,1.1236,2.6225,3.0000
585,scouts,15,2.6236,1.1225,3.0000
585,workers,0,-8.0078,8.0202,3.0000
585,workers,1,8.0009,8.0116,3.0000
585,workers,2,7.9842,-7.9814,3.0000
585,workers,3,-6.1112,-6.3630,3.0000
586,general,0,0.0000,0.0000,5.0000
586,nodes,0,-5.7665,-1.6812,3.0000
586,nodes,1,5.7653,-1.6851,3.0000
586,nodes,2,-2.5920,2.5927,3.0000
586,nodes,3,2.5926,2.5917,3.0000
586,scouts,0,-4.2579,-1.7182,3.0000
586,scouts,1,-5.7579,-0.2182,3.0000
586,scouts,2,-7.2579,-1.7182,3.0000
586,scouts,3,-5.7579,-3.2182,3.0000
586,scouts,4,7.2568,-1.7219,3.0000
586,scouts,5,5.7568,-0.2219,3.0000
586,scouts,6,4.2568,-1.7219,3.0000
586,scouts,7,5.7568,-3.2219,3.0000
586,scouts,8,-1.1189,2.6195,3.0000
586,scouts,9,-2.6189,4.1195,3.0000
586,scouts,10,-4.1189,2.6195,3.0000
586,scouts,11,-2.6189,1.1195,3.0000
586,scouts,12,4.1195,2.6184,3.0000
586,scouts,13,2.6195,4.1184,3.0000
586,scouts,14,1.1195,2.6184,3.0000
586,scouts,15,2.6195,1.1184,3.0000
586,workers,0,-8.0078,8.0202,3.0000
586,workers,1,8.0009,8.0116,3.0000
586,workers,2,7.9871,-7.9848,3.0000
586,workers,3,-6.1364,-6.3849,3.0000
587,general,0,0.0000,0.0000,5.0000
587,nodes,0,-5.7677,-1.6755,3.0000
587,nodes,1,5.7666,-1.6794,3.0000
587,nodes,2,-2.5878,2.5886,3.0000
587,nodes,3,2.5885,2.5876,3.0000
587,scouts,0,-4.2592,-1.7125,3.0000
587,scouts,1,-5.7592,-0.2125,3.0000
587,scouts,2,-7.2592,-1.7125,3.0000
587,scouts,3,-5.7592,-3.2125,3.0000
587,scouts,4,7.2581,-1.7163,3.0000
587,scouts,5,5.7581,-0.2163,3.0000
587,scouts,6,4.2581,-1.7163,3.0000
587,scouts,7,5.7581,-3.2163,3.0000
587,scouts,8,-1.1147,2.6153,3.0000
587,scouts,9,-2.6147,4.1153,3.0000
587,scouts,10,-4.1147,2.6153,3.0000
587,scouts,11,-2.6147,1.1153,3.0000
587,scouts,12,4.1154,2.6143,3.0000
587,scouts,13,2.6154,4.1143,3.0000
587,scouts,14,1.1154,2.6143,3.0000
587,scouts,15,2.6154,1.1143,3.0000
587,workers,0,-8.0078,8.0202,3.0000
587,workers,1,8.0009,8.0116,3.0000
587,workers,2,7.9898,-7.9879,3.0000
587,workers,3,-6.1616,-6.4067,3.0000
588,general,0,0.0000,0.0000,5.0000
588,nodes,0,-5.7691,-1.6698,3.0000
588,nodes,1,5.7679,-1.6737,3.0000
588,nodes,2,-2.5836,2.5845,3.0000
588,nodes,3,2.5844,2.5835,3.0000
588,scouts,0,-4.2605,-1.7068,3.0000
588,scouts,1,-5.7605,-0.2068,3.0000
588,scouts,2,-7.2605,-1.7068,3.0000
588,scouts,3,-5.7605,-3.2068,3.0000
588,scouts,4,7.2594,-1.7106,3.0000
588,scouts,5,5.7594,-0.2106,3.0000
588,scouts,6,4.2594,-1.7106,3.0000
588,scouts,7,5.7594,-3.2106,3.0000
588,scouts,8,-1.1106,2.6112,3.0000
588,scouts,9,-2.6106,4.1112,3.0000
588,scouts,10,-4.1106,2.6112,3.0000
588,scouts,11,-2.6106,1.1112,3.0000
588,scouts,12,4.1112,2.6102,3.0000
588,scouts,13,2.6112,4.1102,3.0000
588,scouts,14,1.1112,2.6102,3.0000
588,scouts,15,2.6112,1.1102,3.0000
588,workers,0,-8.0078,8.0202,3.0000
588,workers,1,8.0009,8.0116,3.0000
588,workers,2,7.9921,-7.9907,3.0000
588,workers,3,-6.1868,-6.4285,3.0000
589,general,0,0.0000,0.0000,5.0000
589,nodes,0,-5.7704,-1.6640,3.0000
589,nodes,1,5.7692,-1.6680,3.0000
589,nodes,2,-2.5795,2.5803,3.0000
589,nodes,3,2.5803,2.5794,3.0000
589,scouts,0,-4.2618,-1.7011,3.0000
589,scouts,1,-5.7618,-0.2011,3.0000
589,scouts,2,-7.2618,-1.7011,3.0000
589,scouts,3,-5.7618,-3.2011,3.0000
589,scouts,4,7.2607,-1.7049,3.0000
589,scouts,5,5.7607,-0.2049,3.0000
589,scouts,6,4.2607,-1.7049,3.0000
589,scouts,7,5.7607,-3.2049,3.0000
589,scouts,8,-1.1065,2.6071,3.0000
589,scouts,9,-2.6065,4.1071,3.0000
589,scouts,10,-4.1065,2.6071,3.0000
589,scouts,11,-2.6065,1.1071,3.0000
589,scouts,12,4.1071,2.6061,3.0000
589,scouts,13,2.6071,4.1061,3.0000
589,scouts,14,1.1071,2.6061,3.0000
589,scouts,15,2.6071,1.1061,3.0000
589,workers,0,-8.0078,8.0202,3.0000
589,workers,1,8.0009,8.0116,3.0000
589,workers,2,7.9942,-7.9932,3.0000
589,workers,3,-6.2120,-6.4504,3.0000
590,general,0,0.0000,0.0000,5.0000
590,nodes,0,-5.7718,-1.6583,3.0000
590,nodes,1,5.7704,-1.6624,3.0000
590,nodes,2,-2.5754,2.5761,3.0000
590,nodes,3,2.5762,2.5753,3.0000
590,scouts,0,-4.2632,-1.6954,3.0000
590,scouts,1,-5.7632,-0.1954,3.0000
590,scouts,2,-7.2632,-1.6954,3.0000
590,scouts,3,-5.7632,-3.1954,3.0000
590,scouts,4,7.2620,-1.6992,3.0000
590,scouts,5,5.7620,-0.1992,3.0000
590,scouts,6,4.2620,-1.6992,3.0000
590,scouts,7,5.7620,-3.1992,3.0000
590,scouts,8,-1.1023,2.6030,3.0000
590,scouts,9,-2.6023,4.1030,3.0000
590,scouts,10,-4.1023,2.6030,3.0000
590,scouts,11,-2.6023,1.1030,3.0000
590,scouts,12,4.1030,2.6019,3.0000
590,scouts,13,2.6030,4.1019,3.0000
590,scouts,14,1.1030,2.6019,3.0000
590,scouts,15,2.6030,1.1019,3.0000
590,workers,0,-8.0078,8.0202,3.0000
590,workers,1,8.0009,8.0116,3.0000
590,workers,2,7.9961,-7.9954,3.0000
590,workers,3,-6.2372,-6.4722,3.0000
591,general,0,0.0000,0.0000,5.0000
591,nodes,0,-5.7731,-1.6526,3.0000
591,nodes,1,5.7718,-1.6567,3.0000
591,nodes,2,-2.5713,2.5720,3.0000
591,nodes,3,2.5721,2.5712,3.0000
591,scouts,0,-4.2645,-1.6897,3.0000
591,scouts,1,-5.7645,-0.1897,3.0000
591,scouts,2,-7.2645,-1.6897,3.0000
591,scouts,3,-5.7645,-3.1897,3.0000
591,scouts,4,7.2633,-1.6936,3.0000
591,scouts,5,5.7633,-0.1936,3.0000
591,scouts,6,4.2633,-1.6936,3.0000
591,scouts,7,5.7633,-3.1936,3.0000
591,scouts,8,-1.0982,2.5988,3.0000
591,scouts,9,-2.5982,4.0988,3.0000
591,scouts,10,-4.0982,2.5988,3.0000
591,scouts,11,-2.5982,1.0988,3.0000
591,scouts,12,4.0989,2.5979,3.0000
591,scouts,13,2.5989,4.0979,3.0000
591,scouts,14,1.0989,2.5979,3.0000
591,scouts,15,2.5989,1.0979,3.0000
591,workers,0,-8.0078,8.0202,3.0000
591,workers,1,8.0009,8.0116,3.0000
591,workers,2,7.9979,-7.9975,3.0000
591,workers,3,-6.2623,-6.4940,3.0000
592,general,0,0.0000,0.0000,5.0000
592,nodes,0,-5.7744,-1.6468,3.0000
592,nodes,1,5.7731,-1.6511,3.0000
592,nodes,2,-2.5672,2.5679,3.0000
592,nodes,3,2.5680,2.5671,3.0000
592,scouts,0,-4.2658,-1.6840,3.0000
592,scouts,1,-5.7658,-0.1840,3.0000
592,scouts,2,-7.2658,-1.6840,3.0000
592,scouts,3,-5.7658,-3.1840,3.0000
592,scouts,4,7.2646,-1.6879,3.0000
592,scouts,5,5.7646,-0.1879,3.0000
592,scouts,6,4.2646,-1.6879,3.0000
592,scouts,7,5.7646,-3.1879,3.0000
592,scouts,8,-1.0940,2.5947,3.0000
592,scouts,9,-2.5940,4.0947,3.0000
592,scouts,10,-4.0940,2.5947,3.0000
592,scouts,11,-2.5940,1.0947,3.0000
592,scouts,12,4.0948,2.5938,3.0000
592,scouts,13,2.5948,4.0938,3.0000
592,scouts,14,1.0948,2.5938,3.0000
592,scouts,15,2.5948,1.0938,3.0000
592,workers,0,-8.0078,8.0202,3.0000
592,workers,1,8.0009,8.0116,3.0000
592,workers,2,7.9994,-7.9993,3.0000
592,workers,3,-6.2875,-6.5159,3.0000
593,general,0,0.0000,0.0000,5.0000
593,nodes,0,-5.7757,-1.6411,3.0000
593,nodes,1,5.7744,-1.6454,3.0000
593,nodes,2,-2.5630,2.5638,3.0000
593,nodes,3,2.5639,2.5630,3.0000
593,scouts,0,-4.2671,-1.6782,3.0000
593,scouts,1,-5.7671,-0.1782,3.0000
593,scouts,2,-7.2671,-1.6782,3.0000
593,scouts,3,-5.7671,-3.1782,3.0000
593,scouts,4,7.2659,-1.6822,3.0000
593,scouts,5,5.7659,-0.1822,3.0000
593,scouts,6,4.2659,-1.6822,3.0000
593,scouts,7,5.7659,-3.1822,3.0000
593,scouts,8,-1.0899,2.5906,3.0000
593,scouts,9,-2.5899,4.0906,3.0000
593,scouts,10,-4.0899,2.5906,3.0000
593,scouts,11,-2.5899,1.0906,3.0000
593,scouts,12,4.0906,2.5897,3.0000
593,scouts,13,2.5906,4.0897,3.0000
593,scouts,14,1.0906,2.5897,3.0000
593,scouts,15,2.5906,1.0897,3.0000
593,workers,0,-8.0078,8.0202,3.0000
593,workers,1,8.0009,8.0116,3.0000
593,workers,2,8.0008,-8.0009,3.0000
593,workers,3,-6.3127,-6.5377,3.0000
594,general,0,0.0000,0.0000,5.0000
594,nodes,0,-5.7771,-1.6354,3.0000
594,nodes,1,5.7757,-1.6397,3.0000
594,nodes,2,-2.5590,2.5597,3.0000
594,nodes,3,2.5597,2.5589,3.0000
594,scouts,0,-4.2685,-1.6725,3.0000
594,scouts,1,-5.7685,-0.1725,3.0000
594,scouts,2,-7.2685,-1.6725,3.0000
594,scouts,3,-5.7685,-3.1725,3.0000
594,scouts,4,7.2672,-1.6766,3.0000
594,scouts,5,5.7672,-0.1766,3.0000
594,scouts,6,4.2672,-1.6766,3.0000
594,scouts,7,5.7672,-3.1766,3.0000
594,scouts,8,-1.0858,2.5865,3.0000
594,scouts,9,-2.5858,4.0865,3.0000
594,scouts,10,-4.0858,2.5865,3.0000
594,scouts,11,-2.5858,1.0865,3.0000
594,scouts,12,4.0865,2.5856,3.0000
594,scouts,13,2.5865,4.0856,3.0000
594,scouts,14,1.0865,2.5856,3.0000
594,scouts,15,2.5865,1.0856,3.0000
594,workers,0,-8.0078,8.0202,3.0000
594,workers,1,8.0009,8.0116,3.0000
594,workers,2,8.0020,-8.0024,3.0000
594,workers,3,-6.3379,-6.5595,3.0000
595,general,0,0.0000,0.0000,5.0000
595,nodes,0,-5.7784,-1.6299,3.0000
595,nodes,1,5.7771,-1.6340,3.0000
595,nodes,2,-2.5548,2.5556,3.0000
595,nodes,3,2.5555,2.5547,3.0000
595,scouts,0,-4.2698,-1.6669,3.0000
595,scouts,1,-5.7698,-0.1669,3.0000
595,scouts,2,-7.2698,-1.6669,3.0000
595,scouts,3,-5.7698,-3.1669,3.0000
595,scouts,4,7.2686,-1.6709,3.0000
595,scouts,5,5.7686,-0.1709,3.0000
595,scouts,6,4.2686,-1.6709,3.0000
595,scouts,7,5.7686,-3.1709,3.0000
595,scouts,8,-1.0817,2.5823,3.0000
595,scouts,9,-2.5817,4.0823,3.0000
595,scouts,10,-4.0817,2.5823,3.0000
595,scouts,11,-2.5817,1.0823,3.0000
595,scouts,12,4.0824,2.5814,3.0000
595,scouts,13,2.5824,4.0814,3.0000
595,scouts,14,1.0824,2.5814,3.0000
595,scouts,15,2.5824,1.0814,3.0000
595,workers,0,-8.0078,8.0202,3.0000
595,workers,1,8.0009,8.0116,3.0000
595,workers,2,8.0032,-8.0037,3.0000
595,workers,3,-6.3631,-6.5814,3.0000
596,general,0,0.0000,0.0000,5.0000
596,nodes,0,-5.7798,-1.6241,3.0000
596,nodes,1,5.7784,-1.6284,3.0000
596,nodes,2,-2.5506,2.5515,3.0000
596,nodes,3,2.5513,2.5506,3.0000
596,scouts,0,-4.2711,-1.6612,3.0000
596,scouts,1,-5.7711,-0.1612,3.0000
596,scouts,2,-7.2711,-1.6612,3.0000
596,scouts,3,-5.7711,-3.1612,3.0000
596,scouts,4,7.2699,-1.6652,3.0000
596,scouts,5,5.7699,-0.1652,3.0000
596,scouts,6,4.2699,-1.6652,3.0000
596,scouts,7,5.7699,-3.1652,3.0000
596,scouts,8,-1.0775,2.5782,3.0000
596,scouts,9,-2.5775,4.0782,3.0000
596,scouts,10,-4.0775,2.5782,3.0000
596,scouts,11,-2.5775,1.0782,3.0000
596,scouts,12,4.0782,2.5773,3.0000
596,scouts,13,2.5782,4.0773,3.0000
596,scouts,14,1.0782,2.5773,3.0000
596,scouts,15,2.5782,1.0773,3.0000
596,workers,0,-8.0078,8.0202,3.0000
596,workers,1,8.0009,8.0116,3.0000
596,workers,2,8.0042,-8.0049,3.0000
596,workers,3,-6.3883,-6.6032,3.0000
597,general,0,0.0000,0.0000,5.0000
597,nodes,0,-5.7811,-1.6184,3.0000
597,nodes,1,5.7798,-1.6227,3.0000
597,nodes,2,-2.5465,2.5475,3.0000
597,nodes,3,2.5472,2.5465,3.0000
597,scouts,0,-4.2725,-1.6555,3.0000
597,scouts,1,-5.7725,-0.1555,3.0000
597,scouts,2,-7.2725,-1.6555,3.0000
597,scouts,3,-5.7725,-3.1555,3.0000
597,scouts,4,7.2712,-1.6596,3.0000
597,scouts,5,5.7712,-0.1596,3.0000
597,scouts,6,4.2712,-1.6596,3.0000
597,scouts,7,5.7712,-3.1596,3.0000
597,scouts,8,-1.0734,2.5741,3.0000
597,scouts,9,-2.5734,4.0741,3.0000
597,scouts,10,-4.0734,2.5741,3.0000
597,scouts,11,-2.5734,1.0741,3.0000
597,scouts,12,4.0741,2.5732,3.0000
597,scouts,13,2.5741,4.0732,3.0000
597,scouts,14,1.0741,2.5732,3.0000
597,scouts,15,2.5741,1.0732,3.0000
597,workers,0,-8.0078,8.0202,3.0000
597,workers,1,8.0009,8.0116,3.0000
597,workers,2,8.0051,-8.0060,3.0000
597,workers,3,-6.4135,-6.6250,3.0000
598,general,0,0.0000,0.0000,5.0000
598,nodes,0,-5.7825,-1.6127,3.0000
598,nodes,1,5.7812,-1.6171,3.0000
598,nodes,2,-2.5424,2.5434,3.0000
598,nodes,3,2.5430,2.5425,3.0000
598,scouts,0,-4.2738,-1.6498,3.0000
598,scouts,1,-5.7738,-0.1498,3.0000
598,scouts,2,-7.2738,-1.6498,3.0000
598,scouts,3,-5.7738,-3.1498,3.0000
598,scouts,4,7.2725,-1.6539,3.0000
598,scouts,5,5.7725,-0.1539,3.0000
598,scouts,6,4.2725,-1.6539,3.0000
598,scouts,7,5.7725,-3.1539,3.0000
598,scouts,8,-1.0693,2.5700,3.0000
598,scouts,9,-2.5693,4.0700,3.0000
598,scouts,10,-4.0693,2.5700,3.0000
598,scouts,11,-2.5693,1.0700,3.0000
598,scouts,12,4.0700,2.5691,3.0000
598,scouts,13,2.5700,4.0691,3.0000
598,scouts,14,1.0700,2.5691,3.0000
598,scouts,15,2.5700,1.0691,3.0000
598,workers,0,-8.0078,8.0202,3.0000
598,workers,1,8.0009,8.0116,3.0000
598,workers,2,8.0059,-8.0070,3.0000
598,workers,3,-6.4387,-6.6468,3.0000
599,general,0,0.0000,0.0000,5.0000
599,nodes,0,-5.7839,-1.6071,3.0000
599,nodes,1,5.7826,-1.6114,3.0000
599,nodes,2,-2.5383,2.5393,3.0000
599,nodes,3,2.5389,2.5383,3.0000
599,scouts,0,-4.2751,-1.6441,3.0000
599,scouts,1,-5.7751,-0.1441,3.0000
599,scouts,2,-7.2751,-1.6441,3.0000
599,scouts,3,-5.7751,-3.1441,3.0000
599,scouts,4,7.2739,-1.6482,3.0000
599,scouts,5,5.7739,-0.1482,3.0000
599,scouts,6,4.2739,-1.6482,3.0000
599,scouts,7,5.7739,-3.1482,3.0000
599,scouts,8,-1.0651,2.5659,3.0000
599,scouts,9,-2.5651,4.0659,3.0000
599,scouts,10,-4.0651,2.5659,3.0000
599,scouts,11,-2.5651,1.0659,3.0000
599,scouts,12,4.0658,2.5650,3.0000
599,scouts,13,2.5658,4.0650,3.0000
599,scouts,14,1.0658,2.5650,3.0000
599,scouts,15,2.5658,1.0650,3.0000
599,workers,0,-8.0078,8.0202,3.0000
599,workers,1,8.0009,8.0116,3.0000
599,workers,2,8.0067,-8.0079,3.0000
599,workers,3,-6.4639,-6.6687,3.0000
600,general,0,0.0000,0.0000,5.0000
600,nodes,0,-5.7850,-1.6025,3.0000
600,nodes,1,5.7837,-1.6068,3.0000
600,nodes,2,-2.5350,2.5360,3.0000
600,nodes,3,2.5356,2.5350,3.0000
600,scouts,0,-4.2765,-1.6385,3.0000
600,scouts,1,-5.7765,-0.1385,3.0000
600,scouts,2,-7.2765,-1.6385,3.0000
600,scouts,3,-5.7765,-3.1385,3.0000
600,scouts,4,7.2752,-1.6427,3.0000
600,scouts,5,5.7752,-0.1427,3.0000
600,scouts,6,4.2752,-1.6427,3.0000
600,scouts,7,5.7752,-3.1427,3.0000
600,scouts,8,-1.0611,2.5619,3.0000
600,scouts,9,-2.5611,4.0619,3.0000
600,scouts,10,-4.0611,2.5619,3.0000
600,scouts,11,-2.5611,1.0619,3.0000
600,scouts,12,4.0618,2.5610,3.0000
600,scouts,13,2.5618,4.0610,3.0000
600,scouts,14,1.0618,2.5610,3.0000
600,scouts,15,2.5618,1.0610,3.0000
600,workers,0,-8.0078,8.0202,3.0000
600,workers,1,8.0009,8.0116,3.0000
600,workers,2,8.0073,-8.0087,3.0000
600,workers,3,-6.4890,-6.6905,3.0000
601,general,0,0.0000,0.0000,5.0000
601,nodes,0,-5.7860,-1.5987,3.0000
601,nodes,1,5.7846,-1.6030,3.0000
601,nodes,2,-2.5323,2.5332,3.0000
601,nodes,3,2.5328,2.5323,3.0000
601,scouts,0,-4.2777,-1.6332,3.0000
601,scouts,1,-5.7777,-0.1332,3.0000
601,scouts,2,-7.2777,-1.6332,3.0000
601,scouts,3,-5.7777,-3.1332,3.0000
601,scouts,4,7.2764,-1.6374,3.0000
601,scouts,5,5.7764,-0.1374,3.0000
601,scouts,6,4.2764,-1.6374,3.0000
601,scouts,7,5.7764,-3.1374,3.0000
601,scouts,8,-1.0573,2.5581,3.0000
601,scouts,9,-2.5573,4.0581,3.0000
601,scouts,10,-4.0573,2.5581,3.0000
601,scouts,11,-2.5573,1.0581,3.0000
601,scouts,12,4.0579,2.5572,3.0000
601,scouts,13,2.5579,4.0572,3.0000
601,scouts,14,1.0579,2.5572,3.0000
601,scouts,15,2.5579,1.0572,3.0000
601,workers,0,-8.0078,8.0202,3.0000
601,workers,1,8.0009,8.0116,3.0000
601,workers,2,8.0077,-8.0091,3.0000
601,workers,3,-6.5142,-6.7123,3.0000
602,general,0,0.0000,0.0000,5.0000
602,nodes,0,-5.7868,-1.5954,3.0000
602,nodes,1,5.7854,-1.5997,3.0000
602,nodes,2,-2.5299,2.5308,3.0000
602,nodes,3,2.5304,2.5300,3.0000
602,scouts,0,-4.2789,-1.6282,3.0000
602,scouts,1,-5.7789,-0.1282,3.0000
602,scouts,2,-7.2789,-1.6282,3.0000
602,scouts,3,-5.7789,-3.1282,3.0000
602,scouts,4,7.2776,-1.6324,3.0000
602,scouts,5,5.7776,-0.1324,3.0000
602,scouts,6,4.2776,-1.6324,3.0000
602,scouts,7,5.7776,-3.1324,3.0000
602,scouts,8,-1.0536,2.5545,3.0000
602,scouts,9,-2.5536,4.0545,3.0000
602,scouts,10,-4.0536,2.5545,3.0000
602,scouts,11,-2.5536,1.0545,3.0000
602,scouts,12,4.0543,2.5536,3.0000
602,scouts,13,2.5543,4.0536,3.0000
602,scouts,14,1.0543,2.5536,3.0000
602,scouts,15,2.5543,1.0536,3.0000
602,workers,0,-8.0078,8.0202,3.0000
602,workers,1,8.0009,8.0116,3.0000
602,workers,2,8.0080,-8.0094,3.0000
602,workers,3,-6.5394,-6.7342,3.0000
603,general,0,0.0000,0.0000,5.0000
603,nodes,0,-5.7874,-1.5925,3.0000
603,nodes,1,5.7861,-1.5967,3.0000
603,nodes,2,-2.5278,2.5287,3.0000
603,nodes,3,2.5283,2.5279,3.0000
603,scouts,0,-4.2801,-1.6234,3.0000
603,scouts,1,-5.7801,-0.1234,3.0000
603,scouts,2,-7.2801,-1.6234,3.0000
603,scouts,3,-5.7801,-3.1234,3.0000
603,scouts,4,7.2788,-1.6276,3.0000
603,scouts,5,5.7788,-0.1276,3.0000
603,scouts,6,4.2788,-1.6276,3.0000
603,scouts,7,5.7788,-3.1276,3.0000
603,scouts,8,-1.0502,2.5510,3.0000
603,scouts,9,-2.5502,4.0510,3.0000
603,scouts,10,-4.0502,2.5510,3.0000
603,scouts,11,-2.5502,1.0510,3.0000
603,scouts,12,4.0508,2.5501,3.0000
603,scouts,13,2.5508,4.0501,3.0000
603,scouts,14,1.0508,2.5501,3.0000
603,scouts,15,2.5508,1.0501,3.0000
603,workers,0,-8.0078,8.0202,3.0000
603,workers,1,8.0009,8.0116,3.0000
603,workers,2,8.0081,-8.0096,3.0000
603,workers,3,-6.5646,-6.7560,3.0000
604,general,0,0.0000,0.0000,5.0000
604,nodes,0,-5.7880,-1.5899,3.0000
604,nodes,1,5.7866,-1.5941,3.0000
604,nodes,2,-2.5260,2.5267,3.0000
604,nodes,3,2.5263,2.5260,3.0000
604,scouts,0,-4.2811,-1.6189,3.0000
604,scouts,1,-5.7811,-0.1189,3.0000
604,scouts,2,-7.2811,-1.6189,3.0000
604,scouts,3,-5.7811,-3.1189,3.0000
604,scouts,4,7.2798,-1.6232,3.0000
604,scouts,5,5.7798,-0.1232,3.0000
604,scouts,6,4.2798,-1.6232,3.0000
604,scouts,7,5.7798,-3.1232,3.0000
604,scouts,8,-1.0470,2.5478,3.0000
604,scouts,9,-2.5470,4.0478,3.0000
604,scouts,10,-4.0470,2.5478,3.0000
604,scouts,11,-2.5470,1.0478,3.0000
604,scouts,12,4.0475,2.5469,3.0000
604,scouts,13,2.5475,4.0469,3.0000
604,scouts,14,1.0475,2.5469,3.0000
604,scouts,15,2.5475,1.0469,3.0000
604,workers,0,-8.0078,8.0202,3.0000
604,workers,1,8.0009,8.0116,3.0000
604,workers,2,8.0082,-8.0097,3.0000
604,workers,3,-6.5898,-6.7778,3.0000
605,general,0,0.0000,0.0000,5.0000
605,nodes,0,-5.7885,-1.5875,3.0000
605,nodes,1,5.7871,-1.5917,3.0000
605,nodes,2,-2.5242,2.5249,3.0000
605,nodes,3,2.5246,2.5244,3.0000
605,scouts,0,-4.2821,-1.6147,3.0000
605,scouts,1,-5.7821,-0.1147,3.0000
605,scouts,2,-7.2821,-1.6147,3.0000
605,scouts,3,-5.7821,-3.1147,3.0000
605,scouts,4,7.2808,-1.6190,3.0000
605,scouts,5,5.7808,-0.1190,3.0000
605,scouts,6,4.2808,-1.6190,3.0000
605,scouts,7,5.7808,-3.1190,3.0000
605,scouts,8,-1.0439,2.5447,3.0000
605,scouts,9,-2.5439,4.0447,3.0000
605,scouts,10,-4.0439,2.5447,3.0000
605,scouts,11,-2.5439,1.0447,3.0000
605,scouts,12,4.0445,2.5439,3.0000
605,scouts,13,2.5445,4.0439,3.0000
605,scouts,14,1.0445,2.5439,3.0000
605,scouts,15,2.5445,1.0439,3.0000
605,workers,0,-8.0078,8.0202,3.0000
605,workers,1,8.0009,8.0116,3.0000
605,workers,2,8.0082,-8.0097,3.0000
605,workers,3,-6.6150,-6.7997,3.0000
606,general,0,0.0000,0.0000,5.0000
606,nodes,0,-5.7891,-1.5852,3.0000
606,nodes,1,5.7876,-1.5895,3.0000
606,nodes,2,-2.5226,2.5233,3.0000
606,nodes,3,2.5230,2.5228,3.0000
606,scouts,0,-4.2830,-1.6108,3.0000
606,scouts,1,-5.7830,-0.1108,3.0000
606,scouts,2,-7.2830,-1.6108,3.0000
606,scouts,3,-5.7830,-3.1108,3.0000
606,scouts,4,7.2817,-1.6150,3.0000
606,scouts,5,5.7817,-0.1150,3.0000
606,scouts,6,4.2817,-1.6150,3.0000
606,scouts,7,5.7817,-3.1150,3.0000
606,scouts,8,-1.0411,2.5419,3.0000
606,scouts,9,-2.5411,4.0419,3.0000
606,scouts,10,-4.0411,2.5419,3.0000
606,scouts,11,-2.5411,1.0419,3.0000
606,scouts,12,4.0416,2.5411,3.0000
606,scouts,13,2.5416,4.0411,3.0000
606,scouts,14,1.0416,2.5411,3.0000
606,scouts,15,2.5416,1.0411,3.0000
606,workers,0,-8.0078,8.0202,3.0000
606,workers,1,8.0009,8.0116,3.0000
606,workers,2,8.0083,-8.0098,3.0000
606,workers,3,-6.6402,-6.8215,3.0000
607,general,0,0.0000,0.0000,5.0000
607,nodes,0,-5.7896,-1.5832,3.0000
607,nodes,1,5.7881,-1.5874,3.0000
607,nodes,2,-2.5211,2.5217,3.0000
607,nodes,3,2.5215,2.5214,3.0000
607,scouts,0,-4.2839,-1.6071,3.0000
607,scouts,1,-5.7839,-0.1071,3.0000
607,scouts,2,-7.2839,-1.6071,3.0000
607,scouts,3,-5.7839,-3.1071,3.0000
607,scouts,4,7.2826,-1.6113,3.0000
607,scouts,5,5.7826,-0.1113,3.0000
607,scouts,6,4.2826,-1.6113,3.0000
607,scouts,7,5.7826,-3.1113,3.0000
607,scouts,8,-1.0384,2.5392,3.0000
607,scouts,9,-2.5384,4.0392,3.0000
607,scouts,10,-4.0384,2.5392,3.0000
607,scouts,11,-2.5384,1.0392,3.0000
607,scouts,12,4.0389,2.5385,3.0000
607,scouts,13,2.5389,4.0385,3.0000
607,scouts,14,1.0389,2.5385,3.0000
607,scouts,15,2.5389,1.0385,3.0000
607,workers,0,-8.0078,8.0202,3.0000
607,workers,1,8.0009,8.0116,3.0000
607,workers,2,8.0083,-8.0098,3.0000
607,workers,3,-6.6654,-6.8433,3.0000
608,general,0,0.0000,0.0000,5.0000
608,nodes,0,-5.7900,-1.5814,3.0000
608,nodes,1,5.7886,-1.5855,3.0000
608,nodes,2,-2.5198,2.5203,3.0000
608,nodes,3,2.5201,2.5200,3.0000
608,scouts,0,-4.2847,-1.6037,3.0000
608,scouts,1,-5.7847,-0.1037,3.0000
608,scouts,2,-7.2847,-1.6037,3.0000
608,scouts,3,-5.7847,-3.1037,3.0000
608,scouts,4,7.2834,-1.6079,3.0000
608,scouts,5,5.7834,-0.1079,3.0000
608,scouts,6,4.2834,-1.6079,3.0000
608,scouts,7,5.7834,-3.1079,3.0000
608,scouts,8,-1.0359,2.5367,3.0000
608,scouts,9,-2.5359,4.0367,3.0000
608,scouts,10,-4.0359,2.5367,3.0000
608,scouts,11,-2.5359,1.0367,3.0000
608,scouts,12,4.0364,2.5360,3.0000
608,scouts,13,2.5364,4.0360,3.0000
608,scouts,14,1.0364,2.5360,3.0000
608,scouts,15,2.5364,1.0360,3.0000
608,workers,0,-8.0078,8.0202,3.0000
608,workers,1,8.0009,8.0116,3.0000
608,workers,2,8.0083,-8.0098,3.0000
608,workers,3,-6.6906,-6.8652,3.0000
609,general,0,0.0000,0.0000,5.0000
609,nodes,0,-5.7903,-1.5797,3.0000
609,nodes,1,5.7890,-1.5837,3.0000
609,nodes,2,-2.5185,2.5190,3.0000
609,nodes,3,2.5187,2.5187,3.0000
609,scouts,0,-4.2855,-1.6005,3.0000
609,scouts,1,-5.7855,-0.1005,3.0000
609,scouts,2,-7.2855,-1.6005,3.0000
609,scouts,3,-5.7855,-3.1005,3.0000
609,scouts,4,7.2841,-1.6047,3.0000
609,scouts,5,5.7841,-0.1047,3.0000
609,scouts,6,4.2841,-1.6047,3.0000
609,scouts,7,5.7841,-3.1047,3.0000
609,scouts,8,-1.0336,2.5343,3.0000
609,scouts,9,-2.5336,4.0343,3.0000
609,scouts,10,-4.0336,2.5343,3.0000
609,scouts,11,-2.5336,1.0343,3.0000
609,scouts,12,4.0341,2.5337,3.0000
609,scouts,13,2.5341,4.0337,3.0000
609,scouts,14,1.0341,2.5337,3.0000
609,scouts,15,2.5341,1.0337,3.0000
609,workers,0,-8.0078,8.0202,3.0000
609,workers,1,8.0009,8.0116,3.0000
609,workers,2,8.0083,-8.0098,3.0000
609,workers,3,-6.7158,-6.8870,3.0000
610,general,0,0.0000,0.0000,5.0000
610,nodes,0,-5.7907,-1.5780,3.0000
610,nodes,1,5.7894,-1.5821,3.0000
610,nodes,2,-2.5173,2.5177,3.0000
610,nodes,3,2.5175,2.5175,3.0000
610,scouts,0,-4.2862,-1.5975,3.0000
610,scouts,1,-5.7862,-0.0975,3.0000
610,scouts,2,-7.2862,-1.5975,3.0000
610,scouts,3,-5.7862,-3.0975,3.0000
610,scouts,4,7.2848,-1.6017,3.0000
610,scouts,5,5.7848,-0.1017,3.0000
610,scouts,6,4.2848,-1.6017,3.0000
610,scouts,7,5.7848,-3.1017,3.0000
610,scouts,8,-1.0314,2.5321,3.0000
610,scouts,9,-2.5314,4.0321,3.0000
610,scouts,10,-4.0314,2.5321,3.0000
610,scouts,11,-2.5314,1.0321,3.0000
610,scouts,12,4.0318,2.5316,3.0000
610,scouts,13,2.5318,4.0316,3.0000
610,scouts,14,1.0318,2.5316,3.0000
610,scouts,15,2.5318,1.0316,3.0000
610,workers,0,-8.0078,8.0202,3.0000
610,workers,1,8.0009,8.0116,3.0000
610,workers,2,8.0083,-8.0098,3.0000
610,workers,3,-6.7409,-6.9088,3.0000
611,general,0,0.0000,0.0000,5.0000
611,nodes,0,-5.7910,-1.5765,3.0000
611,nodes,1,5.7898,-1.5805,3.0000
611,nodes,2,-2.5162,2.5166,3.0000
611,nodes,3,2.5163,2.5164,3.0000
611,scouts,0,-4.2868,-1.5947,3.0000
611,scouts,1,-5.7868,-0.0947,3.0000
611,scouts,2,-7.2868,-1.5947,3.0000
611,scouts,3,-5.7868,-3.0947,3.0000
611,scouts,4,7.2855,-1.5988,3.0000
611,scouts,5,5.7855,-0.0988,3.0000
611,scouts,6,4.2855,-1.5988,3.0000
611,scouts,7,5.7855,-3.0988,3.0000
611,scouts,8,-1.0294,2.5300,3.0000
611,scouts,9,-2.5294,4.0300,3.0000
611,scouts,10,-4.0294,2.5300,3.0000
611,scouts,11,-2.5294,1.0300,3.0000
611,scouts,12,4.0298,2.5295,3.0000
611,scouts,13,2.5298,4.0295,3.0000
611,scouts,14,1.0298,2.5295,3.0000
611,scouts,15,2.5298,1.0295,3.0000
611,workers,0,-8.0078,8.0202,3.0000
611,workers,1,8.0009,8.0116,3.0000
611,workers,2,8.0083,-8.0098,3.0000
611,workers,3,-6.7661,-6.9306,3.0000
612,general,0,0.0000,0.0000,5.0000
612,nodes,0,-5.7912,-1.5751,3.0000
612,nodes,1,5.7901,-1.5790,3.0000
612,nodes,2,-2.5151,2.5155,3.0000
612,nodes,3,2.5153,2.5154,3.0000
612,scouts,0,-4.2874,-1.5921,3.0000
612,scouts,1,-5.7874,-0.0921,3.0000
612,scouts,2,-7.2874,-1.5921,3.0000
612,scouts,3,-5.7874,-3.0921,3.0000
612,scouts,4,7.2861,-1.5962,3.0000
612,scouts,5,5.7861,-0.0962,3.0000
612,scouts,6,4.2861,-1.5962,3.0000
612,scouts,7,5.7861,-3.0962,3.0000
612,scouts,8,-1.0275,2.5281,3.0000
612,scouts,9,-2.5275,4.0281,3.0000
612,scouts,10,-4.0275,2.5281,3.0000
612,scouts,11,-2.5275,1.0281,3.0000
612,scouts,12,4.0278,2.5277,3.0000
612,scouts,13,2.5278,4.0277,3.0000
612,scouts,14,1.0278,2.5277,3.0000
612,scouts,15,2.5278,1.0277,3.0000
612,workers,0,-8.0078,8.0202,3.0000
612,workers,1,8.0009,8.0116,3.0000
612,workers,2,8.0083,-8.0098,3.0000
612,workers,3,-6.7913,-6.9525,3.0000
613,general,0,0.0000,0.0000,5.0000
613,nodes,0,-5.7915,-1.5739,3.0000
613,nodes,1,5.7904,-1.5776,3.0000
613,nodes,2,-2.5142,2.5145,3.0000
613,nodes,3,2.5143,2.5144,3.0000
613,scouts,0,-4.2879,-1.5897,3.0000
613,scouts,1,-5.7879,-0.0897,3.0000
613,scouts,2,-7.2879,-1.5897,3.0000
613,scouts,3,-5.7879,-3.0897,3.0000
613,scouts,4,7.2867,-1.5937,3.0000
613,scouts,5,5.7867,-0.0937,3.0000
613,scouts,6,4.2867,-1.5937,3.0000
613,scouts,7,5.7867,-3.0937,3.0000
613,scouts,8,-1.0257,2.5263,3.0000
613,scouts,9,-2.5257,4.0263,3.0000
613,scouts,10,-4.0257,2.5263,3.0000
613,scouts,11,-2.5257,1.0263,3.0000
613,scouts,12,4.0260,2.5259,3.0000
613,scouts,13,2.5260,4.0259,3.0000
613,scouts,14,1.0260,2.5259,3.0000
613,scouts,15,2.5260,1.0259,3.0000
613,workers,0,-8.0078,8.0202,3.0000
613,workers,1,8.0009,8.0116,3.0000
613,workers,2,8.0083,-8.0098,3.0000
613,workers,3,-6.8165,-6.9743,3.0000
614,general,0,0.0000,0.0000,5.0000
614,nodes,0,-5.7917,-1.5727,3.0000
614,nodes,1,5.7907,-1.5763,3.0000
614,nodes,2,-2.5133,2.5135,3.0000
614,nodes,3,2.5134,2.5135,3.0000
614,scouts,0,-4.2884,-1.5874,3.0000
614,scouts,1,-5.7884,-0.0874,3.0000
614,scouts,2,-7.2884,-1.5874,3.0000
614,scouts,3,-5.7884,-3.0874,3.0000
614,scouts,4,7.2872,-1.5914,3.0000
614,scouts,5,5.7872,-0.0914,3.0000
614,scouts,6,4.2872,-1.5914,3.0000
614,scouts,7,5.7872,-3.0914,3.0000
614,scouts,8,-1.0241,2.5246,3.0000
614,scouts,9,-2.5241,4.0246,3.0000
614,scouts,10,-4.0241,2.5246,3.0000
614,scouts,11,-2.5241,1.0246,3.0000
614,scouts,12,4.0244,2.5242,3.0000
614,scouts,13,2.5244,4.0242,3.0000
614,scouts,14,1.0244,2.5242,3.0000
614,scouts,15,2.5244,1.0242,3.0000
614,workers,0,-8.0078,8.0202,3.0000
614,workers,1,8.0009,8.0116,3.0000
614,workers,2,8.0083,-8.0098,3.0000
614,workers,3,-6.8417,-6.9961,3.0000
615,general,0,0.0000,0.0000,5.0000
615,nodes,0,-5.7920,-1.5716,3.0000
615,nodes,1,5.7909,-1.5752,3.0000
615,nodes,2,-2.5124,2.5127,3.0000
615,nodes,3,2.5126,2.5127,3.0000
615,scouts,0,-4.2889,-1.5853,3.0000
615,scouts,1,-5.7889,-0.0853,3.0000
615,scouts,2,-7.2889,-1.5853,3.0000
615,scouts,3,-5.7889,-3.0853,3.0000
615,scouts,4,7.2877,-1.5892,3.0000
615,scouts,5,5.7877,-0.0892,3.0000
615,scouts,6,4.2877,-1.5892,3.0000
615,scouts,7,5.7877,-3.0892,3.0000
615,scouts,8,-1.0225,2.5230,3.0000
615,scouts,9,-2.5225,4.0230,3.0000
615,scouts,10,-4.0225,2.5230,3.0000
615,scouts,11,-2.5225,1.0230,3.0000
615,scouts,12,4.0228,2.5227,3.0000
615,scouts,13,2.5228,4.0227,3.0000
615,scouts,14,1.0228,2.5227,3.0000
615,scouts,15,2.5228,1.0227,3.0000
615,workers,0,-8.0078,8.0202,3.0000
615,workers,1,8.0009,8.0116,3.0000
615,workers,2,8.0083,-8.0098,3.0000
615,workers,3,-6.8669,-7.0180,3.0000
616,general,0,0.0000,0.0000,5.0000
616,nodes,0,-5.7922,-1.5706,3.0000
616,nodes,1,5.7912,-1.5741,3.0000
616,nodes,2,-2.5116,2.5119,3.0000
616,nodes,3,2.5119,2.5119,3.0000
616,scouts,0,-4.2893,-1.5833,3.0000
616,scouts,1,-5.7893,-0.0833,3.0000
616,scouts,2,-7.2893,-1.5833,3.0000
616,scouts,3,-5.7893,-3.0833,3.0000
616,scouts,4,7.2882,-1.5872,3.0000
616,scouts,5,5.7882,-0.0872,3.0000
616,scouts,6,4.2882,-1.5872,3.0000
616,scouts,7,5.7882,-3.0872,3.0000
616,scouts,8,-1.0211,2.5215,3.0000
616,scouts,9,-2.5211,4.0215,3.0000
616,scouts,10,-4.0211,2.5215,3.0000
616,scouts,11,-2.5211,1.0215,3.0000
616,scouts,12,4.0213,2.5213,3.0000
616,scouts,13,2.5213,4.0213,3.0000
616,scouts,14,1.0213,2.5213,3.0000
616,scouts,15,2.5213,1.0213,3.0000
616,workers,0,-8.0078,8.0202,3.0000
616,workers,1,8.0009,8.0116,3.0000
616,workers,2,8.0083,-8.0098,3.0000
616,workers,3,-6.8921,-7.0398,3.0000
617,general,0,0.0000,0.0000,5.0000
617,nodes,0,-5.7923,-1.5695,3.0000
617,nodes,1,5.7914,-1.5731,3.0000
617,nodes,2,-2.5109,2.5112,3.0000
617,nodes,3,2.5112,2.5112,3.0000
617,scouts,0,-4.2897,-1.5815,3.0000
617,scouts,1,-5.7897,-0.0815,3.0000
617,scouts,2,-7.2897,-1.5815,3.0000
617,scouts,3,-5.7897,-3.0815,3.0000
617,scouts,4,7.2886,-1.5853,3.0000
617,scouts,5,5.7886,-0.0853,3.0000
617,scouts,6,4.2886,-1.5853,3.0000
617,scouts,7,5.7886,-3.0853,3.0000
617,scouts,8,-1.0197,2.5201,3.0000
617,scouts,9,-2.5197,4.0201,3.0000
617,scouts,10,-4.0197,2.5201,3.0000
617,scouts,11,-2.5197,1.0201,3.0000
617,scouts,12,4.0200,2.5199,3.0000
617,scouts,13,2.5200,4.0199,3.0000
617,scouts,14,1.0200,2.5199,3.0000
617,scouts,15,2.5200,1.0199,3.0000
617,workers,0,-8.0078,8.0202,3.0000
617,workers,1,8.0009,8.0116,3.0000
617,workers,2,8.0083,-8.0098,3.0000
617,workers,3,-6.9173,-7.0616,3.0000
618,general,0,0.0000,0.0000,5.0000
618,nodes,0,-5.7925,-1.5686,3.0000
618,nodes,1,5.7916,-1.5721,3.0000
618,nodes,2,-2.5102,2.5105,3.0000
618,nodes,3,2.5104,2.5106,3.0000
618,scouts,0,-4.2901,-1.5798,3.0000
618,scouts,1,-5.7901,-0.0798,3.0000
618,scouts,2,-7.2901,-1.5798,3.0000
618,scouts,3,-5.7901,-3.0798,3.0000
618,scouts,4,7.2890,-1.5836,3.0000
618,scouts,5,5.7890,-0.0836,3.0000
618,scouts,6,4.2890,-1.5836,3.0000
618,scouts,7,5.7890,-3.0836,3.0000
618,scouts,8,-1.0184,2.5188,3.0000
618,scouts,9,-2.5184,4.0188,3.0000
618,scouts,10,-4.0184,2.5188,3.0000
618,scouts,11,-2.5184,1.0188,3.0000
618,scouts,12,4.0187,2.5187,3.0000
618,scouts,13,2.5187,4.0187,3.0000
618,scouts,14,1.0187,2.5187,3.0000
618,scouts,15,2.5187,1.0187,3.0000
618,workers,0,-8.0078,8.0202,3.0000
618,workers,1,8.0009,8.0116,3.0000
618,workers,2,8.0083,-8.0098,3.0000
618,workers,3,-6.9425,-7.0835,3.0000
619,general,0,0.0000,0.0000,5.0000
619,nodes,0,-5.7927,-1.5676,3.0000
619,nodes,1,5.7918,-1.5712,3.0000
619,nodes,2,-2.5095,2.5097,3.0000
619,nodes,3,2.5097,2.5099,3.0000
619,scouts,0,-4.2904,-1.5782,3.0000
619,scouts,1,-5.7904,-0.0782,3.0000
619,scouts,2,-7.2904,-1.5782,3.0000
619,scouts,3,-5.7904,-3.0782,3.0000
619,scouts,4,7.2894,-1.5819,3.0000
619,scouts,5,5.7894,-0.0819,3.0000
619,scouts,6,4.2894,-1.5819,3.0000
619,scouts,7,5.7894,-3.0819,3.0000
619,scouts,8,-1.0173,2.5176,3.0000
619,scouts,9,-2.5173,4.0176,3.0000
619,scouts,10,-4.0173,2.5176,3.0000
619,scouts,11,-2.5173,1.0176,3.0000
619,scouts,12,4.0175,2.5175,3.0000
619,scouts,13,2.5175,4.0175,3.0000
619,scouts,14,1.0175,2.5175,3.0000
619,scouts,15,2.5175,1.0175,3.0000
619,workers,0,-8.0078,8.0202,3.0000
619,workers,1,8.0009,8.0116,3.0000
619,workers,2,8.0083,-8.0098,3.0000
619,workers,3,-6.9677,-7.1053,3.0000
620,general,0,0.0000,0.0000,5.0000
620,nodes,0,-5.7928,-1.5668,3.0000
620,nodes,1,5.7920,-1.5703,3.0000
620,nodes,2,-2.5089,2.5090,3.0000
620,nodes,3,2.5091,2.5093,3.0000
620,scouts,0,-4.2908,-1.5766,3.0000
620,scouts,1,-5.7908,-0.0766,3.0000
620,scouts,2,-7.2908,-1.5766,3.0000
620,scouts,3,-5.7908,-3.0766,3.0000
620,scouts,4,7.2897,-1.5804,3.0000
620,scouts,5,5.7897,-0.0804,3.0000
620,scouts,6,4.2897,-1.5804,3.0000
620,scouts,7,5.7897,-3.0804,3.0000
620,scouts,8,-1.0161,2.5165,3.0000
620,scouts,9,-2.5161,4.0165,3.0000
620,scouts,10,-4.0161,2.5165,3.0000
620,scouts,11,-2.5161,1.0165,3.0000
620,scouts,12,4.0164,2.5164,3.0000
620,scouts,13,2.5164,4.0164,3.0000
620,scouts,14,1.0164,2.5164,3.0000
620,scouts,15,2.5164,1.0164,3.0000
620,workers,0,-8.0078,8.0202,3.0000
620,workers,1,8.0009,8.0116,3.0000
620,workers,2,8.0083,-8.0098,3.0000
620,workers,3,-6.9928,-7.1271,3.0000
621,general,0,0.0000,0.0000,5.0000
621,nodes,0,-5.7930,-1.5661,3.0000
621,nodes,1,5.7922,-1.5696,3.0000
621,nodes,2,-2.5084,2.5084,3.0000
621,nodes,3,2.5085,2.5088,3.0000
621,scouts,0,-4.2911,-1.5752,3.0000
621,scouts,1,-5.7911,-0.0752,3.0000
621,scouts,2,-7.2911,-1.5752,3.0000
621,scouts,3,-5.7911,-3.0752,3.0000
621,scouts,4,7.2901,-1.5789,3.0000
621,scouts,5,5.7901,-0.0789,3.0000
621,scouts,6,4.2901,-1.5789,3.0000
621,scouts,7,5.7901,-3.0789,3.0000
621,scouts,8,-1.0151,2.5154,3.0000
621,scouts,9,-2.5151,4.0154,3.0000
621,scouts,10,-4.0151,2.5154,3.0000
621,scouts,11,-2.5151,1.0154,3.0000
621,scouts,12,4.0153,2.5154,3.0000
621,scouts,13,2.5153,4.0154,3.0000
621,scouts,14,1.0153,2.5154,3.0000
621,scouts,15,2.5153,1.0154,3.0000
621,workers,0,-8.0078,8.0202,3.0000
621,workers,1,8.0009,8.0116,3.0000
621,workers,2,8.0083,-8.0098,3.0000
621,workers,3,-7.0180,-7.1490,3.0000
622,general,0,0.0000,0.0000,5.0000
622,nodes,0,-5.7932,-1.5654,3.0000
622,nodes,1,5.7924,-1.5689,3.0000
622,nodes,2,-2.5078,2.5079,3.0000
622,nodes,3,2.5079,2.5082,3.0000
622,scouts,0,-4.2913,-1.5739,3.0000
622,scouts,1,-5.7913,-0.0739,3.0000
622,scouts,2,-7.2913,-1.5739,3.0000
622,scouts,3,-5.7913,-3.0739,3.0000
622,scouts,4,7.2904,-1.5776,3.0000
622,scouts,5,5.7904,-0.0776,3.0000
622,scouts,6,4.2904,-1.5776,3.0000
622,scouts,7,5.7904,-3.0776,3.0000
622,scouts,8,-1.0141,2.5144,3.0000
622,scouts,9,-2.5141,4.0144,3.0000
622,scouts,10,-4.0141,2.5144,3.0000
622,scouts,11,-2.5141,1.0144,3.0000
622,scouts,12,4.0143,2.5144,3.0000
622,scouts,13,2.5143,4.0144,3.0000
622,scouts,14,1.0143,2.5144,3.0000
622,scouts,15,2.5143,1.0144,3.0000
622,workers,0,-8.0078,8.0202,3.0000
622,workers,1,8.0009,8.0116,3.0000
622,workers,2,8.0083,-8.0098,3.0000
622,workers,3,-7.0432,-7.1708,3.0000
623,general,0,0.0000,0.0000,5.0000
623,nodes,0,-5.7934,-1.5647,3.0000
623,nodes,1,5.7926,-1.5682,3.0000
623,nodes,2,-2.5073,2.5073,3.0000
623,nodes,3,2.5074,2.5076,3.0000
623,scouts,0,-4.2916,-1.5727,3.0000
623,scouts,1,-5.7916,-0.0727,3.0000
623,scouts,2,-7.2916,-1.5727,3.0000
623,scouts,3,-5.7916,-3.0727,3.0000
623,scouts,4,7.2907,-1.5763,3.0000
623,scouts,5,5.7907,-0.0763,3.0000
623,scouts,6,4.2907,-1.5763,3.0000
623,scouts,7,5.7907,-3.0763,3.0000
623,scouts,8,-1.0132,2.5135,3.0000
623,scouts,9,-2.5132,4.0135,3.0000
623,scouts,10,-4.0132,2.5135,3.0000
623,scouts,11,-2.5132,1.0135,3.0000
623,scouts,12,4.0134,2.5135,3.0000
623,scouts,13,2.5134,4.0135,3.0000
623,scouts,14,1.0134,2.5135,3.0000
623,scouts,15,2.5134,1.0135,3.0000
623,workers,0,-8.0078,8.0202,3.0000
623,workers,1,8.0009,8.0116,3.0000
623,workers,2,8.0083,-8.0098,3.0000
623,workers,3,-7.0684,-7.1926,3.0000
624,general,0,0.0000,0.0000,5.0000
624,nodes,0,-5.7935,-1.5640,3.0000
624,nodes,1,5.7927,-1.5676,3.0000
624,nodes,2,-2.5069,2.5069,3.0000
624,nodes,3,2.5068,2.5072,3.0000
624,scouts,0,-4.2919,-1.5715,3.0000
624,scouts,1,-5.7919,-0.0715,3.0000
624,scouts,2,-7.2919,-1.5715,3.0000
624,scouts,3,-5.7919,-3.0715,3.0000
624,scouts,4,7.2910,-1.5752,3.0000
624,scouts,5,5.7910,-0.0752,3.0000
624,scouts,6,4.2910,-1.5752,3.0000
624,scouts,7,5.7910,-3.0752,3.0000
624,scouts,8,-1.0124,2.5126,3.0000
624,scouts,9,-2.5124,4.0126,3.0000
624,scouts,10,-4.0124,2.5126,3.0000
624,scouts,11,-2.5124,1.0126,3.0000
624,scouts,12,4.0125,2.5127,3.0000
624,scouts,13,2.5125,4.0127,3.0000
624,scouts,14,1.0125,2.5127,3.0000
624,scouts,15,2.5125,1.0127,3.0000
624,workers,0,-8.0078,8.0202,3.0000
624,workers,1,8.0009,8.0116,3.0000
624,workers,2,8.0083,-8.0098,3.0000
624,workers,3,-7.0936,-7.2145,3.0000
625,general,0,0.0000,0.0000,5.0000
625,nodes,0,-5.7937,-1.5634,3.0000
625,nodes,1,5.7929,-1.5671,3.0000
625,nodes,2,-2.5064,2.5064,3.0000
625,nodes,3,2.5064,2.5067,3.0000
625,scouts,0,-4.2921,-1.5705,3.0000
625,scouts,1,-5.7921,-0.0705,3.0000
625,scouts,2,-7.2921,-1.5705,3.0000
625,scouts,3,-5.7921,-3.0705,3.0000
625,scouts,4,7.2912,-1.5741,3.0000
625,scouts,5,5.7912,-0.0741,3.0000
625,scouts,6,4.2912,-1.5741,3.0000
625,scouts,7,5.7912,-3.0741,3.0000
625,scouts,8,-1.0116,2.5118,3.0000
625,scouts,9,-2.5116,4.0118,3.0000
625,scouts,10,-4.0116,2.5118,3.0000
625,scouts,11,-2.5116,1.0118,3.0000
625,scouts,12,4.0117,2.5119,3.0000
625,scouts,13,2.5117,4.0119,3.0000
625,scouts,14,1.0117,2.5119,3.0000
625,scouts,15,2.5117,1.0119,3.0000
625,workers,0,-8.0078,8.0202,3.0000
625,workers,1,8.0009,8.0116,3.0000
625,workers,2,8.0083,-8.0098,3.0000
625,workers,3,-7.1188,-7.2363,3.0000
626,general,0,0.0000,0.0000,5.0000
626,nodes,0,-5.7939,-1.5628,3.0000
626,nodes,1,5.7930,-1.5665,3.0000
626,nodes,2,-2.5060,2.5059,3.0000
626,nodes,3,2.5059,2.5063,3.0000
626,scouts,0,-4.2923,-1.5694,3.0000
626,scouts,1,-5.7923,-0.0694,3.0000
626,scouts,2,-7.2923,-1.5694,3.0000
626,scouts,3,-5.7923,-3.0694,3.0000
626,scouts,4,7.2915,-1.5731,3.0000
626,scouts,5,5.7915,-0.0731,3.0000
626,scouts,6,4.2915,-1.5731,3.0000
626,scouts,7,5.7915,-3.0731,3.0000
626,scouts,8,-1.0108,2.5110,3.0000
626,scouts,9,-2.5108,4.0110,3.0000
626,scouts,10,-4.0108,2.5110,3.0000
626,scouts,11,-2.5108,1.0110,3.0000
626,scouts,12,4.0109,2.5111,3.0000
626,scouts,13,2.5109,4.0111,3.0000
626,scouts,14,1.0109,2.5111,3.0000
626,scouts,15,2.5109,1.0111,3.0000
626,workers,0,-8.0078,8.0202,3.0000
626,workers,1,8.0009,8.0116,3.0000
626,workers,2,8.0083,-8.0098,3.0000
626,workers,3,-7.1440,-7.2581,3.0000
627,general,0,0.0000,0.0000,5.0000
627,nodes,0,-5.7940,-1.5623,3.0000
627,nodes,1,5.7932,-1.5661,3.0000
627,nodes,2,-2.5056,2.5056,3.0000
627,nodes,3,2.5055,2.5059,3.0000
627,scouts,0,-4.2926,-1.5685,3.0000
627,scouts,1,-5.7926,-0.0685,3.0000
627,scouts,2,-7.2926,-1.5685,3.0000
627,scouts,3,-5.7926,-3.0685,3.0000
627,scouts,4,7.2917,-1.5722,3.0000
627,scouts,5,5.7917,-0.0722,3.0000
627,scouts,6,4.2917,-1.5722,3.0000
627,scouts,7,5.7917,-3.0722,3.0000
627,scouts,8,-1.0101,2.5103,3.0000
627,scouts,9,-2.5101,4.0103,3.0000
627,scouts,10,-4.0101,2.5103,3.0000
627,scouts,11,-2.5101,1.0103,3.0000
627,scouts,12,4.0102,2.5104,3.0000
627,scouts,13,2.5102,4.0104,3.0000
627,scouts,14,1.0102,2.5104,3.0000
627,scouts,15,2.5102,1.0104,3.0000
627,workers,0,-8.0078,8.0202,3.0000
627,workers,1,8.0009,8.0116,3.0000
627,workers,2,8.0083,-8.0098,3.0000
627,workers,3,-7.1692,-7.2799,3.0000
628,general,0,0.0000,0.0000,5.0000
628,nodes,0,-5.7942,-1.5618,3.0000
628,nodes,1,5.7934,-1.5657,3.0000
628,nodes,2,-2.5052,2.5052,3.0000
628,nodes,3,2.5051,2.5056,3.0000
628,scouts,0,-4.2928,-1.5676,3.0000
628,scouts,1,-5.7928,-0.0676,3.0000
628,scouts,2,-7.2928,-1.5676,3.0000
628,scouts,3,-5.7928,-3.0676,3.0000
628,scouts,4,7.2919,-1.5713,3.0000
628,scouts,5,5.7919,-0.0713,3.0000
628,scouts,6,4.2919,-1.5713,3.0000
628,scouts,7,5.7919,-3.0713,3.0000
628,scouts,8,-1.0095,2.5096,3.0000
628,scouts,9,-2.5095,4.0096,3.0000
628,scouts,10,-4.0095,2.5096,3.0000
628,scouts,11,-2.5095,1.0096,3.0000
628,scouts,12,4.0095,2.5098,3.0000
628,scouts,13,2.5095,4.0098,3.0000
628,scouts,14,1.0095,2.5098,3.0000
628,scouts,15,2.5095,1.0098,3.0000
628,workers,0,-8.0078,8.0202,3.0000
628,workers,1,8.0009,8.0116,3.0000
628,workers,2,8.0083,-8.0098,3.0000
628,workers,3,-7.1944,-7.3018,3.0000
629,general,0,0.0000,0.0000,5.0000
629,nodes,0,-5.7943,-1.5614,3.0000
629,nodes,1,5.7935,-1.5652,3.0000
629,nodes,2,-2.5048,2.5049,3.0000
629,nodes,3,2.5047,2.5053,3.0000
629,scouts,0,-4.2930,-1.5668,3.0000
629,scouts,1,-5.7930,-0.0668,3.0000
629,scouts,2,-7.2930,-1.5668,3.0000
629,scouts,3,-5.7930,-3.0668,3.0000
629,scouts,4,7.2921,-1.5705,3.0000
629,scouts,5,5.7921,-0.0705,3.0000
629,scouts,6,4.2921,-1.5705,3.0000
629,scouts,7,5.7921,-3.0705,3.0000
629,scouts,8,-1.0089,2.5090,3.0000
629,scouts,9,-2.5089,4.0090,3.0000
629,scouts,10,-4.0089,2.5090,3.0000
629,scouts,11,-2.5089,1.0090,3.0000
629,scouts,12,4.0089,2.5092,3.0000
629,scouts,13,2.5089,4.0092,3.0000
629,scouts,14,1.0089,2.5092,3.0000
629,scouts,15,2.5089,1.0092,3.0000
629,workers,0,-8.0078,8.0202,3.0000
629,workers,1,8.0009,8.0116,3.0000
629,workers,2,8.0083,-8.0098,3.0000
629,workers,3,-7.2195,-7.3236,3.0000
630,general,0,0.0000,0.0000,5.0000
630,nodes,0,-5.7944,-1.5610,3.0000
630,nodes,1,5.7936,-1.5648,3.0000
630,nodes,2,-2.5045,2.5046,3.0000
630,nodes,3,2.5043,2.5050,3.0000
630,scouts,0,-4.2932,-1.5660,3.0000
630,scouts,1,-5.7932,-0.0660,3.0000
630,scouts,2,-7.2932,-1.5660,3.0000
630,scouts,3,-5.7932,-3.0660,3.0000
630,scouts,4,7.2923,-1.5697,3.0000
630,scouts,5,5.7923,-0.0697,3.0000
630,scouts,6,4.2923,-1.5697,3.0000
630,scouts,7,5.7923,-3.0697,3.0000
630,scouts,8,-1.0083,2.5084,3.0000
630,scouts,9,-2.5083,4.0084,3.0000
630,scouts,10,-4.0083,2.5084,3.0000
630,scouts,11,-2.5083,1.0084,3.0000
630,scouts,12,4.0083,2.5086,3.0000
630,scouts,13,2.5083,4.0086,3.0000
630,scouts,14,1.0083,2.5086,3.0000
630,scouts,15,2.5083,1.0086,3.0000
630,workers,0,-8.0078,8.0202,3.0000
630,workers,1,8.0009,8.0116,3.0000
630,workers,2,8.0083,-8.0098,3.0000
630,workers,3,-7.2447,-7.3454,3.0000
631,general,0,0.0000,0.0000,5.0000
631,nodes,0,-5.7945,-1.5606,3.0000
631,nodes,1,5.7937,-1.5644,3.0000
631,nodes,2,-2.5042,2.5043,3.0000
631,nodes,3,2.5040,2.5047,3.0000
631,scouts,0,-4.2934,-1.5653,3.0000
631,scouts,1,-5.7934,-0.0653,3.0000
631,scouts,2,-7.2934,-1.5653,3.0000
631,scouts,3,-5.7934,-3.0653,3.0000
631,scouts,4,7.2925,-1.5690,3.0000
631,scouts,5,5.7925,-0.0690,3.0000
631,scouts,6,4.2925,-1.5690,3.0000
631,scouts,7,5.7925,-3.0690,3.0000
631,scouts,8,-1.0077,2.5078,3.0000
631,scouts,9,-2.5077,4.0078,3.0000
631,scouts,10,-4.0077,2.5078,3.0000
631,scouts,11,-2.5077,1.0078,3.0000
631,scouts,12,4.0077,2.5081,3.0000
631,scouts,13,2.5077,4.0081,3.0000
631,scouts,14,1.0077,2.5081,3.0000
631,scouts,15,2.5077,1.0081,3.0000
631,workers,0,-8.0078,8.0202,3.0000
631,workers,1,8.0009,8.0116,3.0000
631,workers,2,8.0083,-8.0098,3.0000
631,workers,3,-7.2699,-7.3673,3.0000
632,general,0,0.0000,0.0000,5.0000
632,nodes,0,-5.7946,-1.5602,3.0000
632,nodes,1,5.7937,-1.5641,3.0000
632,nodes,2,-2.5039,2.5040,3.0000
632,nodes,3,2.5037,2.5044,3.0000
632,scouts,0,-4.2935,-1.5646,3.0000
632,scouts,1,-5.7935,-0.0646,3.0000
632,scouts,2,-7.2935,-1.5646,3.0000
632,scouts,3,-5.7935,-3.0646,3.0000
632,scouts,4,7.2927,-1.5684,3.0000
632,scouts,5,5.7927,-0.0684,3.0000
632,scouts,6,4.2927,-1.5684,3.0000
632,scouts,7,5.7927,-3.0684,3.0000
632,scouts,8,-1.0072,2.5073,3.0000
632,scouts,9,-2.5072,4.0073,3.0000
632,scouts,10,-4.0072,2.5073,3.0000
632,scouts,11,-2.5072,1.0073,3.0000
632,scouts,12,4.0072,2.5076,3.0000
632,scouts,13,2.5072,4.0076,3.0000
632,scouts,14,1.0072,2.5076,3.0000
632,scouts,15,2.5072,1.0076,3.0000
632,workers,0,-8.0078,8.0202,3.0000
632,workers,1,8.0009,8.0116,3.0000
632,workers,2,8.0083,-8.0098,3.0000
632,workers,3,-7.2951,-7.3891,3.0000
633,general,0,0.0000,0.0000,5.0000
633,nodes,0,-5.7946,-1.5599,3.0000
633,nodes,1,5.7938,-1.5638,3.0000
633,nodes,2,-2.5037,2.5038,3.0000
633,nodes,3,2.5034,2.5042,3.0000
633,scouts,0,-4.2937,-1.5640,3.0000
633,scouts,1,-5.7937,-0.0640,3.0000
633,scouts,2,-7.2937,-1.5640,3.0000
633,scouts,3,-5.7937,-3.0640,3.0000
633,scouts,4,7.2928,-1.5678,3.0000
633,scouts,5,5.7928,-0.0678,3.0000
633,scouts,6,4.2928,-1.5678,3.0000
633,scouts,7,5.7928,-3.0678,3.0000
633,scouts,8,-1.0067,2.5069,3.0000
633,scouts,9,-2.5067,4.0069,3.0000
633,scouts,10,-4.0067,2.5069,3.0000
633,scouts,11,-2.5067,1.0069,3.0000
633,scouts,12,4.0067,2.5072,3.0000
633,scouts,13,2.5067,4.0072,3.0000
633,scouts,14,1.0067,2.5072,3.0000
633,scouts,15,2.5067,1.0072,3.0000
633,workers,0,-8.0078,8.0202,3.0000
633,workers,1,8.0009,8.0116,3.0000
633,workers,2,8.0083,-8.0098,3.0000
633,workers,3,-7.3203,-7.4109,3.0000
634,general,0,0.0000,0.0000,5.0000
634,nodes,0,-5.7947,-1.5596,3.0000
634,nodes,1,5.7938,-1.5635,3.0000
634,nodes,2,-2.5034,2.5036,3.0000
634,nodes,3,2.5032,2.5041,3.0000
634,scouts,0,-4.2938,-1.5634,3.0000
634,scouts,1,-5.7938,-0.0634,3.0000
634,scouts,2,-7.2938,-1.5634,3.0000
634,scouts,3,-5.7938,-3.0634,3.0000
634,scouts,4,7.2929,-1.5672,3.0000
634,scouts,5,5.7929,-0.0672,3.0000
634,scouts,6,4.2929,-1.5672,3.0000
634,scouts,7,5.7929,-3.0672,3.0000
634,scouts,8,-1.0063,2.5064,3.0000
634,scouts,9,-2.5063,4.0064,3.0000
634,scouts,10,-4.0063,2.5064,3.0000
634,scouts,11,-2.5063,1.0064,3.0000
634,scouts,12,4.0062,2.5068,3.0000
634,scouts,13,2.5062,4.0068,3.0000
634,scouts,14,1.0062,2.5068,3.0000
634,scouts,15,2.5062,1.0068,3.0000
634,workers,0,-8.0078,8.0202,3.0000
634,workers,1,8.0009,8.0116,3.0000
634,workers,2,8.0083,-8.0098,3.0000
634,workers,3,-7.3455,-7.4328,3.0000
635,general,0,0.0000,0.0000,5.0000
635,nodes,0,-5.7947,-1.5592,3.0000
635,nodes,1,5.7938,-1.5632,3.0000
635,nodes,2,-2.5032,2.5034,3.0000
635,nodes,3,2.5030,2.5039,3.0000
635,scouts,0,-4.2939,-1.5628,3.0000
635,scouts,1,-5.7939,-0.0628,3.0000
635,scouts,2,-7.2939,-1.5628,3.0000
635,scouts,3,-5.7939,-3.0628,3.0000
635,scouts,4,7.2931,-1.5666,3.0000
635,scouts,5,5.7931,-0.0666,3.0000
635,scouts,6,4.2931,-1.5666,3.0000
635,scouts,7,5.7931,-3.0666,3.0000
635,scouts,8,-1.0059,2.5060,3.0000
635,scouts,9,-2.5059,4.0060,3.0000
635,scouts,10,-4.0059,2.5060,3.0000
635,scouts,11,-2.5059,1.0060,3.0000
635,scouts,12,4.0058,2.5064,3.0000
635,scouts,13,2.5058,4.0064,3.0000
635,scouts,14,1.0058,2.5064,3.0000
635,scouts,15,2.5058,1.0064,3.0000
635,workers,0,-8.0078,8.0202,3.0000
635,workers,1,8.0009,8.0116,3.0000
635,workers,2,8.0083,-8.0098,3.0000
635,workers,3,-7.3707,-7.4546,3.0000
636,general,0,0.0000,0.0000,5.0000
636,nodes,0,-5.7947,-1.5590,3.0000
636,nodes,1,5.7939,-1.5629,3.0000
636,nodes,2,-2.5030,2.5032,3.0000
636,nodes,3,2.5028,2.5037,3.0000
636,scouts,0,-4.2940,-1.5623,3.0000
636,scouts,1,-5.7940,-0.0623,3.0000
636,scouts,2,-7.2940,-1.5623,3.0000
636,scouts,3,-5.7940,-3.0623,3.0000
636,scouts,4,7.2932,-1.5661,3.0000
636,scouts,5,5.7932,-0.0661,3.0000
636,scouts,6,4.2932,-1.5661,3.0000
636,scouts,7,5.7932,-3.0661,3.0000
636,scouts,8,-1.0055,2.5056,3.0000
636,scouts,9,-2.5055,4.0056,3.0000
636,scouts,10,-4.0055,2.5056,3.0000
636,scouts,11,-2.5055,1.0056,3.0000
636,scouts,12,4.0054,2.5060,3.0000
636,scouts,13,2.5054,4.0060,3.0000
636,scouts,14,1.0054,2.5060,3.0000
636,scouts,15,2.5054,1.0060,3.0000
636,workers,0,-8.0078,8.0202,3.0000
636,workers,1,8.0009,8.0116,3.0000
636,workers,2,8.0083,-8.0098,3.0000
636,workers,3,-7.3959,-7.4764,3.0000
637,general,0,0.0000,0.0000,5.0000
637,nodes,0,-5.7948,-1.5587,3.0000
637,nodes,1,5.7940,-1.5627,3.0000
637,nodes,2,-2.5028,2.5030,3.0000
637,nodes,3,2.5026,2.5036,3.0000
637,scouts,0,-4.2941,-1.5618,3.0000
637,scouts,1,-5.7941,-0.0618,3.0000
637,scouts,2,-7.2941,-1.5618,3.0000
637,scouts,3,-5.7941,-3.0618,3.0000
637,scouts,4,7.2933,-1.5657,3.0000
637,scouts,5,5.7933,-0.0657,3.0000
637,scouts,6,4.2933,-1.5657,3.0000
637,scouts,7,5.7933,-3.0657,3.0000
637,scouts,8,-1.0052,2.5053,3.0000
637,scouts,9,-2.5052,4.0053,3.0000
637,scouts,10,-4.0052,2.5053,3.0000
637,scouts,11,-2.5052,1.0053,3.0000
637,scouts,12,4.0050,2.5057,3.0000
637,scouts,13,2.5050,4.0057,3.0000
637,scouts,14,1.0050,2.5057,3.0000
637,scouts,15,2.5050,1.0057,3.0000
637,workers,0,-8.0078,8.0202,3.0000
637,workers,1,8.0009,8.0116,3.0000
637,workers,2,8.0083,-8.0098,3.0000
637,workers,3,-7.4211,-7.4983,3.0000
638,general,0,0.0000,0.0000,5.0000
638,nodes,0,-5.7948,-1.5584,3.0000
638,nodes,1,5.7941,-1.5624,3.0000
638,nodes,2,-2.5026,2.5028,3.0000
638,nodes,3,2.5024,2.5034,3.0000
638,scouts,0,-4.2942,-1.5614,3.0000
638,scouts,1,-5.7942,-0.0614,3.0000
638,scouts,2,-7.2942,-1.5614,3.0000
638,scouts,3,-5.7942,-3.0614,3.0000
638,scouts,4,7.2934,-1.5652,3.0000
638,scouts,5,5.7934,-0.0652,3.0000
638,scouts,6,4.2934,-1.5652,3.0000
638,scouts,7,5.7934,-3.0652,3.0000
638,scouts,8,-1.0048,2.5049,3.0000
638,scouts,9,-2.5048,4.0049,3.0000
638,scouts,10,-4.0048,2.5049,3.0000
638,scouts,11,-2.5048,1.0049,3.0000
638,scouts,12,4.0047,2.5054,3.0000
638,scouts,13,2.5047,4.0054,3.0000
638,scouts,14,1.0047,2.5054,3.0000
638,scouts,15,2.5047,1.0054,3.0000
638,workers,0,-8.0078,8.0202,3.0000
638,workers,1,8.0009,8.0116,3.0000
638,workers,2,8.0083,-8.0098,3.0000
638,workers,3,-7.4463,-7.5201,3.0000
639,general,0,0.0000,0.0000,5.0000
639,nodes,0,-5.7948,-1.5581,3.0000
639,nodes,1,5.7942,-1.5623,3.0000
639,nodes,2,-2.5023,2.5026,3.0000
639,nodes,3,2.5023,2.5033,3.0000
639,scouts,0,-4.2943,-1.5609,3.0000
639,scouts,1,-5.7943,-0.0609,3.0000
639,scouts,2,-7.2943,-1.5609,3.0000
639,scouts,3,-5.7943,-3.0609,3.0000
639,scouts,4,7.2935,-1.5648,3.0000
639,scouts,5,5.7935,-0.0648,3.0000
639,scouts,6,4.2935,-1.5648,3.0000
639,scouts,7,5.7935,-3.0648,3.0000
639,scouts,8,-1.0045,2.5046,3.0000
639,scouts,9,-2.5045,4.0046,3.0000
639,scouts,10,-4.0045,2.5046,3.0000
639,scouts,11,-2.5045,1.0046,3.0000
639,scouts,12,4.0043,2.5051,3.0000
639,scouts,13,2.5043,4.0051,3.0000
639,scouts,14,1.0043,2.5051,3.0000
639,scouts,15,2.5043,1.0051,3.0000
639,workers,0,-8.0078,8.0202,3.0000
639,workers,1,8.0009,8.0116,3.0000
639,workers,2,8.0083,-8.0098,3.0000
639,workers,3,-7.4714,-7.5419,3.0000
640,general,0,0.0000,0.0000,5.0000
640,nodes,0,-5.7948,-1.5579,3.0000
640,nodes,1,5.7943,-1.5621,3.0000
640,nodes,2,-2.5021,2.5024,3.0000
640,nodes,3,2.5021,2.5033,3.0000
640,scouts,0,-4.2944,-1.5605,3.0000
640,scouts,1,-5.7944,-0.0605,3.0000
640,scouts,2,-7.2944,-1.5605,3.0000
640,scouts,3,-5.7944,-3.0605,3.0000
640,scouts,4,7.2936,-1.5645,3.0000
640,scouts,5,5.7936,-0.0645,3.0000
640,scouts,6,4.2936,-1.5645,3.0000
640,scouts,7,5.7936,-3.0645,3.0000
640,scouts,8,-1.0042,2.5043,3.0000
640,scouts,9,-2.5042,4.0043,3.0000
640,scouts,10,-4.0042,2.5043,3.0000
640,scouts,11,-2.5042,1.0043,3.0000
640,scouts,12,4.0040,2.5049,3.0000
640,scouts,13,2.5040,4.0049,3.0000
640,scouts,14,1.0040,2.5049,3.0000
640,scouts,15,2.5040,1.0049,3.0000
640,workers,0,-8.0078,8.0202,3.0000
640,workers,1,8.0009,8.0116,3.0000
640,workers,2,8.0083,-8.0098,3.0000
640,workers,3,-7.4966,-7.5637,3.0000
641,general,0,0.0000,0.0000,5.0000
641,nodes,0,-5.7948,-1.5577,3.0000
641,nodes,1,5.7943,-1.5619,3.0000
641,nodes,2,-2.5018,2.5022,3.0000
641,nodes,3,2.5020,2.5032,3.0000
641,scouts,0,-4.2944,-1.5602,3.0000
641,scouts,1,-5.7944,-0.0602,3.0000
641,scouts,2,-7.2944,-1.5602,3.0000
641,scouts,3,-5.7944,-3.0602,3.0000
641,scouts,4,7.2937,-1.5641,3.0000
641,scouts,5,5.7937,-0.0641,3.0000
641,scouts,6,4.2937,-1.5641,3.0000
641,scouts,7,5.7937,-3.0641,3.0000
641,scouts,8,-1.0038,2.5041,3.0000
641,scouts,9,-2.5038,4.0041,3.0000
641,scouts,10,-4.0038,2.5041,3.0000
641,scouts,11,-2.5038,1.0041,3.0000
641,scouts,12,4.0038,2.5046,3.0000
641,scouts,13,2.5038,4.0046,3.0000
641,scouts,14,1.0038,2.5046,3.0000
641,scouts,15,2.5038,1.0046,3.0000
641,workers,0,-8.0078,8.0202,3.0000
641,workers,1,8.0009,8.0116,3.0000
641,workers,2,8.0083,-8.0098,3.0000
641,workers,3,-7.5218,-7.5856,3.0000
642,general,0,0.0000,0.0000,5.0000
642,nodes,0,-5.7949,-1.5575,3.0000
642,nodes,1,5.7944,-1.5617,3.0000
642,nodes,2,-2.5017,2.5021,3.0000
642,nodes,3,2.5019,2.5031,3.0000
642,scouts,0,-4.2945,-1.5598,3.0000
642,scouts,1,-5.7945,-0.0598,3.0000
642,scouts,2,-7.2945,-1.5598,3.0000
642,scouts,3,-5.7945,-3.0598,3.0000
642,scouts,4,7.2938,-1.5638,3.0000
642,scouts,5,5.7938,-0.0638,3.0000
642,scouts,6,4.2938,-1.5638,3.0000
642,scouts,7,5.7938,-3.0638,3.0000
642,scouts,8,-1.0036,2.5038,3.0000
642,scouts,9,-2.5036,4.0038,3.0000
642,scouts,10,-4.0036,2.5038,3.0000
642,scouts,11,-2.5036,1.0038,3.0000
642,scouts,12,4.0035,2.5044,3.0000
642,scouts,13,2.5035,4.0044,3.0000
642,scouts,14,1.0035,2.5044,3.0000
642,scouts,15,2.5035,1.0044,3.0000
642,workers,0,-8.0078,8.0202,3.0000
642,workers,1,8.0009,8.0116,3.0000
642,workers,2,8.0083,-8.0098,3.0000
642,workers,3,-7.5470,-7.6074,3.0000
643,general,0,0.0000,0.0000,5.0000
643,nodes,0,-5.7949,-1.5573,3.0000
643,nodes,1,5.7945,-1.5615,3.0000
643,nodes,2,-2.5015,2.5020,3.0000
643,nodes,3,2.5018,2.5030,3.0000
643,scouts,0,-4.2945,-1.5595,3.0000
643,scouts,1,-5.7945,-0.0595,3.0000
643,scouts,2,-7.2945,-1.5595,3.0000
643,scouts,3,-5.7945,-3.0595,3.0000
643,scouts,4,7.2939,-1.5635,3.0000
643,scouts,5,5.7939,-0.0635,3.0000
643,scouts,6,4.2939,-1.5635,3.0000
643,scouts,7,5.7939,-3.0635,3.0000
643,scouts,8,-1.0033,2.5036,3.0000
643,scouts,9,-2.5033,4.0036,3.0000
643,scouts,10,-4.0033,2.5036,3.0000
643,scouts,11,-2.5033,1.0036,3.0000
643,scouts,12,4.0033,2.5042,3.0000
643,scouts,13,2.5033,4.0042,3.0000
643,scouts,14,1.0033,2.5042,3.0000
643,scouts,15,2.5033,1.0042,3.0000
643,workers,0,-8.0078,8.0202,3.0000
643,workers,1,8.0009,8.0116,3.0000
643,workers,2,8.0083,-8.0098,3.0000
643,workers,3,-7.5722,-7.6292,3.0000
644,general,0,0.0000,0.0000,5.0000
644,nodes,0,-5.7949,-1.5571,3.0000
644,nodes,1,5.7945,-1.5613,3.0000
644,nodes,2,-2.5014,2.5019,3.0000
644,nodes,3,2.5017,2.5030,3.0000
644,scouts,0,-4.2946,-1.5591,3.0000
644,scouts,1,-5.7946,-0.0591,3.0000
644,scouts,2,-7.2946,-1.5591,3.0000
644,scouts,3,-5.7946,-3.0591,3.0000
644,scouts,4,7.2940,-1.5632,3.0000
644,scouts,5,5.7940,-0.0632,3.0000
644,scouts,6,4.2940,-1.5632,3.0000
644,scouts,7,5.7940,-3.0632,3.0000
644,scouts,8,-1.0030,2.5033,3.0000
644,scouts,9,-2.5030,4.0033,3.0000
644,scouts,10,-4.0030,2.5033,3.0000
644,scouts,11,-2.5030,1.0033,3.0000
644,scouts,12,4.0031,2.5041,3.0000
644,scouts,13,2.5031,4.0041,3.0000
644,scouts,14,1.0031,2.5041,3.0000
644,scouts,15,2.5031,1.0041,3.0000
644,workers,0,-8.0078,8.0202,3.0000
644,workers,1,8.0009,8.0116,3.0000
644,workers,2,8.0083,-8.0098,3.0000
644,workers,3,-7.5974,-7.6511,3.0000
645,general,0,0.0000,0.0000,5.0000
645,nodes,0,-5.7949,-1.5570,3.0000
645,nodes,1,5.7945,-1.5612,3.0000
645,nodes,2,-2.5012,2.5018,3.0000
645,nodes,3,2.5016,2.5030,3.0000
645,scouts,0,-4.2946,-1.5589,3.0000
645,scouts,1,-5.7946,-0.0589,3.0000
645,scouts,2,-7.2946,-1.5589,3.0000
645,scouts,3,-5.7946,-3.0589,3.0000
645,scouts,4,7.2940,-1.5630,3.0000
645,scouts,5,5.7940,-0.0630,3.0000
645,scouts,6,4.2940,-1.5630,3.0000
645,scouts,7,5.7940,-3.0630,3.0000
645,scouts,8,-1.0028,2.5031,3.0000
645,scouts,9,-2.5028,4.0031,3.0000
645,scouts,10,-4.0028,2.5031,3.0000
645,scouts,11,-2.5028,1.0031,3.0000
645,scouts,12,4.0029,2.5039,3.0000
645,scouts,13,2.5029,4.0039,3.0000
645,scouts,14,1.0029,2.5039,3.0000
645,scouts,15,2.5029,1.0039,3.0000
645,workers,0,-8.0078,8.0202,3.0000
645,workers,1,8.0009,8.0116,3.0000
645,workers,2,8.0083,-8.0098,3.0000
645,workers,3,-7.6226,-7.6729,3.0000
646,general,0,0.0000,0.0000,5.0000
646,nodes,0,-5.7949,-1.5569,3.0000
646,nodes,1,5.7946,-1.5611,3.0000
646,nodes,2,-2.5011,2.5017,3.0000
646,nodes,3,2.5016,2.5030,3.0000
646,scouts,0,-4.2946,-1.5586,3.0000
646,scouts,1,-5.7946,-0.0586,3.0000
646,scouts,2,-7.2946,-1.5586,3.0000
646,scouts,3,-5.7946,-3.0586,3.0000
646,scouts,4,7.2941,-1.5627,3.0000
646,scouts,5,5.7941,-0.0627,3.0000
646,scouts,6,4.2941,-1.5627,3.0000
646,scouts,7,5.7941,-3.0627,3.0000
646,scouts,8,-1.0026,2.5029,3.0000
646,scouts,9,-2.5026,4.0029,3.0000
646,scouts,10,-4.0026,2.5029,3.0000
646,scouts,11,-2.5026,1.0029,3.0000
646,scouts,12,4.0027,2.5038,3.0000
646,scouts,13,2.5027,4.0038,3.0000
646,scouts,14,1.0027,2.5038,3.0000
646,scouts,15,2.5027,1.0038,3.0000
646,workers,0,-8.0078,8.0202,3.0000
646,workers,1,8.0009,8.0116,3.0000
646,workers,2,8.0083,-8.0098,3.0000
646,workers,3,-7.6478,-7.6947,3.0000
647,general,0,0.0000,0.0000,5.0000
647,nodes,0,-5.7948,-1.5568,3.0000
647,nodes,1,5.7946,-1.5609,3.0000
647,nodes,2,-2.5010,2.5016,3.0000
647,nodes,3,2.5015,2.5030,3.0000
647,scouts,0,-4.2947,-1.5584,3.0000
647,scouts,1,-5.7947,-0.0584,3.0000
647,scouts,2,-7.2947,-1.5584,3.0000
647,scouts,3,-5.7947,-3.0584,3.0000
647,scouts,4,7.2942,-1.5625,3.0000
647,scouts,5,5.7942,-0.0625,3.0000
647,scouts,6,4.2942,-1.5625,3.0000
647,scouts,7,5.7942,-3.0625,3.0000
647,scouts,8,-1.0024,2.5028,3.0000
647,scouts,9,-2.5024,4.0028,3.0000
647,scouts,10,-4.0024,2.5028,3.0000
647,scouts,11,-2.5024,1.0028,3.0000
647,scouts,12,4.0025,2.5037,3.0000
647,scouts,13,2.5025,4.0037,3.0000
647,scouts,14,1.0025,2.5037,3.0000
647,scouts,15,2.5025,1.0037,3.0000
647,workers,0,-8.0078,8.0202,3.0000
647,workers,1,8.0009,8.0116,3.0000
647,workers,2,8.0083,-8.0098,3.0000
647,workers,3,-7.6730,-7.7166,3.0000
648,general,0,0.0000,0.0000,5.0000
648,nodes,0,-5.7948,-1.5567,3.0000
648,nodes,1,5.7947,-1.5608,3.0000
648,nodes,2,-2.5008,2.5015,3.0000
648,nodes,3,2.5014,2.5030,3.0000
648,scouts,0,-4.2947,-1.5581,3.0000
648,scouts,1,-5.7947,-0.0581,3.0000
648,scouts,2,-7.2947,-1.5581,3.0000
648,scouts,3,-5.7947,-3.0581,3.0000
648,scouts,4,7.2942,-1.5622,3.0000
648,scouts,5,5.7942,-0.0622,3.0000
648,scouts,6,4.2942,-1.5622,3.0000
648,scouts,7,5.7942,-3.0622,3.0000
648,scouts,8,-1.0021,2.5026,3.0000
648,scouts,9,-2.5021,4.0026,3.0000
648,scouts,10,-4.0021,2.5026,3.0000
648,scouts,11,-2.5021,1.0026,3.0000
648,scouts,12,4.0024,2.5036,3.0000
648,scouts,13,2.5024,4.0036,3.0000
648,scouts,14,1.0024,2.5036,3.0000
648,scouts,15,2.5024,1.0036,3.0000
648,workers,0,-8.0078,8.0202,3.0000
648,workers,1,8.0009,8.0116,3.0000
648,workers,2,8.0083,-8.0098,3.0000
648,workers,3,-7.6982,-7.7384,3.0000
649,general,0,0.0000,0.0000,5.0000
649,nodes,0,-5.7948,-1.5566,3.0000
649,nodes,1,5.7947,-1.5607,3.0000
649,nodes,2,-2.5007,2.5014,3.0000
649,nodes,3,2.5013,2.5030,3.0000
649,scouts,0,-4.2947,-1.5579,3.0000
649,scouts,1,-5.7947,-0.0579,3.0000
649,scouts,2,-7.2947,-1.5579,3.0000
649,scouts,3,-5.7947,-3.0579,3.0000
649,scouts,4,7.2943,-1.5620,3.0000
649,scouts,5,5.7943,-0.0620,3.0000
649,scouts,6,4.2943,-1.5620,3.0000
649,scouts,7,5.7943,-3.0620,3.0000
649,scouts,8,-1.0020,2.5024,3.0000
649,scouts,9,-2.5020,4.0024,3.0000
649,scouts,10,-4.0020,2.5024,3.0000
649,scouts,11,-2.5020,1.0024,3.0000
649,scouts,12,4.0022,2.5035,3.0000
649,scouts,13,2.5022,4.0035,3.0000
649,scouts,14,1.0022,2.5035,3.0000
649,scouts,15,2.5022,1.0035,3.0000
649,workers,0,-8.0078,8.0202,3.0000
649,workers,1,8.0009,8.0116,3.0000
649,workers,2,8.0083,-8.0098,3.0000
649,workers,3,-7.7233,-7.7602,3.0000
650,general,0,0.0000,0.0000,5.0000
650,nodes,0,-5.7947,-1.5565,3.0000
650,nodes,1,5.7947,-1.5607,3.0000
650,nodes,2,-2.5006,2.5013,3.0000
650,nodes,3,2.5012,2.5031,3.0000
650,scouts,0,-4.2947,-1.5577,3.0000
650,scouts,1,-5.7947,-0.0577,3.0000
650,scouts,2,-7.2947,-1.5577,3.0000
650,scouts,3,-5.7947,-3.0577,3.0000
650,scouts,4,7.2944,-1.5619,3.0000
650,scouts,5,5.7944,-0.0619,3.0000
650,scouts,6,4.2944,-1.5619,3.0000
650,scouts,7,5.7944,-3.0619,3.0000
650,scouts,8,-1.0018,2.5023,3.0000
650,scouts,9,-2.5018,4.0023,3.0000
650,scouts,10,-4.0018,2.5023,3.0000
650,scouts,11,-2.5018,1.0023,3.0000
650,scouts,12,4.0021,2.5035,3.0000
650,scouts,13,2.5021,4.0035,3.0000
650,scouts,14,1.0021,2.5035,3.0000
650,scouts,15,2.5021,1.0035,3.0000
650,workers,0,-8.0078,8.0202,3.0000
650,workers,1,8.0009,8.0116,3.0000
650,workers,2,8.0083,-8.0098,3.0000
650,workers,3,-7.7485,-7.7821,3.0000
651,general,0,0.0000,0.0000,5.0000
651,nodes,0,-5.7947,-1.5565,3.0000
651,nodes,1,5.7948,-1.5606,3.0000
651,nodes,2,-2.5005,2.5012,3.0000
651,nodes,3,2.5011,2.5032,3.0000
651,scouts,0,-4.2947,-1.5576,3.0000
651,scouts,1,-5.7947,-0.0576,3.0000
651,scouts,2,-7.2947,-1.5576,3.0000
651,scouts,3,-5.7947,-3.0576,3.0000
651,scouts,4,7.2944,-1.5617,3.0000
651,scouts,5,5.7944,-0.0617,3.0000
651,scouts,6,4.2944,-1.5617,3.0000
651,scouts,7,5.7944,-3.0617,3.0000
651,scouts,8,-1.0016,2.5021,3.0000
651,scouts,9,-2.5016,4.0021,3.0000
651,scouts,10,-4.0016,2.5021,3.0000
651,scouts,11,-2.5016,1.0021,3.0000
651,scouts,12,4.0020,2.5034,3.0000
651,scouts,13,2.5020,4.0034,3.0000
651,scouts,14,1.0020,2.5034,3.0000
651,scouts,15,2.5020,1.0034,3.0000
651,workers,0,-8.0078,8.0202,3.0000
651,workers,1,8.0009,8.0116,3.0000
651,workers,2,8.0083,-8.0098,3.0000
651,workers,3,-7.7737,-7.8039,3.0000
652,general,0,0.0000,0.0000,5.0000
652,nodes,0,-5.7947,-1.5564,3.0000
652,nodes,1,5.7948,-1.5605,3.0000
652,nodes,2,-2.5005,2.5011,3.0000
652,nodes,3,2.5010,2.5032,3.0000
652,scouts,0,-4.2947,-1.5574,3.0000
652,scouts,1,-5.7947,-0.0574,3.0000
652,scouts,2,-7.2947,-1.5574,3.0000
652,scouts,3,-5.7947,-3.0574,3.0000
652,scouts,4,7.2945,-1.5615,3.0000
652,scouts,5,5.7945,-0.0615,3.0000
652,scouts,6,4.2945,-1.5615,3.0000
652,scouts,7,5.7945,-3.0615,3.0000
652,scouts,8,-1.0015,2.5020,3.0000
652,scouts,9,-2.5015,4.0020,3.0000
652,scouts,10,-4.0015,2.5020,3.0000
652,scouts,11,-2.5015,1.0020,3.0000
652,scouts,12,4.0019,2.5034,3.0000
652,scouts,13,2.5019,4.0034,3.0000
652,scouts,14,1.0019,2.5034,3.0000
652,scouts,15,2.5019,1.0034,3.0000
652,workers,0,-8.0078,8.0202,3.0000
652,workers,1,8.0009,8.0116,3.0000
652,workers,2,8.0083,-8.0098,3.0000
652,workers,3,-7.7964,-7.8235,3.0000
653,general,0,0.0000,0.0000,5.0000
653,nodes,0,-5.7947,-1.5564,3.0000
653,nodes,1,5.7949,-1.5605,3.0000
653,nodes,2,-2.5004,2.5010,3.0000
653,nodes,3,2.5009,2.5033,3.0000
653,scouts,0,-4.2947,-1.5573,3.0000
653,scouts,1,-5.7947,-0.0573,3.0000
653,scouts,2,-7.2947,-1.5573,3.0000
653,scouts,3,-5.7947,-3.0573,3.0000
653,scouts,4,7.2945,-1.5614,3.0000
653,scouts,5,5.7945,-0.0614,3.0000
653,scouts,6,4.2945,-1.5614,3.0000
653,scouts,7,5.7945,-3.0614,3.0000
653,scouts,8,-1.0013,2.5019,3.0000
653,scouts,9,-2.5013,4.0019,3.0000
653,scouts,10,-4.0013,2.5019,3.0000
653,scouts,11,-2.5013,1.0019,3.0000
653,scouts,12,4.0017,2.5034,3.0000
653,scouts,13,2.5017,4.0034,3.0000
653,scouts,14,1.0017,2.5034,3.0000
653,scouts,15,2.5017,1.0034,3.0000
653,workers,0,-8.0078,8.0202,3.0000
653,workers,1,8.0009,8.0116,3.0000
653,workers,2,8.0083,-8.0098,3.0000
653,workers,3,-7.8168,-7.8412,3.0000
654,general,0,0.0000,0.0000,5.0000
654,nodes,0,-5.7947,-1.5563,3.0000
654,nodes,1,5.7949,-1.5604,3.0000
654,nodes,2,-2.5004,2.5009,3.0000
654,nodes,3,2.5008,2.5033,3.0000
654,scouts,0,-4.2947,-1.5571,3.0000
654,scouts,1,-5.7947,-0.0571,3.0000
654,scouts,2,-7.2947,-1.5571,3.0000
654,scouts,3,-5.7947,-3.0571,3.0000
654,scouts,4,7.2946,-1.5613,3.0000
654,scouts,5,5.7946,-0.0613,3.0000
654,scouts,6,4.2946,-1.5613,3.0000
654,scouts,7,5.7946,-3.0613,3.0000
654,scouts,8,-1.0012,2.5017,3.0000
654,scouts,9,-2.5012,4.0017,3.0000
654,scouts,10,-4.0012,2.5017,3.0000
654,scouts,11,-2.5012,1.0017,3.0000
654,scouts,12,4.0016,2.5034,3.0000
654,scouts,13,2.5016,4.0034,3.0000
654,scouts,14,1.0016,2.5034,3.0000
654,scouts,15,2.5016,1.0034,3.0000
654,workers,0,-8.0078,8.0202,3.0000
654,workers,1,8.0009,8.0116,3.0000
654,workers,2,8.0083,-8.0098,3.0000
654,workers,3,-7.8352,-7.8571,3.0000
655,general,0,0.0000,0.0000,5.0000
655,nodes,0,-5.7947,-1.5561,3.0000
655,nodes,1,5.7949,-1.5604,3.0000
655,nodes,2,-2.5003,2.5009,3.0000
655,nodes,3,2.5007,2.5033,3.0000
655,scouts,0,-4.2947,-1.5570,3.0000
655,scouts,1,-5.7947,-0.0570,3.0000
655,scouts,2,-7.2947,-1.5570,3.0000
655,scouts,3,-5.7947,-3.0570,3.0000
655,scouts,4,7.2946,-1.5611,3.0000
655,scouts,5,5.7946,-0.0611,3.0000
655,scouts,6,4.2946,-1.5611,3.0000
655,scouts,7,5.7946,-3.0611,3.0000
655,scouts,8,-1.0011,2.5016,3.0000
655,scouts,9,-2.5011,4.0016,3.0000
655,scouts,10,-4.0011,2.5016,3.0000
655,scouts,11,-2.5011,1.0016,3.0000
655,scouts,12,4.0015,2.5034,3.0000
655,scouts,13,2.5015,4.0034,3.0000
655,scouts,14,1.0015,2.5034,3.0000
655,scouts,15,2.5015,1.0034,3.0000
655,workers,0,-8.0078,8.0202,3.0000
655,workers,1,8.0009,8.0116,3.0000
655,workers,2,8.0083,-8.0098,3.0000
655,workers,3,-7.8461,-7.8666,3.0000
656,general,0,0.0000,0.0000,5.0000
656,nodes,0,-5.7947,-1.5561,3.0000
656,nodes,1,5.7950,-1.5603,3.0000
656,nodes,2,-2.5002,2.5009,3.0000
656,nodes,3,2.5006,2.5033,3.0000
656,scouts,0,-4.2947,-1.5569,3.0000
656,scouts,1,-5.7947,-0.0569,3.0000
656,scouts,2,-7.2947,-1.5569,3.0000
656,scouts,3,-5.7947,-3.0569,3.0000
656,scouts,4,7.2947,-1.5610,3.0000
656,scouts,5,5.7947,-0.0610,3.0000
656,scouts,6,4.2947,-1.5610,3.0000
656,scouts,7,5.7947,-3.0610,3.0000
656,scouts,8,-1.0010,2.5015,3.0000
656,scouts,9,-2.5010,4.0015,3.0000
656,scouts,10,-4.0010,2.5015,3.0000
656,scouts,11,-2.5010,1.0015,3.0000
656,scouts,12,4.0014,2.5034,3.0000
656,scouts,13,2.5014,4.0034,3.0000
656,scouts,14,1.0014,2.5034,3.0000
656,scouts,15,2.5014,1.0034,3.0000
656,workers,0,-8.0078,8.0202,3.0000
656,workers,1,8.0009,8.0116,3.0000
656,workers,2,8.0083,-8.0098,3.0000
656,workers,3,-7.8526,-7.8722,3.0000
657,general,0,0.0000,0.0000,5.0000
657,nodes,0,-5.7947,-1.5560,3.0000
657,nodes,1,5.7950,-1.5603,3.0000
657,nodes,2,-2.5002,2.5009,3.0000
657,nodes,3,2.5005,2.5033,3.0000
657,scouts,0,-4.2947,-1.5568,3.0000
657,scouts,1,-5.7947,-0.0568,3.0000
657,scouts,2,-7.2947,-1.5568,3.0000
657,scouts,3,-5.7947,-3.0568,3.0000
657,scouts,4,7.2947,-1.5609,3.0000
657,scouts,5,5.7947,-0.0609,3.0000
657,scouts,6,4.2947,-1.5609,3.0000
657,scouts,7,5.7947,-3.0609,3.0000
657,scouts,8,-1.0009,2.5015,3.0000
657,scouts,9,-2.5009,4.0015,3.0000
657,scouts,10,-4.0009,2.5015,3.0000
657,scouts,11,-2.5009,1.0015,3.0000
657,scouts,12,4.0013,2.5033,3.0000
657,scouts,13,2.5013,4.0033,3.0000
657,scouts,14,1.0013,2.5033,3.0000
657,scouts,15,2.5013,1.0033,3.0000
657,workers,0,-8.0078,8.0202,3.0000
657,workers,1,8.0009,8.0116,3.0000
657,workers,2,8.0083,-8.0098,3.0000
657,workers,3,-7.8565,-7.8756,3.0000
658,general,0,0.0000,0.0000,5.0000
658,nodes,0,-5.7948,-1.5559,3.0000
658,nodes,1,5.7950,-1.5603,3.0000
658,nodes,2,-2.5001,2.5009,3.0000
658,nodes,3,2.5005,2.5033,3.0000
658,scouts,0,-4.2947,-1.5566,3.0000
658,scouts,1,-5.7947,-0.0566,3.0000
658,scouts,2,-7.2947,-1.5566,3.0000
658,scouts,3,-5.7947,-3.0566,3.0000
658,scouts,4,7.2948,-1.5608,3.0000
658,scouts,5,5.7948,-0.0608,3.0000
658,scouts,6,4.2948,-1.5608,3.0000
658,scouts,7,5.7948,-3.0608,3.0000
658,scouts,8,-1.0008,2.5014,3.0000
658,scouts,9,-2.5008,4.0014,3.0000
658,scouts,10,-4.0008,2.5014,3.0000
658,scouts,11,-2.5008,1.0014,3.0000
658,scouts,12,4.0011,2.5033,3.0000
658,scouts,13,2.5011,4.0033,3.0000
658,scouts,14,1.0011,2.5033,3.0000
658,scouts,15,2.5011,1.0033,3.0000
658,workers,0,-8.0078,8.0202,3.0000
658,workers,1,8.0009,8.0116,3.0000
658,workers,2,8.0083,-8.0098,3.0000
658,workers,3,-7.8588,-7.8776,3.0000
659,general,0,0.0000,0.0000,5.0000
659,nodes,0,-5.7948,-1.5558,3.0000
659,nodes,1,5.7950,-1.5603,3.0000
659,nodes,2,-2.5000,2.5009,3.0000
659,nodes,3,2.5004,2.5033,3.0000
659,scouts,0,-4.2947,-1.5565,3.0000
659,scouts,1,-5.7947,-0.0565,3.0000
659,scouts,2,-7.2947,-1.5565,3.0000
659,scouts,3,-5.7947,-3.0565,3.0000
659,scouts,4,7.2948,-1.5608,3.0000
659,scouts,5,5.7948,-0.0608,3.0000
659,scouts,6,4.2948,-1.5608,3.0000
659,scouts,7,5.7948,-3.0608,3.0000
659,scouts,8,-1.0007,2.5013,3.0000
659,scouts,9,-2.5007,4.0013,3.0000
659,scouts,10,-4.0007,2.5013,3.0000
659,scouts,11,-2.5007,1.0013,3.0000
659,scouts,12,4.0010,2.5033,3.0000
659,scouts,13,2.5010,4.0033,3.0000
659,scouts,14,1.0010,2.5033,3.0000
659,scouts,15,2.5010,1.0033,3.0000
659,workers,0,-8.0078,8.0202,3.0000
659,workers,1,8.0009,8.0116,3.0000
659,workers,2,8.0083,-8.0098,3.0000
659,workers,3,-7.8601,-7.8788,3.0000
660,general,0,0.0000,0.0000,5.0000
660,nodes,0,-5.7948,-1.5558,3.0000
660,nodes,1,5.7950,-1.5602,3.0000
660,nodes,2,-2.4999,2.5010,3.0000
660,nodes,3,2.5003,2.5033,3.0000
660,scouts,0,-4.2947,-1.5564,3.0000
660,scouts,1,-5.7947,-0.0564,3.0000
660,scouts,2,-7.2947,-1.5564,3.0000
660,scouts,3,-5.7947,-3.0564,3.0000
660,scouts,4,7.2948,-1.5607,3.0000
660,scouts,5,5.7948,-0.0607,3.0000
660,scouts,6,4.2948,-1.5607,3.0000
660,scouts,7,5.7948,-3.0607,3.0000
660,scouts,8,-1.0006,2.5013,3.0000
660,scouts,9,-2.5006,4.0013,3.0000
660,scouts,10,-4.0006,2.5013,3.0000
660,scouts,11,-2.5006,1.0013,3.0000
660,scouts,12,4.0010,2.5033,3.0000
660,scouts,13,2.5010,4.0033,3.0000
660,scouts,14,1.0010,2.5033,3.0000
660,scouts,15,2.5010,1.0033,3.0000
660,workers,0,-8.0078,8.0202,3.0000
660,workers,1,8.0009,8.0116,3.0000
660,workers,2,8.0083,-8.0098,3.0000
660,workers,3,-7.8609,-7.8795,3.0000
661,general,0,0.0000,0.0000,5.0000
661,nodes,0,-5.7949,-1.5558,3.0000
661,nodes,1,5.7951,-1.5602,3.0000
661,nodes,2,-2.4998,2.5010,3.0000
661,nodes,3,2.5003,2.5032,3.0000
661,scouts,0,-4.2948,-1.5564,3.0000
661,scouts,1,-5.7948,-0.0564,3.0000
661,scouts,2,-7.2948,-1.5564,3.0000
661,scouts,3,-5.7948,-3.0564,3.0000
661,scouts,4,7.2948,-1.5606,3.0000
661,scouts,5,5.7948,-0.0606,3.0000
661,scouts,6,4.2948,-1.5606,3.0000
661,scouts,7,5.7948,-3.0606,3.0000
661,scouts,8,-1.0005,2.5012,3.0000
661,scouts,9,-2.5005,4.0012,3.0000
661,scouts,10,-4.0005,2.5012,3.0000
661,scouts,11,-2.5005,1.0012,3.0000
661,scouts,12,4.0009,2.5033,3.0000
661,scouts,13,2.5009,4.0033,3.0000
661,scouts,14,1.0009,2.5033,3.0000
661,scouts,15,2.5009,1.0033,3.0000
661,workers,0,-8.0078,8.0202,3.0000
661,workers,1,8.0009,8.0116,3.0000
661,workers,2,8.0083,-8.0098,3.0000
661,workers,3,-7.8614,-7.8799,3.0000
662,general,0,0.0000,0.0000,5.0000
662,nodes,0,-5.7949,-1.5557,3.0000
662,nodes,1,5.7951,-1.5601,3.0000
662,nodes,2,-2.4998,2.5010,3.0000
662,nodes,3,2.5002,2.5032,3.0000
662,scouts,0,-4.2948,-1.5563,3.0000
662,scouts,1,-5.7948,-0.0563,3.0000
662,scouts,2,-7.2948,-1.5563,3.0000
662,scouts,3,-5.7948,-3.0563,3.0000
662,scouts,4,7.2949,-1.5606,3.0000
662,scouts,5,5.7949,-0.0606,3.0000
662,scouts,6,4.2949,-1.5606,3.0000
662,scouts,7,5.7949,-3.0606,3.0000
662,scouts,8,-1.0004,2.5012,3.0000
662,scouts,9,-2.5004,4.0012,3.0000
662,scouts,10,-4.0004,2.5012,3.0000
662,scouts,11,-2.5004,1.0012,3.0000
662,scouts,12,4.0008,2.5033,3.0000
662,scouts,13,2.5008,4.0033,3.0000
662,scouts,14,1.0008,2.5033,3.0000
662,scouts,15,2.5008,1.0033,3.0000
662,workers,0,-8.0078,8.0202,3.0000
662,workers,1,8.0009,8.0116,3.0000
662,workers,2,8.0083,-8.0098,3.0000
662,workers,3,-7.8617,-7.8801,3.0000
663,general,0,0.0000,0.0000,5.0000
663,nodes,0,-5.7950,-1.5557,3.0000
663,nodes,1,5.7951,-1.5601,3.0000
663,nodes,2,-2.4997,2.5010,3.0000
663,nodes,3,2.5001,2.5031,3.0000
663,scouts,0,-4.2948,-1.5562,3.0000
663,scouts,1,-5.7948,-0.0562,3.0000
663,scouts,2,-7.2948,-1.5562,3.0000
663,scouts,3,-5.7948,-3.0562,3.0000
663,scouts,4,7.2949,-1.5605,3.0000
663,scouts,5,5.7949,-0.0605,3.0000
663,scouts,6,4.2949,-1.5605,3.0000
663,scouts,7,5.7949,-3.0605,3.0000
663,scouts,8,-1.0003,2.5012,3.0000
663,scouts,9,-2.5003,4.0012,3.0000
663,scouts,10,-4.0003,2.5012,3.0000
663,scouts,11,-2.5003,1.0012,3.0000
663,scouts,12,4.0007,2.5033,3.0000
663,scouts,13,2.5007,4.0033,3.0000
663,scouts,14,1.0007,2.5033,3.0000
663,scouts,15,2.5007,1.0033,3.0000
663,workers,0,-8.0078,8.0202,3.0000
663,workers,1,8.0009,8.0116,3.0000
663,workers,2,8.0083,-8.0098,3.0000
663,workers,3,-7.8619,-7.8803,3.0000
664,general,0,0.0000,0.0000,5.0000
664,nodes,0,-5.7950,-1.5557,3.0000
664,nodes,1,5.7951,-1.5600,3.0000
664,nodes,2,-2.4996,2.5010,3.0000
664,nodes,3,2.5001,2.5031,3.0000
664,scouts,0,-4.2948,-1.5561,3.0000
664,scouts,1,-5.7948,-0.0561,3.0000
664,scouts,2,-7.2948,-1.5561,3.0000
664,scouts,3,-5.7948,-3.0561,3.0000
664,scouts,4,7.2949,-1.5604,3.0000
664,scouts,5,5.7949,-0.0604,3.0000
664,scouts,6,4.2949,-1.5604,3.0000
664,scouts,7,5.7949,-3.0604,3.0000
664,scouts,8,-1.0002,2.5012,3.0000
664,scouts,9,-2.5002,4.0012,3.0000
664,scouts,10,-4.0002,2.5012,3.0000
664,scouts,11,-2.5002,1.0012,3.0000
664,scouts,12,4.0006,2.5033,3.0000
664,scouts,13,2.5006,4.0033,3.0000
664,scouts,14,1.0006,2.5033,3.0000
664,scouts,15,2.5006,1.0033,3.0000
664,workers,0,-8.0078,8.0202,3.0000
664,workers,1,8.0009,8.0116,3.0000
664,workers,2,8.0083,-8.0098,3.0000
664,workers,3,-7.8620,-7.8804,3.0000
665,general,0,0.0000,0.0000,5.0000
665,nodes,0,-5.7950,-1.5557,3.0000
665,nodes,1,5.7951,-1.5598,3.0000
665,nodes,2,-2.4995,2.5010,3.0000
665,nodes,3,2.5001,2.5030,3.0000
665,scouts,0,-4.2949,-1.5561,3.0000
665,scouts,1,-5.7949,-0.0561,3.0000
665,scouts,2,-7.2949,-1.5561,3.0000
665,scouts,3,-5.7949,-3.0561,3.0000
665,scouts,4,7.2950,-1.5603,3.0000
665,scouts,5,5.7950,-0.0603,3.0000
665,scouts,6,4.2950,-1.5603,3.0000
665,scouts,7,5.7950,-3.0603,3.0000
665,scouts,8,-1.0001,2.5011,3.0000
665,scouts,9,-2.5001,4.0011,3.0000
665,scouts,10,-4.0001,2.5011,3.0000
665,scouts,11,-2.5001,1.0011,3.0000
665,scouts,12,4.0005,2.5032,3.0000
665,scouts,13,2.5005,4.0032,3.0000
665,scouts,14,1.0005,2.5032,3.0000
665,scouts,15,2.5005,1.0032,3.0000
665,workers,0,-8.0078,8.0202,3.0000
665,workers,1,8.0009,8.0116,3.0000
665,workers,2,8.0083,-8.0098,3.0000
665,workers,3,-7.8620,-7.8804,3.0000
666,general,0,0.0000,0.0000,5.0000
666,nodes,0,-5.7950,-1.5558,3.0000
666,nodes,1,5.7951,-1.5598,3.0000
666,nodes,2,-2.4994,2.5010,3.0000
666,nodes,3,2.5001,2.5030,3.0000
666,scouts,0,-4.2949,-1.5560,3.0000
666,scouts,1,-5.7949,-0.0560,3.0000
666,scouts,2,-7.2949,-1.5560,3.0000
666,scouts,3,-5.7949,-3.0560,3.0000
666,scouts,4,7.2950,-1.5603,3.0000
666,scouts,5,5.7950,-0.0603,3.0000
666,scouts,6,4.2950,-1.5603,3.0000
666,scouts,7,5.7950,-3.0603,3.0000
666,scouts,8,-1.0000,2.5011,3.0000
666,scouts,9,-2.5000,4.0011,3.0000
666,scouts,10,-4.0000,2.5011,3.0000
666,scouts,11,-2.5000,1.0011,3.0000
666,scouts,12,4.0005,2.5032,3.0000
666,scouts,13,2.5005,4.0032,3.0000
666,scouts,14,1.0005,2.5032,3.0000
666,scouts,15,2.5005,1.0032,3.0000
666,workers,0,-8.0078,8.0202,3.0000
666,workers,1,8.0009,8.0116,3.0000
666,workers,2,8.0083,-8.0098,3.0000
666,workers,3,-7.8621,-7.8805,3.0000
667,general,0,0.0000,0.0000,5.0000
667,nodes,0,-5.7950,-1.5558,3.0000
667,nodes,1,5.7951,-1.5597,3.0000
667,nodes,2,-2.4993,2.5009,3.0000
667,nodes,3,2.5000,2.5030,3.0000
667,scouts,0,-4.2949,-1.5560,3.0000
667,scouts,1,-5.7949,-0.0560,3.0000
667,scouts,2,-7.2949,-1.5560,3.0000
667,scouts,3,-5.7949,-3.0560,3.0000
667,scouts,4,7.2950,-1.5602,3.0000
667,scouts,5,5.7950,-0.0602,3.0000
667,scouts,6,4.2950,-1.5602,3.0000
667,scouts,7,5.7950,-3.0602,3.0000
667,scouts,8,-0.9999,2.5011,3.0000
667,scouts,9,-2.4999,4.0011,3.0000
667,scouts,10,-3.9999,2.5011,3.0000
667,scouts,11,-2.4999,1.0011,3.0000
667,scouts,12,4.0004,2.5032,3.0000
667,scouts,13,2.5004,4.0032,3.0000
667,scouts,14,1.0004,2.5032,3.0000
667,scouts,15,2.5004,1.0032,3.0000
667,workers,0,-8.0078,8.0202,3.0000
667,workers,1,8.0009,8.0116,3.0000
667,workers,2,8.0083,-8.0098,3.0000
667,workers,3,-7.8621,-7.8805,3.0000
668,general,0,0.0000,0.0000,5.0000
668,nodes,0,-5.7950,-1.5558,3.0000
668,nodes,1,5.7951,-1.5597,3.0000
668,nodes,2,-2.4993,2.5009,3.0000
668,nodes,3,2.5000,2.5029,3.0000
668,scouts,0,-4.2949,-1.5560,3.0000
668,scouts,1,-5.7949,-0.0560,3.0000
668,scouts,2,-7.2949,-1.5560,3.0000
668,scouts,3,-5.7949,-3.0560,3.0000
668,scouts,4,7.2950,-1.5601,3.0000
668,scouts,5,5.7950,-0.0601,3.0000
668,scouts,6,4.2950,-1.5601,3.0000
668,scouts,7,5.7950,-3.0601,3.0000
668,scouts,8,-0.9998,2.5011,3.0000
668,scouts,9,-2.4998,4.0011,3.0000
668,scouts,10,-3.9998,2.5011,3.0000
668,scouts,11,-2.4998,1.0011,3.0000
668,scouts,12,4.0004,2.5031,3.0000
668,scouts,13,2.5004,4.0031,3.0000
668,scouts,14,1.0004,2.5031,3.0000
668,scouts,15,2.5004,1.0031,3.0000
668,workers,0,-8.0078,8.0202,3.0000
668,workers,1,8.0009,8.0116,3.0000
668,workers,2,8.0083,-8.0098,3.0000
668,workers,3,-7.8621,-7.8805,3.0000
669,general,0,0.0000,0.0000,5.0000
669,nodes,0,-5.7950,-1.5558,3.0000
669,nodes,1,5.7952,-1.5597,3.0000
669,nodes,2,-2.4992,2.5009,3.0000
669,nodes,3,2.5000,2.5029,3.0000
669,scouts,0,-4.2949,-1.5559,3.0000
669,scouts,1,-5.7949,-0.0559,3.0000
669,scouts,2,-7.2949,-1.5559,3.0000
669,scouts,3,-5.7949,-3.0559,3.0000
669,scouts,4,7.2950,-1.5601,3.0000
669,scouts,5,5.7950,-0.0601,3.0000
669,scouts,6,4.2950,-1.5601,3.0000
669,scouts,7,5.7950,-3.0601,3.0000
669,scouts,8,-0.9998,2.5010,3.0000
669,scouts,9,-2.4998,4.0010,3.0000
669,scouts,10,-3.9998,2.5010,3.0000
669,scouts,11,-2.4998,1.0010,3.0000
669,scouts,12,4.0003,2.5031,3.0000
669,scouts,13,2.5003,4.0031,3.0000
669,scouts,14,1.0003,2.5031,3.0000
669,scouts,15,2.5003,1.0031,3.0000
669,workers,0,-8.0078,8.0202,3.0000
669,workers,1,8.0009,8.0116,3.0000
669,workers,2,8.0083,-8.0098,3.0000
669,workers,3,-7.8621,-7.8805,3.0000
670,general,0,0.0000,0.0000,5.0000
670,nodes,0,-5.7951,-1.5558,3.0000
670,nodes,1,5.7952,-1.5596,3.0000
670,nodes,2,-2.4992,2.5009,3.0000
670,nodes,3,2.4999,2.5029,3.0000
670,scouts,0,-4.2949,-1.5559,3.0000
670,scouts,1,-5.7949,-0.0559,3.0000
670,scouts,2,-7.2949,-1.5559,3.0000
670,scouts,3,-5.7949,-3.0559,3.0000
670,scouts,4,7.2951,-1.5600,3.0000
670,scouts,5,5.7951,-0.0600,3.0000
670,scouts,6,4.2951,-1.5600,3.0000
670,scouts,7,5.7951,-3.0600,3.0000
670,scouts,8,-0.9997,2.5010,3.0000
670,scouts,9,-2.4997,4.0010,3.0000
670,scouts,10,-3.9997,2.5010,3.0000
670,scouts,11,-2.4997,1.0010,3.0000
670,scouts,12,4.0002,2.5031,3.0000
670,scouts,13,2.5002,4.0031,3.0000
670,scouts,14,1.0002,2.5031,3.0000
670,scouts,15,2.5002,1.0031,3.0000
670,workers,0,-8.0078,8.0202,3.0000
670,workers,1,8.0009,8.0116,3.0000
670,workers,2,8.0083,-8.0098,3.0000
670,workers,3,-7.8621,-7.8805,3.0000
671,general,0,0.0000,0.0000,5.0000
671,nodes,0,-5.7950,-1.5558,3.0000
671,nodes,1,5.7953,-1.5596,3.0000
671,nodes,2,-2.4992,2.5008,3.0000
671,nodes,3,2.4999,2.5029,3.0000
671,scouts,0,-4.2950,-1.5559,3.0000
671,scouts,1,-5.7950,-0.0559,3.0000
671,scouts,2,-7.2950,-1.5559,3.0000
671,scouts,3,-5.7950,-3.0559,3.0000
671,scouts,4,7.2951,-1.5600,3.0000
671,scouts,5,5.7951,-0.0600,3.0000
671,scouts,6,4.2951,-1.5600,3.0000
671,scouts,7,5.7951,-3.0600,3.0000
671,scouts,8,-0.9996,2.5010,3.0000
671,scouts,9,-2.4996,4.0010,3.0000
671,scouts,10,-3.9996,2.5010,3.0000
671,scouts,11,-2.4996,1.0010,3.0000
671,scouts,12,4.0002,2.5030,3.0000
671,scouts,13,2.5002,4.0030,3.0000
671,scouts,14,1.0002,2.5030,3.0000
671,scouts,15,2.5002,1.0030,3.0000
671,workers,0,-8.0078,8.0202,3.0000
671,workers,1,8.0009,8.0116,3.0000
671,workers,2,8.0083,-8.0098,3.0000
671,workers,3,-7.8621,-7.8805,3.0000
672,general,0,0.0000,0.0000,5.0000
672,nodes,0,-5.7950,-1.5558,3.0000
672,nodes,1,5.7952,-1.5596,3.0000
672,nodes,2,-2.4992,2.5008,3.0000
672,nodes,3,2.4998,2.5029,3.0000
672,scouts,0,-4.2950,-1.5559,3.0000
672,scouts,1,-5.7950,-0.0559,3.0000
672,scouts,2,-7.2950,-1.5559,3.0000
672,scouts,3,-5.7950,-3.0559,3.0000
672,scouts,4,7.2951,-1.5599,3.0000
672,scouts,5,5.7951,-0.0599,3.0000
672,scouts,6,4.2951,-1.5599,3.0000
672,scouts,7,5.7951,-3.0599,3.0000
672,scouts,8,-0.9996,2.5010,3.0000
672,scouts,9,-2.4996,4.0010,3.0000
672,scouts,10,-3.9996,2.5010,3.0000
672,scouts,11,-2.4996,1.0010,3.0000
672,scouts,12,4.0001,2.5030,3.0000
672,scouts,13,2.5001,4.0030,3.0000
672,scouts,14,1.0001,2.5030,3.0000
672,scouts,15,2.5001,1.0030,3.0000
672,workers,0,-8.0078,8.0202,3.0000
672,workers,1,8.0009,8.0116,3.0000
672,workers,2,8.0083,-8.0098,3.0000
672,workers,3,-7.8621,-7.8805,3.0000
673,general,0,0.0000,0.0000,5.0000
673,nodes,0,-5.7951,-1.5558,3.0000
673,nodes,1,5.7953,-1.5596,3.0000
673,nodes,2,-2.4992,2.5008,3.0000
673,nodes,3,2.4997,2.5029,3.0000
673,scouts,0,-4.2950,-1.5559,3.0000
673,scouts,1,-5.7950,-0.0559,3.0000
673,scouts,2,-7.2950,-1.5559,3.0000
673,scouts,3,-5.7950,-3.0559,3.0000
673,scouts,4,7.2951,-1.5599,3.0000
673,scouts,5,5.7951,-0.0599,3.0000
673,scouts,6,4.2951,-1.5599,3.0000
673,scouts,7,5.7951,-3.0599,3.0000
673,scouts,8,-0.9995,2.5009,3.0000
673,scouts,9,-2.4995,4.0009,3.0000
673,scouts,10,-3.9995,2.5009,3.0000
673,scouts,11,-2.4995,1.0009,3.0000
673,scouts,12,4.0001,2.5030,3.0000
673,scouts,13,2.5001,4.0030,3.0000
673,scouts,14,1.0001,2.5030,3.0000
673,scouts,15,2.5001,1.0030,3.0000
673,workers,0,-8.0078,8.0202,3.0000
673,workers,1,8.0009,8.0116,3.0000
673,workers,2,8.0083,-8.0098,3.0000
673,workers,3,-7.8621,-7.8805,3.0000
674,general,0,0.0000,0.0000,5.0000
674,nodes,0,-5.7951,-1.5559,3.0000
674,nodes,1,5.7952,-1.5596,3.0000
674,nodes,2,-2.4992,2.5007,3.0000
674,nodes,3,2.4996,2.5029,3.0000
674,scouts,0,-4.2950,-1.5559,3.0000
674,scouts,1,-5.7950,-0.0559,3.0000
674,scouts,2,-7.2950,-1.5559,3.0000
674,scouts,3,-5.7950,-3.0559,3.0000
674,scouts,4,7.2951,-1.5598,3.0000
674,scouts,5,5.7951,-0.0598,3.0000
674,scouts,6,4.2951,-1.5598,3.0000
674,scouts,7,5.7951,-3.0598,3.0000
674,scouts,8,-0.9995,2.5009,3.0000
674,scouts,9,-2.4995,4.0009,3.0000
674,scouts,10,-3.9995,2.5009,3.0000
674,scouts,11,-2.4995,1.0009,3.0000
674,scouts,12,4.0000,2.5030,3.0000
674,scouts,13,2.5000,4.0030,3.0000
674,scouts,14,1.0000,2.5030,3.0000
674,scouts,15,2.5000,1.0030,3.0000
674,workers,0,-8.0078,8.0202,3.0000
674,workers,1,8.0009,8.0116,3.0000
674,workers,2,8.0083,-8.0098,3.0000
674,workers,3,-7.8621,-7.8805,3.0000
675,general,0,0.0000,0.0000,5.0000
675,nodes,0,-5.7951,-1.5559,3.0000
675,nodes,1,5.7952,-1.5596,3.0000
675,nodes,2,-2.4992,2.5006,3.0000
675,nodes,3,2.4995,2.5029,3.0000
675,scouts,0,-4.2950,-1.5559,3.0000
675,scouts,1,-5.7950,-0.0559,3.0000
675,scouts,2,-7.2950,-1.5559,3.0000
675,scouts,3,-5.7950,-3.0559,3.0000
675,scouts,4,7.2952,-1.5598,3.0000
675,scouts,5,5.7952,-0.0598,3.0000
675,scouts,6,4.2952,-1.5598,3.0000
675,scouts,7,5.7952,-3.0598,3.0000
675,scouts,8,-0.9994,2.5009,3.0000
675,scouts,9,-2.4994,4.0009,3.0000
675,scouts,10,-3.9994,2.5009,3.0000
675,scouts,11,-2.4994,1.0009,3.0000
675,scouts,12,4.0000,2.5030,3.0000
675,scouts,13,2.5000,4.0030,3.0000
675,scouts,14,1.0000,2.5030,3.0000
675,scouts,15,2.5000,1.0030,3.0000
675,workers,0,-8.0078,8.0202,3.0000
675,workers,1,8.0009,8.0116,3.0000
675,workers,2,8.0083,-8.0098,3.0000
675,workers,3,-7.8621,-7.8805,3.0000
676,general,0,0.0000,0.0000,5.0000
676,nodes,0,-5.7951,-1.5559,3.0000
676,nodes,1,5.7951,-1.5596,3.0000
676,nodes,2,-2.4992,2.5006,3.0000
676,nodes,3,2.4995,2.5029,3.0000
676,scouts,0,-4.2950,-1.5559,3.0000
676,scouts,1,-5.7950,-0.0559,3.0000
676,scouts,2,-7.2950,-1.5559,3.0000
676,scouts,3,-5.7950,-3.0559,3.0000
676,scouts,4,7.2951,-1.5598,3.0000
676,scouts,5,5.7951,-0.0598,3.0000
676,scouts,6,4.2951,-1.5598,3.0000
676,scouts,7,5.7951,-3.0598,3.0000
676,scouts,8,-0.9994,2.5008,3.0000
676,scouts,9,-2.4994,4.0008,3.0000
676,scouts,10,-3.9994,2.5008,3.0000
676,scouts,11,-2.4994,1.0008,3.0000
676,scouts,12,3.9999,2.5030,3.0000
676,scouts,13,2.4999,4.0030,3.0000
676,scouts,14,0.9999,2.5030,3.0000
676,scouts,15,2.4999,1.0030,3.0000
676,workers,0,-8.0078,8.0202,3.0000
676,workers,1,8.0009,8.0116,3.0000
676,workers,2,8.0083,-8.0098,3.0000
676,workers,3,-7.8621,-7.8805,3.0000
677,general,0,0.0000,0.0000,5.0000
677,nodes,0,-5.7951,-1.5559,3.0000
677,nodes,1,5.7951,-1.5595,3.0000
677,nodes,2,-2.4992,2.5006,3.0000
677,nodes,3,2.4994,2.5029,3.0000
677,scouts,0,-4.2950,-1.5559,3.0000
677,scouts,1,-5.7950,-0.0559,3.0000
677,scouts,2,-7.2950,-1.5559,3.0000
677,scouts,3,-5.7950,-3.0559,3.0000
677,scouts,4,7.2951,-1.5597,3.0000
677,scouts,5,5.7951,-0.0597,3.0000
677,scouts,6,4.2951,-1.5597,3.0000
677,scouts,7,5.7951,-3.0597,3.0000
677,scouts,8,-0.9994,2.5008,3.0000
677,scouts,9,-2.4994,4.0008,3.0000
677,scouts,10,-3.9994,2.5008,3.0000
677,scouts,11,-2.4994,1.0008,3.0000
677,scouts,12,3.9998,2.5030,3.0000
677,scouts,13,2.4998,4.0030,3.0000
677,scouts,14,0.9998,2.5030,3.0000
677,scouts,15,2.4998,1.0030,3.0000
677,workers,0,-8.0078,8.0202,3.0000
677,workers,1,8.0009,8.0116,3.0000
677,workers,2,8.0083,-8.0098,3.0000
677,workers,3,-7.8621,-7.8805,3.0000
678,general,0,0.0000,0.0000,5.0000
678,nodes,0,-5.7952,-1.5560,3.0000
678,nodes,1,5.7951,-1.5595,3.0000
678,nodes,2,-2.4991,2.5005,3.0000
678,nodes,3,2.4994,2.5030,3.0000
678,scouts,0,-4.2951,-1.5559,3.0000
678,scouts,1,-5.7951,-0.0559,3.0000
678,scouts,2,-7.2951,-1.5559,3.0000
678,scouts,3,-5.7951,-3.0559,3.0000
678,scouts,4,7.2951,-1.5597,3.0000
678,scouts,5,5.7951,-0.0597,3.0000
678,scouts,6,4.2951,-1.5597,3.0000
678,scouts,7,5.7951,-3.0597,3.0000
678,scouts,8,-0.9993,2.5008,3.0000
678,scouts,9,-2.4993,4.0008,3.0000
678,scouts,10,-3.9993,2.5008,3.0000
678,scouts,11,-2.4993,1.0008,3.0000
678,scouts,12,3.9998,2.5030,3.0000
678,scouts,13,2.4998,4.0030,3.0000
678,scouts,14,0.9998,2.5030,3.0000
678,scouts,15,2.4998,1.0030,3.0000
678,workers,0,-8.0078,8.0202,3.0000
678,workers,1,8.0009,8.0116,3.0000
678,workers,2,8.0083,-8.0098,3.0000
678,workers,3,-7.8621,-7.8805,3.0000
679,general,0,0.0000,0.0000,5.0000
679,nodes,0,-5.7952,-1.5560,3.0000
679,nodes,1,5.7951,-1.5595,3.0000
679,nodes,2,-2.4991,2.5005,3.0000
679,nodes,3,2.4994,2.5030,3.0000
679,scouts,0,-4.2951,-1.5559,3.0000
679,scouts,1,-5.7951,-0.0559,3.0000
679,scouts,2,-7.2951,-1.5559,3.0000
679,scouts,3,-5.7951,-3.0559,3.0000
679,scouts,4,7.2951,-1.5597,3.0000
679,scouts,5,5.7951,-0.0597,3.0000
679,scouts,6,4.2951,-1.5597,3.0000
679,scouts,7,5.7951,-3.0597,3.0000
679,scouts,8,-0.9993,2.5007,3.0000
679,scouts,9,-2.4993,4.0007,3.0000
679,scouts,10,-3.9993,2.5007,3.0000
679,scouts,11,-2.4993,1.0007,3.0000
679,scouts,12,3.9997,2.5030,3.0000
679,scouts,13,2.4997,4.0030,3.0000
679,scouts,14,0.9997,2.5030,3.0000
679,scouts,15,2.4997,1.0030,3.0000
679,workers,0,-8.0078,8.0202,3.0000
679,workers,1,8.0009,8.0116,3.0000
679,workers,2,8.0083,-8.0098,3.0000
679,workers,3,-7.8621,-7.8805,3.0000
680,general,0,0.0000,0.0000,5.0000
680,nodes,0,-5.7953,-1.5560,3.0000
680,nodes,1,5.7951,-1.5595,3.0000
680,nodes,2,-2.4990,2.5005,3.0000
680,nodes,3,2.4993,2.5030,3.0000
680,scouts,0,-4.2951,-1.5559,3.0000
680,scouts,1,-5.7951,-0.0559,3.0000
680,scouts,2,-7.2951,-1.5559,3.0000
680,scouts,3,-5.7951,-3.0559,3.0000
680,scouts,4,7.2951,-1.5597,3.0000
680,scouts,5,5.7951,-0.0597,3.0000
680,scouts,6,4.2951,-1.5597,3.0000
680,scouts,7,5.7951,-3.0597,3.0000
680,scouts,8,-0.9993,2.5007,3.0000
680,scouts,9,-2.4993,4.0007,3.0000
680,scouts,10,-3.9993,2.5007,3.0000
680,scouts,11,-2.4993,1.0007,3.0000
680,scouts,12,3.9997,2.5030,3.0000
680,scouts,13,2.4997,4.0030,3.0000
680,scouts,14,0.9997,2.5030,3.0000
680,scouts,15,2.4997,1.0030,3.0000
680,workers,0,-8.0078,8.0202,3.0000
680,workers,1,8.0009,8.0116,3.0000
680,workers,2,8.0083,-8.0098,3.0000
680,workers,3,-7.8621,-7.8805,3.0000
681,general,0,0.0000,0.0000,5.0000
681,nodes,0,-5.7953,-1.5559,3.0000
681,nodes,1,5.7951,-1.5595,3.0000
681,nodes,2,-2.4989,2.5004,3.0000
681,nodes,3,2.4993,2.5030,3.0000
681,scouts,0,-4.2951,-1.5559,3.0000
681,scouts,1,-5.7951,-0.0559,3.0000
681,scouts,2,-7.2951,-1.5559,3.0000
681,scouts,3,-5.7951,-3.0559,3.0000
681,scouts,4,7.2951,-1.5597,3.0000
681,scouts,5,5.7951,-0.0597,3.0000
681,scouts,6,4.2951,-1.5597,3.0000
681,scouts,7,5.7951,-3.0597,3.0000
681,scouts,8,-0.9992,2.5007,3.0000
681,scouts,9,-2.4992,4.0007,3.0000
681,scouts,10,-3.9992,2.5007,3.0000
681,scouts,11,-2.4992,1.0007,3.0000
681,scouts,12,3.9996,2.5030,3.0000
681,scouts,13,2.4996,4.0030,3.0000
681,scouts,14,0.9996,2.5030,3.0000
681,scouts,15,2.4996,1.0030,3.0000
681,workers,0,-8.0078,8.0202,3.0000
681,workers,1,8.0009,8.0116,3.0000
681,workers,2,8.0083,-8.0098,3.0000
681,workers,3,-7.8621,-7.8805,3.0000
682,general,0,0.0000,0.0000,5.0000
682,nodes,0,-5.7952,-1.5559,3.0000
682,nodes,1,5.7951,-1.5595,3.0000
682,nodes,2,-2.4989,2.5004,3.0000
682,nodes,3,2.4992,2.5031,3.0000
682,scouts,0,-4.2951,-1.5559,3.0000
682,scouts,1,-5.7951,-0.0559,3.0000
682,scouts,2,-7.2951,-1.5559,3.0000
682,scouts,3,-5.7951,-3.0559,3.0000
682,scouts,4,7.2951,-1.5596,3.0000
682,scouts,5,5.7951,-0.0596,3.0000
682,scouts,6,4.2951,-1.5596,3.0000
682,scouts,7,5.7951,-3.0596,3.0000
682,scouts,8,-0.9992,2.5006,3.0000
682,scouts,9,-2.4992,4.0006,3.0000
682,scouts,10,-3.9992,2.5006,3.0000
682,scouts,11,-2.4992,1.0006,3.0000
682,scouts,12,3.9996,2.5030,3.0000
682,scouts,13,2.4996,4.0030,3.0000
682,scouts,14,0.9996,2.5030,3.0000
682,scouts,15,2.4996,1.0030,3.0000
682,workers,0,-8.0078,8.0202,3.0000
682,workers,1,8.0009,8.0116,3.0000
682,workers,2,8.0083,-8.0098,3.0000
682,workers,3,-7.8621,-7.8805,3.0000
683,general,0,0.0000,0.0000,5.0000
683,nodes,0,-5.7952,-1.5559,3.0000
683,nodes,1,5.7951,-1.5595,3.0000
683,nodes,2,-2.4988,2.5004,3.0000
683,nodes,3,2.4991,2.5031,3.0000
683,scouts,0,-4.2952,-1.5559,3.0000
683,scouts,1,-5.7952,-0.0559,3.0000
683,scouts,2,-7.2952,-1.5559,3.0000
683,scouts,3,-5.7952,-3.0559,3.0000
683,scouts,4,7.2951,-1.5596,3.0000
683,scouts,5,5.7951,-0.0596,3.0000
683,scouts,6,4.2951,-1.5596,3.0000
683,scouts,7,5.7951,-3.0596,3.0000
683,scouts,8,-0.9991,2.5006,3.0000
683,scouts,9,-2.4991,4.0006,3.0000
683,scouts,10,-3.9991,2.5006,3.0000
683,scouts,11,-2.4991,1.0006,3.0000
683,scouts,12,3.9995,2.5030,3.0000
683,scouts,13,2.4995,4.0030,3.0000
683,scouts,14,0.9995,2.5030,3.0000
683,scouts,15,2.4995,1.0030,3.0000
683,workers,0,-8.0078,8.0202,3.0000
683,workers,1,8.0009,8.0116,3.0000
683,workers,2,8.0083,-8.0098,3.0000
683,workers,3,-7.8621,-7.8805,3.0000
684,general,0,0.0000,0.0000,5.0000
684,nodes,0,-5.7952,-1.5559,3.0000
684,nodes,1,5.7951,-1.5594,3.0000
684,nodes,2,-2.4987,2.5004,3.0000
684,nodes,3,2.4990,2.5031,3.0000
684,scouts,0,-4.2952,-1.5559,3.0000
684,scouts,1,-5.7952,-0.0559,3.0000
684,scouts,2,-7.2952,-1.5559,3.0000
684,scouts,3,-5.7952,-3.0559,3.0000
684,scouts,4,7.2951,-1.5596,3.0000
684,scouts,5,5.7951,-0.0596,3.0000
684,scouts,6,4.2951,-1.5596,3.0000
684,scouts,7,5.7951,-3.0596,3.0000
684,scouts,8,-0.9991,2.5006,3.0000
684,scouts,9,-2.4991,4.0006,3.0000
684,scouts,10,-3.9991,2.5006,3.0000
684,scouts,11,-2.4991,1.0006,3.0000
684,scouts,12,3.9994,2.5030,3.0000
684,scouts,13,2.4994,4.0030,3.0000
684,scouts,14,0.9994,2.5030,3.0000
684,scouts,15,2.4994,1.0030,3.0000
684,workers,0,-8.0078,8.0202,3.0000
684,workers,1,8.0009,8.0116,3.0000
684,workers,2,8.0083,-8.0098,3.0000
684,workers,3,-7.8621,-7.8805,3.0000
685,general,0,0.0000,0.0000,5.0000
685,nodes,0,-5.7952,-1.5559,3.0000
685,nodes,1,5.7951,-1.5594,3.0000
685,nodes,2,-2.4987,2.5004,3.0000
685,nodes,3,2.4989,2.5031,3.0000
685,scouts,0,-4.2952,-1.5559,3.0000
685,scouts,1,-5.7952,-0.0559,3.0000
685,scouts,2,-7.2952,-1.5559,3.0000
685,scouts,3,-5.7952,-3.0559,3.0000
685,scouts,4,7.2951,-1.5596,3.0000
685,scouts,5,5.7951,-0.0596,3.0000
685,scouts,6,4.2951,-1.5596,3.0000
685,scouts,7,5.7951,-3.0596,3.0000
685,scouts,8,-0.9990,2.5006,3.0000
685,scouts,9,-2.4990,4.0006,3.0000
685,scouts,10,-3.9990,2.5006,3.0000
685,scouts,11,-2.4990,1.0006,3.0000
685,scouts,12,3.9994,2.5030,3.0000
685,scouts,13,2.4994,4.0030,3.0000
685,scouts,14,0.9994,2.5030,3.0000
685,scouts,15,2.4994,1.0030,3.0000
685,workers,0,-8.0078,8.0202,3.0000
685,workers,1,8.0009,8.0116,3.0000
685,workers,2,8.0083,-8.0098,3.0000
685,workers,3,-7.8621,-7.8805,3.0000
686,general,0,0.0000,0.0000,5.0000
686,nodes,0,-5.7952,-1.5559,3.0000
686,nodes,1,5.7951,-1.5595,3.0000
686,nodes,2,-2.4986,2.5004,3.0000
686,nodes,3,2.4989,2.5031,3.0000
686,scouts,0,-4.2952,-1.5559,3.0000
686,scouts,1,-5.7952,-0.0559,3.0000
686,scouts,2,-7.2952,-1.5559,3.0000
686,scouts,3,-5.7952,-3.0559,3.0000
686,scouts,4,7.2951,-1.5596,3.0000
686,scouts,5,5.7951,-0.0596,3.0000
686,scouts,6,4.2951,-1.5596,3.0000
686,scouts,7,5.7951,-3.0596,3.0000
686,scouts,8,-0.9990,2.5005,3.0000
686,scouts,9,-2.4990,4.0005,3.0000
686,scouts,10,-3.9990,2.5005,3.0000
686,scouts,11,-2.4990,1.0005,3.0000
686,scouts,12,3.9993,2.5030,3.0000
686,scouts,13,2.4993,4.0030,3.0000
686,scouts,14,0.9993,2.5030,3.0000
686,scouts,15,2.4993,1.0030,3.0000
686,workers,0,-8.0078,8.0202,3.0000
686,workers,1,8.0009,8.0116,3.0000
686,workers,2,8.0083,-8.0098,3.0000
686,workers,3,-7.8621,-7.8805,3.0000
687,general,0,0.0000,0.0000,5.0000
687,nodes,0,-5.7952,-1.5559,3.0000
687,nodes,1,5.7951,-1.5595,3.0000
687,nodes,2,-2.4986,2.5004,3.0000
687,nodes,3,2.4988,2.5030,3.0000
687,scouts,0,-4.2952,-1.5559,3.0000
687,scouts,1,-5.7952,-0.0559,3.0000
687,scouts,2,-7.2952,-1.5559,3.0000
687,scouts,3,-5.7952,-3.0559,3.0000
687,scouts,4,7.2951,-1.5595,3.0000
687,scouts,5,5.7951,-0.0595,3.0000
687,scouts,6,4.2951,-1.5595,3.0000
687,scouts,7,5.7951,-3.0595,3.0000
687,scouts,8,-0.9989,2.5005,3.0000
687,scouts,9,-2.4989,4.0005,3.0000
687,scouts,10,-3.9989,2.5005,3.0000
687,scouts,11,-2.4989,1.0005,3.0000
687,scouts,12,3.9992,2.5030,3.0000
687,scouts,13,2.4992,4.0030,3.0000
687,scouts,14,0.9992,2.5030,3.0000
687,scouts,15,2.4992,1.0030,3.0000
687,workers,0,-8.0078,8.0202,3.0000
687,workers,1,8.0009,8.0116,3.0000
687,workers,2,8.0083,-8.0098,3.0000
687,workers,3,-7.8621,-7.8805,3.0000
688,general,0,0.0000,0.0000,5.0000
688,nodes,0,-5.7952,-1.5559,3.0000
688,nodes,1,5.7952,-1.5596,3.0000
688,nodes,2,-2.4986,2.5004,3.0000
688,nodes,3,2.4987,2.5030,3.0000
688,scouts,0,-4.2952,-1.5559,3.0000
688,scouts,1,-5.7952,-0.0559,3.0000
688,scouts,2,-7.2952,-1.5559,3.0000
688,scouts,3,-5.7952,-3.0559,3.0000
688,scouts,4,7.2951,-1.5595,3.0000
688,scouts,5,5.7951,-0.0595,3.0000
688,scouts,6,4.2951,-1.5595,3.0000
688,scouts,7,5.7951,-3.0595,3.0000
688,scouts,8,-0.9989,2.5005,3.0000
688,scouts,9,-2.4989,4.0005,3.0000
688,scouts,10,-3.9989,2.5005,3.0000
688,scouts,11,-2.4989,1.0005,3.0000
688,scouts,12,3.9992,2.5030,3.0000
688,scouts,13,2.4992,4.0030,3.0000
688,scouts,14,0.9992,2.5030,3.0000
688,scouts,15,2.4992,1.0030,3.0000
688,workers,0,-8.0078,8.0202,3.0000
688,workers,1,8.0009,8.0116,3.0000
688,workers,2,8.0083,-8.0098,3.0000
688,workers,3,-7.8621,-7.8805,3.0000
689,general,0,0.0000,0.0000,5.0000
689,nodes,0,-5.7952,-1.5559,3.0000
689,nodes,1,5.7952,-1.5596,3.0000
689,nodes,2,-2.4986,2.5004,3.0000
689,nodes,3,2.4986,2.5030,3.0000
689,scouts,0,-4.2952,-1.5559,3.0000
689,scouts,1,-5.7952,-0.0559,3.0000
689,scouts,2,-7.2952,-1.5559,3.0000
689,scouts,3,-5.7952,-3.0559,3.0000
689,scouts,4,7.2951,-1.5595,3.0000
689,scouts,5,5.7951,-0.0595,3.0000
689,scouts,6,4.2951,-1.5595,3.0000
689,scouts,7,5.7951,-3.0595,3.0000
689,scouts,8,-0.9988,2.5005,3.0000
689,scouts,9,-2.4988,4.0005,3.0000
689,scouts,10,-3.9988,2.5005,3.0000
689,scouts,11,-2.4988,1.0005,3.0000
689,scouts,12,3.9991,2.5030,3.0000
689,scouts,13,2.4991,4.0030,3.0000
689,scouts,14,0.9991,2.5030,3.0000
689,scouts,15,2.4991,1.0030,3.0000
689,workers,0,-8.0078,8.0202,3.0000
689,workers,1,8.0009,8.0116,3.0000
689,workers,2,8.0083,-8.0098,3.0000
689,workers,3,-7.8621,-7.8805,3.0000
690,general,0,0.0000,0.0000,5.0000
690,nodes,0,-5.7952,-1.5560,3.0000
690,nodes,1,5.7951,-1.5596,3.0000
690,nodes,2,-2.4986,2.5004,3.0000
690,nodes,3,2.4986,2.5031,3.0000
690,scouts,0,-4.2952,-1.5559,3.0000
690,scouts,1,-5.7952,-0.0559,3.0000
690,scouts,2,-7.2952,-1.5559,3.0000
690,scouts,3,-5.7952,-3.0559,3.0000
690,scouts,4,7.2951,-1.5596,3.0000
690,scouts,5,5.7951,-0.0596,3.0000
690,scouts,6,4.2951,-1.5596,3.0000
690,scouts,7,5.7951,-3.0596,3.0000
690,scouts,8,-0.9988,2.5005,3.0000
690,scouts,9,-2.4988,4.0005,3.0000
690,scouts,10,-3.9988,2.5005,3.0000
690,scouts,11,-2.4988,1.0005,3.0000
690,scouts,12,3.9990,2.5030,3.0000
690,scouts,13,2.4990,4.0030,3.0000
690,scouts,14,0.9990,2.5030,3.0000
690,scouts,15,2.4990,1.0030,3.0000
690,workers,0,-8.0078,8.0202,3.0000
690,workers,1,8.0009,8.0116,3.0000
690,workers,2,8.0083,-8.0098,3.0000
690,workers,3,-7.8621,-7.8805,3.0000
691,general,0,0.0000,0.0000,5.0000
691,nodes,0,-5.7952,-1.5560,3.0000
691,nodes,1,5.7951,-1.5596,3.0000
691,nodes,2,-2.4985,2.5004,3.0000
691,nodes,3,2.4986,2.5031,3.0000
691,scouts,0,-4.2952,-1.5559,3.0000
691,scouts,1,-5.7952,-0.0559,3.0000
691,scouts,2,-7.2952,-1.5559,3.0000
691,scouts,3,-5.7952,-3.0559,3.0000
691,scouts,4,7.2951,-1.5596,3.0000
691,scouts,5,5.7951,-0.0596,3.0000
691,scouts,6,4.2951,-1.5596,3.0000
691,scouts,7,5.7951,-3.0596,3.0000
691,scouts,8,-0.9988,2.5005,3.0000
691,scouts,9,-2.4988,4.0005,3.0000
691,scouts,10,-3.9988,2.5005,3.0000
691,scouts,11,-2.4988,1.0005,3.0000
691,scouts,12,3.9990,2.5030,3.0000
691,scouts,13,2.4990,4.0030,3.0000
691,scouts,14,0.9990,2.5030,3.0000
691,scouts,15,2.4990,1.0030,3.0000
691,workers,0,-8.0078,8.0202,3.0000
691,workers,1,8.0009,8.0116,3.0000
691,workers,2,8.0083,-8.0098,3.0000
691,workers,3,-7.8621,-7.8805,3.0000
692,general,0,0.0000,0.0000,5.0000
692,nodes,0,-5.7952,-1.5561,3.0000
692,nodes,1,5.7950,-1.5596,3.0000
692,nodes,2,-2.4985,2.5004,3.0000
692,nodes,3,2.4986,2.5031,3.0000
692,scouts,0,-4.2952,-1.5560,3.0000
692,scouts,1,-5.7952,-0.0560,3.0000
692,scouts,2,-7.2952,-1.5560,3.0000
692,scouts,3,-5.7952,-3.0560,3.0000
692,scouts,4,7.2951,-1.5596,3.0000
692,scouts,5,5.7951,-0.0596,3.0000
692,scouts,6,4.2951,-1.5596,3.0000
692,scouts,7,5.7951,-3.0596,3.0000
692,scouts,8,-0.9987,2.5005,3.0000
692,scouts,9,-2.4987,4.0005,3.0000
692,scouts,10,-3.9987,2.5005,3.0000
692,scouts,11,-2.4987,1.0005,3.0000
692,scouts,12,3.9989,2.5030,3.0000
692,scouts,13,2.4989,4.0030,3.0000
692,scouts,14,0.9989,2.5030,3.0000
692,scouts,15,2.4989,1.0030,3.0000
692,workers,0,-8.0078,8.0202,3.0000
692,workers,1,8.0009,8.0116,3.0000
692,workers,2,8.0083,-8.0098,3.0000
692,workers,3,-7.8621,-7.8805,3.0000
693,general,0,0.0000,0.0000,5.0000
693,nodes,0,-5.7953,-1.5561,3.0000
693,nodes,1,5.7950,-1.5596,3.0000
693,nodes,2,-2.4985,2.5004,3.0000
693,nodes,3,2.4986,2.5031,3.0000
693,scouts,0,-4.2952,-1.5560,3.0000
693,scouts,1,-5.7952,-0.0560,3.0000
693,scouts,2,-7.2952,-1.5560,3.0000
693,scouts,3,-5.7952,-3.0560,3.0000
693,scouts,4,7.2951,-1.5596,3.0000
693,scouts,5,5.7951,-0.0596,3.0000
693,scouts,6,4.2951,-1.5596,3.0000
693,scouts,7,5.7951,-3.0596,3.0000
693,scouts,8,-0.9987,2.5005,3.0000
693,scouts,9,-2.4987,4.0005,3.0000
693,scouts,10,-3.9987,2.5005,3.0000
693,scouts,11,-2.4987,1.0005,3.0000
693,scouts,12,3.9989,2.5030,3.0000
693,scouts,13,2.4989,4.0030,3.0000
693,scouts,14,0.9989,2.5030,3.0000
693,scouts,15,2.4989,1.0030,3.0000
693,workers,0,-8.0078,8.0202,3.0000
693,workers,1,8.0009,8.0116,3.0000
693,workers,2,8.0083,-8.0098,3.0000
693,workers,3,-7.8621,-7.8805,3.0000
694,general,0,0.0000,0.0000,5.0000
694,nodes,0,-5.7952,-1.5561,3.0000
694,nodes,1,5.7951,-1.5596,3.0000
694,nodes,2,-2.4984,2.5004,3.0000
694,nodes,3,2.4986,2.5031,3.0000
694,scouts,0,-4.2952,-1.5560,3.0000
694,scouts,1,-5.7952,-0.0560,3.0000
694,scouts,2,-7.2952,-1.5560,3.0000
694,scouts,3,-5.7952,-3.0560,3.0000
694,scouts,4,7.2951,-1.5596,3.0000
694,scouts,5,5.7951,-0.0596,3.0000
694,scouts,6,4.2951,-1.5596,3.0000
694,scouts,7,5.7951,-3.0596,3.0000
694,scouts,8,-0.9987,2.5005,3.0000
694,scouts,9,-2.4987,4.0005,3.0000
694,scouts,10,-3.9987,2.5005,3.0000
694,scouts,11,-2.4987,1.0005,3.0000
694,scouts,12,3.9988,2.5030,3.0000
694,scouts,13,2.4988,4.0030,3.0000
694,scouts,14,0.9988,2.5030,3.0000
694,scouts,15,2.4988,1.0030,3.0000
694,workers,0,-8.0078,8.0202,3.0000
694,workers,1,8.0009,8.0116,3.0000
694,workers,2,8.0083,-8.0098,3.0000
694,workers,3,-7.8621,-7.8805,3.0000
695,general,0,0.0000,0.0000,5.0000
695,nodes,0,-5.7952,-1.5561,3.0000
695,nodes,1,5.7951,-1.5595,3.0000
695,nodes,2,-2.4984,2.5004,3.0000
695,nodes,3,2.4986,2.5031,3.0000
695,scouts,0,-4.2952,-1.5560,3.0000
695,scouts,1,-5.7952,-0.0560,3.0000
695,scouts,2,-7.2952,-1.5560,3.0000
695,scouts,3,-5.7952,-3.0560,3.0000
695,scouts,4,7.2951,-1.5596,3.0000
695,scouts,5,5.7951,-0.0596,3.0000
695,scouts,6,4.2951,-1.5596,3.0000
695,scouts,7,5.7951,-3.0596,3.0000
695,scouts,8,-0.9986,2.5005,3.0000
695,scouts,9,-2.4986,4.0005,3.0000
695,scouts,10,-3.9986,2.5005,3.0000
695,scouts,11,-2.4986,1.0005,3.0000
695,scouts,12,3.9988,2.5031,3.0000
695,scouts,13,2.4988,4.0031,3.0000
695,scouts,14,0.9988,2.5031,3.0000
695,scouts,15,2.4988,1.0031,3.0000
695,workers,0,-8.0078,8.0202,3.0000
695,workers,1,8.0009,8.0116,3.0000
695,workers,2,8.0083,-8.0098,3.0000
695,workers,3,-7.8621,-7.8805,3.0000
696,general,0,0.0000,0.0000,5.0000
696,nodes,0,-5.7952,-1.5561,3.0000
696,nodes,1,5.7951,-1.5595,3.0000
696,nodes,2,-2.4984,2.5004,3.0000
696,nodes,3,2.4986,2.5031,3.0000
696,scouts,0,-4.2952,-1.5560,3.0000
696,scouts,1,-5.7952,-0.0560,3.0000
696,scouts,2,-7.2952,-1.5560,3.0000
696,scouts,3,-5.7952,-3.0560,3.0000
696,scouts,4,7.2951,-1.5595,3.0000
696,scouts,5,5.7951,-0.0595,3.0000
696,scouts,6,4.2951,-1.5595,3.0000
696,scouts,7,5.7951,-3.0595,3.0000
696,scouts,8,-0.9986,2.5004,3.0000
696,scouts,9,-2.4986,4.0004,3.0000
696,scouts,10,-3.9986,2.5004,3.0000
696,scouts,11,-2.4986,1.0004,3.0000
696,scouts,12,3.9988,2.5031,3.0000
696,scouts,13,2.4988,4.0031,3.0000
696,scouts,14,0.9988,2.5031,3.0000
696,scouts,15,2.4988,1.0031,3.0000
696,workers,0,-8.0078,8.0202,3.0000
696,workers,1,8.0009,8.0116,3.0000
696,workers,2,8.0083,-8.0098,3.0000
696,workers,3,-7.8621,-7.8805,3.0000
697,general,0,0.0000,0.0000,5.0000
697,nodes,0,-5.7952,-1.5562,3.0000
697,nodes,1,5.7952,-1.5595,3.0000
697,nodes,2,-2.4984,2.5004,3.0000
697,nodes,3,2.4987,2.5031,3.0000
697,scouts,0,-4.2952,-1.5560,3.0000
697,scouts,1,-5.7952,-0.0560,3.0000
697,scouts,2,-7.2952,-1.5560,3.0000
697,scouts,3,-5.7952,-3.0560,3.0000
697,scouts,4,7.2951,-1.5595,3.0000
697,scouts,5,5.7951,-0.0595,3.0000
697,scouts,6,4.2951,-1.5595,3.0000
697,scouts,7,5.7951,-3.0595,3.0000
697,scouts,8,-0.9986,2.5004,3.0000
697,scouts,9,-2.4986,4.0004,3.0000
697,scouts,10,-3.9986,2.5004,3.0000
697,scouts,11,-2.4986,1.0004,3.0000
697,scouts,12,3.9988,2.5031,3.0000
697,scouts,13,2.4988,4.0031,3.0000
697,scouts,14,0.9988,2.5031,3.0000
697,scouts,15,2.4988,1.0031,3.0000
697,workers,0,-8.0078,8.0202,3.0000
697,workers,1,8.0009,8.0116,3.0000
697,workers,2,8.0083,-8.0098,3.0000
697,workers,3,-7.8621,-7.8805,3.0000
698,general,0,0.0000,0.0000,5.0000
698,nodes,0,-5.7952,-1.5562,3.0000
698,nodes,1,5.7952,-1.5594,3.0000
698,nodes,2,-2.4984,2.5004,3.0000
698,nodes,3,2.4987,2.5031,3.0000
698,scouts,0,-4.2952,-1.5561,3.0000
698,scouts,1,-5.7952,-0.0561,3.0000
698,scouts,2,-7.2952,-1.5561,3.0000
698,scouts,3,-5.7952,-3.0561,3.0000
698,scouts,4,7.2951,-1.5595,3.0000
698,scouts,5,5.7951,-0.0595,3.0000
698,scouts,6,4.2951,-1.5595,3.0000
698,scouts,7,5.7951,-3.0595,3.0000
698,scouts,8,-0.9985,2.5004,3.0000
698,scouts,9,-2.4985,4.0004,3.0000
698,scouts,10,-3.9985,2.5004,3.0000
698,scouts,11,-2.4985,1.0004,3.0000
698,scouts,12,3.9988,2.5031,3.0000
698,scouts,13,2.4988,4.0031,3.0000
698,scouts,14,0.9988,2.5031,3.0000
698,scouts,15,2.4988,1.0031,3.0000
698,workers,0,-8.0078,8.0202,3.0000
698,workers,1,8.0009,8.0116,3.0000
698,workers,2,8.0083,-8.0098,3.0000
698,workers,3,-7.8621,-7.8805,3.0000
699,general,0,0.0000,0.0000,5.0000
699,nodes,0,-5.7952,-1.5563,3.0000
699,nodes,1,5.7952,-1.5593,3.0000
699,nodes,2,-2.4984,2.5004,3.0000
699,nodes,3,2.4987,2.5031,3.0000
699,scouts,0,-4.2952,-1.5561,3.0000
699,scouts,1,-5.7952,-0.0561,3.0000
699,scouts,2,-7.2952,-1.5561,3.0000
699,scouts,3,-5.7952,-3.0561,3.0000
699,scouts,4,7.2951,-1.5595,3.0000
699,scouts,5,5.7951,-0.0595,3.0000
699,scouts,6,4.2951,-1.5595,3.0000
699,scouts,7,5.7951,-3.0595,3.0000
699,scouts,8,-0.9985,2.5004,3.0000
699,scouts,9,-2.4985,4.0004,3.0000
699,scouts,10,-3.9985,2.5004,3.0000
699,scouts,11,-2.4985,1.0004,3.0000
699,scouts,12,3.9987,2.5031,3.0000
699,scouts,13,2.4987,4.0031,3.0000
699,scouts,14,0.9987,2.5031,3.0000
699,scouts,15,2.4987,1.0031,3.0000
699,workers,0,-8.0078,8.0202,3.0000
699,workers,1,8.0009,8.0116,3.0000
699,workers,2,8.0083,-8.0098,3.0000
699,workers,3,-7.8621,-7.8805,3.0000
700,general,0,0.0000,0.0000,5.0000
700,nodes,0,-5.7952,-1.5564,3.0000
700,nodes,1,5.7951,-1.5593,3.0000
700,nodes,2,-2.4985,2.5004,3.0000
700,nodes,3,2.4987,2.5030,3.0000
700,scouts,0,-4.2952,-1.5561,3.0000
700,scouts,1,-5.7952,-0.0561,3.0000
700,scouts,2,-7.2952,-1.5561,3.0000
700,scouts,3,-5.7952,-3.0561,3.0000
700,scouts,4,7.2951,-1.5595,3.0000
700,scouts,5,5.7951,-0.0595,3.0000
700,scouts,6,4.2951,-1.5595,3.0000
700,scouts,7,5.7951,-3.0595,3.0000
700,scouts,8,-0.9985,2.5004,3.0000
700,scouts,9,-2.4985,4.0004,3.0000
700,scouts,10,-3.9985,2.5004,3.0000
700,scouts,11,-2.4985,1.0004,3.0000
700,scouts,12,3.9987,2.5031,3.0000
700,scouts,13,2.4987,4.0031,3.0000
700,scouts,14,0.9987,2.5031,3.0000
700,scouts,15,2.4987,1.0031,3.0000
700,workers,0,-8.0078,8.0202,3.0000
700,workers,1,8.0009,8.0116,3.0000
700,workers,2,8.0083,-8.0098,3.0000
700,workers,3,-7.8621,-7.8805,3.0000
701,general,0,0.0000,0.0000,5.0000
701,nodes,0,-5.7952,-1.5564,3.0000
701,nodes,1,5.7951,-1.5593,3.0000
701,nodes,2,-2.4985,2.5004,3.0000
701,nodes,3,2.4988,2.5030,3.0000
701,scouts,0,-4.2952,-1.5562,3.0000
701,scouts,1,-5.7952,-0.0562,3.0000
701,scouts,2,-7.2952,-1.5562,3.0000
701,scouts,3,-5.7952,-3.0562,3.0000
701,scouts,4,7.2951,-1.5594,3.0000
701,scouts,5,5.7951,-0.0594,3.0000
701,scouts,6,4.2951,-1.5594,3.0000
701,scouts,7,5.7951,-3.0594,3.0000
701,scouts,8,-0.9985,2.5004,3.0000
701,scouts,9,-2.4985,4.0004,3.0000
701,scouts,10,-3.9985,2.5004,3.0000
701,scouts,11,-2.4985,1.0004,3.0000
701,scouts,12,3.9987,2.5031,3.0000
701,scouts,13,2.4987,4.0031,3.0000
701,scouts,14,0.9987,2.5031,3.0000
701,scouts,15,2.4987,1.0031,3.0000
701,workers,0,-8.0078,8.0202,3.0000
701,workers,1,8.0009,8.0116,3.0000
701,workers,2,8.0083,-8.0098,3.0000
701,workers,3,-7.8621,-7.8805,3.0000
702,general,0,0.0000,0.0000,5.0000
702,nodes,0,-5.7952,-1.5565,3.0000
702,nodes,1,5.7951,-1.5592,3.0000
702,nodes,2,-2.4985,2.5004,3.0000
702,nodes,3,2.4988,2.5030,3.0000
702,scouts,0,-4.2952,-1.5562,3.0000
702,scouts,1,-5.7952,-0.0562,3.0000
702,scouts,2,-7.2952,-1.5562,3.0000
702,scouts,3,-5.7952,-3.0562,3.0000
702,scouts,4,7.2951,-1.5594,3.0000
702,scouts,5,5.7951,-0.0594,3.0000
702,scouts,6,4.2951,-1.5594,3.0000
702,scouts,7,5.7951,-3.0594,3.0000
702,scouts,8,-0.9985,2.5004,3.0000
702,scouts,9,-2.4985,4.0004,3.0000
702,scouts,10,-3.9985,2.5004,3.0000
702,scouts,11,-2.4985,1.0004,3.0000
702,scouts,12,3.9988,2.5030,3.0000
702,scouts,13,2.4988,4.0030,3.0000
702,scouts,14,0.9988,2.5030,3.0000
702,scouts,15,2.4988,1.0030,3.0000
702,workers,0,-8.0078,8.0202,3.0000
702,workers,1,8.0009,8.0116,3.0000
702,workers,2,8.0083,-8.0098,3.0000
702,workers,3,-7.8621,-7.8805,3.0000
703,general,0,0.0000,0.0000,5.0000
703,nodes,0,-5.7952,-1.5565,3.0000
703,nodes,1,5.7951,-1.5592,3.0000
703,nodes,2,-2.4985,2.5005,3.0000
703,nodes,3,2.4988,2.5029,3.0000
703,scouts,0,-4.2952,-1.5562,3.0000
703,scouts,1,-5.7952,-0.0562,3.0000
703,scouts,2,-7.2952,-1.5562,3.0000
703,scouts,3,-5.7952,-3.0562,3.0000
703,scouts,4,7.2951,-1.5594,3.0000
703,scouts,5,5.7951,-0.0594,3.0000
703,scouts,6,4.2951,-1.5594,3.0000
703,scouts,7,5.7951,-3.0594,3.0000
703,scouts,8,-0.9985,2.5004,3.0000
703,scouts,9,-2.4985,4.0004,3.0000
703,scouts,10,-3.9985,2.5004,3.0000
703,scouts,11,-2.4985,1.0004,3.0000
703,scouts,12,3.9988,2.5030,3.0000
703,scouts,13,2.4988,4.0030,3.0000
703,scouts,14,0.9988,2.5030,3.0000
703,scouts,15,2.4988,1.0030,3.0000
703,workers,0,-8.0078,8.0202,3.0000
703,workers,1,8.0009,8.0116,3.0000
703,workers,2,8.0083,-8.0098,3.0000
703,workers,3,-7.8621,-7.8805,3.0000
704,general,0,0.0000,0.0000,5.0000
704,nodes,0,-5.7952,-1.5566,3.0000
704,nodes,1,5.7951,-1.5592,3.0000
704,nodes,2,-2.4985,2.5004,3.0000
704,nodes,3,2.4988,2.5029,3.0000
704,scouts,0,-4.2952,-1.5563,3.0000
704,scouts,1,-5.7952,-0.0563,3.0000
704,scouts,2,-7.2952,-1.5563,3.0000
704,scouts,3,-5.7952,-3.0563,3.0000
704,scouts,4,7.2951,-1.5594,3.0000
704,scouts,5,5.7951,-0.0594,3.0000
704,scouts,6,4.2951,-1.5594,3.0000
704,scouts,7,5.7951,-3.0594,3.0000
704,scouts,8,-0.9985,2.5004,3.0000
704,scouts,9,-2.4985,4.0004,3.0000
704,scouts,10,-3.9985,2.5004,3.0000
704,scouts,11,-2.4985,1.0004,3.0000
704,scouts,12,3.9988,2.5030,3.0000
704,scouts,13,2.4988,4.0030,3.0000
704,scouts,14,0.9988,2.5030,3.0000
704,scouts,15,2.4988,1.0030,3.0000
704,workers,0,-8.0078,8.0202,3.0000
704,workers,1,8.0009,8.0116,3.0000
704,workers,2,8.0083,-8.0098,3.0000
704,workers,3,-7.8621,-7.8805,3.0000
705,general,0,0.0000,0.0000,5.0000
705,nodes,0,-5.7952,-1.5566,3.0000
705,nodes,1,5.7950,-1.5592,3.0000
705,nodes,2,-2.4985,2.5005,3.0000
705,nodes,3,2.4988,2.5029,3.0000
705,scouts,0,-4.2952,-1.5563,3.0000
705,scouts,1,-5.7952,-0.0563,3.0000
705,scouts,2,-7.2952,-1.5563,3.0000
705,scouts,3,-5.7952,-3.0563,3.0000
705,scouts,4,7.2951,-1.5593,3.0000
705,scouts,5,5.7951,-0.0593,3.0000
705,scouts,6,4.2951,-1.5593,3.0000
705,scouts,7,5.7951,-3.0593,3.0000
705,scouts,8,-0.9985,2.5004,3.0000
705,scouts,9,-2.4985,4.0004,3.0000
705,scouts,10,-3.9985,2.5004,3.0000
705,scouts,11,-2.4985,1.0004,3.0000
705,scouts,12,3.9988,2.5030,3.0000
705,scouts,13,2.4988,4.0030,3.0000
705,scouts,14,0.9988,2.5030,3.0000
705,scouts,15,2.4988,1.0030,3.0000
705,workers,0,-8.0078,8.0202,3.0000
705,workers,1,8.0009,8.0116,3.0000
705,workers,2,8.0083,-8.0098,3.0000
705,workers,3,-7.8621,-7.8805,3.0000
706,general,0,0.0000,0.0000,5.0000
706,nodes,0,-5.7952,-1.5567,3.0000
706,nodes,1,5.7949,-1.5591,3.0000
706,nodes,2,-2.4984,2.5005,3.0000
706,nodes,3,2.4988,2.5029,3.0000
706,scouts,0,-4.2952,-1.5564,3.0000
706,scouts,1,-5.7952,-0.0564,3.0000
706,scouts,2,-7.2952,-1.5564,3.0000
706,scouts,3,-5.7952,-3.0564,3.0000
706,scouts,4,7.2951,-1.5593,3.0000
706,scouts,5,5.7951,-0.0593,3.0000
706,scouts,6,4.2951,-1.5593,3.0000
706,scouts,7,5.7951,-3.0593,3.0000
706,scouts,8,-0.9985,2.5004,3.0000
706,scouts,9,-2.4985,4.0004,3.0000
706,scouts,10,-3.9985,2.5004,3.0000
706,scouts,11,-2.4985,1.0004,3.0000
706,scouts,12,3.9988,2.5030,3.0000
706,scouts,13,2.4988,4.0030,3.0000
706,scouts,14,0.9988,2.5030,3.0000
706,scouts,15,2.4988,1.0030,3.0000
706,workers,0,-8.0078,8.0202,3.0000
706,workers,1,8.0009,8.0116,3.0000
706,workers,2,8.0083,-8.0098,3.0000
706,workers,3,-7.8621,-7.8805,3.0000
707,general,0,0.0000,0.0000,5.0000
707,nodes,0,-5.7952,-1.5567,3.0000
707,nodes,1,5.7949,-1.5591,3.0000
707,nodes,2,-2.4984,2.5004,3.0000
707,nodes,3,2.4987,2.5029,3.0000
707,scouts,0,-4.2952,-1.5564,3.0000
707,scouts,1,-5.7952,-0.0564,3.0000
707,scouts,2,-7.2952,-1.5564,3.0000
707,scouts,3,-5.7952,-3.0564,3.0000
707,scouts,4,7.2951,-1.5593,3.0000
707,scouts,5,5.7951,-0.0593,3.0000
707,scouts,6,4.2951,-1.5593,3.0000
707,scouts,7,5.7951,-3.0593,3.0000
707,scouts,8,-0.9985,2.5004,3.0000
707,scouts,9,-2.4985,4.0004,3.0000
707,scouts,10,-3.9985,2.5004,3.0000
707,scouts,11,-2.4985,1.0004,3.0000
707,scouts,12,3.9988,2.5030,3.0000
707,scouts,13,2.4988,4.0030,3.0000
707,scouts,14,0.9988,2.5030,3.0000
707,scouts,15,2.4988,1.0030,3.0000
707,workers,0,-8.0078,8.0202,3.0000
707,workers,1,8.0009,8.0116,3.0000
707,workers,2,8.0083,-8.0098,3.0000
707,workers,3,-7.8621,-7.8805,3.0000
708,general,0,0.0000,0.0000,5.0000
708,nodes,0,-5.7952,-1.5567,3.0000
708,nodes,1,5.7949,-1.5591,3.0000
708,nodes,2,-2.4983,2.5003,3.0000
708,nodes,3,2.4987,2.5029,3.0000
708,scouts,0,-4.2952,-1.5565,3.0000
708,scouts,1,-5.7952,-0.0565,3.0000
708,scouts,2,-7.2952,-1.5565,3.0000
708,scouts,3,-5.7952,-3.0565,3.0000
708,scouts,4,7.2950,-1.5593,3.0000
708,scouts,5,5.7950,-0.0593,3.0000
708,scouts,6,4.2950,-1.5593,3.0000
708,scouts,7,5.7950,-3.0593,3.0000
708,scouts,8,-0.9985,2.5004,3.0000
708,scouts,9,-2.4985,4.0004,3.0000
708,scouts,10,-3.9985,2.5004,3.0000
708,scouts,11,-2.4985,1.0004,3.0000
708,scouts,12,3.9988,2.5030,3.0000
708,scouts,13,2.4988,4.0030,3.0000
708,scouts,14,0.9988,2.5030,3.0000
708,scouts,15,2.4988,1.0030,3.0000
708,workers,0,-8.0078,8.0202,3.0000
708,workers,1,8.0009,8.0116,3.0000
708,workers,2,8.0083,-8.0098,3.0000
708,workers,3,-7.8621,-7.8805,3.0000
709,general,0,0.0000,0.0000,5.0000
709,nodes,0,-5.7952,-1.5567,3.0000
709,nodes,1,5.7950,-1.5590,3.0000
709,nodes,2,-2.4983,2.5003,3.0000
709,nodes,3,2.4987,2.5030,3.0000
709,scouts,0,-4.2952,-1.5565,3.0000
709,scouts,1,-5.7952,-0.0565,3.0000
709,scouts,2,-7.2952,-1.5565,3.0000
709,scouts,3,-5.7952,-3.0565,3.0000
709,scouts,4,7.2950,-1.5592,3.0000
709,scouts,5,5.7950,-0.0592,3.0000
709,scouts,6,4.2950,-1.5592,3.0000
709,scouts,7,5.7950,-3.0592,3.0000
709,scouts,8,-0.9984,2.5004,3.0000
709,scouts,9,-2.4984,4.0004,3.0000
709,scouts,10,-3.9984,2.5004,3.0000
709,scouts,11,-2.4984,1.0004,3.0000
709,scouts,12,3.9988,2.5030,3.0000
709,scouts,13,2.4988,4.0030,3.0000
709,scouts,14,0.9988,2.5030,3.0000
709,scouts,15,2.4988,1.0030,3.0000
709,workers,0,-8.0078,8.0202,3.0000
709,workers,1,8.0009,8.0116,3.0000
709,workers,2,8.0083,-8.0098,3.0000
709,workers,3,-7.8621,-7.8805,3.0000
710,general,0,0.0000,0.0000,5.0000
710,nodes,0,-5.7952,-1.5568,3.0000
710,nodes,1,5.7949,-1.5590,3.0000
710,nodes,2,-2.4983,2.5003,3.0000
710,nodes,3,2.4986,2.5030,3.0000
710,scouts,0,-4.2952,-1.5565,3.0000
710,scouts,1,-5.7952,-0.0565,3.0000
710,scouts,2,-7.2952,-1.5565,3.0000
710,scouts,3,-5.7952,-3.0565,3.0000
710,scouts,4,7.2950,-1.5592,3.0000
710,scouts,5,5.7950,-0.0592,3.0000
710,scouts,6,4.2950,-1.5592,3.0000
710,scouts,7,5.7950,-3.0592,3.0000
710,scouts,8,-0.9984,2.5004,3.0000
710,scouts,9,-2.4984,4.0004,3.0000
710,scouts,10,-3.9984,2.5004,3.0000
710,scouts,11,-2.4984,1.0004,3.0000
710,scouts,12,3.9987,2.5030,3.0000
710,scouts,13,2.4987,4.0030,3.0000
710,scouts,14,0.9987,2.5030,3.0000
710,scouts,15,2.4987,1.0030,3.0000
710,workers,0,-8.0078,8.0202,3.0000
710,workers,1,8.0009,8.0116,3.0000
710,workers,2,8.0083,-8.0098,3.0000
710,workers,3,-7.8621,-7.8805,3.0000
711,general,0,0.0000,0.0000,5.0000
711,nodes,0,-5.7952,-1.5568,3.0000
711,nodes,1,5.7950,-1.5590,3.0000
711,nodes,2,-2.4983,2.5003,3.0000
711,nodes,3,2.4986,2.5030,3.0000
711,scouts,0,-4.2952,-1.5566,3.0000
711,scouts,1,-5.7952,-0.0566,3.0000
711,scouts,2,-7.2952,-1.5566,3.0000
711,scouts,3,-5.7952,-3.0566,3.0000
711,scouts,4,7.2950,-1.5592,3.0000
711,scouts,5,5.7950,-0.0592,3.0000
711,scouts,6,4.2950,-1.5592,3.0000
711,scouts,7,5.7950,-3.0592,3.0000
711,scouts,8,-0.9984,2.5004,3.0000
711,scouts,9,-2.4984,4.0004,3.0000
711,scouts,10,-3.9984,2.5004,3.0000
711,scouts,11,-2.4984,1.0004,3.0000
711,scouts,12,3.9987,2.5030,3.0000
711,scouts,13,2.4987,4.0030,3.0000
711,scouts,14,0.9987,2.5030,3.0000
711,scouts,15,2.4987,1.0030,3.0000
711,workers,0,-8.0078,8.0202,3.0000
711,workers,1,8.0009,8.0116,3.0000
711,workers,2,8.0083,-8.0098,3.0000
711,workers,3,-7.8621,-7.8805,3.0000
712,general,0,0.0000,0.0000,5.0000
712,nodes,0,-5.7952,-1.5569,3.0000
712,nodes,1,5.7950,-1.5590,3.0000
712,nodes,2,-2.4983,2.5003,3.0000
712,nodes,3,2.4986,2.5030,3.0000
712,scouts,0,-4.2952,-1.5566,3.0000
712,scouts,1,-5.7952,-0.0566,3.0000
712,scouts,2,-7.2952,-1.5566,3.0000
712,scouts,3,-5.7952,-3.0566,3.0000
712,scouts,4,7.2950,-1.5591,3.0000
712,scouts,5,5.7950,-0.0591,3.0000
712,scouts,6,4.2950,-1.5591,3.0000
712,scouts,7,5.7950,-3.0591,3.0000
712,scouts,8,-0.9984,2.5004,3.0000
712,scouts,9,-2.4984,4.0004,3.0000
712,scouts,10,-3.9984,2.5004,3.0000
712,scouts,11,-2.4984,1.0004,3.0000
712,scouts,12,3.9987,2.5030,3.0000
712,scouts,13,2.4987,4.0030,3.0000
712,scouts,14,0.9987,2.5030,3.0000
712,scouts,15,2.4987,1.0030,3.0000
712,workers,0,-8.0078,8.0202,3.0000
712,workers,1,8.0009,8.0116,3.0000
712,workers,2,8.0083,-8.0098,3.0000
712,workers,3,-7.8621,-7.8805,3.0000
713,general,0,0.0000,0.0000,5.0000
713,nodes,0,-5.7952,-1.5569,3.0000
713,nodes,1,5.7949,-1.5590,3.0000
713,nodes,2,-2.4983,2.5003,3.0000
713,nodes,3,2.4986,2.5030,3.0000
713,scouts,0,-4.2952,-1.5567,3.0000
713,scouts,1,-5.7952,-0.0567,3.0000
713,scouts,2,-7.2952,-1.5567,3.0000
713,scouts,3,-5.7952,-3.0567,3.0000
713,scouts,4,7.2950,-1.5591,3.0000
713,scouts,5,5.7950,-0.0591,3.0000
713,scouts,6,4.2950,-1.5591,3.0000
713,scouts,7,5.7950,-3.0591,3.0000
713,scouts,8,-0.9984,2.5003,3.0000
713,scouts,9,-2.4984,4.0003,3.0000
713,scouts,10,-3.9984,2.5003,3.0000
713,scouts,11,-2.4984,1.0003,3.0000
713,scouts,12,3.9987,2.5030,3.0000
713,scouts,13,2.4987,4.0030,3.0000
713,scouts,14,0.9987,2.5030,3.0000
713,scouts,15,2.4987,1.0030,3.0000
713,workers,0,-8.0078,8.0202,3.0000
713,workers,1,8.0009,8.0116,3.0000
713,workers,2,8.0083,-8.0098,3.0000
713,workers,3,-7.8621,-7.8805,3.0000
714,general,0,0.0000,0.0000,5.0000
714,nodes,0,-5.7952,-1.5570,3.0000
714,nodes,1,5.7949,-1.5590,3.0000
714,nodes,2,-2.4982,2.5003,3.0000
714,nodes,3,2.4986,2.5030,3.0000
714,scouts,0,-4.2952,-1.5567,3.0000
714,scouts,1,-5.7952,-0.0567,3.0000
714,scouts,2,-7.2952,-1.5567,3.0000
714,scouts,3,-5.7952,-3.0567,3.0000
714,scouts,4,7.2950,-1.5591,3.0000
714,scouts,5,5.7950,-0.0591,3.0000
714,scouts,6,4.2950,-1.5591,3.0000
714,scouts,7,5.7950,-3.0591,3.0000
714,scouts,8,-0.9984,2.5003,3.0000
714,scouts,9,-2.4984,4.0003,3.0000
714,scouts,10,-3.9984,2.5003,3.0000
714,scouts,11,-2.4984,1.0003,3.0000
714,scouts,12,3.9987,2.5030,3.0000
714,scouts,13,2.4987,4.0030,3.0000
714,scouts,14,0.9987,2.5030,3.0000
714,scouts,15,2.4987,1.0030,3.0000
714,workers,0,-8.0078,8.0202,3.0000
714,workers,1,8.0009,8.0116,3.0000
714,workers,2,8.0083,-8.0098,3.0000
714,workers,3,-7.8621,-7.8805,3.0000
715,general,0,0.0000,0.0000,5.0000
715,nodes,0,-5.7952,-1.5571,3.0000
715,nodes,1,5.7950,-1.5590,3.0000
715,nodes,2,-2.4983,2.5004,3.0000
715,nodes,3,2.4986,2.5030,3.0000
715,scouts,0,-4.2952,-1.5568,3.0000
715,scouts,1,-5.7952,-0.0568,3.0000
715,scouts,2,-7.2952,-1.5568,3.0000
715,scouts,3,-5.7952,-3.0568,3.0000
715,scouts,4,7.2950,-1.5591,3.0000
715,scouts,5,5.7950,-0.0591,3.0000
715,scouts,6,4.2950,-1.5591,3.0000
715,scouts,7,5.7950,-3.0591,3.0000
715,scouts,8,-0.9983,2.5004,3.0000
715,scouts,9,-2.4983,4.0004,3.0000
715,scouts,10,-3.9983,2.5004,3.0000
715,scouts,11,-2.4983,1.0004,3.0000
715,scouts,12,3.9987,2.5030,3.0000
715,scouts,13,2.4987,4.0030,3.0000
715,scouts,14,0.9987,2.5030,3.0000
715,scouts,15,2.4987,1.0030,3.0000
715,workers,0,-8.0078,8.0202,3.0000
715,workers,1,8.0009,8.0116,3.0000
715,workers,2,8.0083,-8.0098,3.0000
715,workers,3,-7.8621,-7.8805,3.0000
716,general,0,0.0000,0.0000,5.0000
716,nodes,0,-5.7952,-1.5572,3.0000
716,nodes,1,5.7949,-1.5589,3.0000
716,nodes,2,-2.4983,2.5004,3.0000
716,nodes,3,2.4986,2.5030,3.0000
716,scouts,0,-4.2952,-1.5568,3.0000
716,scouts,1,-5.7952,-0.0568,3.0000
716,scouts,2,-7.2952,-1.5568,3.0000
716,scouts,3,-5.7952,-3.0568,3.0000
716,scouts,4,7.2950,-1.5591,3.0000
716,scouts,5,5.7950,-0.0591,3.0000
716,scouts,6,4.2950,-1.5591,3.0000
716,scouts,7,5.7950,-3.0591,3.0000
716,scouts,8,-0.9983,2.5004,3.0000
716,scouts,9,-2.4983,4.0004,3.0000
716,scouts,10,-3.9983,2.5004,3.0000
716,scouts,11,-2.4983,1.0004,3.0000
716,scouts,12,3.9987,2.5030,3.0000
716,scouts,13,2.4987,4.0030,3.0000
716,scouts,14,0.9987,2.5030,3.0000
716,scouts,15,2.4987,1.0030,3.0000
716,workers,0,-8.0078,8.0202,3.0000
716,workers,1,8.0009,8.0116,3.0000
716,workers,2,8.0083,-8.0098,3.0000
716,workers,3,-7.8621,-7.8805,3.0000
717,general,0,0.0000,0.0000,5.0000
717,nodes,0,-5.7953,-1.5573,3.0000
717,nodes,1,5.7950,-1.5589,3.0000
717,nodes,2,-2.4983,2.5004,3.0000
717,nodes,3,2.4986,2.5030,3.0000
717,scouts,0,-4.2952,-1.5569,3.0000
717,scouts,1,-5.7952,-0.0569,3.0000
717,scouts,2,-7.2952,-1.5569,3.0000
717,scouts,3,-5.7952,-3.0569,3.0000
717,scouts,4,7.2950,-1.5590,3.0000
717,scouts,5,5.7950,-0.0590,3.0000
717,scouts,6,4.2950,-1.5590,3.0000
717,scouts,7,5.7950,-3.0590,3.0000
717,scouts,8,-0.9983,2.5004,3.0000
717,scouts,9,-2.4983,4.0004,3.0000
717,scouts,10,-3.9983,2.5004,3.0000
717,scouts,11,-2.4983,1.0004,3.0000
717,scouts,12,3.9987,2.5030,3.0000
717,scouts,13,2.4987,4.0030,3.0000
717,scouts,14,0.9987,2.5030,3.0000
717,scouts,15,2.4987,1.0030,3.0000
717,workers,0,-8.0078,8.0202,3.0000
717,workers,1,8.0009,8.0116,3.0000
717,workers,2,8.0083,-8.0098,3.0000
717,workers,3,-7.8621,-7.8805,3.0000
718,general,0,0.0000,0.0000,5.0000
718,nodes,0,-5.7953,-1.5574,3.0000
718,nodes,1,5.7950,-1.5589,3.0000
718,nodes,2,-2.4983,2.5005,3.0000
718,nodes,3,2.4986,2.5030,3.0000
718,scouts,0,-4.2952,-1.5569,3.0000
718,scouts,1,-5.7952,-0.0569,3.0000
718,scouts,2,-7.2952,-1.5569,3.0000
718,scouts,3,-5.7952,-3.0569,3.0000
718,scouts,4,7.2950,-1.5590,3.0000
718,scouts,5,5.7950,-0.0590,3.0000
718,scouts,6,4.2950,-1.5590,3.0000
718,scouts,7,5.7950,-3.0590,3.0000
718,scouts,8,-0.9983,2.5004,3.0000
718,scouts,9,-2.4983,4.0004,3.0000
718,scouts,10,-3.9983,2.5004,3.0000
718,scouts,11,-2.4983,1.0004,3.0000
718,scouts,12,3.9986,2.5030,3.0000
718,scouts,13,2.4986,4.0030,3.0000
718,scouts,14,0.9986,2.5030,3.0000
718,scouts,15,2.4986,1.0030,3.0000
718,workers,0,-8.0078,8.0202,3.0000
718,workers,1,8.0009,8.0116,3.0000
718,workers,2,8.0083,-8.0098,3.0000
718,workers,3,-7.8621,-7.8805,3.0000
719,general,0,0.0000,0.0000,5.0000
719,nodes,0,-5.7954,-1.5574,3.0000
719,nodes,1,5.7950,-1.5588,3.0000
719,nodes,2,-2.4982,2.5005,3.0000
719,nodes,3,2.4986,2.5030,3.0000
719,scouts,0,-4.2952,-1.5570,3.0000
719,scouts,1,-5.7952,-0.0570,3.0000
719,scouts,2,-7.2952,-1.5570,3.0000
719,scouts,3,-5.7952,-3.0570,3.0000
719,scouts,4,7.2950,-1.5590,3.0000
719,scouts,5,5.7950,-0.0590,3.0000
719,scouts,6,4.2950,-1.5590,3.0000
719,scouts,7,5.7950,-3.0590,3.0000
719,scouts,8,-0.9983,2.5004,3.0000
719,scouts,9,-2.4983,4.0004,3.0000
719,scouts,10,-3.9983,2.5004,3.0000
719,scouts,11,-2.4983,1.0004,3.0000
719,scouts,12,3.9986,2.5030,3.0000
719,scouts,13,2.4986,4.0030,3.0000
719,scouts,14,0.9986,2.5030,3.0000
719,scouts,15,2.4986,1.0030,3.0000
719,workers,0,-8.0078,8.0202,3.0000
719,workers,1,8.0009,8.0116,3.0000
719,workers,2,8.0083,-8.0098,3.0000
719,workers,3,-7.8621,-7.8805,3.0000
720,general,0,0.0000,0.0000,5.0000
720,nodes,0,-5.7955,-1.5575,3.0000
720,nodes,1,5.7950,-1.5588,3.0000
720,nodes,2,-2.4982,2.5005,3.0000
720,nodes,3,2.4985,2.5029,3.0000
720,scouts,0,-4.2953,-1.5571,3.0000
720,scouts,1,-5.7953,-0.0571,3.0000
720,scouts,2,-7.2953,-1.5571,3.0000
720,scouts,3,-5.7953,-3.0571,3.0000
720,scouts,4,7.2950,-1.5590,3.0000
720,scouts,5,5.7950,-0.0590,3.0000
720,scouts,6,4.2950,-1.5590,3.0000
720,scouts,7,5.7950,-3.0590,3.0000
720,scouts,8,-0.9983,2.5004,3.0000
720,scouts,9,-2.4983,4.0004,3.0000
720,scouts,10,-3.9983,2.5004,3.0000
720,scouts,11,-2.4983,1.0004,3.0000
720,scouts,12,3.9986,2.5030,3.0000
720,scouts,13,2.4986,4.0030,3.0000
720,scouts,14,0.9986,2.5030,3.0000
720,scouts,15,2.4986,1.0030,3.0000
720,workers,0,-8.0078,8.0202,3.0000
720,workers,1,8.0009,8.0116,3.0000
720,workers,2,8.0083,-8.0098,3.0000
720,workers,3,-7.8621,-7.8805,3.0000
721,general,0,0.0000,0.0000,5.0000
721,nodes,0,-5.7955,-1.5576,3.0000
721,nodes,1,5.7950,-1.5588,3.0000
721,nodes,2,-2.4982,2.5006,3.0000
721,nodes,3,2.4985,2.5028,3.0000
721,scouts,0,-4.2953,-1.5571,3.0000
721,scouts,1,-5.7953,-0.0571,3.0000
721,scouts,2,-7.2953,-1.5571,3.0000
721,scouts,3,-5.7953,-3.0571,3.0000
721,scouts,4,7.2950,-1.5589,3.0000
721,scouts,5,5.7950,-0.0589,3.0000
721,scouts,6,4.2950,-1.5589,3.0000
721,scouts,7,5.7950,-3.0589,3.0000
721,scouts,8,-0.9983,2.5004,3.0000
721,scouts,9,-2.4983,4.0004,3.0000
721,scouts,10,-3.9983,2.5004,3.0000
721,scouts,11,-2.4983,1.0004,3.0000
721,scouts,12,3.9986,2.5030,3.0000
721,scouts,13,2.4986,4.0030,3.0000
721,scouts,14,0.9986,2.5030,3.0000
721,scouts,15,2.4986,1.0030,3.0000
721,workers,0,-8.0078,8.0202,3.0000
721,workers,1,8.0009,8.0116,3.0000
721,workers,2,8.0083,-8.0098,3.0000
721,workers,3,-7.8621,-7.8805,3.0000
722,general,0,0.0000,0.0000,5.0000
722,nodes,0,-5.7955,-1.5576,3.0000
722,nodes,1,5.7949,-1.5587,3.0000
722,nodes,2,-2.4982,2.5006,3.0000
722,nodes,3,2.4985,2.5028,3.0000
722,scouts,0,-4.2953,-1.5572,3.0000
722,scouts,1,-5.7953,-0.0572,3.0000
722,scouts,2,-7.2953,-1.5572,3.0000
722,scouts,3,-5.7953,-3.0572,3.0000
722,scouts,4,7.2950,-1.5589,3.0000
722,scouts,5,5.7950,-0.0589,3.0000
722,scouts,6,4.2950,-1.5589,3.0000
722,scouts,7,5.7950,-3.0589,3.0000
722,scouts,8,-0.9983,2.5005,3.0000
722,scouts,9,-2.4983,4.0005,3.0000
722,scouts,10,-3.9983,2.5005,3.0000
722,scouts,11,-2.4983,1.0005,3.0000
722,scouts,12,3.9986,2.5029,3.0000
722,scouts,13,2.4986,4.0029,3.0000
722,scouts,14,0.9986,2.5029,3.0000
722,scouts,15,2.4986,1.0029,3.0000
722,workers,0,-8.0078,8.0202,3.0000
722,workers,1,8.0009,8.0116,3.0000
722,workers,2,8.0083,-8.0098,3.0000
722,workers,3,-7.8621,-7.8805,3.0000
723,general,0,0.0000,0.0000,5.0000
723,nodes,0,-5.7956,-1.5577,3.0000
723,nodes,1,5.7949,-1.5587,3.0000
723,nodes,2,-2.4983,2.5006,3.0000
723,nodes,3,2.4985,2.5028,3.0000
723,scouts,0,-4.2954,-1.5573,3.0000
723,scouts,1,-5.7954,-0.0573,3.0000
723,scouts,2,-7.2954,-1.5573,3.0000
723,scouts,3,-5.7954,-3.0573,3.0000
723,scouts,4,7.2950,-1.5589,3.0000
723,scouts,5,5.7950,-0.0589,3.0000
723,scouts,6,4.2950,-1.5589,3.0000
723,scouts,7,5.7950,-3.0589,3.0000
723,scouts,8,-0.9983,2.5005,3.0000
723,scouts,9,-2.4983,4.0005,3.0000
723,scouts,10,-3.9983,2.5005,3.0000
723,scouts,11,-2.4983,1.0005,3.0000
723,scouts,12,3.9986,2.5029,3.0000
723,scouts,13,2.4986,4.0029,3.0000
723,scouts,14,0.9986,2.5029,3.0000
723,scouts,15,2.4986,1.0029,3.0000
723,workers,0,-8.0078,8.0202,3.0000
723,workers,1,8.0009,8.0116,3.0000
723,workers,2,8.0083,-8.0098,3.0000
723,workers,3,-7.8621,-7.8805,3.0000
724,general,0,0.0000,0.0000,5.0000
724,nodes,0,-5.7956,-1.5578,3.0000
724,nodes,1,5.7949,-1.5586,3.0000
724,nodes,2,-2.4983,2.5006,3.0000
724,nodes,3,2.4985,2.5027,3.0000
724,scouts,0,-4.2954,-1.5573,3.0000
724,scouts,1,-5.7954,-0.0573,3.0000
724,scouts,2,-7.2954,-1.5573,3.0000
724,scouts,3,-5.7954,-3.0573,3.0000
724,scouts,4,7.2950,-1.5588,3.0000
724,scouts,5,5.7950,-0.0588,3.0000
724,scouts,6,4.2950,-1.5588,3.0000
724,scouts,7,5.7950,-3.0588,3.0000
724,scouts,8,-0.9983,2.5005,3.0000
724,scouts,9,-2.4983,4.0005,3.0000
724,scouts,10,-3.9983,2.5005,3.0000
724,scouts,11,-2.4983,1.0005,3.0000
724,scouts,12,3.9986,2.5029,3.0000
724,scouts,13,2.4986,4.0029,3.0000
724,scouts,14,0.9986,2.5029,3.0000
724,scouts,15,2.4986,1.0029,3.0000
724,workers,0,-8.0078,8.0202,3.0000
724,workers,1,8.0009,8.0116,3.0000
724,workers,2,8.0083,-8.0098,3.0000
724,workers,3,-7.8621,-7.8805,3.0000
725,general,0,0.0000,0.0000,5.0000
725,nodes,0,-5.7957,-1.5578,3.0000
725,nodes,1,5.7950,-1.5586,3.0000
725,nodes,2,-2.4984,2.5006,3.0000
725,nodes,3,2.4985,2.5028,3.0000
725,scouts,0,-4.2954,-1.5574,3.0000
725,scouts,1,-5.7954,-0.0574,3.0000
725,scouts,2,-7.2954,-1.5574,3.0000
725,scouts,3,-5.7954,-3.0574,3.0000
725,scouts,4,7.2950,-1.5588,3.0000
725,scouts,5,5.7950,-0.0588,3.0000
725,scouts,6,4.2950,-1.5588,3.0000
725,scouts,7,5.7950,-3.0588,3.0000
725,scouts,8,-0.9983,2.5005,3.0000
725,scouts,9,-2.4983,4.0005,3.0000
725,scouts,10,-3.9983,2.5005,3.0000
725,scouts,11,-2.4983,1.0005,3.0000
725,scouts,12,3.9985,2.5029,3.0000
725,scouts,13,2.4985,4.0029,3.0000
725,scouts,14,0.9985,2.5029,3.0000
725,scouts,15,2.4985,1.0029,3.0000
725,workers,0,-8.0078,8.0202,3.0000
725,workers,1,8.0009,8.0116,3.0000
725,workers,2,8.0083,-8.0098,3.0000
725,workers,3,-7.8621,-7.8805,3.0000
726,general,0,0.0000,0.0000,5.0000
726,nodes,0,-5.7958,-1.5578,3.0000
726,nodes,1,5.7950,-1.5586,3.0000
726,nodes,2,-2.4984,2.5006,3.0000
726,nodes,3,2.4984,2.5028,3.0000
726,scouts,0,-4.2955,-1.5575,3.0000
726,scouts,1,-5.7955,-0.0575,3.0000
726,scouts,2,-7.2955,-1.5575,3.0000
726,scouts,3,-5.7955,-3.0575,3.0000
726,scouts,4,7.2950,-1.5588,3.0000
726,scouts,5,5.7950,-0.0588,3.0000
726,scouts,6,4.2950,-1.5588,3.0000
726,scouts,7,5.7950,-3.0588,3.0000
726,scouts,8,-0.9983,2.5005,3.0000
726,scouts,9,-2.4983,4.0005,3.0000
726,scouts,10,-3.9983,2.5005,3.0000
726,scouts,11,-2.4983,1.0005,3.0000
726,scouts,12,3.9985,2.5029,3.0000
726,scouts,13,2.4985,4.0029,3.0000
726,scouts,14,0.9985,2.5029,3.0000
726,scouts,15,2.4985,1.0029,3.0000
726,workers,0,-8.0078,8.0202,3.0000
726,workers,1,8.0009,8.0116,3.0000
726,workers,2,8.0083,-8.0098,3.0000
726,workers,3,-7.8621,-7.8805,3.0000
727,general,0,0.0000,0.0000,5.0000
727,nodes,0,-5.7958,-1.5578,3.0000
727,nodes,1,5.7950,-1.5585,3.0000
727,nodes,2,-2.4985,2.5006,3.0000
727,nodes,3,2.4983,2.5028,3.0000
727,scouts,0,-4.2955,-1.5575,3.0000
727,scouts,1,-5.7955,-0.0575,3.0000
727,scouts,2,-7.2955,-1.5575,3.0000
727,scouts,3,-5.7955,-3.0575,3.0000
727,scouts,4,7.2950,-1.5588,3.0000
727,scouts,5,5.7950,-0.0588,3.0000
727,scouts,6,4.2950,-1.5588,3.0000
727,scouts,7,5.7950,-3.0588,3.0000
727,scouts,8,-0.9983,2.5005,3.0000
727,scouts,9,-2.4983,4.0005,3.0000
727,scouts,10,-3.9983,2.5005,3.0000
727,scouts,11,-2.4983,1.0005,3.0000
727,scouts,12,3.9985,2.5028,3.0000
727,scouts,13,2.4985,4.0028,3.0000
727,scouts,14,0.9985,2.5028,3.0000
727,scouts,15,2.4985,1.0028,3.0000
727,workers,0,-8.0078,8.0202,3.0000
727,workers,1,8.0009,8.0116,3.0000
727,workers,2,8.0083,-8.0098,3.0000
727,workers,3,-7.8621,-7.8805,3.0000
728,general,0,0.0000,0.0000,5.0000
728,nodes,0,-5.7958,-1.5579,3.0000
728,nodes,1,5.7950,-1.5585,3.0000
728,nodes,2,-2.4985,2.5006,3.0000
728,nodes,3,2.4983,2.5028,3.0000
728,scouts,0,-4.2956,-1.5576,3.0000
728,scouts,1,-5.7956,-0.0576,3.0000
728,scouts,2,-7.2956,-1.5576,3.0000
728,scouts,3,-5.7956,-3.0576,3.0000
728,scouts,4,7.2950,-1.5587,3.0000
728,scouts,5,5.7950,-0.0587,3.0000
728,scouts,6,4.2950,-1.5587,3.0000
728,scouts,7,5.7950,-3.0587,3.0000
728,scouts,8,-0.9983,2.5006,3.0000
728,scouts,9,-2.4983,4.0006,3.0000
728,scouts,10,-3.9983,2.5006,3.0000
728,scouts,11,-2.4983,1.0006,3.0000
728,scouts,12,3.9985,2.5028,3.0000
728,scouts,13,2.4985,4.0028,3.0000
728,scouts,14,0.9985,2.5028,3.0000
728,scouts,15,2.4985,1.0028,3.0000
728,workers,0,-8.0078,8.0202,3.0000
728,workers,1,8.0009,8.0116,3.0000
728,workers,2,8.0083,-8.0098,3.0000
728,workers,3,-7.8621,-7.8805,3.0000
729,general,0,0.0000,0.0000,5.0000
729,nodes,0,-5.7958,-1.5579,3.0000
729,nodes,1,5.7950,-1.5585,3.0000
729,nodes,2,-2.4985,2.5006,3.0000
729,nodes,3,2.4983,2.5027,3.0000
729,scouts,0,-4.2956,-1.5576,3.0000
729,scouts,1,-5.7956,-0.0576,3.0000
729,scouts,2,-7.2956,-1.5576,3.0000
729,scouts,3,-5.7956,-3.0576,3.0000
729,scouts,4,7.2950,-1.5587,3.0000
729,scouts,5,5.7950,-0.0587,3.0000
729,scouts,6,4.2950,-1.5587,3.0000
729,scouts,7,5.7950,-3.0587,3.0000
729,scouts,8,-0.9984,2.5006,3.0000
729,scouts,9,-2.4984,4.0006,3.0000
729,scouts,10,-3.9984,2.5006,3.0000
729,scouts,11,-2.4984,1.0006,3.0000
729,scouts,12,3.9985,2.5028,3.0000
729,scouts,13,2.4985,4.0028,3.0000
729,scouts,14,0.9985,2.5028,3.0000
729,scouts,15,2.4985,1.0028,3.0000
729,workers,0,-8.0078,8.0202,3.0000
729,workers,1,8.0009,8.0116,3.0000
729,workers,2,8.0083,-8.0098,3.0000
729,workers,3,-7.8621,-7.8805,3.0000
730,general,0,0.0000,0.0000,5.0000
730,nodes,0,-5.7958,-1.5579,3.0000
730,nodes,1,5.7951,-1.5585,3.0000
730,nodes,2,-2.4985,2.5006,3.0000
730,nodes,3,2.4984,2.5027,3.0000
730,scouts,0,-4.2956,-1.5576,3.0000
730,scouts,1,-5.7956,-0.0576,3.0000
730,scouts,2,-7.2956,-1.5576,3.0000
730,scouts,3,-5.7956,-3.0576,3.0000
730,scouts,4,7.2950,-1.5587,3.0000
730,scouts,5,5.7950,-0.0587,3.0000
730,scouts,6,4.2950,-1.5587,3.0000
730,scouts,7,5.7950,-3.0587,3.0000
730,scouts,8,-0.9984,2.5006,3.0000
730,scouts,9,-2.4984,4.0006,3.0000
730,scouts,10,-3.9984,2.5006,3.0000
730,scouts,11,-2.4984,1.0006,3.0000
730,scouts,12,3.9984,2.5028,3.0000
730,scouts,13,2.4984,4.0028,3.0000
730,scouts,14,0.9984,2.5028,3.0000
730,scouts,15,2.4984,1.0028,3.0000
730,workers,0,-8.0078,8.0202,3.0000
730,workers,1,8.0009,8.0116,3.0000
730,workers,2,8.0083,-8.0098,3.0000
730,workers,3,-7.8621,-7.8805,3.0000
731,general,0,0.0000,0.0000,5.0000
731,nodes,0,-5.7958,-1.5579,3.0000
731,nodes,1,5.7950,-1.5585,3.0000
731,nodes,2,-2.4986,2.5006,3.0000
731,nodes,3,2.4984,2.5027,3.0000
731,scouts,0,-4.2956,-1.5577,3.0000
731,scouts,1,-5.7956,-0.0577,3.0000
731,scouts,2,-7.2956,-1.5577,3.0000
731,scouts,3,-5.7956,-3.0577,3.0000
731,scouts,4,7.2950,-1.5586,3.0000
731,scouts,5,5.7950,-0.0586,3.0000
731,scouts,6,4.2950,-1.5586,3.0000
731,scouts,7,5.7950,-3.0586,3.0000
731,scouts,8,-0.9984,2.5006,3.0000
731,scouts,9,-2.4984,4.0006,3.0000
731,scouts,10,-3.9984,2.5006,3.0000
731,scouts,11,-2.4984,1.0006,3.0000
731,scouts,12,3.9984,2.5028,3.0000
731,scouts,13,2.4984,4.0028,3.0000
731,scouts,14,0.9984,2.5028,3.0000
731,scouts,15,2.4984,1.0028,3.0000
731,workers,0,-8.0078,8.0202,3.0000
731,workers,1,8.0009,8.0116,3.0000
731,workers,2,8.0083,-8.0098,3.0000
731,workers,3,-7.8621,-7.8805,3.0000
732,general,0,0.0000,0.0000,5.0000
732,nodes,0,-5.7958,-1.5579,3.0000
732,nodes,1,5.7950,-1.5584,3.0000
732,nodes,2,-2.4986,2.5006,3.0000
732,nodes,3,2.4984,2.5028,3.0000
732,scouts,0,-4.2957,-1.5577,3.0000
732,scouts,1,-5.7957,-0.0577,3.0000
732,scouts,2,-7.2957,-1.5577,3.0000
732,scouts,3,-5.7957,-3.0577,3.0000
732,scouts,4,7.2950,-1.5586,3.0000
732,scouts,5,5.7950,-0.0586,3.0000
732,scouts,6,4.2950,-1.5586,3.0000
732,scouts,7,5.7950,-3.0586,3.0000
732,scouts,8,-0.9984,2.5006,3.0000
732,scouts,9,-2.4984,4.0006,3.0000
732,scouts,10,-3.9984,2.5006,3.0000
732,scouts,11,-2.4984,1.0006,3.0000
732,scouts,12,3.9984,2.5028,3.0000
732,scouts,13,2.4984,4.0028,3.0000
732,scouts,14,0.9984,2.5028,3.0000
732,scouts,15,2.4984,1.0028,3.0000
732,workers,0,-8.0078,8.0202,3.0000
732,workers,1,8.0009,8.0116,3.0000
732,workers,2,8.0083,-8.0098,3.0000
732,workers,3,-7.8621,-7.8805,3.0000
733,general,0,0.0000,0.0000,5.0000
733,nodes,0,-5.7958,-1.5580,3.0000
733,nodes,1,5.7950,-1.5584,3.0000
733,nodes,2,-2.4986,2.5006,3.0000
733,nodes,3,2.4985,2.5028,3.0000
733,scouts,0,-4.2957,-1.5577,3.0000
733,scouts,1,-5.7957,-0.0577,3.0000
733,scouts,2,-7.2957,-1.5577,3.0000
733,scouts,3,-5.7957,-3.0577,3.0000
733,scouts,4,7.2950,-1.5586,3.0000
733,scouts,5,5.7950,-0.0586,3.0000
733,scouts,6,4.2950,-1.5586,3.0000
733,scouts,7,5.7950,-3.0586,3.0000
733,scouts,8,-0.9985,2.5006,3.0000
733,scouts,9,-2.4985,4.0006,3.0000
733,scouts,10,-3.9985,2.5006,3.0000
733,scouts,11,-2.4985,1.0006,3.0000
733,scouts,12,3.9984,2.5028,3.0000
733,scouts,13,2.4984,4.0028,3.0000
733,scouts,14,0.9984,2.5028,3.0000
733,scouts,15,2.4984,1.0028,3.0000
733,workers,0,-8.0078,8.0202,3.0000
733,workers,1,8.0009,8.0116,3.0000
733,workers,2,8.0083,-8.0098,3.0000
733,workers,3,-7.8621,-7.8805,3.0000
734,general,0,0.0000,0.0000,5.0000
734,nodes,0,-5.7958,-1.5580,3.0000
734,nodes,1,5.7950,-1.5583,3.0000
734,nodes,2,-2.4986,2.5006,3.0000
734,nodes,3,2.4985,2.5028,3.0000
734,scouts,0,-4.2957,-1.5578,3.0000
734,scouts,1,-5.7957,-0.0578,3.0000
734,scouts,2,-7.2957,-1.5578,3.0000
734,scouts,3,-5.7957,-3.0578,3.0000
734,scouts,4,7.2950,-1.5585,3.0000
734,scouts,5,5.7950,-0.0585,3.0000
734,scouts,6,4.2950,-1.5585,3.0000
734,scouts,7,5.7950,-3.0585,3.0000
734,scouts,8,-0.9985,2.5006,3.0000
734,scouts,9,-2.4985,4.0006,3.0000
734,scouts,10,-3.9985,2.5006,3.0000
734,scouts,11,-2.4985,1.0006,3.0000
734,scouts,12,3.9985,2.5028,3.0000
734,scouts,13,2.4985,4.0028,3.0000
734,scouts,14,0.9985,2.5028,3.0000
734,scouts,15,2.4985,1.0028,3.0000
734,workers,0,-8.0078,8.0202,3.0000
734,workers,1,8.0009,8.0116,3.0000
734,workers,2,8.0083,-8.0098,3.0000
734,workers,3,-7.8621,-7.8805,3.0000
735,general,0,0.0000,0.0000,5.0000
735,nodes,0,-5.7958,-1.5579,3.0000
735,nodes,1,5.7951,-1.5583,3.0000
735,nodes,2,-2.4986,2.5006,3.0000
735,nodes,3,2.4985,2.5028,3.0000
735,scouts,0,-4.2957,-1.5578,3.0000
735,scouts,1,-5.7957,-0.0578,3.0000
735,scouts,2,-7.2957,-1.5578,3.0000
735,scouts,3,-5.7957,-3.0578,3.0000
735,scouts,4,7.2950,-1.5585,3.0000
735,scouts,5,5.7950,-0.0585,3.0000
735,scouts,6,4.2950,-1.5585,3.0000
735,scouts,7,5.7950,-3.0585,3.0000
735,scouts,8,-0.9985,2.5006,3.0000
735,scouts,9,-2.4985,4.0006,3.0000
735,scouts,10,-3.9985,2.5006,3.0000
735,scouts,11,-2.4985,1.0006,3.0000
735,scouts,12,3.9985,2.5028,3.0000
735,scouts,13,2.4985,4.0028,3.0000
735,scouts,14,0.9985,2.5028,3.0000
735,scouts,15,2.4985,1.0028,3.0000
735,workers,0,-8.0078,8.0202,3.0000
735,workers,1,8.0009,8.0116,3.0000
735,workers,2,8.0083,-8.0098,3.0000
735,workers,3,-7.8621,-7.8805,3.0000
736,general,0,0.0000,0.0000,5.0000
736,nodes,0,-5.7958,-1.5579,3.0000
736,nodes,1,5.7951,-1.5582,3.0000
736,nodes,2,-2.4986,2.5006,3.0000
736,nodes,3,2.4985,2.5029,3.0000
736,scouts,0,-4.2957,-1.5578,3.0000
736,scouts,1,-5.7957,-0.0578,3.0000
736,scouts,2,-7.2957,-1.5578,3.0000
736,scouts,3,-5.7957,-3.0578,3.0000
736,scouts,4,7.2950,-1.5585,3.0000
736,scouts,5,5.7950,-0.0585,3.0000
736,scouts,6,4.2950,-1.5585,3.0000
736,scouts,7,5.7950,-3.0585,3.0000
736,scouts,8,-0.9985,2.5006,3.0000
736,scouts,9,-2.4985,4.0006,3.0000
736,scouts,10,-3.9985,2.5006,3.0000
736,scouts,11,-2.4985,1.0006,3.0000
736,scouts,12,3.9985,2.5028,3.0000
736,scouts,13,2.4985,4.0028,3.0000
736,scouts,14,0.9985,2.5028,3.0000
736,scouts,15,2.4985,1.0028,3.0000
736,workers,0,-8.0078,8.0202,3.0000
736,workers,1,8.0009,8.0116,3.0000
736,workers,2,8.0083,-8.0098,3.0000
736,workers,3,-7.8621,-7.8805,3.0000
737,general,0,0.0000,0.0000,5.0000
737,nodes,0,-5.7957,-1.5578,3.0000
737,nodes,1,5.7951,-1.5581,3.0000
737,nodes,2,-2.4986,2.5006,3.0000
737,nodes,3,2.4985,2.5029,3.0000
737,scouts,0,-4.2957,-1.5578,3.0000
737,scouts,1,-5.7957,-0.0578,3.0000
737,scouts,2,-7.2957,-1.5578,3.0000
737,scouts,3,-5.7957,-3.0578,3.0000
737,scouts,4,7.2950,-1.5584,3.0000
737,scouts,5,5.7950,-0.0584,3.0000
737,scouts,6,4.2950,-1.5584,3.0000
737,scouts,7,5.7950,-3.0584,3.0000
737,scouts,8,-0.9985,2.5006,3.0000
737,scouts,9,-2.4985,4.0006,3.0000
737,scouts,10,-3.9985,2.5006,3.0000
737,scouts,11,-2.4985,1.0006,3.0000
737,scouts,12,3.9985,2.5028,3.0000
737,scouts,13,2.4985,4.0028,3.0000
737,scouts,14,0.9985,2.5028,3.0000
737,scouts,15,2.4985,1.0028,3.0000
737,workers,0,-8.0078,8.0202,3.0000
737,workers,1,8.0009,8.0116,3.0000
737,workers,2,8.0083,-8.0098,3.0000
737,workers,3,-7.8621,-7.8805,3.0000
738,general,0,0.0000,0.0000,5.0000
738,nodes,0,-5.7957,-1.5578,3.0000
738,nodes,1,5.7951,-1.5580,3.0000
738,nodes,2,-2.4986,2.5006,3.0000
738,nodes,3,2.4985,2.5029,3.0000
738,scouts,0,-4.2957,-1.5578,3.0000
738,scouts,1,-5.7957,-0.0578,3.0000
738,scouts,2,-7.2957,-1.5578,3.0000
738,scouts,3,-5.7957,-3.0578,3.0000
738,scouts,4,7.2950,-1.5584,3.0000
738,scouts,5,5.7950,-0.0584,3.0000
738,scouts,6,4.2950,-1.5584,3.0000
738,scouts,7,5.7950,-3.0584,3.0000
738,scouts,8,-0.9985,2.5006,3.0000
738,scouts,9,-2.4985,4.0006,3.0000
738,scouts,10,-3.9985,2.5006,3.0000
738,scouts,11,-2.4985,1.0006,3.0000
738,scouts,12,3.9985,2.5028,3.0000
738,scouts,13,2.4985,4.0028,3.0000
738,scouts,14,0.9985,2.5028,3.0000
738,scouts,15,2.4985,1.0028,3.0000
738,workers,0,-8.0078,8.0202,3.0000
738,workers,1,8.0009,8.0116,3.0000
738,workers,2,8.0083,-8.0098,3.0000
738,workers,3,-7.8621,-7.8805,3.0000
739,general,0,0.0000,0.0000,5.0000
739,nodes,0,-5.7957,-1.5577,3.0000
739,nodes,1,5.7952,-1.5580,3.0000
739,nodes,2,-2.4986,2.5006,3.0000
739,nodes,3,2.4985,2.5030,3.0000
739,scouts,0,-4.2957,-1.5578,3.0000
739,scouts,1,-5.7957,-0.0578,3.0000
739,scouts,2,-7.2957,-1.5578,3.0000
739,scouts,3,-5.7957,-3.0578,3.0000
739,scouts,4,7.2951,-1.5583,3.0000
739,scouts,5,5.7951,-0.0583,3.0000
739,scouts,6,4.2951,-1.5583,3.0000
739,scouts,7,5.7951,-3.0583,3.0000
739,scouts,8,-0.9986,2.5006,3.0000
739,scouts,9,-2.4986,4.0006,3.0000
739,scouts,10,-3.9986,2.5006,3.0000
739,scouts,11,-2.4986,1.0006,3.0000
739,scouts,12,3.9985,2.5028,3.0000
739,scouts,13,2.4985,4.0028,3.0000
739,scouts,14,0.9985,2.5028,3.0000
739,scouts,15,2.4985,1.0028,3.0000
739,workers,0,-8.0078,8.0202,3.0000
739,workers,1,8.0009,8.0116,3.0000
739,workers,2,8.0083,-8.0098,3.0000
739,workers,3,-7.8621,-7.8805,3.0000
740,general,0,0.0000,0.0000,5.0000
740,nodes,0,-5.7957,-1.5578,3.0000
740,nodes,1,5.7952,-1.5580,3.0000
740,nodes,2,-2.4986,2.5006,3.0000
740,nodes,3,2.4985,2.5030,3.0000
740,scouts,0,-4.2957,-1.5578,3.0000
740,scouts,1,-5.7957,-0.0578,3.0000
740,scouts,2,-7.2957,-1.5578,3.0000
740,scouts,3,-5.7957,-3.0578,3.0000
740,scouts,4,7.2951,-1.5583,3.0000
740,scouts,5,5.7951,-0.0583,3.0000
740,scouts,6,4.2951,-1.5583,3.0000
740,scouts,7,5.7951,-3.0583,3.0000
740,scouts,8,-0.9986,2.5006,3.0000
740,scouts,9,-2.4986,4.0006,3.0000
740,scouts,10,-3.9986,2.5006,3.0000
740,scouts,11,-2.4986,1.0006,3.0000
740,scouts,12,3.9985,2.5029,3.0000
740,scouts,13,2.4985,4.0029,3.0000
740,scouts,14,0.9985,2.5029,3.0000
740,scouts,15,2.4985,1.0029,3.0000
740,workers,0,-8.0078,8.0202,3.0000
740,workers,1,8.0009,8.0116,3.0000
740,workers,2,8.0083,-8.0098,3.0000
740,workers,3,-7.8621,-7.8805,3.0000
741,general,0,0.0000,0.0000,5.0000
741,nodes,0,-5.7957,-1.5578,3.0000
741,nodes,1,5.7952,-1.5579,3.0000
741,nodes,2,-2.4986,2.5006,3.0000
741,nodes,3,2.4985,2.5029,3.0000
741,scouts,0,-4.2957,-1.5578,3.0000
741,scouts,1,-5.7957,-0.0578,3.0000
741,scouts,2,-7.2957,-1.5578,3.0000
741,scouts,3,-5.7957,-3.0578,3.0000
741,scouts,4,7.2951,-1.5582,3.0000
741,scouts,5,5.7951,-0.0582,3.0000
741,scouts,6,4.2951,-1.5582,3.0000
741,scouts,7,5.7951,-3.0582,3.0000
741,scouts,8,-0.9986,2.5006,3.0000
741,scouts,9,-2.4986,4.0006,3.0000
741,scouts,10,-3.9986,2.5006,3.0000
741,scouts,11,-2.4986,1.0006,3.0000
741,scouts,12,3.9985,2.5029,3.0000
741,scouts,13,2.4985,4.0029,3.0000
741,scouts,14,0.9985,2.5029,3.0000
741,scouts,15,2.4985,1.0029,3.0000
741,workers,0,-8.0078,8.0202,3.0000
741,workers,1,8.0009,8.0116,3.0000
741,workers,2,8.0083,-8.0098,3.0000
741,workers,3,-7.8621,-7.8805,3.0000
742,general,0,0.0000,0.0000,5.0000
742,nodes,0,-5.7957,-1.5578,3.0000
742,nodes,1,5.7952,-1.5579,3.0000
742,nodes,2,-2.4985,2.5006,3.0000
742,nodes,3,2.4986,2.5030,3.0000
742,scouts,0,-4.2957,-1.5578,3.0000
742,scouts,1,-5.7957,-0.0578,3.0000
742,scouts,2,-7.2957,-1.5578,3.0000
742,scouts,3,-5.7957,-3.0578,3.0000
742,scouts,4,7.2951,-1.5582,3.0000
742,scouts,5,5.7951,-0.0582,3.0000
742,scouts,6,4.2951,-1.5582,3.0000
742,scouts,7,5.7951,-3.0582,3.0000
742,scouts,8,-0.9986,2.5006,3.0000
742,scouts,9,-2.4986,4.0006,3.0000
742,scouts,10,-3.9986,2.5006,3.0000
742,scouts,11,-2.4986,1.0006,3.0000
742,scouts,12,3.9985,2.5029,3.0000
742,scouts,13,2.4985,4.0029,3.0000
742,scouts,14,0.9985,2.5029,3.0000
742,scouts,15,2.4985,1.0029,3.0000
742,workers,0,-8.0078,8.0202,3.0000
742,workers,1,8.0009,8.0116,3.0000
742,workers,2,8.0083,-8.0098,3.0000
742,workers,3,-7.8621,-7.8805,3.0000
743,general,0,0.0000,0.0000,5.0000
743,nodes,0,-5.7958,-1.5579,3.0000
743,nodes,1,5.7952,-1.5578,3.0000
743,nodes,2,-2.4985,2.5006,3.0000
743,nodes,3,2.4986,2.5030,3.0000
743,scouts,0,-4.2957,-1.5578,3.0000
743,scouts,1,-5.7957,-0.0578,3.0000
743,scouts,2,-7.2957,-1.5578,3.0000
743,scouts,3,-5.7957,-3.0578,3.0000
743,scouts,4,7.2951,-1.5581,3.0000
743,scouts,5,5.7951,-0.0581,3.0000
743,scouts,6,4.2951,-1.5581,3.0000
743,scouts,7,5.7951,-3.0581,3.0000
743,scouts,8,-0.9986,2.5006,3.0000
743,scouts,9,-2.4986,4.0006,3.0000
743,scouts,10,-3.9986,2.5006,3.0000
743,scouts,11,-2.4986,1.0006,3.0000
743,scouts,12,3.9985,2.5029,3.0000
743,scouts,13,2.4985,4.0029,3.0000
743,scouts,14,0.9985,2.5029,3.0000
743,scouts,15,2.4985,1.0029,3.0000
743,workers,0,-8.0078,8.0202,3.0000
743,workers,1,8.0009,8.0116,3.0000
743,workers,2,8.0083,-8.0098,3.0000
743,workers,3,-7.8621,-7.8805,3.0000
744,general,0,0.0000,0.0000,5.0000
744,nodes,0,-5.7958,-1.5579,3.0000
744,nodes,1,5.7952,-1.5578,3.0000
744,nodes,2,-2.4985,2.5006,3.0000
744,nodes,3,2.4987,2.5030,3.0000
744,scouts,0,-4.2957,-1.5578,3.0000
744,scouts,1,-5.7957,-0.0578,3.0000
744,scouts,2,-7.2957,-1.5578,3.0000
744,scouts,3,-5.7957,-3.0578,3.0000
744,scouts,4,7.2952,-1.5581,3.0000
744,scouts,5,5.7952,-0.0581,3.0000
744,scouts,6,4.2952,-1.5581,3.0000
744,scouts,7,5.7952,-3.0581,3.0000
744,scouts,8,-0.9985,2.5006,3.0000
744,scouts,9,-2.4985,4.0006,3.0000
744,scouts,10,-3.9985,2.5006,3.0000
744,scouts,11,-2.4985,1.0006,3.0000
744,scouts,12,3.9985,2.5029,3.0000
744,scouts,13,2.4985,4.0029,3.0000
744,scouts,14,0.9985,2.5029,3.0000
744,scouts,15,2.4985,1.0029,3.0000
744,workers,0,-8.0078,8.0202,3.0000
744,workers,1,8.0009,8.0116,3.0000
744,workers,2,8.0083,-8.0098,3.0000
744,workers,3,-7.8621,-7.8805,3.0000
745,general,0,0.0000,0.0000,5.0000
745,nodes,0,-5.7958,-1.5579,3.0000
745,nodes,1,5.7952,-1.5577,3.0000
745,nodes,2,-2.4985,2.5006,3.0000
745,nodes,3,2.4988,2.5030,3.0000
745,scouts,0,-4.2957,-1.5578,3.0000
745,scouts,1,-5.7957,-0.0578,3.0000
745,scouts,2,-7.2957,-1.5578,3.0000
745,scouts,3,-5.7957,-3.0578,3.0000
745,scouts,4,7.2952,-1.5580,3.0000
745,scouts,5,5.7952,-0.0580,3.0000
745,scouts,6,4.2952,-1.5580,3.0000
745,scouts,7,5.7952,-3.0580,3.0000
745,scouts,8,-0.9985,2.5006,3.0000
745,scouts,9,-2.4985,4.0006,3.0000
745,scouts,10,-3.9985,2.5006,3.0000
745,scouts,11,-2.4985,1.0006,3.0000
745,scouts,12,3.9986,2.5029,3.0000
745,scouts,13,2.4986,4.0029,3.0000
745,scouts,14,0.9986,2.5029,3.0000
745,scouts,15,2.4986,1.0029,3.0000
745,workers,0,-8.0078,8.0202,3.0000
745,workers,1,8.0009,8.0116,3.0000
745,workers,2,8.0083,-8.0098,3.0000
745,workers,3,-7.8621,-7.8805,3.0000
746,general,0,0.0000,0.0000,5.0000
746,nodes,0,-5.7958,-1.5579,3.0000
746,nodes,1,5.7953,-1.5576,3.0000
746,nodes,2,-2.4984,2.5005,3.0000
746,nodes,3,2.4988,2.5030,3.0000
746,scouts,0,-4.2958,-1.5578,3.0000
746,scouts,1,-5.7958,-0.0578,3.0000
746,scouts,2,-7.2958,-1.5578,3.0000
746,scouts,3,-5.7958,-3.0578,3.0000
746,scouts,4,7.2952,-1.5580,3.0000
746,scouts,5,5.7952,-0.0580,3.0000
746,scouts,6,4.2952,-1.5580,3.0000
746,scouts,7,5.7952,-3.0580,3.0000
746,scouts,8,-0.9985,2.5006,3.0000
746,scouts,9,-2.4985,4.0006,3.0000
746,scouts,10,-3.9985,2.5006,3.0000
746,scouts,11,-2.4985,1.0006,3.0000
746,scouts,12,3.9986,2.5029,3.0000
746,scouts,13,2.4986,4.0029,3.0000
746,scouts,14,0.9986,2.5029,3.0000
746,scouts,15,2.4986,1.0029,3.0000
746,workers,0,-8.0078,8.0202,3.0000
746,workers,1,8.0009,8.0116,3.0000
746,workers,2,8.0083,-8.0098,3.0000
746,workers,3,-7.8621,-7.8805,3.0000
747,general,0,0.0000,0.0000,5.0000
747,nodes,0,-5.7958,-1.5580,3.0000
747,nodes,1,5.7953,-1.5576,3.0000
747,nodes,2,-2.4984,2.5005,3.0000
747,nodes,3,2.4988,2.5030,3.0000
747,scouts,0,-4.2958,-1.5579,3.0000
747,scouts,1,-5.7958,-0.0579,3.0000
747,scouts,2,-7.2958,-1.5579,3.0000
747,scouts,3,-5.7958,-3.0579,3.0000
747,scouts,4,7.2952,-1.5579,3.0000
747,scouts,5,5.7952,-0.0579,3.0000
747,scouts,6,4.2952,-1.5579,3.0000
747,scouts,7,5.7952,-3.0579,3.0000
747,scouts,8,-0.9985,2.5006,3.0000
747,scouts,9,-2.4985,4.0006,3.0000
747,scouts,10,-3.9985,2.5006,3.0000
747,scouts,11,-2.4985,1.0006,3.0000
747,scouts,12,3.9986,2.5029,3.0000
747,scouts,13,2.4986,4.0029,3.0000
747,scouts,14,0.9986,2.5029,3.0000
747,scouts,15,2.4986,1.0029,3.0000
747,workers,0,-8.0078,8.0202,3.0000
747,workers,1,8.0009,8.0116,3.0000
747,workers,2,8.0083,-8.0098,3.0000
747,workers,3,-7.8621,-7.8805,3.0000
748,general,0,0.0000,0.0000,5.0000
748,nodes,0,-5.7958,-1.5580,3.0000
748,nodes,1,5.7953,-1.5576,3.0000
748,nodes,2,-2.4984,2.5005,3.0000
748,nodes,3,2.4989,2.5030,3.0000
748,scouts,0,-4.2958,-1.5579,3.0000
748,scouts,1,-5.7958,-0.0579,3.0000
748,scouts,2,-7.2958,-1.5579,3.0000
748,scouts,3,-5.7958,-3.0579,3.0000
748,scouts,4,7.2952,-1.5579,3.0000
748,scouts,5,5.7952,-0.0579,3.0000
748,scouts,6,4.2952,-1.5579,3.0000
748,scouts,7,5.7952,-3.0579,3.0000
748,scouts,8,-0.9985,2.5006,3.0000
748,scouts,9,-2.4985,4.0006,3.0000
748,scouts,10,-3.9985,2.5006,3.0000
748,scouts,11,-2.4985,1.0006,3.0000
748,scouts,12,3.9987,2.5029,3.0000
748,scouts,13,2.4987,4.0029,3.0000
748,scouts,14,0.9987,2.5029,3.0000
748,scouts,15,2.4987,1.0029,3.0000
748,workers,0,-8.0078,8.0202,3.0000
748,workers,1,8.0009,8.0116,3.0000
748,workers,2,8.0083,-8.0098,3.0000
748,workers,3,-7.8621,-7.8805,3.0000
749,general,0,0.0000,0.0000,5.0000
749,nodes,0,-5.7958,-1.5580,3.0000
749,nodes,1,5.7953,-1.5576,3.0000
749,nodes,2,-2.4984,2.5005,3.0000
749,nodes,3,2.4990,2.5030,3.0000
749,scouts,0,-4.2958,-1.5579,3.0000
749,scouts,1,-5.7958,-0.0579,3.0000
749,scouts,2,-7.2958,-1.5579,3.0000
749,scouts,3,-5.7958,-3.0579,3.0000
749,scouts,4,7.2952,-1.5578,3.0000
749,scouts,5,5.7952,-0.0578,3.0000
749,scouts,6,4.2952,-1.5578,3.0000
749,scouts,7,5.7952,-3.0578,3.0000
749,scouts,8,-0.9985,2.5006,3.0000
749,scouts,9,-2.4985,4.0006,3.0000
749,scouts,10,-3.9985,2.5006,3.0000
749,scouts,11,-2.4985,1.0006,3.0000
749,scouts,12,3.9987,2.5029,3.0000
749,scouts,13,2.4987,4.0029,3.0000
749,scouts,14,0.9987,2.5029,3.0000
749,scouts,15,2.4987,1.0029,3.0000
749,workers,0,-8.0078,8.0202,3.0000
749,workers,1,8.0009,8.0116,3.0000
749,workers,2,8.0083,-8.0098,3.0000
749,workers,3,-7.8621,-7.8805,3.0000
750,general,0,0.0000,0.0000,5.0000
750,nodes,0,-5.7958,-1.5580,3.0000
750,nodes,1,5.7953,-1.5576,3.0000
750,nodes,2,-2.4984,2.5005,3.0000
750,nodes,3,2.4990,2.5031,3.0000
750,scouts,0,-4.2958,-1.5579,3.0000
750,scouts,1,-5.7958,-0.0579,3.0000
750,scouts,2,-7.2958,-1.5579,3.0000
750,scouts,3,-5.7958,-3.0579,3.0000
750,scouts,4,7.2952,-1.5578,3.0000
750,scouts,5,5.7952,-0.0578,3.0000
750,scouts,6,4.2952,-1.5578,3.0000
750,scouts,7,5.7952,-3.0578,3.0000
750,scouts,8,-0.9985,2.5006,3.0000
750,scouts,9,-2.4985,4.0006,3.0000
750,scouts,10,-3.9985,2.5006,3.0000
750,scouts,11,-2.4985,1.0006,3.0000
750,scouts,12,3.9988,2.5030,3.0000
750,scouts,13,2.4988,4.0030,3.0000
750,scouts,14,0.9988,2.5030,3.0000
750,scouts,15,2.4988,1.0030,3.0000
750,workers,0,-8.0078,8.0202,3.0000
750,workers,1,8.0009,8.0116,3.0000
750,workers,2,8.0083,-8.0098,3.0000
750,workers,3,-7.8621,-7.8805,3.0000
751,general,0,0.0000,0.0000,5.0000
751,nodes,0,-5.7958,-1.5580,3.0000
751,nodes,1,5.7953,-1.5576,3.0000
751,nodes,2,-2.4985,2.5005,3.0000
751,nodes,3,2.4991,2.5031,3.0000
751,scouts,0,-4.2958,-1.5579,3.0000
751,scouts,1,-5.7958,-0.0579,3.0000
751,scouts,2,-7.2958,-1.5579,3.0000
751,scouts,3,-5.7958,-3.0579,3.0000
751,scouts,4,7.2952,-1.5578,3.0000
751,scouts,5,5.7952,-0.0578,3.0000
751,scouts,6,4.2952,-1.5578,3.0000
751,scouts,7,5.7952,-3.0578,3.0000
751,scouts,8,-0.9985,2.5006,3.0000
751,scouts,9,-2.4985,4.0006,3.0000
751,scouts,10,-3.9985,2.5006,3.0000
751,scouts,11,-2.4985,1.0006,3.0000
751,scouts,12,3.9988,2.5030,3.0000
751,scouts,13,2.4988,4.0030,3.0000
751,scouts,14,0.9988,2.5030,3.0000
751,scouts,15,2.4988,1.0030,3.0000
751,workers,0,-8.0078,8.0202,3.0000
751,workers,1,8.0009,8.0116,3.0000
751,workers,2,8.0083,-8.0098,3.0000
751,workers,3,-7.8621,-7.8805,3.0000
752,general,0,0.0000,0.0000,5.0000
752,nodes,0,-5.7957,-1.5580,3.0000
752,nodes,1,5.7953,-1.5576,3.0000
752,nodes,2,-2.4985,2.5005,3.0000
752,nodes,3,2.4991,2.5031,3.0000
752,scouts,0,-4.2958,-1.5579,3.0000
752,scouts,1,-5.7958,-0.0579,3.0000
752,scouts,2,-7.2958,-1.5579,3.0000
752,scouts,3,-5.7958,-3.0579,3.0000
752,scouts,4,7.2952,-1.5578,3.0000
752,scouts,5,5.7952,-0.0578,3.0000
752,scouts,6,4.2952,-1.5578,3.0000
752,scouts,7,5.7952,-3.0578,3.0000
752,scouts,8,-0.9985,2.5005,3.0000
752,scouts,9,-2.4985,4.0005,3.0000
752,scouts,10,-3.9985,2.5005,3.0000
752,scouts,11,-2.4985,1.0005,3.0000
752,scouts,12,3.9988,2.5030,3.0000
752,scouts,13,2.4988,4.0030,3.0000
752,scouts,14,0.9988,2.5030,3.0000
752,scouts,15,2.4988,1.0030,3.0000
752,workers,0,-8.0078,8.0202,3.0000
752,workers,1,8.0009,8.0116,3.0000
752,workers,2,8.0083,-8.0098,3.0000
752,workers,3,-7.8621,-7.8805,3.0000
753,general,0,0.0000,0.0000,5.0000
753,nodes,0,-5.7957,-1.5580,3.0000
753,nodes,1,5.7952,-1.5575,3.0000
753,nodes,2,-2.4984,2.5006,3.0000
753,nodes,3,2.4991,2.5031,3.0000
753,scouts,0,-4.2958,-1.5580,3.0000
753,scouts,1,-5.7958,-0.0580,3.0000
753,scouts,2,-7.2958,-1.5580,3.0000
753,scouts,3,-5.7958,-3.0580,3.0000
753,scouts,4,7.2952,-1.5577,3.0000
753,scouts,5,5.7952,-0.0577,3.0000
753,scouts,6,4.2952,-1.5577,3.0000
753,scouts,7,5.7952,-3.0577,3.0000
753,scouts,8,-0.9985,2.5006,3.0000
753,scouts,9,-2.4985,4.0006,3.0000
753,scouts,10,-3.9985,2.5006,3.0000
753,scouts,11,-2.4985,1.0006,3.0000
753,scouts,12,3.9989,2.5030,3.0000
753,scouts,13,2.4989,4.0030,3.0000
753,scouts,14,0.9989,2.5030,3.0000
753,scouts,15,2.4989,1.0030,3.0000
753,workers,0,-8.0078,8.0202,3.0000
753,workers,1,8.0009,8.0116,3.0000
753,workers,2,8.0083,-8.0098,3.0000
753,workers,3,-7.8621,-7.8805,3.0000
754,general,0,0.0000,0.0000,5.0000
754,nodes,0,-5.7957,-1.5581,3.0000
754,nodes,1,5.7952,-1.5575,3.0000
754,nodes,2,-2.4984,2.5006,3.0000
754,nodes,3,2.4991,2.5030,3.0000
754,scouts,0,-4.2958,-1.5580,3.0000
754,scouts,1,-5.7958,-0.0580,3.0000
754,scouts,2,-7.2958,-1.5580,3.0000
754,scouts,3,-5.7958,-3.0580,3.0000
754,scouts,4,7.2952,-1.5577,3.0000
754,scouts,5,5.7952,-0.0577,3.0000
754,scouts,6,4.2952,-1.5577,3.0000
754,scouts,7,5.7952,-3.0577,3.0000
754,scouts,8,-0.9985,2.5006,3.0000
754,scouts,9,-2.4985,4.0006,3.0000
754,scouts,10,-3.9985,2.5006,3.0000
754,scouts,11,-2.4985,1.0006,3.0000
754,scouts,12,3.9989,2.5030,3.0000
754,scouts,13,2.4989,4.0030,3.0000
754,scouts,14,0.9989,2.5030,3.0000
754,scouts,15,2.4989,1.0030,3.0000
754,workers,0,-8.0078,8.0202,3.0000
754,workers,1,8.0009,8.0116,3.0000
754,workers,2,8.0083,-8.0098,3.0000
754,workers,3,-7.8621,-7.8805,3.0000
755,general,0,0.0000,0.0000,5.0000
755,nodes,0,-5.7957,-1.5580,3.0000
755,nodes,1,5.7952,-1.5576,3.0000
755,nodes,2,-2.4983,2.5006,3.0000
755,nodes,3,2.4991,2.5030,3.0000
755,scouts,0,-4.2957,-1.5580,3.0000
755,scouts,1,-5.7957,-0.0580,3.0000
755,scouts,2,-7.2957,-1.5580,3.0000
755,scouts,3,-5.7957,-3.0580,3.0000
755,scouts,4,7.2952,-1.5577,3.0000
755,scouts,5,5.7952,-0.0577,3.0000
755,scouts,6,4.2952,-1.5577,3.0000
755,scouts,7,5.7952,-3.0577,3.0000
755,scouts,8,-0.9985,2.5006,3.0000
755,scouts,9,-2.4985,4.0006,3.0000
755,scouts,10,-3.9985,2.5006,3.0000
755,scouts,11,-2.4985,1.0006,3.0000
755,scouts,12,3.9989,2.5030,3.0000
755,scouts,13,2.4989,4.0030,3.0000
755,scouts,14,0.9989,2.5030,3.0000
755,scouts,15,2.4989,1.0030,3.0000
755,workers,0,-8.0078,8.0202,3.0000
755,workers,1,8.0009,8.0116,3.0000
755,workers,2,8.0083,-8.0098,3.0000
755,workers,3,-7.8621,-7.8805,3.0000
756,general,0,0.0000,0.0000,5.0000
756,nodes,0,-5.7957,-1.5580,3.0000
756,nodes,1,5.7953,-1.5576,3.0000
756,nodes,2,-2.4983,2.5006,3.0000
756,nodes,3,2.4991,2.5030,3.0000
756,scouts,0,-4.2957,-1.5580,3.0000
756,scouts,1,-5.7957,-0.0580,3.0000
756,scouts,2,-7.2957,-1.5580,3.0000
756,scouts,3,-5.7957,-3.0580,3.0000
756,scouts,4,7.2952,-1.5577,3.0000
756,scouts,5,5.7952,-0.0577,3.0000
756,scouts,6,4.2952,-1.5577,3.0000
756,scouts,7,5.7952,-3.0577,3.0000
756,scouts,8,-0.9984,2.5006,3.0000
756,scouts,9,-2.4984,4.0006,3.0000
756,scouts,10,-3.9984,2.5006,3.0000
756,scouts,11,-2.4984,1.0006,3.0000
756,scouts,12,3.9989,2.5030,3.0000
756,scouts,13,2.4989,4.0030,3.0000
756,scouts,14,0.9989,2.5030,3.0000
756,scouts,15,2.4989,1.0030,3.0000
756,workers,0,-8.0078,8.0202,3.0000
756,workers,1,8.0009,8.0116,3.0000
756,workers,2,8.0083,-8.0098,3.0000
756,workers,3,-7.8621,-7.8805,3.0000
757,general,0,0.0000,0.0000,5.0000
757,nodes,0,-5.7957,-1.5580,3.0000
757,nodes,1,5.7953,-1.5576,3.0000
757,nodes,2,-2.4982,2.5006,3.0000
757,nodes,3,2.4992,2.5030,3.0000
757,scouts,0,-4.2957,-1.5580,3.0000
757,scouts,1,-5.7957,-0.0580,3.0000
757,scouts,2,-7.2957,-1.5580,3.0000
757,scouts,3,-5.7957,-3.0580,3.0000
757,scouts,4,7.2952,-1.5577,3.0000
757,scouts,5,5.7952,-0.0577,3.0000
757,scouts,6,4.2952,-1.5577,3.0000
757,scouts,7,5.7952,-3.0577,3.0000
757,scouts,8,-0.9984,2.5006,3.0000
757,scouts,9,-2.4984,4.0006,3.0000
757,scouts,10,-3.9984,2.5006,3.0000
757,scouts,11,-2.4984,1.0006,3.0000
757,scouts,12,3.9990,2.5030,3.0000
757,scouts,13,2.4990,4.0030,3.0000
757,scouts,14,0.9990,2.5030,3.0000
757,scouts,15,2.4990,1.0030,3.0000
757,workers,0,-8.0078,8.0202,3.0000
757,workers,1,8.0009,8.0116,3.0000
757,workers,2,8.0083,-8.0098,3.0000
757,workers,3,-7.8621,-7.8805,3.0000
758,general,0,0.0000,0.0000,5.0000
758,nodes,0,-5.7956,-1.5580,3.0000
758,nodes,1,5.7953,-1.5576,3.0000
758,nodes,2,-2.4981,2.5007,3.0000
758,nodes,3,2.4992,2.5030,3.0000
758,scouts,0,-4.2957,-1.5580,3.0000
758,scouts,1,-5.7957,-0.0580,3.0000
758,scouts,2,-7.2957,-1.5580,3.0000
758,scouts,3,-5.7957,-3.0580,3.0000
758,scouts,4,7.2953,-1.5577,3.0000
758,scouts,5,5.7953,-0.0577,3.0000
758,scouts,6,4.2953,-1.5577,3.0000
758,scouts,7,5.7953,-3.0577,3.0000
758,scouts,8,-0.9984,2.5006,3.0000
758,scouts,9,-2.4984,4.0006,3.0000
758,scouts,10,-3.9984,2.5006,3.0000
758,scouts,11,-2.4984,1.0006,3.0000
758,scouts,12,3.9990,2.5030,3.0000
758,scouts,13,2.4990,4.0030,3.0000
758,scouts,14,0.9990,2.5030,3.0000
758,scouts,15,2.4990,1.0030,3.0000
758,workers,0,-8.0078,8.0202,3.0000
758,workers,1,8.0009,8.0116,3.0000
758,workers,2,8.0083,-8.0098,3.0000
758,workers,3,-7.8621,-7.8805,3.0000
759,general,0,0.0000,0.0000,5.0000
759,nodes,0,-5.7955,-1.5580,3.0000
759,nodes,1,5.7953,-1.5576,3.0000
759,nodes,2,-2.4981,2.5007,3.0000
759,nodes,3,2.4991,2.5030,3.0000
759,scouts,0,-4.2957,-1.5580,3.0000
759,scouts,1,-5.7957,-0.0580,3.0000
759,scouts,2,-7.2957,-1.5580,3.0000
759,scouts,3,-5.7957,-3.0580,3.0000
759,scouts,4,7.2953,-1.5576,3.0000
759,scouts,5,5.7953,-0.0576,3.0000
759,scouts,6,4.2953,-1.5576,3.0000
759,scouts,7,5.7953,-3.0576,3.0000
759,scouts,8,-0.9983,2.5006,3.0000
759,scouts,9,-2.4983,4.0006,3.0000
759,scouts,10,-3.9983,2.5006,3.0000
759,scouts,11,-2.4983,1.0006,3.0000
759,scouts,12,3.9990,2.5030,3.0000
759,scouts,13,2.4990,4.0030,3.0000
759,scouts,14,0.9990,2.5030,3.0000
759,scouts,15,2.4990,1.0030,3.0000
759,workers,0,-8.0078,8.0202,3.0000
759,workers,1,8.0009,8.0116,3.0000
759,workers,2,8.0083,-8.0098,3.0000
759,workers,3,-7.8621,-7.8805,3.0000
760,general,0,0.0000,0.0000,5.0000
760,nodes,0,-5.7955,-1.5580,3.0000
760,nodes,1,5.7954,-1.5576,3.0000
760,nodes,2,-2.4980,2.5008,3.0000
760,nodes,3,2.4991,2.5030,3.0000
760,scouts,0,-4.2957,-1.5580,3.0000
760,scouts,1,-5.7957,-0.0580,3.0000
760,scouts,2,-7.2957,-1.5580,3.0000
760,scouts,3,-5.7957,-3.0580,3.0000
760,scouts,4,7.2953,-1.5576,3.0000
760,scouts,5,5.7953,-0.0576,3.0000
760,scouts,6,4.2953,-1.5576,3.0000
760,scouts,7,5.7953,-3.0576,3.0000
760,scouts,8,-0.9983,2.5006,3.0000
760,scouts,9,-2.4983,4.0006,3.0000
760,scouts,10,-3.9983,2.5006,3.0000
760,scouts,11,-2.4983,1.0006,3.0000
760,scouts,12,3.9990,2.5030,3.0000
760,scouts,13,2.4990,4.0030,3.0000
760,scouts,14,0.9990,2.5030,3.0000
760,scouts,15,2.4990,1.0030,3.0000
760,workers,0,-8.0078,8.0202,3.0000
760,workers,1,8.0009,8.0116,3.0000
760,workers,2,8.0083,-8.0098,3.0000
760,workers,3,-7.8621,-7.8805,3.0000
761,general,0,0.0000,0.0000,5.0000
761,nodes,0,-5.7955,-1.5580,3.0000
761,nodes,1,5.7954,-1.5575,3.0000
761,nodes,2,-2.4980,2.5008,3.0000
761,nodes,3,2.4991,2.5030,3.0000
761,scouts,0,-4.2956,-1.5580,3.0000
761,scouts,1,-5.7956,-0.0580,3.0000
761,scouts,2,-7.2956,-1.5580,3.0000
761,scouts,3,-5.7956,-3.0580,3.0000
761,scouts,4,7.2953,-1.5576,3.0000
761,scouts,5,5.7953,-0.0576,3.0000
761,scouts,6,4.2953,-1.5576,3.0000
761,scouts,7,5.7953,-3.0576,3.0000
761,scouts,8,-0.9982,2.5006,3.0000
761,scouts,9,-2.4982,4.0006,3.0000
761,scouts,10,-3.9982,2.5006,3.0000
761,scouts,11,-2.4982,1.0006,3.0000
761,scouts,12,3.9990,2.5030,3.0000
761,scouts,13,2.4990,4.0030,3.0000
761,scouts,14,0.9990,2.5030,3.0000
761,scouts,15,2.4990,1.0030,3.0000
761,workers,0,-8.0078,8.0202,3.0000
761,workers,1,8.0009,8.0116,3.0000
761,workers,2,8.0083,-8.0098,3.0000
761,workers,3,-7.8621,-7.8805,3.0000
762,general,0,0.0000,0.0000,5.0000
762,nodes,0,-5.7955,-1.5580,3.0000
762,nodes,1,5.7954,-1.5575,3.0000
762,nodes,2,-2.4980,2.5008,3.0000
762,nodes,3,2.4992,2.5030,3.0000
762,scouts,0,-4.2956,-1.5580,3.0000
762,scouts,1,-5.7956,-0.0580,3.0000
762,scouts,2,-7.2956,-1.5580,3.0000
762,scouts,3,-5.7956,-3.0580,3.0000
762,scouts,4,7.2953,-1.5576,3.0000
762,scouts,5,5.7953,-0.0576,3.0000
762,scouts,6,4.2953,-1.5576,3.0000
762,scouts,7,5.7953,-3.0576,3.0000
762,scouts,8,-0.9982,2.5007,3.0000
762,scouts,9,-2.4982,4.0007,3.0000
762,scouts,10,-3.9982,2.5007,3.0000
762,scouts,11,-2.4982,1.0007,3.0000
762,scouts,12,3.9991,2.5030,3.0000
762,scouts,13,2.4991,4.0030,3.0000
762,scouts,14,0.9991,2.5030,3.0000
762,scouts,15,2.4991,1.0030,3.0000
762,workers,0,-8.0078,8.0202,3.0000
762,workers,1,8.0009,8.0116,3.0000
762,workers,2,8.0083,-8.0098,3.0000
762,workers,3,-7.8621,-7.8805,3.0000
