time,tier,drone_id,x,y,z,zone_hash
0.0,GENERAL,general,0.0,0.0,4.0,-1
0.0,NODE,node_0,-3.746158638483607,-3.746155856277556,2.033333333333333,0
0.0,NODE,node_1,3.7461508941327275,-3.7462441991616102,2.033333333333333,1
0.0,NODE,node_2,-3.753893459827958,3.7461758633862736,2.033333333333333,2
0.0,NODE,node_3,3.7538911007438536,3.7461197617875417,2.033333333333333,3
0.0,SCOUT,scout_d2cf4d0a,-2.2543892913160897,-3.7530782549892225,2.0055555555555555,0
0.0,SCOUT,scout_5c3ff6f5,-4.498980145304987,-2.4562740648211867,2.0055555555555555,0
0.0,SCOUT,scout_20a72312,-4.494486596478157,-5.051060063978418,2.0055555555555555,0
0.0,SCOUT,scout_5e98d295,5.242038042451279,-3.753469216523506,2.0055555555555555,1
0.0,SCOUT,scout_c8e21d40,3.0010283461902376,-2.4570972498745527,2.0055555555555555,1
0.0,SCOUT,scout_283b8e5e,3.0065199666825584,-5.051292332080737,2.0055555555555555,1
0.0,SCOUT,scout_1bd12edb,-2.2551676762389317,3.7464241086006678,2.0055555555555555,2
0.0,SCOUT,scout_bf5b3d15,-4.499185562911215,5.043514314081417,2.0055555555555555,2
0.0,SCOUT,scout_5adbfd88,-4.493964434585009,2.4483454969061462,2.0055555555555555,2
0.0,SCOUT,scout_a3683d0e,5.241461643277034,3.745968492325924,2.0055555555555555,3
0.0,SCOUT,scout_2e5f69a0,3.0009217275432998,5.042697659866706,2.0055555555555555,3
0.0,SCOUT,scout_d6cec7ec,3.0048121429209536,2.4487985590005596,2.0055555555555555,3
0.0,WORKER,worker,-1.75,-3.75,2.0,0
0.0,WORKER,worker,-5.75,-3.7499999999999996,2.0,0
0.0,WORKER,worker,5.75,-3.75,2.0,1
0.0,WORKER,worker,1.75,-3.7499999999999996,2.0,1
0.0,WORKER,worker,-1.75,3.75,2.0,2
0.0,WORKER,worker,-5.75,3.7500000000000004,2.0,2
0.0,WORKER,worker,5.75,3.75,2.0,3
0.0,WORKER,worker,1.75,3.7500000000000004,2.0,3
0.16666666666666666,GENERAL,general,0.0,0.0,4.0,-1
0.16666666666666666,NODE,node_0,-3.709224106887056,-3.7673867447873324,2.3112776527005354,0
0.16666666666666666,NODE,node_1,3.7214403498559787,-3.769774164292167,2.3112776527005354,1
0.16666666666666666,NODE,node_2,-3.774481576445226,3.665282351815332,2.3112776527005354,2
0.16666666666666666,NODE,node_3,3.777963018370119,3.6633531509582813,2.3112776527005354,3
0.16666666666666666,SCOUT,scout_d2cf4d0a,-2.425277961501884,-3.8727630474607166,2.210322729545135,0
0.16666666666666666,SCOUT,scout_5c3ff6f5,-4.459038625082404,-2.6642117145251856,2.210322729545135,0
0.16666666666666666,SCOUT,scout_20a72312,-4.278620871771563,-5.121685098573646,2.210322729545135,0
0.16666666666666666,SCOUT,scout_5e98d295,4.96507358826789,-3.889651463179817,2.210322729545135,1
0.16666666666666666,SCOUT,scout_c8e21d40,3.041416277793359,-2.6971963636789624,2.210322729545135,1
0.16666666666666666,SCOUT,scout_283b8e5e,3.256406506015321,-5.133696511286576,2.210322729545135,1
0.16666666666666666,SCOUT,scout_1bd12edb,-2.457380638736832,3.606728517519515,2.210322729545135,2
0.16666666666666666,SCOUT,scout_bf5b3d15,-4.467142744495056,4.840943166711498,2.210322729545135,2
0.16666666666666666,SCOUT,scout_5adbfd88,-4.258461679956527,2.345612335846008,2.210322729545135,2
0.16666666666666666,SCOUT,scout_a3683d0e,4.944196870045864,3.5878411236851426,2.210322729545135,3
0.16666666666666666,SCOUT,scout_2e5f69a0,3.0372103769061587,4.808756514536095,2.210322729545135,3
0.16666666666666666,SCOUT,scout_d6cec7ec,3.18550949549984,2.359240708193055,2.210322729545135,3
0.16666666666666666,WORKER,worker,-1.75,-3.75,2.0,0
0.16666666666666666,WORKER,worker,-5.75,-3.7499999999999996,2.0,0
0.16666666666666666,WORKER,worker,5.75,-3.75,2.0,1
0.16666666666666666,WORKER,worker,1.75,-3.7499999999999996,2.0,1
0.16666666666666666,WORKER,worker,-1.75,3.75,2.0,2
0.16666666666666666,WORKER,worker,-5.75,3.7500000000000004,2.0,2
0.16666666666666666,WORKER,worker,5.75,3.75,2.0,3
0.16666666666666666,WORKER,worker,1.75,3.7500000000000004,2.0,3
0.3333333333333333,GENERAL,general,0.0,0.0,4.0,-1
0.3333333333333333,NODE,node_0,-3.663441883312324,-3.8058924180071085,2.5093050293072228,0
0.3333333333333333,NODE,node_1,3.702913179425841,-3.815884394705487,2.5093050293072228,1
0.3333333333333333,NODE,node_2,-3.7961415189244736,3.5609345609804794,2.5093050293072228,2
0.3333333333333333,NODE,node_3,3.803807051673119,3.5533297823927477,2.5093050293072228,3
0.3333333333333333,SCOUT,scout_d2cf4d0a,-2.616491702208364,-4.034777216390802,2.4538121654684724,0
0.3333333333333333,SCOUT,scout_5c3ff6f5,-4.400556116435304,-2.968141722123091,2.4538121654684724,0
0.3333333333333333,SCOUT,scout_20a72312,-3.9795172955550053,-5.203316847522358,2.4538121654684724,0
0.3333333333333333,SCOUT,scout_5e98d295,4.662901638350859,-4.074929378786427,2.4538121654684724,1
0.3333333333333333,SCOUT,scout_c8e21d40,3.1011319863273465,-3.047882695459035,2.4538121654684724,1
0.3333333333333333,SCOUT,scout_283b8e5e,3.582527089330756,-5.2498689998459405,2.4538121654684724,1
0.3333333333333333,SCOUT,scout_1bd12edb,-2.718518297933941,3.4267278439030746,2.4538121654684724,2
0.3333333333333333,SCOUT,scout_bf5b3d15,-4.441162136410231,4.568534802134776,2.4538121654684724,2
0.3333333333333333,SCOUT,scout_5adbfd88,-3.9485539585172247,2.1699397690840123,2.4538121654684724,2
0.3333333333333333,SCOUT,scout_a3683d0e,4.634175201051863,3.3731145531857774,2.4538121654684724,3
0.3333333333333333,SCOUT,scout_2e5f69a0,3.0605069795939146,4.496967455738456,2.4538121654684724,3
0.3333333333333333,SCOUT,scout_d6cec7ec,3.4155349001467465,2.1967644962105104,2.4538121654684724,3
0.3333333333333333,WORKER,worker,-1.75,-3.75,2.0,0
0.3333333333333333,WORKER,worker,-5.75,-3.7499999999999996,2.0,0
0.3333333333333333,WORKER,worker,5.75,-3.75,2.0,1
0.3333333333333333,WORKER,worker,1.75,-3.7499999999999996,2.0,1
0.3333333333333333,WORKER,worker,-1.75,3.75,2.0,2
0.3333333333333333,WORKER,worker,-5.75,3.7500000000000004,2.0,2
0.3333333333333333,WORKER,worker,5.75,3.75,2.0,3
0.3333333333333333,WORKER,worker,1.75,3.7500000000000004,2.0,3
0.5,GENERAL,general,0.0,0.0,4.0,-1
0.5,NODE,node_0,-3.6177966874060132,-3.8394383483647645,2.650393870320443,0
0.5,NODE,node_1,3.690851273607996,-3.856921104839482,2.650393870320443,1
0.5,NODE,node_2,-3.8165008581028226,3.4599765033464585,2.650393870320443,2
0.5,NODE,node_3,3.8365917392090125,3.4418561793549967,2.650393870320443,3
0.5,SCOUT,scout_d2cf4d0a,-2.7704823338722586,-4.1980550872905,2.6386749629405486,0
0.5,SCOUT,scout_5c3ff6f5,-4.35267376235187,-3.2817152988691802,2.6386749629405486,0
0.5,SCOUT,scout_20a72312,-3.7016010475756276,-5.280554263336093,2.6386749629405486,0
0.5,SCOUT,scout_5e98d295,4.464623268564591,-4.241433903419929,2.6386749629405486,1
0.5,SCOUT,scout_c8e21d40,3.1250014481455652,-3.392062361146207,2.6386749629405486,1
0.5,SCOUT,scout_283b8e5e,3.928609573287799,-5.381831237101407,2.6386749629405486,1
0.5,SCOUT,scout_1bd12edb,-2.910376540705296,3.249531380772285,2.6386749629405486,2
0.5,SCOUT,scout_bf5b3d15,-4.447389369832348,4.306674585696525,2.6386749629405486,2
0.5,SCOUT,scout_5adbfd88,-3.6318374579564487,1.963832579783162,2.6386749629405486,2
0.5,SCOUT,scout_a3683d0e,4.407813759912118,3.154931311483291,2.6386749629405486,3
0.5,SCOUT,scout_2e5f69a0,3.0681307414813843,4.185500926016357,2.6386749629405486,3
0.5,SCOUT,scout_d6cec7ec,3.6599364228620463,1.965690698839805,2.6386749629405486,3
0.5,WORKER,worker,-1.75,-3.75,2.0,0
0.5,WORKER,worker,-5.75,-3.7499999999999996,2.0,0
0.5,WORKER,worker,5.75,-3.75,2.0,1
0.5,WORKER,worker,1.75,-3.7499999999999996,2.0,1
0.5,WORKER,worker,-1.75,3.75,2.0,2
0.5,WORKER,worker,-5.75,3.7500000000000004,2.0,2
0.5,WORKER,worker,5.75,3.75,2.0,3
0.5,WORKER,worker,1.75,3.7500000000000004,2.0,3
0.6666666666666666,GENERAL,general,0.0,0.0,4.0,-1
0.6666666666666666,NODE,node_0,-3.5769418416286167,-3.864441130177528,2.750915633520843,0
0.6666666666666666,NODE,node_1,3.682109138727254,-3.886724606856734,2.750915633520843,1
0.6666666666666666,NODE,node_2,-3.8353723967592694,3.3662493398609206,2.750915633520843,2
0.6666666666666666,NODE,node_3,3.8731873462648254,3.336655454355234,2.750915633520843,3
0.6666666666666666,SCOUT,scout_d2cf4d0a,-2.911651474251438,-4.339559587776267,2.76481045854105,0
0.6666666666666666,SCOUT,scout_5c3ff6f5,-4.350726001260818,-3.571591763443581,2.76481045854105,0
0.6666666666666666,SCOUT,scout_20a72312,-3.416344800887844,-5.3747995308021155,2.76481045854105,0
0.6666666666666666,SCOUT,scout_5e98d295,4.297860874384603,-4.381065032006033,2.76481045854105,1
0.6666666666666666,SCOUT,scout_c8e21d40,3.12186316688881,-3.720263569628841,2.76481045854105,1
0.6666666666666666,SCOUT,scout_283b8e5e,4.308921166313432,-5.4866731322965885,2.76481045854105,1
0.6666666666666666,SCOUT,scout_1bd12edb,-3.0921685024599777,3.0917588882437137,2.76481045854105,2
0.6666666666666666,SCOUT,scout_bf5b3d15,-4.459115864723388,4.051688098342304,2.76481045854105,2
0.6666666666666666,SCOUT,scout_5adbfd88,-3.296450777678906,1.7431842171437344,2.76481045854105,2
0.6666666666666666,SCOUT,scout_a3683d0e,4.19150067548739,2.9566069248392726,2.76481045854105,3
0.6666666666666666,SCOUT,scout_2e5f69a0,3.0740633866778113,3.8809103852760907,2.76481045854105,3
0.6666666666666666,SCOUT,scout_d6cec7ec,3.928673494255083,1.7083925065766328,2.76481045854105,3
0.6666666666666666,WORKER,worker,-1.75,-3.75,2.0,0
0.6666666666666666,WORKER,worker,-5.75,-3.7499999999999996,2.0,0
0.6666666666666666,WORKER,worker,5.75,-3.75,2.0,1
0.6666666666666666,WORKER,worker,1.75,-3.7499999999999996,2.0,1
0.6666666666666666,WORKER,worker,-1.75,3.75,2.0,2
0.6666666666666666,WORKER,worker,-5.75,3.7500000000000004,2.0,2
0.6666666666666666,WORKER,worker,5.75,3.75,2.0,3
0.6666666666666666,WORKER,worker,1.75,3.7500000000000004,2.0,3
0.8333333333333334,GENERAL,general,0.0,0.0,4.0,-1
0.8333333333333334,NODE,node_0,-3.535541480387395,-3.8821732744514414,2.8225345142512492,0
0.8333333333333334,NODE,node_1,3.6757091169580525,-3.906147152132065,2.8225345142512492,1
0.8333333333333334,NODE,node_2,-3.8538171468017683,3.2795213288845972,2.8225345142512492,2
0.8333333333333334,NODE,node_3,3.911470543543115,3.2394391710816595,2.8225345142512492,3
0.8333333333333334,SCOUT,scout_d2cf4d0a,-3.0588029057639434,-4.4466726093045255,2.8478509449466602,0
0.8333333333333334,SCOUT,scout_5c3ff6f5,-4.361981110413669,-3.8539533486779325,2.8478509449466602,0
0.8333333333333334,SCOUT,scout_20a72312,-3.0977811066279557,-5.4728483072748055,2.8478509449466602,0
0.8333333333333334,SCOUT,scout_5e98d295,4.096474681300202,-4.500723592436609,2.8478509449466602,1
0.8333333333333334,SCOUT,scout_c8e21d40,3.1087019891364323,-4.041464318621427,2.8478509449466602,1
0.8333333333333334,SCOUT,scout_283b8e5e,4.753509677170082,-5.5493777408705585,2.8478509449466602,1
0.8333333333333334,SCOUT,scout_1bd12edb,-3.303458217878948,2.9485056449369527,2.8478509449466602,2
0.8333333333333334,SCOUT,scout_bf5b3d15,-4.471769191750914,3.8047343743168143,2.8478509449466602,2
0.8333333333333334,SCOUT,scout_5adbfd88,-2.923030793384067,1.5268659152588147,2.8478509449466602,2
0.8333333333333334,SCOUT,scout_a3683d0e,3.9482166467405246,2.7727009862029073,2.8478509449466602,3
0.8333333333333334,SCOUT,scout_2e5f69a0,3.080046244608388,3.588326944994903,2.8478509449466602,3
0.8333333333333334,SCOUT,scout_d6cec7ec,4.235473277333939,1.4696387674475908,2.8478509449466602,3
0.8333333333333334,WORKER,worker,-1.75,-3.75,2.0,0
0.8333333333333334,WORKER,worker,-5.75,-3.7499999999999996,2.0,0
0.8333333333333334,WORKER,worker,5.75,-3.75,2.0,1
0.8333333333333334,WORKER,worker,1.75,-3.7499999999999996,2.0,1
0.8333333333333334,WORKER,worker,-1.75,3.75,2.0,2
0.8333333333333334,WORKER,worker,-5.75,3.7500000000000004,2.0,2
0.8333333333333334,WORKER,worker,5.75,3.75,2.0,3
0.8333333333333334,WORKER,worker,1.75,3.7500000000000004,2.0,3
1.0,GENERAL,general,0.0,0.0,4.0,-1
1.0,NODE,node_0,-3.49318641265772,-3.8912946180942645,2.8735609180246344,0
1.0,NODE,node_1,3.6697128220170563,-3.9208716154097947,2.8735609180246344,1
1.0,NODE,node_2,-3.872122404762322,3.1980267101963804,2.8735609180246344,2
1.0,NODE,node_3,3.950560145991027,3.150551585966092,2.8735609180246344,3
1.0,SCOUT,scout_d2cf4d0a,-3.2396185755945623,-4.531587963366907,2.9018042748014232,0
1.0,SCOUT,scout_5c3ff6f5,-4.379919471006596,-4.133644919065709,2.9018042748014232,0
1.0,SCOUT,scout_20a72312,-2.730643972725612,-5.525193101674358,2.9018042748014232,0
1.0,SCOUT,scout_5e98d295,3.8654400605806436,-4.6594528068508705,2.9018042748014232,1
1.0,SCOUT,scout_c8e21d40,3.082622611557783,-4.35492757019198,2.9018042748014232,1
1.0,SCOUT,scout_283b8e5e,5.227915927719292,-5.547920874580849,2.9018042748014232,1
1.0,SCOUT,scout_1bd12edb,-3.551146824480155,2.7834644647321336,2.9018042748014232,2
1.0,SCOUT,scout_bf5b3d15,-4.485879421483263,3.5709143165724404,2.9018042748014232,2
1.0,SCOUT,scout_5adbfd88,-2.505913276087754,1.3474850968065273,2.9018042748014232,2
1.0,SCOUT,scout_a3683d0e,3.6649787661742765,2.563619746589542,2.9018042748014232,3
1.0,SCOUT,scout_2e5f69a0,3.0865357221984757,3.317424402197773,2.9018042748014232,3
1.0,SCOUT,scout_d6cec7ec,4.578000113632485,1.2988981140024662,2.9018042748014232,3
1.0,WORKER,worker,-1.75,-3.75,2.0,0
1.0,WORKER,worker,-5.75,-3.7499999999999996,2.0,0
1.0,WORKER,worker,5.75,-3.75,2.0,1
1.0,WORKER,worker,1.75,-3.7499999999999996,2.0,1
1.0,WORKER,worker,-1.75,3.75,2.0,2
1.0,WORKER,worker,-5.75,3.7500000000000004,2.0,2
1.0,WORKER,worker,5.75,3.75,2.0,3
1.0,WORKER,worker,1.75,3.7500000000000004,2.0,3
1.1666666666666667,GENERAL,general,0.0,0.0,4.0,-1
1.1666666666666667,NODE,node_0,-3.4531983218091185,-3.8938781892794885,2.909915771039521,0
1.1666666666666667,NODE,node_1,3.642260582698237,-3.914394915998178,2.909915771039521,1
1.1666666666666667,NODE,node_2,-3.8983077078290673,3.1337721700153978,2.909915771039521,2
1.1666666666666667,NODE,node_3,3.99096275924952,3.0662912043315225,2.909915771039521,3
1.1666666666666667,SCOUT,scout_d2cf4d0a,-3.4535126781586154,-4.636556712756853,2.9366833946622077,0
1.1666666666666667,SCOUT,scout_5c3ff6f5,-4.407601900276866,-4.412330117411152,2.9366833946622077,0
1.1666666666666667,SCOUT,scout_20a72312,-2.342792809292395,-5.507614428011438,2.9366833946622077,0
1.1666666666666667,SCOUT,scout_5e98d295,3.659649531709179,-4.879492152829407,2.9366833946622077,1
1.1666666666666667,SCOUT,scout_c8e21d40,3.0384192478135517,-4.65474199710904,2.9366833946622077,1
1.1666666666666667,SCOUT,scout_283b8e5e,5.459566280050655,-5.255055898717505,2.9366833946622077,1
1.1666666666666667,SCOUT,scout_1bd12edb,-3.8192801543796304,2.5662709659375613,2.9366833946622077,2
1.1666666666666667,SCOUT,scout_bf5b3d15,-4.4992543290350175,3.3601579571603026,2.9366833946622077,2
1.1666666666666667,SCOUT,scout_5adbfd88,-2.1636107962785,1.392378673087626,2.9366833946622077,2
1.1666666666666667,SCOUT,scout_a3683d0e,3.3414761137080338,2.2862418132557223,2.9366833946622077,3
1.1666666666666667,SCOUT,scout_2e5f69a0,3.105388104983987,3.084585229348814,2.9366833946622077,3
1.1666666666666667,SCOUT,scout_d6cec7ec,4.951237613957776,1.1897806578695798,2.9366833946622077,3
1.1666666666666667,WORKER,worker,-1.75,-3.75,2.0,0
1.1666666666666667,WORKER,worker,-5.75,-3.7499999999999996,2.0,0
1.1666666666666667,WORKER,worker,5.75,-3.75,2.0,1
1.1666666666666667,WORKER,worker,1.75,-3.7499999999999996,2.0,1
1.1666666666666667,WORKER,worker,-1.75,3.75,2.0,2
1.1666666666666667,WORKER,worker,-5.75,3.7500000000000004,2.0,2
1.1666666666666667,WORKER,worker,5.75,3.75,2.0,3
1.1666666666666667,WORKER,worker,1.75,3.7500000000000004,2.0,3
1.3333333333333333,GENERAL,general,0.0,0.0,4.0,-1
1.3333333333333333,NODE,node_0,-3.416478836085216,-3.890645920209391,2.935817563836907,0
1.3333333333333333,NODE,node_1,3.5982812347744995,-3.8910333635246372,2.935817563836907,1
1.3333333333333333,NODE,node_2,-3.9378368925486975,3.092436357941935,2.935817563836907,2
1.3333333333333333,NODE,node_3,4.023986056828359,2.992542071443468,2.935817563836907,3
1.3333333333333333,SCOUT,scout_d2cf4d0a,-3.660436903095844,-4.780004691113873,2.959187989174309,0
1.3333333333333333,SCOUT,scout_5c3ff6f5,-4.449389167997981,-4.6915979944042565,2.959187989174309,0
1.3333333333333333,SCOUT,scout_20a72312,-1.9870210624200744,-5.368564798633271,2.959187989174309,0
1.3333333333333333,SCOUT,scout_5e98d295,3.5228751384098453,-5.143162584824664,2.959187989174309,1
1.3333333333333333,SCOUT,scout_c8e21d40,2.981069629846119,-4.929675199428606,2.959187989174309,1
1.3333333333333333,SCOUT,scout_283b8e5e,5.485267369858771,-4.7990629265723,2.959187989174309,1
1.3333333333333333,SCOUT,scout_1bd12edb,-4.0998701728174884,2.284215906987398,2.959187989174309,2
1.3333333333333333,SCOUT,scout_bf5b3d15,-4.498078894273798,3.1846160507485655,2.959187989174309,2
1.3333333333333333,SCOUT,scout_5adbfd88,-1.944224851805343,1.6771586558965157,2.959187989174309,2
1.3333333333333333,SCOUT,scout_a3683d0e,2.970418369210572,1.9358581919466873,2.959187989174309,3
1.3333333333333333,SCOUT,scout_2e5f69a0,3.1747313550850618,2.8873331800718103,2.959187989174309,3
1.3333333333333333,SCOUT,scout_d6cec7ec,5.234355168995104,1.2355446855756957,2.959187989174309,3
1.3333333333333333,WORKER,worker,-1.75,-3.75,2.0,0
1.3333333333333333,WORKER,worker,-5.75,-3.7499999999999996,2.0,0
1.3333333333333333,WORKER,worker,5.75,-3.75,2.0,1
1.3333333333333333,WORKER,worker,1.75,-3.7499999999999996,2.0,1
1.3333333333333333,WORKER,worker,-1.75,3.75,2.0,2
1.3333333333333333,WORKER,worker,-5.75,3.7500000000000004,2.0,2
1.3333333333333333,WORKER,worker,5.75,3.75,2.0,3
1.3333333333333333,WORKER,worker,1.75,3.7500000000000004,2.0,3
1.5,GENERAL,general,0.0,0.0,4.0,-1
1.5,NODE,node_0,-3.3885693201039224,-3.861574720214852,2.954271850252093,0
1.5,NODE,node_1,3.5571514085285574,-3.8630180506502896,2.954271850252093,1
1.5,NODE,node_2,-3.9785787989202612,3.055858148737873,2.954271850252093,2
1.5,NODE,node_3,4.034172567510447,2.9394444143461795,2.954271850252093,3
1.5,SCOUT,scout_d2cf4d0a,-3.8340659831866013,-4.943849572052544,2.9736974263283913,0
1.5,SCOUT,scout_5c3ff6f5,-4.504300690956139,-4.97596959960658,2.9736974263283913,0
1.5,SCOUT,scout_20a72312,-1.736647167908798,-4.956238352868552,2.9736974263283913,0
1.5,SCOUT,scout_5e98d295,3.46662841761729,-5.330247080903962,2.9736974263283913,1
1.5,SCOUT,scout_c8e21d40,2.9345510777769093,-5.160480382552546,2.9736974263283913,1
1.5,SCOUT,scout_283b8e5e,5.44884205232716,-4.399621320366123,2.9736974263283913,1
1.5,SCOUT,scout_1bd12edb,-4.380145097841622,1.9488752789753445,2.9736974263283913,2
1.5,SCOUT,scout_bf5b3d15,-4.454966974045166,3.039750583267241,2.9736974263283913,2
1.5,SCOUT,scout_5adbfd88,-1.783677423035256,2.0302626947067877,2.9736974263283913,2
1.5,SCOUT,scout_a3683d0e,2.5446277219132223,1.604344396176758,2.9736974263283913,3
1.5,SCOUT,scout_2e5f69a0,3.305855179756045,2.67383866658283,2.9736974263283913,3
1.5,SCOUT,scout_d6cec7ec,5.264291546448929,1.4809523624902217,2.9736974263283913,3
1.5,WORKER,worker,-1.75,-3.75,2.0,0
1.5,WORKER,worker,-5.75,-3.7499999999999996,2.0,0
1.5,WORKER,worker,5.75,-3.75,2.0,1
1.5,WORKER,worker,1.75,-3.7499999999999996,2.0,1
1.5,WORKER,worker,-1.75,3.75,2.0,2
1.5,WORKER,worker,-5.75,3.7500000000000004,2.0,2
1.5,WORKER,worker,5.75,3.75,2.0,3
1.5,WORKER,worker,1.75,3.7500000000000004,2.0,3
1.6666666666666667,GENERAL,general,0.0,0.0,4.0,-1
1.6666666666666667,NODE,node_0,-3.3681591032457656,-3.8338356408563836,2.9674200014151317,0
1.6666666666666667,NODE,node_1,3.5133704509669696,-3.808470732498663,2.9674200014151317,1
1.6666666666666667,NODE,node_2,-4.023954203560231,3.0237547311665613,2.9674200014151317,2
1.6666666666666667,NODE,node_3,4.042022784821013,2.9095551554058305,2.9674200014151317,3
1.6666666666666667,SCOUT,scout_d2cf4d0a,-3.9666097516872325,-5.089692246649144,2.983049398143728,0
1.6666666666666667,SCOUT,scout_5c3ff6f5,-4.558776628440194,-5.245055743335949,2.983049398143728,0
1.6666666666666667,SCOUT,scout_20a72312,-1.600159065782116,-4.596016287773968,2.983049398143728,0
1.6666666666666667,SCOUT,scout_5e98d295,3.4367808530242763,-5.381814441985906,2.983049398143728,1
1.6666666666666667,SCOUT,scout_c8e21d40,2.9056795793691967,-5.2906967199623445,2.983049398143728,1
1.6666666666666667,SCOUT,scout_283b8e5e,5.341403623364615,-3.965458259569181,2.983049398143728,1
1.6666666666666667,SCOUT,scout_1bd12edb,-4.7194685553803195,1.6374169907834366,2.983049398143728,2
1.6666666666666667,SCOUT,scout_bf5b3d15,-4.358175596018262,2.894563793105109,2.983049398143728,2
1.6666666666666667,SCOUT,scout_5adbfd88,-1.6651544895266956,2.405670926185732,2.983049398143728,2
1.6666666666666667,SCOUT,scout_a3683d0e,2.1543440232456246,1.5415976933881541,2.983049398143728,3
1.6666666666666667,SCOUT,scout_2e5f69a0,3.4268600238522877,2.4307625413082072,2.983049398143728,3
1.6666666666666667,SCOUT,scout_d6cec7ec,5.263142536903656,1.7444582340679187,2.983049398143728,3
1.6666666666666667,WORKER,worker,-1.75,-3.75,2.0,0
1.6666666666666667,WORKER,worker,-5.75,-3.7499999999999996,2.0,0
1.6666666666666667,WORKER,worker,5.75,-3.75,2.0,1
1.6666666666666667,WORKER,worker,1.75,-3.7499999999999996,2.0,1
1.6666666666666667,WORKER,worker,-1.75,3.75,2.0,2
1.6666666666666667,WORKER,worker,-5.75,3.7500000000000004,2.0,2
1.6666666666666667,WORKER,worker,5.75,3.75,2.0,3
1.6666666666666667,WORKER,worker,1.75,3.7500000000000004,2.0,3
1.8333333333333333,GENERAL,general,0.0,0.0,4.0,-1
1.8333333333333333,NODE,node_0,-3.3495191195875313,-3.789991253708693,2.9767876829996034,0
1.8333333333333333,NODE,node_1,3.474407107105888,-3.7409190503307412,2.9767876829996034,1
1.8333333333333333,NODE,node_2,-4.073157304755781,2.995647746505204,2.9767876829996034,2
1.8333333333333333,NODE,node_3,4.0629334594587485,2.943947118016467,2.9767876829996034,3
1.8333333333333333,SCOUT,scout_d2cf4d0a,-4.043698077424486,-5.1401368731328025,2.989076472395067,0
1.8333333333333333,SCOUT,scout_5c3ff6f5,-4.588945606416815,-5.4033470395655705,2.989076472395067,0
1.8333333333333333,SCOUT,scout_20a72312,-1.5537988886906235,-4.244059077776424,2.989076472395067,0
1.8333333333333333,SCOUT,scout_5e98d295,3.4263480114207163,-5.3471127802270395,2.989076472395067,1
1.8333333333333333,SCOUT,scout_c8e21d40,2.885908934761333,-5.352241762841324,2.989076472395067,1
1.8333333333333333,SCOUT,scout_283b8e5e,5.258845033364649,-3.552254470982406,2.989076472395067,1
1.8333333333333333,SCOUT,scout_1bd12edb,-5.11342132986984,1.4012519925051607,2.989076472395067,2
1.8333333333333333,SCOUT,scout_bf5b3d15,-4.2242421069560185,2.7215937488511375,2.989076472395067,2
1.8333333333333333,SCOUT,scout_5adbfd88,-1.5658936615184729,2.787247254436379,2.989076472395067,2
1.8333333333333333,SCOUT,scout_a3683d0e,1.8997552702909795,1.8333108373897395,2.989076472395067,3
1.8333333333333333,SCOUT,scout_2e5f69a0,3.5130291346285025,2.5371216460480697,2.989076472395067,3
1.8333333333333333,SCOUT,scout_d6cec7ec,5.288394606863725,2.004671504456855,2.989076472395067,3
1.8333333333333333,WORKER,worker,-1.75,-3.75,2.0,0
1.8333333333333333,WORKER,worker,-5.75,-3.7499999999999996,2.0,0
1.8333333333333333,WORKER,worker,5.75,-3.75,2.0,1
1.8333333333333333,WORKER,worker,1.75,-3.7499999999999996,2.0,1
1.8333333333333333,WORKER,worker,-1.75,3.75,2.0,2
1.8333333333333333,WORKER,worker,-5.75,3.7500000000000004,2.0,2
1.8333333333333333,WORKER,worker,5.75,3.75,2.0,3
1.8333333333333333,WORKER,worker,1.75,3.7500000000000004,2.0,3
2.0,GENERAL,general,0.0,0.0,4.0,-1
2.0,NODE,node_0,-3.3338626443059924,-3.7029276812699714,2.9834618881543733,0
2.0,NODE,node_1,3.444937604663668,-3.670443596244487,2.9834618881543733,1
2.0,NODE,node_2,-4.109552521539732,2.996269867536913,2.9834618881543733,2
2.0,NODE,node_3,4.083749202092049,3.018701797352492,2.9834618881543733,3
2.0,SCOUT,scout_d2cf4d0a,-4.102711849611314,-5.133587385612485,2.9929605753766033,0
2.0,SCOUT,scout_5c3ff6f5,-4.652431954799932,-5.144194813584326,2.9929605753766033,0
2.0,SCOUT,scout_20a72312,-1.5238836191057679,-3.8930900962691726,2.9929605753766033,0
2.0,SCOUT,scout_5e98d295,3.421505889838367,-5.272168424016376,2.9929605753766033,1
2.0,SCOUT,scout_c8e21d40,2.8782264971559273,-5.401025374445724,2.9929605753766033,1
2.0,SCOUT,scout_283b8e5e,5.242769792409532,-3.157259636184347,2.9929605753766033,1
2.0,SCOUT,scout_1bd12edb,-5.314464983466643,1.5023890867911258,2.9929605753766033,2
2.0,SCOUT,scout_bf5b3d15,-4.077040266821996,2.5129520510974768,2.9929605753766033,2
2.0,SCOUT,scout_5adbfd88,-1.5241146381095982,3.180562621722694,2.9929605753766033,2
2.0,SCOUT,scout_a3683d0e,1.693980333015645,2.2138282498417667,2.9929605753766033,3
2.0,SCOUT,scout_2e5f69a0,3.5495138738000667,2.951171204877629,2.9929605753766033,3
2.0,SCOUT,scout_d6cec7ec,5.319174858801225,2.259285679821866,2.9929605753766033,3
2.0,WORKER,worker,-1.75,-3.75,2.0,0
2.0,WORKER,worker,-5.75,-3.7499999999999996,2.0,0
2.0,WORKER,worker,5.75,-3.75,2.0,1
2.0,WORKER,worker,1.75,-3.7499999999999996,2.0,1
2.0,WORKER,worker,-1.75,3.75,2.0,2
2.0,WORKER,worker,-5.75,3.7500000000000004,2.0,2
2.0,WORKER,worker,5.75,3.75,2.0,3
2.0,WORKER,worker,1.75,3.7500000000000004,2.0,3
2.1666666666666665,GENERAL,general,0.0,0.0,4.0,-1
2.1666666666666665,NODE,node_0,-3.315404572266392,-3.6086339251438075,2.9882170684032197,0
2.1666666666666665,NODE,node_1,3.417286717763,-3.588505273109137,2.9882170684032197,1
2.1666666666666665,NODE,node_2,-4.13109484915348,3.0214566407105052,2.9882170684032197,2
2.1666666666666665,NODE,node_3,4.105011592589748,3.09972041196277,2.9882170684032197,3
2.1666666666666665,SCOUT,scout_d2cf4d0a,-4.1472833850071185,-5.204799887509698,2.9954636135908843,0
2.1666666666666665,SCOUT,scout_5c3ff6f5,-4.718675217418942,-4.761644686172338,2.9954636135908843,0
2.1666666666666665,SCOUT,scout_20a72312,-1.4959145093834034,-3.5423531343612655,2.9954636135908843,0
2.1666666666666665,SCOUT,scout_5e98d295,3.4050736528891257,-5.185060406411649,2.9954636135908843,1
2.1666666666666665,SCOUT,scout_c8e21d40,2.865172700891715,-5.293999564198802,2.9954636135908843,1
2.1666666666666665,SCOUT,scout_283b8e5e,5.2701383089729275,-2.778508081711032,2.9954636135908843,1
2.1666666666666665,SCOUT,scout_1bd12edb,-5.361031868961872,1.7662250771463246,2.9954636135908843,2
2.1666666666666665,SCOUT,scout_bf5b3d15,-3.929151437228012,2.4144520287708193,2.9954636135908843,2
2.1666666666666665,SCOUT,scout_5adbfd88,-1.4973685653040893,3.576885021303744,2.9954636135908843,2
2.1666666666666665,SCOUT,scout_a3683d0e,1.5405229424085,2.6277705705704686,2.9954636135908843,3
2.1666666666666665,SCOUT,scout_2e5f69a0,3.5575171505446623,3.416537515713709,2.9954636135908843,3
2.1666666666666665,SCOUT,scout_d6cec7ec,5.34445694644223,2.500264508203058,2.9954636135908843,3
2.1666666666666665,WORKER,worker,-1.75,-3.75,2.0,0
2.1666666666666665,WORKER,worker,-5.75,-3.7499999999999996,2.0,0
2.1666666666666665,WORKER,worker,5.75,-3.75,2.0,1
2.1666666666666665,WORKER,worker,1.75,-3.7499999999999996,2.0,1
2.1666666666666665,WORKER,worker,-1.75,3.75,2.0,2
2.1666666666666665,WORKER,worker,-5.75,3.7500000000000004,2.0,2
2.1666666666666665,WORKER,worker,5.75,3.75,2.0,3
2.1666666666666665,WORKER,worker,1.75,3.7500000000000004,2.0,3
2.3333333333333335,GENERAL,general,0.0,0.0,4.0,-1
2.3333333333333335,NODE,node_0,-3.2925353171746936,-3.516667117488449,2.9916049983026864,0
2.3333333333333335,NODE,node_1,3.388535317139322,-3.485812473188178,2.9916049983026864,1
2.3333333333333335,NODE,node_2,-4.150944789886467,3.0910462890872408,2.9916049983026864,2
2.3333333333333335,NODE,node_3,4.134807671126213,3.182008553995572,2.9916049983026864,3
2.3333333333333335,SCOUT,scout_d2cf4d0a,-4.275616209166948,-5.324097345898492,2.9970766394386334,0
2.3333333333333335,SCOUT,scout_5c3ff6f5,-4.668102650144522,-4.3532457476994235,2.9970766394386334,0
2.3333333333333335,SCOUT,scout_20a72312,-1.467082240534593,-3.1917782194155233,2.9970766394386334,0
2.3333333333333335,SCOUT,scout_5e98d295,3.392006562440188,-5.195076002131835,2.9970766394386334,1
2.3333333333333335,SCOUT,scout_c8e21d40,2.814059902004393,-4.879226559838722,2.9970766394386334,1
2.3333333333333335,SCOUT,scout_283b8e5e,5.316168995223752,-2.4193419966938965,2.9970766394386334,1
2.3333333333333335,SCOUT,scout_1bd12edb,-5.3764391901589175,2.0698599842075125,2.9970766394386334,2
2.3333333333333335,SCOUT,scout_bf5b3d15,-3.8062528354862364,2.7336215709796523,2.9970766394386334,2
2.3333333333333335,SCOUT,scout_5adbfd88,-1.4718843456269988,3.973586281157817,2.9970766394386334,2
2.3333333333333335,SCOUT,scout_a3683d0e,1.4947877263958314,3.074953927613545,2.9970766394386334,3
2.3333333333333335,SCOUT,scout_2e5f69a0,3.5652228793455167,3.8922349278138317,2.9970766394386334,3
2.3333333333333335,SCOUT,scout_d6cec7ec,5.365584097528842,2.7231958060715384,2.9970766394386334,3
2.3333333333333335,WORKER,worker,-1.75,-3.75,2.0,0
2.3333333333333335,WORKER,worker,-5.75,-3.7499999999999996,2.0,0
2.3333333333333335,WORKER,worker,5.75,-3.75,2.0,1
2.3333333333333335,WORKER,worker,1.75,-3.7499999999999996,2.0,1
2.3333333333333335,WORKER,worker,-1.75,3.75,2.0,2
2.3333333333333335,WORKER,worker,-5.75,3.7500000000000004,2.0,2
2.3333333333333335,WORKER,worker,5.75,3.75,2.0,3
2.3333333333333335,WORKER,worker,1.75,3.7500000000000004,2.0,3
2.5,GENERAL,general,0.0,0.0,4.0,-1
2.5,NODE,node_0,-3.2770866453648946,-3.414454715239077,2.994018801440114,0
2.5,NODE,node_1,3.3600278652130497,-3.395036290154151,2.994018801440114,1
2.5,NODE,node_2,-4.1731329610412216,3.169926062637506,2.994018801440114,2
2.5,NODE,node_3,4.168260077683756,3.2623481097004583,2.994018801440114,3
2.5,SCOUT,scout_d2cf4d0a,-4.499419513142282,-5.388043824230345,2.998116114433509,0
2.5,SCOUT,scout_5c3ff6f5,-4.60523991648794,-3.88460696986657,2.998116114433509,0
2.5,SCOUT,scout_20a72312,-1.4366532644004146,-2.8413901082030577,2.998116114433509,0
2.5,SCOUT,scout_5e98d295,3.290810719924628,-5.3346365990275935,2.998116114433509,1
2.5,SCOUT,scout_c8e21d40,2.861040139186875,-4.441260102057595,2.998116114433509,1
2.5,SCOUT,scout_283b8e5e,5.371535665046673,-2.0878126087671296,2.998116114433509,1
2.5,SCOUT,scout_1bd12edb,-5.390752980728075,2.375779429082734,2.998116114433509,2
2.5,SCOUT,scout_bf5b3d15,-3.7212844614146863,3.1451733625828315,2.998116114433509,2
2.5,SCOUT,scout_5adbfd88,-1.4448490045092464,4.370180430484292,2.998116114433509,2
2.5,SCOUT,scout_a3683d0e,1.4886118879146923,3.531700521566851,2.998116114433509,3
2.5,SCOUT,scout_2e5f69a0,3.5818189348773704,4.371267175659447,2.998116114433509,3
2.5,SCOUT,scout_d6cec7ec,5.38636951420508,2.924610826866915,2.998116114433509,3
2.5,WORKER,worker,-1.75,-3.75,2.0,0
2.5,WORKER,worker,-5.75,-3.7499999999999996,2.0,0
2.5,WORKER,worker,5.75,-3.75,2.0,1
2.5,WORKER,worker,1.75,-3.7499999999999996,2.0,1
2.5,WORKER,worker,-1.75,3.75,2.0,2
2.5,WORKER,worker,-5.75,3.7500000000000004,2.0,2
2.5,WORKER,worker,5.75,3.75,2.0,3
2.5,WORKER,worker,1.75,3.7500000000000004,2.0,3
2.6666666666666665,GENERAL,general,0.0,0.0,4.0,-1
2.6666666666666665,NODE,node_0,-3.26250974211838,-3.3077098465413073,2.995738567125694,0
2.6666666666666665,NODE,node_1,3.3110029733636983,-3.330412473355042,2.995738567125694,1
2.6666666666666665,NODE,node_2,-4.196750302813216,3.2480115716085964,2.995738567125694,2
2.6666666666666665,NODE,node_3,4.19652240707568,3.3427853306536552,2.995738567125694,3
2.6666666666666665,SCOUT,scout_d2cf4d0a,-4.7704080052740325,-5.394830907663622,2.9987859779550563,0
2.6666666666666665,SCOUT,scout_5c3ff6f5,-4.51139056304391,-3.424622611798264,2.9987859779550563,0
2.6666666666666665,SCOUT,scout_20a72312,-1.4041855322485106,-2.4912379460668106,2.9987859779550563,0
2.6666666666666665,SCOUT,scout_5e98d295,3.0481270733060915,-5.434314981882475,2.9987859779550563,1
2.6666666666666665,SCOUT,scout_c8e21d40,2.9249963255043796,-3.9392410086049,2.9987859779550563,1
2.6666666666666665,SCOUT,scout_283b8e5e,5.3187351001938215,-2.1584736075553788,2.9987859779550563,1
2.6666666666666665,SCOUT,scout_1bd12edb,-5.412779209390684,2.6680508196746615,2.9987859779550563,2
2.6666666666666665,SCOUT,scout_bf5b3d15,-3.6578981152233436,3.5716354832960526,2.9987859779550563,2
2.6666666666666665,SCOUT,scout_5adbfd88,-1.4153566476097033,4.766532790073352,2.9987859779550563,2
2.6666666666666665,SCOUT,scout_a3683d0e,1.4845350513592395,3.9896246969274256,2.9987859779550563,3
2.6666666666666665,SCOUT,scout_2e5f69a0,3.6329498168828227,4.827473556086304,2.9987859779550563,3
2.6666666666666665,SCOUT,scout_d6cec7ec,5.315183569598596,3.1660909532005577,2.9987859779550563,3
2.6666666666666665,WORKER,worker,-1.75,-3.75,2.0,0
2.6666666666666665,WORKER,worker,-5.75,-3.7499999999999996,2.0,0
2.6666666666666665,WORKER,worker,5.75,-3.75,2.0,1
2.6666666666666665,WORKER,worker,1.75,-3.7499999999999996,2.0,1
2.6666666666666665,WORKER,worker,-1.75,3.75,2.0,2
2.6666666666666665,WORKER,worker,-5.75,3.7500000000000004,2.0,2
2.6666666666666665,WORKER,worker,5.75,3.75,2.0,3
2.6666666666666665,WORKER,worker,1.75,3.7500000000000004,2.0,3
2.8333333333333335,GENERAL,general,0.0,0.0,4.0,-1
2.8333333333333335,NODE,node_0,-3.247204991623846,-3.2317504990146664,2.9969638509806367,0
2.8333333333333335,NODE,node_1,3.250459934777834,-3.2917074744869335,2.9969638509806367,1
2.8333333333333335,NODE,node_2,-4.221333702970859,3.3211146337520385,2.9969638509806367,2
2.8333333333333335,NODE,node_3,4.2168615006046535,3.4160927963522636,2.9969638509806367,3
2.8333333333333335,SCOUT,scout_d2cf4d0a,-5.05018596061988,-5.383097534239329,2.9992176544875657,0
2.8333333333333335,SCOUT,scout_5c3ff6f5,-4.400233102663864,-3.030484664392563,2.9992176544875657,0
2.8333333333333335,SCOUT,scout_20a72312,-1.3834415378285132,-2.4565094069265183,2.9992176544875657,0
2.8333333333333335,SCOUT,scout_5e98d295,2.729622052050159,-5.4463056719492995,2.9992176544875657,1
2.8333333333333335,SCOUT,scout_c8e21d40,3.0182100128685847,-3.4446646004150883,2.9992176544875657,1
2.8333333333333335,SCOUT,scout_283b8e5e,5.21693013159565,-2.5515687158975395,2.9992176544875657,1
2.8333333333333335,SCOUT,scout_1bd12edb,-5.43563320624035,2.9417043757086843,2.9992176544875657,2
2.8333333333333335,SCOUT,scout_bf5b3d15,-3.611613020278371,4.000903059487704,2.9992176544875657,2
2.8333333333333335,SCOUT,scout_5adbfd88,-1.3842886577441207,5.119079922497705,2.9992176544875657,2
2.8333333333333335,SCOUT,scout_a3683d0e,1.4744530211792652,4.447110156625948,2.9992176544875657,3
2.8333333333333335,SCOUT,scout_2e5f69a0,3.6573964319445076,5.13461109729204,2.9992176544875657,3
2.8333333333333335,SCOUT,scout_d6cec7ec,5.21532443994921,3.4547088503228958,2.9992176544875657,3
2.8333333333333335,WORKER,worker,-1.75,-3.75,2.0,0
2.8333333333333335,WORKER,worker,-5.75,-3.7499999999999996,2.0,0
2.8333333333333335,WORKER,worker,5.75,-3.75,2.0,1
2.8333333333333335,WORKER,worker,1.75,-3.7499999999999996,2.0,1
2.8333333333333335,WORKER,worker,-1.75,3.75,2.0,2
2.8333333333333335,WORKER,worker,-5.75,3.7500000000000004,2.0,2
2.8333333333333335,WORKER,worker,5.75,3.75,2.0,3
2.8333333333333335,WORKER,worker,1.75,3.7500000000000004,2.0,3
3.0,GENERAL,general,0.0,0.0,4.0,-1
3.0,NODE,node_0,-3.226490818691459,-3.1962234430668595,2.9978368306765173,0
3.0,NODE,node_1,3.1989045101237426,-3.2565772171232754,2.9978368306765173,1
3.0,NODE,node_2,-4.237591269544728,3.3436628066880587,2.9978368306765173,2
3.0,NODE,node_3,4.241742097064811,3.4343989332674387,2.9978368306765173,3
3.0,SCOUT,scout_d2cf4d0a,-5.2563229660148645,-5.3548989336889665,2.999495837422279,0
3.0,SCOUT,scout_5c3ff6f5,-4.284219420044329,-2.6704291886902993,2.999495837422279,0
3.0,SCOUT,scout_20a72312,-1.3785164474984504,-2.789989333095901,2.999495837422279,0
3.0,SCOUT,scout_5e98d295,2.4042037859382526,-5.387610098629807,2.999495837422279,1
3.0,SCOUT,scout_c8e21d40,3.129781086706628,-3.01853221067918,2.999495837422279,1
3.0,SCOUT,scout_283b8e5e,5.202115247779668,-2.985657237730094,2.999495837422279,1
3.0,SCOUT,scout_1bd12edb,-5.342922746782193,3.267149738914563,2.999495837422279,2
3.0,SCOUT,scout_bf5b3d15,-3.5824140319332094,4.431225484665774,2.999495837422279,2
3.0,SCOUT,scout_5adbfd88,-1.3729066277459911,4.88674748219217,2.999495837422279,2
3.0,SCOUT,scout_a3683d0e,1.4551485927649468,4.903546817614035,2.999495837422279,3
3.0,SCOUT,scout_2e5f69a0,3.663313153750298,4.912247869097089,2.999495837422279,3
3.0,SCOUT,scout_d6cec7ec,5.20086508976115,3.7164490336930074,2.999495837422279,3
3.0,WORKER,worker,-1.75,-3.75,2.0,0
3.0,WORKER,worker,-5.75,-3.7499999999999996,2.0,0
3.0,WORKER,worker,5.75,-3.75,2.0,1
3.0,WORKER,worker,1.75,-3.7499999999999996,2.0,1
3.0,WORKER,worker,-1.75,3.75,2.0,2
3.0,WORKER,worker,-5.75,3.7500000000000004,2.0,2
3.0,WORKER,worker,5.75,3.75,2.0,3
3.0,WORKER,worker,1.75,3.7500000000000004,2.0,3
3.1666666666666665,GENERAL,general,0.0,0.0,4.0,-1
3.1666666666666665,NODE,node_0,-3.193383207073863,-3.1704751580714308,2.9984588037371633,0
3.1666666666666665,NODE,node_1,3.157301490308911,-3.228384394134398,2.9984588037371633,1
3.1666666666666665,NODE,node_2,-4.258095767513089,3.347764955496294,2.9984588037371633,2
3.1666666666666665,NODE,node_3,4.269895146245809,3.4198545833285188,2.9984588037371633,3
3.1666666666666665,SCOUT,scout_d2cf4d0a,-5.3360495911058266,-5.351830109637207,2.999675105310952,0
3.1666666666666665,SCOUT,scout_5c3ff6f5,-4.166151877401877,-2.3283354832556107,2.999675105310952,0
3.1666666666666665,SCOUT,scout_20a72312,-1.375592091034249,-3.1853580443743974,2.999675105310952,0
3.1666666666666665,SCOUT,scout_5e98d295,2.105712944678685,-5.370087458059714,2.999675105310952,1
3.1666666666666665,SCOUT,scout_c8e21d40,3.2487719371620214,-2.6166519548230363,2.999675105310952,1
3.1666666666666665,SCOUT,scout_283b8e5e,5.250216934153553,-3.432065520225573,2.999675105310952,1
3.1666666666666665,SCOUT,scout_1bd12edb,-5.279701881470473,3.597893272427709,2.999675105310952,2
3.1666666666666665,SCOUT,scout_bf5b3d15,-3.6111081522051647,4.860021411307268,2.999675105310952,2
3.1666666666666665,SCOUT,scout_5adbfd88,-1.330218094629771,4.484988650878255,2.999675105310952,2
3.1666666666666665,SCOUT,scout_a3683d0e,1.4383075961953986,5.090677873900353,2.999675105310952,3
3.1666666666666665,SCOUT,scout_2e5f69a0,3.658503047068997,4.597369467455186,2.999675105310952,3
3.1666666666666665,SCOUT,scout_d6cec7ec,5.2333190931809845,3.9679597389329575,2.999675105310952,3
3.1666666666666665,WORKER,worker,-1.75,-3.75,2.0,0
3.1666666666666665,WORKER,worker,-5.75,-3.7499999999999996,2.0,0
3.1666666666666665,WORKER,worker,5.75,-3.75,2.0,1
3.1666666666666665,WORKER,worker,1.75,-3.7499999999999996,2.0,1
3.1666666666666665,WORKER,worker,-1.75,3.75,2.0,2
3.1666666666666665,WORKER,worker,-5.75,3.7500000000000004,2.0,2
3.1666666666666665,WORKER,worker,5.75,3.75,2.0,3
3.1666666666666665,WORKER,worker,1.75,3.7500000000000004,2.0,3
3.3333333333333335,GENERAL,general,0.0,0.0,4.0,-1
3.3333333333333335,NODE,node_0,-3.1585567586698193,-3.1865686006513223,2.9989019417505616,0
3.3333333333333335,NODE,node_1,3.1209388814225547,-3.189289769974793,2.9989019417505616,1
3.3333333333333335,NODE,node_2,-4.284261081453604,3.3366292025131843,2.9989019417505616,2
3.3333333333333335,NODE,node_3,4.300648439895072,3.346730069715574,2.9989019417505616,3
3.3333333333333335,SCOUT,scout_d2cf4d0a,-5.348177610565,-5.36161742955093,2.999790629921405,0
3.3333333333333335,SCOUT,scout_5c3ff6f5,-4.104419331065809,-2.4229857636059164,2.999790629921405,0
3.3333333333333335,SCOUT,scout_20a72312,-1.3717358905797632,-3.5906720975903035,2.999790629921405,0
3.3333333333333335,SCOUT,scout_5e98d295,1.884032275753073,-5.139513986388471,2.999790629921405,1
3.3333333333333335,SCOUT,scout_c8e21d40,3.364535494485661,-2.290086078178522,2.999790629921405,1
3.3333333333333335,SCOUT,scout_283b8e5e,5.276287801367482,-3.8905103871682662,2.999790629921405,1
3.3333333333333335,SCOUT,scout_1bd12edb,-5.270791794228657,3.917450543017419,2.999790629921405,2
3.3333333333333335,SCOUT,scout_bf5b3d15,-3.6167227901341343,5.138309881287519,2.999790629921405,2
3.3333333333333335,SCOUT,scout_5adbfd88,-1.3135611175677233,4.0552880100711475,2.999790629921405,2
3.3333333333333335,SCOUT,scout_a3683d0e,1.446648093760789,4.7228470835823755,2.999790629921405,3
3.3333333333333335,SCOUT,scout_2e5f69a0,3.6370174048295922,4.249255344304517,2.999790629921405,3
3.3333333333333335,SCOUT,scout_d6cec7ec,5.278268802616693,4.229541834636874,2.999790629921405,3
3.3333333333333335,WORKER,worker,-1.75,-3.75,2.0,0
3.3333333333333335,WORKER,worker,-5.75,-3.7499999999999996,2.0,0
3.3333333333333335,WORKER,worker,5.75,-3.75,2.0,1
3.3333333333333335,WORKER,worker,1.75,-3.7499999999999996,2.0,1
3.3333333333333335,WORKER,worker,-1.75,3.75,2.0,2
3.3333333333333335,WORKER,worker,-5.75,3.7500000000000004,2.0,2
3.3333333333333335,WORKER,worker,5.75,3.75,2.0,3
3.3333333333333335,WORKER,worker,1.75,3.7500000000000004,2.0,3
3.5,GENERAL,general,0.0,0.0,4.0,-1
3.5,NODE,node_0,-3.125564797882289,-3.2236419034135744,2.999217664908595,0
3.5,NODE,node_1,3.0816493333286243,-3.1781048716994835,2.999217664908595,1
3.5,NODE,node_2,-4.311863151668202,3.276344549586419,2.999217664908595,2
3.5,NODE,node_3,4.331214784091477,3.2647707669855346,2.999217664908595,3
3.5,SCOUT,scout_d2cf4d0a,-5.343053402355322,-5.368697298406183,2.9998650768042205,0
3.5,SCOUT,scout_5c3ff6f5,-4.071554398097487,-2.7192011543976027,2.9998650768042205,0
3.5,SCOUT,scout_20a72312,-1.36616102920441,-3.997522927781478,2.9998650768042205,0
3.5,SCOUT,scout_5e98d295,1.73143122476445,-4.733296211148018,2.9998650768042205,1
3.5,SCOUT,scout_c8e21d40,3.4133903893482516,-2.4868487795464227,2.9998650768042205,1
3.5,SCOUT,scout_283b8e5e,5.2670121154767235,-4.3272997740680745,2.9998650768042205,1
3.5,SCOUT,scout_1bd12edb,-5.2933885403062675,4.231333366821213,2.9998650768042205,2
3.5,SCOUT,scout_bf5b3d15,-3.586454896598434,4.93308760858196,2.9998650768042205,2
3.5,SCOUT,scout_5adbfd88,-1.313974769865671,3.6212763394444205,2.9998650768042205,2
3.5,SCOUT,scout_a3683d0e,1.4571179134938896,4.274337421239239,2.9998650768042205,3
3.5,SCOUT,scout_2e5f69a0,3.6131940124551805,3.871712400864035,2.9998650768042205,3
3.5,SCOUT,scout_d6cec7ec,5.31374907068118,4.515614836820862,2.9998650768042205,3
3.5,WORKER,worker,-1.75,-3.75,2.0,0
3.5,WORKER,worker,-5.75,-3.7499999999999996,2.0,0
3.5,WORKER,worker,5.75,-3.75,2.0,1
3.5,WORKER,worker,1.75,-3.7499999999999996,2.0,1
3.5,WORKER,worker,-1.75,3.75,2.0,2
3.5,WORKER,worker,-5.75,3.7500000000000004,2.0,2
3.5,WORKER,worker,5.75,3.75,2.0,3
3.5,WORKER,worker,1.75,3.7500000000000004,2.0,3
3.6666666666666665,GENERAL,general,0.0,0.0,4.0,-1
3.6666666666666665,NODE,node_0,-3.0938896884244222,-3.2629462399482874,2.999442608627041,0
3.6666666666666665,NODE,node_1,3.0505519284667852,-3.18292971493498,2.999442608627041,1
3.6666666666666665,NODE,node_2,-4.3401397117515375,3.208912478408309,2.999442608627041,2
3.6666666666666665,NODE,node_3,4.36126313676957,3.1817566998281634,2.999442608627041,3
3.6666666666666665,SCOUT,scout_d2cf4d0a,-5.3388418179708985,-5.3706218178668985,2.99991305219509,0
3.6666666666666665,SCOUT,scout_5c3ff6f5,-4.043788715615262,-3.0480111808340418,2.99991305219509,0
3.6666666666666665,SCOUT,scout_20a72312,-1.3584060235072288,-4.404527225270259,2.99991305219509,0
3.6666666666666665,SCOUT,scout_5e98d295,1.6653601702977958,-4.334641736546598,2.99991305219509,1
3.6666666666666665,SCOUT,scout_c8e21d40,3.439805227763082,-2.8429161000341057,2.99991305219509,1
3.6666666666666665,SCOUT,scout_283b8e5e,5.279993488070632,-4.745654116203933,2.99991305219509,1
3.6666666666666665,SCOUT,scout_1bd12edb,-5.336317218649933,4.5533253316964775,2.99991305219509,2
3.6666666666666665,SCOUT,scout_bf5b3d15,-3.539060169439846,4.655422904505714,2.99991305219509,2
3.6666666666666665,SCOUT,scout_5adbfd88,-1.3155503437186185,3.186610176320479,2.99991305219509,2
3.6666666666666665,SCOUT,scout_a3683d0e,1.4632274297088828,3.8134090832419,2.99991305219509,3
3.6666666666666665,SCOUT,scout_2e5f69a0,3.606728629081089,3.4699246753514568,2.99991305219509,3
3.6666666666666665,SCOUT,scout_d6cec7ec,5.329536864318062,4.82202235033636,2.99991305219509,3
3.6666666666666665,WORKER,worker,-1.75,-3.75,2.0,0
3.6666666666666665,WORKER,worker,-5.75,-3.7499999999999996,2.0,0
3.6666666666666665,WORKER,worker,5.75,-3.75,2.0,1
3.6666666666666665,WORKER,worker,1.75,-3.7499999999999996,2.0,1
3.6666666666666665,WORKER,worker,-1.75,3.75,2.0,2
3.6666666666666665,WORKER,worker,-5.75,3.7500000000000004,2.0,2
3.6666666666666665,WORKER,worker,5.75,3.75,2.0,3
3.6666666666666665,WORKER,worker,1.75,3.7500000000000004,2.0,3
3.8333333333333335,GENERAL,general,0.0,0.0,4.0,-1
3.8333333333333335,NODE,node_0,-3.0630015272663225,-3.301680121814185,2.9996028745916394,0
3.8333333333333335,NODE,node_1,3.0254575732660176,-3.18758508525286,2.9996028745916394,1
3.8333333333333335,NODE,node_2,-4.368680066177122,3.1408854734344787,2.9996028745916394,2
3.8333333333333335,NODE,node_3,4.3928312625745844,3.098008816671645,2.9996028745916394,3
3.8333333333333335,SCOUT,scout_d2cf4d0a,-5.337461544627956,-5.370173932672201,2.9999439687095077,0
3.8333333333333335,SCOUT,scout_5c3ff6f5,-4.016636947402164,-3.3820662023747303,2.9999439687095077,0
3.8333333333333335,SCOUT,scout_20a72312,-1.3479257227611197,-4.811421942371596,2.9999439687095077,0
3.8333333333333335,SCOUT,scout_5e98d295,1.6295018752143249,-3.933005743024114,2.9999439687095077,1
3.8333333333333335,SCOUT,scout_c8e21d40,3.4631673182301634,-3.2246599796116127,2.9999439687095077,1
3.8333333333333335,SCOUT,scout_283b8e5e,5.320307703524376,-5.137808827177807,2.9999439687095077,1
3.8333333333333335,SCOUT,scout_1bd12edb,-5.380394356542412,4.895420851265049,2.9999439687095077,2
3.8333333333333335,SCOUT,scout_bf5b3d15,-3.489648642305117,4.346584370198501,2.9999439687095077,2
3.8333333333333335,SCOUT,scout_5adbfd88,-1.3148038184384168,2.7519184810892066,2.9999439687095077,2
3.8333333333333335,SCOUT,scout_a3683d0e,1.462804364975052,3.3509335305112615,2.9999439687095077,3
3.8333333333333335,SCOUT,scout_2e5f69a0,3.637683191889073,3.0705442009856285,2.9999439687095077,3
3.8333333333333335,SCOUT,scout_d6cec7ec,5.324172862455703,5.113807158637746,2.9999439687095077,3
3.8333333333333335,WORKER,worker,-1.75,-3.75,2.0,0
3.8333333333333335,WORKER,worker,-5.75,-3.7499999999999996,2.0,0
3.8333333333333335,WORKER,worker,5.75,-3.75,2.0,1
3.8333333333333335,WORKER,worker,1.75,-3.7499999999999996,2.0,1
3.8333333333333335,WORKER,worker,-1.75,3.75,2.0,2
3.8333333333333335,WORKER,worker,-5.75,3.7500000000000004,2.0,2
3.8333333333333335,WORKER,worker,5.75,3.75,2.0,3
3.8333333333333335,WORKER,worker,1.75,3.7500000000000004,2.0,3
4.0,GENERAL,general,0.0,0.0,4.0,-1
4.0,NODE,node_0,-3.0335251859415275,-3.3330249110090873,2.999717059506809,0
4.0,NODE,node_1,3.0040902313972833,-3.1805578436509774,2.999717059506809,1
4.0,NODE,node_2,-4.39666792864404,3.0748880623438377,2.999717059506809,2
4.0,NODE,node_3,4.42643992077565,3.006204578391393,2.999717059506809,3
4.0,SCOUT,scout_d2cf4d0a,-5.347352884275827,-5.382840727791375,2.999963892067002,0
4.0,SCOUT,scout_5c3ff6f5,-3.989217125396868,-3.7169343139068074,2.999963892067002,0
4.0,SCOUT,scout_20a72312,-1.3344229326134858,-5.103082939521615,2.999963892067002,0
4.0,SCOUT,scout_5e98d295,1.596185142561588,-3.531215801179817,2.999963892067002,1
4.0,SCOUT,scout_c8e21d40,3.506677195621375,-3.607685446926558,2.999963892067002,1
4.0,SCOUT,scout_283b8e5e,5.377362574615256,-5.399134277464541,2.999963892067002,1
4.0,SCOUT,scout_1bd12edb,-5.398525949665549,5.225100098863765,2.999963892067002,2
4.0,SCOUT,scout_bf5b3d15,-3.456742719440221,4.011126990870776,2.999963892067002,2
4.0,SCOUT,scout_5adbfd88,-1.3104744277627007,2.3917473800237206,2.999963892067002,2
4.0,SCOUT,scout_a3683d0e,1.4541217305307785,2.8888987040205745,2.999963892067002,3
4.0,SCOUT,scout_2e5f69a0,3.6973914322534482,2.691613786797286,2.999963892067002,3
4.0,SCOUT,scout_d6cec7ec,5.312793966488291,5.286178723331365,2.999963892067002,3
4.0,WORKER,worker,-1.75,-3.75,2.0,0
4.0,WORKER,worker,-5.75,-3.7499999999999996,2.0,0
4.0,WORKER,worker,5.75,-3.75,2.0,1
4.0,WORKER,worker,1.75,-3.7499999999999996,2.0,1
4.0,WORKER,worker,-1.75,3.75,2.0,2
4.0,WORKER,worker,-5.75,3.7500000000000004,2.0,2
4.0,WORKER,worker,5.75,3.75,2.0,3
4.0,WORKER,worker,1.75,3.7500000000000004,2.0,3
4.166666666666667,GENERAL,general,0.0,0.0,4.0,-1
4.166666666666667,NODE,node_0,-3.006692912189001,-3.3152186429058785,2.9997984129924653,0
4.166666666666667,NODE,node_1,2.9786553193015615,-3.134172771716099,2.9997984129924653,1
4.166666666666667,NODE,node_2,-4.426384798888156,3.0478256092120986,2.9997984129924653,2
4.166666666666667,NODE,node_3,4.461010820141687,2.9086059477245354,2.9997984129924653,3
4.166666666666667,SCOUT,scout_d2cf4d0a,-5.377397123251877,-5.4159513580510135,2.9999767311655,0
4.166666666666667,SCOUT,scout_5c3ff6f5,-3.961312981426152,-4.051892301441449,2.9999767311655,0
4.166666666666667,SCOUT,scout_20a72312,-1.3227063604157312,-4.870869400832936,2.9999767311655,0
4.166666666666667,SCOUT,scout_5e98d295,1.559781156776485,-3.1299211858837452,2.9999767311655,1
4.166666666666667,SCOUT,scout_c8e21d40,3.546059457032771,-3.9924061327985996,2.9999767311655,1
4.166666666666667,SCOUT,scout_283b8e5e,5.384509275493615,-5.216181959119687,2.9999767311655,1
4.166666666666667,SCOUT,scout_1bd12edb,-5.383562599189435,5.393424346644903,2.9999767311655,2
4.166666666666667,SCOUT,scout_bf5b3d15,-3.480084305505375,3.684235456781275,2.9999767311655,2
4.166666666666667,SCOUT,scout_5adbfd88,-1.305479259106977,2.5878845998610998,2.9999767311655,2
4.166666666666667,SCOUT,scout_a3683d0e,1.4347887644792903,2.4280341047260587,2.9999767311655,3
4.166666666666667,SCOUT,scout_2e5f69a0,3.7468810589517587,2.389229937006028,2.9999767311655,3
4.166666666666667,SCOUT,scout_d6cec7ec,5.3197630412493035,5.340261855476255,2.9999767311655,3
4.166666666666667,WORKER,worker,-1.75,-3.75,2.0,0
4.166666666666667,WORKER,worker,-5.75,-3.7499999999999996,2.0,0
4.166666666666667,WORKER,worker,5.75,-3.75,2.0,1
4.166666666666667,WORKER,worker,1.75,-3.7499999999999996,2.0,1
4.166666666666667,WORKER,worker,-1.75,3.75,2.0,2
4.166666666666667,WORKER,worker,-5.75,3.7500000000000004,2.0,2
4.166666666666667,WORKER,worker,5.75,3.75,2.0,3
4.166666666666667,WORKER,worker,1.75,3.7500000000000004,2.0,3
4.333333333333333,GENERAL,general,0.0,0.0,4.0,-1
4.333333333333333,NODE,node_0,-2.975407577699759,-3.2646305421245874,2.9998563750237777,0
4.333333333333333,NODE,node_1,2.9505920225124127,-3.0630865257281275,2.9998563750237777,1
4.333333333333333,NODE,node_2,-4.457893784444737,3.0172238419963393,2.9998563750237777,2
4.333333333333333,NODE,node_3,4.491054502869126,2.902538139259138,2.9998563750237777,3
4.333333333333333,SCOUT,scout_d2cf4d0a,-5.371224871641963,-5.2204709474508615,2.999985004994359,0
4.333333333333333,SCOUT,scout_5c3ff6f5,-3.9013975028427446,-4.360277784202307,2.999985004994359,0
4.333333333333333,SCOUT,scout_20a72312,-1.3220366274908923,-4.535959044337214,2.999985004994359,0
4.333333333333333,SCOUT,scout_5e98d295,1.5184584739843332,-2.729417670579621,2.999985004994359,1
4.333333333333333,SCOUT,scout_c8e21d40,3.5701227835948086,-4.378437155632618,2.999985004994359,1
4.333333333333333,SCOUT,scout_283b8e5e,5.4015227477761965,-4.817123114484029,2.999985004994359,1
4.333333333333333,SCOUT,scout_1bd12edb,-5.345498712872288,5.3005464477836775,2.999985004994359,2
4.333333333333333,SCOUT,scout_bf5b3d15,-3.532027421487301,3.3681115413965754,2.999985004994359,2
4.333333333333333,SCOUT,scout_5adbfd88,-1.3051866122037452,2.952944337898166,2.999985004994359,2
4.333333333333333,SCOUT,scout_a3683d0e,1.4115193931131107,2.5000342199921852,2.999985004994359,3
4.333333333333333,SCOUT,scout_2e5f69a0,3.7460725656801945,2.6197284443822486,2.999985004994359,3
4.333333333333333,SCOUT,scout_d6cec7ec,5.3301107511769,5.343902734845062,2.999985004994359,3
4.333333333333333,WORKER,worker,-1.75,-3.75,2.0,0
4.333333333333333,WORKER,worker,-5.75,-3.7499999999999996,2.0,0
4.333333333333333,WORKER,worker,5.75,-3.75,2.0,1
4.333333333333333,WORKER,worker,1.75,-3.7499999999999996,2.0,1
4.333333333333333,WORKER,worker,-1.75,3.75,2.0,2
4.333333333333333,WORKER,worker,-5.75,3.7500000000000004,2.0,2
4.333333333333333,WORKER,worker,5.75,3.75,2.0,3
4.333333333333333,WORKER,worker,1.75,3.7500000000000004,2.0,3
4.5,GENERAL,general,0.0,0.0,4.0,-1
4.5,NODE,node_0,-2.939180633271082,-3.1944278204573924,2.9998976713130125,0
4.5,NODE,node_1,2.9206206179549,-2.99972414595788,2.9998976713130125,1
4.5,NODE,node_2,-4.4816890290916644,2.9532609127612623,2.9998976713130125,2
4.5,NODE,node_3,4.5198334929164625,2.9473555538898415,2.9998976713130125,3
4.5,SCOUT,scout_d2cf4d0a,-5.361948947667473,-4.882859809478633,2.9999903368518877,0
4.5,SCOUT,scout_5c3ff6f5,-3.8047996431872186,-4.656725742938381,2.9999903368518877,0
4.5,SCOUT,scout_20a72312,-1.3246605337279602,-4.186179236885596,2.9999903368518877,0
4.5,SCOUT,scout_5e98d295,1.4732658417694988,-2.3678334908640433,2.9999903368518877,1
4.5,SCOUT,scout_c8e21d40,3.5473714786218253,-4.75839554963643,2.9999903368518877,1
4.5,SCOUT,scout_283b8e5e,5.442227223975108,-4.472672702369382,2.9999903368518877,1
4.5,SCOUT,scout_1bd12edb,-5.2236419787285095,4.853135906222212,2.9999903368518877,2
4.5,SCOUT,scout_bf5b3d15,-3.6162569339088106,3.0576595647230085,2.9999903368518877,2
4.5,SCOUT,scout_5adbfd88,-1.2792548534711141,3.3412168903879795,2.9999903368518877,2
4.5,SCOUT,scout_a3683d0e,1.4063125059946293,2.895624357278206,2.9999903368518877,3
4.5,SCOUT,scout_2e5f69a0,3.7307306908605646,3.012288660205238,2.9999903368518877,3
4.5,SCOUT,scout_d6cec7ec,5.335181882250382,5.338125039967642,2.9999903368518877,3
4.5,WORKER,worker,-1.75,-3.75,2.0,0
4.5,WORKER,worker,-5.75,-3.7499999999999996,2.0,0
4.5,WORKER,worker,5.75,-3.75,2.0,1
4.5,WORKER,worker,1.75,-3.7499999999999996,2.0,1
4.5,WORKER,worker,-1.75,3.75,2.0,2
4.5,WORKER,worker,-5.75,3.7500000000000004,2.0,2
4.5,WORKER,worker,5.75,3.75,2.0,3
4.5,WORKER,worker,1.75,3.7500000000000004,2.0,3
4.666666666666667,GENERAL,general,0.0,0.0,4.0,-1
4.666666666666667,NODE,node_0,-2.9062083793346893,-3.1326885757450262,2.9999270937377602,0
4.666666666666667,NODE,node_1,2.8856814711091143,-2.9796138708050806,2.9999270937377602,1
4.666666666666667,NODE,node_2,-4.510629173167722,2.8935744038947835,2.9999270937377602,2
4.666666666666667,NODE,node_3,4.548813467666734,2.9998218282734626,2.9999270937377602,3
4.666666666666667,SCOUT,scout_d2cf4d0a,-5.392052311778294,-4.6079976098803535,2.999993772831189,0
4.666666666666667,SCOUT,scout_5c3ff6f5,-3.705416830482135,-4.978970866148634,2.999993772831189,0
4.666666666666667,SCOUT,scout_20a72312,-1.3266750545490316,-3.834025771367403,2.999993772831189,0
4.666666666666667,SCOUT,scout_5e98d295,1.4598964440226045,-2.536775458162834,2.999993772831189,1
4.666666666666667,SCOUT,scout_c8e21d40,3.5636705662666515,-5.1254974439207,2.999993772831189,1
4.666666666666667,SCOUT,scout_283b8e5e,5.3733798989275385,-4.060983489045295,2.999993772831189,1
4.666666666666667,SCOUT,scout_1bd12edb,-5.158277690023052,4.445756547456951,2.999993772831189,2
4.666666666666667,SCOUT,scout_bf5b3d15,-3.6678217671952393,2.742274506383527,2.999993772831189,2
4.666666666666667,SCOUT,scout_5adbfd88,-1.2800941737609153,3.737883798215947,2.999993772831189,2
4.666666666666667,SCOUT,scout_a3683d0e,1.418322867163483,3.344775767933449,2.999993772831189,3
4.666666666666667,SCOUT,scout_2e5f69a0,3.7147049330909665,3.4310148463348926,2.999993772831189,3
4.666666666666667,SCOUT,scout_d6cec7ec,5.33589063102827,5.334703321283232,2.999993772831189,3
4.666666666666667,WORKER,worker,-1.75,-3.75,2.0,0
4.666666666666667,WORKER,worker,-5.75,-3.7499999999999996,2.0,0
4.666666666666667,WORKER,worker,5.75,-3.75,2.0,1
4.666666666666667,WORKER,worker,1.75,-3.7499999999999996,2.0,1
4.666666666666667,WORKER,worker,-1.75,3.75,2.0,2
4.666666666666667,WORKER,worker,-5.75,3.7500000000000004,2.0,2
4.666666666666667,WORKER,worker,5.75,3.75,2.0,3
4.666666666666667,WORKER,worker,1.75,3.7500000000000004,2.0,3
4.833333333333333,GENERAL,general,0.0,0.0,4.0,-1
4.833333333333333,NODE,node_0,-2.8696555333028435,-3.0496007670148018,2.9999480563737286,0
4.833333333333333,NODE,node_1,2.855263955454859,-2.927078120556698,2.9999480563737286,1
4.833333333333333,NODE,node_2,-4.54216890815395,2.833115079155781,2.9999480563737286,2
4.833333333333333,NODE,node_3,4.579055780775849,3.05338983952439,2.9999480563737286,3
4.833333333333333,SCOUT,scout_d2cf4d0a,-5.351965099692727,-4.295877090083061,2.9999959870602266,0
4.833333333333333,SCOUT,scout_5c3ff6f5,-3.63386029434798,-5.0636056809139,2.9999959870602266,0
4.833333333333333,SCOUT,scout_20a72312,-1.3272101069092785,-3.4815280524949435,2.9999959870602266,0
4.833333333333333,SCOUT,scout_5e98d295,1.4587319723829482,-2.901307483660182,2.9999959870602266,1
4.833333333333333,SCOUT,scout_c8e21d40,3.600117356173193,-4.940138941158759,2.9999959870602266,1
4.833333333333333,SCOUT,scout_283b8e5e,5.317765680412848,-3.619591495254561,2.9999959870602266,1
4.833333333333333,SCOUT,scout_1bd12edb,-5.1499734786459435,4.056226130954349,2.9999959870602266,2
4.833333333333333,SCOUT,scout_bf5b3d15,-3.676048241199,2.4021135853694693,2.9999959870602266,2
4.833333333333333,SCOUT,scout_5adbfd88,-1.2870297068151806,4.136122635760222,2.9999959870602266,2
4.833333333333333,SCOUT,scout_a3683d0e,1.4287133548710953,3.8023399491436516,2.9999959870602266,3
4.833333333333333,SCOUT,scout_2e5f69a0,3.721544381543348,3.8509277653314085,2.9999959870602266,3
4.833333333333333,SCOUT,scout_d6cec7ec,5.344336275905998,5.342954085226357,2.9999959870602266,3
4.833333333333333,WORKER,worker,-1.75,-3.75,2.0,0
4.833333333333333,WORKER,worker,-5.75,-3.7499999999999996,2.0,0
4.833333333333333,WORKER,worker,5.75,-3.75,2.0,1
4.833333333333333,WORKER,worker,1.75,-3.7499999999999996,2.0,1
4.833333333333333,WORKER,worker,-1.75,3.75,2.0,2
4.833333333333333,WORKER,worker,-5.75,3.7500000000000004,2.0,2
4.833333333333333,WORKER,worker,5.75,3.75,2.0,3
4.833333333333333,WORKER,worker,1.75,3.7500000000000004,2.0,3
5.0,GENERAL,general,0.0,0.0,4.0,-1
5.0,NODE,node_0,-2.8302733870582255,-2.924457968238578,2.9999629916521933,0
5.0,NODE,node_1,2.8272649111467665,-2.8556625979901678,2.9999629916521933,1
5.0,NODE,node_2,-4.57545211782585,2.813687440384209,2.9999629916521933,2
5.0,NODE,node_3,4.610476428863613,3.1059249503591526,2.9999629916521933,3
5.0,SCOUT,scout_d2cf4d0a,-5.278341795227306,-3.942500750392224,2.9999974139635346,0
5.0,SCOUT,scout_5c3ff6f5,-3.5855256508693722,-4.776397026846391,2.9999974139635346,0
5.0,SCOUT,scout_20a72312,-1.3258988455594805,-3.129027821401316,2.9999974139635346,0
5.0,SCOUT,scout_5e98d295,1.4575210695887073,-3.297305407381834,2.9999974139635346,1
5.0,SCOUT,scout_c8e21d40,3.616492924394858,-4.55122101634891,2.9999974139635346,1
5.0,SCOUT,scout_283b8e5e,5.31087055243604,-3.177433195190072,2.9999974139635346,1
5.0,SCOUT,scout_1bd12edb,-5.181136626730388,3.6874687319312303,2.9999974139635346,2
5.0,SCOUT,scout_bf5b3d15,-3.664457402385497,2.493223209847134,2.9999974139635346,2
5.0,SCOUT,scout_5adbfd88,-1.2929358471393815,4.534582982948271,2.9999974139635346,2
5.0,SCOUT,scout_a3683d0e,1.432838429616162,4.260851699399289,2.9999974139635346,3
5.0,SCOUT,scout_2e5f69a0,3.724920944177007,4.243994200358578,2.9999974139635346,3
5.0,SCOUT,scout_d6cec7ec,5.379000192203338,5.373154211747693,2.9999974139635346,3
5.0,WORKER,worker,-1.75,-3.75,2.0,0
5.0,WORKER,worker,-5.75,-3.7499999999999996,2.0,0
5.0,WORKER,worker,5.75,-3.75,2.0,1
5.0,WORKER,worker,1.75,-3.7499999999999996,2.0,1
5.0,WORKER,worker,-1.75,3.75,2.0,2
5.0,WORKER,worker,-5.75,3.7500000000000004,2.0,2
5.0,WORKER,worker,5.75,3.75,2.0,3
5.0,WORKER,worker,1.75,3.7500000000000004,2.0,3
5.166666666666667,GENERAL,general,0.0,0.0,4.0,-1
5.166666666666667,NODE,node_0,-2.7935103281999525,-2.7954126632897305,2.9999736326108577,0
5.166666666666667,NODE,node_1,2.8004417229800453,-2.783888585724314,2.9999736326108577,1
5.166666666666667,NODE,node_2,-4.610919038171449,2.8201649263298116,2.9999736326108577,2
5.166666666666667,NODE,node_3,4.63837347004545,3.1555997592950202,2.9999736326108577,3
5.166666666666667,SCOUT,scout_d2cf4d0a,-5.250021048973819,-3.585956984912458,2.999998333494899,0
5.166666666666667,SCOUT,scout_5c3ff6f5,-3.535549790357394,-4.446536738996887,2.999998333494899,0
5.166666666666667,SCOUT,scout_20a72312,-1.3223904510884184,-2.776600449536868,2.999998333494899,0
5.166666666666667,SCOUT,scout_5e98d295,1.453559283398376,-3.698199178590666,2.999998333494899,1
5.166666666666667,SCOUT,scout_c8e21d40,3.621234706618439,-4.136312557216254,2.999998333494899,1
5.166666666666667,SCOUT,scout_283b8e5e,5.339257941046396,-2.746906640089038,2.999998333494899,1
5.166666666666667,SCOUT,scout_1bd12edb,-5.259460047836213,3.359224508177522,2.999998333494899,2
5.166666666666667,SCOUT,scout_bf5b3d15,-3.6321221176863783,2.793615055092971,2.999998333494899,2
5.166666666666667,SCOUT,scout_5adbfd88,-1.2959396341791207,4.933016586009808,2.999998333494899,2
5.166666666666667,SCOUT,scout_a3683d0e,1.4283958018866427,4.718864322679769,2.999998333494899,3
5.166666666666667,SCOUT,scout_2e5f69a0,3.7156446953251314,4.63077252599029,2.999998333494899,3
5.166666666666667,SCOUT,scout_d6cec7ec,5.41044842638611,5.390441590774363,2.999998333494899,3
5.166666666666667,WORKER,worker,-1.75,-3.75,2.0,0
5.166666666666667,WORKER,worker,-5.75,-3.7499999999999996,2.0,0
5.166666666666667,WORKER,worker,5.75,-3.75,2.0,1
5.166666666666667,WORKER,worker,1.75,-3.7499999999999996,2.0,1
5.166666666666667,WORKER,worker,-1.75,3.75,2.0,2
5.166666666666667,WORKER,worker,-5.75,3.7500000000000004,2.0,2
5.166666666666667,WORKER,worker,5.75,3.75,2.0,3
5.166666666666667,WORKER,worker,1.75,3.7500000000000004,2.0,3
5.333333333333333,GENERAL,general,0.0,0.0,4.0,-1
5.333333333333333,NODE,node_0,-2.7592991210746787,-2.6673677139646146,2.999981213989508,0
5.333333333333333,NODE,node_1,2.7745480015435526,-2.714194769458871,2.999981213989508,1
5.333333333333333,NODE,node_2,-4.643316534608148,2.806664883954389,2.999981213989508,2
5.333333333333333,NODE,node_3,4.656205930065899,3.1785454132177966,2.999981213989508,3
5.333333333333333,SCOUT,scout_d2cf4d0a,-5.256672102138702,-3.235428489949615,2.9999989260633844,0
5.333333333333333,SCOUT,scout_5c3ff6f5,-3.498192932535007,-4.106876585823928,2.9999989260633844,0
5.333333333333333,SCOUT,scout_20a72312,-1.316206075635472,-2.4242899977064707,2.9999989260633844,0
5.333333333333333,SCOUT,scout_5e98d295,1.445876966913865,-4.099632111394703,2.9999989260633844,1
5.333333333333333,SCOUT,scout_c8e21d40,3.625560881337798,-3.7172703210776965,2.9999989260633844,1
5.333333333333333,SCOUT,scout_283b8e5e,5.387537739296286,-2.3371280985977747,2.9999989260633844,1
5.333333333333333,SCOUT,scout_1bd12edb,-5.3329615623784195,3.020668278888981,2.9999989260633844,2
5.333333333333333,SCOUT,scout_bf5b3d15,-3.5760213082806116,3.148642208753291,2.9999989260633844,2
5.333333333333333,SCOUT,scout_5adbfd88,-1.2989865759593837,5.030467913846788,2.9999989260633844,2
5.333333333333333,SCOUT,scout_a3683d0e,1.4148335812364146,5.128238518945787,2.9999989260633844,3
5.333333333333333,SCOUT,scout_2e5f69a0,3.6979435074114058,5.023759152703145,2.9999989260633844,3
5.333333333333333,SCOUT,scout_d6cec7ec,5.357314799663727,5.125317029612355,2.9999989260633844,3
5.333333333333333,WORKER,worker,-1.75,-3.75,2.0,0
5.333333333333333,WORKER,worker,-5.75,-3.7499999999999996,2.0,0
5.333333333333333,WORKER,worker,5.75,-3.75,2.0,1
5.333333333333333,WORKER,worker,1.75,-3.7499999999999996,2.0,1
5.333333333333333,WORKER,worker,-1.75,3.75,2.0,2
5.333333333333333,WORKER,worker,-5.75,3.7500000000000004,2.0,2
5.333333333333333,WORKER,worker,5.75,3.75,2.0,3
5.333333333333333,WORKER,worker,1.75,3.7500000000000004,2.0,3
5.5,GENERAL,general,0.0,0.0,4.0,-1
5.5,NODE,node_0,-2.731258113911754,-2.577030504929604,2.999986615504922,0
5.5,NODE,node_1,2.746883152913253,-2.6557051836135273,2.999986615504922,1
5.5,NODE,node_2,-4.674231225225414,2.7478697945951476,2.999986615504922,2
5.5,NODE,node_3,4.67194821883324,3.092407984638472,2.999986615504922,3
5.5,SCOUT,scout_d2cf4d0a,-5.279520803723535,-2.8943471903519336,2.999999307928998,0
5.5,SCOUT,scout_5c3ff6f5,-3.516139151648677,-3.7420149734280126,2.999999307928998,0
5.5,SCOUT,scout_20a72312,-1.3161227004505711,-2.513272811197717,2.999999307928998,0
5.5,SCOUT,scout_5e98d295,1.4336744550465745,-4.500808850942185,2.999999307928998,1
5.5,SCOUT,scout_c8e21d40,3.6318519429988503,-3.297659402534375,2.999999307928998,1
5.5,SCOUT,scout_283b8e5e,5.418781632667659,-2.068125041921604,2.999999307928998,1
5.5,SCOUT,scout_1bd12edb,-5.379494779345655,2.6527015572053947,2.999999307928998,2
5.5,SCOUT,scout_bf5b3d15,-3.523582802783267,3.5427478016201257,2.999999307928998,2
5.5,SCOUT,scout_5adbfd88,-1.305940002101501,4.676005974028448,2.999999307928998,2
5.5,SCOUT,scout_a3683d0e,1.4219681831681148,4.888685905444311,2.999999307928998,3
5.5,SCOUT,scout_2e5f69a0,3.6694411796623663,5.016018099002679,2.999999307928998,3
5.5,SCOUT,scout_d6cec7ec,5.283391090919696,4.737497804101014,2.999999307928998,3
5.5,WORKER,worker,-1.75,-3.75,2.0,0
5.5,WORKER,worker,-5.75,-3.7499999999999996,2.0,0
5.5,WORKER,worker,5.75,-3.75,2.0,1
5.5,WORKER,worker,1.75,-3.7499999999999996,2.0,1
5.5,WORKER,worker,-1.75,3.75,2.0,2
5.5,WORKER,worker,-5.75,3.7500000000000004,2.0,2
5.5,WORKER,worker,5.75,3.75,2.0,3
5.5,WORKER,worker,1.75,3.7500000000000004,2.0,3
5.666666666666667,GENERAL,general,0.0,0.0,4.0,-1
5.666666666666667,NODE,node_0,-2.703743709193748,-2.5181706653605223,2.9999904639301365,0
5.666666666666667,NODE,node_1,2.706906694913504,-2.6485394174872594,2.9999904639301365,1
5.666666666666667,NODE,node_2,-4.703591247876761,2.684827886120804,2.9999904639301365,2
5.666666666666667,NODE,node_3,4.693439831534872,2.955945862415728,2.9999904639301365,3
5.666666666666667,SCOUT,scout_d2cf4d0a,-5.310475831861595,-2.5657710718859468,2.9999995540125326,0
5.666666666666667,SCOUT,scout_5c3ff6f5,-3.533920551552703,-3.3782732583051307,2.9999995540125326,0
5.666666666666667,SCOUT,scout_20a72312,-1.320199500645234,-2.8693279076409706,2.9999995540125326,0
5.666666666666667,SCOUT,scout_5e98d295,1.4158984559160022,-4.90145572860764,2.9999995540125326,1
5.666666666666667,SCOUT,scout_c8e21d40,3.6344577673787186,-2.8808825133585176,2.9999995540125326,1
5.666666666666667,SCOUT,scout_283b8e5e,5.3329828082448625,-2.325843451640369,2.9999995540125326,1
5.666666666666667,SCOUT,scout_1bd12edb,-5.375938233090746,2.2908046216894555,2.9999995540125326,2
5.666666666666667,SCOUT,scout_bf5b3d15,-3.5117418814189256,3.955938368345609,2.9999995540125326,2
5.666666666666667,SCOUT,scout_5adbfd88,-1.30673394678705,4.255360419512799,2.9999995540125326,2
5.666666666666667,SCOUT,scout_a3683d0e,1.4359026544682063,4.45645624574321,2.9999995540125326,3
5.666666666666667,SCOUT,scout_2e5f69a0,3.638592770273696,4.708023727285945,2.9999995540125326,3
5.666666666666667,SCOUT,scout_d6cec7ec,5.255025735246887,4.3737509364457585,2.9999995540125326,3
5.666666666666667,WORKER,worker,-1.75,-3.75,2.0,0
5.666666666666667,WORKER,worker,-5.75,-3.7499999999999996,2.0,0
5.666666666666667,WORKER,worker,5.75,-3.75,2.0,1
5.666666666666667,WORKER,worker,1.75,-3.7499999999999996,2.0,1
5.666666666666667,WORKER,worker,-1.75,3.75,2.0,2
5.666666666666667,WORKER,worker,-5.75,3.7500000000000004,2.0,2
5.666666666666667,WORKER,worker,5.75,3.75,2.0,3
5.666666666666667,WORKER,worker,1.75,3.7500000000000004,2.0,3
5.833333333333333,GENERAL,general,0.0,0.0,4.0,-1
5.833333333333333,NODE,node_0,-2.6758409234266756,-2.466847858582205,2.9999932058230128,0
5.833333333333333,NODE,node_1,2.6657636235229245,-2.6395196720075687,2.9999932058230128,1
5.833333333333333,NODE,node_2,-4.738448423198455,2.6252300570240803,2.9999932058230128,2
5.833333333333333,NODE,node_3,4.720059803410821,2.8151712589658424,2.9999932058230128,3
5.833333333333333,SCOUT,scout_d2cf4d0a,-5.3475268270545016,-2.2551524053555982,2.999999712594775,0
5.833333333333333,SCOUT,scout_5c3ff6f5,-3.547693269872902,-3.0174591392159913,2.999999712594775,0
5.833333333333333,SCOUT,scout_20a72312,-1.3239415768832652,-3.268496566740908,2.999999712594775,0
5.833333333333333,SCOUT,scout_5e98d295,1.3932828187526511,-5.070032713145572,2.999999712594775,1
5.833333333333333,SCOUT,scout_c8e21d40,3.588948592339477,-2.4751512593211844,2.999999712594775,1
5.833333333333333,SCOUT,scout_283b8e5e,5.285920686259753,-2.73134563652511,2.999999712594775,1
5.833333333333333,SCOUT,scout_1bd12edb,-5.364281761116476,2.0048458446773396,2.999999712594775,2
5.833333333333333,SCOUT,scout_bf5b3d15,-3.594023929640541,4.347849450837966,2.999999712594775,2
5.833333333333333,SCOUT,scout_5adbfd88,-1.2731864498481893,3.826345923736617,2.999999712594775,2
5.833333333333333,SCOUT,scout_a3683d0e,1.4466755535646947,3.9978884986654952,2.999999712594775,3
5.833333333333333,SCOUT,scout_2e5f69a0,3.6124967797677274,4.370757404261857,2.999999712594775,3
5.833333333333333,SCOUT,scout_d6cec7ec,5.256677796574487,4.014931914957579,2.999999712594775,3
5.833333333333333,WORKER,worker,-1.75,-3.75,2.0,0
5.833333333333333,WORKER,worker,-5.75,-3.7499999999999996,2.0,0
5.833333333333333,WORKER,worker,5.75,-3.75,2.0,1
5.833333333333333,WORKER,worker,1.75,-3.7499999999999996,2.0,1
5.833333333333333,WORKER,worker,-1.75,3.75,2.0,2
5.833333333333333,WORKER,worker,-5.75,3.7500000000000004,2.0,2
5.833333333333333,WORKER,worker,5.75,3.75,2.0,3
5.833333333333333,WORKER,worker,1.75,3.7500000000000004,2.0,3
6.0,GENERAL,general,0.0,0.0,4.0,-1
6.0,NODE,node_0,-2.6465441691190064,-2.4227286039968243,2.9999951593432517,0
6.0,NODE,node_1,2.628173302054757,-2.618049919599683,2.9999951593432517,1
6.0,NODE,node_2,-4.770796443730315,2.6070289266432516,2.9999951593432517,2
6.0,NODE,node_3,4.7499036561982235,2.6756957390621956,2.9999951593432517,3
6.0,SCOUT,scout_d2cf4d0a,-5.374345616308856,-2.022315518885233,2.9999998147890485,0
6.0,SCOUT,scout_5c3ff6f5,-3.5608882146061807,-2.6581694582806916,2.9999998147890485,0
6.0,SCOUT,scout_20a72312,-1.3263108257064953,-3.6745972496676638,2.9999998147890485,0
6.0,SCOUT,scout_5e98d295,1.3787690637017995,-4.753858000965773,2.9999998147890485,1
6.0,SCOUT,scout_c8e21d40,3.5258391071939537,-2.447026227552441,2.9999998147890485,1
6.0,SCOUT,scout_283b8e5e,5.282802610257137,-3.1883724384404184,2.9999998147890485,1
6.0,SCOUT,scout_1bd12edb,-5.314340540615484,2.1655511354762713,2.9999998147890485,2
6.0,SCOUT,scout_bf5b3d15,-3.6503808548843115,4.738345659678018,2.9999998147890485,2
6.0,SCOUT,scout_5adbfd88,-1.2715688223047492,3.3923435655687864,2.9999998147890485,2
6.0,SCOUT,scout_a3683d0e,1.4515435768913705,3.535430511525923,2.9999998147890485,3
6.0,SCOUT,scout_2e5f69a0,3.592472806917011,4.032265359721644,2.9999998147890485,3
6.0,SCOUT,scout_d6cec7ec,5.270025500412427,3.659982741638847,2.9999998147890485,3
6.0,WORKER,worker,-1.75,-3.75,2.0,0
6.0,WORKER,worker,-5.75,-3.7499999999999996,2.0,0
6.0,WORKER,worker,5.75,-3.75,2.0,1
6.0,WORKER,worker,1.75,-3.7499999999999996,2.0,1
6.0,WORKER,worker,-1.75,3.75,2.0,2
6.0,WORKER,worker,-5.75,3.7500000000000004,2.0,2
6.0,WORKER,worker,5.75,3.75,2.0,3
6.0,WORKER,worker,1.75,3.7500000000000004,2.0,3
6.166666666666667,GENERAL,general,0.0,0.0,4.0,-1
6.166666666666667,NODE,node_0,-2.681280473550428,-2.4398622451584266,2.9999965511705398,0
6.166666666666667,NODE,node_1,2.617254462114456,-2.697328392478797,2.9999965511705398,1
6.166666666666667,NODE,node_2,-4.730429310290487,2.62205451535572,2.9999965511705398,2
6.166666666666667,NODE,node_3,4.76114016325923,2.608173430715157,2.9999965511705398,3
6.166666666666667,SCOUT,scout_d2cf4d0a,-5.2964170062298574,-2.199581362165755,2.999999880645537,0
6.166666666666667,SCOUT,scout_5c3ff6f5,-3.542095071807835,-2.3704237178995013,2.999999880645537,0
6.166666666666667,SCOUT,scout_20a72312,-1.326875322610966,-4.08177297732205,2.999999880645537,0
6.166666666666667,SCOUT,scout_5e98d295,1.382916065314166,-4.36257493388081,2.999999880645537,1
6.166666666666667,SCOUT,scout_c8e21d40,3.504795269914118,-2.7603868902274327,2.999999880645537,1
6.166666666666667,SCOUT,scout_283b8e5e,5.292622570605606,-3.6631742702163375,2.999999880645537,1
6.166666666666667,SCOUT,scout_1bd12edb,-5.288955879556748,2.4744982565205085,2.999999880645537,2
6.166666666666667,SCOUT,scout_bf5b3d15,-3.6928500075307107,5.114798176347238,2.999999880645537,2
6.166666666666667,SCOUT,scout_5adbfd88,-1.2787019072858545,2.95756343783961,2.999999880645537,2
6.166666666666667,SCOUT,scout_a3683d0e,1.4488503913742605,3.072893526766612,2.999999880645537,3
6.166666666666667,SCOUT,scout_2e5f69a0,3.578383844556589,3.6967611326857015,2.999999880645537,3
6.166666666666667,SCOUT,scout_d6cec7ec,5.28731319985262,3.310043664454952,2.999999880645537,3
6.166666666666667,WORKER,worker,-1.75,-3.75,2.0,0
6.166666666666667,WORKER,worker,-5.75,-3.7499999999999996,2.0,0
6.166666666666667,WORKER,worker,5.75,-3.75,2.0,1
6.166666666666667,WORKER,worker,1.75,-3.7499999999999996,2.0,1
6.166666666666667,WORKER,worker,-1.75,3.75,2.0,2
6.166666666666667,WORKER,worker,-5.75,3.7500000000000004,2.0,2
6.166666666666667,WORKER,worker,5.75,3.75,2.0,3
6.166666666666667,WORKER,worker,1.75,3.7500000000000004,2.0,3
6.333333333333333,GENERAL,general,0.0,0.0,4.0,-1
6.333333333333333,NODE,node_0,-2.7111798718672064,-2.5141465096075755,2.9999975428076673,0
6.333333333333333,NODE,node_1,2.6099547797348013,-2.7801625304390503,2.9999975428076673,1
6.333333333333333,NODE,node_2,-4.695040760430451,2.5917601796145244,2.9999975428076673,2
6.333333333333333,NODE,node_3,4.772467865388959,2.5399937332086626,2.9999975428076673,3
6.333333333333333,SCOUT,scout_d2cf4d0a,-5.237931521999631,-2.5094119846398115,2.999999923085068,0
6.333333333333333,SCOUT,scout_5c3ff6f5,-3.489674987866574,-2.545036823935053,2.999999923085068,0
6.333333333333333,SCOUT,scout_20a72312,-1.325228860524051,-4.4890576916206095,2.999999923085068,0
6.333333333333333,SCOUT,scout_5e98d295,1.3891517521781442,-3.959370419233736,2.999999923085068,1
6.333333333333333,SCOUT,scout_c8e21d40,3.5135376495885464,-3.135797558755859,2.999999923085068,1
6.333333333333333,SCOUT,scout_283b8e5e,5.311451122621765,-4.1374534445330715,2.999999923085068,1
6.333333333333333,SCOUT,scout_1bd12edb,-5.308883735520019,2.785462734398284,2.999999923085068,2
6.333333333333333,SCOUT,scout_bf5b3d15,-3.721067652014398,4.995738663560591,2.999999923085068,2
6.333333333333333,SCOUT,scout_5adbfd88,-1.284735784943301,2.5226962080589637,2.999999923085068,2
6.333333333333333,SCOUT,scout_a3683d0e,1.4365781681211212,2.611204685760314,2.999999923085068,3
6.333333333333333,SCOUT,scout_2e5f69a0,3.5697605329707924,3.3647039382724064,2.999999923085068,3
6.333333333333333,SCOUT,scout_d6cec7ec,5.307644784817889,2.9670996826759497,2.999999923085068,3
6.333333333333333,WORKER,worker,-1.75,-3.75,2.0,0
6.333333333333333,WORKER,worker,-5.75,-3.7499999999999996,2.0,0
6.333333333333333,WORKER,worker,5.75,-3.75,2.0,1
6.333333333333333,WORKER,worker,1.75,-3.7499999999999996,2.0,1
6.333333333333333,WORKER,worker,-1.75,3.75,2.0,2
6.333333333333333,WORKER,worker,-5.75,3.7500000000000004,2.0,2
6.333333333333333,WORKER,worker,5.75,3.75,2.0,3
6.333333333333333,WORKER,worker,1.75,3.7500000000000004,2.0,3
6.5,GENERAL,general,0.0,0.0,4.0,-1
6.5,NODE,node_0,-2.7439598332766093,-2.6044103194599892,2.999998249320755,0
6.5,NODE,node_1,2.603977560687973,-2.862999818316974,2.999998249320755,1
6.5,NODE,node_2,-4.6602441593320885,2.56865567134191,2.999998249320755,2
6.5,NODE,node_3,4.783516462939361,2.4922228531135544,2.999998249320755,3
6.5,SCOUT,scout_d2cf4d0a,-5.221251275047868,-2.8432795563719813,2.9999999504341375,0
6.5,SCOUT,scout_5c3ff6f5,-3.4325749363951106,-2.85614967335088,2.9999999504341375,0
6.5,SCOUT,scout_20a72312,-1.32080936570119,-4.896261935294325,2.9999999504341375,0
6.5,SCOUT,scout_5e98d295,1.3927176929828078,-3.5543871054514806,2.9999999504341375,1
6.5,SCOUT,scout_c8e21d40,3.529011067233946,-3.521088603434225,2.9999999504341375,1
6.5,SCOUT,scout_283b8e5e,5.340705858286476,-4.6033069019601305,2.9999999504341375,1
6.5,SCOUT,scout_1bd12edb,-5.33772131679815,3.079286785874128,2.9999999504341375,2
6.5,SCOUT,scout_bf5b3d15,-3.7423706460161132,4.699245758111456,2.9999999504341375,2
6.5,SCOUT,scout_5adbfd88,-1.2878834709122984,2.4347345820770823,2.9999999504341375,2
6.5,SCOUT,scout_a3683d0e,1.4151584223109834,2.3958260833950327,2.9999999504341375,3
6.5,SCOUT,scout_2e5f69a0,3.56657498103978,3.0354981775364815,2.9999999504341375,3
6.5,SCOUT,scout_d6cec7ec,5.332463506594148,2.6343238858414226,2.9999999504341375,3
6.5,WORKER,worker,-1.75,-3.75,2.0,0
6.5,WORKER,worker,-5.75,-3.7499999999999996,2.0,0
6.5,WORKER,worker,5.75,-3.75,2.0,1
6.5,WORKER,worker,1.75,-3.7499999999999996,2.0,1
6.5,WORKER,worker,-1.75,3.75,2.0,2
6.5,WORKER,worker,-5.75,3.7500000000000004,2.0,2
6.5,WORKER,worker,5.75,3.75,2.0,3
6.5,WORKER,worker,1.75,3.7500000000000004,2.0,3
6.666666666666667,GENERAL,general,0.0,0.0,4.0,-1
6.666666666666667,NODE,node_0,-2.779081577553676,-2.6789070515842455,2.9999987526911185,0
6.666666666666667,NODE,node_1,2.5990020296469947,-2.944370302297574,2.9999987526911185,1
6.666666666666667,NODE,node_2,-4.613258646672388,2.5926709889486226,2.9999987526911185,2
6.666666666666667,NODE,node_3,4.79605038137561,2.4999772997996215,2.9999987526911185,3
6.666666666666667,SCOUT,scout_d2cf4d0a,-5.225780411577492,-3.179588198887548,2.999999968058547,0
6.666666666666667,SCOUT,scout_5c3ff6f5,-3.383374443553995,-3.1877043551997497,2.999999968058547,0
6.666666666666667,SCOUT,scout_20a72312,-1.313709058857826,-5.083518826601862,2.999999968058547,0
6.666666666666667,SCOUT,scout_5e98d295,1.3921737343648535,-3.149332304008351,2.999999968058547,1
6.666666666666667,SCOUT,scout_c8e21d40,3.5473013822570643,-3.9078383345294916,2.999999968058547,1
6.666666666666667,SCOUT,scout_283b8e5e,5.382514944989979,-5.052543397673283,2.999999968058547,1
6.666666666666667,SCOUT,scout_1bd12edb,-5.276861876851383,3.418712838250352,2.999999968058547,2
6.666666666666667,SCOUT,scout_bf5b3d15,-3.7269065799359007,4.416325539938535,2.999999968058547,2
6.666666666666667,SCOUT,scout_5adbfd88,-1.2910416318190419,2.751923462901888,2.999999968058547,2
6.666666666666667,SCOUT,scout_a3683d0e,1.4007286017873386,2.7240089652065897,2.999999968058547,3
6.666666666666667,SCOUT,scout_2e5f69a0,3.5731248170833454,2.7020771366893706,2.999999968058547,3
6.666666666666667,SCOUT,scout_d6cec7ec,5.363525464737226,2.316758037873849,2.999999968058547,3
6.666666666666667,WORKER,worker,-1.75,-3.75,2.0,0
6.666666666666667,WORKER,worker,-5.75,-3.7499999999999996,2.0,0
6.666666666666667,WORKER,worker,5.75,-3.75,2.0,1
6.666666666666667,WORKER,worker,1.75,-3.7499999999999996,2.0,1
6.666666666666667,WORKER,worker,-1.75,3.75,2.0,2
6.666666666666667,WORKER,worker,-5.75,3.7500000000000004,2.0,2
6.666666666666667,WORKER,worker,5.75,3.75,2.0,3
6.666666666666667,WORKER,worker,1.75,3.7500000000000004,2.0,3
6.833333333333333,GENERAL,general,0.0,0.0,4.0,-1
6.833333333333333,NODE,node_0,-2.8159675709279117,-2.7058529354818326,2.9999991113281026,0
6.833333333333333,NODE,node_1,2.59491623848712,-3.017261610236238,2.9999991113281026,1
6.833333333333333,NODE,node_2,-4.5684010224022025,2.623531156621721,2.9999991113281026,2
6.833333333333333,NODE,node_3,4.812332507035371,2.5231678477955657,2.9999991113281026,3
6.833333333333333,SCOUT,scout_d2cf4d0a,-5.237117182194447,-3.5138442959243634,2.999999979416147,0
6.833333333333333,SCOUT,scout_5c3ff6f5,-3.345306597718958,-3.521492684284325,2.999999979416147,0
6.833333333333333,SCOUT,scout_20a72312,-1.3086648709361914,-4.808320292568242,2.999999979416147,0
6.833333333333333,SCOUT,scout_5e98d295,1.3864478906454973,-2.7445865477904112,2.999999979416147,1
6.833333333333333,SCOUT,scout_c8e21d40,3.567962185131161,-4.294661301816418,2.999999979416147,1
6.833333333333333,SCOUT,scout_283b8e5e,5.437694751747548,-5.3870880591743795,2.999999979416147,1
6.833333333333333,SCOUT,scout_1bd12edb,-5.276640857917661,3.7462506320258546,2.999999979416147,2
6.833333333333333,SCOUT,scout_bf5b3d15,-3.6754729759016267,4.14309936504556,2.999999979416147,2
6.833333333333333,SCOUT,scout_5adbfd88,-1.2981914055249841,3.137321595414689,2.999999979416147,2
6.833333333333333,SCOUT,scout_a3683d0e,1.4105150319641067,3.1621557922946004,2.999999979416147,3
6.833333333333333,SCOUT,scout_2e5f69a0,3.5895385512354836,2.389455026184531,2.999999979416147,3
6.833333333333333,SCOUT,scout_d6cec7ec,5.3980061367069565,2.04770819259935,2.999999979416147,3
6.833333333333333,WORKER,worker,-1.75,-3.75,2.0,0
6.833333333333333,WORKER,worker,-5.75,-3.7499999999999996,2.0,0
6.833333333333333,WORKER,worker,5.75,-3.75,2.0,1
6.833333333333333,WORKER,worker,1.75,-3.7499999999999996,2.0,1
6.833333333333333,WORKER,worker,-1.75,3.75,2.0,2
6.833333333333333,WORKER,worker,-5.75,3.7500000000000004,2.0,2
6.833333333333333,WORKER,worker,5.75,3.75,2.0,3
6.833333333333333,WORKER,worker,1.75,3.7500000000000004,2.0,3
7.0,GENERAL,general,0.0,0.0,4.0,-1
7.0,NODE,node_0,-2.8547854299742594,-2.7248754875851335,2.9999993668466947,0
7.0,NODE,node_1,2.585280719020231,-3.0345948492058845,2.9999993668466947,1
7.0,NODE,node_2,-4.526158440733627,2.654634282706695,2.9999993668466947,2
7.0,NODE,node_3,4.821203774089277,2.631188299860045,2.9999993668466947,3
7.0,SCOUT,scout_d2cf4d0a,-5.250699750930009,-3.844474541808098,2.999999986735262,0
7.0,SCOUT,scout_5c3ff6f5,-3.319251874666784,-3.8544544196204784,2.999999986735262,0
7.0,SCOUT,scout_20a72312,-1.3115465770063601,-4.467690847427376,2.999999986735262,0
7.0,SCOUT,scout_5e98d295,1.3755316365521257,-2.378460995747576,2.999999986735262,1
7.0,SCOUT,scout_c8e21d40,3.5912747289885503,-4.681289469630176,2.999999986735262,1
7.0,SCOUT,scout_283b8e5e,5.437450865553307,-5.111142108896906,2.999999986735262,1
7.0,SCOUT,scout_1bd12edb,-5.314319888644121,4.091437122837584,2.999999986735262,2
7.0,SCOUT,scout_bf5b3d15,-3.6091051440817723,3.8490195554405977,2.999999986735262,2
7.0,SCOUT,scout_5adbfd88,-1.3049834195224572,3.5337236102105622,2.999999986735262,2
7.0,SCOUT,scout_a3683d0e,1.4229078077434703,3.6180785971357885,2.999999986735262,3
7.0,SCOUT,scout_2e5f69a0,3.5713589958786973,2.592497576683374,2.999999986735262,3
7.0,SCOUT,scout_d6cec7ec,5.377895398347126,2.154607412297512,2.999999986735262,3
7.0,WORKER,worker,-1.75,-3.75,2.0,0
7.0,WORKER,worker,-5.75,-3.7499999999999996,2.0,0
7.0,WORKER,worker,5.75,-3.75,2.0,1
7.0,WORKER,worker,1.75,-3.7499999999999996,2.0,1
7.0,WORKER,worker,-1.75,3.75,2.0,2
7.0,WORKER,worker,-5.75,3.7500000000000004,2.0,2
7.0,WORKER,worker,5.75,3.75,2.0,3
7.0,WORKER,worker,1.75,3.7500000000000004,2.0,3
7.166666666666667,GENERAL,general,0.0,0.0,4.0,-1
7.166666666666667,NODE,node_0,-2.8921343245667708,-2.742288577417892,2.999999548896382,0
7.166666666666667,NODE,node_1,2.5741553200334177,-3.086711959574531,2.999999548896382,1
7.166666666666667,NODE,node_2,-4.484224669439689,2.6852146152765504,2.999999548896382,2
7.166666666666667,NODE,node_3,4.826149578515232,2.7748205959133734,2.999999548896382,3
7.166666666666667,SCOUT,scout_d2cf4d0a,-5.266592615707915,-4.170031390795055,2.9999999914518787,0
7.166666666666667,SCOUT,scout_5c3ff6f5,-3.309480499833976,-4.185790875330191,2.9999999914518787,0
7.166666666666667,SCOUT,scout_20a72312,-1.2797992231897373,-4.123035640974258,2.9999999914518787,0
7.166666666666667,SCOUT,scout_5e98d295,1.3793077090236479,-2.546257967369184,2.9999999914518787,1
7.166666666666667,SCOUT,scout_c8e21d40,3.5737715072959517,-5.0632428763095465,2.9999999914518787,1
7.166666666666667,SCOUT,scout_283b8e5e,5.450148439076767,-4.723653772883736,2.9999999914518787,1
7.166666666666667,SCOUT,scout_1bd12edb,-5.345905339669311,4.467479034330435,2.9999999914518787,2
7.166666666666667,SCOUT,scout_bf5b3d15,-3.5664368247611793,3.5221420470294706,2.9999999914518787,2
7.166666666666667,SCOUT,scout_5adbfd88,-1.2959721195488736,3.9322885888645316,2.9999999914518787,2
7.166666666666667,SCOUT,scout_a3683d0e,1.4302600295162051,4.076535660533763,2.9999999914518787,3
7.166666666666667,SCOUT,scout_2e5f69a0,3.5193034259911626,2.9945782229403672,2.9999999914518787,3
7.166666666666667,SCOUT,scout_d6cec7ec,5.357008524541606,2.3880580681623673,2.9999999914518787,3
7.166666666666667,WORKER,worker,-1.75,-3.75,2.0,0
7.166666666666667,WORKER,worker,-5.75,-3.7499999999999996,2.0,0
7.166666666666667,WORKER,worker,5.75,-3.75,2.0,1
7.166666666666667,WORKER,worker,1.75,-3.7499999999999996,2.0,1
7.166666666666667,WORKER,worker,-1.75,3.75,2.0,2
7.166666666666667,WORKER,worker,-5.75,3.7500000000000004,2.0,2
7.166666666666667,WORKER,worker,5.75,3.75,2.0,3
7.166666666666667,WORKER,worker,1.75,3.7500000000000004,2.0,3
7.333333333333333,GENERAL,general,0.0,0.0,4.0,-1
7.333333333333333,NODE,node_0,-2.931715545672244,-2.757725515404509,2.999999678601576,0
7.333333333333333,NODE,node_1,2.563420034828276,-3.1192866810226336,2.999999678601576,1
7.333333333333333,NODE,node_2,-4.441945755830498,2.7135226594807658,2.999999678601576,2
7.333333333333333,NODE,node_3,4.832578523552169,2.9228273358300902,2.999999678601576,3
7.333333333333333,SCOUT,scout_d2cf4d0a,-5.286304865784632,-4.488569688440746,2.9999999944913815,0
7.333333333333333,SCOUT,scout_5c3ff6f5,-3.3367678863733343,-4.51518386042467,2.9999999944913815,0
7.333333333333333,SCOUT,scout_20a72312,-1.2351514048500716,-3.7704858205219214,2.9999999944913815,0
7.333333333333333,SCOUT,scout_5e98d295,1.388209673048299,-2.9109457246442307,2.9999999944913815,1
7.333333333333333,SCOUT,scout_c8e21d40,3.583060991101751,-4.952705792928588,2.9999999944913815,1
7.333333333333333,SCOUT,scout_283b8e5e,5.431633494617648,-4.339893951517864,2.9999999944913815,1
7.333333333333333,SCOUT,scout_1bd12edb,-5.337905313628896,4.842699881781906,2.9999999944913815,2
7.333333333333333,SCOUT,scout_bf5b3d15,-3.5512070317527042,3.175978240414088,2.9999999944913815,2
7.333333333333333,SCOUT,scout_5adbfd88,-1.2913221514566289,4.33113559208801,2.9999999944913815,2
7.333333333333333,SCOUT,scout_a3683d0e,1.429919746342107,4.534867161960205,2.9999999944913815,3
7.333333333333333,SCOUT,scout_2e5f69a0,3.4641809866496875,3.433016750052421,2.9999999944913815,3
7.333333333333333,SCOUT,scout_d6cec7ec,5.3602586935237255,2.6256198860684887,2.9999999944913815,3
7.333333333333333,WORKER,worker,-1.75,-3.75,2.0,0
7.333333333333333,WORKER,worker,-5.75,-3.7499999999999996,2.0,0
7.333333333333333,WORKER,worker,5.75,-3.75,2.0,1
7.333333333333333,WORKER,worker,1.75,-3.7499999999999996,2.0,1
7.333333333333333,WORKER,worker,-1.75,3.75,2.0,2
7.333333333333333,WORKER,worker,-5.75,3.7500000000000004,2.0,2
7.333333333333333,WORKER,worker,5.75,3.75,2.0,3
7.333333333333333,WORKER,worker,1.75,3.7500000000000004,2.0,3
7.5,GENERAL,general,0.0,0.0,4.0,-1
7.5,NODE,node_0,-2.975659035319933,-2.771731845349933,2.999999771012817,0
7.5,NODE,node_1,2.5467258636823016,-3.121388043420919,2.999999771012817,1
7.5,NODE,node_2,-4.404071184828459,2.7389411645371453,2.999999771012817,2
7.5,NODE,node_3,4.841422963467198,3.0698754424780974,2.999999771012817,3
7.5,SCOUT,scout_d2cf4d0a,-5.311023282084475,-4.797306264571042,2.9999999964501116,0
7.5,SCOUT,scout_5c3ff6f5,-3.3600038695010213,-4.8428598470470705,2.9999999964501116,0
7.5,SCOUT,scout_20a72312,-1.2366858904545521,-3.4174048403669306,2.9999999964501116,0
7.5,SCOUT,scout_5e98d295,1.3956911771748595,-3.3073434771508845,2.9999999964501116,1
7.5,SCOUT,scout_c8e21d40,3.58990032471802,-4.580902118160679,2.9999999964501116,1
7.5,SCOUT,scout_283b8e5e,5.352579630495463,-3.9096026984153083,2.9999999964501116,1
7.5,SCOUT,scout_1bd12edb,-5.31971831407811,5.169996965993349,2.9999999964501116,2
7.5,SCOUT,scout_bf5b3d15,-3.5876710554527222,2.8520797893832013,2.9999999964501116,2
7.5,SCOUT,scout_5adbfd88,-1.2939298344109906,4.729665031168458,2.9999999964501116,2
7.5,SCOUT,scout_a3683d0e,1.4195173171795152,4.992308798854834,2.9999999964501116,3
7.5,SCOUT,scout_2e5f69a0,3.424796316506132,3.8790329181929857,2.9999999964501116,3
7.5,SCOUT,scout_d6cec7ec,5.379232957988754,2.8451231371371444,2.9999999964501116,3
7.5,WORKER,worker,-1.75,-3.75,2.0,0
7.5,WORKER,worker,-5.75,-3.7499999999999996,2.0,0
7.5,WORKER,worker,5.75,-3.75,2.0,1
7.5,WORKER,worker,1.75,-3.7499999999999996,2.0,1
7.5,WORKER,worker,-1.75,3.75,2.0,2
7.5,WORKER,worker,-5.75,3.7500000000000004,2.0,2
7.5,WORKER,worker,5.75,3.75,2.0,3
7.5,WORKER,worker,1.75,3.7500000000000004,2.0,3
7.666666666666667,GENERAL,general,0.0,0.0,4.0,-1
7.666666666666667,NODE,node_0,-3.0219488960349197,-2.783293811575693,2.999999836853183,0
7.666666666666667,NODE,node_1,2.529004357438758,-3.121147198946858,2.999999836853183,1
7.666666666666667,NODE,node_2,-4.371253763203482,2.752368230291503,2.999999836853183,2
7.666666666666667,NODE,node_3,4.852815046851518,3.181068715311885,2.999999836853183,3
7.666666666666667,SCOUT,scout_d2cf4d0a,-5.341146674760135,-5.090624023643624,2.999999997712365,0
7.666666666666667,SCOUT,scout_5c3ff6f5,-3.39099333874577,-5.149568727750341,2.999999997712365,0
7.666666666666667,SCOUT,scout_20a72312,-1.2484977670831856,-3.0646145323575276,2.999999997712365,0
7.666666666666667,SCOUT,scout_5e98d295,1.4001335710841671,-3.7087306514698177,2.999999997712365,1
7.666666666666667,SCOUT,scout_c8e21d40,3.5463635284297412,-4.188281118817346,2.999999997712365,1
7.666666666666667,SCOUT,scout_283b8e5e,5.323601363131208,-3.4749783929752627,2.999999997712365,1
7.666666666666667,SCOUT,scout_1bd12edb,-5.339078722631445,5.36066305796575,2.999999997712365,2
7.666666666666667,SCOUT,scout_bf5b3d15,-3.6374928591350124,2.5358626960181843,2.999999997712365,2
7.666666666666667,SCOUT,scout_5adbfd88,-1.2951652553128497,5.111985400252086,2.999999997712365,2
7.666666666666667,SCOUT,scout_a3683d0e,1.4163775342257106,5.033124759556685,2.999999997712365,3
7.666666666666667,SCOUT,scout_2e5f69a0,3.432384177182956,4.31266639666559,2.999999997712365,3
7.666666666666667,SCOUT,scout_d6cec7ec,5.36265599020523,3.066597028503102,2.999999997712365,3
7.666666666666667,WORKER,worker,-1.75,-3.75,2.0,0
7.666666666666667,WORKER,worker,-5.75,-3.7499999999999996,2.0,0
7.666666666666667,WORKER,worker,5.75,-3.75,2.0,1
7.666666666666667,WORKER,worker,1.75,-3.7499999999999996,2.0,1
7.666666666666667,WORKER,worker,-1.75,3.75,2.0,2
7.666666666666667,WORKER,worker,-5.75,3.7500000000000004,2.0,2
7.666666666666667,WORKER,worker,5.75,3.75,2.0,3
7.666666666666667,WORKER,worker,1.75,3.7500000000000004,2.0,3
7.833333333333333,GENERAL,general,0.0,0.0,4.0,-1
7.833333333333333,NODE,node_0,-3.069507673806264,-2.7422870195851616,2.9999998837625603,0
7.833333333333333,NODE,node_1,2.5193911997370093,-3.1198936585275288,2.9999998837625603,1
7.833333333333333,NODE,node_2,-4.33996843774226,2.720052835071834,2.9999998837625603,2
7.833333333333333,NODE,node_3,4.863890749855227,3.248981318320726,2.9999998837625603,3
7.833333333333333,SCOUT,scout_d2cf4d0a,-5.375875470537094,-5.29828753761948,2.9999999985257917,0
7.833333333333333,SCOUT,scout_5c3ff6f5,-3.432941161721539,-4.965848573223246,2.9999999985257917,0
7.833333333333333,SCOUT,scout_20a72312,-1.2601922726963695,-2.7118675872794404,2.9999999985257917,0
7.833333333333333,SCOUT,scout_5e98d295,1.4007679069012466,-4.110737702347919,2.9999999985257917,1
7.833333333333333,SCOUT,scout_c8e21d40,3.544372058116631,-3.7760802174258643,2.9999999985257917,1
7.833333333333333,SCOUT,scout_283b8e5e,5.338569461085165,-3.048408603720315,2.9999999985257917,1
7.833333333333333,SCOUT,scout_1bd12edb,-5.371243278731625,5.4183357126186475,2.9999999985257917,2
7.833333333333333,SCOUT,scout_bf5b3d15,-3.6837903561186875,2.460204353447682,2.9999999985257917,2
7.833333333333333,SCOUT,scout_5adbfd88,-1.3005906050402412,4.926442194366907,2.9999999985257917,2
7.833333333333333,SCOUT,scout_a3683d0e,1.4194451835124213,4.635968516041496,2.9999999985257917,3
7.833333333333333,SCOUT,scout_2e5f69a0,3.4947258961241294,4.738006109594022,2.9999999985257917,3
7.833333333333333,SCOUT,scout_d6cec7ec,5.280288203677045,3.328060926360874,2.9999999985257917,3
7.833333333333333,WORKER,worker,-1.75,-3.75,2.0,0
7.833333333333333,WORKER,worker,-5.75,-3.7499999999999996,2.0,0
7.833333333333333,WORKER,worker,5.75,-3.75,2.0,1
7.833333333333333,WORKER,worker,1.75,-3.7499999999999996,2.0,1
7.833333333333333,WORKER,worker,-1.75,3.75,2.0,2
7.833333333333333,WORKER,worker,-5.75,3.7500000000000004,2.0,2
7.833333333333333,WORKER,worker,5.75,3.75,2.0,3
7.833333333333333,WORKER,worker,1.75,3.7500000000000004,2.0,3
8.0,GENERAL,general,0.0,0.0,4.0,-1
8.0,NODE,node_0,-3.1182428752727134,-2.6733367992710404,2.999999917184149,0
8.0,NODE,node_1,2.513518076480316,-3.1194105453618137,2.999999917184149,1
8.0,NODE,node_2,-4.302440429309494,2.6842227086670274,2.999999917184149,2
8.0,NODE,node_3,4.878234701696534,3.311661435611332,2.999999917184149,3
8.0,SCOUT,scout_d2cf4d0a,-5.405590564252337,-5.389339271358871,2.999999999049984,0
8.0,SCOUT,scout_5c3ff6f5,-3.4920498665514232,-4.616875113192884,2.999999999049984,0
8.0,SCOUT,scout_20a72312,-1.2694619993545386,-2.3950407341581696,2.999999999049984,0
8.0,SCOUT,scout_5e98d295,1.396820759408151,-4.512579311208624,2.999999999049984,1
8.0,SCOUT,scout_c8e21d40,3.5600925982159213,-3.3582753277227813,2.999999999049984,1
8.0,SCOUT,scout_283b8e5e,5.376221614911888,-2.6358341593234993,2.999999999049984,1
8.0,SCOUT,scout_1bd12edb,-5.338384478109323,5.2491093583528485,2.999999999049984,2
8.0,SCOUT,scout_bf5b3d15,-3.717948294872532,2.768521766033625,2.999999999049984,2
8.0,SCOUT,scout_5adbfd88,-1.3077426192534167,4.5255519909058775,2.999999999049984,2
8.0,SCOUT,scout_a3683d0e,1.421199587303477,4.183617904397726,2.999999999049984,3
8.0,SCOUT,scout_2e5f69a0,3.5597466176356853,5.14819962145215,2.999999999049984,3
8.0,SCOUT,scout_d6cec7ec,5.234410324087256,3.5896459897421362,2.999999999049984,3
8.0,WORKER,worker,-1.75,-3.75,2.0,0
8.0,WORKER,worker,-5.75,-3.7499999999999996,2.0,0
8.0,WORKER,worker,5.75,-3.75,2.0,1
8.0,WORKER,worker,1.75,-3.7499999999999996,2.0,1
8.0,WORKER,worker,-1.75,3.75,2.0,2
8.0,WORKER,worker,-5.75,3.7500000000000004,2.0,2
8.0,WORKER,worker,5.75,3.75,2.0,3
8.0,WORKER,worker,1.75,3.7500000000000004,2.0,3
8.166666666666666,GENERAL,general,0.0,0.0,4.0,-1
8.166666666666666,NODE,node_0,-3.1621860398520356,-2.626215917783989,2.999999940996075,0
8.166666666666666,NODE,node_1,2.509259378592248,-3.1208102925941583,2.999999940996075,1
8.166666666666666,NODE,node_2,-4.254027181494439,2.6236246119521334,2.999999940996075,2
8.166666666666666,NODE,node_3,4.891359616780535,3.319295344975126,2.999999940996075,3
8.166666666666666,SCOUT,scout_d2cf4d0a,-5.387416435306884,-5.202022180078391,2.999999999387786,0
8.166666666666666,SCOUT,scout_5c3ff6f5,-3.5291675958564785,-4.246777561487536,2.999999999387786,0
8.166666666666666,SCOUT,scout_20a72312,-1.2786895241869065,-2.58124511727968,2.999999999387786,0
8.166666666666666,SCOUT,scout_5e98d295,1.387221689754161,-4.913999614201099,2.999999999387786,1
8.166666666666666,SCOUT,scout_c8e21d40,3.5816574684150213,-2.9398246803130585,2.999999999387786,1
8.166666666666666,SCOUT,scout_283b8e5e,5.427100563939235,-2.2452439921010043,2.999999999387786,1
8.166666666666666,SCOUT,scout_1bd12edb,-5.218807213256352,4.800296775208012,2.999999999387786,2
8.166666666666666,SCOUT,scout_bf5b3d15,-3.740868217080633,3.1464301211340824,2.999999999387786,2
8.166666666666666,SCOUT,scout_5adbfd88,-1.313785623420248,4.0961564285716,2.999999999387786,2
8.166666666666666,SCOUT,scout_a3683d0e,1.4297859372244779,3.7218136799557224,2.999999999387786,3
8.166666666666666,SCOUT,scout_2e5f69a0,3.5566642456362447,4.985586575232983,2.999999999387786,3
8.166666666666666,SCOUT,scout_d6cec7ec,5.227964970537422,3.844646162847127,2.999999999387786,3
8.166666666666666,WORKER,worker,-1.75,-3.75,2.0,0
8.166666666666666,WORKER,worker,-5.75,-3.7499999999999996,2.0,0
8.166666666666666,WORKER,worker,5.75,-3.75,2.0,1
8.166666666666666,WORKER,worker,1.75,-3.7499999999999996,2.0,1
8.166666666666666,WORKER,worker,-1.75,3.75,2.0,2
8.166666666666666,WORKER,worker,-5.75,3.7500000000000004,2.0,2
8.166666666666666,WORKER,worker,5.75,3.75,2.0,3
8.166666666666666,WORKER,worker,1.75,3.7500000000000004,2.0,3
8.333333333333334,GENERAL,general,0.0,0.0,4.0,-1
8.333333333333334,NODE,node_0,-3.202741366435365,-2.581438413673939,2.999999957961392,0
8.333333333333334,NODE,node_1,2.4998303973092186,-3.128318525538983,2.999999957961392,1
8.333333333333334,NODE,node_2,-4.2095174838724985,2.5679155995368306,2.999999957961392,2
8.333333333333334,NODE,node_3,4.901855820574091,3.3094660098128252,2.999999957961392,3
8.333333333333334,SCOUT,scout_d2cf4d0a,-5.356481712182072,-4.8693769118493755,2.9999999996054743,0
8.333333333333334,SCOUT,scout_5c3ff6f5,-3.56167621626478,-3.873169943022636,2.9999999996054743,0
8.333333333333334,SCOUT,scout_20a72312,-1.2874126039221034,-2.9530436138141347,2.9999999996054743,0
8.333333333333334,SCOUT,scout_5e98d295,1.3725312275786372,-5.080221709731785,2.9999999996054743,1
8.333333333333334,SCOUT,scout_c8e21d40,3.603905257728866,-2.522525025654554,2.9999999996054743,1
8.333333333333334,SCOUT,scout_283b8e5e,5.417564598882813,-2.1493928223507752,2.9999999996054743,1
8.333333333333334,SCOUT,scout_1bd12edb,-5.185829510902036,4.422838084052941,2.9999999996054743,2
8.333333333333334,SCOUT,scout_bf5b3d15,-3.7253125949362276,3.502743743017062,2.9999999996054743,2
8.333333333333334,SCOUT,scout_5adbfd88,-1.317932216218192,3.662193019164793,2.9999999996054743,2
8.333333333333334,SCOUT,scout_a3683d0e,1.4337315640016308,3.2588770631901185,2.9999999996054743,3
8.333333333333334,SCOUT,scout_2e5f69a0,3.509363907071008,4.670028790527152,2.9999999996054743,3
8.333333333333334,SCOUT,scout_d6cec7ec,5.250203206949169,4.098900807675083,2.9999999996054743,3
8.333333333333334,WORKER,worker,-1.75,-3.75,2.0,0
8.333333333333334,WORKER,worker,-5.75,-3.7499999999999996,2.0,0
8.333333333333334,WORKER,worker,5.75,-3.75,2.0,1
8.333333333333334,WORKER,worker,1.75,-3.7499999999999996,2.0,1
8.333333333333334,WORKER,worker,-1.75,3.75,2.0,2
8.333333333333334,WORKER,worker,-5.75,3.7500000000000004,2.0,2
8.333333333333334,WORKER,worker,5.75,3.75,2.0,3
8.333333333333334,WORKER,worker,1.75,3.7500000000000004,2.0,3
8.5,GENERAL,general,0.0,0.0,4.0,-1
8.5,NODE,node_0,-3.247439387101574,-2.548400223094326,2.9999999700486946,0
8.5,NODE,node_1,2.477397741497059,-3.1600450774660738,2.9999999700486946,1
8.5,NODE,node_2,-4.169289328649697,2.5154248354484707,2.9999999700486946,2
8.5,NODE,node_3,4.911468454120329,3.2980662832233643,2.9999999700486946,3
8.5,SCOUT,scout_d2cf4d0a,-5.366394927461368,-4.619938718738874,2.9999999997457585,0
8.5,SCOUT,scout_5c3ff6f5,-3.5928694010935582,-3.4989540131242056,2.9999999997457585,0
8.5,SCOUT,scout_20a72312,-1.2949028275659542,-3.3548048045881136,2.9999999997457585,0
8.5,SCOUT,scout_5e98d295,1.3639242772501685,-4.759696380243061,2.9999999997457585,1
8.5,SCOUT,scout_c8e21d40,3.5645955716636135,-2.4472711309182005,2.9999999997457585,1
8.5,SCOUT,scout_283b8e5e,5.3320521922153485,-2.498495587536142,2.9999999997457585,1
8.5,SCOUT,scout_1bd12edb,-5.23941474452365,4.080083378681216,2.9999999997457585,2
8.5,SCOUT,scout_bf5b3d15,-3.6697503127426376,3.8501793609812562,2.9999999997457585,2
8.5,SCOUT,scout_5adbfd88,-1.319698257521228,3.227546615510262,2.9999999997457585,2
8.5,SCOUT,scout_a3683d0e,1.429434991479581,2.796401744072048,2.9999999997457585,3
8.5,SCOUT,scout_2e5f69a0,3.4503016039241143,4.328139960552984,2.9999999997457585,3
8.5,SCOUT,scout_d6cec7ec,5.284864452011564,4.364441998923004,2.9999999997457585,3
8.5,WORKER,worker,-1.75,-3.75,2.0,0
8.5,WORKER,worker,-5.75,-3.7499999999999996,2.0,0
8.5,WORKER,worker,5.75,-3.75,2.0,1
8.5,WORKER,worker,1.75,-3.7499999999999996,2.0,1
8.5,WORKER,worker,-1.75,3.75,2.0,2
8.5,WORKER,worker,-5.75,3.7500000000000004,2.0,2
8.5,WORKER,worker,5.75,3.75,2.0,3
8.5,WORKER,worker,1.75,3.7500000000000004,2.0,3
8.666666666666666,GENERAL,general,0.0,0.0,4.0,-1
8.666666666666666,NODE,node_0,-3.289605860410932,-2.517306614340368,2.9999999786605516,0
8.666666666666666,NODE,node_1,2.4572427578261893,-3.233448742307799,2.9999999786605516,1
8.666666666666666,NODE,node_2,-4.128405087480142,2.4638978025922498,2.9999999786605516,2
8.666666666666666,NODE,node_3,4.919889142294395,3.2882113327492726,2.9999999786605516,3
8.666666666666666,SCOUT,scout_d2cf4d0a,-5.343020758702957,-4.376085306669681,2.9999999998361604,0
8.666666666666666,SCOUT,scout_5c3ff6f5,-3.6232641305225832,-3.1245985264531297,2.9999999998361604,0
8.666666666666666,SCOUT,scout_20a72312,-1.30083350731988,-3.7613858341648774,2.9999999998361604,0
8.666666666666666,SCOUT,scout_5e98d295,1.3706388414801454,-4.367557813089157,2.9999999998361604,1
8.666666666666666,SCOUT,scout_c8e21d40,3.494173550180604,-2.755256045494577,2.9999999998361604,1
8.666666666666666,SCOUT,scout_283b8e5e,5.291606124275082,-2.9379215948905184,2.9999999998361604,1
8.666666666666666,SCOUT,scout_1bd12edb,-5.299268206565316,3.710129499073586,2.9999999998361604,2
8.666666666666666,SCOUT,scout_bf5b3d15,-3.6024072068907955,4.227163408139922,2.9999999998361604,2
8.666666666666666,SCOUT,scout_5adbfd88,-1.3185049300021463,2.792875230563178,2.9999999998361604,2
8.666666666666666,SCOUT,scout_a3683d0e,1.4142879073553862,2.3783474073899553,2.9999999998361604,3
8.666666666666666,SCOUT,scout_2e5f69a0,3.3974737360506686,3.9625886948473816,2.9999999998361604,3
8.666666666666666,SCOUT,scout_d6cec7ec,5.314229341450047,4.649068443342456,2.9999999998361604,3
8.666666666666666,WORKER,worker,-1.75,-3.75,2.0,0
8.666666666666666,WORKER,worker,-5.75,-3.7499999999999996,2.0,0
8.666666666666666,WORKER,worker,5.75,-3.75,2.0,1
8.666666666666666,WORKER,worker,1.75,-3.7499999999999996,2.0,1
8.666666666666666,WORKER,worker,-1.75,3.75,2.0,2
8.666666666666666,WORKER,worker,-5.75,3.7500000000000004,2.0,2
8.666666666666666,WORKER,worker,5.75,3.75,2.0,3
8.666666666666666,WORKER,worker,1.75,3.7500000000000004,2.0,3
8.833333333333334,GENERAL,general,0.0,0.0,4.0,-1
8.833333333333334,NODE,node_0,-3.3255165165117493,-2.4828663655709677,2.9999999847962537,0
8.833333333333334,NODE,node_1,2.4416466232411955,-3.313688752942597,2.9999999847962537,1
8.833333333333334,NODE,node_2,-4.085628310118573,2.414737261626173,2.9999999847962537,2
8.833333333333334,NODE,node_3,4.929081392357756,3.3345812167046094,2.9999999847962537,3
8.833333333333334,SCOUT,scout_d2cf4d0a,-5.265003420375384,-4.094935261688436,2.9999999998944182,0
8.833333333333334,SCOUT,scout_5c3ff6f5,-3.652834820542132,-2.750173027916366,2.9999999998944182,0
8.833333333333334,SCOUT,scout_20a72312,-1.3048984031331905,-4.168714808043514,2.9999999998944182,0
8.833333333333334,SCOUT,scout_5e98d295,1.3786440909955373,-3.9641582842722207,2.9999999998944182,1
8.833333333333334,SCOUT,scout_c8e21d40,3.4288986685900262,-3.122326431626143,2.9999999998944182,1
8.833333333333334,SCOUT,scout_283b8e5e,5.2908371717935365,-3.393049200218528,2.9999999998944182,1
8.833333333333334,SCOUT,scout_1bd12edb,-5.323313634869089,3.304428213942324,2.9999999998944182,2
8.833333333333334,SCOUT,scout_bf5b3d15,-3.5586137251386942,4.639890846468353,2.9999999998944182,2
8.833333333333334,SCOUT,scout_5adbfd88,-1.3135696572447695,2.3976491538523605,2.9999999998944182,2
8.833333333333334,SCOUT,scout_a3683d0e,1.3969502270025382,2.5679442350516797,2.9999999998944182,3
8.833333333333334,SCOUT,scout_2e5f69a0,3.3711289954551393,3.5811754509973905,2.9999999998944182,3
8.833333333333334,SCOUT,scout_d6cec7ec,5.331322297768129,4.946352332188269,2.9999999998944182,3
8.833333333333334,WORKER,worker,-1.75,-3.75,2.0,0
8.833333333333334,WORKER,worker,-5.75,-3.7499999999999996,2.0,0
8.833333333333334,WORKER,worker,5.75,-3.75,2.0,1
8.833333333333334,WORKER,worker,1.75,-3.7499999999999996,2.0,1
8.833333333333334,WORKER,worker,-1.75,3.75,2.0,2
8.833333333333334,WORKER,worker,-5.75,3.7500000000000004,2.0,2
8.833333333333334,WORKER,worker,5.75,3.75,2.0,3
8.833333333333334,WORKER,worker,1.75,3.7500000000000004,2.0,3
9.0,GENERAL,general,0.0,0.0,4.0,-1
9.0,NODE,node_0,-3.364705635271177,-2.448745228001074,2.999999989167766,0
9.0,NODE,node_1,2.430937600094656,-3.3949510192909953,2.999999989167766,1
9.0,NODE,node_2,-4.042701659399276,2.4188448591025775,2.999999989167766,2
9.0,NODE,node_3,4.946015342226645,3.4043398648440166,2.999999989167766,3
9.0,SCOUT,scout_d2cf4d0a,-5.2267650588469525,-3.814423562671693,2.99999999993196,0
9.0,SCOUT,scout_5c3ff6f5,-3.6811362522807065,-2.387529463328286,2.99999999993196,0
9.0,SCOUT,scout_20a72312,-1.3066960822234985,-4.576116275081159,2.99999999993196,0
9.0,SCOUT,scout_5e98d295,1.3838349780408359,-3.5590753044585774,2.99999999993196,1
9.0,SCOUT,scout_c8e21d40,3.403148444199717,-3.4998180298860233,2.99999999993196,1
9.0,SCOUT,scout_283b8e5e,5.3081142500095675,-3.848452207360085,2.99999999993196,1
9.0,SCOUT,scout_1bd12edb,-5.289564790260953,2.9197193536836004,2.99999999993196,2
9.0,SCOUT,scout_bf5b3d15,-3.57502173695844,5.05058465181609,2.99999999993196,2
9.0,SCOUT,scout_5adbfd88,-1.3075773538039601,2.5533641840865404,2.99999999993196,2
9.0,SCOUT,scout_a3683d0e,1.3968094278240433,2.9825056331617734,2.99999999993196,3
9.0,SCOUT,scout_2e5f69a0,3.4373906653851938,3.2281680670405826,2.99999999993196,3
9.0,SCOUT,scout_d6cec7ec,5.319231397100109,5.197262865503868,2.99999999993196,3
9.0,WORKER,worker,-1.75,-3.75,2.0,0
9.0,WORKER,worker,-5.75,-3.7499999999999996,2.0,0
9.0,WORKER,worker,5.75,-3.75,2.0,1
9.0,WORKER,worker,1.75,-3.7499999999999996,2.0,1
9.0,WORKER,worker,-1.75,3.75,2.0,2
9.0,WORKER,worker,-5.75,3.7500000000000004,2.0,2
9.0,WORKER,worker,5.75,3.75,2.0,3
9.0,WORKER,worker,1.75,3.7500000000000004,2.0,3
9.166666666666666,GENERAL,general,0.0,0.0,4.0,-1
9.166666666666666,NODE,node_0,-3.3910036444031673,-2.4972342704191233,2.999999992282343,0
9.166666666666666,NODE,node_1,2.4670247690852043,-3.4608253131978355,2.999999992282343,1
9.166666666666666,NODE,node_2,-4.02067305854442,2.453901655753359,2.999999992282343,2
9.166666666666666,NODE,node_3,4.923365384572672,3.4506001842576697,2.999999992282343,3
9.166666666666666,SCOUT,scout_d2cf4d0a,-5.226064390212801,-3.5403204610556465,2.999999999956153,0
9.166666666666666,SCOUT,scout_5c3ff6f5,-3.692587025881446,-2.4711766822651597,2.999999999956153,0
9.166666666666666,SCOUT,scout_20a72312,-1.3056261448082793,-4.983450140216271,2.999999999956153,0
9.166666666666666,SCOUT,scout_5e98d295,1.3848943488442544,-3.1539215180468188,2.999999999956153,1
9.166666666666666,SCOUT,scout_c8e21d40,3.4290721104436126,-3.883607011216779,2.999999999956153,1
9.166666666666666,SCOUT,scout_283b8e5e,5.3343511506912265,-4.299258864480699,2.999999999956153,1
9.166666666666666,SCOUT,scout_1bd12edb,-5.276259416910957,2.5631515728365937,2.999999999956153,2
9.166666666666666,SCOUT,scout_bf5b3d15,-3.616307173005691,5.0503276036347495,2.999999999956153,2
9.166666666666666,SCOUT,scout_5adbfd88,-1.3090325831070169,2.9125703778356646,2.999999999956153,2
9.166666666666666,SCOUT,scout_a3683d0e,1.3875329552369042,3.4316458248458908,2.999999999956153,3
9.166666666666666,SCOUT,scout_2e5f69a0,3.5371594320743283,2.8703914530144172,2.999999999956153,3
9.166666666666666,SCOUT,scout_d6cec7ec,5.3150667961594085,5.316252274444648,2.999999999956153,3
9.166666666666666,WORKER,worker,-1.75,-3.75,2.0,0
9.166666666666666,WORKER,worker,-5.75,-3.7499999999999996,2.0,0
9.166666666666666,WORKER,worker,5.75,-3.75,2.0,1
9.166666666666666,WORKER,worker,1.75,-3.7499999999999996,2.0,1
9.166666666666666,WORKER,worker,-1.75,3.75,2.0,2
9.166666666666666,WORKER,worker,-5.75,3.7500000000000004,2.0,2
9.166666666666666,WORKER,worker,5.75,3.75,2.0,3
9.166666666666666,WORKER,worker,1.75,3.7500000000000004,2.0,3
9.333333333333334,GENERAL,general,0.0,0.0,4.0,-1
9.333333333333334,NODE,node_0,-3.413462890503288,-2.540227999407814,2.9999999945013904,0
9.333333333333334,NODE,node_1,2.5081939021560027,-3.5244875178251864,2.9999999945013904,1
9.333333333333334,NODE,node_2,-4.0031293668747026,2.467133969080857,2.9999999945013904,2
9.333333333333334,NODE,node_3,4.898596001305068,3.486101867600372,2.9999999945013904,3
9.333333333333334,SCOUT,scout_d2cf4d0a,-5.251997955378923,-3.267913817595001,2.9999999999717435,0
9.333333333333334,SCOUT,scout_5c3ff6f5,-3.649397435756561,-2.7336804050436103,2.9999999999717435,0
9.333333333333334,SCOUT,scout_20a72312,-1.3022464331703145,-5.046866075653349,2.9999999999717435,0
9.333333333333334,SCOUT,scout_5e98d295,1.3807760547790455,-2.7490583128601465,2.9999999999717435,1
9.333333333333334,SCOUT,scout_c8e21d40,3.4672821913910603,-4.268124793167674,2.9999999999717435,1
9.333333333333334,SCOUT,scout_283b8e5e,5.36930824068892,-4.740928587916781,2.9999999999717435,1
9.333333333333334,SCOUT,scout_1bd12edb,-5.302738417741504,2.2334913612859344,2.9999999999717435,2
9.333333333333334,SCOUT,scout_bf5b3d15,-3.6478631349207964,4.762897770797504,2.9999999999717435,2
9.333333333333334,SCOUT,scout_5adbfd88,-1.3141577605087187,3.3047295469183133,2.9999999999717435,2
9.333333333333334,SCOUT,scout_a3683d0e,1.3977427515668945,3.88938432773476,2.9999999999717435,3
9.333333333333334,SCOUT,scout_2e5f69a0,3.6098607267371308,2.5006406644524253,2.9999999999717435,3
9.333333333333334,SCOUT,scout_d6cec7ec,5.324362123599671,5.34420021738156,2.9999999999717435,3
9.333333333333334,WORKER,worker,-1.75,-3.75,2.0,0
9.333333333333334,WORKER,worker,-5.75,-3.7499999999999996,2.0,0
9.333333333333334,WORKER,worker,5.75,-3.75,2.0,1
9.333333333333334,WORKER,worker,1.75,-3.7499999999999996,2.0,1
9.333333333333334,WORKER,worker,-1.75,3.75,2.0,2
9.333333333333334,WORKER,worker,-5.75,3.7500000000000004,2.0,2
9.333333333333334,WORKER,worker,5.75,3.75,2.0,3
9.333333333333334,WORKER,worker,1.75,3.7500000000000004,2.0,3
9.5,GENERAL,general,0.0,0.0,4.0,-1
9.5,NODE,node_0,-3.4347644909611135,-2.547961769274285,2.999999996082398,0
9.5,NODE,node_1,2.550208917893668,-3.5879700320516266,2.999999996082398,1
9.5,NODE,node_2,-3.9869471736410578,2.4848821076118357,2.999999996082398,2
9.5,NODE,node_3,4.869291877576668,3.5457795344165737,2.999999996082398,3
9.5,SCOUT,scout_d2cf4d0a,-5.290213478952722,-2.9846231665988214,2.9999999999817906,0
9.5,SCOUT,scout_5c3ff6f5,-3.582109941234633,-3.0376901083684555,2.9999999999817906,0
9.5,SCOUT,scout_20a72312,-1.3013797184985407,-4.74458482656126,2.9999999999817906,0
9.5,SCOUT,scout_5e98d295,1.3714248222482694,-2.3827967567932564,2.9999999999817906,1
9.5,SCOUT,scout_c8e21d40,3.5098468074333575,-4.6524282339282585,2.9999999999817906,1
9.5,SCOUT,scout_283b8e5e,5.415665913046232,-5.161456340597456,2.9999999999817906,1
9.5,SCOUT,scout_1bd12edb,-5.341506377354146,1.9924907745606046,2.9999999999817906,2
9.5,SCOUT,scout_bf5b3d15,-3.6760085259186033,4.451187936212752,2.9999999999817906,2
9.5,SCOUT,scout_5adbfd88,-1.3184077028506032,3.7021805721015415,2.9999999999817906,2
9.5,SCOUT,scout_a3683d0e,1.4058106545943176,4.348204600934229,2.9999999999817906,3
9.5,SCOUT,scout_2e5f69a0,3.6403105883112725,2.462337199939003,2.9999999999817906,3
9.5,SCOUT,scout_d6cec7ec,5.332698040899053,5.341674213213828,2.9999999999817906,3
9.5,WORKER,worker,-1.75,-3.75,2.0,0
9.5,WORKER,worker,-5.75,-3.7499999999999996,2.0,0
9.5,WORKER,worker,5.75,-3.75,2.0,1
9.5,WORKER,worker,1.75,-3.7499999999999996,2.0,1
9.5,WORKER,worker,-1.75,3.75,2.0,2
9.5,WORKER,worker,-5.75,3.7500000000000004,2.0,2
9.5,WORKER,worker,5.75,3.75,2.0,3
9.5,WORKER,worker,1.75,3.7500000000000004,2.0,3
9.666666666666666,GENERAL,general,0.0,0.0,4.0,-1
9.666666666666666,NODE,node_0,-3.4564641737324435,-2.5524288797254817,2.9999999972088207,0
9.666666666666666,NODE,node_1,2.5949319438035734,-3.6843888181556648,2.9999999972088207,1
9.666666666666666,NODE,node_2,-3.9635595226210665,2.5439072950608264,2.9999999972088207,2
9.666666666666666,NODE,node_3,4.836500076917473,3.64439729227204,2.9999999972088207,3
9.666666666666666,SCOUT,scout_d2cf4d0a,-5.322799661650775,-2.6824285277758877,2.9999999999882654,0
9.666666666666666,SCOUT,scout_5c3ff6f5,-3.5178196350922204,-3.374144675242238,2.9999999999882654,0
9.666666666666666,SCOUT,scout_20a72312,-1.3060492112019646,-4.399990657326758,2.9999999999882654,0
9.666666666666666,SCOUT,scout_5e98d295,1.375952990972694,-2.550558169862072,2.9999999999882654,1
9.666666666666666,SCOUT,scout_c8e21d40,3.555734898652584,-5.036309380821287,2.9999999999882654,1
9.666666666666666,SCOUT,scout_283b8e5e,5.465034380396372,-5.375232803442733,2.9999999999882654,1
9.666666666666666,SCOUT,scout_1bd12edb,-5.31028277647474,2.1871393455672283,2.9999999999882654,2
9.666666666666666,SCOUT,scout_bf5b3d15,-3.7018123997520433,4.13556485833626,2.9999999999882654,2
9.666666666666666,SCOUT,scout_5adbfd88,-1.3207006675758333,4.100440395141525,2.9999999999882654,2
9.666666666666666,SCOUT,scout_a3683d0e,1.4057505084746964,4.806604875212335,2.9999999999882654,3
9.666666666666666,SCOUT,scout_2e5f69a0,3.6518463615028116,2.8080585150782422,2.9999999999882654,3
9.666666666666666,SCOUT,scout_d6cec7ec,5.3357161736333945,5.336451098608002,2.9999999999882654,3
9.666666666666666,WORKER,worker,-1.75,-3.75,2.0,0
9.666666666666666,WORKER,worker,-5.75,-3.7499999999999996,2.0,0
9.666666666666666,WORKER,worker,5.75,-3.75,2.0,1
9.666666666666666,WORKER,worker,1.75,-3.7499999999999996,2.0,1
9.666666666666666,WORKER,worker,-1.75,3.75,2.0,2
9.666666666666666,WORKER,worker,-5.75,3.7500000000000004,2.0,2
9.666666666666666,WORKER,worker,5.75,3.75,2.0,3
9.666666666666666,WORKER,worker,1.75,3.7500000000000004,2.0,3
9.833333333333334,GENERAL,general,0.0,0.0,4.0,-1
9.833333333333334,NODE,node_0,-3.481446819989634,-2.5562247631067683,2.999999998011365,0
9.833333333333334,NODE,node_1,2.6323675038761905,-3.707732661187905,2.999999998011365,1
9.833333333333334,NODE,node_2,-3.9395738491775294,2.6166146453209604,2.999999998011365,2
9.833333333333334,NODE,node_3,4.800818788184988,3.7398011233358197,2.999999998011365,3
9.833333333333334,SCOUT,scout_d2cf4d0a,-5.343356032354631,-2.370350961854568,2.999999999992438,0
9.833333333333334,SCOUT,scout_5c3ff6f5,-3.509138143081055,-3.7178036234643628,2.999999999992438,0
9.833333333333334,SCOUT,scout_20a72312,-1.3108380267934885,-4.048620366104737,2.999999999992438,0
9.833333333333334,SCOUT,scout_5e98d295,1.3852688774930328,-2.9152505485421725,2.999999999992438,1
9.833333333333334,SCOUT,scout_c8e21d40,3.5781833926982247,-4.989371007175765,2.999999999992438,1
9.833333333333334,SCOUT,scout_283b8e5e,5.453944945099796,-5.005428072095057,2.999999999992438,1
9.833333333333334,SCOUT,scout_1bd12edb,-5.293176145838662,2.4991668427325617,2.999999999992438,2
9.833333333333334,SCOUT,scout_bf5b3d15,-3.71452483245278,3.8298555606992872,2.999999999992438,2
9.833333333333334,SCOUT,scout_5adbfd88,-1.3205031275934034,4.498763406159405,2.999999999992438,2
9.833333333333334,SCOUT,scout_a3683d0e,1.3998931803932746,5.1227503028866375,2.999999999992438,3
9.833333333333334,SCOUT,scout_2e5f69a0,3.6481195339607972,3.219056391721444,2.999999999992438,3
9.833333333333334,SCOUT,scout_d6cec7ec,5.335631090061442,5.334160521842988,2.999999999992438,3
9.833333333333334,WORKER,worker,-1.75,-3.75,2.0,0
9.833333333333334,WORKER,worker,-5.75,-3.7499999999999996,2.0,0
9.833333333333334,WORKER,worker,5.75,-3.75,2.0,1
9.833333333333334,WORKER,worker,1.75,-3.7499999999999996,2.0,1
9.833333333333334,WORKER,worker,-1.75,3.75,2.0,2
9.833333333333334,WORKER,worker,-5.75,3.7500000000000004,2.0,2
9.833333333333334,WORKER,worker,5.75,3.75,2.0,3
9.833333333333334,WORKER,worker,1.75,3.7500000000000004,2.0,3
10.0,GENERAL,general,0.0,0.0,4.0,-1
10.0,NODE,node_0,-3.508599419176929,-2.5616781661295893,2.9999999985831542,0
10.0,NODE,node_1,2.6658223053783767,-3.6966813652437898,2.9999999985831542,1
10.0,NODE,node_2,-3.918543464952601,2.689099403998307,2.9999999985831542,2
10.0,NODE,node_3,4.766379091982326,3.7744404957971933,2.9999999985831542,3
10.0,SCOUT,scout_d2cf4d0a,-5.341057623578918,-2.0878832995942536,2.999999999995127,0
10.0,SCOUT,scout_5c3ff6f5,-3.540547766792102,-4.054178177165366,2.999999999995127,0
10.0,SCOUT,scout_20a72312,-1.3143634912965803,-3.6961819692227076,2.999999999995127,0
10.0,SCOUT,scout_5e98d295,1.3930967011774593,-3.3116608221810893,2.999999999995127,1
10.0,SCOUT,scout_c8e21d40,3.54401532862394,-4.619598645007329,2.999999999995127,1
10.0,SCOUT,scout_283b8e5e,5.466507457835906,-4.625539632609942,2.999999999995127,1
10.0,SCOUT,scout_1bd12edb,-5.357758434153623,2.7747642207508263,2.999999999995127,2
10.0,SCOUT,scout_bf5b3d15,-3.683671628007343,3.5548349465572424,2.999999999995127,2
10.0,SCOUT,scout_5adbfd88,-1.3172308550962746,4.896994940747206,2.999999999995127,2
10.0,SCOUT,scout_a3683d0e,1.4127967339121859,4.805977112466174,2.999999999995127,3
10.0,SCOUT,scout_2e5f69a0,3.643179211441008,3.6405685728103294,2.999999999995127,3
10.0,SCOUT,scout_d6cec7ec,5.334897332550343,5.33369757854713,2.999999999995127,3
10.0,WORKER,worker,-1.75,-3.75,2.0,0
10.0,WORKER,worker,-5.75,-3.7499999999999996,2.0,0
10.0,WORKER,worker,5.75,-3.75,2.0,1
10.0,WORKER,worker,1.75,-3.7499999999999996,2.0,1
10.0,WORKER,worker,-1.75,3.75,2.0,2
10.0,WORKER,worker,-5.75,3.7500000000000004,2.0,2
10.0,WORKER,worker,5.75,3.75,2.0,3
10.0,WORKER,worker,1.75,3.7500000000000004,2.0,3
10.166666666666666,GENERAL,general,0.0,0.0,4.0,-1
10.166666666666666,NODE,node_0,-3.5310434823820516,-2.586863927409998,2.9999999989905377,0
10.166666666666666,NODE,node_1,2.6953103975342914,-3.682052682111141,2.9999999989905377,1
10.166666666666666,NODE,node_2,-3.8955210346519986,2.7418383877671255,2.9999999989905377,2
10.166666666666666,NODE,node_3,4.733255336920245,3.7958578826673786,2.9999999989905377,3
10.166666666666666,SCOUT,scout_d2cf4d0a,-5.281968615077317,-2.041077934776239,2.99999999999686,0
10.166666666666666,SCOUT,scout_5c3ff6f5,-3.5784523942747937,-4.389374774392559,2.99999999999686,0
10.166666666666666,SCOUT,scout_20a72312,-1.3161954100754043,-3.343608066963944,2.99999999999686,0
10.166666666666666,SCOUT,scout_5e98d295,1.3978678632617547,-3.713063785219991,2.99999999999686,1
10.166666666666666,SCOUT,scout_c8e21d40,3.5332712973040117,-4.208096571668093,2.99999999999686,1
10.166666666666666,SCOUT,scout_283b8e5e,5.407657424252861,-4.23680556229967,2.99999999999686,1
10.166666666666666,SCOUT,scout_1bd12edb,-5.412690739557308,3.050454045269591,2.99999999999686,2
10.166666666666666,SCOUT,scout_bf5b3d15,-3.633644173409637,3.2737515585792156,2.99999999999686,2
10.166666666666666,SCOUT,scout_5adbfd88,-1.3144427877489184,5.0571645499527715,2.99999999999686,2
10.166666666666666,SCOUT,scout_a3683d0e,1.4282104188747438,4.36429733690065,2.99999999999686,3
10.166666666666666,SCOUT,scout_2e5f69a0,3.633425655108139,4.051812127047479,2.99999999999686,3
10.166666666666666,SCOUT,scout_d6cec7ec,5.354173315776185,5.351129829930094,2.99999999999686,3
10.166666666666666,WORKER,worker,-1.75,-3.75,2.0,0
10.166666666666666,WORKER,worker,-5.75,-3.7499999999999996,2.0,0
10.166666666666666,WORKER,worker,5.75,-3.75,2.0,1
10.166666666666666,WORKER,worker,1.75,-3.7499999999999996,2.0,1
10.166666666666666,WORKER,worker,-1.75,3.75,2.0,2
10.166666666666666,WORKER,worker,-5.75,3.7500000000000004,2.0,2
10.166666666666666,WORKER,worker,5.75,3.75,2.0,3
10.166666666666666,WORKER,worker,1.75,3.7500000000000004,2.0,3
10.333333333333334,GENERAL,general,0.0,0.0,4.0,-1
10.333333333333334,NODE,node_0,-3.547822851201709,-2.6446841578950333,2.999999999280787,0
10.333333333333334,NODE,node_1,2.719329589357615,-3.6648337248688434,2.999999999280787,1
10.333333333333334,NODE,node_2,-3.8622894532237817,2.7497418269230347,2.999999999280787,2
10.333333333333334,NODE,node_3,4.7031009370184025,3.814062891686996,2.999999999280787,3
10.333333333333334,SCOUT,scout_d2cf4d0a,-5.17282063024333,-2.3154015358670943,2.9999999999979767,0
10.333333333333334,SCOUT,scout_5c3ff6f5,-3.6164235299329883,-4.724472408705637,2.9999999999979767,0
10.333333333333334,SCOUT,scout_20a72312,-1.3160191430313377,-2.991064205878789,2.9999999999979767,0
10.333333333333334,SCOUT,scout_5e98d295,1.3988212778067655,-4.115089419570774,2.9999999999979767,1
10.333333333333334,SCOUT,scout_c8e21d40,3.486902771810984,-3.7893062469388794,2.9999999999979767,1
10.333333333333334,SCOUT,scout_283b8e5e,5.342487105353543,-3.8296260196294534,2.9999999999979767,1
10.333333333333334,SCOUT,scout_1bd12edb,-5.3598388715744285,3.406317784254303,2.9999999999979767,2
10.333333333333334,SCOUT,scout_bf5b3d15,-3.5821241641070354,2.969024997126096,2.9999999999979767,2
10.333333333333334,SCOUT,scout_5adbfd88,-1.3188548377576816,4.718123926397824,2.9999999999979767,2
10.333333333333334,SCOUT,scout_a3683d0e,1.4394842861409218,3.9041881613299974,2.9999999999979767,3
10.333333333333334,SCOUT,scout_2e5f69a0,3.6366036803707376,4.440117282992011,2.9999999999979767,3
10.333333333333334,SCOUT,scout_d6cec7ec,5.3909018011745955,5.377151585718205,2.9999999999979767,3
10.333333333333334,WORKER,worker,-1.75,-3.75,2.0,0
10.333333333333334,WORKER,worker,-5.75,-3.7499999999999996,2.0,0
10.333333333333334,WORKER,worker,5.75,-3.75,2.0,1
10.333333333333334,WORKER,worker,1.75,-3.7499999999999996,2.0,1
10.333333333333334,WORKER,worker,-1.75,3.75,2.0,2
10.333333333333334,WORKER,worker,-5.75,3.7500000000000004,2.0,2
10.333333333333334,WORKER,worker,5.75,3.75,2.0,3
10.333333333333334,WORKER,worker,1.75,3.7500000000000004,2.0,3
10.5,GENERAL,general,0.0,0.0,4.0,-1
10.5,NODE,node_0,-3.5694711770518577,-2.7084282714161305,2.999999999487581,0
10.5,NODE,node_1,2.74726054625641,-3.648129981390775,2.999999999487581,1
10.5,NODE,node_2,-3.8314958397751866,2.7504209378804068,2.999999999487581,2
10.5,NODE,node_3,4.669749799819811,3.8311992155107455,2.999999999487581,3
10.5,SCOUT,scout_d2cf4d0a,-5.119164504119923,-2.6446026026348117,2.9999999999986957,0
10.5,SCOUT,scout_5c3ff6f5,-3.6529813860438676,-5.059390062749289,2.9999999999986957,0
10.5,SCOUT,scout_20a72312,-1.3134465691719954,-2.6385997319913734,2.9999999999986957,0
10.5,SCOUT,scout_5e98d295,1.3951823555734715,-4.516952520111175,2.9999999999986957,1
10.5,SCOUT,scout_c8e21d40,3.4376639487960814,-3.369821313974827,2.9999999999986957,1
10.5,SCOUT,scout_283b8e5e,5.329955281166078,-3.4272659932595757,2.9999999999986957,1
10.5,SCOUT,scout_1bd12edb,-5.317147558711376,3.8040891664342267,2.9999999999986957,2
10.5,SCOUT,scout_bf5b3d15,-3.548556647361482,2.6353057386581833,2.9999999999986957,2
10.5,SCOUT,scout_5adbfd88,-1.3236961916241619,4.298634621411894,2.9999999999986957,2
10.5,SCOUT,scout_a3683d0e,1.444463584071659,3.4414795779006244,2.9999999999986957,3
10.5,SCOUT,scout_2e5f69a0,3.616462857737644,4.835927451068117,2.9999999999986957,3
10.5,SCOUT,scout_d6cec7ec,5.416313042002942,5.377485965362283,2.9999999999986957,3
10.5,WORKER,worker,-1.75,-3.75,2.0,0
10.5,WORKER,worker,-5.75,-3.7499999999999996,2.0,0
10.5,WORKER,worker,5.75,-3.75,2.0,1
10.5,WORKER,worker,1.75,-3.7499999999999996,2.0,1
10.5,WORKER,worker,-1.75,3.75,2.0,2
10.5,WORKER,worker,-5.75,3.7500000000000004,2.0,2
10.5,WORKER,worker,5.75,3.75,2.0,3
10.5,WORKER,worker,1.75,3.7500000000000004,2.0,3
10.666666666666666,GENERAL,general,0.0,0.0,4.0,-1
10.666666666666666,NODE,node_0,-3.595052084656337,-2.742501969265847,2.9999999996349165,0
10.666666666666666,NODE,node_1,2.7817703679083916,-3.6328822759188655,2.9999999996349165,1
10.666666666666666,NODE,node_2,-3.8050038459560325,2.7554947805683083,2.9999999996349165,2
10.666666666666666,NODE,node_3,4.623186765081825,3.8090542640784433,2.9999999996349165,3
10.666666666666666,SCOUT,scout_d2cf4d0a,-5.110822718583357,-2.9796790992717255,2.99999999999916,0
10.666666666666666,SCOUT,scout_5c3ff6f5,-3.6845417928009905,-4.954797627046244,2.99999999999916,0
10.666666666666666,SCOUT,scout_20a72312,-1.3098833374479713,-2.3934779193586135,2.99999999999916,0
10.666666666666666,SCOUT,scout_5e98d295,1.3858756369274143,-4.918397297086683,2.99999999999916,1
10.666666666666666,SCOUT,scout_c8e21d40,3.435940378781268,-2.9527004160352215,2.99999999999916,1
10.666666666666666,SCOUT,scout_283b8e5e,5.350859262263261,-3.0349626295398204,2.99999999999916,1
10.666666666666666,SCOUT,scout_1bd12edb,-5.268278406079868,4.193010940959774,2.99999999999916,2
10.666666666666666,SCOUT,scout_bf5b3d15,-3.562589011659164,2.3941841514895223,2.99999999999916,2
10.666666666666666,SCOUT,scout_5adbfd88,-1.3270560775819247,3.8662852824126066,2.99999999999916,2
10.666666666666666,SCOUT,scout_a3683d0e,1.4415158368736931,2.978928152186048,2.99999999999916,3
10.666666666666666,SCOUT,scout_2e5f69a0,3.566773259401424,5.117799662308743,2.99999999999916,3
10.666666666666666,SCOUT,scout_d6cec7ec,5.339837524542553,5.035429491601194,2.99999999999916,3
10.666666666666666,WORKER,worker,-1.75,-3.75,2.0,0
10.666666666666666,WORKER,worker,-5.75,-3.7499999999999996,2.0,0
10.666666666666666,WORKER,worker,5.75,-3.75,2.0,1
10.666666666666666,WORKER,worker,1.75,-3.7499999999999996,2.0,1
10.666666666666666,WORKER,worker,-1.75,3.75,2.0,2
10.666666666666666,WORKER,worker,-5.75,3.7500000000000004,2.0,2
10.666666666666666,WORKER,worker,5.75,3.75,2.0,3
10.666666666666666,WORKER,worker,1.75,3.7500000000000004,2.0,3
10.833333333333334,GENERAL,general,0.0,0.0,4.0,-1
10.833333333333334,NODE,node_0,-3.6234486796226406,-2.797582083007024,2.999999999739888,0
10.833333333333334,NODE,node_1,2.8223686478098626,-3.60119566497689,2.999999999739888,1
10.833333333333334,NODE,node_2,-3.784149349249317,2.8042634029065456,2.999999999739888,2
10.833333333333334,NODE,node_3,4.5741011611715185,3.73039651001617,2.999999999739888,3
10.833333333333334,SCOUT,scout_d2cf4d0a,-5.136113560876996,-3.2957185244532567,2.999999999999458,0
10.833333333333334,SCOUT,scout_5c3ff6f5,-3.7040286166693557,-4.617511162081324,2.999999999999458,0
10.833333333333334,SCOUT,scout_20a72312,-1.3133191961790083,-2.647361429125372,2.999999999999458,0
10.833333333333334,SCOUT,scout_5e98d295,1.3715095839124314,-5.0836774681142645,2.999999999999458,1
10.833333333333334,SCOUT,scout_c8e21d40,3.48582633170858,-2.538722825413222,2.999999999999458,1
10.833333333333334,SCOUT,scout_283b8e5e,5.3874157094704955,-2.656468545996072,2.999999999999458,1
10.833333333333334,SCOUT,scout_1bd12edb,-5.241697038041048,4.553905172194642,2.999999999999458,2
10.833333333333334,SCOUT,scout_bf5b3d15,-3.6169642212789004,2.6353999712836536,2.999999999999458,2
10.833333333333334,SCOUT,scout_5adbfd88,-1.3282776545431454,3.431911801420243,2.999999999999458,2
10.833333333333334,SCOUT,scout_a3683d0e,1.4284515334768093,2.51732504922629,2.999999999999458,3
10.833333333333334,SCOUT,scout_2e5f69a0,3.497248951185509,4.870431034168721,2.999999999999458,3
10.833333333333334,SCOUT,scout_d6cec7ec,5.269395092162476,4.657090292348291,2.999999999999458,3
10.833333333333334,WORKER,worker,-1.75,-3.75,2.0,0
10.833333333333334,WORKER,worker,-5.75,-3.7499999999999996,2.0,0
10.833333333333334,WORKER,worker,5.75,-3.75,2.0,1
10.833333333333334,WORKER,worker,1.75,-3.7499999999999996,2.0,1
10.833333333333334,WORKER,worker,-1.75,3.75,2.0,2
10.833333333333334,WORKER,worker,-5.75,3.7500000000000004,2.0,2
10.833333333333334,WORKER,worker,5.75,3.75,2.0,3
10.833333333333334,WORKER,worker,1.75,3.7500000000000004,2.0,3
11.0,GENERAL,general,0.0,0.0,4.0,-1
11.0,NODE,node_0,-3.650827192151905,-2.8627662450580904,2.9999999998146776,0
11.0,NODE,node_1,2.862770081468,-3.5446064378261224,2.9999999998146776,1
11.0,NODE,node_2,-3.765571966541013,2.8645747329903344,2.9999999998146776,2
11.0,NODE,node_3,4.529512180308001,3.676022771903093,2.9999999998146776,3
11.0,SCOUT,scout_d2cf4d0a,-5.18996611186584,-3.5833713223613044,2.9999999999996505,0
11.0,SCOUT,scout_5c3ff6f5,-3.6763944760281584,-4.278313947326581,2.9999999999996505,0
11.0,SCOUT,scout_20a72312,-1.3179913005744333,-3.03004930409359,2.9999999999996505,0
11.0,SCOUT,scout_5e98d295,1.3632289390869465,-4.761662749693404,2.9999999999996505,1
11.0,SCOUT,scout_c8e21d40,3.5206686437988153,-2.3972131336354647,2.9999999999996505,1
11.0,SCOUT,scout_283b8e5e,5.434154563256544,-2.2973130731488185,2.9999999999996505,1
11.0,SCOUT,scout_1bd12edb,-5.256757369315573,4.895335961231649,2.9999999999996505,2
11.0,SCOUT,scout_bf5b3d15,-3.6551131857568966,3.0019556123944793,2.9999999999996505,2
11.0,SCOUT,scout_5adbfd88,-1.3268293841271066,2.997290276752066,2.9999999999996505,2
11.0,SCOUT,scout_a3683d0e,1.4082297902824745,2.4384632630591083,2.9999999999996505,3
11.0,SCOUT,scout_2e5f69a0,3.4307187092966145,4.528699802087344,2.9999999999996505,3
11.0,SCOUT,scout_d6cec7ec,5.245712891211161,4.300806241530675,2.9999999999996505,3
11.0,WORKER,worker,-1.75,-3.75,2.0,0
11.0,WORKER,worker,-5.75,-3.7499999999999996,2.0,0
11.0,WORKER,worker,5.75,-3.75,2.0,1
11.0,WORKER,worker,1.75,-3.7499999999999996,2.0,1
11.0,WORKER,worker,-1.75,3.75,2.0,2
11.0,WORKER,worker,-5.75,3.7500000000000004,2.0,2
11.0,WORKER,worker,5.75,3.75,2.0,3
11.0,WORKER,worker,1.75,3.7500000000000004,2.0,3
11.166666666666666,GENERAL,general,0.0,0.0,4.0,-1
11.166666666666666,NODE,node_0,-3.674577402048816,-2.930582688334531,2.9999999998679625,0
11.166666666666666,NODE,node_1,2.8996772797305748,-3.538249752805715,2.9999999998679625,1
11.166666666666666,NODE,node_2,-3.7479476946071872,2.9239014675498223,2.9999999998679625,2
11.166666666666666,NODE,node_3,4.490100455145884,3.6676807412320835,2.9999999998679625,3
11.166666666666666,SCOUT,scout_d2cf4d0a,-5.24285270877208,-3.8784686846825993,2.999999999999775,0
11.166666666666666,SCOUT,scout_5c3ff6f5,-3.6116821107158805,-3.9372842588753465,2.999999999999775,0
11.166666666666666,SCOUT,scout_20a72312,-1.3217055590350484,-3.4335165704371264,2.999999999999775,0
11.166666666666666,SCOUT,scout_5e98d295,1.3700798183819338,-4.369236175854573,2.999999999999775,1
11.166666666666666,SCOUT,scout_c8e21d40,3.532121512831375,-2.690947236457895,2.999999999999775,1
11.166666666666666,SCOUT,scout_283b8e5e,5.445894824596572,-2.111033967399171,2.999999999999775,1
11.166666666666666,SCOUT,scout_1bd12edb,-5.295800447156043,5.200046846087927,2.999999999999775,2
11.166666666666666,SCOUT,scout_bf5b3d15,-3.6843625151206885,3.389168335514926,2.999999999999775,2
11.166666666666666,SCOUT,scout_5adbfd88,-1.3219902532198526,2.562751911090114,2.999999999999775,2
11.166666666666666,SCOUT,scout_a3683d0e,1.3996096499565955,2.8064503381094696,2.999999999999775,3
11.166666666666666,SCOUT,scout_2e5f69a0,3.375461513051869,4.174786043403613,2.999999999999775,3
11.166666666666666,SCOUT,scout_d6cec7ec,5.249249560822663,3.9511544605479583,2.999999999999775,3
11.166666666666666,WORKER,worker,-1.75,-3.75,2.0,0
11.166666666666666,WORKER,worker,-5.75,-3.7499999999999996,2.0,0
11.166666666666666,WORKER,worker,5.75,-3.75,2.0,1
11.166666666666666,WORKER,worker,1.75,-3.7499999999999996,2.0,1
11.166666666666666,WORKER,worker,-1.75,3.75,2.0,2
11.166666666666666,WORKER,worker,-5.75,3.7500000000000004,2.0,2
11.166666666666666,WORKER,worker,5.75,3.75,2.0,3
11.166666666666666,WORKER,worker,1.75,3.7500000000000004,2.0,3
11.333333333333334,GENERAL,general,0.0,0.0,4.0,-1
11.333333333333334,NODE,node_0,-3.696497540139936,-2.9983313786542625,2.9999999999059273,0
11.333333333333334,NODE,node_1,2.925331609157271,-3.5876572189402456,2.9999999999059273,1
11.333333333333334,NODE,node_2,-3.730165892389647,2.9936481118297427,2.9999999999059273,2
11.333333333333334,NODE,node_3,4.456416670447025,3.668949971483274,2.9999999999059273,3
11.333333333333334,SCOUT,scout_d2cf4d0a,-5.279064948356147,-4.1990324201591385,2.999999999999855,0
11.333333333333334,SCOUT,scout_5c3ff6f5,-3.544511306237121,-3.566821960704755,2.999999999999855,0
11.333333333333334,SCOUT,scout_20a72312,-1.323844486609323,-3.840305589893051,2.999999999999855,0
11.333333333333334,SCOUT,scout_5e98d295,1.3781749540882078,-3.9657874267621134,2.999999999999855,1
11.333333333333334,SCOUT,scout_c8e21d40,3.5430423761126693,-3.0633928370693693,2.999999999999855,1
11.333333333333334,SCOUT,scout_283b8e5e,5.346161532916825,-2.414684185508036,2.999999999999855,1
11.333333333333334,SCOUT,scout_1bd12edb,-5.341831240914771,5.368129070382279,2.999999999999855,2
11.333333333333334,SCOUT,scout_bf5b3d15,-3.710276596550113,3.7797650355405907,2.999999999999855,2
11.333333333333334,SCOUT,scout_5adbfd88,-1.3142925949214939,2.4110012750684446,2.999999999999855,2
11.333333333333334,SCOUT,scout_a3683d0e,1.4102776386619065,3.2506944582598627,2.999999999999855,3
11.333333333333334,SCOUT,scout_2e5f69a0,3.3530031657237718,3.8288410920300495,2.999999999999855,3
11.333333333333334,SCOUT,scout_d6cec7ec,5.262761465254936,3.6067981593957392,2.999999999999855,3
11.333333333333334,WORKER,worker,-1.75,-3.75,2.0,0
11.333333333333334,WORKER,worker,-5.75,-3.7499999999999996,2.0,0
11.333333333333334,WORKER,worker,5.75,-3.75,2.0,1
11.333333333333334,WORKER,worker,1.75,-3.7499999999999996,2.0,1
11.333333333333334,WORKER,worker,-1.75,3.75,2.0,2
11.333333333333334,WORKER,worker,-5.75,3.7500000000000004,2.0,2
11.333333333333334,WORKER,worker,5.75,3.75,2.0,3
11.333333333333334,WORKER,worker,1.75,3.7500000000000004,2.0,3
11.5,GENERAL,general,0.0,0.0,4.0,-1
11.5,NODE,node_0,-3.7203043110663354,-3.0660943725087706,2.9999999999329754,0
11.5,NODE,node_1,2.9517321663703813,-3.650004975496839,2.9999999999329754,1
11.5,NODE,node_2,-3.7097411840405674,3.0958070223285294,2.9999999999329754,2
11.5,NODE,node_3,4.42344330683516,3.672097784891974,2.9999999999329754,3
11.5,SCOUT,scout_d2cf4d0a,-5.292970607971638,-4.540793612891122,2.999999999999906,0
11.5,SCOUT,scout_5c3ff6f5,-3.519783067056397,-3.1783544793052214,2.999999999999906,0
11.5,SCOUT,scout_20a72312,-1.3240261682487051,-4.247581650486927,2.999999999999906,0
11.5,SCOUT,scout_5e98d295,1.3834486800227126,-3.5606931594220703,2.999999999999906,1
11.5,SCOUT,scout_c8e21d40,3.52465029897664,-3.459692674791557,2.999999999999906,1
11.5,SCOUT,scout_283b8e5e,5.2851528183378385,-2.8210426603533976,2.999999999999906,1
11.5,SCOUT,scout_1bd12edb,-5.377386821923442,5.417903484165852,2.999999999999906,2
11.5,SCOUT,scout_bf5b3d15,-3.701795605202904,4.14173821788459,2.999999999999906,2
11.5,SCOUT,scout_5adbfd88,-1.3091603094518502,2.711739276229896,2.999999999999906,2
11.5,SCOUT,scout_a3683d0e,1.368692197660435,3.6981516393967273,2.999999999999906,3
11.5,SCOUT,scout_2e5f69a0,3.379021794967429,3.4879067582784296,2.999999999999906,3
11.5,SCOUT,scout_d6cec7ec,5.280558665383268,3.2681431646827477,2.999999999999906,3
11.5,WORKER,worker,-1.75,-3.75,2.0,0
11.5,WORKER,worker,-5.75,-3.7499999999999996,2.0,0
11.5,WORKER,worker,5.75,-3.75,2.0,1
11.5,WORKER,worker,1.75,-3.7499999999999996,2.0,1
11.5,WORKER,worker,-1.75,3.75,2.0,2
11.5,WORKER,worker,-5.75,3.7500000000000004,2.0,2
11.5,WORKER,worker,5.75,3.75,2.0,3
11.5,WORKER,worker,1.75,3.7500000000000004,2.0,3
11.666666666666666,GENERAL,general,0.0,0.0,4.0,-1
11.666666666666666,NODE,node_0,-3.7472319809165984,-3.133708063248761,2.9999999999522466,0
11.666666666666666,NODE,node_1,2.979780072526839,-3.7148998350982656,2.9999999999522466,1
11.666666666666666,NODE,node_2,-3.680679808525434,3.179695285773537,2.9999999999522466,2
11.666666666666666,NODE,node_3,4.393051711502244,3.675378865280769,2.9999999999522466,3
11.666666666666666,SCOUT,scout_d2cf4d0a,-5.280620683831375,-4.868134096631557,2.999999999999939,0
11.666666666666666,SCOUT,scout_5c3ff6f5,-3.554238243478178,-2.802342223658502,2.999999999999939,0
11.666666666666666,SCOUT,scout_20a72312,-1.3218010306818317,-4.654863062306651,2.999999999999939,0
11.666666666666666,SCOUT,scout_5e98d295,1.3845920308459854,-3.1555333287245304,2.999999999999939,1
11.666666666666666,SCOUT,scout_c8e21d40,3.4779001152692577,-3.870087176626607,2.999999999999939,1
11.666666666666666,SCOUT,scout_283b8e5e,5.27605612354401,-3.239507366532122,2.999999999999939,1
11.666666666666666,SCOUT,scout_1bd12edb,-5.354810706713818,5.185368934820283,2.999999999999939,2
11.666666666666666,SCOUT,scout_bf5b3d15,-3.66789203819924,4.489380489971066,2.999999999999939,2
11.666666666666666,SCOUT,scout_5adbfd88,-1.31271224753509,3.094433369599843,2.999999999999939,2
11.666666666666666,SCOUT,scout_a3683d0e,1.339994351302565,4.156976418359359,2.999999999999939,3
11.666666666666666,SCOUT,scout_2e5f69a0,3.416679387842699,3.1277482684564872,2.999999999999939,3
11.666666666666666,SCOUT,scout_d6cec7ec,5.302752020785595,2.936880770772426,2.999999999999939,3
11.666666666666666,WORKER,worker,-1.75,-3.75,2.0,0
11.666666666666666,WORKER,worker,-5.75,-3.7499999999999996,2.0,0
11.666666666666666,WORKER,worker,5.75,-3.75,2.0,1
11.666666666666666,WORKER,worker,1.75,-3.7499999999999996,2.0,1
11.666666666666666,WORKER,worker,-1.75,3.75,2.0,2
11.666666666666666,WORKER,worker,-5.75,3.7500000000000004,2.0,2
11.666666666666666,WORKER,worker,5.75,3.75,2.0,3
11.666666666666666,WORKER,worker,1.75,3.7500000000000004,2.0,3
11.833333333333334,GENERAL,general,0.0,0.0,4.0,-1
11.833333333333334,NODE,node_0,-3.775492556006139,-3.1977151897963045,2.999999999965977,0
11.833333333333334,NODE,node_1,3.014811661189443,-3.7781406736855607,2.999999999965977,1
11.833333333333334,NODE,node_2,-3.6461804186851867,3.244716854477462,2.999999999965977,2
11.833333333333334,NODE,node_3,4.364398178414801,3.679736732215199,2.999999999965977,3
11.833333333333334,SCOUT,scout_d2cf4d0a,-5.272873353395785,-5.152680505970559,2.999999999999961,0
11.833333333333334,SCOUT,scout_5c3ff6f5,-3.6017265000743506,-2.4293140871953782,2.999999999999961,0
11.833333333333334,SCOUT,scout_20a72312,-1.3164975992583878,-5.061793540710378,2.999999999999961,0
11.833333333333334,SCOUT,scout_5e98d295,1.3805616708353465,-2.7506637001147802,2.999999999999961,1
11.833333333333334,SCOUT,scout_c8e21d40,3.4836461500083944,-4.264752516040827,2.999999999999961,1
11.833333333333334,SCOUT,scout_283b8e5e,5.292166958602238,-3.656631215234655,2.999999999999961,1
11.833333333333334,SCOUT,scout_1bd12edb,-5.298708696427129,4.764734047228682,2.999999999999961,2
11.833333333333334,SCOUT,scout_bf5b3d15,-3.6198140081187686,4.8494933401355125,2.999999999999961,2
11.833333333333334,SCOUT,scout_5adbfd88,-1.3173961609796496,3.4903706917753174,2.999999999999961,2
11.833333333333334,SCOUT,scout_a3683d0e,1.3490019998229634,4.616433166301051,2.999999999999961,3
11.833333333333334,SCOUT,scout_2e5f69a0,3.421447571008169,2.7672337719279776,2.999999999999961,3
11.833333333333334,SCOUT,scout_d6cec7ec,5.3299283134940385,2.6166957911956503,2.999999999999961,3
11.833333333333334,WORKER,worker,-1.75,-3.75,2.0,0
11.833333333333334,WORKER,worker,-5.75,-3.7499999999999996,2.0,0
11.833333333333334,WORKER,worker,5.75,-3.75,2.0,1
11.833333333333334,WORKER,worker,1.75,-3.7499999999999996,2.0,1
11.833333333333334,WORKER,worker,-1.75,3.75,2.0,2
11.833333333333334,WORKER,worker,-5.75,3.7500000000000004,2.0,2
11.833333333333334,WORKER,worker,5.75,3.75,2.0,3
11.833333333333334,WORKER,worker,1.75,3.7500000000000004,2.0,3
12.0,GENERAL,general,0.0,0.0,4.0,-1
12.0,NODE,node_0,-3.804959638485519,-3.2452872866704876,2.99999999997576,0
12.0,NODE,node_1,3.0528863100052877,-3.8417844209558707,2.99999999997576,1
12.0,NODE,node_2,-3.6153661560698906,3.3065611892001066,2.99999999997576,2
12.0,NODE,node_3,4.335205395788193,3.6863835074103855,2.99999999997576,3
12.0,SCOUT,scout_d2cf4d0a,-5.291921806835145,-5.319418608774534,2.999999999999975,0
12.0,SCOUT,scout_5c3ff6f5,-3.632803541831215,-2.4684039822846504,2.999999999999975,0
12.0,SCOUT,scout_20a72312,-1.3098533008178308,-4.993147889073334,2.999999999999975,0
12.0,SCOUT,scout_5e98d295,1.3713007946661142,-2.384394327715475,2.999999999999975,1
12.0,SCOUT,scout_c8e21d40,3.50902371811087,-4.654098531838664,2.999999999999975,1
12.0,SCOUT,scout_283b8e5e,5.318063795968755,-4.0690746369300586,2.999999999999975,1
12.0,SCOUT,scout_1bd12edb,-5.2828263364733905,4.355280191508674,2.999999999999975,2
12.0,SCOUT,scout_bf5b3d15,-3.5729745702094897,5.131879600418711,2.999999999999975,2
12.0,SCOUT,scout_5adbfd88,-1.3206334877202233,3.888409333205061,2.999999999999975,2
12.0,SCOUT,scout_a3683d0e,1.3570047289432905,5.075199521302486,2.999999999999975,3
12.0,SCOUT,scout_2e5f69a0,3.419733646185276,2.4135800745509584,2.999999999999975,3
12.0,SCOUT,scout_d6cec7ec,5.361917812285316,2.312728226690232,2.999999999999975,3
12.0,WORKER,worker,-1.75,-3.75,2.0,0
12.0,WORKER,worker,-5.75,-3.7499999999999996,2.0,0
12.0,WORKER,worker,5.75,-3.75,2.0,1
12.0,WORKER,worker,1.75,-3.7499999999999996,2.0,1
12.0,WORKER,worker,-1.75,3.75,2.0,2
12.0,WORKER,worker,-5.75,3.7500000000000004,2.0,2
12.0,WORKER,worker,5.75,3.75,2.0,3
12.0,WORKER,worker,1.75,3.7500000000000004,2.0,3
12.166666666666666,GENERAL,general,0.0,0.0,4.0,-1
12.166666666666666,NODE,node_0,-3.7915895889159037,-3.2803399602769043,2.99999999998273,0
12.166666666666666,NODE,node_1,3.091485718422835,-3.9131656897140106,2.99999999998273,1
12.166666666666666,NODE,node_2,-3.6292349154404864,3.3190434505355024,2.99999999998273,2
12.166666666666666,NODE,node_3,4.306168909489531,3.638442176795362,2.99999999998273,3
12.166666666666666,SCOUT,scout_d2cf4d0a,-5.317659605917465,-5.372029470510542,2.999999999999984,0
12.166666666666666,SCOUT,scout_5c3ff6f5,-3.65164013403592,-2.756779784487972,2.999999999999984,0
12.166666666666666,SCOUT,scout_20a72312,-1.3084774671372907,-4.675883926952307,2.999999999999984,0
12.166666666666666,SCOUT,scout_5e98d295,1.37586187731267,-2.552153276991068,2.999999999999984,1
12.166666666666666,SCOUT,scout_c8e21d40,3.5359316914060352,-5.044101876556348,2.999999999999984,1
12.166666666666666,SCOUT,scout_283b8e5e,5.349343080038455,-4.473983663508491,2.999999999999984,1
12.166666666666666,SCOUT,scout_1bd12edb,-5.2803440247935685,3.928163916586867,2.999999999999984,2
12.166666666666666,SCOUT,scout_bf5b3d15,-3.5290203734828345,4.939289659419044,2.999999999999984,2
12.166666666666666,SCOUT,scout_5adbfd88,-1.321667406662504,4.286731817851785,2.999999999999984,2
12.166666666666666,SCOUT,scout_a3683d0e,1.3727300767019008,4.960084393206803,2.999999999999984,3
12.166666666666666,SCOUT,scout_2e5f69a0,3.4246499004092334,2.445103549723474,2.999999999999984,3
12.166666666666666,SCOUT,scout_d6cec7ec,5.395036277852819,2.055753023043052,2.999999999999984,3
12.166666666666666,WORKER,worker,-1.75,-3.75,2.0,0
12.166666666666666,WORKER,worker,-5.75,-3.7499999999999996,2.0,0
12.166666666666666,WORKER,worker,5.75,-3.75,2.0,1
12.166666666666666,WORKER,worker,1.75,-3.7499999999999996,2.0,1
12.166666666666666,WORKER,worker,-1.75,3.75,2.0,2
12.166666666666666,WORKER,worker,-5.75,3.7500000000000004,2.0,2
12.166666666666666,WORKER,worker,5.75,3.75,2.0,3
12.166666666666666,WORKER,worker,1.75,3.7500000000000004,2.0,3
12.333333333333334,GENERAL,general,0.0,0.0,4.0,-1
12.333333333333334,NODE,node_0,-3.768775945831955,-3.311458648943364,2.9999999999876947,0
12.333333333333334,NODE,node_1,3.129554013118414,-3.959539800944905,2.9999999999876947,1
12.333333333333334,NODE,node_2,-3.65356089092817,3.3223532841741323,2.9999999999876947,2
12.333333333333334,NODE,node_3,4.272388939530821,3.6171067183642474,2.9999999999876947,3
12.333333333333334,SCOUT,scout_d2cf4d0a,-5.333825651843872,-5.377007740574756,2.999999999999989,0
12.333333333333334,SCOUT,scout_5c3ff6f5,-3.66765108221758,-3.0854417819497892,2.999999999999989,0
12.333333333333334,SCOUT,scout_20a72312,-1.3125007059258955,-4.328924249396531,2.999999999999989,0
12.333333333333334,SCOUT,scout_5e98d295,1.3851862734838944,-2.916845368224697,2.999999999999989,1
12.333333333333334,SCOUT,scout_c8e21d40,3.544735420248261,-5.004853664478064,2.999999999999989,1
12.333333333333334,SCOUT,scout_283b8e5e,5.387959700668134,-4.868950884851346,2.999999999999989,1
12.333333333333334,SCOUT,scout_1bd12edb,-5.286881776871142,3.4984550730707116,2.999999999999989,2
12.333333333333334,SCOUT,scout_bf5b3d15,-3.526074772207983,4.67820955534531,2.999999999999989,2
12.333333333333334,SCOUT,scout_5adbfd88,-1.2888919030214707,4.679476691863675,2.999999999999989,2
12.333333333333334,SCOUT,scout_a3683d0e,1.3935500684668023,4.543056876233833,2.999999999999989,3
12.333333333333334,SCOUT,scout_2e5f69a0,3.4223253254410726,2.8094315887063392,2.999999999999989,3
12.333333333333334,SCOUT,scout_d6cec7ec,5.371515123562404,2.1645854072666886,2.999999999999989,3
12.333333333333334,WORKER,worker,-1.75,-3.75,2.0,0
12.333333333333334,WORKER,worker,-5.75,-3.7499999999999996,2.0,0
12.333333333333334,WORKER,worker,5.75,-3.75,2.0,1
12.333333333333334,WORKER,worker,1.75,-3.7499999999999996,2.0,1
12.333333333333334,WORKER,worker,-1.75,3.75,2.0,2
12.333333333333334,WORKER,worker,-5.75,3.7500000000000004,2.0,2
12.333333333333334,WORKER,worker,5.75,3.75,2.0,3
12.333333333333334,WORKER,worker,1.75,3.7500000000000004,2.0,3
12.5,GENERAL,general,0.0,0.0,4.0,-1
12.5,NODE,node_0,-3.7448700758923343,-3.3417018095091326,2.9999999999912332,0
12.5,NODE,node_1,3.164326209014978,-3.972440479722499,2.9999999999912332,1
12.5,NODE,node_2,-3.6776060659983805,3.327806287355767,2.9999999999912332,2
12.5,NODE,node_3,4.235116653639444,3.6113977804024175,2.9999999999912332,3
12.5,SCOUT,scout_d2cf4d0a,-5.339298541541064,-5.372751670549986,2.9999999999999933,0
12.5,SCOUT,scout_5c3ff6f5,-3.68256110822858,-3.4206275093695653,2.9999999999999933,0
12.5,SCOUT,scout_20a72312,-1.316382887651879,-3.9771876838618354,2.9999999999999933,0
12.5,SCOUT,scout_5e98d295,1.3930170674629152,-3.313255660316785,2.9999999999999933,1
12.5,SCOUT,scout_c8e21d40,3.51966497955988,-4.638648024494483,2.9999999999999933,1
12.5,SCOUT,scout_283b8e5e,5.438029009960229,-5.245199514147125,2.9999999999999933,1
12.5,SCOUT,scout_1bd12edb,-5.271009302555028,3.098841584278843,2.9999999999999933,2
12.5,SCOUT,scout_bf5b3d15,-3.5470632986185517,4.40910698544718,2.9999999999999933,2
12.5,SCOUT,scout_5adbfd88,-1.2507472485290738,5.0759158802163915,2.9999999999999933,2
12.5,SCOUT,scout_a3683d0e,1.4110122559139526,4.086650022480493,2.9999999999999933,3
12.5,SCOUT,scout_2e5f69a0,3.3935846670731813,3.2370701749006563,2.9999999999999933,3
12.5,SCOUT,scout_d6cec7ec,5.347659682230685,2.3943317472946357,2.9999999999999933,3
12.5,WORKER,worker,-1.75,-3.75,2.0,0
12.5,WORKER,worker,-5.75,-3.7499999999999996,2.0,0
12.5,WORKER,worker,5.75,-3.75,2.0,1
12.5,WORKER,worker,1.75,-3.7499999999999996,2.0,1
12.5,WORKER,worker,-1.75,3.75,2.0,2
12.5,WORKER,worker,-5.75,3.7500000000000004,2.0,2
12.5,WORKER,worker,5.75,3.75,2.0,3
12.5,WORKER,worker,1.75,3.7500000000000004,2.0,3
12.666666666666666,GENERAL,general,0.0,0.0,4.0,-1
12.666666666666666,NODE,node_0,-3.7201218310600006,-3.372118197128772,2.999999999993754,0
12.666666666666666,NODE,node_1,3.1992542203491925,-3.9529580225469285,2.999999999993754,1
12.666666666666666,NODE,node_2,-3.702267219486748,3.292600330766604,2.999999999993754,2
12.666666666666666,NODE,node_3,4.201905819476798,3.606086796843366,2.999999999993754,3
12.666666666666666,SCOUT,scout_d2cf4d0a,-5.339403778109609,-5.370064742272382,2.999999999999996,0
12.666666666666666,SCOUT,scout_5c3ff6f5,-3.6966297856189274,-3.756883159664873,2.999999999999996,0
12.666666666666666,SCOUT,scout_20a72312,-1.3189280207599914,-3.6247099238294807,2.999999999999996,0
12.666666666666666,SCOUT,scout_5e98d295,1.3977886398751078,-3.714658620325824,2.999999999999996,1
12.666666666666666,SCOUT,scout_c8e21d40,3.522544796215859,-4.227602353704026,2.999999999999996,1
12.666666666666666,SCOUT,scout_283b8e5e,5.460695468682985,-5.287623545029706,2.999999999999996,1
12.666666666666666,SCOUT,scout_1bd12edb,-5.260162119680331,2.7335731446985347,2.999999999999996,2
12.666666666666666,SCOUT,scout_bf5b3d15,-3.5353368860915393,4.139899165141724,2.999999999999996,2
12.666666666666666,SCOUT,scout_5adbfd88,-1.2538262781452236,4.954849578169153,2.999999999999996,2
12.666666666666666,SCOUT,scout_a3683d0e,1.3947338693083953,3.62957797686081,2.999999999999996,3
12.666666666666666,SCOUT,scout_2e5f69a0,3.40933273654713,3.6665547807236556,2.999999999999996,3
12.666666666666666,SCOUT,scout_d6cec7ec,5.3500500137096045,2.627121316833116,2.999999999999996,3
12.666666666666666,WORKER,worker,-1.75,-3.75,2.0,0
12.666666666666666,WORKER,worker,-5.75,-3.7499999999999996,2.0,0
12.666666666666666,WORKER,worker,5.75,-3.75,2.0,1
12.666666666666666,WORKER,worker,1.75,-3.7499999999999996,2.0,1
12.666666666666666,WORKER,worker,-1.75,3.75,2.0,2
12.666666666666666,WORKER,worker,-5.75,3.7500000000000004,2.0,2
12.666666666666666,WORKER,worker,5.75,3.75,2.0,3
12.666666666666666,WORKER,worker,1.75,3.7500000000000004,2.0,3
12.833333333333334,GENERAL,general,0.0,0.0,4.0,-1
12.833333333333334,NODE,node_0,-3.6970580698343927,-3.40464789328468,2.99999999999555,0
12.833333333333334,NODE,node_1,3.2298826137315704,-3.8882466879885924,2.99999999999555,1
12.833333333333334,NODE,node_2,-3.730222889066785,3.229833096595491,2.99999999999555,2
12.833333333333334,NODE,node_3,4.170386204236919,3.6005832999300282,2.99999999999555,3
12.833333333333334,SCOUT,scout_d2cf4d0a,-5.363842686062201,-5.392440972363684,2.999999999999996,0
12.833333333333334,SCOUT,scout_5c3ff6f5,-3.7098231838580724,-4.093328023034876,2.999999999999996,0
12.833333333333334,SCOUT,scout_20a72312,-1.3197306034114646,-3.2721544720321556,2.999999999999996,0
12.833333333333334,SCOUT,scout_5e98d295,1.398739878997138,-4.116684115745473,2.999999999999996,1
12.833333333333334,SCOUT,scout_c8e21d40,3.5372926722590003,-3.8098424711112453,2.999999999999996,1
12.833333333333334,SCOUT,scout_283b8e5e,5.435508261187089,-4.904683474453147,2.999999999999996,1
12.833333333333334,SCOUT,scout_1bd12edb,-5.282446809434527,2.392157872034345,2.999999999999996,2
12.833333333333334,SCOUT,scout_bf5b3d15,-3.5249447260393225,3.8692594331987853,2.999999999999996,2
12.833333333333334,SCOUT,scout_5adbfd88,-1.2650556510377637,4.56261861614558,2.999999999999996,2
12.833333333333334,SCOUT,scout_a3683d0e,1.3594894242705078,3.16808957271614,2.999999999999996,3
12.833333333333334,SCOUT,scout_2e5f69a0,3.4491941241621853,4.117598420279151,2.999999999999996,3
12.833333333333334,SCOUT,scout_d6cec7ec,5.370001476937415,2.8416105165205834,2.999999999999996,3
12.833333333333334,WORKER,worker,-1.75,-3.75,2.0,0
12.833333333333334,WORKER,worker,-5.75,-3.7499999999999996,2.0,0
12.833333333333334,WORKER,worker,5.75,-3.75,2.0,1
12.833333333333334,WORKER,worker,1.75,-3.7499999999999996,2.0,1
12.833333333333334,WORKER,worker,-1.75,3.75,2.0,2
12.833333333333334,WORKER,worker,-5.75,3.7500000000000004,2.0,2
12.833333333333334,WORKER,worker,5.75,3.75,2.0,3
12.833333333333334,WORKER,worker,1.75,3.7500000000000004,2.0,3
13.0,GENERAL,general,0.0,0.0,4.0,-1
13.0,NODE,node_0,-3.6746729779702547,-3.436503358146491,2.9999999999968296,0
13.0,NODE,node_1,3.2645217659172983,-3.8284188027253356,2.9999999999968296,1
13.0,NODE,node_2,-3.7637097018978376,3.163541651006836,2.9999999999968296,2
13.0,NODE,node_3,4.140449643177501,3.593660053910288,2.9999999999968296,3
13.0,SCOUT,scout_d2cf4d0a,-5.392311667672852,-5.39048031714639,2.999999999999996,0
13.0,SCOUT,scout_5c3ff6f5,-3.720874493241328,-4.429124636862642,2.999999999999996,0
13.0,SCOUT,scout_20a72312,-1.3184661112828708,-2.9196449695241826,2.999999999999996,0
13.0,SCOUT,scout_5e98d295,1.3950952873745974,-4.518546805068309,2.999999999999996,1
13.0,SCOUT,scout_c8e21d40,3.556260612305844,-3.3911841101867544,2.999999999999996,1
13.0,SCOUT,scout_283b8e5e,5.447873983585917,-4.577445181131341,2.999999999999996,1
13.0,SCOUT,scout_1bd12edb,-5.32712985890701,2.07912932669539,2.999999999999996,2
13.0,SCOUT,scout_bf5b3d15,-3.5553507034801206,3.5677224743239875,2.999999999999996,2
13.0,SCOUT,scout_5adbfd88,-1.2763363684928495,4.134567618356565,2.999999999999996,2
13.0,SCOUT,scout_a3683d0e,1.3612793081864687,2.7047257002893796,2.999999999999996,3
13.0,SCOUT,scout_2e5f69a0,3.4889580431528993,4.5554979157639846,2.999999999999996,3
13.0,SCOUT,scout_d6cec7ec,5.354161430251881,3.0597121824943296,2.999999999999996,3
13.0,WORKER,worker,-1.75,-3.75,2.0,0
13.0,WORKER,worker,-5.75,-3.7499999999999996,2.0,0
13.0,WORKER,worker,5.75,-3.75,2.0,1
13.0,WORKER,worker,1.75,-3.7499999999999996,2.0,1
13.0,WORKER,worker,-1.75,3.75,2.0,2
13.0,WORKER,worker,-5.75,3.7500000000000004,2.0,2
13.0,WORKER,worker,5.75,3.75,2.0,3
13.0,WORKER,worker,1.75,3.7500000000000004,2.0,3
13.166666666666666,GENERAL,general,0.0,0.0,4.0,-1
13.166666666666666,NODE,node_0,-3.642869457085781,-3.435028764699483,2.999999999997741,0
13.166666666666666,NODE,node_1,3.2916893316206464,-3.7671192661291153,2.999999999997741,1
13.166666666666666,NODE,node_2,-3.7938020633356833,3.1210159922310705,2.999999999997741,2
13.166666666666666,NODE,node_3,4.100624735043469,3.6007004258605044,2.999999999997741,3
13.166666666666666,SCOUT,scout_d2cf4d0a,-5.369969161227815,-5.059482087549611,2.999999999999996,0
13.166666666666666,SCOUT,scout_5c3ff6f5,-3.683443827551242,-4.7426473147198145,2.999999999999996,0
13.166666666666666,SCOUT,scout_20a72312,-1.3147198593440559,-2.56722667154252,2.999999999999996,0
13.166666666666666,SCOUT,scout_5e98d295,1.3857776145135563,-4.919990633395732,2.999999999999996,1
13.166666666666666,SCOUT,scout_c8e21d40,3.5784721610442327,-2.9726065287725523,2.999999999999996,1
13.166666666666666,SCOUT,scout_283b8e5e,5.37497331447383,-4.225867206143198,2.999999999999996,1
13.166666666666666,SCOUT,scout_1bd12edb,-5.330947261315231,2.0558662098757545,2.999999999999996,2
13.166666666666666,SCOUT,scout_bf5b3d15,-3.5875420818966104,3.2638855149470323,2.999999999999996,2
13.166666666666666,SCOUT,scout_5adbfd88,-1.2859777272365767,3.7007442027358457,2.999999999999996,2
13.166666666666666,SCOUT,scout_a3683d0e,1.3627672880987574,2.371664544696,2.999999999999996,3
13.166666666666666,SCOUT,scout_2e5f69a0,3.5308868238908544,4.977551255812941,2.999999999999996,3
13.166666666666666,SCOUT,scout_d6cec7ec,5.239822398122114,3.3481066079948283,2.999999999999996,3
13.166666666666666,WORKER,worker,-1.75,-3.75,2.0,0
13.166666666666666,WORKER,worker,-5.75,-3.7499999999999996,2.0,0
13.166666666666666,WORKER,worker,5.75,-3.75,2.0,1
13.166666666666666,WORKER,worker,1.75,-3.7499999999999996,2.0,1
13.166666666666666,WORKER,worker,-1.75,3.75,2.0,2
13.166666666666666,WORKER,worker,-5.75,3.7500000000000004,2.0,2
13.166666666666666,WORKER,worker,5.75,3.75,2.0,3
13.166666666666666,WORKER,worker,1.75,3.7500000000000004,2.0,3
13.333333333333334,GENERAL,general,0.0,0.0,4.0,-1
13.333333333333334,NODE,node_0,-3.610849984665595,-3.449768548352687,2.99999999999839,0
13.333333333333334,NODE,node_1,3.3185096076116785,-3.686164206840953,2.99999999999839,1
13.333333333333334,NODE,node_2,-3.817793652674291,3.1111036484456305,2.99999999999839,2
13.333333333333334,NODE,node_3,4.065977106290321,3.6408470521739487,2.99999999999839,3
13.333333333333334,SCOUT,scout_d2cf4d0a,-5.373740566495238,-4.744078902032642,2.999999999999996,0
13.333333333333334,SCOUT,scout_5c3ff6f5,-3.6231461289117535,-5.064887347466044,2.999999999999996,0
13.333333333333334,SCOUT,scout_20a72312,-1.3118231848478636,-2.418123911352559,2.999999999999996,0
13.333333333333334,SCOUT,scout_5e98d295,1.3714181753683536,-5.08491539910439,2.999999999999996,1
13.333333333333334,SCOUT,scout_c8e21d40,3.6043898968436543,-2.5543503984701816,2.999999999999996,1
13.333333333333334,SCOUT,scout_283b8e5e,5.307975021537602,-3.8602849232844503,2.999999999999996,1
13.333333333333334,SCOUT,scout_1bd12edb,-5.3331721075514675,2.3170852384410003,2.999999999999996,2
13.333333333333334,SCOUT,scout_bf5b3d15,-3.5776989881267016,2.984563071246818,2.999999999999996,2
13.333333333333334,SCOUT,scout_5adbfd88,-1.2933517433426194,3.2660144820857,2.999999999999996,2
13.333333333333334,SCOUT,scout_a3683d0e,1.3631134194678678,2.6438269400382115,2.999999999999996,3
13.333333333333334,SCOUT,scout_2e5f69a0,3.5578501210771707,5.099637941788696,2.999999999999996,3
13.333333333333334,SCOUT,scout_d6cec7ec,5.194953514759086,3.6251569983648366,2.999999999999996,3
13.333333333333334,WORKER,worker,-1.75,-3.75,2.0,0
13.333333333333334,WORKER,worker,-5.75,-3.7499999999999996,2.0,0
13.333333333333334,WORKER,worker,5.75,-3.75,2.0,1
13.333333333333334,WORKER,worker,1.75,-3.7499999999999996,2.0,1
13.333333333333334,WORKER,worker,-1.75,3.75,2.0,2
13.333333333333334,WORKER,worker,-5.75,3.7500000000000004,2.0,2
13.333333333333334,WORKER,worker,5.75,3.75,2.0,3
13.333333333333334,WORKER,worker,1.75,3.7500000000000004,2.0,3
13.5,GENERAL,general,0.0,0.0,4.0,-1
13.5,NODE,node_0,-3.58187948397726,-3.477326338526832,2.999999999998853,0
13.5,NODE,node_1,3.35106907605858,-3.5793545025400224,2.999999999998853,1
13.5,NODE,node_2,-3.844548702964462,3.1045066509722656,2.999999999998853,2
13.5,NODE,node_3,4.033966707836166,3.6528265735133014,2.999999999998853,3
13.5,SCOUT,scout_d2cf4d0a,-5.381360922934523,-4.4547945434476635,2.999999999999996,0
13.5,SCOUT,scout_5c3ff6f5,-3.5763188190123194,-4.969380236820334,2.999999999999996,0
13.5,SCOUT,scout_20a72312,-1.3156636958461523,-2.7189500109945874,2.999999999999996,0
13.5,SCOUT,scout_5e98d295,1.3631777807385983,-4.76236747546187,2.999999999999996,1
13.5,SCOUT,scout_c8e21d40,3.6235427995284084,-2.4101139202289406,2.999999999999996,1
13.5,SCOUT,scout_283b8e5e,5.294991930643775,-3.502036116862959,2.999999999999996,1
13.5,SCOUT,scout_1bd12edb,-5.386717137332847,2.611211602822646,2.999999999999996,2
13.5,SCOUT,scout_bf5b3d15,-3.561571506148413,2.697758404233401,2.999999999999996,2
13.5,SCOUT,scout_5adbfd88,-1.2850769512591138,2.8322298524629224,2.999999999999996,2
13.5,SCOUT,scout_a3683d0e,1.378435782686579,3.07307963466353,2.999999999999996,3
13.5,SCOUT,scout_2e5f69a0,3.5269934421780746,4.814109537582383,2.999999999999996,3
13.5,SCOUT,scout_d6cec7ec,5.2149142624831875,3.88087720456586,2.999999999999996,3
13.5,WORKER,worker,-1.75,-3.75,2.0,0
13.5,WORKER,worker,-5.75,-3.7499999999999996,2.0,0
13.5,WORKER,worker,5.75,-3.75,2.0,1
13.5,WORKER,worker,1.75,-3.7499999999999996,2.0,1
13.5,WORKER,worker,-1.75,3.75,2.0,2
13.5,WORKER,worker,-5.75,3.7500000000000004,2.0,2
13.5,WORKER,worker,5.75,3.75,2.0,3
13.5,WORKER,worker,1.75,3.7500000000000004,2.0,3
13.666666666666666,GENERAL,general,0.0,0.0,4.0,-1
13.666666666666666,NODE,node_0,-3.545461590947885,-3.485228087586234,2.9999999999991824,0
13.666666666666666,NODE,node_1,3.386638361082217,-3.5098437457901936,2.9999999999991824,1
13.666666666666666,NODE,node_2,-3.871782639532133,3.097301451113865,2.9999999999991824,2
13.666666666666666,NODE,node_3,4.002474085159772,3.6628549408682987,2.9999999999991824,3
13.666666666666666,SCOUT,scout_d2cf4d0a,-5.307656607507503,-4.11738712602896,2.999999999999996,0
13.666666666666666,SCOUT,scout_5c3ff6f5,-3.533107687537726,-4.653140927918441,2.999999999999996,0
13.666666666666666,SCOUT,scout_20a72312,-1.3200703721216853,-3.109213177973605,2.999999999999996,0
13.666666666666666,SCOUT,scout_5e98d295,1.3700440048691436,-4.369838690474905,2.999999999999996,1
13.666666666666666,SCOUT,scout_c8e21d40,3.6067319905754593,-2.695375696101958,2.999999999999996,1
13.666666666666666,SCOUT,scout_283b8e5e,5.3231710008644555,-3.148712001086259,2.999999999999996,1
13.666666666666666,SCOUT,scout_1bd12edb,-5.444116264869302,2.920980717974445,2.999999999999996,2
13.666666666666666,SCOUT,scout_bf5b3d15,-3.5527598236906415,2.3995815577236894,2.999999999999996,2
13.666666666666666,SCOUT,scout_5adbfd88,-1.2685791184013708,2.412791356179073,2.999999999999996,2
13.666666666666666,SCOUT,scout_a3683d0e,1.3962109866066545,3.527782607809295,2.999999999999996,3
13.666666666666666,SCOUT,scout_2e5f69a0,3.4741447844955995,4.486251373967953,2.999999999999996,3
13.666666666666666,SCOUT,scout_d6cec7ec,5.2550406668123415,4.138497575257287,2.999999999999996,3
13.666666666666666,WORKER,worker,-1.75,-3.75,2.0,0
13.666666666666666,WORKER,worker,-5.75,-3.7499999999999996,2.0,0
13.666666666666666,WORKER,worker,5.75,-3.75,2.0,1
13.666666666666666,WORKER,worker,1.75,-3.7499999999999996,2.0,1
13.666666666666666,WORKER,worker,-1.75,3.75,2.0,2
13.666666666666666,WORKER,worker,-5.75,3.7500000000000004,2.0,2
13.666666666666666,WORKER,worker,5.75,3.75,2.0,3
13.666666666666666,WORKER,worker,1.75,3.7500000000000004,2.0,3
13.833333333333334,GENERAL,general,0.0,0.0,4.0,-1
13.833333333333334,NODE,node_0,-3.5107140532637136,-3.4909264038799073,2.999999999999417,0
13.833333333333334,NODE,node_1,3.4196342975893352,-3.4464543524520335,2.999999999999417,1
13.833333333333334,NODE,node_2,-3.888740588891696,3.182566213037491,2.999999999999417,2
13.833333333333334,NODE,node_3,3.973269834223068,3.6731436998351463,2.999999999999417,3
13.833333333333334,SCOUT,scout_d2cf4d0a,-5.261870835113025,-3.7700848628378782,2.999999999999996,0
13.833333333333334,SCOUT,scout_5c3ff6f5,-3.4827237880103605,-4.308699732288095,2.999999999999996,0
13.833333333333334,SCOUT,scout_20a72312,-1.323354650212283,-3.513895211488836,2.999999999999996,0
13.833333333333334,SCOUT,scout_5e98d295,1.378148099078718,-3.9663731758593315,2.999999999999996,1
13.833333333333334,SCOUT,scout_c8e21d40,3.5410585905682113,-3.05421047300355,2.999999999999996,1
13.833333333333334,SCOUT,scout_283b8e5e,5.37263956436319,-2.7850483863236835,2.999999999999996,1
13.833333333333334,SCOUT,scout_1bd12edb,-5.38428486924264,3.299302426465508,2.999999999999996,2
13.833333333333334,SCOUT,scout_bf5b3d15,-3.542019967736831,2.5234624742196092,2.999999999999996,2
13.833333333333334,SCOUT,scout_5adbfd88,-1.2588203908054458,2.520392413214266,2.999999999999996,2
13.833333333333334,SCOUT,scout_a3683d0e,1.4076976044771683,3.9861683894829443,2.999999999999996,3
13.833333333333334,SCOUT,scout_2e5f69a0,3.4514523703377544,4.1466648154779016,2.999999999999996,3
13.833333333333334,SCOUT,scout_d6cec7ec,5.293298860461511,4.412057069415027,2.999999999999996,3
13.833333333333334,WORKER,worker,-1.75,-3.75,2.0,0
13.833333333333334,WORKER,worker,-5.75,-3.7499999999999996,2.0,0
13.833333333333334,WORKER,worker,5.75,-3.75,2.0,1
13.833333333333334,WORKER,worker,1.75,-3.7499999999999996,2.0,1
13.833333333333334,WORKER,worker,-1.75,3.75,2.0,2
13.833333333333334,WORKER,worker,-5.75,3.7500000000000004,2.0,2
13.833333333333334,WORKER,worker,5.75,3.75,2.0,3
13.833333333333334,WORKER,worker,1.75,3.7500000000000004,2.0,3
14.0,GENERAL,general,0.0,0.0,4.0,-1
14.0,NODE,node_0,-3.480479956656071,-3.4972327392271114,2.9999999999995848,0
14.0,NODE,node_1,3.4550286872799214,-3.3843994471451526,2.9999999999995848,1
14.0,NODE,node_2,-3.903532204078439,3.3179902765719054,2.9999999999995848,2
14.0,NODE,node_3,3.9426075820749213,3.682157686432091,2.9999999999995848,3
14.0,SCOUT,scout_d2cf4d0a,-5.25737803942559,-3.426939799179682,2.999999999999996,0
14.0,SCOUT,scout_5c3ff6f5,-3.438554325043572,-3.9601155693870274,2.999999999999996,0
14.0,SCOUT,scout_20a72312,-1.3249850246081045,-3.9208685690570055,2.999999999999996,0
14.0,SCOUT,scout_5e98d295,1.3834301783235763,-3.5612758633377704,2.999999999999996,1
14.0,SCOUT,scout_c8e21d40,3.507700362321186,-3.439513641258581,2.999999999999996,1
14.0,SCOUT,scout_283b8e5e,5.417999578301552,-2.4050232593492984,2.999999999999996,1
14.0,SCOUT,scout_1bd12edb,-5.316685683116749,3.709990433819957,2.999999999999996,2
14.0,SCOUT,scout_bf5b3d15,-3.5235042457403294,2.841842233537543,2.999999999999996,2
14.0,SCOUT,scout_5adbfd88,-1.2425987777240723,2.87204890985084,2.999999999999996,2
14.0,SCOUT,scout_a3683d0e,1.3827531919990248,4.443790926248919,2.999999999999996,3
14.0,SCOUT,scout_2e5f69a0,3.461879271112816,3.775366623680721,2.999999999999996,3
14.0,SCOUT,scout_d6cec7ec,5.318987699297907,4.704991985679845,2.999999999999996,3
14.0,WORKER,worker,-1.75,-3.75,2.0,0
14.0,WORKER,worker,-5.75,-3.7499999999999996,2.0,0
14.0,WORKER,worker,5.75,-3.75,2.0,1
14.0,WORKER,worker,1.75,-3.7499999999999996,2.0,1
14.0,WORKER,worker,-1.75,3.75,2.0,2
14.0,WORKER,worker,-5.75,3.7500000000000004,2.0,2
14.0,WORKER,worker,5.75,3.75,2.0,3
14.0,WORKER,worker,1.75,3.7500000000000004,2.0,3
14.166666666666666,GENERAL,general,0.0,0.0,4.0,-1
14.166666666666666,NODE,node_0,-3.4535599567332667,-3.5041237472865476,2.999999999999704,0
14.166666666666666,NODE,node_1,3.4924911048294622,-3.325749988453964,2.999999999999704,1
14.166666666666666,NODE,node_2,-3.921060746932284,3.460574670298002,2.999999999999704,2
14.166666666666666,NODE,node_3,3.9139510248986857,3.689168021460113,2.999999999999704,3
14.166666666666666,SCOUT,scout_d2cf4d0a,-5.274293277401818,-3.091808811165658,2.999999999999996,0
14.166666666666666,SCOUT,scout_5c3ff6f5,-3.4047575447388354,-3.6107041015354855,2.999999999999996,0
14.166666666666666,SCOUT,scout_20a72312,-1.324578213458426,-4.328157947792381,2.999999999999996,0
14.166666666666666,SCOUT,scout_5e98d295,1.3845826792955043,-3.1561150738945445,2.999999999999996,1
14.166666666666666,SCOUT,scout_c8e21d40,3.5196439889310844,-3.8261580606388805,2.999999999999996,1
14.166666666666666,SCOUT,scout_283b8e5e,5.432812474421782,-2.07687864489407,2.999999999999996,1
14.166666666666666,SCOUT,scout_1bd12edb,-5.299771040675776,4.122165340029561,2.999999999999996,2
14.166666666666666,SCOUT,scout_bf5b3d15,-3.493006273507495,3.190046541115988,2.999999999999996,2
14.166666666666666,SCOUT,scout_5adbfd88,-1.2121898379096476,3.2636870813256458,2.999999999999996,2
14.166666666666666,SCOUT,scout_a3683d0e,1.3787899180377967,4.90230434800273,2.999999999999996,3
14.166666666666666,SCOUT,scout_2e5f69a0,3.479560543236374,3.3789674998054946,2.999999999999996,3
14.166666666666666,SCOUT,scout_d6cec7ec,5.330165328717551,5.0055104748264485,2.999999999999996,3
14.166666666666666,WORKER,worker,-1.75,-3.75,2.0,0
14.166666666666666,WORKER,worker,-5.75,-3.7499999999999996,2.0,0
14.166666666666666,WORKER,worker,5.75,-3.75,2.0,1
14.166666666666666,WORKER,worker,1.75,-3.7499999999999996,2.0,1
14.166666666666666,WORKER,worker,-1.75,3.75,2.0,2
14.166666666666666,WORKER,worker,-5.75,3.7500000000000004,2.0,2
14.166666666666666,WORKER,worker,5.75,3.75,2.0,3
14.166666666666666,WORKER,worker,1.75,3.7500000000000004,2.0,3
14.333333333333334,GENERAL,general,0.0,0.0,4.0,-1
14.333333333333334,NODE,node_0,-3.4303669730906963,-3.5117604732845735,2.9999999999997886,0
14.333333333333334,NODE,node_1,3.516838029436193,-3.318651565608966,2.9999999999997886,1
14.333333333333334,NODE,node_2,-3.9438941118278503,3.6030352959590193,2.9999999999997886,2
14.333333333333334,NODE,node_3,3.884187418082686,3.6709831229831003,2.9999999999997886,3
14.333333333333334,SCOUT,scout_d2cf4d0a,-5.299667006773404,-2.7673621926836898,2.999999999999996,0
14.333333333333334,SCOUT,scout_5c3ff6f5,-3.4037041087859663,-3.2554578308273987,2.999999999999996,0
14.333333333333334,SCOUT,scout_20a72312,-1.321652824121356,-4.735417721424254,2.999999999999996,0
14.333333333333334,SCOUT,scout_5e98d295,1.3805630027060047,-2.751244614719939,2.999999999999996,1
14.333333333333334,SCOUT,scout_c8e21d40,3.5421196119022453,-4.21270312567638,2.999999999999996,1
14.333333333333334,SCOUT,scout_283b8e5e,5.3015750050627,-2.299943276972597,2.999999999999996,1
14.333333333333334,SCOUT,scout_1bd12edb,-5.317070094950506,4.5264929414444115,2.999999999999996,2
14.333333333333334,SCOUT,scout_bf5b3d15,-3.467730130086095,3.541851387727117,2.999999999999996,2
14.333333333333334,SCOUT,scout_5adbfd88,-1.1891017203731087,3.6622874472665625,2.999999999999996,2
14.333333333333334,SCOUT,scout_a3683d0e,1.381019528997018,5.091443917103898,2.999999999999996,3
14.333333333333334,SCOUT,scout_2e5f69a0,3.5067737307753912,3.0068068433852515,2.999999999999996,3
14.333333333333334,SCOUT,scout_d6cec7ec,5.315838278837302,5.233377608660218,2.999999999999996,3
14.333333333333334,WORKER,worker,-1.75,-3.75,2.0,0
14.333333333333334,WORKER,worker,-5.75,-3.7499999999999996,2.0,0
14.333333333333334,WORKER,worker,5.75,-3.75,2.0,1
14.333333333333334,WORKER,worker,1.75,-3.7499999999999996,2.0,1
14.333333333333334,WORKER,worker,-1.75,3.75,2.0,2
14.333333333333334,WORKER,worker,-5.75,3.7500000000000004,2.0,2
14.333333333333334,WORKER,worker,5.75,3.75,2.0,3
14.333333333333334,WORKER,worker,1.75,3.7500000000000004,2.0,3
14.5,GENERAL,general,0.0,0.0,4.0,-1
14.5,NODE,node_0,-3.410189051170097,-3.5184271358911263,2.9999999999998495,0
14.5,NODE,node_1,3.5424883934557094,-3.3343268686232266,2.9999999999998495,1
14.5,NODE,node_2,-3.969386905124999,3.742752876334427,2.9999999999998495,2
14.5,NODE,node_3,3.8576909749625,3.584815092703006,2.9999999999998495,3
14.5,SCOUT,scout_d2cf4d0a,-5.330697300637016,-2.4571786728487566,2.999999999999996,0
14.5,SCOUT,scout_5c3ff6f5,-3.4265253378736875,-2.89610203124746,2.999999999999996,0
14.5,SCOUT,scout_20a72312,-1.3155811582200743,-5.103900181621382,2.999999999999996,0
14.5,SCOUT,scout_5e98d295,1.3713144446668097,-2.384974136843323,2.999999999999996,1
14.5,SCOUT,scout_c8e21d40,3.5686919622531263,-4.598993635074053,2.999999999999996,1
14.5,SCOUT,scout_283b8e5e,5.199771029089791,-2.716569051076061,2.999999999999996,1
14.5,SCOUT,scout_1bd12edb,-5.330683554887685,4.9058358783179665,2.999999999999996,2
14.5,SCOUT,scout_bf5b3d15,-3.4514084005936048,3.8938435279960673,2.999999999999996,2
14.5,SCOUT,scout_5adbfd88,-1.1741248765042467,4.062507466374982,2.999999999999996,2
14.5,SCOUT,scout_a3683d0e,1.3985899125414782,4.72353296061192,2.999999999999996,3
14.5,SCOUT,scout_2e5f69a0,3.5413377968088744,2.641715855581049,2.999999999999996,3
14.5,SCOUT,scout_d6cec7ec,5.316213026059688,5.3275057987986125,2.999999999999996,3
14.5,WORKER,worker,-1.75,-3.75,2.0,0
14.5,WORKER,worker,-5.75,-3.7499999999999996,2.0,0
14.5,WORKER,worker,5.75,-3.75,2.0,1
14.5,WORKER,worker,1.75,-3.7499999999999996,2.0,1
14.5,WORKER,worker,-1.75,3.75,2.0,2
14.5,WORKER,worker,-5.75,3.7500000000000004,2.0,2
14.5,WORKER,worker,5.75,3.75,2.0,3
14.5,WORKER,worker,1.75,3.7500000000000004,2.0,3
14.666666666666666,GENERAL,general,0.0,0.0,4.0,-1
14.666666666666666,NODE,node_0,-3.391088704603872,-3.477291724870584,2.999999999999893,0
14.666666666666666,NODE,node_1,3.5764735834744097,-3.4017312427818918,2.999999999999893,1
14.666666666666666,NODE,node_2,-3.995828061321046,3.8758340042669435,2.999999999999893,2
14.666666666666666,NODE,node_3,3.8321319094254145,3.4904149559302464,2.999999999999893,3
14.666666666666666,SCOUT,scout_d2cf4d0a,-5.36775786324957,-2.167079872507172,2.999999999999996,0
14.666666666666666,SCOUT,scout_5c3ff6f5,-3.4517819556231495,-2.5387178036572298,2.999999999999996,0
14.666666666666666,SCOUT,scout_20a72312,-1.3089241751751102,-4.9350387590249705,2.999999999999996,0
14.666666666666666,SCOUT,scout_5e98d295,1.3758771714709737,-2.5527326261556085,2.999999999999996,1
14.666666666666666,SCOUT,scout_c8e21d40,3.598621339461104,-4.984953486847045,2.999999999999996,1
14.666666666666666,SCOUT,scout_283b8e5e,5.17142156245433,-3.159286890180173,2.999999999999996,1
14.666666666666666,SCOUT,scout_1bd12edb,-5.326736571762709,5.219365479545431,2.999999999999996,2
14.666666666666666,SCOUT,scout_bf5b3d15,-3.4440776634742236,4.245350866915039,2.999999999999996,2
14.666666666666666,SCOUT,scout_5adbfd88,-1.172182176956042,4.462905319824134,2.999999999999996,2
14.666666666666666,SCOUT,scout_a3683d0e,1.415893316413479,4.274723501303275,2.999999999999996,3
14.666666666666666,SCOUT,scout_2e5f69a0,3.579581162343262,2.3888067770918497,2.999999999999996,3
14.666666666666666,SCOUT,scout_d6cec7ec,5.326513027157554,5.3448788388915505,2.999999999999996,3
14.666666666666666,WORKER,worker,-1.75,-3.75,2.0,0
14.666666666666666,WORKER,worker,-5.75,-3.7499999999999996,2.0,0
14.666666666666666,WORKER,worker,5.75,-3.75,2.0,1
14.666666666666666,WORKER,worker,1.75,-3.7499999999999996,2.0,1
14.666666666666666,WORKER,worker,-1.75,3.75,2.0,2
14.666666666666666,WORKER,worker,-5.75,3.7500000000000004,2.0,2
14.666666666666666,WORKER,worker,5.75,3.75,2.0,3
14.666666666666666,WORKER,worker,1.75,3.7500000000000004,2.0,3
14.833333333333334,GENERAL,general,0.0,0.0,4.0,-1
14.833333333333334,NODE,node_0,-3.3683528382795656,-3.44826548651891,2.9999999999999236,0
14.833333333333334,NODE,node_1,3.6148559960548607,-3.4593127196492053,2.9999999999999236,1
14.833333333333334,NODE,node_2,-4.030703540453516,3.9958384354324483,2.9999999999999236,2
14.833333333333334,NODE,node_3,3.80481367355717,3.442647399447449,2.9999999999999236,3
14.833333333333334,SCOUT,scout_d2cf4d0a,-5.361792222349165,-2.058824394785002,2.999999999999996,0
14.833333333333334,SCOUT,scout_5c3ff6f5,-3.4543079564187487,-2.372554428565448,2.999999999999996,0
14.833333333333334,SCOUT,scout_20a72312,-1.3094244321674338,-4.607076837610346,2.999999999999996,0
14.833333333333334,SCOUT,scout_5e98d295,1.3851985682303753,-2.9174245282869826,2.999999999999996,1
14.833333333333334,SCOUT,scout_c8e21d40,3.628774382109173,-5.011853768103382,2.999999999999996,1
14.833333333333334,SCOUT,scout_283b8e5e,5.191451849423725,-3.5934547298889083,2.999999999999996,1
14.833333333333334,SCOUT,scout_1bd12edb,-5.390603693722195,5.401423977227595,2.999999999999996,2
14.833333333333334,SCOUT,scout_bf5b3d15,-3.4447003661398092,4.597142513942647,2.999999999999996,2
14.833333333333334,SCOUT,scout_5adbfd88,-1.1775952832236538,4.8635037716498335,2.999999999999996,2
14.833333333333334,SCOUT,scout_a3683d0e,1.4283598895902294,3.813411692604873,2.999999999999996,3
14.833333333333334,SCOUT,scout_2e5f69a0,3.6102495799622996,2.6511188401959616,2.999999999999996,3
14.833333333333334,SCOUT,scout_d6cec7ec,5.333794530756481,5.340426693577989,2.999999999999996,3
14.833333333333334,WORKER,worker,-1.75,-3.75,2.0,0
14.833333333333334,WORKER,worker,-5.75,-3.7499999999999996,2.0,0
14.833333333333334,WORKER,worker,5.75,-3.75,2.0,1
14.833333333333334,WORKER,worker,1.75,-3.7499999999999996,2.0,1
14.833333333333334,WORKER,worker,-1.75,3.75,2.0,2
14.833333333333334,WORKER,worker,-5.75,3.7500000000000004,2.0,2
14.833333333333334,WORKER,worker,5.75,3.75,2.0,3
14.833333333333334,WORKER,worker,1.75,3.7500000000000004,2.0,3
15.0,GENERAL,general,0.0,0.0,4.0,-1
15.0,NODE,node_0,-3.332454683683934,-3.4800358170253185,2.999999999999946,0
15.0,NODE,node_1,3.641376424899906,-3.475751830135797,2.999999999999946,1
15.0,NODE,node_2,-4.059663730853452,4.0499703567287835,2.999999999999946,2
15.0,NODE,node_3,3.788995367279978,3.408983906454504,2.999999999999946,3
15.0,SCOUT,scout_d2cf4d0a,-5.274655375433577,-2.3069911114233377,2.999999999999996,0
15.0,SCOUT,scout_5c3ff6f5,-3.4164052591144176,-2.6227871017512974,2.999999999999996,0
15.0,SCOUT,scout_20a72312,-1.313584628152812,-4.258391815375096,2.999999999999996,0
15.0,SCOUT,scout_5e98d295,1.393025167242994,-3.3138346343439307,2.999999999999996,1
15.0,SCOUT,scout_c8e21d40,3.6355877331047237,-4.660367037349882,2.999999999999996,1
15.0,SCOUT,scout_283b8e5e,5.259295192496215,-3.990196122887319,2.999999999999996,1
15.0,SCOUT,scout_1bd12edb,-5.372502010788213,5.151224679808495,2.999999999999996,2
15.0,SCOUT,scout_bf5b3d15,-3.4555176861767816,4.953523280785155,2.999999999999996,2
15.0,SCOUT,scout_5adbfd88,-1.1810297796535867,5.084578504924048,2.999999999999996,2
15.0,SCOUT,scout_a3683d0e,1.4341865906079083,3.350461696070704,2.999999999999996,3
15.0,SCOUT,scout_2e5f69a0,3.6251272841136633,3.046086444790071,2.999999999999996,3
15.0,SCOUT,scout_d6cec7ec,5.33588342928275,5.335729794760596,2.999999999999996,3
15.0,WORKER,worker,-1.75,-3.75,2.0,0
15.0,WORKER,worker,-5.75,-3.7499999999999996,2.0,0
15.0,WORKER,worker,5.75,-3.75,2.0,1
15.0,WORKER,worker,1.75,-3.7499999999999996,2.0,1
15.0,WORKER,worker,-1.75,3.75,2.0,2
15.0,WORKER,worker,-5.75,3.7500000000000004,2.0,2
15.0,WORKER,worker,5.75,3.75,2.0,3
15.0,WORKER,worker,1.75,3.7500000000000004,2.0,3
15.166666666666666,GENERAL,general,0.0,0.0,4.0,-1
15.166666666666666,NODE,node_0,-3.2956838671334343,-3.47665902548552,2.9999999999999614,0
15.166666666666666,NODE,node_1,3.612595958121917,-3.4867764773718517,2.9999999999999614,1
15.166666666666666,NODE,node_2,-4.077973180305741,3.9643055520608477,2.9999999999999614,2
15.166666666666666,NODE,node_3,3.825440989783118,3.377517727592262,2.9999999999999614,3
15.166666666666666,SCOUT,scout_d2cf4d0a,-5.224190698279231,-2.6229483126657605,2.999999999999996,0
15.166666666666666,SCOUT,scout_5c3ff6f5,-3.3741512780963543,-2.9559012085578984,2.999999999999996,0
15.166666666666666,SCOUT,scout_20a72312,-1.3172175977694927,-3.9063824074381857,2.999999999999996,0
15.166666666666666,SCOUT,scout_5e98d295,1.397791779790229,-3.7152373489048283,2.999999999999996,1
15.166666666666666,SCOUT,scout_c8e21d40,3.5753619949111193,-4.270401121471899,2.999999999999996,1
15.166666666666666,SCOUT,scout_283b8e5e,5.332944233435978,-4.389951703219603,2.999999999999996,1
15.166666666666666,SCOUT,scout_1bd12edb,-5.305404614061826,4.714584865698097,2.999999999999996,2
15.166666666666666,SCOUT,scout_bf5b3d15,-3.460167945839074,5.115108152189342,2.999999999999996,2
15.166666666666666,SCOUT,scout_5adbfd88,-1.1764351524286514,4.76516600643129,2.999999999999996,2
15.166666666666666,SCOUT,scout_a3683d0e,1.4317100683441233,2.887841909947887,2.999999999999996,3
15.166666666666666,SCOUT,scout_2e5f69a0,3.671416606299188,3.4622932553657035,2.999999999999996,3
15.166666666666666,SCOUT,scout_d6cec7ec,5.3354864865412805,5.333967444747217,2.999999999999996,3
15.166666666666666,WORKER,worker,-1.75,-3.75,2.0,0
15.166666666666666,WORKER,worker,-5.75,-3.7499999999999996,2.0,0
15.166666666666666,WORKER,worker,5.75,-3.75,2.0,1
15.166666666666666,WORKER,worker,1.75,-3.7499999999999996,2.0,1
15.166666666666666,WORKER,worker,-1.75,3.75,2.0,2
15.166666666666666,WORKER,worker,-5.75,3.7500000000000004,2.0,2
15.166666666666666,WORKER,worker,5.75,3.75,2.0,3
15.166666666666666,WORKER,worker,1.75,3.7500000000000004,2.0,3
15.333333333333334,GENERAL,general,0.0,0.0,4.0,-1
15.333333333333334,NODE,node_0,-3.2632248949767684,-3.47565174411716,2.9999999999999725,0
15.333333333333334,NODE,node_1,3.582156581284179,-3.49711869984781,2.9999999999999725,1
15.333333333333334,NODE,node_2,-4.0989202744222295,3.8290576021869924,2.9999999999999725,2
15.333333333333334,NODE,node_3,3.858571685219379,3.3478443118366124,2.9999999999999725,3
15.333333333333334,SCOUT,scout_d2cf4d0a,-5.213434403545159,-2.9468019739720055,2.999999999999996,0
15.333333333333334,SCOUT,scout_5c3ff6f5,-3.3379247823030687,-3.3023462702115056,2.999999999999996,0
15.333333333333334,SCOUT,scout_20a72312,-1.3129988485763946,-3.5551713294523277,2.999999999999996,0
15.333333333333334,SCOUT,scout_5e98d295,1.3987371615868436,-4.117262500111279,2.999999999999996,1
15.333333333333334,SCOUT,scout_c8e21d40,3.5221507139430295,-3.8528133910594815,2.999999999999996,1
15.333333333333334,SCOUT,scout_283b8e5e,5.386482927233479,-4.814069465539593,2.999999999999996,1
15.333333333333334,SCOUT,scout_1bd12edb,-5.277424406858356,4.295393768716969,2.999999999999996,2
15.333333333333334,SCOUT,scout_bf5b3d15,-3.4279810643939164,4.8672068333804805,2.999999999999996,2
15.333333333333334,SCOUT,scout_5adbfd88,-1.1938921258980602,4.348508512165293,2.999999999999996,2
15.333333333333334,SCOUT,scout_a3683d0e,1.4185337051175118,2.426252288357433,2.999999999999996,3
15.333333333333334,SCOUT,scout_2e5f69a0,3.683987546719362,3.8830294775650582,2.999999999999996,3
15.333333333333334,SCOUT,scout_d6cec7ec,5.344108779848604,5.34272324254236,2.999999999999996,3
15.333333333333334,WORKER,worker,-1.75,-3.75,2.0,0
15.333333333333334,WORKER,worker,-5.75,-3.7499999999999996,2.0,0
15.333333333333334,WORKER,worker,5.75,-3.75,2.0,1
15.333333333333334,WORKER,worker,1.75,-3.7499999999999996,2.0,1
15.333333333333334,WORKER,worker,-1.75,3.75,2.0,2
15.333333333333334,WORKER,worker,-5.75,3.7500000000000004,2.0,2
15.333333333333334,WORKER,worker,5.75,3.75,2.0,3
15.333333333333334,WORKER,worker,1.75,3.7500000000000004,2.0,3
15.5,GENERAL,general,0.0,0.0,4.0,-1
15.5,NODE,node_0,-3.2293285267472602,-3.4746296034243573,2.999999999999981,0
15.5,NODE,node_1,3.5545973222700686,-3.506277927415209,2.999999999999981,1
15.5,NODE,node_2,-4.123870925783568,3.6886339026483985,2.999999999999981,2
15.5,NODE,node_3,3.888692324183347,3.363303896484788,2.999999999999981,3
15.5,SCOUT,scout_d2cf4d0a,-5.220810536653771,-3.269113002340341,2.999999999999996,0
15.5,SCOUT,scout_5c3ff6f5,-3.311463190891157,-3.6503859139853185,2.999999999999996,0
15.5,SCOUT,scout_20a72312,-1.259931318896483,-3.2052450537224684,2.999999999999996,0
15.5,SCOUT,scout_5e98d295,1.3950854650468036,-4.519124689271098,2.999999999999996,1
15.5,SCOUT,scout_c8e21d40,3.5286205668750443,-3.433681684696995,2.999999999999996,1
15.5,SCOUT,scout_283b8e5e,5.410313861783656,-5.225171223500337,2.999999999999996,1
15.5,SCOUT,scout_1bd12edb,-5.279123141324343,3.8772601908303037,2.999999999999996,2
15.5,SCOUT,scout_bf5b3d15,-3.3961641215088028,4.58337175342659,2.999999999999996,2
15.5,SCOUT,scout_5adbfd88,-1.2121987792716606,3.916011675577972,2.999999999999996,2
15.5,SCOUT,scout_a3683d0e,1.4006420836749156,2.498269605851472,2.999999999999996,3
15.5,SCOUT,scout_2e5f69a0,3.6444106400035348,4.276396555297302,2.999999999999996,3
15.5,SCOUT,scout_d6cec7ec,5.37941053853428,5.371942822600295,2.999999999999996,3
15.5,WORKER,worker,-1.75,-3.75,2.0,0
15.5,WORKER,worker,-5.75,-3.7499999999999996,2.0,0
15.5,WORKER,worker,5.75,-3.75,2.0,1
15.5,WORKER,worker,1.75,-3.7499999999999996,2.0,1
15.5,WORKER,worker,-1.75,3.75,2.0,2
15.5,WORKER,worker,-5.75,3.7500000000000004,2.0,2
15.5,WORKER,worker,5.75,3.75,2.0,3
15.5,WORKER,worker,1.75,3.7500000000000004,2.0,3
15.666666666666666,GENERAL,general,0.0,0.0,4.0,-1
15.666666666666666,NODE,node_0,-3.2024887987105566,-3.472010614904,2.9999999999999853,0
15.666666666666666,NODE,node_1,3.5263372269162105,-3.4947774126916507,2.9999999999999853,1
15.666666666666666,NODE,node_2,-4.151418503122537,3.5487591830041576,2.9999999999999853,2
15.666666666666666,NODE,node_3,3.917665150297214,3.411347558069479,2.9999999999999853,3
15.666666666666666,SCOUT,scout_d2cf4d0a,-5.233621676841131,-3.588070995174234,2.999999999999996,0
15.666666666666666,SCOUT,scout_5c3ff6f5,-3.3249994330162163,-3.9919137063257124,2.999999999999996,0
15.666666666666666,SCOUT,scout_20a72312,-1.2411902742857923,-2.850939065616403,2.999999999999996,0
15.666666666666666,SCOUT,scout_5e98d295,1.385758791500859,-4.9205677526595615,2.999999999999996,1
15.666666666666666,SCOUT,scout_c8e21d40,3.5524778734443685,-3.0153854227738703,2.999999999999996,1
15.666666666666666,SCOUT,scout_283b8e5e,5.40918034445971,-5.38770414285568,2.999999999999996,1
15.666666666666666,SCOUT,scout_1bd12edb,-5.29416883474148,3.4611137918369472,2.999999999999996,2
15.666666666666666,SCOUT,scout_bf5b3d15,-3.37329264661863,4.298606059958686,2.999999999999996,2
15.666666666666666,SCOUT,scout_5adbfd88,-1.2279213994353753,3.480527611341617,2.999999999999996,2
15.666666666666666,SCOUT,scout_a3683d0e,1.398559886277481,2.894101320063864,2.999999999999996,3
15.666666666666666,SCOUT,scout_2e5f69a0,3.593547794487868,4.665858308674139,2.999999999999996,3
15.666666666666666,SCOUT,scout_d6cec7ec,5.410225249545282,5.387211352725935,2.999999999999996,3
15.666666666666666,WORKER,worker,-1.75,-3.75,2.0,0
15.666666666666666,WORKER,worker,-5.75,-3.7499999999999996,2.0,0
15.666666666666666,WORKER,worker,5.75,-3.75,2.0,1
15.666666666666666,WORKER,worker,1.75,-3.7499999999999996,2.0,1
15.666666666666666,WORKER,worker,-1.75,3.75,2.0,2
15.666666666666666,WORKER,worker,-5.75,3.7500000000000004,2.0,2
15.666666666666666,WORKER,worker,5.75,3.75,2.0,3
15.666666666666666,WORKER,worker,1.75,3.7500000000000004,2.0,3
15.833333333333334,GENERAL,general,0.0,0.0,4.0,-1
15.833333333333334,NODE,node_0,-3.179890464374983,-3.4687886721181793,2.99999999999999,0
15.833333333333334,NODE,node_1,3.493651510664736,-3.410286403063754,2.99999999999999,1
15.833333333333334,NODE,node_2,-4.179598616664122,3.411358373305858,2.99999999999999,2
15.833333333333334,NODE,node_3,3.9429929017010563,3.448270370913079,2.99999999999999,3
15.833333333333334,SCOUT,scout_d2cf4d0a,-5.248813233714261,-3.9024260829715263,2.999999999999996,0
15.833333333333334,SCOUT,scout_5c3ff6f5,-3.3438724702557874,-4.333398070841221,2.999999999999996,0
15.833333333333334,SCOUT,scout_20a72312,-1.2494561039747978,-2.4979495042155806,2.999999999999996,0
15.833333333333334,SCOUT,scout_5e98d295,1.3713968780138268,-5.085340976210357,2.999999999999996,1
15.833333333333334,SCOUT,scout_c8e21d40,3.582760994568757,-2.597615516112439,2.999999999999996,1
15.833333333333334,SCOUT,scout_283b8e5e,5.364962417425395,-4.998308651565907,2.999999999999996,1
15.833333333333334,SCOUT,scout_1bd12edb,-5.29024864641699,3.062868466483743,2.999999999999996,2
15.833333333333334,SCOUT,scout_bf5b3d15,-3.360731060932296,4.01650383506338,2.999999999999996,2
15.833333333333334,SCOUT,scout_5adbfd88,-1.2448438275118656,3.0455004383892827,2.999999999999996,2
15.833333333333334,SCOUT,scout_a3683d0e,1.411982362328815,3.3433355280728128,2.999999999999996,3
15.833333333333334,SCOUT,scout_2e5f69a0,3.5495108571323093,5.0621839073384365,2.999999999999996,3
15.833333333333334,SCOUT,scout_d6cec7ec,5.376421412734893,5.198839979486961,2.999999999999996,3
15.833333333333334,WORKER,worker,-1.75,-3.75,2.0,0
15.833333333333334,WORKER,worker,-5.75,-3.7499999999999996,2.0,0
15.833333333333334,WORKER,worker,5.75,-3.75,2.0,1
15.833333333333334,WORKER,worker,1.75,-3.7499999999999996,2.0,1
15.833333333333334,WORKER,worker,-1.75,3.75,2.0,2
15.833333333333334,WORKER,worker,-5.75,3.7500000000000004,2.0,2
15.833333333333334,WORKER,worker,5.75,3.75,2.0,3
15.833333333333334,WORKER,worker,1.75,3.7500000000000004,2.0,3
16.0,GENERAL,general,0.0,0.0,4.0,-1
16.0,NODE,node_0,-3.1587989032209567,-3.4907690543040664,2.999999999999994,0
16.0,NODE,node_1,3.4644403502519525,-3.293620805033571,2.999999999999994,1
16.0,NODE,node_2,-4.208033735375965,3.278560909573064,2.999999999999994,2
16.0,NODE,node_3,3.9610971620142217,3.4278156370530413,2.999999999999994,3
16.0,SCOUT,scout_d2cf4d0a,-5.2662195299331644,-4.210751427743853,2.999999999999996,0
16.0,SCOUT,scout_5c3ff6f5,-3.369278911958873,-4.674387397477557,2.999999999999996,0
16.0,SCOUT,scout_20a72312,-1.2607568426479352,-2.461670246231287,2.999999999999996,0
16.0,SCOUT,scout_5e98d295,1.3631673631734869,-4.762601924933933,2.999999999999996,1
16.0,SCOUT,scout_c8e21d40,3.6082647175302793,-2.3956864766656047,2.999999999999996,1
16.0,SCOUT,scout_283b8e5e,5.366999199085607,-4.626933460778213,2.999999999999996,1
16.0,SCOUT,scout_1bd12edb,-5.2726903547324975,2.6976257213282113,2.999999999999996,2
16.0,SCOUT,scout_bf5b3d15,-3.3574801345931498,3.7376124542674805,2.999999999999996,2
16.0,SCOUT,scout_5adbfd88,-1.2593768709446382,2.6105347326360753,2.999999999999996,2
16.0,SCOUT,scout_a3683d0e,1.423452909535185,3.8009633434079055,2.999999999999996,3
16.0,SCOUT,scout_2e5f69a0,3.4953393067199783,5.03937292269857,2.999999999999996,3
16.0,SCOUT,scout_d6cec7ec,5.289578118721938,4.802918012949198,2.999999999999996,3
16.0,WORKER,worker,-1.75,-3.75,2.0,0
16.0,WORKER,worker,-5.75,-3.7499999999999996,2.0,0
16.0,WORKER,worker,5.75,-3.75,2.0,1
16.0,WORKER,worker,1.75,-3.7499999999999996,2.0,1
16.0,WORKER,worker,-1.75,3.75,2.0,2
16.0,WORKER,worker,-5.75,3.7500000000000004,2.0,2
16.0,WORKER,worker,5.75,3.75,2.0,3
16.0,WORKER,worker,1.75,3.7500000000000004,2.0,3
16.166666666666668,GENERAL,general,0.0,0.0,4.0,-1
16.166666666666668,NODE,node_0,-3.1391996933676256,-3.5498472261477825,2.999999999999994,0
16.166666666666668,NODE,node_1,3.431766345128394,-3.2196514020341858,2.999999999999994,1
16.166666666666668,NODE,node_2,-4.240711663586664,3.1667864287703846,2.999999999999994,2
16.166666666666668,NODE,node_3,3.9831719364433993,3.378721781887358,2.999999999999994,3
16.166666666666668,SCOUT,scout_d2cf4d0a,-5.286455948642643,-4.511124116006851,2.999999999999996,0
16.166666666666668,SCOUT,scout_5c3ff6f5,-3.3998629245706007,-5.015257481625758,2.999999999999996,0
16.166666666666668,SCOUT,scout_20a72312,-1.2714125751884229,-2.7950898685232746,2.999999999999996,0
16.166666666666668,SCOUT,scout_5e98d295,1.3700375896328616,-4.3700368223579815,2.999999999999996,1
16.166666666666668,SCOUT,scout_c8e21d40,3.613923327845525,-2.670704025486859,2.999999999999996,1
16.166666666666668,SCOUT,scout_283b8e5e,5.33153684357862,-4.2649534607063995,2.999999999999996,1
16.166666666666668,SCOUT,scout_1bd12edb,-5.289136324120285,2.3574824438563207,2.999999999999996,2
16.166666666666668,SCOUT,scout_bf5b3d15,-3.362527833986096,3.461617562642014,2.999999999999996,2
16.166666666666668,SCOUT,scout_5adbfd88,-1.2701812841464535,2.398502131652681,2.999999999999996,2
16.166666666666668,SCOUT,scout_a3683d0e,1.4285941853338162,4.2595481984864785,2.999999999999996,3
16.166666666666668,SCOUT,scout_2e5f69a0,3.4506055328622383,4.72373367741348,2.999999999999996,3
16.166666666666668,SCOUT,scout_d6cec7ec,5.248243948320922,4.44004168603188,2.999999999999996,3
16.166666666666668,WORKER,worker,-1.75,-3.75,2.0,0
16.166666666666668,WORKER,worker,-5.75,-3.7499999999999996,2.0,0
16.166666666666668,WORKER,worker,5.75,-3.75,2.0,1
16.166666666666668,WORKER,worker,1.75,-3.7499999999999996,2.0,1
16.166666666666668,WORKER,worker,-1.75,3.75,2.0,2
16.166666666666668,WORKER,worker,-5.75,3.7500000000000004,2.0,2
16.166666666666668,WORKER,worker,5.75,3.75,2.0,3
16.166666666666668,WORKER,worker,1.75,3.7500000000000004,2.0,3
16.333333333333332,GENERAL,general,0.0,0.0,4.0,-1
16.333333333333332,NODE,node_0,-3.120303927854398,-3.5921972194441447,2.999999999999994,0
16.333333333333332,NODE,node_1,3.3955876590296667,-3.1529229616300425,2.999999999999994,1
16.333333333333332,NODE,node_2,-4.2772741460043155,3.108012568564457,2.999999999999994,2
16.333333333333332,NODE,node_3,4.00922388484148,3.3281883209735557,2.999999999999994,3
16.333333333333332,SCOUT,scout_d2cf4d0a,-5.310606382191956,-4.801590381078294,2.999999999999996,0
16.333333333333332,SCOUT,scout_5c3ff6f5,-3.4249280130114914,-5.085568236061994,2.999999999999996,0
16.333333333333332,SCOUT,scout_20a72312,-1.2808690273368692,-3.190668173301397,2.999999999999996,0
16.333333333333332,SCOUT,scout_5e98d295,1.3781438794000582,-3.966565380603618,2.999999999999996,1
16.333333333333332,SCOUT,scout_c8e21d40,3.6160762531234405,-3.0405199536316965,2.999999999999996,1
16.333333333333332,SCOUT,scout_283b8e5e,5.278692231765985,-3.8861793243670073,2.999999999999996,1
16.333333333333332,SCOUT,scout_1bd12edb,-5.332309969275315,2.047484138594128,2.999999999999996,2
16.333333333333332,SCOUT,scout_bf5b3d15,-3.394094153016375,3.194264536839174,2.999999999999996,2
16.333333333333332,SCOUT,scout_5adbfd88,-1.2616715742303857,2.6740373905139836,2.999999999999996,2
16.333333333333332,SCOUT,scout_a3683d0e,1.386027144301607,4.714647182995838,2.999999999999996,3
16.333333333333332,SCOUT,scout_2e5f69a0,3.4474659639933196,4.384421566026387,2.999999999999996,3
16.333333333333332,SCOUT,scout_d6cec7ec,5.244582309766851,4.085674950776284,2.999999999999996,3
16.333333333333332,WORKER,worker,-1.75,-3.75,2.0,0
16.333333333333332,WORKER,worker,-5.75,-3.7499999999999996,2.0,0
16.333333333333332,WORKER,worker,5.75,-3.75,2.0,1
16.333333333333332,WORKER,worker,1.75,-3.7499999999999996,2.0,1
16.333333333333332,WORKER,worker,-1.75,3.75,2.0,2
16.333333333333332,WORKER,worker,-5.75,3.7500000000000004,2.0,2
16.333333333333332,WORKER,worker,5.75,3.75,2.0,3
16.333333333333332,WORKER,worker,1.75,3.7500000000000004,2.0,3
16.5,GENERAL,general,0.0,0.0,4.0,-1
16.5,NODE,node_0,-3.1006992969821336,-3.5953033680159896,2.999999999999994,0
16.5,NODE,node_1,3.362211703690974,-3.087833158768815,2.999999999999994,1
16.5,NODE,node_2,-4.311467860433913,3.088987446076495,2.999999999999994,2
16.5,NODE,node_3,4.039201147355824,3.2741687568184337,2.999999999999994,3
16.5,SCOUT,scout_d2cf4d0a,-5.341777154603288,-5.087466110635569,2.999999999999996,0
16.5,SCOUT,scout_5c3ff6f5,-3.432778205924273,-4.7727539116593825,2.999999999999996,0
16.5,SCOUT,scout_20a72312,-1.288860966839839,-3.596274211770596,2.999999999999996,0
16.5,SCOUT,scout_5e98d295,1.3834280076514307,-3.5614670279599405,2.999999999999996,1
16.5,SCOUT,scout_c8e21d40,3.574208604857142,-3.4098000748043327,2.999999999999996,1
16.5,SCOUT,scout_283b8e5e,5.299309035988165,-3.5164341462854614,2.999999999999996,1
16.5,SCOUT,scout_1bd12edb,-5.33033791201232,2.0744771606798347,2.999999999999996,2
16.5,SCOUT,scout_bf5b3d15,-3.47199414130004,2.9332771595048204,2.999999999999996,2
16.5,SCOUT,scout_5adbfd88,-1.2176089545654822,3.0425230623367683,2.999999999999996,2
16.5,SCOUT,scout_a3683d0e,1.3612303134846402,5.125008896300732,2.999999999999996,3
16.5,SCOUT,scout_2e5f69a0,3.4509265815784933,4.023734993200829,2.999999999999996,3
16.5,SCOUT,scout_d6cec7ec,5.257741980240055,3.7356600877894177,2.999999999999996,3
16.5,WORKER,worker,-1.75,-3.75,2.0,0
16.5,WORKER,worker,-5.75,-3.7499999999999996,2.0,0
16.5,WORKER,worker,5.75,-3.75,2.0,1
16.5,WORKER,worker,1.75,-3.7499999999999996,2.0,1
16.5,WORKER,worker,-1.75,3.75,2.0,2
16.5,WORKER,worker,-5.75,3.7500000000000004,2.0,2
16.5,WORKER,worker,5.75,3.75,2.0,3
16.5,WORKER,worker,1.75,3.7500000000000004,2.0,3
16.666666666666668,GENERAL,general,0.0,0.0,4.0,-1
16.666666666666668,NODE,node_0,-3.0805847597024156,-3.586841187944969,2.999999999999994,0
16.666666666666668,NODE,node_1,3.3277152835869437,-3.0226169168021206,2.999999999999994,1
16.666666666666668,NODE,node_2,-4.34574769247267,3.096835030786479,2.999999999999994,2
16.666666666666668,NODE,node_3,4.070914257179959,3.1608350778730414,2.999999999999994,3
16.666666666666668,SCOUT,scout_d2cf4d0a,-5.374316765212115,-5.30606921713359,2.999999999999996,0
16.666666666666668,SCOUT,scout_5c3ff6f5,-3.4375346075037987,-4.405897500306483,2.999999999999996,0
16.666666666666668,SCOUT,scout_20a72312,-1.2951243957022518,-4.003480079613949,2.999999999999996,0
16.666666666666668,SCOUT,scout_5e98d295,1.3845828289800215,-3.1563059513350633,2.999999999999996,1
16.666666666666668,SCOUT,scout_c8e21d40,3.509946226958698,-3.793602698714328,2.999999999999996,1
16.666666666666668,SCOUT,scout_283b8e5e,5.343372902488393,-3.1266720969462463,2.999999999999996,1
16.666666666666668,SCOUT,scout_1bd12edb,-5.350651902226324,2.344660988731024,2.999999999999996,2
16.666666666666668,SCOUT,scout_bf5b3d15,-3.5147647117059666,2.655946468303534,2.999999999999996,2
16.666666666666668,SCOUT,scout_5adbfd88,-1.1982078351576873,3.4361265404181056,2.999999999999996,2
16.666666666666668,SCOUT,scout_a3683d0e,1.3735670635110742,4.8870393213389445,2.999999999999996,3
16.666666666666668,SCOUT,scout_2e5f69a0,3.4187715411988178,3.666263581909929,2.999999999999996,3
16.666666666666668,SCOUT,scout_d6cec7ec,5.276171194226184,3.3910347573656914,2.999999999999996,3
16.666666666666668,WORKER,worker,-1.75,-3.75,2.0,0
16.666666666666668,WORKER,worker,-5.75,-3.7499999999999996,2.0,0
16.666666666666668,WORKER,worker,5.75,-3.75,2.0,1
16.666666666666668,WORKER,worker,1.75,-3.7499999999999996,2.0,1
16.666666666666668,WORKER,worker,-1.75,3.75,2.0,2
16.666666666666668,WORKER,worker,-5.75,3.7500000000000004,2.0,2
16.666666666666668,WORKER,worker,5.75,3.75,2.0,3
16.666666666666668,WORKER,worker,1.75,3.7500000000000004,2.0,3
16.833333333333332,GENERAL,general,0.0,0.0,4.0,-1
16.833333333333332,NODE,node_0,-3.062463854198687,-3.566233834830382,2.999999999999994,0
16.833333333333332,NODE,node_1,3.296917213939204,-2.9566962016445584,2.999999999999994,1
16.833333333333332,NODE,node_2,-4.381607842531445,3.1085201654694696,2.999999999999994,2
16.833333333333332,NODE,node_3,4.103955135673608,3.0283801370089622,2.999999999999994,3
16.833333333333332,SCOUT,scout_d2cf4d0a,-5.3945590445576475,-5.4033992247463285,2.999999999999996,0
16.833333333333332,SCOUT,scout_5c3ff6f5,-3.472070549335077,-4.033410072614731,2.999999999999996,0
16.833333333333332,SCOUT,scout_20a72312,-1.2993156396955958,-4.410911316468697,2.999999999999996,0
16.833333333333332,SCOUT,scout_5e98d295,1.380565978510523,-2.751435265638755,2.999999999999996,1
16.833333333333332,SCOUT,scout_c8e21d40,3.5063087800331934,-4.182491113234766,2.999999999999996,1
16.833333333333332,SCOUT,scout_283b8e5e,5.37376958346764,-2.718492139096376,2.999999999999996,1
16.833333333333332,SCOUT,scout_1bd12edb,-5.401803846330144,2.655783884583327,2.999999999999996,2
16.833333333333332,SCOUT,scout_bf5b3d15,-3.513705466938578,2.3918271425570645,2.999999999999996,2
16.833333333333332,SCOUT,scout_5adbfd88,-1.2123424353984458,3.8338611713435147,2.999999999999996,2
16.833333333333332,SCOUT,scout_a3683d0e,1.393477168604104,4.4550103195501025,2.999999999999996,3
16.833333333333332,SCOUT,scout_2e5f69a0,3.3841791906573433,3.312569205633935,2.999999999999996,3
16.833333333333332,SCOUT,scout_d6cec7ec,5.296225862878751,3.0538674666543235,2.999999999999996,3
16.833333333333332,WORKER,worker,-1.75,-3.75,2.0,0
16.833333333333332,WORKER,worker,-5.75,-3.7499999999999996,2.0,0
16.833333333333332,WORKER,worker,5.75,-3.75,2.0,1
16.833333333333332,WORKER,worker,1.75,-3.7499999999999996,2.0,1
16.833333333333332,WORKER,worker,-1.75,3.75,2.0,2
16.833333333333332,WORKER,worker,-5.75,3.7500000000000004,2.0,2
16.833333333333332,WORKER,worker,5.75,3.75,2.0,3
16.833333333333332,WORKER,worker,1.75,3.7500000000000004,2.0,3
17.0,GENERAL,general,0.0,0.0,4.0,-1
17.0,NODE,node_0,-3.0407254107050945,-3.536243006745148,2.999999999999994,0
17.0,NODE,node_1,3.264978757545188,-2.8955848220451035,2.999999999999994,1
17.0,NODE,node_2,-4.416050060864041,3.161847565343018,2.999999999999994,2
17.0,NODE,node_3,4.141451390223582,2.8943904655322856,2.999999999999994,3
17.0,SCOUT,scout_d2cf4d0a,-5.373951228617849,-5.408044328732324,2.999999999999996,0
17.0,SCOUT,scout_5c3ff6f5,-3.511893924302637,-3.660085465267288,2.999999999999996,0
17.0,SCOUT,scout_20a72312,-1.3009363029667023,-4.818323444488233,2.999999999999996,0
17.0,SCOUT,scout_5e98d295,1.3713208070456464,-2.3851644800515968,2.999999999999996,1
17.0,SCOUT,scout_c8e21d40,3.533973476825664,-4.568567188752038,2.999999999999996,1
17.0,SCOUT,scout_283b8e5e,5.371359168933506,-2.3421898039903164,2.999999999999996,1
17.0,SCOUT,scout_1bd12edb,-5.438270223796374,2.9840001289467133,2.999999999999996,2
17.0,SCOUT,scout_bf5b3d15,-3.50906058344005,2.5671359335128554,2.999999999999996,2
17.0,SCOUT,scout_5adbfd88,-1.2310282881258436,4.232263726884581,2.999999999999996,2
17.0,SCOUT,scout_a3683d0e,1.410313508899032,3.996203009679683,2.999999999999996,3
17.0,SCOUT,scout_2e5f69a0,3.3894708467141266,2.9458327967047993,2.999999999999996,3
17.0,SCOUT,scout_d6cec7ec,5.319304576793613,2.7269868746132317,2.999999999999996,3
17.0,WORKER,worker,-1.75,-3.75,2.0,0
17.0,WORKER,worker,-5.75,-3.7499999999999996,2.0,0
17.0,WORKER,worker,5.75,-3.75,2.0,1
17.0,WORKER,worker,1.75,-3.7499999999999996,2.0,1
17.0,WORKER,worker,-1.75,3.75,2.0,2
17.0,WORKER,worker,-5.75,3.7500000000000004,2.0,2
17.0,WORKER,worker,5.75,3.75,2.0,3
17.0,WORKER,worker,1.75,3.7500000000000004,2.0,3
17.166666666666668,GENERAL,general,0.0,0.0,4.0,-1
17.166666666666668,NODE,node_0,-3.018213725160364,-3.49556120377353,2.999999999999994,0
17.166666666666668,NODE,node_1,3.236450218447686,-2.890143630382833,2.999999999999994,1
17.166666666666668,NODE,node_2,-4.437522482085753,3.2370788991186994,2.999999999999994,2
17.166666666666668,NODE,node_3,4.183902629228835,2.761780961396479,2.999999999999994,3
17.166666666666668,SCOUT,scout_d2cf4d0a,-5.352421964596077,-5.3886894996509,2.999999999999996,0
17.166666666666668,SCOUT,scout_5c3ff6f5,-3.5522443637707353,-3.2865932949579792,2.999999999999996,0
17.166666666666668,SCOUT,scout_20a72312,-1.299525690163994,-5.109486917777511,2.999999999999996,0
17.166666666666668,SCOUT,scout_5e98d295,1.3758837428111863,-2.5529228322321744,2.999999999999996,1
17.166666666666668,SCOUT,scout_c8e21d40,3.5702644736294213,-4.953746371002199,2.999999999999996,1
17.166666666666668,SCOUT,scout_283b8e5e,5.381863684309098,-2.0454208242680396,2.999999999999996,1
17.166666666666668,SCOUT,scout_1bd12edb,-5.367223104303207,3.3682749306244237,2.999999999999996,2
17.166666666666668,SCOUT,scout_bf5b3d15,-3.4885644575884074,2.9056727671158322,2.999999999999996,2
17.166666666666668,SCOUT,scout_5adbfd88,-1.2481997274092873,4.630799053925912,2.999999999999996,2
17.166666666666668,SCOUT,scout_a3683d0e,1.4212406817627699,3.5333641310068753,2.999999999999996,3
17.166666666666668,SCOUT,scout_2e5f69a0,3.4311510436919814,2.56849308763506,2.999999999999996,3
17.166666666666668,SCOUT,scout_d6cec7ec,5.348564080591397,2.414838479752472,2.999999999999996,3
17.166666666666668,WORKER,worker,-1.75,-3.75,2.0,0
17.166666666666668,WORKER,worker,-5.75,-3.7499999999999996,2.0,0
17.166666666666668,WORKER,worker,5.75,-3.75,2.0,1
17.166666666666668,WORKER,worker,1.75,-3.7499999999999996,2.0,1
17.166666666666668,WORKER,worker,-1.75,3.75,2.0,2
17.166666666666668,WORKER,worker,-5.75,3.7500000000000004,2.0,2
17.166666666666668,WORKER,worker,5.75,3.75,2.0,3
17.166666666666668,WORKER,worker,1.75,3.7500000000000004,2.0,3
17.333333333333332,GENERAL,general,0.0,0.0,4.0,-1
17.333333333333332,NODE,node_0,-2.9965193843137388,-3.404255260250728,2.999999999999994,0
17.333333333333332,NODE,node_1,3.198639992172779,-2.9308993673217825,2.999999999999994,1
17.333333333333332,NODE,node_2,-4.457178847037411,3.3158015016467814,2.999999999999994,2
17.333333333333332,NODE,node_3,4.2286365940277895,2.644581185363854,2.999999999999994,3
17.333333333333332,SCOUT,scout_d2cf4d0a,-5.341805549303123,-5.375154748590596,2.999999999999996,0
17.333333333333332,SCOUT,scout_5c3ff6f5,-3.5921625266640795,-2.9130235711582864,2.999999999999996,0
17.333333333333332,SCOUT,scout_20a72312,-1.2976792004906428,-4.874221793775959,2.999999999999996,0
17.333333333333332,SCOUT,scout_5e98d295,1.3852039593935486,-2.9176146695404634,2.999999999999996,1
17.333333333333332,SCOUT,scout_c8e21d40,3.607946440090581,-5.04391073269308,2.999999999999996,1
17.333333333333332,SCOUT,scout_283b8e5e,5.279325763307899,-2.2762165537423344,2.999999999999996,1
17.333333333333332,SCOUT,scout_1bd12edb,-5.315598939729559,3.767419394642999,2.999999999999996,2
17.333333333333332,SCOUT,scout_bf5b3d15,-3.453927796553449,3.270038775328691,2.999999999999996,2
17.333333333333332,SCOUT,scout_5adbfd88,-1.2620964305793296,5.029366423010653,2.999999999999996,2
17.333333333333332,SCOUT,scout_a3683d0e,1.424583358997257,3.07033785680294,2.999999999999996,3
17.333333333333332,SCOUT,scout_2e5f69a0,3.4841164844165466,2.3465253480982255,2.999999999999996,3
17.333333333333332,SCOUT,scout_d6cec7ec,5.3855437038078,2.1237401100543654,2.999999999999996,3
17.333333333333332,WORKER,worker,-1.75,-3.75,2.0,0
17.333333333333332,WORKER,worker,-5.75,-3.7499999999999996,2.0,0
17.333333333333332,WORKER,worker,5.75,-3.75,2.0,1
17.333333333333332,WORKER,worker,1.75,-3.7499999999999996,2.0,1
17.333333333333332,WORKER,worker,-1.75,3.75,2.0,2
17.333333333333332,WORKER,worker,-5.75,3.7500000000000004,2.0,2
17.333333333333332,WORKER,worker,5.75,3.75,2.0,3
17.333333333333332,WORKER,worker,1.75,3.7500000000000004,2.0,3
17.5,GENERAL,general,0.0,0.0,4.0,-1
17.5,NODE,node_0,-2.975231865933282,-3.3029876781470078,2.999999999999994,0
17.5,NODE,node_1,3.161072306485149,-2.9495423980484134,2.999999999999994,1
17.5,NODE,node_2,-4.480432815823628,3.356325436090558,2.999999999999994,2
17.5,NODE,node_3,4.270060062951098,2.5977395223012847,2.999999999999994,3
17.5,SCOUT,scout_d2cf4d0a,-5.3380383943507015,-5.369749916177288,2.999999999999996,0
17.5,SCOUT,scout_5c3ff6f5,-3.63133720765337,-2.5393769539867126,2.999999999999996,0
17.5,SCOUT,scout_20a72312,-1.3016064138013477,-4.538510515998774,2.999999999999996,0
17.5,SCOUT,scout_5e98d295,1.3930290118864994,-3.314024708320251,2.999999999999996,1
17.5,SCOUT,scout_c8e21d40,3.631652765815799,-4.697888218447156,2.999999999999996,1
17.5,SCOUT,scout_283b8e5e,5.194553376035645,-2.6938010931520453,2.999999999999996,1
17.5,SCOUT,scout_1bd12edb,-5.311049639189565,4.163454186930331,2.999999999999996,2
17.5,SCOUT,scout_bf5b3d15,-3.423643467213441,3.636693475956134,2.999999999999996,2
17.5,SCOUT,scout_5adbfd88,-1.2737211184806851,4.9837048149057,2.999999999999996,2
17.5,SCOUT,scout_a3683d0e,1.4183049449460605,2.608035556846478,2.999999999999996,3
17.5,SCOUT,scout_2e5f69a0,3.530841248442523,2.624271149634342,2.999999999999996,3
17.5,SCOUT,scout_d6cec7ec,5.388164402287614,2.0745850192381208,2.999999999999996,3
17.5,WORKER,worker,-1.75,-3.75,2.0,0
17.5,WORKER,worker,-5.75,-3.7499999999999996,2.0,0
17.5,WORKER,worker,5.75,-3.75,2.0,1
17.5,WORKER,worker,1.75,-3.7499999999999996,2.0,1
17.5,WORKER,worker,-1.75,3.75,2.0,2
17.5,WORKER,worker,-5.75,3.7500000000000004,2.0,2
17.5,WORKER,worker,5.75,3.75,2.0,3
17.5,WORKER,worker,1.75,3.7500000000000004,2.0,3
17.666666666666668,GENERAL,general,0.0,0.0,4.0,-1
17.666666666666668,NODE,node_0,-2.9529441205293425,-3.2206984806087977,2.999999999999994,0
17.666666666666668,NODE,node_1,3.1286894183688365,-2.9631856202716826,2.999999999999994,1
17.666666666666668,NODE,node_2,-4.506802764895127,3.359272833939043,2.999999999999994,2
17.666666666666668,NODE,node_3,4.3041939888556096,2.6117039260854593,2.999999999999994,3
17.666666666666668,SCOUT,scout_d2cf4d0a,-5.337129278475408,-5.368570079088748,2.999999999999996,0
17.666666666666668,SCOUT,scout_5c3ff6f5,-3.661793798071376,-2.4067915117657743,2.999999999999996,0
17.666666666666668,SCOUT,scout_20a72312,-1.3069534754133172,-4.1885630693245774,2.999999999999996,0
17.666666666666668,SCOUT,scout_5e98d295,1.3977938320420351,-3.715427334437717,2.999999999999996,1
17.666666666666668,SCOUT,scout_c8e21d40,3.636137061049775,-4.289839229620167,2.999999999999996,1
17.666666666666668,SCOUT,scout_283b8e5e,5.185047048863272,-3.1229260324142007,2.999999999999996,1
17.666666666666668,SCOUT,scout_1bd12edb,-5.333142178612859,4.550928266009204,2.999999999999996,2
17.666666666666668,SCOUT,scout_bf5b3d15,-3.406347951769511,4.0013220801810485,2.999999999999996,2
17.666666666666668,SCOUT,scout_5adbfd88,-1.2815469433211752,4.602402090807039,2.999999999999996,2
17.666666666666668,SCOUT,scout_a3683d0e,1.4025947233876888,2.3922893105572864,2.999999999999996,3
17.666666666666668,SCOUT,scout_2e5f69a0,3.5485041958841084,3.0433761221549314,2.999999999999996,3
17.666666666666668,SCOUT,scout_d6cec7ec,5.357307648679497,2.2819066837208575,2.999999999999996,3
17.666666666666668,WORKER,worker,-1.75,-3.75,2.0,0
17.666666666666668,WORKER,worker,-5.75,-3.7499999999999996,2.0,0
17.666666666666668,WORKER,worker,5.75,-3.75,2.0,1
17.666666666666668,WORKER,worker,1.75,-3.7499999999999996,2.0,1
17.666666666666668,WORKER,worker,-1.75,3.75,2.0,2
17.666666666666668,WORKER,worker,-5.75,3.7500000000000004,2.0,2
17.666666666666668,WORKER,worker,5.75,3.75,2.0,3
17.666666666666668,WORKER,worker,1.75,3.7500000000000004,2.0,3
17.833333333333332,GENERAL,general,0.0,0.0,4.0,-1
17.833333333333332,NODE,node_0,-2.928912517093129,-3.177745382903543,2.999999999999994,0
17.833333333333332,NODE,node_1,3.100176762376615,-2.974162195521978,2.999999999999994,1
17.833333333333332,NODE,node_2,-4.535486376285673,3.3556668618377796,2.999999999999994,2
17.833333333333332,NODE,node_3,4.338333415980201,2.6861322906826404,2.999999999999994,3
17.833333333333332,SCOUT,scout_d2cf4d0a,-5.337116018949605,-5.368700156016198,2.999999999999996,0
17.833333333333332,SCOUT,scout_5c3ff6f5,-3.678365424200573,-2.660164018515846,2.999999999999996,0
17.833333333333332,SCOUT,scout_20a72312,-1.3113304803770303,-3.836338277281776,2.999999999999996,0
17.833333333333332,SCOUT,scout_5e98d295,1.398737128077071,-4.117452363180289,2.999999999999996,1
17.833333333333332,SCOUT,scout_c8e21d40,3.6021433639057445,-3.890861328353563,2.999999999999996,1
17.833333333333332,SCOUT,scout_283b8e5e,5.24383375416671,-3.5266872083157907,2.999999999999996,1
17.833333333333332,SCOUT,scout_1bd12edb,-5.367522965059457,4.925627337776845,2.999999999999996,2
17.833333333333332,SCOUT,scout_bf5b3d15,-3.4482117507074226,4.356019479331249,2.999999999999996,2
17.833333333333332,SCOUT,scout_5adbfd88,-1.2455053660222914,4.184612728133417,2.999999999999996,2
17.833333333333332,SCOUT,scout_a3683d0e,1.3923268605805774,2.7207530928926906,2.999999999999996,3
17.833333333333332,SCOUT,scout_2e5f69a0,3.5515076708772804,3.503588911721117,2.999999999999996,3
17.833333333333332,SCOUT,scout_d6cec7ec,5.348917532665518,2.5158708182943585,2.999999999999996,3
17.833333333333332,WORKER,worker,-1.75,-3.75,2.0,0
17.833333333333332,WORKER,worker,-5.75,-3.7499999999999996,2.0,0
17.833333333333332,WORKER,worker,5.75,-3.75,2.0,1
17.833333333333332,WORKER,worker,1.75,-3.7499999999999996,2.0,1
17.833333333333332,WORKER,worker,-1.75,3.75,2.0,2
17.833333333333332,WORKER,worker,-5.75,3.7500000000000004,2.0,2
17.833333333333332,WORKER,worker,5.75,3.75,2.0,3
17.833333333333332,WORKER,worker,1.75,3.7500000000000004,2.0,3
18.0,GENERAL,general,0.0,0.0,4.0,-1
18.0,NODE,node_0,-2.9041468042202454,-3.142493241234533,2.999999999999994,0
18.0,NODE,node_1,3.0688337211121866,-2.985977707724737,2.999999999999994,1
18.0,NODE,node_2,-4.565390103703225,3.347488816695899,2.999999999999994,2
18.0,NODE,node_3,4.374208160462601,2.769928638568185,2.999999999999994,3
18.0,SCOUT,scout_d2cf4d0a,-5.3372671164148615,-5.368962333822545,2.999999999999996,0
18.0,SCOUT,scout_5c3ff6f5,-3.691569469649748,-2.983230839733679,2.999999999999996,0
18.0,SCOUT,scout_20a72312,-1.3141413223363605,-3.4837771382713556,2.999999999999996,0
18.0,SCOUT,scout_5e98d295,1.3950829367601516,-4.519314376827736,2.999999999999996,1
18.0,SCOUT,scout_c8e21d40,3.534843023929028,-3.4852410661283084,2.999999999999996,1
18.0,SCOUT,scout_283b8e5e,5.308973705120498,-3.94839545755408,2.999999999999996,1
18.0,SCOUT,scout_1bd12edb,-5.411631995873773,5.256238002691906,2.999999999999996,2
18.0,SCOUT,scout_bf5b3d15,-3.4921117691182397,4.72020443675584,2.999999999999996,2
18.0,SCOUT,scout_5adbfd88,-1.2146828482226488,3.750452263761119,2.999999999999996,2
18.0,SCOUT,scout_a3683d0e,1.4038868772923476,3.159012716339632,2.999999999999996,3
18.0,SCOUT,scout_2e5f69a0,3.54278491328955,3.97050724068882,2.999999999999996,3
18.0,SCOUT,scout_d6cec7ec,5.361340974744714,2.7361704579955823,2.999999999999996,3
18.0,WORKER,worker,-1.75,-3.75,2.0,0
18.0,WORKER,worker,-5.75,-3.7499999999999996,2.0,0
18.0,WORKER,worker,5.75,-3.75,2.0,1
18.0,WORKER,worker,1.75,-3.7499999999999996,2.0,1
18.0,WORKER,worker,-1.75,3.75,2.0,2
18.0,WORKER,worker,-5.75,3.7500000000000004,2.0,2
18.0,WORKER,worker,5.75,3.75,2.0,3
18.0,WORKER,worker,1.75,3.7500000000000004,2.0,3
18.166666666666668,GENERAL,general,0.0,0.0,4.0,-1
18.166666666666668,NODE,node_0,-2.919429690321356,-3.117747899568799,2.999999999999994,0
18.166666666666668,NODE,node_1,3.047079948482288,-3.040211905291696,2.999999999999994,1
18.166666666666668,NODE,node_2,-4.555655279547563,3.3263081294602777,2.999999999999994,2
18.166666666666668,NODE,node_3,4.402314688140378,2.8921143703494763,2.999999999999994,3
18.166666666666668,SCOUT,scout_d2cf4d0a,-5.337378560371116,-5.3691017934283005,2.999999999999996,0
18.166666666666668,SCOUT,scout_5c3ff6f5,-3.7036055058529516,-3.3175653399747578,2.999999999999996,0
18.166666666666668,SCOUT,scout_20a72312,-1.3150669522294829,-3.1312059373675516,2.999999999999996,0
18.166666666666668,SCOUT,scout_5e98d295,1.385753146598142,-4.920757175505887,2.999999999999996,1
18.166666666666668,SCOUT,scout_c8e21d40,3.512133560338794,-3.063195089355589,2.999999999999996,1
18.166666666666668,SCOUT,scout_283b8e5e,5.345823623254873,-4.399332073812591,2.999999999999996,1
18.166666666666668,SCOUT,scout_1bd12edb,-5.433479388028854,5.330229923045587,2.999999999999996,2
18.166666666666668,SCOUT,scout_bf5b3d15,-3.499101833539978,5.0844382325967725,2.999999999999996,2
18.166666666666668,SCOUT,scout_5adbfd88,-1.2242762250080494,3.31542744396007,2.999999999999996,2
18.166666666666668,SCOUT,scout_a3683d0e,1.4174141088041323,3.6149985577008144,2.999999999999996,3
18.166666666666668,SCOUT,scout_2e5f69a0,3.5640423367810397,4.441022765577552,2.999999999999996,3
18.166666666666668,SCOUT,scout_d6cec7ec,5.382890364969677,2.9353476555930174,2.999999999999996,3
18.166666666666668,WORKER,worker,-1.75,-3.75,2.0,0
18.166666666666668,WORKER,worker,-5.75,-3.7499999999999996,2.0,0
18.166666666666668,WORKER,worker,5.75,-3.75,2.0,1
18.166666666666668,WORKER,worker,1.75,-3.7499999999999996,2.0,1
18.166666666666668,WORKER,worker,-1.75,3.75,2.0,2
18.166666666666668,WORKER,worker,-5.75,3.7500000000000004,2.0,2
18.166666666666668,WORKER,worker,5.75,3.75,2.0,3
18.166666666666668,WORKER,worker,1.75,3.7500000000000004,2.0,3
18.333333333333332,GENERAL,general,0.0,0.0,4.0,-1
18.333333333333332,NODE,node_0,-2.958341308163387,-3.0988409940579538,2.999999999999994,0
18.333333333333332,NODE,node_1,3.0307646714325895,-3.0999977778532197,2.999999999999994,1
18.333333333333332,NODE,node_2,-4.510313459636245,3.2243416022948015,2.999999999999994,2
18.333333333333332,NODE,node_3,4.41572821163178,3.039217322571639,2.999999999999994,3
18.333333333333332,SCOUT,scout_d2cf4d0a,-5.337429893612041,-5.369147619822359,2.999999999999996,0
18.333333333333332,SCOUT,scout_5c3ff6f5,-3.7148265390365345,-3.653729982301989,2.999999999999996,0
18.333333333333332,SCOUT,scout_20a72312,-1.3137616214046721,-2.7786962066467256,2.999999999999996,0
18.333333333333332,SCOUT,scout_5e98d295,1.3713902666254218,-5.085480653161977,2.999999999999996,1
18.333333333333332,SCOUT,scout_c8e21d40,3.5411696529749723,-2.645558543986183,2.999999999999996,1
18.333333333333332,SCOUT,scout_283b8e5e,5.3410852257753225,-4.835764410499153,2.999999999999996,1
18.333333333333332,SCOUT,scout_1bd12edb,-5.346738311691088,4.918938588451534,2.999999999999996,2
18.333333333333332,SCOUT,scout_bf5b3d15,-3.4746486062529955,5.009803646776032,2.999999999999996,2
18.333333333333332,SCOUT,scout_5adbfd88,-1.2410820456509706,2.880483053664478,2.999999999999996,2
18.333333333333332,SCOUT,scout_a3683d0e,1.4257827182236806,4.073521709988543,2.999999999999996,3
18.333333333333332,SCOUT,scout_2e5f69a0,3.5907287031554183,4.875785289980705,2.999999999999996,3
18.333333333333332,SCOUT,scout_d6cec7ec,5.2949038501160555,3.1941811905291617,2.999999999999996,3
18.333333333333332,WORKER,worker,-1.75,-3.75,2.0,0
18.333333333333332,WORKER,worker,-5.75,-3.7499999999999996,2.0,0
18.333333333333332,WORKER,worker,5.75,-3.75,2.0,1
18.333333333333332,WORKER,worker,1.75,-3.7499999999999996,2.0,1
18.333333333333332,WORKER,worker,-1.75,3.75,2.0,2
18.333333333333332,WORKER,worker,-5.75,3.7500000000000004,2.0,2
18.333333333333332,WORKER,worker,5.75,3.75,2.0,3
18.333333333333332,WORKER,worker,1.75,3.7500000000000004,2.0,3
18.5,GENERAL,general,0.0,0.0,4.0,-1
18.5,NODE,node_0,-2.9986062820173283,-3.0815601936473658,2.999999999999994,0
18.5,NODE,node_1,3.0167426051867774,-3.1138379905589524,2.999999999999994,1
18.5,NODE,node_2,-4.464847017219742,3.0979405091889647,2.999999999999994,2
18.5,NODE,node_3,4.42648287021559,3.176053607797219,2.999999999999994,3
18.5,SCOUT,scout_d2cf4d0a,-5.352657952595111,-5.383594684401805,2.999999999999996,0
18.5,SCOUT,scout_5c3ff6f5,-3.7252240574278987,-3.9902000925790877,2.999999999999996,0
18.5,SCOUT,scout_20a72312,-1.309741832238936,-2.42628954256319,2.999999999999996,0
18.5,SCOUT,scout_5e98d295,1.3631642152508585,-4.762678877593717,2.999999999999996,1
18.5,SCOUT,scout_c8e21d40,3.5785234480936157,-2.3429123997943293,2.999999999999996,1
18.5,SCOUT,scout_283b8e5e,5.348344412635344,-5.220452780912513,2.999999999999996,1
18.5,SCOUT,scout_1bd12edb,-5.2900356912724025,4.503998906354885,2.999999999999996,2
18.5,SCOUT,scout_bf5b3d15,-3.4335450200085846,4.7238186463072305,2.999999999999996,2
18.5,SCOUT,scout_5adbfd88,-1.2564446749961327,2.4455333101134267,2.999999999999996,2
18.5,SCOUT,scout_a3683d0e,1.4264411520662008,4.531934852238611,2.999999999999996,3
18.5,SCOUT,scout_2e5f69a0,3.6139204732911665,5.12397220331085,2.999999999999996,3
18.5,SCOUT,scout_d6cec7ec,5.199868961519551,3.4896417884199176,2.999999999999996,3
18.5,WORKER,worker,-1.75,-3.75,2.0,0
18.5,WORKER,worker,-5.75,-3.7499999999999996,2.0,0
18.5,WORKER,worker,5.75,-3.75,2.0,1
18.5,WORKER,worker,1.75,-3.7499999999999996,2.0,1
18.5,WORKER,worker,-1.75,3.75,2.0,2
18.5,WORKER,worker,-5.75,3.7500000000000004,2.0,2
18.5,WORKER,worker,5.75,3.75,2.0,3
18.5,WORKER,worker,1.75,3.7500000000000004,2.0,3
18.666666666666668,GENERAL,general,0.0,0.0,4.0,-1
18.666666666666668,NODE,node_0,-3.0399628216820145,-3.102468883556811,2.999999999999994,0
18.666666666666668,NODE,node_1,3.005225255063036,-3.1559539757066033,2.999999999999994,1
18.666666666666668,NODE,node_2,-4.423353732830022,3.013208754566264,2.999999999999994,2
18.666666666666668,NODE,node_3,4.44491124328431,3.2600492352146344,2.999999999999994,3
18.666666666666668,SCOUT,scout_d2cf4d0a,-5.387161082947628,-5.41134908116417,2.999999999999996,0
18.666666666666668,SCOUT,scout_5c3ff6f5,-3.734699290103539,-4.326728847871039,2.999999999999996,0
18.666666666666668,SCOUT,scout_20a72312,-1.3108970647012528,-2.5152345853210734,2.999999999999996,0
18.666666666666668,SCOUT,scout_5e98d295,1.3700357089779356,-4.370101857383812,2.999999999999996,1
18.666666666666668,SCOUT,scout_c8e21d40,3.5903747120776734,-2.5683688792734465,2.999999999999996,1
18.666666666666668,SCOUT,scout_283b8e5e,5.389118411469753,-5.425542597544115,2.999999999999996,1
18.666666666666668,SCOUT,scout_1bd12edb,-5.27963786288503,4.098306358879823,2.999999999999996,2
18.666666666666668,SCOUT,scout_bf5b3d15,-3.395560686545171,4.4228526310464655,2.999999999999996,2
18.666666666666668,SCOUT,scout_5adbfd88,-1.2680968953127223,2.494646420521238,2.999999999999996,2
18.666666666666668,SCOUT,scout_a3683d0e,1.4170426454419829,4.989480799813027,2.999999999999996,3
18.666666666666668,SCOUT,scout_2e5f69a0,3.6295606389775603,4.877768208885387,2.999999999999996,3
18.666666666666668,SCOUT,scout_d6cec7ec,5.195610001549322,3.7542848581517747,2.999999999999996,3
18.666666666666668,WORKER,worker,-1.75,-3.75,2.0,0
18.666666666666668,WORKER,worker,-5.75,-3.7499999999999996,2.0,0
18.666666666666668,WORKER,worker,5.75,-3.75,2.0,1
18.666666666666668,WORKER,worker,1.75,-3.7499999999999996,2.0,1
18.666666666666668,WORKER,worker,-1.75,3.75,2.0,2
18.666666666666668,WORKER,worker,-5.75,3.7500000000000004,2.0,2
18.666666666666668,WORKER,worker,5.75,3.75,2.0,3
18.666666666666668,WORKER,worker,1.75,3.7500000000000004,2.0,3
18.833333333333332,GENERAL,general,0.0,0.0,4.0,-1
18.833333333333332,NODE,node_0,-3.075326532076971,-3.1278451485661023,2.999999999999994,0
18.833333333333332,NODE,node_1,2.9876200958422774,-3.1596973771296644,2.999999999999994,1
18.833333333333332,NODE,node_2,-4.384407689043391,2.9613260146389755,2.999999999999994,2
18.833333333333332,NODE,node_3,4.466549156507099,3.3003701904612015,2.999999999999994,3
18.833333333333332,SCOUT,scout_d2cf4d0a,-5.37686504298525,-5.171254487248624,2.999999999999996,0
18.833333333333332,SCOUT,scout_5c3ff6f5,-3.7126150226771704,-4.647176552803393,2.999999999999996,0
18.833333333333332,SCOUT,scout_20a72312,-1.3156167519904094,-2.871291321844178,2.999999999999996,0
18.833333333333332,SCOUT,scout_5e98d295,1.3781426874804017,-3.9666284716026077,2.999999999999996,1
18.833333333333332,SCOUT,scout_c8e21d40,3.595322377609615,-2.9301064717171976,2.999999999999996,1
18.833333333333332,SCOUT,scout_283b8e5e,5.3694304577692415,-5.081878343361307,2.999999999999996,1
18.833333333333332,SCOUT,scout_1bd12edb,-5.291967894349805,3.694478708044602,2.999999999999996,2
18.833333333333332,SCOUT,scout_bf5b3d15,-3.3664011213451768,4.123652562099924,2.999999999999996,2
18.833333333333332,SCOUT,scout_5adbfd88,-1.2779538814681868,2.8367647017266413,2.999999999999996,2
18.833333333333332,SCOUT,scout_a3683d0e,1.414592018083608,5.031218271935748,2.999999999999996,3
18.833333333333332,SCOUT,scout_2e5f69a0,3.6275926858380108,4.556856953327967,2.999999999999996,3
18.833333333333332,SCOUT,scout_d6cec7ec,5.235783764502742,4.007473618040703,2.999999999999996,3
18.833333333333332,WORKER,worker,-1.75,-3.75,2.0,0
18.833333333333332,WORKER,worker,-5.75,-3.7499999999999996,2.0,0
18.833333333333332,WORKER,worker,5.75,-3.75,2.0,1
18.833333333333332,WORKER,worker,1.75,-3.7499999999999996,2.0,1
18.833333333333332,WORKER,worker,-1.75,3.75,2.0,2
18.833333333333332,WORKER,worker,-5.75,3.7500000000000004,2.0,2
18.833333333333332,WORKER,worker,5.75,3.75,2.0,3
18.833333333333332,WORKER,worker,1.75,3.7500000000000004,2.0,3
19.0,GENERAL,general,0.0,0.0,4.0,-1
19.0,NODE,node_0,-3.1061662371937926,-3.144416816112166,2.999999999999994,0
19.0,NODE,node_1,2.970764407169926,-3.157558036922375,2.999999999999994,1
19.0,NODE,node_2,-4.346797011711569,2.915522973511706,2.999999999999994,2
19.0,NODE,node_3,4.489205799739839,3.2925739941856915,2.999999999999994,3
19.0,SCOUT,scout_d2cf4d0a,-5.36896219139605,-4.83268199835951,2.999999999999996,0
19.0,SCOUT,scout_5c3ff6f5,-3.6505203439411265,-4.963135710394937,2.999999999999996,0
19.0,SCOUT,scout_20a72312,-1.3198912002095873,-3.2704691081748853,2.999999999999996,0
19.0,SCOUT,scout_5e98d295,1.3834274590783673,-3.5615297789644096,2.999999999999996,1
19.0,SCOUT,scout_c8e21d40,3.6002799317823704,-3.3138026819408095,2.999999999999996,1
19.0,SCOUT,scout_283b8e5e,5.365495542192766,-4.69069651531381,2.999999999999996,1
19.0,SCOUT,scout_1bd12edb,-5.312275239461193,3.293180142100379,2.999999999999996,2
19.0,SCOUT,scout_bf5b3d15,-3.3576884955788975,3.8323122568585255,2.999999999999996,2
19.0,SCOUT,scout_5adbfd88,-1.2756060327241048,3.2212391648513763,2.999999999999996,2
19.0,SCOUT,scout_a3683d0e,1.4283178409769195,4.633831660320387,2.999999999999996,3
19.0,SCOUT,scout_2e5f69a0,3.60946104949066,4.2047595916478055,2.999999999999996,3
19.0,SCOUT,scout_d6cec7ec,5.2827115669202955,4.27236974478276,2.999999999999996,3
19.0,WORKER,worker,-1.75,-3.75,2.0,0
19.0,WORKER,worker,-5.75,-3.7499999999999996,2.0,0
19.0,WORKER,worker,5.75,-3.75,2.0,1
19.0,WORKER,worker,1.75,-3.7499999999999996,2.0,1
19.0,WORKER,worker,-1.75,3.75,2.0,2
19.0,WORKER,worker,-5.75,3.7500000000000004,2.0,2
19.0,WORKER,worker,5.75,3.75,2.0,3
19.0,WORKER,worker,1.75,3.7500000000000004,2.0,3
19.166666666666668,GENERAL,general,0.0,0.0,4.0,-1
19.166666666666668,NODE,node_0,-3.1405218130595416,-3.1482581478502647,2.999999999999994,0
19.166666666666668,NODE,node_1,2.957266952641964,-3.162950965781388,2.999999999999994,1
19.166666666666668,NODE,node_2,-4.311026250097572,2.8719818423879646,2.999999999999994,2
19.166666666666668,NODE,node_3,4.510125797123507,3.2785437122385828,2.999999999999994,3
19.166666666666668,SCOUT,scout_d2cf4d0a,-5.391472246515988,-4.547745859265695,2.999999999999996,0
19.166666666666668,SCOUT,scout_5c3ff6f5,-3.5950337196060014,-5.042694254698256,2.999999999999996,0
19.166666666666668,SCOUT,scout_20a72312,-1.3227745692183361,-3.6765818956039023,2.999999999999996,0
19.166666666666668,SCOUT,scout_5e98d295,1.3845830133580488,-3.156368609733807,2.999999999999996,1
19.166666666666668,SCOUT,scout_c8e21d40,3.6067596496369134,-3.7009698765667345,2.999999999999996,1
19.166666666666668,SCOUT,scout_283b8e5e,5.388369810079989,-4.364649358388337,2.999999999999996,1
19.166666666666668,SCOUT,scout_1bd12edb,-5.337798783878715,2.8968395726096645,2.999999999999996,2
19.166666666666668,SCOUT,scout_bf5b3d15,-3.4068499879506287,3.555118015656625,2.999999999999996,2
19.166666666666668,SCOUT,scout_5adbfd88,-1.2320225524334878,3.605424368460169,2.999999999999996,2
19.166666666666668,SCOUT,scout_a3683d0e,1.4411458894106606,4.180770870527247,2.999999999999996,3
19.166666666666668,SCOUT,scout_2e5f69a0,3.591644902356929,3.8243210997718613,2.999999999999996,3
19.166666666666668,SCOUT,scout_d6cec7ec,5.316256122698276,4.561695886277746,2.999999999999996,3
19.166666666666668,WORKER,worker,-1.75,-3.75,2.0,0
19.166666666666668,WORKER,worker,-5.75,-3.7499999999999996,2.0,0
19.166666666666668,WORKER,worker,5.75,-3.75,2.0,1
19.166666666666668,WORKER,worker,1.75,-3.7499999999999996,2.0,1
19.166666666666668,WORKER,worker,-1.75,3.75,2.0,2
19.166666666666668,WORKER,worker,-5.75,3.7500000000000004,2.0,2
19.166666666666668,WORKER,worker,5.75,3.75,2.0,3
19.166666666666668,WORKER,worker,1.75,3.7500000000000004,2.0,3
19.333333333333332,GENERAL,general,0.0,0.0,4.0,-1
19.333333333333332,NODE,node_0,-3.168493099615391,-3.110671582795222,2.999999999999994,0
19.333333333333332,NODE,node_1,2.933529054944751,-3.1633422106785742,2.999999999999994,1
19.333333333333332,NODE,node_2,-4.2767412701082606,2.8300531196969496,2.999999999999994,2
19.333333333333332,NODE,node_3,4.529991283804584,3.2632173249832763,2.999999999999994,3
19.333333333333332,SCOUT,scout_d2cf4d0a,-5.330297279953766,-4.2215719359434365,2.999999999999996,0
19.333333333333332,SCOUT,scout_5c3ff6f5,-3.5527366154275812,-4.752045775889227,2.999999999999996,0
19.333333333333332,SCOUT,scout_20a72312,-1.3238527865476952,-4.0837724128875,2.999999999999996,0
19.333333333333332,SCOUT,scout_5e98d295,1.3805670619911605,-2.7514978517001154,2.999999999999996,1
19.333333333333332,SCOUT,scout_c8e21d40,3.5762194234644373,-4.080595826945472,2.999999999999996,1
19.333333333333332,SCOUT,scout_283b8e5e,5.345210860785933,-3.9885512128531095,2.999999999999996,1
19.333333333333332,SCOUT,scout_1bd12edb,-5.371197096499843,2.5097069317775604,2.999999999999996,2
19.333333333333332,SCOUT,scout_bf5b3d15,-3.4608603562097566,3.269162476790733,2.999999999999996,2
19.333333333333332,SCOUT,scout_5adbfd88,-1.1932501901113477,4.003006826740509,2.999999999999996,2
19.333333333333332,SCOUT,scout_a3683d0e,1.448859655931611,3.7190235523163038,2.999999999999996,3
19.333333333333332,SCOUT,scout_2e5f69a0,3.592285945131398,3.4217778912183534,2.999999999999996,3
19.333333333333332,SCOUT,scout_d6cec7ec,5.330261006842577,4.868735912071234,2.999999999999996,3
19.333333333333332,WORKER,worker,-1.75,-3.75,2.0,0
19.333333333333332,WORKER,worker,-5.75,-3.7499999999999996,2.0,0
19.333333333333332,WORKER,worker,5.75,-3.75,2.0,1
19.333333333333332,WORKER,worker,1.75,-3.7499999999999996,2.0,1
19.333333333333332,WORKER,worker,-1.75,3.75,2.0,2
19.333333333333332,WORKER,worker,-5.75,3.7500000000000004,2.0,2
19.333333333333332,WORKER,worker,5.75,3.75,2.0,3
19.333333333333332,WORKER,worker,1.75,3.7500000000000004,2.0,3
19.5,GENERAL,general,0.0,0.0,4.0,-1
19.5,NODE,node_0,-3.1951283942776025,-3.0654971478722888,2.999999999999994,0
19.5,NODE,node_1,2.9098793568154755,-3.1633110256361126,2.999999999999994,1
19.5,NODE,node_2,-4.243540616321626,2.790469994902701,2.999999999999994,2
19.5,NODE,node_3,4.550629060594106,3.246918344872931,2.999999999999994,3
19.5,SCOUT,scout_d2cf4d0a,-5.270835888251107,-3.874691201122459,2.999999999999996,0
19.5,SCOUT,scout_5c3ff6f5,-3.5013467198578345,-4.411485578877823,2.999999999999996,0
19.5,SCOUT,scout_20a72312,-1.3227233734623278,-4.491075068633406,2.999999999999996,0
19.5,SCOUT,scout_5e98d295,1.371322974602861,-2.385226967437874,2.999999999999996,1
19.5,SCOUT,scout_c8e21d40,3.5278600721808373,-4.471106880406979,2.999999999999996,1
19.5,SCOUT,scout_283b8e5e,5.328922578812591,-3.579103662775219,2.999999999999996,1
19.5,SCOUT,scout_1bd12edb,-5.414975390410156,2.1412640128189695,2.999999999999996,2
19.5,SCOUT,scout_bf5b3d15,-3.4693168428917005,2.9853253210979958,2.999999999999996,2
19.5,SCOUT,scout_5adbfd88,-1.2027735109437339,4.401885623542679,2.999999999999996,2
19.5,SCOUT,scout_a3683d0e,1.4496606549411037,3.25633491076724,2.999999999999996,3
19.5,SCOUT,scout_2e5f69a0,3.6352551840377587,3.029589628465137,2.999999999999996,3
19.5,SCOUT,scout_d6cec7ec,5.323011082713643,5.150385260915496,2.999999999999996,3
19.5,WORKER,worker,-1.75,-3.75,2.0,0
19.5,WORKER,worker,-5.75,-3.7499999999999996,2.0,0
19.5,WORKER,worker,5.75,-3.75,2.0,1
19.5,WORKER,worker,1.75,-3.7499999999999996,2.0,1
19.5,WORKER,worker,-1.75,3.75,2.0,2
19.5,WORKER,worker,-5.75,3.7500000000000004,2.0,2
19.5,WORKER,worker,5.75,3.75,2.0,3
19.5,WORKER,worker,1.75,3.7500000000000004,2.0,3
19.666666666666668,GENERAL,general,0.0,0.0,4.0,-1
19.666666666666668,NODE,node_0,-3.2259011192166813,-3.0202357469993304,2.999999999999994,0
19.666666666666668,NODE,node_1,2.8950462616388477,-3.2109936167097364,2.999999999999994,1
19.666666666666668,NODE,node_2,-4.206132791040453,2.781980106773624,2.999999999999994,2
19.666666666666668,NODE,node_3,4.571800334509015,3.220396049036036,2.999999999999994,3
19.666666666666668,SCOUT,scout_d2cf4d0a,-5.25579055822234,-3.5296866183081654,2.999999999999996,0
19.666666666666668,SCOUT,scout_5c3ff6f5,-3.4540300239571433,-4.063475770648015,2.999999999999996,0
19.666666666666668,SCOUT,scout_20a72312,-1.3188251952752919,-4.898301221439035,2.999999999999996,0
19.666666666666668,SCOUT,scout_5e98d295,1.3758859650425455,-2.5529852751878073,2.999999999999996,1
19.666666666666668,SCOUT,scout_c8e21d40,3.5435499111796673,-4.858958113148647,2.999999999999996,1
19.666666666666668,SCOUT,scout_283b8e5e,5.325293104938262,-3.153675248087569,2.999999999999996,1
19.666666666666668,SCOUT,scout_1bd12edb,-5.401802289137364,2.132044574513193,2.999999999999996,2
19.666666666666668,SCOUT,scout_bf5b3d15,-3.4725667249481615,2.703557400716289,2.999999999999996,2
19.666666666666668,SCOUT,scout_5adbfd88,-1.2240856877388457,4.800407289454423,2.999999999999996,2
19.666666666666668,SCOUT,scout_a3683d0e,1.4417758884947418,2.794204809476833,2.999999999999996,3
19.666666666666668,SCOUT,scout_2e5f69a0,3.6982531077091734,2.6535820788364215,2.999999999999996,3
19.666666666666668,SCOUT,scout_d6cec7ec,5.314224968038954,5.301152875509189,2.999999999999996,3
19.666666666666668,WORKER,worker,-1.75,-3.75,2.0,0
19.666666666666668,WORKER,worker,-5.75,-3.7499999999999996,2.0,0
19.666666666666668,WORKER,worker,5.75,-3.75,2.0,1
19.666666666666668,WORKER,worker,1.75,-3.7499999999999996,2.0,1
19.666666666666668,WORKER,worker,-1.75,3.75,2.0,2
19.666666666666668,WORKER,worker,-5.75,3.7500000000000004,2.0,2
19.666666666666668,WORKER,worker,5.75,3.75,2.0,3
19.666666666666668,WORKER,worker,1.75,3.7500000000000004,2.0,3
19.833333333333332,GENERAL,general,0.0,0.0,4.0,-1
19.833333333333332,NODE,node_0,-3.260252526323721,-2.958562496602632,2.999999999999994,0
19.833333333333332,NODE,node_1,2.8816745392027245,-3.273850008844862,2.999999999999994,1
19.833333333333332,NODE,node_2,-4.16873034152628,2.797454172983895,2.999999999999994,2
19.833333333333332,NODE,node_3,4.591675086100778,3.1936251111332394,2.999999999999994,3
19.833333333333332,SCOUT,scout_d2cf4d0a,-5.268129732308536,-3.191856302302086,2.999999999999996,0
19.833333333333332,SCOUT,scout_5c3ff6f5,-3.4163275359408085,-3.7141928481913795,2.999999999999996,0
19.833333333333332,SCOUT,scout_20a72312,-1.3122433266964726,-5.085128659321307,2.999999999999996,0
19.833333333333332,SCOUT,scout_5e98d295,1.3852057859689195,-2.9176770911004173,2.999999999999996,1
19.833333333333332,SCOUT,scout_c8e21d40,3.583114817926142,-5.117784098560277,2.999999999999996,1
19.833333333333332,SCOUT,scout_283b8e5e,5.309287680473618,-2.760879760693526,2.999999999999996,1
19.833333333333332,SCOUT,scout_1bd12edb,-5.39249610832286,2.4042955801746455,2.999999999999996,2
19.833333333333332,SCOUT,scout_bf5b3d15,-3.4774022238992965,2.4149793861617215,2.999999999999996,2
19.833333333333332,SCOUT,scout_5adbfd88,-1.2441942429442345,5.1174718396817775,2.999999999999996,2
19.833333333333332,SCOUT,scout_a3683d0e,1.4229863602936486,2.3765487945984622,2.999999999999996,3
19.833333333333332,SCOUT,scout_2e5f69a0,3.741639209699147,2.3940778427624894,2.999999999999996,3
19.833333333333332,SCOUT,scout_d6cec7ec,5.322008275465053,5.343063063585722,2.999999999999996,3
19.833333333333332,WORKER,worker,-1.75,-3.75,2.0,0
19.833333333333332,WORKER,worker,-5.75,-3.7499999999999996,2.0,0
19.833333333333332,WORKER,worker,5.75,-3.75,2.0,1
19.833333333333332,WORKER,worker,1.75,-3.7499999999999996,2.0,1
19.833333333333332,WORKER,worker,-1.75,3.75,2.0,2
19.833333333333332,WORKER,worker,-5.75,3.7500000000000004,2.0,2
19.833333333333332,WORKER,worker,5.75,3.75,2.0,3
19.833333333333332,WORKER,worker,1.75,3.7500000000000004,2.0,3
20.0,GENERAL,general,0.0,0.0,4.0,-1
20.0,NODE,node_0,-3.2981962141898853,-2.8519102506840093,2.999999999999994,0
20.0,NODE,node_1,2.870640194317723,-3.289015014290444,2.999999999999994,1
20.0,NODE,node_2,-4.13412798596106,2.794453873754663,2.999999999999994,2
20.0,NODE,node_3,4.606782832734288,3.269698466047639,2.999999999999994,3
20.0,SCOUT,scout_d2cf4d0a,-5.2916000777518235,-2.863872722697639,2.999999999999996,0
20.0,SCOUT,scout_5c3ff6f5,-3.3973737522777765,-3.3626204551716734,2.999999999999996,0
20.0,SCOUT,scout_20a72312,-1.3076083703816177,-4.8092349310074605,2.999999999999996,0
20.0,SCOUT,scout_5e98d295,1.3930303236404398,-3.3140871075324156,2.999999999999996,1
20.0,SCOUT,scout_c8e21d40,3.616581419626412,-4.823712847394851,2.999999999999996,1
20.0,SCOUT,scout_283b8e5e,5.325390036225353,-2.3973677885902815,2.999999999999996,1
20.0,SCOUT,scout_1bd12edb,-5.416853533834637,2.7257586315539224,2.999999999999996,2
20.0,SCOUT,scout_bf5b3d15,-3.480803913003913,2.5115930081291267,2.999999999999996,2
20.0,SCOUT,scout_5adbfd88,-1.2594112380784281,4.847579863016195,2.999999999999996,2
20.0,SCOUT,scout_a3683d0e,1.4027489132461688,2.5660591464757503,2.999999999999996,3
20.0,SCOUT,scout_2e5f69a0,3.73768736821268,2.657156697485454,2.999999999999996,3
20.0,SCOUT,scout_d6cec7ec,5.331397496188433,5.343265110210939,2.999999999999996,3
20.0,WORKER,worker,-1.75,-3.75,2.0,0
20.0,WORKER,worker,-5.75,-3.7499999999999996,2.0,0
20.0,WORKER,worker,5.75,-3.75,2.0,1
20.0,WORKER,worker,1.75,-3.7499999999999996,2.0,1
20.0,WORKER,worker,-1.75,3.75,2.0,2
20.0,WORKER,worker,-5.75,3.7500000000000004,2.0,2
20.0,WORKER,worker,5.75,3.75,2.0,3
20.0,WORKER,worker,1.75,3.7500000000000004,2.0,3
20.166666666666668,GENERAL,general,0.0,0.0,4.0,-1
20.166666666666668,NODE,node_0,-3.342089864474622,-2.739718906615671,2.999999999999994,0
20.166666666666668,NODE,node_1,2.860242517335827,-3.2958894161113514,2.999999999999994,1
20.166666666666668,NODE,node_2,-4.097542004604859,2.802364956222275,2.999999999999994,2
20.166666666666668,NODE,node_3,4.622584273726172,3.3837806630732556,2.999999999999994,3
20.166666666666668,SCOUT,scout_d2cf4d0a,-5.3208326544523885,-2.5489243675235973,2.999999999999996,0
20.166666666666668,SCOUT,scout_5c3ff6f5,-3.420056052792549,-3.0026251999865576,2.999999999999996,0
20.166666666666668,SCOUT,scout_20a72312,-1.3106693102131444,-4.468470085376701,2.999999999999996,0
20.166666666666668,SCOUT,scout_5e98d295,1.397794548474769,-3.7154897042830717,2.999999999999996,1
20.166666666666668,SCOUT,scout_c8e21d40,3.6259862932686415,-4.422887835747508,2.999999999999996,1
20.166666666666668,SCOUT,scout_283b8e5e,5.372598116835656,-2.066484823806863,2.999999999999996,1
20.166666666666668,SCOUT,scout_1bd12edb,-5.426168005617442,3.0593777872313104,2.999999999999996,2
20.166666666666668,SCOUT,scout_bf5b3d15,-3.4709364629662396,2.843514897481946,2.999999999999996,2
20.166666666666668,SCOUT,scout_5adbfd88,-1.2720321136573964,4.437072446004291,2.999999999999996,2
20.166666666666668,SCOUT,scout_a3683d0e,1.4050681645508565,2.9812420470795384,2.999999999999996,3
20.166666666666668,SCOUT,scout_2e5f69a0,3.7227657821378153,3.0549757514369658,2.999999999999996,3
20.166666666666668,SCOUT,scout_d6cec7ec,5.335495278944741,5.337422957210002,2.999999999999996,3
20.166666666666668,WORKER,worker,-1.75,-3.75,2.0,0
20.166666666666668,WORKER,worker,-5.75,-3.7499999999999996,2.0,0
20.166666666666668,WORKER,worker,5.75,-3.75,2.0,1
20.166666666666668,WORKER,worker,1.75,-3.7499999999999996,2.0,1
20.166666666666668,WORKER,worker,-1.75,3.75,2.0,2
20.166666666666668,WORKER,worker,-5.75,3.7500000000000004,2.0,2
20.166666666666668,WORKER,worker,5.75,3.75,2.0,3
20.166666666666668,WORKER,worker,1.75,3.7500000000000004,2.0,3
20.333333333333332,GENERAL,general,0.0,0.0,4.0,-1
20.333333333333332,NODE,node_0,-3.3869548320234673,-2.629681367212874,2.999999999999994,0
20.333333333333332,NODE,node_1,2.839118818679767,-3.341243854212659,2.999999999999994,1
20.333333333333332,NODE,node_2,-4.050348770049741,2.81656379637749,2.999999999999994,2
20.333333333333332,NODE,node_3,4.639687274862103,3.5041891427856258,2.999999999999994,3
20.333333333333332,SCOUT,scout_d2cf4d0a,-5.355958494304682,-2.2520323811395704,2.999999999999996,0
20.333333333333332,SCOUT,scout_5c3ff6f5,-3.4432024326123414,-2.6449334596953564,2.999999999999996,0
20.333333333333332,SCOUT,scout_20a72312,-1.3148673210182251,-4.11772446485769,2.999999999999996,0
20.333333333333332,SCOUT,scout_5e98d295,1.3987371529258705,-4.117514692422419,2.999999999999996,1
20.333333333333332,SCOUT,scout_c8e21d40,3.6291593401790885,-4.006038532742919,2.999999999999996,1
20.333333333333332,SCOUT,scout_283b8e5e,5.303350682678399,-2.2007522822220937,2.999999999999996,1
20.333333333333332,SCOUT,scout_1bd12edb,-5.352136295037236,3.440234178605284,2.999999999999996,2
20.333333333333332,SCOUT,scout_bf5b3d15,-3.4388328930375796,3.216163277565205,2.999999999999996,2
20.333333333333332,SCOUT,scout_5adbfd88,-1.2826962715523322,4.006075208954115,2.999999999999996,2
20.333333333333332,SCOUT,scout_a3683d0e,1.418069581862928,3.4335510364912567,2.999999999999996,3
20.333333333333332,SCOUT,scout_2e5f69a0,3.708667459075887,3.474563528585805,2.999999999999996,3
20.333333333333332,SCOUT,scout_d6cec7ec,5.335799895542976,5.3344354541891175,2.999999999999996,3
20.333333333333332,WORKER,worker,-1.75,-3.75,2.0,0
20.333333333333332,WORKER,worker,-5.75,-3.7499999999999996,2.0,0
20.333333333333332,WORKER,worker,5.75,-3.75,2.0,1
20.333333333333332,WORKER,worker,1.75,-3.7499999999999996,2.0,1
20.333333333333332,WORKER,worker,-1.75,3.75,2.0,2
20.333333333333332,WORKER,worker,-5.75,3.7500000000000004,2.0,2
20.333333333333332,WORKER,worker,5.75,3.75,2.0,3
20.333333333333332,WORKER,worker,1.75,3.7500000000000004,2.0,3
20.5,GENERAL,general,0.0,0.0,4.0,-1
20.5,NODE,node_0,-3.4316675237991037,-2.5307134633218764,2.999999999999994,0
20.5,NODE,node_1,2.8151384764476726,-3.4143083862862884,2.999999999999994,1
20.5,NODE,node_2,-4.006381153075206,2.83134303273374,2.999999999999994,2
20.5,NODE,node_3,4.660648859858077,3.6263353310048907,2.999999999999994,3
20.5,SCOUT,scout_d2cf4d0a,-5.380765597960599,-2.0325313460012113,2.999999999999996,0
20.5,SCOUT,scout_5c3ff6f5,-3.4613870967701232,-2.352496649034952,2.999999999999996,0
20.5,SCOUT,scout_20a72312,-1.3180231358357948,-3.765393185043545,2.999999999999996,0
20.5,SCOUT,scout_5e98d295,1.3950821357636958,-4.519376647972147,2.999999999999996,1
20.5,SCOUT,scout_c8e21d40,3.632990273706227,-3.586672049282448,2.999999999999996,1
20.5,SCOUT,scout_283b8e5e,5.2270132629585895,-2.5871466649832064,2.999999999999996,1
20.5,SCOUT,scout_1bd12edb,-5.313207539736687,3.8276092163372653,2.999999999999996,2
20.5,SCOUT,scout_bf5b3d15,-3.4434755382218727,3.5864928270532754,2.999999999999996,2
20.5,SCOUT,scout_5adbfd88,-1.259707702961011,3.5786449044743414,2.999999999999996,2
20.5,SCOUT,scout_a3683d0e,1.4279167162487054,3.8915816529576555,2.999999999999996,3
20.5,SCOUT,scout_2e5f69a0,3.7202431652163592,3.8921070032246887,2.999999999999996,3
20.5,SCOUT,scout_d6cec7ec,5.347243219556797,5.3458326363584,2.999999999999996,3
20.5,WORKER,worker,-1.75,-3.75,2.0,0
20.5,WORKER,worker,-5.75,-3.7499999999999996,2.0,0
20.5,WORKER,worker,5.75,-3.75,2.0,1
20.5,WORKER,worker,1.75,-3.7499999999999996,2.0,1
20.5,WORKER,worker,-1.75,3.75,2.0,2
20.5,WORKER,worker,-5.75,3.7500000000000004,2.0,2
20.5,WORKER,worker,5.75,3.75,2.0,3
20.5,WORKER,worker,1.75,3.7500000000000004,2.0,3
20.666666666666668,GENERAL,general,0.0,0.0,4.0,-1
20.666666666666668,NODE,node_0,-3.4617413537887973,-2.516174824282851,2.999999999999994,0
20.666666666666668,NODE,node_1,2.7957513993870413,-3.4912150543924096,2.999999999999994,1
20.666666666666668,NODE,node_2,-3.9677429936761546,2.8451124125770098,2.999999999999994,2
20.666666666666668,NODE,node_3,4.6824293958399466,3.7474992074941174,2.999999999999994,3
20.666666666666668,SCOUT,scout_d2cf4d0a,-5.299166182745802,-2.2198217870156007,2.999999999999996,0
20.666666666666668,SCOUT,scout_5c3ff6f5,-3.4310943982087934,-2.5307052995609816,2.999999999999996,0
20.666666666666668,SCOUT,scout_20a72312,-1.319570921485268,-3.412842698859318,2.999999999999996,0
20.666666666666668,SCOUT,scout_5e98d295,1.385751315617374,-4.920819359171224,2.999999999999996,1
20.666666666666668,SCOUT,scout_c8e21d40,3.59558978177978,-3.186641579978381,2.999999999999996,1
20.666666666666668,SCOUT,scout_283b8e5e,5.2404877600659105,-2.994100721904147,2.999999999999996,1
20.666666666666668,SCOUT,scout_1bd12edb,-5.318336872091408,4.210286479968703,2.999999999999996,2
20.666666666666668,SCOUT,scout_bf5b3d15,-3.471572630784475,3.963597075144401,2.999999999999996,2
20.666666666666668,SCOUT,scout_5adbfd88,-1.220946929702682,3.1443352299446485,2.999999999999996,2
20.666666666666668,SCOUT,scout_a3683d0e,1.4309731382388224,4.350092367766927,2.999999999999996,3
20.666666666666668,SCOUT,scout_2e5f69a0,3.7153948658263665,4.28260552105347,2.999999999999996,3
20.666666666666668,SCOUT,scout_d6cec7ec,5.3824973489837005,5.375601118653624,2.999999999999996,3
20.666666666666668,WORKER,worker,-1.75,-3.75,2.0,0
20.666666666666668,WORKER,worker,-5.75,-3.7499999999999996,2.0,0
20.666666666666668,WORKER,worker,5.75,-3.75,2.0,1
20.666666666666668,WORKER,worker,1.75,-3.7499999999999996,2.0,1
20.666666666666668,WORKER,worker,-1.75,3.75,2.0,2
20.666666666666668,WORKER,worker,-5.75,3.7500000000000004,2.0,2
20.666666666666668,WORKER,worker,5.75,3.75,2.0,3
20.666666666666668,WORKER,worker,1.75,3.7500000000000004,2.0,3
20.833333333333332,GENERAL,general,0.0,0.0,4.0,-1
20.833333333333332,NODE,node_0,-3.4909526935171598,-2.529860977326307,2.999999999999994,0
20.833333333333332,NODE,node_1,2.7762047517247788,-3.5514922886536393,2.999999999999994,1
20.833333333333332,NODE,node_2,-3.931831527721893,2.8576326670923913,2.999999999999994,2
20.833333333333332,NODE,node_3,4.702998330650361,3.8665818465012833,2.999999999999994,3
20.833333333333332,SCOUT,scout_d2cf4d0a,-5.234325229522509,-2.526919872616057,2.999999999999996,0
20.833333333333332,SCOUT,scout_5c3ff6f5,-3.388385902111857,-2.852094539462956,2.999999999999996,0
20.833333333333332,SCOUT,scout_20a72312,-1.3179860184587,-3.0604683582052474,2.999999999999996,0
20.833333333333332,SCOUT,scout_5e98d295,1.371388111798644,-5.085526505988045,2.999999999999996,1
20.833333333333332,SCOUT,scout_c8e21d40,3.535419593135572,-2.774450332951485,2.999999999999996,1
20.833333333333332,SCOUT,scout_283b8e5e,5.283785657028069,-3.4306200217711527,2.999999999999996,1
20.833333333333332,SCOUT,scout_1bd12edb,-5.345485929324151,4.584341692977733,2.999999999999996,2
20.833333333333332,SCOUT,scout_bf5b3d15,-3.4588204791722257,4.341102642980554,2.999999999999996,2
20.833333333333332,SCOUT,scout_5adbfd88,-1.227006790464499,2.708941044511987,2.999999999999996,2
20.833333333333332,SCOUT,scout_a3683d0e,1.4250015107528045,4.807971333607212,2.999999999999996,3
20.833333333333332,SCOUT,scout_2e5f69a0,3.7058394406994486,4.6686190738626205,2.999999999999996,3
20.833333333333332,SCOUT,scout_d6cec7ec,5.412935100590955,5.390895036567853,2.999999999999996,3
20.833333333333332,WORKER,worker,-1.75,-3.75,2.0,0
20.833333333333332,WORKER,worker,-5.75,-3.7499999999999996,2.0,0
20.833333333333332,WORKER,worker,5.75,-3.75,2.0,1
20.833333333333332,WORKER,worker,1.75,-3.7499999999999996,2.0,1
20.833333333333332,WORKER,worker,-1.75,3.75,2.0,2
20.833333333333332,WORKER,worker,-5.75,3.7500000000000004,2.0,2
20.833333333333332,WORKER,worker,5.75,3.75,2.0,3
20.833333333333332,WORKER,worker,1.75,3.7500000000000004,2.0,3
21.0,GENERAL,general,0.0,0.0,4.0,-1
21.0,NODE,node_0,-3.520648420911739,-2.5474466464190324,2.999999999999994,0
21.0,NODE,node_1,2.760794054417891,-3.564305237546096,2.999999999999994,1
21.0,NODE,node_2,-3.897953841955688,2.8763961501864537,2.999999999999994,2
21.0,NODE,node_3,4.714739729261684,3.9481203307855797,2.999999999999994,3
21.0,SCOUT,scout_d2cf4d0a,-5.2139966175113415,-2.8502620797906797,2.999999999999996,0
21.0,SCOUT,scout_5c3ff6f5,-3.3495278716726227,-3.1966952114612277,2.999999999999996,0
21.0,SCOUT,scout_20a72312,-1.2731957806508634,-2.708582415126401,2.999999999999996,0
21.0,SCOUT,scout_5e98d295,1.3631631928546675,-4.762704139651198,2.999999999999996,1
21.0,SCOUT,scout_c8e21d40,3.5355100596415845,-2.3657322167652266,2.999999999999996,1
21.0,SCOUT,scout_283b8e5e,5.307418481603657,-3.8981781723452196,2.999999999999996,1
21.0,SCOUT,scout_1bd12edb,-5.380679618103912,4.945144320681697,2.999999999999996,2
21.0,SCOUT,scout_bf5b3d15,-3.4455494372622635,4.717236832722496,2.999999999999996,2
21.0,SCOUT,scout_5adbfd88,-1.2441443323464088,2.3915788384320127,2.999999999999996,2
21.0,SCOUT,scout_a3683d0e,1.4136869030917618,5.123425705799728,2.999999999999996,3
21.0,SCOUT,scout_2e5f69a0,3.689478585645805,5.061803576158334,2.999999999999996,3
21.0,SCOUT,scout_d6cec7ec,5.348012805836656,5.0841450446551715,2.999999999999996,3
21.0,WORKER,worker,-1.75,-3.75,2.0,0
21.0,WORKER,worker,-5.75,-3.7499999999999996,2.0,0
21.0,WORKER,worker,5.75,-3.75,2.0,1
21.0,WORKER,worker,1.75,-3.7499999999999996,2.0,1
21.0,WORKER,worker,-1.75,3.75,2.0,2
21.0,WORKER,worker,-5.75,3.7500000000000004,2.0,2
21.0,WORKER,worker,5.75,3.75,2.0,3
21.0,WORKER,worker,1.75,3.7500000000000004,2.0,3
21.166666666666668,GENERAL,general,0.0,0.0,4.0,-1
21.166666666666668,NODE,node_0,-3.5477071731543073,-2.591530253707628,2.999999999999994,0
21.166666666666668,NODE,node_1,2.7717984494731587,-3.607503819805643,2.999999999999994,1
21.166666666666668,NODE,node_2,-3.872814579934877,2.9713207201133147,2.999999999999994,2
21.166666666666668,NODE,node_3,4.6966868701822095,3.9094105068534053,2.999999999999994,3
21.166666666666668,SCOUT,scout_d2cf4d0a,-5.217823704957494,-3.173378049017696,2.999999999999996,0
21.166666666666668,SCOUT,scout_5c3ff6f5,-3.319609717021907,-3.544625546910173,2.999999999999996,0
21.166666666666668,SCOUT,scout_20a72312,-1.2609871348543322,-2.391167642736472,2.999999999999996,0
21.166666666666668,SCOUT,scout_5e98d295,1.3700351006792968,-4.370123207233422,2.999999999999996,1
21.166666666666668,SCOUT,scout_c8e21d40,3.5511387958438903,-2.4720793365019715,2.999999999999996,1
21.166666666666668,SCOUT,scout_283b8e5e,5.290667231615164,-4.34736978045866,2.999999999999996,1
21.166666666666668,SCOUT,scout_1bd12edb,-5.4221714019061205,5.257292018444082,2.999999999999996,2
21.166666666666668,SCOUT,scout_bf5b3d15,-3.4473423305358657,5.0908137164537965,2.999999999999996,2
21.166666666666668,SCOUT,scout_5adbfd88,-1.2592331095309142,2.621621798534211,2.999999999999996,2
21.166666666666668,SCOUT,scout_a3683d0e,1.4240812574177668,4.806275814511463,2.999999999999996,3
21.166666666666668,SCOUT,scout_2e5f69a0,3.6614931292814346,4.9878761169673105,2.999999999999996,3
21.166666666666668,SCOUT,scout_d6cec7ec,5.278181462610381,4.700557068036756,2.999999999999996,3
21.166666666666668,WORKER,worker,-1.75,-3.75,2.0,0
21.166666666666668,WORKER,worker,-5.75,-3.7499999999999996,2.0,0
21.166666666666668,WORKER,worker,5.75,-3.75,2.0,1
21.166666666666668,WORKER,worker,1.75,-3.7499999999999996,2.0,1
21.166666666666668,WORKER,worker,-1.75,3.75,2.0,2
21.166666666666668,WORKER,worker,-5.75,3.7500000000000004,2.0,2
21.166666666666668,WORKER,worker,5.75,3.75,2.0,3
21.166666666666668,WORKER,worker,1.75,3.7500000000000004,2.0,3
21.333333333333332,GENERAL,general,0.0,0.0,4.0,-1
21.333333333333332,NODE,node_0,-3.5718790861224416,-2.7040989979111494,2.999999999999994,0
21.333333333333332,NODE,node_1,2.8070394931422027,-3.6653166944195554,2.999999999999994,1
21.333333333333332,NODE,node_2,-3.849702400903709,3.0456836180977613,2.999999999999994,2
21.333333333333332,NODE,node_3,4.657012106199107,3.825664155336914,2.999999999999994,3
21.333333333333332,SCOUT,scout_d2cf4d0a,-5.229616720610379,-3.4935182421014477,2.999999999999996,0
21.333333333333332,SCOUT,scout_5c3ff6f5,-3.3118391536559675,-3.890013155977763,2.999999999999996,0
21.333333333333332,SCOUT,scout_20a72312,-1.2675149737180202,-2.5772788772181343,2.999999999999996,0
21.333333333333332,SCOUT,scout_5e98d295,1.3781423039816223,-3.966649183324725,2.999999999999996,1
21.333333333333332,SCOUT,scout_c8e21d40,3.5598206135101207,-2.8144285377167977,2.999999999999996,1
21.333333333333332,SCOUT,scout_283b8e5e,5.2891461034363285,-4.768435108517145,2.999999999999996,1
21.333333333333332,SCOUT,scout_1bd12edb,-5.438867782048838,5.318151805897625,2.999999999999996,2
21.333333333333332,SCOUT,scout_bf5b3d15,-3.4301388960174406,5.013543445757677,2.999999999999996,2
21.333333333333332,SCOUT,scout_5adbfd88,-1.271786443732082,2.9929769743664996,2.999999999999996,2
21.333333333333332,SCOUT,scout_a3683d0e,1.437866665541502,4.364581874717845,2.999999999999996,3
21.333333333333332,SCOUT,scout_2e5f69a0,3.631761705296947,4.6748254939703395,2.999999999999996,3
21.333333333333332,SCOUT,scout_d6cec7ec,5.2538826468040485,4.337717043397888,2.999999999999996,3
21.333333333333332,WORKER,worker,-1.75,-3.75,2.0,0
21.333333333333332,WORKER,worker,-5.75,-3.7499999999999996,2.0,0
21.333333333333332,WORKER,worker,5.75,-3.75,2.0,1
21.333333333333332,WORKER,worker,1.75,-3.7499999999999996,2.0,1
21.333333333333332,WORKER,worker,-1.75,3.75,2.0,2
21.333333333333332,WORKER,worker,-5.75,3.7500000000000004,2.0,2
21.333333333333332,WORKER,worker,5.75,3.75,2.0,3
21.333333333333332,WORKER,worker,1.75,3.7500000000000004,2.0,3
21.5,GENERAL,general,0.0,0.0,4.0,-1
21.5,NODE,node_0,-3.600941673292878,-2.835430108250606,2.999999999999994,0
21.5,NODE,node_1,2.8458644778456215,-3.7241731500626925,2.999999999999994,1
21.5,NODE,node_2,-3.813991249157504,3.050472969018102,2.999999999999994,2
21.5,NODE,node_3,4.621163739168704,3.738738111588332,2.999999999999994,3
21.5,SCOUT,scout_d2cf4d0a,-5.2441102223395095,-3.8094576333047376,2.999999999999996,0
21.5,SCOUT,scout_5c3ff6f5,-3.338125761855168,-4.229663236030046,2.999999999999996,0
21.5,SCOUT,scout_20a72312,-1.2767771662044582,-2.9490690176453787,2.999999999999996,0
21.5,SCOUT,scout_5e98d295,1.3834272855955583,-3.5615503791299505,2.999999999999996,1
21.5,SCOUT,scout_c8e21d40,3.5683290405194583,-3.194841358548792,2.999999999999996,1
21.5,SCOUT,scout_283b8e5e,5.323422812594169,-5.1586330649504895,2.999999999999996,1
21.5,SCOUT,scout_1bd12edb,-5.345371593940682,4.913702938316183,2.999999999999996,2
21.5,SCOUT,scout_bf5b3d15,-3.399188732232159,4.712613103822364,2.999999999999996,2
21.5,SCOUT,scout_5adbfd88,-1.2825318357725328,3.3871472223801766,2.999999999999996,2
21.5,SCOUT,scout_a3683d0e,1.447684810113772,3.9045429354278975,2.999999999999996,3
21.5,SCOUT,scout_2e5f69a0,3.6067036684747418,4.338175947500861,2.999999999999996,3
21.5,SCOUT,scout_d6cec7ec,5.2574174465740775,3.9793517863986367,2.999999999999996,3
21.5,WORKER,worker,-1.75,-3.75,2.0,0
21.5,WORKER,worker,-5.75,-3.7499999999999996,2.0,0
21.5,WORKER,worker,5.75,-3.75,2.0,1
21.5,WORKER,worker,1.75,-3.7499999999999996,2.0,1
21.5,WORKER,worker,-1.75,3.75,2.0,2
21.5,WORKER,worker,-5.75,3.7500000000000004,2.0,2
21.5,WORKER,worker,5.75,3.75,2.0,3
21.5,WORKER,worker,1.75,3.7500000000000004,2.0,3
21.666666666666668,GENERAL,general,0.0,0.0,4.0,-1
21.666666666666668,NODE,node_0,-3.6303721834047598,-2.969191608136777,2.999999999999994,0
21.666666666666668,NODE,node_1,2.8867062414181714,-3.7710328757154357,2.999999999999994,1
21.666666666666668,NODE,node_2,-3.7809841320278554,3.053095662108632,2.999999999999994,2
21.666666666666668,NODE,node_3,4.586992425598371,3.6528958831835916,2.999999999999994,3
21.666666666666668,SCOUT,scout_d2cf4d0a,-5.260822353399496,-4.119821573883154,2.999999999999996,0
21.666666666666668,SCOUT,scout_5c3ff6f5,-3.3623017899427956,-4.570548648623949,2.999999999999996,0
21.666666666666668,SCOUT,scout_20a72312,-1.2853876841529415,-3.350839548228235,2.999999999999996,0
21.666666666666668,SCOUT,scout_5e98d295,1.3845830793290068,-3.1563891795658767,2.999999999999996,1
21.666666666666668,SCOUT,scout_c8e21d40,3.578226967797057,-3.5813191533213815,2.999999999999996,1
21.666666666666668,SCOUT,scout_283b8e5e,5.379686870078958,-5.408746724296385,2.999999999999996,1
21.666666666666668,SCOUT,scout_1bd12edb,-5.285283878062237,4.513645061588674,2.999999999999996,2
21.666666666666668,SCOUT,scout_bf5b3d15,-3.3781290668029027,4.397090062090176,2.999999999999996,2
21.666666666666668,SCOUT,scout_5adbfd88,-1.282759895879607,3.7816288560610376,2.999999999999996,2
21.666666666666668,SCOUT,scout_a3683d0e,1.4512456031959704,3.4419349480143318,2.999999999999996,3
21.666666666666668,SCOUT,scout_2e5f69a0,3.587514150430259,4.001229684048779,2.999999999999996,3
21.666666666666668,SCOUT,scout_d6cec7ec,5.271375835854251,3.624862478062727,2.999999999999996,3
21.666666666666668,WORKER,worker,-1.75,-3.75,2.0,0
21.666666666666668,WORKER,worker,-5.75,-3.7499999999999996,2.0,0
21.666666666666668,WORKER,worker,5.75,-3.75,2.0,1
21.666666666666668,WORKER,worker,1.75,-3.7499999999999996,2.0,1
21.666666666666668,WORKER,worker,-1.75,3.75,2.0,2
21.666666666666668,WORKER,worker,-5.75,3.7500000000000004,2.0,2
21.666666666666668,WORKER,worker,5.75,3.75,2.0,3
21.666666666666668,WORKER,worker,1.75,3.7500000000000004,2.0,3
21.833333333333332,GENERAL,general,0.0,0.0,4.0,-1
21.833333333333332,NODE,node_0,-3.6607355299770874,-3.102470222663832,2.999999999999994,0
21.833333333333332,NODE,node_1,2.922688853253787,-3.774328420100244,2.999999999999994,1
21.833333333333332,NODE,node_2,-3.754062059665027,3.057365413084479,2.999999999999994,2
21.833333333333332,NODE,node_3,4.553599456581047,3.5687138461137202,2.999999999999994,3
21.833333333333332,SCOUT,scout_d2cf4d0a,-5.280148256651935,-4.422875850255435,2.999999999999996,0
21.833333333333332,SCOUT,scout_5c3ff6f5,-3.3903599956515587,-4.9116106599119655,2.999999999999996,0
21.833333333333332,SCOUT,scout_20a72312,-1.2925539975162461,-3.757437458397785,2.999999999999996,0
21.833333333333332,SCOUT,scout_5e98d295,1.3805674219648545,-2.7515183978670867,2.999999999999996,1
21.833333333333332,SCOUT,scout_c8e21d40,3.590041487972625,-3.9686701972029508,2.999999999999996,1
21.833333333333332,SCOUT,scout_283b8e5e,5.383224475963859,-5.1735967210433955,2.999999999999996,1
21.833333333333332,SCOUT,scout_1bd12edb,-5.27623646887194,4.125373891189931,2.999999999999996,2
21.833333333333332,SCOUT,scout_bf5b3d15,-3.4085455067630774,4.091604223247452,2.999999999999996,2
21.833333333333332,SCOUT,scout_5adbfd88,-1.2397256218639905,4.168249691542396,2.999999999999996,2
21.833333333333332,SCOUT,scout_a3683d0e,1.4468924036898703,2.9795096758671393,2.999999999999996,3
21.833333333333332,SCOUT,scout_2e5f69a0,3.5740434004250115,3.667418797300618,2.999999999999996,3
21.833333333333332,SCOUT,scout_d6cec7ec,5.288939391535752,3.2754793662466377,2.999999999999996,3
21.833333333333332,WORKER,worker,-1.75,-3.75,2.0,0
21.833333333333332,WORKER,worker,-5.75,-3.7499999999999996,2.0,0
21.833333333333332,WORKER,worker,5.75,-3.75,2.0,1
21.833333333333332,WORKER,worker,1.75,-3.7499999999999996,2.0,1
21.833333333333332,WORKER,worker,-1.75,3.75,2.0,2
21.833333333333332,WORKER,worker,-5.75,3.7500000000000004,2.0,2
21.833333333333332,WORKER,worker,5.75,3.75,2.0,3
21.833333333333332,WORKER,worker,1.75,3.7500000000000004,2.0,3
22.0,GENERAL,general,0.0,0.0,4.0,-1
22.0,NODE,node_0,-3.6919374653624764,-3.226422304097805,2.999999999999994,0
22.0,NODE,node_1,2.9592043980079366,-3.7606785688536766,2.999999999999994,1
22.0,NODE,node_2,-3.730262626009056,3.062274229278093,2.999999999999994,2
22.0,NODE,node_3,4.5206240622614144,3.4863409275780155,2.999999999999994,3
22.0,SCOUT,scout_d2cf4d0a,-5.302884906081275,-4.716306221420755,2.999999999999996,0
22.0,SCOUT,scout_5c3ff6f5,-3.4201336105447298,-5.137617061501693,2.999999999999996,0
22.0,SCOUT,scout_20a72312,-1.2978895104352293,-4.164790169027984,2.999999999999996,0
22.0,SCOUT,scout_5e98d295,1.3713236893412084,-2.385247481306596,2.999999999999996,1
22.0,SCOUT,scout_c8e21d40,3.6005910880319063,-4.354930647653037,2.999999999999996,1
22.0,SCOUT,scout_283b8e5e,5.408805545115467,-4.7874904824653415,2.999999999999996,1
22.0,SCOUT,scout_1bd12edb,-5.293215045307652,3.7396589909704665,2.999999999999996,2
22.0,SCOUT,scout_bf5b3d15,-3.4413878717332165,3.7758427377812027,2.999999999999996,2
22.0,SCOUT,scout_5adbfd88,-1.197493237062068,4.567556480540272,2.999999999999996,2
22.0,SCOUT,scout_a3683d0e,1.4324352866789658,2.5180628554238065,2.999999999999996,3
22.0,SCOUT,scout_2e5f69a0,3.565879322314005,3.3370226158683356,2.999999999999996,3
22.0,SCOUT,scout_d6cec7ec,5.309622788607052,2.9332904785461253,2.999999999999996,3
22.0,WORKER,worker,-1.75,-3.75,2.0,0
22.0,WORKER,worker,-5.75,-3.7499999999999996,2.0,0
22.0,WORKER,worker,5.75,-3.75,2.0,1
22.0,WORKER,worker,1.75,-3.7499999999999996,2.0,1
22.0,WORKER,worker,-1.75,3.75,2.0,2
22.0,WORKER,worker,-5.75,3.7500000000000004,2.0,2
22.0,WORKER,worker,5.75,3.75,2.0,3
22.0,WORKER,worker,1.75,3.7500000000000004,2.0,3
22.166666666666668,GENERAL,general,0.0,0.0,4.0,-1
22.166666666666668,NODE,node_0,-3.7226899559635886,-3.301619436382888,2.999999999999994,0
22.166666666666668,NODE,node_1,2.993932874650602,-3.801028576813439,2.999999999999994,1
22.166666666666668,NODE,node_2,-3.707793983010366,3.067758502407762,2.999999999999994,2
22.166666666666668,NODE,node_3,4.487778266284515,3.4373459621344162,2.999999999999994,3
22.166666666666668,SCOUT,scout_d2cf4d0a,-5.3319026989006835,-5.003314272322764,2.999999999999996,0
22.166666666666668,SCOUT,scout_5c3ff6f5,-3.4345981139416017,-4.875474982621491,2.999999999999996,0
22.166666666666668,SCOUT,scout_20a72312,-1.3009819027076226,-4.572223542218339,2.999999999999996,0
22.166666666666668,SCOUT,scout_5e98d295,1.375886697165898,-2.553005774494585,2.999999999999996,1
22.166666666666668,SCOUT,scout_c8e21d40,3.5642408127081735,-4.7342803875995045,2.999999999999996,1
22.166666666666668,SCOUT,scout_283b8e5e,5.438762032311428,-4.441892385123179,2.999999999999996,1
22.166666666666668,SCOUT,scout_1bd12edb,-5.317989485236757,3.3560657425207743,2.999999999999996,2
22.166666666666668,SCOUT,scout_bf5b3d15,-3.4281546470484003,3.4629616058905506,2.999999999999996,2
22.166666666666668,SCOUT,scout_5adbfd88,-1.2065696627031872,4.9671826823673495,2.999999999999996,2
22.166666666666668,SCOUT,scout_a3683d0e,1.4109292096854817,2.4392455630315024,2.999999999999996,3
22.166666666666668,SCOUT,scout_2e5f69a0,3.5555674440243017,3.005661309832062,2.999999999999996,3
22.166666666666668,SCOUT,scout_d6cec7ec,5.334924283367267,2.6016786938494003,2.999999999999996,3
22.166666666666668,WORKER,worker,-1.75,-3.75,2.0,0
22.166666666666668,WORKER,worker,-5.75,-3.7499999999999996,2.0,0
22.166666666666668,WORKER,worker,5.75,-3.75,2.0,1
22.166666666666668,WORKER,worker,1.75,-3.7499999999999996,2.0,1
22.166666666666668,WORKER,worker,-1.75,3.75,2.0,2
22.166666666666668,WORKER,worker,-5.75,3.7500000000000004,2.0,2
22.166666666666668,WORKER,worker,5.75,3.75,2.0,3
22.166666666666668,WORKER,worker,1.75,3.7500000000000004,2.0,3
22.333333333333332,GENERAL,general,0.0,0.0,4.0,-1
22.333333333333332,NODE,node_0,-3.752265223406236,-3.3633039011902524,2.999999999999994,0
22.333333333333332,NODE,node_1,3.0219489293264945,-3.856489658975535,2.999999999999994,1
22.333333333333332,NODE,node_2,-3.686551957750205,3.0491510847396515,2.999999999999994,2
22.333333333333332,NODE,node_3,4.458461423704814,3.4359744706299558,2.999999999999994,3
22.333333333333332,SCOUT,scout_d2cf4d0a,-5.365288261148707,-5.254537325552817,2.999999999999996,0
22.333333333333332,SCOUT,scout_5c3ff6f5,-3.431253557882954,-4.516395038043156,2.999999999999996,0
22.333333333333332,SCOUT,scout_20a72312,-1.3012346469544922,-4.9795999782416915,2.999999999999996,0
22.333333333333332,SCOUT,scout_5e98d295,1.385206387871974,-2.9176975833786276,2.999999999999996,1
22.333333333333332,SCOUT,scout_c8e21d40,3.563017855861734,-5.1046959187595915,2.999999999999996,1
22.333333333333332,SCOUT,scout_283b8e5e,5.367055716652372,-4.027551679391314,2.999999999999996,1
22.333333333333332,SCOUT,scout_1bd12edb,-5.344495728851705,2.976722465466855,2.999999999999996,2
22.333333333333332,SCOUT,scout_bf5b3d15,-3.411412921053816,3.154897508690853,2.999999999999996,2
22.333333333333332,SCOUT,scout_5adbfd88,-1.2275534711957323,5.055564358609708,2.999999999999996,2
22.333333333333332,SCOUT,scout_a3683d0e,1.4014613441798767,2.8071682377279163,2.999999999999996,3
22.333333333333332,SCOUT,scout_2e5f69a0,3.5637213083097725,2.6700822338686043,2.999999999999996,3
22.333333333333332,SCOUT,scout_d6cec7ec,5.366536170075683,2.2860952118989637,2.999999999999996,3
22.333333333333332,WORKER,worker,-1.75,-3.75,2.0,0
22.333333333333332,WORKER,worker,-5.75,-3.7499999999999996,2.0,0
22.333333333333332,WORKER,worker,5.75,-3.75,2.0,1
22.333333333333332,WORKER,worker,1.75,-3.7499999999999996,2.0,1
22.333333333333332,WORKER,worker,-1.75,3.75,2.0,2
22.333333333333332,WORKER,worker,-5.75,3.7500000000000004,2.0,2
22.333333333333332,WORKER,worker,5.75,3.75,2.0,3
22.333333333333332,WORKER,worker,1.75,3.7500000000000004,2.0,3
22.5,GENERAL,general,0.0,0.0,4.0,-1
22.5,NODE,node_0,-3.7838705400651027,-3.3838307183036527,2.999999999999994,0
22.5,NODE,node_1,3.0551565396301177,-3.8624778650889002,2.999999999999994,1
22.5,NODE,node_2,-3.666677115698359,2.985327302347885,2.999999999999994,2
22.5,NODE,node_3,4.432991140775426,3.450926978868159,2.999999999999994,3
22.5,SCOUT,scout_d2cf4d0a,-5.391765320900286,-5.3857997114817575,2.999999999999996,0
22.5,SCOUT,scout_5c3ff6f5,-3.46117923481253,-4.144643426739853,2.999999999999996,0
22.5,SCOUT,scout_20a72312,-1.2990700927828798,-5.044204157966948,2.999999999999996,0
22.5,SCOUT,scout_5e98d295,1.3930307562471906,-3.3141075924635035,2.999999999999996,1
22.5,SCOUT,scout_c8e21d40,3.5970195991240033,-4.928959638055316,2.999999999999996,1
22.5,SCOUT,scout_283b8e5e,5.3156893458672245,-3.586059536105404,2.999999999999996,1
22.5,SCOUT,scout_1bd12edb,-5.3749879051637315,2.605920743480606,2.999999999999996,2
22.5,SCOUT,scout_bf5b3d15,-3.4054498072309323,2.8515689078103805,2.999999999999996,2
22.5,SCOUT,scout_5adbfd88,-1.244198869074607,4.691931999160926,2.999999999999996,2
22.5,SCOUT,scout_a3683d0e,1.4130998105552213,3.251840553605191,2.999999999999996,3
22.5,SCOUT,scout_2e5f69a0,3.5805022871522603,2.38857826416474,2.999999999999996,3
22.5,SCOUT,scout_d6cec7ec,5.397850415097559,2.042563508988143,2.999999999999996,3
22.5,WORKER,worker,-1.75,-3.75,2.0,0
22.5,WORKER,worker,-5.75,-3.7499999999999996,2.0,0
22.5,WORKER,worker,5.75,-3.75,2.0,1
22.5,WORKER,worker,1.75,-3.7499999999999996,2.0,1
22.5,WORKER,worker,-1.75,3.75,2.0,2
22.5,WORKER,worker,-5.75,3.7500000000000004,2.0,2
22.5,WORKER,worker,5.75,3.75,2.0,3
22.5,WORKER,worker,1.75,3.7500000000000004,2.0,3
22.666666666666668,GENERAL,general,0.0,0.0,4.0,-1
22.666666666666668,NODE,node_0,-3.813090251542061,-3.355710814764256,2.999999999999994,0
22.666666666666668,NODE,node_1,3.0910347085077783,-3.845943485517061,2.999999999999994,1
22.666666666666668,NODE,node_2,-3.649297453507933,2.9173791754781226,2.999999999999994,2
22.666666666666668,NODE,node_3,4.398274029162343,3.5528247809293223,2.999999999999994,3
22.666666666666668,SCOUT,scout_d2cf4d0a,-5.381902185811981,-5.411898887103441,2.999999999999996,0
22.666666666666668,SCOUT,scout_5c3ff6f5,-3.5002418145207232,-3.7714360408265417,2.999999999999996,0
22.666666666666668,SCOUT,scout_20a72312,-1.298999041782599,-4.742922257401365,2.999999999999996,0
22.666666666666668,SCOUT,scout_5e98d295,1.397794785366529,-3.7155101795598866,2.999999999999996,1
22.666666666666668,SCOUT,scout_c8e21d40,3.613597767688155,-4.543370642540809,2.999999999999996,1
22.666666666666668,SCOUT,scout_283b8e5e,5.311786279215117,-3.144589819312442,2.999999999999996,1
22.666666666666668,SCOUT,scout_1bd12edb,-5.413706647956595,2.250880585782164,2.999999999999996,2
22.666666666666668,SCOUT,scout_bf5b3d15,-3.4136595063263107,2.5532001634410606,2.999999999999996,2
22.666666666666668,SCOUT,scout_5adbfd88,-1.258541931687044,4.268438170811934,2.999999999999996,2
22.666666666666668,SCOUT,scout_a3683d0e,1.424827890043366,3.7087634186189686,2.999999999999996,3
22.666666666666668,SCOUT,scout_2e5f69a0,3.557824621633442,2.6309750298998664,2.999999999999996,3
22.666666666666668,SCOUT,scout_d6cec7ec,5.374375486353245,2.1761723529644046,2.999999999999996,3
22.666666666666668,WORKER,worker,-1.75,-3.75,2.0,0
22.666666666666668,WORKER,worker,-5.75,-3.7499999999999996,2.0,0
22.666666666666668,WORKER,worker,5.75,-3.75,2.0,1
22.666666666666668,WORKER,worker,1.75,-3.7499999999999996,2.0,1
22.666666666666668,WORKER,worker,-1.75,3.75,2.0,2
22.666666666666668,WORKER,worker,-5.75,3.7500000000000004,2.0,2
22.666666666666668,WORKER,worker,5.75,3.75,2.0,3
22.666666666666668,WORKER,worker,1.75,3.7500000000000004,2.0,3
22.833333333333332,GENERAL,general,0.0,0.0,4.0,-1
22.833333333333332,NODE,node_0,-3.8407556816144544,-3.31868934854758,2.999999999999994,0
22.833333333333332,NODE,node_1,3.128307723396417,-3.8279351414003537,2.999999999999994,1
22.833333333333332,NODE,node_2,-3.6323519214834064,2.8719133368829795,2.999999999999994,2
22.833333333333332,NODE,node_3,4.3595041310049,3.6835213027882436,2.999999999999994,3
22.833333333333332,SCOUT,scout_d2cf4d0a,-5.357709584032025,-5.394424046585813,2.999999999999996,0
22.833333333333332,SCOUT,scout_5c3ff6f5,-3.540550061161619,-3.3979707521287885,2.999999999999996,0
22.833333333333332,SCOUT,scout_20a72312,-1.3040241069261176,-4.398490972420218,2.999999999999996,0
22.833333333333332,SCOUT,scout_5e98d295,1.3987371625020022,-4.117535154353358,2.999999999999996,1
22.833333333333332,SCOUT,scout_c8e21d40,3.618702967996252,-4.129013594122144,2.999999999999996,1
22.833333333333332,SCOUT,scout_283b8e5e,5.341600781122004,-2.71529198437131,2.999999999999996,1
22.833333333333332,SCOUT,scout_1bd12edb,-5.436118567987931,2.0965063017003875,2.999999999999996,2
22.833333333333332,SCOUT,scout_bf5b3d15,-3.434737046969438,2.356379148825529,2.999999999999996,2
22.833333333333332,SCOUT,scout_5adbfd88,-1.270895726248767,3.835335712329894,2.999999999999996,2
22.833333333333332,SCOUT,scout_a3683d0e,1.4308376447417166,4.167295113735191,2.999999999999996,3
22.833333333333332,SCOUT,scout_2e5f69a0,3.5052023794339497,3.0397747033213816,2.999999999999996,3
22.833333333333332,SCOUT,scout_d6cec7ec,5.355814270648896,2.412529916664219,2.999999999999996,3
22.833333333333332,WORKER,worker,-1.75,-3.75,2.0,0
22.833333333333332,WORKER,worker,-5.75,-3.7499999999999996,2.0,0
22.833333333333332,WORKER,worker,5.75,-3.75,2.0,1
22.833333333333332,WORKER,worker,1.75,-3.7499999999999996,2.0,1
22.833333333333332,WORKER,worker,-1.75,3.75,2.0,2
22.833333333333332,WORKER,worker,-5.75,3.7500000000000004,2.0,2
22.833333333333332,WORKER,worker,5.75,3.75,2.0,3
22.833333333333332,WORKER,worker,1.75,3.7500000000000004,2.0,3
23.0,GENERAL,general,0.0,0.0,4.0,-1
23.0,NODE,node_0,-3.8688238548479754,-3.2812182422436575,2.999999999999994,0
23.0,NODE,node_1,3.1667072847611744,-3.81182534096876,2.999999999999994,1
23.0,NODE,node_2,-3.610368431074658,2.910355874364965,2.999999999999994,2
23.0,NODE,node_3,4.3213458107258935,3.816847333031201,2.999999999999994,3
23.0,SCOUT,scout_d2cf4d0a,-5.344038174207049,-5.378217919430728,2.999999999999996,0
23.0,SCOUT,scout_5c3ff6f5,-3.580588124351697,-3.024417648489332,2.999999999999996,0
23.0,SCOUT,scout_20a72312,-1.3090721170473978,-4.047143348503532,2.999999999999996,0
23.0,SCOUT,scout_5e98d295,1.3950818739472666,-4.519397090810626,2.999999999999996,1
23.0,SCOUT,scout_c8e21d40,3.623424390082348,-3.7100758907807934,2.999999999999996,1
23.0,SCOUT,scout_283b8e5e,5.3908582341693885,-2.307515142434692,2.999999999999996,1
23.0,SCOUT,scout_1bd12edb,-5.412392396680726,2.342756730564821,2.999999999999996,2
23.0,SCOUT,scout_bf5b3d15,-3.4521005315653333,2.6106199672117825,2.999999999999996,2
23.0,SCOUT,scout_5adbfd88,-1.2810371395538278,3.4006935773801237,2.999999999999996,2
23.0,SCOUT,scout_a3683d0e,1.4287230884885636,4.62550020304298,2.999999999999996,3
23.0,SCOUT,scout_2e5f69a0,3.452468845857338,3.479412065939973,2.999999999999996,3
23.0,SCOUT,scout_d6cec7ec,5.361273145296423,2.648835471724359,2.999999999999996,3
23.0,WORKER,worker,-1.75,-3.75,2.0,0
23.0,WORKER,worker,-5.75,-3.7499999999999996,2.0,0
23.0,WORKER,worker,5.75,-3.75,2.0,1
23.0,WORKER,worker,1.75,-3.7499999999999996,2.0,1
23.0,WORKER,worker,-1.75,3.75,2.0,2
23.0,WORKER,worker,-5.75,3.7500000000000004,2.0,2
23.0,WORKER,worker,5.75,3.75,2.0,3
23.0,WORKER,worker,1.75,3.7500000000000004,2.0,3
23.166666666666668,GENERAL,general,0.0,0.0,4.0,-1
23.166666666666668,NODE,node_0,-3.8970867725899794,-3.2448181192284187,2.999999999999994,0
23.166666666666668,NODE,node_1,3.2025945796354867,-3.8105194613211286,2.999999999999994,1
23.166666666666668,NODE,node_2,-3.5878852680951248,2.9689670623560556,2.999999999999994,2
23.166666666666668,NODE,node_3,4.28447448324131,3.948047038883493,2.999999999999994,3
23.166666666666668,SCOUT,scout_d2cf4d0a,-5.338727209300555,-5.370739479280162,2.999999999999996,0
23.166666666666668,SCOUT,scout_5c3ff6f5,-3.619958438404742,-2.6507904025902342,2.999999999999996,0
23.166666666666668,SCOUT,scout_20a72312,-1.312836412431881,-3.694704263986379,2.999999999999996,0
23.166666666666668,SCOUT,scout_5e98d295,1.3857507153900483,-4.9208397732673745,2.999999999999996,1
23.166666666666668,SCOUT,scout_c8e21d40,3.6301239459556514,-3.2904997861053,2.999999999999996,1
23.166666666666668,SCOUT,scout_283b8e5e,5.410040852630039,-2.0868752330532234,2.999999999999996,1
23.166666666666668,SCOUT,scout_1bd12edb,-5.4140987293509815,2.6537259911604165,2.999999999999996,2
23.166666666666668,SCOUT,scout_bf5b3d15,-3.469157592254301,2.9804941265718248,2.999999999999996,2
23.166666666666668,SCOUT,scout_5adbfd88,-1.262144772676235,2.9709943990445566,2.999999999999996,2
23.166666666666668,SCOUT,scout_a3683d0e,1.4159667272486771,5.082275826264535,2.999999999999996,3
23.166666666666668,SCOUT,scout_2e5f69a0,3.415230445815673,3.9260630376554513,2.999999999999996,3
23.166666666666668,SCOUT,scout_d6cec7ec,5.381347630707236,2.866183226763265,2.999999999999996,3
23.166666666666668,WORKER,worker,-1.75,-3.75,2.0,0
23.166666666666668,WORKER,worker,-5.75,-3.7499999999999996,2.0,0
23.166666666666668,WORKER,worker,5.75,-3.75,2.0,1
23.166666666666668,WORKER,worker,1.75,-3.7499999999999996,2.0,1
23.166666666666668,WORKER,worker,-1.75,3.75,2.0,2
23.166666666666668,WORKER,worker,-5.75,3.7500000000000004,2.0,2
23.166666666666668,WORKER,worker,5.75,3.75,2.0,3
23.166666666666668,WORKER,worker,1.75,3.7500000000000004,2.0,3
23.333333333333332,GENERAL,general,0.0,0.0,4.0,-1
23.333333333333332,NODE,node_0,-3.9247823839552543,-3.2162577496372013,2.999999999999994,0
23.333333333333332,NODE,node_1,3.2267840592099963,-3.8407520925033816,2.999999999999994,1
23.333333333333332,NODE,node_2,-3.5663745141009584,3.029058122558074,2.999999999999994,2
23.333333333333332,NODE,node_3,4.249132088757629,4.028358623180832,2.999999999999994,3
23.333333333333332,SCOUT,scout_d2cf4d0a,-5.3372484508087865,-5.368691645952156,2.999999999999996,0
23.333333333333332,SCOUT,scout_5c3ff6f5,-3.65522809422649,-2.3773062775662583,2.999999999999996,0
23.333333333333332,SCOUT,scout_20a72312,-1.3149001892672758,-3.342125078701141,2.999999999999996,0
23.333333333333332,SCOUT,scout_5e98d295,1.3713874049833696,-5.085541558869049,2.999999999999996,1
23.333333333333332,SCOUT,scout_c8e21d40,3.6329923663332244,-2.873637197196121,2.999999999999996,1
23.333333333333332,SCOUT,scout_283b8e5e,5.323755695165802,-2.371114643797178,2.999999999999996,1
23.333333333333332,SCOUT,scout_1bd12edb,-5.439418671898458,2.9544417920370645,2.999999999999996,2
23.333333333333332,SCOUT,scout_bf5b3d15,-3.4896801648934153,3.3794909488077787,2.999999999999996,2
23.333333333333332,SCOUT,scout_5adbfd88,-1.227939920029084,2.5369207608985587,2.999999999999996,2
23.333333333333332,SCOUT,scout_a3683d0e,1.418694282454455,4.963784739253688,2.999999999999996,3
23.333333333333332,SCOUT,scout_2e5f69a0,3.430705513359435,4.357289945760899,2.999999999999996,3
23.333333333333332,SCOUT,scout_d6cec7ec,5.354308067746902,3.092470609375191,2.999999999999996,3
23.333333333333332,WORKER,worker,-1.75,-3.75,2.0,0
23.333333333333332,WORKER,worker,-5.75,-3.7499999999999996,2.0,0
23.333333333333332,WORKER,worker,5.75,-3.75,2.0,1
23.333333333333332,WORKER,worker,1.75,-3.7499999999999996,2.0,1
23.333333333333332,WORKER,worker,-1.75,3.75,2.0,2
23.333333333333332,WORKER,worker,-5.75,3.7500000000000004,2.0,2
23.333333333333332,WORKER,worker,5.75,3.75,2.0,3
23.333333333333332,WORKER,worker,1.75,3.7500000000000004,2.0,3
23.5,GENERAL,general,0.0,0.0,4.0,-1
23.5,NODE,node_0,-3.9505128939320464,-3.2332136638989004,2.999999999999994,0
23.5,NODE,node_1,3.251050262102584,-3.83590563133142,2.999999999999994,1
23.5,NODE,node_2,-3.5364054245575844,3.1162188950199026,2.999999999999994,2
23.5,NODE,node_3,4.213342580855691,4.077461786951706,2.999999999999994,3
23.5,SCOUT,scout_d2cf4d0a,-5.3370832623687265,-5.36861918944801,2.999999999999996,0
23.5,SCOUT,scout_5c3ff6f5,-3.674166509431042,-2.5701789540998066,2.999999999999996,0
23.5,SCOUT,scout_20a72312,-1.3149505843953178,-2.9895742702142267,2.999999999999996,0
23.5,SCOUT,scout_5e98d295,1.3631628576141444,-4.7627124328628785,2.999999999999996,1
23.5,SCOUT,scout_c8e21d40,3.587153421704256,-2.466246676341836,2.999999999999996,1
23.5,SCOUT,scout_283b8e5e,5.28380534385673,-2.782371972577699,2.999999999999996,1
23.5,SCOUT,scout_1bd12edb,-5.370630278116054,3.2961251021034057,2.999999999999996,2
23.5,SCOUT,scout_bf5b3d15,-3.469898526875446,3.786380687599811,2.999999999999996,2
23.5,SCOUT,scout_5adbfd88,-1.2362044755510286,2.384833225451031,2.999999999999996,2
23.5,SCOUT,scout_a3683d0e,1.414373605760486,4.547326632226402,2.999999999999996,3
23.5,SCOUT,scout_2e5f69a0,3.5024188458157726,4.781478212832825,2.999999999999996,3
23.5,SCOUT,scout_d6cec7ec,5.273450969220057,3.3550632974549712,2.999999999999996,3
23.5,WORKER,worker,-1.75,-3.75,2.0,0
23.5,WORKER,worker,-5.75,-3.7499999999999996,2.0,0
23.5,WORKER,worker,5.75,-3.75,2.0,1
23.5,WORKER,worker,1.75,-3.7499999999999996,2.0,1
23.5,WORKER,worker,-1.75,3.75,2.0,2
23.5,WORKER,worker,-5.75,3.7500000000000004,2.0,2
23.5,WORKER,worker,5.75,3.75,2.0,3
23.5,WORKER,worker,1.75,3.7500000000000004,2.0,3
23.666666666666668,GENERAL,general,0.0,0.0,4.0,-1
23.666666666666668,NODE,node_0,-3.975514328281591,-3.2633751541617686,2.999999999999994,0
23.666666666666668,NODE,node_1,3.278993265142456,-3.860179002718852,2.999999999999994,1
23.666666666666668,NODE,node_2,-3.506508092007509,3.250963926600339,2.999999999999994,2
23.666666666666668,NODE,node_3,4.180330383058536,4.120322462308818,2.999999999999994,3
23.666666666666668,SCOUT,scout_d2cf4d0a,-5.337221989159289,-5.368894402274844,2.999999999999996,0
23.666666666666668,SCOUT,scout_5c3ff6f5,-3.687949053595674,-2.8834707532356667,2.999999999999996,0
23.666666666666668,SCOUT,scout_20a72312,-1.3125987349185406,-2.6371015461624165,2.999999999999996,0
23.666666666666668,SCOUT,scout_5e98d295,1.3700349013074198,-4.370130216122125,2.999999999999996,1
23.666666666666668,SCOUT,scout_c8e21d40,3.526399093705146,-2.436280960970569,2.999999999999996,1
23.666666666666668,SCOUT,scout_283b8e5e,5.283486963650489,-3.242175252166064,2.999999999999996,1
23.666666666666668,SCOUT,scout_1bd12edb,-5.313847719124075,3.6490396319583254,2.999999999999996,2
23.666666666666668,SCOUT,scout_bf5b3d15,-3.447434577265215,4.196255337287897,2.999999999999996,2
23.666666666666668,SCOUT,scout_5adbfd88,-1.2517403295456837,2.685845089803625,2.999999999999996,2
23.666666666666668,SCOUT,scout_a3683d0e,1.4159032475108044,4.091715918147777,2.999999999999996,3
23.666666666666668,SCOUT,scout_2e5f69a0,3.5636887114677696,5.1547286768308105,2.999999999999996,3
23.666666666666668,SCOUT,scout_d6cec7ec,5.2321575043072075,3.615991287273738,2.999999999999996,3
23.666666666666668,WORKER,worker,-1.75,-3.75,2.0,0
23.666666666666668,WORKER,worker,-5.75,-3.7499999999999996,2.0,0
23.666666666666668,WORKER,worker,5.75,-3.75,2.0,1
23.666666666666668,WORKER,worker,1.75,-3.7499999999999996,2.0,1
23.666666666666668,WORKER,worker,-1.75,3.75,2.0,2
23.666666666666668,WORKER,worker,-5.75,3.7500000000000004,2.0,2
23.666666666666668,WORKER,worker,5.75,3.75,2.0,3
23.666666666666668,WORKER,worker,1.75,3.7500000000000004,2.0,3
23.833333333333332,GENERAL,general,0.0,0.0,4.0,-1
23.833333333333332,NODE,node_0,-4.000965692709629,-3.3037167185064313,2.999999999999994,0
23.833333333333332,NODE,node_1,3.312435731953276,-3.9211372360928283,2.999999999999994,1
23.833333333333332,NODE,node_2,-3.4812327502399447,3.393511419086478,2.999999999999994,2
23.833333333333332,NODE,node_3,4.144937897132765,4.106879383493077,2.999999999999994,3
23.833333333333332,SCOUT,scout_d2cf4d0a,-5.337352145029532,-5.369072751129246,2.999999999999996,0
23.833333333333332,SCOUT,scout_5c3ff6f5,-3.700243746809692,-3.216223579655945,2.999999999999996,0
23.833333333333332,SCOUT,scout_20a72312,-1.3092294315984017,-2.3919717804347953,2.999999999999996,0
23.833333333333332,SCOUT,scout_5e98d295,1.3781421783610361,-3.9666559827265466,2.999999999999996,1
23.833333333333332,SCOUT,scout_c8e21d40,3.510746344224935,-2.750970211228549,2.999999999999996,1
23.833333333333332,SCOUT,scout_283b8e5e,5.2935741394685,-3.7184043038822634,2.999999999999996,1
23.833333333333332,SCOUT,scout_1bd12edb,-5.303562922811466,3.9951800809361924,2.999999999999996,2
23.833333333333332,SCOUT,scout_bf5b3d15,-3.434905216717405,4.607564170012612,2.999999999999996,2
23.833333333333332,SCOUT,scout_5adbfd88,-1.2652950481378364,3.0686632733542627,2.999999999999996,2
23.833333333333332,SCOUT,scout_a3683d0e,1.424412429507235,3.629387964663872,2.999999999999996,3
23.833333333333332,SCOUT,scout_2e5f69a0,3.550195060352866,4.95421173684355,2.999999999999996,3
23.833333333333332,SCOUT,scout_d6cec7ec,5.22918858969992,3.8705206038192927,2.999999999999996,3
23.833333333333332,WORKER,worker,-1.75,-3.75,2.0,0
23.833333333333332,WORKER,worker,-5.75,-3.7499999999999996,2.0,0
23.833333333333332,WORKER,worker,5.75,-3.75,2.0,1
23.833333333333332,WORKER,worker,1.75,-3.7499999999999996,2.0,1
23.833333333333332,WORKER,worker,-1.75,3.75,2.0,2
23.833333333333332,WORKER,worker,-5.75,3.7500000000000004,2.0,2
23.833333333333332,WORKER,worker,5.75,3.75,2.0,3
23.833333333333332,WORKER,worker,1.75,3.7500000000000004,2.0,3
24.0,GENERAL,general,0.0,0.0,4.0,-1
24.0,NODE,node_0,-4.026336735833645,-3.3919539311258275,2.999999999999994,0
24.0,NODE,node_1,3.3492044903075255,-3.9878251166075205,2.999999999999994,1
24.0,NODE,node_2,-3.4591877416357266,3.535954415555242,2.999999999999994,2
24.0,NODE,node_3,4.108390207135495,4.080262838488853,2.999999999999994,3
24.0,SCOUT,scout_d2cf4d0a,-5.337419593741372,-5.3691399395126505,2.999999999999996,0
24.0,SCOUT,scout_5c3ff6f5,-3.7116829125666615,-3.5521299941127262,2.999999999999996,0
24.0,SCOUT,scout_20a72312,-1.312760759350487,-2.6458541612036415,2.999999999999996,0
24.0,SCOUT,scout_5e98d295,1.3834272288778453,-3.5615571419112553,2.999999999999996,1
24.0,SCOUT,scout_c8e21d40,3.519720013676183,-3.1266404161602814,2.999999999999996,1
24.0,SCOUT,scout_283b8e5e,5.312730093312872,-4.19326871447965,2.999999999999996,1
24.0,SCOUT,scout_1bd12edb,-5.319407983653887,4.331534262685022,2.999999999999996,2
24.0,SCOUT,scout_bf5b3d15,-3.438706046295052,5.0186400807887575,2.999999999999996,2
24.0,SCOUT,scout_5adbfd88,-1.276852018807664,3.464689002406899,2.999999999999996,2
24.0,SCOUT,scout_a3683d0e,1.4280778715439966,3.166387814228445,2.999999999999996,3
24.0,SCOUT,scout_2e5f69a0,3.5006560084538276,4.635415809109176,2.999999999999996,3
24.0,SCOUT,scout_d6cec7ec,5.2535044011779455,4.125435429948061,2.999999999999996,3
24.0,WORKER,worker,-1.75,-3.75,2.0,0
24.0,WORKER,worker,-5.75,-3.7499999999999996,2.0,0
24.0,WORKER,worker,5.75,-3.75,2.0,1
24.0,WORKER,worker,1.75,-3.7499999999999996,2.0,1
24.0,WORKER,worker,-1.75,3.75,2.0,2
24.0,WORKER,worker,-5.75,3.7500000000000004,2.0,2
24.0,WORKER,worker,5.75,3.75,2.0,3
24.0,WORKER,worker,1.75,3.7500000000000004,2.0,3
24.166666666666668,GENERAL,general,0.0,0.0,4.0,-1
24.166666666666668,NODE,node_0,-4.029737549127909,-3.492449197176902,2.999999999999994,0
24.166666666666668,NODE,node_1,3.3857378829086855,-4.032032842068688,2.999999999999994,1
24.166666666666668,NODE,node_2,-3.4611021182125774,3.647630507732849,2.999999999999994,2
24.166666666666668,NODE,node_3,4.073747414264883,4.030187062474542,2.999999999999994,3
24.166666666666668,SCOUT,scout_d2cf4d0a,-5.3438159959140945,-5.375367348267367,2.999999999999996,0
24.166666666666668,SCOUT,scout_5c3ff6f5,-3.7223156362496694,-3.888555707463159,2.999999999999996,0
24.166666666666668,SCOUT,scout_20a72312,-1.3175001028163282,-3.028542787813605,2.999999999999996,0
24.166666666666668,SCOUT,scout_5e98d295,1.38458310117909,-3.1563959323915354,2.999999999999996,1
24.166666666666668,SCOUT,scout_c8e21d40,3.534489667812506,-3.512029381167175,2.999999999999996,1
24.166666666666668,SCOUT,scout_283b8e5e,5.342988690212482,-4.658726999560632,2.999999999999996,1
24.166666666666668,SCOUT,scout_1bd12edb,-5.345813853112832,4.657482538352076,2.999999999999996,2
24.166666666666668,SCOUT,scout_bf5b3d15,-3.434706461551226,5.096769039981315,2.999999999999996,2
24.166666666666668,SCOUT,scout_5adbfd88,-1.2863588355147446,3.8628338749301636,2.999999999999996,2
24.166666666666668,SCOUT,scout_a3683d0e,1.4230921548022595,2.7039655871655293,2.999999999999996,3
24.166666666666668,SCOUT,scout_2e5f69a0,3.4417364235711214,4.291087753791262,2.999999999999996,3
24.166666666666668,SCOUT,scout_d6cec7ec,5.2882849694558045,4.392855232688669,2.999999999999996,3
24.166666666666668,WORKER,worker,-1.75,-3.75,2.0,0
24.166666666666668,WORKER,worker,-5.75,-3.7499999999999996,2.0,0
24.166666666666668,WORKER,worker,5.75,-3.75,2.0,1
24.166666666666668,WORKER,worker,1.75,-3.7499999999999996,2.0,1
24.166666666666668,WORKER,worker,-1.75,3.75,2.0,2
24.166666666666668,WORKER,worker,-5.75,3.7500000000000004,2.0,2
24.166666666666668,WORKER,worker,5.75,3.75,2.0,3
24.166666666666668,WORKER,worker,1.75,3.7500000000000004,2.0,3
24.333333333333332,GENERAL,general,0.0,0.0,4.0,-1
24.333333333333332,NODE,node_0,-4.004286058088924,-3.594667212974623,2.999999999999994,0
24.333333333333332,NODE,node_1,3.4210274845252853,-4.044041017815384,2.999999999999994,1
24.333333333333332,NODE,node_2,-3.493269681172159,3.719167166827956,2.999999999999994,2
24.333333333333332,NODE,node_3,4.040274904223876,3.9584113849279885,2.999999999999994,3
24.333333333333332,SCOUT,scout_d2cf4d0a,-5.377074289727047,-5.404102203089683,2.999999999999996,0
24.333333333333332,SCOUT,scout_5c3ff6f5,-3.732061724199645,-4.2250747652958225,2.999999999999996,0
24.333333333333332,SCOUT,scout_20a72312,-1.3212771070885005,-3.43201130016603,2.999999999999996,0
24.333333333333332,SCOUT,scout_5e98d295,1.380567540290489,-2.7515251429267904,2.999999999999996,1
24.333333333333332,SCOUT,scout_c8e21d40,3.5519040983228116,-3.8988564001218764,2.999999999999996,1
24.333333333333332,SCOUT,scout_283b8e5e,5.3865392616680285,-5.105079692211544,2.999999999999996,1
24.333333333333332,SCOUT,scout_1bd12edb,-5.382536513604974,4.983115723460611,2.999999999999996,2
24.333333333333332,SCOUT,scout_bf5b3d15,-3.4105107193731663,4.825831657108907,2.999999999999996,2
24.333333333333332,SCOUT,scout_5adbfd88,-1.288000079830716,4.2594103347826655,2.999999999999996,2
24.333333333333332,SCOUT,scout_a3683d0e,1.4076349582685663,2.372153442139733,2.999999999999996,3
24.333333333333332,SCOUT,scout_2e5f69a0,3.3909498874279103,3.9232601599726853,2.999999999999996,3
24.333333333333332,SCOUT,scout_d6cec7ec,5.3163975222884625,4.6793441674125,2.999999999999996,3
24.333333333333332,WORKER,worker,-1.75,-3.75,2.0,0
24.333333333333332,WORKER,worker,-5.75,-3.7499999999999996,2.0,0
24.333333333333332,WORKER,worker,5.75,-3.75,2.0,1
24.333333333333332,WORKER,worker,1.75,-3.7499999999999996,2.0,1
24.333333333333332,WORKER,worker,-1.75,3.75,2.0,2
24.333333333333332,WORKER,worker,-5.75,3.7500000000000004,2.0,2
24.333333333333332,WORKER,worker,5.75,3.75,2.0,3
24.333333333333332,WORKER,worker,1.75,3.7500000000000004,2.0,3
24.5,GENERAL,general,0.0,0.0,4.0,-1
24.5,NODE,node_0,-3.9751834399683554,-3.6839240772159996,2.999999999999994,0
24.5,NODE,node_1,3.455654719703159,-4.044518493441107,2.999999999999994,1
24.5,NODE,node_2,-3.526964938152666,3.7838897854354,2.999999999999994,2
24.5,NODE,node_3,4.008069386524318,3.9449770049875945,2.999999999999994,3
24.5,SCOUT,scout_d2cf4d0a,-5.385115863449203,-5.280153760597571,2.999999999999996,0
24.5,SCOUT,scout_5c3ff6f5,-3.7264145029692957,-4.553448528843738,2.999999999999996,0
24.5,SCOUT,scout_20a72312,-1.3234791466342142,-3.8388019059119807,2.999999999999996,0
24.5,SCOUT,scout_5e98d295,1.3713239240908488,-2.3852542157667083,2.999999999999996,1
24.5,SCOUT,scout_c8e21d40,3.5716556974397644,-4.285758141292249,2.999999999999996,1
24.5,SCOUT,scout_283b8e5e,5.440163964572932,-5.393087607288258,2.999999999999996,1
24.5,SCOUT,scout_1bd12edb,-5.4240323688367935,5.2785133415714895,2.999999999999996,2
24.5,SCOUT,scout_bf5b3d15,-3.435806344746474,4.519675582051544,2.999999999999996,2
24.5,SCOUT,scout_5adbfd88,-1.245401147024983,4.648401972121264,2.999999999999996,2
24.5,SCOUT,scout_a3683d0e,1.3932960297008563,2.6435945064958446,2.999999999999996,3
24.5,SCOUT,scout_2e5f69a0,3.3720904526703785,3.5430714712564346,2.999999999999996,3
24.5,SCOUT,scout_d6cec7ec,5.331639428220108,4.976425680574639,2.999999999999996,3
24.5,WORKER,worker,-1.75,-3.75,2.0,0
24.5,WORKER,worker,-5.75,-3.7499999999999996,2.0,0
24.5,WORKER,worker,5.75,-3.75,2.0,1
24.5,WORKER,worker,1.75,-3.7499999999999996,2.0,1
24.5,WORKER,worker,-1.75,3.75,2.0,2
24.5,WORKER,worker,-5.75,3.7500000000000004,2.0,2
24.5,WORKER,worker,5.75,3.75,2.0,3
24.5,WORKER,worker,1.75,3.7500000000000004,2.0,3
24.666666666666668,GENERAL,general,0.0,0.0,4.0,-1
24.666666666666668,NODE,node_0,-3.9373687534885877,-3.7466391178482477,2.999999999999994,0
24.666666666666668,NODE,node_1,3.4878630385200675,-4.037260701136604,2.999999999999994,1
24.666666666666668,NODE,node_2,-3.5559877837257425,3.8247610317908016,2.999999999999994,2
24.666666666666668,NODE,node_3,3.9834972357631133,3.9460598543472556,2.999999999999994,3
24.666666666666668,SCOUT,scout_d2cf4d0a,-5.366909519519714,-4.924876776057405,2.999999999999996,0
24.666666666666668,SCOUT,scout_5c3ff6f5,-3.6701410018503653,-4.865457794208111,2.999999999999996,0
24.666666666666668,SCOUT,scout_20a72312,-1.3237256527132268,-4.246079943734913,2.999999999999996,0
24.666666666666668,SCOUT,scout_5e98d295,1.3758869376024652,-2.55301250417509,2.999999999999996,1
24.666666666666668,SCOUT,scout_c8e21d40,3.594049858287669,-4.672470874686098,2.999999999999996,1
24.666666666666668,SCOUT,scout_283b8e5e,5.435408314775797,-5.0720838223036475,2.999999999999996,1
24.666666666666668,SCOUT,scout_1bd12edb,-5.391275393510371,5.322393173118604,2.999999999999996,2
24.666666666666668,SCOUT,scout_bf5b3d15,-3.4707457414545164,4.179225051475676,2.999999999999996,2
24.666666666666668,SCOUT,scout_5adbfd88,-1.2105299917164558,5.047494159808258,2.999999999999996,2
24.666666666666668,SCOUT,scout_a3683d0e,1.3902023017592127,3.070425878908057,2.999999999999996,3
24.666666666666668,SCOUT,scout_2e5f69a0,3.446097784702977,3.190856316917286,2.999999999999996,3
24.666666666666668,SCOUT,scout_d6cec7ec,5.317905309417483,5.2157465574730075,2.999999999999996,3
24.666666666666668,WORKER,worker,-1.75,-3.75,2.0,0
24.666666666666668,WORKER,worker,-5.75,-3.7499999999999996,2.0,0
24.666666666666668,WORKER,worker,5.75,-3.75,2.0,1
24.666666666666668,WORKER,worker,1.75,-3.7499999999999996,2.0,1
24.666666666666668,WORKER,worker,-1.75,3.75,2.0,2
24.666666666666668,WORKER,worker,-5.75,3.7500000000000004,2.0,2
24.666666666666668,WORKER,worker,5.75,3.75,2.0,3
24.666666666666668,WORKER,worker,1.75,3.7500000000000004,2.0,3
24.833333333333332,GENERAL,general,0.0,0.0,4.0,-1
24.833333333333332,NODE,node_0,-3.9016685482357065,-3.8090545788267955,2.999999999999994,0
24.833333333333332,NODE,node_1,3.517822630168051,-4.041518666560568,2.999999999999994,1
24.833333333333332,NODE,node_2,-3.574380865315795,3.7800256620988377,2.999999999999994,2
24.833333333333332,NODE,node_3,3.9619181093765157,3.93639579823027,2.999999999999994,3
24.833333333333332,SCOUT,scout_d2cf4d0a,-5.38460461926164,-4.631724237147048,2.999999999999996,0
24.833333333333332,SCOUT,scout_5c3ff6f5,-3.609695306821875,-5.0895901055549215,2.999999999999996,0
24.833333333333332,SCOUT,scout_20a72312,-1.321567976477749,-4.653363845903612,2.999999999999996,0
24.833333333333332,SCOUT,scout_5e98d295,1.3852065855469935,-2.9177043107515757,2.999999999999996,1
24.833333333333332,SCOUT,scout_c8e21d40,3.5754413207054427,-5.055270626872697,2.999999999999996,1
24.833333333333332,SCOUT,scout_283b8e5e,5.452624429572766,-4.690750027314456,2.999999999999996,1
24.833333333333332,SCOUT,scout_1bd12edb,-5.251118931345437,4.905984456225397,2.999999999999996,2
24.833333333333332,SCOUT,scout_bf5b3d15,-3.46802437650359,3.8276893996372974,2.999999999999996,2
24.833333333333332,SCOUT,scout_5adbfd88,-1.2195705350372297,4.995534315487259,2.999999999999996,2
24.833333333333332,SCOUT,scout_a3683d0e,1.381187579659676,3.5219609692161846,2.999999999999996,3
24.833333333333332,SCOUT,scout_2e5f69a0,3.5464796035561057,2.8299533573565037,2.999999999999996,3
24.833333333333332,SCOUT,scout_d6cec7ec,5.315731550871441,5.322121340113931,2.999999999999996,3
24.833333333333332,WORKER,worker,-1.75,-3.75,2.0,0
24.833333333333332,WORKER,worker,-5.75,-3.7499999999999996,2.0,0
24.833333333333332,WORKER,worker,5.75,-3.75,2.0,1
24.833333333333332,WORKER,worker,1.75,-3.7499999999999996,2.0,1
24.833333333333332,WORKER,worker,-1.75,3.75,2.0,2
24.833333333333332,WORKER,worker,-5.75,3.7500000000000004,2.0,2
24.833333333333332,WORKER,worker,5.75,3.75,2.0,3
24.833333333333332,WORKER,worker,1.75,3.7500000000000004,2.0,3
25.0,GENERAL,general,0.0,0.0,4.0,-1
25.0,NODE,node_0,-3.863771696502467,-3.8255906796281196,2.999999999999994,0
25.0,NODE,node_1,3.54583330708352,-4.012363918622158,2.999999999999994,1
25.0,NODE,node_2,-3.6011407988506368,3.7023955941239532,2.999999999999994,2
25.0,NODE,node_3,3.9404926658801624,3.918021658617759,2.999999999999994,3
25.0,SCOUT,scout_d2cf4d0a,-5.354128768802913,-4.323838077346246,2.999999999999996,0
25.0,SCOUT,scout_5c3ff6f5,-3.566840258940601,-4.848426158221517,2.999999999999996,0
25.0,SCOUT,scout_20a72312,-1.3163360569273197,-5.0603141776550995,2.999999999999996,0
25.0,SCOUT,scout_5e98d295,1.3930308983340887,-3.3141143174240937,2.999999999999996,1
25.0,SCOUT,scout_c8e21d40,3.5839317622708773,-5.003372750624762,2.999999999999996,1
25.0,SCOUT,scout_283b8e5e,5.422306446861591,-4.300911887668897,2.999999999999996,1
25.0,SCOUT,scout_1bd12edb,-5.214230340602747,4.531541766501806,2.999999999999996,2
25.0,SCOUT,scout_bf5b3d15,-3.4581038922688334,3.472736374294865,2.999999999999996,2
25.0,SCOUT,scout_5adbfd88,-1.2349672975916703,4.609747919835277,2.999999999999996,2
25.0,SCOUT,scout_a3683d0e,1.3919494956659844,3.9801199603645774,2.999999999999996,3
25.0,SCOUT,scout_2e5f69a0,3.609256282713408,2.4614194411199946,2.999999999999996,3
25.0,SCOUT,scout_d6cec7ec,5.325449462693504,5.344618830964201,2.999999999999996,3
25.0,WORKER,worker,-1.75,-3.75,2.0,0
25.0,WORKER,worker,-5.75,-3.7499999999999996,2.0,0
25.0,WORKER,worker,5.75,-3.75,2.0,1
25.0,WORKER,worker,1.75,-3.7499999999999996,2.0,1
25.0,WORKER,worker,-1.75,3.75,2.0,2
25.0,WORKER,worker,-5.75,3.7500000000000004,2.0,2
25.0,WORKER,worker,5.75,3.75,2.0,3
25.0,WORKER,worker,1.75,3.7500000000000004,2.0,3
25.166666666666668,GENERAL,general,0.0,0.0,4.0,-1
25.166666666666668,NODE,node_0,-3.820814049457145,-3.787623704350485,2.999999999999994,0
25.166666666666668,NODE,node_1,3.569773917525365,-3.9448194336076536,2.999999999999994,1
25.166666666666668,NODE,node_2,-3.6334917236713773,3.623998339366606,2.999999999999994,2
25.166666666666668,NODE,node_3,3.915399250456989,3.930021149302395,2.999999999999994,3
25.166666666666668,SCOUT,scout_d2cf4d0a,-5.28387092969658,-3.979097184334906,2.999999999999996,0
25.166666666666668,SCOUT,scout_5c3ff6f5,-3.5167940850965156,-4.514731805365053,2.999999999999996,0
25.166666666666668,SCOUT,scout_20a72312,-1.3097359408120763,-4.992247341887521,2.999999999999996,0
25.166666666666668,SCOUT,scout_5e98d295,1.3977948631926278,-3.7155169013505986,2.999999999999996,1
25.166666666666668,SCOUT,scout_c8e21d40,3.6029182503772974,-4.630330622435813,2.999999999999996,1
25.166666666666668,SCOUT,scout_283b8e5e,5.345115337532374,-3.8669075731805416,2.999999999999996,1
25.166666666666668,SCOUT,scout_1bd12edb,-5.234310936427415,4.184164544769739,2.999999999999996,2
25.166666666666668,SCOUT,scout_bf5b3d15,-3.4527931067100353,3.117715611609289,2.999999999999996,2
25.166666666666668,SCOUT,scout_5adbfd88,-1.2500789871939229,4.182735542454987,2.999999999999996,2
25.166666666666668,SCOUT,scout_a3683d0e,1.4000715982841547,4.439004987591695,2.999999999999996,3
25.166666666666668,SCOUT,scout_2e5f69a0,3.637781089565451,2.486958761460194,2.999999999999996,3
25.166666666666668,SCOUT,scout_d6cec7ec,5.333245118115506,5.341057253072307,2.999999999999996,3
25.166666666666668,WORKER,worker,-1.75,-3.75,2.0,0
25.166666666666668,WORKER,worker,-5.75,-3.7499999999999996,2.0,0
25.166666666666668,WORKER,worker,5.75,-3.75,2.0,1
25.166666666666668,WORKER,worker,1.75,-3.7499999999999996,2.0,1
25.166666666666668,WORKER,worker,-1.75,3.75,2.0,2
25.166666666666668,WORKER,worker,-5.75,3.7500000000000004,2.0,2
25.166666666666668,WORKER,worker,5.75,3.75,2.0,3
25.166666666666668,WORKER,worker,1.75,3.7500000000000004,2.0,3
25.333333333333332,GENERAL,general,0.0,0.0,4.0,-1
25.333333333333332,NODE,node_0,-3.783151608233696,-3.721008875017053,2.999999999999994,0
25.333333333333332,NODE,node_1,3.5951938913423978,-3.8738519038275725,2.999999999999994,1
25.333333333333332,NODE,node_2,-3.6667528190235203,3.5465051523446105,2.999999999999994,2
25.333333333333332,NODE,node_3,3.88776442187075,3.9767081917847436,2.999999999999994,3
25.333333333333332,SCOUT,scout_d2cf4d0a,-5.256439350381961,-3.632689604601566,2.999999999999996,0
25.333333333333332,SCOUT,scout_5c3ff6f5,-3.4673744667289212,-4.167713139310839,2.999999999999996,0
25.333333333333332,SCOUT,scout_20a72312,-1.3083807686254219,-4.675267682498313,2.999999999999996,0
25.333333333333332,SCOUT,scout_5e98d295,1.3987371656931606,-4.117541871762175,2.999999999999996,1
25.333333333333332,SCOUT,scout_c8e21d40,3.5842249801165913,-4.2294563814785935,2.999999999999996,1
25.333333333333332,SCOUT,scout_283b8e5e,5.321107159220485,-3.4295730831837328,2.999999999999996,1
25.333333333333332,SCOUT,scout_1bd12edb,-5.261079830457716,3.8435776260817236,2.999999999999996,2
25.333333333333332,SCOUT,scout_bf5b3d15,-3.457043170226437,2.7644794319471355,2.999999999999996,2
25.333333333333332,SCOUT,scout_5adbfd88,-1.2635286727863804,3.749062708995056,2.999999999999996,2
25.333333333333332,SCOUT,scout_a3683d0e,1.3995664607632892,4.897374657573728,2.999999999999996,3
25.333333333333332,SCOUT,scout_2e5f69a0,3.6480960476050495,2.8455696819273975,2.999999999999996,3
25.333333333333332,SCOUT,scout_d6cec7ec,5.335797836539889,5.336081413948836,2.999999999999996,3
25.333333333333332,WORKER,worker,-1.75,-3.75,2.0,0
25.333333333333332,WORKER,worker,-5.75,-3.7499999999999996,2.0,0
25.333333333333332,WORKER,worker,5.75,-3.75,2.0,1
25.333333333333332,WORKER,worker,1.75,-3.7499999999999996,2.0,1
25.333333333333332,WORKER,worker,-1.75,3.75,2.0,2
25.333333333333332,WORKER,worker,-5.75,3.7500000000000004,2.0,2
25.333333333333332,WORKER,worker,5.75,3.75,2.0,3
25.333333333333332,WORKER,worker,1.75,3.7500000000000004,2.0,3
25.5,GENERAL,general,0.0,0.0,4.0,-1
25.5,NODE,node_0,-3.7507598849356105,-3.6522267034440126,2.999999999999994,0
25.5,NODE,node_1,3.625964839997116,-3.8026559361299337,2.999999999999994,1
25.5,NODE,node_2,-3.6998378119923983,3.4703195985218063,2.999999999999994,2
25.5,NODE,node_3,3.8586399389469777,4.008133436594214,2.999999999999994,3
25.5,SCOUT,scout_d2cf4d0a,-5.262748989067944,-3.2924204195894955,2.999999999999996,0
25.5,SCOUT,scout_5c3ff6f5,-3.4264691410997905,-3.8186386384402455,2.999999999999996,0
25.5,SCOUT,scout_20a72312,-1.3124153582897544,-4.328353778424641,2.999999999999996,0
25.5,SCOUT,scout_5e98d295,1.3950817880334068,-4.519403801950873,2.999999999999996,1
25.5,SCOUT,scout_c8e21d40,3.5840104845083167,-3.8149188316281037,2.999999999999996,1
25.5,SCOUT,scout_283b8e5e,5.339655239451064,-3.000629827852642,2.999999999999996,1
25.5,SCOUT,scout_1bd12edb,-5.284023963921035,3.507486418181744,2.999999999999996,2
25.5,SCOUT,scout_bf5b3d15,-3.4735754824046774,2.4137410282770486,2.999999999999996,2
25.5,SCOUT,scout_5adbfd88,-1.2747675736352035,3.3143214476568534,2.999999999999996,2
25.5,SCOUT,scout_a3683d0e,1.3979531521047919,5.087241054815012,2.999999999999996,3
25.5,SCOUT,scout_2e5f69a0,3.644390631459754,3.2586490415055507,2.999999999999996,3
25.5,SCOUT,scout_d6cec7ec,5.3355570815370585,5.334057602605427,2.999999999999996,3
25.5,WORKER,worker,-1.75,-3.75,2.0,0
25.5,WORKER,worker,-5.75,-3.7499999999999996,2.0,0
25.5,WORKER,worker,5.75,-3.75,2.0,1
25.5,WORKER,worker,1.75,-3.7499999999999996,2.0,1
25.5,WORKER,worker,-1.75,3.75,2.0,2
25.5,WORKER,worker,-5.75,3.7500000000000004,2.0,2
25.5,WORKER,worker,5.75,3.75,2.0,3
25.5,WORKER,worker,1.75,3.7500000000000004,2.0,3
25.666666666666668,GENERAL,general,0.0,0.0,4.0,-1
25.666666666666668,NODE,node_0,-3.7219576773953764,-3.5843921360089532,2.999999999999994,0
25.666666666666668,NODE,node_1,3.65985986191805,-3.732737003764436,2.999999999999994,1
25.666666666666668,NODE,node_2,-3.7321994435356602,3.4297514960465914,2.999999999999994,2
25.666666666666668,NODE,node_3,3.8311617824692266,3.9841666775468876,2.999999999999994,3
25.666666666666668,SCOUT,scout_d2cf4d0a,-5.283903409002499,-2.961208638005322,2.999999999999996,0
25.666666666666668,SCOUT,scout_5c3ff6f5,-3.3968774850646852,-3.468998608165132,2.999999999999996,0
25.666666666666668,SCOUT,scout_20a72312,-1.3163069562793692,-3.976624447441174,2.999999999999996,0
25.666666666666668,SCOUT,scout_5e98d295,1.385750518369542,-4.920846474970921,2.999999999999996,1
25.666666666666668,SCOUT,scout_c8e21d40,3.594384998322554,-3.3963182916266494,2.999999999999996,1
25.666666666666668,SCOUT,scout_283b8e5e,5.379456365789326,-2.5865404092762283,2.999999999999996,1
25.666666666666668,SCOUT,scout_1bd12edb,-5.308025233187449,3.1762490651999022,2.999999999999996,2
25.666666666666668,SCOUT,scout_bf5b3d15,-3.4957000063297197,2.467254589161093,2.999999999999996,2
25.666666666666668,SCOUT,scout_5adbfd88,-1.2802859641484339,2.880132490220985,2.999999999999996,2
25.666666666666668,SCOUT,scout_a3683d0e,1.4130793030293836,4.720986497921564,2.999999999999996,3
25.666666666666668,SCOUT,scout_2e5f69a0,3.6400209025968127,3.6804771648301267,2.999999999999996,3
25.666666666666668,SCOUT,scout_d6cec7ec,5.334833274725491,5.33369249790277,2.999999999999996,3
25.666666666666668,WORKER,worker,-1.75,-3.75,2.0,0
25.666666666666668,WORKER,worker,-5.75,-3.7499999999999996,2.0,0
25.666666666666668,WORKER,worker,5.75,-3.75,2.0,1
25.666666666666668,WORKER,worker,1.75,-3.7499999999999996,2.0,1
25.666666666666668,WORKER,worker,-1.75,3.75,2.0,2
25.666666666666668,WORKER,worker,-5.75,3.7500000000000004,2.0,2
25.666666666666668,WORKER,worker,5.75,3.75,2.0,3
25.666666666666668,WORKER,worker,1.75,3.7500000000000004,2.0,3
25.833333333333332,GENERAL,general,0.0,0.0,4.0,-1
25.833333333333332,NODE,node_0,-3.698841127553886,-3.5171138001544797,2.999999999999994,0
25.833333333333332,NODE,node_1,3.695130507595463,-3.646699507533217,2.999999999999994,1
25.833333333333332,NODE,node_2,-3.763742808759407,3.4169757208838982,2.999999999999994,2
25.833333333333332,NODE,node_3,3.805319925538888,3.9519157607592446,2.999999999999994,3
25.833333333333332,SCOUT,scout_d2cf4d0a,-5.311460793416307,-2.641949989990765,2.999999999999996,0
25.833333333333332,SCOUT,scout_5c3ff6f5,-3.4170691672070896,-3.1090247361211243,2.999999999999996,0
25.833333333333332,SCOUT,scout_20a72312,-1.318860813901225,-3.6241476759670577,2.999999999999996,0
25.833333333333332,SCOUT,scout_5e98d295,1.3713871729605789,-5.085546500549413,2.999999999999996,1
25.833333333333332,SCOUT,scout_c8e21d40,3.6091690690489786,-2.9772501116297643,2.999999999999996,1
25.833333333333332,SCOUT,scout_283b8e5e,5.432196172532345,-2.196160081134988,2.999999999999996,1
25.833333333333332,SCOUT,scout_1bd12edb,-5.345200787180842,2.841507848999372,2.999999999999996,2
25.833333333333332,SCOUT,scout_bf5b3d15,-3.5380477015887646,2.7719156474865128,2.999999999999996,2
25.833333333333332,SCOUT,scout_5adbfd88,-1.2453295700095424,2.4501750385539776,2.999999999999996,2
25.833333333333332,SCOUT,scout_a3683d0e,1.4283632974113243,4.272558612098347,2.999999999999996,3
25.833333333333332,SCOUT,scout_2e5f69a0,3.6307373259182256,4.088492106281034,2.999999999999996,3
25.833333333333332,SCOUT,scout_d6cec7ec,5.3577992798121805,5.354108044563101,2.999999999999996,3
25.833333333333332,WORKER,worker,-1.75,-3.75,2.0,0
25.833333333333332,WORKER,worker,-5.75,-3.7499999999999996,2.0,0
25.833333333333332,WORKER,worker,5.75,-3.75,2.0,1
25.833333333333332,WORKER,worker,1.75,-3.7499999999999996,2.0,1
25.833333333333332,WORKER,worker,-1.75,3.75,2.0,2
25.833333333333332,WORKER,worker,-5.75,3.7500000000000004,2.0,2
25.833333333333332,WORKER,worker,5.75,3.75,2.0,3
25.833333333333332,WORKER,worker,1.75,3.7500000000000004,2.0,3
26.0,GENERAL,general,0.0,0.0,4.0,-1
26.0,NODE,node_0,-3.676944150427859,-3.4523251665030377,2.999999999999994,0
26.0,NODE,node_1,3.7255792990752035,-3.541698028363488,2.999999999999994,1
26.0,NODE,node_2,-3.7926364430556014,3.444697283314713,2.999999999999994,2
26.0,NODE,node_3,3.7818530512030883,3.9171206903747784,2.999999999999994,3
26.0,SCOUT,scout_d2cf4d0a,-5.344767223495584,-2.3389625294863743,2.999999999999996,0
26.0,SCOUT,scout_5c3ff6f5,-3.4362934258286235,-2.751513858687139,2.999999999999996,0
26.0,SCOUT,scout_20a72312,-1.3196715453976513,-3.2715921833782575,2.999999999999996,0
26.0,SCOUT,scout_5e98d295,1.3631627475677566,-4.762715155425312,2.999999999999996,1
26.0,SCOUT,scout_c8e21d40,3.624221008451913,-2.559374841426497,2.999999999999996,1
26.0,SCOUT,scout_283b8e5e,5.407834547845179,-2.1599857245910288,2.999999999999996,1
26.0,SCOUT,scout_1bd12edb,-5.389737764518587,2.489837370690347,2.999999999999996,2
26.0,SCOUT,scout_bf5b3d15,-3.5144947254839494,3.1496128130405787,2.999999999999996,2
26.0,SCOUT,scout_5adbfd88,-1.2430016804625001,2.43035907799117,2.999999999999996,2
26.0,SCOUT,scout_a3683d0e,1.4388972719292807,3.811403296433687,2.999999999999996,3
26.0,SCOUT,scout_2e5f69a0,3.635443491027871,4.478335148842801,2.999999999999996,3
26.0,SCOUT,scout_d6cec7ec,5.394132456720341,5.378887965455594,2.999999999999996,3
26.0,WORKER,worker,-1.75,-3.75,2.0,0
26.0,WORKER,worker,-5.75,-3.7499999999999996,2.0,0
26.0,WORKER,worker,5.75,-3.75,2.0,1
26.0,WORKER,worker,1.75,-3.7499999999999996,2.0,1
26.0,WORKER,worker,-1.75,3.75,2.0,2
26.0,WORKER,worker,-5.75,3.7500000000000004,2.0,2
26.0,WORKER,worker,5.75,3.75,2.0,3
26.0,WORKER,worker,1.75,3.7500000000000004,2.0,3
26.166666666666668,GENERAL,general,0.0,0.0,4.0,-1
26.166666666666668,NODE,node_0,-3.6562510494220586,-3.390278283405817,2.999999999999994,0
26.166666666666668,NODE,node_1,3.746086292856676,-3.4934418736814288,2.999999999999994,1
26.166666666666668,NODE,node_2,-3.8200262507737412,3.512433962997843,2.999999999999994,2
26.166666666666668,NODE,node_3,3.753798852348101,3.8797175446122822,2.999999999999994,3
26.166666666666668,SCOUT,scout_d2cf4d0a,-5.384248518626729,-2.0591635226572906,2.999999999999996,0
26.166666666666668,SCOUT,scout_5c3ff6f5,-3.460963787648189,-2.395476984840206,2.999999999999996,0
26.166666666666668,SCOUT,scout_20a72312,-1.318414496734935,-2.9190824579429826,2.999999999999996,0
26.166666666666668,SCOUT,scout_5e98d295,1.3700348358628054,-4.3701325170568595,2.999999999999996,1
26.166666666666668,SCOUT,scout_c8e21d40,3.581310339520048,-2.4221914255418606,2.999999999999996,1
26.166666666666668,SCOUT,scout_283b8e5e,5.324928208855186,-2.523378755746135,2.999999999999996,1
26.166666666666668,SCOUT,scout_1bd12edb,-5.406841485598436,2.1388729233290658,2.999999999999996,2
26.166666666666668,SCOUT,scout_bf5b3d15,-3.4885682727298666,3.5605156235791826,2.999999999999996,2
26.166666666666668,SCOUT,scout_5adbfd88,-1.2552046382863196,2.7613594668556436,2.999999999999996,2
26.166666666666668,SCOUT,scout_a3683d0e,1.4428084751452102,3.3485976671674327,2.999999999999996,3
26.166666666666668,SCOUT,scout_2e5f69a0,3.6063077576996565,4.873477579936278,2.999999999999996,3
26.166666666666668,SCOUT,scout_d6cec7ec,5.413260496130426,5.359974127921277,2.999999999999996,3
26.166666666666668,WORKER,worker,-1.75,-3.75,2.0,0
26.166666666666668,WORKER,worker,-5.75,-3.7499999999999996,2.0,0
26.166666666666668,WORKER,worker,5.75,-3.75,2.0,1
26.166666666666668,WORKER,worker,1.75,-3.7499999999999996,2.0,1
26.166666666666668,WORKER,worker,-1.75,3.75,2.0,2
26.166666666666668,WORKER,worker,-5.75,3.7500000000000004,2.0,2
26.166666666666668,WORKER,worker,5.75,3.75,2.0,3
26.166666666666668,WORKER,worker,1.75,3.7500000000000004,2.0,3
26.333333333333332,GENERAL,general,0.0,0.0,4.0,-1
26.333333333333332,NODE,node_0,-3.6250404753765384,-3.394691281071381,2.999999999999994,0
26.333333333333332,NODE,node_1,3.7679395409581833,-3.4961638449492196,2.999999999999994,1
26.333333333333332,NODE,node_2,-3.8468056234763255,3.611335089335185,2.999999999999994,2
26.333333333333332,NODE,node_3,3.7126067547421133,3.797685465249713,2.999999999999994,3
26.333333333333332,SCOUT,scout_d2cf4d0a,-5.326441803570268,-2.140669518561227,2.999999999999996,0
26.333333333333332,SCOUT,scout_5c3ff6f5,-3.449446459966067,-2.448384277021261,2.999999999999996,0
26.333333333333332,SCOUT,scout_20a72312,-1.3146747102491103,-2.5666639031790077,2.999999999999996,0
26.333333333333332,SCOUT,scout_5e98d295,1.378142137126937,-3.9666582148893053,2.999999999999996,1
26.333333333333332,SCOUT,scout_c8e21d40,3.50827726379825,-2.7124428024593215,2.999999999999996,1
26.333333333333332,SCOUT,scout_283b8e5e,5.290182223778287,-2.9670618114435627,2.999999999999996,1
26.333333333333332,SCOUT,scout_1bd12edb,-5.356656467612999,2.099522443556086,2.999999999999996,2
26.333333333333332,SCOUT,scout_bf5b3d15,-3.518604751772062,3.958679230626297,2.999999999999996,2
26.333333333333332,SCOUT,scout_5adbfd88,-1.2677594797205278,3.1490209277775665,2.999999999999996,2
26.333333333333332,SCOUT,scout_a3683d0e,1.4384194344546033,2.886150507132831,2.999999999999996,3
26.333333333333332,SCOUT,scout_2e5f69a0,3.555012195051135,5.10550074911076,2.999999999999996,3
26.333333333333332,SCOUT,scout_d6cec7ec,5.330523596500896,4.9950145095313,2.999999999999996,3
26.333333333333332,WORKER,worker,-1.75,-3.75,2.0,0
26.333333333333332,WORKER,worker,-5.75,-3.7499999999999996,2.0,0
26.333333333333332,WORKER,worker,5.75,-3.75,2.0,1
26.333333333333332,WORKER,worker,1.75,-3.7499999999999996,2.0,1
26.333333333333332,WORKER,worker,-1.75,3.75,2.0,2
26.333333333333332,WORKER,worker,-5.75,3.7500000000000004,2.0,2
26.333333333333332,WORKER,worker,5.75,3.75,2.0,3
26.333333333333332,WORKER,worker,1.75,3.7500000000000004,2.0,3
26.5,GENERAL,general,0.0,0.0,4.0,-1
26.5,NODE,node_0,-3.587411627907146,-3.4650539720789673,2.999999999999994,0
26.5,NODE,node_1,3.793171372881289,-3.507894716979231,2.999999999999994,1
26.5,NODE,node_2,-3.874756015444079,3.7433169031141897,2.999999999999994,2
26.5,NODE,node_3,3.6689460750071876,3.663750754739003,2.999999999999994,3
26.5,SCOUT,scout_d2cf4d0a,-5.2488313990079964,-2.431543984446277,2.999999999999996,0
26.5,SCOUT,scout_5c3ff6f5,-3.4079298062874814,-2.74952079997544,2.999999999999996,0
26.5,SCOUT,scout_20a72312,-1.3117833492541056,-2.4175609818222026,2.999999999999996,0
26.5,SCOUT,scout_5e98d295,1.383427210262789,-3.561559362051985,2.999999999999996,1
26.5,SCOUT,scout_c8e21d40,3.441060014047348,-3.07397106033432,2.999999999999996,1
26.5,SCOUT,scout_283b8e5e,5.291843537905721,-3.42559731668688,2.999999999999996,1
26.5,SCOUT,scout_1bd12edb,-5.300552644060158,2.3803259197744695,2.999999999999996,2
26.5,SCOUT,scout_bf5b3d15,-3.567671957322018,4.349642645208365,2.999999999999996,2
26.5,SCOUT,scout_5adbfd88,-1.278827175996321,3.5458269039541697,2.999999999999996,2
26.5,SCOUT,scout_a3683d0e,1.423331369852488,2.4247774102407877,2.999999999999996,3
26.5,SCOUT,scout_2e5f69a0,3.485750490505966,4.836488192518446,2.999999999999996,3
26.5,SCOUT,scout_d6cec7ec,5.264817544978855,4.621059438563656,2.999999999999996,3
26.5,WORKER,worker,-1.75,-3.75,2.0,0
26.5,WORKER,worker,-5.75,-3.7499999999999996,2.0,0
26.5,WORKER,worker,5.75,-3.75,2.0,1
26.5,WORKER,worker,1.75,-3.7499999999999996,2.0,1
26.5,WORKER,worker,-1.75,3.75,2.0,2
26.5,WORKER,worker,-5.75,3.7500000000000004,2.0,2
26.5,WORKER,worker,5.75,3.75,2.0,3
26.5,WORKER,worker,1.75,3.7500000000000004,2.0,3
26.666666666666668,GENERAL,general,0.0,0.0,4.0,-1
26.666666666666668,NODE,node_0,-3.554186563538263,-3.587780715981504,2.999999999999994,0
26.666666666666668,NODE,node_1,3.8233478156967493,-3.520838410894211,2.999999999999994,1
26.666666666666668,NODE,node_2,-3.908689300269417,3.8783680495497004,2.999999999999994,2
26.666666666666668,NODE,node_3,3.629116531803587,3.5696992286213423,2.999999999999994,3
26.666666666666668,SCOUT,scout_d2cf4d0a,-5.216866959397989,-2.753168756368489,2.999999999999996,0
26.666666666666668,SCOUT,scout_5c3ff6f5,-3.366360567692988,-3.0909476398731583,2.999999999999996,0
26.666666666666668,SCOUT,scout_20a72312,-1.312258275645195,-2.7177719305836106,2.999999999999996,0
26.666666666666668,SCOUT,scout_5e98d295,1.384583108355982,-3.1563981492640014,2.999999999999996,1
26.666666666666668,SCOUT,scout_c8e21d40,3.419216085543384,-3.4502606495556174,2.999999999999996,1
26.666666666666668,SCOUT,scout_283b8e5e,5.309556332875549,-3.8841709518900003,2.999999999999996,1
26.666666666666668,SCOUT,scout_1bd12edb,-5.2999529355603885,2.6947523448139865,2.999999999999996,2
26.666666666666668,SCOUT,scout_bf5b3d15,-3.6182300440717508,4.739596245039859,2.999999999999996,2
26.666666666666668,SCOUT,scout_5adbfd88,-1.2878892815622192,3.944093736378765,2.999999999999996,2
26.666666666666668,SCOUT,scout_a3683d0e,1.4038581678863866,2.496800830161662,2.999999999999996,3
26.666666666666668,SCOUT,scout_2e5f69a0,3.4208101925718797,4.492383985538716,2.999999999999996,3
26.666666666666668,SCOUT,scout_d6cec7ec,5.244952347575996,4.265791662163795,2.999999999999996,3
26.666666666666668,WORKER,worker,-1.75,-3.75,2.0,0
26.666666666666668,WORKER,worker,-5.75,-3.7499999999999996,2.0,0
26.666666666666668,WORKER,worker,5.75,-3.75,2.0,1
26.666666666666668,WORKER,worker,1.75,-3.7499999999999996,2.0,1
26.666666666666668,WORKER,worker,-1.75,3.75,2.0,2
26.666666666666668,WORKER,worker,-5.75,3.7500000000000004,2.0,2
26.666666666666668,WORKER,worker,5.75,3.75,2.0,3
26.666666666666668,WORKER,worker,1.75,3.7500000000000004,2.0,3
26.833333333333332,GENERAL,general,0.0,0.0,4.0,-1
26.833333333333332,NODE,node_0,-3.519609469705696,-3.71969752069232,2.999999999999994,0
26.833333333333332,NODE,node_1,3.858151832379828,-3.5336207259447923,2.999999999999994,1
26.833333333333332,NODE,node_2,-3.9470156943125523,4.010682577167206,2.999999999999994,2
26.833333333333332,NODE,node_3,3.593641122458553,3.5107270563688635,2.999999999999994,3
26.833333333333332,SCOUT,scout_d2cf4d0a,-5.215678915685278,-3.076842199297136,2.999999999999996,0
26.833333333333332,SCOUT,scout_5c3ff6f5,-3.332548916571189,-3.4386227358658643,2.999999999999996,0
26.833333333333332,SCOUT,scout_20a72312,-1.2670747376572,-3.0990215122856344,2.999999999999996,0
26.833333333333332,SCOUT,scout_5e98d295,1.3805675791382146,-2.7515273572498575,2.999999999999996,1
26.833333333333332,SCOUT,scout_c8e21d40,3.443667317086072,-3.8342569560738475,2.999999999999996,1
26.833333333333332,SCOUT,scout_283b8e5e,5.335995429815925,-4.337790699070252,2.999999999999996,1
26.833333333333332,SCOUT,scout_1bd12edb,-5.338976205444923,2.9869849625912317,2.999999999999996,2
26.833333333333332,SCOUT,scout_bf5b3d15,-3.6660135160044636,5.115451067878069,2.999999999999996,2
26.833333333333332,SCOUT,scout_5adbfd88,-1.294553229559692,4.342566190127867,2.999999999999996,2
26.833333333333332,SCOUT,scout_a3683d0e,1.4008933404655466,2.89256936448846,2.999999999999996,3
26.833333333333332,SCOUT,scout_2e5f69a0,3.3674608911129966,4.1381092125459515,2.999999999999996,3
26.833333333333332,SCOUT,scout_d6cec7ec,5.250112665526045,3.9167740026920974,2.999999999999996,3
26.833333333333332,WORKER,worker,-1.75,-3.75,2.0,0
26.833333333333332,WORKER,worker,-5.75,-3.7499999999999996,2.0,0
26.833333333333332,WORKER,worker,5.75,-3.75,2.0,1
26.833333333333332,WORKER,worker,1.75,-3.7499999999999996,2.0,1
26.833333333333332,WORKER,worker,-1.75,3.75,2.0,2
26.833333333333332,WORKER,worker,-5.75,3.7500000000000004,2.0,2
26.833333333333332,WORKER,worker,5.75,3.75,2.0,3
26.833333333333332,WORKER,worker,1.75,3.7500000000000004,2.0,3
27.0,GENERAL,general,0.0,0.0,4.0,-1
27.0,NODE,node_0,-3.4873802840969472,-3.852644504730437,2.999999999999994,0
27.0,NODE,node_1,3.893979824221479,-3.547188607263121,2.999999999999994,1
27.0,NODE,node_2,-3.9766034194872604,4.100586441246076,2.999999999999994,2
27.0,NODE,node_3,3.5638779686905693,3.459354346318456,2.999999999999994,3
27.0,SCOUT,scout_d2cf4d0a,-5.2260284251386135,-3.3980039389535626,2.999999999999996,0
27.0,SCOUT,scout_5c3ff6f5,-3.3093766740152417,-3.7865922021316267,2.999999999999996,0
27.0,SCOUT,scout_20a72312,-1.233801677481466,-3.496686244729836,2.999999999999996,0
27.0,SCOUT,scout_5e98d295,1.3713240011582328,-2.385256426610145,2.999999999999996,1
27.0,SCOUT,scout_c8e21d40,3.478722030689336,-4.2191938316630635,2.999999999999996,1
27.0,SCOUT,scout_283b8e5e,5.37151898100136,-4.781594325651459,2.999999999999996,1
27.0,SCOUT,scout_1bd12edb,-5.283675527290509,3.324350584205019,2.999999999999996,2
27.0,SCOUT,scout_bf5b3d15,-3.69814630231686,4.995947617653567,2.999999999999996,2
27.0,SCOUT,scout_5adbfd88,-1.298323630769761,4.741018613704328,2.999999999999996,2
27.0,SCOUT,scout_a3683d0e,1.4067489174332037,3.3394384787146,2.999999999999996,3
27.0,SCOUT,scout_2e5f69a0,3.3559129872544786,3.796152243040388,2.999999999999996,3
27.0,SCOUT,scout_d6cec7ec,5.26422783997704,3.573024612530678,2.999999999999996,3
27.0,WORKER,worker,-1.75,-3.75,2.0,0
27.0,WORKER,worker,-5.75,-3.7499999999999996,2.0,0
27.0,WORKER,worker,5.75,-3.75,2.0,1
27.0,WORKER,worker,1.75,-3.7499999999999996,2.0,1
27.0,WORKER,worker,-1.75,3.75,2.0,2
27.0,WORKER,worker,-5.75,3.7500000000000004,2.0,2
27.0,WORKER,worker,5.75,3.75,2.0,3
27.0,WORKER,worker,1.75,3.7500000000000004,2.0,3
27.166666666666668,GENERAL,general,0.0,0.0,4.0,-1
27.166666666666668,NODE,node_0,-3.4624116476939295,-3.963281018740189,2.999999999999994,0
27.166666666666668,NODE,node_1,3.9119246108558503,-3.6085830459378405,2.999999999999994,1
27.166666666666668,NODE,node_2,-3.9995007792240975,4.152285552839503,2.999999999999994,2
27.166666666666668,NODE,node_3,3.5545361738658574,3.4099110804217134,2.999999999999994,3
27.166666666666668,SCOUT,scout_d2cf4d0a,-5.239679119162935,-3.71537063031081,2.999999999999996,0
27.166666666666668,SCOUT,scout_5c3ff6f5,-3.3357086606936854,-4.125825638091546,2.999999999999996,0
27.166666666666668,SCOUT,scout_20a72312,-1.2264598897784673,-3.9006121336649606,2.999999999999996,0
27.166666666666668,SCOUT,scout_5e98d295,1.3758870165363477,-2.5530147134494623,2.999999999999996,1
27.166666666666668,SCOUT,scout_c8e21d40,3.51778233198422,-4.603981843458343,2.999999999999996,1
27.166666666666668,SCOUT,scout_283b8e5e,5.4190282995535215,-5.199168783527174,2.999999999999996,1
27.166666666666668,SCOUT,scout_1bd12edb,-5.229937905106591,3.6777162079612555,2.999999999999996,2
27.166666666666668,SCOUT,scout_bf5b3d15,-3.692916196572851,4.725791380653185,2.999999999999996,2
27.166666666666668,SCOUT,scout_5adbfd88,-1.2990190482906019,5.097321157429266,2.999999999999996,2
27.166666666666668,SCOUT,scout_a3683d0e,1.356290597727948,3.788065446921706,2.999999999999996,3
27.166666666666668,SCOUT,scout_2e5f69a0,3.3854085864432473,3.453157786491759,2.999999999999996,3
27.166666666666668,SCOUT,scout_d6cec7ec,5.2825607815602735,3.2349774095878323,2.999999999999996,3
27.166666666666668,WORKER,worker,-1.75,-3.75,2.0,0
27.166666666666668,WORKER,worker,-5.75,-3.7499999999999996,2.0,0
27.166666666666668,WORKER,worker,5.75,-3.75,2.0,1
27.166666666666668,WORKER,worker,1.75,-3.7499999999999996,2.0,1
27.166666666666668,WORKER,worker,-1.75,3.75,2.0,2
27.166666666666668,WORKER,worker,-5.75,3.7500000000000004,2.0,2
27.166666666666668,WORKER,worker,5.75,3.75,2.0,3
27.166666666666668,WORKER,worker,1.75,3.7500000000000004,2.0,3
27.333333333333332,GENERAL,general,0.0,0.0,4.0,-1
27.333333333333332,NODE,node_0,-3.4418985476959976,-4.031050145263349,2.999999999999994,0
27.333333333333332,NODE,node_1,3.8901507176240444,-3.671229471785406,2.999999999999994,1
27.333333333333332,NODE,node_2,-4.022984624345792,4.1055698221237895,2.999999999999994,2
27.333333333333332,NODE,node_3,3.590807266445526,3.363167035956272,2.999999999999994,3
27.333333333333332,SCOUT,scout_d2cf4d0a,-5.255647288491081,-4.027589616891359,2.999999999999996,0
27.333333333333332,SCOUT,scout_5c3ff6f5,-3.354316015215332,-4.467640621673711,2.999999999999996,0
27.333333333333332,SCOUT,scout_20a72312,-1.2381173997290509,-4.307571390663597,2.999999999999996,0
27.333333333333332,SCOUT,scout_5e98d295,1.3852066504425302,-2.9177065192683997,2.999999999999996,1
27.333333333333332,SCOUT,scout_c8e21d40,3.560057344275033,-4.988389489566271,2.999999999999996,1
27.333333333333332,SCOUT,scout_283b8e5e,5.46365154186997,-5.3576687372277965,2.999999999999996,1
27.333333333333332,SCOUT,scout_1bd12edb,-5.265876780305532,4.000614648928952,2.999999999999996,2
27.333333333333332,SCOUT,scout_bf5b3d15,-3.647524422671683,4.45602242646921,2.999999999999996,2
27.333333333333332,SCOUT,scout_5adbfd88,-1.304406743011485,4.8743632160166115,2.999999999999996,2
27.333333333333332,SCOUT,scout_a3683d0e,1.3342946237049056,4.247896824959911,2.999999999999996,3
27.333333333333332,SCOUT,scout_2e5f69a0,3.419461327425481,3.091003586200814,2.999999999999996,3
27.333333333333332,SCOUT,scout_d6cec7ec,5.3053266096506695,2.9046042934652236,2.999999999999996,3
27.333333333333332,WORKER,worker,-1.75,-3.75,2.0,0
27.333333333333332,WORKER,worker,-5.75,-3.7499999999999996,2.0,0
27.333333333333332,WORKER,worker,5.75,-3.75,2.0,1
27.333333333333332,WORKER,worker,1.75,-3.7499999999999996,2.0,1
27.333333333333332,WORKER,worker,-1.75,3.75,2.0,2
27.333333333333332,WORKER,worker,-5.75,3.7500000000000004,2.0,2
27.333333333333332,WORKER,worker,5.75,3.75,2.0,3
27.333333333333332,WORKER,worker,1.75,3.7500000000000004,2.0,3
27.5,GENERAL,general,0.0,0.0,4.0,-1
27.5,NODE,node_0,-3.4232415556520777,-4.0975783428096495,2.999999999999994,0
27.5,NODE,node_1,3.8608382970876796,-3.652108827700741,2.999999999999994,1
27.5,NODE,node_2,-4.0478230448452415,4.037986391991539,2.999999999999994,2
27.5,NODE,node_3,3.6281468665594323,3.317828908021084,2.999999999999994,3
27.5,SCOUT,scout_d2cf4d0a,-5.2740691626712835,-4.333087126709725,2.999999999999996,0
27.5,SCOUT,scout_5c3ff6f5,-3.380984334939795,-4.808662706621247,2.999999999999996,0
27.5,SCOUT,scout_20a72312,-1.251500758733983,-4.715029422761091,2.999999999999996,0
27.5,SCOUT,scout_5e98d295,1.393030944980504,-3.3141165251489606,2.999999999999996,1
27.5,SCOUT,scout_c8e21d40,3.575195899233209,-5.012931286856509,2.999999999999996,1
27.5,SCOUT,scout_283b8e5e,5.451771791604547,-4.966916266631619,2.999999999999996,1
27.5,SCOUT,scout_1bd12edb,-5.324638012432274,4.336893350365893,2.999999999999996,2
27.5,SCOUT,scout_bf5b3d15,-3.5857615460353585,4.164962356393397,2.999999999999996,2
27.5,SCOUT,scout_5adbfd88,-1.3111120293204843,4.470972914367832,2.999999999999996,2
27.5,SCOUT,scout_a3683d0e,1.3449193994463764,4.707487806560673,2.999999999999996,3
27.5,SCOUT,scout_2e5f69a0,3.417619325300897,2.73280747426826,2.999999999999996,3
27.5,SCOUT,scout_d6cec7ec,5.332915497002631,2.5857710986582534,2.999999999999996,3
27.5,WORKER,worker,-1.75,-3.75,2.0,0
27.5,WORKER,worker,-5.75,-3.7499999999999996,2.0,0
27.5,WORKER,worker,5.75,-3.75,2.0,1
27.5,WORKER,worker,1.75,-3.7499999999999996,2.0,1
27.5,WORKER,worker,-1.75,3.75,2.0,2
27.5,WORKER,worker,-5.75,3.7500000000000004,2.0,2
27.5,WORKER,worker,5.75,3.75,2.0,3
27.5,WORKER,worker,1.75,3.7500000000000004,2.0,3
27.666666666666668,GENERAL,general,0.0,0.0,4.0,-1
27.666666666666668,NODE,node_0,-3.4060341116272723,-4.162474345799922,2.999999999999994,0
27.666666666666668,NODE,node_1,3.8287021467416307,-3.593169259285238,2.999999999999994,1
27.666666666666668,NODE,node_2,-4.071642078708169,3.9677530828473553,2.999999999999994,2
27.666666666666668,NODE,node_3,3.6658392644341187,3.2723895861071135,2.999999999999994,3
27.666666666666668,SCOUT,scout_d2cf4d0a,-5.29565999384389,-4.629662539927391,2.999999999999996,0
27.666666666666668,SCOUT,scout_5c3ff6f5,-3.415284549590176,-5.132838919545499,2.999999999999996,0
27.666666666666668,SCOUT,scout_20a72312,-1.2627716171960783,-5.1081500480361575,2.999999999999996,0
27.666666666666668,SCOUT,scout_5e98d295,1.397794888742785,-3.715519108034821,2.999999999999996,1
27.666666666666668,SCOUT,scout_c8e21d40,3.546121436463778,-4.657116420799824,2.999999999999996,1
27.666666666666668,SCOUT,scout_283b8e5e,5.466264358611075,-4.589831971530121,2.999999999999996,1
27.666666666666668,SCOUT,scout_1bd12edb,-5.36595191278585,4.701528009241172,2.999999999999996,2
27.666666666666668,SCOUT,scout_bf5b3d15,-3.556273968344144,3.83943958619928,2.999999999999996,2
27.666666666666668,SCOUT,scout_5adbfd88,-1.29019101200556,4.0442049763676255,2.999999999999996,2
27.666666666666668,SCOUT,scout_a3683d0e,1.3540163755264936,5.119519421385502,2.999999999999996,3
27.666666666666668,SCOUT,scout_2e5f69a0,3.417444551753646,2.3799519915980856,2.999999999999996,3
27.666666666666668,SCOUT,scout_d6cec7ec,5.365279104343588,2.2837423121466234,2.999999999999996,3
27.666666666666668,WORKER,worker,-1.75,-3.75,2.0,0
27.666666666666668,WORKER,worker,-5.75,-3.7499999999999996,2.0,0
27.666666666666668,WORKER,worker,5.75,-3.75,2.0,1
27.666666666666668,WORKER,worker,1.75,-3.7499999999999996,2.0,1
27.666666666666668,WORKER,worker,-1.75,3.75,2.0,2
27.666666666666668,WORKER,worker,-5.75,3.7500000000000004,2.0,2
27.666666666666668,WORKER,worker,5.75,3.75,2.0,3
27.666666666666668,WORKER,worker,1.75,3.7500000000000004,2.0,3
27.833333333333332,GENERAL,general,0.0,0.0,4.0,-1
27.833333333333332,NODE,node_0,-3.388183667237254,-4.133946314463675,2.999999999999994,0
27.833333333333332,NODE,node_1,3.789996048180807,-3.52787605638299,2.999999999999994,1
27.833333333333332,NODE,node_2,-4.094769751397496,3.895336721375448,2.999999999999994,2
27.833333333333332,NODE,node_3,3.705571882736737,3.210006781566469,2.999999999999994,3
27.833333333333332,SCOUT,scout_d2cf4d0a,-5.322468770738549,-4.9174357156781054,2.999999999999996,0
27.833333333333332,SCOUT,scout_5c3ff6f5,-3.4335011559849646,-4.971021550540045,2.999999999999996,0
27.833333333333332,SCOUT,scout_20a72312,-1.2711590127436991,-4.975928779405297,2.999999999999996,0
27.833333333333332,SCOUT,scout_5e98d295,1.3987371667413426,-4.117544077007858,2.999999999999996,1
27.833333333333332,SCOUT,scout_c8e21d40,3.5298114111878283,-4.248614266267296,2.999999999999996,1
27.833333333333332,SCOUT,scout_283b8e5e,5.399039170200169,-4.193371868428247,2.999999999999996,1
27.833333333333332,SCOUT,scout_1bd12edb,-5.369009327742203,5.067403721678344,2.999999999999996,2
27.833333333333332,SCOUT,scout_bf5b3d15,-3.555572943108724,3.4912577498021338,2.999999999999996,2
27.833333333333332,SCOUT,scout_5adbfd88,-1.2667283923872728,3.6132304453373916,2.999999999999996,2
27.833333333333332,SCOUT,scout_a3683d0e,1.3731104898603723,4.884076833269009,2.999999999999996,3
27.833333333333332,SCOUT,scout_2e5f69a0,3.422943497722357,2.476339497620664,2.999999999999996,3
27.833333333333332,SCOUT,scout_d6cec7ec,5.394974305863379,2.051391100052615,2.999999999999996,3
27.833333333333332,WORKER,worker,-1.75,-3.75,2.0,0
27.833333333333332,WORKER,worker,-5.75,-3.7499999999999996,2.0,0
27.833333333333332,WORKER,worker,5.75,-3.75,2.0,1
27.833333333333332,WORKER,worker,1.75,-3.7499999999999996,2.0,1
27.833333333333332,WORKER,worker,-1.75,3.75,2.0,2
27.833333333333332,WORKER,worker,-5.75,3.7500000000000004,2.0,2
27.833333333333332,WORKER,worker,5.75,3.75,2.0,3
27.833333333333332,WORKER,worker,1.75,3.7500000000000004,2.0,3
28.0,GENERAL,general,0.0,0.0,4.0,-1
28.0,NODE,node_0,-3.368157905127462,-4.0625277470104315,2.999999999999994,0
28.0,NODE,node_1,3.7470857896337315,-3.4604175079637085,2.999999999999994,1
28.0,NODE,node_2,-4.12164714998355,3.8151081080038782,2.999999999999994,2
28.0,NODE,node_3,3.739100667434228,3.1918062240541247,2.999999999999994,3
28.0,SCOUT,scout_d2cf4d0a,-5.355581282068773,-5.190815357969466,2.999999999999996,0
28.0,SCOUT,scout_5c3ff6f5,-3.4258794139272686,-4.6252333062146445,2.999999999999996,0
28.0,SCOUT,scout_20a72312,-1.2791686486126814,-4.649223264973849,2.999999999999996,0
28.0,SCOUT,scout_5e98d295,1.395081759829239,-4.51940600513864,2.999999999999996,1
28.0,SCOUT,scout_c8e21d40,3.478195405544221,-3.8331741802435175,2.999999999999996,1
28.0,SCOUT,scout_283b8e5e,5.339094638553808,-3.782372665513953,2.999999999999996,1
28.0,SCOUT,scout_1bd12edb,-5.353766033857175,5.321885381713959,2.999999999999996,2
28.0,SCOUT,scout_bf5b3d15,-3.586982525573917,3.164931365965734,2.999999999999996,2
28.0,SCOUT,scout_5adbfd88,-1.2712503947878064,3.178945997658074,2.999999999999996,2
28.0,SCOUT,scout_a3683d0e,1.3941454766143326,4.452725308669426,2.999999999999996,3
28.0,SCOUT,scout_2e5f69a0,3.4180221026210633,2.8524320889968373,2.999999999999996,3
28.0,SCOUT,scout_d6cec7ec,5.368033417976593,2.1859194145607312,2.999999999999996,3
28.0,WORKER,worker,-1.75,-3.75,2.0,0
28.0,WORKER,worker,-5.75,-3.7499999999999996,2.0,0
28.0,WORKER,worker,5.75,-3.75,2.0,1
28.0,WORKER,worker,1.75,-3.7499999999999996,2.0,1
28.0,WORKER,worker,-1.75,3.75,2.0,2
28.0,WORKER,worker,-5.75,3.7500000000000004,2.0,2
28.0,WORKER,worker,5.75,3.75,2.0,3
28.0,WORKER,worker,1.75,3.7500000000000004,2.0,3
28.166666666666668,GENERAL,general,0.0,0.0,4.0,-1
28.166666666666668,NODE,node_0,-3.3500334333177153,-3.976776696828403,2.999999999999994,0
28.166666666666668,NODE,node_1,3.708707183042602,-3.3934983842145043,2.999999999999994,1
28.166666666666668,NODE,node_2,-4.153588604556408,3.7204655080230267,2.999999999999994,2
28.166666666666668,NODE,node_3,3.7699683692713744,3.187079542600148,2.999999999999994,3
28.166666666666668,SCOUT,scout_d2cf4d0a,-5.3851298321379995,-5.358494638407143,2.999999999999996,0
28.166666666666668,SCOUT,scout_5c3ff6f5,-3.44703899465498,-4.254583214291566,2.999999999999996,0
28.166666666666668,SCOUT,scout_20a72312,-1.2874442526341452,-4.300701532853512,2.999999999999996,0
28.166666666666668,SCOUT,scout_5e98d295,1.3857504536901146,-4.920848675060704,2.999999999999996,1
28.166666666666668,SCOUT,scout_c8e21d40,3.4288130443332268,-3.4175865436330626,2.999999999999996,1
28.166666666666668,SCOUT,scout_283b8e5e,5.331206894359252,-3.3767571000953325,2.999999999999996,1
28.166666666666668,SCOUT,scout_1bd12edb,-5.367401814863744,5.414872371654235,2.999999999999996,2
28.166666666666668,SCOUT,scout_bf5b3d15,-3.631379208779763,2.847900882601889,2.999999999999996,2
28.166666666666668,SCOUT,scout_5adbfd88,-1.2789776401936055,2.744125539202633,2.999999999999996,2
28.166666666666668,SCOUT,scout_a3683d0e,1.4110688274134224,3.9940319585669424,2.999999999999996,3
28.166666666666668,SCOUT,scout_2e5f69a0,3.3919592597606196,3.281245111345087,2.999999999999996,3
28.166666666666668,SCOUT,scout_d6cec7ec,5.3466624286282665,2.418261029956387,2.999999999999996,3
28.166666666666668,WORKER,worker,-1.75,-3.75,2.0,0
28.166666666666668,WORKER,worker,-5.75,-3.7499999999999996,2.0,0
28.166666666666668,WORKER,worker,5.75,-3.75,2.0,1
28.166666666666668,WORKER,worker,1.75,-3.7499999999999996,2.0,1
28.166666666666668,WORKER,worker,-1.75,3.75,2.0,2
28.166666666666668,WORKER,worker,-5.75,3.7500000000000004,2.0,2
28.166666666666668,WORKER,worker,5.75,3.75,2.0,3
28.166666666666668,WORKER,worker,1.75,3.7500000000000004,2.0,3
28.333333333333332,GENERAL,general,0.0,0.0,4.0,-1
28.333333333333332,NODE,node_0,-3.3306102551198378,-3.8796331985645365,2.999999999999994,0
28.333333333333332,NODE,node_1,3.6776138974728787,-3.309633889513198,2.999999999999994,1
28.333333333333332,NODE,node_2,-4.183152490977219,3.612515859103838,2.999999999999994,2
28.333333333333332,NODE,node_3,3.804013268397509,3.1824714492428376,2.999999999999994,3
28.333333333333332,SCOUT,scout_d2cf4d0a,-5.389085573647009,-5.4123385501496415,2.999999999999996,0
28.333333333333332,SCOUT,scout_5c3ff6f5,-3.485004427177896,-3.881585681059959,2.999999999999996,0
28.333333333333332,SCOUT,scout_20a72312,-1.294563683724664,-3.9486696630099387,2.999999999999996,0
28.333333333333332,SCOUT,scout_5e98d295,1.3713870967899686,-5.085548122844454,2.999999999999996,1
28.333333333333332,SCOUT,scout_c8e21d40,3.439617168774366,-3.002451559860234,2.999999999999996,1
28.333333333333332,SCOUT,scout_283b8e5e,5.354681977649857,-2.9815116046221055,2.999999999999996,1
28.333333333333332,SCOUT,scout_1bd12edb,-5.3461281305355355,5.295001688598952,2.999999999999996,2
28.333333333333332,SCOUT,scout_bf5b3d15,-3.6745256071368373,2.5321144081314895,2.999999999999996,2
28.333333333333332,SCOUT,scout_5adbfd88,-1.2842319697664157,2.3837235145402937,2.999999999999996,2
28.333333333333332,SCOUT,scout_a3683d0e,1.3873858817588653,3.536437658570907,2.999999999999996,3
28.333333333333332,SCOUT,scout_2e5f69a0,3.412498805097786,3.712936101644766,2.999999999999996,3
28.333333333333332,SCOUT,scout_d6cec7ec,5.351419658679174,2.6496701828920672,2.999999999999996,3
28.333333333333332,WORKER,worker,-1.75,-3.75,2.0,0
28.333333333333332,WORKER,worker,-5.75,-3.7499999999999996,2.0,0
28.333333333333332,WORKER,worker,5.75,-3.75,2.0,1
28.333333333333332,WORKER,worker,1.75,-3.7499999999999996,2.0,1
28.333333333333332,WORKER,worker,-1.75,3.75,2.0,2
28.333333333333332,WORKER,worker,-5.75,3.7500000000000004,2.0,2
28.333333333333332,WORKER,worker,5.75,3.75,2.0,3
28.333333333333332,WORKER,worker,1.75,3.7500000000000004,2.0,3
28.5,GENERAL,general,0.0,0.0,4.0,-1
28.5,NODE,node_0,-3.307834869277343,-3.776133874718019,2.999999999999994,0
28.5,NODE,node_1,3.651767021745227,-3.17902545069521,2.999999999999994,1
28.5,NODE,node_2,-4.202975892037785,3.5436153346113985,2.999999999999994,2
28.5,NODE,node_3,3.840446495570372,3.177469485171065,2.999999999999994,3
28.5,SCOUT,scout_d2cf4d0a,-5.364035085649357,-5.4004931886781256,2.999999999999996,0
28.5,SCOUT,scout_5c3ff6f5,-3.525624305364274,-3.5082029804579986,2.999999999999996,0
28.5,SCOUT,scout_20a72312,-1.3001180938991683,-3.5960917476164274,2.999999999999996,0
28.5,SCOUT,scout_5e98d295,1.3631627114403466,-4.762716049210285,2.999999999999996,1
28.5,SCOUT,scout_c8e21d40,3.4893369586883565,-2.5883505477223605,2.999999999999996,1
28.5,SCOUT,scout_283b8e5e,5.39322022313946,-2.600724278724115,2.999999999999996,1
28.5,SCOUT,scout_1bd12edb,-5.226793889457598,4.84547739788886,2.999999999999996,2
28.5,SCOUT,scout_bf5b3d15,-3.7118303516482465,2.4563085538933933,2.999999999999996,2
28.5,SCOUT,scout_5adbfd88,-1.2872325178274415,2.579984987340794,2.999999999999996,2
28.5,SCOUT,scout_a3683d0e,1.3569528136125983,3.0733326715367784,2.999999999999996,3
28.5,SCOUT,scout_2e5f69a0,3.454507180855196,4.166073600872688,2.999999999999996,3
28.5,SCOUT,scout_d6cec7ec,5.372418749003933,2.8618797903304953,2.999999999999996,3
28.5,WORKER,worker,-1.75,-3.75,2.0,0
28.5,WORKER,worker,-5.75,-3.7499999999999996,2.0,0
28.5,WORKER,worker,5.75,-3.75,2.0,1
28.5,WORKER,worker,1.75,-3.7499999999999996,2.0,1
28.5,WORKER,worker,-1.75,3.75,2.0,2
28.5,WORKER,worker,-5.75,3.7500000000000004,2.0,2
28.5,WORKER,worker,5.75,3.75,2.0,3
28.5,WORKER,worker,1.75,3.7500000000000004,2.0,3
28.666666666666668,GENERAL,general,0.0,0.0,4.0,-1
28.666666666666668,NODE,node_0,-3.284879425516962,-3.672127162702132,2.999999999999994,0
28.666666666666668,NODE,node_1,3.6265902016990585,-3.0607427594085417,2.999999999999994,1
28.666666666666668,NODE,node_2,-4.226323590533216,3.5355401934643758,2.999999999999994,2
28.666666666666668,NODE,node_3,3.876390593906044,3.1710853221391133,2.999999999999994,3
28.666666666666668,SCOUT,scout_d2cf4d0a,-5.3470115975496215,-5.382115388491044,2.999999999999996,0
28.666666666666668,SCOUT,scout_5c3ff6f5,-3.5662630575308185,-3.134717219338318,2.999999999999996,0
28.666666666666668,SCOUT,scout_20a72312,-1.3038384375318632,-3.2434569557630955,2.999999999999996,0
28.666666666666668,SCOUT,scout_5e98d295,1.3700348143776302,-4.3701332724264645,2.999999999999996,1
28.666666666666668,SCOUT,scout_c8e21d40,3.5260156836760776,-2.3892361860919182,2.999999999999996,1
28.666666666666668,SCOUT,scout_283b8e5e,5.442077186647538,-2.240982334584817,2.999999999999996,1
28.666666666666668,SCOUT,scout_1bd12edb,-5.160191029934913,4.438228021361071,2.999999999999996,2
28.666666666666668,SCOUT,scout_bf5b3d15,-3.738636852286868,2.7638340821386977,2.999999999999996,2
28.666666666666668,SCOUT,scout_5adbfd88,-1.293235598799501,2.945826725861224,2.999999999999996,2
28.666666666666668,SCOUT,scout_a3683d0e,1.3594069733372751,2.609798937963495,2.999999999999996,3
28.666666666666668,SCOUT,scout_2e5f69a0,3.4966553792887427,4.599485437013166,2.999999999999996,3
28.666666666666668,SCOUT,scout_d6cec7ec,5.3434479573443125,3.086772137727918,2.999999999999996,3
28.666666666666668,WORKER,worker,-1.75,-3.75,2.0,0
28.666666666666668,WORKER,worker,-5.75,-3.7499999999999996,2.0,0
28.666666666666668,WORKER,worker,5.75,-3.75,2.0,1
28.666666666666668,WORKER,worker,1.75,-3.7499999999999996,2.0,1
28.666666666666668,WORKER,worker,-1.75,3.75,2.0,2
28.666666666666668,WORKER,worker,-5.75,3.7500000000000004,2.0,2
28.666666666666668,WORKER,worker,5.75,3.75,2.0,3
28.666666666666668,WORKER,worker,1.75,3.7500000000000004,2.0,3
28.833333333333332,GENERAL,general,0.0,0.0,4.0,-1
28.833333333333332,NODE,node_0,-3.2620165254303988,-3.569434996907525,2.999999999999994,0
28.833333333333332,NODE,node_1,3.593501562607604,-3.0127107744337827,2.999999999999994,1
28.833333333333332,NODE,node_2,-4.253520273486371,3.538642236974299,2.999999999999994,2
28.833333333333332,NODE,node_3,3.9029278784469374,3.18892047721353,2.999999999999994,3
28.833333333333332,SCOUT,scout_d2cf4d0a,-5.339744181317975,-5.372208301397989,2.999999999999996,0
28.833333333333332,SCOUT,scout_5c3ff6f5,-3.6063322471524724,-2.7611586779752626,2.999999999999996,0
28.833333333333332,SCOUT,scout_20a72312,-1.3054134755971878,-2.8908596252863585,2.999999999999996,0
28.833333333333332,SCOUT,scout_5e98d295,1.378142123589834,-3.966658947681885,2.999999999999996,1
28.833333333333332,SCOUT,scout_c8e21d40,3.537834286323217,-2.6644301370840147,2.999999999999996,1
28.833333333333332,SCOUT,scout_283b8e5e,5.427129436978707,-2.164506871595001,2.999999999999996,1
28.833333333333332,SCOUT,scout_1bd12edb,-5.178073997265585,4.0759583138036,2.999999999999996,2
28.833333333333332,SCOUT,scout_bf5b3d15,-3.721695151722577,3.1040653184118936,2.999999999999996,2
28.833333333333332,SCOUT,scout_5adbfd88,-1.300697123311973,3.3390831685840143,2.999999999999996,2
28.833333333333332,SCOUT,scout_a3683d0e,1.3606808683391798,2.39315860367599,2.999999999999996,3
28.833333333333332,SCOUT,scout_2e5f69a0,3.538808926636844,5.020839262032524,2.999999999999996,3
28.833333333333332,SCOUT,scout_d6cec7ec,5.2309655434694395,3.377314864192803,2.999999999999996,3
28.833333333333332,WORKER,worker,-1.75,-3.75,2.0,0
28.833333333333332,WORKER,worker,-5.75,-3.7499999999999996,2.0,0
28.833333333333332,WORKER,worker,5.75,-3.75,2.0,1
28.833333333333332,WORKER,worker,1.75,-3.7499999999999996,2.0,1
28.833333333333332,WORKER,worker,-1.75,3.75,2.0,2
28.833333333333332,WORKER,worker,-5.75,3.7500000000000004,2.0,2
28.833333333333332,WORKER,worker,5.75,3.75,2.0,3
28.833333333333332,WORKER,worker,1.75,3.7500000000000004,2.0,3
29.0,GENERAL,general,0.0,0.0,4.0,-1
29.0,NODE,node_0,-3.2385777619967406,-3.468001659791342,2.999999999999994,0
29.0,NODE,node_1,3.5503422787073315,-3.0178287300669533,2.999999999999994,1
29.0,NODE,node_2,-4.282531634993424,3.545062422133751,2.999999999999994,2
29.0,NODE,node_3,3.934305412415764,3.2288775947546555,2.999999999999994,3
29.0,SCOUT,scout_d2cf4d0a,-5.3374773404632085,-5.368976334901331,2.999999999999996,0
29.0,SCOUT,scout_5c3ff6f5,-3.645186219625178,-2.3993527955928404,2.999999999999996,0
29.0,SCOUT,scout_20a72312,-1.3044115989083953,-2.5383390599438136,2.999999999999996,0
29.0,SCOUT,scout_5e98d295,1.383427204151305,-3.561560090897874,2.999999999999996,1
29.0,SCOUT,scout_c8e21d40,3.537474133438671,-3.037031081167296,2.999999999999996,1
29.0,SCOUT,scout_283b8e5e,5.331111611460534,-2.5101059606212983,2.999999999999996,1
29.0,SCOUT,scout_1bd12edb,-5.252851857620054,3.741787887900308,2.999999999999996,2
29.0,SCOUT,scout_bf5b3d15,-3.6678476471137063,3.44740443157112,2.999999999999996,2
29.0,SCOUT,scout_5adbfd88,-1.3068439172369735,3.736742284893419,2.999999999999996,2
29.0,SCOUT,scout_a3683d0e,1.36368497369927,2.722392174348829,2.999999999999996,3
29.0,SCOUT,scout_2e5f69a0,3.559523188148301,5.077667369994455,2.999999999999996,3
29.0,SCOUT,scout_d6cec7ec,5.1950326640899345,3.650826803132688,2.999999999999996,3
29.0,WORKER,worker,-1.75,-3.75,2.0,0
29.0,WORKER,worker,-5.75,-3.7499999999999996,2.0,0
29.0,WORKER,worker,5.75,-3.75,2.0,1
29.0,WORKER,worker,1.75,-3.7499999999999996,2.0,1
29.0,WORKER,worker,-1.75,3.75,2.0,2
29.0,WORKER,worker,-5.75,3.7500000000000004,2.0,2
29.0,WORKER,worker,5.75,3.75,2.0,3
29.0,WORKER,worker,1.75,3.7500000000000004,2.0,3
29.166666666666668,GENERAL,general,0.0,0.0,4.0,-1
29.166666666666668,NODE,node_0,-3.2134825207557443,-3.4289912781150114,2.999999999999994,0
29.166666666666668,NODE,node_1,3.507116346624378,-3.03322568511224,2.999999999999994,1
29.166666666666668,NODE,node_2,-4.3088485584748675,3.551527115067799,2.999999999999994,2
29.166666666666668,NODE,node_3,3.966993049234607,3.240935821896458,2.999999999999994,3
29.166666666666668,SCOUT,scout_d2cf4d0a,-5.337074410664958,-5.368562078204708,2.999999999999996,0
29.166666666666668,SCOUT,scout_5c3ff6f5,-3.668204561361442,-2.4877025465439515,2.999999999999996,0
29.166666666666668,SCOUT,scout_20a72312,-1.3045322865069129,-2.443936233262574,2.999999999999996,0
29.166666666666668,SCOUT,scout_5e98d295,1.3845831107117446,-3.156398877036956,2.999999999999996,1
29.166666666666668,SCOUT,scout_c8e21d40,3.4901140724886575,-3.4393513156111304,2.999999999999996,1
29.166666666666668,SCOUT,scout_283b8e5e,5.28380592996287,-2.9260946479552596,2.999999999999996,1
29.166666666666668,SCOUT,scout_1bd12edb,-5.318986962615624,3.3814333130910246,2.999999999999996,2
29.166666666666668,SCOUT,scout_bf5b3d15,-3.6006065635416262,3.8206544394706383,2.999999999999996,2
29.166666666666668,SCOUT,scout_5adbfd88,-1.310913672968498,4.135073340479758,2.999999999999996,2
29.166666666666668,SCOUT,scout_a3683d0e,1.3810520202691463,3.1609687044037758,2.999999999999996,3
29.166666666666668,SCOUT,scout_2e5f69a0,3.5248356238031944,4.783007060426995,2.999999999999996,3
29.166666666666668,SCOUT,scout_d6cec7ec,5.218012273416715,3.906235967706532,2.999999999999996,3
29.166666666666668,WORKER,worker,-1.75,-3.75,2.0,0
29.166666666666668,WORKER,worker,-5.75,-3.7499999999999996,2.0,0
29.166666666666668,WORKER,worker,5.75,-3.75,2.0,1
29.166666666666668,WORKER,worker,1.75,-3.7499999999999996,2.0,1
29.166666666666668,WORKER,worker,-1.75,3.75,2.0,2
29.166666666666668,WORKER,worker,-5.75,3.7500000000000004,2.0,2
29.166666666666668,WORKER,worker,5.75,3.75,2.0,3
29.166666666666668,WORKER,worker,1.75,3.7500000000000004,2.0,3
29.333333333333332,GENERAL,general,0.0,0.0,4.0,-1
29.333333333333332,NODE,node_0,-3.1884177765605455,-3.4540629702101704,2.999999999999994,0
29.333333333333332,NODE,node_1,3.4678792605080986,-3.0492858342288507,2.999999999999994,1
29.333333333333332,NODE,node_2,-4.3326456463437735,3.5577964706827983,2.999999999999994,2
29.333333333333332,NODE,node_3,3.99932443742383,3.2510134708895064,2.999999999999994,3
29.333333333333332,SCOUT,scout_d2cf4d0a,-5.3371748385107685,-5.368815646076688,2.999999999999996,0
29.333333333333332,SCOUT,scout_5c3ff6f5,-3.6829850834915017,-2.784106142313348,2.999999999999996,0
29.333333333333332,SCOUT,scout_20a72312,-1.309606462338398,-2.7625368520113405,2.999999999999996,0
29.333333333333332,SCOUT,scout_5e98d295,1.3805675918911886,-2.7515280841858716,2.999999999999996,1
29.333333333333332,SCOUT,scout_c8e21d40,3.4407918188389486,-3.8461765458980053,2.999999999999996,1
29.333333333333332,SCOUT,scout_283b8e5e,5.282078623418865,-3.3498878044761007,2.999999999999996,1
29.333333333333332,SCOUT,scout_1bd12edb,-5.347865065435217,2.98665894685947,2.999999999999996,2
29.333333333333332,SCOUT,scout_bf5b3d15,-3.5608914753702168,4.22873865174833,2.999999999999996,2
29.333333333333332,SCOUT,scout_5adbfd88,-1.2997016246318551,4.535224917875544,2.999999999999996,2
29.333333333333332,SCOUT,scout_a3683d0e,1.398356483960288,3.6171422067815455,2.999999999999996,3
29.333333333333332,SCOUT,scout_2e5f69a0,3.4714783912468308,4.453204482705637,2.999999999999996,3
29.333333333333332,SCOUT,scout_d6cec7ec,5.25897861739075,4.164879911142498,2.999999999999996,3
29.333333333333332,WORKER,worker,-1.75,-3.75,2.0,0
29.333333333333332,WORKER,worker,-5.75,-3.7499999999999996,2.0,0
29.333333333333332,WORKER,worker,5.75,-3.75,2.0,1
29.333333333333332,WORKER,worker,1.75,-3.7499999999999996,2.0,1
29.333333333333332,WORKER,worker,-1.75,3.75,2.0,2
29.333333333333332,WORKER,worker,-5.75,3.7500000000000004,2.0,2
29.333333333333332,WORKER,worker,5.75,3.75,2.0,3
29.333333333333332,WORKER,worker,1.75,3.7500000000000004,2.0,3
29.5,GENERAL,general,0.0,0.0,4.0,-1
29.5,NODE,node_0,-3.163745695752088,-3.4904155104610366,2.999999999999994,0
29.5,NODE,node_1,3.435875249754772,-3.0652754607960078,2.999999999999994,1
29.5,NODE,node_2,-4.354114500304541,3.5665267918566177,2.999999999999994,2
29.5,NODE,node_3,4.033554583291513,3.261043371178034,2.999999999999994,3
29.5,SCOUT,scout_d2cf4d0a,-5.3373197431009745,-5.3690336121948405,2.999999999999996,0
29.5,SCOUT,scout_5c3ff6f5,-3.695712696525762,-3.114126368989372,2.999999999999996,0
29.5,SCOUT,scout_20a72312,-1.3146889273576556,-3.1556794494356284,2.999999999999996,0
29.5,SCOUT,scout_5e98d295,1.3713240264583129,-2.385257152403835,2.999999999999996,1
29.5,SCOUT,scout_c8e21d40,3.4505296654873536,-4.238641664123097,2.999999999999996,1
29.5,SCOUT,scout_283b8e5e,5.30083022196256,-3.771749984262934,2.999999999999996,1
29.5,SCOUT,scout_1bd12edb,-5.318986089583739,2.61335301390112,2.999999999999996,2
29.5,SCOUT,scout_bf5b3d15,-3.573753877729797,4.640965958946628,2.999999999999996,2
29.5,SCOUT,scout_5adbfd88,-1.2804315650888132,4.9365652522450505,2.999999999999996,2
29.5,SCOUT,scout_a3683d0e,1.4061431819444459,4.075541268942595,2.999999999999996,3
29.5,SCOUT,scout_2e5f69a0,3.453683749895839,4.111253034602115,2.999999999999996,3
29.5,SCOUT,scout_d6cec7ec,5.296531128160837,4.440387847221063,2.999999999999996,3
29.5,WORKER,worker,-1.75,-3.75,2.0,0
29.5,WORKER,worker,-5.75,-3.7499999999999996,2.0,0
29.5,WORKER,worker,5.75,-3.75,2.0,1
29.5,WORKER,worker,1.75,-3.7499999999999996,2.0,1
29.5,WORKER,worker,-1.75,3.75,2.0,2
29.5,WORKER,worker,-5.75,3.7500000000000004,2.0,2
29.5,WORKER,worker,5.75,3.75,2.0,3
29.5,WORKER,worker,1.75,3.7500000000000004,2.0,3
29.666666666666668,GENERAL,general,0.0,0.0,4.0,-1
29.666666666666668,NODE,node_0,-3.139514489162612,-3.5281172805825625,2.999999999999994,0
29.666666666666668,NODE,node_1,3.408630220517087,-3.1291360270432365,2.999999999999994,1
29.666666666666668,NODE,node_2,-4.382545086728049,3.551857849786698,2.999999999999994,2
29.666666666666668,NODE,node_3,4.065892937229098,3.2693984378772236,2.999999999999994,3
29.666666666666668,SCOUT,scout_d2cf4d0a,-5.337405316298769,-5.369127812650219,2.999999999999996,0
29.666666666666668,SCOUT,scout_5c3ff6f5,-3.7074966121369957,-3.4495869102249213,2.999999999999996,0
29.666666666666668,SCOUT,scout_20a72312,-1.3185264193397854,-3.5608363981265345,2.999999999999996,0
29.666666666666668,SCOUT,scout_5e98d295,1.3758870424492038,-2.553015438728048,2.999999999999996,1
29.666666666666668,SCOUT,scout_c8e21d40,3.476693966360312,-4.627298792522874,2.999999999999996,1
29.666666666666668,SCOUT,scout_283b8e5e,5.328192717310214,-4.1885033547682395,2.999999999999996,1
29.666666666666668,SCOUT,scout_1bd12edb,-5.312268799525656,2.273731297914796,2.999999999999996,2
29.666666666666668,SCOUT,scout_bf5b3d15,-3.621884083175108,5.034411991336616,2.999999999999996,2
29.666666666666668,SCOUT,scout_5adbfd88,-1.2826341069514302,5.03352796561921,2.999999999999996,2
29.666666666666668,SCOUT,scout_a3683d0e,1.3813680115997569,4.534012149567498,2.999999999999996,3
29.666666666666668,SCOUT,scout_2e5f69a0,3.465701218300431,3.73455669745334,2.999999999999996,3
29.666666666666668,SCOUT,scout_d6cec7ec,5.320868096118603,4.734951427742196,2.999999999999996,3
29.666666666666668,WORKER,worker,-1.75,-3.75,2.0,0
29.666666666666668,WORKER,worker,-5.75,-3.7499999999999996,2.0,0
29.666666666666668,WORKER,worker,5.75,-3.75,2.0,1
29.666666666666668,WORKER,worker,1.75,-3.7499999999999996,2.0,1
29.666666666666668,WORKER,worker,-1.75,3.75,2.0,2
29.666666666666668,WORKER,worker,-5.75,3.7500000000000004,2.0,2
29.666666666666668,WORKER,worker,5.75,3.75,2.0,3
29.666666666666668,WORKER,worker,1.75,3.7500000000000004,2.0,3
29.833333333333332,GENERAL,general,0.0,0.0,4.0,-1
29.833333333333332,NODE,node_0,-3.115696575981632,-3.5655574909009546,2.999999999999994,0
29.833333333333332,NODE,node_1,3.3836276448258777,-3.2122550348573857,2.999999999999994,1
29.833333333333332,NODE,node_2,-4.415112436390238,3.4625441595389583,2.999999999999994,2
29.833333333333332,NODE,node_3,4.0984914649791255,3.2761190398336475,2.999999999999994,3
29.833333333333332,SCOUT,scout_d2cf4d0a,-5.338186919348341,-5.369899658365176,2.999999999999996,0
29.833333333333332,SCOUT,scout_5c3ff6f5,-3.7184799367900063,-3.7859363919386024,2.999999999999996,0
29.833333333333332,SCOUT,scout_20a72312,-1.3206643924706,-3.9678976993143555,2.999999999999996,0
29.833333333333332,SCOUT,scout_5e98d295,1.3852066717467828,-2.917707244298292,2.999999999999996,1
29.833333333333332,SCOUT,scout_c8e21d40,3.507808942381532,-5.015231298865599,2.999999999999996,1
29.833333333333332,SCOUT,scout_283b8e5e,5.361455076220654,-4.596855538999982,2.999999999999996,1
29.833333333333332,SCOUT,scout_1bd12edb,-5.340754231991509,1.9996809968892415,2.999999999999996,2
29.833333333333332,SCOUT,scout_bf5b3d15,-3.66221142131924,5.038205322234556,2.999999999999996,2
29.833333333333332,SCOUT,scout_5adbfd88,-1.291003788020683,4.678056765954016,2.999999999999996,2
29.833333333333332,SCOUT,scout_a3683d0e,1.3771318860819246,4.992571365336587,2.999999999999996,3
29.833333333333332,SCOUT,scout_2e5f69a0,3.4788502056980954,3.340736381508499,2.999999999999996,3
29.833333333333332,SCOUT,scout_d6cec7ec,5.329251970279495,5.033744737508168,2.999999999999996,3
29.833333333333332,WORKER,worker,-1.75,-3.75,2.0,0
29.833333333333332,WORKER,worker,-5.75,-3.7499999999999996,2.0,0
29.833333333333332,WORKER,worker,5.75,-3.75,2.0,1
29.833333333333332,WORKER,worker,1.75,-3.7499999999999996,2.0,1
29.833333333333332,WORKER,worker,-1.75,3.75,2.0,2
29.833333333333332,WORKER,worker,-5.75,3.7500000000000004,2.0,2
29.833333333333332,WORKER,worker,5.75,3.75,2.0,3
29.833333333333332,WORKER,worker,1.75,3.7500000000000004,2.0,3
